{"definedData":[],"dynamicDefinedData":[{"shadowObjectVar":"__object__4","dynamicDefinedProps":[{"propName":".verifycode","readShadows":[{"shadowVar":{"declaredName":"__object__4.verifycode","declaredLoc":{"line":7,"column":8},"file":"D:\\WORK\\2022\\论文相关\\benchmark\\miniapp\\998二手挖机圈\\_-1965603458_27\\pages\\phonenumber\\phonenumber.js"},"readAccess":[{"leftVar":[{"declaredName":"__object__3.data","declaredLoc":{"line":4,"column":4},"file":"D:\\WORK\\2022\\论文相关\\benchmark\\miniapp\\998二手挖机圈\\_-1965603458_27\\pages\\phonenumber\\phonenumber.js"}],"readFlow":[{"type":"assign to","from":{"name":"verifycode","loc":{"line":7,"column":8},"id":28026,"file":"D:\\WORK\\2022\\论文相关\\benchmark\\miniapp\\998二手挖机圈\\_-1965603458_27\\pages\\phonenumber\\phonenumber.js"},"to":{"name":"data","loc":{"line":4,"column":4},"id":28017,"file":"D:\\WORK\\2022\\论文相关\\benchmark\\miniapp\\998二手挖机圈\\_-1965603458_27\\pages\\phonenumber\\phonenumber.js"}},{"type":"to callee","from":{"name":"data","loc":{"line":4,"column":4},"id":28017,"file":"D:\\WORK\\2022\\论文相关\\benchmark\\miniapp\\998二手挖机圈\\_-1965603458_27\\pages\\phonenumber\\phonenumber.js"},"to":{"name":"Page","loc":{"line":3,"column":0},"id":28014,"file":"D:\\WORK\\2022\\论文相关\\benchmark\\miniapp\\998二手挖机圈\\_-1965603458_27\\pages\\phonenumber\\phonenumber.js"}},{"type":"read","from":{"name":"data","loc":{"line":4,"column":4},"id":28017,"file":"D:\\WORK\\2022\\论文相关\\benchmark\\miniapp\\998二手挖机圈\\_-1965603458_27\\pages\\phonenumber\\phonenumber.js"},"to":{"name":"this","loc":{"line":15,"column":16},"id":28051,"file":"D:\\WORK\\2022\\论文相关\\benchmark\\miniapp\\998二手挖机圈\\_-1965603458_27\\pages\\phonenumber\\phonenumber.js"}},{"type":"read","from":{"name":"data","loc":{"line":4,"column":4},"id":28017,"file":"D:\\WORK\\2022\\论文相关\\benchmark\\miniapp\\998二手挖机圈\\_-1965603458_27\\pages\\phonenumber\\phonenumber.js"},"to":{"name":"this","loc":{"line":42,"column":16},"id":28179,"file":"D:\\WORK\\2022\\论文相关\\benchmark\\miniapp\\998二手挖机圈\\_-1965603458_27\\pages\\phonenumber\\phonenumber.js"}},{"type":"read","from":{"name":"data","loc":{"line":4,"column":4},"id":28017,"file":"D:\\WORK\\2022\\论文相关\\benchmark\\miniapp\\998二手挖机圈\\_-1965603458_27\\pages\\phonenumber\\phonenumber.js"},"to":{"name":"this","loc":{"line":58,"column":16},"id":28262,"file":"D:\\WORK\\2022\\论文相关\\benchmark\\miniapp\\998二手挖机圈\\_-1965603458_27\\pages\\phonenumber\\phonenumber.js"}},{"type":"read","from":{"name":"data","loc":{"line":4,"column":4},"id":28017,"file":"D:\\WORK\\2022\\论文相关\\benchmark\\miniapp\\998二手挖机圈\\_-1965603458_27\\pages\\phonenumber\\phonenumber.js"},"to":{"name":"this","loc":{"line":92,"column":16},"id":28459,"file":"D:\\WORK\\2022\\论文相关\\benchmark\\miniapp\\998二手挖机圈\\_-1965603458_27\\pages\\phonenumber\\phonenumber.js"}},{"type":"read","from":{"name":"data","loc":{"line":4,"column":4},"id":28017,"file":"D:\\WORK\\2022\\论文相关\\benchmark\\miniapp\\998二手挖机圈\\_-1965603458_27\\pages\\phonenumber\\phonenumber.js"},"to":{"name":"this","loc":{"line":123,"column":16},"id":28675,"file":"D:\\WORK\\2022\\论文相关\\benchmark\\miniapp\\998二手挖机圈\\_-1965603458_27\\pages\\phonenumber\\phonenumber.js"}},{"type":"assign to","from":{"name":"this","loc":{"line":123,"column":16},"id":28675,"file":"D:\\WORK\\2022\\论文相关\\benchmark\\miniapp\\998二手挖机圈\\_-1965603458_27\\pages\\phonenumber\\phonenumber.js"},"to":{"name":"a","loc":{"line":123,"column":12},"id":28674,"file":"D:\\WORK\\2022\\论文相关\\benchmark\\miniapp\\998二手挖机圈\\_-1965603458_27\\pages\\phonenumber\\phonenumber.js"}},{"type":"assign to","from":{"name":"this","loc":{"line":92,"column":16},"id":28459,"file":"D:\\WORK\\2022\\论文相关\\benchmark\\miniapp\\998二手挖机圈\\_-1965603458_27\\pages\\phonenumber\\phonenumber.js"},"to":{"name":"a","loc":{"line":92,"column":12},"id":28458,"file":"D:\\WORK\\2022\\论文相关\\benchmark\\miniapp\\998二手挖机圈\\_-1965603458_27\\pages\\phonenumber\\phonenumber.js"}},{"type":"assign to","from":{"name":"this","loc":{"line":58,"column":16},"id":28262,"file":"D:\\WORK\\2022\\论文相关\\benchmark\\miniapp\\998二手挖机圈\\_-1965603458_27\\pages\\phonenumber\\phonenumber.js"},"to":{"name":"a","loc":{"line":58,"column":12},"id":28261,"file":"D:\\WORK\\2022\\论文相关\\benchmark\\miniapp\\998二手挖机圈\\_-1965603458_27\\pages\\phonenumber\\phonenumber.js"}},{"type":"assign to","from":{"name":"this","loc":{"line":42,"column":16},"id":28179,"file":"D:\\WORK\\2022\\论文相关\\benchmark\\miniapp\\998二手挖机圈\\_-1965603458_27\\pages\\phonenumber\\phonenumber.js"},"to":{"name":"a","loc":{"line":42,"column":12},"id":28178,"file":"D:\\WORK\\2022\\论文相关\\benchmark\\miniapp\\998二手挖机圈\\_-1965603458_27\\pages\\phonenumber\\phonenumber.js"}},{"type":"assign to","from":{"name":"this","loc":{"line":15,"column":16},"id":28051,"file":"D:\\WORK\\2022\\论文相关\\benchmark\\miniapp\\998二手挖机圈\\_-1965603458_27\\pages\\phonenumber\\phonenumber.js"},"to":{"name":"a","loc":{"line":15,"column":12},"id":28050,"file":"D:\\WORK\\2022\\论文相关\\benchmark\\miniapp\\998二手挖机圈\\_-1965603458_27\\pages\\phonenumber\\phonenumber.js"}}]}]}],"writeShadows":[{"shadowVar":{"declaredName":"__object__4.verifycode","declaredLoc":{"line":7,"column":8},"file":"D:\\WORK\\2022\\论文相关\\benchmark\\miniapp\\998二手挖机圈\\_-1965603458_27\\pages\\phonenumber\\phonenumber.js"},"writeAccess":[{"rightVar":[{"declaredName":"t.data.code","file":"D:\\WORK\\2022\\论文相关\\benchmark\\miniapp\\998二手挖机圈\\_-1965603458_27\\pages\\phonenumber\\phonenumber.js"}],"writeFlow":[{"type":"assign to","from":{"name":"t.data.code","loc":{"line":73,"column":54},"id":28374,"file":"D:\\WORK\\2022\\论文相关\\benchmark\\miniapp\\998二手挖机圈\\_-1965603458_27\\pages\\phonenumber\\phonenumber.js"},"to":{"name":"a.data.verifycode","loc":{"line":73,"column":34},"id":28369,"file":"D:\\WORK\\2022\\论文相关\\benchmark\\miniapp\\998二手挖机圈\\_-1965603458_27\\pages\\phonenumber\\phonenumber.js"}},{"type":"read","from":{"name":"t.data.ret","loc":{"line":73,"column":20},"id":28362,"file":"D:\\WORK\\2022\\论文相关\\benchmark\\miniapp\\998二手挖机圈\\_-1965603458_27\\pages\\phonenumber\\phonenumber.js"},"to":{"name":"t.data.code","loc":{"line":73,"column":54},"id":28374,"file":"D:\\WORK\\2022\\论文相关\\benchmark\\miniapp\\998二手挖机圈\\_-1965603458_27\\pages\\phonenumber\\phonenumber.js"}},{"type":"read","from":{"name":"t","loc":{"line":72,"column":34},"id":28358,"file":"D:\\WORK\\2022\\论文相关\\benchmark\\miniapp\\998二手挖机圈\\_-1965603458_27\\pages\\phonenumber\\phonenumber.js","fromSource":{"api":"wx.request","loc":{"line":62,"column":12},"type":"API:callback","file":"D:\\WORK\\2022\\论文相关\\benchmark\\miniapp\\998二手挖机圈\\_-1965603458_27\\pages\\phonenumber\\phonenumber.js"}},"to":{"name":"t.data.ret","loc":{"line":73,"column":20},"id":28362,"file":"D:\\WORK\\2022\\论文相关\\benchmark\\miniapp\\998二手挖机圈\\_-1965603458_27\\pages\\phonenumber\\phonenumber.js"}}]}]}]},{"propName":".contact_name","readShadows":[{"shadowVar":{"declaredName":"__object__4.contact_name","declaredLoc":{"line":5,"column":8},"file":"D:\\WORK\\2022\\论文相关\\benchmark\\miniapp\\998二手挖机圈\\_-1965603458_27\\pages\\phonenumber\\phonenumber.js"},"readAccess":[{"leftVar":[{"declaredName":"__object__3.data","declaredLoc":{"line":4,"column":4},"file":"D:\\WORK\\2022\\论文相关\\benchmark\\miniapp\\998二手挖机圈\\_-1965603458_27\\pages\\phonenumber\\phonenumber.js"}],"readFlow":[{"type":"assign to","from":{"name":"contact_name","loc":{"line":5,"column":8},"id":28020,"file":"D:\\WORK\\2022\\论文相关\\benchmark\\miniapp\\998二手挖机圈\\_-1965603458_27\\pages\\phonenumber\\phonenumber.js"},"to":{"name":"data","loc":{"line":4,"column":4},"id":28017,"file":"D:\\WORK\\2022\\论文相关\\benchmark\\miniapp\\998二手挖机圈\\_-1965603458_27\\pages\\phonenumber\\phonenumber.js"}},{"type":"to callee","from":{"name":"data","loc":{"line":4,"column":4},"id":28017,"file":"D:\\WORK\\2022\\论文相关\\benchmark\\miniapp\\998二手挖机圈\\_-1965603458_27\\pages\\phonenumber\\phonenumber.js"},"to":{"name":"Page","loc":{"line":3,"column":0},"id":28014,"file":"D:\\WORK\\2022\\论文相关\\benchmark\\miniapp\\998二手挖机圈\\_-1965603458_27\\pages\\phonenumber\\phonenumber.js"}},{"type":"read","from":{"name":"data","loc":{"line":4,"column":4},"id":28017,"file":"D:\\WORK\\2022\\论文相关\\benchmark\\miniapp\\998二手挖机圈\\_-1965603458_27\\pages\\phonenumber\\phonenumber.js"},"to":{"name":"this","loc":{"line":15,"column":16},"id":28051,"file":"D:\\WORK\\2022\\论文相关\\benchmark\\miniapp\\998二手挖机圈\\_-1965603458_27\\pages\\phonenumber\\phonenumber.js"}},{"type":"read","from":{"name":"data","loc":{"line":4,"column":4},"id":28017,"file":"D:\\WORK\\2022\\论文相关\\benchmark\\miniapp\\998二手挖机圈\\_-1965603458_27\\pages\\phonenumber\\phonenumber.js"},"to":{"name":"this","loc":{"line":42,"column":16},"id":28179,"file":"D:\\WORK\\2022\\论文相关\\benchmark\\miniapp\\998二手挖机圈\\_-1965603458_27\\pages\\phonenumber\\phonenumber.js"}},{"type":"read","from":{"name":"data","loc":{"line":4,"column":4},"id":28017,"file":"D:\\WORK\\2022\\论文相关\\benchmark\\miniapp\\998二手挖机圈\\_-1965603458_27\\pages\\phonenumber\\phonenumber.js"},"to":{"name":"this","loc":{"line":58,"column":16},"id":28262,"file":"D:\\WORK\\2022\\论文相关\\benchmark\\miniapp\\998二手挖机圈\\_-1965603458_27\\pages\\phonenumber\\phonenumber.js"}},{"type":"read","from":{"name":"data","loc":{"line":4,"column":4},"id":28017,"file":"D:\\WORK\\2022\\论文相关\\benchmark\\miniapp\\998二手挖机圈\\_-1965603458_27\\pages\\phonenumber\\phonenumber.js"},"to":{"name":"this","loc":{"line":92,"column":16},"id":28459,"file":"D:\\WORK\\2022\\论文相关\\benchmark\\miniapp\\998二手挖机圈\\_-1965603458_27\\pages\\phonenumber\\phonenumber.js"}},{"type":"read","from":{"name":"data","loc":{"line":4,"column":4},"id":28017,"file":"D:\\WORK\\2022\\论文相关\\benchmark\\miniapp\\998二手挖机圈\\_-1965603458_27\\pages\\phonenumber\\phonenumber.js"},"to":{"name":"this","loc":{"line":123,"column":16},"id":28675,"file":"D:\\WORK\\2022\\论文相关\\benchmark\\miniapp\\998二手挖机圈\\_-1965603458_27\\pages\\phonenumber\\phonenumber.js"}},{"type":"assign to","from":{"name":"this","loc":{"line":123,"column":16},"id":28675,"file":"D:\\WORK\\2022\\论文相关\\benchmark\\miniapp\\998二手挖机圈\\_-1965603458_27\\pages\\phonenumber\\phonenumber.js"},"to":{"name":"a","loc":{"line":123,"column":12},"id":28674,"file":"D:\\WORK\\2022\\论文相关\\benchmark\\miniapp\\998二手挖机圈\\_-1965603458_27\\pages\\phonenumber\\phonenumber.js"}},{"type":"assign to","from":{"name":"this","loc":{"line":92,"column":16},"id":28459,"file":"D:\\WORK\\2022\\论文相关\\benchmark\\miniapp\\998二手挖机圈\\_-1965603458_27\\pages\\phonenumber\\phonenumber.js"},"to":{"name":"a","loc":{"line":92,"column":12},"id":28458,"file":"D:\\WORK\\2022\\论文相关\\benchmark\\miniapp\\998二手挖机圈\\_-1965603458_27\\pages\\phonenumber\\phonenumber.js"}},{"type":"assign to","from":{"name":"this","loc":{"line":58,"column":16},"id":28262,"file":"D:\\WORK\\2022\\论文相关\\benchmark\\miniapp\\998二手挖机圈\\_-1965603458_27\\pages\\phonenumber\\phonenumber.js"},"to":{"name":"a","loc":{"line":58,"column":12},"id":28261,"file":"D:\\WORK\\2022\\论文相关\\benchmark\\miniapp\\998二手挖机圈\\_-1965603458_27\\pages\\phonenumber\\phonenumber.js"}},{"type":"assign to","from":{"name":"this","loc":{"line":42,"column":16},"id":28179,"file":"D:\\WORK\\2022\\论文相关\\benchmark\\miniapp\\998二手挖机圈\\_-1965603458_27\\pages\\phonenumber\\phonenumber.js"},"to":{"name":"a","loc":{"line":42,"column":12},"id":28178,"file":"D:\\WORK\\2022\\论文相关\\benchmark\\miniapp\\998二手挖机圈\\_-1965603458_27\\pages\\phonenumber\\phonenumber.js"}},{"type":"assign to","from":{"name":"this","loc":{"line":15,"column":16},"id":28051,"file":"D:\\WORK\\2022\\论文相关\\benchmark\\miniapp\\998二手挖机圈\\_-1965603458_27\\pages\\phonenumber\\phonenumber.js"},"to":{"name":"a","loc":{"line":15,"column":12},"id":28050,"file":"D:\\WORK\\2022\\论文相关\\benchmark\\miniapp\\998二手挖机圈\\_-1965603458_27\\pages\\phonenumber\\phonenumber.js"}}]}]}],"writeShadows":[{"shadowVar":{"declaredName":"__object__4.contact_name","declaredLoc":{"line":5,"column":8},"file":"D:\\WORK\\2022\\论文相关\\benchmark\\miniapp\\998二手挖机圈\\_-1965603458_27\\pages\\phonenumber\\phonenumber.js"},"writeAccess":[]}]},{"propName":".mobile","readShadows":[{"shadowVar":{"declaredName":"__object__4.mobile","declaredLoc":{"line":6,"column":8},"file":"D:\\WORK\\2022\\论文相关\\benchmark\\miniapp\\998二手挖机圈\\_-1965603458_27\\pages\\phonenumber\\phonenumber.js"},"readAccess":[{"leftVar":[{"declaredName":"__object__3.data","declaredLoc":{"line":4,"column":4},"file":"D:\\WORK\\2022\\论文相关\\benchmark\\miniapp\\998二手挖机圈\\_-1965603458_27\\pages\\phonenumber\\phonenumber.js"}],"readFlow":[{"type":"assign to","from":{"name":"mobile","loc":{"line":6,"column":8},"id":28023,"file":"D:\\WORK\\2022\\论文相关\\benchmark\\miniapp\\998二手挖机圈\\_-1965603458_27\\pages\\phonenumber\\phonenumber.js"},"to":{"name":"data","loc":{"line":4,"column":4},"id":28017,"file":"D:\\WORK\\2022\\论文相关\\benchmark\\miniapp\\998二手挖机圈\\_-1965603458_27\\pages\\phonenumber\\phonenumber.js"}},{"type":"to callee","from":{"name":"data","loc":{"line":4,"column":4},"id":28017,"file":"D:\\WORK\\2022\\论文相关\\benchmark\\miniapp\\998二手挖机圈\\_-1965603458_27\\pages\\phonenumber\\phonenumber.js"},"to":{"name":"Page","loc":{"line":3,"column":0},"id":28014,"file":"D:\\WORK\\2022\\论文相关\\benchmark\\miniapp\\998二手挖机圈\\_-1965603458_27\\pages\\phonenumber\\phonenumber.js"}},{"type":"read","from":{"name":"data","loc":{"line":4,"column":4},"id":28017,"file":"D:\\WORK\\2022\\论文相关\\benchmark\\miniapp\\998二手挖机圈\\_-1965603458_27\\pages\\phonenumber\\phonenumber.js"},"to":{"name":"this","loc":{"line":15,"column":16},"id":28051,"file":"D:\\WORK\\2022\\论文相关\\benchmark\\miniapp\\998二手挖机圈\\_-1965603458_27\\pages\\phonenumber\\phonenumber.js"}},{"type":"read","from":{"name":"data","loc":{"line":4,"column":4},"id":28017,"file":"D:\\WORK\\2022\\论文相关\\benchmark\\miniapp\\998二手挖机圈\\_-1965603458_27\\pages\\phonenumber\\phonenumber.js"},"to":{"name":"this","loc":{"line":42,"column":16},"id":28179,"file":"D:\\WORK\\2022\\论文相关\\benchmark\\miniapp\\998二手挖机圈\\_-1965603458_27\\pages\\phonenumber\\phonenumber.js"}},{"type":"read","from":{"name":"data","loc":{"line":4,"column":4},"id":28017,"file":"D:\\WORK\\2022\\论文相关\\benchmark\\miniapp\\998二手挖机圈\\_-1965603458_27\\pages\\phonenumber\\phonenumber.js"},"to":{"name":"this","loc":{"line":58,"column":16},"id":28262,"file":"D:\\WORK\\2022\\论文相关\\benchmark\\miniapp\\998二手挖机圈\\_-1965603458_27\\pages\\phonenumber\\phonenumber.js"}},{"type":"read","from":{"name":"data","loc":{"line":4,"column":4},"id":28017,"file":"D:\\WORK\\2022\\论文相关\\benchmark\\miniapp\\998二手挖机圈\\_-1965603458_27\\pages\\phonenumber\\phonenumber.js"},"to":{"name":"this","loc":{"line":92,"column":16},"id":28459,"file":"D:\\WORK\\2022\\论文相关\\benchmark\\miniapp\\998二手挖机圈\\_-1965603458_27\\pages\\phonenumber\\phonenumber.js"}},{"type":"read","from":{"name":"data","loc":{"line":4,"column":4},"id":28017,"file":"D:\\WORK\\2022\\论文相关\\benchmark\\miniapp\\998二手挖机圈\\_-1965603458_27\\pages\\phonenumber\\phonenumber.js"},"to":{"name":"this","loc":{"line":123,"column":16},"id":28675,"file":"D:\\WORK\\2022\\论文相关\\benchmark\\miniapp\\998二手挖机圈\\_-1965603458_27\\pages\\phonenumber\\phonenumber.js"}},{"type":"assign to","from":{"name":"this","loc":{"line":123,"column":16},"id":28675,"file":"D:\\WORK\\2022\\论文相关\\benchmark\\miniapp\\998二手挖机圈\\_-1965603458_27\\pages\\phonenumber\\phonenumber.js"},"to":{"name":"a","loc":{"line":123,"column":12},"id":28674,"file":"D:\\WORK\\2022\\论文相关\\benchmark\\miniapp\\998二手挖机圈\\_-1965603458_27\\pages\\phonenumber\\phonenumber.js"}},{"type":"assign to","from":{"name":"this","loc":{"line":92,"column":16},"id":28459,"file":"D:\\WORK\\2022\\论文相关\\benchmark\\miniapp\\998二手挖机圈\\_-1965603458_27\\pages\\phonenumber\\phonenumber.js"},"to":{"name":"a","loc":{"line":92,"column":12},"id":28458,"file":"D:\\WORK\\2022\\论文相关\\benchmark\\miniapp\\998二手挖机圈\\_-1965603458_27\\pages\\phonenumber\\phonenumber.js"}},{"type":"assign to","from":{"name":"this","loc":{"line":58,"column":16},"id":28262,"file":"D:\\WORK\\2022\\论文相关\\benchmark\\miniapp\\998二手挖机圈\\_-1965603458_27\\pages\\phonenumber\\phonenumber.js"},"to":{"name":"a","loc":{"line":58,"column":12},"id":28261,"file":"D:\\WORK\\2022\\论文相关\\benchmark\\miniapp\\998二手挖机圈\\_-1965603458_27\\pages\\phonenumber\\phonenumber.js"}},{"type":"assign to","from":{"name":"this","loc":{"line":42,"column":16},"id":28179,"file":"D:\\WORK\\2022\\论文相关\\benchmark\\miniapp\\998二手挖机圈\\_-1965603458_27\\pages\\phonenumber\\phonenumber.js"},"to":{"name":"a","loc":{"line":42,"column":12},"id":28178,"file":"D:\\WORK\\2022\\论文相关\\benchmark\\miniapp\\998二手挖机圈\\_-1965603458_27\\pages\\phonenumber\\phonenumber.js"}},{"type":"assign to","from":{"name":"this","loc":{"line":15,"column":16},"id":28051,"file":"D:\\WORK\\2022\\论文相关\\benchmark\\miniapp\\998二手挖机圈\\_-1965603458_27\\pages\\phonenumber\\phonenumber.js"},"to":{"name":"a","loc":{"line":15,"column":12},"id":28050,"file":"D:\\WORK\\2022\\论文相关\\benchmark\\miniapp\\998二手挖机圈\\_-1965603458_27\\pages\\phonenumber\\phonenumber.js"}}]},{"leftVar":[{"declaredName":"__object__68.mobile","declaredLoc":{"line":70,"column":20},"file":"D:\\WORK\\2022\\论文相关\\benchmark\\miniapp\\998二手挖机圈\\_-1965603458_27\\pages\\phonenumber\\phonenumber.js"}],"readFlow":[{"type":"assign to","from":{"name":"a.data.mobile","loc":{"line":70,"column":28},"id":28350,"file":"D:\\WORK\\2022\\论文相关\\benchmark\\miniapp\\998二手挖机圈\\_-1965603458_27\\pages\\phonenumber\\phonenumber.js"},"to":{"name":"mobile","loc":{"line":70,"column":20},"id":28349,"file":"D:\\WORK\\2022\\论文相关\\benchmark\\miniapp\\998二手挖机圈\\_-1965603458_27\\pages\\phonenumber\\phonenumber.js"}},{"type":"assign to","from":{"name":"mobile","loc":{"line":70,"column":20},"id":28349,"file":"D:\\WORK\\2022\\论文相关\\benchmark\\miniapp\\998二手挖机圈\\_-1965603458_27\\pages\\phonenumber\\phonenumber.js"},"to":{"name":"data","loc":{"line":68,"column":16},"id":28337,"file":"D:\\WORK\\2022\\论文相关\\benchmark\\miniapp\\998二手挖机圈\\_-1965603458_27\\pages\\phonenumber\\phonenumber.js"}},{"type":"to callee","from":{"name":"mobile","loc":{"line":70,"column":20},"id":28349,"file":"D:\\WORK\\2022\\论文相关\\benchmark\\miniapp\\998二手挖机圈\\_-1965603458_27\\pages\\phonenumber\\phonenumber.js"},"to":{"name":"wx.request","loc":{"line":62,"column":12},"id":28320,"file":"D:\\WORK\\2022\\论文相关\\benchmark\\miniapp\\998二手挖机圈\\_-1965603458_27\\pages\\phonenumber\\phonenumber.js","sink":true}},{"type":"to callee","from":{"name":"data","loc":{"line":68,"column":16},"id":28337,"file":"D:\\WORK\\2022\\论文相关\\benchmark\\miniapp\\998二手挖机圈\\_-1965603458_27\\pages\\phonenumber\\phonenumber.js"},"to":{"name":"wx.request","loc":{"line":62,"column":12},"id":28320,"file":"D:\\WORK\\2022\\论文相关\\benchmark\\miniapp\\998二手挖机圈\\_-1965603458_27\\pages\\phonenumber\\phonenumber.js","sink":true}}]}]}],"writeShadows":[{"shadowVar":{"declaredName":"__object__4.mobile","declaredLoc":{"line":6,"column":8},"file":"D:\\WORK\\2022\\论文相关\\benchmark\\miniapp\\998二手挖机圈\\_-1965603458_27\\pages\\phonenumber\\phonenumber.js"},"writeAccess":[]}]},{"propName":".from_url","readShadows":[{"shadowVar":{"declaredName":"__object__4.from_url","declaredLoc":{"line":8,"column":8},"file":"D:\\WORK\\2022\\论文相关\\benchmark\\miniapp\\998二手挖机圈\\_-1965603458_27\\pages\\phonenumber\\phonenumber.js"},"readAccess":[{"leftVar":[{"declaredName":"__object__3.data","declaredLoc":{"line":4,"column":4},"file":"D:\\WORK\\2022\\论文相关\\benchmark\\miniapp\\998二手挖机圈\\_-1965603458_27\\pages\\phonenumber\\phonenumber.js"}],"readFlow":[{"type":"assign to","from":{"name":"from_url","loc":{"line":8,"column":8},"id":28029,"file":"D:\\WORK\\2022\\论文相关\\benchmark\\miniapp\\998二手挖机圈\\_-1965603458_27\\pages\\phonenumber\\phonenumber.js"},"to":{"name":"data","loc":{"line":4,"column":4},"id":28017,"file":"D:\\WORK\\2022\\论文相关\\benchmark\\miniapp\\998二手挖机圈\\_-1965603458_27\\pages\\phonenumber\\phonenumber.js"}},{"type":"to callee","from":{"name":"data","loc":{"line":4,"column":4},"id":28017,"file":"D:\\WORK\\2022\\论文相关\\benchmark\\miniapp\\998二手挖机圈\\_-1965603458_27\\pages\\phonenumber\\phonenumber.js"},"to":{"name":"Page","loc":{"line":3,"column":0},"id":28014,"file":"D:\\WORK\\2022\\论文相关\\benchmark\\miniapp\\998二手挖机圈\\_-1965603458_27\\pages\\phonenumber\\phonenumber.js"}},{"type":"read","from":{"name":"data","loc":{"line":4,"column":4},"id":28017,"file":"D:\\WORK\\2022\\论文相关\\benchmark\\miniapp\\998二手挖机圈\\_-1965603458_27\\pages\\phonenumber\\phonenumber.js"},"to":{"name":"this","loc":{"line":15,"column":16},"id":28051,"file":"D:\\WORK\\2022\\论文相关\\benchmark\\miniapp\\998二手挖机圈\\_-1965603458_27\\pages\\phonenumber\\phonenumber.js"}},{"type":"read","from":{"name":"data","loc":{"line":4,"column":4},"id":28017,"file":"D:\\WORK\\2022\\论文相关\\benchmark\\miniapp\\998二手挖机圈\\_-1965603458_27\\pages\\phonenumber\\phonenumber.js"},"to":{"name":"this","loc":{"line":42,"column":16},"id":28179,"file":"D:\\WORK\\2022\\论文相关\\benchmark\\miniapp\\998二手挖机圈\\_-1965603458_27\\pages\\phonenumber\\phonenumber.js"}},{"type":"read","from":{"name":"data","loc":{"line":4,"column":4},"id":28017,"file":"D:\\WORK\\2022\\论文相关\\benchmark\\miniapp\\998二手挖机圈\\_-1965603458_27\\pages\\phonenumber\\phonenumber.js"},"to":{"name":"this","loc":{"line":58,"column":16},"id":28262,"file":"D:\\WORK\\2022\\论文相关\\benchmark\\miniapp\\998二手挖机圈\\_-1965603458_27\\pages\\phonenumber\\phonenumber.js"}},{"type":"read","from":{"name":"data","loc":{"line":4,"column":4},"id":28017,"file":"D:\\WORK\\2022\\论文相关\\benchmark\\miniapp\\998二手挖机圈\\_-1965603458_27\\pages\\phonenumber\\phonenumber.js"},"to":{"name":"this","loc":{"line":92,"column":16},"id":28459,"file":"D:\\WORK\\2022\\论文相关\\benchmark\\miniapp\\998二手挖机圈\\_-1965603458_27\\pages\\phonenumber\\phonenumber.js"}},{"type":"read","from":{"name":"data","loc":{"line":4,"column":4},"id":28017,"file":"D:\\WORK\\2022\\论文相关\\benchmark\\miniapp\\998二手挖机圈\\_-1965603458_27\\pages\\phonenumber\\phonenumber.js"},"to":{"name":"this","loc":{"line":123,"column":16},"id":28675,"file":"D:\\WORK\\2022\\论文相关\\benchmark\\miniapp\\998二手挖机圈\\_-1965603458_27\\pages\\phonenumber\\phonenumber.js"}},{"type":"assign to","from":{"name":"this","loc":{"line":123,"column":16},"id":28675,"file":"D:\\WORK\\2022\\论文相关\\benchmark\\miniapp\\998二手挖机圈\\_-1965603458_27\\pages\\phonenumber\\phonenumber.js"},"to":{"name":"a","loc":{"line":123,"column":12},"id":28674,"file":"D:\\WORK\\2022\\论文相关\\benchmark\\miniapp\\998二手挖机圈\\_-1965603458_27\\pages\\phonenumber\\phonenumber.js"}},{"type":"assign to","from":{"name":"this","loc":{"line":92,"column":16},"id":28459,"file":"D:\\WORK\\2022\\论文相关\\benchmark\\miniapp\\998二手挖机圈\\_-1965603458_27\\pages\\phonenumber\\phonenumber.js"},"to":{"name":"a","loc":{"line":92,"column":12},"id":28458,"file":"D:\\WORK\\2022\\论文相关\\benchmark\\miniapp\\998二手挖机圈\\_-1965603458_27\\pages\\phonenumber\\phonenumber.js"}},{"type":"assign to","from":{"name":"this","loc":{"line":58,"column":16},"id":28262,"file":"D:\\WORK\\2022\\论文相关\\benchmark\\miniapp\\998二手挖机圈\\_-1965603458_27\\pages\\phonenumber\\phonenumber.js"},"to":{"name":"a","loc":{"line":58,"column":12},"id":28261,"file":"D:\\WORK\\2022\\论文相关\\benchmark\\miniapp\\998二手挖机圈\\_-1965603458_27\\pages\\phonenumber\\phonenumber.js"}},{"type":"assign to","from":{"name":"this","loc":{"line":42,"column":16},"id":28179,"file":"D:\\WORK\\2022\\论文相关\\benchmark\\miniapp\\998二手挖机圈\\_-1965603458_27\\pages\\phonenumber\\phonenumber.js"},"to":{"name":"a","loc":{"line":42,"column":12},"id":28178,"file":"D:\\WORK\\2022\\论文相关\\benchmark\\miniapp\\998二手挖机圈\\_-1965603458_27\\pages\\phonenumber\\phonenumber.js"}},{"type":"assign to","from":{"name":"this","loc":{"line":15,"column":16},"id":28051,"file":"D:\\WORK\\2022\\论文相关\\benchmark\\miniapp\\998二手挖机圈\\_-1965603458_27\\pages\\phonenumber\\phonenumber.js"},"to":{"name":"a","loc":{"line":15,"column":12},"id":28050,"file":"D:\\WORK\\2022\\论文相关\\benchmark\\miniapp\\998二手挖机圈\\_-1965603458_27\\pages\\phonenumber\\phonenumber.js"}}]}]}],"writeShadows":[{"shadowVar":{"declaredName":"__object__4.from_url","declaredLoc":{"line":8,"column":8},"file":"D:\\WORK\\2022\\论文相关\\benchmark\\miniapp\\998二手挖机圈\\_-1965603458_27\\pages\\phonenumber\\phonenumber.js"},"writeAccess":[]}]},{"propName":".getcodetxt","readShadows":[{"shadowVar":{"declaredName":"__object__4.getcodetxt","declaredLoc":{"line":9,"column":8},"file":"D:\\WORK\\2022\\论文相关\\benchmark\\miniapp\\998二手挖机圈\\_-1965603458_27\\pages\\phonenumber\\phonenumber.js"},"readAccess":[{"leftVar":[{"declaredName":"__object__3.data","declaredLoc":{"line":4,"column":4},"file":"D:\\WORK\\2022\\论文相关\\benchmark\\miniapp\\998二手挖机圈\\_-1965603458_27\\pages\\phonenumber\\phonenumber.js"}],"readFlow":[{"type":"assign to","from":{"name":"getcodetxt","loc":{"line":9,"column":8},"id":28032,"file":"D:\\WORK\\2022\\论文相关\\benchmark\\miniapp\\998二手挖机圈\\_-1965603458_27\\pages\\phonenumber\\phonenumber.js"},"to":{"name":"data","loc":{"line":4,"column":4},"id":28017,"file":"D:\\WORK\\2022\\论文相关\\benchmark\\miniapp\\998二手挖机圈\\_-1965603458_27\\pages\\phonenumber\\phonenumber.js"}},{"type":"to callee","from":{"name":"data","loc":{"line":4,"column":4},"id":28017,"file":"D:\\WORK\\2022\\论文相关\\benchmark\\miniapp\\998二手挖机圈\\_-1965603458_27\\pages\\phonenumber\\phonenumber.js"},"to":{"name":"Page","loc":{"line":3,"column":0},"id":28014,"file":"D:\\WORK\\2022\\论文相关\\benchmark\\miniapp\\998二手挖机圈\\_-1965603458_27\\pages\\phonenumber\\phonenumber.js"}},{"type":"read","from":{"name":"data","loc":{"line":4,"column":4},"id":28017,"file":"D:\\WORK\\2022\\论文相关\\benchmark\\miniapp\\998二手挖机圈\\_-1965603458_27\\pages\\phonenumber\\phonenumber.js"},"to":{"name":"this","loc":{"line":15,"column":16},"id":28051,"file":"D:\\WORK\\2022\\论文相关\\benchmark\\miniapp\\998二手挖机圈\\_-1965603458_27\\pages\\phonenumber\\phonenumber.js"}},{"type":"read","from":{"name":"data","loc":{"line":4,"column":4},"id":28017,"file":"D:\\WORK\\2022\\论文相关\\benchmark\\miniapp\\998二手挖机圈\\_-1965603458_27\\pages\\phonenumber\\phonenumber.js"},"to":{"name":"this","loc":{"line":42,"column":16},"id":28179,"file":"D:\\WORK\\2022\\论文相关\\benchmark\\miniapp\\998二手挖机圈\\_-1965603458_27\\pages\\phonenumber\\phonenumber.js"}},{"type":"read","from":{"name":"data","loc":{"line":4,"column":4},"id":28017,"file":"D:\\WORK\\2022\\论文相关\\benchmark\\miniapp\\998二手挖机圈\\_-1965603458_27\\pages\\phonenumber\\phonenumber.js"},"to":{"name":"this","loc":{"line":58,"column":16},"id":28262,"file":"D:\\WORK\\2022\\论文相关\\benchmark\\miniapp\\998二手挖机圈\\_-1965603458_27\\pages\\phonenumber\\phonenumber.js"}},{"type":"read","from":{"name":"data","loc":{"line":4,"column":4},"id":28017,"file":"D:\\WORK\\2022\\论文相关\\benchmark\\miniapp\\998二手挖机圈\\_-1965603458_27\\pages\\phonenumber\\phonenumber.js"},"to":{"name":"this","loc":{"line":92,"column":16},"id":28459,"file":"D:\\WORK\\2022\\论文相关\\benchmark\\miniapp\\998二手挖机圈\\_-1965603458_27\\pages\\phonenumber\\phonenumber.js"}},{"type":"read","from":{"name":"data","loc":{"line":4,"column":4},"id":28017,"file":"D:\\WORK\\2022\\论文相关\\benchmark\\miniapp\\998二手挖机圈\\_-1965603458_27\\pages\\phonenumber\\phonenumber.js"},"to":{"name":"this","loc":{"line":123,"column":16},"id":28675,"file":"D:\\WORK\\2022\\论文相关\\benchmark\\miniapp\\998二手挖机圈\\_-1965603458_27\\pages\\phonenumber\\phonenumber.js"}},{"type":"assign to","from":{"name":"this","loc":{"line":123,"column":16},"id":28675,"file":"D:\\WORK\\2022\\论文相关\\benchmark\\miniapp\\998二手挖机圈\\_-1965603458_27\\pages\\phonenumber\\phonenumber.js"},"to":{"name":"a","loc":{"line":123,"column":12},"id":28674,"file":"D:\\WORK\\2022\\论文相关\\benchmark\\miniapp\\998二手挖机圈\\_-1965603458_27\\pages\\phonenumber\\phonenumber.js"}},{"type":"assign to","from":{"name":"this","loc":{"line":92,"column":16},"id":28459,"file":"D:\\WORK\\2022\\论文相关\\benchmark\\miniapp\\998二手挖机圈\\_-1965603458_27\\pages\\phonenumber\\phonenumber.js"},"to":{"name":"a","loc":{"line":92,"column":12},"id":28458,"file":"D:\\WORK\\2022\\论文相关\\benchmark\\miniapp\\998二手挖机圈\\_-1965603458_27\\pages\\phonenumber\\phonenumber.js"}},{"type":"assign to","from":{"name":"this","loc":{"line":58,"column":16},"id":28262,"file":"D:\\WORK\\2022\\论文相关\\benchmark\\miniapp\\998二手挖机圈\\_-1965603458_27\\pages\\phonenumber\\phonenumber.js"},"to":{"name":"a","loc":{"line":58,"column":12},"id":28261,"file":"D:\\WORK\\2022\\论文相关\\benchmark\\miniapp\\998二手挖机圈\\_-1965603458_27\\pages\\phonenumber\\phonenumber.js"}},{"type":"assign to","from":{"name":"this","loc":{"line":42,"column":16},"id":28179,"file":"D:\\WORK\\2022\\论文相关\\benchmark\\miniapp\\998二手挖机圈\\_-1965603458_27\\pages\\phonenumber\\phonenumber.js"},"to":{"name":"a","loc":{"line":42,"column":12},"id":28178,"file":"D:\\WORK\\2022\\论文相关\\benchmark\\miniapp\\998二手挖机圈\\_-1965603458_27\\pages\\phonenumber\\phonenumber.js"}},{"type":"assign to","from":{"name":"this","loc":{"line":15,"column":16},"id":28051,"file":"D:\\WORK\\2022\\论文相关\\benchmark\\miniapp\\998二手挖机圈\\_-1965603458_27\\pages\\phonenumber\\phonenumber.js"},"to":{"name":"a","loc":{"line":15,"column":12},"id":28050,"file":"D:\\WORK\\2022\\论文相关\\benchmark\\miniapp\\998二手挖机圈\\_-1965603458_27\\pages\\phonenumber\\phonenumber.js"}}]}]}],"writeShadows":[{"shadowVar":{"declaredName":"__object__4.getcodetxt","declaredLoc":{"line":9,"column":8},"file":"D:\\WORK\\2022\\论文相关\\benchmark\\miniapp\\998二手挖机圈\\_-1965603458_27\\pages\\phonenumber\\phonenumber.js"},"writeAccess":[]}]},{"propName":".ckmobile","readShadows":[{"shadowVar":{"declaredName":"__object__4.ckmobile","declaredLoc":{"line":10,"column":8},"file":"D:\\WORK\\2022\\论文相关\\benchmark\\miniapp\\998二手挖机圈\\_-1965603458_27\\pages\\phonenumber\\phonenumber.js"},"readAccess":[{"leftVar":[{"declaredName":"__object__3.data","declaredLoc":{"line":4,"column":4},"file":"D:\\WORK\\2022\\论文相关\\benchmark\\miniapp\\998二手挖机圈\\_-1965603458_27\\pages\\phonenumber\\phonenumber.js"}],"readFlow":[{"type":"assign to","from":{"name":"ckmobile","loc":{"line":10,"column":8},"id":28035,"file":"D:\\WORK\\2022\\论文相关\\benchmark\\miniapp\\998二手挖机圈\\_-1965603458_27\\pages\\phonenumber\\phonenumber.js"},"to":{"name":"data","loc":{"line":4,"column":4},"id":28017,"file":"D:\\WORK\\2022\\论文相关\\benchmark\\miniapp\\998二手挖机圈\\_-1965603458_27\\pages\\phonenumber\\phonenumber.js"}},{"type":"to callee","from":{"name":"data","loc":{"line":4,"column":4},"id":28017,"file":"D:\\WORK\\2022\\论文相关\\benchmark\\miniapp\\998二手挖机圈\\_-1965603458_27\\pages\\phonenumber\\phonenumber.js"},"to":{"name":"Page","loc":{"line":3,"column":0},"id":28014,"file":"D:\\WORK\\2022\\论文相关\\benchmark\\miniapp\\998二手挖机圈\\_-1965603458_27\\pages\\phonenumber\\phonenumber.js"}},{"type":"read","from":{"name":"data","loc":{"line":4,"column":4},"id":28017,"file":"D:\\WORK\\2022\\论文相关\\benchmark\\miniapp\\998二手挖机圈\\_-1965603458_27\\pages\\phonenumber\\phonenumber.js"},"to":{"name":"this","loc":{"line":15,"column":16},"id":28051,"file":"D:\\WORK\\2022\\论文相关\\benchmark\\miniapp\\998二手挖机圈\\_-1965603458_27\\pages\\phonenumber\\phonenumber.js"}},{"type":"read","from":{"name":"data","loc":{"line":4,"column":4},"id":28017,"file":"D:\\WORK\\2022\\论文相关\\benchmark\\miniapp\\998二手挖机圈\\_-1965603458_27\\pages\\phonenumber\\phonenumber.js"},"to":{"name":"this","loc":{"line":42,"column":16},"id":28179,"file":"D:\\WORK\\2022\\论文相关\\benchmark\\miniapp\\998二手挖机圈\\_-1965603458_27\\pages\\phonenumber\\phonenumber.js"}},{"type":"read","from":{"name":"data","loc":{"line":4,"column":4},"id":28017,"file":"D:\\WORK\\2022\\论文相关\\benchmark\\miniapp\\998二手挖机圈\\_-1965603458_27\\pages\\phonenumber\\phonenumber.js"},"to":{"name":"this","loc":{"line":58,"column":16},"id":28262,"file":"D:\\WORK\\2022\\论文相关\\benchmark\\miniapp\\998二手挖机圈\\_-1965603458_27\\pages\\phonenumber\\phonenumber.js"}},{"type":"read","from":{"name":"data","loc":{"line":4,"column":4},"id":28017,"file":"D:\\WORK\\2022\\论文相关\\benchmark\\miniapp\\998二手挖机圈\\_-1965603458_27\\pages\\phonenumber\\phonenumber.js"},"to":{"name":"this","loc":{"line":92,"column":16},"id":28459,"file":"D:\\WORK\\2022\\论文相关\\benchmark\\miniapp\\998二手挖机圈\\_-1965603458_27\\pages\\phonenumber\\phonenumber.js"}},{"type":"read","from":{"name":"data","loc":{"line":4,"column":4},"id":28017,"file":"D:\\WORK\\2022\\论文相关\\benchmark\\miniapp\\998二手挖机圈\\_-1965603458_27\\pages\\phonenumber\\phonenumber.js"},"to":{"name":"this","loc":{"line":123,"column":16},"id":28675,"file":"D:\\WORK\\2022\\论文相关\\benchmark\\miniapp\\998二手挖机圈\\_-1965603458_27\\pages\\phonenumber\\phonenumber.js"}},{"type":"assign to","from":{"name":"this","loc":{"line":123,"column":16},"id":28675,"file":"D:\\WORK\\2022\\论文相关\\benchmark\\miniapp\\998二手挖机圈\\_-1965603458_27\\pages\\phonenumber\\phonenumber.js"},"to":{"name":"a","loc":{"line":123,"column":12},"id":28674,"file":"D:\\WORK\\2022\\论文相关\\benchmark\\miniapp\\998二手挖机圈\\_-1965603458_27\\pages\\phonenumber\\phonenumber.js"}},{"type":"assign to","from":{"name":"this","loc":{"line":92,"column":16},"id":28459,"file":"D:\\WORK\\2022\\论文相关\\benchmark\\miniapp\\998二手挖机圈\\_-1965603458_27\\pages\\phonenumber\\phonenumber.js"},"to":{"name":"a","loc":{"line":92,"column":12},"id":28458,"file":"D:\\WORK\\2022\\论文相关\\benchmark\\miniapp\\998二手挖机圈\\_-1965603458_27\\pages\\phonenumber\\phonenumber.js"}},{"type":"assign to","from":{"name":"this","loc":{"line":58,"column":16},"id":28262,"file":"D:\\WORK\\2022\\论文相关\\benchmark\\miniapp\\998二手挖机圈\\_-1965603458_27\\pages\\phonenumber\\phonenumber.js"},"to":{"name":"a","loc":{"line":58,"column":12},"id":28261,"file":"D:\\WORK\\2022\\论文相关\\benchmark\\miniapp\\998二手挖机圈\\_-1965603458_27\\pages\\phonenumber\\phonenumber.js"}},{"type":"assign to","from":{"name":"this","loc":{"line":42,"column":16},"id":28179,"file":"D:\\WORK\\2022\\论文相关\\benchmark\\miniapp\\998二手挖机圈\\_-1965603458_27\\pages\\phonenumber\\phonenumber.js"},"to":{"name":"a","loc":{"line":42,"column":12},"id":28178,"file":"D:\\WORK\\2022\\论文相关\\benchmark\\miniapp\\998二手挖机圈\\_-1965603458_27\\pages\\phonenumber\\phonenumber.js"}},{"type":"assign to","from":{"name":"this","loc":{"line":15,"column":16},"id":28051,"file":"D:\\WORK\\2022\\论文相关\\benchmark\\miniapp\\998二手挖机圈\\_-1965603458_27\\pages\\phonenumber\\phonenumber.js"},"to":{"name":"a","loc":{"line":15,"column":12},"id":28050,"file":"D:\\WORK\\2022\\论文相关\\benchmark\\miniapp\\998二手挖机圈\\_-1965603458_27\\pages\\phonenumber\\phonenumber.js"}}]}]}],"writeShadows":[{"shadowVar":{"declaredName":"__object__4.ckmobile","declaredLoc":{"line":10,"column":8},"file":"D:\\WORK\\2022\\论文相关\\benchmark\\miniapp\\998二手挖机圈\\_-1965603458_27\\pages\\phonenumber\\phonenumber.js"},"writeAccess":[]}]},{"propName":".ckname","readShadows":[{"shadowVar":{"declaredName":"__object__4.ckname","declaredLoc":{"line":11,"column":8},"file":"D:\\WORK\\2022\\论文相关\\benchmark\\miniapp\\998二手挖机圈\\_-1965603458_27\\pages\\phonenumber\\phonenumber.js"},"readAccess":[{"leftVar":[{"declaredName":"__object__3.data","declaredLoc":{"line":4,"column":4},"file":"D:\\WORK\\2022\\论文相关\\benchmark\\miniapp\\998二手挖机圈\\_-1965603458_27\\pages\\phonenumber\\phonenumber.js"}],"readFlow":[{"type":"assign to","from":{"name":"ckname","loc":{"line":11,"column":8},"id":28038,"file":"D:\\WORK\\2022\\论文相关\\benchmark\\miniapp\\998二手挖机圈\\_-1965603458_27\\pages\\phonenumber\\phonenumber.js"},"to":{"name":"data","loc":{"line":4,"column":4},"id":28017,"file":"D:\\WORK\\2022\\论文相关\\benchmark\\miniapp\\998二手挖机圈\\_-1965603458_27\\pages\\phonenumber\\phonenumber.js"}},{"type":"to callee","from":{"name":"data","loc":{"line":4,"column":4},"id":28017,"file":"D:\\WORK\\2022\\论文相关\\benchmark\\miniapp\\998二手挖机圈\\_-1965603458_27\\pages\\phonenumber\\phonenumber.js"},"to":{"name":"Page","loc":{"line":3,"column":0},"id":28014,"file":"D:\\WORK\\2022\\论文相关\\benchmark\\miniapp\\998二手挖机圈\\_-1965603458_27\\pages\\phonenumber\\phonenumber.js"}},{"type":"read","from":{"name":"data","loc":{"line":4,"column":4},"id":28017,"file":"D:\\WORK\\2022\\论文相关\\benchmark\\miniapp\\998二手挖机圈\\_-1965603458_27\\pages\\phonenumber\\phonenumber.js"},"to":{"name":"this","loc":{"line":15,"column":16},"id":28051,"file":"D:\\WORK\\2022\\论文相关\\benchmark\\miniapp\\998二手挖机圈\\_-1965603458_27\\pages\\phonenumber\\phonenumber.js"}},{"type":"read","from":{"name":"data","loc":{"line":4,"column":4},"id":28017,"file":"D:\\WORK\\2022\\论文相关\\benchmark\\miniapp\\998二手挖机圈\\_-1965603458_27\\pages\\phonenumber\\phonenumber.js"},"to":{"name":"this","loc":{"line":42,"column":16},"id":28179,"file":"D:\\WORK\\2022\\论文相关\\benchmark\\miniapp\\998二手挖机圈\\_-1965603458_27\\pages\\phonenumber\\phonenumber.js"}},{"type":"read","from":{"name":"data","loc":{"line":4,"column":4},"id":28017,"file":"D:\\WORK\\2022\\论文相关\\benchmark\\miniapp\\998二手挖机圈\\_-1965603458_27\\pages\\phonenumber\\phonenumber.js"},"to":{"name":"this","loc":{"line":58,"column":16},"id":28262,"file":"D:\\WORK\\2022\\论文相关\\benchmark\\miniapp\\998二手挖机圈\\_-1965603458_27\\pages\\phonenumber\\phonenumber.js"}},{"type":"read","from":{"name":"data","loc":{"line":4,"column":4},"id":28017,"file":"D:\\WORK\\2022\\论文相关\\benchmark\\miniapp\\998二手挖机圈\\_-1965603458_27\\pages\\phonenumber\\phonenumber.js"},"to":{"name":"this","loc":{"line":92,"column":16},"id":28459,"file":"D:\\WORK\\2022\\论文相关\\benchmark\\miniapp\\998二手挖机圈\\_-1965603458_27\\pages\\phonenumber\\phonenumber.js"}},{"type":"read","from":{"name":"data","loc":{"line":4,"column":4},"id":28017,"file":"D:\\WORK\\2022\\论文相关\\benchmark\\miniapp\\998二手挖机圈\\_-1965603458_27\\pages\\phonenumber\\phonenumber.js"},"to":{"name":"this","loc":{"line":123,"column":16},"id":28675,"file":"D:\\WORK\\2022\\论文相关\\benchmark\\miniapp\\998二手挖机圈\\_-1965603458_27\\pages\\phonenumber\\phonenumber.js"}},{"type":"assign to","from":{"name":"this","loc":{"line":123,"column":16},"id":28675,"file":"D:\\WORK\\2022\\论文相关\\benchmark\\miniapp\\998二手挖机圈\\_-1965603458_27\\pages\\phonenumber\\phonenumber.js"},"to":{"name":"a","loc":{"line":123,"column":12},"id":28674,"file":"D:\\WORK\\2022\\论文相关\\benchmark\\miniapp\\998二手挖机圈\\_-1965603458_27\\pages\\phonenumber\\phonenumber.js"}},{"type":"assign to","from":{"name":"this","loc":{"line":92,"column":16},"id":28459,"file":"D:\\WORK\\2022\\论文相关\\benchmark\\miniapp\\998二手挖机圈\\_-1965603458_27\\pages\\phonenumber\\phonenumber.js"},"to":{"name":"a","loc":{"line":92,"column":12},"id":28458,"file":"D:\\WORK\\2022\\论文相关\\benchmark\\miniapp\\998二手挖机圈\\_-1965603458_27\\pages\\phonenumber\\phonenumber.js"}},{"type":"assign to","from":{"name":"this","loc":{"line":58,"column":16},"id":28262,"file":"D:\\WORK\\2022\\论文相关\\benchmark\\miniapp\\998二手挖机圈\\_-1965603458_27\\pages\\phonenumber\\phonenumber.js"},"to":{"name":"a","loc":{"line":58,"column":12},"id":28261,"file":"D:\\WORK\\2022\\论文相关\\benchmark\\miniapp\\998二手挖机圈\\_-1965603458_27\\pages\\phonenumber\\phonenumber.js"}},{"type":"assign to","from":{"name":"this","loc":{"line":42,"column":16},"id":28179,"file":"D:\\WORK\\2022\\论文相关\\benchmark\\miniapp\\998二手挖机圈\\_-1965603458_27\\pages\\phonenumber\\phonenumber.js"},"to":{"name":"a","loc":{"line":42,"column":12},"id":28178,"file":"D:\\WORK\\2022\\论文相关\\benchmark\\miniapp\\998二手挖机圈\\_-1965603458_27\\pages\\phonenumber\\phonenumber.js"}},{"type":"assign to","from":{"name":"this","loc":{"line":15,"column":16},"id":28051,"file":"D:\\WORK\\2022\\论文相关\\benchmark\\miniapp\\998二手挖机圈\\_-1965603458_27\\pages\\phonenumber\\phonenumber.js"},"to":{"name":"a","loc":{"line":15,"column":12},"id":28050,"file":"D:\\WORK\\2022\\论文相关\\benchmark\\miniapp\\998二手挖机圈\\_-1965603458_27\\pages\\phonenumber\\phonenumber.js"}}]}]}],"writeShadows":[{"shadowVar":{"declaredName":"__object__4.ckname","declaredLoc":{"line":11,"column":8},"file":"D:\\WORK\\2022\\论文相关\\benchmark\\miniapp\\998二手挖机圈\\_-1965603458_27\\pages\\phonenumber\\phonenumber.js"},"writeAccess":[]}]},{"propName":".ckcode","readShadows":[{"shadowVar":{"declaredName":"__object__4.ckcode","declaredLoc":{"line":12,"column":8},"file":"D:\\WORK\\2022\\论文相关\\benchmark\\miniapp\\998二手挖机圈\\_-1965603458_27\\pages\\phonenumber\\phonenumber.js"},"readAccess":[{"leftVar":[{"declaredName":"__object__3.data","declaredLoc":{"line":4,"column":4},"file":"D:\\WORK\\2022\\论文相关\\benchmark\\miniapp\\998二手挖机圈\\_-1965603458_27\\pages\\phonenumber\\phonenumber.js"}],"readFlow":[{"type":"assign to","from":{"name":"ckcode","loc":{"line":12,"column":8},"id":28041,"file":"D:\\WORK\\2022\\论文相关\\benchmark\\miniapp\\998二手挖机圈\\_-1965603458_27\\pages\\phonenumber\\phonenumber.js"},"to":{"name":"data","loc":{"line":4,"column":4},"id":28017,"file":"D:\\WORK\\2022\\论文相关\\benchmark\\miniapp\\998二手挖机圈\\_-1965603458_27\\pages\\phonenumber\\phonenumber.js"}},{"type":"to callee","from":{"name":"data","loc":{"line":4,"column":4},"id":28017,"file":"D:\\WORK\\2022\\论文相关\\benchmark\\miniapp\\998二手挖机圈\\_-1965603458_27\\pages\\phonenumber\\phonenumber.js"},"to":{"name":"Page","loc":{"line":3,"column":0},"id":28014,"file":"D:\\WORK\\2022\\论文相关\\benchmark\\miniapp\\998二手挖机圈\\_-1965603458_27\\pages\\phonenumber\\phonenumber.js"}},{"type":"read","from":{"name":"data","loc":{"line":4,"column":4},"id":28017,"file":"D:\\WORK\\2022\\论文相关\\benchmark\\miniapp\\998二手挖机圈\\_-1965603458_27\\pages\\phonenumber\\phonenumber.js"},"to":{"name":"this","loc":{"line":15,"column":16},"id":28051,"file":"D:\\WORK\\2022\\论文相关\\benchmark\\miniapp\\998二手挖机圈\\_-1965603458_27\\pages\\phonenumber\\phonenumber.js"}},{"type":"read","from":{"name":"data","loc":{"line":4,"column":4},"id":28017,"file":"D:\\WORK\\2022\\论文相关\\benchmark\\miniapp\\998二手挖机圈\\_-1965603458_27\\pages\\phonenumber\\phonenumber.js"},"to":{"name":"this","loc":{"line":42,"column":16},"id":28179,"file":"D:\\WORK\\2022\\论文相关\\benchmark\\miniapp\\998二手挖机圈\\_-1965603458_27\\pages\\phonenumber\\phonenumber.js"}},{"type":"read","from":{"name":"data","loc":{"line":4,"column":4},"id":28017,"file":"D:\\WORK\\2022\\论文相关\\benchmark\\miniapp\\998二手挖机圈\\_-1965603458_27\\pages\\phonenumber\\phonenumber.js"},"to":{"name":"this","loc":{"line":58,"column":16},"id":28262,"file":"D:\\WORK\\2022\\论文相关\\benchmark\\miniapp\\998二手挖机圈\\_-1965603458_27\\pages\\phonenumber\\phonenumber.js"}},{"type":"read","from":{"name":"data","loc":{"line":4,"column":4},"id":28017,"file":"D:\\WORK\\2022\\论文相关\\benchmark\\miniapp\\998二手挖机圈\\_-1965603458_27\\pages\\phonenumber\\phonenumber.js"},"to":{"name":"this","loc":{"line":92,"column":16},"id":28459,"file":"D:\\WORK\\2022\\论文相关\\benchmark\\miniapp\\998二手挖机圈\\_-1965603458_27\\pages\\phonenumber\\phonenumber.js"}},{"type":"read","from":{"name":"data","loc":{"line":4,"column":4},"id":28017,"file":"D:\\WORK\\2022\\论文相关\\benchmark\\miniapp\\998二手挖机圈\\_-1965603458_27\\pages\\phonenumber\\phonenumber.js"},"to":{"name":"this","loc":{"line":123,"column":16},"id":28675,"file":"D:\\WORK\\2022\\论文相关\\benchmark\\miniapp\\998二手挖机圈\\_-1965603458_27\\pages\\phonenumber\\phonenumber.js"}},{"type":"assign to","from":{"name":"this","loc":{"line":123,"column":16},"id":28675,"file":"D:\\WORK\\2022\\论文相关\\benchmark\\miniapp\\998二手挖机圈\\_-1965603458_27\\pages\\phonenumber\\phonenumber.js"},"to":{"name":"a","loc":{"line":123,"column":12},"id":28674,"file":"D:\\WORK\\2022\\论文相关\\benchmark\\miniapp\\998二手挖机圈\\_-1965603458_27\\pages\\phonenumber\\phonenumber.js"}},{"type":"assign to","from":{"name":"this","loc":{"line":92,"column":16},"id":28459,"file":"D:\\WORK\\2022\\论文相关\\benchmark\\miniapp\\998二手挖机圈\\_-1965603458_27\\pages\\phonenumber\\phonenumber.js"},"to":{"name":"a","loc":{"line":92,"column":12},"id":28458,"file":"D:\\WORK\\2022\\论文相关\\benchmark\\miniapp\\998二手挖机圈\\_-1965603458_27\\pages\\phonenumber\\phonenumber.js"}},{"type":"assign to","from":{"name":"this","loc":{"line":58,"column":16},"id":28262,"file":"D:\\WORK\\2022\\论文相关\\benchmark\\miniapp\\998二手挖机圈\\_-1965603458_27\\pages\\phonenumber\\phonenumber.js"},"to":{"name":"a","loc":{"line":58,"column":12},"id":28261,"file":"D:\\WORK\\2022\\论文相关\\benchmark\\miniapp\\998二手挖机圈\\_-1965603458_27\\pages\\phonenumber\\phonenumber.js"}},{"type":"assign to","from":{"name":"this","loc":{"line":42,"column":16},"id":28179,"file":"D:\\WORK\\2022\\论文相关\\benchmark\\miniapp\\998二手挖机圈\\_-1965603458_27\\pages\\phonenumber\\phonenumber.js"},"to":{"name":"a","loc":{"line":42,"column":12},"id":28178,"file":"D:\\WORK\\2022\\论文相关\\benchmark\\miniapp\\998二手挖机圈\\_-1965603458_27\\pages\\phonenumber\\phonenumber.js"}},{"type":"assign to","from":{"name":"this","loc":{"line":15,"column":16},"id":28051,"file":"D:\\WORK\\2022\\论文相关\\benchmark\\miniapp\\998二手挖机圈\\_-1965603458_27\\pages\\phonenumber\\phonenumber.js"},"to":{"name":"a","loc":{"line":15,"column":12},"id":28050,"file":"D:\\WORK\\2022\\论文相关\\benchmark\\miniapp\\998二手挖机圈\\_-1965603458_27\\pages\\phonenumber\\phonenumber.js"}}]}]}],"writeShadows":[{"shadowVar":{"declaredName":"__object__4.ckcode","declaredLoc":{"line":12,"column":8},"file":"D:\\WORK\\2022\\论文相关\\benchmark\\miniapp\\998二手挖机圈\\_-1965603458_27\\pages\\phonenumber\\phonenumber.js"},"writeAccess":[]}]}]},{"shadowObjectVar":"__object__3","dynamicDefinedProps":[{"propName":".setData","readShadows":[{"shadowVar":{"declaredName":"__object__3.setData","file":"D:\\WORK\\2022\\论文相关\\benchmark\\miniapp\\998二手挖机圈\\_-1965603458_27\\pages\\phonenumber\\phonenumber.js"},"readAccess":[{"leftVar":[{"declaredName":"a","declaredLoc":{"line":15,"column":12},"file":"D:\\WORK\\2022\\论文相关\\benchmark\\miniapp\\998二手挖机圈\\_-1965603458_27\\pages\\phonenumber\\phonenumber.js"}],"readFlow":[{"type":"assign to","from":{"name":"this","loc":{"line":15,"column":16},"id":28051,"file":"D:\\WORK\\2022\\论文相关\\benchmark\\miniapp\\998二手挖机圈\\_-1965603458_27\\pages\\phonenumber\\phonenumber.js"},"to":{"name":"a","loc":{"line":15,"column":12},"id":28050,"file":"D:\\WORK\\2022\\论文相关\\benchmark\\miniapp\\998二手挖机圈\\_-1965603458_27\\pages\\phonenumber\\phonenumber.js"}}]},{"leftVar":[{"declaredName":"a","declaredLoc":{"line":42,"column":12},"file":"D:\\WORK\\2022\\论文相关\\benchmark\\miniapp\\998二手挖机圈\\_-1965603458_27\\pages\\phonenumber\\phonenumber.js"}],"readFlow":[{"type":"assign to","from":{"name":"this","loc":{"line":42,"column":16},"id":28179,"file":"D:\\WORK\\2022\\论文相关\\benchmark\\miniapp\\998二手挖机圈\\_-1965603458_27\\pages\\phonenumber\\phonenumber.js"},"to":{"name":"a","loc":{"line":42,"column":12},"id":28178,"file":"D:\\WORK\\2022\\论文相关\\benchmark\\miniapp\\998二手挖机圈\\_-1965603458_27\\pages\\phonenumber\\phonenumber.js"}}]},{"leftVar":[{"declaredName":"a","declaredLoc":{"line":58,"column":12},"file":"D:\\WORK\\2022\\论文相关\\benchmark\\miniapp\\998二手挖机圈\\_-1965603458_27\\pages\\phonenumber\\phonenumber.js"}],"readFlow":[{"type":"assign to","from":{"name":"this","loc":{"line":58,"column":16},"id":28262,"file":"D:\\WORK\\2022\\论文相关\\benchmark\\miniapp\\998二手挖机圈\\_-1965603458_27\\pages\\phonenumber\\phonenumber.js"},"to":{"name":"a","loc":{"line":58,"column":12},"id":28261,"file":"D:\\WORK\\2022\\论文相关\\benchmark\\miniapp\\998二手挖机圈\\_-1965603458_27\\pages\\phonenumber\\phonenumber.js"}}]},{"leftVar":[{"declaredName":"a","declaredLoc":{"line":92,"column":12},"file":"D:\\WORK\\2022\\论文相关\\benchmark\\miniapp\\998二手挖机圈\\_-1965603458_27\\pages\\phonenumber\\phonenumber.js"}],"readFlow":[{"type":"assign to","from":{"name":"this","loc":{"line":92,"column":16},"id":28459,"file":"D:\\WORK\\2022\\论文相关\\benchmark\\miniapp\\998二手挖机圈\\_-1965603458_27\\pages\\phonenumber\\phonenumber.js"},"to":{"name":"a","loc":{"line":92,"column":12},"id":28458,"file":"D:\\WORK\\2022\\论文相关\\benchmark\\miniapp\\998二手挖机圈\\_-1965603458_27\\pages\\phonenumber\\phonenumber.js"}}]},{"leftVar":[{"declaredName":"a","declaredLoc":{"line":123,"column":12},"file":"D:\\WORK\\2022\\论文相关\\benchmark\\miniapp\\998二手挖机圈\\_-1965603458_27\\pages\\phonenumber\\phonenumber.js"}],"readFlow":[{"type":"assign to","from":{"name":"this","loc":{"line":123,"column":16},"id":28675,"file":"D:\\WORK\\2022\\论文相关\\benchmark\\miniapp\\998二手挖机圈\\_-1965603458_27\\pages\\phonenumber\\phonenumber.js"},"to":{"name":"a","loc":{"line":123,"column":12},"id":28674,"file":"D:\\WORK\\2022\\论文相关\\benchmark\\miniapp\\998二手挖机圈\\_-1965603458_27\\pages\\phonenumber\\phonenumber.js"}}]}]}],"writeShadows":[{"shadowVar":{"declaredName":"__object__3.setData","file":"D:\\WORK\\2022\\论文相关\\benchmark\\miniapp\\998二手挖机圈\\_-1965603458_27\\pages\\phonenumber\\phonenumber.js"},"writeAccess":[]}]},{"propName":".data","readShadows":[{"shadowVar":{"declaredName":"__object__3.data","declaredLoc":{"line":4,"column":4},"file":"D:\\WORK\\2022\\论文相关\\benchmark\\miniapp\\998二手挖机圈\\_-1965603458_27\\pages\\phonenumber\\phonenumber.js"},"readAccess":[{"leftVar":[{"declaredName":"a","declaredLoc":{"line":15,"column":12},"file":"D:\\WORK\\2022\\论文相关\\benchmark\\miniapp\\998二手挖机圈\\_-1965603458_27\\pages\\phonenumber\\phonenumber.js"}],"readFlow":[{"type":"assign to","from":{"name":"this","loc":{"line":15,"column":16},"id":28051,"file":"D:\\WORK\\2022\\论文相关\\benchmark\\miniapp\\998二手挖机圈\\_-1965603458_27\\pages\\phonenumber\\phonenumber.js"},"to":{"name":"a","loc":{"line":15,"column":12},"id":28050,"file":"D:\\WORK\\2022\\论文相关\\benchmark\\miniapp\\998二手挖机圈\\_-1965603458_27\\pages\\phonenumber\\phonenumber.js"}}]},{"leftVar":[{"declaredName":"a","declaredLoc":{"line":42,"column":12},"file":"D:\\WORK\\2022\\论文相关\\benchmark\\miniapp\\998二手挖机圈\\_-1965603458_27\\pages\\phonenumber\\phonenumber.js"}],"readFlow":[{"type":"assign to","from":{"name":"this","loc":{"line":42,"column":16},"id":28179,"file":"D:\\WORK\\2022\\论文相关\\benchmark\\miniapp\\998二手挖机圈\\_-1965603458_27\\pages\\phonenumber\\phonenumber.js"},"to":{"name":"a","loc":{"line":42,"column":12},"id":28178,"file":"D:\\WORK\\2022\\论文相关\\benchmark\\miniapp\\998二手挖机圈\\_-1965603458_27\\pages\\phonenumber\\phonenumber.js"}}]},{"leftVar":[{"declaredName":"a","declaredLoc":{"line":58,"column":12},"file":"D:\\WORK\\2022\\论文相关\\benchmark\\miniapp\\998二手挖机圈\\_-1965603458_27\\pages\\phonenumber\\phonenumber.js"}],"readFlow":[{"type":"assign to","from":{"name":"this","loc":{"line":58,"column":16},"id":28262,"file":"D:\\WORK\\2022\\论文相关\\benchmark\\miniapp\\998二手挖机圈\\_-1965603458_27\\pages\\phonenumber\\phonenumber.js"},"to":{"name":"a","loc":{"line":58,"column":12},"id":28261,"file":"D:\\WORK\\2022\\论文相关\\benchmark\\miniapp\\998二手挖机圈\\_-1965603458_27\\pages\\phonenumber\\phonenumber.js"}}]},{"leftVar":[{"declaredName":"a","declaredLoc":{"line":92,"column":12},"file":"D:\\WORK\\2022\\论文相关\\benchmark\\miniapp\\998二手挖机圈\\_-1965603458_27\\pages\\phonenumber\\phonenumber.js"}],"readFlow":[{"type":"assign to","from":{"name":"this","loc":{"line":92,"column":16},"id":28459,"file":"D:\\WORK\\2022\\论文相关\\benchmark\\miniapp\\998二手挖机圈\\_-1965603458_27\\pages\\phonenumber\\phonenumber.js"},"to":{"name":"a","loc":{"line":92,"column":12},"id":28458,"file":"D:\\WORK\\2022\\论文相关\\benchmark\\miniapp\\998二手挖机圈\\_-1965603458_27\\pages\\phonenumber\\phonenumber.js"}}]},{"leftVar":[{"declaredName":"a","declaredLoc":{"line":123,"column":12},"file":"D:\\WORK\\2022\\论文相关\\benchmark\\miniapp\\998二手挖机圈\\_-1965603458_27\\pages\\phonenumber\\phonenumber.js"}],"readFlow":[{"type":"assign to","from":{"name":"this","loc":{"line":123,"column":16},"id":28675,"file":"D:\\WORK\\2022\\论文相关\\benchmark\\miniapp\\998二手挖机圈\\_-1965603458_27\\pages\\phonenumber\\phonenumber.js"},"to":{"name":"a","loc":{"line":123,"column":12},"id":28674,"file":"D:\\WORK\\2022\\论文相关\\benchmark\\miniapp\\998二手挖机圈\\_-1965603458_27\\pages\\phonenumber\\phonenumber.js"}}]}]}],"writeShadows":[{"shadowVar":{"declaredName":"__object__3.data","declaredLoc":{"line":4,"column":4},"file":"D:\\WORK\\2022\\论文相关\\benchmark\\miniapp\\998二手挖机圈\\_-1965603458_27\\pages\\phonenumber\\phonenumber.js"},"writeAccess":[]}]},{"propName":".onLoad","readShadows":[{"shadowVar":{"declaredName":"__object__3.onLoad","declaredLoc":{"line":14,"column":4},"file":"D:\\WORK\\2022\\论文相关\\benchmark\\miniapp\\998二手挖机圈\\_-1965603458_27\\pages\\phonenumber\\phonenumber.js"},"readAccess":[{"leftVar":[{"declaredName":"a","declaredLoc":{"line":15,"column":12},"file":"D:\\WORK\\2022\\论文相关\\benchmark\\miniapp\\998二手挖机圈\\_-1965603458_27\\pages\\phonenumber\\phonenumber.js"}],"readFlow":[{"type":"assign to","from":{"name":"this","loc":{"line":15,"column":16},"id":28051,"file":"D:\\WORK\\2022\\论文相关\\benchmark\\miniapp\\998二手挖机圈\\_-1965603458_27\\pages\\phonenumber\\phonenumber.js"},"to":{"name":"a","loc":{"line":15,"column":12},"id":28050,"file":"D:\\WORK\\2022\\论文相关\\benchmark\\miniapp\\998二手挖机圈\\_-1965603458_27\\pages\\phonenumber\\phonenumber.js"}}]},{"leftVar":[{"declaredName":"a","declaredLoc":{"line":42,"column":12},"file":"D:\\WORK\\2022\\论文相关\\benchmark\\miniapp\\998二手挖机圈\\_-1965603458_27\\pages\\phonenumber\\phonenumber.js"}],"readFlow":[{"type":"assign to","from":{"name":"this","loc":{"line":42,"column":16},"id":28179,"file":"D:\\WORK\\2022\\论文相关\\benchmark\\miniapp\\998二手挖机圈\\_-1965603458_27\\pages\\phonenumber\\phonenumber.js"},"to":{"name":"a","loc":{"line":42,"column":12},"id":28178,"file":"D:\\WORK\\2022\\论文相关\\benchmark\\miniapp\\998二手挖机圈\\_-1965603458_27\\pages\\phonenumber\\phonenumber.js"}}]},{"leftVar":[{"declaredName":"a","declaredLoc":{"line":58,"column":12},"file":"D:\\WORK\\2022\\论文相关\\benchmark\\miniapp\\998二手挖机圈\\_-1965603458_27\\pages\\phonenumber\\phonenumber.js"}],"readFlow":[{"type":"assign to","from":{"name":"this","loc":{"line":58,"column":16},"id":28262,"file":"D:\\WORK\\2022\\论文相关\\benchmark\\miniapp\\998二手挖机圈\\_-1965603458_27\\pages\\phonenumber\\phonenumber.js"},"to":{"name":"a","loc":{"line":58,"column":12},"id":28261,"file":"D:\\WORK\\2022\\论文相关\\benchmark\\miniapp\\998二手挖机圈\\_-1965603458_27\\pages\\phonenumber\\phonenumber.js"}}]},{"leftVar":[{"declaredName":"a","declaredLoc":{"line":92,"column":12},"file":"D:\\WORK\\2022\\论文相关\\benchmark\\miniapp\\998二手挖机圈\\_-1965603458_27\\pages\\phonenumber\\phonenumber.js"}],"readFlow":[{"type":"assign to","from":{"name":"this","loc":{"line":92,"column":16},"id":28459,"file":"D:\\WORK\\2022\\论文相关\\benchmark\\miniapp\\998二手挖机圈\\_-1965603458_27\\pages\\phonenumber\\phonenumber.js"},"to":{"name":"a","loc":{"line":92,"column":12},"id":28458,"file":"D:\\WORK\\2022\\论文相关\\benchmark\\miniapp\\998二手挖机圈\\_-1965603458_27\\pages\\phonenumber\\phonenumber.js"}}]},{"leftVar":[{"declaredName":"a","declaredLoc":{"line":123,"column":12},"file":"D:\\WORK\\2022\\论文相关\\benchmark\\miniapp\\998二手挖机圈\\_-1965603458_27\\pages\\phonenumber\\phonenumber.js"}],"readFlow":[{"type":"assign to","from":{"name":"this","loc":{"line":123,"column":16},"id":28675,"file":"D:\\WORK\\2022\\论文相关\\benchmark\\miniapp\\998二手挖机圈\\_-1965603458_27\\pages\\phonenumber\\phonenumber.js"},"to":{"name":"a","loc":{"line":123,"column":12},"id":28674,"file":"D:\\WORK\\2022\\论文相关\\benchmark\\miniapp\\998二手挖机圈\\_-1965603458_27\\pages\\phonenumber\\phonenumber.js"}}]}]}],"writeShadows":[{"shadowVar":{"declaredName":"__object__3.onLoad","declaredLoc":{"line":14,"column":4},"file":"D:\\WORK\\2022\\论文相关\\benchmark\\miniapp\\998二手挖机圈\\_-1965603458_27\\pages\\phonenumber\\phonenumber.js"},"writeAccess":[]}]},{"propName":".getmobile","readShadows":[{"shadowVar":{"declaredName":"__object__3.getmobile","declaredLoc":{"line":40,"column":4},"file":"D:\\WORK\\2022\\论文相关\\benchmark\\miniapp\\998二手挖机圈\\_-1965603458_27\\pages\\phonenumber\\phonenumber.js"},"readAccess":[{"leftVar":[{"declaredName":"a","declaredLoc":{"line":15,"column":12},"file":"D:\\WORK\\2022\\论文相关\\benchmark\\miniapp\\998二手挖机圈\\_-1965603458_27\\pages\\phonenumber\\phonenumber.js"}],"readFlow":[{"type":"assign to","from":{"name":"this","loc":{"line":15,"column":16},"id":28051,"file":"D:\\WORK\\2022\\论文相关\\benchmark\\miniapp\\998二手挖机圈\\_-1965603458_27\\pages\\phonenumber\\phonenumber.js"},"to":{"name":"a","loc":{"line":15,"column":12},"id":28050,"file":"D:\\WORK\\2022\\论文相关\\benchmark\\miniapp\\998二手挖机圈\\_-1965603458_27\\pages\\phonenumber\\phonenumber.js"}}]},{"leftVar":[{"declaredName":"a","declaredLoc":{"line":42,"column":12},"file":"D:\\WORK\\2022\\论文相关\\benchmark\\miniapp\\998二手挖机圈\\_-1965603458_27\\pages\\phonenumber\\phonenumber.js"}],"readFlow":[{"type":"assign to","from":{"name":"this","loc":{"line":42,"column":16},"id":28179,"file":"D:\\WORK\\2022\\论文相关\\benchmark\\miniapp\\998二手挖机圈\\_-1965603458_27\\pages\\phonenumber\\phonenumber.js"},"to":{"name":"a","loc":{"line":42,"column":12},"id":28178,"file":"D:\\WORK\\2022\\论文相关\\benchmark\\miniapp\\998二手挖机圈\\_-1965603458_27\\pages\\phonenumber\\phonenumber.js"}}]},{"leftVar":[{"declaredName":"a","declaredLoc":{"line":58,"column":12},"file":"D:\\WORK\\2022\\论文相关\\benchmark\\miniapp\\998二手挖机圈\\_-1965603458_27\\pages\\phonenumber\\phonenumber.js"}],"readFlow":[{"type":"assign to","from":{"name":"this","loc":{"line":58,"column":16},"id":28262,"file":"D:\\WORK\\2022\\论文相关\\benchmark\\miniapp\\998二手挖机圈\\_-1965603458_27\\pages\\phonenumber\\phonenumber.js"},"to":{"name":"a","loc":{"line":58,"column":12},"id":28261,"file":"D:\\WORK\\2022\\论文相关\\benchmark\\miniapp\\998二手挖机圈\\_-1965603458_27\\pages\\phonenumber\\phonenumber.js"}}]},{"leftVar":[{"declaredName":"a","declaredLoc":{"line":92,"column":12},"file":"D:\\WORK\\2022\\论文相关\\benchmark\\miniapp\\998二手挖机圈\\_-1965603458_27\\pages\\phonenumber\\phonenumber.js"}],"readFlow":[{"type":"assign to","from":{"name":"this","loc":{"line":92,"column":16},"id":28459,"file":"D:\\WORK\\2022\\论文相关\\benchmark\\miniapp\\998二手挖机圈\\_-1965603458_27\\pages\\phonenumber\\phonenumber.js"},"to":{"name":"a","loc":{"line":92,"column":12},"id":28458,"file":"D:\\WORK\\2022\\论文相关\\benchmark\\miniapp\\998二手挖机圈\\_-1965603458_27\\pages\\phonenumber\\phonenumber.js"}}]},{"leftVar":[{"declaredName":"a","declaredLoc":{"line":123,"column":12},"file":"D:\\WORK\\2022\\论文相关\\benchmark\\miniapp\\998二手挖机圈\\_-1965603458_27\\pages\\phonenumber\\phonenumber.js"}],"readFlow":[{"type":"assign to","from":{"name":"this","loc":{"line":123,"column":16},"id":28675,"file":"D:\\WORK\\2022\\论文相关\\benchmark\\miniapp\\998二手挖机圈\\_-1965603458_27\\pages\\phonenumber\\phonenumber.js"},"to":{"name":"a","loc":{"line":123,"column":12},"id":28674,"file":"D:\\WORK\\2022\\论文相关\\benchmark\\miniapp\\998二手挖机圈\\_-1965603458_27\\pages\\phonenumber\\phonenumber.js"}}]}]}],"writeShadows":[{"shadowVar":{"declaredName":"__object__3.getmobile","declaredLoc":{"line":40,"column":4},"file":"D:\\WORK\\2022\\论文相关\\benchmark\\miniapp\\998二手挖机圈\\_-1965603458_27\\pages\\phonenumber\\phonenumber.js"},"writeAccess":[]}]},{"propName":".counttime","readShadows":[{"shadowVar":{"declaredName":"__object__3.counttime","declaredLoc":{"line":41,"column":4},"file":"D:\\WORK\\2022\\论文相关\\benchmark\\miniapp\\998二手挖机圈\\_-1965603458_27\\pages\\phonenumber\\phonenumber.js"},"readAccess":[{"leftVar":[{"declaredName":"a","declaredLoc":{"line":15,"column":12},"file":"D:\\WORK\\2022\\论文相关\\benchmark\\miniapp\\998二手挖机圈\\_-1965603458_27\\pages\\phonenumber\\phonenumber.js"}],"readFlow":[{"type":"assign to","from":{"name":"this","loc":{"line":15,"column":16},"id":28051,"file":"D:\\WORK\\2022\\论文相关\\benchmark\\miniapp\\998二手挖机圈\\_-1965603458_27\\pages\\phonenumber\\phonenumber.js"},"to":{"name":"a","loc":{"line":15,"column":12},"id":28050,"file":"D:\\WORK\\2022\\论文相关\\benchmark\\miniapp\\998二手挖机圈\\_-1965603458_27\\pages\\phonenumber\\phonenumber.js"}}]},{"leftVar":[{"declaredName":"a","declaredLoc":{"line":42,"column":12},"file":"D:\\WORK\\2022\\论文相关\\benchmark\\miniapp\\998二手挖机圈\\_-1965603458_27\\pages\\phonenumber\\phonenumber.js"}],"readFlow":[{"type":"assign to","from":{"name":"this","loc":{"line":42,"column":16},"id":28179,"file":"D:\\WORK\\2022\\论文相关\\benchmark\\miniapp\\998二手挖机圈\\_-1965603458_27\\pages\\phonenumber\\phonenumber.js"},"to":{"name":"a","loc":{"line":42,"column":12},"id":28178,"file":"D:\\WORK\\2022\\论文相关\\benchmark\\miniapp\\998二手挖机圈\\_-1965603458_27\\pages\\phonenumber\\phonenumber.js"}}]},{"leftVar":[{"declaredName":"a","declaredLoc":{"line":58,"column":12},"file":"D:\\WORK\\2022\\论文相关\\benchmark\\miniapp\\998二手挖机圈\\_-1965603458_27\\pages\\phonenumber\\phonenumber.js"}],"readFlow":[{"type":"assign to","from":{"name":"this","loc":{"line":58,"column":16},"id":28262,"file":"D:\\WORK\\2022\\论文相关\\benchmark\\miniapp\\998二手挖机圈\\_-1965603458_27\\pages\\phonenumber\\phonenumber.js"},"to":{"name":"a","loc":{"line":58,"column":12},"id":28261,"file":"D:\\WORK\\2022\\论文相关\\benchmark\\miniapp\\998二手挖机圈\\_-1965603458_27\\pages\\phonenumber\\phonenumber.js"}}]},{"leftVar":[{"declaredName":"a","declaredLoc":{"line":92,"column":12},"file":"D:\\WORK\\2022\\论文相关\\benchmark\\miniapp\\998二手挖机圈\\_-1965603458_27\\pages\\phonenumber\\phonenumber.js"}],"readFlow":[{"type":"assign to","from":{"name":"this","loc":{"line":92,"column":16},"id":28459,"file":"D:\\WORK\\2022\\论文相关\\benchmark\\miniapp\\998二手挖机圈\\_-1965603458_27\\pages\\phonenumber\\phonenumber.js"},"to":{"name":"a","loc":{"line":92,"column":12},"id":28458,"file":"D:\\WORK\\2022\\论文相关\\benchmark\\miniapp\\998二手挖机圈\\_-1965603458_27\\pages\\phonenumber\\phonenumber.js"}}]},{"leftVar":[{"declaredName":"a","declaredLoc":{"line":123,"column":12},"file":"D:\\WORK\\2022\\论文相关\\benchmark\\miniapp\\998二手挖机圈\\_-1965603458_27\\pages\\phonenumber\\phonenumber.js"}],"readFlow":[{"type":"assign to","from":{"name":"this","loc":{"line":123,"column":16},"id":28675,"file":"D:\\WORK\\2022\\论文相关\\benchmark\\miniapp\\998二手挖机圈\\_-1965603458_27\\pages\\phonenumber\\phonenumber.js"},"to":{"name":"a","loc":{"line":123,"column":12},"id":28674,"file":"D:\\WORK\\2022\\论文相关\\benchmark\\miniapp\\998二手挖机圈\\_-1965603458_27\\pages\\phonenumber\\phonenumber.js"}}]}]}],"writeShadows":[{"shadowVar":{"declaredName":"__object__3.counttime","declaredLoc":{"line":41,"column":4},"file":"D:\\WORK\\2022\\论文相关\\benchmark\\miniapp\\998二手挖机圈\\_-1965603458_27\\pages\\phonenumber\\phonenumber.js"},"writeAccess":[]}]},{"propName":".getsms","readShadows":[{"shadowVar":{"declaredName":"__object__3.getsms","declaredLoc":{"line":57,"column":4},"file":"D:\\WORK\\2022\\论文相关\\benchmark\\miniapp\\998二手挖机圈\\_-1965603458_27\\pages\\phonenumber\\phonenumber.js"},"readAccess":[{"leftVar":[{"declaredName":"a","declaredLoc":{"line":15,"column":12},"file":"D:\\WORK\\2022\\论文相关\\benchmark\\miniapp\\998二手挖机圈\\_-1965603458_27\\pages\\phonenumber\\phonenumber.js"}],"readFlow":[{"type":"assign to","from":{"name":"this","loc":{"line":15,"column":16},"id":28051,"file":"D:\\WORK\\2022\\论文相关\\benchmark\\miniapp\\998二手挖机圈\\_-1965603458_27\\pages\\phonenumber\\phonenumber.js"},"to":{"name":"a","loc":{"line":15,"column":12},"id":28050,"file":"D:\\WORK\\2022\\论文相关\\benchmark\\miniapp\\998二手挖机圈\\_-1965603458_27\\pages\\phonenumber\\phonenumber.js"}}]},{"leftVar":[{"declaredName":"a","declaredLoc":{"line":42,"column":12},"file":"D:\\WORK\\2022\\论文相关\\benchmark\\miniapp\\998二手挖机圈\\_-1965603458_27\\pages\\phonenumber\\phonenumber.js"}],"readFlow":[{"type":"assign to","from":{"name":"this","loc":{"line":42,"column":16},"id":28179,"file":"D:\\WORK\\2022\\论文相关\\benchmark\\miniapp\\998二手挖机圈\\_-1965603458_27\\pages\\phonenumber\\phonenumber.js"},"to":{"name":"a","loc":{"line":42,"column":12},"id":28178,"file":"D:\\WORK\\2022\\论文相关\\benchmark\\miniapp\\998二手挖机圈\\_-1965603458_27\\pages\\phonenumber\\phonenumber.js"}}]},{"leftVar":[{"declaredName":"a","declaredLoc":{"line":58,"column":12},"file":"D:\\WORK\\2022\\论文相关\\benchmark\\miniapp\\998二手挖机圈\\_-1965603458_27\\pages\\phonenumber\\phonenumber.js"}],"readFlow":[{"type":"assign to","from":{"name":"this","loc":{"line":58,"column":16},"id":28262,"file":"D:\\WORK\\2022\\论文相关\\benchmark\\miniapp\\998二手挖机圈\\_-1965603458_27\\pages\\phonenumber\\phonenumber.js"},"to":{"name":"a","loc":{"line":58,"column":12},"id":28261,"file":"D:\\WORK\\2022\\论文相关\\benchmark\\miniapp\\998二手挖机圈\\_-1965603458_27\\pages\\phonenumber\\phonenumber.js"}}]},{"leftVar":[{"declaredName":"a","declaredLoc":{"line":92,"column":12},"file":"D:\\WORK\\2022\\论文相关\\benchmark\\miniapp\\998二手挖机圈\\_-1965603458_27\\pages\\phonenumber\\phonenumber.js"}],"readFlow":[{"type":"assign to","from":{"name":"this","loc":{"line":92,"column":16},"id":28459,"file":"D:\\WORK\\2022\\论文相关\\benchmark\\miniapp\\998二手挖机圈\\_-1965603458_27\\pages\\phonenumber\\phonenumber.js"},"to":{"name":"a","loc":{"line":92,"column":12},"id":28458,"file":"D:\\WORK\\2022\\论文相关\\benchmark\\miniapp\\998二手挖机圈\\_-1965603458_27\\pages\\phonenumber\\phonenumber.js"}}]},{"leftVar":[{"declaredName":"a","declaredLoc":{"line":123,"column":12},"file":"D:\\WORK\\2022\\论文相关\\benchmark\\miniapp\\998二手挖机圈\\_-1965603458_27\\pages\\phonenumber\\phonenumber.js"}],"readFlow":[{"type":"assign to","from":{"name":"this","loc":{"line":123,"column":16},"id":28675,"file":"D:\\WORK\\2022\\论文相关\\benchmark\\miniapp\\998二手挖机圈\\_-1965603458_27\\pages\\phonenumber\\phonenumber.js"},"to":{"name":"a","loc":{"line":123,"column":12},"id":28674,"file":"D:\\WORK\\2022\\论文相关\\benchmark\\miniapp\\998二手挖机圈\\_-1965603458_27\\pages\\phonenumber\\phonenumber.js"}}]}]}],"writeShadows":[{"shadowVar":{"declaredName":"__object__3.getsms","declaredLoc":{"line":57,"column":4},"file":"D:\\WORK\\2022\\论文相关\\benchmark\\miniapp\\998二手挖机圈\\_-1965603458_27\\pages\\phonenumber\\phonenumber.js"},"writeAccess":[]}]},{"propName":".bindKeyInput","readShadows":[{"shadowVar":{"declaredName":"__object__3.bindKeyInput","declaredLoc":{"line":88,"column":4},"file":"D:\\WORK\\2022\\论文相关\\benchmark\\miniapp\\998二手挖机圈\\_-1965603458_27\\pages\\phonenumber\\phonenumber.js"},"readAccess":[{"leftVar":[{"declaredName":"a","declaredLoc":{"line":15,"column":12},"file":"D:\\WORK\\2022\\论文相关\\benchmark\\miniapp\\998二手挖机圈\\_-1965603458_27\\pages\\phonenumber\\phonenumber.js"}],"readFlow":[{"type":"assign to","from":{"name":"this","loc":{"line":15,"column":16},"id":28051,"file":"D:\\WORK\\2022\\论文相关\\benchmark\\miniapp\\998二手挖机圈\\_-1965603458_27\\pages\\phonenumber\\phonenumber.js"},"to":{"name":"a","loc":{"line":15,"column":12},"id":28050,"file":"D:\\WORK\\2022\\论文相关\\benchmark\\miniapp\\998二手挖机圈\\_-1965603458_27\\pages\\phonenumber\\phonenumber.js"}}]},{"leftVar":[{"declaredName":"a","declaredLoc":{"line":42,"column":12},"file":"D:\\WORK\\2022\\论文相关\\benchmark\\miniapp\\998二手挖机圈\\_-1965603458_27\\pages\\phonenumber\\phonenumber.js"}],"readFlow":[{"type":"assign to","from":{"name":"this","loc":{"line":42,"column":16},"id":28179,"file":"D:\\WORK\\2022\\论文相关\\benchmark\\miniapp\\998二手挖机圈\\_-1965603458_27\\pages\\phonenumber\\phonenumber.js"},"to":{"name":"a","loc":{"line":42,"column":12},"id":28178,"file":"D:\\WORK\\2022\\论文相关\\benchmark\\miniapp\\998二手挖机圈\\_-1965603458_27\\pages\\phonenumber\\phonenumber.js"}}]},{"leftVar":[{"declaredName":"a","declaredLoc":{"line":58,"column":12},"file":"D:\\WORK\\2022\\论文相关\\benchmark\\miniapp\\998二手挖机圈\\_-1965603458_27\\pages\\phonenumber\\phonenumber.js"}],"readFlow":[{"type":"assign to","from":{"name":"this","loc":{"line":58,"column":16},"id":28262,"file":"D:\\WORK\\2022\\论文相关\\benchmark\\miniapp\\998二手挖机圈\\_-1965603458_27\\pages\\phonenumber\\phonenumber.js"},"to":{"name":"a","loc":{"line":58,"column":12},"id":28261,"file":"D:\\WORK\\2022\\论文相关\\benchmark\\miniapp\\998二手挖机圈\\_-1965603458_27\\pages\\phonenumber\\phonenumber.js"}}]},{"leftVar":[{"declaredName":"a","declaredLoc":{"line":92,"column":12},"file":"D:\\WORK\\2022\\论文相关\\benchmark\\miniapp\\998二手挖机圈\\_-1965603458_27\\pages\\phonenumber\\phonenumber.js"}],"readFlow":[{"type":"assign to","from":{"name":"this","loc":{"line":92,"column":16},"id":28459,"file":"D:\\WORK\\2022\\论文相关\\benchmark\\miniapp\\998二手挖机圈\\_-1965603458_27\\pages\\phonenumber\\phonenumber.js"},"to":{"name":"a","loc":{"line":92,"column":12},"id":28458,"file":"D:\\WORK\\2022\\论文相关\\benchmark\\miniapp\\998二手挖机圈\\_-1965603458_27\\pages\\phonenumber\\phonenumber.js"}}]},{"leftVar":[{"declaredName":"a","declaredLoc":{"line":123,"column":12},"file":"D:\\WORK\\2022\\论文相关\\benchmark\\miniapp\\998二手挖机圈\\_-1965603458_27\\pages\\phonenumber\\phonenumber.js"}],"readFlow":[{"type":"assign to","from":{"name":"this","loc":{"line":123,"column":16},"id":28675,"file":"D:\\WORK\\2022\\论文相关\\benchmark\\miniapp\\998二手挖机圈\\_-1965603458_27\\pages\\phonenumber\\phonenumber.js"},"to":{"name":"a","loc":{"line":123,"column":12},"id":28674,"file":"D:\\WORK\\2022\\论文相关\\benchmark\\miniapp\\998二手挖机圈\\_-1965603458_27\\pages\\phonenumber\\phonenumber.js"}}]}]}],"writeShadows":[{"shadowVar":{"declaredName":"__object__3.bindKeyInput","declaredLoc":{"line":88,"column":4},"file":"D:\\WORK\\2022\\论文相关\\benchmark\\miniapp\\998二手挖机圈\\_-1965603458_27\\pages\\phonenumber\\phonenumber.js"},"writeAccess":[]}]},{"propName":".formSubmit","readShadows":[{"shadowVar":{"declaredName":"__object__3.formSubmit","declaredLoc":{"line":91,"column":4},"file":"D:\\WORK\\2022\\论文相关\\benchmark\\miniapp\\998二手挖机圈\\_-1965603458_27\\pages\\phonenumber\\phonenumber.js"},"readAccess":[{"leftVar":[{"declaredName":"a","declaredLoc":{"line":15,"column":12},"file":"D:\\WORK\\2022\\论文相关\\benchmark\\miniapp\\998二手挖机圈\\_-1965603458_27\\pages\\phonenumber\\phonenumber.js"}],"readFlow":[{"type":"assign to","from":{"name":"this","loc":{"line":15,"column":16},"id":28051,"file":"D:\\WORK\\2022\\论文相关\\benchmark\\miniapp\\998二手挖机圈\\_-1965603458_27\\pages\\phonenumber\\phonenumber.js"},"to":{"name":"a","loc":{"line":15,"column":12},"id":28050,"file":"D:\\WORK\\2022\\论文相关\\benchmark\\miniapp\\998二手挖机圈\\_-1965603458_27\\pages\\phonenumber\\phonenumber.js"}}]},{"leftVar":[{"declaredName":"a","declaredLoc":{"line":42,"column":12},"file":"D:\\WORK\\2022\\论文相关\\benchmark\\miniapp\\998二手挖机圈\\_-1965603458_27\\pages\\phonenumber\\phonenumber.js"}],"readFlow":[{"type":"assign to","from":{"name":"this","loc":{"line":42,"column":16},"id":28179,"file":"D:\\WORK\\2022\\论文相关\\benchmark\\miniapp\\998二手挖机圈\\_-1965603458_27\\pages\\phonenumber\\phonenumber.js"},"to":{"name":"a","loc":{"line":42,"column":12},"id":28178,"file":"D:\\WORK\\2022\\论文相关\\benchmark\\miniapp\\998二手挖机圈\\_-1965603458_27\\pages\\phonenumber\\phonenumber.js"}}]},{"leftVar":[{"declaredName":"a","declaredLoc":{"line":58,"column":12},"file":"D:\\WORK\\2022\\论文相关\\benchmark\\miniapp\\998二手挖机圈\\_-1965603458_27\\pages\\phonenumber\\phonenumber.js"}],"readFlow":[{"type":"assign to","from":{"name":"this","loc":{"line":58,"column":16},"id":28262,"file":"D:\\WORK\\2022\\论文相关\\benchmark\\miniapp\\998二手挖机圈\\_-1965603458_27\\pages\\phonenumber\\phonenumber.js"},"to":{"name":"a","loc":{"line":58,"column":12},"id":28261,"file":"D:\\WORK\\2022\\论文相关\\benchmark\\miniapp\\998二手挖机圈\\_-1965603458_27\\pages\\phonenumber\\phonenumber.js"}}]},{"leftVar":[{"declaredName":"a","declaredLoc":{"line":92,"column":12},"file":"D:\\WORK\\2022\\论文相关\\benchmark\\miniapp\\998二手挖机圈\\_-1965603458_27\\pages\\phonenumber\\phonenumber.js"}],"readFlow":[{"type":"assign to","from":{"name":"this","loc":{"line":92,"column":16},"id":28459,"file":"D:\\WORK\\2022\\论文相关\\benchmark\\miniapp\\998二手挖机圈\\_-1965603458_27\\pages\\phonenumber\\phonenumber.js"},"to":{"name":"a","loc":{"line":92,"column":12},"id":28458,"file":"D:\\WORK\\2022\\论文相关\\benchmark\\miniapp\\998二手挖机圈\\_-1965603458_27\\pages\\phonenumber\\phonenumber.js"}}]},{"leftVar":[{"declaredName":"a","declaredLoc":{"line":123,"column":12},"file":"D:\\WORK\\2022\\论文相关\\benchmark\\miniapp\\998二手挖机圈\\_-1965603458_27\\pages\\phonenumber\\phonenumber.js"}],"readFlow":[{"type":"assign to","from":{"name":"this","loc":{"line":123,"column":16},"id":28675,"file":"D:\\WORK\\2022\\论文相关\\benchmark\\miniapp\\998二手挖机圈\\_-1965603458_27\\pages\\phonenumber\\phonenumber.js"},"to":{"name":"a","loc":{"line":123,"column":12},"id":28674,"file":"D:\\WORK\\2022\\论文相关\\benchmark\\miniapp\\998二手挖机圈\\_-1965603458_27\\pages\\phonenumber\\phonenumber.js"}}]}]}],"writeShadows":[{"shadowVar":{"declaredName":"__object__3.formSubmit","declaredLoc":{"line":91,"column":4},"file":"D:\\WORK\\2022\\论文相关\\benchmark\\miniapp\\998二手挖机圈\\_-1965603458_27\\pages\\phonenumber\\phonenumber.js"},"writeAccess":[]}]},{"propName":".getPhoneNumber","readShadows":[{"shadowVar":{"declaredName":"__object__3.getPhoneNumber","declaredLoc":{"line":122,"column":4},"file":"D:\\WORK\\2022\\论文相关\\benchmark\\miniapp\\998二手挖机圈\\_-1965603458_27\\pages\\phonenumber\\phonenumber.js"},"readAccess":[{"leftVar":[{"declaredName":"a","declaredLoc":{"line":15,"column":12},"file":"D:\\WORK\\2022\\论文相关\\benchmark\\miniapp\\998二手挖机圈\\_-1965603458_27\\pages\\phonenumber\\phonenumber.js"}],"readFlow":[{"type":"assign to","from":{"name":"this","loc":{"line":15,"column":16},"id":28051,"file":"D:\\WORK\\2022\\论文相关\\benchmark\\miniapp\\998二手挖机圈\\_-1965603458_27\\pages\\phonenumber\\phonenumber.js"},"to":{"name":"a","loc":{"line":15,"column":12},"id":28050,"file":"D:\\WORK\\2022\\论文相关\\benchmark\\miniapp\\998二手挖机圈\\_-1965603458_27\\pages\\phonenumber\\phonenumber.js"}}]},{"leftVar":[{"declaredName":"a","declaredLoc":{"line":42,"column":12},"file":"D:\\WORK\\2022\\论文相关\\benchmark\\miniapp\\998二手挖机圈\\_-1965603458_27\\pages\\phonenumber\\phonenumber.js"}],"readFlow":[{"type":"assign to","from":{"name":"this","loc":{"line":42,"column":16},"id":28179,"file":"D:\\WORK\\2022\\论文相关\\benchmark\\miniapp\\998二手挖机圈\\_-1965603458_27\\pages\\phonenumber\\phonenumber.js"},"to":{"name":"a","loc":{"line":42,"column":12},"id":28178,"file":"D:\\WORK\\2022\\论文相关\\benchmark\\miniapp\\998二手挖机圈\\_-1965603458_27\\pages\\phonenumber\\phonenumber.js"}}]},{"leftVar":[{"declaredName":"a","declaredLoc":{"line":58,"column":12},"file":"D:\\WORK\\2022\\论文相关\\benchmark\\miniapp\\998二手挖机圈\\_-1965603458_27\\pages\\phonenumber\\phonenumber.js"}],"readFlow":[{"type":"assign to","from":{"name":"this","loc":{"line":58,"column":16},"id":28262,"file":"D:\\WORK\\2022\\论文相关\\benchmark\\miniapp\\998二手挖机圈\\_-1965603458_27\\pages\\phonenumber\\phonenumber.js"},"to":{"name":"a","loc":{"line":58,"column":12},"id":28261,"file":"D:\\WORK\\2022\\论文相关\\benchmark\\miniapp\\998二手挖机圈\\_-1965603458_27\\pages\\phonenumber\\phonenumber.js"}}]},{"leftVar":[{"declaredName":"a","declaredLoc":{"line":92,"column":12},"file":"D:\\WORK\\2022\\论文相关\\benchmark\\miniapp\\998二手挖机圈\\_-1965603458_27\\pages\\phonenumber\\phonenumber.js"}],"readFlow":[{"type":"assign to","from":{"name":"this","loc":{"line":92,"column":16},"id":28459,"file":"D:\\WORK\\2022\\论文相关\\benchmark\\miniapp\\998二手挖机圈\\_-1965603458_27\\pages\\phonenumber\\phonenumber.js"},"to":{"name":"a","loc":{"line":92,"column":12},"id":28458,"file":"D:\\WORK\\2022\\论文相关\\benchmark\\miniapp\\998二手挖机圈\\_-1965603458_27\\pages\\phonenumber\\phonenumber.js"}}]},{"leftVar":[{"declaredName":"a","declaredLoc":{"line":123,"column":12},"file":"D:\\WORK\\2022\\论文相关\\benchmark\\miniapp\\998二手挖机圈\\_-1965603458_27\\pages\\phonenumber\\phonenumber.js"}],"readFlow":[{"type":"assign to","from":{"name":"this","loc":{"line":123,"column":16},"id":28675,"file":"D:\\WORK\\2022\\论文相关\\benchmark\\miniapp\\998二手挖机圈\\_-1965603458_27\\pages\\phonenumber\\phonenumber.js"},"to":{"name":"a","loc":{"line":123,"column":12},"id":28674,"file":"D:\\WORK\\2022\\论文相关\\benchmark\\miniapp\\998二手挖机圈\\_-1965603458_27\\pages\\phonenumber\\phonenumber.js"}}]}]}],"writeShadows":[{"shadowVar":{"declaredName":"__object__3.getPhoneNumber","declaredLoc":{"line":122,"column":4},"file":"D:\\WORK\\2022\\论文相关\\benchmark\\miniapp\\998二手挖机圈\\_-1965603458_27\\pages\\phonenumber\\phonenumber.js"},"writeAccess":[]}]}]}]}