[{"id": 0, "type": "[document]", "string": null, "attribute": {}, "referenceVariable": [], "referenceFunction": [], "style": [], "inheritClass": null, "wxss": [], "page": null, "path": "D:\\WORK\\2021\\MPDF\\baseline\\ui\\佰卡管家\\addCard.wxml", "child": [1, 62, 66, 70, 79, 89], "parent": null, "matchString": [{"type": "relation", "string": "卡 号"}, {"type": "relation", "string": "cardNumber"}, {"type": "relation", "string": "输入卡号"}, {"type": "relation", "string": "所属银行"}, {"type": "relation", "string": "{{banks}}"}, {"type": "relation", "string": "bankName"}, {"type": "relation", "string": "{{bankIndex==-1?'请选择银行':banks[bankIndex].bankName}}"}, {"type": "relation", "string": "true"}, {"type": "relation", "string": "bankType"}, {"type": "relation", "string": "有效期"}, {"type": "relation", "string": "expiryDate"}, {"type": "relation", "string": "{{expiryDateMonth}}"}, {"type": "relation", "string": "{{expiryDateMonth[expiryDateMonthIndex]}}"}, {"type": "relation", "string": "月份"}, {"type": "relation", "string": "{{expiryDateYear}}"}, {"type": "relation", "string": "{{expiryDateYear[expiryDateYearIndex]}}"}, {"type": "relation", "string": "年份"}, {"type": "relation", "string": "帮助"}, {"type": "relation", "string": "CVN"}, {"type": "relation", "string": "cvn"}, {"type": "relation", "string": "输入CVN码"}, {"type": "relation", "string": "通道绑定"}, {"type": "relation", "string": "{{channels}}"}, {"type": "relation", "string": "name"}, {"type": "relation", "string": "{{channelDefaultIndex==-1?'请选择通道':channels[channelDefaultIndex].name}}"}, {"type": "relation", "string": "channelId"}, {"type": "relation", "string": "手机号码"}, {"type": "relation", "string": "phone"}, {"type": "relation", "string": "输入银行预留手机号码"}, {"type": "relation", "string": "{{channels[channelDefaultIndex].isNeedSmsCode==1?false:true}}"}, {"type": "relation", "string": "验证码"}, {"type": "relation", "string": "smsCode"}, {"type": "relation", "string": "输入验证码"}, {"type": "relation", "string": "{{codeStr}}"}, {"type": "relation", "string": "submit"}, {"type": "relation", "string": "isNeedSmsCode"}, {"type": "relation", "string": "我已同意用户协议"}, {"type": "relation", "string": " 确定"}, {"type": "relation", "string": "取消"}, {"type": "relation", "string": "确定"}, {"type": "relation", "string": "{{hiddenExpiryDate}}"}, {"type": "relation", "string": "有效期说明"}, {"type": "relation", "string": "有效期是打印在信用卡正面卡号下方,标注格式为月份在前，年份在后的数字。"}, {"type": "relation", "string": "{{hiddenCVN}}"}, {"type": "relation", "string": "CVN说明"}, {"type": "relation", "string": "cvn是打印在信用卡背面签名栏上的最后三位数字。"}, {"type": "relation", "string": "{{maskHidden}}"}, {"type": "relation", "string": "提示"}, {"type": "relation", "string": "{{reason}}"}, {"type": "relation", "string": "联系客服"}, {"type": "relation", "string": "contact"}, {"type": "relation", "string": "{{authSuccessMaskHidden}}"}, {"type": "relation", "string": "点击【下一步】认证通道"}, {"type": "relation", "string": "建议绑定所有通道，绑定通道越多，还款越容易"}, {"type": "relation", "string": "下一步"}, {"type": "relation", "string": "通知提醒"}, {"type": "relation", "string": "\n      当前银行无可用小额通道，需开通大额通道，因成本原因将会引起费率的变化。\n    "}, {"type": "relation", "string": "退出"}, {"type": "relation", "string": "开启"}, {"type": "relation", "string": "升级会员，降低费率"}]}, {"id": 1, "type": "form", "string": null, "attribute": {"bindsubmit": "formSubmitAddCard"}, "referenceVariable": [], "referenceFunction": ["formSubmitAddCard"], "style": [], "inheritClass": null, "wxss": [], "page": null, "path": "D:\\WORK\\2021\\MPDF\\baseline\\ui\\佰卡管家\\addCard.wxml", "child": [2, 52, 53, 55, 59, 60, 61], "parent": 0, "matchString": [{"type": "relation", "string": "卡 号"}, {"type": "relation", "string": "cardNumber"}, {"type": "relation", "string": "输入卡号"}, {"type": "relation", "string": "所属银行"}, {"type": "relation", "string": "{{banks}}"}, {"type": "relation", "string": "bankName"}, {"type": "relation", "string": "{{bankIndex==-1?'请选择银行':banks[bankIndex].bankName}}"}, {"type": "relation", "string": "true"}, {"type": "relation", "string": "bankType"}, {"type": "relation", "string": "有效期"}, {"type": "relation", "string": "expiryDate"}, {"type": "relation", "string": "{{expiryDateMonth}}"}, {"type": "relation", "string": "{{expiryDateMonth[expiryDateMonthIndex]}}"}, {"type": "relation", "string": "月份"}, {"type": "relation", "string": "{{expiryDateYear}}"}, {"type": "relation", "string": "{{expiryDateYear[expiryDateYearIndex]}}"}, {"type": "relation", "string": "年份"}, {"type": "relation", "string": "帮助"}, {"type": "relation", "string": "CVN"}, {"type": "relation", "string": "cvn"}, {"type": "relation", "string": "输入CVN码"}, {"type": "relation", "string": "通道绑定"}, {"type": "relation", "string": "{{channels}}"}, {"type": "relation", "string": "name"}, {"type": "relation", "string": "{{channelDefaultIndex==-1?'请选择通道':channels[channelDefaultIndex].name}}"}, {"type": "relation", "string": "channelId"}, {"type": "relation", "string": "手机号码"}, {"type": "relation", "string": "phone"}, {"type": "relation", "string": "输入银行预留手机号码"}, {"type": "relation", "string": "{{channels[channelDefaultIndex].isNeedSmsCode==1?false:true}}"}, {"type": "relation", "string": "验证码"}, {"type": "relation", "string": "smsCode"}, {"type": "relation", "string": "输入验证码"}, {"type": "relation", "string": "{{codeStr}}"}, {"type": "relation", "string": "submit"}, {"type": "relation", "string": "isNeedSmsCode"}, {"type": "relation", "string": "我已同意用户协议"}, {"type": "relation", "string": " 确定"}]}, {"id": 2, "type": "form", "string": null, "attribute": {"bindsubmit": "sendAuthCode"}, "referenceVariable": [], "referenceFunction": ["sendAuthCode"], "style": [], "inheritClass": null, "wxss": [], "page": null, "path": "D:\\WORK\\2021\\MPDF\\baseline\\ui\\佰卡管家\\addCard.wxml", "child": [3, 8, 14, 15, 16, 30, 35, 41, 42, 43, 47], "parent": 1, "matchString": [{"type": "relation", "string": "卡 号"}, {"type": "relation", "string": "cardNumber"}, {"type": "relation", "string": "输入卡号"}, {"type": "relation", "string": "所属银行"}, {"type": "relation", "string": "{{banks}}"}, {"type": "relation", "string": "bankName"}, {"type": "relation", "string": "{{bankIndex==-1?'请选择银行':banks[bankIndex].bankName}}"}, {"type": "relation", "string": "true"}, {"type": "relation", "string": "bankType"}, {"type": "relation", "string": "有效期"}, {"type": "relation", "string": "expiryDate"}, {"type": "relation", "string": "{{expiryDateMonth}}"}, {"type": "relation", "string": "{{expiryDateMonth[expiryDateMonthIndex]}}"}, {"type": "relation", "string": "月份"}, {"type": "relation", "string": "{{expiryDateYear}}"}, {"type": "relation", "string": "{{expiryDateYear[expiryDateYearIndex]}}"}, {"type": "relation", "string": "年份"}, {"type": "relation", "string": "帮助"}, {"type": "relation", "string": "CVN"}, {"type": "relation", "string": "cvn"}, {"type": "relation", "string": "输入CVN码"}, {"type": "relation", "string": "通道绑定"}, {"type": "relation", "string": "{{channels}}"}, {"type": "relation", "string": "name"}, {"type": "relation", "string": "{{channelDefaultIndex==-1?'请选择通道':channels[channelDefaultIndex].name}}"}, {"type": "relation", "string": "channelId"}, {"type": "relation", "string": "手机号码"}, {"type": "relation", "string": "phone"}, {"type": "relation", "string": "输入银行预留手机号码"}, {"type": "relation", "string": "{{channels[channelDefaultIndex].isNeedSmsCode==1?false:true}}"}, {"type": "relation", "string": "验证码"}, {"type": "relation", "string": "smsCode"}, {"type": "relation", "string": "输入验证码"}, {"type": "relation", "string": "{{codeStr}}"}, {"type": "relation", "string": "submit"}]}, {"id": 3, "type": "view", "string": null, "attribute": {"class": ["item", "view-line"]}, "referenceVariable": [], "referenceFunction": [], "style": [], "inheritClass": null, "wxss": [], "page": null, "path": "D:\\WORK\\2021\\MPDF\\baseline\\ui\\佰卡管家\\addCard.wxml", "child": [4, 5, 6, 7], "parent": 2, "matchString": [{"type": "relation", "string": "卡 号"}, {"type": "relation", "string": "cardNumber"}, {"type": "relation", "string": "输入卡号"}]}, {"id": 4, "type": "image", "string": null, "attribute": {"class": ["img-item-icon"], "mode": "aspectFit", "src": "../../images/ic_card_number.png"}, "referenceVariable": [], "referenceFunction": [], "style": [], "inheritClass": null, "wxss": [], "page": null, "path": "D:\\WORK\\2021\\MPDF\\baseline\\ui\\佰卡管家\\addCard.wxml", "child": [], "parent": 3, "matchString": []}, {"id": 5, "type": "text", "string": "卡 号", "attribute": {"class": ["item-title"]}, "referenceVariable": [], "referenceFunction": [], "style": [], "inheritClass": null, "wxss": [], "page": null, "path": "D:\\WORK\\2021\\MPDF\\baseline\\ui\\佰卡管家\\addCard.wxml", "child": [], "parent": 3, "matchString": [{"type": "self", "string": "卡 号"}]}, {"id": 6, "type": "input", "string": null, "attribute": {"bindblur": "onBlurCardNumber", "bindinput": "onInputCardNumber", "class": ["item-input"], "name": "cardNumber", "placeholder": "输入卡号", "placeholderstyle": "color:#aaa", "type": "number", "value": "{{scaneData.cardNumber}}"}, "referenceVariable": ["scaneData.cardNumber"], "referenceFunction": ["onBlurCardNumber", "onInputCardNumber"], "style": [], "inheritClass": null, "wxss": [], "page": null, "path": "D:\\WORK\\2021\\MPDF\\baseline\\ui\\佰卡管家\\addCard.wxml", "child": [], "parent": 3, "matchString": [{"type": "attr", "string": "cardNumber"}, {"type": "attr", "string": "输入卡号"}]}, {"id": 7, "type": "image", "string": null, "attribute": {"bindtap": "onClickScane", "class": ["img-photo"], "mode": "aspectFit", "src": "../../images/ic_take_photo.png"}, "referenceVariable": [], "referenceFunction": ["onClickScane"], "style": [], "inheritClass": null, "wxss": [], "page": null, "path": "D:\\WORK\\2021\\MPDF\\baseline\\ui\\佰卡管家\\addCard.wxml", "child": [], "parent": 3, "matchString": []}, {"id": 8, "type": "view", "string": null, "attribute": {"class": ["item"]}, "referenceVariable": [], "referenceFunction": [], "style": [], "inheritClass": null, "wxss": [], "page": null, "path": "D:\\WORK\\2021\\MPDF\\baseline\\ui\\佰卡管家\\addCard.wxml", "child": [9, 10, 11], "parent": 2, "matchString": [{"type": "relation", "string": "所属银行"}, {"type": "relation", "string": "{{banks}}"}, {"type": "relation", "string": "bankName"}, {"type": "relation", "string": "{{bankIndex==-1?'请选择银行':banks[bankIndex].bankName}}"}]}, {"id": 9, "type": "image", "string": null, "attribute": {"class": ["img-item-icon"], "mode": "aspectFit", "src": "../../images/ic_bank.png"}, "referenceVariable": [], "referenceFunction": [], "style": [], "inheritClass": null, "wxss": [], "page": null, "path": "D:\\WORK\\2021\\MPDF\\baseline\\ui\\佰卡管家\\addCard.wxml", "child": [], "parent": 8, "matchString": []}, {"id": 10, "type": "text", "string": "所属银行", "attribute": {"class": ["item-title"]}, "referenceVariable": [], "referenceFunction": [], "style": [], "inheritClass": null, "wxss": [], "page": null, "path": "D:\\WORK\\2021\\MPDF\\baseline\\ui\\佰卡管家\\addCard.wxml", "child": [], "parent": 8, "matchString": [{"type": "self", "string": "所属银行"}]}, {"id": 11, "type": "picker", "string": null, "attribute": {"bindchange": "bindPickerBankChange", "class": ["item-input"], "range": "{{banks}}", "rangekey": "bankName", "value": "{{bankIndex}}"}, "referenceVariable": ["banks", "bankIndex"], "referenceFunction": ["bindPickerBankChange"], "style": [], "inheritClass": null, "wxss": [], "page": null, "path": "D:\\WORK\\2021\\MPDF\\baseline\\ui\\佰卡管家\\addCard.wxml", "child": [12], "parent": 8, "matchString": [{"type": "attr", "string": "{{banks}}"}, {"type": "attr", "string": "bankName"}, {"type": "relation", "string": "{{bankIndex==-1?'请选择银行':banks[bankIndex].bankName}}"}]}, {"id": 12, "type": "view", "string": null, "attribute": {"class": ["picker"]}, "referenceVariable": [], "referenceFunction": [], "style": [], "inheritClass": null, "wxss": [], "page": null, "path": "D:\\WORK\\2021\\MPDF\\baseline\\ui\\佰卡管家\\addCard.wxml", "child": [13], "parent": 11, "matchString": [{"type": "relation", "string": "{{bankIndex==-1?'请选择银行':banks[bankIndex].bankName}}"}]}, {"id": 13, "type": "text", "string": "{{bankIndex==-1?'请选择银行':banks[bankIndex].bankName}}", "attribute": {"class": ["picker", "black-text-color"]}, "referenceVariable": [], "referenceFunction": [], "style": [], "inheritClass": null, "wxss": [], "page": null, "path": "D:\\WORK\\2021\\MPDF\\baseline\\ui\\佰卡管家\\addCard.wxml", "child": [], "parent": 12, "matchString": [{"type": "self", "string": "{{bankIndex==-1?'请选择银行':banks[bankIndex].bankName}}"}]}, {"id": 14, "type": "input", "string": null, "attribute": {"hidden": "true", "name": "bankType", "value": "{{banks[bankIndex].bankType}}"}, "referenceVariable": ["banks[bankIndex].bankType"], "referenceFunction": [], "style": [], "inheritClass": null, "wxss": [], "page": null, "path": "D:\\WORK\\2021\\MPDF\\baseline\\ui\\佰卡管家\\addCard.wxml", "child": [], "parent": 2, "matchString": [{"type": "attr", "string": "true"}, {"type": "attr", "string": "bankType"}]}, {"id": 15, "type": "view", "string": null, "attribute": {"class": ["view-blank-line"]}, "referenceVariable": [], "referenceFunction": [], "style": [], "inheritClass": null, "wxss": [], "page": null, "path": "D:\\WORK\\2021\\MPDF\\baseline\\ui\\佰卡管家\\addCard.wxml", "child": [], "parent": 2, "matchString": []}, {"id": 16, "type": "view", "string": null, "attribute": {"class": ["item", "view-line"]}, "referenceVariable": [], "referenceFunction": [], "style": [], "inheritClass": null, "wxss": [], "page": null, "path": "D:\\WORK\\2021\\MPDF\\baseline\\ui\\佰卡管家\\addCard.wxml", "child": [17, 18, 19, 20, 24, 28, 29], "parent": 2, "matchString": [{"type": "relation", "string": "有效期"}, {"type": "relation", "string": "true"}, {"type": "relation", "string": "expiryDate"}, {"type": "relation", "string": "{{expiryDateMonth}}"}, {"type": "relation", "string": "{{expiryDateMonth[expiryDateMonthIndex]}}"}, {"type": "relation", "string": "月份"}, {"type": "relation", "string": "{{expiryDateYear}}"}, {"type": "relation", "string": "{{expiryDateYear[expiryDateYearIndex]}}"}, {"type": "relation", "string": "年份"}, {"type": "relation", "string": "帮助"}]}, {"id": 17, "type": "image", "string": null, "attribute": {"class": ["img-item-icon"], "mode": "aspectFit", "src": "../../images/ic_date.png"}, "referenceVariable": [], "referenceFunction": [], "style": [], "inheritClass": null, "wxss": [], "page": null, "path": "D:\\WORK\\2021\\MPDF\\baseline\\ui\\佰卡管家\\addCard.wxml", "child": [], "parent": 16, "matchString": []}, {"id": 18, "type": "text", "string": "有效期", "attribute": {"class": ["item-title"]}, "referenceVariable": [], "referenceFunction": [], "style": [], "inheritClass": null, "wxss": [], "page": null, "path": "D:\\WORK\\2021\\MPDF\\baseline\\ui\\佰卡管家\\addCard.wxml", "child": [], "parent": 16, "matchString": [{"type": "self", "string": "有效期"}]}, {"id": 19, "type": "input", "string": null, "attribute": {"hidden": "true", "name": "expiryDate", "value": "{{expiryDateMonth[expiryDateMonthIndex]+expiryDateYear[expiryDateYearIndex]}}"}, "referenceVariable": ["expiryDateMonth[expiryDateMonthIndex]+expiryDateYear[expiryDateYearIndex]"], "referenceFunction": [], "style": [], "inheritClass": null, "wxss": [], "page": null, "path": "D:\\WORK\\2021\\MPDF\\baseline\\ui\\佰卡管家\\addCard.wxml", "child": [], "parent": 16, "matchString": [{"type": "attr", "string": "true"}, {"type": "attr", "string": "expiryDate"}]}, {"id": 20, "type": "picker", "string": null, "attribute": {"bindchange": "onPickerExpiryMonth", "class": ["item-picker-expiry-date"], "range": "{{expiryDateMonth}}"}, "referenceVariable": ["expiryDateMonth"], "referenceFunction": ["onPickerExpiryMonth"], "style": [], "inheritClass": null, "wxss": [], "page": null, "path": "D:\\WORK\\2021\\MPDF\\baseline\\ui\\佰卡管家\\addCard.wxml", "child": [21], "parent": 16, "matchString": [{"type": "attr", "string": "{{expiryDateMonth}}"}, {"type": "relation", "string": "{{expiryDateMonth[expiryDateMonthIndex]}}"}, {"type": "relation", "string": "月份"}]}, {"id": 21, "type": "view", "string": null, "attribute": {"class": ["item-picker-body"]}, "referenceVariable": [], "referenceFunction": [], "style": [], "inheritClass": null, "wxss": [], "page": null, "path": "D:\\WORK\\2021\\MPDF\\baseline\\ui\\佰卡管家\\addCard.wxml", "child": [22, 23], "parent": 20, "matchString": [{"type": "relation", "string": "{{expiryDateMonth[expiryDateMonthIndex]}}"}, {"type": "relation", "string": "月份"}]}, {"id": 22, "type": "text", "string": "{{expiryDateMonth[expiryDateMonthIndex]}}", "attribute": {"class": ["item-picker-body-date"]}, "referenceVariable": [], "referenceFunction": [], "style": [], "inheritClass": null, "wxss": [], "page": null, "path": "D:\\WORK\\2021\\MPDF\\baseline\\ui\\佰卡管家\\addCard.wxml", "child": [], "parent": 21, "matchString": [{"type": "self", "string": "{{expiryDateMonth[expiryDateMonthIndex]}}"}]}, {"id": 23, "type": "text", "string": "月份", "attribute": {"class": ["item-picker-body-tip"]}, "referenceVariable": [], "referenceFunction": [], "style": [], "inheritClass": null, "wxss": [], "page": null, "path": "D:\\WORK\\2021\\MPDF\\baseline\\ui\\佰卡管家\\addCard.wxml", "child": [], "parent": 21, "matchString": [{"type": "self", "string": "月份"}]}, {"id": 24, "type": "picker", "string": null, "attribute": {"bindchange": "onPickerExpiryYear", "class": ["item-picker-expiry-date"], "range": "{{expiryDateYear}}"}, "referenceVariable": ["expiryDateYear"], "referenceFunction": ["onPickerExpiryYear"], "style": [], "inheritClass": null, "wxss": [], "page": null, "path": "D:\\WORK\\2021\\MPDF\\baseline\\ui\\佰卡管家\\addCard.wxml", "child": [25], "parent": 16, "matchString": [{"type": "attr", "string": "{{expiryDateYear}}"}, {"type": "relation", "string": "{{expiryDateYear[expiryDateYearIndex]}}"}, {"type": "relation", "string": "年份"}]}, {"id": 25, "type": "view", "string": null, "attribute": {"class": ["item-picker-body"]}, "referenceVariable": [], "referenceFunction": [], "style": [], "inheritClass": null, "wxss": [], "page": null, "path": "D:\\WORK\\2021\\MPDF\\baseline\\ui\\佰卡管家\\addCard.wxml", "child": [26, 27], "parent": 24, "matchString": [{"type": "relation", "string": "{{expiryDateYear[expiryDateYearIndex]}}"}, {"type": "relation", "string": "年份"}]}, {"id": 26, "type": "text", "string": "{{expiryDateYear[expiryDateYearIndex]}}", "attribute": {"class": ["item-picker-body-date"]}, "referenceVariable": [], "referenceFunction": [], "style": [], "inheritClass": null, "wxss": [], "page": null, "path": "D:\\WORK\\2021\\MPDF\\baseline\\ui\\佰卡管家\\addCard.wxml", "child": [], "parent": 25, "matchString": [{"type": "self", "string": "{{expiryDateYear[expiryDateYearIndex]}}"}]}, {"id": 27, "type": "text", "string": "年份", "attribute": {"class": ["item-picker-body-tip"]}, "referenceVariable": [], "referenceFunction": [], "style": [], "inheritClass": null, "wxss": [], "page": null, "path": "D:\\WORK\\2021\\MPDF\\baseline\\ui\\佰卡管家\\addCard.wxml", "child": [], "parent": 25, "matchString": [{"type": "self", "string": "年份"}]}, {"id": 28, "type": "view", "string": null, "attribute": {"style": "flex:1;height:1rpx;"}, "referenceVariable": [], "referenceFunction": [], "style": [], "inheritClass": null, "wxss": [], "page": null, "path": "D:\\WORK\\2021\\MPDF\\baseline\\ui\\佰卡管家\\addCard.wxml", "child": [], "parent": 16, "matchString": []}, {"id": 29, "type": "text", "string": "帮助", "attribute": {"bindtap": "onShowExpiryDate", "class": ["item-btn-help"]}, "referenceVariable": [], "referenceFunction": ["onShowExpiryDate"], "style": [], "inheritClass": null, "wxss": [], "page": null, "path": "D:\\WORK\\2021\\MPDF\\baseline\\ui\\佰卡管家\\addCard.wxml", "child": [], "parent": 16, "matchString": [{"type": "self", "string": "帮助"}]}, {"id": 30, "type": "view", "string": null, "attribute": {"class": ["item", "view-line"]}, "referenceVariable": [], "referenceFunction": [], "style": [], "inheritClass": null, "wxss": [], "page": null, "path": "D:\\WORK\\2021\\MPDF\\baseline\\ui\\佰卡管家\\addCard.wxml", "child": [31, 32, 33, 34], "parent": 2, "matchString": [{"type": "relation", "string": "CVN"}, {"type": "relation", "string": "cvn"}, {"type": "relation", "string": "输入CVN码"}, {"type": "relation", "string": "帮助"}]}, {"id": 31, "type": "image", "string": null, "attribute": {"class": ["img-item-icon"], "mode": "aspectFit", "src": "../../images/ic_lock.png"}, "referenceVariable": [], "referenceFunction": [], "style": [], "inheritClass": null, "wxss": [], "page": null, "path": "D:\\WORK\\2021\\MPDF\\baseline\\ui\\佰卡管家\\addCard.wxml", "child": [], "parent": 30, "matchString": []}, {"id": 32, "type": "text", "string": "CVN", "attribute": {"class": ["item-title"]}, "referenceVariable": [], "referenceFunction": [], "style": [], "inheritClass": null, "wxss": [], "page": null, "path": "D:\\WORK\\2021\\MPDF\\baseline\\ui\\佰卡管家\\addCard.wxml", "child": [], "parent": 30, "matchString": [{"type": "self", "string": "CVN"}]}, {"id": 33, "type": "input", "string": null, "attribute": {"class": ["item-input"], "maxlength": "3", "name": "cvn", "placeholder": "输入CVN码", "placeholderstyle": "color:#aaa", "type": "number"}, "referenceVariable": [], "referenceFunction": [], "style": [], "inheritClass": null, "wxss": [], "page": null, "path": "D:\\WORK\\2021\\MPDF\\baseline\\ui\\佰卡管家\\addCard.wxml", "child": [], "parent": 30, "matchString": [{"type": "attr", "string": "cvn"}, {"type": "attr", "string": "输入CVN码"}]}, {"id": 34, "type": "text", "string": "帮助", "attribute": {"bindtap": "onShowCVN", "class": ["item-btn-help"]}, "referenceVariable": [], "referenceFunction": ["onShowCVN"], "style": [], "inheritClass": null, "wxss": [], "page": null, "path": "D:\\WORK\\2021\\MPDF\\baseline\\ui\\佰卡管家\\addCard.wxml", "child": [], "parent": 30, "matchString": [{"type": "self", "string": "帮助"}]}, {"id": 35, "type": "view", "string": null, "attribute": {"class": ["item"]}, "referenceVariable": [], "referenceFunction": [], "style": [], "inheritClass": null, "wxss": [], "page": null, "path": "D:\\WORK\\2021\\MPDF\\baseline\\ui\\佰卡管家\\addCard.wxml", "child": [36, 37, 38], "parent": 2, "matchString": [{"type": "relation", "string": "通道绑定"}, {"type": "relation", "string": "{{channels}}"}, {"type": "relation", "string": "name"}, {"type": "relation", "string": "{{channelDefaultIndex==-1?'请选择通道':channels[channelDefaultIndex].name}}"}]}, {"id": 36, "type": "image", "string": null, "attribute": {"class": ["img-item-icon"], "mode": "aspectFit", "src": "../../images/ic_channel.png"}, "referenceVariable": [], "referenceFunction": [], "style": [], "inheritClass": null, "wxss": [], "page": null, "path": "D:\\WORK\\2021\\MPDF\\baseline\\ui\\佰卡管家\\addCard.wxml", "child": [], "parent": 35, "matchString": []}, {"id": 37, "type": "text", "string": "通道绑定", "attribute": {"class": ["item-title"]}, "referenceVariable": [], "referenceFunction": [], "style": [], "inheritClass": null, "wxss": [], "page": null, "path": "D:\\WORK\\2021\\MPDF\\baseline\\ui\\佰卡管家\\addCard.wxml", "child": [], "parent": 35, "matchString": [{"type": "self", "string": "通道绑定"}]}, {"id": 38, "type": "picker", "string": null, "attribute": {"bindchange": "bindPickerChannel", "class": ["item-input"], "range": "{{channels}}", "rangekey": "name", "value": "{{channelDefaultIndex}}"}, "referenceVariable": ["channels", "channelDefaultIndex"], "referenceFunction": ["bindPickerChannel"], "style": [], "inheritClass": null, "wxss": [], "page": null, "path": "D:\\WORK\\2021\\MPDF\\baseline\\ui\\佰卡管家\\addCard.wxml", "child": [39], "parent": 35, "matchString": [{"type": "attr", "string": "{{channels}}"}, {"type": "attr", "string": "name"}, {"type": "relation", "string": "{{channelDefaultIndex==-1?'请选择通道':channels[channelDefaultIndex].name}}"}]}, {"id": 39, "type": "view", "string": null, "attribute": {"class": ["picker"]}, "referenceVariable": [], "referenceFunction": [], "style": [], "inheritClass": null, "wxss": [], "page": null, "path": "D:\\WORK\\2021\\MPDF\\baseline\\ui\\佰卡管家\\addCard.wxml", "child": [40], "parent": 38, "matchString": [{"type": "relation", "string": "{{channelDefaultIndex==-1?'请选择通道':channels[channelDefaultIndex].name}}"}]}, {"id": 40, "type": "text", "string": "{{channelDefaultIndex==-1?'请选择通道':channels[channelDefaultIndex].name}}", "attribute": {"class": ["picker", "black-text-color"]}, "referenceVariable": [], "referenceFunction": [], "style": [], "inheritClass": null, "wxss": [], "page": null, "path": "D:\\WORK\\2021\\MPDF\\baseline\\ui\\佰卡管家\\addCard.wxml", "child": [], "parent": 39, "matchString": [{"type": "self", "string": "{{channelDefaultIndex==-1?'请选择通道':channels[channelDefaultIndex].name}}"}]}, {"id": 41, "type": "input", "string": null, "attribute": {"hidden": "true", "name": "channelId", "value": "{{channels[channelDefaultIndex].channelId}}"}, "referenceVariable": ["channels[channelDefaultIndex].channelId"], "referenceFunction": [], "style": [], "inheritClass": null, "wxss": [], "page": null, "path": "D:\\WORK\\2021\\MPDF\\baseline\\ui\\佰卡管家\\addCard.wxml", "child": [], "parent": 2, "matchString": [{"type": "attr", "string": "true"}, {"type": "attr", "string": "channelId"}]}, {"id": 42, "type": "view", "string": null, "attribute": {"class": ["view-blank-line"]}, "referenceVariable": [], "referenceFunction": [], "style": [], "inheritClass": null, "wxss": [], "page": null, "path": "D:\\WORK\\2021\\MPDF\\baseline\\ui\\佰卡管家\\addCard.wxml", "child": [], "parent": 2, "matchString": []}, {"id": 43, "type": "view", "string": null, "attribute": {"class": ["item", "view-line"]}, "referenceVariable": [], "referenceFunction": [], "style": [], "inheritClass": null, "wxss": [], "page": null, "path": "D:\\WORK\\2021\\MPDF\\baseline\\ui\\佰卡管家\\addCard.wxml", "child": [44, 45, 46], "parent": 2, "matchString": [{"type": "relation", "string": "手机号码"}, {"type": "relation", "string": "phone"}, {"type": "relation", "string": "输入银行预留手机号码"}]}, {"id": 44, "type": "image", "string": null, "attribute": {"class": ["img-item-icon"], "mode": "aspectFit", "src": "../../images/ic_phone.png"}, "referenceVariable": [], "referenceFunction": [], "style": [], "inheritClass": null, "wxss": [], "page": null, "path": "D:\\WORK\\2021\\MPDF\\baseline\\ui\\佰卡管家\\addCard.wxml", "child": [], "parent": 43, "matchString": []}, {"id": 45, "type": "text", "string": "手机号码", "attribute": {"class": ["item-title"]}, "referenceVariable": [], "referenceFunction": [], "style": [], "inheritClass": null, "wxss": [], "page": null, "path": "D:\\WORK\\2021\\MPDF\\baseline\\ui\\佰卡管家\\addCard.wxml", "child": [], "parent": 43, "matchString": [{"type": "self", "string": "手机号码"}]}, {"id": 46, "type": "input", "string": null, "attribute": {"class": ["item-input"], "maxlength": "11", "name": "phone", "placeholder": "输入银行预留手机号码", "placeholderstyle": "color:#aaa", "type": "number"}, "referenceVariable": [], "referenceFunction": [], "style": [], "inheritClass": null, "wxss": [], "page": null, "path": "D:\\WORK\\2021\\MPDF\\baseline\\ui\\佰卡管家\\addCard.wxml", "child": [], "parent": 43, "matchString": [{"type": "attr", "string": "phone"}, {"type": "attr", "string": "输入银行预留手机号码"}]}, {"id": 47, "type": "view", "string": null, "attribute": {"class": ["item"], "hidden": "{{channels[channelDefaultIndex].isNeedSmsCode==1?false:true}}"}, "referenceVariable": ["channels[channelDefaultIndex].isNeedSmsCode==1?false:true"], "referenceFunction": [], "style": [], "inheritClass": null, "wxss": [], "page": null, "path": "D:\\WORK\\2021\\MPDF\\baseline\\ui\\佰卡管家\\addCard.wxml", "child": [48, 49, 50, 51], "parent": 2, "matchString": [{"type": "attr", "string": "{{channels[channelDefaultIndex].isNeedSmsCode==1?false:true}}"}, {"type": "relation", "string": "验证码"}, {"type": "relation", "string": "smsCode"}, {"type": "relation", "string": "输入验证码"}, {"type": "relation", "string": "{{codeStr}}"}, {"type": "relation", "string": "submit"}]}, {"id": 48, "type": "image", "string": null, "attribute": {"class": ["img-item-icon"], "mode": "aspectFit", "src": "../../images/ic_message.png"}, "referenceVariable": [], "referenceFunction": [], "style": [], "inheritClass": null, "wxss": [], "page": null, "path": "D:\\WORK\\2021\\MPDF\\baseline\\ui\\佰卡管家\\addCard.wxml", "child": [], "parent": 47, "matchString": []}, {"id": 49, "type": "text", "string": "验证码", "attribute": {"class": ["item-title"]}, "referenceVariable": [], "referenceFunction": [], "style": [], "inheritClass": null, "wxss": [], "page": null, "path": "D:\\WORK\\2021\\MPDF\\baseline\\ui\\佰卡管家\\addCard.wxml", "child": [], "parent": 47, "matchString": [{"type": "self", "string": "验证码"}]}, {"id": 50, "type": "input", "string": null, "attribute": {"class": ["item-input-sms"], "maxlength": "8", "name": "smsCode", "placeholder": "输入验证码", "placeholderstyle": "color:#aaa"}, "referenceVariable": [], "referenceFunction": [], "style": [], "inheritClass": null, "wxss": [], "page": null, "path": "D:\\WORK\\2021\\MPDF\\baseline\\ui\\佰卡管家\\addCard.wxml", "child": [], "parent": 47, "matchString": [{"type": "attr", "string": "smsCode"}, {"type": "attr", "string": "输入验证码"}]}, {"id": 51, "type": "button", "string": "{{codeStr}}", "attribute": {"class": ["btn-sms-code", "main-color"], "formtype": "submit"}, "referenceVariable": [], "referenceFunction": [], "style": [], "inheritClass": null, "wxss": [], "page": null, "path": "D:\\WORK\\2021\\MPDF\\baseline\\ui\\佰卡管家\\addCard.wxml", "child": [], "parent": 47, "matchString": [{"type": "self", "string": "{{codeStr}}"}, {"type": "attr", "string": "submit"}]}, {"id": 52, "type": "input", "string": null, "attribute": {"hidden": "true", "name": "isNeedSmsCode", "value": "{{isNeedSmsCode}}"}, "referenceVariable": ["isNeedSmsCode"], "referenceFunction": [], "style": [], "inheritClass": null, "wxss": [], "page": null, "path": "D:\\WORK\\2021\\MPDF\\baseline\\ui\\佰卡管家\\addCard.wxml", "child": [], "parent": 1, "matchString": [{"type": "attr", "string": "true"}, {"type": "attr", "string": "isNeedSmsCode"}, {"type": "relation", "string": "isNeedSmsCode"}]}, {"id": 53, "type": "view", "string": null, "attribute": {"class": ["tip"]}, "referenceVariable": [], "referenceFunction": [], "style": [], "inheritClass": null, "wxss": [], "page": null, "path": "D:\\WORK\\2021\\MPDF\\baseline\\ui\\佰卡管家\\addCard.wxml", "child": [54], "parent": 1, "matchString": [{"type": "relation", "string": "isNeedSmsCode"}]}, {"id": 54, "type": "image", "string": null, "attribute": {"src": "../../images/ic_red_attention.png"}, "referenceVariable": [], "referenceFunction": [], "style": [], "inheritClass": null, "wxss": [], "page": null, "path": "D:\\WORK\\2021\\MPDF\\baseline\\ui\\佰卡管家\\addCard.wxml", "child": [], "parent": 53, "matchString": []}, {"id": 55, "type": "view", "string": null, "attribute": {"class": ["agree-body"]}, "referenceVariable": [], "referenceFunction": [], "style": [], "inheritClass": null, "wxss": [], "page": null, "path": "D:\\WORK\\2021\\MPDF\\baseline\\ui\\佰卡管家\\addCard.wxml", "child": [56, 58], "parent": 1, "matchString": [{"type": "relation", "string": "我已同意用户协议"}]}, {"id": 56, "type": "checkbox-group", "string": null, "attribute": {"bindchange": "onChangeAgreement"}, "referenceVariable": [], "referenceFunction": ["onChangeAgreement"], "style": [], "inheritClass": null, "wxss": [], "page": null, "path": "D:\\WORK\\2021\\MPDF\\baseline\\ui\\佰卡管家\\addCard.wxml", "child": [57], "parent": 55, "matchString": []}, {"id": 57, "type": "checkbox", "string": null, "attribute": {"checked": "{{isShowAgreement}}"}, "referenceVariable": ["isShowAgreement"], "referenceFunction": [], "style": [], "inheritClass": null, "wxss": [], "page": null, "path": "D:\\WORK\\2021\\MPDF\\baseline\\ui\\佰卡管家\\addCard.wxml", "child": [], "parent": 56, "matchString": []}, {"id": 58, "type": "text", "string": "我已同意用户协议", "attribute": {"bindtap": "onAgreement", "class": ["small-text-size", "red"]}, "referenceVariable": [], "referenceFunction": ["onAgreement"], "style": [], "inheritClass": null, "wxss": [], "page": null, "path": "D:\\WORK\\2021\\MPDF\\baseline\\ui\\佰卡管家\\addCard.wxml", "child": [], "parent": 55, "matchString": [{"type": "self", "string": "我已同意用户协议"}]}, {"id": 59, "type": "view", "string": null, "attribute": {"style": "height:30rpx;"}, "referenceVariable": [], "referenceFunction": [], "style": [], "inheritClass": null, "wxss": [], "page": null, "path": "D:\\WORK\\2021\\MPDF\\baseline\\ui\\佰卡管家\\addCard.wxml", "child": [], "parent": 1, "matchString": [{"type": "relation", "string": "我已同意用户协议"}]}, {"id": 60, "type": "button", "string": " 确定", "attribute": {"class": ["btn-main"], "formtype": "submit"}, "referenceVariable": [], "referenceFunction": [], "style": [], "inheritClass": null, "wxss": [], "page": null, "path": "D:\\WORK\\2021\\MPDF\\baseline\\ui\\佰卡管家\\addCard.wxml", "child": [], "parent": 1, "matchString": [{"type": "self", "string": " 确定"}, {"type": "attr", "string": "submit"}, {"type": "relation", "string": "submit"}]}, {"id": 61, "type": "view", "string": null, "attribute": {"style": "height:60rpx;"}, "referenceVariable": [], "referenceFunction": [], "style": [], "inheritClass": null, "wxss": [], "page": null, "path": "D:\\WORK\\2021\\MPDF\\baseline\\ui\\佰卡管家\\addCard.wxml", "child": [], "parent": 1, "matchString": [{"type": "relation", "string": "submit"}]}, {"id": 62, "type": "modal", "string": null, "attribute": {"bindcancel": "cancelExpiryDateTip", "bindconfirm": "cancelExpiryDateTip", "canceltext": "取消", "confirmtext": "确定", "hidden": "{{hiddenExpiryDate}}", "title": "有效期说明"}, "referenceVariable": ["hiddenExpiryDate"], "referenceFunction": ["cancelExpiryDateTip"], "style": [], "inheritClass": null, "wxss": [], "page": null, "path": "D:\\WORK\\2021\\MPDF\\baseline\\ui\\佰卡管家\\addCard.wxml", "child": [63], "parent": 0, "matchString": [{"type": "attr", "string": "取消"}, {"type": "attr", "string": "确定"}, {"type": "attr", "string": "{{hiddenExpiryDate}}"}, {"type": "attr", "string": "有效期说明"}, {"type": "relation", "string": "有效期是打印在信用卡正面卡号下方,标注格式为月份在前，年份在后的数字。"}]}, {"id": 63, "type": "view", "string": null, "attribute": {"class": ["modal-help-body"]}, "referenceVariable": [], "referenceFunction": [], "style": [], "inheritClass": null, "wxss": [], "page": null, "path": "D:\\WORK\\2021\\MPDF\\baseline\\ui\\佰卡管家\\addCard.wxml", "child": [64, 65], "parent": 62, "matchString": [{"type": "relation", "string": "有效期是打印在信用卡正面卡号下方,标注格式为月份在前，年份在后的数字。"}]}, {"id": 64, "type": "image", "string": null, "attribute": {"class": ["img-expiry-date-tip"], "src": "../../images/expiry_date_tip.png"}, "referenceVariable": [], "referenceFunction": [], "style": [], "inheritClass": null, "wxss": [], "page": null, "path": "D:\\WORK\\2021\\MPDF\\baseline\\ui\\佰卡管家\\addCard.wxml", "child": [], "parent": 63, "matchString": []}, {"id": 65, "type": "text", "string": "有效期是打印在信用卡正面卡号下方,标注格式为月份在前，年份在后的数字。", "attribute": {"class": ["modal-tip"]}, "referenceVariable": [], "referenceFunction": [], "style": [], "inheritClass": null, "wxss": [], "page": null, "path": "D:\\WORK\\2021\\MPDF\\baseline\\ui\\佰卡管家\\addCard.wxml", "child": [], "parent": 63, "matchString": [{"type": "self", "string": "有效期是打印在信用卡正面卡号下方,标注格式为月份在前，年份在后的数字。"}]}, {"id": 66, "type": "modal", "string": null, "attribute": {"bindcancel": "cancelCVNTip", "bindconfirm": "cancelCVNTip", "canceltext": "取消", "confirmtext": "确定", "hidden": "{{hiddenCVN}}", "title": "CVN说明"}, "referenceVariable": ["hiddenCVN"], "referenceFunction": ["cancelCVNTip"], "style": [], "inheritClass": null, "wxss": [], "page": null, "path": "D:\\WORK\\2021\\MPDF\\baseline\\ui\\佰卡管家\\addCard.wxml", "child": [67], "parent": 0, "matchString": [{"type": "attr", "string": "取消"}, {"type": "attr", "string": "确定"}, {"type": "attr", "string": "{{hiddenCVN}}"}, {"type": "attr", "string": "CVN说明"}, {"type": "relation", "string": "cvn是打印在信用卡背面签名栏上的最后三位数字。"}]}, {"id": 67, "type": "view", "string": null, "attribute": {"class": ["modal-help-body"]}, "referenceVariable": [], "referenceFunction": [], "style": [], "inheritClass": null, "wxss": [], "page": null, "path": "D:\\WORK\\2021\\MPDF\\baseline\\ui\\佰卡管家\\addCard.wxml", "child": [68, 69], "parent": 66, "matchString": [{"type": "relation", "string": "cvn是打印在信用卡背面签名栏上的最后三位数字。"}]}, {"id": 68, "type": "image", "string": null, "attribute": {"class": ["img-cvn-tip"], "src": "../../images/cvn_tip.png"}, "referenceVariable": [], "referenceFunction": [], "style": [], "inheritClass": null, "wxss": [], "page": null, "path": "D:\\WORK\\2021\\MPDF\\baseline\\ui\\佰卡管家\\addCard.wxml", "child": [], "parent": 67, "matchString": []}, {"id": 69, "type": "text", "string": "cvn是打印在信用卡背面签名栏上的最后三位数字。", "attribute": {"class": ["modal-tip"]}, "referenceVariable": [], "referenceFunction": [], "style": [], "inheritClass": null, "wxss": [], "page": null, "path": "D:\\WORK\\2021\\MPDF\\baseline\\ui\\佰卡管家\\addCard.wxml", "child": [], "parent": 67, "matchString": [{"type": "self", "string": "cvn是打印在信用卡背面签名栏上的最后三位数字。"}]}, {"id": 70, "type": "view", "string": null, "attribute": {"class": ["mask"], "hidden": "{{maskHidden}}"}, "referenceVariable": ["maskHidden"], "referenceFunction": [], "style": [], "inheritClass": null, "wxss": [], "page": null, "path": "D:\\WORK\\2021\\MPDF\\baseline\\ui\\佰卡管家\\addCard.wxml", "child": [71], "parent": 0, "matchString": [{"type": "attr", "string": "{{maskHidden}}"}, {"type": "relation", "string": "提示"}, {"type": "relation", "string": "{{reason}}"}, {"type": "relation", "string": "取消"}, {"type": "relation", "string": "联系客服"}, {"type": "relation", "string": "contact"}]}, {"id": 71, "type": "view", "string": null, "attribute": {"class": ["mask-dialog"]}, "referenceVariable": [], "referenceFunction": [], "style": [], "inheritClass": null, "wxss": [], "page": null, "path": "D:\\WORK\\2021\\MPDF\\baseline\\ui\\佰卡管家\\addCard.wxml", "child": [72, 73, 75], "parent": 70, "matchString": [{"type": "relation", "string": "提示"}, {"type": "relation", "string": "{{reason}}"}, {"type": "relation", "string": "取消"}, {"type": "relation", "string": "联系客服"}, {"type": "relation", "string": "contact"}]}, {"id": 72, "type": "text", "string": "提示", "attribute": {"class": ["mask-title"]}, "referenceVariable": [], "referenceFunction": [], "style": [], "inheritClass": null, "wxss": [], "page": null, "path": "D:\\WORK\\2021\\MPDF\\baseline\\ui\\佰卡管家\\addCard.wxml", "child": [], "parent": 71, "matchString": [{"type": "self", "string": "提示"}]}, {"id": 73, "type": "view", "string": null, "attribute": {"class": ["mask-body"]}, "referenceVariable": [], "referenceFunction": [], "style": [], "inheritClass": null, "wxss": [], "page": null, "path": "D:\\WORK\\2021\\MPDF\\baseline\\ui\\佰卡管家\\addCard.wxml", "child": [74], "parent": 71, "matchString": [{"type": "relation", "string": "{{reason}}"}]}, {"id": 74, "type": "text", "string": "{{reason}}", "attribute": {"class": ["mask-reason"]}, "referenceVariable": [], "referenceFunction": [], "style": [], "inheritClass": null, "wxss": [], "page": null, "path": "D:\\WORK\\2021\\MPDF\\baseline\\ui\\佰卡管家\\addCard.wxml", "child": [], "parent": 73, "matchString": [{"type": "self", "string": "{{reason}}"}]}, {"id": 75, "type": "view", "string": null, "attribute": {"class": ["mask-bottom"]}, "referenceVariable": [], "referenceFunction": [], "style": [], "inheritClass": null, "wxss": [], "page": null, "path": "D:\\WORK\\2021\\MPDF\\baseline\\ui\\佰卡管家\\addCard.wxml", "child": [76, 77, 78], "parent": 71, "matchString": [{"type": "relation", "string": "取消"}, {"type": "relation", "string": "联系客服"}, {"type": "relation", "string": "contact"}]}, {"id": 76, "type": "button", "string": "取消", "attribute": {"bindtap": "onCancelMask", "class": ["btn-mask", "btn-mask-cancel"]}, "referenceVariable": [], "referenceFunction": ["onCancelMask"], "style": [], "inheritClass": null, "wxss": [], "page": null, "path": "D:\\WORK\\2021\\MPDF\\baseline\\ui\\佰卡管家\\addCard.wxml", "child": [], "parent": 75, "matchString": [{"type": "self", "string": "取消"}]}, {"id": 77, "type": "view", "string": null, "attribute": {"class": ["mask-bottom-line"]}, "referenceVariable": [], "referenceFunction": [], "style": [], "inheritClass": null, "wxss": [], "page": null, "path": "D:\\WORK\\2021\\MPDF\\baseline\\ui\\佰卡管家\\addCard.wxml", "child": [], "parent": 75, "matchString": []}, {"id": 78, "type": "button", "string": "联系客服", "attribute": {"class": ["btn-mask", "btn-mask-contact", "main-color"], "opentype": "contact"}, "referenceVariable": [], "referenceFunction": [], "style": [], "inheritClass": null, "wxss": [], "page": null, "path": "D:\\WORK\\2021\\MPDF\\baseline\\ui\\佰卡管家\\addCard.wxml", "child": [], "parent": 75, "matchString": [{"type": "self", "string": "联系客服"}, {"type": "attr", "string": "contact"}]}, {"id": 79, "type": "view", "string": null, "attribute": {"class": ["mask"], "hidden": "{{authSuccessMaskHidden}}"}, "referenceVariable": ["authSuccessMaskHidden"], "referenceFunction": [], "style": [], "inheritClass": null, "wxss": [], "page": null, "path": "D:\\WORK\\2021\\MPDF\\baseline\\ui\\佰卡管家\\addCard.wxml", "child": [80], "parent": 0, "matchString": [{"type": "attr", "string": "{{authSuccessMaskHidden}}"}, {"type": "relation", "string": "点击【下一步】认证通道"}, {"type": "relation", "string": "建议绑定所有通道，绑定通道越多，还款越容易"}, {"type": "relation", "string": "联系客服"}, {"type": "relation", "string": "contact"}, {"type": "relation", "string": "下一步"}]}, {"id": 80, "type": "view", "string": null, "attribute": {"class": ["mask-dialog"]}, "referenceVariable": [], "referenceFunction": [], "style": [], "inheritClass": null, "wxss": [], "page": null, "path": "D:\\WORK\\2021\\MPDF\\baseline\\ui\\佰卡管家\\addCard.wxml", "child": [81, 85], "parent": 79, "matchString": [{"type": "relation", "string": "点击【下一步】认证通道"}, {"type": "relation", "string": "建议绑定所有通道，绑定通道越多，还款越容易"}, {"type": "relation", "string": "联系客服"}, {"type": "relation", "string": "contact"}, {"type": "relation", "string": "下一步"}]}, {"id": 81, "type": "view", "string": null, "attribute": {"class": ["mask-body"]}, "referenceVariable": [], "referenceFunction": [], "style": [], "inheritClass": null, "wxss": [], "page": null, "path": "D:\\WORK\\2021\\MPDF\\baseline\\ui\\佰卡管家\\addCard.wxml", "child": [82, 83, 84], "parent": 80, "matchString": [{"type": "relation", "string": "点击【下一步】认证通道"}, {"type": "relation", "string": "建议绑定所有通道，绑定通道越多，还款越容易"}]}, {"id": 82, "type": "image", "string": null, "attribute": {"mode": "widthFix", "src": "../../images/ic_big_success.png", "style": "margin-top:40rpx;width:100rpx;height:100rpx;"}, "referenceVariable": [], "referenceFunction": [], "style": [], "inheritClass": null, "wxss": [], "page": null, "path": "D:\\WORK\\2021\\MPDF\\baseline\\ui\\佰卡管家\\addCard.wxml", "child": [], "parent": 81, "matchString": []}, {"id": 83, "type": "text", "string": "点击【下一步】认证通道", "attribute": {"style": "font-size:30rpx;margin-top:30rpx;margin-bottom:30rpx;"}, "referenceVariable": [], "referenceFunction": [], "style": [], "inheritClass": null, "wxss": [], "page": null, "path": "D:\\WORK\\2021\\MPDF\\baseline\\ui\\佰卡管家\\addCard.wxml", "child": [], "parent": 81, "matchString": [{"type": "self", "string": "点击【下一步】认证通道"}]}, {"id": 84, "type": "text", "string": "建议绑定所有通道，绑定通道越多，还款越容易", "attribute": {"style": "width:400rpx;display:block;font-size:28rpx;margin-bottom:40rpx;background:#ffe3e3;padding:16rpx 25rpx 16rpx 25rpx;color:#353535;"}, "referenceVariable": [], "referenceFunction": [], "style": [], "inheritClass": null, "wxss": [], "page": null, "path": "D:\\WORK\\2021\\MPDF\\baseline\\ui\\佰卡管家\\addCard.wxml", "child": [], "parent": 81, "matchString": [{"type": "self", "string": "建议绑定所有通道，绑定通道越多，还款越容易"}]}, {"id": 85, "type": "view", "string": null, "attribute": {"class": ["mask-bottom"]}, "referenceVariable": [], "referenceFunction": [], "style": [], "inheritClass": null, "wxss": [], "page": null, "path": "D:\\WORK\\2021\\MPDF\\baseline\\ui\\佰卡管家\\addCard.wxml", "child": [86, 87, 88], "parent": 80, "matchString": [{"type": "relation", "string": "联系客服"}, {"type": "relation", "string": "contact"}, {"type": "relation", "string": "下一步"}]}, {"id": 86, "type": "button", "string": "联系客服", "attribute": {"class": ["btn-mask", "btn-mask-contact"], "opentype": "contact"}, "referenceVariable": [], "referenceFunction": [], "style": [], "inheritClass": null, "wxss": [], "page": null, "path": "D:\\WORK\\2021\\MPDF\\baseline\\ui\\佰卡管家\\addCard.wxml", "child": [], "parent": 85, "matchString": [{"type": "self", "string": "联系客服"}, {"type": "attr", "string": "contact"}]}, {"id": 87, "type": "view", "string": null, "attribute": {"class": ["mask-bottom-line"]}, "referenceVariable": [], "referenceFunction": [], "style": [], "inheritClass": null, "wxss": [], "page": null, "path": "D:\\WORK\\2021\\MPDF\\baseline\\ui\\佰卡管家\\addCard.wxml", "child": [], "parent": 85, "matchString": []}, {"id": 88, "type": "button", "string": "下一步", "attribute": {"bindtap": "onNext", "class": ["btn-mask"], "style": "color:green"}, "referenceVariable": [], "referenceFunction": ["onNext"], "style": [], "inheritClass": null, "wxss": [], "page": null, "path": "D:\\WORK\\2021\\MPDF\\baseline\\ui\\佰卡管家\\addCard.wxml", "child": [], "parent": 85, "matchString": [{"type": "self", "string": "下一步"}]}, {"id": 89, "type": "view", "string": null, "attribute": {"class": ["modal-large-opening-box"], "wx:if": "{{showLargeOpeningTip}}"}, "referenceVariable": ["showLargeOpeningTip"], "referenceFunction": [], "style": [], "inheritClass": null, "wxss": [], "page": null, "path": "D:\\WORK\\2021\\MPDF\\baseline\\ui\\佰卡管家\\addCard.wxml", "child": [90], "parent": 0, "matchString": [{"type": "relation", "string": "通知提醒"}, {"type": "relation", "string": "\n      当前银行无可用小额通道，需开通大额通道，因成本原因将会引起费率的变化。\n    "}, {"type": "relation", "string": "退出"}, {"type": "relation", "string": "开启"}, {"type": "relation", "string": "升级会员，降低费率"}]}, {"id": 90, "type": "view", "string": null, "attribute": {"class": ["modal-large-opening"], "style": "background:url('../../images/bg_large_opening.jpg') white no-repeat;background-size:100%"}, "referenceVariable": [], "referenceFunction": [], "style": [], "inheritClass": null, "wxss": [], "page": null, "path": "D:\\WORK\\2021\\MPDF\\baseline\\ui\\佰卡管家\\addCard.wxml", "child": [91, 92, 93, 96], "parent": 89, "matchString": [{"type": "relation", "string": "通知提醒"}, {"type": "relation", "string": "\n      当前银行无可用小额通道，需开通大额通道，因成本原因将会引起费率的变化。\n    "}, {"type": "relation", "string": "退出"}, {"type": "relation", "string": "开启"}, {"type": "relation", "string": "升级会员，降低费率"}]}, {"id": 91, "type": "view", "string": "通知提醒", "attribute": {"class": ["modal-large-opening-title"]}, "referenceVariable": [], "referenceFunction": [], "style": [], "inheritClass": null, "wxss": [], "page": null, "path": "D:\\WORK\\2021\\MPDF\\baseline\\ui\\佰卡管家\\addCard.wxml", "child": [], "parent": 90, "matchString": [{"type": "self", "string": "通知提醒"}]}, {"id": 92, "type": "view", "string": "\n      当前银行无可用小额通道，需开通大额通道，因成本原因将会引起费率的变化。\n    ", "attribute": {"class": ["modal-large-opening-content"]}, "referenceVariable": [], "referenceFunction": [], "style": [], "inheritClass": null, "wxss": [], "page": null, "path": "D:\\WORK\\2021\\MPDF\\baseline\\ui\\佰卡管家\\addCard.wxml", "child": [], "parent": 90, "matchString": [{"type": "self", "string": "\n      当前银行无可用小额通道，需开通大额通道，因成本原因将会引起费率的变化。\n    "}]}, {"id": 93, "type": "view", "string": null, "attribute": {"class": ["modal-large-opening-btn"]}, "referenceVariable": [], "referenceFunction": [], "style": [], "inheritClass": null, "wxss": [], "page": null, "path": "D:\\WORK\\2021\\MPDF\\baseline\\ui\\佰卡管家\\addCard.wxml", "child": [94, 95], "parent": 90, "matchString": [{"type": "relation", "string": "退出"}, {"type": "relation", "string": "开启"}]}, {"id": 94, "type": "button", "string": "退出", "attribute": {"bindtap": "changeLargeOpeningTip"}, "referenceVariable": [], "referenceFunction": ["changeLargeOpeningTip"], "style": [], "inheritClass": null, "wxss": [], "page": null, "path": "D:\\WORK\\2021\\MPDF\\baseline\\ui\\佰卡管家\\addCard.wxml", "child": [], "parent": 93, "matchString": [{"type": "self", "string": "退出"}]}, {"id": 95, "type": "button", "string": "开启", "attribute": {"bindtap": "largeOpening"}, "referenceVariable": [], "referenceFunction": ["largeOpening"], "style": [], "inheritClass": null, "wxss": [], "page": null, "path": "D:\\WORK\\2021\\MPDF\\baseline\\ui\\佰卡管家\\addCard.wxml", "child": [], "parent": 93, "matchString": [{"type": "self", "string": "开启"}]}, {"id": 96, "type": "view", "string": "升级会员，降低费率", "attribute": {"bindtap": "toMemberPage", "class": ["beMember"]}, "referenceVariable": [], "referenceFunction": ["toMemberPage"], "style": [], "inheritClass": null, "wxss": [], "page": null, "path": "D:\\WORK\\2021\\MPDF\\baseline\\ui\\佰卡管家\\addCard.wxml", "child": [], "parent": 90, "matchString": [{"type": "self", "string": "升级会员，降低费率"}]}]