{"definedData":[],"dynamicDefinedData":[{"shadowObjectVar":"__object__4","dynamicDefinedProps":[{"propName":".total_page","readShadows":[{"shadowVar":{"declaredName":"__object__4.total_page","file":"D:\\WORK\\2022\\论文相关\\benchmark\\miniapp\\998二手挖机圈\\_-1965603458_27\\pages\\followmewho\\followmewho.js"},"readAccess":[]}],"writeShadows":[{"shadowVar":{"declaredName":"__object__4.total_page","file":"D:\\WORK\\2022\\论文相关\\benchmark\\miniapp\\998二手挖机圈\\_-1965603458_27\\pages\\followmewho\\followmewho.js"},"writeAccess":[{"rightVar":[{"declaredName":"a.data.total_page","file":"D:\\WORK\\2022\\论文相关\\benchmark\\miniapp\\998二手挖机圈\\_-1965603458_27\\pages\\followmewho\\followmewho.js"}],"writeFlow":[{"type":"assign to","from":{"name":"a.data.total_page","loc":{"line":26,"column":58},"id":19403,"file":"D:\\WORK\\2022\\论文相关\\benchmark\\miniapp\\998二手挖机圈\\_-1965603458_27\\pages\\followmewho\\followmewho.js"},"to":{"name":"t.data.total_page","loc":{"line":26,"column":38},"id":19398,"file":"D:\\WORK\\2022\\论文相关\\benchmark\\miniapp\\998二手挖机圈\\_-1965603458_27\\pages\\followmewho\\followmewho.js"}},{"type":"read","from":{"name":"a","loc":{"line":25,"column":34},"id":19389,"file":"D:\\WORK\\2022\\论文相关\\benchmark\\miniapp\\998二手挖机圈\\_-1965603458_27\\pages\\followmewho\\followmewho.js","fromSource":{"api":"wx.request","loc":{"line":15,"column":16},"type":"API:callback","file":"D:\\WORK\\2022\\论文相关\\benchmark\\miniapp\\998二手挖机圈\\_-1965603458_27\\pages\\followmewho\\followmewho.js"}},"to":{"name":"a.data.total_page","loc":{"line":26,"column":58},"id":19403,"file":"D:\\WORK\\2022\\论文相关\\benchmark\\miniapp\\998二手挖机圈\\_-1965603458_27\\pages\\followmewho\\followmewho.js"}}]}]}]},{"propName":".ldhide","readShadows":[{"shadowVar":{"declaredName":"__object__4.ldhide","declaredLoc":{"line":5,"column":8},"file":"D:\\WORK\\2022\\论文相关\\benchmark\\miniapp\\998二手挖机圈\\_-1965603458_27\\pages\\followmewho\\followmewho.js"},"readAccess":[{"leftVar":[{"declaredName":"__object__3.data","declaredLoc":{"line":4,"column":4},"file":"D:\\WORK\\2022\\论文相关\\benchmark\\miniapp\\998二手挖机圈\\_-1965603458_27\\pages\\followmewho\\followmewho.js"}],"readFlow":[{"type":"assign to","from":{"name":"ldhide","loc":{"line":5,"column":8},"id":19308,"file":"D:\\WORK\\2022\\论文相关\\benchmark\\miniapp\\998二手挖机圈\\_-1965603458_27\\pages\\followmewho\\followmewho.js"},"to":{"name":"data","loc":{"line":4,"column":4},"id":19305,"file":"D:\\WORK\\2022\\论文相关\\benchmark\\miniapp\\998二手挖机圈\\_-1965603458_27\\pages\\followmewho\\followmewho.js"}},{"type":"to callee","from":{"name":"data","loc":{"line":4,"column":4},"id":19305,"file":"D:\\WORK\\2022\\论文相关\\benchmark\\miniapp\\998二手挖机圈\\_-1965603458_27\\pages\\followmewho\\followmewho.js"},"to":{"name":"Page","loc":{"line":3,"column":0},"id":19302,"file":"D:\\WORK\\2022\\论文相关\\benchmark\\miniapp\\998二手挖机圈\\_-1965603458_27\\pages\\followmewho\\followmewho.js"}},{"type":"read","from":{"name":"data","loc":{"line":4,"column":4},"id":19305,"file":"D:\\WORK\\2022\\论文相关\\benchmark\\miniapp\\998二手挖机圈\\_-1965603458_27\\pages\\followmewho\\followmewho.js"},"to":{"name":"this","loc":{"line":10,"column":16},"id":19323,"file":"D:\\WORK\\2022\\论文相关\\benchmark\\miniapp\\998二手挖机圈\\_-1965603458_27\\pages\\followmewho\\followmewho.js"}},{"type":"read","from":{"name":"data","loc":{"line":4,"column":4},"id":19305,"file":"D:\\WORK\\2022\\论文相关\\benchmark\\miniapp\\998二手挖机圈\\_-1965603458_27\\pages\\followmewho\\followmewho.js"},"to":{"name":"this","loc":{"line":36,"column":16},"id":19460,"file":"D:\\WORK\\2022\\论文相关\\benchmark\\miniapp\\998二手挖机圈\\_-1965603458_27\\pages\\followmewho\\followmewho.js"}},{"type":"assign to","from":{"name":"this","loc":{"line":36,"column":16},"id":19460,"file":"D:\\WORK\\2022\\论文相关\\benchmark\\miniapp\\998二手挖机圈\\_-1965603458_27\\pages\\followmewho\\followmewho.js"},"to":{"name":"a","loc":{"line":36,"column":12},"id":19459,"file":"D:\\WORK\\2022\\论文相关\\benchmark\\miniapp\\998二手挖机圈\\_-1965603458_27\\pages\\followmewho\\followmewho.js"}},{"type":"assign to","from":{"name":"this","loc":{"line":10,"column":16},"id":19323,"file":"D:\\WORK\\2022\\论文相关\\benchmark\\miniapp\\998二手挖机圈\\_-1965603458_27\\pages\\followmewho\\followmewho.js"},"to":{"name":"t","loc":{"line":10,"column":12},"id":19322,"file":"D:\\WORK\\2022\\论文相关\\benchmark\\miniapp\\998二手挖机圈\\_-1965603458_27\\pages\\followmewho\\followmewho.js"}}]}]}],"writeShadows":[{"shadowVar":{"declaredName":"__object__4.ldhide","declaredLoc":{"line":5,"column":8},"file":"D:\\WORK\\2022\\论文相关\\benchmark\\miniapp\\998二手挖机圈\\_-1965603458_27\\pages\\followmewho\\followmewho.js"},"writeAccess":[]}]},{"propName":".dever_list","readShadows":[{"shadowVar":{"declaredName":"__object__4.dever_list","declaredLoc":{"line":6,"column":8},"file":"D:\\WORK\\2022\\论文相关\\benchmark\\miniapp\\998二手挖机圈\\_-1965603458_27\\pages\\followmewho\\followmewho.js"},"readAccess":[{"leftVar":[{"declaredName":"__object__3.data","declaredLoc":{"line":4,"column":4},"file":"D:\\WORK\\2022\\论文相关\\benchmark\\miniapp\\998二手挖机圈\\_-1965603458_27\\pages\\followmewho\\followmewho.js"}],"readFlow":[{"type":"assign to","from":{"name":"dever_list","loc":{"line":6,"column":8},"id":19311,"file":"D:\\WORK\\2022\\论文相关\\benchmark\\miniapp\\998二手挖机圈\\_-1965603458_27\\pages\\followmewho\\followmewho.js"},"to":{"name":"data","loc":{"line":4,"column":4},"id":19305,"file":"D:\\WORK\\2022\\论文相关\\benchmark\\miniapp\\998二手挖机圈\\_-1965603458_27\\pages\\followmewho\\followmewho.js"}},{"type":"to callee","from":{"name":"data","loc":{"line":4,"column":4},"id":19305,"file":"D:\\WORK\\2022\\论文相关\\benchmark\\miniapp\\998二手挖机圈\\_-1965603458_27\\pages\\followmewho\\followmewho.js"},"to":{"name":"Page","loc":{"line":3,"column":0},"id":19302,"file":"D:\\WORK\\2022\\论文相关\\benchmark\\miniapp\\998二手挖机圈\\_-1965603458_27\\pages\\followmewho\\followmewho.js"}},{"type":"read","from":{"name":"data","loc":{"line":4,"column":4},"id":19305,"file":"D:\\WORK\\2022\\论文相关\\benchmark\\miniapp\\998二手挖机圈\\_-1965603458_27\\pages\\followmewho\\followmewho.js"},"to":{"name":"this","loc":{"line":10,"column":16},"id":19323,"file":"D:\\WORK\\2022\\论文相关\\benchmark\\miniapp\\998二手挖机圈\\_-1965603458_27\\pages\\followmewho\\followmewho.js"}},{"type":"read","from":{"name":"data","loc":{"line":4,"column":4},"id":19305,"file":"D:\\WORK\\2022\\论文相关\\benchmark\\miniapp\\998二手挖机圈\\_-1965603458_27\\pages\\followmewho\\followmewho.js"},"to":{"name":"this","loc":{"line":36,"column":16},"id":19460,"file":"D:\\WORK\\2022\\论文相关\\benchmark\\miniapp\\998二手挖机圈\\_-1965603458_27\\pages\\followmewho\\followmewho.js"}},{"type":"assign to","from":{"name":"this","loc":{"line":36,"column":16},"id":19460,"file":"D:\\WORK\\2022\\论文相关\\benchmark\\miniapp\\998二手挖机圈\\_-1965603458_27\\pages\\followmewho\\followmewho.js"},"to":{"name":"a","loc":{"line":36,"column":12},"id":19459,"file":"D:\\WORK\\2022\\论文相关\\benchmark\\miniapp\\998二手挖机圈\\_-1965603458_27\\pages\\followmewho\\followmewho.js"}},{"type":"assign to","from":{"name":"this","loc":{"line":10,"column":16},"id":19323,"file":"D:\\WORK\\2022\\论文相关\\benchmark\\miniapp\\998二手挖机圈\\_-1965603458_27\\pages\\followmewho\\followmewho.js"},"to":{"name":"t","loc":{"line":10,"column":12},"id":19322,"file":"D:\\WORK\\2022\\论文相关\\benchmark\\miniapp\\998二手挖机圈\\_-1965603458_27\\pages\\followmewho\\followmewho.js"}}]},{"leftVar":[{"declaredName":"__object__28.dever_list","declaredLoc":{"line":29,"column":24},"file":"D:\\WORK\\2022\\论文相关\\benchmark\\miniapp\\998二手挖机圈\\_-1965603458_27\\pages\\followmewho\\followmewho.js"}],"readFlow":[{"type":"assign to","from":{"name":"t.data.dever_list","loc":{"line":29,"column":36},"id":19448,"file":"D:\\WORK\\2022\\论文相关\\benchmark\\miniapp\\998二手挖机圈\\_-1965603458_27\\pages\\followmewho\\followmewho.js"},"to":{"name":"dever_list","loc":{"line":29,"column":24},"id":19447,"file":"D:\\WORK\\2022\\论文相关\\benchmark\\miniapp\\998二手挖机圈\\_-1965603458_27\\pages\\followmewho\\followmewho.js"}},{"type":"to callee","from":{"name":"dever_list","loc":{"line":29,"column":24},"id":19447,"file":"D:\\WORK\\2022\\论文相关\\benchmark\\miniapp\\998二手挖机圈\\_-1965603458_27\\pages\\followmewho\\followmewho.js"},"to":{"name":"t.setData","loc":{"line":28,"column":20},"id":19442,"file":"D:\\WORK\\2022\\论文相关\\benchmark\\miniapp\\998二手挖机圈\\_-1965603458_27\\pages\\followmewho\\followmewho.js"}}]}]}],"writeShadows":[{"shadowVar":{"declaredName":"__object__4.dever_list","declaredLoc":{"line":6,"column":8},"file":"D:\\WORK\\2022\\论文相关\\benchmark\\miniapp\\998二手挖机圈\\_-1965603458_27\\pages\\followmewho\\followmewho.js"},"writeAccess":[]}]},{"propName":".page","readShadows":[{"shadowVar":{"declaredName":"__object__4.page","declaredLoc":{"line":7,"column":8},"file":"D:\\WORK\\2022\\论文相关\\benchmark\\miniapp\\998二手挖机圈\\_-1965603458_27\\pages\\followmewho\\followmewho.js"},"readAccess":[{"leftVar":[{"declaredName":"__object__3.data","declaredLoc":{"line":4,"column":4},"file":"D:\\WORK\\2022\\论文相关\\benchmark\\miniapp\\998二手挖机圈\\_-1965603458_27\\pages\\followmewho\\followmewho.js"}],"readFlow":[{"type":"assign to","from":{"name":"page","loc":{"line":7,"column":8},"id":19314,"file":"D:\\WORK\\2022\\论文相关\\benchmark\\miniapp\\998二手挖机圈\\_-1965603458_27\\pages\\followmewho\\followmewho.js"},"to":{"name":"data","loc":{"line":4,"column":4},"id":19305,"file":"D:\\WORK\\2022\\论文相关\\benchmark\\miniapp\\998二手挖机圈\\_-1965603458_27\\pages\\followmewho\\followmewho.js"}},{"type":"to callee","from":{"name":"data","loc":{"line":4,"column":4},"id":19305,"file":"D:\\WORK\\2022\\论文相关\\benchmark\\miniapp\\998二手挖机圈\\_-1965603458_27\\pages\\followmewho\\followmewho.js"},"to":{"name":"Page","loc":{"line":3,"column":0},"id":19302,"file":"D:\\WORK\\2022\\论文相关\\benchmark\\miniapp\\998二手挖机圈\\_-1965603458_27\\pages\\followmewho\\followmewho.js"}},{"type":"read","from":{"name":"data","loc":{"line":4,"column":4},"id":19305,"file":"D:\\WORK\\2022\\论文相关\\benchmark\\miniapp\\998二手挖机圈\\_-1965603458_27\\pages\\followmewho\\followmewho.js"},"to":{"name":"this","loc":{"line":10,"column":16},"id":19323,"file":"D:\\WORK\\2022\\论文相关\\benchmark\\miniapp\\998二手挖机圈\\_-1965603458_27\\pages\\followmewho\\followmewho.js"}},{"type":"read","from":{"name":"data","loc":{"line":4,"column":4},"id":19305,"file":"D:\\WORK\\2022\\论文相关\\benchmark\\miniapp\\998二手挖机圈\\_-1965603458_27\\pages\\followmewho\\followmewho.js"},"to":{"name":"this","loc":{"line":36,"column":16},"id":19460,"file":"D:\\WORK\\2022\\论文相关\\benchmark\\miniapp\\998二手挖机圈\\_-1965603458_27\\pages\\followmewho\\followmewho.js"}},{"type":"assign to","from":{"name":"this","loc":{"line":36,"column":16},"id":19460,"file":"D:\\WORK\\2022\\论文相关\\benchmark\\miniapp\\998二手挖机圈\\_-1965603458_27\\pages\\followmewho\\followmewho.js"},"to":{"name":"a","loc":{"line":36,"column":12},"id":19459,"file":"D:\\WORK\\2022\\论文相关\\benchmark\\miniapp\\998二手挖机圈\\_-1965603458_27\\pages\\followmewho\\followmewho.js"}},{"type":"assign to","from":{"name":"this","loc":{"line":10,"column":16},"id":19323,"file":"D:\\WORK\\2022\\论文相关\\benchmark\\miniapp\\998二手挖机圈\\_-1965603458_27\\pages\\followmewho\\followmewho.js"},"to":{"name":"t","loc":{"line":10,"column":12},"id":19322,"file":"D:\\WORK\\2022\\论文相关\\benchmark\\miniapp\\998二手挖机圈\\_-1965603458_27\\pages\\followmewho\\followmewho.js"}}]},{"leftVar":[{"declaredName":"__object__21.page","declaredLoc":{"line":22,"column":20},"file":"D:\\WORK\\2022\\论文相关\\benchmark\\miniapp\\998二手挖机圈\\_-1965603458_27\\pages\\followmewho\\followmewho.js"}],"readFlow":[{"type":"assign to","from":{"name":"t.data.page","loc":{"line":22,"column":26},"id":19372,"file":"D:\\WORK\\2022\\论文相关\\benchmark\\miniapp\\998二手挖机圈\\_-1965603458_27\\pages\\followmewho\\followmewho.js"},"to":{"name":"page","loc":{"line":22,"column":20},"id":19371,"file":"D:\\WORK\\2022\\论文相关\\benchmark\\miniapp\\998二手挖机圈\\_-1965603458_27\\pages\\followmewho\\followmewho.js"}},{"type":"assign to","from":{"name":"page","loc":{"line":22,"column":20},"id":19371,"file":"D:\\WORK\\2022\\论文相关\\benchmark\\miniapp\\998二手挖机圈\\_-1965603458_27\\pages\\followmewho\\followmewho.js"},"to":{"name":"data","loc":{"line":21,"column":16},"id":19368,"file":"D:\\WORK\\2022\\论文相关\\benchmark\\miniapp\\998二手挖机圈\\_-1965603458_27\\pages\\followmewho\\followmewho.js"}},{"type":"to callee","from":{"name":"page","loc":{"line":22,"column":20},"id":19371,"file":"D:\\WORK\\2022\\论文相关\\benchmark\\miniapp\\998二手挖机圈\\_-1965603458_27\\pages\\followmewho\\followmewho.js"},"to":{"name":"wx.request","loc":{"line":15,"column":16},"id":19351,"file":"D:\\WORK\\2022\\论文相关\\benchmark\\miniapp\\998二手挖机圈\\_-1965603458_27\\pages\\followmewho\\followmewho.js","sink":true}},{"type":"to callee","from":{"name":"data","loc":{"line":21,"column":16},"id":19368,"file":"D:\\WORK\\2022\\论文相关\\benchmark\\miniapp\\998二手挖机圈\\_-1965603458_27\\pages\\followmewho\\followmewho.js"},"to":{"name":"wx.request","loc":{"line":15,"column":16},"id":19351,"file":"D:\\WORK\\2022\\论文相关\\benchmark\\miniapp\\998二手挖机圈\\_-1965603458_27\\pages\\followmewho\\followmewho.js","sink":true}}]}]}],"writeShadows":[{"shadowVar":{"declaredName":"__object__4.page","declaredLoc":{"line":7,"column":8},"file":"D:\\WORK\\2022\\论文相关\\benchmark\\miniapp\\998二手挖机圈\\_-1965603458_27\\pages\\followmewho\\followmewho.js"},"writeAccess":[]}]},{"propName":".dever_list.push","readShadows":[{"shadowVar":{"declaredName":"__object__4.dever_list.push","file":"D:\\WORK\\2022\\论文相关\\benchmark\\miniapp\\998二手挖机圈\\_-1965603458_27\\pages\\followmewho\\followmewho.js"},"readAccess":[{"leftVar":[{"declaredName":"__object__28.dever_list","declaredLoc":{"line":29,"column":24},"file":"D:\\WORK\\2022\\论文相关\\benchmark\\miniapp\\998二手挖机圈\\_-1965603458_27\\pages\\followmewho\\followmewho.js"}],"readFlow":[{"type":"assign to","from":{"name":"t.data.dever_list","loc":{"line":29,"column":36},"id":19448,"file":"D:\\WORK\\2022\\论文相关\\benchmark\\miniapp\\998二手挖机圈\\_-1965603458_27\\pages\\followmewho\\followmewho.js"},"to":{"name":"dever_list","loc":{"line":29,"column":24},"id":19447,"file":"D:\\WORK\\2022\\论文相关\\benchmark\\miniapp\\998二手挖机圈\\_-1965603458_27\\pages\\followmewho\\followmewho.js"}},{"type":"to callee","from":{"name":"dever_list","loc":{"line":29,"column":24},"id":19447,"file":"D:\\WORK\\2022\\论文相关\\benchmark\\miniapp\\998二手挖机圈\\_-1965603458_27\\pages\\followmewho\\followmewho.js"},"to":{"name":"t.setData","loc":{"line":28,"column":20},"id":19442,"file":"D:\\WORK\\2022\\论文相关\\benchmark\\miniapp\\998二手挖机圈\\_-1965603458_27\\pages\\followmewho\\followmewho.js"}}]}]}],"writeShadows":[{"shadowVar":{"declaredName":"__object__4.dever_list.push","file":"D:\\WORK\\2022\\论文相关\\benchmark\\miniapp\\998二手挖机圈\\_-1965603458_27\\pages\\followmewho\\followmewho.js"},"writeAccess":[]}]}]},{"shadowObjectVar":"__object__3","dynamicDefinedProps":[{"propName":".setData","readShadows":[{"shadowVar":{"declaredName":"__object__3.setData","file":"D:\\WORK\\2022\\论文相关\\benchmark\\miniapp\\998二手挖机圈\\_-1965603458_27\\pages\\followmewho\\followmewho.js"},"readAccess":[{"leftVar":[{"declaredName":"t","declaredLoc":{"line":10,"column":12},"file":"D:\\WORK\\2022\\论文相关\\benchmark\\miniapp\\998二手挖机圈\\_-1965603458_27\\pages\\followmewho\\followmewho.js"}],"readFlow":[{"type":"assign to","from":{"name":"this","loc":{"line":10,"column":16},"id":19323,"file":"D:\\WORK\\2022\\论文相关\\benchmark\\miniapp\\998二手挖机圈\\_-1965603458_27\\pages\\followmewho\\followmewho.js"},"to":{"name":"t","loc":{"line":10,"column":12},"id":19322,"file":"D:\\WORK\\2022\\论文相关\\benchmark\\miniapp\\998二手挖机圈\\_-1965603458_27\\pages\\followmewho\\followmewho.js"}}]},{"leftVar":[{"declaredName":"a","declaredLoc":{"line":36,"column":12},"file":"D:\\WORK\\2022\\论文相关\\benchmark\\miniapp\\998二手挖机圈\\_-1965603458_27\\pages\\followmewho\\followmewho.js"}],"readFlow":[{"type":"assign to","from":{"name":"this","loc":{"line":36,"column":16},"id":19460,"file":"D:\\WORK\\2022\\论文相关\\benchmark\\miniapp\\998二手挖机圈\\_-1965603458_27\\pages\\followmewho\\followmewho.js"},"to":{"name":"a","loc":{"line":36,"column":12},"id":19459,"file":"D:\\WORK\\2022\\论文相关\\benchmark\\miniapp\\998二手挖机圈\\_-1965603458_27\\pages\\followmewho\\followmewho.js"}}]}]}],"writeShadows":[{"shadowVar":{"declaredName":"__object__3.setData","file":"D:\\WORK\\2022\\论文相关\\benchmark\\miniapp\\998二手挖机圈\\_-1965603458_27\\pages\\followmewho\\followmewho.js"},"writeAccess":[]}]},{"propName":".data","readShadows":[{"shadowVar":{"declaredName":"__object__3.data","declaredLoc":{"line":4,"column":4},"file":"D:\\WORK\\2022\\论文相关\\benchmark\\miniapp\\998二手挖机圈\\_-1965603458_27\\pages\\followmewho\\followmewho.js"},"readAccess":[{"leftVar":[{"declaredName":"t","declaredLoc":{"line":10,"column":12},"file":"D:\\WORK\\2022\\论文相关\\benchmark\\miniapp\\998二手挖机圈\\_-1965603458_27\\pages\\followmewho\\followmewho.js"}],"readFlow":[{"type":"assign to","from":{"name":"this","loc":{"line":10,"column":16},"id":19323,"file":"D:\\WORK\\2022\\论文相关\\benchmark\\miniapp\\998二手挖机圈\\_-1965603458_27\\pages\\followmewho\\followmewho.js"},"to":{"name":"t","loc":{"line":10,"column":12},"id":19322,"file":"D:\\WORK\\2022\\论文相关\\benchmark\\miniapp\\998二手挖机圈\\_-1965603458_27\\pages\\followmewho\\followmewho.js"}}]},{"leftVar":[{"declaredName":"a","declaredLoc":{"line":36,"column":12},"file":"D:\\WORK\\2022\\论文相关\\benchmark\\miniapp\\998二手挖机圈\\_-1965603458_27\\pages\\followmewho\\followmewho.js"}],"readFlow":[{"type":"assign to","from":{"name":"this","loc":{"line":36,"column":16},"id":19460,"file":"D:\\WORK\\2022\\论文相关\\benchmark\\miniapp\\998二手挖机圈\\_-1965603458_27\\pages\\followmewho\\followmewho.js"},"to":{"name":"a","loc":{"line":36,"column":12},"id":19459,"file":"D:\\WORK\\2022\\论文相关\\benchmark\\miniapp\\998二手挖机圈\\_-1965603458_27\\pages\\followmewho\\followmewho.js"}}]}]}],"writeShadows":[{"shadowVar":{"declaredName":"__object__3.data","declaredLoc":{"line":4,"column":4},"file":"D:\\WORK\\2022\\论文相关\\benchmark\\miniapp\\998二手挖机圈\\_-1965603458_27\\pages\\followmewho\\followmewho.js"},"writeAccess":[]}]},{"propName":".onLoad","readShadows":[{"shadowVar":{"declaredName":"__object__3.onLoad","declaredLoc":{"line":9,"column":4},"file":"D:\\WORK\\2022\\论文相关\\benchmark\\miniapp\\998二手挖机圈\\_-1965603458_27\\pages\\followmewho\\followmewho.js"},"readAccess":[{"leftVar":[{"declaredName":"t","declaredLoc":{"line":10,"column":12},"file":"D:\\WORK\\2022\\论文相关\\benchmark\\miniapp\\998二手挖机圈\\_-1965603458_27\\pages\\followmewho\\followmewho.js"}],"readFlow":[{"type":"assign to","from":{"name":"this","loc":{"line":10,"column":16},"id":19323,"file":"D:\\WORK\\2022\\论文相关\\benchmark\\miniapp\\998二手挖机圈\\_-1965603458_27\\pages\\followmewho\\followmewho.js"},"to":{"name":"t","loc":{"line":10,"column":12},"id":19322,"file":"D:\\WORK\\2022\\论文相关\\benchmark\\miniapp\\998二手挖机圈\\_-1965603458_27\\pages\\followmewho\\followmewho.js"}}]},{"leftVar":[{"declaredName":"a","declaredLoc":{"line":36,"column":12},"file":"D:\\WORK\\2022\\论文相关\\benchmark\\miniapp\\998二手挖机圈\\_-1965603458_27\\pages\\followmewho\\followmewho.js"}],"readFlow":[{"type":"assign to","from":{"name":"this","loc":{"line":36,"column":16},"id":19460,"file":"D:\\WORK\\2022\\论文相关\\benchmark\\miniapp\\998二手挖机圈\\_-1965603458_27\\pages\\followmewho\\followmewho.js"},"to":{"name":"a","loc":{"line":36,"column":12},"id":19459,"file":"D:\\WORK\\2022\\论文相关\\benchmark\\miniapp\\998二手挖机圈\\_-1965603458_27\\pages\\followmewho\\followmewho.js"}}]}]}],"writeShadows":[{"shadowVar":{"declaredName":"__object__3.onLoad","declaredLoc":{"line":9,"column":4},"file":"D:\\WORK\\2022\\论文相关\\benchmark\\miniapp\\998二手挖机圈\\_-1965603458_27\\pages\\followmewho\\followmewho.js"},"writeAccess":[]}]},{"propName":".onReachBottom","readShadows":[{"shadowVar":{"declaredName":"__object__3.onReachBottom","declaredLoc":{"line":35,"column":4},"file":"D:\\WORK\\2022\\论文相关\\benchmark\\miniapp\\998二手挖机圈\\_-1965603458_27\\pages\\followmewho\\followmewho.js"},"readAccess":[{"leftVar":[{"declaredName":"t","declaredLoc":{"line":10,"column":12},"file":"D:\\WORK\\2022\\论文相关\\benchmark\\miniapp\\998二手挖机圈\\_-1965603458_27\\pages\\followmewho\\followmewho.js"}],"readFlow":[{"type":"assign to","from":{"name":"this","loc":{"line":10,"column":16},"id":19323,"file":"D:\\WORK\\2022\\论文相关\\benchmark\\miniapp\\998二手挖机圈\\_-1965603458_27\\pages\\followmewho\\followmewho.js"},"to":{"name":"t","loc":{"line":10,"column":12},"id":19322,"file":"D:\\WORK\\2022\\论文相关\\benchmark\\miniapp\\998二手挖机圈\\_-1965603458_27\\pages\\followmewho\\followmewho.js"}}]},{"leftVar":[{"declaredName":"a","declaredLoc":{"line":36,"column":12},"file":"D:\\WORK\\2022\\论文相关\\benchmark\\miniapp\\998二手挖机圈\\_-1965603458_27\\pages\\followmewho\\followmewho.js"}],"readFlow":[{"type":"assign to","from":{"name":"this","loc":{"line":36,"column":16},"id":19460,"file":"D:\\WORK\\2022\\论文相关\\benchmark\\miniapp\\998二手挖机圈\\_-1965603458_27\\pages\\followmewho\\followmewho.js"},"to":{"name":"a","loc":{"line":36,"column":12},"id":19459,"file":"D:\\WORK\\2022\\论文相关\\benchmark\\miniapp\\998二手挖机圈\\_-1965603458_27\\pages\\followmewho\\followmewho.js"}}]}]}],"writeShadows":[{"shadowVar":{"declaredName":"__object__3.onReachBottom","declaredLoc":{"line":35,"column":4},"file":"D:\\WORK\\2022\\论文相关\\benchmark\\miniapp\\998二手挖机圈\\_-1965603458_27\\pages\\followmewho\\followmewho.js"},"writeAccess":[]}]}]}]}