{"definedData":[],"dynamicDefinedData":[{"shadowObjectVar":"__object__4","dynamicDefinedProps":[{"propName":".url","readShadows":[{"shadowVar":{"declaredName":"__object__4.url","declaredLoc":{"line":5,"column":8},"file":"D:\\WORK\\2021\\MPDF\\white_paper\\json\\dataset2.3wxapkg\\动图宇宙\\_431774825_38\\pages\\webview\\webview.js"},"readAccess":[{"leftVar":[{"declaredName":"__object__3.data","declaredLoc":{"line":4,"column":4},"file":"D:\\WORK\\2021\\MPDF\\white_paper\\json\\dataset2.3wxapkg\\动图宇宙\\_431774825_38\\pages\\webview\\webview.js"}],"readFlow":[{"type":"assign to","from":{"name":"url","loc":{"line":5,"column":8},"id":12240488,"file":"D:\\WORK\\2021\\MPDF\\white_paper\\json\\dataset2.3wxapkg\\动图宇宙\\_431774825_38\\pages\\webview\\webview.js"},"to":{"name":"data","loc":{"line":4,"column":4},"id":12240485,"file":"D:\\WORK\\2021\\MPDF\\white_paper\\json\\dataset2.3wxapkg\\动图宇宙\\_431774825_38\\pages\\webview\\webview.js"}},{"type":"to callee","from":{"name":"data","loc":{"line":4,"column":4},"id":12240485,"file":"D:\\WORK\\2021\\MPDF\\white_paper\\json\\dataset2.3wxapkg\\动图宇宙\\_431774825_38\\pages\\webview\\webview.js"},"to":{"name":"Page","loc":{"line":3,"column":0},"id":12240482,"file":"D:\\WORK\\2021\\MPDF\\white_paper\\json\\dataset2.3wxapkg\\动图宇宙\\_431774825_38\\pages\\webview\\webview.js"}}]}]}],"writeShadows":[{"shadowVar":{"declaredName":"__object__4.url","declaredLoc":{"line":5,"column":8},"file":"D:\\WORK\\2021\\MPDF\\white_paper\\json\\dataset2.3wxapkg\\动图宇宙\\_431774825_38\\pages\\webview\\webview.js"},"writeAccess":[]}]},{"propName":".opt","readShadows":[{"shadowVar":{"declaredName":"__object__4.opt","declaredLoc":{"line":6,"column":8},"file":"D:\\WORK\\2021\\MPDF\\white_paper\\json\\dataset2.3wxapkg\\动图宇宙\\_431774825_38\\pages\\webview\\webview.js"},"readAccess":[{"leftVar":[{"declaredName":"__object__3.data","declaredLoc":{"line":4,"column":4},"file":"D:\\WORK\\2021\\MPDF\\white_paper\\json\\dataset2.3wxapkg\\动图宇宙\\_431774825_38\\pages\\webview\\webview.js"}],"readFlow":[{"type":"assign to","from":{"name":"opt","loc":{"line":6,"column":8},"id":12240491,"file":"D:\\WORK\\2021\\MPDF\\white_paper\\json\\dataset2.3wxapkg\\动图宇宙\\_431774825_38\\pages\\webview\\webview.js"},"to":{"name":"data","loc":{"line":4,"column":4},"id":12240485,"file":"D:\\WORK\\2021\\MPDF\\white_paper\\json\\dataset2.3wxapkg\\动图宇宙\\_431774825_38\\pages\\webview\\webview.js"}},{"type":"to callee","from":{"name":"data","loc":{"line":4,"column":4},"id":12240485,"file":"D:\\WORK\\2021\\MPDF\\white_paper\\json\\dataset2.3wxapkg\\动图宇宙\\_431774825_38\\pages\\webview\\webview.js"},"to":{"name":"Page","loc":{"line":3,"column":0},"id":12240482,"file":"D:\\WORK\\2021\\MPDF\\white_paper\\json\\dataset2.3wxapkg\\动图宇宙\\_431774825_38\\pages\\webview\\webview.js"}}]}]}],"writeShadows":[{"shadowVar":{"declaredName":"__object__4.opt","declaredLoc":{"line":6,"column":8},"file":"D:\\WORK\\2021\\MPDF\\white_paper\\json\\dataset2.3wxapkg\\动图宇宙\\_431774825_38\\pages\\webview\\webview.js"},"writeAccess":[]}]}]}]}