{"definedData":[],"dynamicDefinedData":[{"shadowObjectVar":"setData","dynamicDefinedProps":[{"propName":"","readShadows":[{"shadowVar":{"declaredName":"setData","file":"D:\\WORK\\2022\\论文相关\\benchmark\\miniapp\\998二手挖机圈\\_-1965603458_27\\pages\\auth\\info.js"},"readAccess":[{"leftVar":[{"declaredName":"t","declaredLoc":{"line":6,"column":12},"file":"D:\\WORK\\2022\\论文相关\\benchmark\\miniapp\\998二手挖机圈\\_-1965603458_27\\pages\\auth\\info.js"}],"readFlow":[{"type":"assign to","from":{"name":"this","loc":{"line":6,"column":16},"id":6590,"file":"D:\\WORK\\2022\\论文相关\\benchmark\\miniapp\\998二手挖机圈\\_-1965603458_27\\pages\\auth\\info.js"},"to":{"name":"t","loc":{"line":6,"column":12},"id":6589,"file":"D:\\WORK\\2022\\论文相关\\benchmark\\miniapp\\998二手挖机圈\\_-1965603458_27\\pages\\auth\\info.js"}}]}]}],"writeShadows":[{"shadowVar":{"declaredName":"setData","file":"D:\\WORK\\2022\\论文相关\\benchmark\\miniapp\\998二手挖机圈\\_-1965603458_27\\pages\\auth\\info.js"},"writeAccess":[]}]}]},{"shadowObjectVar":"__object__1","dynamicDefinedProps":[{"propName":".auth","readShadows":[{"shadowVar":{"declaredName":"__object__1.auth","declaredLoc":{"line":2,"column":4},"file":"D:\\WORK\\2022\\论文相关\\benchmark\\miniapp\\998二手挖机圈\\_-1965603458_27\\pages\\auth\\info.js"},"readAccess":[{"leftVar":[{"declaredName":"t","declaredLoc":{"line":6,"column":12},"file":"D:\\WORK\\2022\\论文相关\\benchmark\\miniapp\\998二手挖机圈\\_-1965603458_27\\pages\\auth\\info.js"}],"readFlow":[{"type":"assign to","from":{"name":"this","loc":{"line":6,"column":16},"id":6590,"file":"D:\\WORK\\2022\\论文相关\\benchmark\\miniapp\\998二手挖机圈\\_-1965603458_27\\pages\\auth\\info.js"},"to":{"name":"t","loc":{"line":6,"column":12},"id":6589,"file":"D:\\WORK\\2022\\论文相关\\benchmark\\miniapp\\998二手挖机圈\\_-1965603458_27\\pages\\auth\\info.js"}}]}]}],"writeShadows":[{"shadowVar":{"declaredName":"__object__1.auth","declaredLoc":{"line":2,"column":4},"file":"D:\\WORK\\2022\\论文相关\\benchmark\\miniapp\\998二手挖机圈\\_-1965603458_27\\pages\\auth\\info.js"},"writeAccess":[]}]},{"propName":".onShow","readShadows":[{"shadowVar":{"declaredName":"__object__1.onShow","declaredLoc":{"line":5,"column":4},"file":"D:\\WORK\\2022\\论文相关\\benchmark\\miniapp\\998二手挖机圈\\_-1965603458_27\\pages\\auth\\info.js"},"readAccess":[{"leftVar":[{"declaredName":"t","declaredLoc":{"line":6,"column":12},"file":"D:\\WORK\\2022\\论文相关\\benchmark\\miniapp\\998二手挖机圈\\_-1965603458_27\\pages\\auth\\info.js"}],"readFlow":[{"type":"assign to","from":{"name":"this","loc":{"line":6,"column":16},"id":6590,"file":"D:\\WORK\\2022\\论文相关\\benchmark\\miniapp\\998二手挖机圈\\_-1965603458_27\\pages\\auth\\info.js"},"to":{"name":"t","loc":{"line":6,"column":12},"id":6589,"file":"D:\\WORK\\2022\\论文相关\\benchmark\\miniapp\\998二手挖机圈\\_-1965603458_27\\pages\\auth\\info.js"}}]}]}],"writeShadows":[{"shadowVar":{"declaredName":"__object__1.onShow","declaredLoc":{"line":5,"column":4},"file":"D:\\WORK\\2022\\论文相关\\benchmark\\miniapp\\998二手挖机圈\\_-1965603458_27\\pages\\auth\\info.js"},"writeAccess":[]}]}]}]}