[{"id": 0, "type": "[document]", "string": null, "attribute": {}, "referenceVariable": [], "referenceFunction": [], "style": [], "inheritClass": null, "wxss": [], "page": null, "path": "D:\\WORK\\2021\\MPDF\\baseline\\ui\\车轮查违章\\car-info.wxml", "child": [1], "parent": null, "matchString": [{"type": "relation", "string": "车辆基本信息"}, {"type": "relation", "string": "拍照识别"}, {"type": "relation", "string": "车牌号码"}, {"type": "relation", "string": "{{provinceShortName[provinceIndex]}}"}, {"type": "relation", "string": "input"}, {"type": "relation", "string": "请输入"}, {"type": "relation", "string": "车辆类型"}, {"type": "relation", "string": "{{carTypeMap}}"}, {"type": "relation", "string": "\n        {{carTypeMap[carType]}}\n      "}, {"type": "relation", "string": "发动机号"}, {"type": "relation", "string": "请输入发动机号"}, {"type": "relation", "string": "车架号"}, {"type": "relation", "string": "请输入车架号"}, {"type": "relation", "string": "行驶证注册日期"}, {"type": "relation", "string": "{{regDate||'请选择'}}"}, {"type": "relation", "string": "删除车辆"}, {"type": "relation", "string": "《车轮平台用户注册协议》"}, {"type": "relation", "string": "{{isEdit?'保存':'保存并查询'}}"}, {"type": "relation", "string": "Hover"}, {"type": "relation", "string": "province-pop-bg"}, {"type": "relation", "string": "{{item}}"}, {"type": "relation", "string": "{{index}}"}]}, {"id": 1, "type": "view", "string": null, "attribute": {"class": ["car-info-container"]}, "referenceVariable": [], "referenceFunction": [], "style": [], "inheritClass": null, "wxss": [], "page": null, "path": "D:\\WORK\\2021\\MPDF\\baseline\\ui\\车轮查违章\\car-info.wxml", "child": [2, 5, 10, 14, 17, 20, 24, 26, 31], "parent": 0, "matchString": [{"type": "relation", "string": "车辆基本信息"}, {"type": "relation", "string": "拍照识别"}, {"type": "relation", "string": "车牌号码"}, {"type": "relation", "string": "{{provinceShortName[provinceIndex]}}"}, {"type": "relation", "string": "input"}, {"type": "relation", "string": "请输入"}, {"type": "relation", "string": "车辆类型"}, {"type": "relation", "string": "{{carTypeMap}}"}, {"type": "relation", "string": "\n        {{carTypeMap[carType]}}\n      "}, {"type": "relation", "string": "发动机号"}, {"type": "relation", "string": "请输入发动机号"}, {"type": "relation", "string": "车架号"}, {"type": "relation", "string": "请输入车架号"}, {"type": "relation", "string": "行驶证注册日期"}, {"type": "relation", "string": "{{regDate||'请选择'}}"}, {"type": "relation", "string": "删除车辆"}, {"type": "relation", "string": "《车轮平台用户注册协议》"}, {"type": "relation", "string": "{{isEdit?'保存':'保存并查询'}}"}, {"type": "relation", "string": "Hover"}, {"type": "relation", "string": "province-pop-bg"}, {"type": "relation", "string": "{{item}}"}, {"type": "relation", "string": "{{index}}"}]}, {"id": 2, "type": "view", "string": null, "attribute": {"class": ["form-header", "flex-between-center"]}, "referenceVariable": [], "referenceFunction": [], "style": [], "inheritClass": null, "wxss": [], "page": null, "path": "D:\\WORK\\2021\\MPDF\\baseline\\ui\\车轮查违章\\car-info.wxml", "child": [3, 4], "parent": 1, "matchString": [{"type": "relation", "string": "车辆基本信息"}, {"type": "relation", "string": "拍照识别"}]}, {"id": 3, "type": "view", "string": "车辆基本信息", "attribute": {"class": ["title"]}, "referenceVariable": [], "referenceFunction": [], "style": [], "inheritClass": null, "wxss": [], "page": null, "path": "D:\\WORK\\2021\\MPDF\\baseline\\ui\\车轮查违章\\car-info.wxml", "child": [], "parent": 2, "matchString": [{"type": "self", "string": "车辆基本信息"}]}, {"id": 4, "type": "view", "string": "拍照识别", "attribute": {"bindtap": "toTakePhoto", "class": ["camera"], "wx:if": "{{!isEdit}}"}, "referenceVariable": ["!isEdit"], "referenceFunction": ["toTakePhoto"], "style": [], "inheritClass": null, "wxss": [], "page": null, "path": "D:\\WORK\\2021\\MPDF\\baseline\\ui\\车轮查违章\\car-info.wxml", "child": [], "parent": 2, "matchString": [{"type": "self", "string": "拍照识别"}]}, {"id": 5, "type": "view", "string": null, "attribute": {"class": ["car-number-item", "flex-between-center"]}, "referenceVariable": [], "referenceFunction": [], "style": [], "inheritClass": null, "wxss": [], "page": null, "path": "D:\\WORK\\2021\\MPDF\\baseline\\ui\\车轮查违章\\car-info.wxml", "child": [6, 7], "parent": 1, "matchString": [{"type": "relation", "string": "车牌号码"}, {"type": "relation", "string": "{{provinceShortName[provinceIndex]}}"}, {"type": "relation", "string": "input"}, {"type": "relation", "string": "请输入"}]}, {"id": 6, "type": "view", "string": "车牌号码", "attribute": {"class": ["label"]}, "referenceVariable": [], "referenceFunction": [], "style": [], "inheritClass": null, "wxss": [], "page": null, "path": "D:\\WORK\\2021\\MPDF\\baseline\\ui\\车轮查违章\\car-info.wxml", "child": [], "parent": 5, "matchString": [{"type": "self", "string": "车牌号码"}]}, {"id": 7, "type": "view", "string": null, "attribute": {"class": ["car-number", "flex-between-center"]}, "referenceVariable": [], "referenceFunction": [], "style": [], "inheritClass": null, "wxss": [], "page": null, "path": "D:\\WORK\\2021\\MPDF\\baseline\\ui\\车轮查违章\\car-info.wxml", "child": [8, 9], "parent": 5, "matchString": [{"type": "relation", "string": "{{provinceShortName[provinceIndex]}}"}, {"type": "relation", "string": "input"}, {"type": "relation", "string": "请输入"}]}, {"id": 8, "type": "text", "string": "{{provinceShortName[provinceIndex]}}", "attribute": {"bindtap": "triggerSelectProvince"}, "referenceVariable": [], "referenceFunction": ["triggerSelectProvince"], "style": [], "inheritClass": null, "wxss": [], "page": null, "path": "D:\\WORK\\2021\\MPDF\\baseline\\ui\\车轮查违章\\car-info.wxml", "child": [], "parent": 7, "matchString": [{"type": "self", "string": "{{provinceShortName[provinceIndex]}}"}]}, {"id": 9, "type": "input", "string": null, "attribute": {"bindinput": "inputCarno", "disabled": "{{isEdit}}", "focus": "{{carNoInputFocused}}", "maxlength": "7", "name": "input", "placeholder": "请输入", "value": "{{carNo}}"}, "referenceVariable": ["isEdit", "carNoInputFocused", "carNo"], "referenceFunction": ["inputCarno"], "style": [], "inheritClass": null, "wxss": [], "page": null, "path": "D:\\WORK\\2021\\MPDF\\baseline\\ui\\车轮查违章\\car-info.wxml", "child": [], "parent": 7, "matchString": [{"type": "attr", "string": "input"}, {"type": "attr", "string": "请输入"}]}, {"id": 10, "type": "view", "string": null, "attribute": {"class": ["form-item", "flex-between-center"]}, "referenceVariable": [], "referenceFunction": [], "style": [], "inheritClass": null, "wxss": [], "page": null, "path": "D:\\WORK\\2021\\MPDF\\baseline\\ui\\车轮查违章\\car-info.wxml", "child": [11, 12], "parent": 1, "matchString": [{"type": "relation", "string": "车辆类型"}, {"type": "relation", "string": "{{carTypeMap}}"}, {"type": "relation", "string": "\n        {{carTypeMap[carType]}}\n      "}]}, {"id": 11, "type": "view", "string": "车辆类型", "attribute": {"class": ["label"]}, "referenceVariable": [], "referenceFunction": [], "style": [], "inheritClass": null, "wxss": [], "page": null, "path": "D:\\WORK\\2021\\MPDF\\baseline\\ui\\车轮查违章\\car-info.wxml", "child": [], "parent": 10, "matchString": [{"type": "self", "string": "车辆类型"}]}, {"id": 12, "type": "picker", "string": null, "attribute": {"bindchange": "carTypeChange", "class": ["flex-start-center"], "range": "{{carTypeMap}}", "value": "{{carType}}"}, "referenceVariable": ["carTypeMap", "carType"], "referenceFunction": ["carTypeChange"], "style": [], "inheritClass": null, "wxss": [], "page": null, "path": "D:\\WORK\\2021\\MPDF\\baseline\\ui\\车轮查违章\\car-info.wxml", "child": [13], "parent": 10, "matchString": [{"type": "attr", "string": "{{carTypeMap}}"}, {"type": "relation", "string": "\n        {{carTypeMap[carType]}}\n      "}]}, {"id": 13, "type": "view", "string": "\n        {{carTypeMap[carType]}}\n      ", "attribute": {"class": ["picker"]}, "referenceVariable": [], "referenceFunction": [], "style": [], "inheritClass": null, "wxss": [], "page": null, "path": "D:\\WORK\\2021\\MPDF\\baseline\\ui\\车轮查违章\\car-info.wxml", "child": [], "parent": 12, "matchString": [{"type": "self", "string": "\n        {{carTypeMap[carType]}}\n      "}]}, {"id": 14, "type": "view", "string": null, "attribute": {"class": ["form-item", "flex-between-center"]}, "referenceVariable": [], "referenceFunction": [], "style": [], "inheritClass": null, "wxss": [], "page": null, "path": "D:\\WORK\\2021\\MPDF\\baseline\\ui\\车轮查违章\\car-info.wxml", "child": [15, 16], "parent": 1, "matchString": [{"type": "relation", "string": "发动机号"}, {"type": "relation", "string": "input"}, {"type": "relation", "string": "请输入发动机号"}]}, {"id": 15, "type": "view", "string": "发动机号", "attribute": {"class": ["label"]}, "referenceVariable": [], "referenceFunction": [], "style": [], "inheritClass": null, "wxss": [], "page": null, "path": "D:\\WORK\\2021\\MPDF\\baseline\\ui\\车轮查违章\\car-info.wxml", "child": [], "parent": 14, "matchString": [{"type": "self", "string": "发动机号"}]}, {"id": 16, "type": "input", "string": null, "attribute": {"bindinput": "inputEcode", "name": "input", "placeholder": "请输入发动机号", "value": "{{ecode}}"}, "referenceVariable": ["ecode"], "referenceFunction": ["inputEcode"], "style": [], "inheritClass": null, "wxss": [], "page": null, "path": "D:\\WORK\\2021\\MPDF\\baseline\\ui\\车轮查违章\\car-info.wxml", "child": [], "parent": 14, "matchString": [{"type": "attr", "string": "input"}, {"type": "attr", "string": "请输入发动机号"}]}, {"id": 17, "type": "view", "string": null, "attribute": {"class": ["form-item", "flex-between-center"], "wx:if": "{{showVcode}}"}, "referenceVariable": ["showVcode"], "referenceFunction": [], "style": [], "inheritClass": null, "wxss": [], "page": null, "path": "D:\\WORK\\2021\\MPDF\\baseline\\ui\\车轮查违章\\car-info.wxml", "child": [18, 19], "parent": 1, "matchString": [{"type": "relation", "string": "车架号"}, {"type": "relation", "string": "input"}, {"type": "relation", "string": "请输入车架号"}]}, {"id": 18, "type": "view", "string": "车架号", "attribute": {"class": ["label"]}, "referenceVariable": [], "referenceFunction": [], "style": [], "inheritClass": null, "wxss": [], "page": null, "path": "D:\\WORK\\2021\\MPDF\\baseline\\ui\\车轮查违章\\car-info.wxml", "child": [], "parent": 17, "matchString": [{"type": "self", "string": "车架号"}]}, {"id": 19, "type": "input", "string": null, "attribute": {"bindinput": "inputVcode", "name": "input", "placeholder": "请输入车架号", "value": "{{vcode}}"}, "referenceVariable": ["vcode"], "referenceFunction": ["inputVcode"], "style": [], "inheritClass": null, "wxss": [], "page": null, "path": "D:\\WORK\\2021\\MPDF\\baseline\\ui\\车轮查违章\\car-info.wxml", "child": [], "parent": 17, "matchString": [{"type": "attr", "string": "input"}, {"type": "attr", "string": "请输入车架号"}]}, {"id": 20, "type": "view", "string": null, "attribute": {"class": ["form-item", "flex-between-center"]}, "referenceVariable": [], "referenceFunction": [], "style": [], "inheritClass": null, "wxss": [], "page": null, "path": "D:\\WORK\\2021\\MPDF\\baseline\\ui\\车轮查违章\\car-info.wxml", "child": [21, 22], "parent": 1, "matchString": [{"type": "relation", "string": "行驶证注册日期"}, {"type": "relation", "string": "{{regDate||'请选择'}}"}]}, {"id": 21, "type": "view", "string": "行驶证注册日期", "attribute": {"class": ["label"]}, "referenceVariable": [], "referenceFunction": [], "style": [], "inheritClass": null, "wxss": [], "page": null, "path": "D:\\WORK\\2021\\MPDF\\baseline\\ui\\车轮查违章\\car-info.wxml", "child": [], "parent": 20, "matchString": [{"type": "self", "string": "行驶证注册日期"}]}, {"id": 22, "type": "picker", "string": null, "attribute": {"bindchange": "regDateChange", "class": ["flex-start-center"], "mode": "date", "value": "{{regDate}}"}, "referenceVariable": ["regDate"], "referenceFunction": ["regDateChange"], "style": [], "inheritClass": null, "wxss": [], "page": null, "path": "D:\\WORK\\2021\\MPDF\\baseline\\ui\\车轮查违章\\car-info.wxml", "child": [23], "parent": 20, "matchString": [{"type": "relation", "string": "{{regDate||'请选择'}}"}]}, {"id": 23, "type": "view", "string": "{{regDate||'请选择'}}", "attribute": {"class": ["picker"]}, "referenceVariable": [], "referenceFunction": [], "style": [], "inheritClass": null, "wxss": [], "page": null, "path": "D:\\WORK\\2021\\MPDF\\baseline\\ui\\车轮查违章\\car-info.wxml", "child": [], "parent": 22, "matchString": [{"type": "self", "string": "{{regDate||'请选择'}}"}]}, {"id": 24, "type": "view", "string": null, "attribute": {"bindtap": "delCar", "class": ["del-btn"], "wx:if": "{{isEdit}}"}, "referenceVariable": ["isEdit"], "referenceFunction": ["delCar"], "style": [], "inheritClass": null, "wxss": [], "page": null, "path": "D:\\WORK\\2021\\MPDF\\baseline\\ui\\车轮查违章\\car-info.wxml", "child": [25], "parent": 1, "matchString": [{"type": "relation", "string": "删除车辆"}]}, {"id": 25, "type": "text", "string": "删除车辆", "attribute": {}, "referenceVariable": [], "referenceFunction": [], "style": [], "inheritClass": null, "wxss": [], "page": null, "path": "D:\\WORK\\2021\\MPDF\\baseline\\ui\\车轮查违章\\car-info.wxml", "child": [], "parent": 24, "matchString": [{"type": "self", "string": "删除车辆"}]}, {"id": 26, "type": "view", "string": null, "attribute": {"class": ["btn-wrap"]}, "referenceVariable": [], "referenceFunction": [], "style": [], "inheritClass": null, "wxss": [], "page": null, "path": "D:\\WORK\\2021\\MPDF\\baseline\\ui\\车轮查违章\\car-info.wxml", "child": [27, 30], "parent": 1, "matchString": [{"type": "relation", "string": "《车轮平台用户注册协议》"}, {"type": "relation", "string": "{{isEdit?'保存':'保存并查询'}}"}, {"type": "relation", "string": "Hover"}]}, {"id": 27, "type": "view", "string": null, "attribute": {"class": ["agreement-text", "flex-start-center"], "wx:if": "{{!isEdit}}"}, "referenceVariable": ["!isEdit"], "referenceFunction": [], "style": [], "inheritClass": null, "wxss": [], "page": null, "path": "D:\\WORK\\2021\\MPDF\\baseline\\ui\\车轮查违章\\car-info.wxml", "child": [28, 29], "parent": 26, "matchString": [{"type": "relation", "string": "《车轮平台用户注册协议》"}]}, {"id": 28, "type": "radio", "string": null, "attribute": {"bindtap": "agreementChange", "checked": "{{agreementChecked}}"}, "referenceVariable": ["agreementChecked"], "referenceFunction": ["agreementChange"], "style": [], "inheritClass": null, "wxss": [], "page": null, "path": "D:\\WORK\\2021\\MPDF\\baseline\\ui\\车轮查违章\\car-info.wxml", "child": [], "parent": 27, "matchString": []}, {"id": 29, "type": "text", "string": "《车轮平台用户注册协议》", "attribute": {}, "referenceVariable": [], "referenceFunction": [], "style": [], "inheritClass": null, "wxss": [], "page": null, "path": "D:\\WORK\\2021\\MPDF\\baseline\\ui\\车轮查违章\\car-info.wxml", "child": [], "parent": 27, "matchString": [{"type": "self", "string": "《车轮平台用户注册协议》"}]}, {"id": 30, "type": "view", "string": "{{isEdit?'保存':'保存并查询'}}", "attribute": {"bindtap": "saveCar", "class": ["{{'sub-btn'+(isEdit||agreementChecked?'':'", "disabled')}}"], "hoverclass": "Hover"}, "referenceVariable": [], "referenceFunction": ["saveCar"], "style": [], "inheritClass": null, "wxss": [], "page": null, "path": "D:\\WORK\\2021\\MPDF\\baseline\\ui\\车轮查违章\\car-info.wxml", "child": [], "parent": 26, "matchString": [{"type": "self", "string": "{{isEdit?'保存':'保存并查询'}}"}, {"type": "attr", "string": "Hover"}]}, {"id": 31, "type": "view", "string": null, "attribute": {"bindtap": "closePop", "class": ["province-pop-bg"], "id": "province-pop-bg", "wx:if": "{{showSelectProvince}}"}, "referenceVariable": ["showSelectProvince"], "referenceFunction": ["closePop"], "style": [], "inheritClass": null, "wxss": [], "page": null, "path": "D:\\WORK\\2021\\MPDF\\baseline\\ui\\车轮查违章\\car-info.wxml", "child": [32], "parent": 1, "matchString": [{"type": "attr", "string": "province-pop-bg"}, {"type": "relation", "string": "{{item}}"}, {"type": "relation", "string": "{{index}}"}]}, {"id": 32, "type": "view", "string": null, "attribute": {"class": ["province-pop", "slideInUp"]}, "referenceVariable": [], "referenceFunction": [], "style": [], "inheritClass": null, "wxss": [], "page": null, "path": "D:\\WORK\\2021\\MPDF\\baseline\\ui\\车轮查违章\\car-info.wxml", "child": [33], "parent": 31, "matchString": [{"type": "relation", "string": "{{item}}"}, {"type": "relation", "string": "{{index}}"}]}, {"id": 33, "type": "text", "string": "{{item}}", "attribute": {"catchtap": "selectProvide", "data-index": "{{index}}", "wx:for": "{{provinceShortName}}", "wx:key": "*this"}, "referenceVariable": ["index", "provinceShortName"], "referenceFunction": [], "style": [], "inheritClass": null, "wxss": [], "page": null, "path": "D:\\WORK\\2021\\MPDF\\baseline\\ui\\车轮查违章\\car-info.wxml", "child": [], "parent": 32, "matchString": [{"type": "self", "string": "{{item}}"}, {"type": "attr", "string": "{{index}}"}]}]