[{"id": 0, "type": "[document]", "string": null, "attribute": {}, "referenceVariable": [], "referenceFunction": [], "style": [], "inheritClass": null, "wxss": [], "page": null, "path": "D:\\WORK\\2021\\MPDF\\baseline\\ui\\电信营业厅\\index.wxml", "child": [1], "parent": null, "matchString": [{"type": "relation", "string": "请输入电信号码"}, {"type": "relation", "string": "请在销售人员指导下填写相关号码"}, {"type": "relation", "string": "请输入选号系统中的号码"}, {"type": "relation", "string": "{{phone.length+'/'+maxLength}}"}, {"type": "relation", "string": "取消"}, {"type": "relation", "string": "cancel"}, {"type": "relation", "string": "确认"}, {"type": "relation", "string": "confirm"}]}, {"id": 1, "type": "view", "string": null, "attribute": {"class": ["global-layout", "fs-s"]}, "referenceVariable": [], "referenceFunction": [], "style": [], "inheritClass": null, "wxss": [], "page": null, "path": "D:\\WORK\\2021\\MPDF\\baseline\\ui\\电信营业厅\\index.wxml", "child": [2], "parent": 0, "matchString": [{"type": "relation", "string": "请输入电信号码"}, {"type": "relation", "string": "请在销售人员指导下填写相关号码"}, {"type": "relation", "string": "请输入选号系统中的号码"}, {"type": "relation", "string": "{{phone.length+'/'+maxLength}}"}, {"type": "relation", "string": "取消"}, {"type": "relation", "string": "cancel"}, {"type": "relation", "string": "确认"}, {"type": "relation", "string": "confirm"}]}, {"id": 2, "type": "view", "string": null, "attribute": {"class": ["phone-input-layout", "bg-white", "shadow", "mg20", "pd20", "fix", "lt0"], "style": "width:{{inputLayoutWidth}}px;"}, "referenceVariable": ["inputLayoutWidth"], "referenceFunction": [], "style": [], "inheritClass": null, "wxss": [], "page": null, "path": "D:\\WORK\\2021\\MPDF\\baseline\\ui\\电信营业厅\\index.wxml", "child": [3, 5, 7, 9, 11], "parent": 1, "matchString": [{"type": "relation", "string": "请输入电信号码"}, {"type": "relation", "string": "请在销售人员指导下填写相关号码"}, {"type": "relation", "string": "请输入选号系统中的号码"}, {"type": "relation", "string": "{{phone.length+'/'+maxLength}}"}, {"type": "relation", "string": "取消"}, {"type": "relation", "string": "cancel"}, {"type": "relation", "string": "确认"}, {"type": "relation", "string": "confirm"}]}, {"id": 3, "type": "view", "string": null, "attribute": {"class": ["fs-d", "pdb10"]}, "referenceVariable": [], "referenceFunction": [], "style": [], "inheritClass": null, "wxss": [], "page": null, "path": "D:\\WORK\\2021\\MPDF\\baseline\\ui\\电信营业厅\\index.wxml", "child": [4], "parent": 2, "matchString": [{"type": "relation", "string": "请输入电信号码"}]}, {"id": 4, "type": "text", "string": "请输入电信号码", "attribute": {}, "referenceVariable": [], "referenceFunction": [], "style": [], "inheritClass": null, "wxss": [], "page": null, "path": "D:\\WORK\\2021\\MPDF\\baseline\\ui\\电信营业厅\\index.wxml", "child": [], "parent": 3, "matchString": [{"type": "self", "string": "请输入电信号码"}]}, {"id": 5, "type": "view", "string": null, "attribute": {"class": ["pdb10"]}, "referenceVariable": [], "referenceFunction": [], "style": [], "inheritClass": null, "wxss": [], "page": null, "path": "D:\\WORK\\2021\\MPDF\\baseline\\ui\\电信营业厅\\index.wxml", "child": [6], "parent": 2, "matchString": [{"type": "relation", "string": "请在销售人员指导下填写相关号码"}]}, {"id": 6, "type": "text", "string": "请在销售人员指导下填写相关号码", "attribute": {}, "referenceVariable": [], "referenceFunction": [], "style": [], "inheritClass": null, "wxss": [], "page": null, "path": "D:\\WORK\\2021\\MPDF\\baseline\\ui\\电信营业厅\\index.wxml", "child": [], "parent": 5, "matchString": [{"type": "self", "string": "请在销售人员指导下填写相关号码"}]}, {"id": 7, "type": "view", "string": null, "attribute": {"class": ["phone-input-area"]}, "referenceVariable": [], "referenceFunction": [], "style": [], "inheritClass": null, "wxss": [], "page": null, "path": "D:\\WORK\\2021\\MPDF\\baseline\\ui\\电信营业厅\\index.wxml", "child": [8], "parent": 2, "matchString": [{"type": "relation", "string": "请输入选号系统中的号码"}]}, {"id": 8, "type": "input", "string": null, "attribute": {"bindinput": "phoneChange", "class": ["pd10"], "maxlength": "{{maxLength}}", "placeholder": "请输入选号系统中的号码", "type": "number", "value": "{{phone}}"}, "referenceVariable": ["maxLength", "phone"], "referenceFunction": ["phoneChange"], "style": [], "inheritClass": null, "wxss": [], "page": null, "path": "D:\\WORK\\2021\\MPDF\\baseline\\ui\\电信营业厅\\index.wxml", "child": [], "parent": 7, "matchString": [{"type": "attr", "string": "请输入选号系统中的号码"}]}, {"id": 9, "type": "view", "string": null, "attribute": {"class": ["phone-input-length", "text-blue", "mgt5", "fs-n"]}, "referenceVariable": [], "referenceFunction": [], "style": [], "inheritClass": null, "wxss": [], "page": null, "path": "D:\\WORK\\2021\\MPDF\\baseline\\ui\\电信营业厅\\index.wxml", "child": [10], "parent": 2, "matchString": [{"type": "relation", "string": "{{phone.length+'/'+maxLength}}"}]}, {"id": 10, "type": "text", "string": "{{phone.length+'/'+maxLength}}", "attribute": {}, "referenceVariable": [], "referenceFunction": [], "style": [], "inheritClass": null, "wxss": [], "page": null, "path": "D:\\WORK\\2021\\MPDF\\baseline\\ui\\电信营业厅\\index.wxml", "child": [], "parent": 9, "matchString": [{"type": "self", "string": "{{phone.length+'/'+maxLength}}"}]}, {"id": 11, "type": "view", "string": null, "attribute": {"bindtap": "operation", "class": ["operation-bar", "text-blue", "mgt10"]}, "referenceVariable": [], "referenceFunction": ["operation"], "style": [], "inheritClass": null, "wxss": [], "page": null, "path": "D:\\WORK\\2021\\MPDF\\baseline\\ui\\电信营业厅\\index.wxml", "child": [12, 13], "parent": 2, "matchString": [{"type": "relation", "string": "取消"}, {"type": "relation", "string": "cancel"}, {"type": "relation", "string": "确认"}, {"type": "relation", "string": "confirm"}]}, {"id": 12, "type": "text", "string": "取消", "attribute": {"class": ["pdr10"], "data-id": "cancel"}, "referenceVariable": [], "referenceFunction": [], "style": [], "inheritClass": null, "wxss": [], "page": null, "path": "D:\\WORK\\2021\\MPDF\\baseline\\ui\\电信营业厅\\index.wxml", "child": [], "parent": 11, "matchString": [{"type": "self", "string": "取消"}, {"type": "attr", "string": "cancel"}]}, {"id": 13, "type": "text", "string": "确认", "attribute": {"class": ["pdl10"], "data-id": "confirm"}, "referenceVariable": [], "referenceFunction": [], "style": [], "inheritClass": null, "wxss": [], "page": null, "path": "D:\\WORK\\2021\\MPDF\\baseline\\ui\\电信营业厅\\index.wxml", "child": [], "parent": 11, "matchString": [{"type": "self", "string": "确认"}, {"type": "attr", "string": "confirm"}]}]