[{"id": 0, "type": "[document]", "string": null, "attribute": {}, "referenceVariable": [], "referenceFunction": [], "style": [], "inheritClass": null, "wxss": [], "page": null, "path": "D:\\WORK\\2021\\MPDF\\baseline\\ui\\财税问诊\\main.wxml", "child": [1, 2], "parent": null, "matchString": [{"type": "relation", "string": "161d138d"}, {"type": "relation", "string": "{{...$root['0'],$root:$root}}"}]}, {"id": 1, "type": "import", "string": null, "attribute": {"src": "/pages/userLogin/index.vue.wxml"}, "referenceVariable": [], "referenceFunction": [], "style": [], "inheritClass": null, "wxss": [], "page": null, "path": "D:\\WORK\\2021\\MPDF\\baseline\\ui\\财税问诊\\main.wxml", "child": [], "parent": 0, "matchString": []}, {"id": 2, "type": "template", "string": null, "attribute": {"is": "161d138d", "data": "{{...$root['0'],$root:$root}}"}, "referenceVariable": ["...$root['0'],$root:$root"], "referenceFunction": [], "style": [], "inheritClass": null, "wxss": [], "page": null, "path": "D:\\WORK\\2021\\MPDF\\baseline\\ui\\财税问诊\\main.wxml", "child": [], "parent": 0, "matchString": [{"type": "attr", "string": "161d138d"}, {"type": "attr", "string": "{{...$root['0'],$root:$root}}"}]}]