{"definedData":[],"dynamicDefinedData":[{"shadowObjectVar":"__object__4","dynamicDefinedProps":[{"propName":".isLoadPage","readShadows":[{"shadowVar":{"declaredName":"__object__4.isLoadPage","declaredLoc":{"line":5,"column":8},"file":"D:\\WORK\\2021\\MPDF\\white_paper\\json\\dataset2.3wxapkg\\动图宇宙\\_431774825_38\\pages\\activityList\\activityList.js"},"readAccess":[{"leftVar":[{"declaredName":"__object__3.data","declaredLoc":{"line":4,"column":4},"file":"D:\\WORK\\2021\\MPDF\\white_paper\\json\\dataset2.3wxapkg\\动图宇宙\\_431774825_38\\pages\\activityList\\activityList.js"}],"readFlow":[{"type":"assign to","from":{"name":"isLoadPage","loc":{"line":5,"column":8},"id":12226373,"file":"D:\\WORK\\2021\\MPDF\\white_paper\\json\\dataset2.3wxapkg\\动图宇宙\\_431774825_38\\pages\\activityList\\activityList.js"},"to":{"name":"data","loc":{"line":4,"column":4},"id":12226370,"file":"D:\\WORK\\2021\\MPDF\\white_paper\\json\\dataset2.3wxapkg\\动图宇宙\\_431774825_38\\pages\\activityList\\activityList.js"}},{"type":"to callee","from":{"name":"data","loc":{"line":4,"column":4},"id":12226370,"file":"D:\\WORK\\2021\\MPDF\\white_paper\\json\\dataset2.3wxapkg\\动图宇宙\\_431774825_38\\pages\\activityList\\activityList.js"},"to":{"name":"Page","loc":{"line":3,"column":0},"id":12226367,"file":"D:\\WORK\\2021\\MPDF\\white_paper\\json\\dataset2.3wxapkg\\动图宇宙\\_431774825_38\\pages\\activityList\\activityList.js"}}]}]}],"writeShadows":[{"shadowVar":{"declaredName":"__object__4.isLoadPage","declaredLoc":{"line":5,"column":8},"file":"D:\\WORK\\2021\\MPDF\\white_paper\\json\\dataset2.3wxapkg\\动图宇宙\\_431774825_38\\pages\\activityList\\activityList.js"},"writeAccess":[]}]}]}]}