[{"id": 0, "type": "[document]", "string": null, "attribute": {}, "referenceVariable": [], "referenceFunction": [], "style": [], "inheritClass": null, "wxss": [], "page": null, "path": "D:\\WORK\\2021\\MPDF\\baseline\\ui\\递名片\\createBusinesscard.wxml", "child": [1], "parent": null, "matchString": [{"type": "relation", "string": "hand"}, {"type": "relation", "string": "{{caraAnimationData}}"}, {"type": "relation", "string": "快速制作1张名片"}, {"type": "relation", "string": "\n        {{formTitle}}\n      "}, {"type": "relation", "string": "joinTeam"}, {"type": "relation", "string": "getUserInfo"}, {"type": "relation", "string": "姓名"}, {"type": "relation", "string": "*"}, {"type": "relation", "string": "0"}, {"type": "relation", "string": "请填写姓名"}, {"type": "relation", "string": "职位"}, {"type": "relation", "string": "2"}, {"type": "relation", "string": "请填写职位"}, {"type": "relation", "string": "公司"}, {"type": "relation", "string": "1"}, {"type": "relation", "string": "请填写公司"}, {"type": "relation", "string": "手机"}, {"type": "relation", "string": "3"}, {"type": "relation", "string": "请填写手机号码"}, {"type": "relation", "string": "微信"}, {"type": "relation", "string": "4"}, {"type": "relation", "string": "请填写微信"}, {"type": "relation", "string": "地址"}, {"type": "relation", "string": "5"}, {"type": "relation", "string": "请填写地址"}, {"type": "relation", "string": "{{animationData}}"}, {"type": "relation", "string": "选择一张名片加入企业"}, {"type": "relation", "string": "{{listTtile}}"}, {"type": "relation", "string": "\n        {{listTtile}}\n      "}, {"type": "relation", "string": "{{openType=='fromTeam'?'claimCard':''}}"}, {"type": "relation", "string": "{{true}}"}, {"type": "relation", "string": "{{item.entId}}"}, {"type": "relation", "string": "{{index}}"}, {"type": "relation", "string": "{{item.name}}"}, {"type": "relation", "string": "已加入其它企业"}, {"type": "relation", "string": "{{item.company||item.entName}}"}, {"type": "relation", "string": "{{item.job}}"}, {"type": "relation", "string": "制作新名片"}]}, {"id": 1, "type": "view", "string": null, "attribute": {"catch:touchmove": "ss", "class": ["create"], "style": "z-index:{{zIndex?zIndex:'101'}}"}, "referenceVariable": ["zIndex?zIndex:'101'"], "referenceFunction": [], "style": [], "inheritClass": null, "wxss": [], "page": null, "path": "D:\\WORK\\2021\\MPDF\\baseline\\ui\\递名片\\createBusinesscard.wxml", "child": [2, 3, 4, 35], "parent": 0, "matchString": [{"type": "relation", "string": "hand"}, {"type": "relation", "string": "{{caraAnimationData}}"}, {"type": "relation", "string": "快速制作1张名片"}, {"type": "relation", "string": "\n        {{formTitle}}\n      "}, {"type": "relation", "string": "joinTeam"}, {"type": "relation", "string": "getUserInfo"}, {"type": "relation", "string": "姓名"}, {"type": "relation", "string": "*"}, {"type": "relation", "string": "0"}, {"type": "relation", "string": "请填写姓名"}, {"type": "relation", "string": "职位"}, {"type": "relation", "string": "2"}, {"type": "relation", "string": "请填写职位"}, {"type": "relation", "string": "公司"}, {"type": "relation", "string": "1"}, {"type": "relation", "string": "请填写公司"}, {"type": "relation", "string": "手机"}, {"type": "relation", "string": "3"}, {"type": "relation", "string": "请填写手机号码"}, {"type": "relation", "string": "微信"}, {"type": "relation", "string": "4"}, {"type": "relation", "string": "请填写微信"}, {"type": "relation", "string": "地址"}, {"type": "relation", "string": "5"}, {"type": "relation", "string": "请填写地址"}, {"type": "relation", "string": "{{animationData}}"}, {"type": "relation", "string": "选择一张名片加入企业"}, {"type": "relation", "string": "{{listTtile}}"}, {"type": "relation", "string": "\n        {{listTtile}}\n      "}, {"type": "relation", "string": "{{openType=='fromTeam'?'claimCard':''}}"}, {"type": "relation", "string": "{{true}}"}, {"type": "relation", "string": "{{item.entId}}"}, {"type": "relation", "string": "{{index}}"}, {"type": "relation", "string": "{{item.name}}"}, {"type": "relation", "string": "已加入其它企业"}, {"type": "relation", "string": "{{item.company||item.entName}}"}, {"type": "relation", "string": "{{item.job}}"}, {"type": "relation", "string": "制作新名片"}]}, {"id": 2, "type": "view", "string": null, "attribute": {"catch:tap": "closeW", "class": ["bg"], "data-type": "hand", "wx:if": "{{bg}}"}, "referenceVariable": ["bg"], "referenceFunction": [], "style": [], "inheritClass": null, "wxss": [], "page": null, "path": "D:\\WORK\\2021\\MPDF\\baseline\\ui\\递名片\\createBusinesscard.wxml", "child": [], "parent": 1, "matchString": [{"type": "attr", "string": "hand"}, {"type": "relation", "string": "hand"}]}, {"id": 3, "type": "view", "string": null, "attribute": {"class": ["blank"], "style": "padding-top:{{systemInfo.menuButton['height']+systemInfo.menuButton['top']}}px;padding-bottom:{{paddingTop}}rpx;"}, "referenceVariable": ["systemInfo.menuButton['height']+systemInfo.menuButton['top']", "paddingTop"], "referenceFunction": [], "style": [], "inheritClass": null, "wxss": [], "page": null, "path": "D:\\WORK\\2021\\MPDF\\baseline\\ui\\递名片\\createBusinesscard.wxml", "child": [], "parent": 1, "matchString": [{"type": "relation", "string": "hand"}]}, {"id": 4, "type": "view", "string": null, "attribute": {"animation": "{{caraAnimationData}}", "class": ["fillincardInfo", "bottom-positon"], "wx:if": "{{num==0}}"}, "referenceVariable": ["caraAnimationData", "num==0"], "referenceFunction": [], "style": [], "inheritClass": null, "wxss": [], "page": null, "path": "D:\\WORK\\2021\\MPDF\\baseline\\ui\\递名片\\createBusinesscard.wxml", "child": [5, 8], "parent": 1, "matchString": [{"type": "attr", "string": "{{caraAnimationData}}"}, {"type": "relation", "string": "快速制作1张名片"}, {"type": "relation", "string": "\n        {{formTitle}}\n      "}, {"type": "relation", "string": "joinTeam"}, {"type": "relation", "string": "getUserInfo"}, {"type": "relation", "string": "姓名"}, {"type": "relation", "string": "*"}, {"type": "relation", "string": "0"}, {"type": "relation", "string": "请填写姓名"}, {"type": "relation", "string": "职位"}, {"type": "relation", "string": "2"}, {"type": "relation", "string": "请填写职位"}, {"type": "relation", "string": "公司"}, {"type": "relation", "string": "1"}, {"type": "relation", "string": "请填写公司"}, {"type": "relation", "string": "手机"}, {"type": "relation", "string": "3"}, {"type": "relation", "string": "请填写手机号码"}, {"type": "relation", "string": "微信"}, {"type": "relation", "string": "4"}, {"type": "relation", "string": "请填写微信"}, {"type": "relation", "string": "地址"}, {"type": "relation", "string": "5"}, {"type": "relation", "string": "请填写地址"}]}, {"id": 5, "type": "view", "string": null, "attribute": {"class": ["submission"]}, "referenceVariable": [], "referenceFunction": [], "style": [], "inheritClass": null, "wxss": [], "page": null, "path": "D:\\WORK\\2021\\MPDF\\baseline\\ui\\递名片\\createBusinesscard.wxml", "child": [6, 7], "parent": 4, "matchString": [{"type": "relation", "string": "快速制作1张名片"}, {"type": "relation", "string": "\n        {{formTitle}}\n      "}, {"type": "relation", "string": "joinTeam"}, {"type": "relation", "string": "getUserInfo"}]}, {"id": 6, "type": "text", "string": "快速制作1张名片", "attribute": {}, "referenceVariable": [], "referenceFunction": [], "style": [], "inheritClass": null, "wxss": [], "page": null, "path": "D:\\WORK\\2021\\MPDF\\baseline\\ui\\递名片\\createBusinesscard.wxml", "child": [], "parent": 5, "matchString": [{"type": "self", "string": "快速制作1张名片"}]}, {"id": 7, "type": "button", "string": "\n        {{formTitle}}\n      ", "attribute": {"bindgetuserinfo": "getUserMessa", "data-button": "joinTeam", "opentype": "getUserInfo"}, "referenceVariable": [], "referenceFunction": ["getUserMessa"], "style": [], "inheritClass": null, "wxss": [], "page": null, "path": "D:\\WORK\\2021\\MPDF\\baseline\\ui\\递名片\\createBusinesscard.wxml", "child": [], "parent": 5, "matchString": [{"type": "self", "string": "\n        {{formTitle}}\n      "}, {"type": "attr", "string": "joinTeam"}, {"type": "attr", "string": "getUserInfo"}]}, {"id": 8, "type": "form", "string": null, "attribute": {"catchsubmit": "send"}, "referenceVariable": [], "referenceFunction": [], "style": [], "inheritClass": null, "wxss": [], "page": null, "path": "D:\\WORK\\2021\\MPDF\\baseline\\ui\\递名片\\createBusinesscard.wxml", "child": [9, 22], "parent": 4, "matchString": [{"type": "relation", "string": "姓名"}, {"type": "relation", "string": "*"}, {"type": "relation", "string": "0"}, {"type": "relation", "string": "请填写姓名"}, {"type": "relation", "string": "职位"}, {"type": "relation", "string": "2"}, {"type": "relation", "string": "请填写职位"}, {"type": "relation", "string": "公司"}, {"type": "relation", "string": "1"}, {"type": "relation", "string": "请填写公司"}, {"type": "relation", "string": "手机"}, {"type": "relation", "string": "3"}, {"type": "relation", "string": "请填写手机号码"}, {"type": "relation", "string": "微信"}, {"type": "relation", "string": "4"}, {"type": "relation", "string": "请填写微信"}, {"type": "relation", "string": "地址"}, {"type": "relation", "string": "5"}, {"type": "relation", "string": "请填写地址"}]}, {"id": 9, "type": "view", "string": null, "attribute": {"class": ["perfectInfor"]}, "referenceVariable": [], "referenceFunction": [], "style": [], "inheritClass": null, "wxss": [], "page": null, "path": "D:\\WORK\\2021\\MPDF\\baseline\\ui\\递名片\\createBusinesscard.wxml", "child": [10, 14, 18], "parent": 8, "matchString": [{"type": "relation", "string": "姓名"}, {"type": "relation", "string": "*"}, {"type": "relation", "string": "0"}, {"type": "relation", "string": "请填写姓名"}, {"type": "relation", "string": "职位"}, {"type": "relation", "string": "2"}, {"type": "relation", "string": "请填写职位"}, {"type": "relation", "string": "公司"}, {"type": "relation", "string": "1"}, {"type": "relation", "string": "请填写公司"}]}, {"id": 10, "type": "view", "string": null, "attribute": {"class": ["name", "item"]}, "referenceVariable": [], "referenceFunction": [], "style": [], "inheritClass": null, "wxss": [], "page": null, "path": "D:\\WORK\\2021\\MPDF\\baseline\\ui\\递名片\\createBusinesscard.wxml", "child": [11, 12, 13], "parent": 9, "matchString": [{"type": "relation", "string": "姓名"}, {"type": "relation", "string": "*"}, {"type": "relation", "string": "0"}, {"type": "relation", "string": "请填写姓名"}]}, {"id": 11, "type": "text", "string": "姓名", "attribute": {}, "referenceVariable": [], "referenceFunction": [], "style": [], "inheritClass": null, "wxss": [], "page": null, "path": "D:\\WORK\\2021\\MPDF\\baseline\\ui\\递名片\\createBusinesscard.wxml", "child": [], "parent": 10, "matchString": [{"type": "self", "string": "姓名"}]}, {"id": 12, "type": "view", "string": "*", "attribute": {"class": ["fill"]}, "referenceVariable": [], "referenceFunction": [], "style": [], "inheritClass": null, "wxss": [], "page": null, "path": "D:\\WORK\\2021\\MPDF\\baseline\\ui\\递名片\\createBusinesscard.wxml", "child": [], "parent": 10, "matchString": [{"type": "self", "string": "*"}]}, {"id": 13, "type": "input", "string": null, "attribute": {"bindfocus": "focus", "bindinput": "input", "class": ["{{createCard[0].notpass?'redInput':'normalInput'}}"], "data-index": "0", "placeholder": "请填写姓名", "placeholderstyle": "{{createCard[0].status?'color: #E91E63':'color:#CACACA'}}", "value": "{{createCard[0].value}}"}, "referenceVariable": ["createCard[0].notpass?'redInput':'normalInput'", "createCard[0].status?'color: #E91E63':'color:#CACACA'", "createCard[0].value"], "referenceFunction": ["focus", "input"], "style": [], "inheritClass": null, "wxss": [], "page": null, "path": "D:\\WORK\\2021\\MPDF\\baseline\\ui\\递名片\\createBusinesscard.wxml", "child": [], "parent": 10, "matchString": [{"type": "attr", "string": "0"}, {"type": "attr", "string": "请填写姓名"}]}, {"id": 14, "type": "view", "string": null, "attribute": {"class": ["position", "item"]}, "referenceVariable": [], "referenceFunction": [], "style": [], "inheritClass": null, "wxss": [], "page": null, "path": "D:\\WORK\\2021\\MPDF\\baseline\\ui\\递名片\\createBusinesscard.wxml", "child": [15, 16, 17], "parent": 9, "matchString": [{"type": "relation", "string": "职位"}, {"type": "relation", "string": "*"}, {"type": "relation", "string": "2"}, {"type": "relation", "string": "请填写职位"}]}, {"id": 15, "type": "text", "string": "职位", "attribute": {}, "referenceVariable": [], "referenceFunction": [], "style": [], "inheritClass": null, "wxss": [], "page": null, "path": "D:\\WORK\\2021\\MPDF\\baseline\\ui\\递名片\\createBusinesscard.wxml", "child": [], "parent": 14, "matchString": [{"type": "self", "string": "职位"}]}, {"id": 16, "type": "view", "string": "*", "attribute": {"class": ["fill"]}, "referenceVariable": [], "referenceFunction": [], "style": [], "inheritClass": null, "wxss": [], "page": null, "path": "D:\\WORK\\2021\\MPDF\\baseline\\ui\\递名片\\createBusinesscard.wxml", "child": [], "parent": 14, "matchString": [{"type": "self", "string": "*"}]}, {"id": 17, "type": "input", "string": null, "attribute": {"bindfocus": "focus", "bindinput": "input", "class": ["{{createCard[2].notpass?'redInput':'normalInput'}}"], "data-index": "2", "placeholder": "请填写职位", "placeholderstyle": "{{createCard[2].status?'color: #E91E63':'color:#CACACA'}}", "value": "{{createCard[2].value}}"}, "referenceVariable": ["createCard[2].notpass?'redInput':'normalInput'", "createCard[2].status?'color: #E91E63':'color:#CACACA'", "createCard[2].value"], "referenceFunction": ["focus", "input"], "style": [], "inheritClass": null, "wxss": [], "page": null, "path": "D:\\WORK\\2021\\MPDF\\baseline\\ui\\递名片\\createBusinesscard.wxml", "child": [], "parent": 14, "matchString": [{"type": "attr", "string": "2"}, {"type": "attr", "string": "请填写职位"}]}, {"id": 18, "type": "view", "string": null, "attribute": {"class": ["company", "item"]}, "referenceVariable": [], "referenceFunction": [], "style": [], "inheritClass": null, "wxss": [], "page": null, "path": "D:\\WORK\\2021\\MPDF\\baseline\\ui\\递名片\\createBusinesscard.wxml", "child": [19, 20, 21], "parent": 9, "matchString": [{"type": "relation", "string": "公司"}, {"type": "relation", "string": "*"}, {"type": "relation", "string": "1"}, {"type": "relation", "string": "请填写公司"}]}, {"id": 19, "type": "text", "string": "公司", "attribute": {}, "referenceVariable": [], "referenceFunction": [], "style": [], "inheritClass": null, "wxss": [], "page": null, "path": "D:\\WORK\\2021\\MPDF\\baseline\\ui\\递名片\\createBusinesscard.wxml", "child": [], "parent": 18, "matchString": [{"type": "self", "string": "公司"}]}, {"id": 20, "type": "view", "string": "*", "attribute": {"class": ["fill"]}, "referenceVariable": [], "referenceFunction": [], "style": [], "inheritClass": null, "wxss": [], "page": null, "path": "D:\\WORK\\2021\\MPDF\\baseline\\ui\\递名片\\createBusinesscard.wxml", "child": [], "parent": 18, "matchString": [{"type": "self", "string": "*"}]}, {"id": 21, "type": "input", "string": null, "attribute": {"disabled": "", "bindfocus": "focus", "bindinput": "input", "class": ["{{createCard[1].notpass?'redInput':'normalInput'}}"], "data-index": "1", "placeholder": "请填写公司", "placeholderstyle": "{{createCard[1].status?'color: #E91E63':'color:#CACACA'}}", "value": "{{createCard[1].value}}"}, "referenceVariable": ["createCard[1].notpass?'redInput':'normalInput'", "createCard[1].status?'color: #E91E63':'color:#CACACA'", "createCard[1].value"], "referenceFunction": ["focus", "input"], "style": [], "inheritClass": null, "wxss": [], "page": null, "path": "D:\\WORK\\2021\\MPDF\\baseline\\ui\\递名片\\createBusinesscard.wxml", "child": [], "parent": 18, "matchString": [{"type": "attr", "string": "1"}, {"type": "attr", "string": "请填写公司"}]}, {"id": 22, "type": "view", "string": null, "attribute": {"class": ["perfectInfor"]}, "referenceVariable": [], "referenceFunction": [], "style": [], "inheritClass": null, "wxss": [], "page": null, "path": "D:\\WORK\\2021\\MPDF\\baseline\\ui\\递名片\\createBusinesscard.wxml", "child": [23, 27, 31], "parent": 8, "matchString": [{"type": "relation", "string": "手机"}, {"type": "relation", "string": "3"}, {"type": "relation", "string": "请填写手机号码"}, {"type": "relation", "string": "微信"}, {"type": "relation", "string": "4"}, {"type": "relation", "string": "请填写微信"}, {"type": "relation", "string": "地址"}, {"type": "relation", "string": "5"}, {"type": "relation", "string": "请填写地址"}]}, {"id": 23, "type": "view", "string": null, "attribute": {"class": ["name", "item"]}, "referenceVariable": [], "referenceFunction": [], "style": [], "inheritClass": null, "wxss": [], "page": null, "path": "D:\\WORK\\2021\\MPDF\\baseline\\ui\\递名片\\createBusinesscard.wxml", "child": [24, 25, 26], "parent": 22, "matchString": [{"type": "relation", "string": "手机"}, {"type": "relation", "string": "3"}, {"type": "relation", "string": "请填写手机号码"}]}, {"id": 24, "type": "text", "string": "手机", "attribute": {}, "referenceVariable": [], "referenceFunction": [], "style": [], "inheritClass": null, "wxss": [], "page": null, "path": "D:\\WORK\\2021\\MPDF\\baseline\\ui\\递名片\\createBusinesscard.wxml", "child": [], "parent": 23, "matchString": [{"type": "self", "string": "手机"}]}, {"id": 25, "type": "view", "string": null, "attribute": {"class": ["fill"]}, "referenceVariable": [], "referenceFunction": [], "style": [], "inheritClass": null, "wxss": [], "page": null, "path": "D:\\WORK\\2021\\MPDF\\baseline\\ui\\递名片\\createBusinesscard.wxml", "child": [], "parent": 23, "matchString": []}, {"id": 26, "type": "input", "string": null, "attribute": {"bindfocus": "focus", "bindinput": "input", "class": ["{{createCard[3].notpass?'redInput':'normalInput'}}"], "data-index": "3", "placeholder": "请填写手机号码", "placeholderstyle": "color:#CACACA", "value": "{{createCard[3].value}}"}, "referenceVariable": ["createCard[3].notpass?'redInput':'normalInput'", "createCard[3].value"], "referenceFunction": ["focus", "input"], "style": [], "inheritClass": null, "wxss": [], "page": null, "path": "D:\\WORK\\2021\\MPDF\\baseline\\ui\\递名片\\createBusinesscard.wxml", "child": [], "parent": 23, "matchString": [{"type": "attr", "string": "3"}, {"type": "attr", "string": "请填写手机号码"}]}, {"id": 27, "type": "view", "string": null, "attribute": {"class": ["company", "item"]}, "referenceVariable": [], "referenceFunction": [], "style": [], "inheritClass": null, "wxss": [], "page": null, "path": "D:\\WORK\\2021\\MPDF\\baseline\\ui\\递名片\\createBusinesscard.wxml", "child": [28, 29, 30], "parent": 22, "matchString": [{"type": "relation", "string": "微信"}, {"type": "relation", "string": "4"}, {"type": "relation", "string": "请填写微信"}]}, {"id": 28, "type": "text", "string": "微信", "attribute": {}, "referenceVariable": [], "referenceFunction": [], "style": [], "inheritClass": null, "wxss": [], "page": null, "path": "D:\\WORK\\2021\\MPDF\\baseline\\ui\\递名片\\createBusinesscard.wxml", "child": [], "parent": 27, "matchString": [{"type": "self", "string": "微信"}]}, {"id": 29, "type": "view", "string": null, "attribute": {"class": ["fill"]}, "referenceVariable": [], "referenceFunction": [], "style": [], "inheritClass": null, "wxss": [], "page": null, "path": "D:\\WORK\\2021\\MPDF\\baseline\\ui\\递名片\\createBusinesscard.wxml", "child": [], "parent": 27, "matchString": []}, {"id": 30, "type": "input", "string": null, "attribute": {"bindfocus": "focus", "bindinput": "input", "class": ["{{createCard[4].notpass?'redInput':'normalInput'}}"], "data-index": "4", "placeholder": "请填写微信", "placeholderstyle": "color:#CACACA", "value": "{{createCard[4].value}}"}, "referenceVariable": ["createCard[4].notpass?'redInput':'normalInput'", "createCard[4].value"], "referenceFunction": ["focus", "input"], "style": [], "inheritClass": null, "wxss": [], "page": null, "path": "D:\\WORK\\2021\\MPDF\\baseline\\ui\\递名片\\createBusinesscard.wxml", "child": [], "parent": 27, "matchString": [{"type": "attr", "string": "4"}, {"type": "attr", "string": "请填写微信"}]}, {"id": 31, "type": "view", "string": null, "attribute": {"bindtap": "addMackNew", "class": ["position", "item"]}, "referenceVariable": [], "referenceFunction": ["addMackNew"], "style": [], "inheritClass": null, "wxss": [], "page": null, "path": "D:\\WORK\\2021\\MPDF\\baseline\\ui\\递名片\\createBusinesscard.wxml", "child": [32, 33, 34], "parent": 22, "matchString": [{"type": "relation", "string": "地址"}, {"type": "relation", "string": "5"}, {"type": "relation", "string": "请填写地址"}]}, {"id": 32, "type": "text", "string": "地址", "attribute": {}, "referenceVariable": [], "referenceFunction": [], "style": [], "inheritClass": null, "wxss": [], "page": null, "path": "D:\\WORK\\2021\\MPDF\\baseline\\ui\\递名片\\createBusinesscard.wxml", "child": [], "parent": 31, "matchString": [{"type": "self", "string": "地址"}]}, {"id": 33, "type": "view", "string": null, "attribute": {"class": ["fill"]}, "referenceVariable": [], "referenceFunction": [], "style": [], "inheritClass": null, "wxss": [], "page": null, "path": "D:\\WORK\\2021\\MPDF\\baseline\\ui\\递名片\\createBusinesscard.wxml", "child": [], "parent": 31, "matchString": []}, {"id": 34, "type": "input", "string": null, "attribute": {"disabled": "", "bindfocus": "focus", "bindinput": "input", "class": ["{{createCard[5].notpass?'redInput':'normalInput'}}"], "data-index": "5", "placeholder": "请填写地址", "placeholderstyle": "color:#CACACA", "value": "{{createCard[5].value}}"}, "referenceVariable": ["createCard[5].notpass?'redInput':'normalInput'", "createCard[5].value"], "referenceFunction": ["focus", "input"], "style": [], "inheritClass": null, "wxss": [], "page": null, "path": "D:\\WORK\\2021\\MPDF\\baseline\\ui\\递名片\\createBusinesscard.wxml", "child": [], "parent": 31, "matchString": [{"type": "attr", "string": "5"}, {"type": "attr", "string": "请填写地址"}]}, {"id": 35, "type": "view", "string": null, "attribute": {"animation": "{{animationData}}", "class": ["chooseCard", "bottom-positon"], "wx:if": "{{num==1}}"}, "referenceVariable": ["animationData", "num==1"], "referenceFunction": [], "style": [], "inheritClass": null, "wxss": [], "page": null, "path": "D:\\WORK\\2021\\MPDF\\baseline\\ui\\递名片\\createBusinesscard.wxml", "child": [36, 40], "parent": 1, "matchString": [{"type": "attr", "string": "{{animationData}}"}, {"type": "relation", "string": "选择一张名片加入企业"}, {"type": "relation", "string": "{{listTtile}}"}, {"type": "relation", "string": "\n        {{listTtile}}\n      "}, {"type": "relation", "string": "{{openType=='fromTeam'?'claimCard':''}}"}, {"type": "relation", "string": "getUserInfo"}, {"type": "relation", "string": "{{true}}"}, {"type": "relation", "string": "{{item.entId}}"}, {"type": "relation", "string": "{{index}}"}, {"type": "relation", "string": "{{item.name}}"}, {"type": "relation", "string": "已加入其它企业"}, {"type": "relation", "string": "{{item.company||item.entName}}"}, {"type": "relation", "string": "{{item.job}}"}, {"type": "relation", "string": "制作新名片"}]}, {"id": 36, "type": "view", "string": null, "attribute": {"class": ["submission"]}, "referenceVariable": [], "referenceFunction": [], "style": [], "inheritClass": null, "wxss": [], "page": null, "path": "D:\\WORK\\2021\\MPDF\\baseline\\ui\\递名片\\createBusinesscard.wxml", "child": [37, 38, 39], "parent": 35, "matchString": [{"type": "relation", "string": "选择一张名片加入企业"}, {"type": "relation", "string": "{{listTtile}}"}, {"type": "relation", "string": "\n        {{listTtile}}\n      "}, {"type": "relation", "string": "{{openType=='fromTeam'?'claimCard':''}}"}, {"type": "relation", "string": "getUserInfo"}]}, {"id": 37, "type": "text", "string": "选择一张名片加入企业", "attribute": {}, "referenceVariable": [], "referenceFunction": [], "style": [], "inheritClass": null, "wxss": [], "page": null, "path": "D:\\WORK\\2021\\MPDF\\baseline\\ui\\递名片\\createBusinesscard.wxml", "child": [], "parent": 36, "matchString": [{"type": "self", "string": "选择一张名片加入企业"}]}, {"id": 38, "type": "button", "string": "{{listTtile}}", "attribute": {"class": ["noJoin"], "wx:if": "{{choiceIndex==null}}"}, "referenceVariable": ["choiceIndex==null"], "referenceFunction": [], "style": [], "inheritClass": null, "wxss": [], "page": null, "path": "D:\\WORK\\2021\\MPDF\\baseline\\ui\\递名片\\createBusinesscard.wxml", "child": [], "parent": 36, "matchString": [{"type": "self", "string": "{{listTtile}}"}]}, {"id": 39, "type": "button", "string": "\n        {{listTtile}}\n      ", "attribute": {"bindgetuserinfo": "getUserMessa", "data-button": "{{openType=='fromTeam'?'claimCard':''}}", "opentype": "getUserInfo", "wx:if": "{{choiceIndex!==null}}"}, "referenceVariable": ["openType=='fromTeam'?'claimCard':''", "choiceIndex!==null"], "referenceFunction": ["getUserMessa"], "style": [], "inheritClass": null, "wxss": [], "page": null, "path": "D:\\WORK\\2021\\MPDF\\baseline\\ui\\递名片\\createBusinesscard.wxml", "child": [], "parent": 36, "matchString": [{"type": "self", "string": "\n        {{listTtile}}\n      "}, {"type": "attr", "string": "{{openType=='fromTeam'?'claimCard':''}}"}, {"type": "attr", "string": "getUserInfo"}]}, {"id": 40, "type": "scroll-view", "string": null, "attribute": {"class": ["myCard"], "scrolly": "{{true}}"}, "referenceVariable": ["true"], "referenceFunction": [], "style": [], "inheritClass": null, "wxss": [], "page": null, "path": "D:\\WORK\\2021\\MPDF\\baseline\\ui\\递名片\\createBusinesscard.wxml", "child": [41, 53, 56], "parent": 35, "matchString": [{"type": "attr", "string": "{{true}}"}, {"type": "relation", "string": "{{item.entId}}"}, {"type": "relation", "string": "{{index}}"}, {"type": "relation", "string": "{{item.name}}"}, {"type": "relation", "string": "已加入其它企业"}, {"type": "relation", "string": "{{item.company||item.entName}}"}, {"type": "relation", "string": "{{item.job}}"}, {"type": "relation", "string": "制作新名片"}]}, {"id": 41, "type": "view", "string": null, "attribute": {"catch:tap": "selectCards", "class": ["card_prefs"], "data-entid": "{{item.entId}}", "data-key": "{{index}}", "style": "{{choiceIndex==index?'border:2rpx solid rgba(41, 121, 255, 1)':';'}};", "wx:for": "{{cardList}}", "wx:key": "{{item}}"}, "referenceVariable": ["item.entId", "index", "choiceIndex==index?'border:2rpx solid rgba(41, 121, 255, 1)':';'", "cardList", "item"], "referenceFunction": [], "style": [], "inheritClass": null, "wxss": [], "page": null, "path": "D:\\WORK\\2021\\MPDF\\baseline\\ui\\递名片\\createBusinesscard.wxml", "child": [42], "parent": 40, "matchString": [{"type": "attr", "string": "{{item.entId}}"}, {"type": "attr", "string": "{{index}}"}, {"type": "relation", "string": "{{item.name}}"}, {"type": "relation", "string": "已加入其它企业"}, {"type": "relation", "string": "{{item.company||item.entName}}"}, {"type": "relation", "string": "{{item.job}}"}]}, {"id": 42, "type": "view", "string": null, "attribute": {"class": ["flex"]}, "referenceVariable": [], "referenceFunction": [], "style": [], "inheritClass": null, "wxss": [], "page": null, "path": "D:\\WORK\\2021\\MPDF\\baseline\\ui\\递名片\\createBusinesscard.wxml", "child": [43, 52], "parent": 41, "matchString": [{"type": "relation", "string": "{{item.name}}"}, {"type": "relation", "string": "已加入其它企业"}, {"type": "relation", "string": "{{item.company||item.entName}}"}, {"type": "relation", "string": "{{item.job}}"}]}, {"id": 43, "type": "view", "string": null, "attribute": {"class": ["item"]}, "referenceVariable": [], "referenceFunction": [], "style": [], "inheritClass": null, "wxss": [], "page": null, "path": "D:\\WORK\\2021\\MPDF\\baseline\\ui\\递名片\\createBusinesscard.wxml", "child": [44, 45], "parent": 42, "matchString": [{"type": "relation", "string": "{{item.name}}"}, {"type": "relation", "string": "已加入其它企业"}, {"type": "relation", "string": "{{item.company||item.entName}}"}, {"type": "relation", "string": "{{item.job}}"}]}, {"id": 44, "type": "image", "string": null, "attribute": {"class": ["userpic"], "mode": "widthFix", "src": "{{item.cardImgUrl||item.userpic}}"}, "referenceVariable": ["item.cardImgUrl||item.userpic"], "referenceFunction": [], "style": [], "inheritClass": null, "wxss": [], "page": null, "path": "D:\\WORK\\2021\\MPDF\\baseline\\ui\\递名片\\createBusinesscard.wxml", "child": [], "parent": 43, "matchString": []}, {"id": 45, "type": "view", "string": null, "attribute": {"class": ["right"]}, "referenceVariable": [], "referenceFunction": [], "style": [], "inheritClass": null, "wxss": [], "page": null, "path": "D:\\WORK\\2021\\MPDF\\baseline\\ui\\递名片\\createBusinesscard.wxml", "child": [46, 49, 50], "parent": 43, "matchString": [{"type": "relation", "string": "{{item.name}}"}, {"type": "relation", "string": "已加入其它企业"}, {"type": "relation", "string": "{{item.company||item.entName}}"}, {"type": "relation", "string": "{{item.job}}"}]}, {"id": 46, "type": "view", "string": null, "attribute": {"class": ["name", "more-then"]}, "referenceVariable": [], "referenceFunction": [], "style": [], "inheritClass": null, "wxss": [], "page": null, "path": "D:\\WORK\\2021\\MPDF\\baseline\\ui\\递名片\\createBusinesscard.wxml", "child": [47, 48], "parent": 45, "matchString": [{"type": "relation", "string": "{{item.name}}"}, {"type": "relation", "string": "已加入其它企业"}]}, {"id": 47, "type": "view", "string": "{{item.name}}", "attribute": {"class": ["n"]}, "referenceVariable": [], "referenceFunction": [], "style": [], "inheritClass": null, "wxss": [], "page": null, "path": "D:\\WORK\\2021\\MPDF\\baseline\\ui\\递名片\\createBusinesscard.wxml", "child": [], "parent": 46, "matchString": [{"type": "self", "string": "{{item.name}}"}]}, {"id": 48, "type": "view", "string": "已加入其它企业", "attribute": {"class": ["flex-tip"], "wx:if": "{{openType=='fromMicro'&&item.entId}}"}, "referenceVariable": ["openType=='fromMicro'&&item.entId"], "referenceFunction": [], "style": [], "inheritClass": null, "wxss": [], "page": null, "path": "D:\\WORK\\2021\\MPDF\\baseline\\ui\\递名片\\createBusinesscard.wxml", "child": [], "parent": 46, "matchString": [{"type": "self", "string": "已加入其它企业"}]}, {"id": 49, "type": "view", "string": "{{item.company||item.entName}}", "attribute": {"class": ["company", "more-then"]}, "referenceVariable": [], "referenceFunction": [], "style": [], "inheritClass": null, "wxss": [], "page": null, "path": "D:\\WORK\\2021\\MPDF\\baseline\\ui\\递名片\\createBusinesscard.wxml", "child": [], "parent": 45, "matchString": [{"type": "self", "string": "{{item.company||item.entName}}"}]}, {"id": 50, "type": "view", "string": null, "attribute": {"class": ["job"]}, "referenceVariable": [], "referenceFunction": [], "style": [], "inheritClass": null, "wxss": [], "page": null, "path": "D:\\WORK\\2021\\MPDF\\baseline\\ui\\递名片\\createBusinesscard.wxml", "child": [51], "parent": 45, "matchString": [{"type": "relation", "string": "{{item.job}}"}]}, {"id": 51, "type": "view", "string": "{{item.job}}", "attribute": {"class": ["j", "more-then"]}, "referenceVariable": [], "referenceFunction": [], "style": [], "inheritClass": null, "wxss": [], "page": null, "path": "D:\\WORK\\2021\\MPDF\\baseline\\ui\\递名片\\createBusinesscard.wxml", "child": [], "parent": 50, "matchString": [{"type": "self", "string": "{{item.job}}"}]}, {"id": 52, "type": "image", "string": null, "attribute": {"class": ["selected"], "src": "/images/newMain/selected.png", "wx:if": "{{choiceIndex==index}}"}, "referenceVariable": ["choiceIndex==index"], "referenceFunction": [], "style": [], "inheritClass": null, "wxss": [], "page": null, "path": "D:\\WORK\\2021\\MPDF\\baseline\\ui\\递名片\\createBusinesscard.wxml", "child": [], "parent": 42, "matchString": []}, {"id": 53, "type": "view", "string": null, "attribute": {"bindtap": "businessCards", "class": ["new_prefs"], "wx:if": "{{cardList.length<100}}"}, "referenceVariable": ["cardList.length<100"], "referenceFunction": ["businessCards"], "style": [], "inheritClass": null, "wxss": [], "page": null, "path": "D:\\WORK\\2021\\MPDF\\baseline\\ui\\递名片\\createBusinesscard.wxml", "child": [54, 55], "parent": 40, "matchString": [{"type": "relation", "string": "制作新名片"}]}, {"id": 54, "type": "image", "string": null, "attribute": {"src": "/images/newMain/add.png"}, "referenceVariable": [], "referenceFunction": [], "style": [], "inheritClass": null, "wxss": [], "page": null, "path": "D:\\WORK\\2021\\MPDF\\baseline\\ui\\递名片\\createBusinesscard.wxml", "child": [], "parent": 53, "matchString": []}, {"id": 55, "type": "view", "string": "制作新名片", "attribute": {"class": ["title"]}, "referenceVariable": [], "referenceFunction": [], "style": [], "inheritClass": null, "wxss": [], "page": null, "path": "D:\\WORK\\2021\\MPDF\\baseline\\ui\\递名片\\createBusinesscard.wxml", "child": [], "parent": 53, "matchString": [{"type": "self", "string": "制作新名片"}]}, {"id": 56, "type": "view", "string": null, "attribute": {"class": ["blank"], "style": "padding-top:{{systemInfo.menuButton['height']+systemInfo.menuButton['top']}}px;height:80rpx;padding-bottom:{{paddingTop}}rpx;"}, "referenceVariable": ["systemInfo.menuButton['height']+systemInfo.menuButton['top']", "paddingTop"], "referenceFunction": [], "style": [], "inheritClass": null, "wxss": [], "page": null, "path": "D:\\WORK\\2021\\MPDF\\baseline\\ui\\递名片\\createBusinesscard.wxml", "child": [], "parent": 40, "matchString": []}]