[{"id": 0, "type": "[document]", "string": null, "attribute": {}, "referenceVariable": [], "referenceFunction": [], "style": [], "inheritClass": null, "wxss": [], "page": null, "path": "D:\\WORK\\2021\\MPDF\\baseline\\ui\\二更视频\\main.wxml", "child": [1, 2, 44], "parent": null, "matchString": [{"type": "relation", "string": "报名"}, {"type": "relation", "string": "*"}, {"type": "relation", "string": "name"}, {"type": "relation", "string": "请填写您的真实姓名"}, {"type": "relation", "string": "mobile"}, {"type": "relation", "string": "请填写您的手机号"}, {"type": "relation", "string": "code"}, {"type": "relation", "string": "请填写验证码"}, {"type": "relation", "string": "{{countDownText}}"}, {"type": "relation", "string": "1"}, {"type": "relation", "string": "2"}, {"type": "relation", "string": "2019-01-01"}, {"type": "relation", "string": "1949-01-01"}, {"type": "relation", "string": "{{birthday==''?'请选择你的生日':birthday}}"}, {"type": "relation", "string": "wx"}, {"type": "relation", "string": "请填写您的微信号"}, {"type": "relation", "string": "提交报名"}, {"type": "relation", "string": "二更承诺：您的隐私信息将得到妥善、有效的保护"}]}, {"id": 1, "type": "navigation", "string": null, "attribute": {"title": "报名"}, "referenceVariable": [], "referenceFunction": [], "style": [], "inheritClass": null, "wxss": [], "page": null, "path": "D:\\WORK\\2021\\MPDF\\baseline\\ui\\二更视频\\main.wxml", "child": [], "parent": 0, "matchString": [{"type": "attr", "string": "报名"}]}, {"id": 2, "type": "view", "string": null, "attribute": {"class": ["enroll"]}, "referenceVariable": [], "referenceFunction": [], "style": [], "inheritClass": null, "wxss": [], "page": null, "path": "D:\\WORK\\2021\\MPDF\\baseline\\ui\\二更视频\\main.wxml", "child": [3, 5, 43], "parent": 0, "matchString": [{"type": "relation", "string": "*"}, {"type": "relation", "string": "name"}, {"type": "relation", "string": "请填写您的真实姓名"}, {"type": "relation", "string": "mobile"}, {"type": "relation", "string": "请填写您的手机号"}, {"type": "relation", "string": "code"}, {"type": "relation", "string": "请填写验证码"}, {"type": "relation", "string": "{{countDownText}}"}, {"type": "relation", "string": "1"}, {"type": "relation", "string": "2"}, {"type": "relation", "string": "2019-01-01"}, {"type": "relation", "string": "1949-01-01"}, {"type": "relation", "string": "{{birthday==''?'请选择你的生日':birthday}}"}, {"type": "relation", "string": "wx"}, {"type": "relation", "string": "请填写您的微信号"}, {"type": "relation", "string": "提交报名"}]}, {"id": 3, "type": "view", "string": null, "attribute": {"class": ["banner"]}, "referenceVariable": [], "referenceFunction": [], "style": [], "inheritClass": null, "wxss": [], "page": null, "path": "D:\\WORK\\2021\\MPDF\\baseline\\ui\\二更视频\\main.wxml", "child": [4], "parent": 2, "matchString": [{"type": "relation", "string": "二更承诺：您的隐私信息将得到妥善、有效的保护"}]}, {"id": 4, "type": "image", "string": null, "attribute": {"src": "http://static.ergengtech.com/wechat/enroll_banner.png"}, "referenceVariable": [], "referenceFunction": [], "style": [], "inheritClass": null, "wxss": [], "page": null, "path": "D:\\WORK\\2021\\MPDF\\baseline\\ui\\二更视频\\main.wxml", "child": [], "parent": 3, "matchString": []}, {"id": 5, "type": "view", "string": null, "attribute": {"class": ["from"]}, "referenceVariable": [], "referenceFunction": [], "style": [], "inheritClass": null, "wxss": [], "page": null, "path": "D:\\WORK\\2021\\MPDF\\baseline\\ui\\二更视频\\main.wxml", "child": [6, 11, 16, 22, 32, 38], "parent": 2, "matchString": [{"type": "relation", "string": "*"}, {"type": "relation", "string": "name"}, {"type": "relation", "string": "请填写您的真实姓名"}, {"type": "relation", "string": "mobile"}, {"type": "relation", "string": "请填写您的手机号"}, {"type": "relation", "string": "code"}, {"type": "relation", "string": "请填写验证码"}, {"type": "relation", "string": "{{countDownText}}"}, {"type": "relation", "string": "1"}, {"type": "relation", "string": "2"}, {"type": "relation", "string": "2019-01-01"}, {"type": "relation", "string": "1949-01-01"}, {"type": "relation", "string": "{{birthday==''?'请选择你的生日':birthday}}"}, {"type": "relation", "string": "wx"}, {"type": "relation", "string": "请填写您的微信号"}]}, {"id": 6, "type": "view", "string": null, "attribute": {"class": ["from-item"]}, "referenceVariable": [], "referenceFunction": [], "style": [], "inheritClass": null, "wxss": [], "page": null, "path": "D:\\WORK\\2021\\MPDF\\baseline\\ui\\二更视频\\main.wxml", "child": [7, 9], "parent": 5, "matchString": [{"type": "relation", "string": "*"}, {"type": "relation", "string": "name"}, {"type": "relation", "string": "请填写您的真实姓名"}]}, {"id": 7, "type": "view", "string": null, "attribute": {"class": ["item-lable"]}, "referenceVariable": [], "referenceFunction": [], "style": [], "inheritClass": null, "wxss": [], "page": null, "path": "D:\\WORK\\2021\\MPDF\\baseline\\ui\\二更视频\\main.wxml", "child": [8], "parent": 6, "matchString": [{"type": "relation", "string": "*"}]}, {"id": 8, "type": "text", "string": "*", "attribute": {}, "referenceVariable": [], "referenceFunction": [], "style": [], "inheritClass": null, "wxss": [], "page": null, "path": "D:\\WORK\\2021\\MPDF\\baseline\\ui\\二更视频\\main.wxml", "child": [], "parent": 7, "matchString": [{"type": "self", "string": "*"}]}, {"id": 9, "type": "view", "string": null, "attribute": {"class": ["item-content"]}, "referenceVariable": [], "referenceFunction": [], "style": [], "inheritClass": null, "wxss": [], "page": null, "path": "D:\\WORK\\2021\\MPDF\\baseline\\ui\\二更视频\\main.wxml", "child": [10], "parent": 6, "matchString": [{"type": "relation", "string": "name"}, {"type": "relation", "string": "请填写您的真实姓名"}]}, {"id": 10, "type": "input", "string": null, "attribute": {"bindblur": "bindInputblur", "bindinput": "bindInputChange", "class": ["from-input"], "data-type": "name", "placeholder": "请填写您的真实姓名", "placeholderstyle": "color:#ccc", "value": "{{name}}"}, "referenceVariable": ["name"], "referenceFunction": ["bindInputblur", "bindInputChange"], "style": [], "inheritClass": null, "wxss": [], "page": null, "path": "D:\\WORK\\2021\\MPDF\\baseline\\ui\\二更视频\\main.wxml", "child": [], "parent": 9, "matchString": [{"type": "attr", "string": "name"}, {"type": "attr", "string": "请填写您的真实姓名"}]}, {"id": 11, "type": "view", "string": null, "attribute": {"class": ["from-item"]}, "referenceVariable": [], "referenceFunction": [], "style": [], "inheritClass": null, "wxss": [], "page": null, "path": "D:\\WORK\\2021\\MPDF\\baseline\\ui\\二更视频\\main.wxml", "child": [12, 14], "parent": 5, "matchString": [{"type": "relation", "string": "*"}, {"type": "relation", "string": "mobile"}, {"type": "relation", "string": "请填写您的手机号"}]}, {"id": 12, "type": "view", "string": null, "attribute": {"class": ["item-lable"]}, "referenceVariable": [], "referenceFunction": [], "style": [], "inheritClass": null, "wxss": [], "page": null, "path": "D:\\WORK\\2021\\MPDF\\baseline\\ui\\二更视频\\main.wxml", "child": [13], "parent": 11, "matchString": [{"type": "relation", "string": "*"}]}, {"id": 13, "type": "text", "string": "*", "attribute": {}, "referenceVariable": [], "referenceFunction": [], "style": [], "inheritClass": null, "wxss": [], "page": null, "path": "D:\\WORK\\2021\\MPDF\\baseline\\ui\\二更视频\\main.wxml", "child": [], "parent": 12, "matchString": [{"type": "self", "string": "*"}]}, {"id": 14, "type": "view", "string": null, "attribute": {"class": ["item-content"]}, "referenceVariable": [], "referenceFunction": [], "style": [], "inheritClass": null, "wxss": [], "page": null, "path": "D:\\WORK\\2021\\MPDF\\baseline\\ui\\二更视频\\main.wxml", "child": [15], "parent": 11, "matchString": [{"type": "relation", "string": "mobile"}, {"type": "relation", "string": "请填写您的手机号"}]}, {"id": 15, "type": "input", "string": null, "attribute": {"bindblur": "bindInputblur", "bindinput": "bindInputChange", "class": ["from-input"], "data-type": "mobile", "placeholder": "请填写您的手机号", "placeholderstyle": "color:#ccc", "value": "{{mobile}}"}, "referenceVariable": ["mobile"], "referenceFunction": ["bindInputblur", "bindInputChange"], "style": [], "inheritClass": null, "wxss": [], "page": null, "path": "D:\\WORK\\2021\\MPDF\\baseline\\ui\\二更视频\\main.wxml", "child": [], "parent": 14, "matchString": [{"type": "attr", "string": "mobile"}, {"type": "attr", "string": "请填写您的手机号"}]}, {"id": 16, "type": "view", "string": null, "attribute": {"class": ["from-item"]}, "referenceVariable": [], "referenceFunction": [], "style": [], "inheritClass": null, "wxss": [], "page": null, "path": "D:\\WORK\\2021\\MPDF\\baseline\\ui\\二更视频\\main.wxml", "child": [17, 19], "parent": 5, "matchString": [{"type": "relation", "string": "*"}, {"type": "relation", "string": "code"}, {"type": "relation", "string": "请填写验证码"}, {"type": "relation", "string": "{{countDownText}}"}]}, {"id": 17, "type": "view", "string": null, "attribute": {"class": ["item-lable"]}, "referenceVariable": [], "referenceFunction": [], "style": [], "inheritClass": null, "wxss": [], "page": null, "path": "D:\\WORK\\2021\\MPDF\\baseline\\ui\\二更视频\\main.wxml", "child": [18], "parent": 16, "matchString": [{"type": "relation", "string": "*"}]}, {"id": 18, "type": "text", "string": "*", "attribute": {}, "referenceVariable": [], "referenceFunction": [], "style": [], "inheritClass": null, "wxss": [], "page": null, "path": "D:\\WORK\\2021\\MPDF\\baseline\\ui\\二更视频\\main.wxml", "child": [], "parent": 17, "matchString": [{"type": "self", "string": "*"}]}, {"id": 19, "type": "view", "string": null, "attribute": {"class": ["item-content"], "style": "padding-right: 220rpx;"}, "referenceVariable": [], "referenceFunction": [], "style": [], "inheritClass": null, "wxss": [], "page": null, "path": "D:\\WORK\\2021\\MPDF\\baseline\\ui\\二更视频\\main.wxml", "child": [20, 21], "parent": 16, "matchString": [{"type": "relation", "string": "code"}, {"type": "relation", "string": "请填写验证码"}, {"type": "relation", "string": "{{countDownText}}"}]}, {"id": 20, "type": "input", "string": null, "attribute": {"bindblur": "bindInputblur", "bindinput": "bindInputChange", "class": ["from-input"], "data-type": "code", "placeholder": "请填写验证码", "placeholderstyle": "color:#ccc"}, "referenceVariable": [], "referenceFunction": ["bindInputblur", "bindInputChange"], "style": [], "inheritClass": null, "wxss": [], "page": null, "path": "D:\\WORK\\2021\\MPDF\\baseline\\ui\\二更视频\\main.wxml", "child": [], "parent": 19, "matchString": [{"type": "attr", "string": "code"}, {"type": "attr", "string": "请填写验证码"}]}, {"id": 21, "type": "view", "string": "{{countDownText}}", "attribute": {"bindtap": "sendMsg", "class": ["code-btn", "{{is_CountDown?'dis':''}}"]}, "referenceVariable": ["is_CountDown?'dis':''"], "referenceFunction": ["sendMsg"], "style": [], "inheritClass": null, "wxss": [], "page": null, "path": "D:\\WORK\\2021\\MPDF\\baseline\\ui\\二更视频\\main.wxml", "child": [], "parent": 19, "matchString": [{"type": "self", "string": "{{countDownText}}"}]}, {"id": 22, "type": "view", "string": null, "attribute": {"class": ["from-item"]}, "referenceVariable": [], "referenceFunction": [], "style": [], "inheritClass": null, "wxss": [], "page": null, "path": "D:\\WORK\\2021\\MPDF\\baseline\\ui\\二更视频\\main.wxml", "child": [23, 25], "parent": 5, "matchString": [{"type": "relation", "string": "*"}, {"type": "relation", "string": "1"}, {"type": "relation", "string": "2"}]}, {"id": 23, "type": "view", "string": null, "attribute": {"class": ["item-lable"]}, "referenceVariable": [], "referenceFunction": [], "style": [], "inheritClass": null, "wxss": [], "page": null, "path": "D:\\WORK\\2021\\MPDF\\baseline\\ui\\二更视频\\main.wxml", "child": [24], "parent": 22, "matchString": [{"type": "relation", "string": "*"}]}, {"id": 24, "type": "text", "string": "*", "attribute": {}, "referenceVariable": [], "referenceFunction": [], "style": [], "inheritClass": null, "wxss": [], "page": null, "path": "D:\\WORK\\2021\\MPDF\\baseline\\ui\\二更视频\\main.wxml", "child": [], "parent": 23, "matchString": [{"type": "self", "string": "*"}]}, {"id": 25, "type": "view", "string": null, "attribute": {"class": ["item-content"], "style": "text-align: right;"}, "referenceVariable": [], "referenceFunction": [], "style": [], "inheritClass": null, "wxss": [], "page": null, "path": "D:\\WORK\\2021\\MPDF\\baseline\\ui\\二更视频\\main.wxml", "child": [26, 29], "parent": 22, "matchString": [{"type": "relation", "string": "1"}, {"type": "relation", "string": "2"}]}, {"id": 26, "type": "view", "string": null, "attribute": {"bindtap": "genderClick", "class": ["gender-group"], "data-val": "1"}, "referenceVariable": [], "referenceFunction": ["genderClick"], "style": [], "inheritClass": null, "wxss": [], "page": null, "path": "D:\\WORK\\2021\\MPDF\\baseline\\ui\\二更视频\\main.wxml", "child": [27, 28], "parent": 25, "matchString": [{"type": "attr", "string": "1"}]}, {"id": 27, "type": "icon", "string": null, "attribute": {"class": ["group-icon", "weui-icon-checkbox_circle"], "size": "20", "type": "circle", "wx:if": "{{gender==2||gender==''}}"}, "referenceVariable": ["gender==2||gender==''"], "referenceFunction": [], "style": [], "inheritClass": null, "wxss": [], "page": null, "path": "D:\\WORK\\2021\\MPDF\\baseline\\ui\\二更视频\\main.wxml", "child": [], "parent": 26, "matchString": []}, {"id": 28, "type": "icon", "string": null, "attribute": {"class": ["group-icon", "weui-icon-checkbox_success"], "color": "#F1C54F", "size": "20", "type": "success", "wx:if": "{{gender==1}}"}, "referenceVariable": ["gender==1"], "referenceFunction": [], "style": [], "inheritClass": null, "wxss": [], "page": null, "path": "D:\\WORK\\2021\\MPDF\\baseline\\ui\\二更视频\\main.wxml", "child": [], "parent": 26, "matchString": []}, {"id": 29, "type": "view", "string": null, "attribute": {"bindtap": "genderClick", "class": ["gender-group"], "data-val": "2"}, "referenceVariable": [], "referenceFunction": ["genderClick"], "style": [], "inheritClass": null, "wxss": [], "page": null, "path": "D:\\WORK\\2021\\MPDF\\baseline\\ui\\二更视频\\main.wxml", "child": [30, 31], "parent": 25, "matchString": [{"type": "attr", "string": "2"}]}, {"id": 30, "type": "icon", "string": null, "attribute": {"class": ["group-icon", "weui-icon-checkbox_circle"], "size": "20", "type": "circle", "wx:if": "{{gender==1||gender==''}}"}, "referenceVariable": ["gender==1||gender==''"], "referenceFunction": [], "style": [], "inheritClass": null, "wxss": [], "page": null, "path": "D:\\WORK\\2021\\MPDF\\baseline\\ui\\二更视频\\main.wxml", "child": [], "parent": 29, "matchString": []}, {"id": 31, "type": "icon", "string": null, "attribute": {"class": ["group-icon", "weui-icon-checkbox_success"], "color": "#F1C54F", "size": "20", "type": "success", "wx:if": "{{gender==2}}"}, "referenceVariable": ["gender==2"], "referenceFunction": [], "style": [], "inheritClass": null, "wxss": [], "page": null, "path": "D:\\WORK\\2021\\MPDF\\baseline\\ui\\二更视频\\main.wxml", "child": [], "parent": 29, "matchString": []}, {"id": 32, "type": "view", "string": null, "attribute": {"class": ["from-item"]}, "referenceVariable": [], "referenceFunction": [], "style": [], "inheritClass": null, "wxss": [], "page": null, "path": "D:\\WORK\\2021\\MPDF\\baseline\\ui\\二更视频\\main.wxml", "child": [33, 35], "parent": 5, "matchString": [{"type": "relation", "string": "*"}, {"type": "relation", "string": "2019-01-01"}, {"type": "relation", "string": "1949-01-01"}, {"type": "relation", "string": "{{birthday==''?'请选择你的生日':birthday}}"}]}, {"id": 33, "type": "view", "string": null, "attribute": {"class": ["item-lable"]}, "referenceVariable": [], "referenceFunction": [], "style": [], "inheritClass": null, "wxss": [], "page": null, "path": "D:\\WORK\\2021\\MPDF\\baseline\\ui\\二更视频\\main.wxml", "child": [34], "parent": 32, "matchString": [{"type": "relation", "string": "*"}]}, {"id": 34, "type": "text", "string": "*", "attribute": {}, "referenceVariable": [], "referenceFunction": [], "style": [], "inheritClass": null, "wxss": [], "page": null, "path": "D:\\WORK\\2021\\MPDF\\baseline\\ui\\二更视频\\main.wxml", "child": [], "parent": 33, "matchString": [{"type": "self", "string": "*"}]}, {"id": 35, "type": "view", "string": null, "attribute": {"class": ["item-content"]}, "referenceVariable": [], "referenceFunction": [], "style": [], "inheritClass": null, "wxss": [], "page": null, "path": "D:\\WORK\\2021\\MPDF\\baseline\\ui\\二更视频\\main.wxml", "child": [36], "parent": 32, "matchString": [{"type": "relation", "string": "2019-01-01"}, {"type": "relation", "string": "1949-01-01"}, {"type": "relation", "string": "{{birthday==''?'请选择你的生日':birthday}}"}]}, {"id": 36, "type": "picker", "string": null, "attribute": {"bindchange": "bindDateChange", "end": "2019-01-01", "mode": "date", "start": "1949-01-01", "value": "{{dateVal}}"}, "referenceVariable": ["dateVal"], "referenceFunction": ["bindDateChange"], "style": [], "inheritClass": null, "wxss": [], "page": null, "path": "D:\\WORK\\2021\\MPDF\\baseline\\ui\\二更视频\\main.wxml", "child": [37], "parent": 35, "matchString": [{"type": "attr", "string": "2019-01-01"}, {"type": "attr", "string": "1949-01-01"}, {"type": "relation", "string": "{{birthday==''?'请选择你的生日':birthday}}"}]}, {"id": 37, "type": "view", "string": "{{birthday==''?'请选择你的生日':birthday}}", "attribute": {"class": ["picker-date", "{{birthday==''?'place':''}}"]}, "referenceVariable": ["birthday==''?'place':''"], "referenceFunction": [], "style": [], "inheritClass": null, "wxss": [], "page": null, "path": "D:\\WORK\\2021\\MPDF\\baseline\\ui\\二更视频\\main.wxml", "child": [], "parent": 36, "matchString": [{"type": "self", "string": "{{birthday==''?'请选择你的生日':birthday}}"}]}, {"id": 38, "type": "view", "string": null, "attribute": {"class": ["from-item"]}, "referenceVariable": [], "referenceFunction": [], "style": [], "inheritClass": null, "wxss": [], "page": null, "path": "D:\\WORK\\2021\\MPDF\\baseline\\ui\\二更视频\\main.wxml", "child": [39, 41], "parent": 5, "matchString": [{"type": "relation", "string": "*"}, {"type": "relation", "string": "wx"}, {"type": "relation", "string": "请填写您的微信号"}]}, {"id": 39, "type": "view", "string": null, "attribute": {"class": ["item-lable"]}, "referenceVariable": [], "referenceFunction": [], "style": [], "inheritClass": null, "wxss": [], "page": null, "path": "D:\\WORK\\2021\\MPDF\\baseline\\ui\\二更视频\\main.wxml", "child": [40], "parent": 38, "matchString": [{"type": "relation", "string": "*"}]}, {"id": 40, "type": "text", "string": "*", "attribute": {}, "referenceVariable": [], "referenceFunction": [], "style": [], "inheritClass": null, "wxss": [], "page": null, "path": "D:\\WORK\\2021\\MPDF\\baseline\\ui\\二更视频\\main.wxml", "child": [], "parent": 39, "matchString": [{"type": "self", "string": "*"}]}, {"id": 41, "type": "view", "string": null, "attribute": {"class": ["item-content"]}, "referenceVariable": [], "referenceFunction": [], "style": [], "inheritClass": null, "wxss": [], "page": null, "path": "D:\\WORK\\2021\\MPDF\\baseline\\ui\\二更视频\\main.wxml", "child": [42], "parent": 38, "matchString": [{"type": "relation", "string": "wx"}, {"type": "relation", "string": "请填写您的微信号"}]}, {"id": 42, "type": "input", "string": null, "attribute": {"bindblur": "bindInputblur", "bindinput": "bindInputChange", "class": ["from-input"], "data-type": "wx", "placeholder": "请填写您的微信号", "placeholderstyle": "color:#ccc", "value": "{{wx_num}}"}, "referenceVariable": ["wx_num"], "referenceFunction": ["bindInputblur", "bindInputChange"], "style": [], "inheritClass": null, "wxss": [], "page": null, "path": "D:\\WORK\\2021\\MPDF\\baseline\\ui\\二更视频\\main.wxml", "child": [], "parent": 41, "matchString": [{"type": "attr", "string": "wx"}, {"type": "attr", "string": "请填写您的微信号"}]}, {"id": 43, "type": "view", "string": "提交报名", "attribute": {"bindtap": "send", "class": ["from-btn", "{{is_sub?'':'dis'}}"]}, "referenceVariable": ["is_sub?'':'dis'"], "referenceFunction": ["send"], "style": [], "inheritClass": null, "wxss": [], "page": null, "path": "D:\\WORK\\2021\\MPDF\\baseline\\ui\\二更视频\\main.wxml", "child": [], "parent": 2, "matchString": [{"type": "self", "string": "提交报名"}, {"type": "relation", "string": "提交报名"}]}, {"id": 44, "type": "view", "string": "二更承诺：您的隐私信息将得到妥善、有效的保护", "attribute": {"class": ["tips"]}, "referenceVariable": [], "referenceFunction": [], "style": [], "inheritClass": null, "wxss": [], "page": null, "path": "D:\\WORK\\2021\\MPDF\\baseline\\ui\\二更视频\\main.wxml", "child": [], "parent": 0, "matchString": [{"type": "self", "string": "二更承诺：您的隐私信息将得到妥善、有效的保护"}]}]