[{"id": 0, "type": "[document]", "string": null, "attribute": {}, "referenceVariable": [], "referenceFunction": [], "style": [], "inheritClass": null, "wxss": [], "page": null, "path": "D:\\WORK\\2021\\MPDF\\baseline\\ui\\高速e行\\email.wxml", "child": [1], "parent": null, "matchString": [{"type": "relation", "string": "请输入新的Email"}, {"type": "relation", "string": "请确保输入正确的邮箱地址"}, {"type": "relation", "string": " 保存 "}, {"type": "relation", "string": "ofo-button-hover"}]}, {"id": 1, "type": "view", "string": null, "attribute": {"class": ["bodyView"]}, "referenceVariable": [], "referenceFunction": [], "style": [], "inheritClass": null, "wxss": [], "page": null, "path": "D:\\WORK\\2021\\MPDF\\baseline\\ui\\高速e行\\email.wxml", "child": [2, 3, 5, 6], "parent": 0, "matchString": [{"type": "relation", "string": "请输入新的Email"}, {"type": "relation", "string": "请确保输入正确的邮箱地址"}, {"type": "relation", "string": " 保存 "}, {"type": "relation", "string": "ofo-button-hover"}]}, {"id": 2, "type": "view", "string": null, "attribute": {"class": ["grayView"]}, "referenceVariable": [], "referenceFunction": [], "style": [], "inheritClass": null, "wxss": [], "page": null, "path": "D:\\WORK\\2021\\MPDF\\baseline\\ui\\高速e行\\email.wxml", "child": [], "parent": 1, "matchString": [{"type": "relation", "string": "ofo-button-hover"}]}, {"id": 3, "type": "view", "string": null, "attribute": {"class": ["nameView"]}, "referenceVariable": [], "referenceFunction": [], "style": [], "inheritClass": null, "wxss": [], "page": null, "path": "D:\\WORK\\2021\\MPDF\\baseline\\ui\\高速e行\\email.wxml", "child": [4], "parent": 1, "matchString": [{"type": "relation", "string": "请输入新的Email"}]}, {"id": 4, "type": "input", "string": null, "attribute": {"bindinput": "carDataChange", "class": ["inputName"], "placeholder": "请输入新的Email"}, "referenceVariable": [], "referenceFunction": ["carDataChange"], "style": [], "inheritClass": null, "wxss": [], "page": null, "path": "D:\\WORK\\2021\\MPDF\\baseline\\ui\\高速e行\\email.wxml", "child": [], "parent": 3, "matchString": [{"type": "attr", "string": "请输入新的Email"}]}, {"id": 5, "type": "view", "string": "请确保输入正确的邮箱地址", "attribute": {"class": ["titleLabel"]}, "referenceVariable": [], "referenceFunction": [], "style": [], "inheritClass": null, "wxss": [], "page": null, "path": "D:\\WORK\\2021\\MPDF\\baseline\\ui\\高速e行\\email.wxml", "child": [], "parent": 1, "matchString": [{"type": "self", "string": "请确保输入正确的邮箱地址"}, {"type": "relation", "string": "请确保输入正确的邮箱地址"}]}, {"id": 6, "type": "view", "string": null, "attribute": {"class": ["saveView"]}, "referenceVariable": [], "referenceFunction": [], "style": [], "inheritClass": null, "wxss": [], "page": null, "path": "D:\\WORK\\2021\\MPDF\\baseline\\ui\\高速e行\\email.wxml", "child": [7], "parent": 1, "matchString": [{"type": "relation", "string": " 保存 "}, {"type": "relation", "string": "ofo-button-hover"}]}, {"id": 7, "type": "button", "string": " 保存 ", "attribute": {"bindtap": "btnSave", "class": ["ofo-button"], "hoverclass": "ofo-button-hover"}, "referenceVariable": [], "referenceFunction": ["btnSave"], "style": [], "inheritClass": null, "wxss": [], "page": null, "path": "D:\\WORK\\2021\\MPDF\\baseline\\ui\\高速e行\\email.wxml", "child": [], "parent": 6, "matchString": [{"type": "self", "string": " 保存 "}, {"type": "attr", "string": "ofo-button-hover"}]}]