{
    "navigationBarTitleText": "风火递",
    "navigationStyle": "custom",
    "usingComponents": {
        "v-update-model": "/components/VUpdateModel/VUpdateModel",
        "c-modal": "/components/CPop/CModal/CModal",
        "c-modal-btn": "/components/CPop/CModal/CModalBtn",
        "c-modal-btn-type": "/components/CPop/CModal/CModalBtnType",
        "c-drawer": "/components/CPop/CDrawer/CDrawer",
        "v-index-cell-view": "/components/VIndexCellView/VIndexCellView",
        "v-index-cell": "/components/VIndexCell/VIndexCell",
        "c-shop-hot": "/pagesComponents/index/CShopHot/CShopHot",
        "c-footer-view": "/components/CProtocolFooter/CProtocolFooter",
        "v-index-banner": "/pagesComponents/index/VIndexBanner/index",
        "v-index-activity": "/pagesComponents/index/VIndexActivity/index",
        "c-viprenew-view": "/components/CVipRenewView/CVipRenewView",
        "c-index-topview": "/pagesComponents/index/CIndexTopView/CIndexTopView",
        "c-alert-model": "/pagesComponents/index/CAlertModel/CAlertModel",
        "c-index-news": "/pagesComponents/index/CIndexNews/CIndexNews",
        "c-post-dialog": "/pagesComponents/index/Dialog/index",
        "processScan": "/pagesComponents/index/CShopHot/CShopHot",
        "c-navi-bar": "/separate/index/CNaviBar/CNaviBar",
        "c-user-info": "/separate/index/CUserInfo/CUserInfo",
        "c-functional": "/separate/index/CFunctional/CFunctional",
        "c-sale-data": "/separate/index/CSaleDataView/CSaleDataView",
        "c-user-role-dialog": "/separate/index/CUserRoleDialog/CUserRoleDialog",
        "c-user-role-dialog-V2": "/separate/index/CUserRoleDialogV2/CUserRoleDialog",
        "IntroModal": "/components/IntroModal/index",
        "c-account-notice": "/components/CAccountNotice/CAccountNotice",
        "c-home-mask": "/pagesComponents/common/CHomeMask/CHomeMask",
        "c-dia-log": "/pagesComponents/index/CDialog/index",
        "c-cainiao-wait-view": "/pagesComponents/packageList/CCainiaoWaitView/CCainiaoWaitView",
        "c-new-store-pop": "/pagesComponents/index/newStorePop/newStorePop",
        "c-dialog": "/components/VIndexBanner/CDialog/index",
        "c-safe-view": "/components/CSafeView/CSafeView",
        "c-picker-date": "/components/CPickerDate/index"
    }
}