[{"id": 0, "type": "[document]", "string": null, "attribute": {}, "referenceVariable": [], "referenceFunction": [], "style": [], "inheritClass": null, "wxss": [], "page": null, "path": "D:\\WORK\\2021\\MPDF\\baseline\\ui\\车有料\\submitViolationInfo.wxml", "child": [1, 102], "parent": null, "matchString": [{"type": "relation", "string": "根据交管局要求，请填写{{plateNo}}的车主的档案本人信息"}, {"type": "relation", "string": "车主"}, {"type": "relation", "string": "name"}, {"type": "relation", "string": "请输入真实姓名"}, {"type": "relation", "string": "车主电话"}, {"type": "relation", "string": "phone"}, {"type": "relation", "string": "请输入车主电话"}, {"type": "relation", "string": "办理人登记手机号"}, {"type": "relation", "string": "proxyPhoneLen"}, {"type": "relation", "string": "请输入办理人登记手机号"}, {"type": "relation", "string": "车主驾驶证号"}, {"type": "relation", "string": "JashiZhengHao"}, {"type": "relation", "string": "请输入车主驾驶证号"}, {"type": "relation", "string": "办理人驾驶证号"}, {"type": "relation", "string": "proxyCardNoLen"}, {"type": "relation", "string": "请输入办理人驾驶证号"}, {"type": "relation", "string": "车主身份证号"}, {"type": "relation", "string": "IDCard"}, {"type": "relation", "string": "请输入车主身份证号"}, {"type": "relation", "string": "驾驶证档案编号"}, {"type": "relation", "string": "DanganBianHao"}, {"type": "relation", "string": "请输入驾驶证档案编号"}, {"type": "relation", "string": "车主车管所驾驶证登记电话"}, {"type": "relation", "string": "FilePhone"}, {"type": "relation", "string": "请输入车主车管所驾驶证登记电话"}, {"type": "relation", "string": "车辆登记证书号"}, {"type": "relation", "string": "CheliangZhengShu"}, {"type": "relation", "string": "请输入车辆登记证书号"}, {"type": "relation", "string": "驾驶证条形码编号"}, {"type": "relation", "string": "TiaoXingMa"}, {"type": "relation", "string": "请输入驾驶证条形码编号"}, {"type": "relation", "string": "行驶证档案编号"}, {"type": "relation", "string": "XingShiZhengHao"}, {"type": "relation", "string": "请输入行驶证档案编号"}, {"type": "relation", "string": "行驶证条形码"}, {"type": "relation", "string": "VehicleBarcode"}, {"type": "relation", "string": "请输入行驶证条形码"}, {"type": "relation", "string": "DrivingLicense"}, {"type": "relation", "string": "行驶证照片（正页）"}, {"type": "relation", "string": "DrivingSecondLicense"}, {"type": "relation", "string": "行驶证照片（背页）"}, {"type": "relation", "string": "MajorViolation"}, {"type": "relation", "string": "驾驶证照片（正页）"}, {"type": "relation", "string": "MajorSecondViolation"}, {"type": "relation", "string": "驾驶证照片（背页）"}, {"type": "relation", "string": "验证码"}, {"type": "relation", "string": "VerifyCodeLen"}, {"type": "relation", "string": "请输入"}, {"type": "relation", "string": "获取验证码"}, {"type": "relation", "string": "*短信验证码为您在车管所驾驶证登记电话收到的验证码"}, {"type": "relation", "string": "违章代办信息"}, {"type": "relation", "string": "{{vioData.length}}"}, {"type": "relation", "string": "{{item.Location}}"}, {"type": "relation", "string": "{{item.Time}}"}, {"type": "relation", "string": "{{item.Reason}}"}, {"type": "relation", "string": "{{item.count}}"}, {"type": "relation", "string": "{{item.Degree}}"}, {"type": "relation", "string": "加急处理"}, {"type": "relation", "string": "实付金额："}, {"type": "relation", "string": "¥{{switch1?infoJson.fines+infoJson.chexingyiPoundage+infoJson.UrgentFee:infoJson.fines+infoJson.chexingyiPoundage}}"}, {"type": "relation", "string": "\n      ¥{{infoJson.fines}}（罚款）+¥{{infoJson.chexingyiPoundage}}（手续费）\n    "}, {"type": "relation", "string": "提交订单"}]}, {"id": 1, "type": "view", "string": null, "attribute": {"class": ["container"]}, "referenceVariable": [], "referenceFunction": [], "style": [], "inheritClass": null, "wxss": [], "page": null, "path": "D:\\WORK\\2021\\MPDF\\baseline\\ui\\车有料\\submitViolationInfo.wxml", "child": [2, 3, 7, 11, 15, 19, 23, 27, 31, 35, 39, 43, 47, 51, 58, 65, 72, 79, 83, 84, 89, 98], "parent": 0, "matchString": [{"type": "relation", "string": "根据交管局要求，请填写{{plateNo}}的车主的档案本人信息"}, {"type": "relation", "string": "车主"}, {"type": "relation", "string": "name"}, {"type": "relation", "string": "请输入真实姓名"}, {"type": "relation", "string": "车主电话"}, {"type": "relation", "string": "phone"}, {"type": "relation", "string": "请输入车主电话"}, {"type": "relation", "string": "办理人登记手机号"}, {"type": "relation", "string": "proxyPhoneLen"}, {"type": "relation", "string": "请输入办理人登记手机号"}, {"type": "relation", "string": "车主驾驶证号"}, {"type": "relation", "string": "JashiZhengHao"}, {"type": "relation", "string": "请输入车主驾驶证号"}, {"type": "relation", "string": "办理人驾驶证号"}, {"type": "relation", "string": "proxyCardNoLen"}, {"type": "relation", "string": "请输入办理人驾驶证号"}, {"type": "relation", "string": "车主身份证号"}, {"type": "relation", "string": "IDCard"}, {"type": "relation", "string": "请输入车主身份证号"}, {"type": "relation", "string": "驾驶证档案编号"}, {"type": "relation", "string": "DanganBianHao"}, {"type": "relation", "string": "请输入驾驶证档案编号"}, {"type": "relation", "string": "车主车管所驾驶证登记电话"}, {"type": "relation", "string": "FilePhone"}, {"type": "relation", "string": "请输入车主车管所驾驶证登记电话"}, {"type": "relation", "string": "车辆登记证书号"}, {"type": "relation", "string": "CheliangZhengShu"}, {"type": "relation", "string": "请输入车辆登记证书号"}, {"type": "relation", "string": "驾驶证条形码编号"}, {"type": "relation", "string": "TiaoXingMa"}, {"type": "relation", "string": "请输入驾驶证条形码编号"}, {"type": "relation", "string": "行驶证档案编号"}, {"type": "relation", "string": "XingShiZhengHao"}, {"type": "relation", "string": "请输入行驶证档案编号"}, {"type": "relation", "string": "行驶证条形码"}, {"type": "relation", "string": "VehicleBarcode"}, {"type": "relation", "string": "请输入行驶证条形码"}, {"type": "relation", "string": "DrivingLicense"}, {"type": "relation", "string": "行驶证照片（正页）"}, {"type": "relation", "string": "DrivingSecondLicense"}, {"type": "relation", "string": "行驶证照片（背页）"}, {"type": "relation", "string": "MajorViolation"}, {"type": "relation", "string": "驾驶证照片（正页）"}, {"type": "relation", "string": "MajorSecondViolation"}, {"type": "relation", "string": "驾驶证照片（背页）"}, {"type": "relation", "string": "验证码"}, {"type": "relation", "string": "VerifyCodeLen"}, {"type": "relation", "string": "请输入"}, {"type": "relation", "string": "获取验证码"}, {"type": "relation", "string": "*短信验证码为您在车管所驾驶证登记电话收到的验证码"}, {"type": "relation", "string": "违章代办信息"}, {"type": "relation", "string": "{{vioData.length}}"}, {"type": "relation", "string": "{{item.Location}}"}, {"type": "relation", "string": "{{item.Time}}"}, {"type": "relation", "string": "{{item.Reason}}"}, {"type": "relation", "string": "{{item.count}}"}, {"type": "relation", "string": "{{item.Degree}}"}, {"type": "relation", "string": "加急处理"}]}, {"id": 2, "type": "view", "string": "根据交管局要求，请填写{{plateNo}}的车主的档案本人信息", "attribute": {"class": ["title"]}, "referenceVariable": [], "referenceFunction": [], "style": [], "inheritClass": null, "wxss": [], "page": null, "path": "D:\\WORK\\2021\\MPDF\\baseline\\ui\\车有料\\submitViolationInfo.wxml", "child": [], "parent": 1, "matchString": [{"type": "self", "string": "根据交管局要求，请填写{{plateNo}}的车主的档案本人信息"}, {"type": "relation", "string": "根据交管局要求，请填写{{plateNo}}的车主的档案本人信息"}]}, {"id": 3, "type": "view", "string": null, "attribute": {"class": ["info-item"]}, "referenceVariable": [], "referenceFunction": [], "style": [], "inheritClass": null, "wxss": [], "page": null, "path": "D:\\WORK\\2021\\MPDF\\baseline\\ui\\车有料\\submitViolationInfo.wxml", "child": [4, 5, 6], "parent": 1, "matchString": [{"type": "relation", "string": "车主"}, {"type": "relation", "string": "name"}, {"type": "relation", "string": "请输入真实姓名"}]}, {"id": 4, "type": "text", "string": "车主", "attribute": {}, "referenceVariable": [], "referenceFunction": [], "style": [], "inheritClass": null, "wxss": [], "page": null, "path": "D:\\WORK\\2021\\MPDF\\baseline\\ui\\车有料\\submitViolationInfo.wxml", "child": [], "parent": 3, "matchString": [{"type": "self", "string": "车主"}]}, {"id": 5, "type": "input", "string": null, "attribute": {"bindinput": "inputChange", "id": "name", "maxlength": "{{8}}", "placeholder": "请输入真实姓名", "placeholderstyle": "font-weight: 400;"}, "referenceVariable": ["8"], "referenceFunction": ["inputChange"], "style": [], "inheritClass": null, "wxss": [], "page": null, "path": "D:\\WORK\\2021\\MPDF\\baseline\\ui\\车有料\\submitViolationInfo.wxml", "child": [], "parent": 3, "matchString": [{"type": "attr", "string": "name"}, {"type": "attr", "string": "请输入真实姓名"}]}, {"id": 6, "type": "view", "string": null, "attribute": {"class": ["line"]}, "referenceVariable": [], "referenceFunction": [], "style": [], "inheritClass": null, "wxss": [], "page": null, "path": "D:\\WORK\\2021\\MPDF\\baseline\\ui\\车有料\\submitViolationInfo.wxml", "child": [], "parent": 3, "matchString": []}, {"id": 7, "type": "view", "string": null, "attribute": {"class": ["info-item"]}, "referenceVariable": [], "referenceFunction": [], "style": [], "inheritClass": null, "wxss": [], "page": null, "path": "D:\\WORK\\2021\\MPDF\\baseline\\ui\\车有料\\submitViolationInfo.wxml", "child": [8, 9, 10], "parent": 1, "matchString": [{"type": "relation", "string": "车主电话"}, {"type": "relation", "string": "phone"}, {"type": "relation", "string": "请输入车主电话"}]}, {"id": 8, "type": "text", "string": "车主电话", "attribute": {}, "referenceVariable": [], "referenceFunction": [], "style": [], "inheritClass": null, "wxss": [], "page": null, "path": "D:\\WORK\\2021\\MPDF\\baseline\\ui\\车有料\\submitViolationInfo.wxml", "child": [], "parent": 7, "matchString": [{"type": "self", "string": "车主电话"}]}, {"id": 9, "type": "input", "string": null, "attribute": {"bindinput": "inputChange", "id": "phone", "maxlength": "{{11}}", "placeholder": "请输入车主电话", "placeholderstyle": "font-weight: 400;", "type": "number", "value": "{{phone}}"}, "referenceVariable": ["11", "phone"], "referenceFunction": ["inputChange"], "style": [], "inheritClass": null, "wxss": [], "page": null, "path": "D:\\WORK\\2021\\MPDF\\baseline\\ui\\车有料\\submitViolationInfo.wxml", "child": [], "parent": 7, "matchString": [{"type": "attr", "string": "phone"}, {"type": "attr", "string": "请输入车主电话"}]}, {"id": 10, "type": "view", "string": null, "attribute": {"class": ["line"]}, "referenceVariable": [], "referenceFunction": [], "style": [], "inheritClass": null, "wxss": [], "page": null, "path": "D:\\WORK\\2021\\MPDF\\baseline\\ui\\车有料\\submitViolationInfo.wxml", "child": [], "parent": 7, "matchString": []}, {"id": 11, "type": "view", "string": null, "attribute": {"class": ["info-item"], "wx:if": "{{infoJson.condition.proxyPhoneLen&&infoJson.condition.proxyPhoneLen!=0}}"}, "referenceVariable": ["infoJson.condition.proxyPhoneLen&&infoJson.condition.proxyPhoneLen!=0"], "referenceFunction": [], "style": [], "inheritClass": null, "wxss": [], "page": null, "path": "D:\\WORK\\2021\\MPDF\\baseline\\ui\\车有料\\submitViolationInfo.wxml", "child": [12, 13, 14], "parent": 1, "matchString": [{"type": "relation", "string": "办理人登记手机号"}, {"type": "relation", "string": "proxyPhoneLen"}, {"type": "relation", "string": "请输入办理人登记手机号"}]}, {"id": 12, "type": "text", "string": "办理人登记手机号", "attribute": {}, "referenceVariable": [], "referenceFunction": [], "style": [], "inheritClass": null, "wxss": [], "page": null, "path": "D:\\WORK\\2021\\MPDF\\baseline\\ui\\车有料\\submitViolationInfo.wxml", "child": [], "parent": 11, "matchString": [{"type": "self", "string": "办理人登记手机号"}]}, {"id": 13, "type": "input", "string": null, "attribute": {"bindinput": "inputChange", "id": "proxyPhoneLen", "maxlength": "{{11}}", "placeholder": "请输入办理人登记手机号", "placeholderstyle": "font-weight: 400;", "type": "number"}, "referenceVariable": ["11"], "referenceFunction": ["inputChange"], "style": [], "inheritClass": null, "wxss": [], "page": null, "path": "D:\\WORK\\2021\\MPDF\\baseline\\ui\\车有料\\submitViolationInfo.wxml", "child": [], "parent": 11, "matchString": [{"type": "attr", "string": "proxyPhoneLen"}, {"type": "attr", "string": "请输入办理人登记手机号"}]}, {"id": 14, "type": "view", "string": null, "attribute": {"class": ["line"]}, "referenceVariable": [], "referenceFunction": [], "style": [], "inheritClass": null, "wxss": [], "page": null, "path": "D:\\WORK\\2021\\MPDF\\baseline\\ui\\车有料\\submitViolationInfo.wxml", "child": [], "parent": 11, "matchString": []}, {"id": 15, "type": "view", "string": null, "attribute": {"class": ["info-item"], "wx:if": "{{infoJson.condition.JashiZhengHaoLen&&infoJson.condition.JashiZhengHaoLen!=0}}"}, "referenceVariable": ["infoJson.condition.JashiZhengHaoLen&&infoJson.condition.JashiZhengHaoLen!=0"], "referenceFunction": [], "style": [], "inheritClass": null, "wxss": [], "page": null, "path": "D:\\WORK\\2021\\MPDF\\baseline\\ui\\车有料\\submitViolationInfo.wxml", "child": [16, 17, 18], "parent": 1, "matchString": [{"type": "relation", "string": "车主驾驶证号"}, {"type": "relation", "string": "JashiZhengHao"}, {"type": "relation", "string": "请输入车主驾驶证号"}]}, {"id": 16, "type": "text", "string": "车主驾驶证号", "attribute": {}, "referenceVariable": [], "referenceFunction": [], "style": [], "inheritClass": null, "wxss": [], "page": null, "path": "D:\\WORK\\2021\\MPDF\\baseline\\ui\\车有料\\submitViolationInfo.wxml", "child": [], "parent": 15, "matchString": [{"type": "self", "string": "车主驾驶证号"}]}, {"id": 17, "type": "input", "string": null, "attribute": {"bindinput": "inputChange", "id": "JashiZhengHao", "placeholder": "请输入车主驾驶证号", "placeholderstyle": "font-weight: 400;"}, "referenceVariable": [], "referenceFunction": ["inputChange"], "style": [], "inheritClass": null, "wxss": [], "page": null, "path": "D:\\WORK\\2021\\MPDF\\baseline\\ui\\车有料\\submitViolationInfo.wxml", "child": [], "parent": 15, "matchString": [{"type": "attr", "string": "JashiZhengHao"}, {"type": "attr", "string": "请输入车主驾驶证号"}]}, {"id": 18, "type": "view", "string": null, "attribute": {"class": ["line"]}, "referenceVariable": [], "referenceFunction": [], "style": [], "inheritClass": null, "wxss": [], "page": null, "path": "D:\\WORK\\2021\\MPDF\\baseline\\ui\\车有料\\submitViolationInfo.wxml", "child": [], "parent": 15, "matchString": []}, {"id": 19, "type": "view", "string": null, "attribute": {"class": ["info-item"], "wx:if": "{{infoJson.condition.proxyCardNoLen&&infoJson.condition.proxyCardNoLen!=0}}"}, "referenceVariable": ["infoJson.condition.proxyCardNoLen&&infoJson.condition.proxyCardNoLen!=0"], "referenceFunction": [], "style": [], "inheritClass": null, "wxss": [], "page": null, "path": "D:\\WORK\\2021\\MPDF\\baseline\\ui\\车有料\\submitViolationInfo.wxml", "child": [20, 21, 22], "parent": 1, "matchString": [{"type": "relation", "string": "办理人驾驶证号"}, {"type": "relation", "string": "proxyCardNoLen"}, {"type": "relation", "string": "请输入办理人驾驶证号"}]}, {"id": 20, "type": "text", "string": "办理人驾驶证号", "attribute": {}, "referenceVariable": [], "referenceFunction": [], "style": [], "inheritClass": null, "wxss": [], "page": null, "path": "D:\\WORK\\2021\\MPDF\\baseline\\ui\\车有料\\submitViolationInfo.wxml", "child": [], "parent": 19, "matchString": [{"type": "self", "string": "办理人驾驶证号"}]}, {"id": 21, "type": "input", "string": null, "attribute": {"bindinput": "inputChange", "id": "proxyCardNoLen", "placeholder": "请输入办理人驾驶证号", "placeholderstyle": "font-weight: 400;"}, "referenceVariable": [], "referenceFunction": ["inputChange"], "style": [], "inheritClass": null, "wxss": [], "page": null, "path": "D:\\WORK\\2021\\MPDF\\baseline\\ui\\车有料\\submitViolationInfo.wxml", "child": [], "parent": 19, "matchString": [{"type": "attr", "string": "proxyCardNoLen"}, {"type": "attr", "string": "请输入办理人驾驶证号"}]}, {"id": 22, "type": "view", "string": null, "attribute": {"class": ["line"]}, "referenceVariable": [], "referenceFunction": [], "style": [], "inheritClass": null, "wxss": [], "page": null, "path": "D:\\WORK\\2021\\MPDF\\baseline\\ui\\车有料\\submitViolationInfo.wxml", "child": [], "parent": 19, "matchString": []}, {"id": 23, "type": "view", "string": null, "attribute": {"class": ["info-item"], "wx:if": "{{infoJson.condition.OwnerCardLen&&infoJson.condition.OwnerCardLen!=0}}"}, "referenceVariable": ["infoJson.condition.OwnerCardLen&&infoJson.condition.OwnerCardLen!=0"], "referenceFunction": [], "style": [], "inheritClass": null, "wxss": [], "page": null, "path": "D:\\WORK\\2021\\MPDF\\baseline\\ui\\车有料\\submitViolationInfo.wxml", "child": [24, 25, 26], "parent": 1, "matchString": [{"type": "relation", "string": "车主身份证号"}, {"type": "relation", "string": "IDCard"}, {"type": "relation", "string": "请输入车主身份证号"}]}, {"id": 24, "type": "text", "string": "车主身份证号", "attribute": {}, "referenceVariable": [], "referenceFunction": [], "style": [], "inheritClass": null, "wxss": [], "page": null, "path": "D:\\WORK\\2021\\MPDF\\baseline\\ui\\车有料\\submitViolationInfo.wxml", "child": [], "parent": 23, "matchString": [{"type": "self", "string": "车主身份证号"}]}, {"id": 25, "type": "input", "string": null, "attribute": {"bindinput": "inputChange", "id": "IDCard", "placeholder": "请输入车主身份证号", "placeholderstyle": "font-weight: 400;"}, "referenceVariable": [], "referenceFunction": ["inputChange"], "style": [], "inheritClass": null, "wxss": [], "page": null, "path": "D:\\WORK\\2021\\MPDF\\baseline\\ui\\车有料\\submitViolationInfo.wxml", "child": [], "parent": 23, "matchString": [{"type": "attr", "string": "IDCard"}, {"type": "attr", "string": "请输入车主身份证号"}]}, {"id": 26, "type": "view", "string": null, "attribute": {"class": ["line"]}, "referenceVariable": [], "referenceFunction": [], "style": [], "inheritClass": null, "wxss": [], "page": null, "path": "D:\\WORK\\2021\\MPDF\\baseline\\ui\\车有料\\submitViolationInfo.wxml", "child": [], "parent": 23, "matchString": []}, {"id": 27, "type": "view", "string": null, "attribute": {"class": ["info-item"], "wx:if": "{{infoJson.condition.DanganBianHaoLen&&infoJson.condition.DanganBianHaoLen!=0}}"}, "referenceVariable": ["infoJson.condition.DanganBianHaoLen&&infoJson.condition.DanganBianHaoLen!=0"], "referenceFunction": [], "style": [], "inheritClass": null, "wxss": [], "page": null, "path": "D:\\WORK\\2021\\MPDF\\baseline\\ui\\车有料\\submitViolationInfo.wxml", "child": [28, 29, 30], "parent": 1, "matchString": [{"type": "relation", "string": "驾驶证档案编号"}, {"type": "relation", "string": "DanganBianHao"}, {"type": "relation", "string": "请输入驾驶证档案编号"}]}, {"id": 28, "type": "text", "string": "驾驶证档案编号", "attribute": {}, "referenceVariable": [], "referenceFunction": [], "style": [], "inheritClass": null, "wxss": [], "page": null, "path": "D:\\WORK\\2021\\MPDF\\baseline\\ui\\车有料\\submitViolationInfo.wxml", "child": [], "parent": 27, "matchString": [{"type": "self", "string": "驾驶证档案编号"}]}, {"id": 29, "type": "input", "string": null, "attribute": {"bindinput": "inputChange", "id": "DanganBianHao", "placeholder": "请输入驾驶证档案编号", "placeholderstyle": "font-weight: 400;"}, "referenceVariable": [], "referenceFunction": ["inputChange"], "style": [], "inheritClass": null, "wxss": [], "page": null, "path": "D:\\WORK\\2021\\MPDF\\baseline\\ui\\车有料\\submitViolationInfo.wxml", "child": [], "parent": 27, "matchString": [{"type": "attr", "string": "DanganBianHao"}, {"type": "attr", "string": "请输入驾驶证档案编号"}]}, {"id": 30, "type": "view", "string": null, "attribute": {"class": ["line"]}, "referenceVariable": [], "referenceFunction": [], "style": [], "inheritClass": null, "wxss": [], "page": null, "path": "D:\\WORK\\2021\\MPDF\\baseline\\ui\\车有料\\submitViolationInfo.wxml", "child": [], "parent": 27, "matchString": []}, {"id": 31, "type": "view", "string": null, "attribute": {"class": ["info-item"], "wx:if": "{{infoJson.condition.FilePhoneLen&&infoJson.condition.FilePhoneLen!=0}}"}, "referenceVariable": ["infoJson.condition.FilePhoneLen&&infoJson.condition.FilePhoneLen!=0"], "referenceFunction": [], "style": [], "inheritClass": null, "wxss": [], "page": null, "path": "D:\\WORK\\2021\\MPDF\\baseline\\ui\\车有料\\submitViolationInfo.wxml", "child": [32, 33, 34], "parent": 1, "matchString": [{"type": "relation", "string": "车主车管所驾驶证登记电话"}, {"type": "relation", "string": "FilePhone"}, {"type": "relation", "string": "请输入车主车管所驾驶证登记电话"}]}, {"id": 32, "type": "text", "string": "车主车管所驾驶证登记电话", "attribute": {}, "referenceVariable": [], "referenceFunction": [], "style": [], "inheritClass": null, "wxss": [], "page": null, "path": "D:\\WORK\\2021\\MPDF\\baseline\\ui\\车有料\\submitViolationInfo.wxml", "child": [], "parent": 31, "matchString": [{"type": "self", "string": "车主车管所驾驶证登记电话"}]}, {"id": 33, "type": "input", "string": null, "attribute": {"bindinput": "inputChange", "id": "FilePhone", "placeholder": "请输入车主车管所驾驶证登记电话", "placeholderstyle": "font-weight: 400;", "type": "number"}, "referenceVariable": [], "referenceFunction": ["inputChange"], "style": [], "inheritClass": null, "wxss": [], "page": null, "path": "D:\\WORK\\2021\\MPDF\\baseline\\ui\\车有料\\submitViolationInfo.wxml", "child": [], "parent": 31, "matchString": [{"type": "attr", "string": "FilePhone"}, {"type": "attr", "string": "请输入车主车管所驾驶证登记电话"}]}, {"id": 34, "type": "view", "string": null, "attribute": {"class": ["line"]}, "referenceVariable": [], "referenceFunction": [], "style": [], "inheritClass": null, "wxss": [], "page": null, "path": "D:\\WORK\\2021\\MPDF\\baseline\\ui\\车有料\\submitViolationInfo.wxml", "child": [], "parent": 31, "matchString": []}, {"id": 35, "type": "view", "string": null, "attribute": {"class": ["info-item"], "wx:if": "{{infoJson.condition.CheliangZhengShuLen&&infoJson.condition.CheliangZhengShuLen!=0}}"}, "referenceVariable": ["infoJson.condition.CheliangZhengShuLen&&infoJson.condition.CheliangZhengShuLen!=0"], "referenceFunction": [], "style": [], "inheritClass": null, "wxss": [], "page": null, "path": "D:\\WORK\\2021\\MPDF\\baseline\\ui\\车有料\\submitViolationInfo.wxml", "child": [36, 37, 38], "parent": 1, "matchString": [{"type": "relation", "string": "车辆登记证书号"}, {"type": "relation", "string": "CheliangZhengShu"}, {"type": "relation", "string": "请输入车辆登记证书号"}]}, {"id": 36, "type": "text", "string": "车辆登记证书号", "attribute": {}, "referenceVariable": [], "referenceFunction": [], "style": [], "inheritClass": null, "wxss": [], "page": null, "path": "D:\\WORK\\2021\\MPDF\\baseline\\ui\\车有料\\submitViolationInfo.wxml", "child": [], "parent": 35, "matchString": [{"type": "self", "string": "车辆登记证书号"}]}, {"id": 37, "type": "input", "string": null, "attribute": {"bindinput": "inputChange", "id": "CheliangZhengShu", "placeholder": "请输入车辆登记证书号", "placeholderstyle": "font-weight: 400;"}, "referenceVariable": [], "referenceFunction": ["inputChange"], "style": [], "inheritClass": null, "wxss": [], "page": null, "path": "D:\\WORK\\2021\\MPDF\\baseline\\ui\\车有料\\submitViolationInfo.wxml", "child": [], "parent": 35, "matchString": [{"type": "attr", "string": "CheliangZhengShu"}, {"type": "attr", "string": "请输入车辆登记证书号"}]}, {"id": 38, "type": "view", "string": null, "attribute": {"class": ["line"]}, "referenceVariable": [], "referenceFunction": [], "style": [], "inheritClass": null, "wxss": [], "page": null, "path": "D:\\WORK\\2021\\MPDF\\baseline\\ui\\车有料\\submitViolationInfo.wxml", "child": [], "parent": 35, "matchString": []}, {"id": 39, "type": "view", "string": null, "attribute": {"class": ["info-item"], "wx:if": "{{infoJson.condition.TiaoXingMaLen&&infoJson.condition.TiaoXingMaLen!=0}}"}, "referenceVariable": ["infoJson.condition.TiaoXingMaLen&&infoJson.condition.TiaoXingMaLen!=0"], "referenceFunction": [], "style": [], "inheritClass": null, "wxss": [], "page": null, "path": "D:\\WORK\\2021\\MPDF\\baseline\\ui\\车有料\\submitViolationInfo.wxml", "child": [40, 41, 42], "parent": 1, "matchString": [{"type": "relation", "string": "驾驶证条形码编号"}, {"type": "relation", "string": "TiaoXingMa"}, {"type": "relation", "string": "请输入驾驶证条形码编号"}]}, {"id": 40, "type": "text", "string": "驾驶证条形码编号", "attribute": {}, "referenceVariable": [], "referenceFunction": [], "style": [], "inheritClass": null, "wxss": [], "page": null, "path": "D:\\WORK\\2021\\MPDF\\baseline\\ui\\车有料\\submitViolationInfo.wxml", "child": [], "parent": 39, "matchString": [{"type": "self", "string": "驾驶证条形码编号"}]}, {"id": 41, "type": "input", "string": null, "attribute": {"bindinput": "inputChange", "id": "TiaoXingMa", "placeholder": "请输入驾驶证条形码编号", "placeholderstyle": "font-weight: 400;"}, "referenceVariable": [], "referenceFunction": ["inputChange"], "style": [], "inheritClass": null, "wxss": [], "page": null, "path": "D:\\WORK\\2021\\MPDF\\baseline\\ui\\车有料\\submitViolationInfo.wxml", "child": [], "parent": 39, "matchString": [{"type": "attr", "string": "TiaoXingMa"}, {"type": "attr", "string": "请输入驾驶证条形码编号"}]}, {"id": 42, "type": "view", "string": null, "attribute": {"class": ["line"]}, "referenceVariable": [], "referenceFunction": [], "style": [], "inheritClass": null, "wxss": [], "page": null, "path": "D:\\WORK\\2021\\MPDF\\baseline\\ui\\车有料\\submitViolationInfo.wxml", "child": [], "parent": 39, "matchString": []}, {"id": 43, "type": "view", "string": null, "attribute": {"class": ["info-item"], "wx:if": "{{infoJson.condition.XingShiZhengHaoLen&&infoJson.condition.XingShiZhengHaoLen!=0}}"}, "referenceVariable": ["infoJson.condition.XingShiZhengHaoLen&&infoJson.condition.XingShiZhengHaoLen!=0"], "referenceFunction": [], "style": [], "inheritClass": null, "wxss": [], "page": null, "path": "D:\\WORK\\2021\\MPDF\\baseline\\ui\\车有料\\submitViolationInfo.wxml", "child": [44, 45, 46], "parent": 1, "matchString": [{"type": "relation", "string": "行驶证档案编号"}, {"type": "relation", "string": "XingShiZhengHao"}, {"type": "relation", "string": "请输入行驶证档案编号"}]}, {"id": 44, "type": "text", "string": "行驶证档案编号", "attribute": {}, "referenceVariable": [], "referenceFunction": [], "style": [], "inheritClass": null, "wxss": [], "page": null, "path": "D:\\WORK\\2021\\MPDF\\baseline\\ui\\车有料\\submitViolationInfo.wxml", "child": [], "parent": 43, "matchString": [{"type": "self", "string": "行驶证档案编号"}]}, {"id": 45, "type": "input", "string": null, "attribute": {"bindinput": "inputChange", "id": "XingShiZhengHao", "placeholder": "请输入行驶证档案编号", "placeholderstyle": "font-weight: 400;"}, "referenceVariable": [], "referenceFunction": ["inputChange"], "style": [], "inheritClass": null, "wxss": [], "page": null, "path": "D:\\WORK\\2021\\MPDF\\baseline\\ui\\车有料\\submitViolationInfo.wxml", "child": [], "parent": 43, "matchString": [{"type": "attr", "string": "XingShiZhengHao"}, {"type": "attr", "string": "请输入行驶证档案编号"}]}, {"id": 46, "type": "view", "string": null, "attribute": {"class": ["line"]}, "referenceVariable": [], "referenceFunction": [], "style": [], "inheritClass": null, "wxss": [], "page": null, "path": "D:\\WORK\\2021\\MPDF\\baseline\\ui\\车有料\\submitViolationInfo.wxml", "child": [], "parent": 43, "matchString": []}, {"id": 47, "type": "view", "string": null, "attribute": {"class": ["info-item"], "wx:if": "{{infoJson.condition.VehicleBarcode&&infoJson.condition.VehicleBarcode!=0}}"}, "referenceVariable": ["infoJson.condition.VehicleBarcode&&infoJson.condition.VehicleBarcode!=0"], "referenceFunction": [], "style": [], "inheritClass": null, "wxss": [], "page": null, "path": "D:\\WORK\\2021\\MPDF\\baseline\\ui\\车有料\\submitViolationInfo.wxml", "child": [48, 49, 50], "parent": 1, "matchString": [{"type": "relation", "string": "行驶证条形码"}, {"type": "relation", "string": "VehicleBarcode"}, {"type": "relation", "string": "请输入行驶证条形码"}]}, {"id": 48, "type": "text", "string": "行驶证条形码", "attribute": {}, "referenceVariable": [], "referenceFunction": [], "style": [], "inheritClass": null, "wxss": [], "page": null, "path": "D:\\WORK\\2021\\MPDF\\baseline\\ui\\车有料\\submitViolationInfo.wxml", "child": [], "parent": 47, "matchString": [{"type": "self", "string": "行驶证条形码"}]}, {"id": 49, "type": "input", "string": null, "attribute": {"bindinput": "inputChange", "id": "VehicleBarcode", "placeholder": "请输入行驶证条形码", "placeholderstyle": "font-weight: 400;"}, "referenceVariable": [], "referenceFunction": ["inputChange"], "style": [], "inheritClass": null, "wxss": [], "page": null, "path": "D:\\WORK\\2021\\MPDF\\baseline\\ui\\车有料\\submitViolationInfo.wxml", "child": [], "parent": 47, "matchString": [{"type": "attr", "string": "VehicleBarcode"}, {"type": "attr", "string": "请输入行驶证条形码"}]}, {"id": 50, "type": "view", "string": null, "attribute": {"class": ["line"]}, "referenceVariable": [], "referenceFunction": [], "style": [], "inheritClass": null, "wxss": [], "page": null, "path": "D:\\WORK\\2021\\MPDF\\baseline\\ui\\车有料\\submitViolationInfo.wxml", "child": [], "parent": 47, "matchString": []}, {"id": 51, "type": "view", "string": null, "attribute": {"catchtap": "uploadImg", "class": ["info-item"], "id": "DrivingLicense", "wx:if": "{{infoJson.condition.DrivingLicense&&infoJson.condition.DrivingLicense!=0}}"}, "referenceVariable": ["infoJson.condition.DrivingLicense&&infoJson.condition.DrivingLicense!=0"], "referenceFunction": [], "style": [], "inheritClass": null, "wxss": [], "page": null, "path": "D:\\WORK\\2021\\MPDF\\baseline\\ui\\车有料\\submitViolationInfo.wxml", "child": [52, 53, 55, 56, 57], "parent": 1, "matchString": [{"type": "attr", "string": "DrivingLicense"}, {"type": "relation", "string": "行驶证照片（正页）"}]}, {"id": 52, "type": "text", "string": "行驶证照片（正页）", "attribute": {}, "referenceVariable": [], "referenceFunction": [], "style": [], "inheritClass": null, "wxss": [], "page": null, "path": "D:\\WORK\\2021\\MPDF\\baseline\\ui\\车有料\\submitViolationInfo.wxml", "child": [], "parent": 51, "matchString": [{"type": "self", "string": "行驶证照片（正页）"}]}, {"id": 53, "type": "view", "string": null, "attribute": {"wx:if": "{{!DrivingLicense}}"}, "referenceVariable": ["!DrivingLicense"], "referenceFunction": [], "style": [], "inheritClass": null, "wxss": [], "page": null, "path": "D:\\WORK\\2021\\MPDF\\baseline\\ui\\车有料\\submitViolationInfo.wxml", "child": [54], "parent": 51, "matchString": []}, {"id": 54, "type": "i", "string": null, "attribute": {"class": ["iconfont", "icon-jiantou-you"], "style": "font-size:12px;margin-left:10rpx;"}, "referenceVariable": [], "referenceFunction": [], "style": [], "inheritClass": null, "wxss": [], "page": null, "path": "D:\\WORK\\2021\\MPDF\\baseline\\ui\\车有料\\submitViolationInfo.wxml", "child": [], "parent": 53, "matchString": []}, {"id": 55, "type": "image", "string": null, "attribute": {"src": "{{DrivingLicense}}", "wx:if": "{{DrivingLicense}}"}, "referenceVariable": ["DrivingLicense", "DrivingLicense"], "referenceFunction": [], "style": [], "inheritClass": null, "wxss": [], "page": null, "path": "D:\\WORK\\2021\\MPDF\\baseline\\ui\\车有料\\submitViolationInfo.wxml", "child": [], "parent": 51, "matchString": []}, {"id": 56, "type": "i", "string": null, "attribute": {"catchtap": "delImg", "class": ["iconfont", "icon-shanchu", "del"], "data-id": "DrivingLicense", "wx:if": "{{DrivingLicense}}"}, "referenceVariable": ["DrivingLicense"], "referenceFunction": [], "style": [], "inheritClass": null, "wxss": [], "page": null, "path": "D:\\WORK\\2021\\MPDF\\baseline\\ui\\车有料\\submitViolationInfo.wxml", "child": [], "parent": 51, "matchString": [{"type": "attr", "string": "DrivingLicense"}]}, {"id": 57, "type": "view", "string": null, "attribute": {"class": ["line"]}, "referenceVariable": [], "referenceFunction": [], "style": [], "inheritClass": null, "wxss": [], "page": null, "path": "D:\\WORK\\2021\\MPDF\\baseline\\ui\\车有料\\submitViolationInfo.wxml", "child": [], "parent": 51, "matchString": []}, {"id": 58, "type": "view", "string": null, "attribute": {"catchtap": "uploadImg", "class": ["info-item"], "id": "DrivingSecondLicense", "wx:if": "{{infoJson.condition.DrivingSecondLicense&&infoJson.condition.DrivingSecondLicense!=0}}"}, "referenceVariable": ["infoJson.condition.DrivingSecondLicense&&infoJson.condition.DrivingSecondLicense!=0"], "referenceFunction": [], "style": [], "inheritClass": null, "wxss": [], "page": null, "path": "D:\\WORK\\2021\\MPDF\\baseline\\ui\\车有料\\submitViolationInfo.wxml", "child": [59, 60, 62, 63, 64], "parent": 1, "matchString": [{"type": "attr", "string": "DrivingSecondLicense"}, {"type": "relation", "string": "行驶证照片（背页）"}]}, {"id": 59, "type": "text", "string": "行驶证照片（背页）", "attribute": {}, "referenceVariable": [], "referenceFunction": [], "style": [], "inheritClass": null, "wxss": [], "page": null, "path": "D:\\WORK\\2021\\MPDF\\baseline\\ui\\车有料\\submitViolationInfo.wxml", "child": [], "parent": 58, "matchString": [{"type": "self", "string": "行驶证照片（背页）"}]}, {"id": 60, "type": "view", "string": null, "attribute": {"wx:if": "{{!DrivingSecondLicense}}"}, "referenceVariable": ["!DrivingSecondLicense"], "referenceFunction": [], "style": [], "inheritClass": null, "wxss": [], "page": null, "path": "D:\\WORK\\2021\\MPDF\\baseline\\ui\\车有料\\submitViolationInfo.wxml", "child": [61], "parent": 58, "matchString": []}, {"id": 61, "type": "i", "string": null, "attribute": {"class": ["iconfont", "icon-jiantou-you"], "style": "font-size:12px;margin-left:10rpx;"}, "referenceVariable": [], "referenceFunction": [], "style": [], "inheritClass": null, "wxss": [], "page": null, "path": "D:\\WORK\\2021\\MPDF\\baseline\\ui\\车有料\\submitViolationInfo.wxml", "child": [], "parent": 60, "matchString": []}, {"id": 62, "type": "image", "string": null, "attribute": {"src": "{{DrivingSecondLicense}}", "wx:if": "{{DrivingSecondLicense}}"}, "referenceVariable": ["DrivingSecondLicense", "DrivingSecondLicense"], "referenceFunction": [], "style": [], "inheritClass": null, "wxss": [], "page": null, "path": "D:\\WORK\\2021\\MPDF\\baseline\\ui\\车有料\\submitViolationInfo.wxml", "child": [], "parent": 58, "matchString": []}, {"id": 63, "type": "i", "string": null, "attribute": {"catchtap": "delImg", "class": ["iconfont", "icon-shanchu", "del"], "data-id": "DrivingSecondLicense", "wx:if": "{{DrivingSecondLicense}}"}, "referenceVariable": ["DrivingSecondLicense"], "referenceFunction": [], "style": [], "inheritClass": null, "wxss": [], "page": null, "path": "D:\\WORK\\2021\\MPDF\\baseline\\ui\\车有料\\submitViolationInfo.wxml", "child": [], "parent": 58, "matchString": [{"type": "attr", "string": "DrivingSecondLicense"}]}, {"id": 64, "type": "view", "string": null, "attribute": {"class": ["line"]}, "referenceVariable": [], "referenceFunction": [], "style": [], "inheritClass": null, "wxss": [], "page": null, "path": "D:\\WORK\\2021\\MPDF\\baseline\\ui\\车有料\\submitViolationInfo.wxml", "child": [], "parent": 58, "matchString": []}, {"id": 65, "type": "view", "string": null, "attribute": {"catchtap": "uploadImg", "class": ["info-item"], "id": "MajorViolation", "wx:if": "{{infoJson.condition.MajorViolation&&infoJson.condition.MajorViolation!=0}}"}, "referenceVariable": ["infoJson.condition.MajorViolation&&infoJson.condition.MajorViolation!=0"], "referenceFunction": [], "style": [], "inheritClass": null, "wxss": [], "page": null, "path": "D:\\WORK\\2021\\MPDF\\baseline\\ui\\车有料\\submitViolationInfo.wxml", "child": [66, 67, 69, 70, 71], "parent": 1, "matchString": [{"type": "attr", "string": "MajorViolation"}, {"type": "relation", "string": "驾驶证照片（正页）"}]}, {"id": 66, "type": "text", "string": "驾驶证照片（正页）", "attribute": {}, "referenceVariable": [], "referenceFunction": [], "style": [], "inheritClass": null, "wxss": [], "page": null, "path": "D:\\WORK\\2021\\MPDF\\baseline\\ui\\车有料\\submitViolationInfo.wxml", "child": [], "parent": 65, "matchString": [{"type": "self", "string": "驾驶证照片（正页）"}]}, {"id": 67, "type": "view", "string": null, "attribute": {"wx:if": "{{!MajorViolation}}"}, "referenceVariable": ["!MajorViolation"], "referenceFunction": [], "style": [], "inheritClass": null, "wxss": [], "page": null, "path": "D:\\WORK\\2021\\MPDF\\baseline\\ui\\车有料\\submitViolationInfo.wxml", "child": [68], "parent": 65, "matchString": []}, {"id": 68, "type": "i", "string": null, "attribute": {"class": ["iconfont", "icon-jiantou-you"], "style": "font-size:12px;margin-left:10rpx;"}, "referenceVariable": [], "referenceFunction": [], "style": [], "inheritClass": null, "wxss": [], "page": null, "path": "D:\\WORK\\2021\\MPDF\\baseline\\ui\\车有料\\submitViolationInfo.wxml", "child": [], "parent": 67, "matchString": []}, {"id": 69, "type": "image", "string": null, "attribute": {"src": "{{MajorViolation}}", "wx:if": "{{MajorViolation}}"}, "referenceVariable": ["MajorViolation", "MajorViolation"], "referenceFunction": [], "style": [], "inheritClass": null, "wxss": [], "page": null, "path": "D:\\WORK\\2021\\MPDF\\baseline\\ui\\车有料\\submitViolationInfo.wxml", "child": [], "parent": 65, "matchString": []}, {"id": 70, "type": "i", "string": null, "attribute": {"catchtap": "delImg", "class": ["iconfont", "icon-shanchu", "del"], "data-id": "MajorViolation", "wx:if": "{{MajorViolation}}"}, "referenceVariable": ["MajorViolation"], "referenceFunction": [], "style": [], "inheritClass": null, "wxss": [], "page": null, "path": "D:\\WORK\\2021\\MPDF\\baseline\\ui\\车有料\\submitViolationInfo.wxml", "child": [], "parent": 65, "matchString": [{"type": "attr", "string": "MajorViolation"}]}, {"id": 71, "type": "view", "string": null, "attribute": {"class": ["line"]}, "referenceVariable": [], "referenceFunction": [], "style": [], "inheritClass": null, "wxss": [], "page": null, "path": "D:\\WORK\\2021\\MPDF\\baseline\\ui\\车有料\\submitViolationInfo.wxml", "child": [], "parent": 65, "matchString": []}, {"id": 72, "type": "view", "string": null, "attribute": {"catchtap": "uploadImg", "class": ["info-item"], "id": "MajorSecondViolation", "wx:if": "{{infoJson.condition.MajorSecondViolation&&infoJson.condition.MajorSecondViolation!=0}}"}, "referenceVariable": ["infoJson.condition.MajorSecondViolation&&infoJson.condition.MajorSecondViolation!=0"], "referenceFunction": [], "style": [], "inheritClass": null, "wxss": [], "page": null, "path": "D:\\WORK\\2021\\MPDF\\baseline\\ui\\车有料\\submitViolationInfo.wxml", "child": [73, 74, 76, 77, 78], "parent": 1, "matchString": [{"type": "attr", "string": "MajorSecondViolation"}, {"type": "relation", "string": "驾驶证照片（背页）"}]}, {"id": 73, "type": "text", "string": "驾驶证照片（背页）", "attribute": {}, "referenceVariable": [], "referenceFunction": [], "style": [], "inheritClass": null, "wxss": [], "page": null, "path": "D:\\WORK\\2021\\MPDF\\baseline\\ui\\车有料\\submitViolationInfo.wxml", "child": [], "parent": 72, "matchString": [{"type": "self", "string": "驾驶证照片（背页）"}]}, {"id": 74, "type": "view", "string": null, "attribute": {"wx:if": "{{!MajorSecondViolation}}"}, "referenceVariable": ["!MajorSecondViolation"], "referenceFunction": [], "style": [], "inheritClass": null, "wxss": [], "page": null, "path": "D:\\WORK\\2021\\MPDF\\baseline\\ui\\车有料\\submitViolationInfo.wxml", "child": [75], "parent": 72, "matchString": []}, {"id": 75, "type": "i", "string": null, "attribute": {"class": ["iconfont", "icon-jiantou-you"], "style": "font-size:12px;margin-left:10rpx;"}, "referenceVariable": [], "referenceFunction": [], "style": [], "inheritClass": null, "wxss": [], "page": null, "path": "D:\\WORK\\2021\\MPDF\\baseline\\ui\\车有料\\submitViolationInfo.wxml", "child": [], "parent": 74, "matchString": []}, {"id": 76, "type": "image", "string": null, "attribute": {"src": "{{MajorSecondViolation}}", "wx:if": "{{MajorSecondViolation}}"}, "referenceVariable": ["MajorSecondViolation", "MajorSecondViolation"], "referenceFunction": [], "style": [], "inheritClass": null, "wxss": [], "page": null, "path": "D:\\WORK\\2021\\MPDF\\baseline\\ui\\车有料\\submitViolationInfo.wxml", "child": [], "parent": 72, "matchString": []}, {"id": 77, "type": "i", "string": null, "attribute": {"catchtap": "delImg", "class": ["iconfont", "icon-shanchu", "del"], "data-id": "MajorSecondViolation", "wx:if": "{{MajorSecondViolation}}"}, "referenceVariable": ["MajorSecondViolation"], "referenceFunction": [], "style": [], "inheritClass": null, "wxss": [], "page": null, "path": "D:\\WORK\\2021\\MPDF\\baseline\\ui\\车有料\\submitViolationInfo.wxml", "child": [], "parent": 72, "matchString": [{"type": "attr", "string": "MajorSecondViolation"}]}, {"id": 78, "type": "view", "string": null, "attribute": {"class": ["line"]}, "referenceVariable": [], "referenceFunction": [], "style": [], "inheritClass": null, "wxss": [], "page": null, "path": "D:\\WORK\\2021\\MPDF\\baseline\\ui\\车有料\\submitViolationInfo.wxml", "child": [], "parent": 72, "matchString": []}, {"id": 79, "type": "view", "string": null, "attribute": {"class": ["info-item"], "wx:if": "{{infoJson.condition.VerifyCodeLen&&infoJson.condition.VerifyCodeLen!=0}}"}, "referenceVariable": ["infoJson.condition.VerifyCodeLen&&infoJson.condition.VerifyCodeLen!=0"], "referenceFunction": [], "style": [], "inheritClass": null, "wxss": [], "page": null, "path": "D:\\WORK\\2021\\MPDF\\baseline\\ui\\车有料\\submitViolationInfo.wxml", "child": [80, 81, 82], "parent": 1, "matchString": [{"type": "relation", "string": "验证码"}, {"type": "relation", "string": "VerifyCodeLen"}, {"type": "relation", "string": "请输入"}, {"type": "relation", "string": "获取验证码"}]}, {"id": 80, "type": "text", "string": "验证码", "attribute": {}, "referenceVariable": [], "referenceFunction": [], "style": [], "inheritClass": null, "wxss": [], "page": null, "path": "D:\\WORK\\2021\\MPDF\\baseline\\ui\\车有料\\submitViolationInfo.wxml", "child": [], "parent": 79, "matchString": [{"type": "self", "string": "验证码"}]}, {"id": 81, "type": "input", "string": null, "attribute": {"bindinput": "inputChange", "id": "VerifyCodeLen", "placeholder": "请输入", "placeholderstyle": "font-weight: 400;", "type": "number"}, "referenceVariable": [], "referenceFunction": ["inputChange"], "style": [], "inheritClass": null, "wxss": [], "page": null, "path": "D:\\WORK\\2021\\MPDF\\baseline\\ui\\车有料\\submitViolationInfo.wxml", "child": [], "parent": 79, "matchString": [{"type": "attr", "string": "VerifyCodeLen"}, {"type": "attr", "string": "请输入"}]}, {"id": 82, "type": "view", "string": "获取验证码", "attribute": {"bindtap": "getVCode", "class": ["btn"]}, "referenceVariable": [], "referenceFunction": ["getVCode"], "style": [], "inheritClass": null, "wxss": [], "page": null, "path": "D:\\WORK\\2021\\MPDF\\baseline\\ui\\车有料\\submitViolationInfo.wxml", "child": [], "parent": 79, "matchString": [{"type": "self", "string": "获取验证码"}]}, {"id": 83, "type": "view", "string": "*短信验证码为您在车管所驾驶证登记电话收到的验证码", "attribute": {"class": ["tips"], "wx:if": "{{infoJson.condition.VerifyCodeLen&&infoJson.condition.VerifyCodeLen!=0}}"}, "referenceVariable": ["infoJson.condition.VerifyCodeLen&&infoJson.condition.VerifyCodeLen!=0"], "referenceFunction": [], "style": [], "inheritClass": null, "wxss": [], "page": null, "path": "D:\\WORK\\2021\\MPDF\\baseline\\ui\\车有料\\submitViolationInfo.wxml", "child": [], "parent": 1, "matchString": [{"type": "self", "string": "*短信验证码为您在车管所驾驶证登记电话收到的验证码"}, {"type": "relation", "string": "*短信验证码为您在车管所驾驶证登记电话收到的验证码"}]}, {"id": 84, "type": "view", "string": null, "attribute": {"bindtap": "showDetail", "class": ["info-item"], "style": "margin-top:20rpx;"}, "referenceVariable": [], "referenceFunction": ["showDetail"], "style": [], "inheritClass": null, "wxss": [], "page": null, "path": "D:\\WORK\\2021\\MPDF\\baseline\\ui\\车有料\\submitViolationInfo.wxml", "child": [85, 86], "parent": 1, "matchString": [{"type": "relation", "string": "违章代办信息"}, {"type": "relation", "string": "{{vioData.length}}"}]}, {"id": 85, "type": "text", "string": "违章代办信息", "attribute": {}, "referenceVariable": [], "referenceFunction": [], "style": [], "inheritClass": null, "wxss": [], "page": null, "path": "D:\\WORK\\2021\\MPDF\\baseline\\ui\\车有料\\submitViolationInfo.wxml", "child": [], "parent": 84, "matchString": [{"type": "self", "string": "违章代办信息"}]}, {"id": 86, "type": "view", "string": null, "attribute": {}, "referenceVariable": [], "referenceFunction": [], "style": [], "inheritClass": null, "wxss": [], "page": null, "path": "D:\\WORK\\2021\\MPDF\\baseline\\ui\\车有料\\submitViolationInfo.wxml", "child": [87, 88], "parent": 84, "matchString": [{"type": "relation", "string": "{{vioData.length}}"}]}, {"id": 87, "type": "text", "string": "{{vioData.length}}", "attribute": {"class": ["number"]}, "referenceVariable": [], "referenceFunction": [], "style": [], "inheritClass": null, "wxss": [], "page": null, "path": "D:\\WORK\\2021\\MPDF\\baseline\\ui\\车有料\\submitViolationInfo.wxml", "child": [], "parent": 86, "matchString": [{"type": "self", "string": "{{vioData.length}}"}]}, {"id": 88, "type": "i", "string": null, "attribute": {"class": ["iconfont", "icon-jiantou-you"], "style": "font-size:12px;margin-left:10rpx; {{showDetail?'transform: rotate(-90deg)':'transform: rotate(90deg)'}} "}, "referenceVariable": ["showDetail?'transform: rotate(-90deg)':'transform: rotate(90deg)'"], "referenceFunction": [], "style": [], "inheritClass": null, "wxss": [], "page": null, "path": "D:\\WORK\\2021\\MPDF\\baseline\\ui\\车有料\\submitViolationInfo.wxml", "child": [], "parent": 86, "matchString": []}, {"id": 89, "type": "view", "string": null, "attribute": {"class": ["list-item"], "style": "{{index==0?' padding-top: 0 !important;':''}}", "wx:if": "{{showDetail}}", "wx:for": "{{vioData}}", "wx:key": "index"}, "referenceVariable": ["index==0?' padding-top: 0 !important;':''", "showDetail", "vioData"], "referenceFunction": [], "style": [], "inheritClass": null, "wxss": [], "page": null, "path": "D:\\WORK\\2021\\MPDF\\baseline\\ui\\车有料\\submitViolationInfo.wxml", "child": [90, 95], "parent": 1, "matchString": [{"type": "relation", "string": "{{item.Location}}"}, {"type": "relation", "string": "{{item.Time}}"}, {"type": "relation", "string": "{{item.Reason}}"}, {"type": "relation", "string": "{{item.count}}"}, {"type": "relation", "string": "{{item.Degree}}"}]}, {"id": 90, "type": "view", "string": null, "attribute": {"class": ["detail-box"]}, "referenceVariable": [], "referenceFunction": [], "style": [], "inheritClass": null, "wxss": [], "page": null, "path": "D:\\WORK\\2021\\MPDF\\baseline\\ui\\车有料\\submitViolationInfo.wxml", "child": [91, 93, 94], "parent": 89, "matchString": [{"type": "relation", "string": "{{item.Location}}"}, {"type": "relation", "string": "{{item.Time}}"}, {"type": "relation", "string": "{{item.Reason}}"}]}, {"id": 91, "type": "view", "string": null, "attribute": {"class": ["detail-address"]}, "referenceVariable": [], "referenceFunction": [], "style": [], "inheritClass": null, "wxss": [], "page": null, "path": "D:\\WORK\\2021\\MPDF\\baseline\\ui\\车有料\\submitViolationInfo.wxml", "child": [92], "parent": 90, "matchString": [{"type": "relation", "string": "{{item.Location}}"}]}, {"id": 92, "type": "text", "string": "{{item.Location}}", "attribute": {"style": "font-weight:700;color:#333333;"}, "referenceVariable": [], "referenceFunction": [], "style": [], "inheritClass": null, "wxss": [], "page": null, "path": "D:\\WORK\\2021\\MPDF\\baseline\\ui\\车有料\\submitViolationInfo.wxml", "child": [], "parent": 91, "matchString": [{"type": "self", "string": "{{item.Location}}"}]}, {"id": 93, "type": "view", "string": "{{item.Time}}", "attribute": {"class": ["time"]}, "referenceVariable": [], "referenceFunction": [], "style": [], "inheritClass": null, "wxss": [], "page": null, "path": "D:\\WORK\\2021\\MPDF\\baseline\\ui\\车有料\\submitViolationInfo.wxml", "child": [], "parent": 90, "matchString": [{"type": "self", "string": "{{item.Time}}"}]}, {"id": 94, "type": "view", "string": "{{item.Reason}}", "attribute": {"class": ["content"]}, "referenceVariable": [], "referenceFunction": [], "style": [], "inheritClass": null, "wxss": [], "page": null, "path": "D:\\WORK\\2021\\MPDF\\baseline\\ui\\车有料\\submitViolationInfo.wxml", "child": [], "parent": 90, "matchString": [{"type": "self", "string": "{{item.Reason}}"}]}, {"id": 95, "type": "view", "string": null, "attribute": {"class": ["fee-box"]}, "referenceVariable": [], "referenceFunction": [], "style": [], "inheritClass": null, "wxss": [], "page": null, "path": "D:\\WORK\\2021\\MPDF\\baseline\\ui\\车有料\\submitViolationInfo.wxml", "child": [96, 97], "parent": 89, "matchString": [{"type": "relation", "string": "{{item.count}}"}, {"type": "relation", "string": "{{item.Degree}}"}]}, {"id": 96, "type": "text", "string": "{{item.count}}", "attribute": {}, "referenceVariable": [], "referenceFunction": [], "style": [], "inheritClass": null, "wxss": [], "page": null, "path": "D:\\WORK\\2021\\MPDF\\baseline\\ui\\车有料\\submitViolationInfo.wxml", "child": [], "parent": 95, "matchString": [{"type": "self", "string": "{{item.count}}"}]}, {"id": 97, "type": "text", "string": "{{item.Degree}}", "attribute": {}, "referenceVariable": [], "referenceFunction": [], "style": [], "inheritClass": null, "wxss": [], "page": null, "path": "D:\\WORK\\2021\\MPDF\\baseline\\ui\\车有料\\submitViolationInfo.wxml", "child": [], "parent": 95, "matchString": [{"type": "self", "string": "{{item.Degree}}"}]}, {"id": 98, "type": "view", "string": null, "attribute": {"class": ["info-item"], "style": "margin-top:20rpx;", "wx:if": "{{infoJson.canUrgent}}"}, "referenceVariable": ["infoJson.canUrgent"], "referenceFunction": [], "style": [], "inheritClass": null, "wxss": [], "page": null, "path": "D:\\WORK\\2021\\MPDF\\baseline\\ui\\车有料\\submitViolationInfo.wxml", "child": [99, 100, 101], "parent": 1, "matchString": [{"type": "relation", "string": "加急处理"}]}, {"id": 99, "type": "text", "string": "加急处理", "attribute": {}, "referenceVariable": [], "referenceFunction": [], "style": [], "inheritClass": null, "wxss": [], "page": null, "path": "D:\\WORK\\2021\\MPDF\\baseline\\ui\\车有料\\submitViolationInfo.wxml", "child": [], "parent": 98, "matchString": [{"type": "self", "string": "加急处理"}]}, {"id": 100, "type": "i-switch", "string": null, "attribute": {"bind:change": "onChange", "value": "{{switch1}}"}, "referenceVariable": ["switch1"], "referenceFunction": ["onChange"], "style": [], "inheritClass": null, "wxss": [], "page": null, "path": "D:\\WORK\\2021\\MPDF\\baseline\\ui\\车有料\\submitViolationInfo.wxml", "child": [], "parent": 98, "matchString": []}, {"id": 101, "type": "view", "string": null, "attribute": {"class": ["line"]}, "referenceVariable": [], "referenceFunction": [], "style": [], "inheritClass": null, "wxss": [], "page": null, "path": "D:\\WORK\\2021\\MPDF\\baseline\\ui\\车有料\\submitViolationInfo.wxml", "child": [], "parent": 98, "matchString": []}, {"id": 102, "type": "view", "string": null, "attribute": {"class": ["bottom-tool"]}, "referenceVariable": [], "referenceFunction": [], "style": [], "inheritClass": null, "wxss": [], "page": null, "path": "D:\\WORK\\2021\\MPDF\\baseline\\ui\\车有料\\submitViolationInfo.wxml", "child": [103, 108], "parent": 0, "matchString": [{"type": "relation", "string": "实付金额："}, {"type": "relation", "string": "¥{{switch1?infoJson.fines+infoJson.chexingyiPoundage+infoJson.UrgentFee:infoJson.fines+infoJson.chexingyiPoundage}}"}, {"type": "relation", "string": "\n      ¥{{infoJson.fines}}（罚款）+¥{{infoJson.chexingyiPoundage}}（手续费）\n    "}, {"type": "relation", "string": "提交订单"}]}, {"id": 103, "type": "view", "string": null, "attribute": {"class": ["left-content"]}, "referenceVariable": [], "referenceFunction": [], "style": [], "inheritClass": null, "wxss": [], "page": null, "path": "D:\\WORK\\2021\\MPDF\\baseline\\ui\\车有料\\submitViolationInfo.wxml", "child": [104, 107], "parent": 102, "matchString": [{"type": "relation", "string": "实付金额："}, {"type": "relation", "string": "¥{{switch1?infoJson.fines+infoJson.chexingyiPoundage+infoJson.UrgentFee:infoJson.fines+infoJson.chexingyiPoundage}}"}, {"type": "relation", "string": "\n      ¥{{infoJson.fines}}（罚款）+¥{{infoJson.chexingyiPoundage}}（手续费）\n    "}]}, {"id": 104, "type": "view", "string": null, "attribute": {"class": ["money"]}, "referenceVariable": [], "referenceFunction": [], "style": [], "inheritClass": null, "wxss": [], "page": null, "path": "D:\\WORK\\2021\\MPDF\\baseline\\ui\\车有料\\submitViolationInfo.wxml", "child": [105, 106], "parent": 103, "matchString": [{"type": "relation", "string": "实付金额："}, {"type": "relation", "string": "¥{{switch1?infoJson.fines+infoJson.chexingyiPoundage+infoJson.UrgentFee:infoJson.fines+infoJson.chexingyiPoundage}}"}]}, {"id": 105, "type": "text", "string": "实付金额：", "attribute": {}, "referenceVariable": [], "referenceFunction": [], "style": [], "inheritClass": null, "wxss": [], "page": null, "path": "D:\\WORK\\2021\\MPDF\\baseline\\ui\\车有料\\submitViolationInfo.wxml", "child": [], "parent": 104, "matchString": [{"type": "self", "string": "实付金额："}]}, {"id": 106, "type": "text", "string": "¥{{switch1?infoJson.fines+infoJson.chexingyiPoundage+infoJson.UrgentFee:infoJson.fines+infoJson.chexingyiPoundage}}", "attribute": {"style": "color:#FE4C4C;"}, "referenceVariable": [], "referenceFunction": [], "style": [], "inheritClass": null, "wxss": [], "page": null, "path": "D:\\WORK\\2021\\MPDF\\baseline\\ui\\车有料\\submitViolationInfo.wxml", "child": [], "parent": 104, "matchString": [{"type": "self", "string": "¥{{switch1?infoJson.fines+infoJson.chexingyiPoundage+infoJson.UrgentFee:infoJson.fines+infoJson.chexingyiPoundage}}"}]}, {"id": 107, "type": "view", "string": "\n      ¥{{infoJson.fines}}（罚款）+¥{{infoJson.chexingyiPoundage}}（手续费）\n    ", "attribute": {"class": ["money-detail"]}, "referenceVariable": [], "referenceFunction": [], "style": [], "inheritClass": null, "wxss": [], "page": null, "path": "D:\\WORK\\2021\\MPDF\\baseline\\ui\\车有料\\submitViolationInfo.wxml", "child": [], "parent": 103, "matchString": [{"type": "self", "string": "\n      ¥{{infoJson.fines}}（罚款）+¥{{infoJson.chexingyiPoundage}}（手续费）\n    "}]}, {"id": 108, "type": "view", "string": "提交订单", "attribute": {"bindtap": "submitOrder", "class": ["right-btn"]}, "referenceVariable": [], "referenceFunction": ["submitOrder"], "style": [], "inheritClass": null, "wxss": [], "page": null, "path": "D:\\WORK\\2021\\MPDF\\baseline\\ui\\车有料\\submitViolationInfo.wxml", "child": [], "parent": 102, "matchString": [{"type": "self", "string": "提交订单"}, {"type": "relation", "string": "提交订单"}]}]