[{"id": 0, "type": "[document]", "string": null, "attribute": {}, "referenceVariable": [], "referenceFunction": [], "style": [], "inheritClass": null, "wxss": [], "page": null, "path": "D:\\WORK\\2021\\MPDF\\baseline\\ui\\动脉网知识库\\mobile.wxml", "child": [1, 2], "parent": null, "matchString": [{"type": "relation", "string": "手机号"}, {"type": "relation", "string": "|"}, {"type": "relation", "string": "请输入手机号"}, {"type": "relation", "string": "{{time}}"}, {"type": "relation", "string": "图片验证码"}, {"type": "relation", "string": "请输入图片验证码"}, {"type": "relation", "string": "手机验证码"}, {"type": "relation", "string": "请输入验证码"}, {"type": "relation", "string": "\n            绑定手机\n        "}]}, {"id": 1, "type": "view", "string": null, "attribute": {"class": ["sm-hr"]}, "referenceVariable": [], "referenceFunction": [], "style": [], "inheritClass": null, "wxss": [], "page": null, "path": "D:\\WORK\\2021\\MPDF\\baseline\\ui\\动脉网知识库\\mobile.wxml", "child": [], "parent": 0, "matchString": []}, {"id": 2, "type": "view", "string": null, "attribute": {"class": ["two-padding"]}, "referenceVariable": [], "referenceFunction": [], "style": [], "inheritClass": null, "wxss": [], "page": null, "path": "D:\\WORK\\2021\\MPDF\\baseline\\ui\\动脉网知识库\\mobile.wxml", "child": [3, 11, 19, 24], "parent": 0, "matchString": [{"type": "relation", "string": "手机号"}, {"type": "relation", "string": "|"}, {"type": "relation", "string": "请输入手机号"}, {"type": "relation", "string": "{{time}}"}, {"type": "relation", "string": "图片验证码"}, {"type": "relation", "string": "请输入图片验证码"}, {"type": "relation", "string": "手机验证码"}, {"type": "relation", "string": "请输入验证码"}, {"type": "relation", "string": "\n            绑定手机\n        "}]}, {"id": 3, "type": "view", "string": null, "attribute": {"class": ["row"]}, "referenceVariable": [], "referenceFunction": [], "style": [], "inheritClass": null, "wxss": [], "page": null, "path": "D:\\WORK\\2021\\MPDF\\baseline\\ui\\动脉网知识库\\mobile.wxml", "child": [4, 6, 7, 9], "parent": 2, "matchString": [{"type": "relation", "string": "手机号"}, {"type": "relation", "string": "|"}, {"type": "relation", "string": "请输入手机号"}, {"type": "relation", "string": "{{time}}"}]}, {"id": 4, "type": "view", "string": null, "attribute": {"class": ["title"]}, "referenceVariable": [], "referenceFunction": [], "style": [], "inheritClass": null, "wxss": [], "page": null, "path": "D:\\WORK\\2021\\MPDF\\baseline\\ui\\动脉网知识库\\mobile.wxml", "child": [5], "parent": 3, "matchString": [{"type": "relation", "string": "手机号"}]}, {"id": 5, "type": "text", "string": "手机号", "attribute": {}, "referenceVariable": [], "referenceFunction": [], "style": [], "inheritClass": null, "wxss": [], "page": null, "path": "D:\\WORK\\2021\\MPDF\\baseline\\ui\\动脉网知识库\\mobile.wxml", "child": [], "parent": 4, "matchString": [{"type": "self", "string": "手机号"}]}, {"id": 6, "type": "view", "string": "|", "attribute": {"class": ["shu"]}, "referenceVariable": [], "referenceFunction": [], "style": [], "inheritClass": null, "wxss": [], "page": null, "path": "D:\\WORK\\2021\\MPDF\\baseline\\ui\\动脉网知识库\\mobile.wxml", "child": [], "parent": 3, "matchString": [{"type": "self", "string": "|"}]}, {"id": 7, "type": "view", "string": null, "attribute": {"class": ["input"]}, "referenceVariable": [], "referenceFunction": [], "style": [], "inheritClass": null, "wxss": [], "page": null, "path": "D:\\WORK\\2021\\MPDF\\baseline\\ui\\动脉网知识库\\mobile.wxml", "child": [8], "parent": 3, "matchString": [{"type": "relation", "string": "请输入手机号"}]}, {"id": 8, "type": "input", "string": null, "attribute": {"focus": "", "bindinput": "bindMobile", "placeholder": "请输入手机号", "type": "number"}, "referenceVariable": [], "referenceFunction": ["bindMobile"], "style": [], "inheritClass": null, "wxss": [], "page": null, "path": "D:\\WORK\\2021\\MPDF\\baseline\\ui\\动脉网知识库\\mobile.wxml", "child": [], "parent": 7, "matchString": [{"type": "attr", "string": "请输入手机号"}]}, {"id": 9, "type": "view", "string": null, "attribute": {}, "referenceVariable": [], "referenceFunction": [], "style": [], "inheritClass": null, "wxss": [], "page": null, "path": "D:\\WORK\\2021\\MPDF\\baseline\\ui\\动脉网知识库\\mobile.wxml", "child": [10], "parent": 3, "matchString": [{"type": "relation", "string": "{{time}}"}]}, {"id": 10, "type": "button", "string": "{{time}}", "attribute": {"bindtap": "getCode", "class": ["button"], "disabled": "{{disabled}}", "size": "mini", "style": "padding: 0 0.2em !important;display: block !important", "type": "primary"}, "referenceVariable": ["disabled"], "referenceFunction": ["getCode"], "style": [], "inheritClass": null, "wxss": [], "page": null, "path": "D:\\WORK\\2021\\MPDF\\baseline\\ui\\动脉网知识库\\mobile.wxml", "child": [], "parent": 9, "matchString": [{"type": "self", "string": "{{time}}"}]}, {"id": 11, "type": "view", "string": null, "attribute": {"class": ["row"]}, "referenceVariable": [], "referenceFunction": [], "style": [], "inheritClass": null, "wxss": [], "page": null, "path": "D:\\WORK\\2021\\MPDF\\baseline\\ui\\动脉网知识库\\mobile.wxml", "child": [12, 14, 15, 17], "parent": 2, "matchString": [{"type": "relation", "string": "图片验证码"}, {"type": "relation", "string": "|"}, {"type": "relation", "string": "请输入图片验证码"}]}, {"id": 12, "type": "view", "string": null, "attribute": {"class": ["title"]}, "referenceVariable": [], "referenceFunction": [], "style": [], "inheritClass": null, "wxss": [], "page": null, "path": "D:\\WORK\\2021\\MPDF\\baseline\\ui\\动脉网知识库\\mobile.wxml", "child": [13], "parent": 11, "matchString": [{"type": "relation", "string": "图片验证码"}]}, {"id": 13, "type": "text", "string": "图片验证码", "attribute": {}, "referenceVariable": [], "referenceFunction": [], "style": [], "inheritClass": null, "wxss": [], "page": null, "path": "D:\\WORK\\2021\\MPDF\\baseline\\ui\\动脉网知识库\\mobile.wxml", "child": [], "parent": 12, "matchString": [{"type": "self", "string": "图片验证码"}]}, {"id": 14, "type": "view", "string": "|", "attribute": {"class": ["shu"]}, "referenceVariable": [], "referenceFunction": [], "style": [], "inheritClass": null, "wxss": [], "page": null, "path": "D:\\WORK\\2021\\MPDF\\baseline\\ui\\动脉网知识库\\mobile.wxml", "child": [], "parent": 11, "matchString": [{"type": "self", "string": "|"}]}, {"id": 15, "type": "view", "string": null, "attribute": {"class": ["input"]}, "referenceVariable": [], "referenceFunction": [], "style": [], "inheritClass": null, "wxss": [], "page": null, "path": "D:\\WORK\\2021\\MPDF\\baseline\\ui\\动脉网知识库\\mobile.wxml", "child": [16], "parent": 11, "matchString": [{"type": "relation", "string": "请输入图片验证码"}]}, {"id": 16, "type": "input", "string": null, "attribute": {"bindinput": "bindPicCode", "placeholder": "请输入图片验证码"}, "referenceVariable": [], "referenceFunction": ["bindPicCode"], "style": [], "inheritClass": null, "wxss": [], "page": null, "path": "D:\\WORK\\2021\\MPDF\\baseline\\ui\\动脉网知识库\\mobile.wxml", "child": [], "parent": 15, "matchString": [{"type": "attr", "string": "请输入图片验证码"}]}, {"id": 17, "type": "view", "string": null, "attribute": {"bindtap": "changePicCode"}, "referenceVariable": [], "referenceFunction": ["changePicCode"], "style": [], "inheritClass": null, "wxss": [], "page": null, "path": "D:\\WORK\\2021\\MPDF\\baseline\\ui\\动脉网知识库\\mobile.wxml", "child": [18], "parent": 11, "matchString": []}, {"id": 18, "type": "image", "string": null, "attribute": {"src": "{{pic_code}}"}, "referenceVariable": ["pic_code"], "referenceFunction": [], "style": [], "inheritClass": null, "wxss": [], "page": null, "path": "D:\\WORK\\2021\\MPDF\\baseline\\ui\\动脉网知识库\\mobile.wxml", "child": [], "parent": 17, "matchString": []}, {"id": 19, "type": "view", "string": null, "attribute": {"class": ["row"]}, "referenceVariable": [], "referenceFunction": [], "style": [], "inheritClass": null, "wxss": [], "page": null, "path": "D:\\WORK\\2021\\MPDF\\baseline\\ui\\动脉网知识库\\mobile.wxml", "child": [20, 21, 22], "parent": 2, "matchString": [{"type": "relation", "string": "手机验证码"}, {"type": "relation", "string": "|"}, {"type": "relation", "string": "请输入验证码"}]}, {"id": 20, "type": "view", "string": "手机验证码", "attribute": {"class": ["title"]}, "referenceVariable": [], "referenceFunction": [], "style": [], "inheritClass": null, "wxss": [], "page": null, "path": "D:\\WORK\\2021\\MPDF\\baseline\\ui\\动脉网知识库\\mobile.wxml", "child": [], "parent": 19, "matchString": [{"type": "self", "string": "手机验证码"}]}, {"id": 21, "type": "view", "string": "|", "attribute": {"class": ["shu"]}, "referenceVariable": [], "referenceFunction": [], "style": [], "inheritClass": null, "wxss": [], "page": null, "path": "D:\\WORK\\2021\\MPDF\\baseline\\ui\\动脉网知识库\\mobile.wxml", "child": [], "parent": 19, "matchString": [{"type": "self", "string": "|"}]}, {"id": 22, "type": "view", "string": null, "attribute": {"class": ["input"]}, "referenceVariable": [], "referenceFunction": [], "style": [], "inheritClass": null, "wxss": [], "page": null, "path": "D:\\WORK\\2021\\MPDF\\baseline\\ui\\动脉网知识库\\mobile.wxml", "child": [23], "parent": 19, "matchString": [{"type": "relation", "string": "请输入验证码"}]}, {"id": 23, "type": "input", "string": null, "attribute": {"bindinput": "bindCode", "placeholder": "请输入验证码", "type": "number"}, "referenceVariable": [], "referenceFunction": ["bindCode"], "style": [], "inheritClass": null, "wxss": [], "page": null, "path": "D:\\WORK\\2021\\MPDF\\baseline\\ui\\动脉网知识库\\mobile.wxml", "child": [], "parent": 22, "matchString": [{"type": "attr", "string": "请输入验证码"}]}, {"id": 24, "type": "view", "string": null, "attribute": {}, "referenceVariable": [], "referenceFunction": [], "style": [], "inheritClass": null, "wxss": [], "page": null, "path": "D:\\WORK\\2021\\MPDF\\baseline\\ui\\动脉网知识库\\mobile.wxml", "child": [25], "parent": 2, "matchString": [{"type": "relation", "string": "\n            绑定手机\n        "}]}, {"id": 25, "type": "button", "string": "\n            绑定手机\n        ", "attribute": {"bindtap": "update", "class": ["bgcolor-orange", "color-white"]}, "referenceVariable": [], "referenceFunction": ["update"], "style": [], "inheritClass": null, "wxss": [], "page": null, "path": "D:\\WORK\\2021\\MPDF\\baseline\\ui\\动脉网知识库\\mobile.wxml", "child": [], "parent": 24, "matchString": [{"type": "self", "string": "\n            绑定手机\n        "}]}]