﻿source_file,source,source_loc,sink_file,sink,sink_loc,type,cross_field,cross_file,correct
app.js,wx.getSystemInfoSync,37,app.js,wx.request,38,API:return-value,FALSE,FALSE,Right
utils\commin.js,wx.getStorageSync,81&90&104&109&124&124&124&141,utils\commin.js,wx.setStorageSync,87,API:return-value,FALSE,FALSE,Right
utils\commin.js,wx.getStorageSync,81&90&104&109&124&124&124&141,utils\commin.js,wx.setStorageSync,105,API:return-value,FALSE,FALSE,Right
pages\chartsHome\chartsHome.js,wx.getStorage,379,pages\chartsHome\chartsHome.js,console.log,382,API:callback,FALSE,FALSE,Right
pages\personalCenterHome\personalCenterHome.js,wx.getStorage,21,pages\personalCenterHome\personalCenterHome.js,console.log,24,API:callback,FALSE,FALSE,Right
pages\personalCenterHome\personalCenterHome.js,wx.getStorage,37,pages\personalCenterHome\personalCenterHome.js,console.log,40,API:callback,FALSE,FALSE,Right
pages\projectHome\projectHome.js,wx.login,36,pages\projectHome\projectHome.js,console.log,38,API:callback,FALSE,FALSE,Right
pages\recentProjectsHome\recentProjectsHome.js,wx.getStorage,431,pages\recentProjectsHome\recentProjectsHome.js,console.log,434,API:callback,FALSE,FALSE,Right
utils\wxSearch\wxSearch.js,wx.getStorageSync,19&22&92&109&127&136,utils\wxSearch\wxSearch.js,wx.setStorage,92,API:return-value,FALSE,FALSE,Right
utils\wxSearch\wxSearch.js,wx.getStorageSync,19&22&92&109&127&136,utils\wxSearch\wxSearch.js,wx.setStorage,139,API:return-value,FALSE,FALSE,Right
utils\wxSearch\wxSearch.js,wx.getStorageSync,19&22&92&109&127&136,utils\wxSearch\wxSearch.js,wx.setStorage,110,API:return-value,FALSE,FALSE,Right
pages\charts\chartsDistribute\chartsDistribute.js,wx.getStorageSync,56,pages\charts\chartsDistribute\chartsDistribute.js,console.log,56,API:return-value,FALSE,FALSE,Right
pages\company\companyProjectList\companyProjectList.js,wx.getStorageSync,53,pages\company\companyProjectList\companyProjectList.js,console.log,53,API:return-value,FALSE,FALSE,Right
vendor\qcloud-weapp-client-sdk\lib\login.js,wx.request,42,vendor\qcloud-weapp-client-sdk\lib\session.js,wx.setStorageSync,6,API:callback,TRUE,TRUE,Right
vendor\qcloud-weapp-client-sdk\lib\login.js,wx.login,13,vendor\qcloud-weapp-client-sdk\lib\login.js,wx.request,42,API:callback,TRUE,FALSE,Broken: Nested Function
utils\api.js,wx.getSystemInfoSync,38,vendor\qcloud-weapp-client-sdk\lib\request.js,wx.request,27,API:callback,TRUE,TRUE,Broken: Nested Function
pages\chartsHome\chartsHome.js,formSubmit,510,vendor\qcloud-weapp-client-sdk\lib\request.js,wx.request,27,UI,TRUE,TRUE,Broken: Nested Function
pages\company\companyHome.js,wx.getStorageSync,57,vendor\qcloud-weapp-client-sdk\lib\request.js,wx.request,27,API:return-value,TRUE,TRUE,Broken: Nested Function
pages\company\companyHome.js,wx.getStorage,85,utils\commin.js,wx.showModal,145,API:return-value,TRUE,TRUE,Broken: Undefined or Built-In Function
pages\recentProjectsHome\recentProjectsHome.js,wx.getStorageSync,172,vendor\qcloud-weapp-client-sdk\lib\request.js,wx.request,27,API:return-value,TRUE,TRUE,Broken: Nested Function
pages\charts\chartsDeal\chartsDeal.js,wx.getStorageSync,198,vendor\qcloud-weapp-client-sdk\lib\request.js,wx.request,27,API:return-value,TRUE,TRUE,Broken: Nested Function
pages\charts\chartsDistribute\chartsDistribute.js,wx.getStorageSync,56,vendor\qcloud-weapp-client-sdk\lib\request.js,wx.request,27,API:return-value,TRUE,TRUE,Broken: Nested Function
pages\charts\chartsEarnings\chartsEarnings.js,wx.getStorageSync,97,vendor\qcloud-weapp-client-sdk\lib\request.js,wx.request,27,API:return-value,TRUE,TRUE,Broken: Nested Function
pages\charts\chartsOccupancy\chartOccupancy.js,wx.getStorageSync,67,vendor\qcloud-weapp-client-sdk\lib\request.js,wx.request,27,API:return-value,TRUE,TRUE,Broken: Nested Function
pages\company\companyDetails\companyDetails.js,wx.getStorageSync,45,vendor\qcloud-weapp-client-sdk\lib\request.js,wx.request,27,API:return-value,TRUE,TRUE,Broken: Nested Function
pages\company\companyProjectList\companyProjectList.js,wx.getStorageSync,53,vendor\qcloud-weapp-client-sdk\lib\request.js,wx.request,27,API:return-value,TRUE,TRUE,Broken: Nested Function
pages\personalCenter\feedbackAdvice\feedbackAdvice.js,bindFormSubmit,27,vendor\qcloud-weapp-client-sdk\lib\request.js,wx.request,27,UI,TRUE,TRUE,Broken: Nested Function
pages\personalCenter\groupPay\groupPay.js,rechargeBtn,78,vendor\qcloud-weapp-client-sdk\lib\request.js,wx.request,27,UI,TRUE,TRUE,Broken: Nested Function
pages\personalCenter\groupPay\groupPay.js,renewPay,140,vendor\qcloud-weapp-client-sdk\lib\request.js,wx.request,27,UI,TRUE,TRUE,Broken: Nested Function
pages\personalCenter\invoicetypePage\formSubmit.js,formSubmit,32,vendor\qcloud-weapp-client-sdk\lib\request.js,wx.request,27,UI,TRUE,TRUE,Broken: Nested Function
pages\personalCenter\userSet\userSet.js,stopUse,92,vendor\qcloud-weapp-client-sdk\lib\request.js,wx.request,27,UI,TRUE,TRUE,Broken: Nested Function
pages\personalCenter\userSet\userSet.js,stick,34,vendor\qcloud-weapp-client-sdk\lib\request.js,wx.request,27,UI,TRUE,TRUE,Broken: Undefined or Built-In Function
pages\project\details\details.js,wx.getStorageSync,64,vendor\qcloud-weapp-client-sdk\lib\request.js,wx.request,27,API:return-value,TRUE,TRUE,Broken: Nested Function
pages\project\details\details.js,feedbackSubmit,271,vendor\qcloud-weapp-client-sdk\lib\request.js,wx.request,27,UI,TRUE,TRUE,Broken: Nested Function
pages\project\proList\proList.js,wx.getStorageSync,303,vendor\qcloud-weapp-client-sdk\lib\request.js,wx.request,27,API:return-value,TRUE,TRUE,Broken: Nested Function
pages\project\proList\proList.js,wx.getStorage,351,utils\commin.js,wx.showModal,145,API:return-value,TRUE,TRUE,Broken: Undefined or Built-In Function
