[{"id": 0, "type": "[document]", "string": null, "attribute": {}, "referenceVariable": [], "referenceFunction": [], "style": [], "inheritClass": null, "wxss": [], "page": null, "path": "D:\\WORK\\2021\\MPDF\\baseline\\ui\\丁香人才丨招聘求职找工作\\telBindConfirm.wxml", "child": [1], "parent": null, "matchString": [{"type": "relation", "string": "绑定手机号"}, {"type": "relation", "string": "为了你账号的安全性和一致性，请先绑定手机号，再使用相关功能。"}, {"type": "relation", "string": "取消"}, {"type": "relation", "string": "444-0"}, {"type": "relation", "string": "确定"}, {"type": "relation", "string": "444-1"}, {"type": "relation", "string": "getPhoneNumber"}]}, {"id": 1, "type": "view", "string": null, "attribute": {"class": ["telBindConfirm"], "wx:if": "{{visible}}"}, "referenceVariable": ["visible"], "referenceFunction": [], "style": [], "inheritClass": null, "wxss": [], "page": null, "path": "D:\\WORK\\2021\\MPDF\\baseline\\ui\\丁香人才丨招聘求职找工作\\telBindConfirm.wxml", "child": [2], "parent": 0, "matchString": [{"type": "relation", "string": "绑定手机号"}, {"type": "relation", "string": "为了你账号的安全性和一致性，请先绑定手机号，再使用相关功能。"}, {"type": "relation", "string": "取消"}, {"type": "relation", "string": "444-0"}, {"type": "relation", "string": "确定"}, {"type": "relation", "string": "444-1"}, {"type": "relation", "string": "getPhoneNumber"}]}, {"id": 2, "type": "view", "string": null, "attribute": {"class": ["tel-modal"]}, "referenceVariable": [], "referenceFunction": [], "style": [], "inheritClass": null, "wxss": [], "page": null, "path": "D:\\WORK\\2021\\MPDF\\baseline\\ui\\丁香人才丨招聘求职找工作\\telBindConfirm.wxml", "child": [3, 4, 5], "parent": 1, "matchString": [{"type": "relation", "string": "绑定手机号"}, {"type": "relation", "string": "为了你账号的安全性和一致性，请先绑定手机号，再使用相关功能。"}, {"type": "relation", "string": "取消"}, {"type": "relation", "string": "444-0"}, {"type": "relation", "string": "确定"}, {"type": "relation", "string": "444-1"}, {"type": "relation", "string": "getPhoneNumber"}]}, {"id": 3, "type": "view", "string": "绑定手机号", "attribute": {"class": ["title"]}, "referenceVariable": [], "referenceFunction": [], "style": [], "inheritClass": null, "wxss": [], "page": null, "path": "D:\\WORK\\2021\\MPDF\\baseline\\ui\\丁香人才丨招聘求职找工作\\telBindConfirm.wxml", "child": [], "parent": 2, "matchString": [{"type": "self", "string": "绑定手机号"}]}, {"id": 4, "type": "view", "string": "为了你账号的安全性和一致性，请先绑定手机号，再使用相关功能。", "attribute": {"class": ["desc"]}, "referenceVariable": [], "referenceFunction": [], "style": [], "inheritClass": null, "wxss": [], "page": null, "path": "D:\\WORK\\2021\\MPDF\\baseline\\ui\\丁香人才丨招聘求职找工作\\telBindConfirm.wxml", "child": [], "parent": 2, "matchString": [{"type": "self", "string": "为了你账号的安全性和一致性，请先绑定手机号，再使用相关功能。"}]}, {"id": 5, "type": "view", "string": null, "attribute": {"class": ["btn-group"]}, "referenceVariable": [], "referenceFunction": [], "style": [], "inheritClass": null, "wxss": [], "page": null, "path": "D:\\WORK\\2021\\MPDF\\baseline\\ui\\丁香人才丨招聘求职找工作\\telBindConfirm.wxml", "child": [6, 7], "parent": 2, "matchString": [{"type": "relation", "string": "取消"}, {"type": "relation", "string": "444-0"}, {"type": "relation", "string": "确定"}, {"type": "relation", "string": "444-1"}, {"type": "relation", "string": "getPhoneNumber"}]}, {"id": 6, "type": "view", "string": "取消", "attribute": {"bind:tap": "__dispatcher", "class": ["cancel"], "data-wpy-evt": "444-0"}, "referenceVariable": [], "referenceFunction": ["__dispatcher"], "style": [], "inheritClass": null, "wxss": [], "page": null, "path": "D:\\WORK\\2021\\MPDF\\baseline\\ui\\丁香人才丨招聘求职找工作\\telBindConfirm.wxml", "child": [], "parent": 5, "matchString": [{"type": "self", "string": "取消"}, {"type": "attr", "string": "444-0"}]}, {"id": 7, "type": "button", "string": "确定", "attribute": {"bind:getphonenumber": "__dispatcher", "class": ["confirm"], "data-wpy-evt": "444-1", "opentype": "getPhoneNumber"}, "referenceVariable": [], "referenceFunction": ["__dispatcher"], "style": [], "inheritClass": null, "wxss": [], "page": null, "path": "D:\\WORK\\2021\\MPDF\\baseline\\ui\\丁香人才丨招聘求职找工作\\telBindConfirm.wxml", "child": [], "parent": 5, "matchString": [{"type": "self", "string": "确定"}, {"type": "attr", "string": "444-1"}, {"type": "attr", "string": "getPhoneNumber"}]}]