{
    "component": true,
    "usingComponents": {
        "customHeader": "/components/customHeader/customHeader",
        "record-tag": "../RecordTag/RecordTag",
        "e-input": "../Form/Elements/Input/Input",
        "e-textarea": "../Form/Elements/Textarea/Textarea",
        "e-number": "../Form/Elements/Number/Number",
        "e-date": "../Form/Elements/Date/Date",
        "e-time": "../Form/Elements/Time/Time",
        "e-radio": "../Form/Elements/Radio/Radio",
        "e-checkbox": "../Form/Elements/Checkbox/Checkbox",
        "e-image": "../Form/Elements/Image/Image",
        "e-audio": "../Form/Elements/Audio/Audio",
        "e-video": "../Form/Elements/Video/Video",
        "e-check-item": "../Form/Elements/CheckItem/CheckItem",
        "form-item": "../Form/FormItem/FormItem",
        "recorder-info-item": "../Form/Elements/RecordInfoItem/RecordInfoItem",
        "e-identity": "../Form/Elements/Identity/Identity",
        "e-carnumber": "../Form/Elements/CarNumber/CarNumber",
        "e-owneraddress": "../Form/Elements/OwnerAddress/OwnerAddress",
        "e-name": "../Form/Elements/Name/Name",
        "e-sex": "../Form/Elements/Sex/Sex",
        "e-table": "../Form/Elements/Table/Table",
        "e-signature": "../Form/Elements/Signature/index",
        "e-customernumber": "../Form/Elements/CustomerNumber/CustomerNumber",
        "e-job-number": "../Form/Elements/JobNumber/JobNumber",
        "e-chained-selects": "../Form/Elements/ChainedSelects/ChainedSelects",
        "e-file": "../Form/Elements/File/File",
        "Modal": "/components/Modal/modal",
        "agreementModal": "/components/agreementModal/index"
    }
}