[{"id": 0, "type": "[document]", "string": null, "attribute": {}, "referenceVariable": [], "referenceFunction": [], "style": [], "inheritClass": null, "wxss": [], "page": null, "path": "D:\\WORK\\2021\\MPDF\\baseline\\ui\\多多超人\\index.wxml", "child": [1], "parent": null, "matchString": [{"type": "relation", "string": "{{!incomeDialog}}"}, {"type": "relation", "string": "从开始推广到现在，你在平台推广得到的收入，有可能会减少，因为存在退货订单"}, {"type": "relation", "string": "{{!phoneDialog}}"}, {"type": "relation", "string": "1、绑定手机号码后，可以第一时间接收多多超人的官方通知、奖励活动、优惠信息等。"}, {"type": "relation", "string": "2、不绑定手机号码，仍然可以正常使用多多超人，如果不需要通知请忽略绑定。"}, {"type": "relation", "string": "{{!weappDialog}}"}, {"type": "relation", "string": "手机号码绑定成功"}, {"type": "relation", "string": "手机号码已绑定"}, {"type": "relation", "string": "为方便您的老师或粉丝联系您，请设置您的微信号："}, {"type": "relation", "string": "在此填入您的微信号"}, {"type": "relation", "string": "暂不设置"}, {"type": "relation", "string": "确定"}, {"type": "relation", "string": "绑定手机号码后，可以第一时间接收多多超人的官方通知、奖励活动、优惠信息等。"}, {"type": "relation", "string": "{{finish}}"}, {"type": "relation", "string": "{{userInfo.nickname}}"}, {"type": "relation", "string": "VIP会员"}, {"type": "relation", "string": "团长"}, {"type": "relation", "string": "分公司"}, {"type": "relation", "string": "ID：{{userInfo.uid}}"}, {"type": "relation", "string": "复制"}, {"type": "relation", "string": "{{userInfo.uid}}"}, {"type": "relation", "string": "点击授权登录"}, {"type": "relation", "string": "getPhoneNumber"}, {"type": "relation", "string": "已绑定"}, {"type": "relation", "string": "{{true}}"}, {"type": "relation", "string": "立即加入"}, {"type": "relation", "string": "立即升级"}, {"type": "relation", "string": "累计预估收入："}, {"type": "relation", "string": "{{profit_all}}"}, {"type": "relation", "string": "元"}, {"type": "relation", "string": "提现"}, {"type": "relation", "string": "1"}, {"type": "relation", "string": "{{profit_today}}"}, {"type": "relation", "string": "今日收益"}, {"type": "relation", "string": "2"}, {"type": "relation", "string": "{{profit_yesterday}}"}, {"type": "relation", "string": "昨日收益"}, {"type": "relation", "string": "3"}, {"type": "relation", "string": "{{profit_this_month}}"}, {"type": "relation", "string": "本月收益"}, {"type": "relation", "string": "4"}, {"type": "relation", "string": "{{profit_last_month}}"}, {"type": "relation", "string": "上月收益"}, {"type": "relation", "string": "我的收益"}, {"type": "relation", "string": "我的订单"}, {"type": "relation", "string": "我的粉丝"}, {"type": "relation", "string": "邀请粉丝"}, {"type": "relation", "string": "{{500}}"}, {"type": "relation", "string": "#ffffff"}, {"type": "relation", "string": "{{5000}}"}, {"type": "relation", "string": "{{index}}"}, {"type": "relation", "string": "{{item}}"}, {"type": "relation", "string": "{{banner[0]}}"}, {"type": "relation", "string": "收藏夹"}, {"type": "relation", "string": "出单奖励"}, {"type": "relation", "string": "常见问题"}, {"type": "relation", "string": "官方公告"}, {"type": "relation", "string": "contact"}, {"type": "relation", "string": "在线客服"}, {"type": "relation", "string": "积分排行"}, {"type": "relation", "string": "活动兑换"}, {"type": "relation", "string": "关于我们"}, {"type": "relation", "string": "运营数据"}, {"type": "relation", "string": "商品补贴"}, {"type": "relation", "string": "{{userInfo.p_id}}"}, {"type": "relation", "string": "{{!(tapNum==10)}}"}]}, {"id": 1, "type": "view", "string": null, "attribute": {"class": ["me"]}, "referenceVariable": [], "referenceFunction": [], "style": [], "inheritClass": null, "wxss": [], "page": null, "path": "D:\\WORK\\2021\\MPDF\\baseline\\ui\\多多超人\\index.wxml", "child": [2, 5, 12, 20, 42, 91, 104, 111, 136, 152, 159], "parent": 0, "matchString": [{"type": "relation", "string": "{{!incomeDialog}}"}, {"type": "relation", "string": "从开始推广到现在，你在平台推广得到的收入，有可能会减少，因为存在退货订单"}, {"type": "relation", "string": "{{!phoneDialog}}"}, {"type": "relation", "string": "1、绑定手机号码后，可以第一时间接收多多超人的官方通知、奖励活动、优惠信息等。"}, {"type": "relation", "string": "2、不绑定手机号码，仍然可以正常使用多多超人，如果不需要通知请忽略绑定。"}, {"type": "relation", "string": "{{!weappDialog}}"}, {"type": "relation", "string": "手机号码绑定成功"}, {"type": "relation", "string": "手机号码已绑定"}, {"type": "relation", "string": "为方便您的老师或粉丝联系您，请设置您的微信号："}, {"type": "relation", "string": "在此填入您的微信号"}, {"type": "relation", "string": "暂不设置"}, {"type": "relation", "string": "确定"}, {"type": "relation", "string": "绑定手机号码后，可以第一时间接收多多超人的官方通知、奖励活动、优惠信息等。"}, {"type": "relation", "string": "{{finish}}"}, {"type": "relation", "string": "{{userInfo.nickname}}"}, {"type": "relation", "string": "VIP会员"}, {"type": "relation", "string": "团长"}, {"type": "relation", "string": "分公司"}, {"type": "relation", "string": "ID：{{userInfo.uid}}"}, {"type": "relation", "string": "复制"}, {"type": "relation", "string": "{{userInfo.uid}}"}, {"type": "relation", "string": "点击授权登录"}, {"type": "relation", "string": "getPhoneNumber"}, {"type": "relation", "string": "已绑定"}, {"type": "relation", "string": "{{true}}"}, {"type": "relation", "string": "立即加入"}, {"type": "relation", "string": "立即升级"}, {"type": "relation", "string": "累计预估收入："}, {"type": "relation", "string": "{{profit_all}}"}, {"type": "relation", "string": "元"}, {"type": "relation", "string": "提现"}, {"type": "relation", "string": "1"}, {"type": "relation", "string": "{{profit_today}}"}, {"type": "relation", "string": "今日收益"}, {"type": "relation", "string": "2"}, {"type": "relation", "string": "{{profit_yesterday}}"}, {"type": "relation", "string": "昨日收益"}, {"type": "relation", "string": "3"}, {"type": "relation", "string": "{{profit_this_month}}"}, {"type": "relation", "string": "本月收益"}, {"type": "relation", "string": "4"}, {"type": "relation", "string": "{{profit_last_month}}"}, {"type": "relation", "string": "上月收益"}, {"type": "relation", "string": "我的收益"}, {"type": "relation", "string": "我的订单"}, {"type": "relation", "string": "我的粉丝"}, {"type": "relation", "string": "邀请粉丝"}, {"type": "relation", "string": "{{500}}"}, {"type": "relation", "string": "#ffffff"}, {"type": "relation", "string": "{{5000}}"}, {"type": "relation", "string": "{{index}}"}, {"type": "relation", "string": "{{item}}"}, {"type": "relation", "string": "{{banner[0]}}"}, {"type": "relation", "string": "收藏夹"}, {"type": "relation", "string": "出单奖励"}, {"type": "relation", "string": "常见问题"}, {"type": "relation", "string": "官方公告"}, {"type": "relation", "string": "contact"}, {"type": "relation", "string": "在线客服"}, {"type": "relation", "string": "积分排行"}, {"type": "relation", "string": "活动兑换"}, {"type": "relation", "string": "关于我们"}, {"type": "relation", "string": "运营数据"}, {"type": "relation", "string": "商品补贴"}, {"type": "relation", "string": "{{userInfo.p_id}}"}, {"type": "relation", "string": "{{!(tapNum==10)}}"}]}, {"id": 2, "type": "view", "string": null, "attribute": {"catch:tap": "closeGuide", "class": ["guide"], "wx:if": "{{guide}}"}, "referenceVariable": ["guide"], "referenceFunction": [], "style": [], "inheritClass": null, "wxss": [], "page": null, "path": "D:\\WORK\\2021\\MPDF\\baseline\\ui\\多多超人\\index.wxml", "child": [3, 4], "parent": 1, "matchString": [{"type": "relation", "string": "{{!(tapNum==10)}}"}]}, {"id": 3, "type": "image", "string": null, "attribute": {"class": ["guide-img"], "src": "http://img.static.duoduocr.com/Fi4L79nhj84xB4PiKEVNB0w7-wPI"}, "referenceVariable": [], "referenceFunction": [], "style": [], "inheritClass": null, "wxss": [], "page": null, "path": "D:\\WORK\\2021\\MPDF\\baseline\\ui\\多多超人\\index.wxml", "child": [], "parent": 2, "matchString": []}, {"id": 4, "type": "view", "string": null, "attribute": {"catch:tap": "closeGuide", "class": ["guide-btn"]}, "referenceVariable": [], "referenceFunction": [], "style": [], "inheritClass": null, "wxss": [], "page": null, "path": "D:\\WORK\\2021\\MPDF\\baseline\\ui\\多多超人\\index.wxml", "child": [], "parent": 2, "matchString": []}, {"id": 5, "type": "view", "string": null, "attribute": {"catch:touchmove": "cantMove", "class": ["dialog-shadow"], "hidden": "{{!incomeDialog}}", "style": "opacity:{{opacity}};"}, "referenceVariable": ["!incomeDialog", "opacity"], "referenceFunction": [], "style": [], "inheritClass": null, "wxss": [], "page": null, "path": "D:\\WORK\\2021\\MPDF\\baseline\\ui\\多多超人\\index.wxml", "child": [6], "parent": 1, "matchString": [{"type": "attr", "string": "{{!incomeDialog}}"}, {"type": "relation", "string": "从开始推广到现在，你在平台推广得到的收入，有可能会减少，因为存在退货订单"}]}, {"id": 6, "type": "view", "string": null, "attribute": {"class": ["income-dialog"], "style": "opacity:{{opacity}};top:{{top}};left: 50%;"}, "referenceVariable": ["opacity", "top"], "referenceFunction": [], "style": [], "inheritClass": null, "wxss": [], "page": null, "path": "D:\\WORK\\2021\\MPDF\\baseline\\ui\\多多超人\\index.wxml", "child": [7, 10], "parent": 5, "matchString": [{"type": "relation", "string": "从开始推广到现在，你在平台推广得到的收入，有可能会减少，因为存在退货订单"}]}, {"id": 7, "type": "view", "string": null, "attribute": {"class": ["dialog-header"]}, "referenceVariable": [], "referenceFunction": [], "style": [], "inheritClass": null, "wxss": [], "page": null, "path": "D:\\WORK\\2021\\MPDF\\baseline\\ui\\多多超人\\index.wxml", "child": [8], "parent": 6, "matchString": []}, {"id": 8, "type": "view", "string": null, "attribute": {"catch:tap": "changeIncomeDialog", "class": ["close-btn"]}, "referenceVariable": [], "referenceFunction": [], "style": [], "inheritClass": null, "wxss": [], "page": null, "path": "D:\\WORK\\2021\\MPDF\\baseline\\ui\\多多超人\\index.wxml", "child": [9], "parent": 7, "matchString": []}, {"id": 9, "type": "i", "string": null, "attribute": {"class": ["iconfont", "icon-guanbi"]}, "referenceVariable": [], "referenceFunction": [], "style": [], "inheritClass": null, "wxss": [], "page": null, "path": "D:\\WORK\\2021\\MPDF\\baseline\\ui\\多多超人\\index.wxml", "child": [], "parent": 8, "matchString": []}, {"id": 10, "type": "view", "string": null, "attribute": {"class": ["dialog-body"]}, "referenceVariable": [], "referenceFunction": [], "style": [], "inheritClass": null, "wxss": [], "page": null, "path": "D:\\WORK\\2021\\MPDF\\baseline\\ui\\多多超人\\index.wxml", "child": [11], "parent": 6, "matchString": [{"type": "relation", "string": "从开始推广到现在，你在平台推广得到的收入，有可能会减少，因为存在退货订单"}]}, {"id": 11, "type": "view", "string": "从开始推广到现在，你在平台推广得到的收入，有可能会减少，因为存在退货订单", "attribute": {"class": ["item-text"]}, "referenceVariable": [], "referenceFunction": [], "style": [], "inheritClass": null, "wxss": [], "page": null, "path": "D:\\WORK\\2021\\MPDF\\baseline\\ui\\多多超人\\index.wxml", "child": [], "parent": 10, "matchString": [{"type": "self", "string": "从开始推广到现在，你在平台推广得到的收入，有可能会减少，因为存在退货订单"}]}, {"id": 12, "type": "view", "string": null, "attribute": {"catch:touchmove": "cantMove", "class": ["dialog-shadow"], "hidden": "{{!phoneDialog}}", "style": "opacity:{{opacity}};"}, "referenceVariable": ["!phoneDialog", "opacity"], "referenceFunction": [], "style": [], "inheritClass": null, "wxss": [], "page": null, "path": "D:\\WORK\\2021\\MPDF\\baseline\\ui\\多多超人\\index.wxml", "child": [13], "parent": 1, "matchString": [{"type": "attr", "string": "{{!phoneDialog}}"}, {"type": "relation", "string": "1、绑定手机号码后，可以第一时间接收多多超人的官方通知、奖励活动、优惠信息等。"}, {"type": "relation", "string": "2、不绑定手机号码，仍然可以正常使用多多超人，如果不需要通知请忽略绑定。"}]}, {"id": 13, "type": "view", "string": null, "attribute": {"class": ["phone-dialog"], "style": "opacity:{{opacity}};top:{{top}};left: 50%;"}, "referenceVariable": ["opacity", "top"], "referenceFunction": [], "style": [], "inheritClass": null, "wxss": [], "page": null, "path": "D:\\WORK\\2021\\MPDF\\baseline\\ui\\多多超人\\index.wxml", "child": [14, 17], "parent": 12, "matchString": [{"type": "relation", "string": "1、绑定手机号码后，可以第一时间接收多多超人的官方通知、奖励活动、优惠信息等。"}, {"type": "relation", "string": "2、不绑定手机号码，仍然可以正常使用多多超人，如果不需要通知请忽略绑定。"}]}, {"id": 14, "type": "view", "string": null, "attribute": {"class": ["dialog-header"]}, "referenceVariable": [], "referenceFunction": [], "style": [], "inheritClass": null, "wxss": [], "page": null, "path": "D:\\WORK\\2021\\MPDF\\baseline\\ui\\多多超人\\index.wxml", "child": [15], "parent": 13, "matchString": []}, {"id": 15, "type": "view", "string": null, "attribute": {"catch:tap": "changePhoneDialog", "class": ["close-btn"]}, "referenceVariable": [], "referenceFunction": [], "style": [], "inheritClass": null, "wxss": [], "page": null, "path": "D:\\WORK\\2021\\MPDF\\baseline\\ui\\多多超人\\index.wxml", "child": [16], "parent": 14, "matchString": []}, {"id": 16, "type": "i", "string": null, "attribute": {"class": ["iconfont", "icon-guanbi"]}, "referenceVariable": [], "referenceFunction": [], "style": [], "inheritClass": null, "wxss": [], "page": null, "path": "D:\\WORK\\2021\\MPDF\\baseline\\ui\\多多超人\\index.wxml", "child": [], "parent": 15, "matchString": []}, {"id": 17, "type": "view", "string": null, "attribute": {"class": ["dialog-body"]}, "referenceVariable": [], "referenceFunction": [], "style": [], "inheritClass": null, "wxss": [], "page": null, "path": "D:\\WORK\\2021\\MPDF\\baseline\\ui\\多多超人\\index.wxml", "child": [18, 19], "parent": 13, "matchString": [{"type": "relation", "string": "1、绑定手机号码后，可以第一时间接收多多超人的官方通知、奖励活动、优惠信息等。"}, {"type": "relation", "string": "2、不绑定手机号码，仍然可以正常使用多多超人，如果不需要通知请忽略绑定。"}]}, {"id": 18, "type": "view", "string": "1、绑定手机号码后，可以第一时间接收多多超人的官方通知、奖励活动、优惠信息等。", "attribute": {"class": ["item-text"]}, "referenceVariable": [], "referenceFunction": [], "style": [], "inheritClass": null, "wxss": [], "page": null, "path": "D:\\WORK\\2021\\MPDF\\baseline\\ui\\多多超人\\index.wxml", "child": [], "parent": 17, "matchString": [{"type": "self", "string": "1、绑定手机号码后，可以第一时间接收多多超人的官方通知、奖励活动、优惠信息等。"}]}, {"id": 19, "type": "view", "string": "2、不绑定手机号码，仍然可以正常使用多多超人，如果不需要通知请忽略绑定。", "attribute": {"class": ["item-text"]}, "referenceVariable": [], "referenceFunction": [], "style": [], "inheritClass": null, "wxss": [], "page": null, "path": "D:\\WORK\\2021\\MPDF\\baseline\\ui\\多多超人\\index.wxml", "child": [], "parent": 17, "matchString": [{"type": "self", "string": "2、不绑定手机号码，仍然可以正常使用多多超人，如果不需要通知请忽略绑定。"}]}, {"id": 20, "type": "view", "string": null, "attribute": {"catch:touchmove": "cantMove", "class": ["dialog-shadow"], "hidden": "{{!weappDialog}}", "style": "opacity:{{opacity}};"}, "referenceVariable": ["!weappDialog", "opacity"], "referenceFunction": [], "style": [], "inheritClass": null, "wxss": [], "page": null, "path": "D:\\WORK\\2021\\MPDF\\baseline\\ui\\多多超人\\index.wxml", "child": [21], "parent": 1, "matchString": [{"type": "attr", "string": "{{!weappDialog}}"}, {"type": "relation", "string": "手机号码绑定成功"}, {"type": "relation", "string": "手机号码已绑定"}, {"type": "relation", "string": "为方便您的老师或粉丝联系您，请设置您的微信号："}, {"type": "relation", "string": "在此填入您的微信号"}, {"type": "relation", "string": "暂不设置"}, {"type": "relation", "string": "确定"}, {"type": "relation", "string": "绑定手机号码后，可以第一时间接收多多超人的官方通知、奖励活动、优惠信息等。"}]}, {"id": 21, "type": "view", "string": null, "attribute": {"class": ["weapp-dialog"], "style": "opacity:{{opacity}};top:{{top}};left: 50%;"}, "referenceVariable": ["opacity", "top"], "referenceFunction": [], "style": [], "inheritClass": null, "wxss": [], "page": null, "path": "D:\\WORK\\2021\\MPDF\\baseline\\ui\\多多超人\\index.wxml", "child": [22, 35], "parent": 20, "matchString": [{"type": "relation", "string": "手机号码绑定成功"}, {"type": "relation", "string": "手机号码已绑定"}, {"type": "relation", "string": "为方便您的老师或粉丝联系您，请设置您的微信号："}, {"type": "relation", "string": "在此填入您的微信号"}, {"type": "relation", "string": "暂不设置"}, {"type": "relation", "string": "确定"}, {"type": "relation", "string": "绑定手机号码后，可以第一时间接收多多超人的官方通知、奖励活动、优惠信息等。"}]}, {"id": 22, "type": "block", "string": null, "attribute": {"wx:if": "{{weappType==0||weappType==1}}"}, "referenceVariable": ["weappType==0||weappType==1"], "referenceFunction": [], "style": [], "inheritClass": null, "wxss": [], "page": null, "path": "D:\\WORK\\2021\\MPDF\\baseline\\ui\\多多超人\\index.wxml", "child": [23, 26, 30], "parent": 21, "matchString": [{"type": "relation", "string": "手机号码绑定成功"}, {"type": "relation", "string": "手机号码已绑定"}, {"type": "relation", "string": "为方便您的老师或粉丝联系您，请设置您的微信号："}, {"type": "relation", "string": "在此填入您的微信号"}, {"type": "relation", "string": "暂不设置"}, {"type": "relation", "string": "确定"}]}, {"id": 23, "type": "view", "string": null, "attribute": {"class": ["dialog-header"]}, "referenceVariable": [], "referenceFunction": [], "style": [], "inheritClass": null, "wxss": [], "page": null, "path": "D:\\WORK\\2021\\MPDF\\baseline\\ui\\多多超人\\index.wxml", "child": [24, 25], "parent": 22, "matchString": [{"type": "relation", "string": "手机号码绑定成功"}, {"type": "relation", "string": "手机号码已绑定"}]}, {"id": 24, "type": "view", "string": "手机号码绑定成功", "attribute": {"class": ["header-text"], "wx:if": "{{weappType==0}}"}, "referenceVariable": ["weappType==0"], "referenceFunction": [], "style": [], "inheritClass": null, "wxss": [], "page": null, "path": "D:\\WORK\\2021\\MPDF\\baseline\\ui\\多多超人\\index.wxml", "child": [], "parent": 23, "matchString": [{"type": "self", "string": "手机号码绑定成功"}]}, {"id": 25, "type": "view", "string": "手机号码已绑定", "attribute": {"class": ["header-text"], "wx:if": "{{weappType==1}}"}, "referenceVariable": ["weappType==1"], "referenceFunction": [], "style": [], "inheritClass": null, "wxss": [], "page": null, "path": "D:\\WORK\\2021\\MPDF\\baseline\\ui\\多多超人\\index.wxml", "child": [], "parent": 23, "matchString": [{"type": "self", "string": "手机号码已绑定"}]}, {"id": 26, "type": "view", "string": null, "attribute": {"class": ["dialog-body"]}, "referenceVariable": [], "referenceFunction": [], "style": [], "inheritClass": null, "wxss": [], "page": null, "path": "D:\\WORK\\2021\\MPDF\\baseline\\ui\\多多超人\\index.wxml", "child": [27, 28], "parent": 22, "matchString": [{"type": "relation", "string": "为方便您的老师或粉丝联系您，请设置您的微信号："}, {"type": "relation", "string": "在此填入您的微信号"}]}, {"id": 27, "type": "view", "string": "为方便您的老师或粉丝联系您，请设置您的微信号：", "attribute": {"class": ["input-text"]}, "referenceVariable": [], "referenceFunction": [], "style": [], "inheritClass": null, "wxss": [], "page": null, "path": "D:\\WORK\\2021\\MPDF\\baseline\\ui\\多多超人\\index.wxml", "child": [], "parent": 26, "matchString": [{"type": "self", "string": "为方便您的老师或粉丝联系您，请设置您的微信号："}]}, {"id": 28, "type": "view", "string": null, "attribute": {"class": ["input-box"]}, "referenceVariable": [], "referenceFunction": [], "style": [], "inheritClass": null, "wxss": [], "page": null, "path": "D:\\WORK\\2021\\MPDF\\baseline\\ui\\多多超人\\index.wxml", "child": [29], "parent": 26, "matchString": [{"type": "relation", "string": "在此填入您的微信号"}]}, {"id": 29, "type": "input", "string": null, "attribute": {"bindinput": "checkSet", "class": ["input-item"], "placeholder": "在此填入您的微信号", "type": "text", "value": "{{setViewInput}}"}, "referenceVariable": ["setViewInput"], "referenceFunction": ["checkSet"], "style": [], "inheritClass": null, "wxss": [], "page": null, "path": "D:\\WORK\\2021\\MPDF\\baseline\\ui\\多多超人\\index.wxml", "child": [], "parent": 28, "matchString": [{"type": "attr", "string": "在此填入您的微信号"}]}, {"id": 30, "type": "view", "string": null, "attribute": {"class": ["dialog-footer"]}, "referenceVariable": [], "referenceFunction": [], "style": [], "inheritClass": null, "wxss": [], "page": null, "path": "D:\\WORK\\2021\\MPDF\\baseline\\ui\\多多超人\\index.wxml", "child": [31], "parent": 22, "matchString": [{"type": "relation", "string": "暂不设置"}, {"type": "relation", "string": "确定"}]}, {"id": 31, "type": "view", "string": null, "attribute": {"class": ["operate-box"]}, "referenceVariable": [], "referenceFunction": [], "style": [], "inheritClass": null, "wxss": [], "page": null, "path": "D:\\WORK\\2021\\MPDF\\baseline\\ui\\多多超人\\index.wxml", "child": [32, 33, 34], "parent": 30, "matchString": [{"type": "relation", "string": "暂不设置"}, {"type": "relation", "string": "确定"}]}, {"id": 32, "type": "view", "string": "暂不设置", "attribute": {"catch:tap": "changeWeappDialog", "class": ["close-btn"]}, "referenceVariable": [], "referenceFunction": [], "style": [], "inheritClass": null, "wxss": [], "page": null, "path": "D:\\WORK\\2021\\MPDF\\baseline\\ui\\多多超人\\index.wxml", "child": [], "parent": 31, "matchString": [{"type": "self", "string": "暂不设置"}]}, {"id": 33, "type": "view", "string": null, "attribute": {"class": ["line"]}, "referenceVariable": [], "referenceFunction": [], "style": [], "inheritClass": null, "wxss": [], "page": null, "path": "D:\\WORK\\2021\\MPDF\\baseline\\ui\\多多超人\\index.wxml", "child": [], "parent": 31, "matchString": []}, {"id": 34, "type": "view", "string": "确定", "attribute": {"catch:tap": "setWechat", "class": ["set-btn"]}, "referenceVariable": [], "referenceFunction": [], "style": [], "inheritClass": null, "wxss": [], "page": null, "path": "D:\\WORK\\2021\\MPDF\\baseline\\ui\\多多超人\\index.wxml", "child": [], "parent": 31, "matchString": [{"type": "self", "string": "确定"}]}, {"id": 35, "type": "block", "string": null, "attribute": {"wx:if": "{{weappType==2}}"}, "referenceVariable": ["weappType==2"], "referenceFunction": [], "style": [], "inheritClass": null, "wxss": [], "page": null, "path": "D:\\WORK\\2021\\MPDF\\baseline\\ui\\多多超人\\index.wxml", "child": [36, 40], "parent": 21, "matchString": [{"type": "relation", "string": "手机号码已绑定"}, {"type": "relation", "string": "绑定手机号码后，可以第一时间接收多多超人的官方通知、奖励活动、优惠信息等。"}]}, {"id": 36, "type": "view", "string": null, "attribute": {"class": ["dialog-header"]}, "referenceVariable": [], "referenceFunction": [], "style": [], "inheritClass": null, "wxss": [], "page": null, "path": "D:\\WORK\\2021\\MPDF\\baseline\\ui\\多多超人\\index.wxml", "child": [37, 38], "parent": 35, "matchString": [{"type": "relation", "string": "手机号码已绑定"}]}, {"id": 37, "type": "view", "string": "手机号码已绑定", "attribute": {"class": ["header-text"]}, "referenceVariable": [], "referenceFunction": [], "style": [], "inheritClass": null, "wxss": [], "page": null, "path": "D:\\WORK\\2021\\MPDF\\baseline\\ui\\多多超人\\index.wxml", "child": [], "parent": 36, "matchString": [{"type": "self", "string": "手机号码已绑定"}]}, {"id": 38, "type": "view", "string": null, "attribute": {"catch:tap": "changeWeappDialog", "class": ["close-btn"]}, "referenceVariable": [], "referenceFunction": [], "style": [], "inheritClass": null, "wxss": [], "page": null, "path": "D:\\WORK\\2021\\MPDF\\baseline\\ui\\多多超人\\index.wxml", "child": [39], "parent": 36, "matchString": []}, {"id": 39, "type": "i", "string": null, "attribute": {"class": ["iconfont", "icon-guanbi"]}, "referenceVariable": [], "referenceFunction": [], "style": [], "inheritClass": null, "wxss": [], "page": null, "path": "D:\\WORK\\2021\\MPDF\\baseline\\ui\\多多超人\\index.wxml", "child": [], "parent": 38, "matchString": []}, {"id": 40, "type": "view", "string": null, "attribute": {"class": ["dialog-body"]}, "referenceVariable": [], "referenceFunction": [], "style": [], "inheritClass": null, "wxss": [], "page": null, "path": "D:\\WORK\\2021\\MPDF\\baseline\\ui\\多多超人\\index.wxml", "child": [41], "parent": 35, "matchString": [{"type": "relation", "string": "绑定手机号码后，可以第一时间接收多多超人的官方通知、奖励活动、优惠信息等。"}]}, {"id": 41, "type": "view", "string": "绑定手机号码后，可以第一时间接收多多超人的官方通知、奖励活动、优惠信息等。", "attribute": {"class": ["item-text"]}, "referenceVariable": [], "referenceFunction": [], "style": [], "inheritClass": null, "wxss": [], "page": null, "path": "D:\\WORK\\2021\\MPDF\\baseline\\ui\\多多超人\\index.wxml", "child": [], "parent": 40, "matchString": [{"type": "self", "string": "绑定手机号码后，可以第一时间接收多多超人的官方通知、奖励活动、优惠信息等。"}]}, {"id": 42, "type": "view", "string": null, "attribute": {"class": ["{{userInfo.grade>1?'me-message':userInfo.grade>0?'me-message-one':'me-message-zero'}}"]}, "referenceVariable": ["userInfo.grade>1?'me-message':userInfo.grade>0?'me-message-one':'me-message-zero'"], "referenceFunction": [], "style": [], "inheritClass": null, "wxss": [], "page": null, "path": "D:\\WORK\\2021\\MPDF\\baseline\\ui\\多多超人\\index.wxml", "child": [43, 57, 60, 63, 66, 69], "parent": 1, "matchString": [{"type": "relation", "string": "{{finish}}"}, {"type": "relation", "string": "{{userInfo.nickname}}"}, {"type": "relation", "string": "VIP会员"}, {"type": "relation", "string": "团长"}, {"type": "relation", "string": "分公司"}, {"type": "relation", "string": "ID：{{userInfo.uid}}"}, {"type": "relation", "string": "复制"}, {"type": "relation", "string": "{{userInfo.uid}}"}, {"type": "relation", "string": "点击授权登录"}, {"type": "relation", "string": "getPhoneNumber"}, {"type": "relation", "string": "已绑定"}, {"type": "relation", "string": "{{true}}"}, {"type": "relation", "string": "立即加入"}, {"type": "relation", "string": "立即升级"}, {"type": "relation", "string": "累计预估收入："}, {"type": "relation", "string": "{{profit_all}}"}, {"type": "relation", "string": "元"}, {"type": "relation", "string": "提现"}, {"type": "relation", "string": "1"}, {"type": "relation", "string": "{{profit_today}}"}, {"type": "relation", "string": "今日收益"}, {"type": "relation", "string": "2"}, {"type": "relation", "string": "{{profit_yesterday}}"}, {"type": "relation", "string": "昨日收益"}, {"type": "relation", "string": "3"}, {"type": "relation", "string": "{{profit_this_month}}"}, {"type": "relation", "string": "本月收益"}, {"type": "relation", "string": "4"}, {"type": "relation", "string": "{{profit_last_month}}"}, {"type": "relation", "string": "上月收益"}]}, {"id": 43, "type": "view", "string": null, "attribute": {"class": ["message-left"]}, "referenceVariable": [], "referenceFunction": [], "style": [], "inheritClass": null, "wxss": [], "page": null, "path": "D:\\WORK\\2021\\MPDF\\baseline\\ui\\多多超人\\index.wxml", "child": [44, 47, 53, 56], "parent": 42, "matchString": [{"type": "relation", "string": "{{finish}}"}, {"type": "relation", "string": "{{userInfo.nickname}}"}, {"type": "relation", "string": "VIP会员"}, {"type": "relation", "string": "团长"}, {"type": "relation", "string": "分公司"}, {"type": "relation", "string": "ID：{{userInfo.uid}}"}, {"type": "relation", "string": "复制"}, {"type": "relation", "string": "{{userInfo.uid}}"}, {"type": "relation", "string": "点击授权登录"}]}, {"id": 44, "type": "view", "string": null, "attribute": {"catch:tap": "moreTap", "class": ["message-image"]}, "referenceVariable": [], "referenceFunction": [], "style": [], "inheritClass": null, "wxss": [], "page": null, "path": "D:\\WORK\\2021\\MPDF\\baseline\\ui\\多多超人\\index.wxml", "child": [45, 46], "parent": 43, "matchString": [{"type": "relation", "string": "{{finish}}"}]}, {"id": 45, "type": "image", "string": null, "attribute": {"class": ["after-load"], "hidden": "{{finish}}", "src": "/images/icons/image-load-m.png"}, "referenceVariable": ["finish"], "referenceFunction": [], "style": [], "inheritClass": null, "wxss": [], "page": null, "path": "D:\\WORK\\2021\\MPDF\\baseline\\ui\\多多超人\\index.wxml", "child": [], "parent": 44, "matchString": [{"type": "attr", "string": "{{finish}}"}]}, {"id": 46, "type": "image", "string": null, "attribute": {"bind:load": "finishLoad", "class": ["{{finish?'after-load':'before-load'}}"], "src": "{{userInfo.avatarurl}}"}, "referenceVariable": ["finish?'after-load':'before-load'", "userInfo.avatarurl"], "referenceFunction": ["finishLoad"], "style": [], "inheritClass": null, "wxss": [], "page": null, "path": "D:\\WORK\\2021\\MPDF\\baseline\\ui\\多多超人\\index.wxml", "child": [], "parent": 44, "matchString": []}, {"id": 47, "type": "view", "string": null, "attribute": {"class": ["message-name"], "wx:if": "{{userInfo.ukey}}"}, "referenceVariable": ["userInfo.ukey"], "referenceFunction": [], "style": [], "inheritClass": null, "wxss": [], "page": null, "path": "D:\\WORK\\2021\\MPDF\\baseline\\ui\\多多超人\\index.wxml", "child": [48, 49], "parent": 43, "matchString": [{"type": "relation", "string": "{{userInfo.nickname}}"}, {"type": "relation", "string": "VIP会员"}, {"type": "relation", "string": "团长"}, {"type": "relation", "string": "分公司"}]}, {"id": 48, "type": "view", "string": "{{userInfo.nickname}}", "attribute": {"class": ["name-text", "textoh"]}, "referenceVariable": [], "referenceFunction": [], "style": [], "inheritClass": null, "wxss": [], "page": null, "path": "D:\\WORK\\2021\\MPDF\\baseline\\ui\\多多超人\\index.wxml", "child": [], "parent": 47, "matchString": [{"type": "self", "string": "{{userInfo.nickname}}"}]}, {"id": 49, "type": "view", "string": null, "attribute": {"class": ["message-agent"], "wx:if": "{{userInfo.grade>0}}"}, "referenceVariable": ["userInfo.grade>0"], "referenceFunction": [], "style": [], "inheritClass": null, "wxss": [], "page": null, "path": "D:\\WORK\\2021\\MPDF\\baseline\\ui\\多多超人\\index.wxml", "child": [50, 51, 52], "parent": 47, "matchString": [{"type": "relation", "string": "VIP会员"}, {"type": "relation", "string": "团长"}, {"type": "relation", "string": "分公司"}]}, {"id": 50, "type": "view", "string": "VIP会员", "attribute": {"class": ["agent-text"], "wx:if": "{{userInfo.grade==1}}"}, "referenceVariable": ["userInfo.grade==1"], "referenceFunction": [], "style": [], "inheritClass": null, "wxss": [], "page": null, "path": "D:\\WORK\\2021\\MPDF\\baseline\\ui\\多多超人\\index.wxml", "child": [], "parent": 49, "matchString": [{"type": "self", "string": "VIP会员"}]}, {"id": 51, "type": "view", "string": "团长", "attribute": {"class": ["agent-text"], "wx:if": "{{userInfo.grade==2}}"}, "referenceVariable": ["userInfo.grade==2"], "referenceFunction": [], "style": [], "inheritClass": null, "wxss": [], "page": null, "path": "D:\\WORK\\2021\\MPDF\\baseline\\ui\\多多超人\\index.wxml", "child": [], "parent": 49, "matchString": [{"type": "self", "string": "团长"}]}, {"id": 52, "type": "view", "string": "分公司", "attribute": {"class": ["agent-text"], "wx:if": "{{userInfo.grade==3}}"}, "referenceVariable": ["userInfo.grade==3"], "referenceFunction": [], "style": [], "inheritClass": null, "wxss": [], "page": null, "path": "D:\\WORK\\2021\\MPDF\\baseline\\ui\\多多超人\\index.wxml", "child": [], "parent": 49, "matchString": [{"type": "self", "string": "分公司"}]}, {"id": 53, "type": "view", "string": null, "attribute": {"class": ["id-copy"], "wx:if": "{{userInfo.ukey&&userInfo.uid}}"}, "referenceVariable": ["userInfo.ukey&&userInfo.uid"], "referenceFunction": [], "style": [], "inheritClass": null, "wxss": [], "page": null, "path": "D:\\WORK\\2021\\MPDF\\baseline\\ui\\多多超人\\index.wxml", "child": [54, 55], "parent": 43, "matchString": [{"type": "relation", "string": "ID：{{userInfo.uid}}"}, {"type": "relation", "string": "复制"}, {"type": "relation", "string": "{{userInfo.uid}}"}]}, {"id": 54, "type": "view", "string": "ID：{{userInfo.uid}}", "attribute": {"class": ["message-id"]}, "referenceVariable": [], "referenceFunction": [], "style": [], "inheritClass": null, "wxss": [], "page": null, "path": "D:\\WORK\\2021\\MPDF\\baseline\\ui\\多多超人\\index.wxml", "child": [], "parent": 53, "matchString": [{"type": "self", "string": "ID：{{userInfo.uid}}"}]}, {"id": 55, "type": "view", "string": "复制", "attribute": {"catch:tap": "copyID", "class": ["message-copy"], "data-text": "{{userInfo.uid}}"}, "referenceVariable": ["userInfo.uid"], "referenceFunction": [], "style": [], "inheritClass": null, "wxss": [], "page": null, "path": "D:\\WORK\\2021\\MPDF\\baseline\\ui\\多多超人\\index.wxml", "child": [], "parent": 53, "matchString": [{"type": "self", "string": "复制"}, {"type": "attr", "string": "{{userInfo.uid}}"}]}, {"id": 56, "type": "view", "string": "点击授权登录", "attribute": {"catch:tap": "goLogin", "class": ["message-login"], "wx:if": "{{!userInfo.ukey}}"}, "referenceVariable": ["!userInfo.ukey"], "referenceFunction": [], "style": [], "inheritClass": null, "wxss": [], "page": null, "path": "D:\\WORK\\2021\\MPDF\\baseline\\ui\\多多超人\\index.wxml", "child": [], "parent": 43, "matchString": [{"type": "self", "string": "点击授权登录"}]}, {"id": 57, "type": "button", "string": null, "attribute": {"bindgetphonenumber": "getPhoneNumber", "class": ["me-phone-no"], "opentype": "getPhoneNumber", "wx:if": "{{userInfo.ukey&&!userInfo.phone}}"}, "referenceVariable": ["userInfo.ukey&&!userInfo.phone"], "referenceFunction": ["getPhoneNumber"], "style": [], "inheritClass": null, "wxss": [], "page": null, "path": "D:\\WORK\\2021\\MPDF\\baseline\\ui\\多多超人\\index.wxml", "child": [58], "parent": 42, "matchString": [{"type": "attr", "string": "getPhoneNumber"}]}, {"id": 58, "type": "view", "string": null, "attribute": {"catch:tap": "changePhoneDialog", "class": ["que-icon"]}, "referenceVariable": [], "referenceFunction": [], "style": [], "inheritClass": null, "wxss": [], "page": null, "path": "D:\\WORK\\2021\\MPDF\\baseline\\ui\\多多超人\\index.wxml", "child": [59], "parent": 57, "matchString": []}, {"id": 59, "type": "i", "string": null, "attribute": {"class": ["iconfont", "icon-wenhao1"]}, "referenceVariable": [], "referenceFunction": [], "style": [], "inheritClass": null, "wxss": [], "page": null, "path": "D:\\WORK\\2021\\MPDF\\baseline\\ui\\多多超人\\index.wxml", "child": [], "parent": 58, "matchString": []}, {"id": 60, "type": "view", "string": null, "attribute": {"catch:tap": "changeWeappDialog", "class": ["me-phone"], "wx:if": "{{userInfo.ukey&&userInfo.phone}}"}, "referenceVariable": ["userInfo.ukey&&userInfo.phone"], "referenceFunction": [], "style": [], "inheritClass": null, "wxss": [], "page": null, "path": "D:\\WORK\\2021\\MPDF\\baseline\\ui\\多多超人\\index.wxml", "child": [61, 62], "parent": 42, "matchString": [{"type": "relation", "string": "已绑定"}]}, {"id": 61, "type": "i", "string": null, "attribute": {"class": ["no-icon", "iconfont", "icon-shoujibangdingpx"]}, "referenceVariable": [], "referenceFunction": [], "style": [], "inheritClass": null, "wxss": [], "page": null, "path": "D:\\WORK\\2021\\MPDF\\baseline\\ui\\多多超人\\index.wxml", "child": [], "parent": 60, "matchString": []}, {"id": 62, "type": "view", "string": "已绑定", "attribute": {"class": ["no-text"]}, "referenceVariable": [], "referenceFunction": [], "style": [], "inheritClass": null, "wxss": [], "page": null, "path": "D:\\WORK\\2021\\MPDF\\baseline\\ui\\多多超人\\index.wxml", "child": [], "parent": 60, "matchString": [{"type": "self", "string": "已绑定"}]}, {"id": 63, "type": "view", "string": null, "attribute": {"catch:tap": "goBeinvite", "class": ["me-invite"], "wx:if": "{{userInfo.grade==0&&userInfo.p_id&&userInfo.p_id!=0&&userInfo.from_uid&&userInfo.from_uid!=1}}"}, "referenceVariable": ["userInfo.grade==0&&userInfo.p_id&&userInfo.p_id!=0&&userInfo.from_uid&&userInfo.from_uid!=1"], "referenceFunction": [], "style": [], "inheritClass": null, "wxss": [], "page": null, "path": "D:\\WORK\\2021\\MPDF\\baseline\\ui\\多多超人\\index.wxml", "child": [64, 65], "parent": 42, "matchString": [{"type": "relation", "string": "{{true}}"}, {"type": "relation", "string": "立即加入"}]}, {"id": 64, "type": "image", "string": null, "attribute": {"class": ["invite-img"], "lazyload": "{{true}}", "src": "/images/me/me-invite.png"}, "referenceVariable": ["true"], "referenceFunction": [], "style": [], "inheritClass": null, "wxss": [], "page": null, "path": "D:\\WORK\\2021\\MPDF\\baseline\\ui\\多多超人\\index.wxml", "child": [], "parent": 63, "matchString": [{"type": "attr", "string": "{{true}}"}]}, {"id": 65, "type": "view", "string": "立即加入", "attribute": {"class": ["invite-btn"]}, "referenceVariable": [], "referenceFunction": [], "style": [], "inheritClass": null, "wxss": [], "page": null, "path": "D:\\WORK\\2021\\MPDF\\baseline\\ui\\多多超人\\index.wxml", "child": [], "parent": 63, "matchString": [{"type": "self", "string": "立即加入"}]}, {"id": 66, "type": "view", "string": null, "attribute": {"catch:tap": "goUpdate", "class": ["me-update"], "wx:if": "{{userInfo.grade==1}}"}, "referenceVariable": ["userInfo.grade==1"], "referenceFunction": [], "style": [], "inheritClass": null, "wxss": [], "page": null, "path": "D:\\WORK\\2021\\MPDF\\baseline\\ui\\多多超人\\index.wxml", "child": [67, 68], "parent": 42, "matchString": [{"type": "relation", "string": "{{true}}"}, {"type": "relation", "string": "立即升级"}]}, {"id": 67, "type": "image", "string": null, "attribute": {"class": ["update-img"], "lazyload": "{{true}}", "src": "/images/me/me-update.png"}, "referenceVariable": ["true"], "referenceFunction": [], "style": [], "inheritClass": null, "wxss": [], "page": null, "path": "D:\\WORK\\2021\\MPDF\\baseline\\ui\\多多超人\\index.wxml", "child": [], "parent": 66, "matchString": [{"type": "attr", "string": "{{true}}"}]}, {"id": 68, "type": "view", "string": "立即升级", "attribute": {"class": ["update-btn"]}, "referenceVariable": [], "referenceFunction": [], "style": [], "inheritClass": null, "wxss": [], "page": null, "path": "D:\\WORK\\2021\\MPDF\\baseline\\ui\\多多超人\\index.wxml", "child": [], "parent": 66, "matchString": [{"type": "self", "string": "立即升级"}]}, {"id": 69, "type": "view", "string": null, "attribute": {"class": ["me-income"], "wx:if": "{{userInfo.grade>0}}"}, "referenceVariable": ["userInfo.grade>0"], "referenceFunction": [], "style": [], "inheritClass": null, "wxss": [], "page": null, "path": "D:\\WORK\\2021\\MPDF\\baseline\\ui\\多多超人\\index.wxml", "child": [70, 78], "parent": 42, "matchString": [{"type": "relation", "string": "累计预估收入："}, {"type": "relation", "string": "{{profit_all}}"}, {"type": "relation", "string": "元"}, {"type": "relation", "string": "提现"}, {"type": "relation", "string": "1"}, {"type": "relation", "string": "{{profit_today}}"}, {"type": "relation", "string": "今日收益"}, {"type": "relation", "string": "2"}, {"type": "relation", "string": "{{profit_yesterday}}"}, {"type": "relation", "string": "昨日收益"}, {"type": "relation", "string": "3"}, {"type": "relation", "string": "{{profit_this_month}}"}, {"type": "relation", "string": "本月收益"}, {"type": "relation", "string": "4"}, {"type": "relation", "string": "{{profit_last_month}}"}, {"type": "relation", "string": "上月收益"}]}, {"id": 70, "type": "view", "string": null, "attribute": {"class": ["income-forecast"]}, "referenceVariable": [], "referenceFunction": [], "style": [], "inheritClass": null, "wxss": [], "page": null, "path": "D:\\WORK\\2021\\MPDF\\baseline\\ui\\多多超人\\index.wxml", "child": [71, 77], "parent": 69, "matchString": [{"type": "relation", "string": "累计预估收入："}, {"type": "relation", "string": "{{profit_all}}"}, {"type": "relation", "string": "元"}, {"type": "relation", "string": "提现"}]}, {"id": 71, "type": "view", "string": null, "attribute": {"class": ["income-money"]}, "referenceVariable": [], "referenceFunction": [], "style": [], "inheritClass": null, "wxss": [], "page": null, "path": "D:\\WORK\\2021\\MPDF\\baseline\\ui\\多多超人\\index.wxml", "child": [72, 73, 74, 75], "parent": 70, "matchString": [{"type": "relation", "string": "累计预估收入："}, {"type": "relation", "string": "{{profit_all}}"}, {"type": "relation", "string": "元"}]}, {"id": 72, "type": "view", "string": "累计预估收入：", "attribute": {"class": ["money-text"]}, "referenceVariable": [], "referenceFunction": [], "style": [], "inheritClass": null, "wxss": [], "page": null, "path": "D:\\WORK\\2021\\MPDF\\baseline\\ui\\多多超人\\index.wxml", "child": [], "parent": 71, "matchString": [{"type": "self", "string": "累计预估收入："}]}, {"id": 73, "type": "view", "string": "{{profit_all}}", "attribute": {"class": ["money-num"]}, "referenceVariable": [], "referenceFunction": [], "style": [], "inheritClass": null, "wxss": [], "page": null, "path": "D:\\WORK\\2021\\MPDF\\baseline\\ui\\多多超人\\index.wxml", "child": [], "parent": 71, "matchString": [{"type": "self", "string": "{{profit_all}}"}]}, {"id": 74, "type": "view", "string": "元", "attribute": {"class": ["money-text"]}, "referenceVariable": [], "referenceFunction": [], "style": [], "inheritClass": null, "wxss": [], "page": null, "path": "D:\\WORK\\2021\\MPDF\\baseline\\ui\\多多超人\\index.wxml", "child": [], "parent": 71, "matchString": [{"type": "self", "string": "元"}]}, {"id": 75, "type": "view", "string": null, "attribute": {"catch:tap": "changeIncomeDialog", "class": ["money-que"]}, "referenceVariable": [], "referenceFunction": [], "style": [], "inheritClass": null, "wxss": [], "page": null, "path": "D:\\WORK\\2021\\MPDF\\baseline\\ui\\多多超人\\index.wxml", "child": [76], "parent": 71, "matchString": []}, {"id": 76, "type": "i", "string": null, "attribute": {"class": ["iconfont", "icon-wenhao1"]}, "referenceVariable": [], "referenceFunction": [], "style": [], "inheritClass": null, "wxss": [], "page": null, "path": "D:\\WORK\\2021\\MPDF\\baseline\\ui\\多多超人\\index.wxml", "child": [], "parent": 75, "matchString": []}, {"id": 77, "type": "view", "string": "提现", "attribute": {"catch:tap": "goCash", "class": ["draw-money"]}, "referenceVariable": [], "referenceFunction": [], "style": [], "inheritClass": null, "wxss": [], "page": null, "path": "D:\\WORK\\2021\\MPDF\\baseline\\ui\\多多超人\\index.wxml", "child": [], "parent": 70, "matchString": [{"type": "self", "string": "提现"}]}, {"id": 78, "type": "view", "string": null, "attribute": {"class": ["detailed-income"]}, "referenceVariable": [], "referenceFunction": [], "style": [], "inheritClass": null, "wxss": [], "page": null, "path": "D:\\WORK\\2021\\MPDF\\baseline\\ui\\多多超人\\index.wxml", "child": [79, 82, 85, 88], "parent": 69, "matchString": [{"type": "relation", "string": "1"}, {"type": "relation", "string": "{{profit_today}}"}, {"type": "relation", "string": "今日收益"}, {"type": "relation", "string": "2"}, {"type": "relation", "string": "{{profit_yesterday}}"}, {"type": "relation", "string": "昨日收益"}, {"type": "relation", "string": "3"}, {"type": "relation", "string": "{{profit_this_month}}"}, {"type": "relation", "string": "本月收益"}, {"type": "relation", "string": "4"}, {"type": "relation", "string": "{{profit_last_month}}"}, {"type": "relation", "string": "上月收益"}]}, {"id": 79, "type": "view", "string": null, "attribute": {"catch:tap": "goOrderCP", "class": ["detailed-item"], "id": "1"}, "referenceVariable": [], "referenceFunction": [], "style": [], "inheritClass": null, "wxss": [], "page": null, "path": "D:\\WORK\\2021\\MPDF\\baseline\\ui\\多多超人\\index.wxml", "child": [80, 81], "parent": 78, "matchString": [{"type": "attr", "string": "1"}, {"type": "relation", "string": "{{profit_today}}"}, {"type": "relation", "string": "今日收益"}]}, {"id": 80, "type": "view", "string": "{{profit_today}}", "attribute": {"class": ["item-num"]}, "referenceVariable": [], "referenceFunction": [], "style": [], "inheritClass": null, "wxss": [], "page": null, "path": "D:\\WORK\\2021\\MPDF\\baseline\\ui\\多多超人\\index.wxml", "child": [], "parent": 79, "matchString": [{"type": "self", "string": "{{profit_today}}"}]}, {"id": 81, "type": "view", "string": "今日收益", "attribute": {"class": ["item-text"]}, "referenceVariable": [], "referenceFunction": [], "style": [], "inheritClass": null, "wxss": [], "page": null, "path": "D:\\WORK\\2021\\MPDF\\baseline\\ui\\多多超人\\index.wxml", "child": [], "parent": 79, "matchString": [{"type": "self", "string": "今日收益"}]}, {"id": 82, "type": "view", "string": null, "attribute": {"catch:tap": "goOrderCP", "class": ["detailed-item"], "id": "2"}, "referenceVariable": [], "referenceFunction": [], "style": [], "inheritClass": null, "wxss": [], "page": null, "path": "D:\\WORK\\2021\\MPDF\\baseline\\ui\\多多超人\\index.wxml", "child": [83, 84], "parent": 78, "matchString": [{"type": "attr", "string": "2"}, {"type": "relation", "string": "{{profit_yesterday}}"}, {"type": "relation", "string": "昨日收益"}]}, {"id": 83, "type": "view", "string": "{{profit_yesterday}}", "attribute": {"class": ["item-num"]}, "referenceVariable": [], "referenceFunction": [], "style": [], "inheritClass": null, "wxss": [], "page": null, "path": "D:\\WORK\\2021\\MPDF\\baseline\\ui\\多多超人\\index.wxml", "child": [], "parent": 82, "matchString": [{"type": "self", "string": "{{profit_yesterday}}"}]}, {"id": 84, "type": "view", "string": "昨日收益", "attribute": {"class": ["item-text"]}, "referenceVariable": [], "referenceFunction": [], "style": [], "inheritClass": null, "wxss": [], "page": null, "path": "D:\\WORK\\2021\\MPDF\\baseline\\ui\\多多超人\\index.wxml", "child": [], "parent": 82, "matchString": [{"type": "self", "string": "昨日收益"}]}, {"id": 85, "type": "view", "string": null, "attribute": {"catch:tap": "goOrderCP", "class": ["detailed-item"], "id": "3"}, "referenceVariable": [], "referenceFunction": [], "style": [], "inheritClass": null, "wxss": [], "page": null, "path": "D:\\WORK\\2021\\MPDF\\baseline\\ui\\多多超人\\index.wxml", "child": [86, 87], "parent": 78, "matchString": [{"type": "attr", "string": "3"}, {"type": "relation", "string": "{{profit_this_month}}"}, {"type": "relation", "string": "本月收益"}]}, {"id": 86, "type": "view", "string": "{{profit_this_month}}", "attribute": {"class": ["item-num"]}, "referenceVariable": [], "referenceFunction": [], "style": [], "inheritClass": null, "wxss": [], "page": null, "path": "D:\\WORK\\2021\\MPDF\\baseline\\ui\\多多超人\\index.wxml", "child": [], "parent": 85, "matchString": [{"type": "self", "string": "{{profit_this_month}}"}]}, {"id": 87, "type": "view", "string": "本月收益", "attribute": {"class": ["item-text"]}, "referenceVariable": [], "referenceFunction": [], "style": [], "inheritClass": null, "wxss": [], "page": null, "path": "D:\\WORK\\2021\\MPDF\\baseline\\ui\\多多超人\\index.wxml", "child": [], "parent": 85, "matchString": [{"type": "self", "string": "本月收益"}]}, {"id": 88, "type": "view", "string": null, "attribute": {"catch:tap": "goOrderCP", "class": ["detailed-item"], "id": "4"}, "referenceVariable": [], "referenceFunction": [], "style": [], "inheritClass": null, "wxss": [], "page": null, "path": "D:\\WORK\\2021\\MPDF\\baseline\\ui\\多多超人\\index.wxml", "child": [89, 90], "parent": 78, "matchString": [{"type": "attr", "string": "4"}, {"type": "relation", "string": "{{profit_last_month}}"}, {"type": "relation", "string": "上月收益"}]}, {"id": 89, "type": "view", "string": "{{profit_last_month}}", "attribute": {"class": ["item-num"]}, "referenceVariable": [], "referenceFunction": [], "style": [], "inheritClass": null, "wxss": [], "page": null, "path": "D:\\WORK\\2021\\MPDF\\baseline\\ui\\多多超人\\index.wxml", "child": [], "parent": 88, "matchString": [{"type": "self", "string": "{{profit_last_month}}"}]}, {"id": 90, "type": "view", "string": "上月收益", "attribute": {"class": ["item-text"]}, "referenceVariable": [], "referenceFunction": [], "style": [], "inheritClass": null, "wxss": [], "page": null, "path": "D:\\WORK\\2021\\MPDF\\baseline\\ui\\多多超人\\index.wxml", "child": [], "parent": 88, "matchString": [{"type": "self", "string": "上月收益"}]}, {"id": 91, "type": "view", "string": null, "attribute": {"class": ["me-nav"], "wx:if": "{{userInfo.grade>0}}"}, "referenceVariable": ["userInfo.grade>0"], "referenceFunction": [], "style": [], "inheritClass": null, "wxss": [], "page": null, "path": "D:\\WORK\\2021\\MPDF\\baseline\\ui\\多多超人\\index.wxml", "child": [92, 95, 98, 101], "parent": 1, "matchString": [{"type": "relation", "string": "我的收益"}, {"type": "relation", "string": "我的订单"}, {"type": "relation", "string": "我的粉丝"}, {"type": "relation", "string": "邀请粉丝"}]}, {"id": 92, "type": "view", "string": null, "attribute": {"catch:tap": "goEarning", "class": ["nav-item"]}, "referenceVariable": [], "referenceFunction": [], "style": [], "inheritClass": null, "wxss": [], "page": null, "path": "D:\\WORK\\2021\\MPDF\\baseline\\ui\\多多超人\\index.wxml", "child": [93, 94], "parent": 91, "matchString": [{"type": "relation", "string": "我的收益"}]}, {"id": 93, "type": "image", "string": null, "attribute": {"class": ["item-img"], "src": "/images/me/my-income.png"}, "referenceVariable": [], "referenceFunction": [], "style": [], "inheritClass": null, "wxss": [], "page": null, "path": "D:\\WORK\\2021\\MPDF\\baseline\\ui\\多多超人\\index.wxml", "child": [], "parent": 92, "matchString": []}, {"id": 94, "type": "view", "string": "我的收益", "attribute": {"class": ["item-text"]}, "referenceVariable": [], "referenceFunction": [], "style": [], "inheritClass": null, "wxss": [], "page": null, "path": "D:\\WORK\\2021\\MPDF\\baseline\\ui\\多多超人\\index.wxml", "child": [], "parent": 92, "matchString": [{"type": "self", "string": "我的收益"}]}, {"id": 95, "type": "view", "string": null, "attribute": {"catch:tap": "goOrder", "class": ["nav-item"]}, "referenceVariable": [], "referenceFunction": [], "style": [], "inheritClass": null, "wxss": [], "page": null, "path": "D:\\WORK\\2021\\MPDF\\baseline\\ui\\多多超人\\index.wxml", "child": [96, 97], "parent": 91, "matchString": [{"type": "relation", "string": "我的订单"}]}, {"id": 96, "type": "image", "string": null, "attribute": {"class": ["item-img"], "src": "/images/me/my-order.png"}, "referenceVariable": [], "referenceFunction": [], "style": [], "inheritClass": null, "wxss": [], "page": null, "path": "D:\\WORK\\2021\\MPDF\\baseline\\ui\\多多超人\\index.wxml", "child": [], "parent": 95, "matchString": []}, {"id": 97, "type": "view", "string": "我的订单", "attribute": {"class": ["item-text"]}, "referenceVariable": [], "referenceFunction": [], "style": [], "inheritClass": null, "wxss": [], "page": null, "path": "D:\\WORK\\2021\\MPDF\\baseline\\ui\\多多超人\\index.wxml", "child": [], "parent": 95, "matchString": [{"type": "self", "string": "我的订单"}]}, {"id": 98, "type": "view", "string": null, "attribute": {"catch:tap": "goMyfans", "class": ["nav-item"]}, "referenceVariable": [], "referenceFunction": [], "style": [], "inheritClass": null, "wxss": [], "page": null, "path": "D:\\WORK\\2021\\MPDF\\baseline\\ui\\多多超人\\index.wxml", "child": [99, 100], "parent": 91, "matchString": [{"type": "relation", "string": "我的粉丝"}]}, {"id": 99, "type": "image", "string": null, "attribute": {"class": ["item-img"], "src": "/images/me/my-fans.png"}, "referenceVariable": [], "referenceFunction": [], "style": [], "inheritClass": null, "wxss": [], "page": null, "path": "D:\\WORK\\2021\\MPDF\\baseline\\ui\\多多超人\\index.wxml", "child": [], "parent": 98, "matchString": []}, {"id": 100, "type": "view", "string": "我的粉丝", "attribute": {"class": ["item-text"]}, "referenceVariable": [], "referenceFunction": [], "style": [], "inheritClass": null, "wxss": [], "page": null, "path": "D:\\WORK\\2021\\MPDF\\baseline\\ui\\多多超人\\index.wxml", "child": [], "parent": 98, "matchString": [{"type": "self", "string": "我的粉丝"}]}, {"id": 101, "type": "view", "string": null, "attribute": {"catch:tap": "goInvite", "class": ["nav-item"]}, "referenceVariable": [], "referenceFunction": [], "style": [], "inheritClass": null, "wxss": [], "page": null, "path": "D:\\WORK\\2021\\MPDF\\baseline\\ui\\多多超人\\index.wxml", "child": [102, 103], "parent": 91, "matchString": [{"type": "relation", "string": "邀请粉丝"}]}, {"id": 102, "type": "image", "string": null, "attribute": {"class": ["item-img"], "src": "/images/me/Inviting-fans.png"}, "referenceVariable": [], "referenceFunction": [], "style": [], "inheritClass": null, "wxss": [], "page": null, "path": "D:\\WORK\\2021\\MPDF\\baseline\\ui\\多多超人\\index.wxml", "child": [], "parent": 101, "matchString": []}, {"id": 103, "type": "view", "string": "邀请粉丝", "attribute": {"class": ["item-text"]}, "referenceVariable": [], "referenceFunction": [], "style": [], "inheritClass": null, "wxss": [], "page": null, "path": "D:\\WORK\\2021\\MPDF\\baseline\\ui\\多多超人\\index.wxml", "child": [], "parent": 101, "matchString": [{"type": "self", "string": "邀请粉丝"}]}, {"id": 104, "type": "view", "string": null, "attribute": {"class": ["banner-swiper"], "wx:if": "{{banner&&userInfo.grade>0}}"}, "referenceVariable": ["banner&&userInfo.grade>0"], "referenceFunction": [], "style": [], "inheritClass": null, "wxss": [], "page": null, "path": "D:\\WORK\\2021\\MPDF\\baseline\\ui\\多多超人\\index.wxml", "child": [105], "parent": 1, "matchString": [{"type": "relation", "string": "{{true}}"}, {"type": "relation", "string": "{{500}}"}, {"type": "relation", "string": "#ffffff"}, {"type": "relation", "string": "{{5000}}"}, {"type": "relation", "string": "{{index}}"}, {"type": "relation", "string": "{{item}}"}, {"type": "relation", "string": "{{banner[0]}}"}]}, {"id": 105, "type": "view", "string": null, "attribute": {"class": ["me-banner"]}, "referenceVariable": [], "referenceFunction": [], "style": [], "inheritClass": null, "wxss": [], "page": null, "path": "D:\\WORK\\2021\\MPDF\\baseline\\ui\\多多超人\\index.wxml", "child": [106, 110], "parent": 104, "matchString": [{"type": "relation", "string": "{{true}}"}, {"type": "relation", "string": "{{500}}"}, {"type": "relation", "string": "#ffffff"}, {"type": "relation", "string": "{{5000}}"}, {"type": "relation", "string": "{{index}}"}, {"type": "relation", "string": "{{item}}"}, {"type": "relation", "string": "{{banner[0]}}"}]}, {"id": 106, "type": "swiper", "string": null, "attribute": {"autoplay": "{{true}}", "circular": "{{true}}", "duration": "{{500}}", "indicatoractivecolor": "#ffffff", "indicatordots": "{{true}}", "interval": "{{5000}}", "wx:if": "{{banner.length>1}}"}, "referenceVariable": ["true", "true", "500", "true", "5000", "banner.length>1"], "referenceFunction": [], "style": [], "inheritClass": null, "wxss": [], "page": null, "path": "D:\\WORK\\2021\\MPDF\\baseline\\ui\\多多超人\\index.wxml", "child": [107], "parent": 105, "matchString": [{"type": "attr", "string": "{{true}}"}, {"type": "attr", "string": "{{500}}"}, {"type": "attr", "string": "#ffffff"}, {"type": "attr", "string": "{{5000}}"}, {"type": "relation", "string": "{{index}}"}, {"type": "relation", "string": "{{item}}"}]}, {"id": 107, "type": "swiper-item", "string": null, "attribute": {"wx:for": "{{banner}}", "wx:key": "index"}, "referenceVariable": ["banner"], "referenceFunction": [], "style": [], "inheritClass": null, "wxss": [], "page": null, "path": "D:\\WORK\\2021\\MPDF\\baseline\\ui\\多多超人\\index.wxml", "child": [108], "parent": 106, "matchString": [{"type": "relation", "string": "{{index}}"}, {"type": "relation", "string": "{{item}}"}]}, {"id": 108, "type": "view", "string": null, "attribute": {"class": ["me-banner-img"]}, "referenceVariable": [], "referenceFunction": [], "style": [], "inheritClass": null, "wxss": [], "page": null, "path": "D:\\WORK\\2021\\MPDF\\baseline\\ui\\多多超人\\index.wxml", "child": [109], "parent": 107, "matchString": [{"type": "relation", "string": "{{index}}"}, {"type": "relation", "string": "{{item}}"}]}, {"id": 109, "type": "image", "string": null, "attribute": {"catch:tap": "goTo", "data-index": "{{index}}", "data-text": "{{item}}", "mode": "widthFix", "src": "{{item.image_url}}"}, "referenceVariable": ["index", "item", "item.image_url"], "referenceFunction": [], "style": [], "inheritClass": null, "wxss": [], "page": null, "path": "D:\\WORK\\2021\\MPDF\\baseline\\ui\\多多超人\\index.wxml", "child": [], "parent": 108, "matchString": [{"type": "attr", "string": "{{index}}"}, {"type": "attr", "string": "{{item}}"}]}, {"id": 110, "type": "image", "string": null, "attribute": {"catch:tap": "goTo", "data-index": "{{index}}", "data-text": "{{banner[0]}}", "mode": "widthFix", "src": "{{banner[0].image_url}}", "wx:if": "{{banner.length==1}}"}, "referenceVariable": ["index", "banner[0]", "banner[0].image_url", "banner.length==1"], "referenceFunction": [], "style": [], "inheritClass": null, "wxss": [], "page": null, "path": "D:\\WORK\\2021\\MPDF\\baseline\\ui\\多多超人\\index.wxml", "child": [], "parent": 105, "matchString": [{"type": "attr", "string": "{{index}}"}, {"type": "attr", "string": "{{banner[0]}}"}]}, {"id": 111, "type": "view", "string": null, "attribute": {"class": ["member-nav"], "wx:if": "{{userInfo.grade>0}}"}, "referenceVariable": ["userInfo.grade>0"], "referenceFunction": [], "style": [], "inheritClass": null, "wxss": [], "page": null, "path": "D:\\WORK\\2021\\MPDF\\baseline\\ui\\多多超人\\index.wxml", "child": [112, 115, 118, 121, 124, 127, 130, 133], "parent": 1, "matchString": [{"type": "relation", "string": "收藏夹"}, {"type": "relation", "string": "出单奖励"}, {"type": "relation", "string": "常见问题"}, {"type": "relation", "string": "官方公告"}, {"type": "relation", "string": "contact"}, {"type": "relation", "string": "在线客服"}, {"type": "relation", "string": "积分排行"}, {"type": "relation", "string": "活动兑换"}, {"type": "relation", "string": "关于我们"}]}, {"id": 112, "type": "view", "string": null, "attribute": {"catch:tap": "goFavorites", "class": ["nav-item"]}, "referenceVariable": [], "referenceFunction": [], "style": [], "inheritClass": null, "wxss": [], "page": null, "path": "D:\\WORK\\2021\\MPDF\\baseline\\ui\\多多超人\\index.wxml", "child": [113, 114, 138, 139], "parent": 111, "matchString": [{"type": "relation", "string": "收藏夹"}]}, {"id": 113, "type": "i", "string": null, "attribute": {"class": ["item-icon", "iconfont", "icon-shoucangjiapx"]}, "referenceVariable": [], "referenceFunction": [], "style": [], "inheritClass": null, "wxss": [], "page": null, "path": "D:\\WORK\\2021\\MPDF\\baseline\\ui\\多多超人\\index.wxml", "child": [], "parent": 112, "matchString": []}, {"id": 114, "type": "view", "string": "收藏夹", "attribute": {"class": ["item-text"]}, "referenceVariable": [], "referenceFunction": [], "style": [], "inheritClass": null, "wxss": [], "page": null, "path": "D:\\WORK\\2021\\MPDF\\baseline\\ui\\多多超人\\index.wxml", "child": [], "parent": 112, "matchString": [{"type": "self", "string": "收藏夹"}]}, {"id": 115, "type": "view", "string": null, "attribute": {"catch:tap": "goChudan", "class": ["nav-item"], "wx:if": "{{userInfo.grade>=2}}"}, "referenceVariable": ["userInfo.grade>=2"], "referenceFunction": [], "style": [], "inheritClass": null, "wxss": [], "page": null, "path": "D:\\WORK\\2021\\MPDF\\baseline\\ui\\多多超人\\index.wxml", "child": [116, 117], "parent": 111, "matchString": [{"type": "relation", "string": "出单奖励"}]}, {"id": 116, "type": "i", "string": null, "attribute": {"class": ["item-icon", "iconfont", "icon-chudanjiangli"]}, "referenceVariable": [], "referenceFunction": [], "style": [], "inheritClass": null, "wxss": [], "page": null, "path": "D:\\WORK\\2021\\MPDF\\baseline\\ui\\多多超人\\index.wxml", "child": [], "parent": 115, "matchString": []}, {"id": 117, "type": "view", "string": "出单奖励", "attribute": {"class": ["item-text"]}, "referenceVariable": [], "referenceFunction": [], "style": [], "inheritClass": null, "wxss": [], "page": null, "path": "D:\\WORK\\2021\\MPDF\\baseline\\ui\\多多超人\\index.wxml", "child": [], "parent": 115, "matchString": [{"type": "self", "string": "出单奖励"}]}, {"id": 118, "type": "view", "string": null, "attribute": {"catch:tap": "goQuestion", "class": ["nav-item"]}, "referenceVariable": [], "referenceFunction": [], "style": [], "inheritClass": null, "wxss": [], "page": null, "path": "D:\\WORK\\2021\\MPDF\\baseline\\ui\\多多超人\\index.wxml", "child": [119, 120], "parent": 111, "matchString": [{"type": "relation", "string": "常见问题"}]}, {"id": 119, "type": "i", "string": null, "attribute": {"class": ["item-icon", "iconfont", "icon-changjianwentipx"]}, "referenceVariable": [], "referenceFunction": [], "style": [], "inheritClass": null, "wxss": [], "page": null, "path": "D:\\WORK\\2021\\MPDF\\baseline\\ui\\多多超人\\index.wxml", "child": [], "parent": 118, "matchString": []}, {"id": 120, "type": "view", "string": "常见问题", "attribute": {"class": ["item-text"]}, "referenceVariable": [], "referenceFunction": [], "style": [], "inheritClass": null, "wxss": [], "page": null, "path": "D:\\WORK\\2021\\MPDF\\baseline\\ui\\多多超人\\index.wxml", "child": [], "parent": 118, "matchString": [{"type": "self", "string": "常见问题"}]}, {"id": 121, "type": "view", "string": null, "attribute": {"catch:tap": "goNotice", "class": ["nav-item"]}, "referenceVariable": [], "referenceFunction": [], "style": [], "inheritClass": null, "wxss": [], "page": null, "path": "D:\\WORK\\2021\\MPDF\\baseline\\ui\\多多超人\\index.wxml", "child": [122, 123], "parent": 111, "matchString": [{"type": "relation", "string": "官方公告"}]}, {"id": 122, "type": "i", "string": null, "attribute": {"class": ["item-icon", "iconfont", "icon-guanfanggonggaopx"]}, "referenceVariable": [], "referenceFunction": [], "style": [], "inheritClass": null, "wxss": [], "page": null, "path": "D:\\WORK\\2021\\MPDF\\baseline\\ui\\多多超人\\index.wxml", "child": [], "parent": 121, "matchString": []}, {"id": 123, "type": "view", "string": "官方公告", "attribute": {"class": ["item-text"]}, "referenceVariable": [], "referenceFunction": [], "style": [], "inheritClass": null, "wxss": [], "page": null, "path": "D:\\WORK\\2021\\MPDF\\baseline\\ui\\多多超人\\index.wxml", "child": [], "parent": 121, "matchString": [{"type": "self", "string": "官方公告"}]}, {"id": 124, "type": "button", "string": null, "attribute": {"class": ["nav-item"], "opentype": "contact"}, "referenceVariable": [], "referenceFunction": [], "style": [], "inheritClass": null, "wxss": [], "page": null, "path": "D:\\WORK\\2021\\MPDF\\baseline\\ui\\多多超人\\index.wxml", "child": [125, 126], "parent": 111, "matchString": [{"type": "attr", "string": "contact"}, {"type": "relation", "string": "在线客服"}]}, {"id": 125, "type": "i", "string": null, "attribute": {"class": ["item-icon", "iconfont", "icon-zaixiankefu"]}, "referenceVariable": [], "referenceFunction": [], "style": [], "inheritClass": null, "wxss": [], "page": null, "path": "D:\\WORK\\2021\\MPDF\\baseline\\ui\\多多超人\\index.wxml", "child": [], "parent": 124, "matchString": []}, {"id": 126, "type": "view", "string": "在线客服", "attribute": {"class": ["item-text"]}, "referenceVariable": [], "referenceFunction": [], "style": [], "inheritClass": null, "wxss": [], "page": null, "path": "D:\\WORK\\2021\\MPDF\\baseline\\ui\\多多超人\\index.wxml", "child": [], "parent": 124, "matchString": [{"type": "self", "string": "在线客服"}]}, {"id": 127, "type": "view", "string": null, "attribute": {"catch:tap": "goRanking", "class": ["nav-item"]}, "referenceVariable": [], "referenceFunction": [], "style": [], "inheritClass": null, "wxss": [], "page": null, "path": "D:\\WORK\\2021\\MPDF\\baseline\\ui\\多多超人\\index.wxml", "child": [128, 129, 147, 148], "parent": 111, "matchString": [{"type": "relation", "string": "积分排行"}]}, {"id": 128, "type": "i", "string": null, "attribute": {"class": ["item-icon", "iconfont", "icon-jifenpaihang"]}, "referenceVariable": [], "referenceFunction": [], "style": [], "inheritClass": null, "wxss": [], "page": null, "path": "D:\\WORK\\2021\\MPDF\\baseline\\ui\\多多超人\\index.wxml", "child": [], "parent": 127, "matchString": []}, {"id": 129, "type": "view", "string": "积分排行", "attribute": {"class": ["item-text"]}, "referenceVariable": [], "referenceFunction": [], "style": [], "inheritClass": null, "wxss": [], "page": null, "path": "D:\\WORK\\2021\\MPDF\\baseline\\ui\\多多超人\\index.wxml", "child": [], "parent": 127, "matchString": [{"type": "self", "string": "积分排行"}]}, {"id": 130, "type": "view", "string": null, "attribute": {"catch:tap": "goExchange", "class": ["nav-item"]}, "referenceVariable": [], "referenceFunction": [], "style": [], "inheritClass": null, "wxss": [], "page": null, "path": "D:\\WORK\\2021\\MPDF\\baseline\\ui\\多多超人\\index.wxml", "child": [131, 132], "parent": 111, "matchString": [{"type": "relation", "string": "活动兑换"}]}, {"id": 131, "type": "i", "string": null, "attribute": {"class": ["item-icon", "iconfont", "icon-miandanduihuanpx"]}, "referenceVariable": [], "referenceFunction": [], "style": [], "inheritClass": null, "wxss": [], "page": null, "path": "D:\\WORK\\2021\\MPDF\\baseline\\ui\\多多超人\\index.wxml", "child": [], "parent": 130, "matchString": []}, {"id": 132, "type": "view", "string": "活动兑换", "attribute": {"class": ["item-text"]}, "referenceVariable": [], "referenceFunction": [], "style": [], "inheritClass": null, "wxss": [], "page": null, "path": "D:\\WORK\\2021\\MPDF\\baseline\\ui\\多多超人\\index.wxml", "child": [], "parent": 130, "matchString": [{"type": "self", "string": "活动兑换"}]}, {"id": 133, "type": "view", "string": null, "attribute": {"catch:tap": "goAbout", "class": ["nav-item"]}, "referenceVariable": [], "referenceFunction": [], "style": [], "inheritClass": null, "wxss": [], "page": null, "path": "D:\\WORK\\2021\\MPDF\\baseline\\ui\\多多超人\\index.wxml", "child": [134, 135, 150, 151], "parent": 111, "matchString": [{"type": "relation", "string": "关于我们"}]}, {"id": 134, "type": "i", "string": null, "attribute": {"class": ["item-icon", "iconfont", "icon-guanyuwomenpx"]}, "referenceVariable": [], "referenceFunction": [], "style": [], "inheritClass": null, "wxss": [], "page": null, "path": "D:\\WORK\\2021\\MPDF\\baseline\\ui\\多多超人\\index.wxml", "child": [], "parent": 133, "matchString": []}, {"id": 135, "type": "view", "string": "关于我们", "attribute": {"class": ["item-text"]}, "referenceVariable": [], "referenceFunction": [], "style": [], "inheritClass": null, "wxss": [], "page": null, "path": "D:\\WORK\\2021\\MPDF\\baseline\\ui\\多多超人\\index.wxml", "child": [], "parent": 133, "matchString": [{"type": "self", "string": "关于我们"}]}, {"id": 136, "type": "view", "string": null, "attribute": {"class": ["member-nav-zero"], "wx:if": "{{!userInfo.grade>0}}"}, "referenceVariable": ["!userInfo.grade>0"], "referenceFunction": [], "style": [], "inheritClass": null, "wxss": [], "page": null, "path": "D:\\WORK\\2021\\MPDF\\baseline\\ui\\多多超人\\index.wxml", "child": [137, 140, 143, 146, 149], "parent": 1, "matchString": [{"type": "relation", "string": "收藏夹"}, {"type": "relation", "string": "contact"}, {"type": "relation", "string": "在线客服"}, {"type": "relation", "string": "积分排行"}, {"type": "relation", "string": "关于我们"}]}, {"id": 137, "type": "view", "string": null, "attribute": {"catch:tap": "goFavorites", "class": ["nav-item"]}, "referenceVariable": [], "referenceFunction": [], "style": [], "inheritClass": null, "wxss": [], "page": null, "path": "D:\\WORK\\2021\\MPDF\\baseline\\ui\\多多超人\\index.wxml", "child": [113, 114, 138, 139], "parent": 136, "matchString": [{"type": "relation", "string": "收藏夹"}]}, {"id": 138, "type": "i", "string": null, "attribute": {"class": ["item-icon", "iconfont", "icon-shoucangjiapx"]}, "referenceVariable": [], "referenceFunction": [], "style": [], "inheritClass": null, "wxss": [], "page": null, "path": "D:\\WORK\\2021\\MPDF\\baseline\\ui\\多多超人\\index.wxml", "child": [], "parent": 112, "matchString": []}, {"id": 139, "type": "view", "string": "收藏夹", "attribute": {"class": ["item-text"]}, "referenceVariable": [], "referenceFunction": [], "style": [], "inheritClass": null, "wxss": [], "page": null, "path": "D:\\WORK\\2021\\MPDF\\baseline\\ui\\多多超人\\index.wxml", "child": [], "parent": 112, "matchString": [{"type": "self", "string": "收藏夹"}]}, {"id": 140, "type": "button", "string": null, "attribute": {"class": ["nav-item"], "opentype": "contact", "wx:if": "{{userInfo.ukey}}"}, "referenceVariable": ["userInfo.ukey"], "referenceFunction": [], "style": [], "inheritClass": null, "wxss": [], "page": null, "path": "D:\\WORK\\2021\\MPDF\\baseline\\ui\\多多超人\\index.wxml", "child": [141, 142], "parent": 136, "matchString": [{"type": "attr", "string": "contact"}, {"type": "relation", "string": "在线客服"}]}, {"id": 141, "type": "i", "string": null, "attribute": {"class": ["item-icon", "iconfont", "icon-zaixiankefu"]}, "referenceVariable": [], "referenceFunction": [], "style": [], "inheritClass": null, "wxss": [], "page": null, "path": "D:\\WORK\\2021\\MPDF\\baseline\\ui\\多多超人\\index.wxml", "child": [], "parent": 140, "matchString": []}, {"id": 142, "type": "view", "string": "在线客服", "attribute": {"class": ["item-text"]}, "referenceVariable": [], "referenceFunction": [], "style": [], "inheritClass": null, "wxss": [], "page": null, "path": "D:\\WORK\\2021\\MPDF\\baseline\\ui\\多多超人\\index.wxml", "child": [], "parent": 140, "matchString": [{"type": "self", "string": "在线客服"}]}, {"id": 143, "type": "view", "string": null, "attribute": {"catch:tap": "goLogin", "class": ["nav-item"], "wx:if": "{{!userInfo.ukey}}"}, "referenceVariable": ["!userInfo.ukey"], "referenceFunction": [], "style": [], "inheritClass": null, "wxss": [], "page": null, "path": "D:\\WORK\\2021\\MPDF\\baseline\\ui\\多多超人\\index.wxml", "child": [144, 145], "parent": 136, "matchString": [{"type": "relation", "string": "在线客服"}]}, {"id": 144, "type": "i", "string": null, "attribute": {"class": ["item-icon", "iconfont", "icon-zaixiankefu"]}, "referenceVariable": [], "referenceFunction": [], "style": [], "inheritClass": null, "wxss": [], "page": null, "path": "D:\\WORK\\2021\\MPDF\\baseline\\ui\\多多超人\\index.wxml", "child": [], "parent": 143, "matchString": []}, {"id": 145, "type": "view", "string": "在线客服", "attribute": {"class": ["item-text"]}, "referenceVariable": [], "referenceFunction": [], "style": [], "inheritClass": null, "wxss": [], "page": null, "path": "D:\\WORK\\2021\\MPDF\\baseline\\ui\\多多超人\\index.wxml", "child": [], "parent": 143, "matchString": [{"type": "self", "string": "在线客服"}]}, {"id": 146, "type": "view", "string": null, "attribute": {"catch:tap": "goRanking", "class": ["nav-item"]}, "referenceVariable": [], "referenceFunction": [], "style": [], "inheritClass": null, "wxss": [], "page": null, "path": "D:\\WORK\\2021\\MPDF\\baseline\\ui\\多多超人\\index.wxml", "child": [128, 129, 147, 148], "parent": 136, "matchString": [{"type": "relation", "string": "积分排行"}]}, {"id": 147, "type": "i", "string": null, "attribute": {"class": ["item-icon", "iconfont", "icon-jifenpaihang"]}, "referenceVariable": [], "referenceFunction": [], "style": [], "inheritClass": null, "wxss": [], "page": null, "path": "D:\\WORK\\2021\\MPDF\\baseline\\ui\\多多超人\\index.wxml", "child": [], "parent": 127, "matchString": []}, {"id": 148, "type": "view", "string": "积分排行", "attribute": {"class": ["item-text"]}, "referenceVariable": [], "referenceFunction": [], "style": [], "inheritClass": null, "wxss": [], "page": null, "path": "D:\\WORK\\2021\\MPDF\\baseline\\ui\\多多超人\\index.wxml", "child": [], "parent": 127, "matchString": [{"type": "self", "string": "积分排行"}]}, {"id": 149, "type": "view", "string": null, "attribute": {"catch:tap": "goAbout", "class": ["nav-item"]}, "referenceVariable": [], "referenceFunction": [], "style": [], "inheritClass": null, "wxss": [], "page": null, "path": "D:\\WORK\\2021\\MPDF\\baseline\\ui\\多多超人\\index.wxml", "child": [134, 135, 150, 151], "parent": 136, "matchString": [{"type": "relation", "string": "关于我们"}]}, {"id": 150, "type": "i", "string": null, "attribute": {"class": ["item-icon", "iconfont", "icon-guanyuwomenpx"]}, "referenceVariable": [], "referenceFunction": [], "style": [], "inheritClass": null, "wxss": [], "page": null, "path": "D:\\WORK\\2021\\MPDF\\baseline\\ui\\多多超人\\index.wxml", "child": [], "parent": 133, "matchString": []}, {"id": 151, "type": "view", "string": "关于我们", "attribute": {"class": ["item-text"]}, "referenceVariable": [], "referenceFunction": [], "style": [], "inheritClass": null, "wxss": [], "page": null, "path": "D:\\WORK\\2021\\MPDF\\baseline\\ui\\多多超人\\index.wxml", "child": [], "parent": 133, "matchString": [{"type": "self", "string": "关于我们"}]}, {"id": 152, "type": "view", "string": null, "attribute": {"class": ["member-nav"], "wx:if": "{{userInfo.grade>=3}}"}, "referenceVariable": ["userInfo.grade>=3"], "referenceFunction": [], "style": [], "inheritClass": null, "wxss": [], "page": null, "path": "D:\\WORK\\2021\\MPDF\\baseline\\ui\\多多超人\\index.wxml", "child": [153, 156], "parent": 1, "matchString": [{"type": "relation", "string": "运营数据"}, {"type": "relation", "string": "商品补贴"}]}, {"id": 153, "type": "view", "string": null, "attribute": {"catch:tap": "goYunYing", "class": ["nav-item"]}, "referenceVariable": [], "referenceFunction": [], "style": [], "inheritClass": null, "wxss": [], "page": null, "path": "D:\\WORK\\2021\\MPDF\\baseline\\ui\\多多超人\\index.wxml", "child": [154, 155], "parent": 152, "matchString": [{"type": "relation", "string": "运营数据"}]}, {"id": 154, "type": "i", "string": null, "attribute": {"class": ["item-icon", "iconfont", "icon-yunyingshujupx"]}, "referenceVariable": [], "referenceFunction": [], "style": [], "inheritClass": null, "wxss": [], "page": null, "path": "D:\\WORK\\2021\\MPDF\\baseline\\ui\\多多超人\\index.wxml", "child": [], "parent": 153, "matchString": []}, {"id": 155, "type": "view", "string": "运营数据", "attribute": {"class": ["item-text"]}, "referenceVariable": [], "referenceFunction": [], "style": [], "inheritClass": null, "wxss": [], "page": null, "path": "D:\\WORK\\2021\\MPDF\\baseline\\ui\\多多超人\\index.wxml", "child": [], "parent": 153, "matchString": [{"type": "self", "string": "运营数据"}]}, {"id": 156, "type": "view", "string": null, "attribute": {"catch:tap": "goSubsidy", "class": ["nav-item"]}, "referenceVariable": [], "referenceFunction": [], "style": [], "inheritClass": null, "wxss": [], "page": null, "path": "D:\\WORK\\2021\\MPDF\\baseline\\ui\\多多超人\\index.wxml", "child": [157, 158], "parent": 152, "matchString": [{"type": "relation", "string": "商品补贴"}]}, {"id": 157, "type": "i", "string": null, "attribute": {"class": ["item-icon", "iconfont", "icon-shangpinbutiepx"]}, "referenceVariable": [], "referenceFunction": [], "style": [], "inheritClass": null, "wxss": [], "page": null, "path": "D:\\WORK\\2021\\MPDF\\baseline\\ui\\多多超人\\index.wxml", "child": [], "parent": 156, "matchString": []}, {"id": 158, "type": "view", "string": "商品补贴", "attribute": {"class": ["item-text"]}, "referenceVariable": [], "referenceFunction": [], "style": [], "inheritClass": null, "wxss": [], "page": null, "path": "D:\\WORK\\2021\\MPDF\\baseline\\ui\\多多超人\\index.wxml", "child": [], "parent": 156, "matchString": [{"type": "self", "string": "商品补贴"}]}, {"id": 159, "type": "view", "string": "{{userInfo.p_id}}", "attribute": {"class": ["pid-view"], "hidden": "{{!(tapNum==10)}}"}, "referenceVariable": ["!(tapNum==10)"], "referenceFunction": [], "style": [], "inheritClass": null, "wxss": [], "page": null, "path": "D:\\WORK\\2021\\MPDF\\baseline\\ui\\多多超人\\index.wxml", "child": [], "parent": 1, "matchString": [{"type": "self", "string": "{{userInfo.p_id}}"}, {"type": "attr", "string": "{{!(tapNum==10)}}"}, {"type": "relation", "string": "{{!(tapNum==10)}}"}]}]