[{"id": 0, "type": "[document]", "string": null, "attribute": {}, "referenceVariable": [], "referenceFunction": [], "style": [], "inheritClass": null, "wxss": [], "page": null, "path": "D:\\WORK\\2021\\MPDF\\baseline\\ui\\U客云\\edit_info.wxml", "child": [1], "parent": null, "matchString": [{"type": "relation", "string": "{{item.title}}"}, {"type": "relation", "string": "{{'navLists['+index+'].value'}}"}, {"type": "relation", "string": "{{index}}"}, {"type": "relation", "string": "{{item.name}}"}, {"type": "relation", "string": "请输入{{item.title}}"}, {"type": "relation", "string": "getPhoneNumber"}, {"type": "relation", "string": "完善名片信息,提升获客量"}, {"type": "relation", "string": "{{cropperOption}}"}]}, {"id": 1, "type": "view", "string": null, "attribute": {"class": ["container"]}, "referenceVariable": [], "referenceFunction": [], "style": [], "inheritClass": null, "wxss": [], "page": null, "path": "D:\\WORK\\2021\\MPDF\\baseline\\ui\\U客云\\edit_info.wxml", "child": [2, 23], "parent": 0, "matchString": [{"type": "relation", "string": "{{item.title}}"}, {"type": "relation", "string": "{{'navLists['+index+'].value'}}"}, {"type": "relation", "string": "{{index}}"}, {"type": "relation", "string": "{{item.name}}"}, {"type": "relation", "string": "请输入{{item.title}}"}, {"type": "relation", "string": "getPhoneNumber"}, {"type": "relation", "string": "完善名片信息,提升获客量"}, {"type": "relation", "string": "{{cropperOption}}"}]}, {"id": 2, "type": "view", "string": null, "attribute": {"class": ["{{showCropperFlag?'show-cropper':''}}"]}, "referenceVariable": ["showCropperFlag?'show-cropper':''"], "referenceFunction": [], "style": [], "inheritClass": null, "wxss": [], "page": null, "path": "D:\\WORK\\2021\\MPDF\\baseline\\ui\\U客云\\edit_info.wxml", "child": [3], "parent": 1, "matchString": [{"type": "relation", "string": "{{item.title}}"}, {"type": "relation", "string": "{{'navLists['+index+'].value'}}"}, {"type": "relation", "string": "{{index}}"}, {"type": "relation", "string": "{{item.name}}"}, {"type": "relation", "string": "请输入{{item.title}}"}, {"type": "relation", "string": "getPhoneNumber"}, {"type": "relation", "string": "完善名片信息,提升获客量"}]}, {"id": 3, "type": "block", "string": null, "attribute": {"wx:for": "{{navLists}}", "wx:key": "{{index}}"}, "referenceVariable": ["navLists", "index"], "referenceFunction": [], "style": [], "inheritClass": null, "wxss": [], "page": null, "path": "D:\\WORK\\2021\\MPDF\\baseline\\ui\\U客云\\edit_info.wxml", "child": [4, 9, 13, 17, 20], "parent": 2, "matchString": [{"type": "relation", "string": "{{item.title}}"}, {"type": "relation", "string": "{{'navLists['+index+'].value'}}"}, {"type": "relation", "string": "{{index}}"}, {"type": "relation", "string": "{{item.name}}"}, {"type": "relation", "string": "请输入{{item.title}}"}, {"type": "relation", "string": "getPhoneNumber"}, {"type": "relation", "string": "完善名片信息,提升获客量"}]}, {"id": 4, "type": "view", "string": null, "attribute": {"class": ["input-box", "upload-headimg"], "wx:if": "{{item.type==='upload-headimg'}}"}, "referenceVariable": ["item.type==='upload-headimg'"], "referenceFunction": [], "style": [], "inheritClass": null, "wxss": [], "page": null, "path": "D:\\WORK\\2021\\MPDF\\baseline\\ui\\U客云\\edit_info.wxml", "child": [5, 6], "parent": 3, "matchString": [{"type": "relation", "string": "{{item.title}}"}, {"type": "relation", "string": "{{'navLists['+index+'].value'}}"}]}, {"id": 5, "type": "view", "string": "{{item.title}}", "attribute": {"class": ["title"]}, "referenceVariable": [], "referenceFunction": [], "style": [], "inheritClass": null, "wxss": [], "page": null, "path": "D:\\WORK\\2021\\MPDF\\baseline\\ui\\U客云\\edit_info.wxml", "child": [], "parent": 4, "matchString": [{"type": "self", "string": "{{item.title}}"}]}, {"id": 6, "type": "view", "string": null, "attribute": {"class": ["right"]}, "referenceVariable": [], "referenceFunction": [], "style": [], "inheritClass": null, "wxss": [], "page": null, "path": "D:\\WORK\\2021\\MPDF\\baseline\\ui\\U客云\\edit_info.wxml", "child": [7], "parent": 4, "matchString": [{"type": "relation", "string": "{{'navLists['+index+'].value'}}"}]}, {"id": 7, "type": "view", "string": null, "attribute": {"bindtap": "upImage", "class": ["headimg"], "data-flag": "{{'navLists['+index+'].value'}}"}, "referenceVariable": ["'navLists['+index+'].value'"], "referenceFunction": ["upImage"], "style": [], "inheritClass": null, "wxss": [], "page": null, "path": "D:\\WORK\\2021\\MPDF\\baseline\\ui\\U客云\\edit_info.wxml", "child": [8], "parent": 6, "matchString": [{"type": "attr", "string": "{{'navLists['+index+'].value'}}"}]}, {"id": 8, "type": "image", "string": null, "attribute": {"mode": "widthFix", "src": "{{item.value?item.value:domain_name+'/static/miaoke/de.jpg'}}"}, "referenceVariable": ["item.value?item.value:domain_name+'/static/miaoke/de.jpg'"], "referenceFunction": [], "style": [], "inheritClass": null, "wxss": [], "page": null, "path": "D:\\WORK\\2021\\MPDF\\baseline\\ui\\U客云\\edit_info.wxml", "child": [], "parent": 7, "matchString": []}, {"id": 9, "type": "view", "string": null, "attribute": {"class": ["input-box"], "wx:if": "{{item.type==='input'}}"}, "referenceVariable": ["item.type==='input'"], "referenceFunction": [], "style": [], "inheritClass": null, "wxss": [], "page": null, "path": "D:\\WORK\\2021\\MPDF\\baseline\\ui\\U客云\\edit_info.wxml", "child": [10, 11], "parent": 3, "matchString": [{"type": "relation", "string": "{{item.title}}"}, {"type": "relation", "string": "{{'navLists['+index+'].value'}}"}, {"type": "relation", "string": "{{index}}"}, {"type": "relation", "string": "{{item.name}}"}, {"type": "relation", "string": "请输入{{item.title}}"}]}, {"id": 10, "type": "view", "string": "{{item.title}}", "attribute": {"class": ["title"]}, "referenceVariable": [], "referenceFunction": [], "style": [], "inheritClass": null, "wxss": [], "page": null, "path": "D:\\WORK\\2021\\MPDF\\baseline\\ui\\U客云\\edit_info.wxml", "child": [], "parent": 9, "matchString": [{"type": "self", "string": "{{item.title}}"}]}, {"id": 11, "type": "view", "string": null, "attribute": {"class": ["right"]}, "referenceVariable": [], "referenceFunction": [], "style": [], "inheritClass": null, "wxss": [], "page": null, "path": "D:\\WORK\\2021\\MPDF\\baseline\\ui\\U客云\\edit_info.wxml", "child": [12], "parent": 9, "matchString": [{"type": "relation", "string": "{{'navLists['+index+'].value'}}"}, {"type": "relation", "string": "{{index}}"}, {"type": "relation", "string": "{{item.name}}"}, {"type": "relation", "string": "请输入{{item.title}}"}]}, {"id": 12, "type": "input", "string": null, "attribute": {"bindblur": "bindblurFn", "bindinput": "inputAllFn", "data-flag": "{{'navLists['+index+'].value'}}", "data-index": "{{index}}", "data-name": "{{item.name}}", "focus": "{{item.focus}}", "maxlength": "{{item.maxlength}}", "placeholder": "请输入{{item.title}}", "value": "{{item.value}}"}, "referenceVariable": ["'navLists['+index+'].value'", "index", "item.name", "item.focus", "item.maxlength", "item.title", "item.value"], "referenceFunction": ["bindblurFn", "inputAllFn"], "style": [], "inheritClass": null, "wxss": [], "page": null, "path": "D:\\WORK\\2021\\MPDF\\baseline\\ui\\U客云\\edit_info.wxml", "child": [], "parent": 11, "matchString": [{"type": "attr", "string": "{{'navLists['+index+'].value'}}"}, {"type": "attr", "string": "{{index}}"}, {"type": "attr", "string": "{{item.name}}"}, {"type": "attr", "string": "请输入{{item.title}}"}]}, {"id": 13, "type": "view", "string": null, "attribute": {"class": ["input-box"], "wx:if": "{{item.type==='mobile'}}"}, "referenceVariable": ["item.type==='mobile'"], "referenceFunction": [], "style": [], "inheritClass": null, "wxss": [], "page": null, "path": "D:\\WORK\\2021\\MPDF\\baseline\\ui\\U客云\\edit_info.wxml", "child": [14, 15], "parent": 3, "matchString": [{"type": "relation", "string": "{{item.title}}"}, {"type": "relation", "string": "{{'navLists['+index+'].value'}}"}, {"type": "relation", "string": "getPhoneNumber"}]}, {"id": 14, "type": "view", "string": "{{item.title}}", "attribute": {"class": ["title"]}, "referenceVariable": [], "referenceFunction": [], "style": [], "inheritClass": null, "wxss": [], "page": null, "path": "D:\\WORK\\2021\\MPDF\\baseline\\ui\\U客云\\edit_info.wxml", "child": [], "parent": 13, "matchString": [{"type": "self", "string": "{{item.title}}"}]}, {"id": 15, "type": "view", "string": null, "attribute": {"class": ["right"]}, "referenceVariable": [], "referenceFunction": [], "style": [], "inheritClass": null, "wxss": [], "page": null, "path": "D:\\WORK\\2021\\MPDF\\baseline\\ui\\U客云\\edit_info.wxml", "child": [16], "parent": 13, "matchString": [{"type": "relation", "string": "{{'navLists['+index+'].value'}}"}, {"type": "relation", "string": "getPhoneNumber"}]}, {"id": 16, "type": "button", "string": null, "attribute": {"bindgetphonenumber": "getPhoneNumber", "class": ["get-phone"], "data-str": "{{'navLists['+index+'].value'}}", "opentype": "getPhoneNumber"}, "referenceVariable": ["'navLists['+index+'].value'"], "referenceFunction": ["getPhoneNumber"], "style": [], "inheritClass": null, "wxss": [], "page": null, "path": "D:\\WORK\\2021\\MPDF\\baseline\\ui\\U客云\\edit_info.wxml", "child": [], "parent": 15, "matchString": [{"type": "attr", "string": "{{'navLists['+index+'].value'}}"}, {"type": "attr", "string": "getPhoneNumber"}]}, {"id": 17, "type": "view", "string": null, "attribute": {"class": ["input-box", "{{item.block}}"], "wx:if": "{{item.type==='set-card'}}"}, "referenceVariable": ["item.block", "item.type==='set-card'"], "referenceFunction": [], "style": [], "inheritClass": null, "wxss": [], "page": null, "path": "D:\\WORK\\2021\\MPDF\\baseline\\ui\\U客云\\edit_info.wxml", "child": [18, 19], "parent": 3, "matchString": [{"type": "relation", "string": "{{item.title}}"}, {"type": "relation", "string": "完善名片信息,提升获客量"}]}, {"id": 18, "type": "view", "string": "{{item.title}}", "attribute": {"class": ["title"]}, "referenceVariable": [], "referenceFunction": [], "style": [], "inheritClass": null, "wxss": [], "page": null, "path": "D:\\WORK\\2021\\MPDF\\baseline\\ui\\U客云\\edit_info.wxml", "child": [], "parent": 17, "matchString": [{"type": "self", "string": "{{item.title}}"}]}, {"id": 19, "type": "view", "string": "完善名片信息,提升获客量", "attribute": {"bindtap": "jumpCardEditFn", "class": ["right"]}, "referenceVariable": [], "referenceFunction": ["jumpCardEditFn"], "style": [], "inheritClass": null, "wxss": [], "page": null, "path": "D:\\WORK\\2021\\MPDF\\baseline\\ui\\U客云\\edit_info.wxml", "child": [], "parent": 17, "matchString": [{"type": "self", "string": "完善名片信息,提升获客量"}]}, {"id": 20, "type": "view", "string": null, "attribute": {"class": ["input-box", "{{item.block}}"], "wx:if": "{{item.type==='se-poster'}}"}, "referenceVariable": ["item.block", "item.type==='se-poster'"], "referenceFunction": [], "style": [], "inheritClass": null, "wxss": [], "page": null, "path": "D:\\WORK\\2021\\MPDF\\baseline\\ui\\U客云\\edit_info.wxml", "child": [21, 22], "parent": 3, "matchString": [{"type": "relation", "string": "{{item.title}}"}]}, {"id": 21, "type": "view", "string": "{{item.title}}", "attribute": {"class": ["title"]}, "referenceVariable": [], "referenceFunction": [], "style": [], "inheritClass": null, "wxss": [], "page": null, "path": "D:\\WORK\\2021\\MPDF\\baseline\\ui\\U客云\\edit_info.wxml", "child": [], "parent": 20, "matchString": [{"type": "self", "string": "{{item.title}}"}]}, {"id": 22, "type": "view", "string": null, "attribute": {"bindtap": "jumpPosterFn", "class": ["right"]}, "referenceVariable": [], "referenceFunction": ["jumpPosterFn"], "style": [], "inheritClass": null, "wxss": [], "page": null, "path": "D:\\WORK\\2021\\MPDF\\baseline\\ui\\U客云\\edit_info.wxml", "child": [], "parent": 20, "matchString": []}, {"id": 23, "type": "wx_cropper", "string": null, "attribute": {"bind:closecropper": "closeCropper", "bind:cropperfn": "cropperFn", "cropperoption": "{{cropperOption}}", "wx:if": "{{showCropperFlag}}"}, "referenceVariable": ["cropperOption", "showCropperFlag"], "referenceFunction": ["closeCropper", "cropperFn"], "style": [], "inheritClass": null, "wxss": [], "page": null, "path": "D:\\WORK\\2021\\MPDF\\baseline\\ui\\U客云\\edit_info.wxml", "child": [], "parent": 1, "matchString": [{"type": "attr", "string": "{{cropperOption}}"}, {"type": "relation", "string": "{{cropperOption}}"}]}]