{"/npm/@tarojs/taro-weapp/dist/index.js":[{"stained":"wx.getSystemInfoSync","nodes":[{"name":"108162","declaredName":"__function__1370","declaredLoc":{"line":1370,"column":0},"file":"/npm/@tarojs/taro-weapp/dist/index.js","type":"normal"},{"name":"108171","declaredName":"wx.getSystemInfoSync()","declaredLoc":{"line":1371,"column":12},"file":"/npm/@tarojs/taro-weapp/dist/index.js","type":"source"}],"edges":[{"source":"108162","target":"108171"}]},{"stained":"wx.getSystemInfoSync.platform.toLowerCase","nodes":[{"name":"108162","declaredName":"__function__1370","declaredLoc":{"line":1370,"column":0},"file":"/npm/@tarojs/taro-weapp/dist/index.js","type":"normal"},{"name":"108168","declaredName":"wx.getSystemInfoSync().platform.t...","declaredLoc":{"line":1371,"column":12},"file":"/npm/@tarojs/taro-weapp/dist/index.js","type":"source"}],"edges":[{"source":"108162","target":"108168"}]},{"stained":"wx.request","nodes":[{"name":"107260","declaredName":"__function__1284","declaredLoc":{"line":1284,"column":32},"file":"/npm/@tarojs/taro-weapp/dist/index.js","type":"normal"},{"name":"107217","declaredName":"__function__1280","declaredLoc":{"line":1280,"column":9},"file":"/npm/@tarojs/taro-weapp/dist/index.js","type":"normal"},{"name":"107304","declaredName":"wx.request(o)","declaredLoc":{"line":1287,"column":15},"file":"/npm/@tarojs/taro-weapp/dist/index.js","type":"source,sink"}],"edges":[{"source":"107217","target":"107304"},{"source":"107260","target":"107217"}]}]}