[{"file":"/npm/@tarojs/taro-weapp/dist/index.js","nodes":[{"name":"107594","value":{"text":"wx[b].apply","loc":"line 1326, col: 87","file":"/npm/@tarojs/taro-weapp/dist/index.js","type":"normal"}},{"name":"107599","value":{"text":"wx","loc":"line 1326, col: 99","file":"/npm/@tarojs/taro-weapp/dist/index.js","type":"normal"}},{"name":"107703","value":{"text":"r","loc":"line 1331, col: 57","file":"/npm/@tarojs/taro-weapp/dist/index.js","type":"normal"}},{"name":"107704","value":{"text":"wx","loc":"line 1331, col: 61","file":"/npm/@tarojs/taro-weapp/dist/index.js","type":"normal"}},{"name":"108007","value":{"text":"e","loc":"line 1347, col: 36","file":"/npm/@tarojs/taro-weapp/dist/index.js","type":"normal"}},{"name":"108008","value":{"text":"wx","loc":"line 1347, col: 40","file":"/npm/@tarojs/taro-weapp/dist/index.js","type":"normal"}},{"name":"108167","value":{"text":"e","loc":"line 1371, col: 8","file":"/npm/@tarojs/taro-weapp/dist/index.js","type":"normal"}},{"name":"108169","value":{"text":"wx.getSystemInfoSync().platform.toLowerCase","loc":"line 1371, col: 12","file":"/npm/@tarojs/taro-weapp/dist/index.js","sourceDscp":"系统信息，包括设备品牌、设备型号等","type":"source"}},{"name":"108181","value":{"text":"e","loc":"line 1372, col: 25","file":"/npm/@tarojs/taro-weapp/dist/index.js","type":"normal"}},{"name":"108184","value":{"text":"e","loc":"line 1372, col: 45","file":"/npm/@tarojs/taro-weapp/dist/index.js","type":"normal"}}],"edges":[{"source":"108169","target":"108167","type":"assign to","fromTo":{"from":"wx.getSystemInfoSync().platform.toLowerCase","to":"e"}},{"source":"108167","target":"108181","type":"read","fromTo":{"from":"e","to":"e"}},{"source":"108181","target":"108184","type":"read","fromTo":{"from":"e","to":"e"}},{"source":"108169","target":"108167","type":"assign to","fromTo":{"from":"wx.getSystemInfoSync().platform.toLowerCase","to":"e"}},{"source":"108167","target":"108181","type":"read","fromTo":{"from":"e","to":"e"}},{"source":"108181","target":"108184","type":"read","fromTo":{"from":"e","to":"e"}},{"source":"107599","target":"107594","type":"to callee","fromTo":{"from":"wx","to":"wx[b].apply"}},{"source":"107704","target":"107703","type":"assign to","fromTo":{"from":"wx","to":"r"}},{"source":"108008","target":"108007","type":"assign to","fromTo":{"from":"wx","to":"e"}}]}]