{"definedData":[],"dynamicDefinedData":[{"shadowObjectVar":"__object__getApp","dynamicDefinedProps":[{"propName":".getToken","readShadows":[{"shadowVar":{"id":-8593,"declaredName":"__object__getApp.getToken","file":"/services/request.js","type":"normal"},"readAccess":[{"leftVar":[{"id":54663,"declaredName":"s","declaredLoc":{"line":39,"column":224},"file":"/services/request.js","type":"normal"}],"readFlow":[{"type":"assign to","from":{"name":"u.getToken","loc":{"line":39,"column":228},"id":54665,"file":"D:\\WORK\\2022\\论文相关\\TOSEM\\MiniApp-review\\flow-baseline\\datasetPopular\\ofo小黄车官方版\\__APP__/services/request.js"},"to":{"name":"s","loc":{"line":39,"column":224},"id":54663,"file":"D:\\WORK\\2022\\论文相关\\TOSEM\\MiniApp-review\\flow-baseline\\datasetPopular\\ofo小黄车官方版\\__APP__/services/request.js"}},{"type":"read","from":{"name":"s","loc":{"line":39,"column":224},"id":54663,"file":"D:\\WORK\\2022\\论文相关\\TOSEM\\MiniApp-review\\flow-baseline\\datasetPopular\\ofo小黄车官方版\\__APP__/services/request.js"},"to":{"name":"s","loc":{"line":40,"column":12},"id":54672,"file":"D:\\WORK\\2022\\论文相关\\TOSEM\\MiniApp-review\\flow-baseline\\datasetPopular\\ofo小黄车官方版\\__APP__/services/request.js"}},{"type":"read","from":{"name":"s","loc":{"line":40,"column":12},"id":54672,"file":"D:\\WORK\\2022\\论文相关\\TOSEM\\MiniApp-review\\flow-baseline\\datasetPopular\\ofo小黄车官方版\\__APP__/services/request.js"},"to":{"name":"s","loc":{"line":40,"column":33},"id":54678,"file":"D:\\WORK\\2022\\论文相关\\TOSEM\\MiniApp-review\\flow-baseline\\datasetPopular\\ofo小黄车官方版\\__APP__/services/request.js"}},{"type":"assign to","from":{"name":"s","loc":{"line":40,"column":33},"id":54678,"file":"D:\\WORK\\2022\\论文相关\\TOSEM\\MiniApp-review\\flow-baseline\\datasetPopular\\ofo小黄车官方版\\__APP__/services/request.js"},"to":{"name":"d.token","loc":{"line":40,"column":23},"id":54675,"file":"D:\\WORK\\2022\\论文相关\\TOSEM\\MiniApp-review\\flow-baseline\\datasetPopular\\ofo小黄车官方版\\__APP__/services/request.js"}},{"type":"read","from":{"name":"d.token","loc":{"line":40,"column":23},"id":54675,"file":"D:\\WORK\\2022\\论文相关\\TOSEM\\MiniApp-review\\flow-baseline\\datasetPopular\\ofo小黄车官方版\\__APP__/services/request.js"},"to":{"name":"d","loc":{"line":43,"column":104},"id":54756,"file":"D:\\WORK\\2022\\论文相关\\TOSEM\\MiniApp-review\\flow-baseline\\datasetPopular\\ofo小黄车官方版\\__APP__/services/request.js"}},{"type":"read","from":{"name":"d","loc":{"line":43,"column":104},"id":54756,"file":"D:\\WORK\\2022\\论文相关\\TOSEM\\MiniApp-review\\flow-baseline\\datasetPopular\\ofo小黄车官方版\\__APP__/services/request.js"},"to":{"name":"d","loc":{"line":50,"column":52},"id":54787,"file":"D:\\WORK\\2022\\论文相关\\TOSEM\\MiniApp-review\\flow-baseline\\datasetPopular\\ofo小黄车官方版\\__APP__/services/request.js"}},{"type":"to callee","from":{"name":"d","loc":{"line":43,"column":104},"id":54756,"file":"D:\\WORK\\2022\\论文相关\\TOSEM\\MiniApp-review\\flow-baseline\\datasetPopular\\ofo小黄车官方版\\__APP__/services/request.js"},"to":{"name":"_formdata2.default","loc":{"line":43,"column":84},"id":54753,"file":"D:\\WORK\\2022\\论文相关\\TOSEM\\MiniApp-review\\flow-baseline\\datasetPopular\\ofo小黄车官方版\\__APP__/services/request.js"}},{"type":"assign to","from":{"name":"d","loc":{"line":50,"column":52},"id":54787,"file":"D:\\WORK\\2022\\论文相关\\TOSEM\\MiniApp-review\\flow-baseline\\datasetPopular\\ofo小黄车官方版\\__APP__/services/request.js"},"to":{"name":"data","loc":{"line":50,"column":16},"id":54778,"file":"D:\\WORK\\2022\\论文相关\\TOSEM\\MiniApp-review\\flow-baseline\\datasetPopular\\ofo小黄车官方版\\__APP__/services/request.js"}},{"type":"to callee","from":{"name":"data","loc":{"line":50,"column":16},"id":54778,"file":"D:\\WORK\\2022\\论文相关\\TOSEM\\MiniApp-review\\flow-baseline\\datasetPopular\\ofo小黄车官方版\\__APP__/services/request.js"},"to":{"name":"_index2.default.request","loc":{"line":44,"column":12},"id":54759,"file":"D:\\WORK\\2022\\论文相关\\TOSEM\\MiniApp-review\\flow-baseline\\datasetPopular\\ofo小黄车官方版\\__APP__/services/request.js"}}]}]},{"shadowVar":{"id":-10648,"declaredName":"__object__getApp.getToken","file":"/pages/webView/webView.js","type":"normal"},"readAccess":[{"leftVar":[{"id":77950,"declaredName":"e","declaredLoc":{"line":80,"column":16},"file":"/pages/webView/webView.js","type":"normal"}],"readFlow":[{"type":"assign to","from":{"name":"app.getToken","loc":{"line":80,"column":20},"id":77952,"file":"D:\\WORK\\2022\\论文相关\\TOSEM\\MiniApp-review\\flow-baseline\\datasetPopular\\ofo小黄车官方版\\__APP__/pages/webView/webView.js"},"to":{"name":"e","loc":{"line":80,"column":16},"id":77950,"file":"D:\\WORK\\2022\\论文相关\\TOSEM\\MiniApp-review\\flow-baseline\\datasetPopular\\ofo小黄车官方版\\__APP__/pages/webView/webView.js"}},{"type":"read","from":{"name":"e","loc":{"line":80,"column":16},"id":77950,"file":"D:\\WORK\\2022\\论文相关\\TOSEM\\MiniApp-review\\flow-baseline\\datasetPopular\\ofo小黄车官方版\\__APP__/pages/webView/webView.js"},"to":{"name":"e","loc":{"line":81,"column":33},"id":77969,"file":"D:\\WORK\\2022\\论文相关\\TOSEM\\MiniApp-review\\flow-baseline\\datasetPopular\\ofo小黄车官方版\\__APP__/pages/webView/webView.js"}},{"type":"read","from":{"name":"e","loc":{"line":81,"column":33},"id":77969,"file":"D:\\WORK\\2022\\论文相关\\TOSEM\\MiniApp-review\\flow-baseline\\datasetPopular\\ofo小黄车官方版\\__APP__/pages/webView/webView.js"},"to":{"name":"e","loc":{"line":82,"column":22},"id":77981,"file":"D:\\WORK\\2022\\论文相关\\TOSEM\\MiniApp-review\\flow-baseline\\datasetPopular\\ofo小黄车官方版\\__APP__/pages/webView/webView.js"}},{"type":"assign to","from":{"name":"e","loc":{"line":82,"column":22},"id":77981,"file":"D:\\WORK\\2022\\论文相关\\TOSEM\\MiniApp-review\\flow-baseline\\datasetPopular\\ofo小黄车官方版\\__APP__/pages/webView/webView.js"},"to":{"name":"n.token","loc":{"line":82,"column":12},"id":77978,"file":"D:\\WORK\\2022\\论文相关\\TOSEM\\MiniApp-review\\flow-baseline\\datasetPopular\\ofo小黄车官方版\\__APP__/pages/webView/webView.js"}},{"type":"read","from":{"name":"n.token","loc":{"line":82,"column":12},"id":77978,"file":"D:\\WORK\\2022\\论文相关\\TOSEM\\MiniApp-review\\flow-baseline\\datasetPopular\\ofo小黄车官方版\\__APP__/pages/webView/webView.js"},"to":{"name":"n","loc":{"line":83,"column":39},"id":78008,"file":"D:\\WORK\\2022\\论文相关\\TOSEM\\MiniApp-review\\flow-baseline\\datasetPopular\\ofo小黄车官方版\\__APP__/pages/webView/webView.js"}},{"type":"to callee","from":{"name":"n","loc":{"line":83,"column":39},"id":78008,"file":"D:\\WORK\\2022\\论文相关\\TOSEM\\MiniApp-review\\flow-baseline\\datasetPopular\\ofo小黄车官方版\\__APP__/pages/webView/webView.js"},"to":{"name":"_url.extendParamsToUrl","loc":{"line":83,"column":12},"id":78004,"file":"D:\\WORK\\2022\\论文相关\\TOSEM\\MiniApp-review\\flow-baseline\\datasetPopular\\ofo小黄车官方版\\__APP__/pages/webView/webView.js"}}]}]}],"writeShadows":[{"shadowVar":{"id":-8593,"declaredName":"__object__getApp.getToken","file":"/services/request.js","type":"normal"},"writeAccess":[]},{"shadowVar":{"id":-10648,"declaredName":"__object__getApp.getToken","file":"/pages/webView/webView.js","type":"normal"},"writeAccess":[]}]},{"propName":".latlng.lat","readShadows":[{"shadowVar":{"id":-8596,"declaredName":"__object__getApp.latlng.lat","file":"/services/request.js","type":"normal"},"readAccess":[{"leftVar":[{"id":-8597,"declaredName":"e.data.lat","file":"/services/request.js","type":"normal"}],"readFlow":[{"type":"assign to","from":{"name":"u.latlng.lat","loc":{"line":40,"column":45},"id":54683,"file":"D:\\WORK\\2022\\论文相关\\TOSEM\\MiniApp-review\\flow-baseline\\datasetPopular\\ofo小黄车官方版\\__APP__/services/request.js"},"to":{"name":"d.lat","loc":{"line":40,"column":37},"id":54680,"file":"D:\\WORK\\2022\\论文相关\\TOSEM\\MiniApp-review\\flow-baseline\\datasetPopular\\ofo小黄车官方版\\__APP__/services/request.js"}},{"type":"read","from":{"name":"d.lat","loc":{"line":40,"column":37},"id":54680,"file":"D:\\WORK\\2022\\论文相关\\TOSEM\\MiniApp-review\\flow-baseline\\datasetPopular\\ofo小黄车官方版\\__APP__/services/request.js"},"to":{"name":"d","loc":{"line":43,"column":104},"id":54756,"file":"D:\\WORK\\2022\\论文相关\\TOSEM\\MiniApp-review\\flow-baseline\\datasetPopular\\ofo小黄车官方版\\__APP__/services/request.js"}},{"type":"read","from":{"name":"d","loc":{"line":43,"column":104},"id":54756,"file":"D:\\WORK\\2022\\论文相关\\TOSEM\\MiniApp-review\\flow-baseline\\datasetPopular\\ofo小黄车官方版\\__APP__/services/request.js"},"to":{"name":"d","loc":{"line":50,"column":52},"id":54787,"file":"D:\\WORK\\2022\\论文相关\\TOSEM\\MiniApp-review\\flow-baseline\\datasetPopular\\ofo小黄车官方版\\__APP__/services/request.js"}},{"type":"to callee","from":{"name":"d","loc":{"line":43,"column":104},"id":54756,"file":"D:\\WORK\\2022\\论文相关\\TOSEM\\MiniApp-review\\flow-baseline\\datasetPopular\\ofo小黄车官方版\\__APP__/services/request.js"},"to":{"name":"_formdata2.default","loc":{"line":43,"column":84},"id":54753,"file":"D:\\WORK\\2022\\论文相关\\TOSEM\\MiniApp-review\\flow-baseline\\datasetPopular\\ofo小黄车官方版\\__APP__/services/request.js"}},{"type":"assign to","from":{"name":"d","loc":{"line":50,"column":52},"id":54787,"file":"D:\\WORK\\2022\\论文相关\\TOSEM\\MiniApp-review\\flow-baseline\\datasetPopular\\ofo小黄车官方版\\__APP__/services/request.js"},"to":{"name":"data","loc":{"line":50,"column":16},"id":54778,"file":"D:\\WORK\\2022\\论文相关\\TOSEM\\MiniApp-review\\flow-baseline\\datasetPopular\\ofo小黄车官方版\\__APP__/services/request.js"}},{"type":"to callee","from":{"name":"data","loc":{"line":50,"column":16},"id":54778,"file":"D:\\WORK\\2022\\论文相关\\TOSEM\\MiniApp-review\\flow-baseline\\datasetPopular\\ofo小黄车官方版\\__APP__/services/request.js"},"to":{"name":"_index2.default.request","loc":{"line":44,"column":12},"id":54759,"file":"D:\\WORK\\2022\\论文相关\\TOSEM\\MiniApp-review\\flow-baseline\\datasetPopular\\ofo小黄车官方版\\__APP__/services/request.js"}}]}]}],"writeShadows":[{"shadowVar":{"id":-8596,"declaredName":"__object__getApp.latlng.lat","file":"/services/request.js","type":"normal"},"writeAccess":[]}]},{"propName":".latlng.lng","readShadows":[{"shadowVar":{"id":-8598,"declaredName":"__object__getApp.latlng.lng","file":"/services/request.js","type":"normal"},"readAccess":[{"leftVar":[{"id":-8599,"declaredName":"e.data.lng","file":"/services/request.js","type":"normal"}],"readFlow":[{"type":"assign to","from":{"name":"u.latlng.lng","loc":{"line":40,"column":67},"id":54692,"file":"D:\\WORK\\2022\\论文相关\\TOSEM\\MiniApp-review\\flow-baseline\\datasetPopular\\ofo小黄车官方版\\__APP__/services/request.js"},"to":{"name":"d.lng","loc":{"line":40,"column":59},"id":54689,"file":"D:\\WORK\\2022\\论文相关\\TOSEM\\MiniApp-review\\flow-baseline\\datasetPopular\\ofo小黄车官方版\\__APP__/services/request.js"}},{"type":"read","from":{"name":"d.lng","loc":{"line":40,"column":59},"id":54689,"file":"D:\\WORK\\2022\\论文相关\\TOSEM\\MiniApp-review\\flow-baseline\\datasetPopular\\ofo小黄车官方版\\__APP__/services/request.js"},"to":{"name":"d","loc":{"line":43,"column":104},"id":54756,"file":"D:\\WORK\\2022\\论文相关\\TOSEM\\MiniApp-review\\flow-baseline\\datasetPopular\\ofo小黄车官方版\\__APP__/services/request.js"}},{"type":"read","from":{"name":"d","loc":{"line":43,"column":104},"id":54756,"file":"D:\\WORK\\2022\\论文相关\\TOSEM\\MiniApp-review\\flow-baseline\\datasetPopular\\ofo小黄车官方版\\__APP__/services/request.js"},"to":{"name":"d","loc":{"line":50,"column":52},"id":54787,"file":"D:\\WORK\\2022\\论文相关\\TOSEM\\MiniApp-review\\flow-baseline\\datasetPopular\\ofo小黄车官方版\\__APP__/services/request.js"}},{"type":"to callee","from":{"name":"d","loc":{"line":43,"column":104},"id":54756,"file":"D:\\WORK\\2022\\论文相关\\TOSEM\\MiniApp-review\\flow-baseline\\datasetPopular\\ofo小黄车官方版\\__APP__/services/request.js"},"to":{"name":"_formdata2.default","loc":{"line":43,"column":84},"id":54753,"file":"D:\\WORK\\2022\\论文相关\\TOSEM\\MiniApp-review\\flow-baseline\\datasetPopular\\ofo小黄车官方版\\__APP__/services/request.js"}},{"type":"assign to","from":{"name":"d","loc":{"line":50,"column":52},"id":54787,"file":"D:\\WORK\\2022\\论文相关\\TOSEM\\MiniApp-review\\flow-baseline\\datasetPopular\\ofo小黄车官方版\\__APP__/services/request.js"},"to":{"name":"data","loc":{"line":50,"column":16},"id":54778,"file":"D:\\WORK\\2022\\论文相关\\TOSEM\\MiniApp-review\\flow-baseline\\datasetPopular\\ofo小黄车官方版\\__APP__/services/request.js"}},{"type":"to callee","from":{"name":"data","loc":{"line":50,"column":16},"id":54778,"file":"D:\\WORK\\2022\\论文相关\\TOSEM\\MiniApp-review\\flow-baseline\\datasetPopular\\ofo小黄车官方版\\__APP__/services/request.js"},"to":{"name":"_index2.default.request","loc":{"line":44,"column":12},"id":54759,"file":"D:\\WORK\\2022\\论文相关\\TOSEM\\MiniApp-review\\flow-baseline\\datasetPopular\\ofo小黄车官方版\\__APP__/services/request.js"}}]}]}],"writeShadows":[{"shadowVar":{"id":-8598,"declaredName":"__object__getApp.latlng.lng","file":"/services/request.js","type":"normal"},"writeAccess":[]}]},{"propName":".location","readShadows":[{"shadowVar":{"id":-8603,"declaredName":"__object__getApp.location","file":"/services/request.js","type":"normal"},"readAccess":[{"leftVar":[{"id":-8604,"declaredName":"e.data.location","file":"/services/request.js","type":"normal"}],"readFlow":[{"type":"assign to","from":{"name":"u.location","loc":{"line":41,"column":25},"id":54710,"file":"D:\\WORK\\2022\\论文相关\\TOSEM\\MiniApp-review\\flow-baseline\\datasetPopular\\ofo小黄车官方版\\__APP__/services/request.js"},"to":{"name":"d.location","loc":{"line":41,"column":12},"id":54707,"file":"D:\\WORK\\2022\\论文相关\\TOSEM\\MiniApp-review\\flow-baseline\\datasetPopular\\ofo小黄车官方版\\__APP__/services/request.js"}},{"type":"read","from":{"name":"d.location","loc":{"line":41,"column":12},"id":54707,"file":"D:\\WORK\\2022\\论文相关\\TOSEM\\MiniApp-review\\flow-baseline\\datasetPopular\\ofo小黄车官方版\\__APP__/services/request.js"},"to":{"name":"d","loc":{"line":43,"column":104},"id":54756,"file":"D:\\WORK\\2022\\论文相关\\TOSEM\\MiniApp-review\\flow-baseline\\datasetPopular\\ofo小黄车官方版\\__APP__/services/request.js"}},{"type":"read","from":{"name":"d","loc":{"line":43,"column":104},"id":54756,"file":"D:\\WORK\\2022\\论文相关\\TOSEM\\MiniApp-review\\flow-baseline\\datasetPopular\\ofo小黄车官方版\\__APP__/services/request.js"},"to":{"name":"d","loc":{"line":50,"column":52},"id":54787,"file":"D:\\WORK\\2022\\论文相关\\TOSEM\\MiniApp-review\\flow-baseline\\datasetPopular\\ofo小黄车官方版\\__APP__/services/request.js"}},{"type":"to callee","from":{"name":"d","loc":{"line":43,"column":104},"id":54756,"file":"D:\\WORK\\2022\\论文相关\\TOSEM\\MiniApp-review\\flow-baseline\\datasetPopular\\ofo小黄车官方版\\__APP__/services/request.js"},"to":{"name":"_formdata2.default","loc":{"line":43,"column":84},"id":54753,"file":"D:\\WORK\\2022\\论文相关\\TOSEM\\MiniApp-review\\flow-baseline\\datasetPopular\\ofo小黄车官方版\\__APP__/services/request.js"}},{"type":"assign to","from":{"name":"d","loc":{"line":50,"column":52},"id":54787,"file":"D:\\WORK\\2022\\论文相关\\TOSEM\\MiniApp-review\\flow-baseline\\datasetPopular\\ofo小黄车官方版\\__APP__/services/request.js"},"to":{"name":"data","loc":{"line":50,"column":16},"id":54778,"file":"D:\\WORK\\2022\\论文相关\\TOSEM\\MiniApp-review\\flow-baseline\\datasetPopular\\ofo小黄车官方版\\__APP__/services/request.js"}},{"type":"to callee","from":{"name":"data","loc":{"line":50,"column":16},"id":54778,"file":"D:\\WORK\\2022\\论文相关\\TOSEM\\MiniApp-review\\flow-baseline\\datasetPopular\\ofo小黄车官方版\\__APP__/services/request.js"},"to":{"name":"_index2.default.request","loc":{"line":44,"column":12},"id":54759,"file":"D:\\WORK\\2022\\论文相关\\TOSEM\\MiniApp-review\\flow-baseline\\datasetPopular\\ofo小黄车官方版\\__APP__/services/request.js"}}]}]}],"writeShadows":[{"shadowVar":{"id":-8603,"declaredName":"__object__getApp.location","file":"/services/request.js","type":"normal"},"writeAccess":[]}]},{"propName":".get","readShadows":[{"shadowVar":{"id":-9428,"declaredName":"__object__getApp.get","file":"/pages/bike/index.js","type":"normal"},"readAccess":[{"leftVar":[{"id":64405,"declaredName":"__object__166.packetid","declaredLoc":{"line":169,"column":24},"file":"/pages/bike/index.js","type":"normal"}],"readFlow":[{"type":"assign to","from":{"name":"app.get","loc":{"line":169,"column":34},"id":64407,"file":"D:\\WORK\\2022\\论文相关\\TOSEM\\MiniApp-review\\flow-baseline\\datasetPopular\\ofo小黄车官方版\\__APP__/pages/bike/index.js"},"to":{"name":"packetid","loc":{"line":169,"column":24},"id":64405,"file":"D:\\WORK\\2022\\论文相关\\TOSEM\\MiniApp-review\\flow-baseline\\datasetPopular\\ofo小黄车官方版\\__APP__/pages/bike/index.js"}},{"type":"assign to","from":{"name":"packetid","loc":{"line":169,"column":24},"id":64405,"file":"D:\\WORK\\2022\\论文相关\\TOSEM\\MiniApp-review\\flow-baseline\\datasetPopular\\ofo小黄车官方版\\__APP__/pages/bike/index.js"},"to":{"name":"r","loc":{"line":166,"column":24},"id":64392,"file":"D:\\WORK\\2022\\论文相关\\TOSEM\\MiniApp-review\\flow-baseline\\datasetPopular\\ofo小黄车官方版\\__APP__/pages/bike/index.js"}},{"type":"read","from":{"name":"packetid","loc":{"line":169,"column":24},"id":64405,"file":"D:\\WORK\\2022\\论文相关\\TOSEM\\MiniApp-review\\flow-baseline\\datasetPopular\\ofo小黄车官方版\\__APP__/pages/bike/index.js"},"to":{"name":"r","loc":{"line":173,"column":83},"id":64445,"file":"D:\\WORK\\2022\\论文相关\\TOSEM\\MiniApp-review\\flow-baseline\\datasetPopular\\ofo小黄车官方版\\__APP__/pages/bike/index.js"}},{"type":"to callee","from":{"name":"r","loc":{"line":173,"column":83},"id":64445,"file":"D:\\WORK\\2022\\论文相关\\TOSEM\\MiniApp-review\\flow-baseline\\datasetPopular\\ofo小黄车官方版\\__APP__/pages/bike/index.js"},"to":{"name":"_url.extendParamsToWp","loc":{"line":173,"column":33},"id":64441,"file":"D:\\WORK\\2022\\论文相关\\TOSEM\\MiniApp-review\\flow-baseline\\datasetPopular\\ofo小黄车官方版\\__APP__/pages/bike/index.js"}},{"type":"read","from":{"name":"r","loc":{"line":166,"column":24},"id":64392,"file":"D:\\WORK\\2022\\论文相关\\TOSEM\\MiniApp-review\\flow-baseline\\datasetPopular\\ofo小黄车官方版\\__APP__/pages/bike/index.js"},"to":{"name":"r","loc":{"line":173,"column":83},"id":64445,"file":"D:\\WORK\\2022\\论文相关\\TOSEM\\MiniApp-review\\flow-baseline\\datasetPopular\\ofo小黄车官方版\\__APP__/pages/bike/index.js"}}]}]},{"shadowVar":{"id":-9984,"declaredName":"__object__getApp.get","file":"/pages/map/map.js","type":"normal"},"readAccess":[{"leftVar":[{"id":69917,"declaredName":"n","declaredLoc":{"line":163,"column":20},"file":"/pages/map/map.js","type":"normal"}],"readFlow":[{"type":"assign to","from":{"name":"app.get","loc":{"line":163,"column":24},"id":69919,"file":"D:\\WORK\\2022\\论文相关\\TOSEM\\MiniApp-review\\flow-baseline\\datasetPopular\\ofo小黄车官方版\\__APP__/pages/map/map.js"},"to":{"name":"n","loc":{"line":163,"column":20},"id":69917,"file":"D:\\WORK\\2022\\论文相关\\TOSEM\\MiniApp-review\\flow-baseline\\datasetPopular\\ofo小黄车官方版\\__APP__/pages/map/map.js"}},{"type":"read","from":{"name":"n","loc":{"line":163,"column":20},"id":69917,"file":"D:\\WORK\\2022\\论文相关\\TOSEM\\MiniApp-review\\flow-baseline\\datasetPopular\\ofo小黄车官方版\\__APP__/pages/map/map.js"},"to":{"name":"n","loc":{"line":164,"column":17},"id":69964,"file":"D:\\WORK\\2022\\论文相关\\TOSEM\\MiniApp-review\\flow-baseline\\datasetPopular\\ofo小黄车官方版\\__APP__/pages/map/map.js"}}]},{"leftVar":[{"id":69926,"declaredName":"o","declaredLoc":{"line":163,"column":59},"file":"/pages/map/map.js","type":"normal"}],"readFlow":[{"type":"assign to","from":{"name":"app.get","loc":{"line":163,"column":63},"id":69928,"file":"D:\\WORK\\2022\\论文相关\\TOSEM\\MiniApp-review\\flow-baseline\\datasetPopular\\ofo小黄车官方版\\__APP__/pages/map/map.js"},"to":{"name":"o","loc":{"line":163,"column":59},"id":69926,"file":"D:\\WORK\\2022\\论文相关\\TOSEM\\MiniApp-review\\flow-baseline\\datasetPopular\\ofo小黄车官方版\\__APP__/pages/map/map.js"}},{"type":"read","from":{"name":"o","loc":{"line":163,"column":59},"id":69926,"file":"D:\\WORK\\2022\\论文相关\\TOSEM\\MiniApp-review\\flow-baseline\\datasetPopular\\ofo小黄车官方版\\__APP__/pages/map/map.js"},"to":{"name":"o","loc":{"line":164,"column":22},"id":69965,"file":"D:\\WORK\\2022\\论文相关\\TOSEM\\MiniApp-review\\flow-baseline\\datasetPopular\\ofo小黄车官方版\\__APP__/pages/map/map.js"}},{"type":"read","from":{"name":"o","loc":{"line":164,"column":22},"id":69965,"file":"D:\\WORK\\2022\\论文相关\\TOSEM\\MiniApp-review\\flow-baseline\\datasetPopular\\ofo小黄车官方版\\__APP__/pages/map/map.js"},"to":{"name":"o","loc":{"line":166,"column":28},"id":69976,"file":"D:\\WORK\\2022\\论文相关\\TOSEM\\MiniApp-review\\flow-baseline\\datasetPopular\\ofo小黄车官方版\\__APP__/pages/map/map.js"}},{"type":"assign to","from":{"name":"o","loc":{"line":166,"column":28},"id":69976,"file":"D:\\WORK\\2022\\论文相关\\TOSEM\\MiniApp-review\\flow-baseline\\datasetPopular\\ofo小黄车官方版\\__APP__/pages/map/map.js"},"to":{"name":"avatar","loc":{"line":166,"column":20},"id":69975,"file":"D:\\WORK\\2022\\论文相关\\TOSEM\\MiniApp-review\\flow-baseline\\datasetPopular\\ofo小黄车官方版\\__APP__/pages/map/map.js"}},{"type":"to callee","from":{"name":"avatar","loc":{"line":166,"column":20},"id":69975,"file":"D:\\WORK\\2022\\论文相关\\TOSEM\\MiniApp-review\\flow-baseline\\datasetPopular\\ofo小黄车官方版\\__APP__/pages/map/map.js"},"to":{"name":"s.setState","loc":{"line":164,"column":28},"id":69967,"file":"D:\\WORK\\2022\\论文相关\\TOSEM\\MiniApp-review\\flow-baseline\\datasetPopular\\ofo小黄车官方版\\__APP__/pages/map/map.js"}}]},{"leftVar":[{"id":69935,"declaredName":"r","declaredLoc":{"line":163,"column":98},"file":"/pages/map/map.js","type":"normal"}],"readFlow":[{"type":"assign to","from":{"name":"app.get","loc":{"line":163,"column":106},"id":69939,"file":"D:\\WORK\\2022\\论文相关\\TOSEM\\MiniApp-review\\flow-baseline\\datasetPopular\\ofo小黄车官方版\\__APP__/pages/map/map.js"},"to":{"name":"r","loc":{"line":163,"column":98},"id":69935,"file":"D:\\WORK\\2022\\论文相关\\TOSEM\\MiniApp-review\\flow-baseline\\datasetPopular\\ofo小黄车官方版\\__APP__/pages/map/map.js"}},{"type":"read","from":{"name":"r","loc":{"line":163,"column":98},"id":69935,"file":"D:\\WORK\\2022\\论文相关\\TOSEM\\MiniApp-review\\flow-baseline\\datasetPopular\\ofo小黄车官方版\\__APP__/pages/map/map.js"},"to":{"name":"r","loc":{"line":167,"column":28},"id":69979,"file":"D:\\WORK\\2022\\论文相关\\TOSEM\\MiniApp-review\\flow-baseline\\datasetPopular\\ofo小黄车官方版\\__APP__/pages/map/map.js"}},{"type":"assign to","from":{"name":"r","loc":{"line":167,"column":28},"id":69979,"file":"D:\\WORK\\2022\\论文相关\\TOSEM\\MiniApp-review\\flow-baseline\\datasetPopular\\ofo小黄车官方版\\__APP__/pages/map/map.js"},"to":{"name":"isAuth","loc":{"line":167,"column":20},"id":69978,"file":"D:\\WORK\\2022\\论文相关\\TOSEM\\MiniApp-review\\flow-baseline\\datasetPopular\\ofo小黄车官方版\\__APP__/pages/map/map.js"}},{"type":"to callee","from":{"name":"isAuth","loc":{"line":167,"column":20},"id":69978,"file":"D:\\WORK\\2022\\论文相关\\TOSEM\\MiniApp-review\\flow-baseline\\datasetPopular\\ofo小黄车官方版\\__APP__/pages/map/map.js"},"to":{"name":"s.setState","loc":{"line":164,"column":28},"id":69967,"file":"D:\\WORK\\2022\\论文相关\\TOSEM\\MiniApp-review\\flow-baseline\\datasetPopular\\ofo小黄车官方版\\__APP__/pages/map/map.js"}}]}]},{"shadowVar":{"id":-10501,"declaredName":"__object__getApp.get","file":"/pages/unlock/index.js","type":"normal"},"readAccess":[{"leftVar":[{"id":76306,"declaredName":"r","declaredLoc":{"line":95,"column":36},"file":"/pages/unlock/index.js","type":"normal"}],"readFlow":[{"type":"assign to","from":{"name":"app.get","loc":{"line":95,"column":40},"id":76308,"file":"D:\\WORK\\2022\\论文相关\\TOSEM\\MiniApp-review\\flow-baseline\\datasetPopular\\ofo小黄车官方版\\__APP__/pages/unlock/index.js"},"to":{"name":"r","loc":{"line":95,"column":36},"id":76306,"file":"D:\\WORK\\2022\\论文相关\\TOSEM\\MiniApp-review\\flow-baseline\\datasetPopular\\ofo小黄车官方版\\__APP__/pages/unlock/index.js"}},{"type":"read","from":{"name":"r","loc":{"line":95,"column":36},"id":76306,"file":"D:\\WORK\\2022\\论文相关\\TOSEM\\MiniApp-review\\flow-baseline\\datasetPopular\\ofo小黄车官方版\\__APP__/pages/unlock/index.js"},"to":{"name":"r","loc":{"line":95,"column":73},"id":76319,"file":"D:\\WORK\\2022\\论文相关\\TOSEM\\MiniApp-review\\flow-baseline\\datasetPopular\\ofo小黄车官方版\\__APP__/pages/unlock/index.js"}},{"type":"read","from":{"name":"r","loc":{"line":95,"column":73},"id":76319,"file":"D:\\WORK\\2022\\论文相关\\TOSEM\\MiniApp-review\\flow-baseline\\datasetPopular\\ofo小黄车官方版\\__APP__/pages/unlock/index.js"},"to":{"name":"r","loc":{"line":95,"column":78},"id":76321,"file":"D:\\WORK\\2022\\论文相关\\TOSEM\\MiniApp-review\\flow-baseline\\datasetPopular\\ofo小黄车官方版\\__APP__/pages/unlock/index.js"}},{"type":"assign to","from":{"name":"r","loc":{"line":95,"column":78},"id":76321,"file":"D:\\WORK\\2022\\论文相关\\TOSEM\\MiniApp-review\\flow-baseline\\datasetPopular\\ofo小黄车官方版\\__APP__/pages/unlock/index.js"},"to":{"name":"n","loc":{"line":95,"column":65},"id":76315,"file":"D:\\WORK\\2022\\论文相关\\TOSEM\\MiniApp-review\\flow-baseline\\datasetPopular\\ofo小黄车官方版\\__APP__/pages/unlock/index.js"}},{"type":"read","from":{"name":"n","loc":{"line":95,"column":65},"id":76315,"file":"D:\\WORK\\2022\\论文相关\\TOSEM\\MiniApp-review\\flow-baseline\\datasetPopular\\ofo小黄车官方版\\__APP__/pages/unlock/index.js"},"to":{"name":"n","loc":{"line":97,"column":26},"id":76337,"file":"D:\\WORK\\2022\\论文相关\\TOSEM\\MiniApp-review\\flow-baseline\\datasetPopular\\ofo小黄车官方版\\__APP__/pages/unlock/index.js"}},{"type":"assign to","from":{"name":"n","loc":{"line":97,"column":26},"id":76337,"file":"D:\\WORK\\2022\\论文相关\\TOSEM\\MiniApp-review\\flow-baseline\\datasetPopular\\ofo小黄车官方版\\__APP__/pages/unlock/index.js"},"to":{"name":"canClick","loc":{"line":97,"column":16},"id":76336,"file":"D:\\WORK\\2022\\论文相关\\TOSEM\\MiniApp-review\\flow-baseline\\datasetPopular\\ofo小黄车官方版\\__APP__/pages/unlock/index.js"}},{"type":"to callee","from":{"name":"canClick","loc":{"line":97,"column":16},"id":76336,"file":"D:\\WORK\\2022\\论文相关\\TOSEM\\MiniApp-review\\flow-baseline\\datasetPopular\\ofo小黄车官方版\\__APP__/pages/unlock/index.js"},"to":{"name":"o.setState","loc":{"line":96,"column":25},"id":76331,"file":"D:\\WORK\\2022\\论文相关\\TOSEM\\MiniApp-review\\flow-baseline\\datasetPopular\\ofo小黄车官方版\\__APP__/pages/unlock/index.js"}}]}]}],"writeShadows":[{"shadowVar":{"id":-9428,"declaredName":"__object__getApp.get","file":"/pages/bike/index.js","type":"normal"},"writeAccess":[]},{"shadowVar":{"id":-9984,"declaredName":"__object__getApp.get","file":"/pages/map/map.js","type":"normal"},"writeAccess":[]},{"shadowVar":{"id":-10501,"declaredName":"__object__getApp.get","file":"/pages/unlock/index.js","type":"normal"},"writeAccess":[]}]},{"propName":".get.substring","readShadows":[{"shadowVar":{"id":-9985,"declaredName":"__object__getApp.get.substring","file":"/pages/map/map.js","type":"normal"},"readAccess":[{"leftVar":[{"id":69946,"declaredName":"i","declaredLoc":{"line":163,"column":142},"file":"/pages/map/map.js","type":"normal"}],"readFlow":[{"type":"assign to","from":{"name":"n.substring","loc":{"line":163,"column":175},"id":69957,"file":"D:\\WORK\\2022\\论文相关\\TOSEM\\MiniApp-review\\flow-baseline\\datasetPopular\\ofo小黄车官方版\\__APP__/pages/map/map.js"},"to":{"name":"i","loc":{"line":163,"column":142},"id":69946,"file":"D:\\WORK\\2022\\论文相关\\TOSEM\\MiniApp-review\\flow-baseline\\datasetPopular\\ofo小黄车官方版\\__APP__/pages/map/map.js"}},{"type":"read","from":{"name":"i","loc":{"line":163,"column":142},"id":69946,"file":"D:\\WORK\\2022\\论文相关\\TOSEM\\MiniApp-review\\flow-baseline\\datasetPopular\\ofo小黄车官方版\\__APP__/pages/map/map.js"},"to":{"name":"i","loc":{"line":165,"column":30},"id":69973,"file":"D:\\WORK\\2022\\论文相关\\TOSEM\\MiniApp-review\\flow-baseline\\datasetPopular\\ofo小黄车官方版\\__APP__/pages/map/map.js"}},{"type":"assign to","from":{"name":"i","loc":{"line":165,"column":30},"id":69973,"file":"D:\\WORK\\2022\\论文相关\\TOSEM\\MiniApp-review\\flow-baseline\\datasetPopular\\ofo小黄车官方版\\__APP__/pages/map/map.js"},"to":{"name":"phoneNum","loc":{"line":165,"column":20},"id":69972,"file":"D:\\WORK\\2022\\论文相关\\TOSEM\\MiniApp-review\\flow-baseline\\datasetPopular\\ofo小黄车官方版\\__APP__/pages/map/map.js"}},{"type":"to callee","from":{"name":"phoneNum","loc":{"line":165,"column":20},"id":69972,"file":"D:\\WORK\\2022\\论文相关\\TOSEM\\MiniApp-review\\flow-baseline\\datasetPopular\\ofo小黄车官方版\\__APP__/pages/map/map.js"},"to":{"name":"s.setState","loc":{"line":164,"column":28},"id":69967,"file":"D:\\WORK\\2022\\论文相关\\TOSEM\\MiniApp-review\\flow-baseline\\datasetPopular\\ofo小黄车官方版\\__APP__/pages/map/map.js"}}]}]}],"writeShadows":[{"shadowVar":{"id":-9985,"declaredName":"__object__getApp.get.substring","file":"/pages/map/map.js","type":"normal"},"writeAccess":[]}]}]}]}