[{"file":"D:\\WORK\\2022\\论文相关\\TOSEM\\MiniApp-review\\flow-baseline\\datasetPopular\\ofo小黄车官方版\\__APP__/npm/@tarojs/taro-weapp/dist/index.js","flow_count":4,"flow":[{"source":{"api":"wx.getSystemInfoSync","type":"API:return-value","loc":{"line":1371,"column":12},"file":"/npm/@tarojs/taro-weapp/dist/index.js"},"flow":[{"type":"assign to","from":{"name":"wx.getSystemInfoSync().platform.toLowerCase","loc":{"line":1371,"column":12},"id":108169,"file":"D:\\WORK\\2022\\论文相关\\TOSEM\\MiniApp-review\\flow-baseline\\datasetPopular\\ofo小黄车官方版\\__APP__/npm/@tarojs/taro-weapp/dist/index.js","fromSource":{"api":"wx.getSystemInfoSync().platform.toLowerCase","loc":{"line":1371,"column":12},"type":"API:return-value","file":"D:\\WORK\\2022\\论文相关\\TOSEM\\MiniApp-review\\flow-baseline\\datasetPopular\\ofo小黄车官方版\\__APP__/npm/@tarojs/taro-weapp/dist/index.js"}},"to":{"name":"e","loc":{"line":1371,"column":8},"id":108167,"file":"D:\\WORK\\2022\\论文相关\\TOSEM\\MiniApp-review\\flow-baseline\\datasetPopular\\ofo小黄车官方版\\__APP__/npm/@tarojs/taro-weapp/dist/index.js"},"crossFile":false,"crossField":false},{"type":"read","from":{"name":"e","loc":{"line":1371,"column":8},"id":108167,"file":"D:\\WORK\\2022\\论文相关\\TOSEM\\MiniApp-review\\flow-baseline\\datasetPopular\\ofo小黄车官方版\\__APP__/npm/@tarojs/taro-weapp/dist/index.js"},"to":{"name":"e","loc":{"line":1372,"column":25},"id":108181,"file":"D:\\WORK\\2022\\论文相关\\TOSEM\\MiniApp-review\\flow-baseline\\datasetPopular\\ofo小黄车官方版\\__APP__/npm/@tarojs/taro-weapp/dist/index.js"},"crossFile":false,"crossField":false},{"type":"read","from":{"name":"e","loc":{"line":1372,"column":25},"id":108181,"file":"D:\\WORK\\2022\\论文相关\\TOSEM\\MiniApp-review\\flow-baseline\\datasetPopular\\ofo小黄车官方版\\__APP__/npm/@tarojs/taro-weapp/dist/index.js"},"to":{"name":"e","loc":{"line":1372,"column":45},"id":108184,"file":"D:\\WORK\\2022\\论文相关\\TOSEM\\MiniApp-review\\flow-baseline\\datasetPopular\\ofo小黄车官方版\\__APP__/npm/@tarojs/taro-weapp/dist/index.js"},"crossFile":false,"crossField":false}]},{"source":{"api":"wx.getSystemInfoSync.platform.toLowerCase","type":"API:return-value","loc":{"line":1371,"column":12},"file":"/npm/@tarojs/taro-weapp/dist/index.js"},"flow":[{"type":"assign to","from":{"name":"wx.getSystemInfoSync().platform.toLowerCase","loc":{"line":1371,"column":12},"id":108169,"file":"D:\\WORK\\2022\\论文相关\\TOSEM\\MiniApp-review\\flow-baseline\\datasetPopular\\ofo小黄车官方版\\__APP__/npm/@tarojs/taro-weapp/dist/index.js","fromSource":{"api":"wx.getSystemInfoSync().platform.toLowerCase","loc":{"line":1371,"column":12},"type":"API:return-value","file":"D:\\WORK\\2022\\论文相关\\TOSEM\\MiniApp-review\\flow-baseline\\datasetPopular\\ofo小黄车官方版\\__APP__/npm/@tarojs/taro-weapp/dist/index.js"}},"to":{"name":"e","loc":{"line":1371,"column":8},"id":108167,"file":"D:\\WORK\\2022\\论文相关\\TOSEM\\MiniApp-review\\flow-baseline\\datasetPopular\\ofo小黄车官方版\\__APP__/npm/@tarojs/taro-weapp/dist/index.js"},"crossFile":false,"crossField":false},{"type":"read","from":{"name":"e","loc":{"line":1371,"column":8},"id":108167,"file":"D:\\WORK\\2022\\论文相关\\TOSEM\\MiniApp-review\\flow-baseline\\datasetPopular\\ofo小黄车官方版\\__APP__/npm/@tarojs/taro-weapp/dist/index.js"},"to":{"name":"e","loc":{"line":1372,"column":25},"id":108181,"file":"D:\\WORK\\2022\\论文相关\\TOSEM\\MiniApp-review\\flow-baseline\\datasetPopular\\ofo小黄车官方版\\__APP__/npm/@tarojs/taro-weapp/dist/index.js"},"crossFile":false,"crossField":false},{"type":"read","from":{"name":"e","loc":{"line":1372,"column":25},"id":108181,"file":"D:\\WORK\\2022\\论文相关\\TOSEM\\MiniApp-review\\flow-baseline\\datasetPopular\\ofo小黄车官方版\\__APP__/npm/@tarojs/taro-weapp/dist/index.js"},"to":{"name":"e","loc":{"line":1372,"column":45},"id":108184,"file":"D:\\WORK\\2022\\论文相关\\TOSEM\\MiniApp-review\\flow-baseline\\datasetPopular\\ofo小黄车官方版\\__APP__/npm/@tarojs/taro-weapp/dist/index.js"},"crossFile":false,"crossField":false}]},{"source":{"api":"wx.request","type":"API:return-value","loc":{"line":1287,"column":15},"file":"/npm/@tarojs/taro-weapp/dist/index.js"},"flow":[{"type":"to callee","from":{"name":"wx","loc":{"line":1326,"column":99},"id":107599,"file":"D:\\WORK\\2022\\论文相关\\TOSEM\\MiniApp-review\\flow-baseline\\datasetPopular\\ofo小黄车官方版\\__APP__/npm/@tarojs/taro-weapp/dist/index.js"},"to":{"name":"wx[b].apply","loc":{"line":1326,"column":87},"id":107594,"file":"D:\\WORK\\2022\\论文相关\\TOSEM\\MiniApp-review\\flow-baseline\\datasetPopular\\ofo小黄车官方版\\__APP__/npm/@tarojs/taro-weapp/dist/index.js"},"crossFile":false,"crossField":false},{"type":"assign to","from":{"name":"wx","loc":{"line":1331,"column":61},"id":107704,"file":"D:\\WORK\\2022\\论文相关\\TOSEM\\MiniApp-review\\flow-baseline\\datasetPopular\\ofo小黄车官方版\\__APP__/npm/@tarojs/taro-weapp/dist/index.js"},"to":{"name":"r","loc":{"line":1331,"column":57},"id":107703,"file":"D:\\WORK\\2022\\论文相关\\TOSEM\\MiniApp-review\\flow-baseline\\datasetPopular\\ofo小黄车官方版\\__APP__/npm/@tarojs/taro-weapp/dist/index.js"},"crossFile":false,"crossField":false},{"type":"assign to","from":{"name":"wx","loc":{"line":1347,"column":40},"id":108008,"file":"D:\\WORK\\2022\\论文相关\\TOSEM\\MiniApp-review\\flow-baseline\\datasetPopular\\ofo小黄车官方版\\__APP__/npm/@tarojs/taro-weapp/dist/index.js"},"to":{"name":"e","loc":{"line":1347,"column":36},"id":108007,"file":"D:\\WORK\\2022\\论文相关\\TOSEM\\MiniApp-review\\flow-baseline\\datasetPopular\\ofo小黄车官方版\\__APP__/npm/@tarojs/taro-weapp/dist/index.js"},"crossFile":false,"crossField":false}]},{"source":{"api":"wx.request","loc":{"line":1287,"column":15},"type":"API:callback","file":"/npm/@tarojs/taro-weapp/dist/index.js"},"flow":[]}]}]