[{"this":{"name":"__object__require__<./npm/@tarojs/taro-weapp/index.js>","file":"D:\\WORK\\2022\\论文相关\\TOSEM\\MiniApp-review\\flow-baseline\\datasetPopular\\ofo小黄车官方版\\__APP__/app.js"},"that":{"name":"exports","file":"D:\\WORK\\2022\\论文相关\\TOSEM\\MiniApp-review\\flow-baseline\\datasetPopular\\ofo小黄车官方版\\__APP__/npm/@tarojs/taro-weapp/index.js"}},{"this":{"name":"__object__require__<./npm/@tarojs/mobx/index.js>","file":"D:\\WORK\\2022\\论文相关\\TOSEM\\MiniApp-review\\flow-baseline\\datasetPopular\\ofo小黄车官方版\\__APP__/app.js"},"that":{"name":"exports","file":"D:\\WORK\\2022\\论文相关\\TOSEM\\MiniApp-review\\flow-baseline\\datasetPopular\\ofo小黄车官方版\\__APP__/npm/@tarojs/mobx/index.js"}},{"this":{"name":"__object__require__<./store/index.js>","file":"D:\\WORK\\2022\\论文相关\\TOSEM\\MiniApp-review\\flow-baseline\\datasetPopular\\ofo小黄车官方版\\__APP__/app.js"},"that":{"name":"exports","file":"D:\\WORK\\2022\\论文相关\\TOSEM\\MiniApp-review\\flow-baseline\\datasetPopular\\ofo小黄车官方版\\__APP__/store/index.js"}},{"this":{"name":"__object__require__<./config/index.js>","file":"D:\\WORK\\2022\\论文相关\\TOSEM\\MiniApp-review\\flow-baseline\\datasetPopular\\ofo小黄车官方版\\__APP__/app.js"},"that":{"name":"exports","file":"D:\\WORK\\2022\\论文相关\\TOSEM\\MiniApp-review\\flow-baseline\\datasetPopular\\ofo小黄车官方版\\__APP__/config/index.js"}},{"this":{"name":"__object__require__<./constant/index.js>","file":"D:\\WORK\\2022\\论文相关\\TOSEM\\MiniApp-review\\flow-baseline\\datasetPopular\\ofo小黄车官方版\\__APP__/app.js"},"that":{"name":"exports","file":"D:\\WORK\\2022\\论文相关\\TOSEM\\MiniApp-review\\flow-baseline\\datasetPopular\\ofo小黄车官方版\\__APP__/constant/index.js"}},{"this":{"name":"STORE","file":"D:\\WORK\\2022\\论文相关\\TOSEM\\MiniApp-review\\flow-baseline\\datasetPopular\\ofo小黄车官方版\\__APP__/app.js"},"that":{"name":"STORE","file":"D:\\WORK\\2022\\论文相关\\TOSEM\\MiniApp-review\\flow-baseline\\datasetPopular\\ofo小黄车官方版\\__APP__/constant/index.js"}},{"this":{"name":"TOKEN","file":"D:\\WORK\\2022\\论文相关\\TOSEM\\MiniApp-review\\flow-baseline\\datasetPopular\\ofo小黄车官方版\\__APP__/app.js"},"that":{"name":"TOKEN","file":"D:\\WORK\\2022\\论文相关\\TOSEM\\MiniApp-review\\flow-baseline\\datasetPopular\\ofo小黄车官方版\\__APP__/constant/index.js"}},{"this":{"name":"__object__require__<./library/lodash.get.js>","file":"D:\\WORK\\2022\\论文相关\\TOSEM\\MiniApp-review\\flow-baseline\\datasetPopular\\ofo小黄车官方版\\__APP__/app.js"},"that":{"name":"exports","file":"D:\\WORK\\2022\\论文相关\\TOSEM\\MiniApp-review\\flow-baseline\\datasetPopular\\ofo小黄车官方版\\__APP__/library/lodash.get.js"}},{"this":{"name":"__object__require__<./npm/@tarojs/taro-weapp/index.js>","file":"D:\\WORK\\2022\\论文相关\\TOSEM\\MiniApp-review\\flow-baseline\\datasetPopular\\ofo小黄车官方版\\__APP__/app.js"},"that":{"name":"exports","file":"D:\\WORK\\2022\\论文相关\\TOSEM\\MiniApp-review\\flow-baseline\\datasetPopular\\ofo小黄车官方版\\__APP__/npm/@tarojs/taro-weapp/index.js"}},{"this":{"name":"default","file":"D:\\WORK\\2022\\论文相关\\TOSEM\\MiniApp-review\\flow-baseline\\datasetPopular\\ofo小黄车官方版\\__APP__/app.js"},"that":{"name":"default","file":"D:\\WORK\\2022\\论文相关\\TOSEM\\MiniApp-review\\flow-baseline\\datasetPopular\\ofo小黄车官方版\\__APP__/npm/@tarojs/taro-weapp/index.js"}},{"this":{"name":"__object__require__<./OFO_CONFIG.weapp.js>","file":"D:\\WORK\\2022\\论文相关\\TOSEM\\MiniApp-review\\flow-baseline\\datasetPopular\\ofo小黄车官方版\\__APP__/config/index.js"},"that":{"name":"exports","file":"D:\\WORK\\2022\\论文相关\\TOSEM\\MiniApp-review\\flow-baseline\\datasetPopular\\ofo小黄车官方版\\__APP__/config/OFO_CONFIG.weapp.js"}},{"this":{"name":"__object__require__<../npm/@tarojs/taro-weapp/index.js>","file":"D:\\WORK\\2022\\论文相关\\TOSEM\\MiniApp-review\\flow-baseline\\datasetPopular\\ofo小黄车官方版\\__APP__/config/payment.js"},"that":{"name":"exports","file":"D:\\WORK\\2022\\论文相关\\TOSEM\\MiniApp-review\\flow-baseline\\datasetPopular\\ofo小黄车官方版\\__APP__/npm/@tarojs/taro-weapp/index.js"}},{"this":{"name":"__object__require__<../services/api.js>","file":"D:\\WORK\\2022\\论文相关\\TOSEM\\MiniApp-review\\flow-baseline\\datasetPopular\\ofo小黄车官方版\\__APP__/config/payment.js"},"that":{"name":"exports","file":"D:\\WORK\\2022\\论文相关\\TOSEM\\MiniApp-review\\flow-baseline\\datasetPopular\\ofo小黄车官方版\\__APP__/services/api.js"}},{"this":{"name":"getWxOrderStr","file":"D:\\WORK\\2022\\论文相关\\TOSEM\\MiniApp-review\\flow-baseline\\datasetPopular\\ofo小黄车官方版\\__APP__/config/payment.js"},"that":{"name":"getWxOrderStr","file":"D:\\WORK\\2022\\论文相关\\TOSEM\\MiniApp-review\\flow-baseline\\datasetPopular\\ofo小黄车官方版\\__APP__/services/api.js"}},{"this":{"name":"getWxOpenId","file":"D:\\WORK\\2022\\论文相关\\TOSEM\\MiniApp-review\\flow-baseline\\datasetPopular\\ofo小黄车官方版\\__APP__/config/payment.js"},"that":{"name":"getWxOpenId","file":"D:\\WORK\\2022\\论文相关\\TOSEM\\MiniApp-review\\flow-baseline\\datasetPopular\\ofo小黄车官方版\\__APP__/services/api.js"}},{"this":{"name":"getAlipayOrderStr","file":"D:\\WORK\\2022\\论文相关\\TOSEM\\MiniApp-review\\flow-baseline\\datasetPopular\\ofo小黄车官方版\\__APP__/config/payment.js"},"that":{"name":"getAlipayOrderStr","file":"D:\\WORK\\2022\\论文相关\\TOSEM\\MiniApp-review\\flow-baseline\\datasetPopular\\ofo小黄车官方版\\__APP__/services/api.js"}},{"this":{"name":"__object__require__<./index.js>","file":"D:\\WORK\\2022\\论文相关\\TOSEM\\MiniApp-review\\flow-baseline\\datasetPopular\\ofo小黄车官方版\\__APP__/config/payment.js"},"that":{"name":"exports","file":"D:\\WORK\\2022\\论文相关\\TOSEM\\MiniApp-review\\flow-baseline\\datasetPopular\\ofo小黄车官方版\\__APP__/config/index.js"}},{"this":{"name":"__object__require__<../config/index.js>","file":"D:\\WORK\\2022\\论文相关\\TOSEM\\MiniApp-review\\flow-baseline\\datasetPopular\\ofo小黄车官方版\\__APP__/services/api.js"},"that":{"name":"exports","file":"D:\\WORK\\2022\\论文相关\\TOSEM\\MiniApp-review\\flow-baseline\\datasetPopular\\ofo小黄车官方版\\__APP__/config/index.js"}},{"this":{"name":"__object__require__<./request.js>","file":"D:\\WORK\\2022\\论文相关\\TOSEM\\MiniApp-review\\flow-baseline\\datasetPopular\\ofo小黄车官方版\\__APP__/services/api.js"},"that":{"name":"exports","file":"D:\\WORK\\2022\\论文相关\\TOSEM\\MiniApp-review\\flow-baseline\\datasetPopular\\ofo小黄车官方版\\__APP__/services/request.js"}},{"this":{"name":"__object__require__<../npm/@tarojs/taro-weapp/index.js>","file":"D:\\WORK\\2022\\论文相关\\TOSEM\\MiniApp-review\\flow-baseline\\datasetPopular\\ofo小黄车官方版\\__APP__/services/interceptors.js"},"that":{"name":"exports","file":"D:\\WORK\\2022\\论文相关\\TOSEM\\MiniApp-review\\flow-baseline\\datasetPopular\\ofo小黄车官方版\\__APP__/npm/@tarojs/taro-weapp/index.js"}},{"this":{"name":"__object__require__<./utils.js>","file":"D:\\WORK\\2022\\论文相关\\TOSEM\\MiniApp-review\\flow-baseline\\datasetPopular\\ofo小黄车官方版\\__APP__/services/interceptors.js"},"that":{"name":"exports","file":"D:\\WORK\\2022\\论文相关\\TOSEM\\MiniApp-review\\flow-baseline\\datasetPopular\\ofo小黄车官方版\\__APP__/services/utils.js"}},{"this":{"name":"pageToLogin","file":"D:\\WORK\\2022\\论文相关\\TOSEM\\MiniApp-review\\flow-baseline\\datasetPopular\\ofo小黄车官方版\\__APP__/services/interceptors.js"},"that":{"name":"pageToLogin","file":"D:\\WORK\\2022\\论文相关\\TOSEM\\MiniApp-review\\flow-baseline\\datasetPopular\\ofo小黄车官方版\\__APP__/services/utils.js"}},{"this":{"name":"__object__getApp","file":"D:\\WORK\\2022\\论文相关\\TOSEM\\MiniApp-review\\flow-baseline\\datasetPopular\\ofo小黄车官方版\\__APP__/services/interceptors.js"},"that":{"name":"createApp","file":"D:\\WORK\\2022\\论文相关\\TOSEM\\MiniApp-review\\flow-baseline\\datasetPopular\\ofo小黄车官方版\\__APP__/app.js"}},{"this":{"name":"__object__require__<../npm/@tarojs/taro-weapp/index.js>","file":"D:\\WORK\\2022\\论文相关\\TOSEM\\MiniApp-review\\flow-baseline\\datasetPopular\\ofo小黄车官方版\\__APP__/services/request.js"},"that":{"name":"exports","file":"D:\\WORK\\2022\\论文相关\\TOSEM\\MiniApp-review\\flow-baseline\\datasetPopular\\ofo小黄车官方版\\__APP__/npm/@tarojs/taro-weapp/index.js"}},{"this":{"name":"__object__require__<./formdata.js>","file":"D:\\WORK\\2022\\论文相关\\TOSEM\\MiniApp-review\\flow-baseline\\datasetPopular\\ofo小黄车官方版\\__APP__/services/request.js"},"that":{"name":"exports","file":"D:\\WORK\\2022\\论文相关\\TOSEM\\MiniApp-review\\flow-baseline\\datasetPopular\\ofo小黄车官方版\\__APP__/services/formdata.js"}},{"this":{"name":"__object__require__<./interceptors.js>","file":"D:\\WORK\\2022\\论文相关\\TOSEM\\MiniApp-review\\flow-baseline\\datasetPopular\\ofo小黄车官方版\\__APP__/services/request.js"},"that":{"name":"exports","file":"D:\\WORK\\2022\\论文相关\\TOSEM\\MiniApp-review\\flow-baseline\\datasetPopular\\ofo小黄车官方版\\__APP__/services/interceptors.js"}},{"this":{"name":"__object__require__<../config/index.js>","file":"D:\\WORK\\2022\\论文相关\\TOSEM\\MiniApp-review\\flow-baseline\\datasetPopular\\ofo小黄车官方版\\__APP__/services/request.js"},"that":{"name":"exports","file":"D:\\WORK\\2022\\论文相关\\TOSEM\\MiniApp-review\\flow-baseline\\datasetPopular\\ofo小黄车官方版\\__APP__/config/index.js"}},{"this":{"name":"__object__getApp","file":"D:\\WORK\\2022\\论文相关\\TOSEM\\MiniApp-review\\flow-baseline\\datasetPopular\\ofo小黄车官方版\\__APP__/services/request.js"},"that":{"name":"createApp","file":"D:\\WORK\\2022\\论文相关\\TOSEM\\MiniApp-review\\flow-baseline\\datasetPopular\\ofo小黄车官方版\\__APP__/app.js"}},{"this":{"name":"__object__require__<../npm/@tarojs/taro-weapp/index.js>","file":"D:\\WORK\\2022\\论文相关\\TOSEM\\MiniApp-review\\flow-baseline\\datasetPopular\\ofo小黄车官方版\\__APP__/services/utils.js"},"that":{"name":"exports","file":"D:\\WORK\\2022\\论文相关\\TOSEM\\MiniApp-review\\flow-baseline\\datasetPopular\\ofo小黄车官方版\\__APP__/npm/@tarojs/taro-weapp/index.js"}},{"this":{"name":"__object__require__<../config/index.js>","file":"D:\\WORK\\2022\\论文相关\\TOSEM\\MiniApp-review\\flow-baseline\\datasetPopular\\ofo小黄车官方版\\__APP__/services/utils.js"},"that":{"name":"exports","file":"D:\\WORK\\2022\\论文相关\\TOSEM\\MiniApp-review\\flow-baseline\\datasetPopular\\ofo小黄车官方版\\__APP__/config/index.js"}},{"this":{"name":"__object__require__<./wallet.js>","file":"D:\\WORK\\2022\\论文相关\\TOSEM\\MiniApp-review\\flow-baseline\\datasetPopular\\ofo小黄车官方版\\__APP__/store/index.js"},"that":{"name":"exports","file":"D:\\WORK\\2022\\论文相关\\TOSEM\\MiniApp-review\\flow-baseline\\datasetPopular\\ofo小黄车官方版\\__APP__/store/wallet.js"}},{"this":{"name":"__object__require__<../npm/mobx/lib/mobx.js>","file":"D:\\WORK\\2022\\论文相关\\TOSEM\\MiniApp-review\\flow-baseline\\datasetPopular\\ofo小黄车官方版\\__APP__/store/wallet.js"},"that":{"name":"exports","file":"D:\\WORK\\2022\\论文相关\\TOSEM\\MiniApp-review\\flow-baseline\\datasetPopular\\ofo小黄车官方版\\__APP__/npm/mobx/lib/mobx.js"}},{"this":{"name":"observable","file":"D:\\WORK\\2022\\论文相关\\TOSEM\\MiniApp-review\\flow-baseline\\datasetPopular\\ofo小黄车官方版\\__APP__/store/wallet.js"},"that":{"name":"observable","file":"D:\\WORK\\2022\\论文相关\\TOSEM\\MiniApp-review\\flow-baseline\\datasetPopular\\ofo小黄车官方版\\__APP__/npm/mobx/lib/mobx.js"}},{"this":{"name":"__object__require__<../services/api.js>","file":"D:\\WORK\\2022\\论文相关\\TOSEM\\MiniApp-review\\flow-baseline\\datasetPopular\\ofo小黄车官方版\\__APP__/store/wallet.js"},"that":{"name":"exports","file":"D:\\WORK\\2022\\论文相关\\TOSEM\\MiniApp-review\\flow-baseline\\datasetPopular\\ofo小黄车官方版\\__APP__/services/api.js"}},{"this":{"name":"__object__require__<../library/lodash.get.js>","file":"D:\\WORK\\2022\\论文相关\\TOSEM\\MiniApp-review\\flow-baseline\\datasetPopular\\ofo小黄车官方版\\__APP__/store/wallet.js"},"that":{"name":"exports","file":"D:\\WORK\\2022\\论文相关\\TOSEM\\MiniApp-review\\flow-baseline\\datasetPopular\\ofo小黄车官方版\\__APP__/library/lodash.get.js"}},{"this":{"name":"__object__require__<../npm/@tarojs/taro-weapp/index.js>","file":"D:\\WORK\\2022\\论文相关\\TOSEM\\MiniApp-review\\flow-baseline\\datasetPopular\\ofo小黄车官方版\\__APP__/utils/aliPayAuth.js"},"that":{"name":"exports","file":"D:\\WORK\\2022\\论文相关\\TOSEM\\MiniApp-review\\flow-baseline\\datasetPopular\\ofo小黄车官方版\\__APP__/npm/@tarojs/taro-weapp/index.js"}},{"this":{"name":"__object__require__<../config/index.js>","file":"D:\\WORK\\2022\\论文相关\\TOSEM\\MiniApp-review\\flow-baseline\\datasetPopular\\ofo小黄车官方版\\__APP__/utils/aliPayAuth.js"},"that":{"name":"exports","file":"D:\\WORK\\2022\\论文相关\\TOSEM\\MiniApp-review\\flow-baseline\\datasetPopular\\ofo小黄车官方版\\__APP__/config/index.js"}},{"this":{"name":"__object__require__<../constant/index.js>","file":"D:\\WORK\\2022\\论文相关\\TOSEM\\MiniApp-review\\flow-baseline\\datasetPopular\\ofo小黄车官方版\\__APP__/utils/aliPayAuth.js"},"that":{"name":"exports","file":"D:\\WORK\\2022\\论文相关\\TOSEM\\MiniApp-review\\flow-baseline\\datasetPopular\\ofo小黄车官方版\\__APP__/constant/index.js"}},{"this":{"name":"STORE","file":"D:\\WORK\\2022\\论文相关\\TOSEM\\MiniApp-review\\flow-baseline\\datasetPopular\\ofo小黄车官方版\\__APP__/utils/aliPayAuth.js"},"that":{"name":"STORE","file":"D:\\WORK\\2022\\论文相关\\TOSEM\\MiniApp-review\\flow-baseline\\datasetPopular\\ofo小黄车官方版\\__APP__/constant/index.js"}},{"this":{"name":"TOKEN","file":"D:\\WORK\\2022\\论文相关\\TOSEM\\MiniApp-review\\flow-baseline\\datasetPopular\\ofo小黄车官方版\\__APP__/utils/aliPayAuth.js"},"that":{"name":"TOKEN","file":"D:\\WORK\\2022\\论文相关\\TOSEM\\MiniApp-review\\flow-baseline\\datasetPopular\\ofo小黄车官方版\\__APP__/constant/index.js"}},{"this":{"name":"REFRESH_TOKEN","file":"D:\\WORK\\2022\\论文相关\\TOSEM\\MiniApp-review\\flow-baseline\\datasetPopular\\ofo小黄车官方版\\__APP__/utils/aliPayAuth.js"},"that":{"name":"REFRESH_TOKEN","file":"D:\\WORK\\2022\\论文相关\\TOSEM\\MiniApp-review\\flow-baseline\\datasetPopular\\ofo小黄车官方版\\__APP__/constant/index.js"}},{"this":{"name":"__object__require__<../services/api.js>","file":"D:\\WORK\\2022\\论文相关\\TOSEM\\MiniApp-review\\flow-baseline\\datasetPopular\\ofo小黄车官方版\\__APP__/utils/aliPayAuth.js"},"that":{"name":"exports","file":"D:\\WORK\\2022\\论文相关\\TOSEM\\MiniApp-review\\flow-baseline\\datasetPopular\\ofo小黄车官方版\\__APP__/services/api.js"}},{"this":{"name":"__object__require__<../npm/@tarojs/taro-weapp/index.js>","file":"D:\\WORK\\2022\\论文相关\\TOSEM\\MiniApp-review\\flow-baseline\\datasetPopular\\ofo小黄车官方版\\__APP__/utils/location.js"},"that":{"name":"exports","file":"D:\\WORK\\2022\\论文相关\\TOSEM\\MiniApp-review\\flow-baseline\\datasetPopular\\ofo小黄车官方版\\__APP__/npm/@tarojs/taro-weapp/index.js"}},{"this":{"name":"__object__require__<../config/index.js>","file":"D:\\WORK\\2022\\论文相关\\TOSEM\\MiniApp-review\\flow-baseline\\datasetPopular\\ofo小黄车官方版\\__APP__/utils/location.js"},"that":{"name":"exports","file":"D:\\WORK\\2022\\论文相关\\TOSEM\\MiniApp-review\\flow-baseline\\datasetPopular\\ofo小黄车官方版\\__APP__/config/index.js"}},{"this":{"name":"__object__require__<../constant/index.js>","file":"D:\\WORK\\2022\\论文相关\\TOSEM\\MiniApp-review\\flow-baseline\\datasetPopular\\ofo小黄车官方版\\__APP__/utils/location.js"},"that":{"name":"exports","file":"D:\\WORK\\2022\\论文相关\\TOSEM\\MiniApp-review\\flow-baseline\\datasetPopular\\ofo小黄车官方版\\__APP__/constant/index.js"}},{"this":{"name":"STORE","file":"D:\\WORK\\2022\\论文相关\\TOSEM\\MiniApp-review\\flow-baseline\\datasetPopular\\ofo小黄车官方版\\__APP__/utils/location.js"},"that":{"name":"STORE","file":"D:\\WORK\\2022\\论文相关\\TOSEM\\MiniApp-review\\flow-baseline\\datasetPopular\\ofo小黄车官方版\\__APP__/constant/index.js"}},{"this":{"name":"GEO_INFO","file":"D:\\WORK\\2022\\论文相关\\TOSEM\\MiniApp-review\\flow-baseline\\datasetPopular\\ofo小黄车官方版\\__APP__/utils/location.js"},"that":{"name":"GEO_INFO","file":"D:\\WORK\\2022\\论文相关\\TOSEM\\MiniApp-review\\flow-baseline\\datasetPopular\\ofo小黄车官方版\\__APP__/constant/index.js"}},{"this":{"name":"__object__getApp","file":"D:\\WORK\\2022\\论文相关\\TOSEM\\MiniApp-review\\flow-baseline\\datasetPopular\\ofo小黄车官方版\\__APP__/utils/location.js"},"that":{"name":"createApp","file":"D:\\WORK\\2022\\论文相关\\TOSEM\\MiniApp-review\\flow-baseline\\datasetPopular\\ofo小黄车官方版\\__APP__/app.js"}},{"this":{"name":"__object__require__<../npm/@tarojs/taro-weapp/index.js>","file":"D:\\WORK\\2022\\论文相关\\TOSEM\\MiniApp-review\\flow-baseline\\datasetPopular\\ofo小黄车官方版\\__APP__/utils/ofo.js"},"that":{"name":"exports","file":"D:\\WORK\\2022\\论文相关\\TOSEM\\MiniApp-review\\flow-baseline\\datasetPopular\\ofo小黄车官方版\\__APP__/npm/@tarojs/taro-weapp/index.js"}},{"this":{"name":"__object__require__<../library/lodash.get.js>","file":"D:\\WORK\\2022\\论文相关\\TOSEM\\MiniApp-review\\flow-baseline\\datasetPopular\\ofo小黄车官方版\\__APP__/utils/ofo.js"},"that":{"name":"exports","file":"D:\\WORK\\2022\\论文相关\\TOSEM\\MiniApp-review\\flow-baseline\\datasetPopular\\ofo小黄车官方版\\__APP__/library/lodash.get.js"}},{"this":{"name":"__object__require__<../config/index.js>","file":"D:\\WORK\\2022\\论文相关\\TOSEM\\MiniApp-review\\flow-baseline\\datasetPopular\\ofo小黄车官方版\\__APP__/utils/ofo.js"},"that":{"name":"exports","file":"D:\\WORK\\2022\\论文相关\\TOSEM\\MiniApp-review\\flow-baseline\\datasetPopular\\ofo小黄车官方版\\__APP__/config/index.js"}},{"this":{"name":"__object__require__<./location.js>","file":"D:\\WORK\\2022\\论文相关\\TOSEM\\MiniApp-review\\flow-baseline\\datasetPopular\\ofo小黄车官方版\\__APP__/utils/ofo.js"},"that":{"name":"exports","file":"D:\\WORK\\2022\\论文相关\\TOSEM\\MiniApp-review\\flow-baseline\\datasetPopular\\ofo小黄车官方版\\__APP__/utils/location.js"}},{"this":{"name":"getGeo","file":"D:\\WORK\\2022\\论文相关\\TOSEM\\MiniApp-review\\flow-baseline\\datasetPopular\\ofo小黄车官方版\\__APP__/utils/ofo.js"},"that":{"name":"getGeo","file":"D:\\WORK\\2022\\论文相关\\TOSEM\\MiniApp-review\\flow-baseline\\datasetPopular\\ofo小黄车官方版\\__APP__/utils/location.js"}},{"this":{"name":"__object__require__<../services/api.js>","file":"D:\\WORK\\2022\\论文相关\\TOSEM\\MiniApp-review\\flow-baseline\\datasetPopular\\ofo小黄车官方版\\__APP__/utils/ofo.js"},"that":{"name":"exports","file":"D:\\WORK\\2022\\论文相关\\TOSEM\\MiniApp-review\\flow-baseline\\datasetPopular\\ofo小黄车官方版\\__APP__/services/api.js"}},{"this":{"name":"__object__require__<./url.js>","file":"D:\\WORK\\2022\\论文相关\\TOSEM\\MiniApp-review\\flow-baseline\\datasetPopular\\ofo小黄车官方版\\__APP__/utils/ofo.js"},"that":{"name":"exports","file":"D:\\WORK\\2022\\论文相关\\TOSEM\\MiniApp-review\\flow-baseline\\datasetPopular\\ofo小黄车官方版\\__APP__/utils/url.js"}},{"this":{"name":"extendParamsToWp","file":"D:\\WORK\\2022\\论文相关\\TOSEM\\MiniApp-review\\flow-baseline\\datasetPopular\\ofo小黄车官方版\\__APP__/utils/ofo.js"},"that":{"name":"extendParamsToWp","file":"D:\\WORK\\2022\\论文相关\\TOSEM\\MiniApp-review\\flow-baseline\\datasetPopular\\ofo小黄车官方版\\__APP__/utils/url.js"}},{"this":{"name":"__object__require__<./_.js>","file":"D:\\WORK\\2022\\论文相关\\TOSEM\\MiniApp-review\\flow-baseline\\datasetPopular\\ofo小黄车官方版\\__APP__/utils/url.js"},"that":{"name":"exports","file":"D:\\WORK\\2022\\论文相关\\TOSEM\\MiniApp-review\\flow-baseline\\datasetPopular\\ofo小黄车官方版\\__APP__/utils/_.js"}},{"this":{"name":"extend","file":"D:\\WORK\\2022\\论文相关\\TOSEM\\MiniApp-review\\flow-baseline\\datasetPopular\\ofo小黄车官方版\\__APP__/utils/url.js"},"that":{"name":"extend","file":"D:\\WORK\\2022\\论文相关\\TOSEM\\MiniApp-review\\flow-baseline\\datasetPopular\\ofo小黄车官方版\\__APP__/utils/_.js"}},{"this":{"name":"__object__require__<../library/js-url.js>","file":"D:\\WORK\\2022\\论文相关\\TOSEM\\MiniApp-review\\flow-baseline\\datasetPopular\\ofo小黄车官方版\\__APP__/utils/url.js"},"that":{"name":"exports","file":"D:\\WORK\\2022\\论文相关\\TOSEM\\MiniApp-review\\flow-baseline\\datasetPopular\\ofo小黄车官方版\\__APP__/library/js-url.js"}},{"this":{"name":"__object__require__<../npm/@tarojs/taro-weapp/index.js>","file":"D:\\WORK\\2022\\论文相关\\TOSEM\\MiniApp-review\\flow-baseline\\datasetPopular\\ofo小黄车官方版\\__APP__/utils/_.js"},"that":{"name":"exports","file":"D:\\WORK\\2022\\论文相关\\TOSEM\\MiniApp-review\\flow-baseline\\datasetPopular\\ofo小黄车官方版\\__APP__/npm/@tarojs/taro-weapp/index.js"}},{"this":{"name":"__object__require__<../../npm/@tarojs/taro-weapp/index.js>","file":"D:\\WORK\\2022\\论文相关\\TOSEM\\MiniApp-review\\flow-baseline\\datasetPopular\\ofo小黄车官方版\\__APP__/components/dtConfirmModal/index.js"},"that":{"name":"exports","file":"D:\\WORK\\2022\\论文相关\\TOSEM\\MiniApp-review\\flow-baseline\\datasetPopular\\ofo小黄车官方版\\__APP__/npm/@tarojs/taro-weapp/index.js"}},{"this":{"name":"__object__require__<../../npm/@tarojs/taro-weapp/index.js>","file":"D:\\WORK\\2022\\论文相关\\TOSEM\\MiniApp-review\\flow-baseline\\datasetPopular\\ofo小黄车官方版\\__APP__/components/dtConfirmModal/index.js"},"that":{"name":"exports","file":"D:\\WORK\\2022\\论文相关\\TOSEM\\MiniApp-review\\flow-baseline\\datasetPopular\\ofo小黄车官方版\\__APP__/npm/@tarojs/taro-weapp/index.js"}},{"this":{"name":"default","file":"D:\\WORK\\2022\\论文相关\\TOSEM\\MiniApp-review\\flow-baseline\\datasetPopular\\ofo小黄车官方版\\__APP__/components/dtConfirmModal/index.js"},"that":{"name":"default","file":"D:\\WORK\\2022\\论文相关\\TOSEM\\MiniApp-review\\flow-baseline\\datasetPopular\\ofo小黄车官方版\\__APP__/npm/@tarojs/taro-weapp/index.js"}},{"this":{"name":"__object__require__<../../npm/@tarojs/taro-weapp/index.js>","file":"D:\\WORK\\2022\\论文相关\\TOSEM\\MiniApp-review\\flow-baseline\\datasetPopular\\ofo小黄车官方版\\__APP__/components/PhoneLogin/index.js"},"that":{"name":"exports","file":"D:\\WORK\\2022\\论文相关\\TOSEM\\MiniApp-review\\flow-baseline\\datasetPopular\\ofo小黄车官方版\\__APP__/npm/@tarojs/taro-weapp/index.js"}},{"this":{"name":"__object__require__<../../services/api.js>","file":"D:\\WORK\\2022\\论文相关\\TOSEM\\MiniApp-review\\flow-baseline\\datasetPopular\\ofo小黄车官方版\\__APP__/components/PhoneLogin/index.js"},"that":{"name":"exports","file":"D:\\WORK\\2022\\论文相关\\TOSEM\\MiniApp-review\\flow-baseline\\datasetPopular\\ofo小黄车官方版\\__APP__/services/api.js"}},{"this":{"name":"__object__require__<../../npm/@tarojs/taro-weapp/index.js>","file":"D:\\WORK\\2022\\论文相关\\TOSEM\\MiniApp-review\\flow-baseline\\datasetPopular\\ofo小黄车官方版\\__APP__/components/PhoneLogin/index.js"},"that":{"name":"exports","file":"D:\\WORK\\2022\\论文相关\\TOSEM\\MiniApp-review\\flow-baseline\\datasetPopular\\ofo小黄车官方版\\__APP__/npm/@tarojs/taro-weapp/index.js"}},{"this":{"name":"default","file":"D:\\WORK\\2022\\论文相关\\TOSEM\\MiniApp-review\\flow-baseline\\datasetPopular\\ofo小黄车官方版\\__APP__/components/PhoneLogin/index.js"},"that":{"name":"default","file":"D:\\WORK\\2022\\论文相关\\TOSEM\\MiniApp-review\\flow-baseline\\datasetPopular\\ofo小黄车官方版\\__APP__/npm/@tarojs/taro-weapp/index.js"}},{"this":{"name":"__object__require__<../../npm/@tarojs/taro-weapp/index.js>","file":"D:\\WORK\\2022\\论文相关\\TOSEM\\MiniApp-review\\flow-baseline\\datasetPopular\\ofo小黄车官方版\\__APP__/components/UnlockPopup/index.js"},"that":{"name":"exports","file":"D:\\WORK\\2022\\论文相关\\TOSEM\\MiniApp-review\\flow-baseline\\datasetPopular\\ofo小黄车官方版\\__APP__/npm/@tarojs/taro-weapp/index.js"}},{"this":{"name":"__object__require__<../../npm/@tarojs/taro-weapp/index.js>","file":"D:\\WORK\\2022\\论文相关\\TOSEM\\MiniApp-review\\flow-baseline\\datasetPopular\\ofo小黄车官方版\\__APP__/components/UnlockPopup/index.js"},"that":{"name":"exports","file":"D:\\WORK\\2022\\论文相关\\TOSEM\\MiniApp-review\\flow-baseline\\datasetPopular\\ofo小黄车官方版\\__APP__/npm/@tarojs/taro-weapp/index.js"}},{"this":{"name":"default","file":"D:\\WORK\\2022\\论文相关\\TOSEM\\MiniApp-review\\flow-baseline\\datasetPopular\\ofo小黄车官方版\\__APP__/components/UnlockPopup/index.js"},"that":{"name":"default","file":"D:\\WORK\\2022\\论文相关\\TOSEM\\MiniApp-review\\flow-baseline\\datasetPopular\\ofo小黄车官方版\\__APP__/npm/@tarojs/taro-weapp/index.js"}},{"this":{"name":"__object__getApp","file":"D:\\WORK\\2022\\论文相关\\TOSEM\\MiniApp-review\\flow-baseline\\datasetPopular\\ofo小黄车官方版\\__APP__/components/UnlockPopup/index.js"},"that":{"name":"createApp","file":"D:\\WORK\\2022\\论文相关\\TOSEM\\MiniApp-review\\flow-baseline\\datasetPopular\\ofo小黄车官方版\\__APP__/app.js"}},{"this":{"name":"__object__require__<../../npm/@tarojs/taro-weapp/index.js>","file":"D:\\WORK\\2022\\论文相关\\TOSEM\\MiniApp-review\\flow-baseline\\datasetPopular\\ofo小黄车官方版\\__APP__/pages/accountRules/index.js"},"that":{"name":"exports","file":"D:\\WORK\\2022\\论文相关\\TOSEM\\MiniApp-review\\flow-baseline\\datasetPopular\\ofo小黄车官方版\\__APP__/npm/@tarojs/taro-weapp/index.js"}},{"this":{"name":"__object__require__<../../npm/@tarojs/taro-weapp/index.js>","file":"D:\\WORK\\2022\\论文相关\\TOSEM\\MiniApp-review\\flow-baseline\\datasetPopular\\ofo小黄车官方版\\__APP__/pages/accountRules/index.js"},"that":{"name":"exports","file":"D:\\WORK\\2022\\论文相关\\TOSEM\\MiniApp-review\\flow-baseline\\datasetPopular\\ofo小黄车官方版\\__APP__/npm/@tarojs/taro-weapp/index.js"}},{"this":{"name":"default","file":"D:\\WORK\\2022\\论文相关\\TOSEM\\MiniApp-review\\flow-baseline\\datasetPopular\\ofo小黄车官方版\\__APP__/pages/accountRules/index.js"},"that":{"name":"default","file":"D:\\WORK\\2022\\论文相关\\TOSEM\\MiniApp-review\\flow-baseline\\datasetPopular\\ofo小黄车官方版\\__APP__/npm/@tarojs/taro-weapp/index.js"}},{"this":{"name":"__object__require__<../../npm/@tarojs/taro-weapp/index.js>","file":"D:\\WORK\\2022\\论文相关\\TOSEM\\MiniApp-review\\flow-baseline\\datasetPopular\\ofo小黄车官方版\\__APP__/pages/agreement/index.js"},"that":{"name":"exports","file":"D:\\WORK\\2022\\论文相关\\TOSEM\\MiniApp-review\\flow-baseline\\datasetPopular\\ofo小黄车官方版\\__APP__/npm/@tarojs/taro-weapp/index.js"}},{"this":{"name":"__object__require__<../../npm/@tarojs/taro-weapp/index.js>","file":"D:\\WORK\\2022\\论文相关\\TOSEM\\MiniApp-review\\flow-baseline\\datasetPopular\\ofo小黄车官方版\\__APP__/pages/agreement/index.js"},"that":{"name":"exports","file":"D:\\WORK\\2022\\论文相关\\TOSEM\\MiniApp-review\\flow-baseline\\datasetPopular\\ofo小黄车官方版\\__APP__/npm/@tarojs/taro-weapp/index.js"}},{"this":{"name":"default","file":"D:\\WORK\\2022\\论文相关\\TOSEM\\MiniApp-review\\flow-baseline\\datasetPopular\\ofo小黄车官方版\\__APP__/pages/agreement/index.js"},"that":{"name":"default","file":"D:\\WORK\\2022\\论文相关\\TOSEM\\MiniApp-review\\flow-baseline\\datasetPopular\\ofo小黄车官方版\\__APP__/npm/@tarojs/taro-weapp/index.js"}},{"this":{"name":"__object__require__<../../npm/@tarojs/taro-weapp/index.js>","file":"D:\\WORK\\2022\\论文相关\\TOSEM\\MiniApp-review\\flow-baseline\\datasetPopular\\ofo小黄车官方版\\__APP__/pages/bike/index.js"},"that":{"name":"exports","file":"D:\\WORK\\2022\\论文相关\\TOSEM\\MiniApp-review\\flow-baseline\\datasetPopular\\ofo小黄车官方版\\__APP__/npm/@tarojs/taro-weapp/index.js"}},{"this":{"name":"__object__require__<../../services/api.js>","file":"D:\\WORK\\2022\\论文相关\\TOSEM\\MiniApp-review\\flow-baseline\\datasetPopular\\ofo小黄车官方版\\__APP__/pages/bike/index.js"},"that":{"name":"exports","file":"D:\\WORK\\2022\\论文相关\\TOSEM\\MiniApp-review\\flow-baseline\\datasetPopular\\ofo小黄车官方版\\__APP__/services/api.js"}},{"this":{"name":"__object__require__<../../utils/_.js>","file":"D:\\WORK\\2022\\论文相关\\TOSEM\\MiniApp-review\\flow-baseline\\datasetPopular\\ofo小黄车官方版\\__APP__/pages/bike/index.js"},"that":{"name":"exports","file":"D:\\WORK\\2022\\论文相关\\TOSEM\\MiniApp-review\\flow-baseline\\datasetPopular\\ofo小黄车官方版\\__APP__/utils/_.js"}},{"this":{"name":"formatTimeToDetail","file":"D:\\WORK\\2022\\论文相关\\TOSEM\\MiniApp-review\\flow-baseline\\datasetPopular\\ofo小黄车官方版\\__APP__/pages/bike/index.js"},"that":{"name":"formatTimeToDetail","file":"D:\\WORK\\2022\\论文相关\\TOSEM\\MiniApp-review\\flow-baseline\\datasetPopular\\ofo小黄车官方版\\__APP__/utils/_.js"}},{"this":{"name":"ofoRedirect","file":"D:\\WORK\\2022\\论文相关\\TOSEM\\MiniApp-review\\flow-baseline\\datasetPopular\\ofo小黄车官方版\\__APP__/pages/bike/index.js"},"that":{"name":"ofoRedirect","file":"D:\\WORK\\2022\\论文相关\\TOSEM\\MiniApp-review\\flow-baseline\\datasetPopular\\ofo小黄车官方版\\__APP__/utils/_.js"}},{"this":{"name":"__object__require__<../../utils/url.js>","file":"D:\\WORK\\2022\\论文相关\\TOSEM\\MiniApp-review\\flow-baseline\\datasetPopular\\ofo小黄车官方版\\__APP__/pages/bike/index.js"},"that":{"name":"exports","file":"D:\\WORK\\2022\\论文相关\\TOSEM\\MiniApp-review\\flow-baseline\\datasetPopular\\ofo小黄车官方版\\__APP__/utils/url.js"}},{"this":{"name":"extendParamsToWp","file":"D:\\WORK\\2022\\论文相关\\TOSEM\\MiniApp-review\\flow-baseline\\datasetPopular\\ofo小黄车官方版\\__APP__/pages/bike/index.js"},"that":{"name":"extendParamsToWp","file":"D:\\WORK\\2022\\论文相关\\TOSEM\\MiniApp-review\\flow-baseline\\datasetPopular\\ofo小黄车官方版\\__APP__/utils/url.js"}},{"this":{"name":"__object__require__<../../config/index.js>","file":"D:\\WORK\\2022\\论文相关\\TOSEM\\MiniApp-review\\flow-baseline\\datasetPopular\\ofo小黄车官方版\\__APP__/pages/bike/index.js"},"that":{"name":"exports","file":"D:\\WORK\\2022\\论文相关\\TOSEM\\MiniApp-review\\flow-baseline\\datasetPopular\\ofo小黄车官方版\\__APP__/config/index.js"}},{"this":{"name":"__object__getApp","file":"D:\\WORK\\2022\\论文相关\\TOSEM\\MiniApp-review\\flow-baseline\\datasetPopular\\ofo小黄车官方版\\__APP__/pages/bike/index.js"},"that":{"name":"createApp","file":"D:\\WORK\\2022\\论文相关\\TOSEM\\MiniApp-review\\flow-baseline\\datasetPopular\\ofo小黄车官方版\\__APP__/app.js"}},{"this":{"name":"__object__require__<../../npm/@tarojs/taro-weapp/index.js>","file":"D:\\WORK\\2022\\论文相关\\TOSEM\\MiniApp-review\\flow-baseline\\datasetPopular\\ofo小黄车官方版\\__APP__/pages/bike/index.js"},"that":{"name":"exports","file":"D:\\WORK\\2022\\论文相关\\TOSEM\\MiniApp-review\\flow-baseline\\datasetPopular\\ofo小黄车官方版\\__APP__/npm/@tarojs/taro-weapp/index.js"}},{"this":{"name":"default","file":"D:\\WORK\\2022\\论文相关\\TOSEM\\MiniApp-review\\flow-baseline\\datasetPopular\\ofo小黄车官方版\\__APP__/pages/bike/index.js"},"that":{"name":"default","file":"D:\\WORK\\2022\\论文相关\\TOSEM\\MiniApp-review\\flow-baseline\\datasetPopular\\ofo小黄车官方版\\__APP__/npm/@tarojs/taro-weapp/index.js"}},{"this":{"name":"__object__require__<../../npm/@tarojs/taro-weapp/index.js>","file":"D:\\WORK\\2022\\论文相关\\TOSEM\\MiniApp-review\\flow-baseline\\datasetPopular\\ofo小黄车官方版\\__APP__/pages/costDetail/index.js"},"that":{"name":"exports","file":"D:\\WORK\\2022\\论文相关\\TOSEM\\MiniApp-review\\flow-baseline\\datasetPopular\\ofo小黄车官方版\\__APP__/npm/@tarojs/taro-weapp/index.js"}},{"this":{"name":"__object__require__<../../services/api.js>","file":"D:\\WORK\\2022\\论文相关\\TOSEM\\MiniApp-review\\flow-baseline\\datasetPopular\\ofo小黄车官方版\\__APP__/pages/costDetail/index.js"},"that":{"name":"exports","file":"D:\\WORK\\2022\\论文相关\\TOSEM\\MiniApp-review\\flow-baseline\\datasetPopular\\ofo小黄车官方版\\__APP__/services/api.js"}},{"this":{"name":"__object__require__<../../utils/ofo.js>","file":"D:\\WORK\\2022\\论文相关\\TOSEM\\MiniApp-review\\flow-baseline\\datasetPopular\\ofo小黄车官方版\\__APP__/pages/costDetail/index.js"},"that":{"name":"exports","file":"D:\\WORK\\2022\\论文相关\\TOSEM\\MiniApp-review\\flow-baseline\\datasetPopular\\ofo小黄车官方版\\__APP__/utils/ofo.js"}},{"this":{"name":"goMapPage","file":"D:\\WORK\\2022\\论文相关\\TOSEM\\MiniApp-review\\flow-baseline\\datasetPopular\\ofo小黄车官方版\\__APP__/pages/costDetail/index.js"},"that":{"name":"goMapPage","file":"D:\\WORK\\2022\\论文相关\\TOSEM\\MiniApp-review\\flow-baseline\\datasetPopular\\ofo小黄车官方版\\__APP__/utils/ofo.js"}},{"this":{"name":"__object__require__<../../npm/@tarojs/taro-weapp/index.js>","file":"D:\\WORK\\2022\\论文相关\\TOSEM\\MiniApp-review\\flow-baseline\\datasetPopular\\ofo小黄车官方版\\__APP__/pages/costDetail/index.js"},"that":{"name":"exports","file":"D:\\WORK\\2022\\论文相关\\TOSEM\\MiniApp-review\\flow-baseline\\datasetPopular\\ofo小黄车官方版\\__APP__/npm/@tarojs/taro-weapp/index.js"}},{"this":{"name":"default","file":"D:\\WORK\\2022\\论文相关\\TOSEM\\MiniApp-review\\flow-baseline\\datasetPopular\\ofo小黄车官方版\\__APP__/pages/costDetail/index.js"},"that":{"name":"default","file":"D:\\WORK\\2022\\论文相关\\TOSEM\\MiniApp-review\\flow-baseline\\datasetPopular\\ofo小黄车官方版\\__APP__/npm/@tarojs/taro-weapp/index.js"}},{"this":{"name":"__object__require__<../../npm/@tarojs/taro-weapp/index.js>","file":"D:\\WORK\\2022\\论文相关\\TOSEM\\MiniApp-review\\flow-baseline\\datasetPopular\\ofo小黄车官方版\\__APP__/pages/login/index.js"},"that":{"name":"exports","file":"D:\\WORK\\2022\\论文相关\\TOSEM\\MiniApp-review\\flow-baseline\\datasetPopular\\ofo小黄车官方版\\__APP__/npm/@tarojs/taro-weapp/index.js"}},{"this":{"name":"__object__require__<../../services/api.js>","file":"D:\\WORK\\2022\\论文相关\\TOSEM\\MiniApp-review\\flow-baseline\\datasetPopular\\ofo小黄车官方版\\__APP__/pages/login/index.js"},"that":{"name":"exports","file":"D:\\WORK\\2022\\论文相关\\TOSEM\\MiniApp-review\\flow-baseline\\datasetPopular\\ofo小黄车官方版\\__APP__/services/api.js"}},{"this":{"name":"__object__require__<../../config/index.js>","file":"D:\\WORK\\2022\\论文相关\\TOSEM\\MiniApp-review\\flow-baseline\\datasetPopular\\ofo小黄车官方版\\__APP__/pages/login/index.js"},"that":{"name":"exports","file":"D:\\WORK\\2022\\论文相关\\TOSEM\\MiniApp-review\\flow-baseline\\datasetPopular\\ofo小黄车官方版\\__APP__/config/index.js"}},{"this":{"name":"__object__require__<../../constant/index.js>","file":"D:\\WORK\\2022\\论文相关\\TOSEM\\MiniApp-review\\flow-baseline\\datasetPopular\\ofo小黄车官方版\\__APP__/pages/login/index.js"},"that":{"name":"exports","file":"D:\\WORK\\2022\\论文相关\\TOSEM\\MiniApp-review\\flow-baseline\\datasetPopular\\ofo小黄车官方版\\__APP__/constant/index.js"}},{"this":{"name":"STORE","file":"D:\\WORK\\2022\\论文相关\\TOSEM\\MiniApp-review\\flow-baseline\\datasetPopular\\ofo小黄车官方版\\__APP__/pages/login/index.js"},"that":{"name":"STORE","file":"D:\\WORK\\2022\\论文相关\\TOSEM\\MiniApp-review\\flow-baseline\\datasetPopular\\ofo小黄车官方版\\__APP__/constant/index.js"}},{"this":{"name":"REFRESH_TOKEN","file":"D:\\WORK\\2022\\论文相关\\TOSEM\\MiniApp-review\\flow-baseline\\datasetPopular\\ofo小黄车官方版\\__APP__/pages/login/index.js"},"that":{"name":"REFRESH_TOKEN","file":"D:\\WORK\\2022\\论文相关\\TOSEM\\MiniApp-review\\flow-baseline\\datasetPopular\\ofo小黄车官方版\\__APP__/constant/index.js"}},{"this":{"name":"__object__require__<../../utils/aliPayAuth.js>","file":"D:\\WORK\\2022\\论文相关\\TOSEM\\MiniApp-review\\flow-baseline\\datasetPopular\\ofo小黄车官方版\\__APP__/pages/login/index.js"},"that":{"name":"exports","file":"D:\\WORK\\2022\\论文相关\\TOSEM\\MiniApp-review\\flow-baseline\\datasetPopular\\ofo小黄车官方版\\__APP__/utils/aliPayAuth.js"}},{"this":{"name":"getAuthToken","file":"D:\\WORK\\2022\\论文相关\\TOSEM\\MiniApp-review\\flow-baseline\\datasetPopular\\ofo小黄车官方版\\__APP__/pages/login/index.js"},"that":{"name":"getAuthToken","file":"D:\\WORK\\2022\\论文相关\\TOSEM\\MiniApp-review\\flow-baseline\\datasetPopular\\ofo小黄车官方版\\__APP__/utils/aliPayAuth.js"}},{"this":{"name":"initUser","file":"D:\\WORK\\2022\\论文相关\\TOSEM\\MiniApp-review\\flow-baseline\\datasetPopular\\ofo小黄车官方版\\__APP__/pages/login/index.js"},"that":{"name":"initUser","file":"D:\\WORK\\2022\\论文相关\\TOSEM\\MiniApp-review\\flow-baseline\\datasetPopular\\ofo小黄车官方版\\__APP__/utils/aliPayAuth.js"}},{"this":{"name":"__object__getApp","file":"D:\\WORK\\2022\\论文相关\\TOSEM\\MiniApp-review\\flow-baseline\\datasetPopular\\ofo小黄车官方版\\__APP__/pages/login/index.js"},"that":{"name":"createApp","file":"D:\\WORK\\2022\\论文相关\\TOSEM\\MiniApp-review\\flow-baseline\\datasetPopular\\ofo小黄车官方版\\__APP__/app.js"}},{"this":{"name":"__object__require__<../../npm/@tarojs/taro-weapp/index.js>","file":"D:\\WORK\\2022\\论文相关\\TOSEM\\MiniApp-review\\flow-baseline\\datasetPopular\\ofo小黄车官方版\\__APP__/pages/login/index.js"},"that":{"name":"exports","file":"D:\\WORK\\2022\\论文相关\\TOSEM\\MiniApp-review\\flow-baseline\\datasetPopular\\ofo小黄车官方版\\__APP__/npm/@tarojs/taro-weapp/index.js"}},{"this":{"name":"default","file":"D:\\WORK\\2022\\论文相关\\TOSEM\\MiniApp-review\\flow-baseline\\datasetPopular\\ofo小黄车官方版\\__APP__/pages/login/index.js"},"that":{"name":"default","file":"D:\\WORK\\2022\\论文相关\\TOSEM\\MiniApp-review\\flow-baseline\\datasetPopular\\ofo小黄车官方版\\__APP__/npm/@tarojs/taro-weapp/index.js"}},{"this":{"name":"__object__require__<../../npm/@tarojs/taro-weapp/index.js>","file":"D:\\WORK\\2022\\论文相关\\TOSEM\\MiniApp-review\\flow-baseline\\datasetPopular\\ofo小黄车官方版\\__APP__/pages/loginRebate/index.js"},"that":{"name":"exports","file":"D:\\WORK\\2022\\论文相关\\TOSEM\\MiniApp-review\\flow-baseline\\datasetPopular\\ofo小黄车官方版\\__APP__/npm/@tarojs/taro-weapp/index.js"}},{"this":{"name":"__object__require__<../../services/api.js>","file":"D:\\WORK\\2022\\论文相关\\TOSEM\\MiniApp-review\\flow-baseline\\datasetPopular\\ofo小黄车官方版\\__APP__/pages/loginRebate/index.js"},"that":{"name":"exports","file":"D:\\WORK\\2022\\论文相关\\TOSEM\\MiniApp-review\\flow-baseline\\datasetPopular\\ofo小黄车官方版\\__APP__/services/api.js"}},{"this":{"name":"__object__require__<../../constant/index.js>","file":"D:\\WORK\\2022\\论文相关\\TOSEM\\MiniApp-review\\flow-baseline\\datasetPopular\\ofo小黄车官方版\\__APP__/pages/loginRebate/index.js"},"that":{"name":"exports","file":"D:\\WORK\\2022\\论文相关\\TOSEM\\MiniApp-review\\flow-baseline\\datasetPopular\\ofo小黄车官方版\\__APP__/constant/index.js"}},{"this":{"name":"STORE","file":"D:\\WORK\\2022\\论文相关\\TOSEM\\MiniApp-review\\flow-baseline\\datasetPopular\\ofo小黄车官方版\\__APP__/pages/loginRebate/index.js"},"that":{"name":"STORE","file":"D:\\WORK\\2022\\论文相关\\TOSEM\\MiniApp-review\\flow-baseline\\datasetPopular\\ofo小黄车官方版\\__APP__/constant/index.js"}},{"this":{"name":"REFRESH_TOKEN","file":"D:\\WORK\\2022\\论文相关\\TOSEM\\MiniApp-review\\flow-baseline\\datasetPopular\\ofo小黄车官方版\\__APP__/pages/loginRebate/index.js"},"that":{"name":"REFRESH_TOKEN","file":"D:\\WORK\\2022\\论文相关\\TOSEM\\MiniApp-review\\flow-baseline\\datasetPopular\\ofo小黄车官方版\\__APP__/constant/index.js"}},{"this":{"name":"__object__getApp","file":"D:\\WORK\\2022\\论文相关\\TOSEM\\MiniApp-review\\flow-baseline\\datasetPopular\\ofo小黄车官方版\\__APP__/pages/loginRebate/index.js"},"that":{"name":"createApp","file":"D:\\WORK\\2022\\论文相关\\TOSEM\\MiniApp-review\\flow-baseline\\datasetPopular\\ofo小黄车官方版\\__APP__/app.js"}},{"this":{"name":"__object__require__<../../npm/@tarojs/taro-weapp/index.js>","file":"D:\\WORK\\2022\\论文相关\\TOSEM\\MiniApp-review\\flow-baseline\\datasetPopular\\ofo小黄车官方版\\__APP__/pages/loginRebate/index.js"},"that":{"name":"exports","file":"D:\\WORK\\2022\\论文相关\\TOSEM\\MiniApp-review\\flow-baseline\\datasetPopular\\ofo小黄车官方版\\__APP__/npm/@tarojs/taro-weapp/index.js"}},{"this":{"name":"default","file":"D:\\WORK\\2022\\论文相关\\TOSEM\\MiniApp-review\\flow-baseline\\datasetPopular\\ofo小黄车官方版\\__APP__/pages/loginRebate/index.js"},"that":{"name":"default","file":"D:\\WORK\\2022\\论文相关\\TOSEM\\MiniApp-review\\flow-baseline\\datasetPopular\\ofo小黄车官方版\\__APP__/npm/@tarojs/taro-weapp/index.js"}},{"this":{"name":"__object__require__<../../config/index.js>","file":"D:\\WORK\\2022\\论文相关\\TOSEM\\MiniApp-review\\flow-baseline\\datasetPopular\\ofo小黄车官方版\\__APP__/pages/map/deposit.js"},"that":{"name":"exports","file":"D:\\WORK\\2022\\论文相关\\TOSEM\\MiniApp-review\\flow-baseline\\datasetPopular\\ofo小黄车官方版\\__APP__/config/index.js"}},{"this":{"name":"__object__require__<../../npm/@tarojs/taro-weapp/index.js>","file":"D:\\WORK\\2022\\论文相关\\TOSEM\\MiniApp-review\\flow-baseline\\datasetPopular\\ofo小黄车官方版\\__APP__/pages/map/map.js"},"that":{"name":"exports","file":"D:\\WORK\\2022\\论文相关\\TOSEM\\MiniApp-review\\flow-baseline\\datasetPopular\\ofo小黄车官方版\\__APP__/npm/@tarojs/taro-weapp/index.js"}},{"this":{"name":"__object__require__<../../config/index.js>","file":"D:\\WORK\\2022\\论文相关\\TOSEM\\MiniApp-review\\flow-baseline\\datasetPopular\\ofo小黄车官方版\\__APP__/pages/map/map.js"},"that":{"name":"exports","file":"D:\\WORK\\2022\\论文相关\\TOSEM\\MiniApp-review\\flow-baseline\\datasetPopular\\ofo小黄车官方版\\__APP__/config/index.js"}},{"this":{"name":"__object__require__<./deposit.js>","file":"D:\\WORK\\2022\\论文相关\\TOSEM\\MiniApp-review\\flow-baseline\\datasetPopular\\ofo小黄车官方版\\__APP__/pages/map/map.js"},"that":{"name":"exports","file":"D:\\WORK\\2022\\论文相关\\TOSEM\\MiniApp-review\\flow-baseline\\datasetPopular\\ofo小黄车官方版\\__APP__/pages/map/deposit.js"}},{"this":{"name":"__object__require__<../../utils/ofo.js>","file":"D:\\WORK\\2022\\论文相关\\TOSEM\\MiniApp-review\\flow-baseline\\datasetPopular\\ofo小黄车官方版\\__APP__/pages/map/map.js"},"that":{"name":"exports","file":"D:\\WORK\\2022\\论文相关\\TOSEM\\MiniApp-review\\flow-baseline\\datasetPopular\\ofo小黄车官方版\\__APP__/utils/ofo.js"}},{"this":{"name":"__object__require__<../../services/api.js>","file":"D:\\WORK\\2022\\论文相关\\TOSEM\\MiniApp-review\\flow-baseline\\datasetPopular\\ofo小黄车官方版\\__APP__/pages/map/map.js"},"that":{"name":"exports","file":"D:\\WORK\\2022\\论文相关\\TOSEM\\MiniApp-review\\flow-baseline\\datasetPopular\\ofo小黄车官方版\\__APP__/services/api.js"}},{"this":{"name":"__object__require__<../../constant/index.js>","file":"D:\\WORK\\2022\\论文相关\\TOSEM\\MiniApp-review\\flow-baseline\\datasetPopular\\ofo小黄车官方版\\__APP__/pages/map/map.js"},"that":{"name":"exports","file":"D:\\WORK\\2022\\论文相关\\TOSEM\\MiniApp-review\\flow-baseline\\datasetPopular\\ofo小黄车官方版\\__APP__/constant/index.js"}},{"this":{"name":"URL","file":"D:\\WORK\\2022\\论文相关\\TOSEM\\MiniApp-review\\flow-baseline\\datasetPopular\\ofo小黄车官方版\\__APP__/pages/map/map.js"},"that":{"name":"URL","file":"D:\\WORK\\2022\\论文相关\\TOSEM\\MiniApp-review\\flow-baseline\\datasetPopular\\ofo小黄车官方版\\__APP__/constant/index.js"}},{"this":{"name":"BLUEBAR_DEFAULT","file":"D:\\WORK\\2022\\论文相关\\TOSEM\\MiniApp-review\\flow-baseline\\datasetPopular\\ofo小黄车官方版\\__APP__/pages/map/map.js"},"that":{"name":"BLUEBAR_DEFAULT","file":"D:\\WORK\\2022\\论文相关\\TOSEM\\MiniApp-review\\flow-baseline\\datasetPopular\\ofo小黄车官方版\\__APP__/constant/index.js"}},{"this":{"name":"STORE","file":"D:\\WORK\\2022\\论文相关\\TOSEM\\MiniApp-review\\flow-baseline\\datasetPopular\\ofo小黄车官方版\\__APP__/pages/map/map.js"},"that":{"name":"STORE","file":"D:\\WORK\\2022\\论文相关\\TOSEM\\MiniApp-review\\flow-baseline\\datasetPopular\\ofo小黄车官方版\\__APP__/constant/index.js"}},{"this":{"name":"PRICE_INFO","file":"D:\\WORK\\2022\\论文相关\\TOSEM\\MiniApp-review\\flow-baseline\\datasetPopular\\ofo小黄车官方版\\__APP__/pages/map/map.js"},"that":{"name":"PRICE_INFO","file":"D:\\WORK\\2022\\论文相关\\TOSEM\\MiniApp-review\\flow-baseline\\datasetPopular\\ofo小黄车官方版\\__APP__/constant/index.js"}},{"this":{"name":"__object__require__<../../utils/location.js>","file":"D:\\WORK\\2022\\论文相关\\TOSEM\\MiniApp-review\\flow-baseline\\datasetPopular\\ofo小黄车官方版\\__APP__/pages/map/map.js"},"that":{"name":"exports","file":"D:\\WORK\\2022\\论文相关\\TOSEM\\MiniApp-review\\flow-baseline\\datasetPopular\\ofo小黄车官方版\\__APP__/utils/location.js"}},{"this":{"name":"getGeo","file":"D:\\WORK\\2022\\论文相关\\TOSEM\\MiniApp-review\\flow-baseline\\datasetPopular\\ofo小黄车官方版\\__APP__/pages/map/map.js"},"that":{"name":"getGeo","file":"D:\\WORK\\2022\\论文相关\\TOSEM\\MiniApp-review\\flow-baseline\\datasetPopular\\ofo小黄车官方版\\__APP__/utils/location.js"}},{"this":{"name":"__object__getApp","file":"D:\\WORK\\2022\\论文相关\\TOSEM\\MiniApp-review\\flow-baseline\\datasetPopular\\ofo小黄车官方版\\__APP__/pages/map/map.js"},"that":{"name":"createApp","file":"D:\\WORK\\2022\\论文相关\\TOSEM\\MiniApp-review\\flow-baseline\\datasetPopular\\ofo小黄车官方版\\__APP__/app.js"}},{"this":{"name":"__object__require__<../../npm/@tarojs/taro-weapp/index.js>","file":"D:\\WORK\\2022\\论文相关\\TOSEM\\MiniApp-review\\flow-baseline\\datasetPopular\\ofo小黄车官方版\\__APP__/pages/map/map.js"},"that":{"name":"exports","file":"D:\\WORK\\2022\\论文相关\\TOSEM\\MiniApp-review\\flow-baseline\\datasetPopular\\ofo小黄车官方版\\__APP__/npm/@tarojs/taro-weapp/index.js"}},{"this":{"name":"default","file":"D:\\WORK\\2022\\论文相关\\TOSEM\\MiniApp-review\\flow-baseline\\datasetPopular\\ofo小黄车官方版\\__APP__/pages/map/map.js"},"that":{"name":"default","file":"D:\\WORK\\2022\\论文相关\\TOSEM\\MiniApp-review\\flow-baseline\\datasetPopular\\ofo小黄车官方版\\__APP__/npm/@tarojs/taro-weapp/index.js"}},{"this":{"name":"__object__require__<../../npm/@tarojs/taro-weapp/index.js>","file":"D:\\WORK\\2022\\论文相关\\TOSEM\\MiniApp-review\\flow-baseline\\datasetPopular\\ofo小黄车官方版\\__APP__/pages/myCard/index.js"},"that":{"name":"exports","file":"D:\\WORK\\2022\\论文相关\\TOSEM\\MiniApp-review\\flow-baseline\\datasetPopular\\ofo小黄车官方版\\__APP__/npm/@tarojs/taro-weapp/index.js"}},{"this":{"name":"__object__require__<../../services/api.js>","file":"D:\\WORK\\2022\\论文相关\\TOSEM\\MiniApp-review\\flow-baseline\\datasetPopular\\ofo小黄车官方版\\__APP__/pages/myCard/index.js"},"that":{"name":"exports","file":"D:\\WORK\\2022\\论文相关\\TOSEM\\MiniApp-review\\flow-baseline\\datasetPopular\\ofo小黄车官方版\\__APP__/services/api.js"}},{"this":{"name":"__object__require__<../../npm/@tarojs/taro-weapp/index.js>","file":"D:\\WORK\\2022\\论文相关\\TOSEM\\MiniApp-review\\flow-baseline\\datasetPopular\\ofo小黄车官方版\\__APP__/pages/myCard/index.js"},"that":{"name":"exports","file":"D:\\WORK\\2022\\论文相关\\TOSEM\\MiniApp-review\\flow-baseline\\datasetPopular\\ofo小黄车官方版\\__APP__/npm/@tarojs/taro-weapp/index.js"}},{"this":{"name":"default","file":"D:\\WORK\\2022\\论文相关\\TOSEM\\MiniApp-review\\flow-baseline\\datasetPopular\\ofo小黄车官方版\\__APP__/pages/myCard/index.js"},"that":{"name":"default","file":"D:\\WORK\\2022\\论文相关\\TOSEM\\MiniApp-review\\flow-baseline\\datasetPopular\\ofo小黄车官方版\\__APP__/npm/@tarojs/taro-weapp/index.js"}},{"this":{"name":"__object__require__<../../npm/@tarojs/taro-weapp/index.js>","file":"D:\\WORK\\2022\\论文相关\\TOSEM\\MiniApp-review\\flow-baseline\\datasetPopular\\ofo小黄车官方版\\__APP__/pages/packet/index.js"},"that":{"name":"exports","file":"D:\\WORK\\2022\\论文相关\\TOSEM\\MiniApp-review\\flow-baseline\\datasetPopular\\ofo小黄车官方版\\__APP__/npm/@tarojs/taro-weapp/index.js"}},{"this":{"name":"__object__require__<../../services/api.js>","file":"D:\\WORK\\2022\\论文相关\\TOSEM\\MiniApp-review\\flow-baseline\\datasetPopular\\ofo小黄车官方版\\__APP__/pages/packet/index.js"},"that":{"name":"exports","file":"D:\\WORK\\2022\\论文相关\\TOSEM\\MiniApp-review\\flow-baseline\\datasetPopular\\ofo小黄车官方版\\__APP__/services/api.js"}},{"this":{"name":"__object__require__<../../npm/@tarojs/taro-weapp/index.js>","file":"D:\\WORK\\2022\\论文相关\\TOSEM\\MiniApp-review\\flow-baseline\\datasetPopular\\ofo小黄车官方版\\__APP__/pages/packet/index.js"},"that":{"name":"exports","file":"D:\\WORK\\2022\\论文相关\\TOSEM\\MiniApp-review\\flow-baseline\\datasetPopular\\ofo小黄车官方版\\__APP__/npm/@tarojs/taro-weapp/index.js"}},{"this":{"name":"default","file":"D:\\WORK\\2022\\论文相关\\TOSEM\\MiniApp-review\\flow-baseline\\datasetPopular\\ofo小黄车官方版\\__APP__/pages/packet/index.js"},"that":{"name":"default","file":"D:\\WORK\\2022\\论文相关\\TOSEM\\MiniApp-review\\flow-baseline\\datasetPopular\\ofo小黄车官方版\\__APP__/npm/@tarojs/taro-weapp/index.js"}},{"this":{"name":"__object__require__<../../npm/@tarojs/taro-weapp/index.js>","file":"D:\\WORK\\2022\\论文相关\\TOSEM\\MiniApp-review\\flow-baseline\\datasetPopular\\ofo小黄车官方版\\__APP__/pages/purchase/purchase.js"},"that":{"name":"exports","file":"D:\\WORK\\2022\\论文相关\\TOSEM\\MiniApp-review\\flow-baseline\\datasetPopular\\ofo小黄车官方版\\__APP__/npm/@tarojs/taro-weapp/index.js"}},{"this":{"name":"__object__require__<../../services/api.js>","file":"D:\\WORK\\2022\\论文相关\\TOSEM\\MiniApp-review\\flow-baseline\\datasetPopular\\ofo小黄车官方版\\__APP__/pages/purchase/purchase.js"},"that":{"name":"exports","file":"D:\\WORK\\2022\\论文相关\\TOSEM\\MiniApp-review\\flow-baseline\\datasetPopular\\ofo小黄车官方版\\__APP__/services/api.js"}},{"this":{"name":"__object__require__<../../config/payment.js>","file":"D:\\WORK\\2022\\论文相关\\TOSEM\\MiniApp-review\\flow-baseline\\datasetPopular\\ofo小黄车官方版\\__APP__/pages/purchase/purchase.js"},"that":{"name":"exports","file":"D:\\WORK\\2022\\论文相关\\TOSEM\\MiniApp-review\\flow-baseline\\datasetPopular\\ofo小黄车官方版\\__APP__/config/payment.js"}},{"this":{"name":"ofoUnitedPayment","file":"D:\\WORK\\2022\\论文相关\\TOSEM\\MiniApp-review\\flow-baseline\\datasetPopular\\ofo小黄车官方版\\__APP__/pages/purchase/purchase.js"},"that":{"name":"ofoUnitedPayment","file":"D:\\WORK\\2022\\论文相关\\TOSEM\\MiniApp-review\\flow-baseline\\datasetPopular\\ofo小黄车官方版\\__APP__/config/payment.js"}},{"this":{"name":"__object__require__<../../utils/location.js>","file":"D:\\WORK\\2022\\论文相关\\TOSEM\\MiniApp-review\\flow-baseline\\datasetPopular\\ofo小黄车官方版\\__APP__/pages/purchase/purchase.js"},"that":{"name":"exports","file":"D:\\WORK\\2022\\论文相关\\TOSEM\\MiniApp-review\\flow-baseline\\datasetPopular\\ofo小黄车官方版\\__APP__/utils/location.js"}},{"this":{"name":"getGeo","file":"D:\\WORK\\2022\\论文相关\\TOSEM\\MiniApp-review\\flow-baseline\\datasetPopular\\ofo小黄车官方版\\__APP__/pages/purchase/purchase.js"},"that":{"name":"getGeo","file":"D:\\WORK\\2022\\论文相关\\TOSEM\\MiniApp-review\\flow-baseline\\datasetPopular\\ofo小黄车官方版\\__APP__/utils/location.js"}},{"this":{"name":"__object__require__<../../utils/_.js>","file":"D:\\WORK\\2022\\论文相关\\TOSEM\\MiniApp-review\\flow-baseline\\datasetPopular\\ofo小黄车官方版\\__APP__/pages/purchase/purchase.js"},"that":{"name":"exports","file":"D:\\WORK\\2022\\论文相关\\TOSEM\\MiniApp-review\\flow-baseline\\datasetPopular\\ofo小黄车官方版\\__APP__/utils/_.js"}},{"this":{"name":"urlParamsObjToString","file":"D:\\WORK\\2022\\论文相关\\TOSEM\\MiniApp-review\\flow-baseline\\datasetPopular\\ofo小黄车官方版\\__APP__/pages/purchase/purchase.js"},"that":{"name":"urlParamsObjToString","file":"D:\\WORK\\2022\\论文相关\\TOSEM\\MiniApp-review\\flow-baseline\\datasetPopular\\ofo小黄车官方版\\__APP__/utils/_.js"}},{"this":{"name":"__object__require__<../../npm/@tarojs/taro-weapp/index.js>","file":"D:\\WORK\\2022\\论文相关\\TOSEM\\MiniApp-review\\flow-baseline\\datasetPopular\\ofo小黄车官方版\\__APP__/pages/purchase/purchase.js"},"that":{"name":"exports","file":"D:\\WORK\\2022\\论文相关\\TOSEM\\MiniApp-review\\flow-baseline\\datasetPopular\\ofo小黄车官方版\\__APP__/npm/@tarojs/taro-weapp/index.js"}},{"this":{"name":"default","file":"D:\\WORK\\2022\\论文相关\\TOSEM\\MiniApp-review\\flow-baseline\\datasetPopular\\ofo小黄车官方版\\__APP__/pages/purchase/purchase.js"},"that":{"name":"default","file":"D:\\WORK\\2022\\论文相关\\TOSEM\\MiniApp-review\\flow-baseline\\datasetPopular\\ofo小黄车官方版\\__APP__/npm/@tarojs/taro-weapp/index.js"}},{"this":{"name":"__object__require__<../../npm/@tarojs/taro-weapp/index.js>","file":"D:\\WORK\\2022\\论文相关\\TOSEM\\MiniApp-review\\flow-baseline\\datasetPopular\\ofo小黄车官方版\\__APP__/pages/rideFinish/index.js"},"that":{"name":"exports","file":"D:\\WORK\\2022\\论文相关\\TOSEM\\MiniApp-review\\flow-baseline\\datasetPopular\\ofo小黄车官方版\\__APP__/npm/@tarojs/taro-weapp/index.js"}},{"this":{"name":"__object__require__<../../services/api.js>","file":"D:\\WORK\\2022\\论文相关\\TOSEM\\MiniApp-review\\flow-baseline\\datasetPopular\\ofo小黄车官方版\\__APP__/pages/rideFinish/index.js"},"that":{"name":"exports","file":"D:\\WORK\\2022\\论文相关\\TOSEM\\MiniApp-review\\flow-baseline\\datasetPopular\\ofo小黄车官方版\\__APP__/services/api.js"}},{"this":{"name":"__object__require__<../../utils/_.js>","file":"D:\\WORK\\2022\\论文相关\\TOSEM\\MiniApp-review\\flow-baseline\\datasetPopular\\ofo小黄车官方版\\__APP__/pages/rideFinish/index.js"},"that":{"name":"exports","file":"D:\\WORK\\2022\\论文相关\\TOSEM\\MiniApp-review\\flow-baseline\\datasetPopular\\ofo小黄车官方版\\__APP__/utils/_.js"}},{"this":{"name":"ofoRedirect","file":"D:\\WORK\\2022\\论文相关\\TOSEM\\MiniApp-review\\flow-baseline\\datasetPopular\\ofo小黄车官方版\\__APP__/pages/rideFinish/index.js"},"that":{"name":"ofoRedirect","file":"D:\\WORK\\2022\\论文相关\\TOSEM\\MiniApp-review\\flow-baseline\\datasetPopular\\ofo小黄车官方版\\__APP__/utils/_.js"}},{"this":{"name":"__object__require__<../../config/index.js>","file":"D:\\WORK\\2022\\论文相关\\TOSEM\\MiniApp-review\\flow-baseline\\datasetPopular\\ofo小黄车官方版\\__APP__/pages/rideFinish/index.js"},"that":{"name":"exports","file":"D:\\WORK\\2022\\论文相关\\TOSEM\\MiniApp-review\\flow-baseline\\datasetPopular\\ofo小黄车官方版\\__APP__/config/index.js"}},{"this":{"name":"__object__require__<../../npm/@tarojs/taro-weapp/index.js>","file":"D:\\WORK\\2022\\论文相关\\TOSEM\\MiniApp-review\\flow-baseline\\datasetPopular\\ofo小黄车官方版\\__APP__/pages/rideFinish/index.js"},"that":{"name":"exports","file":"D:\\WORK\\2022\\论文相关\\TOSEM\\MiniApp-review\\flow-baseline\\datasetPopular\\ofo小黄车官方版\\__APP__/npm/@tarojs/taro-weapp/index.js"}},{"this":{"name":"default","file":"D:\\WORK\\2022\\论文相关\\TOSEM\\MiniApp-review\\flow-baseline\\datasetPopular\\ofo小黄车官方版\\__APP__/pages/rideFinish/index.js"},"that":{"name":"default","file":"D:\\WORK\\2022\\论文相关\\TOSEM\\MiniApp-review\\flow-baseline\\datasetPopular\\ofo小黄车官方版\\__APP__/npm/@tarojs/taro-weapp/index.js"}},{"this":{"name":"__object__require__<../../npm/@tarojs/taro-weapp/index.js>","file":"D:\\WORK\\2022\\论文相关\\TOSEM\\MiniApp-review\\flow-baseline\\datasetPopular\\ofo小黄车官方版\\__APP__/pages/unlock/index.js"},"that":{"name":"exports","file":"D:\\WORK\\2022\\论文相关\\TOSEM\\MiniApp-review\\flow-baseline\\datasetPopular\\ofo小黄车官方版\\__APP__/npm/@tarojs/taro-weapp/index.js"}},{"this":{"name":"__object__require__<../../utils/ofo.js>","file":"D:\\WORK\\2022\\论文相关\\TOSEM\\MiniApp-review\\flow-baseline\\datasetPopular\\ofo小黄车官方版\\__APP__/pages/unlock/index.js"},"that":{"name":"exports","file":"D:\\WORK\\2022\\论文相关\\TOSEM\\MiniApp-review\\flow-baseline\\datasetPopular\\ofo小黄车官方版\\__APP__/utils/ofo.js"}},{"this":{"name":"__object__getApp","file":"D:\\WORK\\2022\\论文相关\\TOSEM\\MiniApp-review\\flow-baseline\\datasetPopular\\ofo小黄车官方版\\__APP__/pages/unlock/index.js"},"that":{"name":"createApp","file":"D:\\WORK\\2022\\论文相关\\TOSEM\\MiniApp-review\\flow-baseline\\datasetPopular\\ofo小黄车官方版\\__APP__/app.js"}},{"this":{"name":"__object__require__<../../npm/@tarojs/taro-weapp/index.js>","file":"D:\\WORK\\2022\\论文相关\\TOSEM\\MiniApp-review\\flow-baseline\\datasetPopular\\ofo小黄车官方版\\__APP__/pages/unlock/index.js"},"that":{"name":"exports","file":"D:\\WORK\\2022\\论文相关\\TOSEM\\MiniApp-review\\flow-baseline\\datasetPopular\\ofo小黄车官方版\\__APP__/npm/@tarojs/taro-weapp/index.js"}},{"this":{"name":"default","file":"D:\\WORK\\2022\\论文相关\\TOSEM\\MiniApp-review\\flow-baseline\\datasetPopular\\ofo小黄车官方版\\__APP__/pages/unlock/index.js"},"that":{"name":"default","file":"D:\\WORK\\2022\\论文相关\\TOSEM\\MiniApp-review\\flow-baseline\\datasetPopular\\ofo小黄车官方版\\__APP__/npm/@tarojs/taro-weapp/index.js"}},{"this":{"name":"__object__require__<../../npm/@tarojs/taro-weapp/index.js>","file":"D:\\WORK\\2022\\论文相关\\TOSEM\\MiniApp-review\\flow-baseline\\datasetPopular\\ofo小黄车官方版\\__APP__/pages/wallet/index.js"},"that":{"name":"exports","file":"D:\\WORK\\2022\\论文相关\\TOSEM\\MiniApp-review\\flow-baseline\\datasetPopular\\ofo小黄车官方版\\__APP__/npm/@tarojs/taro-weapp/index.js"}},{"this":{"name":"__object__require__<../../npm/@tarojs/mobx/index.js>","file":"D:\\WORK\\2022\\论文相关\\TOSEM\\MiniApp-review\\flow-baseline\\datasetPopular\\ofo小黄车官方版\\__APP__/pages/wallet/index.js"},"that":{"name":"exports","file":"D:\\WORK\\2022\\论文相关\\TOSEM\\MiniApp-review\\flow-baseline\\datasetPopular\\ofo小黄车官方版\\__APP__/npm/@tarojs/mobx/index.js"}},{"this":{"name":"__object__require__<../../npm/@tarojs/taro-weapp/index.js>","file":"D:\\WORK\\2022\\论文相关\\TOSEM\\MiniApp-review\\flow-baseline\\datasetPopular\\ofo小黄车官方版\\__APP__/pages/wallet/index.js"},"that":{"name":"exports","file":"D:\\WORK\\2022\\论文相关\\TOSEM\\MiniApp-review\\flow-baseline\\datasetPopular\\ofo小黄车官方版\\__APP__/npm/@tarojs/taro-weapp/index.js"}},{"this":{"name":"default","file":"D:\\WORK\\2022\\论文相关\\TOSEM\\MiniApp-review\\flow-baseline\\datasetPopular\\ofo小黄车官方版\\__APP__/pages/wallet/index.js"},"that":{"name":"default","file":"D:\\WORK\\2022\\论文相关\\TOSEM\\MiniApp-review\\flow-baseline\\datasetPopular\\ofo小黄车官方版\\__APP__/npm/@tarojs/taro-weapp/index.js"}},{"this":{"name":"__object__require__<../../npm/@tarojs/taro-weapp/index.js>","file":"D:\\WORK\\2022\\论文相关\\TOSEM\\MiniApp-review\\flow-baseline\\datasetPopular\\ofo小黄车官方版\\__APP__/pages/webView/webView.js"},"that":{"name":"exports","file":"D:\\WORK\\2022\\论文相关\\TOSEM\\MiniApp-review\\flow-baseline\\datasetPopular\\ofo小黄车官方版\\__APP__/npm/@tarojs/taro-weapp/index.js"}},{"this":{"name":"__object__require__<../../config/index.js>","file":"D:\\WORK\\2022\\论文相关\\TOSEM\\MiniApp-review\\flow-baseline\\datasetPopular\\ofo小黄车官方版\\__APP__/pages/webView/webView.js"},"that":{"name":"exports","file":"D:\\WORK\\2022\\论文相关\\TOSEM\\MiniApp-review\\flow-baseline\\datasetPopular\\ofo小黄车官方版\\__APP__/config/index.js"}},{"this":{"name":"__object__require__<../../utils/url.js>","file":"D:\\WORK\\2022\\论文相关\\TOSEM\\MiniApp-review\\flow-baseline\\datasetPopular\\ofo小黄车官方版\\__APP__/pages/webView/webView.js"},"that":{"name":"exports","file":"D:\\WORK\\2022\\论文相关\\TOSEM\\MiniApp-review\\flow-baseline\\datasetPopular\\ofo小黄车官方版\\__APP__/utils/url.js"}},{"this":{"name":"extendParamsToUrl","file":"D:\\WORK\\2022\\论文相关\\TOSEM\\MiniApp-review\\flow-baseline\\datasetPopular\\ofo小黄车官方版\\__APP__/pages/webView/webView.js"},"that":{"name":"extendParamsToUrl","file":"D:\\WORK\\2022\\论文相关\\TOSEM\\MiniApp-review\\flow-baseline\\datasetPopular\\ofo小黄车官方版\\__APP__/utils/url.js"}},{"this":{"name":"__object__getApp","file":"D:\\WORK\\2022\\论文相关\\TOSEM\\MiniApp-review\\flow-baseline\\datasetPopular\\ofo小黄车官方版\\__APP__/pages/webView/webView.js"},"that":{"name":"createApp","file":"D:\\WORK\\2022\\论文相关\\TOSEM\\MiniApp-review\\flow-baseline\\datasetPopular\\ofo小黄车官方版\\__APP__/app.js"}},{"this":{"name":"__object__require__<../../npm/@tarojs/taro-weapp/index.js>","file":"D:\\WORK\\2022\\论文相关\\TOSEM\\MiniApp-review\\flow-baseline\\datasetPopular\\ofo小黄车官方版\\__APP__/pages/webView/webView.js"},"that":{"name":"exports","file":"D:\\WORK\\2022\\论文相关\\TOSEM\\MiniApp-review\\flow-baseline\\datasetPopular\\ofo小黄车官方版\\__APP__/npm/@tarojs/taro-weapp/index.js"}},{"this":{"name":"default","file":"D:\\WORK\\2022\\论文相关\\TOSEM\\MiniApp-review\\flow-baseline\\datasetPopular\\ofo小黄车官方版\\__APP__/pages/webView/webView.js"},"that":{"name":"default","file":"D:\\WORK\\2022\\论文相关\\TOSEM\\MiniApp-review\\flow-baseline\\datasetPopular\\ofo小黄车官方版\\__APP__/npm/@tarojs/taro-weapp/index.js"}},{"this":{"name":"__object__require__<./dist/index.js>","file":"D:\\WORK\\2022\\论文相关\\TOSEM\\MiniApp-review\\flow-baseline\\datasetPopular\\ofo小黄车官方版\\__APP__/npm/@tarojs/mobx/index.js"},"that":{"name":"exports","file":"D:\\WORK\\2022\\论文相关\\TOSEM\\MiniApp-review\\flow-baseline\\datasetPopular\\ofo小黄车官方版\\__APP__/npm/@tarojs/mobx/dist/index.js"}},{"this":{"name":"default","file":"D:\\WORK\\2022\\论文相关\\TOSEM\\MiniApp-review\\flow-baseline\\datasetPopular\\ofo小黄车官方版\\__APP__/npm/@tarojs/mobx/index.js"},"that":{"name":"default","file":"D:\\WORK\\2022\\论文相关\\TOSEM\\MiniApp-review\\flow-baseline\\datasetPopular\\ofo小黄车官方版\\__APP__/npm/@tarojs/mobx/dist/index.js"}},{"this":{"name":"__object__require__<./dist/index.js>","file":"D:\\WORK\\2022\\论文相关\\TOSEM\\MiniApp-review\\flow-baseline\\datasetPopular\\ofo小黄车官方版\\__APP__/npm/@tarojs/taro-weapp/index.js"},"that":{"name":"exports","file":"D:\\WORK\\2022\\论文相关\\TOSEM\\MiniApp-review\\flow-baseline\\datasetPopular\\ofo小黄车官方版\\__APP__/npm/@tarojs/taro-weapp/dist/index.js"}},{"this":{"name":"default","file":"D:\\WORK\\2022\\论文相关\\TOSEM\\MiniApp-review\\flow-baseline\\datasetPopular\\ofo小黄车官方版\\__APP__/npm/@tarojs/taro-weapp/index.js"},"that":{"name":"default","file":"D:\\WORK\\2022\\论文相关\\TOSEM\\MiniApp-review\\flow-baseline\\datasetPopular\\ofo小黄车官方版\\__APP__/npm/@tarojs/taro-weapp/dist/index.js"}},{"this":{"name":"__object__require__<../../../npm/@tarojs/taro-weapp/index.js>","file":"D:\\WORK\\2022\\论文相关\\TOSEM\\MiniApp-review\\flow-baseline\\datasetPopular\\ofo小黄车官方版\\__APP__/pages/auth/nameVerify/nameVerify.js"},"that":{"name":"exports","file":"D:\\WORK\\2022\\论文相关\\TOSEM\\MiniApp-review\\flow-baseline\\datasetPopular\\ofo小黄车官方版\\__APP__/npm/@tarojs/taro-weapp/index.js"}},{"this":{"name":"__object__require__<../../../services/api.js>","file":"D:\\WORK\\2022\\论文相关\\TOSEM\\MiniApp-review\\flow-baseline\\datasetPopular\\ofo小黄车官方版\\__APP__/pages/auth/nameVerify/nameVerify.js"},"that":{"name":"exports","file":"D:\\WORK\\2022\\论文相关\\TOSEM\\MiniApp-review\\flow-baseline\\datasetPopular\\ofo小黄车官方版\\__APP__/services/api.js"}},{"this":{"name":"__object__require__<../../../utils/_.js>","file":"D:\\WORK\\2022\\论文相关\\TOSEM\\MiniApp-review\\flow-baseline\\datasetPopular\\ofo小黄车官方版\\__APP__/pages/auth/nameVerify/nameVerify.js"},"that":{"name":"exports","file":"D:\\WORK\\2022\\论文相关\\TOSEM\\MiniApp-review\\flow-baseline\\datasetPopular\\ofo小黄车官方版\\__APP__/utils/_.js"}},{"this":{"name":"isIdCardNo","file":"D:\\WORK\\2022\\论文相关\\TOSEM\\MiniApp-review\\flow-baseline\\datasetPopular\\ofo小黄车官方版\\__APP__/pages/auth/nameVerify/nameVerify.js"},"that":{"name":"isIdCardNo","file":"D:\\WORK\\2022\\论文相关\\TOSEM\\MiniApp-review\\flow-baseline\\datasetPopular\\ofo小黄车官方版\\__APP__/utils/_.js"}},{"this":{"name":"__object__require__<../../../utils/ofo.js>","file":"D:\\WORK\\2022\\论文相关\\TOSEM\\MiniApp-review\\flow-baseline\\datasetPopular\\ofo小黄车官方版\\__APP__/pages/auth/nameVerify/nameVerify.js"},"that":{"name":"exports","file":"D:\\WORK\\2022\\论文相关\\TOSEM\\MiniApp-review\\flow-baseline\\datasetPopular\\ofo小黄车官方版\\__APP__/utils/ofo.js"}},{"this":{"name":"goMapPage","file":"D:\\WORK\\2022\\论文相关\\TOSEM\\MiniApp-review\\flow-baseline\\datasetPopular\\ofo小黄车官方版\\__APP__/pages/auth/nameVerify/nameVerify.js"},"that":{"name":"goMapPage","file":"D:\\WORK\\2022\\论文相关\\TOSEM\\MiniApp-review\\flow-baseline\\datasetPopular\\ofo小黄车官方版\\__APP__/utils/ofo.js"}},{"this":{"name":"__object__getApp","file":"D:\\WORK\\2022\\论文相关\\TOSEM\\MiniApp-review\\flow-baseline\\datasetPopular\\ofo小黄车官方版\\__APP__/pages/auth/nameVerify/nameVerify.js"},"that":{"name":"createApp","file":"D:\\WORK\\2022\\论文相关\\TOSEM\\MiniApp-review\\flow-baseline\\datasetPopular\\ofo小黄车官方版\\__APP__/app.js"}},{"this":{"name":"__object__require__<../../../npm/@tarojs/taro-weapp/index.js>","file":"D:\\WORK\\2022\\论文相关\\TOSEM\\MiniApp-review\\flow-baseline\\datasetPopular\\ofo小黄车官方版\\__APP__/pages/auth/nameVerify/nameVerify.js"},"that":{"name":"exports","file":"D:\\WORK\\2022\\论文相关\\TOSEM\\MiniApp-review\\flow-baseline\\datasetPopular\\ofo小黄车官方版\\__APP__/npm/@tarojs/taro-weapp/index.js"}},{"this":{"name":"default","file":"D:\\WORK\\2022\\论文相关\\TOSEM\\MiniApp-review\\flow-baseline\\datasetPopular\\ofo小黄车官方版\\__APP__/pages/auth/nameVerify/nameVerify.js"},"that":{"name":"default","file":"D:\\WORK\\2022\\论文相关\\TOSEM\\MiniApp-review\\flow-baseline\\datasetPopular\\ofo小黄车官方版\\__APP__/npm/@tarojs/taro-weapp/index.js"}},{"this":{"name":"__object__require__<../../taro-weapp/npm/@tarojs/taro/index.js>","file":"D:\\WORK\\2022\\论文相关\\TOSEM\\MiniApp-review\\flow-baseline\\datasetPopular\\ofo小黄车官方版\\__APP__/npm/@tarojs/mobx/dist/index.js"},"that":{"name":"exports","file":"D:\\WORK\\2022\\论文相关\\TOSEM\\MiniApp-review\\flow-baseline\\datasetPopular\\ofo小黄车官方版\\__APP__/npm/@tarojs/taro-weapp/npm/@tarojs/taro/index.js"}},{"this":{"name":"__object__require__<../npm/@tarojs/mobx-common/index.js>","file":"D:\\WORK\\2022\\论文相关\\TOSEM\\MiniApp-review\\flow-baseline\\datasetPopular\\ofo小黄车官方版\\__APP__/npm/@tarojs/mobx/dist/index.js"},"that":{"name":"exports","file":"D:\\WORK\\2022\\论文相关\\TOSEM\\MiniApp-review\\flow-baseline\\datasetPopular\\ofo小黄车官方版\\__APP__/npm/@tarojs/mobx/npm/@tarojs/mobx-common/index.js"}},{"this":{"name":"__object__require__<../../../mobx/lib/mobx.js>","file":"D:\\WORK\\2022\\论文相关\\TOSEM\\MiniApp-review\\flow-baseline\\datasetPopular\\ofo小黄车官方版\\__APP__/npm/@tarojs/mobx/dist/index.js"},"that":{"name":"exports","file":"D:\\WORK\\2022\\论文相关\\TOSEM\\MiniApp-review\\flow-baseline\\datasetPopular\\ofo小黄车官方版\\__APP__/npm/mobx/lib/mobx.js"}},{"this":{"name":"Reaction","file":"D:\\WORK\\2022\\论文相关\\TOSEM\\MiniApp-review\\flow-baseline\\datasetPopular\\ofo小黄车官方版\\__APP__/npm/@tarojs/mobx/dist/index.js"},"that":{"name":"Reaction","file":"D:\\WORK\\2022\\论文相关\\TOSEM\\MiniApp-review\\flow-baseline\\datasetPopular\\ofo小黄车官方版\\__APP__/npm/mobx/lib/mobx.js"}},{"this":{"name":"__object__require__<../npm/@tarojs/taro/index.js>","file":"D:\\WORK\\2022\\论文相关\\TOSEM\\MiniApp-review\\flow-baseline\\datasetPopular\\ofo小黄车官方版\\__APP__/npm/@tarojs/taro-weapp/dist/index.js"},"that":{"name":"exports","file":"D:\\WORK\\2022\\论文相关\\TOSEM\\MiniApp-review\\flow-baseline\\datasetPopular\\ofo小黄车官方版\\__APP__/npm/@tarojs/taro-weapp/npm/@tarojs/taro/index.js"}},{"this":{"name":"__object__require__<./dist/index.js>","file":"D:\\WORK\\2022\\论文相关\\TOSEM\\MiniApp-review\\flow-baseline\\datasetPopular\\ofo小黄车官方版\\__APP__/npm/@tarojs/mobx/npm/@tarojs/mobx-common/index.js"},"that":{"name":"exports","file":"D:\\WORK\\2022\\论文相关\\TOSEM\\MiniApp-review\\flow-baseline\\datasetPopular\\ofo小黄车官方版\\__APP__/npm/@tarojs/mobx/npm/@tarojs/mobx-common/dist/index.js"}},{"this":{"name":"__object__require__<./dist/index.js>","file":"D:\\WORK\\2022\\论文相关\\TOSEM\\MiniApp-review\\flow-baseline\\datasetPopular\\ofo小黄车官方版\\__APP__/npm/@tarojs/taro-weapp/npm/@tarojs/taro/index.js"},"that":{"name":"exports","file":"D:\\WORK\\2022\\论文相关\\TOSEM\\MiniApp-review\\flow-baseline\\datasetPopular\\ofo小黄车官方版\\__APP__/npm/@tarojs/taro-weapp/npm/@tarojs/taro/dist/index.js"}},{"this":{"name":"default","file":"D:\\WORK\\2022\\论文相关\\TOSEM\\MiniApp-review\\flow-baseline\\datasetPopular\\ofo小黄车官方版\\__APP__/npm/@tarojs/taro-weapp/npm/@tarojs/taro/index.js"},"that":{"name":"default","file":"D:\\WORK\\2022\\论文相关\\TOSEM\\MiniApp-review\\flow-baseline\\datasetPopular\\ofo小黄车官方版\\__APP__/npm/@tarojs/taro-weapp/npm/@tarojs/taro/dist/index.js"}},{"this":{"name":"__object__require__<../../../../../../mobx/lib/mobx.js>","file":"D:\\WORK\\2022\\论文相关\\TOSEM\\MiniApp-review\\flow-baseline\\datasetPopular\\ofo小黄车官方版\\__APP__/npm/@tarojs/mobx/npm/@tarojs/mobx-common/dist/index.js"},"that":{"name":"exports","file":"D:\\WORK\\2022\\论文相关\\TOSEM\\MiniApp-review\\flow-baseline\\datasetPopular\\ofo小黄车官方版\\__APP__/npm/mobx/lib/mobx.js"}},{"this":{"name":"untracked","file":"D:\\WORK\\2022\\论文相关\\TOSEM\\MiniApp-review\\flow-baseline\\datasetPopular\\ofo小黄车官方版\\__APP__/npm/@tarojs/mobx/npm/@tarojs/mobx-common/dist/index.js"},"that":{"name":"untracked","file":"D:\\WORK\\2022\\论文相关\\TOSEM\\MiniApp-review\\flow-baseline\\datasetPopular\\ofo小黄车官方版\\__APP__/npm/mobx/lib/mobx.js"}},{"this":{"name":"isObservableArray","file":"D:\\WORK\\2022\\论文相关\\TOSEM\\MiniApp-review\\flow-baseline\\datasetPopular\\ofo小黄车官方版\\__APP__/npm/@tarojs/mobx/npm/@tarojs/mobx-common/dist/index.js"},"that":{"name":"isObservableArray","file":"D:\\WORK\\2022\\论文相关\\TOSEM\\MiniApp-review\\flow-baseline\\datasetPopular\\ofo小黄车官方版\\__APP__/npm/mobx/lib/mobx.js"}},{"this":{"name":"isObservableObject","file":"D:\\WORK\\2022\\论文相关\\TOSEM\\MiniApp-review\\flow-baseline\\datasetPopular\\ofo小黄车官方版\\__APP__/npm/@tarojs/mobx/npm/@tarojs/mobx-common/dist/index.js"},"that":{"name":"isObservableObject","file":"D:\\WORK\\2022\\论文相关\\TOSEM\\MiniApp-review\\flow-baseline\\datasetPopular\\ofo小黄车官方版\\__APP__/npm/mobx/lib/mobx.js"}},{"this":{"name":"isObservableMap","file":"D:\\WORK\\2022\\论文相关\\TOSEM\\MiniApp-review\\flow-baseline\\datasetPopular\\ofo小黄车官方版\\__APP__/npm/@tarojs/mobx/npm/@tarojs/mobx-common/dist/index.js"},"that":{"name":"isObservableMap","file":"D:\\WORK\\2022\\论文相关\\TOSEM\\MiniApp-review\\flow-baseline\\datasetPopular\\ofo小黄车官方版\\__APP__/npm/mobx/lib/mobx.js"}},{"this":{"name":"runInAction","file":"D:\\WORK\\2022\\论文相关\\TOSEM\\MiniApp-review\\flow-baseline\\datasetPopular\\ofo小黄车官方版\\__APP__/npm/@tarojs/mobx/npm/@tarojs/mobx-common/dist/index.js"},"that":{"name":"runInAction","file":"D:\\WORK\\2022\\论文相关\\TOSEM\\MiniApp-review\\flow-baseline\\datasetPopular\\ofo小黄车官方版\\__APP__/npm/mobx/lib/mobx.js"}},{"this":{"name":"observable","file":"D:\\WORK\\2022\\论文相关\\TOSEM\\MiniApp-review\\flow-baseline\\datasetPopular\\ofo小黄车官方版\\__APP__/npm/@tarojs/mobx/npm/@tarojs/mobx-common/dist/index.js"},"that":{"name":"observable","file":"D:\\WORK\\2022\\论文相关\\TOSEM\\MiniApp-review\\flow-baseline\\datasetPopular\\ofo小黄车官方版\\__APP__/npm/mobx/lib/mobx.js"}},{"this":{"name":"transaction","file":"D:\\WORK\\2022\\论文相关\\TOSEM\\MiniApp-review\\flow-baseline\\datasetPopular\\ofo小黄车官方版\\__APP__/npm/@tarojs/mobx/npm/@tarojs/mobx-common/dist/index.js"},"that":{"name":"transaction","file":"D:\\WORK\\2022\\论文相关\\TOSEM\\MiniApp-review\\flow-baseline\\datasetPopular\\ofo小黄车官方版\\__APP__/npm/mobx/lib/mobx.js"}}]