{"fromUI":[{"file":"/components/dtConfirmModal/index.wxml","infoType":[]},{"file":"/components/PhoneLogin/index.wxml","infoType":[]},{"file":"/components/UnlockPopup/index.wxml","infoType":[]},{"file":"/pages/accountRules/index.wxml","infoType":[]},{"file":"/pages/agreement/index.wxml","infoType":[]},{"file":"/pages/bike/index.wxml","infoType":[]},{"file":"/pages/costDetail/index.wxml","infoType":[]},{"file":"/pages/login/index.wxml","infoType":[]},{"file":"/pages/loginRebate/index.wxml","infoType":[]},{"file":"/pages/map/map.wxml","infoType":[]},{"file":"/pages/myCard/index.wxml","infoType":[]},{"file":"/pages/packet/index.wxml","infoType":[]},{"file":"/pages/purchase/purchase.wxml","infoType":[]},{"file":"/pages/rideFinish/index.wxml","infoType":[]},{"file":"/pages/unlock/index.wxml","infoType":[]},{"file":"/pages/wallet/index.wxml","infoType":[]},{"file":"/pages/webView/webView.wxml","infoType":[]},{"file":"/pages/auth/nameVerify/nameVerify.wxml","infoType":[]}],"fromAPI":{"wx.getSystemInfoSync":{"ill":"系统信息，包括设备品牌、设备型号等","ocr":[{"id":108172,"file":"/npm/@tarojs/taro-weapp/dist/index.js","loc":{"line":1371,"column":12}},{"id":108169,"file":"/npm/@tarojs/taro-weapp/dist/index.js","loc":{"line":1371,"column":12}}]},"wx.request":{"ill":"请求数据","ocr":[{"id":107305,"file":"/npm/@tarojs/taro-weapp/dist/index.js","loc":{"line":1287,"column":15}}]}},"fromVar":{},"timeCost":1262}