{
    "enablePullDownRefresh": false,
    "usingComponents": {
        "i-card": "../../../dist/card/index",
        "ask-card": "../../../dist/ask-card/index",
        "i-modal": "../../../dist/modal/index",
        "i-button": "../../../dist/button/index",
        "i-message": "../../../dist/message/index",
        "i-input": "../../../dist/input/index",
        "i-panel": "../../../dist/panel/index",
        "i-row": "../../../dist/row/index",
        "i-col": "../../../dist/col/index",
        "suspension": "../../../dist/suspension/index",
        "wux-fab-button-custom": "/dist/wux/fab-button-custom/index",
        "wux-toast": "/dist/wux/toast/index",
        "wux-tag-radius": "/dist/wux/tag-radius/index",
        "i-icon": "../../../dist/icon/index",
        "wux-landscape": "/dist/wux/landscape/index",
        "wux-search-bar": "/dist/wux/search-bar/index"
    }
}