{
    "enablePullDownRefresh": false,
    "usingComponents": {
        "i-card": "/dist/card/index",
        "i-modal": "/dist/modal/index",
        "i-button": "/dist/button/index",
        "i-message": "/dist/message/index",
        "i-input": "/dist/input/index",
        "i-panel": "/dist/panel/index",
        "i-row": "/dist/row/index",
        "i-col": "/dist/col/index",
        "suspension": "/dist/suspension/index",
        "wux-fab-button-custom": "/dist/wux/fab-button-custom/index",
        "wux-fab-button-apply": "/dist/wux/fab-button-apply/index",
        "wux-fab-button-vaccination": "/dist/wux/fab-button-vaccination/index",
        "wux-toast": "/dist/wux/toast/index",
        "wux-landscape": "/dist/wux/landscape/index",
        "wux-dialog": "/dist/wux/dialog/index",
        "i-icon": "/dist/icon/index"
    }
}