[{"id": 0, "type": "[document]", "string": null, "attribute": {}, "referenceVariable": [], "referenceFunction": [], "style": [], "inheritClass": null, "wxss": [], "page": null, "path": "D:\\WORK\\2021\\MPDF\\baseline\\ui\\二手车评估汪\\report.wxml", "child": [1, 2], "parent": null, "matchString": [{"type": "relation", "string": "{{carModel}}"}, {"type": "relation", "string": "{{carTime}} ｜ {{carMile}}万公里 ｜ {{city}} ｜ {{emission}}"}, {"type": "relation", "string": "{{totalSearchCount}}"}, {"type": "relation", "string": "{{modelSearchCount}}"}, {"type": "relation", "string": "evalChart"}, {"type": "relation", "string": "您的爱车现在值"}, {"type": "relation", "string": "{{evalPrice}}"}, {"type": "relation", "string": "万"}, {"type": "relation", "string": "新车总成本"}, {"type": "relation", "string": "{{priceBn}}万"}, {"type": "relation", "string": "保值额　　"}, {"type": "relation", "string": "{{antiCompre}}万"}, {"type": "relation", "string": "贬值额　　"}, {"type": "relation", "string": "{{compre}}万"}, {"type": "relation", "string": "贬值主要由新车市场降价和折旧损耗组成"}, {"type": "relation", "string": "行驶"}, {"type": "relation", "string": "{{carYears}}年"}, {"type": "relation", "string": "{{carMonthes}}个月"}, {"type": "relation", "string": " 保值"}, {"type": "relation", "string": "{{antiCompreRatio}}%"}, {"type": "relation", "string": "您开过{{modelName}}轿车吗？"}, {"type": "relation", "string": "{{true}}"}, {"type": "relation", "string": "开过"}, {"type": "relation", "string": "{{hasDriveCount}}人"}, {"type": "relation", "string": "{{false}}"}, {"type": "relation", "string": "想开"}, {"type": "relation", "string": "{{wantDriveCount}}人"}, {"type": "relation", "string": "保值率排行榜"}, {"type": "relation", "string": "重新估值"}, {"type": "relation", "string": "comment-wrapper"}, {"type": "relation", "string": "{{hasDriveFlag===true?'一句话点评'+carModelShort:'记录一下想开'+carModelShort+'的理由'}}"}, {"type": "relation", "string": "fcweak"}, {"type": "relation", "string": "你会向朋友推荐此车吗？"}, {"type": "relation", "string": "推 荐"}, {"type": "relation", "string": "{{1}}"}, {"type": "relation", "string": "不推荐"}, {"type": "relation", "string": "{{-1}}"}, {"type": "relation", "string": "发表评论"}, {"type": "relation", "string": "您愿意把爱车托管给哪家平台免费代卖？"}, {"type": "relation", "string": "拍卖平台"}, {"type": "relation", "string": "多平台同时竞价，快速卖到最高价"}, {"type": "relation", "string": "sellcarplatform"}, {"type": "relation", "string": "{{list:auctionPlatform}}"}, {"type": "relation", "string": "寄售平台"}, {"type": "relation", "string": "将车辆检测后，在平台寄售"}, {"type": "relation", "string": "{{list:privatePlatform}}"}, {"type": "relation", "string": "请输入手机号码"}, {"type": "relation", "string": "快速卖车"}]}, {"id": 1, "type": "import", "string": null, "attribute": {"src": "../../template/sellcarplatform.wxml"}, "referenceVariable": [], "referenceFunction": [], "style": [], "inheritClass": null, "wxss": [], "page": null, "path": "D:\\WORK\\2021\\MPDF\\baseline\\ui\\二手车评估汪\\report.wxml", "child": [], "parent": 0, "matchString": []}, {"id": 2, "type": "view", "string": null, "attribute": {"class": ["container"]}, "referenceVariable": [], "referenceFunction": [], "style": [], "inheritClass": null, "wxss": [], "page": null, "path": "D:\\WORK\\2021\\MPDF\\baseline\\ui\\二手车评估汪\\report.wxml", "child": [3, 10, 13, 42, 48, 49, 59, 63, 72, 73, 85, 86], "parent": 0, "matchString": [{"type": "relation", "string": "{{carModel}}"}, {"type": "relation", "string": "{{carTime}} ｜ {{carMile}}万公里 ｜ {{city}} ｜ {{emission}}"}, {"type": "relation", "string": "{{totalSearchCount}}"}, {"type": "relation", "string": "{{modelSearchCount}}"}, {"type": "relation", "string": "evalChart"}, {"type": "relation", "string": "您的爱车现在值"}, {"type": "relation", "string": "{{evalPrice}}"}, {"type": "relation", "string": "万"}, {"type": "relation", "string": "新车总成本"}, {"type": "relation", "string": "{{priceBn}}万"}, {"type": "relation", "string": "保值额　　"}, {"type": "relation", "string": "{{antiCompre}}万"}, {"type": "relation", "string": "贬值额　　"}, {"type": "relation", "string": "{{compre}}万"}, {"type": "relation", "string": "贬值主要由新车市场降价和折旧损耗组成"}, {"type": "relation", "string": "行驶"}, {"type": "relation", "string": "{{carYears}}年"}, {"type": "relation", "string": "{{carMonthes}}个月"}, {"type": "relation", "string": " 保值"}, {"type": "relation", "string": "{{antiCompreRatio}}%"}, {"type": "relation", "string": "您开过{{modelName}}轿车吗？"}, {"type": "relation", "string": "{{true}}"}, {"type": "relation", "string": "开过"}, {"type": "relation", "string": "{{hasDriveCount}}人"}, {"type": "relation", "string": "{{false}}"}, {"type": "relation", "string": "想开"}, {"type": "relation", "string": "{{wantDriveCount}}人"}, {"type": "relation", "string": "保值率排行榜"}, {"type": "relation", "string": "重新估值"}, {"type": "relation", "string": "comment-wrapper"}, {"type": "relation", "string": "{{hasDriveFlag===true?'一句话点评'+carModelShort:'记录一下想开'+carModelShort+'的理由'}}"}, {"type": "relation", "string": "fcweak"}, {"type": "relation", "string": "你会向朋友推荐此车吗？"}, {"type": "relation", "string": "推 荐"}, {"type": "relation", "string": "{{1}}"}, {"type": "relation", "string": "不推荐"}, {"type": "relation", "string": "{{-1}}"}, {"type": "relation", "string": "发表评论"}, {"type": "relation", "string": "您愿意把爱车托管给哪家平台免费代卖？"}, {"type": "relation", "string": "拍卖平台"}, {"type": "relation", "string": "多平台同时竞价，快速卖到最高价"}, {"type": "relation", "string": "sellcarplatform"}, {"type": "relation", "string": "{{list:auctionPlatform}}"}, {"type": "relation", "string": "寄售平台"}, {"type": "relation", "string": "将车辆检测后，在平台寄售"}, {"type": "relation", "string": "{{list:privatePlatform}}"}, {"type": "relation", "string": "请输入手机号码"}, {"type": "relation", "string": "快速卖车"}]}, {"id": 3, "type": "view", "string": null, "attribute": {"class": ["header", "com-border-top"]}, "referenceVariable": [], "referenceFunction": [], "style": [], "inheritClass": null, "wxss": [], "page": null, "path": "D:\\WORK\\2021\\MPDF\\baseline\\ui\\二手车评估汪\\report.wxml", "child": [4], "parent": 2, "matchString": [{"type": "relation", "string": "{{carModel}}"}, {"type": "relation", "string": "{{carTime}} ｜ {{carMile}}万公里 ｜ {{city}} ｜ {{emission}}"}]}, {"id": 4, "type": "view", "string": null, "attribute": {"class": ["row"]}, "referenceVariable": [], "referenceFunction": [], "style": [], "inheritClass": null, "wxss": [], "page": null, "path": "D:\\WORK\\2021\\MPDF\\baseline\\ui\\二手车评估汪\\report.wxml", "child": [5, 7], "parent": 3, "matchString": [{"type": "relation", "string": "{{carModel}}"}, {"type": "relation", "string": "{{carTime}} ｜ {{carMile}}万公里 ｜ {{city}} ｜ {{emission}}"}]}, {"id": 5, "type": "view", "string": null, "attribute": {"class": ["-col-auto"]}, "referenceVariable": [], "referenceFunction": [], "style": [], "inheritClass": null, "wxss": [], "page": null, "path": "D:\\WORK\\2021\\MPDF\\baseline\\ui\\二手车评估汪\\report.wxml", "child": [6], "parent": 4, "matchString": []}, {"id": 6, "type": "image", "string": null, "attribute": {"class": ["car-logo"], "src": "{{carLogo}}"}, "referenceVariable": ["carLogo"], "referenceFunction": [], "style": [], "inheritClass": null, "wxss": [], "page": null, "path": "D:\\WORK\\2021\\MPDF\\baseline\\ui\\二手车评估汪\\report.wxml", "child": [], "parent": 5, "matchString": []}, {"id": 7, "type": "view", "string": null, "attribute": {"class": ["row-item", "fix-width"]}, "referenceVariable": [], "referenceFunction": [], "style": [], "inheritClass": null, "wxss": [], "page": null, "path": "D:\\WORK\\2021\\MPDF\\baseline\\ui\\二手车评估汪\\report.wxml", "child": [8, 9], "parent": 4, "matchString": [{"type": "relation", "string": "{{carModel}}"}, {"type": "relation", "string": "{{carTime}} ｜ {{carMile}}万公里 ｜ {{city}} ｜ {{emission}}"}]}, {"id": 8, "type": "view", "string": "{{carModel}}", "attribute": {"class": ["ft32", "text-overflow"]}, "referenceVariable": [], "referenceFunction": [], "style": [], "inheritClass": null, "wxss": [], "page": null, "path": "D:\\WORK\\2021\\MPDF\\baseline\\ui\\二手车评估汪\\report.wxml", "child": [], "parent": 7, "matchString": [{"type": "self", "string": "{{carModel}}"}]}, {"id": 9, "type": "view", "string": "{{carTime}} ｜ {{carMile}}万公里 ｜ {{city}} ｜ {{emission}}", "attribute": {"class": ["ft28", "mt10", "fcweak", "text-overflow"]}, "referenceVariable": [], "referenceFunction": [], "style": [], "inheritClass": null, "wxss": [], "page": null, "path": "D:\\WORK\\2021\\MPDF\\baseline\\ui\\二手车评估汪\\report.wxml", "child": [], "parent": 7, "matchString": [{"type": "self", "string": "{{carTime}} ｜ {{carMile}}万公里 ｜ {{city}} ｜ {{emission}}"}]}, {"id": 10, "type": "view", "string": null, "attribute": {"class": ["stat-info", "ft26", "tac"]}, "referenceVariable": [], "referenceFunction": [], "style": [], "inheritClass": null, "wxss": [], "page": null, "path": "D:\\WORK\\2021\\MPDF\\baseline\\ui\\二手车评估汪\\report.wxml", "child": [11, 12], "parent": 2, "matchString": [{"type": "relation", "string": "{{totalSearchCount}}"}, {"type": "relation", "string": "{{modelSearchCount}}"}]}, {"id": 11, "type": "text", "string": "{{totalSearchCount}}", "attribute": {"class": ["fcstress"]}, "referenceVariable": [], "referenceFunction": [], "style": [], "inheritClass": null, "wxss": [], "page": null, "path": "D:\\WORK\\2021\\MPDF\\baseline\\ui\\二手车评估汪\\report.wxml", "child": [], "parent": 10, "matchString": [{"type": "self", "string": "{{totalSearchCount}}"}]}, {"id": 12, "type": "text", "string": "{{modelSearchCount}}", "attribute": {"class": ["fcstress"]}, "referenceVariable": [], "referenceFunction": [], "style": [], "inheritClass": null, "wxss": [], "page": null, "path": "D:\\WORK\\2021\\MPDF\\baseline\\ui\\二手车评估汪\\report.wxml", "child": [], "parent": 10, "matchString": [{"type": "self", "string": "{{modelSearchCount}}"}]}, {"id": 13, "type": "view", "string": null, "attribute": {"class": ["eval-wrapper", "com-border-bottom"]}, "referenceVariable": [], "referenceFunction": [], "style": [], "inheritClass": null, "wxss": [], "page": null, "path": "D:\\WORK\\2021\\MPDF\\baseline\\ui\\二手车评估汪\\report.wxml", "child": [14, 39], "parent": 2, "matchString": [{"type": "relation", "string": "evalChart"}, {"type": "relation", "string": "您的爱车现在值"}, {"type": "relation", "string": "{{evalPrice}}"}, {"type": "relation", "string": "万"}, {"type": "relation", "string": "新车总成本"}, {"type": "relation", "string": "{{priceBn}}万"}, {"type": "relation", "string": "保值额　　"}, {"type": "relation", "string": "{{antiCompre}}万"}, {"type": "relation", "string": "贬值额　　"}, {"type": "relation", "string": "{{compre}}万"}, {"type": "relation", "string": "贬值主要由新车市场降价和折旧损耗组成"}]}, {"id": 14, "type": "view", "string": null, "attribute": {"class": ["row", "-align-top"]}, "referenceVariable": [], "referenceFunction": [], "style": [], "inheritClass": null, "wxss": [], "page": null, "path": "D:\\WORK\\2021\\MPDF\\baseline\\ui\\二手车评估汪\\report.wxml", "child": [15, 18], "parent": 13, "matchString": [{"type": "relation", "string": "evalChart"}, {"type": "relation", "string": "您的爱车现在值"}, {"type": "relation", "string": "{{evalPrice}}"}, {"type": "relation", "string": "万"}, {"type": "relation", "string": "新车总成本"}, {"type": "relation", "string": "{{priceBn}}万"}, {"type": "relation", "string": "保值额　　"}, {"type": "relation", "string": "{{antiCompre}}万"}, {"type": "relation", "string": "贬值额　　"}, {"type": "relation", "string": "{{compre}}万"}]}, {"id": 15, "type": "view", "string": null, "attribute": {"class": ["-col-auto"]}, "referenceVariable": [], "referenceFunction": [], "style": [], "inheritClass": null, "wxss": [], "page": null, "path": "D:\\WORK\\2021\\MPDF\\baseline\\ui\\二手车评估汪\\report.wxml", "child": [16], "parent": 14, "matchString": [{"type": "relation", "string": "evalChart"}]}, {"id": 16, "type": "view", "string": null, "attribute": {"class": ["chart-wrapper", "ml10"]}, "referenceVariable": [], "referenceFunction": [], "style": [], "inheritClass": null, "wxss": [], "page": null, "path": "D:\\WORK\\2021\\MPDF\\baseline\\ui\\二手车评估汪\\report.wxml", "child": [17], "parent": 15, "matchString": [{"type": "relation", "string": "evalChart"}]}, {"id": 17, "type": "canvas", "string": null, "attribute": {"canvasid": "evalChart", "class": ["chart{{isCommented===false?'", "hide':''}}"]}, "referenceVariable": [], "referenceFunction": [], "style": [], "inheritClass": null, "wxss": [], "page": null, "path": "D:\\WORK\\2021\\MPDF\\baseline\\ui\\二手车评估汪\\report.wxml", "child": [], "parent": 16, "matchString": [{"type": "attr", "string": "evalChart"}]}, {"id": 18, "type": "view", "string": null, "attribute": {"class": ["row-item", "eval-data-wrapper"]}, "referenceVariable": [], "referenceFunction": [], "style": [], "inheritClass": null, "wxss": [], "page": null, "path": "D:\\WORK\\2021\\MPDF\\baseline\\ui\\二手车评估汪\\report.wxml", "child": [19, 20, 23, 26], "parent": 14, "matchString": [{"type": "relation", "string": "您的爱车现在值"}, {"type": "relation", "string": "{{evalPrice}}"}, {"type": "relation", "string": "万"}, {"type": "relation", "string": "新车总成本"}, {"type": "relation", "string": "{{priceBn}}万"}, {"type": "relation", "string": "保值额　　"}, {"type": "relation", "string": "{{antiCompre}}万"}, {"type": "relation", "string": "贬值额　　"}, {"type": "relation", "string": "{{compre}}万"}]}, {"id": 19, "type": "image", "string": null, "attribute": {"class": ["chart-line"], "src": "/assets/images/report-chart-line.png"}, "referenceVariable": [], "referenceFunction": [], "style": [], "inheritClass": null, "wxss": [], "page": null, "path": "D:\\WORK\\2021\\MPDF\\baseline\\ui\\二手车评估汪\\report.wxml", "child": [], "parent": 18, "matchString": []}, {"id": 20, "type": "view", "string": null, "attribute": {"class": ["mt5"]}, "referenceVariable": [], "referenceFunction": [], "style": [], "inheritClass": null, "wxss": [], "page": null, "path": "D:\\WORK\\2021\\MPDF\\baseline\\ui\\二手车评估汪\\report.wxml", "child": [21, 22], "parent": 18, "matchString": [{"type": "relation", "string": "您的爱车现在值"}]}, {"id": 21, "type": "image", "string": null, "attribute": {"class": ["icon"], "src": "/assets/images/money-icon.png"}, "referenceVariable": [], "referenceFunction": [], "style": [], "inheritClass": null, "wxss": [], "page": null, "path": "D:\\WORK\\2021\\MPDF\\baseline\\ui\\二手车评估汪\\report.wxml", "child": [], "parent": 20, "matchString": []}, {"id": 22, "type": "text", "string": "您的爱车现在值", "attribute": {"class": ["ft28", "ml10"]}, "referenceVariable": [], "referenceFunction": [], "style": [], "inheritClass": null, "wxss": [], "page": null, "path": "D:\\WORK\\2021\\MPDF\\baseline\\ui\\二手车评估汪\\report.wxml", "child": [], "parent": 20, "matchString": [{"type": "self", "string": "您的爱车现在值"}]}, {"id": 23, "type": "view", "string": null, "attribute": {"class": ["mt35", "fcblue", "ti25"]}, "referenceVariable": [], "referenceFunction": [], "style": [], "inheritClass": null, "wxss": [], "page": null, "path": "D:\\WORK\\2021\\MPDF\\baseline\\ui\\二手车评估汪\\report.wxml", "child": [24, 25], "parent": 18, "matchString": [{"type": "relation", "string": "{{evalPrice}}"}, {"type": "relation", "string": "万"}]}, {"id": 24, "type": "text", "string": "{{evalPrice}}", "attribute": {"class": ["ft70"]}, "referenceVariable": [], "referenceFunction": [], "style": [], "inheritClass": null, "wxss": [], "page": null, "path": "D:\\WORK\\2021\\MPDF\\baseline\\ui\\二手车评估汪\\report.wxml", "child": [], "parent": 23, "matchString": [{"type": "self", "string": "{{evalPrice}}"}]}, {"id": 25, "type": "text", "string": "万", "attribute": {"class": ["ft30", "bold"]}, "referenceVariable": [], "referenceFunction": [], "style": [], "inheritClass": null, "wxss": [], "page": null, "path": "D:\\WORK\\2021\\MPDF\\baseline\\ui\\二手车评估汪\\report.wxml", "child": [], "parent": 23, "matchString": [{"type": "self", "string": "万"}]}, {"id": 26, "type": "view", "string": null, "attribute": {"class": ["mt40"]}, "referenceVariable": [], "referenceFunction": [], "style": [], "inheritClass": null, "wxss": [], "page": null, "path": "D:\\WORK\\2021\\MPDF\\baseline\\ui\\二手车评估汪\\report.wxml", "child": [27, 31, 35], "parent": 18, "matchString": [{"type": "relation", "string": "新车总成本"}, {"type": "relation", "string": "{{priceBn}}万"}, {"type": "relation", "string": "保值额　　"}, {"type": "relation", "string": "{{antiCompre}}万"}, {"type": "relation", "string": "贬值额　　"}, {"type": "relation", "string": "{{compre}}万"}]}, {"id": 27, "type": "view", "string": null, "attribute": {"class": ["ft28"]}, "referenceVariable": [], "referenceFunction": [], "style": [], "inheritClass": null, "wxss": [], "page": null, "path": "D:\\WORK\\2021\\MPDF\\baseline\\ui\\二手车评估汪\\report.wxml", "child": [28, 29, 30], "parent": 26, "matchString": [{"type": "relation", "string": "新车总成本"}, {"type": "relation", "string": "{{priceBn}}万"}]}, {"id": 28, "type": "image", "string": null, "attribute": {"class": ["dot-icon"], "src": "/assets/images/report-chart-dot1.png"}, "referenceVariable": [], "referenceFunction": [], "style": [], "inheritClass": null, "wxss": [], "page": null, "path": "D:\\WORK\\2021\\MPDF\\baseline\\ui\\二手车评估汪\\report.wxml", "child": [], "parent": 27, "matchString": []}, {"id": 29, "type": "text", "string": "新车总成本", "attribute": {"class": ["ml10"]}, "referenceVariable": [], "referenceFunction": [], "style": [], "inheritClass": null, "wxss": [], "page": null, "path": "D:\\WORK\\2021\\MPDF\\baseline\\ui\\二手车评估汪\\report.wxml", "child": [], "parent": 27, "matchString": [{"type": "self", "string": "新车总成本"}]}, {"id": 30, "type": "text", "string": "{{priceBn}}万", "attribute": {"class": ["ml40"]}, "referenceVariable": [], "referenceFunction": [], "style": [], "inheritClass": null, "wxss": [], "page": null, "path": "D:\\WORK\\2021\\MPDF\\baseline\\ui\\二手车评估汪\\report.wxml", "child": [], "parent": 27, "matchString": [{"type": "self", "string": "{{priceBn}}万"}]}, {"id": 31, "type": "view", "string": null, "attribute": {"class": ["mt10", "ft28"]}, "referenceVariable": [], "referenceFunction": [], "style": [], "inheritClass": null, "wxss": [], "page": null, "path": "D:\\WORK\\2021\\MPDF\\baseline\\ui\\二手车评估汪\\report.wxml", "child": [32, 33, 34], "parent": 26, "matchString": [{"type": "relation", "string": "保值额　　"}, {"type": "relation", "string": "{{antiCompre}}万"}]}, {"id": 32, "type": "image", "string": null, "attribute": {"class": ["dot-icon"], "src": "/assets/images/report-chart-dot2.png"}, "referenceVariable": [], "referenceFunction": [], "style": [], "inheritClass": null, "wxss": [], "page": null, "path": "D:\\WORK\\2021\\MPDF\\baseline\\ui\\二手车评估汪\\report.wxml", "child": [], "parent": 31, "matchString": []}, {"id": 33, "type": "text", "string": "保值额　　", "attribute": {"class": ["ml10"]}, "referenceVariable": [], "referenceFunction": [], "style": [], "inheritClass": null, "wxss": [], "page": null, "path": "D:\\WORK\\2021\\MPDF\\baseline\\ui\\二手车评估汪\\report.wxml", "child": [], "parent": 31, "matchString": [{"type": "self", "string": "保值额　　"}]}, {"id": 34, "type": "text", "string": "{{antiCompre}}万", "attribute": {"class": ["ml40"]}, "referenceVariable": [], "referenceFunction": [], "style": [], "inheritClass": null, "wxss": [], "page": null, "path": "D:\\WORK\\2021\\MPDF\\baseline\\ui\\二手车评估汪\\report.wxml", "child": [], "parent": 31, "matchString": [{"type": "self", "string": "{{antiCompre}}万"}]}, {"id": 35, "type": "view", "string": null, "attribute": {"class": ["mt10", "ft28"]}, "referenceVariable": [], "referenceFunction": [], "style": [], "inheritClass": null, "wxss": [], "page": null, "path": "D:\\WORK\\2021\\MPDF\\baseline\\ui\\二手车评估汪\\report.wxml", "child": [36, 37, 38], "parent": 26, "matchString": [{"type": "relation", "string": "贬值额　　"}, {"type": "relation", "string": "{{compre}}万"}]}, {"id": 36, "type": "image", "string": null, "attribute": {"class": ["dot-icon"], "src": "/assets/images/report-chart-dot3.png"}, "referenceVariable": [], "referenceFunction": [], "style": [], "inheritClass": null, "wxss": [], "page": null, "path": "D:\\WORK\\2021\\MPDF\\baseline\\ui\\二手车评估汪\\report.wxml", "child": [], "parent": 35, "matchString": []}, {"id": 37, "type": "text", "string": "贬值额　　", "attribute": {"class": ["ml10"]}, "referenceVariable": [], "referenceFunction": [], "style": [], "inheritClass": null, "wxss": [], "page": null, "path": "D:\\WORK\\2021\\MPDF\\baseline\\ui\\二手车评估汪\\report.wxml", "child": [], "parent": 35, "matchString": [{"type": "self", "string": "贬值额　　"}]}, {"id": 38, "type": "text", "string": "{{compre}}万", "attribute": {"class": ["ml40"]}, "referenceVariable": [], "referenceFunction": [], "style": [], "inheritClass": null, "wxss": [], "page": null, "path": "D:\\WORK\\2021\\MPDF\\baseline\\ui\\二手车评估汪\\report.wxml", "child": [], "parent": 35, "matchString": [{"type": "self", "string": "{{compre}}万"}]}, {"id": 39, "type": "view", "string": null, "attribute": {"class": ["tac", "mt25"]}, "referenceVariable": [], "referenceFunction": [], "style": [], "inheritClass": null, "wxss": [], "page": null, "path": "D:\\WORK\\2021\\MPDF\\baseline\\ui\\二手车评估汪\\report.wxml", "child": [40, 41], "parent": 13, "matchString": [{"type": "relation", "string": "贬值主要由新车市场降价和折旧损耗组成"}]}, {"id": 40, "type": "image", "string": null, "attribute": {"class": ["icon"], "src": "/assets/images/info-icon.png", "style": "top:8rpx"}, "referenceVariable": [], "referenceFunction": [], "style": [], "inheritClass": null, "wxss": [], "page": null, "path": "D:\\WORK\\2021\\MPDF\\baseline\\ui\\二手车评估汪\\report.wxml", "child": [], "parent": 39, "matchString": []}, {"id": 41, "type": "text", "string": "贬值主要由新车市场降价和折旧损耗组成", "attribute": {"class": ["fcweak", "ft24", "ml10"]}, "referenceVariable": [], "referenceFunction": [], "style": [], "inheritClass": null, "wxss": [], "page": null, "path": "D:\\WORK\\2021\\MPDF\\baseline\\ui\\二手车评估汪\\report.wxml", "child": [], "parent": 39, "matchString": [{"type": "self", "string": "贬值主要由新车市场降价和折旧损耗组成"}]}, {"id": 42, "type": "view", "string": null, "attribute": {"class": ["mt25", "tac", "ft30"]}, "referenceVariable": [], "referenceFunction": [], "style": [], "inheritClass": null, "wxss": [], "page": null, "path": "D:\\WORK\\2021\\MPDF\\baseline\\ui\\二手车评估汪\\report.wxml", "child": [43, 44, 45, 46, 47], "parent": 2, "matchString": [{"type": "relation", "string": "行驶"}, {"type": "relation", "string": "{{carYears}}年"}, {"type": "relation", "string": "{{carMonthes}}个月"}, {"type": "relation", "string": " 保值"}, {"type": "relation", "string": "{{antiCompreRatio}}%"}]}, {"id": 43, "type": "text", "string": "行驶", "attribute": {"class": ["ml55"]}, "referenceVariable": [], "referenceFunction": [], "style": [], "inheritClass": null, "wxss": [], "page": null, "path": "D:\\WORK\\2021\\MPDF\\baseline\\ui\\二手车评估汪\\report.wxml", "child": [], "parent": 42, "matchString": [{"type": "self", "string": "行驶"}]}, {"id": 44, "type": "text", "string": "{{carYears}}年", "attribute": {"wx:if": "{{carYears>0}}"}, "referenceVariable": ["carYears>0"], "referenceFunction": [], "style": [], "inheritClass": null, "wxss": [], "page": null, "path": "D:\\WORK\\2021\\MPDF\\baseline\\ui\\二手车评估汪\\report.wxml", "child": [], "parent": 42, "matchString": [{"type": "self", "string": "{{carYears}}年"}]}, {"id": 45, "type": "text", "string": "{{carMonthes}}个月", "attribute": {"wx:if": "{{carMonthes>0}}"}, "referenceVariable": ["carMonthes>0"], "referenceFunction": [], "style": [], "inheritClass": null, "wxss": [], "page": null, "path": "D:\\WORK\\2021\\MPDF\\baseline\\ui\\二手车评估汪\\report.wxml", "child": [], "parent": 42, "matchString": [{"type": "self", "string": "{{carMonthes}}个月"}]}, {"id": 46, "type": "text", "string": " 保值", "attribute": {}, "referenceVariable": [], "referenceFunction": [], "style": [], "inheritClass": null, "wxss": [], "page": null, "path": "D:\\WORK\\2021\\MPDF\\baseline\\ui\\二手车评估汪\\report.wxml", "child": [], "parent": 42, "matchString": [{"type": "self", "string": " 保值"}]}, {"id": 47, "type": "text", "string": "{{antiCompreRatio}}%", "attribute": {"class": ["fcblue", "pdh10"]}, "referenceVariable": [], "referenceFunction": [], "style": [], "inheritClass": null, "wxss": [], "page": null, "path": "D:\\WORK\\2021\\MPDF\\baseline\\ui\\二手车评估汪\\report.wxml", "child": [], "parent": 42, "matchString": [{"type": "self", "string": "{{antiCompreRatio}}%"}]}, {"id": 48, "type": "view", "string": null, "attribute": {"class": ["mt30", "spliter"]}, "referenceVariable": [], "referenceFunction": [], "style": [], "inheritClass": null, "wxss": [], "page": null, "path": "D:\\WORK\\2021\\MPDF\\baseline\\ui\\二手车评估汪\\report.wxml", "child": [], "parent": 2, "matchString": [{"type": "relation", "string": "{{antiCompreRatio}}%"}]}, {"id": 49, "type": "view", "string": null, "attribute": {"class": ["mt40", "pdh35"]}, "referenceVariable": [], "referenceFunction": [], "style": [], "inheritClass": null, "wxss": [], "page": null, "path": "D:\\WORK\\2021\\MPDF\\baseline\\ui\\二手车评估汪\\report.wxml", "child": [50], "parent": 2, "matchString": [{"type": "relation", "string": "您开过{{modelName}}轿车吗？"}, {"type": "relation", "string": "{{true}}"}, {"type": "relation", "string": "开过"}, {"type": "relation", "string": "{{hasDriveCount}}人"}, {"type": "relation", "string": "{{false}}"}, {"type": "relation", "string": "想开"}, {"type": "relation", "string": "{{wantDriveCount}}人"}]}, {"id": 50, "type": "view", "string": null, "attribute": {"class": ["row"]}, "referenceVariable": [], "referenceFunction": [], "style": [], "inheritClass": null, "wxss": [], "page": null, "path": "D:\\WORK\\2021\\MPDF\\baseline\\ui\\二手车评估汪\\report.wxml", "child": [51, 52], "parent": 49, "matchString": [{"type": "relation", "string": "您开过{{modelName}}轿车吗？"}, {"type": "relation", "string": "{{true}}"}, {"type": "relation", "string": "开过"}, {"type": "relation", "string": "{{hasDriveCount}}人"}, {"type": "relation", "string": "{{false}}"}, {"type": "relation", "string": "想开"}, {"type": "relation", "string": "{{wantDriveCount}}人"}]}, {"id": 51, "type": "view", "string": "您开过{{modelName}}轿车吗？", "attribute": {"class": ["row-item", "ft30"]}, "referenceVariable": [], "referenceFunction": [], "style": [], "inheritClass": null, "wxss": [], "page": null, "path": "D:\\WORK\\2021\\MPDF\\baseline\\ui\\二手车评估汪\\report.wxml", "child": [], "parent": 50, "matchString": [{"type": "self", "string": "您开过{{modelName}}轿车吗？"}]}, {"id": 52, "type": "view", "string": null, "attribute": {"class": ["-col-auto", "ml10"]}, "referenceVariable": [], "referenceFunction": [], "style": [], "inheritClass": null, "wxss": [], "page": null, "path": "D:\\WORK\\2021\\MPDF\\baseline\\ui\\二手车评估汪\\report.wxml", "child": [53, 56], "parent": 50, "matchString": [{"type": "relation", "string": "{{true}}"}, {"type": "relation", "string": "开过"}, {"type": "relation", "string": "{{hasDriveCount}}人"}, {"type": "relation", "string": "{{false}}"}, {"type": "relation", "string": "想开"}, {"type": "relation", "string": "{{wantDriveCount}}人"}]}, {"id": 53, "type": "view", "string": null, "attribute": {"bindtap": "setWantDriveHandler", "class": ["btn{{hasDriveFlag===true?'", "active':''}}"], "data-flag": "{{true}}"}, "referenceVariable": ["true"], "referenceFunction": ["setWantDriveHandler"], "style": [], "inheritClass": null, "wxss": [], "page": null, "path": "D:\\WORK\\2021\\MPDF\\baseline\\ui\\二手车评估汪\\report.wxml", "child": [54, 55], "parent": 52, "matchString": [{"type": "attr", "string": "{{true}}"}, {"type": "relation", "string": "开过"}, {"type": "relation", "string": "{{hasDriveCount}}人"}]}, {"id": 54, "type": "text", "string": "开过", "attribute": {}, "referenceVariable": [], "referenceFunction": [], "style": [], "inheritClass": null, "wxss": [], "page": null, "path": "D:\\WORK\\2021\\MPDF\\baseline\\ui\\二手车评估汪\\report.wxml", "child": [], "parent": 53, "matchString": [{"type": "self", "string": "开过"}]}, {"id": 55, "type": "text", "string": "{{hasDriveCount}}人", "attribute": {"class": ["count"], "wx:if": "{{hasDriveCount>0}}"}, "referenceVariable": ["hasDriveCount>0"], "referenceFunction": [], "style": [], "inheritClass": null, "wxss": [], "page": null, "path": "D:\\WORK\\2021\\MPDF\\baseline\\ui\\二手车评估汪\\report.wxml", "child": [], "parent": 53, "matchString": [{"type": "self", "string": "{{hasDriveCount}}人"}]}, {"id": 56, "type": "view", "string": null, "attribute": {"bindtap": "setWantDriveHandler", "class": ["btn", "ml30{{hasDriveFlag===false?'", "active':''}}"], "data-flag": "{{false}}"}, "referenceVariable": ["false"], "referenceFunction": ["setWantDriveHandler"], "style": [], "inheritClass": null, "wxss": [], "page": null, "path": "D:\\WORK\\2021\\MPDF\\baseline\\ui\\二手车评估汪\\report.wxml", "child": [57, 58], "parent": 52, "matchString": [{"type": "attr", "string": "{{false}}"}, {"type": "relation", "string": "想开"}, {"type": "relation", "string": "{{wantDriveCount}}人"}]}, {"id": 57, "type": "text", "string": "想开", "attribute": {}, "referenceVariable": [], "referenceFunction": [], "style": [], "inheritClass": null, "wxss": [], "page": null, "path": "D:\\WORK\\2021\\MPDF\\baseline\\ui\\二手车评估汪\\report.wxml", "child": [], "parent": 56, "matchString": [{"type": "self", "string": "想开"}]}, {"id": 58, "type": "text", "string": "{{wantDriveCount}}人", "attribute": {"class": ["count"], "wx:if": "{{wantDriveCount>0}}"}, "referenceVariable": ["wantDriveCount>0"], "referenceFunction": [], "style": [], "inheritClass": null, "wxss": [], "page": null, "path": "D:\\WORK\\2021\\MPDF\\baseline\\ui\\二手车评估汪\\report.wxml", "child": [], "parent": 56, "matchString": [{"type": "self", "string": "{{wantDriveCount}}人"}]}, {"id": 59, "type": "view", "string": null, "attribute": {"class": ["pdh35"]}, "referenceVariable": [], "referenceFunction": [], "style": [], "inheritClass": null, "wxss": [], "page": null, "path": "D:\\WORK\\2021\\MPDF\\baseline\\ui\\二手车评估汪\\report.wxml", "child": [60], "parent": 2, "matchString": [{"type": "relation", "string": "保值率排行榜"}, {"type": "relation", "string": "重新估值"}]}, {"id": 60, "type": "view", "string": null, "attribute": {"class": ["mt40", "row"]}, "referenceVariable": [], "referenceFunction": [], "style": [], "inheritClass": null, "wxss": [], "page": null, "path": "D:\\WORK\\2021\\MPDF\\baseline\\ui\\二手车评估汪\\report.wxml", "child": [61, 62], "parent": 59, "matchString": [{"type": "relation", "string": "保值率排行榜"}, {"type": "relation", "string": "重新估值"}]}, {"id": 61, "type": "view", "string": "保值率排行榜", "attribute": {"bindtap": "gotoRank", "class": ["com-btn", "mr10", "rank-btn"]}, "referenceVariable": [], "referenceFunction": ["gotoRank"], "style": [], "inheritClass": null, "wxss": [], "page": null, "path": "D:\\WORK\\2021\\MPDF\\baseline\\ui\\二手车评估汪\\report.wxml", "child": [], "parent": 60, "matchString": [{"type": "self", "string": "保值率排行榜"}]}, {"id": 62, "type": "view", "string": "重新估值", "attribute": {"bindtap": "back", "class": ["com-btn", "ml10"]}, "referenceVariable": [], "referenceFunction": ["back"], "style": [], "inheritClass": null, "wxss": [], "page": null, "path": "D:\\WORK\\2021\\MPDF\\baseline\\ui\\二手车评估汪\\report.wxml", "child": [], "parent": 60, "matchString": [{"type": "self", "string": "重新估值"}]}, {"id": 63, "type": "view", "string": null, "attribute": {"bindtap": "closeComment", "class": ["comment-wrapper"], "id": "comment-wrapper", "wx:if": "{{isCommented===false}}"}, "referenceVariable": ["isCommented===false"], "referenceFunction": ["closeComment"], "style": [], "inheritClass": null, "wxss": [], "page": null, "path": "D:\\WORK\\2021\\MPDF\\baseline\\ui\\二手车评估汪\\report.wxml", "child": [64], "parent": 2, "matchString": [{"type": "attr", "string": "comment-wrapper"}, {"type": "relation", "string": "{{true}}"}, {"type": "relation", "string": "{{hasDriveFlag===true?'一句话点评'+carModelShort:'记录一下想开'+carModelShort+'的理由'}}"}, {"type": "relation", "string": "fcweak"}, {"type": "relation", "string": "你会向朋友推荐此车吗？"}, {"type": "relation", "string": "推 荐"}, {"type": "relation", "string": "{{1}}"}, {"type": "relation", "string": "不推荐"}, {"type": "relation", "string": "{{-1}}"}, {"type": "relation", "string": "发表评论"}]}, {"id": 64, "type": "view", "string": null, "attribute": {"class": ["container"]}, "referenceVariable": [], "referenceFunction": [], "style": [], "inheritClass": null, "wxss": [], "page": null, "path": "D:\\WORK\\2021\\MPDF\\baseline\\ui\\二手车评估汪\\report.wxml", "child": [65, 66, 71], "parent": 63, "matchString": [{"type": "relation", "string": "{{true}}"}, {"type": "relation", "string": "{{hasDriveFlag===true?'一句话点评'+carModelShort:'记录一下想开'+carModelShort+'的理由'}}"}, {"type": "relation", "string": "fcweak"}, {"type": "relation", "string": "你会向朋友推荐此车吗？"}, {"type": "relation", "string": "推 荐"}, {"type": "relation", "string": "{{1}}"}, {"type": "relation", "string": "不推荐"}, {"type": "relation", "string": "{{-1}}"}, {"type": "relation", "string": "发表评论"}]}, {"id": 65, "type": "textarea", "string": null, "attribute": {"bindinput": "doComment", "class": ["input"], "fixed": "{{true}}", "focus": "{{inputFocus}}", "maxlength": "140", "placeholder": "{{hasDriveFlag===true?'一句话点评'+carModelShort:'记录一下想开'+carModelShort+'的理由'}}", "placeholderclass": "fcweak", "value": "{{comment}}"}, "referenceVariable": ["true", "inputFocus", "hasDriveFlag===true?'一句话点评'+carModelShort:'记录一下想开'+carModelShort+'的理由'", "comment"], "referenceFunction": ["doComment"], "style": [], "inheritClass": null, "wxss": [], "page": null, "path": "D:\\WORK\\2021\\MPDF\\baseline\\ui\\二手车评估汪\\report.wxml", "child": [], "parent": 64, "matchString": [{"type": "attr", "string": "{{true}}"}, {"type": "attr", "string": "{{hasDriveFlag===true?'一句话点评'+carModelShort:'记录一下想开'+carModelShort+'的理由'}}"}, {"type": "attr", "string": "fcweak"}]}, {"id": 66, "type": "view", "string": null, "attribute": {"class": ["row", "ft30", "mt30"], "wx:if": "{{hasDriveFlag===true}}"}, "referenceVariable": ["hasDriveFlag===true"], "referenceFunction": [], "style": [], "inheritClass": null, "wxss": [], "page": null, "path": "D:\\WORK\\2021\\MPDF\\baseline\\ui\\二手车评估汪\\report.wxml", "child": [67, 68], "parent": 64, "matchString": [{"type": "relation", "string": "你会向朋友推荐此车吗？"}, {"type": "relation", "string": "推 荐"}, {"type": "relation", "string": "{{1}}"}, {"type": "relation", "string": "不推荐"}, {"type": "relation", "string": "{{-1}}"}]}, {"id": 67, "type": "view", "string": "你会向朋友推荐此车吗？", "attribute": {"class": ["row-item"]}, "referenceVariable": [], "referenceFunction": [], "style": [], "inheritClass": null, "wxss": [], "page": null, "path": "D:\\WORK\\2021\\MPDF\\baseline\\ui\\二手车评估汪\\report.wxml", "child": [], "parent": 66, "matchString": [{"type": "self", "string": "你会向朋友推荐此车吗？"}]}, {"id": 68, "type": "view", "string": null, "attribute": {"class": ["-col-auto", "fcweak"]}, "referenceVariable": [], "referenceFunction": [], "style": [], "inheritClass": null, "wxss": [], "page": null, "path": "D:\\WORK\\2021\\MPDF\\baseline\\ui\\二手车评估汪\\report.wxml", "child": [69, 70], "parent": 66, "matchString": [{"type": "relation", "string": "推 荐"}, {"type": "relation", "string": "{{1}}"}, {"type": "relation", "string": "不推荐"}, {"type": "relation", "string": "{{-1}}"}]}, {"id": 69, "type": "text", "string": "推 荐", "attribute": {"bindtap": "setRecommend", "class": ["rec-btn{{commentRecommend===1?'", "fcblue':''}}"], "data-recommend": "{{1}}"}, "referenceVariable": ["1"], "referenceFunction": ["setRecommend"], "style": [], "inheritClass": null, "wxss": [], "page": null, "path": "D:\\WORK\\2021\\MPDF\\baseline\\ui\\二手车评估汪\\report.wxml", "child": [], "parent": 68, "matchString": [{"type": "self", "string": "推 荐"}, {"type": "attr", "string": "{{1}}"}]}, {"id": 70, "type": "text", "string": "不推荐", "attribute": {"bindtap": "setRecommend", "class": ["rec-btn{{commentRecommend===-1?'", "fcblue':''}}"], "data-recommend": "{{-1}}"}, "referenceVariable": ["-1"], "referenceFunction": ["setRecommend"], "style": [], "inheritClass": null, "wxss": [], "page": null, "path": "D:\\WORK\\2021\\MPDF\\baseline\\ui\\二手车评估汪\\report.wxml", "child": [], "parent": 68, "matchString": [{"type": "self", "string": "不推荐"}, {"type": "attr", "string": "{{-1}}"}]}, {"id": 71, "type": "view", "string": "发表评论", "attribute": {"catchtap": "commitComment", "class": ["mt40", "com-btn{{commitCommentBtn?'", "primary':''}}"]}, "referenceVariable": [], "referenceFunction": [], "style": [], "inheritClass": null, "wxss": [], "page": null, "path": "D:\\WORK\\2021\\MPDF\\baseline\\ui\\二手车评估汪\\report.wxml", "child": [], "parent": 64, "matchString": [{"type": "self", "string": "发表评论"}]}, {"id": 72, "type": "view", "string": null, "attribute": {"class": ["mt30", "spliter"]}, "referenceVariable": [], "referenceFunction": [], "style": [], "inheritClass": null, "wxss": [], "page": null, "path": "D:\\WORK\\2021\\MPDF\\baseline\\ui\\二手车评估汪\\report.wxml", "child": [], "parent": 2, "matchString": [{"type": "relation", "string": "发表评论"}]}, {"id": 73, "type": "view", "string": null, "attribute": {"class": ["sell-car-wrapper"]}, "referenceVariable": [], "referenceFunction": [], "style": [], "inheritClass": null, "wxss": [], "page": null, "path": "D:\\WORK\\2021\\MPDF\\baseline\\ui\\二手车评估汪\\report.wxml", "child": [74, 75, 78, 80, 83], "parent": 2, "matchString": [{"type": "relation", "string": "您愿意把爱车托管给哪家平台免费代卖？"}, {"type": "relation", "string": "拍卖平台"}, {"type": "relation", "string": "多平台同时竞价，快速卖到最高价"}, {"type": "relation", "string": "sellcarplatform"}, {"type": "relation", "string": "{{list:auctionPlatform}}"}, {"type": "relation", "string": "寄售平台"}, {"type": "relation", "string": "将车辆检测后，在平台寄售"}, {"type": "relation", "string": "{{list:privatePlatform}}"}]}, {"id": 74, "type": "view", "string": "您愿意把爱车托管给哪家平台免费代卖？", "attribute": {"class": ["fcblue", "ft30"]}, "referenceVariable": [], "referenceFunction": [], "style": [], "inheritClass": null, "wxss": [], "page": null, "path": "D:\\WORK\\2021\\MPDF\\baseline\\ui\\二手车评估汪\\report.wxml", "child": [], "parent": 73, "matchString": [{"type": "self", "string": "您愿意把爱车托管给哪家平台免费代卖？"}]}, {"id": 75, "type": "view", "string": null, "attribute": {"class": ["mt30"]}, "referenceVariable": [], "referenceFunction": [], "style": [], "inheritClass": null, "wxss": [], "page": null, "path": "D:\\WORK\\2021\\MPDF\\baseline\\ui\\二手车评估汪\\report.wxml", "child": [76, 77], "parent": 73, "matchString": [{"type": "relation", "string": "拍卖平台"}, {"type": "relation", "string": "多平台同时竞价，快速卖到最高价"}]}, {"id": 76, "type": "text", "string": "拍卖平台", "attribute": {"class": ["ft30", "mr10"]}, "referenceVariable": [], "referenceFunction": [], "style": [], "inheritClass": null, "wxss": [], "page": null, "path": "D:\\WORK\\2021\\MPDF\\baseline\\ui\\二手车评估汪\\report.wxml", "child": [], "parent": 75, "matchString": [{"type": "self", "string": "拍卖平台"}]}, {"id": 77, "type": "text", "string": "多平台同时竞价，快速卖到最高价", "attribute": {"class": ["ft24", "fcweak", "ml10"]}, "referenceVariable": [], "referenceFunction": [], "style": [], "inheritClass": null, "wxss": [], "page": null, "path": "D:\\WORK\\2021\\MPDF\\baseline\\ui\\二手车评估汪\\report.wxml", "child": [], "parent": 75, "matchString": [{"type": "self", "string": "多平台同时竞价，快速卖到最高价"}]}, {"id": 78, "type": "view", "string": null, "attribute": {"class": ["mt15"]}, "referenceVariable": [], "referenceFunction": [], "style": [], "inheritClass": null, "wxss": [], "page": null, "path": "D:\\WORK\\2021\\MPDF\\baseline\\ui\\二手车评估汪\\report.wxml", "child": [79], "parent": 73, "matchString": [{"type": "relation", "string": "sellcarplatform"}, {"type": "relation", "string": "{{list:auctionPlatform}}"}]}, {"id": 79, "type": "template", "string": null, "attribute": {"is": "sellcarplatform", "data": "{{list:auctionPlatform}}"}, "referenceVariable": ["list:auctionPlatform"], "referenceFunction": [], "style": [], "inheritClass": null, "wxss": [], "page": null, "path": "D:\\WORK\\2021\\MPDF\\baseline\\ui\\二手车评估汪\\report.wxml", "child": [], "parent": 78, "matchString": [{"type": "attr", "string": "sellcarplatform"}, {"type": "attr", "string": "{{list:auctionPlatform}}"}]}, {"id": 80, "type": "view", "string": null, "attribute": {"class": ["mt30"]}, "referenceVariable": [], "referenceFunction": [], "style": [], "inheritClass": null, "wxss": [], "page": null, "path": "D:\\WORK\\2021\\MPDF\\baseline\\ui\\二手车评估汪\\report.wxml", "child": [81, 82], "parent": 73, "matchString": [{"type": "relation", "string": "寄售平台"}, {"type": "relation", "string": "将车辆检测后，在平台寄售"}]}, {"id": 81, "type": "text", "string": "寄售平台", "attribute": {"class": ["ft30", "mr10"]}, "referenceVariable": [], "referenceFunction": [], "style": [], "inheritClass": null, "wxss": [], "page": null, "path": "D:\\WORK\\2021\\MPDF\\baseline\\ui\\二手车评估汪\\report.wxml", "child": [], "parent": 80, "matchString": [{"type": "self", "string": "寄售平台"}]}, {"id": 82, "type": "text", "string": "将车辆检测后，在平台寄售", "attribute": {"class": ["ft24", "fcweak", "ml10"]}, "referenceVariable": [], "referenceFunction": [], "style": [], "inheritClass": null, "wxss": [], "page": null, "path": "D:\\WORK\\2021\\MPDF\\baseline\\ui\\二手车评估汪\\report.wxml", "child": [], "parent": 80, "matchString": [{"type": "self", "string": "将车辆检测后，在平台寄售"}]}, {"id": 83, "type": "view", "string": null, "attribute": {"class": ["mt15"]}, "referenceVariable": [], "referenceFunction": [], "style": [], "inheritClass": null, "wxss": [], "page": null, "path": "D:\\WORK\\2021\\MPDF\\baseline\\ui\\二手车评估汪\\report.wxml", "child": [84], "parent": 73, "matchString": [{"type": "relation", "string": "sellcarplatform"}, {"type": "relation", "string": "{{list:privatePlatform}}"}]}, {"id": 84, "type": "template", "string": null, "attribute": {"is": "sellcarplatform", "data": "{{list:privatePlatform}}"}, "referenceVariable": ["list:privatePlatform"], "referenceFunction": [], "style": [], "inheritClass": null, "wxss": [], "page": null, "path": "D:\\WORK\\2021\\MPDF\\baseline\\ui\\二手车评估汪\\report.wxml", "child": [], "parent": 83, "matchString": [{"type": "attr", "string": "sellcarplatform"}, {"type": "attr", "string": "{{list:privatePlatform}}"}]}, {"id": 85, "type": "view", "string": null, "attribute": {"class": ["sell-car-submit-spacing"]}, "referenceVariable": [], "referenceFunction": [], "style": [], "inheritClass": null, "wxss": [], "page": null, "path": "D:\\WORK\\2021\\MPDF\\baseline\\ui\\二手车评估汪\\report.wxml", "child": [], "parent": 2, "matchString": [{"type": "relation", "string": "{{list:privatePlatform}}"}]}, {"id": 86, "type": "view", "string": null, "attribute": {"class": ["sell-car-submit-wrapper", "com-border-top", "row"]}, "referenceVariable": [], "referenceFunction": [], "style": [], "inheritClass": null, "wxss": [], "page": null, "path": "D:\\WORK\\2021\\MPDF\\baseline\\ui\\二手车评估汪\\report.wxml", "child": [87, 88], "parent": 2, "matchString": [{"type": "relation", "string": "请输入手机号码"}, {"type": "relation", "string": "快速卖车"}]}, {"id": 87, "type": "input", "string": null, "attribute": {"bindinput": "phoneInputhandler", "class": ["row-item", "phone-input"], "maxlength": "11", "placeholder": "请输入手机号码", "placeholderstyle": "color: #999", "type": "digit"}, "referenceVariable": [], "referenceFunction": ["phoneInputhandler"], "style": [], "inheritClass": null, "wxss": [], "page": null, "path": "D:\\WORK\\2021\\MPDF\\baseline\\ui\\二手车评估汪\\report.wxml", "child": [], "parent": 86, "matchString": [{"type": "attr", "string": "请输入手机号码"}]}, {"id": 88, "type": "view", "string": "快速卖车", "attribute": {"bindtap": "sellCar", "class": ["com-btn", "primary", "submit", "-col-auto"]}, "referenceVariable": [], "referenceFunction": ["sellCar"], "style": [], "inheritClass": null, "wxss": [], "page": null, "path": "D:\\WORK\\2021\\MPDF\\baseline\\ui\\二手车评估汪\\report.wxml", "child": [], "parent": 86, "matchString": [{"type": "self", "string": "快速卖车"}]}]