[{"id": 0, "type": "[document]", "string": null, "attribute": {}, "referenceVariable": [], "referenceFunction": [], "style": [], "inheritClass": null, "wxss": [], "page": null, "path": "D:\\WORK\\2021\\MPDF\\baseline\\ui\\51找家具网\\index.wxml", "child": [1, 9, 10], "parent": null, "matchString": [{"type": "relation", "string": "none"}, {"type": "relation", "string": "false"}, {"type": "relation", "string": "{{title}}"}, {"type": "relation", "string": "请输入手机号"}, {"type": "relation", "string": "请输入密码"}, {"type": "relation", "string": "验证码登录"}, {"type": "relation", "string": "{{loginBtn.text}}"}, {"type": "relation", "string": "van-dialog"}, {"type": "relation", "string": "login-loading-van-toast"}]}, {"id": 1, "type": "view", "string": null, "attribute": {"class": ["container"], "hoverclass": "none", "hoverstoppropagation": "false"}, "referenceVariable": [], "referenceFunction": [], "style": [], "inheritClass": null, "wxss": [], "page": null, "path": "D:\\WORK\\2021\\MPDF\\baseline\\ui\\51找家具网\\index.wxml", "child": [2, 3, 5, 7, 8], "parent": 0, "matchString": [{"type": "attr", "string": "none"}, {"type": "attr", "string": "false"}, {"type": "relation", "string": "{{title}}"}, {"type": "relation", "string": "请输入手机号"}, {"type": "relation", "string": "请输入密码"}, {"type": "relation", "string": "验证码登录"}, {"type": "relation", "string": "{{loginBtn.text}}"}]}, {"id": 2, "type": "view", "string": "{{title}}", "attribute": {"class": ["title"]}, "referenceVariable": [], "referenceFunction": [], "style": [], "inheritClass": null, "wxss": [], "page": null, "path": "D:\\WORK\\2021\\MPDF\\baseline\\ui\\51找家具网\\index.wxml", "child": [], "parent": 1, "matchString": [{"type": "self", "string": "{{title}}"}, {"type": "relation", "string": "{{title}}"}]}, {"id": 3, "type": "view", "string": null, "attribute": {"class": ["section"]}, "referenceVariable": [], "referenceFunction": [], "style": [], "inheritClass": null, "wxss": [], "page": null, "path": "D:\\WORK\\2021\\MPDF\\baseline\\ui\\51找家具网\\index.wxml", "child": [4], "parent": 1, "matchString": [{"type": "relation", "string": "请输入手机号"}]}, {"id": 4, "type": "van-field", "string": null, "attribute": {"bind:input": "bindMobileInput", "border": "{{false}}", "class": ["mobile-input"], "clearable": "{{true}}", "customstyle": "padding-left:0px !important;", "maxlength": "11", "placeholder": "请输入手机号", "type": "number", "value": "{{formData.mobile}}"}, "referenceVariable": ["false", "true", "formData.mobile"], "referenceFunction": ["bindMobileInput"], "style": [], "inheritClass": null, "wxss": [], "page": null, "path": "D:\\WORK\\2021\\MPDF\\baseline\\ui\\51找家具网\\index.wxml", "child": [], "parent": 3, "matchString": [{"type": "attr", "string": "请输入手机号"}]}, {"id": 5, "type": "view", "string": null, "attribute": {"class": ["section"]}, "referenceVariable": [], "referenceFunction": [], "style": [], "inheritClass": null, "wxss": [], "page": null, "path": "D:\\WORK\\2021\\MPDF\\baseline\\ui\\51找家具网\\index.wxml", "child": [6], "parent": 1, "matchString": [{"type": "relation", "string": "请输入密码"}]}, {"id": 6, "type": "van-field", "string": null, "attribute": {"bind:input": "bindPasswordInput", "border": "{{false}}", "class": ["password-input"], "clearable": "{{true}}", "customstyle": "padding-left:0px !important;", "maxlength": "30", "placeholder": "请输入密码", "placeholderstyle": "", "type": "password", "value": "{{formData.password}}"}, "referenceVariable": ["false", "true", "formData.password"], "referenceFunction": ["bindPasswordInput"], "style": [], "inheritClass": null, "wxss": [], "page": null, "path": "D:\\WORK\\2021\\MPDF\\baseline\\ui\\51找家具网\\index.wxml", "child": [], "parent": 5, "matchString": [{"type": "attr", "string": "请输入密码"}]}, {"id": 7, "type": "view", "string": "验证码登录", "attribute": {"catchtap": "changeLoginType", "class": ["login-type-change"]}, "referenceVariable": [], "referenceFunction": [], "style": [], "inheritClass": null, "wxss": [], "page": null, "path": "D:\\WORK\\2021\\MPDF\\baseline\\ui\\51找家具网\\index.wxml", "child": [], "parent": 1, "matchString": [{"type": "self", "string": "验证码登录"}, {"type": "relation", "string": "验证码登录"}]}, {"id": 8, "type": "van-button", "string": "{{loginBtn.text}}", "attribute": {"block": "{{true}}", "catchtap": "login", "class": ["button"], "customclass": "login-btn", "disabled": "{{loginBtn.disabled}}", "type": "primary"}, "referenceVariable": ["true", "loginBtn.disabled"], "referenceFunction": [], "style": [], "inheritClass": null, "wxss": [], "page": null, "path": "D:\\WORK\\2021\\MPDF\\baseline\\ui\\51找家具网\\index.wxml", "child": [], "parent": 1, "matchString": [{"type": "self", "string": "{{loginBtn.text}}"}, {"type": "relation", "string": "{{loginBtn.text}}"}]}, {"id": 9, "type": "van-dialog", "string": null, "attribute": {"id": "van-dialog"}, "referenceVariable": [], "referenceFunction": [], "style": [], "inheritClass": null, "wxss": [], "page": null, "path": "D:\\WORK\\2021\\MPDF\\baseline\\ui\\51找家具网\\index.wxml", "child": [], "parent": 0, "matchString": [{"type": "attr", "string": "van-dialog"}]}, {"id": 10, "type": "van-toast", "string": null, "attribute": {"id": "login-loading-van-toast"}, "referenceVariable": [], "referenceFunction": [], "style": [], "inheritClass": null, "wxss": [], "page": null, "path": "D:\\WORK\\2021\\MPDF\\baseline\\ui\\51找家具网\\index.wxml", "child": [], "parent": 0, "matchString": [{"type": "attr", "string": "login-loading-van-toast"}]}]