[{"id": 0, "type": "[document]", "string": null, "attribute": {}, "referenceVariable": [], "referenceFunction": [], "style": [], "inheritClass": null, "wxss": [], "page": null, "path": "D:\\WORK\\2021\\MPDF\\baseline\\ui\\父母邦\\edit-address.wxml", "child": [1, 2], "parent": null, "matchString": [{"type": "relation", "string": "{{false}}"}, {"type": "relation", "string": "{{act==='add'?'新增收货地址':'编辑收货地址'}}"}, {"type": "relation", "string": "姓名"}, {"type": "relation", "string": "receiver"}, {"type": "relation", "string": "请填写姓名"}, {"type": "relation", "string": "{{errorMsg.receiver}}"}, {"type": "relation", "string": "手机号"}, {"type": "relation", "string": "mobile"}, {"type": "relation", "string": "请填写手机号"}, {"type": "relation", "string": "{{errorMsg.mobile}}"}, {"type": "relation", "string": "省市区"}, {"type": "relation", "string": "请选择省市区"}, {"type": "relation", "string": "arrow"}, {"type": "relation", "string": "{{errorMsg.pc_text}}"}, {"type": "relation", "string": "详细地址"}, {"type": "relation", "string": ""}, {"type": "relation", "string": "address"}, {"type": "relation", "string": "请填写详细地址"}, {"type": "relation", "string": "{{errorMsg.address}}"}, {"type": "relation", "string": "设为默认收货地址"}, {"type": "relation", "string": "is_default"}, {"type": "relation", "string": "checked"}, {"type": "relation", "string": "保存并使用"}, {"type": "relation", "string": "取消"}, {"type": "relation", "string": "确定"}, {"type": "relation", "string": "{{item.name}}"}]}, {"id": 1, "type": "fmb-navigation-bar", "string": null, "attribute": {"showserachbtn": "{{false}}", "title": "{{act==='add'?'新增收货地址':'编辑收货地址'}}"}, "referenceVariable": ["false", "act==='add'?'新增收货地址':'编辑收货地址'"], "referenceFunction": [], "style": [], "inheritClass": null, "wxss": [], "page": null, "path": "D:\\WORK\\2021\\MPDF\\baseline\\ui\\父母邦\\edit-address.wxml", "child": [], "parent": 0, "matchString": [{"type": "attr", "string": "{{false}}"}, {"type": "attr", "string": "{{act==='add'?'新增收货地址':'编辑收货地址'}}"}]}, {"id": 2, "type": "view", "string": null, "attribute": {"class": ["body"], "style": "top:{{bodyTop}}px;"}, "referenceVariable": ["bodyTop"], "referenceFunction": [], "style": [], "inheritClass": null, "wxss": [], "page": null, "path": "D:\\WORK\\2021\\MPDF\\baseline\\ui\\父母邦\\edit-address.wxml", "child": [3, 30], "parent": 0, "matchString": [{"type": "relation", "string": "姓名"}, {"type": "relation", "string": "receiver"}, {"type": "relation", "string": "请填写姓名"}, {"type": "relation", "string": "{{errorMsg.receiver}}"}, {"type": "relation", "string": "手机号"}, {"type": "relation", "string": "mobile"}, {"type": "relation", "string": "请填写手机号"}, {"type": "relation", "string": "{{errorMsg.mobile}}"}, {"type": "relation", "string": "省市区"}, {"type": "relation", "string": "请选择省市区"}, {"type": "relation", "string": "arrow"}, {"type": "relation", "string": "{{errorMsg.pc_text}}"}, {"type": "relation", "string": "详细地址"}, {"type": "relation", "string": ""}, {"type": "relation", "string": "address"}, {"type": "relation", "string": "请填写详细地址"}, {"type": "relation", "string": "{{errorMsg.address}}"}, {"type": "relation", "string": "设为默认收货地址"}, {"type": "relation", "string": "is_default"}, {"type": "relation", "string": "checked"}, {"type": "relation", "string": "保存并使用"}, {"type": "relation", "string": "取消"}, {"type": "relation", "string": "确定"}, {"type": "relation", "string": "{{item.name}}"}]}, {"id": 3, "type": "view", "string": null, "attribute": {"class": ["form"]}, "referenceVariable": [], "referenceFunction": [], "style": [], "inheritClass": null, "wxss": [], "page": null, "path": "D:\\WORK\\2021\\MPDF\\baseline\\ui\\父母邦\\edit-address.wxml", "child": [4, 9, 14, 20, 25, 29], "parent": 2, "matchString": [{"type": "relation", "string": "姓名"}, {"type": "relation", "string": "receiver"}, {"type": "relation", "string": "请填写姓名"}, {"type": "relation", "string": "{{errorMsg.receiver}}"}, {"type": "relation", "string": "手机号"}, {"type": "relation", "string": "mobile"}, {"type": "relation", "string": "请填写手机号"}, {"type": "relation", "string": "{{errorMsg.mobile}}"}, {"type": "relation", "string": "省市区"}, {"type": "relation", "string": "请选择省市区"}, {"type": "relation", "string": "arrow"}, {"type": "relation", "string": "{{errorMsg.pc_text}}"}, {"type": "relation", "string": "详细地址"}, {"type": "relation", "string": ""}, {"type": "relation", "string": "address"}, {"type": "relation", "string": "请填写详细地址"}, {"type": "relation", "string": "{{errorMsg.address}}"}, {"type": "relation", "string": "设为默认收货地址"}, {"type": "relation", "string": "is_default"}, {"type": "relation", "string": "checked"}, {"type": "relation", "string": "保存并使用"}]}, {"id": 4, "type": "view", "string": null, "attribute": {"class": ["form-item"]}, "referenceVariable": [], "referenceFunction": [], "style": [], "inheritClass": null, "wxss": [], "page": null, "path": "D:\\WORK\\2021\\MPDF\\baseline\\ui\\父母邦\\edit-address.wxml", "child": [5, 6], "parent": 3, "matchString": [{"type": "relation", "string": "姓名"}, {"type": "relation", "string": "receiver"}, {"type": "relation", "string": "请填写姓名"}, {"type": "relation", "string": "{{errorMsg.receiver}}"}]}, {"id": 5, "type": "text", "string": "姓名", "attribute": {"class": ["form-item-label"]}, "referenceVariable": [], "referenceFunction": [], "style": [], "inheritClass": null, "wxss": [], "page": null, "path": "D:\\WORK\\2021\\MPDF\\baseline\\ui\\父母邦\\edit-address.wxml", "child": [], "parent": 4, "matchString": [{"type": "self", "string": "姓名"}]}, {"id": 6, "type": "view", "string": null, "attribute": {"class": ["form-item-cell"]}, "referenceVariable": [], "referenceFunction": [], "style": [], "inheritClass": null, "wxss": [], "page": null, "path": "D:\\WORK\\2021\\MPDF\\baseline\\ui\\父母邦\\edit-address.wxml", "child": [7, 8], "parent": 4, "matchString": [{"type": "relation", "string": "receiver"}, {"type": "relation", "string": "请填写姓名"}, {"type": "relation", "string": "{{errorMsg.receiver}}"}]}, {"id": 7, "type": "input", "string": null, "attribute": {"bindinput": "setFormValue", "data-key": "receiver", "placeholder": "请填写姓名", "value": "{{form.receiver}}"}, "referenceVariable": ["form.receiver"], "referenceFunction": ["setFormValue"], "style": [], "inheritClass": null, "wxss": [], "page": null, "path": "D:\\WORK\\2021\\MPDF\\baseline\\ui\\父母邦\\edit-address.wxml", "child": [], "parent": 6, "matchString": [{"type": "attr", "string": "receiver"}, {"type": "attr", "string": "请填写姓名"}]}, {"id": 8, "type": "text", "string": "{{errorMsg.receiver}}", "attribute": {"class": ["error-msg"]}, "referenceVariable": [], "referenceFunction": [], "style": [], "inheritClass": null, "wxss": [], "page": null, "path": "D:\\WORK\\2021\\MPDF\\baseline\\ui\\父母邦\\edit-address.wxml", "child": [], "parent": 6, "matchString": [{"type": "self", "string": "{{errorMsg.receiver}}"}]}, {"id": 9, "type": "view", "string": null, "attribute": {"class": ["form-item"]}, "referenceVariable": [], "referenceFunction": [], "style": [], "inheritClass": null, "wxss": [], "page": null, "path": "D:\\WORK\\2021\\MPDF\\baseline\\ui\\父母邦\\edit-address.wxml", "child": [10, 11], "parent": 3, "matchString": [{"type": "relation", "string": "手机号"}, {"type": "relation", "string": "mobile"}, {"type": "relation", "string": "请填写手机号"}, {"type": "relation", "string": "{{errorMsg.mobile}}"}]}, {"id": 10, "type": "text", "string": "手机号", "attribute": {"class": ["form-item-label"]}, "referenceVariable": [], "referenceFunction": [], "style": [], "inheritClass": null, "wxss": [], "page": null, "path": "D:\\WORK\\2021\\MPDF\\baseline\\ui\\父母邦\\edit-address.wxml", "child": [], "parent": 9, "matchString": [{"type": "self", "string": "手机号"}]}, {"id": 11, "type": "view", "string": null, "attribute": {"class": ["form-item-cell"]}, "referenceVariable": [], "referenceFunction": [], "style": [], "inheritClass": null, "wxss": [], "page": null, "path": "D:\\WORK\\2021\\MPDF\\baseline\\ui\\父母邦\\edit-address.wxml", "child": [12, 13], "parent": 9, "matchString": [{"type": "relation", "string": "mobile"}, {"type": "relation", "string": "请填写手机号"}, {"type": "relation", "string": "{{errorMsg.mobile}}"}]}, {"id": 12, "type": "input", "string": null, "attribute": {"bindinput": "setFormValue", "data-key": "mobile", "placeholder": "请填写手机号", "type": "number", "value": "{{form.mobile}}"}, "referenceVariable": ["form.mobile"], "referenceFunction": ["setFormValue"], "style": [], "inheritClass": null, "wxss": [], "page": null, "path": "D:\\WORK\\2021\\MPDF\\baseline\\ui\\父母邦\\edit-address.wxml", "child": [], "parent": 11, "matchString": [{"type": "attr", "string": "mobile"}, {"type": "attr", "string": "请填写手机号"}]}, {"id": 13, "type": "text", "string": "{{errorMsg.mobile}}", "attribute": {"class": ["error-msg"]}, "referenceVariable": [], "referenceFunction": [], "style": [], "inheritClass": null, "wxss": [], "page": null, "path": "D:\\WORK\\2021\\MPDF\\baseline\\ui\\父母邦\\edit-address.wxml", "child": [], "parent": 11, "matchString": [{"type": "self", "string": "{{errorMsg.mobile}}"}]}, {"id": 14, "type": "view", "string": null, "attribute": {"class": ["form-item"]}, "referenceVariable": [], "referenceFunction": [], "style": [], "inheritClass": null, "wxss": [], "page": null, "path": "D:\\WORK\\2021\\MPDF\\baseline\\ui\\父母邦\\edit-address.wxml", "child": [15, 16], "parent": 3, "matchString": [{"type": "relation", "string": "省市区"}, {"type": "relation", "string": "请选择省市区"}, {"type": "relation", "string": "arrow"}, {"type": "relation", "string": "{{errorMsg.pc_text}}"}]}, {"id": 15, "type": "text", "string": "省市区", "attribute": {"class": ["form-item-label"]}, "referenceVariable": [], "referenceFunction": [], "style": [], "inheritClass": null, "wxss": [], "page": null, "path": "D:\\WORK\\2021\\MPDF\\baseline\\ui\\父母邦\\edit-address.wxml", "child": [], "parent": 14, "matchString": [{"type": "self", "string": "省市区"}]}, {"id": 16, "type": "view", "string": null, "attribute": {"bindtap": "showPickerFun", "class": ["form-item-cell"]}, "referenceVariable": [], "referenceFunction": ["showPickerFun"], "style": [], "inheritClass": null, "wxss": [], "page": null, "path": "D:\\WORK\\2021\\MPDF\\baseline\\ui\\父母邦\\edit-address.wxml", "child": [17, 18, 19], "parent": 14, "matchString": [{"type": "relation", "string": "请选择省市区"}, {"type": "relation", "string": "arrow"}, {"type": "relation", "string": "{{errorMsg.pc_text}}"}]}, {"id": 17, "type": "input", "string": null, "attribute": {"disabled": "", "placeholder": "请选择省市区", "value": "{{form.pc_text}}"}, "referenceVariable": ["form.pc_text"], "referenceFunction": [], "style": [], "inheritClass": null, "wxss": [], "page": null, "path": "D:\\WORK\\2021\\MPDF\\baseline\\ui\\父母邦\\edit-address.wxml", "child": [], "parent": 16, "matchString": [{"type": "attr", "string": "请选择省市区"}]}, {"id": 18, "type": "van-icon", "string": null, "attribute": {"color": "#C6C7CC", "customclass": "right-cion", "name": "arrow"}, "referenceVariable": [], "referenceFunction": [], "style": [], "inheritClass": null, "wxss": [], "page": null, "path": "D:\\WORK\\2021\\MPDF\\baseline\\ui\\父母邦\\edit-address.wxml", "child": [], "parent": 16, "matchString": [{"type": "attr", "string": "arrow"}]}, {"id": 19, "type": "text", "string": "{{errorMsg.pc_text}}", "attribute": {"class": ["error-msg"]}, "referenceVariable": [], "referenceFunction": [], "style": [], "inheritClass": null, "wxss": [], "page": null, "path": "D:\\WORK\\2021\\MPDF\\baseline\\ui\\父母邦\\edit-address.wxml", "child": [], "parent": 16, "matchString": [{"type": "self", "string": "{{errorMsg.pc_text}}"}]}, {"id": 20, "type": "view", "string": null, "attribute": {"class": ["form-item"]}, "referenceVariable": [], "referenceFunction": [], "style": [], "inheritClass": null, "wxss": [], "page": null, "path": "D:\\WORK\\2021\\MPDF\\baseline\\ui\\父母邦\\edit-address.wxml", "child": [21, 22], "parent": 3, "matchString": [{"type": "relation", "string": "详细地址"}, {"type": "relation", "string": ""}, {"type": "relation", "string": "address"}, {"type": "relation", "string": "请填写详细地址"}, {"type": "relation", "string": "{{errorMsg.address}}"}]}, {"id": 21, "type": "text", "string": "详细地址", "attribute": {"class": ["form-item-label"]}, "referenceVariable": [], "referenceFunction": [], "style": [], "inheritClass": null, "wxss": [], "page": null, "path": "D:\\WORK\\2021\\MPDF\\baseline\\ui\\父母邦\\edit-address.wxml", "child": [], "parent": 20, "matchString": [{"type": "self", "string": "详细地址"}]}, {"id": 22, "type": "view", "string": null, "attribute": {"class": ["form-item-cell"]}, "referenceVariable": [], "referenceFunction": [], "style": [], "inheritClass": null, "wxss": [], "page": null, "path": "D:\\WORK\\2021\\MPDF\\baseline\\ui\\父母邦\\edit-address.wxml", "child": [23, 24], "parent": 20, "matchString": [{"type": "relation", "string": ""}, {"type": "relation", "string": "address"}, {"type": "relation", "string": "请填写详细地址"}, {"type": "relation", "string": "{{errorMsg.address}}"}]}, {"id": 23, "type": "textarea", "string": null, "attribute": {"autoheight": "", "bindinput": "setFormValue", "data-key": "address", "placeholder": "请填写详细地址", "value": "{{form.address}}"}, "referenceVariable": ["form.address"], "referenceFunction": ["setFormValue"], "style": [], "inheritClass": null, "wxss": [], "page": null, "path": "D:\\WORK\\2021\\MPDF\\baseline\\ui\\父母邦\\edit-address.wxml", "child": [], "parent": 22, "matchString": [{"type": "attr", "string": ""}, {"type": "attr", "string": "address"}, {"type": "attr", "string": "请填写详细地址"}]}, {"id": 24, "type": "text", "string": "{{errorMsg.address}}", "attribute": {"class": ["error-msg"]}, "referenceVariable": [], "referenceFunction": [], "style": [], "inheritClass": null, "wxss": [], "page": null, "path": "D:\\WORK\\2021\\MPDF\\baseline\\ui\\父母邦\\edit-address.wxml", "child": [], "parent": 22, "matchString": [{"type": "self", "string": "{{errorMsg.address}}"}]}, {"id": 25, "type": "view", "string": null, "attribute": {"class": ["form-item"]}, "referenceVariable": [], "referenceFunction": [], "style": [], "inheritClass": null, "wxss": [], "page": null, "path": "D:\\WORK\\2021\\MPDF\\baseline\\ui\\父母邦\\edit-address.wxml", "child": [26, 27], "parent": 3, "matchString": [{"type": "relation", "string": "设为默认收货地址"}, {"type": "relation", "string": "is_default"}, {"type": "relation", "string": "checked"}]}, {"id": 26, "type": "text", "string": "设为默认收货地址", "attribute": {"class": ["form-item-label"]}, "referenceVariable": [], "referenceFunction": [], "style": [], "inheritClass": null, "wxss": [], "page": null, "path": "D:\\WORK\\2021\\MPDF\\baseline\\ui\\父母邦\\edit-address.wxml", "child": [], "parent": 25, "matchString": [{"type": "self", "string": "设为默认收货地址"}]}, {"id": 27, "type": "view", "string": null, "attribute": {"class": ["form-item-cell"]}, "referenceVariable": [], "referenceFunction": [], "style": [], "inheritClass": null, "wxss": [], "page": null, "path": "D:\\WORK\\2021\\MPDF\\baseline\\ui\\父母邦\\edit-address.wxml", "child": [28], "parent": 25, "matchString": [{"type": "relation", "string": "is_default"}, {"type": "relation", "string": "checked"}]}, {"id": 28, "type": "van-icon", "string": null, "attribute": {"bind:click": "setFormValue", "color": "{{checkColor}}", "customclass": "right-cion", "data-key": "is_default", "name": "checked", "size": "40rpx"}, "referenceVariable": ["checkColor"], "referenceFunction": ["setFormValue"], "style": [], "inheritClass": null, "wxss": [], "page": null, "path": "D:\\WORK\\2021\\MPDF\\baseline\\ui\\父母邦\\edit-address.wxml", "child": [], "parent": 27, "matchString": [{"type": "attr", "string": "is_default"}, {"type": "attr", "string": "checked"}]}, {"id": 29, "type": "button", "string": "保存并使用", "attribute": {"bindtap": "submit", "class": ["submit"]}, "referenceVariable": [], "referenceFunction": ["submit"], "style": [], "inheritClass": null, "wxss": [], "page": null, "path": "D:\\WORK\\2021\\MPDF\\baseline\\ui\\父母邦\\edit-address.wxml", "child": [], "parent": 3, "matchString": [{"type": "self", "string": "保存并使用"}]}, {"id": 30, "type": "view", "string": null, "attribute": {"class": ["area-picker-fixed"], "wx:if": "{{pickerShow}}"}, "referenceVariable": ["pickerShow"], "referenceFunction": [], "style": [], "inheritClass": null, "wxss": [], "page": null, "path": "D:\\WORK\\2021\\MPDF\\baseline\\ui\\父母邦\\edit-address.wxml", "child": [31, 32, 35], "parent": 2, "matchString": [{"type": "relation", "string": "取消"}, {"type": "relation", "string": "确定"}, {"type": "relation", "string": "{{item.name}}"}]}, {"id": 31, "type": "view", "string": null, "attribute": {"bindtap": "cancle", "class": ["close-picker"]}, "referenceVariable": [], "referenceFunction": ["cancle"], "style": [], "inheritClass": null, "wxss": [], "page": null, "path": "D:\\WORK\\2021\\MPDF\\baseline\\ui\\父母邦\\edit-address.wxml", "child": [], "parent": 30, "matchString": []}, {"id": 32, "type": "view", "string": null, "attribute": {"class": ["area-picker-btn"]}, "referenceVariable": [], "referenceFunction": [], "style": [], "inheritClass": null, "wxss": [], "page": null, "path": "D:\\WORK\\2021\\MPDF\\baseline\\ui\\父母邦\\edit-address.wxml", "child": [33, 34], "parent": 30, "matchString": [{"type": "relation", "string": "取消"}, {"type": "relation", "string": "确定"}]}, {"id": 33, "type": "view", "string": "取消", "attribute": {"bindtap": "cancle", "class": ["area-picker-btn-cancle"]}, "referenceVariable": [], "referenceFunction": ["cancle"], "style": [], "inheritClass": null, "wxss": [], "page": null, "path": "D:\\WORK\\2021\\MPDF\\baseline\\ui\\父母邦\\edit-address.wxml", "child": [], "parent": 32, "matchString": [{"type": "self", "string": "取消"}]}, {"id": 34, "type": "view", "string": "确定", "attribute": {"bindtap": "confirm", "class": ["area-picker-btn-confirm"]}, "referenceVariable": [], "referenceFunction": ["confirm"], "style": [], "inheritClass": null, "wxss": [], "page": null, "path": "D:\\WORK\\2021\\MPDF\\baseline\\ui\\父母邦\\edit-address.wxml", "child": [], "parent": 32, "matchString": [{"type": "self", "string": "确定"}]}, {"id": 35, "type": "picker-view", "string": null, "attribute": {"bindchange": "bindChange", "class": ["area-picker"], "indicatorstyle": "height: 80rpx;", "value": "{{pcValue}}"}, "referenceVariable": ["pcValue"], "referenceFunction": ["bindChange"], "style": [], "inheritClass": null, "wxss": [], "page": null, "path": "D:\\WORK\\2021\\MPDF\\baseline\\ui\\父母邦\\edit-address.wxml", "child": [36, 38, 40], "parent": 30, "matchString": [{"type": "relation", "string": "{{item.name}}"}]}, {"id": 36, "type": "picker-view-column", "string": null, "attribute": {}, "referenceVariable": [], "referenceFunction": [], "style": [], "inheritClass": null, "wxss": [], "page": null, "path": "D:\\WORK\\2021\\MPDF\\baseline\\ui\\父母邦\\edit-address.wxml", "child": [37], "parent": 35, "matchString": [{"type": "relation", "string": "{{item.name}}"}]}, {"id": 37, "type": "view", "string": "{{item.name}}", "attribute": {"class": ["area-picker-column"], "wx:for": "{{provinceLs}}", "wx:key": "index"}, "referenceVariable": ["provinceLs"], "referenceFunction": [], "style": [], "inheritClass": null, "wxss": [], "page": null, "path": "D:\\WORK\\2021\\MPDF\\baseline\\ui\\父母邦\\edit-address.wxml", "child": [], "parent": 36, "matchString": [{"type": "self", "string": "{{item.name}}"}]}, {"id": 38, "type": "picker-view-column", "string": null, "attribute": {}, "referenceVariable": [], "referenceFunction": [], "style": [], "inheritClass": null, "wxss": [], "page": null, "path": "D:\\WORK\\2021\\MPDF\\baseline\\ui\\父母邦\\edit-address.wxml", "child": [39], "parent": 35, "matchString": [{"type": "relation", "string": "{{item.name}}"}]}, {"id": 39, "type": "view", "string": "{{item.name}}", "attribute": {"class": ["area-picker-column"], "wx:for": "{{cityLs}}", "wx:key": "index"}, "referenceVariable": ["cityLs"], "referenceFunction": [], "style": [], "inheritClass": null, "wxss": [], "page": null, "path": "D:\\WORK\\2021\\MPDF\\baseline\\ui\\父母邦\\edit-address.wxml", "child": [], "parent": 38, "matchString": [{"type": "self", "string": "{{item.name}}"}]}, {"id": 40, "type": "picker-view-column", "string": null, "attribute": {}, "referenceVariable": [], "referenceFunction": [], "style": [], "inheritClass": null, "wxss": [], "page": null, "path": "D:\\WORK\\2021\\MPDF\\baseline\\ui\\父母邦\\edit-address.wxml", "child": [41], "parent": 35, "matchString": [{"type": "relation", "string": "{{item.name}}"}]}, {"id": 41, "type": "view", "string": "{{item.name}}", "attribute": {"class": ["area-picker-column"], "wx:for": "{{areaLs}}", "wx:key": "index"}, "referenceVariable": ["areaLs"], "referenceFunction": [], "style": [], "inheritClass": null, "wxss": [], "page": null, "path": "D:\\WORK\\2021\\MPDF\\baseline\\ui\\父母邦\\edit-address.wxml", "child": [], "parent": 40, "matchString": [{"type": "self", "string": "{{item.name}}"}]}]