{
    "navigationBarTitleText": "确认订单",
    "usingComponents": {
        "van-submit-bar": "../../miniprogram_npm/@vant/weapp/submit-bar/index",
        "van-card": "../../miniprogram_npm/@vant/weapp/card/index",
        "van-cell": "../../miniprogram_npm/@vant/weapp/cell/index",
        "van-cell-group": "../../miniprogram_npm/@vant/weapp/cell-group/index",
        "van-divider": "../../miniprogram_npm/@vant/weapp/divider/index",
        "van-action-sheet": "../../miniprogram_npm/@vant/weapp/action-sheet/index"
    }
}