[{"id": 0, "type": "[document]", "string": null, "attribute": {}, "referenceVariable": [], "referenceFunction": [], "style": [], "inheritClass": null, "wxss": [], "page": null, "path": "D:\\WORK\\2021\\MPDF\\baseline\\ui\\丰卖商城\\checkout.wxml", "child": [1, 13, 14], "parent": null, "matchString": [{"type": "relation", "string": ""}, {"type": "relation", "string": "location-o"}, {"type": "relation", "string": "{{address.fullAddress}}"}, {"type": "relation", "string": "{{address.userName}} {{address.telNumber}}"}, {"type": "relation", "string": "请选择收货地址"}, {"type": "relation", "string": "{{item.specText}}"}, {"type": "relation", "string": "{{item.count}}"}, {"type": "relation", "string": "{{item.productPrice}}"}, {"type": "relation", "string": "{{item.goodsGalleryUrl}}"}, {"type": "relation", "string": "{{item.goodsName}}"}, {"type": "relation", "string": "备注"}, {"type": "relation", "string": "选填，请先和商家协商一致"}, {"type": "relation", "string": "提交订单"}, {"type": "relation", "string": "{{sumbitLoading}}"}, {"type": "relation", "string": "{{totalFee}}"}, {"type": "relation", "string": "{{realNameShow}}"}, {"type": "relation", "string": "实名认证"}, {"type": "relation", "string": "因您购买的跨境商品清关需要，请填写您将用于支付的付款账户的实名信息"}, {"type": "relation", "string": "付款账户的真实姓名"}, {"type": "relation", "string": "付款账户的身份证号码"}, {"type": "relation", "string": "提交"}]}, {"id": 1, "type": "view", "string": null, "attribute": {"class": ["container"]}, "referenceVariable": [], "referenceFunction": [], "style": [], "inheritClass": null, "wxss": [], "page": null, "path": "D:\\WORK\\2021\\MPDF\\baseline\\ui\\丰卖商城\\checkout.wxml", "child": [2, 5, 7, 10], "parent": 0, "matchString": [{"type": "relation", "string": ""}, {"type": "relation", "string": "location-o"}, {"type": "relation", "string": "{{address.fullAddress}}"}, {"type": "relation", "string": "{{address.userName}} {{address.telNumber}}"}, {"type": "relation", "string": "请选择收货地址"}, {"type": "relation", "string": "{{item.specText}}"}, {"type": "relation", "string": "{{item.count}}"}, {"type": "relation", "string": "{{item.productPrice}}"}, {"type": "relation", "string": "{{item.goodsGalleryUrl}}"}, {"type": "relation", "string": "{{item.goodsName}}"}, {"type": "relation", "string": "备注"}, {"type": "relation", "string": "选填，请先和商家协商一致"}]}, {"id": 2, "type": "view", "string": null, "attribute": {"class": ["address-container"], "wx:if": "{{addressFlag}}"}, "referenceVariable": ["addressFlag"], "referenceFunction": [], "style": [], "inheritClass": null, "wxss": [], "page": null, "path": "D:\\WORK\\2021\\MPDF\\baseline\\ui\\丰卖商城\\checkout.wxml", "child": [3], "parent": 1, "matchString": [{"type": "relation", "string": ""}, {"type": "relation", "string": "location-o"}, {"type": "relation", "string": "{{address.fullAddress}}"}, {"type": "relation", "string": "{{address.userName}} {{address.telNumber}}"}]}, {"id": 3, "type": "van-cell-group", "string": null, "attribute": {}, "referenceVariable": [], "referenceFunction": [], "style": [], "inheritClass": null, "wxss": [], "page": null, "path": "D:\\WORK\\2021\\MPDF\\baseline\\ui\\丰卖商城\\checkout.wxml", "child": [4], "parent": 2, "matchString": [{"type": "relation", "string": ""}, {"type": "relation", "string": "location-o"}, {"type": "relation", "string": "{{address.fullAddress}}"}, {"type": "relation", "string": "{{address.userName}} {{address.telNumber}}"}]}, {"id": 4, "type": "van-cell", "string": null, "attribute": {"center": "", "islink": "", "bind:click": "chooseAddress", "icon": "location-o", "label": "{{address.fullAddress}}", "title": "{{address.userName}} {{address.telNumber}}"}, "referenceVariable": ["address.fullAddress", "address.userName", "address.telNumber"], "referenceFunction": ["chooseAddress"], "style": [], "inheritClass": null, "wxss": [], "page": null, "path": "D:\\WORK\\2021\\MPDF\\baseline\\ui\\丰卖商城\\checkout.wxml", "child": [], "parent": 3, "matchString": [{"type": "attr", "string": ""}, {"type": "attr", "string": "location-o"}, {"type": "attr", "string": "{{address.fullAddress}}"}, {"type": "attr", "string": "{{address.userName}} {{address.telNumber}}"}]}, {"id": 5, "type": "view", "string": null, "attribute": {"class": ["address-container"], "wx:else": ""}, "referenceVariable": [], "referenceFunction": [], "style": [], "inheritClass": null, "wxss": [], "page": null, "path": "D:\\WORK\\2021\\MPDF\\baseline\\ui\\丰卖商城\\checkout.wxml", "child": [6], "parent": 1, "matchString": [{"type": "relation", "string": ""}, {"type": "relation", "string": "location-o"}, {"type": "relation", "string": "请选择收货地址"}]}, {"id": 6, "type": "van-cell", "string": null, "attribute": {"islink": "", "bind:click": "chooseAddress", "icon": "location-o", "title": "请选择收货地址"}, "referenceVariable": [], "referenceFunction": ["chooseAddress"], "style": [], "inheritClass": null, "wxss": [], "page": null, "path": "D:\\WORK\\2021\\MPDF\\baseline\\ui\\丰卖商城\\checkout.wxml", "child": [], "parent": 5, "matchString": [{"type": "attr", "string": ""}, {"type": "attr", "string": "location-o"}, {"type": "attr", "string": "请选择收货地址"}]}, {"id": 7, "type": "block", "string": null, "attribute": {"wx:for": "{{goodsList}}", "wx:key": "_id"}, "referenceVariable": ["goodsList"], "referenceFunction": [], "style": [], "inheritClass": null, "wxss": [], "page": null, "path": "D:\\WORK\\2021\\MPDF\\baseline\\ui\\丰卖商城\\checkout.wxml", "child": [8, 9], "parent": 1, "matchString": [{"type": "relation", "string": "{{item.specText}}"}, {"type": "relation", "string": "{{item.count}}"}, {"type": "relation", "string": "{{item.productPrice}}"}, {"type": "relation", "string": "{{item.goodsGalleryUrl}}"}, {"type": "relation", "string": "{{item.goodsName}}"}]}, {"id": 8, "type": "van-card", "string": null, "attribute": {"class": ["card-container"], "desc": "{{item.specText}}", "num": "{{item.count}}", "price": "{{item.productPrice}}", "thumb": "{{item.goodsGalleryUrl}}", "title": "{{item.goodsName}}"}, "referenceVariable": ["item.specText", "item.count", "item.productPrice", "item.goodsGalleryUrl", "item.goodsName"], "referenceFunction": [], "style": [], "inheritClass": null, "wxss": [], "page": null, "path": "D:\\WORK\\2021\\MPDF\\baseline\\ui\\丰卖商城\\checkout.wxml", "child": [], "parent": 7, "matchString": [{"type": "attr", "string": "{{item.specText}}"}, {"type": "attr", "string": "{{item.count}}"}, {"type": "attr", "string": "{{item.productPrice}}"}, {"type": "attr", "string": "{{item.goodsGalleryUrl}}"}, {"type": "attr", "string": "{{item.goodsName}}"}]}, {"id": 9, "type": "van-divider", "string": null, "attribute": {}, "referenceVariable": [], "referenceFunction": [], "style": [], "inheritClass": null, "wxss": [], "page": null, "path": "D:\\WORK\\2021\\MPDF\\baseline\\ui\\丰卖商城\\checkout.wxml", "child": [], "parent": 7, "matchString": []}, {"id": 10, "type": "view", "string": null, "attribute": {"class": ["card-box", "order-note-box"]}, "referenceVariable": [], "referenceFunction": [], "style": [], "inheritClass": null, "wxss": [], "page": null, "path": "D:\\WORK\\2021\\MPDF\\baseline\\ui\\丰卖商城\\checkout.wxml", "child": [11, 12], "parent": 1, "matchString": [{"type": "relation", "string": "备注"}, {"type": "relation", "string": "选填，请先和商家协商一致"}]}, {"id": 11, "type": "text", "string": "备注", "attribute": {"class": ["order-note-text"]}, "referenceVariable": [], "referenceFunction": [], "style": [], "inheritClass": null, "wxss": [], "page": null, "path": "D:\\WORK\\2021\\MPDF\\baseline\\ui\\丰卖商城\\checkout.wxml", "child": [], "parent": 10, "matchString": [{"type": "self", "string": "备注"}]}, {"id": 12, "type": "input", "string": null, "attribute": {"bindinput": "changeNote", "class": ["order-note-input"], "placeholder": "选填，请先和商家协商一致", "value": "{{note}}"}, "referenceVariable": ["note"], "referenceFunction": ["changeNote"], "style": [], "inheritClass": null, "wxss": [], "page": null, "path": "D:\\WORK\\2021\\MPDF\\baseline\\ui\\丰卖商城\\checkout.wxml", "child": [], "parent": 10, "matchString": [{"type": "attr", "string": "选填，请先和商家协商一致"}]}, {"id": 13, "type": "van-submit-bar", "string": null, "attribute": {"bind:submit": "submitOrder", "buttontext": "提交订单", "disabled": "{{!validateFlag}}", "loading": "{{sumbitLoading}}", "price": "{{totalFee}}"}, "referenceVariable": ["!validateFlag", "sumbitLoading", "totalFee"], "referenceFunction": ["submitOrder"], "style": [], "inheritClass": null, "wxss": [], "page": null, "path": "D:\\WORK\\2021\\MPDF\\baseline\\ui\\丰卖商城\\checkout.wxml", "child": [], "parent": 0, "matchString": [{"type": "attr", "string": "提交订单"}, {"type": "attr", "string": "{{sumbitLoading}}"}, {"type": "attr", "string": "{{totalFee}}"}]}, {"id": 14, "type": "van-action-sheet", "string": null, "attribute": {"bind:close": "realNameClose", "show": "{{realNameShow}}", "title": "实名认证"}, "referenceVariable": ["realNameShow"], "referenceFunction": ["realNameClose"], "style": [], "inheritClass": null, "wxss": [], "page": null, "path": "D:\\WORK\\2021\\MPDF\\baseline\\ui\\丰卖商城\\checkout.wxml", "child": [15], "parent": 0, "matchString": [{"type": "attr", "string": "{{realNameShow}}"}, {"type": "attr", "string": "实名认证"}, {"type": "relation", "string": "因您购买的跨境商品清关需要，请填写您将用于支付的付款账户的实名信息"}, {"type": "relation", "string": "付款账户的真实姓名"}, {"type": "relation", "string": "付款账户的身份证号码"}, {"type": "relation", "string": "提交"}]}, {"id": 15, "type": "view", "string": null, "attribute": {"class": ["real-name-container"]}, "referenceVariable": [], "referenceFunction": [], "style": [], "inheritClass": null, "wxss": [], "page": null, "path": "D:\\WORK\\2021\\MPDF\\baseline\\ui\\丰卖商城\\checkout.wxml", "child": [16, 17, 19, 21], "parent": 14, "matchString": [{"type": "relation", "string": "因您购买的跨境商品清关需要，请填写您将用于支付的付款账户的实名信息"}, {"type": "relation", "string": "付款账户的真实姓名"}, {"type": "relation", "string": "付款账户的身份证号码"}, {"type": "relation", "string": "提交"}]}, {"id": 16, "type": "view", "string": "因您购买的跨境商品清关需要，请填写您将用于支付的付款账户的实名信息", "attribute": {"class": ["real-name-tip"]}, "referenceVariable": [], "referenceFunction": [], "style": [], "inheritClass": null, "wxss": [], "page": null, "path": "D:\\WORK\\2021\\MPDF\\baseline\\ui\\丰卖商城\\checkout.wxml", "child": [], "parent": 15, "matchString": [{"type": "self", "string": "因您购买的跨境商品清关需要，请填写您将用于支付的付款账户的实名信息"}]}, {"id": 17, "type": "view", "string": null, "attribute": {"class": ["real-name-input-box"]}, "referenceVariable": [], "referenceFunction": [], "style": [], "inheritClass": null, "wxss": [], "page": null, "path": "D:\\WORK\\2021\\MPDF\\baseline\\ui\\丰卖商城\\checkout.wxml", "child": [18], "parent": 15, "matchString": [{"type": "relation", "string": "付款账户的真实姓名"}]}, {"id": 18, "type": "input", "string": null, "attribute": {"bindinput": "inputUsername", "class": ["real-name-input"], "placeholder": "付款账户的真实姓名"}, "referenceVariable": [], "referenceFunction": ["inputUsername"], "style": [], "inheritClass": null, "wxss": [], "page": null, "path": "D:\\WORK\\2021\\MPDF\\baseline\\ui\\丰卖商城\\checkout.wxml", "child": [], "parent": 17, "matchString": [{"type": "attr", "string": "付款账户的真实姓名"}]}, {"id": 19, "type": "view", "string": null, "attribute": {"class": ["real-name-input-box"]}, "referenceVariable": [], "referenceFunction": [], "style": [], "inheritClass": null, "wxss": [], "page": null, "path": "D:\\WORK\\2021\\MPDF\\baseline\\ui\\丰卖商城\\checkout.wxml", "child": [20], "parent": 15, "matchString": [{"type": "relation", "string": "付款账户的身份证号码"}]}, {"id": 20, "type": "input", "string": null, "attribute": {"bindinput": "inputIdCard", "class": ["real-name-input"], "placeholder": "付款账户的身份证号码", "type": "idcard"}, "referenceVariable": [], "referenceFunction": ["inputIdCard"], "style": [], "inheritClass": null, "wxss": [], "page": null, "path": "D:\\WORK\\2021\\MPDF\\baseline\\ui\\丰卖商城\\checkout.wxml", "child": [], "parent": 19, "matchString": [{"type": "attr", "string": "付款账户的身份证号码"}]}, {"id": 21, "type": "view", "string": null, "attribute": {"class": ["real-name-btn"]}, "referenceVariable": [], "referenceFunction": [], "style": [], "inheritClass": null, "wxss": [], "page": null, "path": "D:\\WORK\\2021\\MPDF\\baseline\\ui\\丰卖商城\\checkout.wxml", "child": [22], "parent": 15, "matchString": [{"type": "relation", "string": "提交"}]}, {"id": 22, "type": "button", "string": "提交", "attribute": {"bindtap": "updateUserIdCard", "type": "primary"}, "referenceVariable": [], "referenceFunction": ["updateUserIdCard"], "style": [], "inheritClass": null, "wxss": [], "page": null, "path": "D:\\WORK\\2021\\MPDF\\baseline\\ui\\丰卖商城\\checkout.wxml", "child": [], "parent": 21, "matchString": [{"type": "self", "string": "提交"}]}]