[{"id": 0, "type": "[document]", "string": null, "attribute": {}, "referenceVariable": [], "referenceFunction": [], "style": [], "inheritClass": null, "wxss": [], "page": null, "path": "D:\\WORK\\2021\\MPDF\\baseline\\ui\\叮咚报价\\index.wxml", "child": [1, 2, 11, 19, 22, 32, 53, 54, 60, 61, 62, 63], "parent": null, "matchString": [{"type": "relation", "string": "收货姓名"}, {"type": "relation", "string": "done"}, {"type": "relation", "string": "请输入收货人姓名"}, {"type": "relation", "string": "30"}, {"type": "relation", "string": "{{3}}"}, {"type": "relation", "string": "text"}, {"type": "relation", "string": ""}, {"type": "relation", "string": "手机号码"}, {"type": "relation", "string": "请输入收货人手机号码"}, {"type": "relation", "string": "11"}, {"type": "relation", "string": "{{4}}"}, {"type": "relation", "string": "number"}, {"type": "relation", "string": "{{initModel.mallAddress.receiverName}}"}, {"type": "relation", "string": "{{initModel.mallAddress.mobile}}"}, {"type": "relation", "string": "{{initModel.mallAddress.addressDetail}}"}, {"type": "relation", "string": "新增收货地址"}, {"type": "relation", "string": "收货人姓名"}, {"type": "relation", "string": "因海关需要,请填写收货人真实姓名"}, {"type": "relation", "string": "32"}, {"type": "relation", "string": "{{1}}"}, {"type": "relation", "string": "收货人身份证号"}, {"type": "relation", "string": "因海关需要,请填写收货人身份证号"}, {"type": "relation", "string": "{{2}}"}, {"type": "relation", "string": "idcard"}, {"type": "relation", "string": "{{item.merchantName}}"}, {"type": "relation", "string": "goodsIndex"}, {"type": "relation", "string": "goodsItem"}, {"type": "relation", "string": "confirm-goods"}, {"type": "relation", "string": "{{item:goodsItem,quoted:quoted}}"}, {"type": "relation", "string": "配送方式"}, {"type": "relation", "string": "{{goodsItem.transType?goodsItem.transType:'普通配送'}}"}, {"type": "relation", "string": "快递"}, {"type": "relation", "string": "{{goodsItem.freightAmount&&goodsItem.freightAmount>0?ll.getMoney(goodsItem.freightAmount):goodsItem.freightAmount==null?'不在配送地':'免邮'}}"}, {"type": "relation", "string": "{{initModel.fee&&initModel.fee>0?ll.getMoney(initModel.fee):'免邮'}}"}, {"type": "relation", "string": "订单备注"}, {"type": "relation", "string": "选填"}, {"type": "relation", "string": "128"}, {"type": "relation", "string": "{{index}}"}, {"type": "relation", "string": "共{{lll.getSkuCount(item)}}件商品  小计"}, {"type": "relation", "string": "{{ll.getRichText(lll.getMerchantTotalAmount(item,quoted),18,14,'#FF4A4B')}}"}, {"type": "relation", "string": "共{{initModel.totalCount}}件"}, {"type": "relation", "string": "合计金额"}, {"type": "relation", "string": "{{ll.getRichText(lll.getTotalAmount(initModel,quoted),18,14,'#FF4A4B')}}"}, {"type": "relation", "string": "提交订单"}, {"type": "relation", "string": "{{initModel.payer}}"}, {"type": "relation", "string": "{{64}}"}, {"type": "relation", "string": "请输入付款名称"}, {"type": "relation", "string": "{{showPay}}"}, {"type": "relation", "string": "添加付款名称"}, {"type": "relation", "string": "{{payChannels}}"}, {"type": "relation", "string": "{{totalAmount}}"}, {"type": "relation", "string": "{{payAlert}}"}, {"type": "relation", "string": "ll"}, {"type": "relation", "string": "lll"}]}, {"id": 1, "type": "import", "string": null, "attribute": {"src": "/templates/confirm-goods.wxml"}, "referenceVariable": [], "referenceFunction": [], "style": [], "inheritClass": null, "wxss": [], "page": null, "path": "D:\\WORK\\2021\\MPDF\\baseline\\ui\\叮咚报价\\index.wxml", "child": [], "parent": 0, "matchString": []}, {"id": 2, "type": "view", "string": null, "attribute": {"style": "background:#fff;", "wx:if": "{{quoted}}"}, "referenceVariable": ["quoted"], "referenceFunction": [], "style": [], "inheritClass": null, "wxss": [], "page": null, "path": "D:\\WORK\\2021\\MPDF\\baseline\\ui\\叮咚报价\\index.wxml", "child": [3, 7], "parent": 0, "matchString": [{"type": "relation", "string": "收货姓名"}, {"type": "relation", "string": "done"}, {"type": "relation", "string": "请输入收货人姓名"}, {"type": "relation", "string": "30"}, {"type": "relation", "string": "{{3}}"}, {"type": "relation", "string": "text"}, {"type": "relation", "string": ""}, {"type": "relation", "string": "手机号码"}, {"type": "relation", "string": "请输入收货人手机号码"}, {"type": "relation", "string": "11"}, {"type": "relation", "string": "{{4}}"}, {"type": "relation", "string": "number"}]}, {"id": 3, "type": "view", "string": null, "attribute": {"class": ["confrim-input-view", "app-mb30"]}, "referenceVariable": [], "referenceFunction": [], "style": [], "inheritClass": null, "wxss": [], "page": null, "path": "D:\\WORK\\2021\\MPDF\\baseline\\ui\\叮咚报价\\index.wxml", "child": [4, 5], "parent": 2, "matchString": [{"type": "relation", "string": "收货姓名"}, {"type": "relation", "string": "done"}, {"type": "relation", "string": "请输入收货人姓名"}, {"type": "relation", "string": "30"}, {"type": "relation", "string": "{{3}}"}, {"type": "relation", "string": "text"}, {"type": "relation", "string": ""}]}, {"id": 4, "type": "text", "string": "收货姓名", "attribute": {"class": ["app-fc333", "app-fz14"]}, "referenceVariable": [], "referenceFunction": [], "style": [], "inheritClass": null, "wxss": [], "page": null, "path": "D:\\WORK\\2021\\MPDF\\baseline\\ui\\叮咚报价\\index.wxml", "child": [], "parent": 3, "matchString": [{"type": "self", "string": "收货姓名"}]}, {"id": 5, "type": "view", "string": null, "attribute": {"class": ["confrim-input-view-address"]}, "referenceVariable": [], "referenceFunction": [], "style": [], "inheritClass": null, "wxss": [], "page": null, "path": "D:\\WORK\\2021\\MPDF\\baseline\\ui\\叮咚报价\\index.wxml", "child": [6], "parent": 3, "matchString": [{"type": "relation", "string": "done"}, {"type": "relation", "string": "请输入收货人姓名"}, {"type": "relation", "string": "30"}, {"type": "relation", "string": "{{3}}"}, {"type": "relation", "string": "text"}, {"type": "relation", "string": ""}]}, {"id": 6, "type": "custom-input", "string": null, "attribute": {"bind:inputconfirm": "searchEvent", "bind:inputlistener": "cInputListener", "confirmtype": "done", "inputhint": "请输入收货人姓名", "inputmax": "30", "inputname": "{{3}}", "inputtype": "text", "inputvalue": ""}, "referenceVariable": ["3"], "referenceFunction": ["searchEvent", "cInputListener"], "style": [], "inheritClass": null, "wxss": [], "page": null, "path": "D:\\WORK\\2021\\MPDF\\baseline\\ui\\叮咚报价\\index.wxml", "child": [], "parent": 5, "matchString": [{"type": "attr", "string": "done"}, {"type": "attr", "string": "请输入收货人姓名"}, {"type": "attr", "string": "30"}, {"type": "attr", "string": "{{3}}"}, {"type": "attr", "string": "text"}, {"type": "attr", "string": ""}]}, {"id": 7, "type": "view", "string": null, "attribute": {"class": ["confrim-input-view"]}, "referenceVariable": [], "referenceFunction": [], "style": [], "inheritClass": null, "wxss": [], "page": null, "path": "D:\\WORK\\2021\\MPDF\\baseline\\ui\\叮咚报价\\index.wxml", "child": [8, 9], "parent": 2, "matchString": [{"type": "relation", "string": "手机号码"}, {"type": "relation", "string": "done"}, {"type": "relation", "string": "请输入收货人手机号码"}, {"type": "relation", "string": "11"}, {"type": "relation", "string": "{{4}}"}, {"type": "relation", "string": "number"}, {"type": "relation", "string": ""}]}, {"id": 8, "type": "text", "string": "手机号码", "attribute": {"class": ["app-fc333", "app-fz14"]}, "referenceVariable": [], "referenceFunction": [], "style": [], "inheritClass": null, "wxss": [], "page": null, "path": "D:\\WORK\\2021\\MPDF\\baseline\\ui\\叮咚报价\\index.wxml", "child": [], "parent": 7, "matchString": [{"type": "self", "string": "手机号码"}]}, {"id": 9, "type": "view", "string": null, "attribute": {"class": ["confrim-input-view-address"]}, "referenceVariable": [], "referenceFunction": [], "style": [], "inheritClass": null, "wxss": [], "page": null, "path": "D:\\WORK\\2021\\MPDF\\baseline\\ui\\叮咚报价\\index.wxml", "child": [10], "parent": 7, "matchString": [{"type": "relation", "string": "done"}, {"type": "relation", "string": "请输入收货人手机号码"}, {"type": "relation", "string": "11"}, {"type": "relation", "string": "{{4}}"}, {"type": "relation", "string": "number"}, {"type": "relation", "string": ""}]}, {"id": 10, "type": "custom-input", "string": null, "attribute": {"bind:inputconfirm": "searchEvent", "bind:inputlistener": "cInputListener", "confirmtype": "done", "inputhint": "请输入收货人手机号码", "inputmax": "11", "inputname": "{{4}}", "inputtype": "number", "inputvalue": ""}, "referenceVariable": ["4"], "referenceFunction": ["searchEvent", "cInputListener"], "style": [], "inheritClass": null, "wxss": [], "page": null, "path": "D:\\WORK\\2021\\MPDF\\baseline\\ui\\叮咚报价\\index.wxml", "child": [], "parent": 9, "matchString": [{"type": "attr", "string": "done"}, {"type": "attr", "string": "请输入收货人手机号码"}, {"type": "attr", "string": "11"}, {"type": "attr", "string": "{{4}}"}, {"type": "attr", "string": "number"}, {"type": "attr", "string": ""}]}, {"id": 11, "type": "view", "string": null, "attribute": {"bindtap": "{{quoted?'':'gotoChoiseAddress'}}", "class": ["order-address-view"], "style": "background:#fff;margin-top:{{0}}rpx;padding-top:{{quoted?30:0}}rpx;", "wx:if": "{{initModel.mallAddress&&initModel.mallAddress.id}}"}, "referenceVariable": ["quoted?'':'gotoChoiseAddress'", "0", "quoted?30:0", "initModel.mallAddress&&initModel.mallAddress.id"], "referenceFunction": ["{{quoted?'':'gotoChoiseAddress'}}"], "style": [], "inheritClass": null, "wxss": [], "page": null, "path": "D:\\WORK\\2021\\MPDF\\baseline\\ui\\叮咚报价\\index.wxml", "child": [12, 17, 18], "parent": 0, "matchString": [{"type": "relation", "string": "{{initModel.mallAddress.receiverName}}"}, {"type": "relation", "string": "{{initModel.mallAddress.mobile}}"}, {"type": "relation", "string": "{{initModel.mallAddress.addressDetail}}"}]}, {"id": 12, "type": "view", "string": null, "attribute": {"class": ["app-pl20", "app-pr20", "app-pt30", "app-flex-row-b", "app-flex-align-c"], "wx:if": "{{!quoted}}"}, "referenceVariable": ["!quoted"], "referenceFunction": [], "style": [], "inheritClass": null, "wxss": [], "page": null, "path": "D:\\WORK\\2021\\MPDF\\baseline\\ui\\叮咚报价\\index.wxml", "child": [13, 16], "parent": 11, "matchString": [{"type": "relation", "string": "{{initModel.mallAddress.receiverName}}"}, {"type": "relation", "string": "{{initModel.mallAddress.mobile}}"}]}, {"id": 13, "type": "view", "string": null, "attribute": {"class": ["app-flex-row", "app-flex-align-c"]}, "referenceVariable": [], "referenceFunction": [], "style": [], "inheritClass": null, "wxss": [], "page": null, "path": "D:\\WORK\\2021\\MPDF\\baseline\\ui\\叮咚报价\\index.wxml", "child": [14, 15], "parent": 12, "matchString": [{"type": "relation", "string": "{{initModel.mallAddress.receiverName}}"}, {"type": "relation", "string": "{{initModel.mallAddress.mobile}}"}]}, {"id": 14, "type": "text", "string": "{{initModel.mallAddress.receiverName}}", "attribute": {"class": ["app-fc000", "app-fz14", "order-info-address-name", "app-line-clamp1"]}, "referenceVariable": [], "referenceFunction": [], "style": [], "inheritClass": null, "wxss": [], "page": null, "path": "D:\\WORK\\2021\\MPDF\\baseline\\ui\\叮咚报价\\index.wxml", "child": [], "parent": 13, "matchString": [{"type": "self", "string": "{{initModel.mallAddress.receiverName}}"}]}, {"id": 15, "type": "text", "string": "{{initModel.mallAddress.mobile}}", "attribute": {"class": ["app-fc000", "app-fz14", "order-info-address-mobile"]}, "referenceVariable": [], "referenceFunction": [], "style": [], "inheritClass": null, "wxss": [], "page": null, "path": "D:\\WORK\\2021\\MPDF\\baseline\\ui\\叮咚报价\\index.wxml", "child": [], "parent": 13, "matchString": [{"type": "self", "string": "{{initModel.mallAddress.mobile}}"}]}, {"id": 16, "type": "image", "string": null, "attribute": {"class": ["right-arrow"], "src": "/images/common/icon_arrow_right.png", "wx:if": "{{!quoted}}"}, "referenceVariable": ["!quoted"], "referenceFunction": [], "style": [], "inheritClass": null, "wxss": [], "page": null, "path": "D:\\WORK\\2021\\MPDF\\baseline\\ui\\叮咚报价\\index.wxml", "child": [], "parent": 12, "matchString": []}, {"id": 17, "type": "text", "string": "{{initModel.mallAddress.addressDetail}}", "attribute": {"class": ["order-address-content"]}, "referenceVariable": [], "referenceFunction": [], "style": [], "inheritClass": null, "wxss": [], "page": null, "path": "D:\\WORK\\2021\\MPDF\\baseline\\ui\\叮咚报价\\index.wxml", "child": [], "parent": 11, "matchString": [{"type": "self", "string": "{{initModel.mallAddress.addressDetail}}"}, {"type": "relation", "string": "{{initModel.mallAddress.addressDetail}}"}]}, {"id": 18, "type": "image", "string": null, "attribute": {"src": "/images/common/icon_add_line.png"}, "referenceVariable": [], "referenceFunction": [], "style": [], "inheritClass": null, "wxss": [], "page": null, "path": "D:\\WORK\\2021\\MPDF\\baseline\\ui\\叮咚报价\\index.wxml", "child": [], "parent": 11, "matchString": [{"type": "relation", "string": "{{initModel.mallAddress.addressDetail}}"}]}, {"id": 19, "type": "view", "string": null, "attribute": {"bindtap": "gotoEditAddress", "class": ["confirm-empty-view"], "wx:if": "{{!initModel.mallAddress||!initModel.mallAddress.id}}"}, "referenceVariable": ["!initModel.mallAddress||!initModel.mallAddress.id"], "referenceFunction": ["gotoEditAddress"], "style": [], "inheritClass": null, "wxss": [], "page": null, "path": "D:\\WORK\\2021\\MPDF\\baseline\\ui\\叮咚报价\\index.wxml", "child": [20, 21], "parent": 0, "matchString": [{"type": "relation", "string": "新增收货地址"}]}, {"id": 20, "type": "image", "string": null, "attribute": {"src": "/images/common/icon_add.png"}, "referenceVariable": [], "referenceFunction": [], "style": [], "inheritClass": null, "wxss": [], "page": null, "path": "D:\\WORK\\2021\\MPDF\\baseline\\ui\\叮咚报价\\index.wxml", "child": [], "parent": 19, "matchString": [{"type": "relation", "string": "{{initModel.mallAddress.addressDetail}}"}]}, {"id": 21, "type": "text", "string": "新增收货地址", "attribute": {"class": ["app-fc333", "app-fz14", "app-ml20"]}, "referenceVariable": [], "referenceFunction": [], "style": [], "inheritClass": null, "wxss": [], "page": null, "path": "D:\\WORK\\2021\\MPDF\\baseline\\ui\\叮咚报价\\index.wxml", "child": [], "parent": 19, "matchString": [{"type": "self", "string": "新增收货地址"}, {"type": "relation", "string": "新增收货地址"}]}, {"id": 22, "type": "view", "string": null, "attribute": {"class": ["app-mt20"], "wx:if": "{{initModel&&initModel.globalPurchasing}}"}, "referenceVariable": ["initModel&&initModel.globalPurchasing"], "referenceFunction": [], "style": [], "inheritClass": null, "wxss": [], "page": null, "path": "D:\\WORK\\2021\\MPDF\\baseline\\ui\\叮咚报价\\index.wxml", "child": [23, 27, 28], "parent": 0, "matchString": [{"type": "relation", "string": "收货人姓名"}, {"type": "relation", "string": "done"}, {"type": "relation", "string": "因海关需要,请填写收货人真实姓名"}, {"type": "relation", "string": "32"}, {"type": "relation", "string": "{{1}}"}, {"type": "relation", "string": "text"}, {"type": "relation", "string": ""}, {"type": "relation", "string": "收货人身份证号"}, {"type": "relation", "string": "因海关需要,请填写收货人身份证号"}, {"type": "relation", "string": "{{2}}"}, {"type": "relation", "string": "idcard"}]}, {"id": 23, "type": "view", "string": null, "attribute": {"class": ["confrim-input-view"]}, "referenceVariable": [], "referenceFunction": [], "style": [], "inheritClass": null, "wxss": [], "page": null, "path": "D:\\WORK\\2021\\MPDF\\baseline\\ui\\叮咚报价\\index.wxml", "child": [24, 25], "parent": 22, "matchString": [{"type": "relation", "string": "收货人姓名"}, {"type": "relation", "string": "done"}, {"type": "relation", "string": "因海关需要,请填写收货人真实姓名"}, {"type": "relation", "string": "32"}, {"type": "relation", "string": "{{1}}"}, {"type": "relation", "string": "text"}, {"type": "relation", "string": ""}]}, {"id": 24, "type": "text", "string": "收货人姓名", "attribute": {"class": ["app-fc333", "app-fz14"]}, "referenceVariable": [], "referenceFunction": [], "style": [], "inheritClass": null, "wxss": [], "page": null, "path": "D:\\WORK\\2021\\MPDF\\baseline\\ui\\叮咚报价\\index.wxml", "child": [], "parent": 23, "matchString": [{"type": "self", "string": "收货人姓名"}]}, {"id": 25, "type": "view", "string": null, "attribute": {"class": ["confirm-input-right1"]}, "referenceVariable": [], "referenceFunction": [], "style": [], "inheritClass": null, "wxss": [], "page": null, "path": "D:\\WORK\\2021\\MPDF\\baseline\\ui\\叮咚报价\\index.wxml", "child": [26], "parent": 23, "matchString": [{"type": "relation", "string": "done"}, {"type": "relation", "string": "因海关需要,请填写收货人真实姓名"}, {"type": "relation", "string": "32"}, {"type": "relation", "string": "{{1}}"}, {"type": "relation", "string": "text"}, {"type": "relation", "string": ""}]}, {"id": 26, "type": "custom-input", "string": null, "attribute": {"bind:inputconfirm": "searchEvent", "bind:inputlistener": "cInputListener", "confirmtype": "done", "inputhint": "因海关需要,请填写收货人真实姓名", "inputmax": "32", "inputname": "{{1}}", "inputtype": "text", "inputvalue": ""}, "referenceVariable": ["1"], "referenceFunction": ["searchEvent", "cInputListener"], "style": [], "inheritClass": null, "wxss": [], "page": null, "path": "D:\\WORK\\2021\\MPDF\\baseline\\ui\\叮咚报价\\index.wxml", "child": [], "parent": 25, "matchString": [{"type": "attr", "string": "done"}, {"type": "attr", "string": "因海关需要,请填写收货人真实姓名"}, {"type": "attr", "string": "32"}, {"type": "attr", "string": "{{1}}"}, {"type": "attr", "string": "text"}, {"type": "attr", "string": ""}]}, {"id": 27, "type": "view", "string": null, "attribute": {"class": ["input-line-view"]}, "referenceVariable": [], "referenceFunction": [], "style": [], "inheritClass": null, "wxss": [], "page": null, "path": "D:\\WORK\\2021\\MPDF\\baseline\\ui\\叮咚报价\\index.wxml", "child": [], "parent": 22, "matchString": [{"type": "relation", "string": ""}]}, {"id": 28, "type": "view", "string": null, "attribute": {"class": ["confrim-input-view"]}, "referenceVariable": [], "referenceFunction": [], "style": [], "inheritClass": null, "wxss": [], "page": null, "path": "D:\\WORK\\2021\\MPDF\\baseline\\ui\\叮咚报价\\index.wxml", "child": [29, 30], "parent": 22, "matchString": [{"type": "relation", "string": "收货人身份证号"}, {"type": "relation", "string": "done"}, {"type": "relation", "string": "因海关需要,请填写收货人身份证号"}, {"type": "relation", "string": "32"}, {"type": "relation", "string": "{{2}}"}, {"type": "relation", "string": "idcard"}, {"type": "relation", "string": ""}]}, {"id": 29, "type": "text", "string": "收货人身份证号", "attribute": {"class": ["app-fc333", "app-fz14"]}, "referenceVariable": [], "referenceFunction": [], "style": [], "inheritClass": null, "wxss": [], "page": null, "path": "D:\\WORK\\2021\\MPDF\\baseline\\ui\\叮咚报价\\index.wxml", "child": [], "parent": 28, "matchString": [{"type": "self", "string": "收货人身份证号"}]}, {"id": 30, "type": "view", "string": null, "attribute": {"class": ["confirm-input-right1"]}, "referenceVariable": [], "referenceFunction": [], "style": [], "inheritClass": null, "wxss": [], "page": null, "path": "D:\\WORK\\2021\\MPDF\\baseline\\ui\\叮咚报价\\index.wxml", "child": [31], "parent": 28, "matchString": [{"type": "relation", "string": "done"}, {"type": "relation", "string": "因海关需要,请填写收货人身份证号"}, {"type": "relation", "string": "32"}, {"type": "relation", "string": "{{2}}"}, {"type": "relation", "string": "idcard"}, {"type": "relation", "string": ""}]}, {"id": 31, "type": "custom-input", "string": null, "attribute": {"bind:inputconfirm": "searchEvent", "bind:inputlistener": "cInputListener", "confirmtype": "done", "inputhint": "因海关需要,请填写收货人身份证号", "inputmax": "32", "inputname": "{{2}}", "inputtype": "idcard", "inputvalue": ""}, "referenceVariable": ["2"], "referenceFunction": ["searchEvent", "cInputListener"], "style": [], "inheritClass": null, "wxss": [], "page": null, "path": "D:\\WORK\\2021\\MPDF\\baseline\\ui\\叮咚报价\\index.wxml", "child": [], "parent": 30, "matchString": [{"type": "attr", "string": "done"}, {"type": "attr", "string": "因海关需要,请填写收货人身份证号"}, {"type": "attr", "string": "32"}, {"type": "attr", "string": "{{2}}"}, {"type": "attr", "string": "idcard"}, {"type": "attr", "string": ""}]}, {"id": 32, "type": "view", "string": null, "attribute": {"class": ["confirm-item-store"], "wx:for": "{{initModel.merchantCellList}}", "wx:key": "listKey"}, "referenceVariable": ["initModel.merchantCellList"], "referenceFunction": [], "style": [], "inheritClass": null, "wxss": [], "page": null, "path": "D:\\WORK\\2021\\MPDF\\baseline\\ui\\叮咚报价\\index.wxml", "child": [33, 35, 46, 50], "parent": 0, "matchString": [{"type": "relation", "string": "{{item.merchantName}}"}, {"type": "relation", "string": "goodsIndex"}, {"type": "relation", "string": "goodsItem"}, {"type": "relation", "string": "confirm-goods"}, {"type": "relation", "string": "{{item:goodsItem,quoted:quoted}}"}, {"type": "relation", "string": "配送方式"}, {"type": "relation", "string": "{{goodsItem.transType?goodsItem.transType:'普通配送'}}"}, {"type": "relation", "string": "快递"}, {"type": "relation", "string": "{{goodsItem.freightAmount&&goodsItem.freightAmount>0?ll.getMoney(goodsItem.freightAmount):goodsItem.freightAmount==null?'不在配送地':'免邮'}}"}, {"type": "relation", "string": "{{initModel.fee&&initModel.fee>0?ll.getMoney(initModel.fee):'免邮'}}"}, {"type": "relation", "string": "订单备注"}, {"type": "relation", "string": "done"}, {"type": "relation", "string": "选填"}, {"type": "relation", "string": "128"}, {"type": "relation", "string": "{{index}}"}, {"type": "relation", "string": "text"}, {"type": "relation", "string": "共{{lll.getSkuCount(item)}}件商品  小计"}, {"type": "relation", "string": "{{ll.getRichText(lll.getMerchantTotalAmount(item,quoted),18,14,'#FF4A4B')}}"}]}, {"id": 33, "type": "view", "string": null, "attribute": {"class": ["store-name-view", "app-fc333", "app-fz14"]}, "referenceVariable": [], "referenceFunction": [], "style": [], "inheritClass": null, "wxss": [], "page": null, "path": "D:\\WORK\\2021\\MPDF\\baseline\\ui\\叮咚报价\\index.wxml", "child": [34], "parent": 32, "matchString": [{"type": "relation", "string": "{{item.merchantName}}"}]}, {"id": 34, "type": "text", "string": "{{item.merchantName}}", "attribute": {"class": ["app-line-clamp1"]}, "referenceVariable": [], "referenceFunction": [], "style": [], "inheritClass": null, "wxss": [], "page": null, "path": "D:\\WORK\\2021\\MPDF\\baseline\\ui\\叮咚报价\\index.wxml", "child": [], "parent": 33, "matchString": [{"type": "self", "string": "{{item.merchantName}}"}]}, {"id": 35, "type": "view", "string": null, "attribute": {"class": ["store-goods-view"]}, "referenceVariable": [], "referenceFunction": [], "style": [], "inheritClass": null, "wxss": [], "page": null, "path": "D:\\WORK\\2021\\MPDF\\baseline\\ui\\叮咚报价\\index.wxml", "child": [36], "parent": 32, "matchString": [{"type": "relation", "string": "goodsIndex"}, {"type": "relation", "string": "goodsItem"}, {"type": "relation", "string": "confirm-goods"}, {"type": "relation", "string": "{{item:goodsItem,quoted:quoted}}"}, {"type": "relation", "string": "配送方式"}, {"type": "relation", "string": "{{goodsItem.transType?goodsItem.transType:'普通配送'}}"}, {"type": "relation", "string": "快递"}, {"type": "relation", "string": "{{goodsItem.freightAmount&&goodsItem.freightAmount>0?ll.getMoney(goodsItem.freightAmount):goodsItem.freightAmount==null?'不在配送地':'免邮'}}"}, {"type": "relation", "string": "{{initModel.fee&&initModel.fee>0?ll.getMoney(initModel.fee):'免邮'}}"}]}, {"id": 36, "type": "block", "string": null, "attribute": {"wx:for": "{{item.skuList}}", "wx:for-index": "goodsIndex", "wx:for-item": "goodsItem", "wx:key": "goodsKey"}, "referenceVariable": ["item.skuList"], "referenceFunction": [], "style": [], "inheritClass": null, "wxss": [], "page": null, "path": "D:\\WORK\\2021\\MPDF\\baseline\\ui\\叮咚报价\\index.wxml", "child": [37, 38], "parent": 35, "matchString": [{"type": "attr", "string": "goodsIndex"}, {"type": "attr", "string": "goodsItem"}, {"type": "relation", "string": "confirm-goods"}, {"type": "relation", "string": "{{item:goodsItem,quoted:quoted}}"}, {"type": "relation", "string": "配送方式"}, {"type": "relation", "string": "{{goodsItem.transType?goodsItem.transType:'普通配送'}}"}, {"type": "relation", "string": "快递"}, {"type": "relation", "string": "{{goodsItem.freightAmount&&goodsItem.freightAmount>0?ll.getMoney(goodsItem.freightAmount):goodsItem.freightAmount==null?'不在配送地':'免邮'}}"}, {"type": "relation", "string": "{{initModel.fee&&initModel.fee>0?ll.getMoney(initModel.fee):'免邮'}}"}]}, {"id": 37, "type": "template", "string": null, "attribute": {"is": "confirm-goods", "data": "{{item:goodsItem,quoted:quoted}}"}, "referenceVariable": ["item:goodsItem,quoted:quoted"], "referenceFunction": [], "style": [], "inheritClass": null, "wxss": [], "page": null, "path": "D:\\WORK\\2021\\MPDF\\baseline\\ui\\叮咚报价\\index.wxml", "child": [], "parent": 36, "matchString": [{"type": "attr", "string": "confirm-goods"}, {"type": "attr", "string": "{{item:goodsItem,quoted:quoted}}"}]}, {"id": 38, "type": "view", "string": null, "attribute": {"class": ["app-flex-row-b", "app-flex-align-c", "app-pr20", "app-pt10", "app-pb30", "confirm-border-bottom-line"], "wx:if": "{{!quoted||goodsIndex==item.skuList.length-1}}"}, "referenceVariable": ["!quoted||goodsIndex==item.skuList.length-1"], "referenceFunction": [], "style": [], "inheritClass": null, "wxss": [], "page": null, "path": "D:\\WORK\\2021\\MPDF\\baseline\\ui\\叮咚报价\\index.wxml", "child": [39, 42], "parent": 36, "matchString": [{"type": "relation", "string": "配送方式"}, {"type": "relation", "string": "{{goodsItem.transType?goodsItem.transType:'普通配送'}}"}, {"type": "relation", "string": "快递"}, {"type": "relation", "string": "{{goodsItem.freightAmount&&goodsItem.freightAmount>0?ll.getMoney(goodsItem.freightAmount):goodsItem.freightAmount==null?'不在配送地':'免邮'}}"}, {"type": "relation", "string": "{{initModel.fee&&initModel.fee>0?ll.getMoney(initModel.fee):'免邮'}}"}]}, {"id": 39, "type": "view", "string": null, "attribute": {"class": ["app-flex-row", "app-flex-align-c"]}, "referenceVariable": [], "referenceFunction": [], "style": [], "inheritClass": null, "wxss": [], "page": null, "path": "D:\\WORK\\2021\\MPDF\\baseline\\ui\\叮咚报价\\index.wxml", "child": [40, 41], "parent": 38, "matchString": [{"type": "relation", "string": "配送方式"}, {"type": "relation", "string": "{{goodsItem.transType?goodsItem.transType:'普通配送'}}"}]}, {"id": 40, "type": "text", "string": "配送方式", "attribute": {"class": ["app-fc333", "app-fz12"]}, "referenceVariable": [], "referenceFunction": [], "style": [], "inheritClass": null, "wxss": [], "page": null, "path": "D:\\WORK\\2021\\MPDF\\baseline\\ui\\叮咚报价\\index.wxml", "child": [], "parent": 39, "matchString": [{"type": "self", "string": "配送方式"}]}, {"id": 41, "type": "text", "string": "{{goodsItem.transType?goodsItem.transType:'普通配送'}}", "attribute": {"class": ["app-fc999", "app-fz12", "app-ml30"], "wx:if": "{{!quoted}}"}, "referenceVariable": ["!quoted"], "referenceFunction": [], "style": [], "inheritClass": null, "wxss": [], "page": null, "path": "D:\\WORK\\2021\\MPDF\\baseline\\ui\\叮咚报价\\index.wxml", "child": [], "parent": 39, "matchString": [{"type": "self", "string": "{{goodsItem.transType?goodsItem.transType:'普通配送'}}"}]}, {"id": 42, "type": "view", "string": null, "attribute": {"class": ["app-flex-row", "app-flex-align-c"]}, "referenceVariable": [], "referenceFunction": [], "style": [], "inheritClass": null, "wxss": [], "page": null, "path": "D:\\WORK\\2021\\MPDF\\baseline\\ui\\叮咚报价\\index.wxml", "child": [43, 44, 45], "parent": 38, "matchString": [{"type": "relation", "string": "快递"}, {"type": "relation", "string": "{{goodsItem.freightAmount&&goodsItem.freightAmount>0?ll.getMoney(goodsItem.freightAmount):goodsItem.freightAmount==null?'不在配送地':'免邮'}}"}, {"type": "relation", "string": "{{initModel.fee&&initModel.fee>0?ll.getMoney(initModel.fee):'免邮'}}"}]}, {"id": 43, "type": "text", "string": "快递", "attribute": {"class": ["app-fc999", "app-fz12", "app-mr30"]}, "referenceVariable": [], "referenceFunction": [], "style": [], "inheritClass": null, "wxss": [], "page": null, "path": "D:\\WORK\\2021\\MPDF\\baseline\\ui\\叮咚报价\\index.wxml", "child": [], "parent": 42, "matchString": [{"type": "self", "string": "快递"}]}, {"id": 44, "type": "text", "string": "{{goodsItem.freightAmount&&goodsItem.freightAmount>0?ll.getMoney(goodsItem.freightAmount):goodsItem.freightAmount==null?'不在配送地':'免邮'}}", "attribute": {"class": ["app-fc333", "app-fz12"], "wx:if": "{{!quoted}}"}, "referenceVariable": ["!quoted"], "referenceFunction": [], "style": [], "inheritClass": null, "wxss": [], "page": null, "path": "D:\\WORK\\2021\\MPDF\\baseline\\ui\\叮咚报价\\index.wxml", "child": [], "parent": 42, "matchString": [{"type": "self", "string": "{{goodsItem.freightAmount&&goodsItem.freightAmount>0?ll.getMoney(goodsItem.freightAmount):goodsItem.freightAmount==null?'不在配送地':'免邮'}}"}]}, {"id": 45, "type": "text", "string": "{{initModel.fee&&initModel.fee>0?ll.getMoney(initModel.fee):'免邮'}}", "attribute": {"class": ["app-fc333", "app-fz12"], "wx:if": "{{quoted}}"}, "referenceVariable": ["quoted"], "referenceFunction": [], "style": [], "inheritClass": null, "wxss": [], "page": null, "path": "D:\\WORK\\2021\\MPDF\\baseline\\ui\\叮咚报价\\index.wxml", "child": [], "parent": 42, "matchString": [{"type": "self", "string": "{{initModel.fee&&initModel.fee>0?ll.getMoney(initModel.fee):'免邮'}}"}]}, {"id": 46, "type": "view", "string": null, "attribute": {"class": ["remark-view"]}, "referenceVariable": [], "referenceFunction": [], "style": [], "inheritClass": null, "wxss": [], "page": null, "path": "D:\\WORK\\2021\\MPDF\\baseline\\ui\\叮咚报价\\index.wxml", "child": [47, 48], "parent": 32, "matchString": [{"type": "relation", "string": "订单备注"}, {"type": "relation", "string": "done"}, {"type": "relation", "string": "选填"}, {"type": "relation", "string": "128"}, {"type": "relation", "string": "{{index}}"}, {"type": "relation", "string": "text"}]}, {"id": 47, "type": "text", "string": "订单备注", "attribute": {"class": ["app-fc666", "app-fz12"]}, "referenceVariable": [], "referenceFunction": [], "style": [], "inheritClass": null, "wxss": [], "page": null, "path": "D:\\WORK\\2021\\MPDF\\baseline\\ui\\叮咚报价\\index.wxml", "child": [], "parent": 46, "matchString": [{"type": "self", "string": "订单备注"}]}, {"id": 48, "type": "view", "string": null, "attribute": {"class": ["bg-view"]}, "referenceVariable": [], "referenceFunction": [], "style": [], "inheritClass": null, "wxss": [], "page": null, "path": "D:\\WORK\\2021\\MPDF\\baseline\\ui\\叮咚报价\\index.wxml", "child": [49], "parent": 46, "matchString": [{"type": "relation", "string": "done"}, {"type": "relation", "string": "选填"}, {"type": "relation", "string": "128"}, {"type": "relation", "string": "{{index}}"}, {"type": "relation", "string": "text"}]}, {"id": 49, "type": "custom-input", "string": null, "attribute": {"bind:inputconfirm": "searchEvent ", "bind:inputlistener": "inputListener", "confirmtype": "done", "inputhint": "选填", "inputmax": "128", "inputname": "{{index}}", "inputtype": "text"}, "referenceVariable": ["index"], "referenceFunction": ["searchEvent ", "inputListener"], "style": [], "inheritClass": null, "wxss": [], "page": null, "path": "D:\\WORK\\2021\\MPDF\\baseline\\ui\\叮咚报价\\index.wxml", "child": [], "parent": 48, "matchString": [{"type": "attr", "string": "done"}, {"type": "attr", "string": "选填"}, {"type": "attr", "string": "128"}, {"type": "attr", "string": "{{index}}"}, {"type": "attr", "string": "text"}]}, {"id": 50, "type": "view", "string": null, "attribute": {"class": ["money-view"]}, "referenceVariable": [], "referenceFunction": [], "style": [], "inheritClass": null, "wxss": [], "page": null, "path": "D:\\WORK\\2021\\MPDF\\baseline\\ui\\叮咚报价\\index.wxml", "child": [51, 52], "parent": 32, "matchString": [{"type": "relation", "string": "共{{lll.getSkuCount(item)}}件商品  小计"}, {"type": "relation", "string": "{{ll.getRichText(lll.getMerchantTotalAmount(item,quoted),18,14,'#FF4A4B')}}"}]}, {"id": 51, "type": "text", "string": "共{{lll.getSkuCount(item)}}件商品  小计", "attribute": {"class": ["app-fc666", "app-fz14", "app-mr20"]}, "referenceVariable": [], "referenceFunction": [], "style": [], "inheritClass": null, "wxss": [], "page": null, "path": "D:\\WORK\\2021\\MPDF\\baseline\\ui\\叮咚报价\\index.wxml", "child": [], "parent": 50, "matchString": [{"type": "self", "string": "共{{lll.getSkuCount(item)}}件商品  小计"}]}, {"id": 52, "type": "rich-text", "string": null, "attribute": {"nodes": "{{ll.getRichText(lll.getMerchantTotalAmount(item,quoted),18,14,'#FF4A4B')}}"}, "referenceVariable": ["ll.getRichText(lll.getMerchantTotalAmount(item,quoted),18,14,'#FF4A4B')"], "referenceFunction": [], "style": [], "inheritClass": null, "wxss": [], "page": null, "path": "D:\\WORK\\2021\\MPDF\\baseline\\ui\\叮咚报价\\index.wxml", "child": [], "parent": 50, "matchString": [{"type": "attr", "string": "{{ll.getRichText(lll.getMerchantTotalAmount(item,quoted),18,14,'#FF4A4B')}}"}]}, {"id": 53, "type": "view", "string": null, "attribute": {"class": ["confirm-temp-view"]}, "referenceVariable": [], "referenceFunction": [], "style": [], "inheritClass": null, "wxss": [], "page": null, "path": "D:\\WORK\\2021\\MPDF\\baseline\\ui\\叮咚报价\\index.wxml", "child": [], "parent": 0, "matchString": []}, {"id": 54, "type": "view", "string": null, "attribute": {"class": ["confirm-bottom-action", "app-flex-row-b", "app-flex-align-c"]}, "referenceVariable": [], "referenceFunction": [], "style": [], "inheritClass": null, "wxss": [], "page": null, "path": "D:\\WORK\\2021\\MPDF\\baseline\\ui\\叮咚报价\\index.wxml", "child": [55, 59], "parent": 0, "matchString": [{"type": "relation", "string": "共{{initModel.totalCount}}件"}, {"type": "relation", "string": "合计金额"}, {"type": "relation", "string": "{{ll.getRichText(lll.getTotalAmount(initModel,quoted),18,14,'#FF4A4B')}}"}, {"type": "relation", "string": "提交订单"}]}, {"id": 55, "type": "view", "string": null, "attribute": {"class": ["app-flex-row", "app-flex-align-c"]}, "referenceVariable": [], "referenceFunction": [], "style": [], "inheritClass": null, "wxss": [], "page": null, "path": "D:\\WORK\\2021\\MPDF\\baseline\\ui\\叮咚报价\\index.wxml", "child": [56, 57, 58], "parent": 54, "matchString": [{"type": "relation", "string": "共{{initModel.totalCount}}件"}, {"type": "relation", "string": "合计金额"}, {"type": "relation", "string": "{{ll.getRichText(lll.getTotalAmount(initModel,quoted),18,14,'#FF4A4B')}}"}]}, {"id": 56, "type": "text", "string": "共{{initModel.totalCount}}件", "attribute": {"class": ["app-fc666", "app-fz12"]}, "referenceVariable": [], "referenceFunction": [], "style": [], "inheritClass": null, "wxss": [], "page": null, "path": "D:\\WORK\\2021\\MPDF\\baseline\\ui\\叮咚报价\\index.wxml", "child": [], "parent": 55, "matchString": [{"type": "self", "string": "共{{initModel.totalCount}}件"}]}, {"id": 57, "type": "text", "string": "合计金额", "attribute": {"class": ["app-fc666", "app-fz12", "app-ml30", "app-mr20"]}, "referenceVariable": [], "referenceFunction": [], "style": [], "inheritClass": null, "wxss": [], "page": null, "path": "D:\\WORK\\2021\\MPDF\\baseline\\ui\\叮咚报价\\index.wxml", "child": [], "parent": 55, "matchString": [{"type": "self", "string": "合计金额"}]}, {"id": 58, "type": "rich-text", "string": null, "attribute": {"nodes": "{{ll.getRichText(lll.getTotalAmount(initModel,quoted),18,14,'#FF4A4B')}}"}, "referenceVariable": ["ll.getRichText(lll.getTotalAmount(initModel,quoted),18,14,'#FF4A4B')"], "referenceFunction": [], "style": [], "inheritClass": null, "wxss": [], "page": null, "path": "D:\\WORK\\2021\\MPDF\\baseline\\ui\\叮咚报价\\index.wxml", "child": [], "parent": 55, "matchString": [{"type": "attr", "string": "{{ll.getRichText(lll.getTotalAmount(initModel,quoted),18,14,'#FF4A4B')}}"}]}, {"id": 59, "type": "view", "string": "提交订单", "attribute": {"bindtap": "submitAction", "class": ["action-btn"]}, "referenceVariable": [], "referenceFunction": ["submitAction"], "style": [], "inheritClass": null, "wxss": [], "page": null, "path": "D:\\WORK\\2021\\MPDF\\baseline\\ui\\叮咚报价\\index.wxml", "child": [], "parent": 54, "matchString": [{"type": "self", "string": "提交订单"}, {"type": "relation", "string": "提交订单"}]}, {"id": 60, "type": "enter-alert", "string": null, "attribute": {"bind:closealert": "closeAlert", "bind:confirmalert": "confirmPay", "inputvalue": "{{initModel.payer}}", "max": "{{64}}", "placehold": "请输入付款名称", "show": "{{showPay}}", "title": "添加付款名称", "wx:if": "{{initModel!=null}}"}, "referenceVariable": ["initModel.payer", "64", "showPay", "initModel!=null"], "referenceFunction": ["closeAlert", "confirmPay"], "style": [], "inheritClass": null, "wxss": [], "page": null, "path": "D:\\WORK\\2021\\MPDF\\baseline\\ui\\叮咚报价\\index.wxml", "child": [], "parent": 0, "matchString": [{"type": "attr", "string": "{{initModel.payer}}"}, {"type": "attr", "string": "{{64}}"}, {"type": "attr", "string": "请输入付款名称"}, {"type": "attr", "string": "{{showPay}}"}, {"type": "attr", "string": "添加付款名称"}]}, {"id": 61, "type": "pay-alert", "string": null, "attribute": {"bind:confirmdone": "confirmDone", "bind:onhidechoise": "onHideChoise", "lists": "{{payChannels}}", "money": "{{totalAmount}}", "show": "{{payAlert}}", "wx:if": "{{payAlert}}"}, "referenceVariable": ["payChannels", "totalAmount", "payAlert", "payAlert"], "referenceFunction": ["confirmDone", "onHideChoise"], "style": [], "inheritClass": null, "wxss": [], "page": null, "path": "D:\\WORK\\2021\\MPDF\\baseline\\ui\\叮咚报价\\index.wxml", "child": [], "parent": 0, "matchString": [{"type": "attr", "string": "{{payChannels}}"}, {"type": "attr", "string": "{{totalAmount}}"}, {"type": "attr", "string": "{{payAlert}}"}]}, {"id": 62, "type": "wxs", "string": null, "attribute": {"module": "ll", "src": "../../../utilWxss/common.wxs"}, "referenceVariable": [], "referenceFunction": [], "style": [], "inheritClass": null, "wxss": [], "page": null, "path": "D:\\WORK\\2021\\MPDF\\baseline\\ui\\叮咚报价\\index.wxml", "child": [], "parent": 0, "matchString": [{"type": "attr", "string": "ll"}]}, {"id": 63, "type": "wxs", "string": null, "attribute": {"module": "lll", "src": "index.wxs"}, "referenceVariable": [], "referenceFunction": [], "style": [], "inheritClass": null, "wxss": [], "page": null, "path": "D:\\WORK\\2021\\MPDF\\baseline\\ui\\叮咚报价\\index.wxml", "child": [], "parent": 0, "matchString": [{"type": "attr", "string": "lll"}]}]