[{"id": 0, "type": "[document]", "string": null, "attribute": {}, "referenceVariable": [], "referenceFunction": [], "style": [], "inheritClass": null, "wxss": [], "page": null, "path": "D:\\WORK\\2021\\MPDF\\baseline\\ui\\城外农家乐\\index.wxml", "child": [1], "parent": null, "matchString": [{"type": "relation", "string": ""}, {"type": "relation", "string": "{{scrollViewId}}"}, {"type": "relation", "string": "search"}, {"type": "relation", "string": "输入城市名进行搜索"}, {"type": "relation", "string": "phcolor"}, {"type": "relation", "string": "roundclosefill"}, {"type": "relation", "string": "{{item.id}}"}, {"type": "relation", "string": "{{item.alias}}"}, {"type": "relation", "string": "tui-list-cell-hover"}, {"type": "relation", "string": "150"}, {"type": "relation", "string": "\n\t\t\t\t\t{{item.alias}}\n\t\t\t\t"}, {"type": "relation", "string": "定位城市"}, {"type": "relation", "string": "{{localCityId}}"}, {"type": "relation", "string": "{{localCity}}"}, {"type": "relation", "string": "location"}, {"type": "relation", "string": "热门城市"}, {"type": "relation", "string": "{{item.alias}}\n\t\t\t\t\t"}, {"type": "relation", "string": "tap-city"}, {"type": "relation", "string": "list"}, {"type": "relation", "string": "\n\t\t\t\t\t\t{{list.title}}\n\t\t\t\t\t"}, {"type": "relation", "string": "{{index===0?'suoyin':list.title}}"}, {"type": "relation", "string": "\n\t\t\t\t\t\t\t{{item.alias}}\n\t\t\t\t\t\t"}, {"type": "relation", "string": "\n\t\t{{'索引'}}\n\t\t"}, {"type": "relation", "string": "\n\t\t{{item.title}}\n\t\t"}, {"type": "relation", "string": "\n\t\t{{allCityList[touchmoveIndex].title}}\n\t"}]}, {"id": 1, "type": "view", "string": null, "attribute": {"class": ["page"]}, "referenceVariable": [], "referenceFunction": [], "style": [], "inheritClass": null, "wxss": [], "page": null, "path": "D:\\WORK\\2021\\MPDF\\baseline\\ui\\城外农家乐\\index.wxml", "child": [2, 30, 33], "parent": 0, "matchString": [{"type": "relation", "string": ""}, {"type": "relation", "string": "{{scrollViewId}}"}, {"type": "relation", "string": "search"}, {"type": "relation", "string": "输入城市名进行搜索"}, {"type": "relation", "string": "phcolor"}, {"type": "relation", "string": "roundclosefill"}, {"type": "relation", "string": "{{item.id}}"}, {"type": "relation", "string": "{{item.alias}}"}, {"type": "relation", "string": "tui-list-cell-hover"}, {"type": "relation", "string": "150"}, {"type": "relation", "string": "\n\t\t\t\t\t{{item.alias}}\n\t\t\t\t"}, {"type": "relation", "string": "定位城市"}, {"type": "relation", "string": "{{localCityId}}"}, {"type": "relation", "string": "{{localCity}}"}, {"type": "relation", "string": "location"}, {"type": "relation", "string": "热门城市"}, {"type": "relation", "string": "{{item.alias}}\n\t\t\t\t\t"}, {"type": "relation", "string": "tap-city"}, {"type": "relation", "string": "list"}, {"type": "relation", "string": "\n\t\t\t\t\t\t{{list.title}}\n\t\t\t\t\t"}, {"type": "relation", "string": "{{index===0?'suoyin':list.title}}"}, {"type": "relation", "string": "\n\t\t\t\t\t\t\t{{item.alias}}\n\t\t\t\t\t\t"}, {"type": "relation", "string": "\n\t\t{{'索引'}}\n\t\t"}, {"type": "relation", "string": "\n\t\t{{item.title}}\n\t\t"}, {"type": "relation", "string": "\n\t\t{{allCityList[touchmoveIndex].title}}\n\t"}]}, {"id": 2, "type": "scroll-view", "string": null, "attribute": {"scrolly": "", "class": ["scrollList"], "scrollintoview": "{{scrollViewId}}", "style": "height:{{winHeight}}px"}, "referenceVariable": ["scrollViewId", "winHeight"], "referenceFunction": [], "style": [], "inheritClass": null, "wxss": [], "page": null, "path": "D:\\WORK\\2021\\MPDF\\baseline\\ui\\城外农家乐\\index.wxml", "child": [3, 12, 15], "parent": 1, "matchString": [{"type": "attr", "string": ""}, {"type": "attr", "string": "{{scrollViewId}}"}, {"type": "relation", "string": "search"}, {"type": "relation", "string": "输入城市名进行搜索"}, {"type": "relation", "string": "phcolor"}, {"type": "relation", "string": "roundclosefill"}, {"type": "relation", "string": "{{item.id}}"}, {"type": "relation", "string": "{{item.alias}}"}, {"type": "relation", "string": "tui-list-cell-hover"}, {"type": "relation", "string": "150"}, {"type": "relation", "string": "\n\t\t\t\t\t{{item.alias}}\n\t\t\t\t"}, {"type": "relation", "string": "定位城市"}, {"type": "relation", "string": "{{localCityId}}"}, {"type": "relation", "string": "{{localCity}}"}, {"type": "relation", "string": "location"}, {"type": "relation", "string": "热门城市"}, {"type": "relation", "string": "{{item.alias}}\n\t\t\t\t\t"}, {"type": "relation", "string": "tap-city"}, {"type": "relation", "string": "list"}, {"type": "relation", "string": "\n\t\t\t\t\t\t{{list.title}}\n\t\t\t\t\t"}, {"type": "relation", "string": "{{index===0?'suoyin':list.title}}"}, {"type": "relation", "string": "\n\t\t\t\t\t\t\t{{item.alias}}\n\t\t\t\t\t\t"}]}, {"id": 3, "type": "view", "string": null, "attribute": {"class": ["search-bar"]}, "referenceVariable": [], "referenceFunction": [], "style": [], "inheritClass": null, "wxss": [], "page": null, "path": "D:\\WORK\\2021\\MPDF\\baseline\\ui\\城外农家乐\\index.wxml", "child": [4], "parent": 2, "matchString": [{"type": "relation", "string": "search"}, {"type": "relation", "string": "输入城市名进行搜索"}, {"type": "relation", "string": "phcolor"}, {"type": "relation", "string": "roundclosefill"}]}, {"id": 4, "type": "view", "string": null, "attribute": {"class": ["search-bar-form"]}, "referenceVariable": [], "referenceFunction": [], "style": [], "inheritClass": null, "wxss": [], "page": null, "path": "D:\\WORK\\2021\\MPDF\\baseline\\ui\\城外农家乐\\index.wxml", "child": [5, 9], "parent": 3, "matchString": [{"type": "relation", "string": "search"}, {"type": "relation", "string": "输入城市名进行搜索"}, {"type": "relation", "string": "phcolor"}, {"type": "relation", "string": "roundclosefill"}]}, {"id": 5, "type": "view", "string": null, "attribute": {"class": ["search-bar-box"]}, "referenceVariable": [], "referenceFunction": [], "style": [], "inheritClass": null, "wxss": [], "page": null, "path": "D:\\WORK\\2021\\MPDF\\baseline\\ui\\城外农家乐\\index.wxml", "child": [6, 7, 8], "parent": 4, "matchString": [{"type": "relation", "string": "search"}, {"type": "relation", "string": "输入城市名进行搜索"}, {"type": "relation", "string": "phcolor"}, {"type": "relation", "string": "roundclosefill"}]}, {"id": 6, "type": "icon", "string": null, "attribute": {"name": "search", "size": "16"}, "referenceVariable": [], "referenceFunction": [], "style": [], "inheritClass": null, "wxss": [], "page": null, "path": "D:\\WORK\\2021\\MPDF\\baseline\\ui\\城外农家乐\\index.wxml", "child": [], "parent": 5, "matchString": [{"type": "attr", "string": "search"}]}, {"id": 7, "type": "input", "string": null, "attribute": {"bindconfirm": "inputTyping", "class": ["search-bar-input"], "confirmtype": "search", "focus": "{{inputShowed}}", "placeholder": "输入城市名进行搜索", "placeholderclass": "phcolor", "value": "{{inputVal}}"}, "referenceVariable": ["inputShowed", "inputVal"], "referenceFunction": ["inputTyping"], "style": [], "inheritClass": null, "wxss": [], "page": null, "path": "D:\\WORK\\2021\\MPDF\\baseline\\ui\\城外农家乐\\index.wxml", "child": [], "parent": 5, "matchString": [{"type": "attr", "string": "search"}, {"type": "attr", "string": "输入城市名进行搜索"}, {"type": "attr", "string": "phcolor"}]}, {"id": 8, "type": "icon", "string": null, "attribute": {"bindtap": "clearInput", "color": "rgba(0, 0, 0, .3)", "name": "roundclosefill", "size": "13", "wx:if": "{{inputVal.length>0}}"}, "referenceVariable": ["inputVal.length>0"], "referenceFunction": ["clearInput"], "style": [], "inheritClass": null, "wxss": [], "page": null, "path": "D:\\WORK\\2021\\MPDF\\baseline\\ui\\城外农家乐\\index.wxml", "child": [], "parent": 5, "matchString": [{"type": "attr", "string": "roundclosefill"}]}, {"id": 9, "type": "label", "string": null, "attribute": {"bindtap": "showInput", "class": ["search-bar-label"], "wx:if": "{{!inputShowed}}"}, "referenceVariable": ["!inputShowed"], "referenceFunction": ["showInput"], "style": [], "inheritClass": null, "wxss": [], "page": null, "path": "D:\\WORK\\2021\\MPDF\\baseline\\ui\\城外农家乐\\index.wxml", "child": [10, 11], "parent": 4, "matchString": [{"type": "relation", "string": "search"}, {"type": "relation", "string": "输入城市名进行搜索"}]}, {"id": 10, "type": "icon", "string": null, "attribute": {"name": "search", "size": "16"}, "referenceVariable": [], "referenceFunction": [], "style": [], "inheritClass": null, "wxss": [], "page": null, "path": "D:\\WORK\\2021\\MPDF\\baseline\\ui\\城外农家乐\\index.wxml", "child": [], "parent": 9, "matchString": [{"type": "attr", "string": "search"}]}, {"id": 11, "type": "view", "string": "输入城市名进行搜索", "attribute": {"class": ["search-bar-text"]}, "referenceVariable": [], "referenceFunction": [], "style": [], "inheritClass": null, "wxss": [], "page": null, "path": "D:\\WORK\\2021\\MPDF\\baseline\\ui\\城外农家乐\\index.wxml", "child": [], "parent": 9, "matchString": [{"type": "self", "string": "输入城市名进行搜索"}]}, {"id": 12, "type": "view", "string": null, "attribute": {"class": ["tui-list", "search-result"], "wx:if": "{{inputShowed}}"}, "referenceVariable": ["inputShowed"], "referenceFunction": [], "style": [], "inheritClass": null, "wxss": [], "page": null, "path": "D:\\WORK\\2021\\MPDF\\baseline\\ui\\城外农家乐\\index.wxml", "child": [13], "parent": 2, "matchString": [{"type": "relation", "string": "{{item.id}}"}, {"type": "relation", "string": "{{item.alias}}"}, {"type": "relation", "string": "tui-list-cell-hover"}, {"type": "relation", "string": "150"}, {"type": "relation", "string": "\n\t\t\t\t\t{{item.alias}}\n\t\t\t\t"}]}, {"id": 13, "type": "view", "string": null, "attribute": {"bindtap": "selectCity", "class": ["tui-list-cell"], "data-id": "{{item.id}}", "data-name": "{{item.alias}}", "hoverclass": "tui-list-cell-hover", "hoverstaytime": "150", "wx:for": "{{searchResult}}", "wx:key": "index"}, "referenceVariable": ["item.id", "item.alias", "searchResult"], "referenceFunction": ["selectCity"], "style": [], "inheritClass": null, "wxss": [], "page": null, "path": "D:\\WORK\\2021\\MPDF\\baseline\\ui\\城外农家乐\\index.wxml", "child": [14], "parent": 12, "matchString": [{"type": "attr", "string": "{{item.id}}"}, {"type": "attr", "string": "{{item.alias}}"}, {"type": "attr", "string": "tui-list-cell-hover"}, {"type": "attr", "string": "150"}, {"type": "relation", "string": "\n\t\t\t\t\t{{item.alias}}\n\t\t\t\t"}]}, {"id": 14, "type": "view", "string": "\n\t\t\t\t\t{{item.alias}}\n\t\t\t\t", "attribute": {"class": ["tui-list-cell-navigate"]}, "referenceVariable": [], "referenceFunction": [], "style": [], "inheritClass": null, "wxss": [], "page": null, "path": "D:\\WORK\\2021\\MPDF\\baseline\\ui\\城外农家乐\\index.wxml", "child": [], "parent": 13, "matchString": [{"type": "self", "string": "\n\t\t\t\t\t{{item.alias}}\n\t\t\t\t"}]}, {"id": 15, "type": "view", "string": null, "attribute": {"wx:if": "{{!inputVal}}"}, "referenceVariable": ["!inputVal"], "referenceFunction": [], "style": [], "inheritClass": null, "wxss": [], "page": null, "path": "D:\\WORK\\2021\\MPDF\\baseline\\ui\\城外农家乐\\index.wxml", "child": [16, 21, 25], "parent": 2, "matchString": [{"type": "relation", "string": "定位城市"}, {"type": "relation", "string": "{{localCityId}}"}, {"type": "relation", "string": "{{localCity}}"}, {"type": "relation", "string": "location"}, {"type": "relation", "string": "热门城市"}, {"type": "relation", "string": "{{item.alias}}\n\t\t\t\t\t"}, {"type": "relation", "string": "{{item.id}}"}, {"type": "relation", "string": "{{item.alias}}"}, {"type": "relation", "string": "tap-city"}, {"type": "relation", "string": "150"}, {"type": "relation", "string": "list"}, {"type": "relation", "string": "\n\t\t\t\t\t\t{{list.title}}\n\t\t\t\t\t"}, {"type": "relation", "string": "{{index===0?'suoyin':list.title}}"}, {"type": "relation", "string": "tui-list-cell-hover"}, {"type": "relation", "string": "\n\t\t\t\t\t\t\t{{item.alias}}\n\t\t\t\t\t\t"}]}, {"id": 16, "type": "view", "string": null, "attribute": {"class": ["current-city"]}, "referenceVariable": [], "referenceFunction": [], "style": [], "inheritClass": null, "wxss": [], "page": null, "path": "D:\\WORK\\2021\\MPDF\\baseline\\ui\\城外农家乐\\index.wxml", "child": [17, 18], "parent": 15, "matchString": [{"type": "relation", "string": "定位城市"}, {"type": "relation", "string": "{{localCityId}}"}, {"type": "relation", "string": "{{localCity}}"}, {"type": "relation", "string": "location"}]}, {"id": 17, "type": "view", "string": "定位城市", "attribute": {"class": ["title"]}, "referenceVariable": [], "referenceFunction": [], "style": [], "inheritClass": null, "wxss": [], "page": null, "path": "D:\\WORK\\2021\\MPDF\\baseline\\ui\\城外农家乐\\index.wxml", "child": [], "parent": 16, "matchString": [{"type": "self", "string": "定位城市"}]}, {"id": 18, "type": "view", "string": null, "attribute": {"bindtap": "selectCity", "class": ["city-name"], "data-id": "{{localCityId}}", "data-name": "{{localCity}}"}, "referenceVariable": ["localCityId", "localCity"], "referenceFunction": ["selectCity"], "style": [], "inheritClass": null, "wxss": [], "page": null, "path": "D:\\WORK\\2021\\MPDF\\baseline\\ui\\城外农家乐\\index.wxml", "child": [19, 20], "parent": 16, "matchString": [{"type": "attr", "string": "{{localCityId}}"}, {"type": "attr", "string": "{{localCity}}"}, {"type": "relation", "string": "location"}, {"type": "relation", "string": "{{localCity}}"}]}, {"id": 19, "type": "icon", "string": null, "attribute": {"color": "#07c160", "name": "location", "size": "16"}, "referenceVariable": [], "referenceFunction": [], "style": [], "inheritClass": null, "wxss": [], "page": null, "path": "D:\\WORK\\2021\\MPDF\\baseline\\ui\\城外农家乐\\index.wxml", "child": [], "parent": 18, "matchString": [{"type": "attr", "string": "location"}]}, {"id": 20, "type": "text", "string": "{{localCity}}", "attribute": {"class": ["ml8r"]}, "referenceVariable": [], "referenceFunction": [], "style": [], "inheritClass": null, "wxss": [], "page": null, "path": "D:\\WORK\\2021\\MPDF\\baseline\\ui\\城外农家乐\\index.wxml", "child": [], "parent": 18, "matchString": [{"type": "self", "string": "{{localCity}}"}]}, {"id": 21, "type": "view", "string": null, "attribute": {"class": ["hot-city"]}, "referenceVariable": [], "referenceFunction": [], "style": [], "inheritClass": null, "wxss": [], "page": null, "path": "D:\\WORK\\2021\\MPDF\\baseline\\ui\\城外农家乐\\index.wxml", "child": [22, 23], "parent": 15, "matchString": [{"type": "relation", "string": "热门城市"}, {"type": "relation", "string": "{{item.alias}}\n\t\t\t\t\t"}, {"type": "relation", "string": "{{item.id}}"}, {"type": "relation", "string": "{{item.alias}}"}, {"type": "relation", "string": "tap-city"}, {"type": "relation", "string": "150"}]}, {"id": 22, "type": "view", "string": "热门城市", "attribute": {"class": ["title"]}, "referenceVariable": [], "referenceFunction": [], "style": [], "inheritClass": null, "wxss": [], "page": null, "path": "D:\\WORK\\2021\\MPDF\\baseline\\ui\\城外农家乐\\index.wxml", "child": [], "parent": 21, "matchString": [{"type": "self", "string": "热门城市"}]}, {"id": 23, "type": "view", "string": null, "attribute": {"class": ["city-names"]}, "referenceVariable": [], "referenceFunction": [], "style": [], "inheritClass": null, "wxss": [], "page": null, "path": "D:\\WORK\\2021\\MPDF\\baseline\\ui\\城外农家乐\\index.wxml", "child": [24], "parent": 21, "matchString": [{"type": "relation", "string": "{{item.alias}}\n\t\t\t\t\t"}, {"type": "relation", "string": "{{item.id}}"}, {"type": "relation", "string": "{{item.alias}}"}, {"type": "relation", "string": "tap-city"}, {"type": "relation", "string": "150"}]}, {"id": 24, "type": "view", "string": "{{item.alias}}\n\t\t\t\t\t", "attribute": {"bindtap": "selectCity", "class": ["city-name-item"], "data-id": "{{item.id}}", "data-name": "{{item.alias}}", "hoverclass": "tap-city", "hoverstaytime": "150", "wx:for": "{{hotCityList}}", "wx:key": "id"}, "referenceVariable": ["item.id", "item.alias", "hotCityList"], "referenceFunction": ["selectCity"], "style": [], "inheritClass": null, "wxss": [], "page": null, "path": "D:\\WORK\\2021\\MPDF\\baseline\\ui\\城外农家乐\\index.wxml", "child": [], "parent": 23, "matchString": [{"type": "self", "string": "{{item.alias}}\n\t\t\t\t\t"}, {"type": "attr", "string": "{{item.id}}"}, {"type": "attr", "string": "{{item.alias}}"}, {"type": "attr", "string": "tap-city"}, {"type": "attr", "string": "150"}]}, {"id": 25, "type": "view", "string": null, "attribute": {"class": ["tui-list", "city-list"]}, "referenceVariable": [], "referenceFunction": [], "style": [], "inheritClass": null, "wxss": [], "page": null, "path": "D:\\WORK\\2021\\MPDF\\baseline\\ui\\城外农家乐\\index.wxml", "child": [26], "parent": 15, "matchString": [{"type": "relation", "string": "list"}, {"type": "relation", "string": "\n\t\t\t\t\t\t{{list.title}}\n\t\t\t\t\t"}, {"type": "relation", "string": "{{index===0?'suoyin':list.title}}"}, {"type": "relation", "string": "{{item.id}}"}, {"type": "relation", "string": "{{item.alias}}"}, {"type": "relation", "string": "tui-list-cell-hover"}, {"type": "relation", "string": "150"}, {"type": "relation", "string": "\n\t\t\t\t\t\t\t{{item.alias}}\n\t\t\t\t\t\t"}]}, {"id": 26, "type": "block", "string": null, "attribute": {"wx:if": "{{list.items[0]}}", "wx:for": "{{allCityList}}", "wx:for-item": "list", "wx:key": "title"}, "referenceVariable": ["list.items[0]", "allCityList"], "referenceFunction": [], "style": [], "inheritClass": null, "wxss": [], "page": null, "path": "D:\\WORK\\2021\\MPDF\\baseline\\ui\\城外农家乐\\index.wxml", "child": [27, 28], "parent": 25, "matchString": [{"type": "attr", "string": "list"}, {"type": "relation", "string": "\n\t\t\t\t\t\t{{list.title}}\n\t\t\t\t\t"}, {"type": "relation", "string": "{{index===0?'suoyin':list.title}}"}, {"type": "relation", "string": "{{item.id}}"}, {"type": "relation", "string": "{{item.alias}}"}, {"type": "relation", "string": "tui-list-cell-hover"}, {"type": "relation", "string": "150"}, {"type": "relation", "string": "\n\t\t\t\t\t\t\t{{item.alias}}\n\t\t\t\t\t\t"}]}, {"id": 27, "type": "view", "string": "\n\t\t\t\t\t\t{{list.title}}\n\t\t\t\t\t", "attribute": {"class": ["tui-list-cell-divider"], "id": "{{index===0?'suoyin':list.title}}"}, "referenceVariable": ["index===0?'suoyin':list.title"], "referenceFunction": [], "style": [], "inheritClass": null, "wxss": [], "page": null, "path": "D:\\WORK\\2021\\MPDF\\baseline\\ui\\城外农家乐\\index.wxml", "child": [], "parent": 26, "matchString": [{"type": "self", "string": "\n\t\t\t\t\t\t{{list.title}}\n\t\t\t\t\t"}, {"type": "attr", "string": "{{index===0?'suoyin':list.title}}"}]}, {"id": 28, "type": "view", "string": null, "attribute": {"bindtap": "selectCity", "class": ["tui-list-cell"], "data-id": "{{item.id}}", "data-name": "{{item.alias}}", "hoverclass": "tui-list-cell-hover", "hoverstaytime": "150", "wx:for": "{{list.items}}", "wx:key": "id"}, "referenceVariable": ["item.id", "item.alias", "list.items"], "referenceFunction": ["selectCity"], "style": [], "inheritClass": null, "wxss": [], "page": null, "path": "D:\\WORK\\2021\\MPDF\\baseline\\ui\\城外农家乐\\index.wxml", "child": [29], "parent": 26, "matchString": [{"type": "attr", "string": "{{item.id}}"}, {"type": "attr", "string": "{{item.alias}}"}, {"type": "attr", "string": "tui-list-cell-hover"}, {"type": "attr", "string": "150"}, {"type": "relation", "string": "\n\t\t\t\t\t\t\t{{item.alias}}\n\t\t\t\t\t\t"}]}, {"id": 29, "type": "view", "string": "\n\t\t\t\t\t\t\t{{item.alias}}\n\t\t\t\t\t\t", "attribute": {"class": ["tui-list-cell-navigate", "{{list.items.length-1==index?'last':''}}"]}, "referenceVariable": ["list.items.length-1==index?'last':''"], "referenceFunction": [], "style": [], "inheritClass": null, "wxss": [], "page": null, "path": "D:\\WORK\\2021\\MPDF\\baseline\\ui\\城外农家乐\\index.wxml", "child": [], "parent": 28, "matchString": [{"type": "self", "string": "\n\t\t\t\t\t\t\t{{item.alias}}\n\t\t\t\t\t\t"}]}, {"id": 30, "type": "view", "string": null, "attribute": {"catchtouchcancel": "touchCancel", "catchtouchend": "touchEnd", "catchtouchmove": "touchMove", "catchtouchstart": "touchStart", "class": ["tui-indexed-list-bar"], "style": "height:{{indexBarHeight}}px", "wx:if": "{{!inputVal}}"}, "referenceVariable": ["indexBarHeight", "!inputVal"], "referenceFunction": [], "style": [], "inheritClass": null, "wxss": [], "page": null, "path": "D:\\WORK\\2021\\MPDF\\baseline\\ui\\城外农家乐\\index.wxml", "child": [31, 32], "parent": 1, "matchString": [{"type": "relation", "string": "\n\t\t{{'索引'}}\n\t\t"}, {"type": "relation", "string": "\n\t\t{{item.title}}\n\t\t"}]}, {"id": 31, "type": "text", "string": "\n\t\t{{'索引'}}\n\t\t", "attribute": {"class": ["tui-indexed-list-text"], "style": "height:{{indexBarItemHeight}}px"}, "referenceVariable": ["indexBarItemHeight"], "referenceFunction": [], "style": [], "inheritClass": null, "wxss": [], "page": null, "path": "D:\\WORK\\2021\\MPDF\\baseline\\ui\\城外农家乐\\index.wxml", "child": [], "parent": 30, "matchString": [{"type": "self", "string": "\n\t\t{{'索引'}}\n\t\t"}]}, {"id": 32, "type": "text", "string": "\n\t\t{{item.title}}\n\t\t", "attribute": {"class": ["tui-indexed-list-text"], "style": "height:{{indexBarItemHeight}}px", "wx:for": "{{allCityList}}", "wx:key": "title"}, "referenceVariable": ["indexBarItemHeight", "allCityList"], "referenceFunction": [], "style": [], "inheritClass": null, "wxss": [], "page": null, "path": "D:\\WORK\\2021\\MPDF\\baseline\\ui\\城外农家乐\\index.wxml", "child": [], "parent": 30, "matchString": [{"type": "self", "string": "\n\t\t{{item.title}}\n\t\t"}]}, {"id": 33, "type": "view", "string": "\n\t\t{{allCityList[touchmoveIndex].title}}\n\t", "attribute": {"class": ["tui-indexed-list-alert"], "wx:if": "{{touchmove&&allCityList[touchmoveIndex].title}}"}, "referenceVariable": ["touchmove&&allCityList[touchmoveIndex].title"], "referenceFunction": [], "style": [], "inheritClass": null, "wxss": [], "page": null, "path": "D:\\WORK\\2021\\MPDF\\baseline\\ui\\城外农家乐\\index.wxml", "child": [], "parent": 1, "matchString": [{"type": "self", "string": "\n\t\t{{allCityList[touchmoveIndex].title}}\n\t"}, {"type": "relation", "string": "\n\t\t{{allCityList[touchmoveIndex].title}}\n\t"}]}]