{"definedData":[],"dynamicDefinedData":[{"shadowObjectVar":"__object__3","dynamicDefinedProps":[{"propName":".setData","readShadows":[{"shadowVar":{"declaredName":"__object__3.setData","file":"D:\\WORK\\2022\\论文相关\\benchmark\\miniapp\\998二手挖机圈\\_-1965603458_27\\pages\\accountpoint\\index.js"},"readAccess":[{"leftVar":[{"declaredName":"e","declaredLoc":{"line":19,"column":12},"file":"D:\\WORK\\2022\\论文相关\\benchmark\\miniapp\\998二手挖机圈\\_-1965603458_27\\pages\\accountpoint\\index.js"}],"readFlow":[{"type":"assign to","from":{"name":"this","loc":{"line":19,"column":16},"id":2892,"file":"D:\\WORK\\2022\\论文相关\\benchmark\\miniapp\\998二手挖机圈\\_-1965603458_27\\pages\\accountpoint\\index.js"},"to":{"name":"e","loc":{"line":19,"column":12},"id":2891,"file":"D:\\WORK\\2022\\论文相关\\benchmark\\miniapp\\998二手挖机圈\\_-1965603458_27\\pages\\accountpoint\\index.js"}}]},{"leftVar":[{"declaredName":"a","declaredLoc":{"line":31,"column":12},"file":"D:\\WORK\\2022\\论文相关\\benchmark\\miniapp\\998二手挖机圈\\_-1965603458_27\\pages\\accountpoint\\index.js"}],"readFlow":[{"type":"assign to","from":{"name":"this","loc":{"line":31,"column":16},"id":2959,"file":"D:\\WORK\\2022\\论文相关\\benchmark\\miniapp\\998二手挖机圈\\_-1965603458_27\\pages\\accountpoint\\index.js"},"to":{"name":"a","loc":{"line":31,"column":12},"id":2958,"file":"D:\\WORK\\2022\\论文相关\\benchmark\\miniapp\\998二手挖机圈\\_-1965603458_27\\pages\\accountpoint\\index.js"}}]},{"leftVar":[{"declaredName":"e","declaredLoc":{"line":56,"column":12},"file":"D:\\WORK\\2022\\论文相关\\benchmark\\miniapp\\998二手挖机圈\\_-1965603458_27\\pages\\accountpoint\\index.js"}],"readFlow":[{"type":"assign to","from":{"name":"this","loc":{"line":56,"column":16},"id":3080,"file":"D:\\WORK\\2022\\论文相关\\benchmark\\miniapp\\998二手挖机圈\\_-1965603458_27\\pages\\accountpoint\\index.js"},"to":{"name":"e","loc":{"line":56,"column":12},"id":3079,"file":"D:\\WORK\\2022\\论文相关\\benchmark\\miniapp\\998二手挖机圈\\_-1965603458_27\\pages\\accountpoint\\index.js"}}]},{"leftVar":[{"declaredName":"e","declaredLoc":{"line":77,"column":12},"file":"D:\\WORK\\2022\\论文相关\\benchmark\\miniapp\\998二手挖机圈\\_-1965603458_27\\pages\\accountpoint\\index.js"}],"readFlow":[{"type":"assign to","from":{"name":"this","loc":{"line":77,"column":16},"id":3158,"file":"D:\\WORK\\2022\\论文相关\\benchmark\\miniapp\\998二手挖机圈\\_-1965603458_27\\pages\\accountpoint\\index.js"},"to":{"name":"e","loc":{"line":77,"column":12},"id":3157,"file":"D:\\WORK\\2022\\论文相关\\benchmark\\miniapp\\998二手挖机圈\\_-1965603458_27\\pages\\accountpoint\\index.js"}}]}]}],"writeShadows":[{"shadowVar":{"declaredName":"__object__3.setData","file":"D:\\WORK\\2022\\论文相关\\benchmark\\miniapp\\998二手挖机圈\\_-1965603458_27\\pages\\accountpoint\\index.js"},"writeAccess":[]}]},{"propName":".data","readShadows":[{"shadowVar":{"declaredName":"__object__3.data","declaredLoc":{"line":4,"column":4},"file":"D:\\WORK\\2022\\论文相关\\benchmark\\miniapp\\998二手挖机圈\\_-1965603458_27\\pages\\accountpoint\\index.js"},"readAccess":[{"leftVar":[{"declaredName":"e","declaredLoc":{"line":19,"column":12},"file":"D:\\WORK\\2022\\论文相关\\benchmark\\miniapp\\998二手挖机圈\\_-1965603458_27\\pages\\accountpoint\\index.js"}],"readFlow":[{"type":"assign to","from":{"name":"this","loc":{"line":19,"column":16},"id":2892,"file":"D:\\WORK\\2022\\论文相关\\benchmark\\miniapp\\998二手挖机圈\\_-1965603458_27\\pages\\accountpoint\\index.js"},"to":{"name":"e","loc":{"line":19,"column":12},"id":2891,"file":"D:\\WORK\\2022\\论文相关\\benchmark\\miniapp\\998二手挖机圈\\_-1965603458_27\\pages\\accountpoint\\index.js"}}]},{"leftVar":[{"declaredName":"a","declaredLoc":{"line":31,"column":12},"file":"D:\\WORK\\2022\\论文相关\\benchmark\\miniapp\\998二手挖机圈\\_-1965603458_27\\pages\\accountpoint\\index.js"}],"readFlow":[{"type":"assign to","from":{"name":"this","loc":{"line":31,"column":16},"id":2959,"file":"D:\\WORK\\2022\\论文相关\\benchmark\\miniapp\\998二手挖机圈\\_-1965603458_27\\pages\\accountpoint\\index.js"},"to":{"name":"a","loc":{"line":31,"column":12},"id":2958,"file":"D:\\WORK\\2022\\论文相关\\benchmark\\miniapp\\998二手挖机圈\\_-1965603458_27\\pages\\accountpoint\\index.js"}}]},{"leftVar":[{"declaredName":"e","declaredLoc":{"line":56,"column":12},"file":"D:\\WORK\\2022\\论文相关\\benchmark\\miniapp\\998二手挖机圈\\_-1965603458_27\\pages\\accountpoint\\index.js"}],"readFlow":[{"type":"assign to","from":{"name":"this","loc":{"line":56,"column":16},"id":3080,"file":"D:\\WORK\\2022\\论文相关\\benchmark\\miniapp\\998二手挖机圈\\_-1965603458_27\\pages\\accountpoint\\index.js"},"to":{"name":"e","loc":{"line":56,"column":12},"id":3079,"file":"D:\\WORK\\2022\\论文相关\\benchmark\\miniapp\\998二手挖机圈\\_-1965603458_27\\pages\\accountpoint\\index.js"}}]},{"leftVar":[{"declaredName":"e","declaredLoc":{"line":77,"column":12},"file":"D:\\WORK\\2022\\论文相关\\benchmark\\miniapp\\998二手挖机圈\\_-1965603458_27\\pages\\accountpoint\\index.js"}],"readFlow":[{"type":"assign to","from":{"name":"this","loc":{"line":77,"column":16},"id":3158,"file":"D:\\WORK\\2022\\论文相关\\benchmark\\miniapp\\998二手挖机圈\\_-1965603458_27\\pages\\accountpoint\\index.js"},"to":{"name":"e","loc":{"line":77,"column":12},"id":3157,"file":"D:\\WORK\\2022\\论文相关\\benchmark\\miniapp\\998二手挖机圈\\_-1965603458_27\\pages\\accountpoint\\index.js"}}]}]}],"writeShadows":[{"shadowVar":{"declaredName":"__object__3.data","declaredLoc":{"line":4,"column":4},"file":"D:\\WORK\\2022\\论文相关\\benchmark\\miniapp\\998二手挖机圈\\_-1965603458_27\\pages\\accountpoint\\index.js"},"writeAccess":[]}]},{"propName":".tabClick","readShadows":[{"shadowVar":{"declaredName":"__object__3.tabClick","declaredLoc":{"line":12,"column":4},"file":"D:\\WORK\\2022\\论文相关\\benchmark\\miniapp\\998二手挖机圈\\_-1965603458_27\\pages\\accountpoint\\index.js"},"readAccess":[{"leftVar":[{"declaredName":"e","declaredLoc":{"line":19,"column":12},"file":"D:\\WORK\\2022\\论文相关\\benchmark\\miniapp\\998二手挖机圈\\_-1965603458_27\\pages\\accountpoint\\index.js"}],"readFlow":[{"type":"assign to","from":{"name":"this","loc":{"line":19,"column":16},"id":2892,"file":"D:\\WORK\\2022\\论文相关\\benchmark\\miniapp\\998二手挖机圈\\_-1965603458_27\\pages\\accountpoint\\index.js"},"to":{"name":"e","loc":{"line":19,"column":12},"id":2891,"file":"D:\\WORK\\2022\\论文相关\\benchmark\\miniapp\\998二手挖机圈\\_-1965603458_27\\pages\\accountpoint\\index.js"}}]},{"leftVar":[{"declaredName":"a","declaredLoc":{"line":31,"column":12},"file":"D:\\WORK\\2022\\论文相关\\benchmark\\miniapp\\998二手挖机圈\\_-1965603458_27\\pages\\accountpoint\\index.js"}],"readFlow":[{"type":"assign to","from":{"name":"this","loc":{"line":31,"column":16},"id":2959,"file":"D:\\WORK\\2022\\论文相关\\benchmark\\miniapp\\998二手挖机圈\\_-1965603458_27\\pages\\accountpoint\\index.js"},"to":{"name":"a","loc":{"line":31,"column":12},"id":2958,"file":"D:\\WORK\\2022\\论文相关\\benchmark\\miniapp\\998二手挖机圈\\_-1965603458_27\\pages\\accountpoint\\index.js"}}]},{"leftVar":[{"declaredName":"e","declaredLoc":{"line":56,"column":12},"file":"D:\\WORK\\2022\\论文相关\\benchmark\\miniapp\\998二手挖机圈\\_-1965603458_27\\pages\\accountpoint\\index.js"}],"readFlow":[{"type":"assign to","from":{"name":"this","loc":{"line":56,"column":16},"id":3080,"file":"D:\\WORK\\2022\\论文相关\\benchmark\\miniapp\\998二手挖机圈\\_-1965603458_27\\pages\\accountpoint\\index.js"},"to":{"name":"e","loc":{"line":56,"column":12},"id":3079,"file":"D:\\WORK\\2022\\论文相关\\benchmark\\miniapp\\998二手挖机圈\\_-1965603458_27\\pages\\accountpoint\\index.js"}}]},{"leftVar":[{"declaredName":"e","declaredLoc":{"line":77,"column":12},"file":"D:\\WORK\\2022\\论文相关\\benchmark\\miniapp\\998二手挖机圈\\_-1965603458_27\\pages\\accountpoint\\index.js"}],"readFlow":[{"type":"assign to","from":{"name":"this","loc":{"line":77,"column":16},"id":3158,"file":"D:\\WORK\\2022\\论文相关\\benchmark\\miniapp\\998二手挖机圈\\_-1965603458_27\\pages\\accountpoint\\index.js"},"to":{"name":"e","loc":{"line":77,"column":12},"id":3157,"file":"D:\\WORK\\2022\\论文相关\\benchmark\\miniapp\\998二手挖机圈\\_-1965603458_27\\pages\\accountpoint\\index.js"}}]}]}],"writeShadows":[{"shadowVar":{"declaredName":"__object__3.tabClick","declaredLoc":{"line":12,"column":4},"file":"D:\\WORK\\2022\\论文相关\\benchmark\\miniapp\\998二手挖机圈\\_-1965603458_27\\pages\\accountpoint\\index.js"},"writeAccess":[]}]},{"propName":".onLoad","readShadows":[{"shadowVar":{"declaredName":"__object__3.onLoad","declaredLoc":{"line":18,"column":4},"file":"D:\\WORK\\2022\\论文相关\\benchmark\\miniapp\\998二手挖机圈\\_-1965603458_27\\pages\\accountpoint\\index.js"},"readAccess":[{"leftVar":[{"declaredName":"e","declaredLoc":{"line":19,"column":12},"file":"D:\\WORK\\2022\\论文相关\\benchmark\\miniapp\\998二手挖机圈\\_-1965603458_27\\pages\\accountpoint\\index.js"}],"readFlow":[{"type":"assign to","from":{"name":"this","loc":{"line":19,"column":16},"id":2892,"file":"D:\\WORK\\2022\\论文相关\\benchmark\\miniapp\\998二手挖机圈\\_-1965603458_27\\pages\\accountpoint\\index.js"},"to":{"name":"e","loc":{"line":19,"column":12},"id":2891,"file":"D:\\WORK\\2022\\论文相关\\benchmark\\miniapp\\998二手挖机圈\\_-1965603458_27\\pages\\accountpoint\\index.js"}}]},{"leftVar":[{"declaredName":"a","declaredLoc":{"line":31,"column":12},"file":"D:\\WORK\\2022\\论文相关\\benchmark\\miniapp\\998二手挖机圈\\_-1965603458_27\\pages\\accountpoint\\index.js"}],"readFlow":[{"type":"assign to","from":{"name":"this","loc":{"line":31,"column":16},"id":2959,"file":"D:\\WORK\\2022\\论文相关\\benchmark\\miniapp\\998二手挖机圈\\_-1965603458_27\\pages\\accountpoint\\index.js"},"to":{"name":"a","loc":{"line":31,"column":12},"id":2958,"file":"D:\\WORK\\2022\\论文相关\\benchmark\\miniapp\\998二手挖机圈\\_-1965603458_27\\pages\\accountpoint\\index.js"}}]},{"leftVar":[{"declaredName":"e","declaredLoc":{"line":56,"column":12},"file":"D:\\WORK\\2022\\论文相关\\benchmark\\miniapp\\998二手挖机圈\\_-1965603458_27\\pages\\accountpoint\\index.js"}],"readFlow":[{"type":"assign to","from":{"name":"this","loc":{"line":56,"column":16},"id":3080,"file":"D:\\WORK\\2022\\论文相关\\benchmark\\miniapp\\998二手挖机圈\\_-1965603458_27\\pages\\accountpoint\\index.js"},"to":{"name":"e","loc":{"line":56,"column":12},"id":3079,"file":"D:\\WORK\\2022\\论文相关\\benchmark\\miniapp\\998二手挖机圈\\_-1965603458_27\\pages\\accountpoint\\index.js"}}]},{"leftVar":[{"declaredName":"e","declaredLoc":{"line":77,"column":12},"file":"D:\\WORK\\2022\\论文相关\\benchmark\\miniapp\\998二手挖机圈\\_-1965603458_27\\pages\\accountpoint\\index.js"}],"readFlow":[{"type":"assign to","from":{"name":"this","loc":{"line":77,"column":16},"id":3158,"file":"D:\\WORK\\2022\\论文相关\\benchmark\\miniapp\\998二手挖机圈\\_-1965603458_27\\pages\\accountpoint\\index.js"},"to":{"name":"e","loc":{"line":77,"column":12},"id":3157,"file":"D:\\WORK\\2022\\论文相关\\benchmark\\miniapp\\998二手挖机圈\\_-1965603458_27\\pages\\accountpoint\\index.js"}}]}]}],"writeShadows":[{"shadowVar":{"declaredName":"__object__3.onLoad","declaredLoc":{"line":18,"column":4},"file":"D:\\WORK\\2022\\论文相关\\benchmark\\miniapp\\998二手挖机圈\\_-1965603458_27\\pages\\accountpoint\\index.js"},"writeAccess":[]}]},{"propName":".convert","readShadows":[{"shadowVar":{"declaredName":"__object__3.convert","declaredLoc":{"line":29,"column":4},"file":"D:\\WORK\\2022\\论文相关\\benchmark\\miniapp\\998二手挖机圈\\_-1965603458_27\\pages\\accountpoint\\index.js"},"readAccess":[{"leftVar":[{"declaredName":"e","declaredLoc":{"line":19,"column":12},"file":"D:\\WORK\\2022\\论文相关\\benchmark\\miniapp\\998二手挖机圈\\_-1965603458_27\\pages\\accountpoint\\index.js"}],"readFlow":[{"type":"assign to","from":{"name":"this","loc":{"line":19,"column":16},"id":2892,"file":"D:\\WORK\\2022\\论文相关\\benchmark\\miniapp\\998二手挖机圈\\_-1965603458_27\\pages\\accountpoint\\index.js"},"to":{"name":"e","loc":{"line":19,"column":12},"id":2891,"file":"D:\\WORK\\2022\\论文相关\\benchmark\\miniapp\\998二手挖机圈\\_-1965603458_27\\pages\\accountpoint\\index.js"}}]},{"leftVar":[{"declaredName":"a","declaredLoc":{"line":31,"column":12},"file":"D:\\WORK\\2022\\论文相关\\benchmark\\miniapp\\998二手挖机圈\\_-1965603458_27\\pages\\accountpoint\\index.js"}],"readFlow":[{"type":"assign to","from":{"name":"this","loc":{"line":31,"column":16},"id":2959,"file":"D:\\WORK\\2022\\论文相关\\benchmark\\miniapp\\998二手挖机圈\\_-1965603458_27\\pages\\accountpoint\\index.js"},"to":{"name":"a","loc":{"line":31,"column":12},"id":2958,"file":"D:\\WORK\\2022\\论文相关\\benchmark\\miniapp\\998二手挖机圈\\_-1965603458_27\\pages\\accountpoint\\index.js"}}]},{"leftVar":[{"declaredName":"e","declaredLoc":{"line":56,"column":12},"file":"D:\\WORK\\2022\\论文相关\\benchmark\\miniapp\\998二手挖机圈\\_-1965603458_27\\pages\\accountpoint\\index.js"}],"readFlow":[{"type":"assign to","from":{"name":"this","loc":{"line":56,"column":16},"id":3080,"file":"D:\\WORK\\2022\\论文相关\\benchmark\\miniapp\\998二手挖机圈\\_-1965603458_27\\pages\\accountpoint\\index.js"},"to":{"name":"e","loc":{"line":56,"column":12},"id":3079,"file":"D:\\WORK\\2022\\论文相关\\benchmark\\miniapp\\998二手挖机圈\\_-1965603458_27\\pages\\accountpoint\\index.js"}}]},{"leftVar":[{"declaredName":"e","declaredLoc":{"line":77,"column":12},"file":"D:\\WORK\\2022\\论文相关\\benchmark\\miniapp\\998二手挖机圈\\_-1965603458_27\\pages\\accountpoint\\index.js"}],"readFlow":[{"type":"assign to","from":{"name":"this","loc":{"line":77,"column":16},"id":3158,"file":"D:\\WORK\\2022\\论文相关\\benchmark\\miniapp\\998二手挖机圈\\_-1965603458_27\\pages\\accountpoint\\index.js"},"to":{"name":"e","loc":{"line":77,"column":12},"id":3157,"file":"D:\\WORK\\2022\\论文相关\\benchmark\\miniapp\\998二手挖机圈\\_-1965603458_27\\pages\\accountpoint\\index.js"}}]}]}],"writeShadows":[{"shadowVar":{"declaredName":"__object__3.convert","declaredLoc":{"line":29,"column":4},"file":"D:\\WORK\\2022\\论文相关\\benchmark\\miniapp\\998二手挖机圈\\_-1965603458_27\\pages\\accountpoint\\index.js"},"writeAccess":[]}]},{"propName":".get_pointdata","readShadows":[{"shadowVar":{"declaredName":"__object__3.get_pointdata","declaredLoc":{"line":55,"column":4},"file":"D:\\WORK\\2022\\论文相关\\benchmark\\miniapp\\998二手挖机圈\\_-1965603458_27\\pages\\accountpoint\\index.js"},"readAccess":[{"leftVar":[{"declaredName":"e","declaredLoc":{"line":19,"column":12},"file":"D:\\WORK\\2022\\论文相关\\benchmark\\miniapp\\998二手挖机圈\\_-1965603458_27\\pages\\accountpoint\\index.js"}],"readFlow":[{"type":"assign to","from":{"name":"this","loc":{"line":19,"column":16},"id":2892,"file":"D:\\WORK\\2022\\论文相关\\benchmark\\miniapp\\998二手挖机圈\\_-1965603458_27\\pages\\accountpoint\\index.js"},"to":{"name":"e","loc":{"line":19,"column":12},"id":2891,"file":"D:\\WORK\\2022\\论文相关\\benchmark\\miniapp\\998二手挖机圈\\_-1965603458_27\\pages\\accountpoint\\index.js"}}]},{"leftVar":[{"declaredName":"a","declaredLoc":{"line":31,"column":12},"file":"D:\\WORK\\2022\\论文相关\\benchmark\\miniapp\\998二手挖机圈\\_-1965603458_27\\pages\\accountpoint\\index.js"}],"readFlow":[{"type":"assign to","from":{"name":"this","loc":{"line":31,"column":16},"id":2959,"file":"D:\\WORK\\2022\\论文相关\\benchmark\\miniapp\\998二手挖机圈\\_-1965603458_27\\pages\\accountpoint\\index.js"},"to":{"name":"a","loc":{"line":31,"column":12},"id":2958,"file":"D:\\WORK\\2022\\论文相关\\benchmark\\miniapp\\998二手挖机圈\\_-1965603458_27\\pages\\accountpoint\\index.js"}}]},{"leftVar":[{"declaredName":"e","declaredLoc":{"line":56,"column":12},"file":"D:\\WORK\\2022\\论文相关\\benchmark\\miniapp\\998二手挖机圈\\_-1965603458_27\\pages\\accountpoint\\index.js"}],"readFlow":[{"type":"assign to","from":{"name":"this","loc":{"line":56,"column":16},"id":3080,"file":"D:\\WORK\\2022\\论文相关\\benchmark\\miniapp\\998二手挖机圈\\_-1965603458_27\\pages\\accountpoint\\index.js"},"to":{"name":"e","loc":{"line":56,"column":12},"id":3079,"file":"D:\\WORK\\2022\\论文相关\\benchmark\\miniapp\\998二手挖机圈\\_-1965603458_27\\pages\\accountpoint\\index.js"}}]},{"leftVar":[{"declaredName":"e","declaredLoc":{"line":77,"column":12},"file":"D:\\WORK\\2022\\论文相关\\benchmark\\miniapp\\998二手挖机圈\\_-1965603458_27\\pages\\accountpoint\\index.js"}],"readFlow":[{"type":"assign to","from":{"name":"this","loc":{"line":77,"column":16},"id":3158,"file":"D:\\WORK\\2022\\论文相关\\benchmark\\miniapp\\998二手挖机圈\\_-1965603458_27\\pages\\accountpoint\\index.js"},"to":{"name":"e","loc":{"line":77,"column":12},"id":3157,"file":"D:\\WORK\\2022\\论文相关\\benchmark\\miniapp\\998二手挖机圈\\_-1965603458_27\\pages\\accountpoint\\index.js"}}]}]}],"writeShadows":[{"shadowVar":{"declaredName":"__object__3.get_pointdata","declaredLoc":{"line":55,"column":4},"file":"D:\\WORK\\2022\\论文相关\\benchmark\\miniapp\\998二手挖机圈\\_-1965603458_27\\pages\\accountpoint\\index.js"},"writeAccess":[]}]},{"propName":".get_shops","readShadows":[{"shadowVar":{"declaredName":"__object__3.get_shops","declaredLoc":{"line":76,"column":4},"file":"D:\\WORK\\2022\\论文相关\\benchmark\\miniapp\\998二手挖机圈\\_-1965603458_27\\pages\\accountpoint\\index.js"},"readAccess":[{"leftVar":[{"declaredName":"e","declaredLoc":{"line":19,"column":12},"file":"D:\\WORK\\2022\\论文相关\\benchmark\\miniapp\\998二手挖机圈\\_-1965603458_27\\pages\\accountpoint\\index.js"}],"readFlow":[{"type":"assign to","from":{"name":"this","loc":{"line":19,"column":16},"id":2892,"file":"D:\\WORK\\2022\\论文相关\\benchmark\\miniapp\\998二手挖机圈\\_-1965603458_27\\pages\\accountpoint\\index.js"},"to":{"name":"e","loc":{"line":19,"column":12},"id":2891,"file":"D:\\WORK\\2022\\论文相关\\benchmark\\miniapp\\998二手挖机圈\\_-1965603458_27\\pages\\accountpoint\\index.js"}}]},{"leftVar":[{"declaredName":"a","declaredLoc":{"line":31,"column":12},"file":"D:\\WORK\\2022\\论文相关\\benchmark\\miniapp\\998二手挖机圈\\_-1965603458_27\\pages\\accountpoint\\index.js"}],"readFlow":[{"type":"assign to","from":{"name":"this","loc":{"line":31,"column":16},"id":2959,"file":"D:\\WORK\\2022\\论文相关\\benchmark\\miniapp\\998二手挖机圈\\_-1965603458_27\\pages\\accountpoint\\index.js"},"to":{"name":"a","loc":{"line":31,"column":12},"id":2958,"file":"D:\\WORK\\2022\\论文相关\\benchmark\\miniapp\\998二手挖机圈\\_-1965603458_27\\pages\\accountpoint\\index.js"}}]},{"leftVar":[{"declaredName":"e","declaredLoc":{"line":56,"column":12},"file":"D:\\WORK\\2022\\论文相关\\benchmark\\miniapp\\998二手挖机圈\\_-1965603458_27\\pages\\accountpoint\\index.js"}],"readFlow":[{"type":"assign to","from":{"name":"this","loc":{"line":56,"column":16},"id":3080,"file":"D:\\WORK\\2022\\论文相关\\benchmark\\miniapp\\998二手挖机圈\\_-1965603458_27\\pages\\accountpoint\\index.js"},"to":{"name":"e","loc":{"line":56,"column":12},"id":3079,"file":"D:\\WORK\\2022\\论文相关\\benchmark\\miniapp\\998二手挖机圈\\_-1965603458_27\\pages\\accountpoint\\index.js"}}]},{"leftVar":[{"declaredName":"e","declaredLoc":{"line":77,"column":12},"file":"D:\\WORK\\2022\\论文相关\\benchmark\\miniapp\\998二手挖机圈\\_-1965603458_27\\pages\\accountpoint\\index.js"}],"readFlow":[{"type":"assign to","from":{"name":"this","loc":{"line":77,"column":16},"id":3158,"file":"D:\\WORK\\2022\\论文相关\\benchmark\\miniapp\\998二手挖机圈\\_-1965603458_27\\pages\\accountpoint\\index.js"},"to":{"name":"e","loc":{"line":77,"column":12},"id":3157,"file":"D:\\WORK\\2022\\论文相关\\benchmark\\miniapp\\998二手挖机圈\\_-1965603458_27\\pages\\accountpoint\\index.js"}}]}]}],"writeShadows":[{"shadowVar":{"declaredName":"__object__3.get_shops","declaredLoc":{"line":76,"column":4},"file":"D:\\WORK\\2022\\论文相关\\benchmark\\miniapp\\998二手挖机圈\\_-1965603458_27\\pages\\accountpoint\\index.js"},"writeAccess":[]}]},{"propName":".show_integral","readShadows":[{"shadowVar":{"declaredName":"__object__3.show_integral","declaredLoc":{"line":94,"column":4},"file":"D:\\WORK\\2022\\论文相关\\benchmark\\miniapp\\998二手挖机圈\\_-1965603458_27\\pages\\accountpoint\\index.js"},"readAccess":[{"leftVar":[{"declaredName":"e","declaredLoc":{"line":19,"column":12},"file":"D:\\WORK\\2022\\论文相关\\benchmark\\miniapp\\998二手挖机圈\\_-1965603458_27\\pages\\accountpoint\\index.js"}],"readFlow":[{"type":"assign to","from":{"name":"this","loc":{"line":19,"column":16},"id":2892,"file":"D:\\WORK\\2022\\论文相关\\benchmark\\miniapp\\998二手挖机圈\\_-1965603458_27\\pages\\accountpoint\\index.js"},"to":{"name":"e","loc":{"line":19,"column":12},"id":2891,"file":"D:\\WORK\\2022\\论文相关\\benchmark\\miniapp\\998二手挖机圈\\_-1965603458_27\\pages\\accountpoint\\index.js"}}]},{"leftVar":[{"declaredName":"a","declaredLoc":{"line":31,"column":12},"file":"D:\\WORK\\2022\\论文相关\\benchmark\\miniapp\\998二手挖机圈\\_-1965603458_27\\pages\\accountpoint\\index.js"}],"readFlow":[{"type":"assign to","from":{"name":"this","loc":{"line":31,"column":16},"id":2959,"file":"D:\\WORK\\2022\\论文相关\\benchmark\\miniapp\\998二手挖机圈\\_-1965603458_27\\pages\\accountpoint\\index.js"},"to":{"name":"a","loc":{"line":31,"column":12},"id":2958,"file":"D:\\WORK\\2022\\论文相关\\benchmark\\miniapp\\998二手挖机圈\\_-1965603458_27\\pages\\accountpoint\\index.js"}}]},{"leftVar":[{"declaredName":"e","declaredLoc":{"line":56,"column":12},"file":"D:\\WORK\\2022\\论文相关\\benchmark\\miniapp\\998二手挖机圈\\_-1965603458_27\\pages\\accountpoint\\index.js"}],"readFlow":[{"type":"assign to","from":{"name":"this","loc":{"line":56,"column":16},"id":3080,"file":"D:\\WORK\\2022\\论文相关\\benchmark\\miniapp\\998二手挖机圈\\_-1965603458_27\\pages\\accountpoint\\index.js"},"to":{"name":"e","loc":{"line":56,"column":12},"id":3079,"file":"D:\\WORK\\2022\\论文相关\\benchmark\\miniapp\\998二手挖机圈\\_-1965603458_27\\pages\\accountpoint\\index.js"}}]},{"leftVar":[{"declaredName":"e","declaredLoc":{"line":77,"column":12},"file":"D:\\WORK\\2022\\论文相关\\benchmark\\miniapp\\998二手挖机圈\\_-1965603458_27\\pages\\accountpoint\\index.js"}],"readFlow":[{"type":"assign to","from":{"name":"this","loc":{"line":77,"column":16},"id":3158,"file":"D:\\WORK\\2022\\论文相关\\benchmark\\miniapp\\998二手挖机圈\\_-1965603458_27\\pages\\accountpoint\\index.js"},"to":{"name":"e","loc":{"line":77,"column":12},"id":3157,"file":"D:\\WORK\\2022\\论文相关\\benchmark\\miniapp\\998二手挖机圈\\_-1965603458_27\\pages\\accountpoint\\index.js"}}]}]}],"writeShadows":[{"shadowVar":{"declaredName":"__object__3.show_integral","declaredLoc":{"line":94,"column":4},"file":"D:\\WORK\\2022\\论文相关\\benchmark\\miniapp\\998二手挖机圈\\_-1965603458_27\\pages\\accountpoint\\index.js"},"writeAccess":[]}]},{"propName":".hideModal","readShadows":[{"shadowVar":{"declaredName":"__object__3.hideModal","declaredLoc":{"line":99,"column":4},"file":"D:\\WORK\\2022\\论文相关\\benchmark\\miniapp\\998二手挖机圈\\_-1965603458_27\\pages\\accountpoint\\index.js"},"readAccess":[{"leftVar":[{"declaredName":"e","declaredLoc":{"line":19,"column":12},"file":"D:\\WORK\\2022\\论文相关\\benchmark\\miniapp\\998二手挖机圈\\_-1965603458_27\\pages\\accountpoint\\index.js"}],"readFlow":[{"type":"assign to","from":{"name":"this","loc":{"line":19,"column":16},"id":2892,"file":"D:\\WORK\\2022\\论文相关\\benchmark\\miniapp\\998二手挖机圈\\_-1965603458_27\\pages\\accountpoint\\index.js"},"to":{"name":"e","loc":{"line":19,"column":12},"id":2891,"file":"D:\\WORK\\2022\\论文相关\\benchmark\\miniapp\\998二手挖机圈\\_-1965603458_27\\pages\\accountpoint\\index.js"}}]},{"leftVar":[{"declaredName":"a","declaredLoc":{"line":31,"column":12},"file":"D:\\WORK\\2022\\论文相关\\benchmark\\miniapp\\998二手挖机圈\\_-1965603458_27\\pages\\accountpoint\\index.js"}],"readFlow":[{"type":"assign to","from":{"name":"this","loc":{"line":31,"column":16},"id":2959,"file":"D:\\WORK\\2022\\论文相关\\benchmark\\miniapp\\998二手挖机圈\\_-1965603458_27\\pages\\accountpoint\\index.js"},"to":{"name":"a","loc":{"line":31,"column":12},"id":2958,"file":"D:\\WORK\\2022\\论文相关\\benchmark\\miniapp\\998二手挖机圈\\_-1965603458_27\\pages\\accountpoint\\index.js"}}]},{"leftVar":[{"declaredName":"e","declaredLoc":{"line":56,"column":12},"file":"D:\\WORK\\2022\\论文相关\\benchmark\\miniapp\\998二手挖机圈\\_-1965603458_27\\pages\\accountpoint\\index.js"}],"readFlow":[{"type":"assign to","from":{"name":"this","loc":{"line":56,"column":16},"id":3080,"file":"D:\\WORK\\2022\\论文相关\\benchmark\\miniapp\\998二手挖机圈\\_-1965603458_27\\pages\\accountpoint\\index.js"},"to":{"name":"e","loc":{"line":56,"column":12},"id":3079,"file":"D:\\WORK\\2022\\论文相关\\benchmark\\miniapp\\998二手挖机圈\\_-1965603458_27\\pages\\accountpoint\\index.js"}}]},{"leftVar":[{"declaredName":"e","declaredLoc":{"line":77,"column":12},"file":"D:\\WORK\\2022\\论文相关\\benchmark\\miniapp\\998二手挖机圈\\_-1965603458_27\\pages\\accountpoint\\index.js"}],"readFlow":[{"type":"assign to","from":{"name":"this","loc":{"line":77,"column":16},"id":3158,"file":"D:\\WORK\\2022\\论文相关\\benchmark\\miniapp\\998二手挖机圈\\_-1965603458_27\\pages\\accountpoint\\index.js"},"to":{"name":"e","loc":{"line":77,"column":12},"id":3157,"file":"D:\\WORK\\2022\\论文相关\\benchmark\\miniapp\\998二手挖机圈\\_-1965603458_27\\pages\\accountpoint\\index.js"}}]}]}],"writeShadows":[{"shadowVar":{"declaredName":"__object__3.hideModal","declaredLoc":{"line":99,"column":4},"file":"D:\\WORK\\2022\\论文相关\\benchmark\\miniapp\\998二手挖机圈\\_-1965603458_27\\pages\\accountpoint\\index.js"},"writeAccess":[]}]},{"propName":".delet_modal","readShadows":[{"shadowVar":{"declaredName":"__object__3.delet_modal","declaredLoc":{"line":104,"column":4},"file":"D:\\WORK\\2022\\论文相关\\benchmark\\miniapp\\998二手挖机圈\\_-1965603458_27\\pages\\accountpoint\\index.js"},"readAccess":[{"leftVar":[{"declaredName":"e","declaredLoc":{"line":19,"column":12},"file":"D:\\WORK\\2022\\论文相关\\benchmark\\miniapp\\998二手挖机圈\\_-1965603458_27\\pages\\accountpoint\\index.js"}],"readFlow":[{"type":"assign to","from":{"name":"this","loc":{"line":19,"column":16},"id":2892,"file":"D:\\WORK\\2022\\论文相关\\benchmark\\miniapp\\998二手挖机圈\\_-1965603458_27\\pages\\accountpoint\\index.js"},"to":{"name":"e","loc":{"line":19,"column":12},"id":2891,"file":"D:\\WORK\\2022\\论文相关\\benchmark\\miniapp\\998二手挖机圈\\_-1965603458_27\\pages\\accountpoint\\index.js"}}]},{"leftVar":[{"declaredName":"a","declaredLoc":{"line":31,"column":12},"file":"D:\\WORK\\2022\\论文相关\\benchmark\\miniapp\\998二手挖机圈\\_-1965603458_27\\pages\\accountpoint\\index.js"}],"readFlow":[{"type":"assign to","from":{"name":"this","loc":{"line":31,"column":16},"id":2959,"file":"D:\\WORK\\2022\\论文相关\\benchmark\\miniapp\\998二手挖机圈\\_-1965603458_27\\pages\\accountpoint\\index.js"},"to":{"name":"a","loc":{"line":31,"column":12},"id":2958,"file":"D:\\WORK\\2022\\论文相关\\benchmark\\miniapp\\998二手挖机圈\\_-1965603458_27\\pages\\accountpoint\\index.js"}}]},{"leftVar":[{"declaredName":"e","declaredLoc":{"line":56,"column":12},"file":"D:\\WORK\\2022\\论文相关\\benchmark\\miniapp\\998二手挖机圈\\_-1965603458_27\\pages\\accountpoint\\index.js"}],"readFlow":[{"type":"assign to","from":{"name":"this","loc":{"line":56,"column":16},"id":3080,"file":"D:\\WORK\\2022\\论文相关\\benchmark\\miniapp\\998二手挖机圈\\_-1965603458_27\\pages\\accountpoint\\index.js"},"to":{"name":"e","loc":{"line":56,"column":12},"id":3079,"file":"D:\\WORK\\2022\\论文相关\\benchmark\\miniapp\\998二手挖机圈\\_-1965603458_27\\pages\\accountpoint\\index.js"}}]},{"leftVar":[{"declaredName":"e","declaredLoc":{"line":77,"column":12},"file":"D:\\WORK\\2022\\论文相关\\benchmark\\miniapp\\998二手挖机圈\\_-1965603458_27\\pages\\accountpoint\\index.js"}],"readFlow":[{"type":"assign to","from":{"name":"this","loc":{"line":77,"column":16},"id":3158,"file":"D:\\WORK\\2022\\论文相关\\benchmark\\miniapp\\998二手挖机圈\\_-1965603458_27\\pages\\accountpoint\\index.js"},"to":{"name":"e","loc":{"line":77,"column":12},"id":3157,"file":"D:\\WORK\\2022\\论文相关\\benchmark\\miniapp\\998二手挖机圈\\_-1965603458_27\\pages\\accountpoint\\index.js"}}]}]}],"writeShadows":[{"shadowVar":{"declaredName":"__object__3.delet_modal","declaredLoc":{"line":104,"column":4},"file":"D:\\WORK\\2022\\论文相关\\benchmark\\miniapp\\998二手挖机圈\\_-1965603458_27\\pages\\accountpoint\\index.js"},"writeAccess":[]}]},{"propName":".previewImage","readShadows":[{"shadowVar":{"declaredName":"__object__3.previewImage","declaredLoc":{"line":109,"column":4},"file":"D:\\WORK\\2022\\论文相关\\benchmark\\miniapp\\998二手挖机圈\\_-1965603458_27\\pages\\accountpoint\\index.js"},"readAccess":[{"leftVar":[{"declaredName":"e","declaredLoc":{"line":19,"column":12},"file":"D:\\WORK\\2022\\论文相关\\benchmark\\miniapp\\998二手挖机圈\\_-1965603458_27\\pages\\accountpoint\\index.js"}],"readFlow":[{"type":"assign to","from":{"name":"this","loc":{"line":19,"column":16},"id":2892,"file":"D:\\WORK\\2022\\论文相关\\benchmark\\miniapp\\998二手挖机圈\\_-1965603458_27\\pages\\accountpoint\\index.js"},"to":{"name":"e","loc":{"line":19,"column":12},"id":2891,"file":"D:\\WORK\\2022\\论文相关\\benchmark\\miniapp\\998二手挖机圈\\_-1965603458_27\\pages\\accountpoint\\index.js"}}]},{"leftVar":[{"declaredName":"a","declaredLoc":{"line":31,"column":12},"file":"D:\\WORK\\2022\\论文相关\\benchmark\\miniapp\\998二手挖机圈\\_-1965603458_27\\pages\\accountpoint\\index.js"}],"readFlow":[{"type":"assign to","from":{"name":"this","loc":{"line":31,"column":16},"id":2959,"file":"D:\\WORK\\2022\\论文相关\\benchmark\\miniapp\\998二手挖机圈\\_-1965603458_27\\pages\\accountpoint\\index.js"},"to":{"name":"a","loc":{"line":31,"column":12},"id":2958,"file":"D:\\WORK\\2022\\论文相关\\benchmark\\miniapp\\998二手挖机圈\\_-1965603458_27\\pages\\accountpoint\\index.js"}}]},{"leftVar":[{"declaredName":"e","declaredLoc":{"line":56,"column":12},"file":"D:\\WORK\\2022\\论文相关\\benchmark\\miniapp\\998二手挖机圈\\_-1965603458_27\\pages\\accountpoint\\index.js"}],"readFlow":[{"type":"assign to","from":{"name":"this","loc":{"line":56,"column":16},"id":3080,"file":"D:\\WORK\\2022\\论文相关\\benchmark\\miniapp\\998二手挖机圈\\_-1965603458_27\\pages\\accountpoint\\index.js"},"to":{"name":"e","loc":{"line":56,"column":12},"id":3079,"file":"D:\\WORK\\2022\\论文相关\\benchmark\\miniapp\\998二手挖机圈\\_-1965603458_27\\pages\\accountpoint\\index.js"}}]},{"leftVar":[{"declaredName":"e","declaredLoc":{"line":77,"column":12},"file":"D:\\WORK\\2022\\论文相关\\benchmark\\miniapp\\998二手挖机圈\\_-1965603458_27\\pages\\accountpoint\\index.js"}],"readFlow":[{"type":"assign to","from":{"name":"this","loc":{"line":77,"column":16},"id":3158,"file":"D:\\WORK\\2022\\论文相关\\benchmark\\miniapp\\998二手挖机圈\\_-1965603458_27\\pages\\accountpoint\\index.js"},"to":{"name":"e","loc":{"line":77,"column":12},"id":3157,"file":"D:\\WORK\\2022\\论文相关\\benchmark\\miniapp\\998二手挖机圈\\_-1965603458_27\\pages\\accountpoint\\index.js"}}]}]}],"writeShadows":[{"shadowVar":{"declaredName":"__object__3.previewImage","declaredLoc":{"line":109,"column":4},"file":"D:\\WORK\\2022\\论文相关\\benchmark\\miniapp\\998二手挖机圈\\_-1965603458_27\\pages\\accountpoint\\index.js"},"writeAccess":[]}]},{"propName":".onShareAppMessage","readShadows":[{"shadowVar":{"declaredName":"__object__3.onShareAppMessage","declaredLoc":{"line":115,"column":4},"file":"D:\\WORK\\2022\\论文相关\\benchmark\\miniapp\\998二手挖机圈\\_-1965603458_27\\pages\\accountpoint\\index.js"},"readAccess":[{"leftVar":[{"declaredName":"e","declaredLoc":{"line":19,"column":12},"file":"D:\\WORK\\2022\\论文相关\\benchmark\\miniapp\\998二手挖机圈\\_-1965603458_27\\pages\\accountpoint\\index.js"}],"readFlow":[{"type":"assign to","from":{"name":"this","loc":{"line":19,"column":16},"id":2892,"file":"D:\\WORK\\2022\\论文相关\\benchmark\\miniapp\\998二手挖机圈\\_-1965603458_27\\pages\\accountpoint\\index.js"},"to":{"name":"e","loc":{"line":19,"column":12},"id":2891,"file":"D:\\WORK\\2022\\论文相关\\benchmark\\miniapp\\998二手挖机圈\\_-1965603458_27\\pages\\accountpoint\\index.js"}}]},{"leftVar":[{"declaredName":"a","declaredLoc":{"line":31,"column":12},"file":"D:\\WORK\\2022\\论文相关\\benchmark\\miniapp\\998二手挖机圈\\_-1965603458_27\\pages\\accountpoint\\index.js"}],"readFlow":[{"type":"assign to","from":{"name":"this","loc":{"line":31,"column":16},"id":2959,"file":"D:\\WORK\\2022\\论文相关\\benchmark\\miniapp\\998二手挖机圈\\_-1965603458_27\\pages\\accountpoint\\index.js"},"to":{"name":"a","loc":{"line":31,"column":12},"id":2958,"file":"D:\\WORK\\2022\\论文相关\\benchmark\\miniapp\\998二手挖机圈\\_-1965603458_27\\pages\\accountpoint\\index.js"}}]},{"leftVar":[{"declaredName":"e","declaredLoc":{"line":56,"column":12},"file":"D:\\WORK\\2022\\论文相关\\benchmark\\miniapp\\998二手挖机圈\\_-1965603458_27\\pages\\accountpoint\\index.js"}],"readFlow":[{"type":"assign to","from":{"name":"this","loc":{"line":56,"column":16},"id":3080,"file":"D:\\WORK\\2022\\论文相关\\benchmark\\miniapp\\998二手挖机圈\\_-1965603458_27\\pages\\accountpoint\\index.js"},"to":{"name":"e","loc":{"line":56,"column":12},"id":3079,"file":"D:\\WORK\\2022\\论文相关\\benchmark\\miniapp\\998二手挖机圈\\_-1965603458_27\\pages\\accountpoint\\index.js"}}]},{"leftVar":[{"declaredName":"e","declaredLoc":{"line":77,"column":12},"file":"D:\\WORK\\2022\\论文相关\\benchmark\\miniapp\\998二手挖机圈\\_-1965603458_27\\pages\\accountpoint\\index.js"}],"readFlow":[{"type":"assign to","from":{"name":"this","loc":{"line":77,"column":16},"id":3158,"file":"D:\\WORK\\2022\\论文相关\\benchmark\\miniapp\\998二手挖机圈\\_-1965603458_27\\pages\\accountpoint\\index.js"},"to":{"name":"e","loc":{"line":77,"column":12},"id":3157,"file":"D:\\WORK\\2022\\论文相关\\benchmark\\miniapp\\998二手挖机圈\\_-1965603458_27\\pages\\accountpoint\\index.js"}}]}]}],"writeShadows":[{"shadowVar":{"declaredName":"__object__3.onShareAppMessage","declaredLoc":{"line":115,"column":4},"file":"D:\\WORK\\2022\\论文相关\\benchmark\\miniapp\\998二手挖机圈\\_-1965603458_27\\pages\\accountpoint\\index.js"},"writeAccess":[]}]}]},{"shadowObjectVar":"__object__4","dynamicDefinedProps":[{"propName":".pointdata","readShadows":[{"shadowVar":{"declaredName":"__object__4.pointdata","declaredLoc":{"line":5,"column":8},"file":"D:\\WORK\\2022\\论文相关\\benchmark\\miniapp\\998二手挖机圈\\_-1965603458_27\\pages\\accountpoint\\index.js"},"readAccess":[{"leftVar":[{"declaredName":"__object__3.data","declaredLoc":{"line":4,"column":4},"file":"D:\\WORK\\2022\\论文相关\\benchmark\\miniapp\\998二手挖机圈\\_-1965603458_27\\pages\\accountpoint\\index.js"}],"readFlow":[{"type":"assign to","from":{"name":"pointdata","loc":{"line":5,"column":8},"id":2841,"file":"D:\\WORK\\2022\\论文相关\\benchmark\\miniapp\\998二手挖机圈\\_-1965603458_27\\pages\\accountpoint\\index.js"},"to":{"name":"data","loc":{"line":4,"column":4},"id":2838,"file":"D:\\WORK\\2022\\论文相关\\benchmark\\miniapp\\998二手挖机圈\\_-1965603458_27\\pages\\accountpoint\\index.js"}},{"type":"to callee","from":{"name":"data","loc":{"line":4,"column":4},"id":2838,"file":"D:\\WORK\\2022\\论文相关\\benchmark\\miniapp\\998二手挖机圈\\_-1965603458_27\\pages\\accountpoint\\index.js"},"to":{"name":"Page","loc":{"line":3,"column":0},"id":2835,"file":"D:\\WORK\\2022\\论文相关\\benchmark\\miniapp\\998二手挖机圈\\_-1965603458_27\\pages\\accountpoint\\index.js"}},{"type":"read","from":{"name":"data","loc":{"line":4,"column":4},"id":2838,"file":"D:\\WORK\\2022\\论文相关\\benchmark\\miniapp\\998二手挖机圈\\_-1965603458_27\\pages\\accountpoint\\index.js"},"to":{"name":"this","loc":{"line":19,"column":16},"id":2892,"file":"D:\\WORK\\2022\\论文相关\\benchmark\\miniapp\\998二手挖机圈\\_-1965603458_27\\pages\\accountpoint\\index.js"}},{"type":"read","from":{"name":"data","loc":{"line":4,"column":4},"id":2838,"file":"D:\\WORK\\2022\\论文相关\\benchmark\\miniapp\\998二手挖机圈\\_-1965603458_27\\pages\\accountpoint\\index.js"},"to":{"name":"this","loc":{"line":31,"column":16},"id":2959,"file":"D:\\WORK\\2022\\论文相关\\benchmark\\miniapp\\998二手挖机圈\\_-1965603458_27\\pages\\accountpoint\\index.js"}},{"type":"read","from":{"name":"data","loc":{"line":4,"column":4},"id":2838,"file":"D:\\WORK\\2022\\论文相关\\benchmark\\miniapp\\998二手挖机圈\\_-1965603458_27\\pages\\accountpoint\\index.js"},"to":{"name":"this","loc":{"line":56,"column":16},"id":3080,"file":"D:\\WORK\\2022\\论文相关\\benchmark\\miniapp\\998二手挖机圈\\_-1965603458_27\\pages\\accountpoint\\index.js"}},{"type":"read","from":{"name":"data","loc":{"line":4,"column":4},"id":2838,"file":"D:\\WORK\\2022\\论文相关\\benchmark\\miniapp\\998二手挖机圈\\_-1965603458_27\\pages\\accountpoint\\index.js"},"to":{"name":"this","loc":{"line":77,"column":16},"id":3158,"file":"D:\\WORK\\2022\\论文相关\\benchmark\\miniapp\\998二手挖机圈\\_-1965603458_27\\pages\\accountpoint\\index.js"}},{"type":"assign to","from":{"name":"this","loc":{"line":77,"column":16},"id":3158,"file":"D:\\WORK\\2022\\论文相关\\benchmark\\miniapp\\998二手挖机圈\\_-1965603458_27\\pages\\accountpoint\\index.js"},"to":{"name":"e","loc":{"line":77,"column":12},"id":3157,"file":"D:\\WORK\\2022\\论文相关\\benchmark\\miniapp\\998二手挖机圈\\_-1965603458_27\\pages\\accountpoint\\index.js"}},{"type":"assign to","from":{"name":"this","loc":{"line":56,"column":16},"id":3080,"file":"D:\\WORK\\2022\\论文相关\\benchmark\\miniapp\\998二手挖机圈\\_-1965603458_27\\pages\\accountpoint\\index.js"},"to":{"name":"e","loc":{"line":56,"column":12},"id":3079,"file":"D:\\WORK\\2022\\论文相关\\benchmark\\miniapp\\998二手挖机圈\\_-1965603458_27\\pages\\accountpoint\\index.js"}},{"type":"assign to","from":{"name":"this","loc":{"line":31,"column":16},"id":2959,"file":"D:\\WORK\\2022\\论文相关\\benchmark\\miniapp\\998二手挖机圈\\_-1965603458_27\\pages\\accountpoint\\index.js"},"to":{"name":"a","loc":{"line":31,"column":12},"id":2958,"file":"D:\\WORK\\2022\\论文相关\\benchmark\\miniapp\\998二手挖机圈\\_-1965603458_27\\pages\\accountpoint\\index.js"}},{"type":"assign to","from":{"name":"this","loc":{"line":19,"column":16},"id":2892,"file":"D:\\WORK\\2022\\论文相关\\benchmark\\miniapp\\998二手挖机圈\\_-1965603458_27\\pages\\accountpoint\\index.js"},"to":{"name":"e","loc":{"line":19,"column":12},"id":2891,"file":"D:\\WORK\\2022\\论文相关\\benchmark\\miniapp\\998二手挖机圈\\_-1965603458_27\\pages\\accountpoint\\index.js"}}]}]}],"writeShadows":[{"shadowVar":{"declaredName":"__object__4.pointdata","declaredLoc":{"line":5,"column":8},"file":"D:\\WORK\\2022\\论文相关\\benchmark\\miniapp\\998二手挖机圈\\_-1965603458_27\\pages\\accountpoint\\index.js"},"writeAccess":[]}]},{"propName":".activeIndex","readShadows":[{"shadowVar":{"declaredName":"__object__4.activeIndex","declaredLoc":{"line":6,"column":8},"file":"D:\\WORK\\2022\\论文相关\\benchmark\\miniapp\\998二手挖机圈\\_-1965603458_27\\pages\\accountpoint\\index.js"},"readAccess":[{"leftVar":[{"declaredName":"__object__3.data","declaredLoc":{"line":4,"column":4},"file":"D:\\WORK\\2022\\论文相关\\benchmark\\miniapp\\998二手挖机圈\\_-1965603458_27\\pages\\accountpoint\\index.js"}],"readFlow":[{"type":"assign to","from":{"name":"activeIndex","loc":{"line":6,"column":8},"id":2844,"file":"D:\\WORK\\2022\\论文相关\\benchmark\\miniapp\\998二手挖机圈\\_-1965603458_27\\pages\\accountpoint\\index.js"},"to":{"name":"data","loc":{"line":4,"column":4},"id":2838,"file":"D:\\WORK\\2022\\论文相关\\benchmark\\miniapp\\998二手挖机圈\\_-1965603458_27\\pages\\accountpoint\\index.js"}},{"type":"to callee","from":{"name":"data","loc":{"line":4,"column":4},"id":2838,"file":"D:\\WORK\\2022\\论文相关\\benchmark\\miniapp\\998二手挖机圈\\_-1965603458_27\\pages\\accountpoint\\index.js"},"to":{"name":"Page","loc":{"line":3,"column":0},"id":2835,"file":"D:\\WORK\\2022\\论文相关\\benchmark\\miniapp\\998二手挖机圈\\_-1965603458_27\\pages\\accountpoint\\index.js"}},{"type":"read","from":{"name":"data","loc":{"line":4,"column":4},"id":2838,"file":"D:\\WORK\\2022\\论文相关\\benchmark\\miniapp\\998二手挖机圈\\_-1965603458_27\\pages\\accountpoint\\index.js"},"to":{"name":"this","loc":{"line":19,"column":16},"id":2892,"file":"D:\\WORK\\2022\\论文相关\\benchmark\\miniapp\\998二手挖机圈\\_-1965603458_27\\pages\\accountpoint\\index.js"}},{"type":"read","from":{"name":"data","loc":{"line":4,"column":4},"id":2838,"file":"D:\\WORK\\2022\\论文相关\\benchmark\\miniapp\\998二手挖机圈\\_-1965603458_27\\pages\\accountpoint\\index.js"},"to":{"name":"this","loc":{"line":31,"column":16},"id":2959,"file":"D:\\WORK\\2022\\论文相关\\benchmark\\miniapp\\998二手挖机圈\\_-1965603458_27\\pages\\accountpoint\\index.js"}},{"type":"read","from":{"name":"data","loc":{"line":4,"column":4},"id":2838,"file":"D:\\WORK\\2022\\论文相关\\benchmark\\miniapp\\998二手挖机圈\\_-1965603458_27\\pages\\accountpoint\\index.js"},"to":{"name":"this","loc":{"line":56,"column":16},"id":3080,"file":"D:\\WORK\\2022\\论文相关\\benchmark\\miniapp\\998二手挖机圈\\_-1965603458_27\\pages\\accountpoint\\index.js"}},{"type":"read","from":{"name":"data","loc":{"line":4,"column":4},"id":2838,"file":"D:\\WORK\\2022\\论文相关\\benchmark\\miniapp\\998二手挖机圈\\_-1965603458_27\\pages\\accountpoint\\index.js"},"to":{"name":"this","loc":{"line":77,"column":16},"id":3158,"file":"D:\\WORK\\2022\\论文相关\\benchmark\\miniapp\\998二手挖机圈\\_-1965603458_27\\pages\\accountpoint\\index.js"}},{"type":"assign to","from":{"name":"this","loc":{"line":77,"column":16},"id":3158,"file":"D:\\WORK\\2022\\论文相关\\benchmark\\miniapp\\998二手挖机圈\\_-1965603458_27\\pages\\accountpoint\\index.js"},"to":{"name":"e","loc":{"line":77,"column":12},"id":3157,"file":"D:\\WORK\\2022\\论文相关\\benchmark\\miniapp\\998二手挖机圈\\_-1965603458_27\\pages\\accountpoint\\index.js"}},{"type":"assign to","from":{"name":"this","loc":{"line":56,"column":16},"id":3080,"file":"D:\\WORK\\2022\\论文相关\\benchmark\\miniapp\\998二手挖机圈\\_-1965603458_27\\pages\\accountpoint\\index.js"},"to":{"name":"e","loc":{"line":56,"column":12},"id":3079,"file":"D:\\WORK\\2022\\论文相关\\benchmark\\miniapp\\998二手挖机圈\\_-1965603458_27\\pages\\accountpoint\\index.js"}},{"type":"assign to","from":{"name":"this","loc":{"line":31,"column":16},"id":2959,"file":"D:\\WORK\\2022\\论文相关\\benchmark\\miniapp\\998二手挖机圈\\_-1965603458_27\\pages\\accountpoint\\index.js"},"to":{"name":"a","loc":{"line":31,"column":12},"id":2958,"file":"D:\\WORK\\2022\\论文相关\\benchmark\\miniapp\\998二手挖机圈\\_-1965603458_27\\pages\\accountpoint\\index.js"}},{"type":"assign to","from":{"name":"this","loc":{"line":19,"column":16},"id":2892,"file":"D:\\WORK\\2022\\论文相关\\benchmark\\miniapp\\998二手挖机圈\\_-1965603458_27\\pages\\accountpoint\\index.js"},"to":{"name":"e","loc":{"line":19,"column":12},"id":2891,"file":"D:\\WORK\\2022\\论文相关\\benchmark\\miniapp\\998二手挖机圈\\_-1965603458_27\\pages\\accountpoint\\index.js"}}]},{"leftVar":[{"declaredName":"__object__22.sliderOffset","declaredLoc":{"line":24,"column":20},"file":"D:\\WORK\\2022\\论文相关\\benchmark\\miniapp\\998二手挖机圈\\_-1965603458_27\\pages\\accountpoint\\index.js"}],"readFlow":[{"type":"assign to","from":{"name":"e.data.activeIndex","loc":{"line":24,"column":54},"id":2926,"file":"D:\\WORK\\2022\\论文相关\\benchmark\\miniapp\\998二手挖机圈\\_-1965603458_27\\pages\\accountpoint\\index.js"},"to":{"name":"sliderOffset","loc":{"line":24,"column":20},"id":2919,"file":"D:\\WORK\\2022\\论文相关\\benchmark\\miniapp\\998二手挖机圈\\_-1965603458_27\\pages\\accountpoint\\index.js"}},{"type":"to callee","from":{"name":"sliderOffset","loc":{"line":24,"column":20},"id":2919,"file":"D:\\WORK\\2022\\论文相关\\benchmark\\miniapp\\998二手挖机圈\\_-1965603458_27\\pages\\accountpoint\\index.js"},"to":{"name":"e.setData","loc":{"line":22,"column":16},"id":2907,"file":"D:\\WORK\\2022\\论文相关\\benchmark\\miniapp\\998二手挖机圈\\_-1965603458_27\\pages\\accountpoint\\index.js"}}]}]}],"writeShadows":[{"shadowVar":{"declaredName":"__object__4.activeIndex","declaredLoc":{"line":6,"column":8},"file":"D:\\WORK\\2022\\论文相关\\benchmark\\miniapp\\998二手挖机圈\\_-1965603458_27\\pages\\accountpoint\\index.js"},"writeAccess":[]}]},{"propName":".sliderOffset","readShadows":[{"shadowVar":{"declaredName":"__object__4.sliderOffset","declaredLoc":{"line":7,"column":8},"file":"D:\\WORK\\2022\\论文相关\\benchmark\\miniapp\\998二手挖机圈\\_-1965603458_27\\pages\\accountpoint\\index.js"},"readAccess":[{"leftVar":[{"declaredName":"__object__3.data","declaredLoc":{"line":4,"column":4},"file":"D:\\WORK\\2022\\论文相关\\benchmark\\miniapp\\998二手挖机圈\\_-1965603458_27\\pages\\accountpoint\\index.js"}],"readFlow":[{"type":"assign to","from":{"name":"sliderOffset","loc":{"line":7,"column":8},"id":2847,"file":"D:\\WORK\\2022\\论文相关\\benchmark\\miniapp\\998二手挖机圈\\_-1965603458_27\\pages\\accountpoint\\index.js"},"to":{"name":"data","loc":{"line":4,"column":4},"id":2838,"file":"D:\\WORK\\2022\\论文相关\\benchmark\\miniapp\\998二手挖机圈\\_-1965603458_27\\pages\\accountpoint\\index.js"}},{"type":"to callee","from":{"name":"data","loc":{"line":4,"column":4},"id":2838,"file":"D:\\WORK\\2022\\论文相关\\benchmark\\miniapp\\998二手挖机圈\\_-1965603458_27\\pages\\accountpoint\\index.js"},"to":{"name":"Page","loc":{"line":3,"column":0},"id":2835,"file":"D:\\WORK\\2022\\论文相关\\benchmark\\miniapp\\998二手挖机圈\\_-1965603458_27\\pages\\accountpoint\\index.js"}},{"type":"read","from":{"name":"data","loc":{"line":4,"column":4},"id":2838,"file":"D:\\WORK\\2022\\论文相关\\benchmark\\miniapp\\998二手挖机圈\\_-1965603458_27\\pages\\accountpoint\\index.js"},"to":{"name":"this","loc":{"line":19,"column":16},"id":2892,"file":"D:\\WORK\\2022\\论文相关\\benchmark\\miniapp\\998二手挖机圈\\_-1965603458_27\\pages\\accountpoint\\index.js"}},{"type":"read","from":{"name":"data","loc":{"line":4,"column":4},"id":2838,"file":"D:\\WORK\\2022\\论文相关\\benchmark\\miniapp\\998二手挖机圈\\_-1965603458_27\\pages\\accountpoint\\index.js"},"to":{"name":"this","loc":{"line":31,"column":16},"id":2959,"file":"D:\\WORK\\2022\\论文相关\\benchmark\\miniapp\\998二手挖机圈\\_-1965603458_27\\pages\\accountpoint\\index.js"}},{"type":"read","from":{"name":"data","loc":{"line":4,"column":4},"id":2838,"file":"D:\\WORK\\2022\\论文相关\\benchmark\\miniapp\\998二手挖机圈\\_-1965603458_27\\pages\\accountpoint\\index.js"},"to":{"name":"this","loc":{"line":56,"column":16},"id":3080,"file":"D:\\WORK\\2022\\论文相关\\benchmark\\miniapp\\998二手挖机圈\\_-1965603458_27\\pages\\accountpoint\\index.js"}},{"type":"read","from":{"name":"data","loc":{"line":4,"column":4},"id":2838,"file":"D:\\WORK\\2022\\论文相关\\benchmark\\miniapp\\998二手挖机圈\\_-1965603458_27\\pages\\accountpoint\\index.js"},"to":{"name":"this","loc":{"line":77,"column":16},"id":3158,"file":"D:\\WORK\\2022\\论文相关\\benchmark\\miniapp\\998二手挖机圈\\_-1965603458_27\\pages\\accountpoint\\index.js"}},{"type":"assign to","from":{"name":"this","loc":{"line":77,"column":16},"id":3158,"file":"D:\\WORK\\2022\\论文相关\\benchmark\\miniapp\\998二手挖机圈\\_-1965603458_27\\pages\\accountpoint\\index.js"},"to":{"name":"e","loc":{"line":77,"column":12},"id":3157,"file":"D:\\WORK\\2022\\论文相关\\benchmark\\miniapp\\998二手挖机圈\\_-1965603458_27\\pages\\accountpoint\\index.js"}},{"type":"assign to","from":{"name":"this","loc":{"line":56,"column":16},"id":3080,"file":"D:\\WORK\\2022\\论文相关\\benchmark\\miniapp\\998二手挖机圈\\_-1965603458_27\\pages\\accountpoint\\index.js"},"to":{"name":"e","loc":{"line":56,"column":12},"id":3079,"file":"D:\\WORK\\2022\\论文相关\\benchmark\\miniapp\\998二手挖机圈\\_-1965603458_27\\pages\\accountpoint\\index.js"}},{"type":"assign to","from":{"name":"this","loc":{"line":31,"column":16},"id":2959,"file":"D:\\WORK\\2022\\论文相关\\benchmark\\miniapp\\998二手挖机圈\\_-1965603458_27\\pages\\accountpoint\\index.js"},"to":{"name":"a","loc":{"line":31,"column":12},"id":2958,"file":"D:\\WORK\\2022\\论文相关\\benchmark\\miniapp\\998二手挖机圈\\_-1965603458_27\\pages\\accountpoint\\index.js"}},{"type":"assign to","from":{"name":"this","loc":{"line":19,"column":16},"id":2892,"file":"D:\\WORK\\2022\\论文相关\\benchmark\\miniapp\\998二手挖机圈\\_-1965603458_27\\pages\\accountpoint\\index.js"},"to":{"name":"e","loc":{"line":19,"column":12},"id":2891,"file":"D:\\WORK\\2022\\论文相关\\benchmark\\miniapp\\998二手挖机圈\\_-1965603458_27\\pages\\accountpoint\\index.js"}}]}]}],"writeShadows":[{"shadowVar":{"declaredName":"__object__4.sliderOffset","declaredLoc":{"line":7,"column":8},"file":"D:\\WORK\\2022\\论文相关\\benchmark\\miniapp\\998二手挖机圈\\_-1965603458_27\\pages\\accountpoint\\index.js"},"writeAccess":[]}]},{"propName":".sliderLeft","readShadows":[{"shadowVar":{"declaredName":"__object__4.sliderLeft","declaredLoc":{"line":8,"column":8},"file":"D:\\WORK\\2022\\论文相关\\benchmark\\miniapp\\998二手挖机圈\\_-1965603458_27\\pages\\accountpoint\\index.js"},"readAccess":[{"leftVar":[{"declaredName":"__object__3.data","declaredLoc":{"line":4,"column":4},"file":"D:\\WORK\\2022\\论文相关\\benchmark\\miniapp\\998二手挖机圈\\_-1965603458_27\\pages\\accountpoint\\index.js"}],"readFlow":[{"type":"assign to","from":{"name":"sliderLeft","loc":{"line":8,"column":8},"id":2850,"file":"D:\\WORK\\2022\\论文相关\\benchmark\\miniapp\\998二手挖机圈\\_-1965603458_27\\pages\\accountpoint\\index.js"},"to":{"name":"data","loc":{"line":4,"column":4},"id":2838,"file":"D:\\WORK\\2022\\论文相关\\benchmark\\miniapp\\998二手挖机圈\\_-1965603458_27\\pages\\accountpoint\\index.js"}},{"type":"to callee","from":{"name":"data","loc":{"line":4,"column":4},"id":2838,"file":"D:\\WORK\\2022\\论文相关\\benchmark\\miniapp\\998二手挖机圈\\_-1965603458_27\\pages\\accountpoint\\index.js"},"to":{"name":"Page","loc":{"line":3,"column":0},"id":2835,"file":"D:\\WORK\\2022\\论文相关\\benchmark\\miniapp\\998二手挖机圈\\_-1965603458_27\\pages\\accountpoint\\index.js"}},{"type":"read","from":{"name":"data","loc":{"line":4,"column":4},"id":2838,"file":"D:\\WORK\\2022\\论文相关\\benchmark\\miniapp\\998二手挖机圈\\_-1965603458_27\\pages\\accountpoint\\index.js"},"to":{"name":"this","loc":{"line":19,"column":16},"id":2892,"file":"D:\\WORK\\2022\\论文相关\\benchmark\\miniapp\\998二手挖机圈\\_-1965603458_27\\pages\\accountpoint\\index.js"}},{"type":"read","from":{"name":"data","loc":{"line":4,"column":4},"id":2838,"file":"D:\\WORK\\2022\\论文相关\\benchmark\\miniapp\\998二手挖机圈\\_-1965603458_27\\pages\\accountpoint\\index.js"},"to":{"name":"this","loc":{"line":31,"column":16},"id":2959,"file":"D:\\WORK\\2022\\论文相关\\benchmark\\miniapp\\998二手挖机圈\\_-1965603458_27\\pages\\accountpoint\\index.js"}},{"type":"read","from":{"name":"data","loc":{"line":4,"column":4},"id":2838,"file":"D:\\WORK\\2022\\论文相关\\benchmark\\miniapp\\998二手挖机圈\\_-1965603458_27\\pages\\accountpoint\\index.js"},"to":{"name":"this","loc":{"line":56,"column":16},"id":3080,"file":"D:\\WORK\\2022\\论文相关\\benchmark\\miniapp\\998二手挖机圈\\_-1965603458_27\\pages\\accountpoint\\index.js"}},{"type":"read","from":{"name":"data","loc":{"line":4,"column":4},"id":2838,"file":"D:\\WORK\\2022\\论文相关\\benchmark\\miniapp\\998二手挖机圈\\_-1965603458_27\\pages\\accountpoint\\index.js"},"to":{"name":"this","loc":{"line":77,"column":16},"id":3158,"file":"D:\\WORK\\2022\\论文相关\\benchmark\\miniapp\\998二手挖机圈\\_-1965603458_27\\pages\\accountpoint\\index.js"}},{"type":"assign to","from":{"name":"this","loc":{"line":77,"column":16},"id":3158,"file":"D:\\WORK\\2022\\论文相关\\benchmark\\miniapp\\998二手挖机圈\\_-1965603458_27\\pages\\accountpoint\\index.js"},"to":{"name":"e","loc":{"line":77,"column":12},"id":3157,"file":"D:\\WORK\\2022\\论文相关\\benchmark\\miniapp\\998二手挖机圈\\_-1965603458_27\\pages\\accountpoint\\index.js"}},{"type":"assign to","from":{"name":"this","loc":{"line":56,"column":16},"id":3080,"file":"D:\\WORK\\2022\\论文相关\\benchmark\\miniapp\\998二手挖机圈\\_-1965603458_27\\pages\\accountpoint\\index.js"},"to":{"name":"e","loc":{"line":56,"column":12},"id":3079,"file":"D:\\WORK\\2022\\论文相关\\benchmark\\miniapp\\998二手挖机圈\\_-1965603458_27\\pages\\accountpoint\\index.js"}},{"type":"assign to","from":{"name":"this","loc":{"line":31,"column":16},"id":2959,"file":"D:\\WORK\\2022\\论文相关\\benchmark\\miniapp\\998二手挖机圈\\_-1965603458_27\\pages\\accountpoint\\index.js"},"to":{"name":"a","loc":{"line":31,"column":12},"id":2958,"file":"D:\\WORK\\2022\\论文相关\\benchmark\\miniapp\\998二手挖机圈\\_-1965603458_27\\pages\\accountpoint\\index.js"}},{"type":"assign to","from":{"name":"this","loc":{"line":19,"column":16},"id":2892,"file":"D:\\WORK\\2022\\论文相关\\benchmark\\miniapp\\998二手挖机圈\\_-1965603458_27\\pages\\accountpoint\\index.js"},"to":{"name":"e","loc":{"line":19,"column":12},"id":2891,"file":"D:\\WORK\\2022\\论文相关\\benchmark\\miniapp\\998二手挖机圈\\_-1965603458_27\\pages\\accountpoint\\index.js"}}]}]}],"writeShadows":[{"shadowVar":{"declaredName":"__object__4.sliderLeft","declaredLoc":{"line":8,"column":8},"file":"D:\\WORK\\2022\\论文相关\\benchmark\\miniapp\\998二手挖机圈\\_-1965603458_27\\pages\\accountpoint\\index.js"},"writeAccess":[]}]},{"propName":".show_integral","readShadows":[{"shadowVar":{"declaredName":"__object__4.show_integral","declaredLoc":{"line":9,"column":8},"file":"D:\\WORK\\2022\\论文相关\\benchmark\\miniapp\\998二手挖机圈\\_-1965603458_27\\pages\\accountpoint\\index.js"},"readAccess":[{"leftVar":[{"declaredName":"__object__3.data","declaredLoc":{"line":4,"column":4},"file":"D:\\WORK\\2022\\论文相关\\benchmark\\miniapp\\998二手挖机圈\\_-1965603458_27\\pages\\accountpoint\\index.js"}],"readFlow":[{"type":"assign to","from":{"name":"show_integral","loc":{"line":9,"column":8},"id":2853,"file":"D:\\WORK\\2022\\论文相关\\benchmark\\miniapp\\998二手挖机圈\\_-1965603458_27\\pages\\accountpoint\\index.js"},"to":{"name":"data","loc":{"line":4,"column":4},"id":2838,"file":"D:\\WORK\\2022\\论文相关\\benchmark\\miniapp\\998二手挖机圈\\_-1965603458_27\\pages\\accountpoint\\index.js"}},{"type":"to callee","from":{"name":"data","loc":{"line":4,"column":4},"id":2838,"file":"D:\\WORK\\2022\\论文相关\\benchmark\\miniapp\\998二手挖机圈\\_-1965603458_27\\pages\\accountpoint\\index.js"},"to":{"name":"Page","loc":{"line":3,"column":0},"id":2835,"file":"D:\\WORK\\2022\\论文相关\\benchmark\\miniapp\\998二手挖机圈\\_-1965603458_27\\pages\\accountpoint\\index.js"}},{"type":"read","from":{"name":"data","loc":{"line":4,"column":4},"id":2838,"file":"D:\\WORK\\2022\\论文相关\\benchmark\\miniapp\\998二手挖机圈\\_-1965603458_27\\pages\\accountpoint\\index.js"},"to":{"name":"this","loc":{"line":19,"column":16},"id":2892,"file":"D:\\WORK\\2022\\论文相关\\benchmark\\miniapp\\998二手挖机圈\\_-1965603458_27\\pages\\accountpoint\\index.js"}},{"type":"read","from":{"name":"data","loc":{"line":4,"column":4},"id":2838,"file":"D:\\WORK\\2022\\论文相关\\benchmark\\miniapp\\998二手挖机圈\\_-1965603458_27\\pages\\accountpoint\\index.js"},"to":{"name":"this","loc":{"line":31,"column":16},"id":2959,"file":"D:\\WORK\\2022\\论文相关\\benchmark\\miniapp\\998二手挖机圈\\_-1965603458_27\\pages\\accountpoint\\index.js"}},{"type":"read","from":{"name":"data","loc":{"line":4,"column":4},"id":2838,"file":"D:\\WORK\\2022\\论文相关\\benchmark\\miniapp\\998二手挖机圈\\_-1965603458_27\\pages\\accountpoint\\index.js"},"to":{"name":"this","loc":{"line":56,"column":16},"id":3080,"file":"D:\\WORK\\2022\\论文相关\\benchmark\\miniapp\\998二手挖机圈\\_-1965603458_27\\pages\\accountpoint\\index.js"}},{"type":"read","from":{"name":"data","loc":{"line":4,"column":4},"id":2838,"file":"D:\\WORK\\2022\\论文相关\\benchmark\\miniapp\\998二手挖机圈\\_-1965603458_27\\pages\\accountpoint\\index.js"},"to":{"name":"this","loc":{"line":77,"column":16},"id":3158,"file":"D:\\WORK\\2022\\论文相关\\benchmark\\miniapp\\998二手挖机圈\\_-1965603458_27\\pages\\accountpoint\\index.js"}},{"type":"assign to","from":{"name":"this","loc":{"line":77,"column":16},"id":3158,"file":"D:\\WORK\\2022\\论文相关\\benchmark\\miniapp\\998二手挖机圈\\_-1965603458_27\\pages\\accountpoint\\index.js"},"to":{"name":"e","loc":{"line":77,"column":12},"id":3157,"file":"D:\\WORK\\2022\\论文相关\\benchmark\\miniapp\\998二手挖机圈\\_-1965603458_27\\pages\\accountpoint\\index.js"}},{"type":"assign to","from":{"name":"this","loc":{"line":56,"column":16},"id":3080,"file":"D:\\WORK\\2022\\论文相关\\benchmark\\miniapp\\998二手挖机圈\\_-1965603458_27\\pages\\accountpoint\\index.js"},"to":{"name":"e","loc":{"line":56,"column":12},"id":3079,"file":"D:\\WORK\\2022\\论文相关\\benchmark\\miniapp\\998二手挖机圈\\_-1965603458_27\\pages\\accountpoint\\index.js"}},{"type":"assign to","from":{"name":"this","loc":{"line":31,"column":16},"id":2959,"file":"D:\\WORK\\2022\\论文相关\\benchmark\\miniapp\\998二手挖机圈\\_-1965603458_27\\pages\\accountpoint\\index.js"},"to":{"name":"a","loc":{"line":31,"column":12},"id":2958,"file":"D:\\WORK\\2022\\论文相关\\benchmark\\miniapp\\998二手挖机圈\\_-1965603458_27\\pages\\accountpoint\\index.js"}},{"type":"assign to","from":{"name":"this","loc":{"line":19,"column":16},"id":2892,"file":"D:\\WORK\\2022\\论文相关\\benchmark\\miniapp\\998二手挖机圈\\_-1965603458_27\\pages\\accountpoint\\index.js"},"to":{"name":"e","loc":{"line":19,"column":12},"id":2891,"file":"D:\\WORK\\2022\\论文相关\\benchmark\\miniapp\\998二手挖机圈\\_-1965603458_27\\pages\\accountpoint\\index.js"}}]}]}],"writeShadows":[{"shadowVar":{"declaredName":"__object__4.show_integral","declaredLoc":{"line":9,"column":8},"file":"D:\\WORK\\2022\\论文相关\\benchmark\\miniapp\\998二手挖机圈\\_-1965603458_27\\pages\\accountpoint\\index.js"},"writeAccess":[]}]},{"propName":".convert_data","readShadows":[{"shadowVar":{"declaredName":"__object__4.convert_data","declaredLoc":{"line":10,"column":8},"file":"D:\\WORK\\2022\\论文相关\\benchmark\\miniapp\\998二手挖机圈\\_-1965603458_27\\pages\\accountpoint\\index.js"},"readAccess":[{"leftVar":[{"declaredName":"__object__3.data","declaredLoc":{"line":4,"column":4},"file":"D:\\WORK\\2022\\论文相关\\benchmark\\miniapp\\998二手挖机圈\\_-1965603458_27\\pages\\accountpoint\\index.js"}],"readFlow":[{"type":"assign to","from":{"name":"convert_data","loc":{"line":10,"column":8},"id":2857,"file":"D:\\WORK\\2022\\论文相关\\benchmark\\miniapp\\998二手挖机圈\\_-1965603458_27\\pages\\accountpoint\\index.js"},"to":{"name":"data","loc":{"line":4,"column":4},"id":2838,"file":"D:\\WORK\\2022\\论文相关\\benchmark\\miniapp\\998二手挖机圈\\_-1965603458_27\\pages\\accountpoint\\index.js"}},{"type":"to callee","from":{"name":"data","loc":{"line":4,"column":4},"id":2838,"file":"D:\\WORK\\2022\\论文相关\\benchmark\\miniapp\\998二手挖机圈\\_-1965603458_27\\pages\\accountpoint\\index.js"},"to":{"name":"Page","loc":{"line":3,"column":0},"id":2835,"file":"D:\\WORK\\2022\\论文相关\\benchmark\\miniapp\\998二手挖机圈\\_-1965603458_27\\pages\\accountpoint\\index.js"}},{"type":"read","from":{"name":"data","loc":{"line":4,"column":4},"id":2838,"file":"D:\\WORK\\2022\\论文相关\\benchmark\\miniapp\\998二手挖机圈\\_-1965603458_27\\pages\\accountpoint\\index.js"},"to":{"name":"this","loc":{"line":19,"column":16},"id":2892,"file":"D:\\WORK\\2022\\论文相关\\benchmark\\miniapp\\998二手挖机圈\\_-1965603458_27\\pages\\accountpoint\\index.js"}},{"type":"read","from":{"name":"data","loc":{"line":4,"column":4},"id":2838,"file":"D:\\WORK\\2022\\论文相关\\benchmark\\miniapp\\998二手挖机圈\\_-1965603458_27\\pages\\accountpoint\\index.js"},"to":{"name":"this","loc":{"line":31,"column":16},"id":2959,"file":"D:\\WORK\\2022\\论文相关\\benchmark\\miniapp\\998二手挖机圈\\_-1965603458_27\\pages\\accountpoint\\index.js"}},{"type":"read","from":{"name":"data","loc":{"line":4,"column":4},"id":2838,"file":"D:\\WORK\\2022\\论文相关\\benchmark\\miniapp\\998二手挖机圈\\_-1965603458_27\\pages\\accountpoint\\index.js"},"to":{"name":"this","loc":{"line":56,"column":16},"id":3080,"file":"D:\\WORK\\2022\\论文相关\\benchmark\\miniapp\\998二手挖机圈\\_-1965603458_27\\pages\\accountpoint\\index.js"}},{"type":"read","from":{"name":"data","loc":{"line":4,"column":4},"id":2838,"file":"D:\\WORK\\2022\\论文相关\\benchmark\\miniapp\\998二手挖机圈\\_-1965603458_27\\pages\\accountpoint\\index.js"},"to":{"name":"this","loc":{"line":77,"column":16},"id":3158,"file":"D:\\WORK\\2022\\论文相关\\benchmark\\miniapp\\998二手挖机圈\\_-1965603458_27\\pages\\accountpoint\\index.js"}},{"type":"assign to","from":{"name":"this","loc":{"line":77,"column":16},"id":3158,"file":"D:\\WORK\\2022\\论文相关\\benchmark\\miniapp\\998二手挖机圈\\_-1965603458_27\\pages\\accountpoint\\index.js"},"to":{"name":"e","loc":{"line":77,"column":12},"id":3157,"file":"D:\\WORK\\2022\\论文相关\\benchmark\\miniapp\\998二手挖机圈\\_-1965603458_27\\pages\\accountpoint\\index.js"}},{"type":"assign to","from":{"name":"this","loc":{"line":56,"column":16},"id":3080,"file":"D:\\WORK\\2022\\论文相关\\benchmark\\miniapp\\998二手挖机圈\\_-1965603458_27\\pages\\accountpoint\\index.js"},"to":{"name":"e","loc":{"line":56,"column":12},"id":3079,"file":"D:\\WORK\\2022\\论文相关\\benchmark\\miniapp\\998二手挖机圈\\_-1965603458_27\\pages\\accountpoint\\index.js"}},{"type":"assign to","from":{"name":"this","loc":{"line":31,"column":16},"id":2959,"file":"D:\\WORK\\2022\\论文相关\\benchmark\\miniapp\\998二手挖机圈\\_-1965603458_27\\pages\\accountpoint\\index.js"},"to":{"name":"a","loc":{"line":31,"column":12},"id":2958,"file":"D:\\WORK\\2022\\论文相关\\benchmark\\miniapp\\998二手挖机圈\\_-1965603458_27\\pages\\accountpoint\\index.js"}},{"type":"assign to","from":{"name":"this","loc":{"line":19,"column":16},"id":2892,"file":"D:\\WORK\\2022\\论文相关\\benchmark\\miniapp\\998二手挖机圈\\_-1965603458_27\\pages\\accountpoint\\index.js"},"to":{"name":"e","loc":{"line":19,"column":12},"id":2891,"file":"D:\\WORK\\2022\\论文相关\\benchmark\\miniapp\\998二手挖机圈\\_-1965603458_27\\pages\\accountpoint\\index.js"}}]}]}],"writeShadows":[{"shadowVar":{"declaredName":"__object__4.convert_data","declaredLoc":{"line":10,"column":8},"file":"D:\\WORK\\2022\\论文相关\\benchmark\\miniapp\\998二手挖机圈\\_-1965603458_27\\pages\\accountpoint\\index.js"},"writeAccess":[]}]}]}]}