{"definedData":[],"dynamicDefinedData":[{"shadowObjectVar":"__object__3","dynamicDefinedProps":[{"propName":".setData","readShadows":[{"shadowVar":{"id":-21711,"declaredName":"__object__3.setData","file":"/pages/home/index.js","type":"normal"},"readAccess":[{"leftVar":[{"id":300934,"declaredName":"e","declaredLoc":{"line":32,"column":12},"file":"/pages/home/index.js","type":"normal"}],"readFlow":[{"type":"assign to","from":{"name":"this","loc":{"line":32,"column":16},"id":300935,"file":"D:\\WORK\\2022\\论文相关\\TOSEM\\MiniApp-review\\flow-baseline\\datasetPopular\\中国生物疫苗服务\\__APP__/pages/home/index.js"},"to":{"name":"e","loc":{"line":32,"column":12},"id":300934,"file":"D:\\WORK\\2022\\论文相关\\TOSEM\\MiniApp-review\\flow-baseline\\datasetPopular\\中国生物疫苗服务\\__APP__/pages/home/index.js"}}]},{"leftVar":[{"id":301436,"declaredName":"t","declaredLoc":{"line":107,"column":12},"file":"/pages/home/index.js","type":"normal"}],"readFlow":[{"type":"assign to","from":{"name":"this","loc":{"line":107,"column":16},"id":301437,"file":"D:\\WORK\\2022\\论文相关\\TOSEM\\MiniApp-review\\flow-baseline\\datasetPopular\\中国生物疫苗服务\\__APP__/pages/home/index.js"},"to":{"name":"t","loc":{"line":107,"column":12},"id":301436,"file":"D:\\WORK\\2022\\论文相关\\TOSEM\\MiniApp-review\\flow-baseline\\datasetPopular\\中国生物疫苗服务\\__APP__/pages/home/index.js"}}]},{"leftVar":[{"id":301579,"declaredName":"t","declaredLoc":{"line":127,"column":12},"file":"/pages/home/index.js","type":"normal"}],"readFlow":[{"type":"assign to","from":{"name":"this","loc":{"line":127,"column":16},"id":301580,"file":"D:\\WORK\\2022\\论文相关\\TOSEM\\MiniApp-review\\flow-baseline\\datasetPopular\\中国生物疫苗服务\\__APP__/pages/home/index.js"},"to":{"name":"t","loc":{"line":127,"column":12},"id":301579,"file":"D:\\WORK\\2022\\论文相关\\TOSEM\\MiniApp-review\\flow-baseline\\datasetPopular\\中国生物疫苗服务\\__APP__/pages/home/index.js"}}]},{"leftVar":[{"id":301808,"declaredName":"t","declaredLoc":{"line":153,"column":12},"file":"/pages/home/index.js","type":"normal"}],"readFlow":[{"type":"assign to","from":{"name":"this","loc":{"line":153,"column":16},"id":301809,"file":"D:\\WORK\\2022\\论文相关\\TOSEM\\MiniApp-review\\flow-baseline\\datasetPopular\\中国生物疫苗服务\\__APP__/pages/home/index.js"},"to":{"name":"t","loc":{"line":153,"column":12},"id":301808,"file":"D:\\WORK\\2022\\论文相关\\TOSEM\\MiniApp-review\\flow-baseline\\datasetPopular\\中国生物疫苗服务\\__APP__/pages/home/index.js"}}]}]}],"writeShadows":[{"shadowVar":{"id":-21711,"declaredName":"__object__3.setData","file":"/pages/home/index.js","type":"normal"},"writeAccess":[]}]}]}]}