{"definedData":[],"dynamicDefinedData":[{"shadowObjectVar":"__object__3","dynamicDefinedProps":[{"propName":".setData","readShadows":[{"shadowVar":{"id":-21745,"declaredName":"__object__3.setData","file":"/pages/mine/my.js","type":"normal"},"readAccess":[{"leftVar":[{"id":302013,"declaredName":"n","declaredLoc":{"line":30,"column":12},"file":"/pages/mine/my.js","type":"normal"}],"readFlow":[{"type":"assign to","from":{"name":"this","loc":{"line":30,"column":16},"id":302014,"file":"D:\\WORK\\2022\\论文相关\\TOSEM\\MiniApp-review\\flow-baseline\\datasetPopular\\中国生物疫苗服务\\__APP__/pages/mine/my.js"},"to":{"name":"n","loc":{"line":30,"column":12},"id":302013,"file":"D:\\WORK\\2022\\论文相关\\TOSEM\\MiniApp-review\\flow-baseline\\datasetPopular\\中国生物疫苗服务\\__APP__/pages/mine/my.js"}}]},{"leftVar":[{"id":302304,"declaredName":"e","declaredLoc":{"line":98,"column":12},"file":"/pages/mine/my.js","type":"normal"}],"readFlow":[{"type":"assign to","from":{"name":"this","loc":{"line":98,"column":16},"id":302305,"file":"D:\\WORK\\2022\\论文相关\\TOSEM\\MiniApp-review\\flow-baseline\\datasetPopular\\中国生物疫苗服务\\__APP__/pages/mine/my.js"},"to":{"name":"e","loc":{"line":98,"column":12},"id":302304,"file":"D:\\WORK\\2022\\论文相关\\TOSEM\\MiniApp-review\\flow-baseline\\datasetPopular\\中国生物疫苗服务\\__APP__/pages/mine/my.js"}}]}]}],"writeShadows":[{"shadowVar":{"id":-21745,"declaredName":"__object__3.setData","file":"/pages/mine/my.js","type":"normal"},"writeAccess":[]}]}]}]}