{"definedData":[],"dynamicDefinedData":[{"shadowObjectVar":"__object__3","dynamicDefinedProps":[{"propName":".setData","readShadows":[{"shadowVar":{"id":-21773,"declaredName":"__object__3.setData","file":"/pages/rate/createRate.js","type":"normal"},"readAccess":[{"leftVar":[{"id":302659,"declaredName":"t","declaredLoc":{"line":58,"column":12},"file":"/pages/rate/createRate.js","type":"normal"}],"readFlow":[{"type":"assign to","from":{"name":"this","loc":{"line":58,"column":16},"id":302660,"file":"D:\\WORK\\2022\\论文相关\\TOSEM\\MiniApp-review\\flow-baseline\\datasetPopular\\中国生物疫苗服务\\__APP__/pages/rate/createRate.js"},"to":{"name":"t","loc":{"line":58,"column":12},"id":302659,"file":"D:\\WORK\\2022\\论文相关\\TOSEM\\MiniApp-review\\flow-baseline\\datasetPopular\\中国生物疫苗服务\\__APP__/pages/rate/createRate.js"}}]},{"leftVar":[{"id":303128,"declaredName":"t","declaredLoc":{"line":165,"column":12},"file":"/pages/rate/createRate.js","type":"normal"}],"readFlow":[{"type":"assign to","from":{"name":"this","loc":{"line":165,"column":16},"id":303129,"file":"D:\\WORK\\2022\\论文相关\\TOSEM\\MiniApp-review\\flow-baseline\\datasetPopular\\中国生物疫苗服务\\__APP__/pages/rate/createRate.js"},"to":{"name":"t","loc":{"line":165,"column":12},"id":303128,"file":"D:\\WORK\\2022\\论文相关\\TOSEM\\MiniApp-review\\flow-baseline\\datasetPopular\\中国生物疫苗服务\\__APP__/pages/rate/createRate.js"}}]},{"leftVar":[{"id":303131,"declaredName":"a","declaredLoc":{"line":165,"column":22},"file":"/pages/rate/createRate.js","type":"normal"}],"readFlow":[{"type":"assign to","from":{"name":"this","loc":{"line":165,"column":26},"id":303132,"file":"D:\\WORK\\2022\\论文相关\\TOSEM\\MiniApp-review\\flow-baseline\\datasetPopular\\中国生物疫苗服务\\__APP__/pages/rate/createRate.js"},"to":{"name":"a","loc":{"line":165,"column":22},"id":303131,"file":"D:\\WORK\\2022\\论文相关\\TOSEM\\MiniApp-review\\flow-baseline\\datasetPopular\\中国生物疫苗服务\\__APP__/pages/rate/createRate.js"}}]},{"leftVar":[{"id":303272,"declaredName":"t","declaredLoc":{"line":188,"column":12},"file":"/pages/rate/createRate.js","type":"normal"}],"readFlow":[{"type":"assign to","from":{"name":"this","loc":{"line":188,"column":16},"id":303273,"file":"D:\\WORK\\2022\\论文相关\\TOSEM\\MiniApp-review\\flow-baseline\\datasetPopular\\中国生物疫苗服务\\__APP__/pages/rate/createRate.js"},"to":{"name":"t","loc":{"line":188,"column":12},"id":303272,"file":"D:\\WORK\\2022\\论文相关\\TOSEM\\MiniApp-review\\flow-baseline\\datasetPopular\\中国生物疫苗服务\\__APP__/pages/rate/createRate.js"}}]},{"leftVar":[{"id":303345,"declaredName":"o","declaredLoc":{"line":199,"column":12},"file":"/pages/rate/createRate.js","type":"normal"}],"readFlow":[{"type":"assign to","from":{"name":"this","loc":{"line":199,"column":16},"id":303346,"file":"D:\\WORK\\2022\\论文相关\\TOSEM\\MiniApp-review\\flow-baseline\\datasetPopular\\中国生物疫苗服务\\__APP__/pages/rate/createRate.js"},"to":{"name":"o","loc":{"line":199,"column":12},"id":303345,"file":"D:\\WORK\\2022\\论文相关\\TOSEM\\MiniApp-review\\flow-baseline\\datasetPopular\\中国生物疫苗服务\\__APP__/pages/rate/createRate.js"}}]}]}],"writeShadows":[{"shadowVar":{"id":-21773,"declaredName":"__object__3.setData","file":"/pages/rate/createRate.js","type":"normal"},"writeAccess":[]}]}]}]}