{"definedData":[],"dynamicDefinedData":[{"shadowObjectVar":"__object__3","dynamicDefinedProps":[{"propName":".setData","readShadows":[{"shadowVar":{"id":-21828,"declaredName":"__object__3.setData","file":"/pages/rate/rateDetail.js","type":"normal"},"readAccess":[{"leftVar":[{"id":304286,"declaredName":"t","declaredLoc":{"line":57,"column":12},"file":"/pages/rate/rateDetail.js","type":"normal"}],"readFlow":[{"type":"assign to","from":{"name":"this","loc":{"line":57,"column":16},"id":304287,"file":"D:\\WORK\\2022\\论文相关\\TOSEM\\MiniApp-review\\flow-baseline\\datasetPopular\\中国生物疫苗服务\\__APP__/pages/rate/rateDetail.js"},"to":{"name":"t","loc":{"line":57,"column":12},"id":304286,"file":"D:\\WORK\\2022\\论文相关\\TOSEM\\MiniApp-review\\flow-baseline\\datasetPopular\\中国生物疫苗服务\\__APP__/pages/rate/rateDetail.js"}}]},{"leftVar":[{"id":304514,"declaredName":"t","declaredLoc":{"line":106,"column":12},"file":"/pages/rate/rateDetail.js","type":"normal"}],"readFlow":[{"type":"assign to","from":{"name":"this","loc":{"line":106,"column":16},"id":304515,"file":"D:\\WORK\\2022\\论文相关\\TOSEM\\MiniApp-review\\flow-baseline\\datasetPopular\\中国生物疫苗服务\\__APP__/pages/rate/rateDetail.js"},"to":{"name":"t","loc":{"line":106,"column":12},"id":304514,"file":"D:\\WORK\\2022\\论文相关\\TOSEM\\MiniApp-review\\flow-baseline\\datasetPopular\\中国生物疫苗服务\\__APP__/pages/rate/rateDetail.js"}}]},{"leftVar":[{"id":304517,"declaredName":"e","declaredLoc":{"line":106,"column":22},"file":"/pages/rate/rateDetail.js","type":"normal"}],"readFlow":[{"type":"assign to","from":{"name":"this","loc":{"line":106,"column":26},"id":304518,"file":"D:\\WORK\\2022\\论文相关\\TOSEM\\MiniApp-review\\flow-baseline\\datasetPopular\\中国生物疫苗服务\\__APP__/pages/rate/rateDetail.js"},"to":{"name":"e","loc":{"line":106,"column":22},"id":304517,"file":"D:\\WORK\\2022\\论文相关\\TOSEM\\MiniApp-review\\flow-baseline\\datasetPopular\\中国生物疫苗服务\\__APP__/pages/rate/rateDetail.js"}}]},{"leftVar":[{"id":304658,"declaredName":"t","declaredLoc":{"line":129,"column":12},"file":"/pages/rate/rateDetail.js","type":"normal"}],"readFlow":[{"type":"assign to","from":{"name":"this","loc":{"line":129,"column":16},"id":304659,"file":"D:\\WORK\\2022\\论文相关\\TOSEM\\MiniApp-review\\flow-baseline\\datasetPopular\\中国生物疫苗服务\\__APP__/pages/rate/rateDetail.js"},"to":{"name":"t","loc":{"line":129,"column":12},"id":304658,"file":"D:\\WORK\\2022\\论文相关\\TOSEM\\MiniApp-review\\flow-baseline\\datasetPopular\\中国生物疫苗服务\\__APP__/pages/rate/rateDetail.js"}}]},{"leftVar":[{"id":304731,"declaredName":"o","declaredLoc":{"line":140,"column":12},"file":"/pages/rate/rateDetail.js","type":"normal"}],"readFlow":[{"type":"assign to","from":{"name":"this","loc":{"line":140,"column":16},"id":304732,"file":"D:\\WORK\\2022\\论文相关\\TOSEM\\MiniApp-review\\flow-baseline\\datasetPopular\\中国生物疫苗服务\\__APP__/pages/rate/rateDetail.js"},"to":{"name":"o","loc":{"line":140,"column":12},"id":304731,"file":"D:\\WORK\\2022\\论文相关\\TOSEM\\MiniApp-review\\flow-baseline\\datasetPopular\\中国生物疫苗服务\\__APP__/pages/rate/rateDetail.js"}}]}]}],"writeShadows":[{"shadowVar":{"id":-21828,"declaredName":"__object__3.setData","file":"/pages/rate/rateDetail.js","type":"normal"},"writeAccess":[]}]}]}]}