{"definedData":[],"dynamicDefinedData":[{"shadowObjectVar":"__object__3","dynamicDefinedProps":[{"propName":".setData","readShadows":[{"shadowVar":{"id":-21870,"declaredName":"__object__3.setData","file":"/pages/tip/vaccine-inventory.js","type":"normal"},"readAccess":[{"leftVar":[{"id":305187,"declaredName":"t","declaredLoc":{"line":12,"column":12},"file":"/pages/tip/vaccine-inventory.js","type":"normal"}],"readFlow":[{"type":"assign to","from":{"name":"this","loc":{"line":12,"column":16},"id":305188,"file":"D:\\WORK\\2022\\论文相关\\TOSEM\\MiniApp-review\\flow-baseline\\datasetPopular\\中国生物疫苗服务\\__APP__/pages/tip/vaccine-inventory.js"},"to":{"name":"t","loc":{"line":12,"column":12},"id":305187,"file":"D:\\WORK\\2022\\论文相关\\TOSEM\\MiniApp-review\\flow-baseline\\datasetPopular\\中国生物疫苗服务\\__APP__/pages/tip/vaccine-inventory.js"}}]}]}],"writeShadows":[{"shadowVar":{"id":-21870,"declaredName":"__object__3.setData","file":"/pages/tip/vaccine-inventory.js","type":"normal"},"writeAccess":[]}]}]}]}