{"definedData":[],"dynamicDefinedData":[{"shadowObjectVar":"__object__3","dynamicDefinedProps":[{"propName":".setData","readShadows":[{"shadowVar":{"id":-25584,"declaredName":"__object__3.setData","file":"/pages/home/home/custom.js","type":"normal"},"readAccess":[{"leftVar":[{"id":392191,"declaredName":"t","declaredLoc":{"line":47,"column":12},"file":"/pages/home/home/custom.js","type":"normal"}],"readFlow":[{"type":"assign to","from":{"name":"this","loc":{"line":47,"column":16},"id":392192,"file":"D:\\WORK\\2022\\论文相关\\TOSEM\\MiniApp-review\\flow-baseline\\datasetPopular\\中国生物疫苗服务\\__APP__/pages/home/home/custom.js"},"to":{"name":"t","loc":{"line":47,"column":12},"id":392191,"file":"D:\\WORK\\2022\\论文相关\\TOSEM\\MiniApp-review\\flow-baseline\\datasetPopular\\中国生物疫苗服务\\__APP__/pages/home/home/custom.js"}}]},{"leftVar":[{"id":392271,"declaredName":"t","declaredLoc":{"line":69,"column":12},"file":"/pages/home/home/custom.js","type":"normal"}],"readFlow":[{"type":"assign to","from":{"name":"this","loc":{"line":69,"column":16},"id":392272,"file":"D:\\WORK\\2022\\论文相关\\TOSEM\\MiniApp-review\\flow-baseline\\datasetPopular\\中国生物疫苗服务\\__APP__/pages/home/home/custom.js"},"to":{"name":"t","loc":{"line":69,"column":12},"id":392271,"file":"D:\\WORK\\2022\\论文相关\\TOSEM\\MiniApp-review\\flow-baseline\\datasetPopular\\中国生物疫苗服务\\__APP__/pages/home/home/custom.js"}}]},{"leftVar":[{"id":392375,"declaredName":"t","declaredLoc":{"line":89,"column":12},"file":"/pages/home/home/custom.js","type":"normal"}],"readFlow":[{"type":"assign to","from":{"name":"this","loc":{"line":89,"column":16},"id":392376,"file":"D:\\WORK\\2022\\论文相关\\TOSEM\\MiniApp-review\\flow-baseline\\datasetPopular\\中国生物疫苗服务\\__APP__/pages/home/home/custom.js"},"to":{"name":"t","loc":{"line":89,"column":12},"id":392375,"file":"D:\\WORK\\2022\\论文相关\\TOSEM\\MiniApp-review\\flow-baseline\\datasetPopular\\中国生物疫苗服务\\__APP__/pages/home/home/custom.js"}}]},{"leftVar":[{"id":392776,"declaredName":"t","declaredLoc":{"line":175,"column":12},"file":"/pages/home/home/custom.js","type":"normal"}],"readFlow":[{"type":"assign to","from":{"name":"this","loc":{"line":175,"column":16},"id":392777,"file":"D:\\WORK\\2022\\论文相关\\TOSEM\\MiniApp-review\\flow-baseline\\datasetPopular\\中国生物疫苗服务\\__APP__/pages/home/home/custom.js"},"to":{"name":"t","loc":{"line":175,"column":12},"id":392776,"file":"D:\\WORK\\2022\\论文相关\\TOSEM\\MiniApp-review\\flow-baseline\\datasetPopular\\中国生物疫苗服务\\__APP__/pages/home/home/custom.js"}}]},{"leftVar":[{"id":392779,"declaredName":"e","declaredLoc":{"line":175,"column":22},"file":"/pages/home/home/custom.js","type":"normal"}],"readFlow":[{"type":"assign to","from":{"name":"this","loc":{"line":175,"column":26},"id":392780,"file":"D:\\WORK\\2022\\论文相关\\TOSEM\\MiniApp-review\\flow-baseline\\datasetPopular\\中国生物疫苗服务\\__APP__/pages/home/home/custom.js"},"to":{"name":"e","loc":{"line":175,"column":22},"id":392779,"file":"D:\\WORK\\2022\\论文相关\\TOSEM\\MiniApp-review\\flow-baseline\\datasetPopular\\中国生物疫苗服务\\__APP__/pages/home/home/custom.js"}}]},{"leftVar":[{"id":392920,"declaredName":"t","declaredLoc":{"line":198,"column":12},"file":"/pages/home/home/custom.js","type":"normal"}],"readFlow":[{"type":"assign to","from":{"name":"this","loc":{"line":198,"column":16},"id":392921,"file":"D:\\WORK\\2022\\论文相关\\TOSEM\\MiniApp-review\\flow-baseline\\datasetPopular\\中国生物疫苗服务\\__APP__/pages/home/home/custom.js"},"to":{"name":"t","loc":{"line":198,"column":12},"id":392920,"file":"D:\\WORK\\2022\\论文相关\\TOSEM\\MiniApp-review\\flow-baseline\\datasetPopular\\中国生物疫苗服务\\__APP__/pages/home/home/custom.js"}}]}]}],"writeShadows":[{"shadowVar":{"id":-25584,"declaredName":"__object__3.setData","file":"/pages/home/home/custom.js","type":"normal"},"writeAccess":[]}]}]}]}