{"definedData":[],"dynamicDefinedData":[{"shadowObjectVar":"__object__3","dynamicDefinedProps":[{"propName":".setData","readShadows":[{"shadowVar":{"id":-25633,"declaredName":"__object__3.setData","file":"/pages/home/home/home.js","type":"normal"},"readAccess":[{"leftVar":[{"id":393502,"declaredName":"t","declaredLoc":{"line":55,"column":12},"file":"/pages/home/home/home.js","type":"normal"}],"readFlow":[{"type":"assign to","from":{"name":"this","loc":{"line":55,"column":16},"id":393503,"file":"D:\\WORK\\2022\\论文相关\\TOSEM\\MiniApp-review\\flow-baseline\\datasetPopular\\中国生物疫苗服务\\__APP__/pages/home/home/home.js"},"to":{"name":"t","loc":{"line":55,"column":12},"id":393502,"file":"D:\\WORK\\2022\\论文相关\\TOSEM\\MiniApp-review\\flow-baseline\\datasetPopular\\中国生物疫苗服务\\__APP__/pages/home/home/home.js"}}]},{"leftVar":[{"id":393544,"declaredName":"t","declaredLoc":{"line":68,"column":12},"file":"/pages/home/home/home.js","type":"normal"}],"readFlow":[{"type":"assign to","from":{"name":"this","loc":{"line":68,"column":16},"id":393545,"file":"D:\\WORK\\2022\\论文相关\\TOSEM\\MiniApp-review\\flow-baseline\\datasetPopular\\中国生物疫苗服务\\__APP__/pages/home/home/home.js"},"to":{"name":"t","loc":{"line":68,"column":12},"id":393544,"file":"D:\\WORK\\2022\\论文相关\\TOSEM\\MiniApp-review\\flow-baseline\\datasetPopular\\中国生物疫苗服务\\__APP__/pages/home/home/home.js"}}]},{"leftVar":[{"id":393650,"declaredName":"i","declaredLoc":{"line":88,"column":15},"file":"/pages/home/home/home.js","type":"normal"}],"readFlow":[{"type":"assign to","from":{"name":"this","loc":{"line":88,"column":19},"id":393651,"file":"D:\\WORK\\2022\\论文相关\\TOSEM\\MiniApp-review\\flow-baseline\\datasetPopular\\中国生物疫苗服务\\__APP__/pages/home/home/home.js"},"to":{"name":"i","loc":{"line":88,"column":15},"id":393650,"file":"D:\\WORK\\2022\\论文相关\\TOSEM\\MiniApp-review\\flow-baseline\\datasetPopular\\中国生物疫苗服务\\__APP__/pages/home/home/home.js"}}]},{"leftVar":[{"id":394105,"declaredName":"t","declaredLoc":{"line":176,"column":12},"file":"/pages/home/home/home.js","type":"normal"}],"readFlow":[{"type":"assign to","from":{"name":"this","loc":{"line":176,"column":16},"id":394106,"file":"D:\\WORK\\2022\\论文相关\\TOSEM\\MiniApp-review\\flow-baseline\\datasetPopular\\中国生物疫苗服务\\__APP__/pages/home/home/home.js"},"to":{"name":"t","loc":{"line":176,"column":12},"id":394105,"file":"D:\\WORK\\2022\\论文相关\\TOSEM\\MiniApp-review\\flow-baseline\\datasetPopular\\中国生物疫苗服务\\__APP__/pages/home/home/home.js"}}]},{"leftVar":[{"id":394108,"declaredName":"e","declaredLoc":{"line":176,"column":22},"file":"/pages/home/home/home.js","type":"normal"}],"readFlow":[{"type":"assign to","from":{"name":"this","loc":{"line":176,"column":26},"id":394109,"file":"D:\\WORK\\2022\\论文相关\\TOSEM\\MiniApp-review\\flow-baseline\\datasetPopular\\中国生物疫苗服务\\__APP__/pages/home/home/home.js"},"to":{"name":"e","loc":{"line":176,"column":22},"id":394108,"file":"D:\\WORK\\2022\\论文相关\\TOSEM\\MiniApp-review\\flow-baseline\\datasetPopular\\中国生物疫苗服务\\__APP__/pages/home/home/home.js"}}]},{"leftVar":[{"id":394253,"declaredName":"t","declaredLoc":{"line":200,"column":12},"file":"/pages/home/home/home.js","type":"normal"}],"readFlow":[{"type":"assign to","from":{"name":"this","loc":{"line":200,"column":16},"id":394254,"file":"D:\\WORK\\2022\\论文相关\\TOSEM\\MiniApp-review\\flow-baseline\\datasetPopular\\中国生物疫苗服务\\__APP__/pages/home/home/home.js"},"to":{"name":"t","loc":{"line":200,"column":12},"id":394253,"file":"D:\\WORK\\2022\\论文相关\\TOSEM\\MiniApp-review\\flow-baseline\\datasetPopular\\中国生物疫苗服务\\__APP__/pages/home/home/home.js"}}]},{"leftVar":[{"id":394326,"declaredName":"i","declaredLoc":{"line":211,"column":12},"file":"/pages/home/home/home.js","type":"normal"}],"readFlow":[{"type":"assign to","from":{"name":"this","loc":{"line":211,"column":16},"id":394327,"file":"D:\\WORK\\2022\\论文相关\\TOSEM\\MiniApp-review\\flow-baseline\\datasetPopular\\中国生物疫苗服务\\__APP__/pages/home/home/home.js"},"to":{"name":"i","loc":{"line":211,"column":12},"id":394326,"file":"D:\\WORK\\2022\\论文相关\\TOSEM\\MiniApp-review\\flow-baseline\\datasetPopular\\中国生物疫苗服务\\__APP__/pages/home/home/home.js"}}]}]}],"writeShadows":[{"shadowVar":{"id":-25633,"declaredName":"__object__3.setData","file":"/pages/home/home/home.js","type":"normal"},"writeAccess":[]}]}]}]}