{"definedData":[],"dynamicDefinedData":[{"shadowObjectVar":"__object__3","dynamicDefinedProps":[{"propName":".setData","readShadows":[{"shadowVar":{"id":-25677,"declaredName":"__object__3.setData","file":"/pages/home/home/qa.js","type":"normal"},"readAccess":[{"leftVar":[{"id":394549,"declaredName":"t","declaredLoc":{"line":30,"column":12},"file":"/pages/home/home/qa.js","type":"normal"}],"readFlow":[{"type":"assign to","from":{"name":"this","loc":{"line":30,"column":16},"id":394550,"file":"D:\\WORK\\2022\\论文相关\\TOSEM\\MiniApp-review\\flow-baseline\\datasetPopular\\中国生物疫苗服务\\__APP__/pages/home/home/qa.js"},"to":{"name":"t","loc":{"line":30,"column":12},"id":394549,"file":"D:\\WORK\\2022\\论文相关\\TOSEM\\MiniApp-review\\flow-baseline\\datasetPopular\\中国生物疫苗服务\\__APP__/pages/home/home/qa.js"}}]},{"leftVar":[{"id":394619,"declaredName":"t","declaredLoc":{"line":51,"column":12},"file":"/pages/home/home/qa.js","type":"normal"}],"readFlow":[{"type":"assign to","from":{"name":"this","loc":{"line":51,"column":16},"id":394620,"file":"D:\\WORK\\2022\\论文相关\\TOSEM\\MiniApp-review\\flow-baseline\\datasetPopular\\中国生物疫苗服务\\__APP__/pages/home/home/qa.js"},"to":{"name":"t","loc":{"line":51,"column":12},"id":394619,"file":"D:\\WORK\\2022\\论文相关\\TOSEM\\MiniApp-review\\flow-baseline\\datasetPopular\\中国生物疫苗服务\\__APP__/pages/home/home/qa.js"}}]},{"leftVar":[{"id":395121,"declaredName":"t","declaredLoc":{"line":156,"column":12},"file":"/pages/home/home/qa.js","type":"normal"}],"readFlow":[{"type":"assign to","from":{"name":"this","loc":{"line":156,"column":16},"id":395122,"file":"D:\\WORK\\2022\\论文相关\\TOSEM\\MiniApp-review\\flow-baseline\\datasetPopular\\中国生物疫苗服务\\__APP__/pages/home/home/qa.js"},"to":{"name":"t","loc":{"line":156,"column":12},"id":395121,"file":"D:\\WORK\\2022\\论文相关\\TOSEM\\MiniApp-review\\flow-baseline\\datasetPopular\\中国生物疫苗服务\\__APP__/pages/home/home/qa.js"}}]},{"leftVar":[{"id":395124,"declaredName":"o","declaredLoc":{"line":156,"column":22},"file":"/pages/home/home/qa.js","type":"normal"}],"readFlow":[{"type":"assign to","from":{"name":"this","loc":{"line":156,"column":26},"id":395125,"file":"D:\\WORK\\2022\\论文相关\\TOSEM\\MiniApp-review\\flow-baseline\\datasetPopular\\中国生物疫苗服务\\__APP__/pages/home/home/qa.js"},"to":{"name":"o","loc":{"line":156,"column":22},"id":395124,"file":"D:\\WORK\\2022\\论文相关\\TOSEM\\MiniApp-review\\flow-baseline\\datasetPopular\\中国生物疫苗服务\\__APP__/pages/home/home/qa.js"}}]},{"leftVar":[{"id":395265,"declaredName":"t","declaredLoc":{"line":179,"column":12},"file":"/pages/home/home/qa.js","type":"normal"}],"readFlow":[{"type":"assign to","from":{"name":"this","loc":{"line":179,"column":16},"id":395266,"file":"D:\\WORK\\2022\\论文相关\\TOSEM\\MiniApp-review\\flow-baseline\\datasetPopular\\中国生物疫苗服务\\__APP__/pages/home/home/qa.js"},"to":{"name":"t","loc":{"line":179,"column":12},"id":395265,"file":"D:\\WORK\\2022\\论文相关\\TOSEM\\MiniApp-review\\flow-baseline\\datasetPopular\\中国生物疫苗服务\\__APP__/pages/home/home/qa.js"}}]},{"leftVar":[{"id":395338,"declaredName":"n","declaredLoc":{"line":190,"column":12},"file":"/pages/home/home/qa.js","type":"normal"}],"readFlow":[{"type":"assign to","from":{"name":"this","loc":{"line":190,"column":16},"id":395339,"file":"D:\\WORK\\2022\\论文相关\\TOSEM\\MiniApp-review\\flow-baseline\\datasetPopular\\中国生物疫苗服务\\__APP__/pages/home/home/qa.js"},"to":{"name":"n","loc":{"line":190,"column":12},"id":395338,"file":"D:\\WORK\\2022\\论文相关\\TOSEM\\MiniApp-review\\flow-baseline\\datasetPopular\\中国生物疫苗服务\\__APP__/pages/home/home/qa.js"}}]}]}],"writeShadows":[{"shadowVar":{"id":-25677,"declaredName":"__object__3.setData","file":"/pages/home/home/qa.js","type":"normal"},"writeAccess":[]}]}]}]}