{"definedData":[],"dynamicDefinedData":[{"shadowObjectVar":"__object__3","dynamicDefinedProps":[{"propName":".setData","readShadows":[{"shadowVar":{"id":-25726,"declaredName":"__object__3.setData","file":"/pages/mine/account/accountInfo.js","type":"normal"},"readAccess":[{"leftVar":[{"id":395933,"declaredName":"e","declaredLoc":{"line":26,"column":12},"file":"/pages/mine/account/accountInfo.js","type":"normal"}],"readFlow":[{"type":"assign to","from":{"name":"this","loc":{"line":26,"column":16},"id":395934,"file":"D:\\WORK\\2022\\论文相关\\TOSEM\\MiniApp-review\\flow-baseline\\datasetPopular\\中国生物疫苗服务\\__APP__/pages/mine/account/accountInfo.js"},"to":{"name":"e","loc":{"line":26,"column":12},"id":395933,"file":"D:\\WORK\\2022\\论文相关\\TOSEM\\MiniApp-review\\flow-baseline\\datasetPopular\\中国生物疫苗服务\\__APP__/pages/mine/account/accountInfo.js"}}]},{"leftVar":[{"id":396006,"declaredName":"e","declaredLoc":{"line":41,"column":12},"file":"/pages/mine/account/accountInfo.js","type":"normal"}],"readFlow":[{"type":"assign to","from":{"name":"this","loc":{"line":41,"column":16},"id":396007,"file":"D:\\WORK\\2022\\论文相关\\TOSEM\\MiniApp-review\\flow-baseline\\datasetPopular\\中国生物疫苗服务\\__APP__/pages/mine/account/accountInfo.js"},"to":{"name":"e","loc":{"line":41,"column":12},"id":396006,"file":"D:\\WORK\\2022\\论文相关\\TOSEM\\MiniApp-review\\flow-baseline\\datasetPopular\\中国生物疫苗服务\\__APP__/pages/mine/account/accountInfo.js"}}]},{"leftVar":[{"id":396154,"declaredName":"e","declaredLoc":{"line":74,"column":12},"file":"/pages/mine/account/accountInfo.js","type":"normal"}],"readFlow":[{"type":"assign to","from":{"name":"this","loc":{"line":74,"column":16},"id":396155,"file":"D:\\WORK\\2022\\论文相关\\TOSEM\\MiniApp-review\\flow-baseline\\datasetPopular\\中国生物疫苗服务\\__APP__/pages/mine/account/accountInfo.js"},"to":{"name":"e","loc":{"line":74,"column":12},"id":396154,"file":"D:\\WORK\\2022\\论文相关\\TOSEM\\MiniApp-review\\flow-baseline\\datasetPopular\\中国生物疫苗服务\\__APP__/pages/mine/account/accountInfo.js"}}]},{"leftVar":[{"id":396534,"declaredName":"e","declaredLoc":{"line":143,"column":12},"file":"/pages/mine/account/accountInfo.js","type":"normal"}],"readFlow":[{"type":"assign to","from":{"name":"this","loc":{"line":143,"column":16},"id":396535,"file":"D:\\WORK\\2022\\论文相关\\TOSEM\\MiniApp-review\\flow-baseline\\datasetPopular\\中国生物疫苗服务\\__APP__/pages/mine/account/accountInfo.js"},"to":{"name":"e","loc":{"line":143,"column":12},"id":396534,"file":"D:\\WORK\\2022\\论文相关\\TOSEM\\MiniApp-review\\flow-baseline\\datasetPopular\\中国生物疫苗服务\\__APP__/pages/mine/account/accountInfo.js"}}]},{"leftVar":[{"id":396889,"declaredName":"i","declaredLoc":{"line":181,"column":12},"file":"/pages/mine/account/accountInfo.js","type":"normal"}],"readFlow":[{"type":"assign to","from":{"name":"this","loc":{"line":181,"column":16},"id":396890,"file":"D:\\WORK\\2022\\论文相关\\TOSEM\\MiniApp-review\\flow-baseline\\datasetPopular\\中国生物疫苗服务\\__APP__/pages/mine/account/accountInfo.js"},"to":{"name":"i","loc":{"line":181,"column":12},"id":396889,"file":"D:\\WORK\\2022\\论文相关\\TOSEM\\MiniApp-review\\flow-baseline\\datasetPopular\\中国生物疫苗服务\\__APP__/pages/mine/account/accountInfo.js"}}]}]}],"writeShadows":[{"shadowVar":{"id":-25726,"declaredName":"__object__3.setData","file":"/pages/mine/account/accountInfo.js","type":"normal"},"writeAccess":[]}]}]}]}