{"definedData":[],"dynamicDefinedData":[{"shadowObjectVar":"__object__3","dynamicDefinedProps":[{"propName":".setData","readShadows":[{"shadowVar":{"id":-25775,"declaredName":"__object__3.setData","file":"/pages/mine/account/changepwd.js","type":"normal"},"readAccess":[{"leftVar":[{"id":397455,"declaredName":"t","declaredLoc":{"line":25,"column":12},"file":"/pages/mine/account/changepwd.js","type":"normal"}],"readFlow":[{"type":"assign to","from":{"name":"this","loc":{"line":25,"column":16},"id":397456,"file":"D:\\WORK\\2022\\论文相关\\TOSEM\\MiniApp-review\\flow-baseline\\datasetPopular\\中国生物疫苗服务\\__APP__/pages/mine/account/changepwd.js"},"to":{"name":"t","loc":{"line":25,"column":12},"id":397455,"file":"D:\\WORK\\2022\\论文相关\\TOSEM\\MiniApp-review\\flow-baseline\\datasetPopular\\中国生物疫苗服务\\__APP__/pages/mine/account/changepwd.js"}}]},{"leftVar":[{"id":397534,"declaredName":"t","declaredLoc":{"line":41,"column":12},"file":"/pages/mine/account/changepwd.js","type":"normal"}],"readFlow":[{"type":"assign to","from":{"name":"this","loc":{"line":41,"column":16},"id":397535,"file":"D:\\WORK\\2022\\论文相关\\TOSEM\\MiniApp-review\\flow-baseline\\datasetPopular\\中国生物疫苗服务\\__APP__/pages/mine/account/changepwd.js"},"to":{"name":"t","loc":{"line":41,"column":12},"id":397534,"file":"D:\\WORK\\2022\\论文相关\\TOSEM\\MiniApp-review\\flow-baseline\\datasetPopular\\中国生物疫苗服务\\__APP__/pages/mine/account/changepwd.js"}}]},{"leftVar":[{"id":398120,"declaredName":"t","declaredLoc":{"line":140,"column":12},"file":"/pages/mine/account/changepwd.js","type":"normal"}],"readFlow":[{"type":"assign to","from":{"name":"this","loc":{"line":140,"column":16},"id":398121,"file":"D:\\WORK\\2022\\论文相关\\TOSEM\\MiniApp-review\\flow-baseline\\datasetPopular\\中国生物疫苗服务\\__APP__/pages/mine/account/changepwd.js"},"to":{"name":"t","loc":{"line":140,"column":12},"id":398120,"file":"D:\\WORK\\2022\\论文相关\\TOSEM\\MiniApp-review\\flow-baseline\\datasetPopular\\中国生物疫苗服务\\__APP__/pages/mine/account/changepwd.js"}}]},{"leftVar":[{"id":398451,"declaredName":"s","declaredLoc":{"line":176,"column":12},"file":"/pages/mine/account/changepwd.js","type":"normal"}],"readFlow":[{"type":"assign to","from":{"name":"this","loc":{"line":176,"column":16},"id":398452,"file":"D:\\WORK\\2022\\论文相关\\TOSEM\\MiniApp-review\\flow-baseline\\datasetPopular\\中国生物疫苗服务\\__APP__/pages/mine/account/changepwd.js"},"to":{"name":"s","loc":{"line":176,"column":12},"id":398451,"file":"D:\\WORK\\2022\\论文相关\\TOSEM\\MiniApp-review\\flow-baseline\\datasetPopular\\中国生物疫苗服务\\__APP__/pages/mine/account/changepwd.js"}}]}]}],"writeShadows":[{"shadowVar":{"id":-25775,"declaredName":"__object__3.setData","file":"/pages/mine/account/changepwd.js","type":"normal"},"writeAccess":[]}]}]}]}