{"definedData":[],"dynamicDefinedData":[{"shadowObjectVar":"__object__3","dynamicDefinedProps":[{"propName":".setData","readShadows":[{"shadowVar":{"id":-25811,"declaredName":"__object__3.setData","file":"/pages/mine/account/findpwd.js","type":"normal"},"readAccess":[{"leftVar":[{"id":398612,"declaredName":"t","declaredLoc":{"line":21,"column":12},"file":"/pages/mine/account/findpwd.js","type":"normal"}],"readFlow":[{"type":"assign to","from":{"name":"this","loc":{"line":21,"column":16},"id":398613,"file":"D:\\WORK\\2022\\论文相关\\TOSEM\\MiniApp-review\\flow-baseline\\datasetPopular\\中国生物疫苗服务\\__APP__/pages/mine/account/findpwd.js"},"to":{"name":"t","loc":{"line":21,"column":12},"id":398612,"file":"D:\\WORK\\2022\\论文相关\\TOSEM\\MiniApp-review\\flow-baseline\\datasetPopular\\中国生物疫苗服务\\__APP__/pages/mine/account/findpwd.js"}}]},{"leftVar":[{"id":398691,"declaredName":"t","declaredLoc":{"line":37,"column":12},"file":"/pages/mine/account/findpwd.js","type":"normal"}],"readFlow":[{"type":"assign to","from":{"name":"this","loc":{"line":37,"column":16},"id":398692,"file":"D:\\WORK\\2022\\论文相关\\TOSEM\\MiniApp-review\\flow-baseline\\datasetPopular\\中国生物疫苗服务\\__APP__/pages/mine/account/findpwd.js"},"to":{"name":"t","loc":{"line":37,"column":12},"id":398691,"file":"D:\\WORK\\2022\\论文相关\\TOSEM\\MiniApp-review\\flow-baseline\\datasetPopular\\中国生物疫苗服务\\__APP__/pages/mine/account/findpwd.js"}}]},{"leftVar":[{"id":399331,"declaredName":"o","declaredLoc":{"line":143,"column":12},"file":"/pages/mine/account/findpwd.js","type":"normal"}],"readFlow":[{"type":"assign to","from":{"name":"this","loc":{"line":143,"column":16},"id":399332,"file":"D:\\WORK\\2022\\论文相关\\TOSEM\\MiniApp-review\\flow-baseline\\datasetPopular\\中国生物疫苗服务\\__APP__/pages/mine/account/findpwd.js"},"to":{"name":"o","loc":{"line":143,"column":12},"id":399331,"file":"D:\\WORK\\2022\\论文相关\\TOSEM\\MiniApp-review\\flow-baseline\\datasetPopular\\中国生物疫苗服务\\__APP__/pages/mine/account/findpwd.js"}}]}]}],"writeShadows":[{"shadowVar":{"id":-25811,"declaredName":"__object__3.setData","file":"/pages/mine/account/findpwd.js","type":"normal"},"writeAccess":[]}]}]}]}