{"definedData":[],"dynamicDefinedData":[{"shadowObjectVar":"__object__3","dynamicDefinedProps":[{"propName":".setData","readShadows":[{"shadowVar":{"id":-25843,"declaredName":"__object__3.setData","file":"/pages/mine/account/login.js","type":"normal"},"readAccess":[{"leftVar":[{"id":399655,"declaredName":"n","declaredLoc":{"line":47,"column":32},"file":"/pages/mine/account/login.js","type":"normal"}],"readFlow":[{"type":"assign to","from":{"name":"this","loc":{"line":47,"column":36},"id":399656,"file":"D:\\WORK\\2022\\论文相关\\TOSEM\\MiniApp-review\\flow-baseline\\datasetPopular\\中国生物疫苗服务\\__APP__/pages/mine/account/login.js"},"to":{"name":"n","loc":{"line":47,"column":32},"id":399655,"file":"D:\\WORK\\2022\\论文相关\\TOSEM\\MiniApp-review\\flow-baseline\\datasetPopular\\中国生物疫苗服务\\__APP__/pages/mine/account/login.js"}}]},{"leftVar":[{"id":399993,"declaredName":"e","declaredLoc":{"line":82,"column":12},"file":"/pages/mine/account/login.js","type":"normal"}],"readFlow":[{"type":"assign to","from":{"name":"this","loc":{"line":82,"column":16},"id":399994,"file":"D:\\WORK\\2022\\论文相关\\TOSEM\\MiniApp-review\\flow-baseline\\datasetPopular\\中国生物疫苗服务\\__APP__/pages/mine/account/login.js"},"to":{"name":"e","loc":{"line":82,"column":12},"id":399993,"file":"D:\\WORK\\2022\\论文相关\\TOSEM\\MiniApp-review\\flow-baseline\\datasetPopular\\中国生物疫苗服务\\__APP__/pages/mine/account/login.js"}}]},{"leftVar":[{"id":400134,"declaredName":"e","declaredLoc":{"line":110,"column":12},"file":"/pages/mine/account/login.js","type":"normal"}],"readFlow":[{"type":"assign to","from":{"name":"this","loc":{"line":110,"column":16},"id":400135,"file":"D:\\WORK\\2022\\论文相关\\TOSEM\\MiniApp-review\\flow-baseline\\datasetPopular\\中国生物疫苗服务\\__APP__/pages/mine/account/login.js"},"to":{"name":"e","loc":{"line":110,"column":12},"id":400134,"file":"D:\\WORK\\2022\\论文相关\\TOSEM\\MiniApp-review\\flow-baseline\\datasetPopular\\中国生物疫苗服务\\__APP__/pages/mine/account/login.js"}}]},{"leftVar":[{"id":400208,"declaredName":"t","declaredLoc":{"line":125,"column":12},"file":"/pages/mine/account/login.js","type":"normal"}],"readFlow":[{"type":"assign to","from":{"name":"this","loc":{"line":125,"column":16},"id":400209,"file":"D:\\WORK\\2022\\论文相关\\TOSEM\\MiniApp-review\\flow-baseline\\datasetPopular\\中国生物疫苗服务\\__APP__/pages/mine/account/login.js"},"to":{"name":"t","loc":{"line":125,"column":12},"id":400208,"file":"D:\\WORK\\2022\\论文相关\\TOSEM\\MiniApp-review\\flow-baseline\\datasetPopular\\中国生物疫苗服务\\__APP__/pages/mine/account/login.js"}}]}]}],"writeShadows":[{"shadowVar":{"id":-25843,"declaredName":"__object__3.setData","file":"/pages/mine/account/login.js","type":"normal"},"writeAccess":[]}]}]}]}