{"definedData":[],"dynamicDefinedData":[{"shadowObjectVar":"__object__3","dynamicDefinedProps":[{"propName":".setData","readShadows":[{"shadowVar":{"id":-25874,"declaredName":"__object__3.setData","file":"/pages/mine/account/register.js","type":"normal"},"readAccess":[{"leftVar":[{"id":400394,"declaredName":"t","declaredLoc":{"line":25,"column":12},"file":"/pages/mine/account/register.js","type":"normal"}],"readFlow":[{"type":"assign to","from":{"name":"this","loc":{"line":25,"column":16},"id":400395,"file":"D:\\WORK\\2022\\论文相关\\TOSEM\\MiniApp-review\\flow-baseline\\datasetPopular\\中国生物疫苗服务\\__APP__/pages/mine/account/register.js"},"to":{"name":"t","loc":{"line":25,"column":12},"id":400394,"file":"D:\\WORK\\2022\\论文相关\\TOSEM\\MiniApp-review\\flow-baseline\\datasetPopular\\中国生物疫苗服务\\__APP__/pages/mine/account/register.js"}}]},{"leftVar":[{"id":400473,"declaredName":"t","declaredLoc":{"line":41,"column":12},"file":"/pages/mine/account/register.js","type":"normal"}],"readFlow":[{"type":"assign to","from":{"name":"this","loc":{"line":41,"column":16},"id":400474,"file":"D:\\WORK\\2022\\论文相关\\TOSEM\\MiniApp-review\\flow-baseline\\datasetPopular\\中国生物疫苗服务\\__APP__/pages/mine/account/register.js"},"to":{"name":"t","loc":{"line":41,"column":12},"id":400473,"file":"D:\\WORK\\2022\\论文相关\\TOSEM\\MiniApp-review\\flow-baseline\\datasetPopular\\中国生物疫苗服务\\__APP__/pages/mine/account/register.js"}}]},{"leftVar":[{"id":400828,"declaredName":"t","declaredLoc":{"line":105,"column":12},"file":"/pages/mine/account/register.js","type":"normal"}],"readFlow":[{"type":"assign to","from":{"name":"this","loc":{"line":105,"column":16},"id":400829,"file":"D:\\WORK\\2022\\论文相关\\TOSEM\\MiniApp-review\\flow-baseline\\datasetPopular\\中国生物疫苗服务\\__APP__/pages/mine/account/register.js"},"to":{"name":"t","loc":{"line":105,"column":12},"id":400828,"file":"D:\\WORK\\2022\\论文相关\\TOSEM\\MiniApp-review\\flow-baseline\\datasetPopular\\中国生物疫苗服务\\__APP__/pages/mine/account/register.js"}}]},{"leftVar":[{"id":401286,"declaredName":"o","declaredLoc":{"line":149,"column":12},"file":"/pages/mine/account/register.js","type":"normal"}],"readFlow":[{"type":"assign to","from":{"name":"this","loc":{"line":149,"column":16},"id":401287,"file":"D:\\WORK\\2022\\论文相关\\TOSEM\\MiniApp-review\\flow-baseline\\datasetPopular\\中国生物疫苗服务\\__APP__/pages/mine/account/register.js"},"to":{"name":"o","loc":{"line":149,"column":12},"id":401286,"file":"D:\\WORK\\2022\\论文相关\\TOSEM\\MiniApp-review\\flow-baseline\\datasetPopular\\中国生物疫苗服务\\__APP__/pages/mine/account/register.js"}}]},{"leftVar":[{"id":401464,"declaredName":"t","declaredLoc":{"line":192,"column":12},"file":"/pages/mine/account/register.js","type":"normal"}],"readFlow":[{"type":"assign to","from":{"name":"this","loc":{"line":192,"column":16},"id":401465,"file":"D:\\WORK\\2022\\论文相关\\TOSEM\\MiniApp-review\\flow-baseline\\datasetPopular\\中国生物疫苗服务\\__APP__/pages/mine/account/register.js"},"to":{"name":"t","loc":{"line":192,"column":12},"id":401464,"file":"D:\\WORK\\2022\\论文相关\\TOSEM\\MiniApp-review\\flow-baseline\\datasetPopular\\中国生物疫苗服务\\__APP__/pages/mine/account/register.js"}}]}]}],"writeShadows":[{"shadowVar":{"id":-25874,"declaredName":"__object__3.setData","file":"/pages/mine/account/register.js","type":"normal"},"writeAccess":[]}]}]}]}