{"definedData":[],"dynamicDefinedData":[{"shadowObjectVar":"__object__5","dynamicDefinedProps":[{"propName":".setData","readShadows":[{"shadowVar":{"id":-25915,"declaredName":"__object__5.setData","file":"/pages/mine/family/addfamily.js","type":"normal"},"readAccess":[{"leftVar":[{"id":402060,"declaredName":"t","declaredLoc":{"line":88,"column":12},"file":"/pages/mine/family/addfamily.js","type":"normal"}],"readFlow":[{"type":"assign to","from":{"name":"this","loc":{"line":88,"column":16},"id":402061,"file":"D:\\WORK\\2022\\论文相关\\TOSEM\\MiniApp-review\\flow-baseline\\datasetPopular\\中国生物疫苗服务\\__APP__/pages/mine/family/addfamily.js"},"to":{"name":"t","loc":{"line":88,"column":12},"id":402060,"file":"D:\\WORK\\2022\\论文相关\\TOSEM\\MiniApp-review\\flow-baseline\\datasetPopular\\中国生物疫苗服务\\__APP__/pages/mine/family/addfamily.js"}}]},{"leftVar":[{"id":402812,"declaredName":"e","declaredLoc":{"line":164,"column":12},"file":"/pages/mine/family/addfamily.js","type":"normal"}],"readFlow":[{"type":"assign to","from":{"name":"this","loc":{"line":164,"column":16},"id":402813,"file":"D:\\WORK\\2022\\论文相关\\TOSEM\\MiniApp-review\\flow-baseline\\datasetPopular\\中国生物疫苗服务\\__APP__/pages/mine/family/addfamily.js"},"to":{"name":"e","loc":{"line":164,"column":12},"id":402812,"file":"D:\\WORK\\2022\\论文相关\\TOSEM\\MiniApp-review\\flow-baseline\\datasetPopular\\中国生物疫苗服务\\__APP__/pages/mine/family/addfamily.js"}}]},{"leftVar":[{"id":402885,"declaredName":"e","declaredLoc":{"line":179,"column":12},"file":"/pages/mine/family/addfamily.js","type":"normal"}],"readFlow":[{"type":"assign to","from":{"name":"this","loc":{"line":179,"column":16},"id":402886,"file":"D:\\WORK\\2022\\论文相关\\TOSEM\\MiniApp-review\\flow-baseline\\datasetPopular\\中国生物疫苗服务\\__APP__/pages/mine/family/addfamily.js"},"to":{"name":"e","loc":{"line":179,"column":12},"id":402885,"file":"D:\\WORK\\2022\\论文相关\\TOSEM\\MiniApp-review\\flow-baseline\\datasetPopular\\中国生物疫苗服务\\__APP__/pages/mine/family/addfamily.js"}}]},{"leftVar":[{"id":402979,"declaredName":"i","declaredLoc":{"line":199,"column":12},"file":"/pages/mine/family/addfamily.js","type":"normal"}],"readFlow":[{"type":"assign to","from":{"name":"this","loc":{"line":199,"column":16},"id":402980,"file":"D:\\WORK\\2022\\论文相关\\TOSEM\\MiniApp-review\\flow-baseline\\datasetPopular\\中国生物疫苗服务\\__APP__/pages/mine/family/addfamily.js"},"to":{"name":"i","loc":{"line":199,"column":12},"id":402979,"file":"D:\\WORK\\2022\\论文相关\\TOSEM\\MiniApp-review\\flow-baseline\\datasetPopular\\中国生物疫苗服务\\__APP__/pages/mine/family/addfamily.js"}}]},{"leftVar":[{"id":403036,"declaredName":"t","declaredLoc":{"line":214,"column":12},"file":"/pages/mine/family/addfamily.js","type":"normal"}],"readFlow":[{"type":"assign to","from":{"name":"this","loc":{"line":214,"column":16},"id":403037,"file":"D:\\WORK\\2022\\论文相关\\TOSEM\\MiniApp-review\\flow-baseline\\datasetPopular\\中国生物疫苗服务\\__APP__/pages/mine/family/addfamily.js"},"to":{"name":"t","loc":{"line":214,"column":12},"id":403036,"file":"D:\\WORK\\2022\\论文相关\\TOSEM\\MiniApp-review\\flow-baseline\\datasetPopular\\中国生物疫苗服务\\__APP__/pages/mine/family/addfamily.js"}}]}]}],"writeShadows":[{"shadowVar":{"id":-25915,"declaredName":"__object__5.setData","file":"/pages/mine/family/addfamily.js","type":"normal"},"writeAccess":[]}]}]}]}