{"definedData":[],"dynamicDefinedData":[{"shadowObjectVar":"__object__3","dynamicDefinedProps":[{"propName":".setData","readShadows":[{"shadowVar":{"id":-25954,"declaredName":"__object__3.setData","file":"/pages/mine/family/list.js","type":"normal"},"readAccess":[{"leftVar":[{"id":403187,"declaredName":"i","declaredLoc":{"line":22,"column":12},"file":"/pages/mine/family/list.js","type":"normal"}],"readFlow":[{"type":"assign to","from":{"name":"this","loc":{"line":22,"column":16},"id":403188,"file":"D:\\WORK\\2022\\论文相关\\TOSEM\\MiniApp-review\\flow-baseline\\datasetPopular\\中国生物疫苗服务\\__APP__/pages/mine/family/list.js"},"to":{"name":"i","loc":{"line":22,"column":12},"id":403187,"file":"D:\\WORK\\2022\\论文相关\\TOSEM\\MiniApp-review\\flow-baseline\\datasetPopular\\中国生物疫苗服务\\__APP__/pages/mine/family/list.js"}}]},{"leftVar":[{"id":403289,"declaredName":"i","declaredLoc":{"line":45,"column":12},"file":"/pages/mine/family/list.js","type":"normal"}],"readFlow":[{"type":"assign to","from":{"name":"this","loc":{"line":45,"column":16},"id":403290,"file":"D:\\WORK\\2022\\论文相关\\TOSEM\\MiniApp-review\\flow-baseline\\datasetPopular\\中国生物疫苗服务\\__APP__/pages/mine/family/list.js"},"to":{"name":"i","loc":{"line":45,"column":12},"id":403289,"file":"D:\\WORK\\2022\\论文相关\\TOSEM\\MiniApp-review\\flow-baseline\\datasetPopular\\中国生物疫苗服务\\__APP__/pages/mine/family/list.js"}}]},{"leftVar":[{"id":403488,"declaredName":"a","declaredLoc":{"line":89,"column":16},"file":"/pages/mine/family/list.js","type":"normal"}],"readFlow":[{"type":"assign to","from":{"name":"this","loc":{"line":89,"column":20},"id":403489,"file":"D:\\WORK\\2022\\论文相关\\TOSEM\\MiniApp-review\\flow-baseline\\datasetPopular\\中国生物疫苗服务\\__APP__/pages/mine/family/list.js"},"to":{"name":"a","loc":{"line":89,"column":16},"id":403488,"file":"D:\\WORK\\2022\\论文相关\\TOSEM\\MiniApp-review\\flow-baseline\\datasetPopular\\中国生物疫苗服务\\__APP__/pages/mine/family/list.js"}}]}]}],"writeShadows":[{"shadowVar":{"id":-25954,"declaredName":"__object__3.setData","file":"/pages/mine/family/list.js","type":"normal"},"writeAccess":[]}]}]}]}