{"definedData":[],"dynamicDefinedData":[{"shadowObjectVar":"__object__3","dynamicDefinedProps":[{"propName":".setData","readShadows":[{"shadowVar":{"id":-25981,"declaredName":"__object__3.setData","file":"/pages/mine/family/searchPoint.js","type":"normal"},"readAccess":[{"leftVar":[{"id":403727,"declaredName":"t","declaredLoc":{"line":22,"column":12},"file":"/pages/mine/family/searchPoint.js","type":"normal"}],"readFlow":[{"type":"assign to","from":{"name":"this","loc":{"line":22,"column":16},"id":403728,"file":"D:\\WORK\\2022\\论文相关\\TOSEM\\MiniApp-review\\flow-baseline\\datasetPopular\\中国生物疫苗服务\\__APP__/pages/mine/family/searchPoint.js"},"to":{"name":"t","loc":{"line":22,"column":12},"id":403727,"file":"D:\\WORK\\2022\\论文相关\\TOSEM\\MiniApp-review\\flow-baseline\\datasetPopular\\中国生物疫苗服务\\__APP__/pages/mine/family/searchPoint.js"}}]},{"leftVar":[{"id":403994,"declaredName":"a","declaredLoc":{"line":75,"column":12},"file":"/pages/mine/family/searchPoint.js","type":"normal"}],"readFlow":[{"type":"assign to","from":{"name":"this","loc":{"line":75,"column":16},"id":403995,"file":"D:\\WORK\\2022\\论文相关\\TOSEM\\MiniApp-review\\flow-baseline\\datasetPopular\\中国生物疫苗服务\\__APP__/pages/mine/family/searchPoint.js"},"to":{"name":"a","loc":{"line":75,"column":12},"id":403994,"file":"D:\\WORK\\2022\\论文相关\\TOSEM\\MiniApp-review\\flow-baseline\\datasetPopular\\中国生物疫苗服务\\__APP__/pages/mine/family/searchPoint.js"}}]}]}],"writeShadows":[{"shadowVar":{"id":-25981,"declaredName":"__object__3.setData","file":"/pages/mine/family/searchPoint.js","type":"normal"},"writeAccess":[]}]}]}]}