{"definedData":[],"dynamicDefinedData":[{"shadowObjectVar":"__object__3","dynamicDefinedProps":[{"propName":".setData","readShadows":[{"shadowVar":{"id":-26006,"declaredName":"__object__3.setData","file":"/pages/mine/msg/msg.js","type":"normal"},"readAccess":[{"leftVar":[{"id":404494,"declaredName":"s","declaredLoc":{"line":44,"column":12},"file":"/pages/mine/msg/msg.js","type":"normal"}],"readFlow":[{"type":"assign to","from":{"name":"this","loc":{"line":44,"column":16},"id":404495,"file":"D:\\WORK\\2022\\论文相关\\TOSEM\\MiniApp-review\\flow-baseline\\datasetPopular\\中国生物疫苗服务\\__APP__/pages/mine/msg/msg.js"},"to":{"name":"s","loc":{"line":44,"column":12},"id":404494,"file":"D:\\WORK\\2022\\论文相关\\TOSEM\\MiniApp-review\\flow-baseline\\datasetPopular\\中国生物疫苗服务\\__APP__/pages/mine/msg/msg.js"}}]}]}],"writeShadows":[{"shadowVar":{"id":-26006,"declaredName":"__object__3.setData","file":"/pages/mine/msg/msg.js","type":"normal"},"writeAccess":[]}]}]}]}