{"definedData":[],"dynamicDefinedData":[{"shadowObjectVar":"__object__3","dynamicDefinedProps":[{"propName":".setData","readShadows":[{"shadowVar":{"id":-26028,"declaredName":"__object__3.setData","file":"/pages/mine/reserve/detail.js","type":"normal"},"readAccess":[{"leftVar":[{"id":405011,"declaredName":"e","declaredLoc":{"line":42,"column":12},"file":"/pages/mine/reserve/detail.js","type":"normal"}],"readFlow":[{"type":"assign to","from":{"name":"this","loc":{"line":42,"column":16},"id":405012,"file":"D:\\WORK\\2022\\论文相关\\TOSEM\\MiniApp-review\\flow-baseline\\datasetPopular\\中国生物疫苗服务\\__APP__/pages/mine/reserve/detail.js"},"to":{"name":"e","loc":{"line":42,"column":12},"id":405011,"file":"D:\\WORK\\2022\\论文相关\\TOSEM\\MiniApp-review\\flow-baseline\\datasetPopular\\中国生物疫苗服务\\__APP__/pages/mine/reserve/detail.js"}}]},{"leftVar":[{"id":405103,"declaredName":"n","declaredLoc":{"line":61,"column":12},"file":"/pages/mine/reserve/detail.js","type":"normal"}],"readFlow":[{"type":"assign to","from":{"name":"this","loc":{"line":61,"column":16},"id":405104,"file":"D:\\WORK\\2022\\论文相关\\TOSEM\\MiniApp-review\\flow-baseline\\datasetPopular\\中国生物疫苗服务\\__APP__/pages/mine/reserve/detail.js"},"to":{"name":"n","loc":{"line":61,"column":12},"id":405103,"file":"D:\\WORK\\2022\\论文相关\\TOSEM\\MiniApp-review\\flow-baseline\\datasetPopular\\中国生物疫苗服务\\__APP__/pages/mine/reserve/detail.js"}}]},{"leftVar":[{"id":405370,"declaredName":"a","declaredLoc":{"line":115,"column":12},"file":"/pages/mine/reserve/detail.js","type":"normal"}],"readFlow":[{"type":"assign to","from":{"name":"this","loc":{"line":115,"column":16},"id":405371,"file":"D:\\WORK\\2022\\论文相关\\TOSEM\\MiniApp-review\\flow-baseline\\datasetPopular\\中国生物疫苗服务\\__APP__/pages/mine/reserve/detail.js"},"to":{"name":"a","loc":{"line":115,"column":12},"id":405370,"file":"D:\\WORK\\2022\\论文相关\\TOSEM\\MiniApp-review\\flow-baseline\\datasetPopular\\中国生物疫苗服务\\__APP__/pages/mine/reserve/detail.js"}}]},{"leftVar":[{"id":405679,"declaredName":"a","declaredLoc":{"line":159,"column":12},"file":"/pages/mine/reserve/detail.js","type":"normal"}],"readFlow":[{"type":"assign to","from":{"name":"this","loc":{"line":159,"column":16},"id":405680,"file":"D:\\WORK\\2022\\论文相关\\TOSEM\\MiniApp-review\\flow-baseline\\datasetPopular\\中国生物疫苗服务\\__APP__/pages/mine/reserve/detail.js"},"to":{"name":"a","loc":{"line":159,"column":12},"id":405679,"file":"D:\\WORK\\2022\\论文相关\\TOSEM\\MiniApp-review\\flow-baseline\\datasetPopular\\中国生物疫苗服务\\__APP__/pages/mine/reserve/detail.js"}}]},{"leftVar":[{"id":405953,"declaredName":"e","declaredLoc":{"line":197,"column":12},"file":"/pages/mine/reserve/detail.js","type":"normal"}],"readFlow":[{"type":"assign to","from":{"name":"this","loc":{"line":197,"column":16},"id":405954,"file":"D:\\WORK\\2022\\论文相关\\TOSEM\\MiniApp-review\\flow-baseline\\datasetPopular\\中国生物疫苗服务\\__APP__/pages/mine/reserve/detail.js"},"to":{"name":"e","loc":{"line":197,"column":12},"id":405953,"file":"D:\\WORK\\2022\\论文相关\\TOSEM\\MiniApp-review\\flow-baseline\\datasetPopular\\中国生物疫苗服务\\__APP__/pages/mine/reserve/detail.js"}}]}]}],"writeShadows":[{"shadowVar":{"id":-26028,"declaredName":"__object__3.setData","file":"/pages/mine/reserve/detail.js","type":"normal"},"writeAccess":[]}]}]}]}