{"definedData":[],"dynamicDefinedData":[{"shadowObjectVar":"__object__3","dynamicDefinedProps":[{"propName":".setData","readShadows":[{"shadowVar":{"id":-26081,"declaredName":"__object__3.setData","file":"/pages/mine/reserve/list.js","type":"normal"},"readAccess":[{"leftVar":[{"id":406789,"declaredName":"e","declaredLoc":{"line":22,"column":12},"file":"/pages/mine/reserve/list.js","type":"normal"}],"readFlow":[{"type":"assign to","from":{"name":"this","loc":{"line":22,"column":16},"id":406790,"file":"D:\\WORK\\2022\\论文相关\\TOSEM\\MiniApp-review\\flow-baseline\\datasetPopular\\中国生物疫苗服务\\__APP__/pages/mine/reserve/list.js"},"to":{"name":"e","loc":{"line":22,"column":12},"id":406789,"file":"D:\\WORK\\2022\\论文相关\\TOSEM\\MiniApp-review\\flow-baseline\\datasetPopular\\中国生物疫苗服务\\__APP__/pages/mine/reserve/list.js"}}]},{"leftVar":[{"id":406959,"declaredName":"o","declaredLoc":{"line":48,"column":16},"file":"/pages/mine/reserve/list.js","type":"normal"}],"readFlow":[{"type":"assign to","from":{"name":"this","loc":{"line":48,"column":20},"id":406960,"file":"D:\\WORK\\2022\\论文相关\\TOSEM\\MiniApp-review\\flow-baseline\\datasetPopular\\中国生物疫苗服务\\__APP__/pages/mine/reserve/list.js"},"to":{"name":"o","loc":{"line":48,"column":16},"id":406959,"file":"D:\\WORK\\2022\\论文相关\\TOSEM\\MiniApp-review\\flow-baseline\\datasetPopular\\中国生物疫苗服务\\__APP__/pages/mine/reserve/list.js"}}]},{"leftVar":[{"id":407202,"declaredName":"e","declaredLoc":{"line":101,"column":12},"file":"/pages/mine/reserve/list.js","type":"normal"}],"readFlow":[{"type":"assign to","from":{"name":"this","loc":{"line":101,"column":16},"id":407203,"file":"D:\\WORK\\2022\\论文相关\\TOSEM\\MiniApp-review\\flow-baseline\\datasetPopular\\中国生物疫苗服务\\__APP__/pages/mine/reserve/list.js"},"to":{"name":"e","loc":{"line":101,"column":12},"id":407202,"file":"D:\\WORK\\2022\\论文相关\\TOSEM\\MiniApp-review\\flow-baseline\\datasetPopular\\中国生物疫苗服务\\__APP__/pages/mine/reserve/list.js"}}]},{"leftVar":[{"id":407344,"declaredName":"i","declaredLoc":{"line":129,"column":12},"file":"/pages/mine/reserve/list.js","type":"normal"}],"readFlow":[{"type":"assign to","from":{"name":"this","loc":{"line":129,"column":16},"id":407345,"file":"D:\\WORK\\2022\\论文相关\\TOSEM\\MiniApp-review\\flow-baseline\\datasetPopular\\中国生物疫苗服务\\__APP__/pages/mine/reserve/list.js"},"to":{"name":"i","loc":{"line":129,"column":12},"id":407344,"file":"D:\\WORK\\2022\\论文相关\\TOSEM\\MiniApp-review\\flow-baseline\\datasetPopular\\中国生物疫苗服务\\__APP__/pages/mine/reserve/list.js"}}]}]}],"writeShadows":[{"shadowVar":{"id":-26081,"declaredName":"__object__3.setData","file":"/pages/mine/reserve/list.js","type":"normal"},"writeAccess":[]}]}]}]}