{"definedData":[],"dynamicDefinedData":[{"shadowObjectVar":"__object__3","dynamicDefinedProps":[{"propName":".setData","readShadows":[{"shadowVar":{"id":-26137,"declaredName":"__object__3.setData","file":"/pages/product/batchrelease/detail.js","type":"normal"},"readAccess":[{"leftVar":[{"id":407515,"declaredName":"e","declaredLoc":{"line":19,"column":12},"file":"/pages/product/batchrelease/detail.js","type":"normal"}],"readFlow":[{"type":"assign to","from":{"name":"this","loc":{"line":19,"column":16},"id":407516,"file":"D:\\WORK\\2022\\论文相关\\TOSEM\\MiniApp-review\\flow-baseline\\datasetPopular\\中国生物疫苗服务\\__APP__/pages/product/batchrelease/detail.js"},"to":{"name":"e","loc":{"line":19,"column":12},"id":407515,"file":"D:\\WORK\\2022\\论文相关\\TOSEM\\MiniApp-review\\flow-baseline\\datasetPopular\\中国生物疫苗服务\\__APP__/pages/product/batchrelease/detail.js"}}]}]}],"writeShadows":[{"shadowVar":{"id":-26137,"declaredName":"__object__3.setData","file":"/pages/product/batchrelease/detail.js","type":"normal"},"writeAccess":[]}]}]}]}