{"definedData":[],"dynamicDefinedData":[{"shadowObjectVar":"__object__3","dynamicDefinedProps":[{"propName":".setData","readShadows":[{"shadowVar":{"id":-26152,"declaredName":"__object__3.setData","file":"/pages/product/batchrelease/list.js","type":"normal"},"readAccess":[{"leftVar":[{"id":407871,"declaredName":"e","declaredLoc":{"line":16,"column":12},"file":"/pages/product/batchrelease/list.js","type":"normal"}],"readFlow":[{"type":"assign to","from":{"name":"this","loc":{"line":16,"column":16},"id":407872,"file":"D:\\WORK\\2022\\论文相关\\TOSEM\\MiniApp-review\\flow-baseline\\datasetPopular\\中国生物疫苗服务\\__APP__/pages/product/batchrelease/list.js"},"to":{"name":"e","loc":{"line":16,"column":12},"id":407871,"file":"D:\\WORK\\2022\\论文相关\\TOSEM\\MiniApp-review\\flow-baseline\\datasetPopular\\中国生物疫苗服务\\__APP__/pages/product/batchrelease/list.js"}}]}]}],"writeShadows":[{"shadowVar":{"id":-26152,"declaredName":"__object__3.setData","file":"/pages/product/batchrelease/list.js","type":"normal"},"writeAccess":[]}]},{"propName":".data","readShadows":[{"shadowVar":{"id":407797,"declaredName":"__object__3.data","declaredLoc":{"line":4,"column":4},"file":"/pages/product/batchrelease/list.js","type":"normal"},"readAccess":[{"leftVar":[{"id":407874,"declaredName":"t","declaredLoc":{"line":16,"column":22},"file":"/pages/product/batchrelease/list.js","type":"normal"}],"readFlow":[{"type":"assign to","from":{"name":"e.data","loc":{"line":16,"column":26},"id":407875,"file":"D:\\WORK\\2022\\论文相关\\TOSEM\\MiniApp-review\\flow-baseline\\datasetPopular\\中国生物疫苗服务\\__APP__/pages/product/batchrelease/list.js"},"to":{"name":"t","loc":{"line":16,"column":22},"id":407874,"file":"D:\\WORK\\2022\\论文相关\\TOSEM\\MiniApp-review\\flow-baseline\\datasetPopular\\中国生物疫苗服务\\__APP__/pages/product/batchrelease/list.js"}},{"type":"read","from":{"name":"t","loc":{"line":16,"column":22},"id":407874,"file":"D:\\WORK\\2022\\论文相关\\TOSEM\\MiniApp-review\\flow-baseline\\datasetPopular\\中国生物疫苗服务\\__APP__/pages/product/batchrelease/list.js"},"to":{"name":"t","loc":{"line":25,"column":64},"id":408013,"file":"D:\\WORK\\2022\\论文相关\\TOSEM\\MiniApp-review\\flow-baseline\\datasetPopular\\中国生物疫苗服务\\__APP__/pages/product/batchrelease/list.js"}},{"type":"read","from":{"name":"t","loc":{"line":16,"column":22},"id":407874,"file":"D:\\WORK\\2022\\论文相关\\TOSEM\\MiniApp-review\\flow-baseline\\datasetPopular\\中国生物疫苗服务\\__APP__/pages/product/batchrelease/list.js"},"to":{"name":"t","loc":{"line":29,"column":62},"id":408041,"file":"D:\\WORK\\2022\\论文相关\\TOSEM\\MiniApp-review\\flow-baseline\\datasetPopular\\中国生物疫苗服务\\__APP__/pages/product/batchrelease/list.js"}},{"type":"to callee","from":{"name":"t","loc":{"line":29,"column":62},"id":408041,"file":"D:\\WORK\\2022\\论文相关\\TOSEM\\MiniApp-review\\flow-baseline\\datasetPopular\\中国生物疫苗服务\\__APP__/pages/product/batchrelease/list.js"},"to":{"name":"e.setData","loc":{"line":29,"column":52},"id":408038,"file":"D:\\WORK\\2022\\论文相关\\TOSEM\\MiniApp-review\\flow-baseline\\datasetPopular\\中国生物疫苗服务\\__APP__/pages/product/batchrelease/list.js"}},{"type":"to callee","from":{"name":"t","loc":{"line":25,"column":64},"id":408013,"file":"D:\\WORK\\2022\\论文相关\\TOSEM\\MiniApp-review\\flow-baseline\\datasetPopular\\中国生物疫苗服务\\__APP__/pages/product/batchrelease/list.js"},"to":{"name":"e.setData","loc":{"line":25,"column":54},"id":408010,"file":"D:\\WORK\\2022\\论文相关\\TOSEM\\MiniApp-review\\flow-baseline\\datasetPopular\\中国生物疫苗服务\\__APP__/pages/product/batchrelease/list.js"}}]}]}],"writeShadows":[{"shadowVar":{"id":407797,"declaredName":"__object__3.data","declaredLoc":{"line":4,"column":4},"file":"/pages/product/batchrelease/list.js","type":"normal"},"writeAccess":[]}]}]}]}