{"definedData":[],"dynamicDefinedData":[{"shadowObjectVar":"__object__3","dynamicDefinedProps":[{"propName":".setData","readShadows":[{"shadowVar":{"id":-26188,"declaredName":"__object__3.setData","file":"/pages/product/scan/detail.js","type":"normal"},"readAccess":[{"leftVar":[{"id":408627,"declaredName":"a","declaredLoc":{"line":15,"column":12},"file":"/pages/product/scan/detail.js","type":"normal"}],"readFlow":[{"type":"assign to","from":{"name":"this","loc":{"line":15,"column":16},"id":408628,"file":"D:\\WORK\\2022\\论文相关\\TOSEM\\MiniApp-review\\flow-baseline\\datasetPopular\\中国生物疫苗服务\\__APP__/pages/product/scan/detail.js"},"to":{"name":"a","loc":{"line":15,"column":12},"id":408627,"file":"D:\\WORK\\2022\\论文相关\\TOSEM\\MiniApp-review\\flow-baseline\\datasetPopular\\中国生物疫苗服务\\__APP__/pages/product/scan/detail.js"}}]}]}],"writeShadows":[{"shadowVar":{"id":-26188,"declaredName":"__object__3.setData","file":"/pages/product/scan/detail.js","type":"normal"},"writeAccess":[]}]}]}]}