{"definedData":[],"dynamicDefinedData":[{"shadowObjectVar":"__object__5","dynamicDefinedProps":[{"propName":".setData","readShadows":[{"shadowVar":{"id":-26209,"declaredName":"__object__5.setData","file":"/pages/reserve/detail/detail.js","type":"normal"},"readAccess":[{"leftVar":[{"id":409316,"declaredName":"t","declaredLoc":{"line":74,"column":12},"file":"/pages/reserve/detail/detail.js","type":"normal"}],"readFlow":[{"type":"assign to","from":{"name":"this","loc":{"line":74,"column":16},"id":409317,"file":"D:\\WORK\\2022\\论文相关\\TOSEM\\MiniApp-review\\flow-baseline\\datasetPopular\\中国生物疫苗服务\\__APP__/pages/reserve/detail/detail.js"},"to":{"name":"t","loc":{"line":74,"column":12},"id":409316,"file":"D:\\WORK\\2022\\论文相关\\TOSEM\\MiniApp-review\\flow-baseline\\datasetPopular\\中国生物疫苗服务\\__APP__/pages/reserve/detail/detail.js"}}]},{"leftVar":[{"id":409319,"declaredName":"e","declaredLoc":{"line":74,"column":22},"file":"/pages/reserve/detail/detail.js","type":"normal"}],"readFlow":[{"type":"assign to","from":{"name":"this","loc":{"line":74,"column":26},"id":409320,"file":"D:\\WORK\\2022\\论文相关\\TOSEM\\MiniApp-review\\flow-baseline\\datasetPopular\\中国生物疫苗服务\\__APP__/pages/reserve/detail/detail.js"},"to":{"name":"e","loc":{"line":74,"column":22},"id":409319,"file":"D:\\WORK\\2022\\论文相关\\TOSEM\\MiniApp-review\\flow-baseline\\datasetPopular\\中国生物疫苗服务\\__APP__/pages/reserve/detail/detail.js"}}]},{"leftVar":[{"id":409575,"declaredName":"t","declaredLoc":{"line":102,"column":12},"file":"/pages/reserve/detail/detail.js","type":"normal"}],"readFlow":[{"type":"assign to","from":{"name":"this","loc":{"line":102,"column":16},"id":409576,"file":"D:\\WORK\\2022\\论文相关\\TOSEM\\MiniApp-review\\flow-baseline\\datasetPopular\\中国生物疫苗服务\\__APP__/pages/reserve/detail/detail.js"},"to":{"name":"t","loc":{"line":102,"column":12},"id":409575,"file":"D:\\WORK\\2022\\论文相关\\TOSEM\\MiniApp-review\\flow-baseline\\datasetPopular\\中国生物疫苗服务\\__APP__/pages/reserve/detail/detail.js"}}]},{"leftVar":[{"id":410630,"declaredName":"i","declaredLoc":{"line":233,"column":12},"file":"/pages/reserve/detail/detail.js","type":"normal"}],"readFlow":[{"type":"assign to","from":{"name":"this","loc":{"line":233,"column":16},"id":410631,"file":"D:\\WORK\\2022\\论文相关\\TOSEM\\MiniApp-review\\flow-baseline\\datasetPopular\\中国生物疫苗服务\\__APP__/pages/reserve/detail/detail.js"},"to":{"name":"i","loc":{"line":233,"column":12},"id":410630,"file":"D:\\WORK\\2022\\论文相关\\TOSEM\\MiniApp-review\\flow-baseline\\datasetPopular\\中国生物疫苗服务\\__APP__/pages/reserve/detail/detail.js"}}]},{"leftVar":[{"id":411052,"declaredName":"a","declaredLoc":{"line":314,"column":12},"file":"/pages/reserve/detail/detail.js","type":"normal"}],"readFlow":[{"type":"assign to","from":{"name":"this","loc":{"line":314,"column":16},"id":411053,"file":"D:\\WORK\\2022\\论文相关\\TOSEM\\MiniApp-review\\flow-baseline\\datasetPopular\\中国生物疫苗服务\\__APP__/pages/reserve/detail/detail.js"},"to":{"name":"a","loc":{"line":314,"column":12},"id":411052,"file":"D:\\WORK\\2022\\论文相关\\TOSEM\\MiniApp-review\\flow-baseline\\datasetPopular\\中国生物疫苗服务\\__APP__/pages/reserve/detail/detail.js"}}]},{"leftVar":[{"id":411456,"declaredName":"n","declaredLoc":{"line":374,"column":12},"file":"/pages/reserve/detail/detail.js","type":"normal"}],"readFlow":[{"type":"assign to","from":{"name":"this","loc":{"line":374,"column":16},"id":411457,"file":"D:\\WORK\\2022\\论文相关\\TOSEM\\MiniApp-review\\flow-baseline\\datasetPopular\\中国生物疫苗服务\\__APP__/pages/reserve/detail/detail.js"},"to":{"name":"n","loc":{"line":374,"column":12},"id":411456,"file":"D:\\WORK\\2022\\论文相关\\TOSEM\\MiniApp-review\\flow-baseline\\datasetPopular\\中国生物疫苗服务\\__APP__/pages/reserve/detail/detail.js"}}]},{"leftVar":[{"id":411693,"declaredName":"a","declaredLoc":{"line":413,"column":16},"file":"/pages/reserve/detail/detail.js","type":"normal"}],"readFlow":[{"type":"assign to","from":{"name":"this","loc":{"line":413,"column":20},"id":411694,"file":"D:\\WORK\\2022\\论文相关\\TOSEM\\MiniApp-review\\flow-baseline\\datasetPopular\\中国生物疫苗服务\\__APP__/pages/reserve/detail/detail.js"},"to":{"name":"a","loc":{"line":413,"column":16},"id":411693,"file":"D:\\WORK\\2022\\论文相关\\TOSEM\\MiniApp-review\\flow-baseline\\datasetPopular\\中国生物疫苗服务\\__APP__/pages/reserve/detail/detail.js"}}]},{"leftVar":[{"id":412156,"declaredName":"t","declaredLoc":{"line":493,"column":12},"file":"/pages/reserve/detail/detail.js","type":"normal"}],"readFlow":[{"type":"assign to","from":{"name":"this","loc":{"line":493,"column":16},"id":412157,"file":"D:\\WORK\\2022\\论文相关\\TOSEM\\MiniApp-review\\flow-baseline\\datasetPopular\\中国生物疫苗服务\\__APP__/pages/reserve/detail/detail.js"},"to":{"name":"t","loc":{"line":493,"column":12},"id":412156,"file":"D:\\WORK\\2022\\论文相关\\TOSEM\\MiniApp-review\\flow-baseline\\datasetPopular\\中国生物疫苗服务\\__APP__/pages/reserve/detail/detail.js"}}]},{"leftVar":[{"id":412268,"declaredName":"t","declaredLoc":{"line":518,"column":12},"file":"/pages/reserve/detail/detail.js","type":"normal"}],"readFlow":[{"type":"assign to","from":{"name":"this","loc":{"line":518,"column":16},"id":412269,"file":"D:\\WORK\\2022\\论文相关\\TOSEM\\MiniApp-review\\flow-baseline\\datasetPopular\\中国生物疫苗服务\\__APP__/pages/reserve/detail/detail.js"},"to":{"name":"t","loc":{"line":518,"column":12},"id":412268,"file":"D:\\WORK\\2022\\论文相关\\TOSEM\\MiniApp-review\\flow-baseline\\datasetPopular\\中国生物疫苗服务\\__APP__/pages/reserve/detail/detail.js"}}]},{"leftVar":[{"id":412468,"declaredName":"t","declaredLoc":{"line":562,"column":12},"file":"/pages/reserve/detail/detail.js","type":"normal"}],"readFlow":[{"type":"assign to","from":{"name":"this","loc":{"line":562,"column":16},"id":412469,"file":"D:\\WORK\\2022\\论文相关\\TOSEM\\MiniApp-review\\flow-baseline\\datasetPopular\\中国生物疫苗服务\\__APP__/pages/reserve/detail/detail.js"},"to":{"name":"t","loc":{"line":562,"column":12},"id":412468,"file":"D:\\WORK\\2022\\论文相关\\TOSEM\\MiniApp-review\\flow-baseline\\datasetPopular\\中国生物疫苗服务\\__APP__/pages/reserve/detail/detail.js"}}]}]}],"writeShadows":[{"shadowVar":{"id":-26209,"declaredName":"__object__5.setData","file":"/pages/reserve/detail/detail.js","type":"normal"},"writeAccess":[]}]}]}]}