{"definedData":[],"dynamicDefinedData":[{"shadowObjectVar":"__object__3","dynamicDefinedProps":[{"propName":".setData","readShadows":[{"shadowVar":{"id":-26304,"declaredName":"__object__3.setData","file":"/pages/reserve/list/list.js","type":"normal"},"readAccess":[{"leftVar":[{"id":412787,"declaredName":"t","declaredLoc":{"line":28,"column":12},"file":"/pages/reserve/list/list.js","type":"normal"}],"readFlow":[{"type":"assign to","from":{"name":"this","loc":{"line":28,"column":16},"id":412788,"file":"D:\\WORK\\2022\\论文相关\\TOSEM\\MiniApp-review\\flow-baseline\\datasetPopular\\中国生物疫苗服务\\__APP__/pages/reserve/list/list.js"},"to":{"name":"t","loc":{"line":28,"column":12},"id":412787,"file":"D:\\WORK\\2022\\论文相关\\TOSEM\\MiniApp-review\\flow-baseline\\datasetPopular\\中国生物疫苗服务\\__APP__/pages/reserve/list/list.js"}}]},{"leftVar":[{"id":412872,"declaredName":"a","declaredLoc":{"line":50,"column":12},"file":"/pages/reserve/list/list.js","type":"normal"}],"readFlow":[{"type":"assign to","from":{"name":"this","loc":{"line":50,"column":16},"id":412873,"file":"D:\\WORK\\2022\\论文相关\\TOSEM\\MiniApp-review\\flow-baseline\\datasetPopular\\中国生物疫苗服务\\__APP__/pages/reserve/list/list.js"},"to":{"name":"a","loc":{"line":50,"column":12},"id":412872,"file":"D:\\WORK\\2022\\论文相关\\TOSEM\\MiniApp-review\\flow-baseline\\datasetPopular\\中国生物疫苗服务\\__APP__/pages/reserve/list/list.js"}}]},{"leftVar":[{"id":413182,"declaredName":"n","declaredLoc":{"line":102,"column":95},"file":"/pages/reserve/list/list.js","type":"normal"}],"readFlow":[{"type":"assign to","from":{"name":"this","loc":{"line":102,"column":99},"id":413183,"file":"D:\\WORK\\2022\\论文相关\\TOSEM\\MiniApp-review\\flow-baseline\\datasetPopular\\中国生物疫苗服务\\__APP__/pages/reserve/list/list.js"},"to":{"name":"n","loc":{"line":102,"column":95},"id":413182,"file":"D:\\WORK\\2022\\论文相关\\TOSEM\\MiniApp-review\\flow-baseline\\datasetPopular\\中国生物疫苗服务\\__APP__/pages/reserve/list/list.js"}}]}]}],"writeShadows":[{"shadowVar":{"id":-26304,"declaredName":"__object__3.setData","file":"/pages/reserve/list/list.js","type":"normal"},"writeAccess":[]}]}]}]}