{"definedData":[],"dynamicDefinedData":[{"shadowObjectVar":"__object__3","dynamicDefinedProps":[{"propName":".setData","readShadows":[{"shadowVar":{"id":-26328,"declaredName":"__object__3.setData","file":"/pages/reserve/map/city.js","type":"normal"},"readAccess":[{"leftVar":[{"id":413391,"declaredName":"t","declaredLoc":{"line":30,"column":12},"file":"/pages/reserve/map/city.js","type":"normal"}],"readFlow":[{"type":"assign to","from":{"name":"this","loc":{"line":30,"column":16},"id":413392,"file":"D:\\WORK\\2022\\论文相关\\TOSEM\\MiniApp-review\\flow-baseline\\datasetPopular\\中国生物疫苗服务\\__APP__/pages/reserve/map/city.js"},"to":{"name":"t","loc":{"line":30,"column":12},"id":413391,"file":"D:\\WORK\\2022\\论文相关\\TOSEM\\MiniApp-review\\flow-baseline\\datasetPopular\\中国生物疫苗服务\\__APP__/pages/reserve/map/city.js"}}]},{"leftVar":[{"id":413729,"declaredName":"e","declaredLoc":{"line":93,"column":12},"file":"/pages/reserve/map/city.js","type":"normal"}],"readFlow":[{"type":"assign to","from":{"name":"this","loc":{"line":93,"column":16},"id":413730,"file":"D:\\WORK\\2022\\论文相关\\TOSEM\\MiniApp-review\\flow-baseline\\datasetPopular\\中国生物疫苗服务\\__APP__/pages/reserve/map/city.js"},"to":{"name":"e","loc":{"line":93,"column":12},"id":413729,"file":"D:\\WORK\\2022\\论文相关\\TOSEM\\MiniApp-review\\flow-baseline\\datasetPopular\\中国生物疫苗服务\\__APP__/pages/reserve/map/city.js"}}]}]}],"writeShadows":[{"shadowVar":{"id":-26328,"declaredName":"__object__3.setData","file":"/pages/reserve/map/city.js","type":"normal"},"writeAccess":[]}]}]}]}