{"definedData":[],"dynamicDefinedData":[{"shadowObjectVar":"__object__5","dynamicDefinedProps":[{"propName":".setData","readShadows":[{"shadowVar":{"id":-26357,"declaredName":"__object__5.setData","file":"/pages/reserve/map/map.js","type":"normal"},"readAccess":[{"leftVar":[{"id":414393,"declaredName":"t","declaredLoc":{"line":87,"column":12},"file":"/pages/reserve/map/map.js","type":"normal"}],"readFlow":[{"type":"assign to","from":{"name":"this","loc":{"line":87,"column":16},"id":414394,"file":"D:\\WORK\\2022\\论文相关\\TOSEM\\MiniApp-review\\flow-baseline\\datasetPopular\\中国生物疫苗服务\\__APP__/pages/reserve/map/map.js"},"to":{"name":"t","loc":{"line":87,"column":12},"id":414393,"file":"D:\\WORK\\2022\\论文相关\\TOSEM\\MiniApp-review\\flow-baseline\\datasetPopular\\中国生物疫苗服务\\__APP__/pages/reserve/map/map.js"}}]},{"leftVar":[{"id":414465,"declaredName":"t","declaredLoc":{"line":104,"column":12},"file":"/pages/reserve/map/map.js","type":"normal"}],"readFlow":[{"type":"assign to","from":{"name":"this","loc":{"line":104,"column":16},"id":414466,"file":"D:\\WORK\\2022\\论文相关\\TOSEM\\MiniApp-review\\flow-baseline\\datasetPopular\\中国生物疫苗服务\\__APP__/pages/reserve/map/map.js"},"to":{"name":"t","loc":{"line":104,"column":12},"id":414465,"file":"D:\\WORK\\2022\\论文相关\\TOSEM\\MiniApp-review\\flow-baseline\\datasetPopular\\中国生物疫苗服务\\__APP__/pages/reserve/map/map.js"}}]},{"leftVar":[{"id":414922,"declaredName":"t","declaredLoc":{"line":191,"column":12},"file":"/pages/reserve/map/map.js","type":"normal"}],"readFlow":[{"type":"assign to","from":{"name":"this","loc":{"line":191,"column":16},"id":414923,"file":"D:\\WORK\\2022\\论文相关\\TOSEM\\MiniApp-review\\flow-baseline\\datasetPopular\\中国生物疫苗服务\\__APP__/pages/reserve/map/map.js"},"to":{"name":"t","loc":{"line":191,"column":12},"id":414922,"file":"D:\\WORK\\2022\\论文相关\\TOSEM\\MiniApp-review\\flow-baseline\\datasetPopular\\中国生物疫苗服务\\__APP__/pages/reserve/map/map.js"}}]},{"leftVar":[{"id":415122,"declaredName":"t","declaredLoc":{"line":230,"column":12},"file":"/pages/reserve/map/map.js","type":"normal"}],"readFlow":[{"type":"assign to","from":{"name":"this","loc":{"line":230,"column":16},"id":415123,"file":"D:\\WORK\\2022\\论文相关\\TOSEM\\MiniApp-review\\flow-baseline\\datasetPopular\\中国生物疫苗服务\\__APP__/pages/reserve/map/map.js"},"to":{"name":"t","loc":{"line":230,"column":12},"id":415122,"file":"D:\\WORK\\2022\\论文相关\\TOSEM\\MiniApp-review\\flow-baseline\\datasetPopular\\中国生物疫苗服务\\__APP__/pages/reserve/map/map.js"}}]},{"leftVar":[{"id":415271,"declaredName":"t","declaredLoc":{"line":256,"column":12},"file":"/pages/reserve/map/map.js","type":"normal"}],"readFlow":[{"type":"assign to","from":{"name":"this","loc":{"line":256,"column":16},"id":415272,"file":"D:\\WORK\\2022\\论文相关\\TOSEM\\MiniApp-review\\flow-baseline\\datasetPopular\\中国生物疫苗服务\\__APP__/pages/reserve/map/map.js"},"to":{"name":"t","loc":{"line":256,"column":12},"id":415271,"file":"D:\\WORK\\2022\\论文相关\\TOSEM\\MiniApp-review\\flow-baseline\\datasetPopular\\中国生物疫苗服务\\__APP__/pages/reserve/map/map.js"}}]},{"leftVar":[{"id":415358,"declaredName":"i","declaredLoc":{"line":267,"column":12},"file":"/pages/reserve/map/map.js","type":"normal"}],"readFlow":[{"type":"assign to","from":{"name":"this","loc":{"line":267,"column":16},"id":415359,"file":"D:\\WORK\\2022\\论文相关\\TOSEM\\MiniApp-review\\flow-baseline\\datasetPopular\\中国生物疫苗服务\\__APP__/pages/reserve/map/map.js"},"to":{"name":"i","loc":{"line":267,"column":12},"id":415358,"file":"D:\\WORK\\2022\\论文相关\\TOSEM\\MiniApp-review\\flow-baseline\\datasetPopular\\中国生物疫苗服务\\__APP__/pages/reserve/map/map.js"}}]},{"leftVar":[{"id":415553,"declaredName":"a","declaredLoc":{"line":299,"column":12},"file":"/pages/reserve/map/map.js","type":"normal"}],"readFlow":[{"type":"assign to","from":{"name":"this","loc":{"line":299,"column":16},"id":415554,"file":"D:\\WORK\\2022\\论文相关\\TOSEM\\MiniApp-review\\flow-baseline\\datasetPopular\\中国生物疫苗服务\\__APP__/pages/reserve/map/map.js"},"to":{"name":"a","loc":{"line":299,"column":12},"id":415553,"file":"D:\\WORK\\2022\\论文相关\\TOSEM\\MiniApp-review\\flow-baseline\\datasetPopular\\中国生物疫苗服务\\__APP__/pages/reserve/map/map.js"}}]},{"leftVar":[{"id":415936,"declaredName":"t","declaredLoc":{"line":363,"column":12},"file":"/pages/reserve/map/map.js","type":"normal"}],"readFlow":[{"type":"assign to","from":{"name":"this","loc":{"line":363,"column":16},"id":415937,"file":"D:\\WORK\\2022\\论文相关\\TOSEM\\MiniApp-review\\flow-baseline\\datasetPopular\\中国生物疫苗服务\\__APP__/pages/reserve/map/map.js"},"to":{"name":"t","loc":{"line":363,"column":12},"id":415936,"file":"D:\\WORK\\2022\\论文相关\\TOSEM\\MiniApp-review\\flow-baseline\\datasetPopular\\中国生物疫苗服务\\__APP__/pages/reserve/map/map.js"}}]},{"leftVar":[{"id":416634,"declaredName":"t","declaredLoc":{"line":483,"column":12},"file":"/pages/reserve/map/map.js","type":"normal"}],"readFlow":[{"type":"assign to","from":{"name":"this","loc":{"line":483,"column":16},"id":416635,"file":"D:\\WORK\\2022\\论文相关\\TOSEM\\MiniApp-review\\flow-baseline\\datasetPopular\\中国生物疫苗服务\\__APP__/pages/reserve/map/map.js"},"to":{"name":"t","loc":{"line":483,"column":12},"id":416634,"file":"D:\\WORK\\2022\\论文相关\\TOSEM\\MiniApp-review\\flow-baseline\\datasetPopular\\中国生物疫苗服务\\__APP__/pages/reserve/map/map.js"}}]},{"leftVar":[{"id":416698,"declaredName":"t","declaredLoc":{"line":494,"column":12},"file":"/pages/reserve/map/map.js","type":"normal"}],"readFlow":[{"type":"assign to","from":{"name":"this","loc":{"line":494,"column":16},"id":416699,"file":"D:\\WORK\\2022\\论文相关\\TOSEM\\MiniApp-review\\flow-baseline\\datasetPopular\\中国生物疫苗服务\\__APP__/pages/reserve/map/map.js"},"to":{"name":"t","loc":{"line":494,"column":12},"id":416698,"file":"D:\\WORK\\2022\\论文相关\\TOSEM\\MiniApp-review\\flow-baseline\\datasetPopular\\中国生物疫苗服务\\__APP__/pages/reserve/map/map.js"}}]},{"leftVar":[{"id":417185,"declaredName":"t","declaredLoc":{"line":557,"column":12},"file":"/pages/reserve/map/map.js","type":"normal"}],"readFlow":[{"type":"assign to","from":{"name":"this","loc":{"line":557,"column":16},"id":417186,"file":"D:\\WORK\\2022\\论文相关\\TOSEM\\MiniApp-review\\flow-baseline\\datasetPopular\\中国生物疫苗服务\\__APP__/pages/reserve/map/map.js"},"to":{"name":"t","loc":{"line":557,"column":12},"id":417185,"file":"D:\\WORK\\2022\\论文相关\\TOSEM\\MiniApp-review\\flow-baseline\\datasetPopular\\中国生物疫苗服务\\__APP__/pages/reserve/map/map.js"}}]},{"leftVar":[{"id":417277,"declaredName":"t","declaredLoc":{"line":583,"column":12},"file":"/pages/reserve/map/map.js","type":"normal"}],"readFlow":[{"type":"assign to","from":{"name":"this","loc":{"line":583,"column":16},"id":417278,"file":"D:\\WORK\\2022\\论文相关\\TOSEM\\MiniApp-review\\flow-baseline\\datasetPopular\\中国生物疫苗服务\\__APP__/pages/reserve/map/map.js"},"to":{"name":"t","loc":{"line":583,"column":12},"id":417277,"file":"D:\\WORK\\2022\\论文相关\\TOSEM\\MiniApp-review\\flow-baseline\\datasetPopular\\中国生物疫苗服务\\__APP__/pages/reserve/map/map.js"}}]}]}],"writeShadows":[{"shadowVar":{"id":-26357,"declaredName":"__object__5.setData","file":"/pages/reserve/map/map.js","type":"normal"},"writeAccess":[]}]}]}]}