{"definedData":[],"dynamicDefinedData":[{"shadowObjectVar":"__object__3","dynamicDefinedProps":[{"propName":".setData","readShadows":[{"shadowVar":{"id":-26494,"declaredName":"__object__3.setData","file":"/pages/reserve/map/vaccine.js","type":"normal"},"readAccess":[{"leftVar":[{"id":418581,"declaredName":"e","declaredLoc":{"line":17,"column":12},"file":"/pages/reserve/map/vaccine.js","type":"normal"}],"readFlow":[{"type":"assign to","from":{"name":"this","loc":{"line":17,"column":16},"id":418582,"file":"D:\\WORK\\2022\\论文相关\\TOSEM\\MiniApp-review\\flow-baseline\\datasetPopular\\中国生物疫苗服务\\__APP__/pages/reserve/map/vaccine.js"},"to":{"name":"e","loc":{"line":17,"column":12},"id":418581,"file":"D:\\WORK\\2022\\论文相关\\TOSEM\\MiniApp-review\\flow-baseline\\datasetPopular\\中国生物疫苗服务\\__APP__/pages/reserve/map/vaccine.js"}}]},{"leftVar":[{"id":418850,"declaredName":"t","declaredLoc":{"line":70,"column":12},"file":"/pages/reserve/map/vaccine.js","type":"normal"}],"readFlow":[{"type":"assign to","from":{"name":"this","loc":{"line":70,"column":16},"id":418851,"file":"D:\\WORK\\2022\\论文相关\\TOSEM\\MiniApp-review\\flow-baseline\\datasetPopular\\中国生物疫苗服务\\__APP__/pages/reserve/map/vaccine.js"},"to":{"name":"t","loc":{"line":70,"column":12},"id":418850,"file":"D:\\WORK\\2022\\论文相关\\TOSEM\\MiniApp-review\\flow-baseline\\datasetPopular\\中国生物疫苗服务\\__APP__/pages/reserve/map/vaccine.js"}}]}]}],"writeShadows":[{"shadowVar":{"id":-26494,"declaredName":"__object__3.setData","file":"/pages/reserve/map/vaccine.js","type":"normal"},"writeAccess":[]}]}]}]}