{"definedData":[],"dynamicDefinedData":[{"shadowObjectVar":"__object__3","dynamicDefinedProps":[{"propName":".setData","readShadows":[{"shadowVar":{"id":-26632,"declaredName":"__object__3.setData","file":"/pages/home/articleList/cmsarticle/cmsarticle.js","type":"normal"},"readAccess":[{"leftVar":[{"id":419423,"declaredName":"l","declaredLoc":{"line":11,"column":15},"file":"/pages/home/articleList/cmsarticle/cmsarticle.js","type":"normal"}],"readFlow":[{"type":"assign to","from":{"name":"this","loc":{"line":11,"column":19},"id":419424,"file":"D:\\WORK\\2022\\论文相关\\TOSEM\\MiniApp-review\\flow-baseline\\datasetPopular\\中国生物疫苗服务\\__APP__/pages/home/articleList/cmsarticle/cmsarticle.js"},"to":{"name":"l","loc":{"line":11,"column":15},"id":419423,"file":"D:\\WORK\\2022\\论文相关\\TOSEM\\MiniApp-review\\flow-baseline\\datasetPopular\\中国生物疫苗服务\\__APP__/pages/home/articleList/cmsarticle/cmsarticle.js"}}]}]}],"writeShadows":[{"shadowVar":{"id":-26632,"declaredName":"__object__3.setData","file":"/pages/home/articleList/cmsarticle/cmsarticle.js","type":"normal"},"writeAccess":[]}]}]}]}