{"definedData":[],"dynamicDefinedData":[{"shadowObjectVar":"__object__3","dynamicDefinedProps":[{"propName":".setData","readShadows":[{"shadowVar":{"id":-26689,"declaredName":"__object__3.setData","file":"/pages/home/articleList/qaarticle/qaarticle.js","type":"normal"},"readAccess":[{"leftVar":[{"id":419701,"declaredName":"i","declaredLoc":{"line":11,"column":15},"file":"/pages/home/articleList/qaarticle/qaarticle.js","type":"normal"}],"readFlow":[{"type":"assign to","from":{"name":"this","loc":{"line":11,"column":19},"id":419702,"file":"D:\\WORK\\2022\\论文相关\\TOSEM\\MiniApp-review\\flow-baseline\\datasetPopular\\中国生物疫苗服务\\__APP__/pages/home/articleList/qaarticle/qaarticle.js"},"to":{"name":"i","loc":{"line":11,"column":15},"id":419701,"file":"D:\\WORK\\2022\\论文相关\\TOSEM\\MiniApp-review\\flow-baseline\\datasetPopular\\中国生物疫苗服务\\__APP__/pages/home/articleList/qaarticle/qaarticle.js"}}]}]}],"writeShadows":[{"shadowVar":{"id":-26689,"declaredName":"__object__3.setData","file":"/pages/home/articleList/qaarticle/qaarticle.js","type":"normal"},"writeAccess":[]}]}]}]}