{"definedData":[],"dynamicDefinedData":[{"shadowObjectVar":"__object__3","dynamicDefinedProps":[{"propName":".setData","readShadows":[{"shadowVar":{"id":-26703,"declaredName":"__object__3.setData","file":"/pages/home/articleList/typeList/typeList.js","type":"normal"},"readAccess":[{"leftVar":[{"id":420035,"declaredName":"a","declaredLoc":{"line":35,"column":12},"file":"/pages/home/articleList/typeList/typeList.js","type":"normal"}],"readFlow":[{"type":"assign to","from":{"name":"this","loc":{"line":35,"column":16},"id":420036,"file":"D:\\WORK\\2022\\论文相关\\TOSEM\\MiniApp-review\\flow-baseline\\datasetPopular\\中国生物疫苗服务\\__APP__/pages/home/articleList/typeList/typeList.js"},"to":{"name":"a","loc":{"line":35,"column":12},"id":420035,"file":"D:\\WORK\\2022\\论文相关\\TOSEM\\MiniApp-review\\flow-baseline\\datasetPopular\\中国生物疫苗服务\\__APP__/pages/home/articleList/typeList/typeList.js"}}]}]}],"writeShadows":[{"shadowVar":{"id":-26703,"declaredName":"__object__3.setData","file":"/pages/home/articleList/typeList/typeList.js","type":"normal"},"writeAccess":[]}]}]}]}