{"definedData":[],"dynamicDefinedData":[{"shadowObjectVar":"__object__3","dynamicDefinedProps":[{"propName":".setData","readShadows":[{"shadowVar":{"id":-26734,"declaredName":"__object__3.setData","file":"/pages/mine/vaccine/query/list.js","type":"normal"},"readAccess":[{"leftVar":[{"id":420483,"declaredName":"t","declaredLoc":{"line":15,"column":12},"file":"/pages/mine/vaccine/query/list.js","type":"normal"}],"readFlow":[{"type":"assign to","from":{"name":"this","loc":{"line":15,"column":16},"id":420484,"file":"D:\\WORK\\2022\\论文相关\\TOSEM\\MiniApp-review\\flow-baseline\\datasetPopular\\中国生物疫苗服务\\__APP__/pages/mine/vaccine/query/list.js"},"to":{"name":"t","loc":{"line":15,"column":12},"id":420483,"file":"D:\\WORK\\2022\\论文相关\\TOSEM\\MiniApp-review\\flow-baseline\\datasetPopular\\中国生物疫苗服务\\__APP__/pages/mine/vaccine/query/list.js"}}]}]}],"writeShadows":[{"shadowVar":{"id":-26734,"declaredName":"__object__3.setData","file":"/pages/mine/vaccine/query/list.js","type":"normal"},"writeAccess":[]}]},{"propName":".data","readShadows":[{"shadowVar":{"id":420449,"declaredName":"__object__3.data","declaredLoc":{"line":4,"column":4},"file":"/pages/mine/vaccine/query/list.js","type":"normal"},"readAccess":[{"leftVar":[{"id":420486,"declaredName":"a","declaredLoc":{"line":15,"column":22},"file":"/pages/mine/vaccine/query/list.js","type":"normal"}],"readFlow":[{"type":"assign to","from":{"name":"t.data","loc":{"line":15,"column":26},"id":420487,"file":"D:\\WORK\\2022\\论文相关\\TOSEM\\MiniApp-review\\flow-baseline\\datasetPopular\\中国生物疫苗服务\\__APP__/pages/mine/vaccine/query/list.js"},"to":{"name":"a","loc":{"line":15,"column":22},"id":420486,"file":"D:\\WORK\\2022\\论文相关\\TOSEM\\MiniApp-review\\flow-baseline\\datasetPopular\\中国生物疫苗服务\\__APP__/pages/mine/vaccine/query/list.js"}},{"type":"read","from":{"name":"a","loc":{"line":15,"column":22},"id":420486,"file":"D:\\WORK\\2022\\论文相关\\TOSEM\\MiniApp-review\\flow-baseline\\datasetPopular\\中国生物疫苗服务\\__APP__/pages/mine/vaccine/query/list.js"},"to":{"name":"a","loc":{"line":23,"column":60},"id":420593,"file":"D:\\WORK\\2022\\论文相关\\TOSEM\\MiniApp-review\\flow-baseline\\datasetPopular\\中国生物疫苗服务\\__APP__/pages/mine/vaccine/query/list.js"}},{"type":"to callee","from":{"name":"a","loc":{"line":23,"column":60},"id":420593,"file":"D:\\WORK\\2022\\论文相关\\TOSEM\\MiniApp-review\\flow-baseline\\datasetPopular\\中国生物疫苗服务\\__APP__/pages/mine/vaccine/query/list.js"},"to":{"name":"t.setData","loc":{"line":23,"column":50},"id":420590,"file":"D:\\WORK\\2022\\论文相关\\TOSEM\\MiniApp-review\\flow-baseline\\datasetPopular\\中国生物疫苗服务\\__APP__/pages/mine/vaccine/query/list.js"}}]}]}],"writeShadows":[{"shadowVar":{"id":420449,"declaredName":"__object__3.data","declaredLoc":{"line":4,"column":4},"file":"/pages/mine/vaccine/query/list.js","type":"normal"},"writeAccess":[]}]}]}]}