{"definedData":[],"dynamicDefinedData":[{"shadowObjectVar":"setData","dynamicDefinedProps":[{"propName":"","readShadows":[{"shadowVar":{"id":-26749,"declaredName":"setData","file":"/pages/product/batchrelease/file/detail.js","type":"normal"},"readAccess":[{"leftVar":[{"id":420729,"declaredName":"e","declaredLoc":{"line":6,"column":12},"file":"/pages/product/batchrelease/file/detail.js","type":"normal"}],"readFlow":[{"type":"assign to","from":{"name":"this","loc":{"line":6,"column":16},"id":420730,"file":"D:\\WORK\\2022\\论文相关\\TOSEM\\MiniApp-review\\flow-baseline\\datasetPopular\\中国生物疫苗服务\\__APP__/pages/product/batchrelease/file/detail.js"},"to":{"name":"e","loc":{"line":6,"column":12},"id":420729,"file":"D:\\WORK\\2022\\论文相关\\TOSEM\\MiniApp-review\\flow-baseline\\datasetPopular\\中国生物疫苗服务\\__APP__/pages/product/batchrelease/file/detail.js"}}]}]}],"writeShadows":[{"shadowVar":{"id":-26749,"declaredName":"setData","file":"/pages/product/batchrelease/file/detail.js","type":"normal"},"writeAccess":[]}]}]}]}