[{"id": 0, "type": "[document]", "string": null, "attribute": {}, "referenceVariable": [], "referenceFunction": [], "style": [], "inheritClass": null, "wxss": [], "page": null, "path": "D:\\WORK\\2021\\MPDF\\baseline\\ui\\PPP有例\\personalPage.wxml", "child": [1], "parent": null, "matchString": [{"type": "relation", "string": "cover"}, {"type": "relation", "string": "手机号"}, {"type": "relation", "string": "填写手机号"}, {"type": "relation", "string": "验证码"}, {"type": "relation", "string": "输入验证码"}, {"type": "relation", "string": "获取验证码"}, {"type": "relation", "string": "{{second}}s后重新获取"}, {"type": "relation", "string": "{{promptNew}}"}, {"type": "relation", "string": "2000"}, {"type": "relation", "string": "{{toastHidden}}"}, {"type": "relation", "string": "绑定"}, {"type": "relation", "string": "注：点击绑定"}, {"type": "relation", "string": "，即表示已经阅读并同意"}, {"type": "relation", "string": "《用户协议》"}, {"type": "relation", "string": "\n      正在效验...\n    "}, {"type": "relation", "string": "{{isLoading}}"}]}, {"id": 1, "type": "view", "string": null, "attribute": {}, "referenceVariable": [], "referenceFunction": [], "style": [], "inheritClass": null, "wxss": [], "page": null, "path": "D:\\WORK\\2021\\MPDF\\baseline\\ui\\PPP有例\\personalPage.wxml", "child": [2, 4, 7, 13, 14, 15], "parent": 0, "matchString": [{"type": "relation", "string": "cover"}, {"type": "relation", "string": "手机号"}, {"type": "relation", "string": "填写手机号"}, {"type": "relation", "string": "验证码"}, {"type": "relation", "string": "输入验证码"}, {"type": "relation", "string": "获取验证码"}, {"type": "relation", "string": "{{second}}s后重新获取"}, {"type": "relation", "string": "{{promptNew}}"}, {"type": "relation", "string": "2000"}, {"type": "relation", "string": "{{toastHidden}}"}, {"type": "relation", "string": "绑定"}, {"type": "relation", "string": "注：点击绑定"}, {"type": "relation", "string": "，即表示已经阅读并同意"}, {"type": "relation", "string": "《用户协议》"}, {"type": "relation", "string": "\n      正在效验...\n    "}, {"type": "relation", "string": "{{isLoading}}"}]}, {"id": 2, "type": "view", "string": null, "attribute": {"bindtap": "bindViewTap", "class": ["userinfo"]}, "referenceVariable": [], "referenceFunction": ["bindViewTap"], "style": [], "inheritClass": null, "wxss": [], "page": null, "path": "D:\\WORK\\2021\\MPDF\\baseline\\ui\\PPP有例\\personalPage.wxml", "child": [3], "parent": 1, "matchString": [{"type": "relation", "string": "cover"}]}, {"id": 3, "type": "image", "string": null, "attribute": {"backgroundsize": "cover", "class": ["userinfo-avatar"], "src": "{{userInfo.avatarUrl}}"}, "referenceVariable": ["userInfo.avatarUrl"], "referenceFunction": [], "style": [], "inheritClass": null, "wxss": [], "page": null, "path": "D:\\WORK\\2021\\MPDF\\baseline\\ui\\PPP有例\\personalPage.wxml", "child": [], "parent": 2, "matchString": [{"type": "attr", "string": "cover"}]}, {"id": 4, "type": "view", "string": null, "attribute": {"class": ["trRegister"], "style": "margin-top: 10px;"}, "referenceVariable": [], "referenceFunction": [], "style": [], "inheritClass": null, "wxss": [], "page": null, "path": "D:\\WORK\\2021\\MPDF\\baseline\\ui\\PPP有例\\personalPage.wxml", "child": [5, 6], "parent": 1, "matchString": [{"type": "relation", "string": "手机号"}, {"type": "relation", "string": "填写手机号"}]}, {"id": 5, "type": "view", "string": "手机号", "attribute": {"class": ["tdP"]}, "referenceVariable": [], "referenceFunction": [], "style": [], "inheritClass": null, "wxss": [], "page": null, "path": "D:\\WORK\\2021\\MPDF\\baseline\\ui\\PPP有例\\personalPage.wxml", "child": [], "parent": 4, "matchString": [{"type": "self", "string": "手机号"}]}, {"id": 6, "type": "input", "string": null, "attribute": {"bindinput": "getphone", "class": ["inputTxt"], "maxlength": "11", "placeholder": "填写手机号", "type": "number"}, "referenceVariable": [], "referenceFunction": ["getphone"], "style": [], "inheritClass": null, "wxss": [], "page": null, "path": "D:\\WORK\\2021\\MPDF\\baseline\\ui\\PPP有例\\personalPage.wxml", "child": [], "parent": 4, "matchString": [{"type": "attr", "string": "填写手机号"}]}, {"id": 7, "type": "view", "string": null, "attribute": {"class": ["trRegister"]}, "referenceVariable": [], "referenceFunction": [], "style": [], "inheritClass": null, "wxss": [], "page": null, "path": "D:\\WORK\\2021\\MPDF\\baseline\\ui\\PPP有例\\personalPage.wxml", "child": [8, 9, 10], "parent": 1, "matchString": [{"type": "relation", "string": "验证码"}, {"type": "relation", "string": "输入验证码"}, {"type": "relation", "string": "获取验证码"}, {"type": "relation", "string": "{{second}}s后重新获取"}]}, {"id": 8, "type": "view", "string": "验证码", "attribute": {"class": ["tdP"]}, "referenceVariable": [], "referenceFunction": [], "style": [], "inheritClass": null, "wxss": [], "page": null, "path": "D:\\WORK\\2021\\MPDF\\baseline\\ui\\PPP有例\\personalPage.wxml", "child": [], "parent": 7, "matchString": [{"type": "self", "string": "验证码"}]}, {"id": 9, "type": "input", "string": null, "attribute": {"bindinput": "getNumber", "class": ["inputTxt"], "maxlength": "6", "placeholder": "输入验证码", "type": "number"}, "referenceVariable": [], "referenceFunction": ["getNumber"], "style": [], "inheritClass": null, "wxss": [], "page": null, "path": "D:\\WORK\\2021\\MPDF\\baseline\\ui\\PPP有例\\personalPage.wxml", "child": [], "parent": 7, "matchString": [{"type": "attr", "string": "输入验证码"}]}, {"id": 10, "type": "view", "string": null, "attribute": {"class": ["tdBtn-verify"]}, "referenceVariable": [], "referenceFunction": [], "style": [], "inheritClass": null, "wxss": [], "page": null, "path": "D:\\WORK\\2021\\MPDF\\baseline\\ui\\PPP有例\\personalPage.wxml", "child": [11, 12], "parent": 7, "matchString": [{"type": "relation", "string": "获取验证码"}, {"type": "relation", "string": "{{second}}s后重新获取"}]}, {"id": 11, "type": "view", "string": "获取验证码", "attribute": {"bindtap": "getCode", "class": ["tdBtn"], "wx:if": "{{selected==false}}"}, "referenceVariable": ["selected==false"], "referenceFunction": ["getCode"], "style": [], "inheritClass": null, "wxss": [], "page": null, "path": "D:\\WORK\\2021\\MPDF\\baseline\\ui\\PPP有例\\personalPage.wxml", "child": [], "parent": 10, "matchString": [{"type": "self", "string": "获取验证码"}]}, {"id": 12, "type": "view", "string": "{{second}}s后重新获取", "attribute": {"bindtap": "countdown", "class": ["tdBtn"], "wx:else": ""}, "referenceVariable": [], "referenceFunction": ["countdown"], "style": [], "inheritClass": null, "wxss": [], "page": null, "path": "D:\\WORK\\2021\\MPDF\\baseline\\ui\\PPP有例\\personalPage.wxml", "child": [], "parent": 10, "matchString": [{"type": "self", "string": "{{second}}s后重新获取"}]}, {"id": 13, "type": "toast", "string": "{{promptNew}}", "attribute": {"bindchange": "toastChange", "duration": "2000", "hidden": "{{toastHidden}}"}, "referenceVariable": ["toastHidden"], "referenceFunction": ["toastChange"], "style": [], "inheritClass": null, "wxss": [], "page": null, "path": "D:\\WORK\\2021\\MPDF\\baseline\\ui\\PPP有例\\personalPage.wxml", "child": [], "parent": 1, "matchString": [{"type": "self", "string": "{{promptNew}}"}, {"type": "attr", "string": "2000"}, {"type": "attr", "string": "{{toastHidden}}"}, {"type": "relation", "string": "{{toastHidden}}"}]}, {"id": 14, "type": "button", "string": "绑定", "attribute": {"bindtap": "register", "class": ["tbnReg"]}, "referenceVariable": [], "referenceFunction": ["register"], "style": [], "inheritClass": null, "wxss": [], "page": null, "path": "D:\\WORK\\2021\\MPDF\\baseline\\ui\\PPP有例\\personalPage.wxml", "child": [], "parent": 1, "matchString": [{"type": "self", "string": "绑定"}, {"type": "relation", "string": "绑定"}]}, {"id": 15, "type": "view", "string": null, "attribute": {"class": ["trClause"]}, "referenceVariable": [], "referenceFunction": [], "style": [], "inheritClass": null, "wxss": [], "page": null, "path": "D:\\WORK\\2021\\MPDF\\baseline\\ui\\PPP有例\\personalPage.wxml", "child": [16, 17, 18, 19], "parent": 1, "matchString": [{"type": "relation", "string": "注：点击绑定"}, {"type": "relation", "string": "，即表示已经阅读并同意"}, {"type": "relation", "string": "《用户协议》"}, {"type": "relation", "string": "\n      正在效验...\n    "}, {"type": "relation", "string": "{{isLoading}}"}]}, {"id": 16, "type": "view", "string": "注：点击绑定", "attribute": {"class": ["tblog"]}, "referenceVariable": [], "referenceFunction": [], "style": [], "inheritClass": null, "wxss": [], "page": null, "path": "D:\\WORK\\2021\\MPDF\\baseline\\ui\\PPP有例\\personalPage.wxml", "child": [], "parent": 15, "matchString": [{"type": "self", "string": "注：点击绑定"}]}, {"id": 17, "type": "view", "string": "，即表示已经阅读并同意", "attribute": {"class": ["tbClause"]}, "referenceVariable": [], "referenceFunction": [], "style": [], "inheritClass": null, "wxss": [], "page": null, "path": "D:\\WORK\\2021\\MPDF\\baseline\\ui\\PPP有例\\personalPage.wxml", "child": [], "parent": 15, "matchString": [{"type": "self", "string": "，即表示已经阅读并同意"}]}, {"id": 18, "type": "view", "string": "《用户协议》", "attribute": {"bindtap": "serviceTerms", "class": ["service"]}, "referenceVariable": [], "referenceFunction": ["serviceTerms"], "style": [], "inheritClass": null, "wxss": [], "page": null, "path": "D:\\WORK\\2021\\MPDF\\baseline\\ui\\PPP有例\\personalPage.wxml", "child": [], "parent": 15, "matchString": [{"type": "self", "string": "《用户协议》"}]}, {"id": 19, "type": "loading", "string": "\n      正在效验...\n    ", "attribute": {"hidden": "{{isLoading}}"}, "referenceVariable": ["isLoading"], "referenceFunction": [], "style": [], "inheritClass": null, "wxss": [], "page": null, "path": "D:\\WORK\\2021\\MPDF\\baseline\\ui\\PPP有例\\personalPage.wxml", "child": [], "parent": 15, "matchString": [{"type": "self", "string": "\n      正在效验...\n    "}, {"type": "attr", "string": "{{isLoading}}"}]}]