[{"id": 0, "type": "[document]", "string": null, "attribute": {}, "referenceVariable": [], "referenceFunction": [], "style": [], "inheritClass": null, "wxss": [], "page": null, "path": "D:\\WORK\\2021\\MPDF\\baseline\\ui\\铲屎官爱省钱\\index.wxml", "child": [1], "parent": null, "matchString": [{"type": "relation", "string": "选择爱宠"}, {"type": "relation", "string": "{{item.id}}"}, {"type": "relation", "string": "{{item.nick_name}}"}, {"type": "relation", "string": "添加爱宠"}, {"type": "relation", "string": "true"}, {"type": "relation", "string": "新增爱宠"}, {"type": "relation", "string": "还差一步哦，完善主子信息，获取结果"}, {"type": "relation", "string": "昵称："}, {"type": "relation", "string": "nickname"}, {"type": "relation", "string": "点击输入昵称"}, {"type": "relation", "string": "性别："}, {"type": "relation", "string": "{{item.value}}"}, {"type": "relation", "string": "{{item.key}}"}, {"type": "relation", "string": "出生："}, {"type": "relation", "string": "{{end}}"}, {"type": "relation", "string": "birth"}, {"type": "relation", "string": "{{start}}"}, {"type": "relation", "string": "\n              {{dateSel?dateSel:'点击选择出生日期'}}\n            "}, {"type": "relation", "string": "体重："}, {"type": "relation", "string": "weight"}, {"type": "relation", "string": "点击输入体重（kg）"}, {"type": "relation", "string": "品种："}, {"type": "relation", "string": "{{breed}}"}, {"type": "relation", "string": "name"}, {"type": "relation", "string": "\n              {{breedSelName?breedSelName:'点击选择爱宠的品种'}}\n            "}, {"type": "relation", "string": "是否绝育："}, {"type": "relation", "string": "选择标签"}, {"type": "relation", "string": "{{item.name}}"}, {"type": "relation", "string": "submit"}, {"type": "relation", "string": "none"}]}, {"id": 1, "type": "view", "string": null, "attribute": {}, "referenceVariable": [], "referenceFunction": [], "style": [], "inheritClass": null, "wxss": [], "page": null, "path": "D:\\WORK\\2021\\MPDF\\baseline\\ui\\铲屎官爱省钱\\index.wxml", "child": [2, 9, 12], "parent": 0, "matchString": [{"type": "relation", "string": "选择爱宠"}, {"type": "relation", "string": "{{item.id}}"}, {"type": "relation", "string": "{{item.nick_name}}"}, {"type": "relation", "string": "添加爱宠"}, {"type": "relation", "string": "true"}, {"type": "relation", "string": "新增爱宠"}, {"type": "relation", "string": "还差一步哦，完善主子信息，获取结果"}, {"type": "relation", "string": "昵称："}, {"type": "relation", "string": "nickname"}, {"type": "relation", "string": "点击输入昵称"}, {"type": "relation", "string": "性别："}, {"type": "relation", "string": "{{item.value}}"}, {"type": "relation", "string": "{{item.key}}"}, {"type": "relation", "string": "出生："}, {"type": "relation", "string": "{{end}}"}, {"type": "relation", "string": "birth"}, {"type": "relation", "string": "{{start}}"}, {"type": "relation", "string": "\n              {{dateSel?dateSel:'点击选择出生日期'}}\n            "}, {"type": "relation", "string": "体重："}, {"type": "relation", "string": "weight"}, {"type": "relation", "string": "点击输入体重（kg）"}, {"type": "relation", "string": "品种："}, {"type": "relation", "string": "{{breed}}"}, {"type": "relation", "string": "name"}, {"type": "relation", "string": "\n              {{breedSelName?breedSelName:'点击选择爱宠的品种'}}\n            "}, {"type": "relation", "string": "是否绝育："}, {"type": "relation", "string": "选择标签"}, {"type": "relation", "string": "{{item.name}}"}, {"type": "relation", "string": "submit"}, {"type": "relation", "string": "none"}]}, {"id": 2, "type": "view", "string": null, "attribute": {"class": ["pet-wrap"], "wx:if": "{{petListLen>0?true:false}}"}, "referenceVariable": ["petListLen>0?true:false"], "referenceFunction": [], "style": [], "inheritClass": null, "wxss": [], "page": null, "path": "D:\\WORK\\2021\\MPDF\\baseline\\ui\\铲屎官爱省钱\\index.wxml", "child": [3, 4, 8], "parent": 1, "matchString": [{"type": "relation", "string": "选择爱宠"}, {"type": "relation", "string": "{{item.id}}"}, {"type": "relation", "string": "{{item.nick_name}}"}]}, {"id": 3, "type": "view", "string": "选择爱宠", "attribute": {"class": ["note"]}, "referenceVariable": [], "referenceFunction": [], "style": [], "inheritClass": null, "wxss": [], "page": null, "path": "D:\\WORK\\2021\\MPDF\\baseline\\ui\\铲屎官爱省钱\\index.wxml", "child": [], "parent": 2, "matchString": [{"type": "self", "string": "选择爱宠"}]}, {"id": 4, "type": "view", "string": null, "attribute": {"class": ["pet-list"]}, "referenceVariable": [], "referenceFunction": [], "style": [], "inheritClass": null, "wxss": [], "page": null, "path": "D:\\WORK\\2021\\MPDF\\baseline\\ui\\铲屎官爱省钱\\index.wxml", "child": [5], "parent": 2, "matchString": [{"type": "relation", "string": "{{item.id}}"}, {"type": "relation", "string": "{{item.nick_name}}"}]}, {"id": 5, "type": "view", "string": null, "attribute": {"bindtap": "selectPet", "class": ["pet-item", "{{item.id==petIdSel?'pet-act':''}}"], "data-id": "{{item.id}}", "wx:for": "{{petList}}", "wx:key": "item"}, "referenceVariable": ["item.id==petIdSel?'pet-act':''", "item.id", "petList"], "referenceFunction": ["selectPet"], "style": [], "inheritClass": null, "wxss": [], "page": null, "path": "D:\\WORK\\2021\\MPDF\\baseline\\ui\\铲屎官爱省钱\\index.wxml", "child": [6, 7], "parent": 4, "matchString": [{"type": "attr", "string": "{{item.id}}"}, {"type": "relation", "string": "{{item.nick_name}}"}]}, {"id": 6, "type": "image", "string": null, "attribute": {"class": ["sel-btn"], "src": "{{item.avator_url?item.avator_url:'http://s.petplus.vip/img/pet/wodeaichong@2x.png'}}"}, "referenceVariable": ["item.avator_url?item.avator_url:'http://s.petplus.vip/img/pet/wodeaichong@2x.png'"], "referenceFunction": [], "style": [], "inheritClass": null, "wxss": [], "page": null, "path": "D:\\WORK\\2021\\MPDF\\baseline\\ui\\铲屎官爱省钱\\index.wxml", "child": [], "parent": 5, "matchString": []}, {"id": 7, "type": "view", "string": "{{item.nick_name}}", "attribute": {"class": ["sel-btn", "{{item.id==petIdSel?'pet-act':''}}"]}, "referenceVariable": ["item.id==petIdSel?'pet-act':''"], "referenceFunction": [], "style": [], "inheritClass": null, "wxss": [], "page": null, "path": "D:\\WORK\\2021\\MPDF\\baseline\\ui\\铲屎官爱省钱\\index.wxml", "child": [], "parent": 5, "matchString": [{"type": "self", "string": "{{item.nick_name}}"}]}, {"id": 8, "type": "view", "string": null, "attribute": {"bindtap": "submitPetPhoto", "class": ["queren"]}, "referenceVariable": [], "referenceFunction": ["submitPetPhoto"], "style": [], "inheritClass": null, "wxss": [], "page": null, "path": "D:\\WORK\\2021\\MPDF\\baseline\\ui\\铲屎官爱省钱\\index.wxml", "child": [], "parent": 2, "matchString": []}, {"id": 9, "type": "view", "string": null, "attribute": {"bindtap": "showAddWrap", "class": ["add-item"], "wx:if": "{{petListLen>0&&showAdd==0?true:false}}"}, "referenceVariable": ["petListLen>0&&showAdd==0?true:false"], "referenceFunction": ["showAddWrap"], "style": [], "inheritClass": null, "wxss": [], "page": null, "path": "D:\\WORK\\2021\\MPDF\\baseline\\ui\\铲屎官爱省钱\\index.wxml", "child": [10, 11], "parent": 1, "matchString": [{"type": "relation", "string": "添加爱宠"}]}, {"id": 10, "type": "view", "string": "添加爱宠", "attribute": {"class": ["txt"]}, "referenceVariable": [], "referenceFunction": [], "style": [], "inheritClass": null, "wxss": [], "page": null, "path": "D:\\WORK\\2021\\MPDF\\baseline\\ui\\铲屎官爱省钱\\index.wxml", "child": [], "parent": 9, "matchString": [{"type": "self", "string": "添加爱宠"}]}, {"id": 11, "type": "image", "string": null, "attribute": {"src": "http://s.petplus.vip/img/pet/maotou.png"}, "referenceVariable": [], "referenceFunction": [], "style": [], "inheritClass": null, "wxss": [], "page": null, "path": "D:\\WORK\\2021\\MPDF\\baseline\\ui\\铲屎官爱省钱\\index.wxml", "child": [], "parent": 9, "matchString": []}, {"id": 12, "type": "form", "string": null, "attribute": {"bindsubmit": "infoSubmit", "reportsubmit": "true"}, "referenceVariable": [], "referenceFunction": ["infoSubmit"], "style": [], "inheritClass": null, "wxss": [], "page": null, "path": "D:\\WORK\\2021\\MPDF\\baseline\\ui\\铲屎官爱省钱\\index.wxml", "child": [13], "parent": 1, "matchString": [{"type": "attr", "string": "true"}, {"type": "relation", "string": "新增爱宠"}, {"type": "relation", "string": "还差一步哦，完善主子信息，获取结果"}, {"type": "relation", "string": "昵称："}, {"type": "relation", "string": "nickname"}, {"type": "relation", "string": "点击输入昵称"}, {"type": "relation", "string": "性别："}, {"type": "relation", "string": "{{item.value}}"}, {"type": "relation", "string": "{{item.key}}"}, {"type": "relation", "string": "出生："}, {"type": "relation", "string": "{{end}}"}, {"type": "relation", "string": "birth"}, {"type": "relation", "string": "{{start}}"}, {"type": "relation", "string": "\n              {{dateSel?dateSel:'点击选择出生日期'}}\n            "}, {"type": "relation", "string": "体重："}, {"type": "relation", "string": "weight"}, {"type": "relation", "string": "点击输入体重（kg）"}, {"type": "relation", "string": "品种："}, {"type": "relation", "string": "{{breed}}"}, {"type": "relation", "string": "name"}, {"type": "relation", "string": "\n              {{breedSelName?breedSelName:'点击选择爱宠的品种'}}\n            "}, {"type": "relation", "string": "是否绝育："}, {"type": "relation", "string": "选择标签"}, {"type": "relation", "string": "{{item.name}}"}, {"type": "relation", "string": "{{item.id}}"}, {"type": "relation", "string": "submit"}, {"type": "relation", "string": "none"}]}, {"id": 13, "type": "view", "string": null, "attribute": {"class": ["u-wrap"], "wx:if": "{{petListLen==0||showAdd==1?true:false}}"}, "referenceVariable": ["petListLen==0||showAdd==1?true:false"], "referenceFunction": [], "style": [], "inheritClass": null, "wxss": [], "page": null, "path": "D:\\WORK\\2021\\MPDF\\baseline\\ui\\铲屎官爱省钱\\index.wxml", "child": [14, 15, 16, 20, 25, 30, 34, 39, 44, 45, 47], "parent": 12, "matchString": [{"type": "relation", "string": "新增爱宠"}, {"type": "relation", "string": "还差一步哦，完善主子信息，获取结果"}, {"type": "relation", "string": "昵称："}, {"type": "relation", "string": "nickname"}, {"type": "relation", "string": "点击输入昵称"}, {"type": "relation", "string": "性别："}, {"type": "relation", "string": "{{item.value}}"}, {"type": "relation", "string": "{{item.key}}"}, {"type": "relation", "string": "出生："}, {"type": "relation", "string": "{{end}}"}, {"type": "relation", "string": "birth"}, {"type": "relation", "string": "{{start}}"}, {"type": "relation", "string": "\n              {{dateSel?dateSel:'点击选择出生日期'}}\n            "}, {"type": "relation", "string": "体重："}, {"type": "relation", "string": "weight"}, {"type": "relation", "string": "点击输入体重（kg）"}, {"type": "relation", "string": "品种："}, {"type": "relation", "string": "{{breed}}"}, {"type": "relation", "string": "name"}, {"type": "relation", "string": "\n              {{breedSelName?breedSelName:'点击选择爱宠的品种'}}\n            "}, {"type": "relation", "string": "是否绝育："}, {"type": "relation", "string": "选择标签"}, {"type": "relation", "string": "{{item.name}}"}, {"type": "relation", "string": "{{item.id}}"}, {"type": "relation", "string": "submit"}, {"type": "relation", "string": "none"}]}, {"id": 14, "type": "view", "string": "新增爱宠", "attribute": {"class": ["con-tit"], "wx:if": "{{petListLen>0}}"}, "referenceVariable": ["petListLen>0"], "referenceFunction": [], "style": [], "inheritClass": null, "wxss": [], "page": null, "path": "D:\\WORK\\2021\\MPDF\\baseline\\ui\\铲屎官爱省钱\\index.wxml", "child": [], "parent": 13, "matchString": [{"type": "self", "string": "新增爱宠"}]}, {"id": 15, "type": "view", "string": "还差一步哦，完善主子信息，获取结果", "attribute": {"class": ["con-s-tit"], "wx:if": "{{petListLen==0}}"}, "referenceVariable": ["petListLen==0"], "referenceFunction": [], "style": [], "inheritClass": null, "wxss": [], "page": null, "path": "D:\\WORK\\2021\\MPDF\\baseline\\ui\\铲屎官爱省钱\\index.wxml", "child": [], "parent": 13, "matchString": [{"type": "self", "string": "还差一步哦，完善主子信息，获取结果"}]}, {"id": 16, "type": "view", "string": null, "attribute": {"class": ["u-item"]}, "referenceVariable": [], "referenceFunction": [], "style": [], "inheritClass": null, "wxss": [], "page": null, "path": "D:\\WORK\\2021\\MPDF\\baseline\\ui\\铲屎官爱省钱\\index.wxml", "child": [17, 18], "parent": 13, "matchString": [{"type": "relation", "string": "昵称："}, {"type": "relation", "string": "nickname"}, {"type": "relation", "string": "点击输入昵称"}]}, {"id": 17, "type": "view", "string": "昵称：", "attribute": {"class": ["u-tit", "nickname-icon"]}, "referenceVariable": [], "referenceFunction": [], "style": [], "inheritClass": null, "wxss": [], "page": null, "path": "D:\\WORK\\2021\\MPDF\\baseline\\ui\\铲屎官爱省钱\\index.wxml", "child": [], "parent": 16, "matchString": [{"type": "self", "string": "昵称："}]}, {"id": 18, "type": "view", "string": null, "attribute": {"class": ["u-con"]}, "referenceVariable": [], "referenceFunction": [], "style": [], "inheritClass": null, "wxss": [], "page": null, "path": "D:\\WORK\\2021\\MPDF\\baseline\\ui\\铲屎官爱省钱\\index.wxml", "child": [19], "parent": 16, "matchString": [{"type": "relation", "string": "nickname"}, {"type": "relation", "string": "点击输入昵称"}]}, {"id": 19, "type": "input", "string": null, "attribute": {"maxlength": "10", "name": "nickname", "placeholder": "点击输入昵称", "type": "text"}, "referenceVariable": [], "referenceFunction": [], "style": [], "inheritClass": null, "wxss": [], "page": null, "path": "D:\\WORK\\2021\\MPDF\\baseline\\ui\\铲屎官爱省钱\\index.wxml", "child": [], "parent": 18, "matchString": [{"type": "attr", "string": "nickname"}, {"type": "attr", "string": "点击输入昵称"}]}, {"id": 20, "type": "view", "string": null, "attribute": {"class": ["u-item"]}, "referenceVariable": [], "referenceFunction": [], "style": [], "inheritClass": null, "wxss": [], "page": null, "path": "D:\\WORK\\2021\\MPDF\\baseline\\ui\\铲屎官爱省钱\\index.wxml", "child": [21, 22], "parent": 13, "matchString": [{"type": "relation", "string": "性别："}, {"type": "relation", "string": "{{item.value}}"}, {"type": "relation", "string": "{{item.key}}"}]}, {"id": 21, "type": "view", "string": "性别：", "attribute": {"class": ["u-tit", "gender-icon"]}, "referenceVariable": [], "referenceFunction": [], "style": [], "inheritClass": null, "wxss": [], "page": null, "path": "D:\\WORK\\2021\\MPDF\\baseline\\ui\\铲屎官爱省钱\\index.wxml", "child": [], "parent": 20, "matchString": [{"type": "self", "string": "性别："}]}, {"id": 22, "type": "view", "string": null, "attribute": {"class": ["u-con"]}, "referenceVariable": [], "referenceFunction": [], "style": [], "inheritClass": null, "wxss": [], "page": null, "path": "D:\\WORK\\2021\\MPDF\\baseline\\ui\\铲屎官爱省钱\\index.wxml", "child": [23], "parent": 20, "matchString": [{"type": "relation", "string": "{{item.value}}"}, {"type": "relation", "string": "{{item.key}}"}]}, {"id": 23, "type": "view", "string": null, "attribute": {"class": ["radio-group"]}, "referenceVariable": [], "referenceFunction": [], "style": [], "inheritClass": null, "wxss": [], "page": null, "path": "D:\\WORK\\2021\\MPDF\\baseline\\ui\\铲屎官爱省钱\\index.wxml", "child": [24], "parent": 22, "matchString": [{"type": "relation", "string": "{{item.value}}"}, {"type": "relation", "string": "{{item.key}}"}]}, {"id": 24, "type": "view", "string": "{{item.value}}", "attribute": {"bindtap": "genderChange", "class": ["radio-item", "{{item.key==genderSel?'act':''}}"], "data-key": "{{item.key}}", "wx:for": "{{genderSelect}}", "wx:key": "item"}, "referenceVariable": ["item.key==genderSel?'act':''", "item.key", "genderSelect"], "referenceFunction": ["genderChange"], "style": [], "inheritClass": null, "wxss": [], "page": null, "path": "D:\\WORK\\2021\\MPDF\\baseline\\ui\\铲屎官爱省钱\\index.wxml", "child": [], "parent": 23, "matchString": [{"type": "self", "string": "{{item.value}}"}, {"type": "attr", "string": "{{item.key}}"}]}, {"id": 25, "type": "view", "string": null, "attribute": {"class": ["u-item"]}, "referenceVariable": [], "referenceFunction": [], "style": [], "inheritClass": null, "wxss": [], "page": null, "path": "D:\\WORK\\2021\\MPDF\\baseline\\ui\\铲屎官爱省钱\\index.wxml", "child": [26, 27], "parent": 13, "matchString": [{"type": "relation", "string": "出生："}, {"type": "relation", "string": "{{end}}"}, {"type": "relation", "string": "birth"}, {"type": "relation", "string": "{{start}}"}, {"type": "relation", "string": "\n              {{dateSel?dateSel:'点击选择出生日期'}}\n            "}]}, {"id": 26, "type": "view", "string": "出生：", "attribute": {"class": ["u-tit", "birth-icon"]}, "referenceVariable": [], "referenceFunction": [], "style": [], "inheritClass": null, "wxss": [], "page": null, "path": "D:\\WORK\\2021\\MPDF\\baseline\\ui\\铲屎官爱省钱\\index.wxml", "child": [], "parent": 25, "matchString": [{"type": "self", "string": "出生："}]}, {"id": 27, "type": "view", "string": null, "attribute": {"class": ["u-con"]}, "referenceVariable": [], "referenceFunction": [], "style": [], "inheritClass": null, "wxss": [], "page": null, "path": "D:\\WORK\\2021\\MPDF\\baseline\\ui\\铲屎官爱省钱\\index.wxml", "child": [28], "parent": 25, "matchString": [{"type": "relation", "string": "{{end}}"}, {"type": "relation", "string": "birth"}, {"type": "relation", "string": "{{start}}"}, {"type": "relation", "string": "\n              {{dateSel?dateSel:'点击选择出生日期'}}\n            "}]}, {"id": 28, "type": "picker", "string": null, "attribute": {"bindchange": "dateChange", "end": "{{end}}", "mode": "date", "name": "birth", "start": "{{start}}", "value": "{{time}}"}, "referenceVariable": ["end", "start", "time"], "referenceFunction": ["dateChange"], "style": [], "inheritClass": null, "wxss": [], "page": null, "path": "D:\\WORK\\2021\\MPDF\\baseline\\ui\\铲屎官爱省钱\\index.wxml", "child": [29], "parent": 27, "matchString": [{"type": "attr", "string": "{{end}}"}, {"type": "attr", "string": "birth"}, {"type": "attr", "string": "{{start}}"}, {"type": "relation", "string": "\n              {{dateSel?dateSel:'点击选择出生日期'}}\n            "}]}, {"id": 29, "type": "view", "string": "\n              {{dateSel?dateSel:'点击选择出生日期'}}\n            ", "attribute": {"class": ["picker-text"]}, "referenceVariable": [], "referenceFunction": [], "style": [], "inheritClass": null, "wxss": [], "page": null, "path": "D:\\WORK\\2021\\MPDF\\baseline\\ui\\铲屎官爱省钱\\index.wxml", "child": [], "parent": 28, "matchString": [{"type": "self", "string": "\n              {{dateSel?dateSel:'点击选择出生日期'}}\n            "}]}, {"id": 30, "type": "view", "string": null, "attribute": {"class": ["u-item"]}, "referenceVariable": [], "referenceFunction": [], "style": [], "inheritClass": null, "wxss": [], "page": null, "path": "D:\\WORK\\2021\\MPDF\\baseline\\ui\\铲屎官爱省钱\\index.wxml", "child": [31, 32], "parent": 13, "matchString": [{"type": "relation", "string": "体重："}, {"type": "relation", "string": "weight"}, {"type": "relation", "string": "点击输入体重（kg）"}]}, {"id": 31, "type": "view", "string": "体重：", "attribute": {"class": ["u-tit", "weight-icon"]}, "referenceVariable": [], "referenceFunction": [], "style": [], "inheritClass": null, "wxss": [], "page": null, "path": "D:\\WORK\\2021\\MPDF\\baseline\\ui\\铲屎官爱省钱\\index.wxml", "child": [], "parent": 30, "matchString": [{"type": "self", "string": "体重："}]}, {"id": 32, "type": "view", "string": null, "attribute": {"class": ["u-con"]}, "referenceVariable": [], "referenceFunction": [], "style": [], "inheritClass": null, "wxss": [], "page": null, "path": "D:\\WORK\\2021\\MPDF\\baseline\\ui\\铲屎官爱省钱\\index.wxml", "child": [33], "parent": 30, "matchString": [{"type": "relation", "string": "weight"}, {"type": "relation", "string": "点击输入体重（kg）"}]}, {"id": 33, "type": "input", "string": null, "attribute": {"maxlength": "10", "name": "weight", "placeholder": "点击输入体重（kg）", "type": "digit"}, "referenceVariable": [], "referenceFunction": [], "style": [], "inheritClass": null, "wxss": [], "page": null, "path": "D:\\WORK\\2021\\MPDF\\baseline\\ui\\铲屎官爱省钱\\index.wxml", "child": [], "parent": 32, "matchString": [{"type": "attr", "string": "weight"}, {"type": "attr", "string": "点击输入体重（kg）"}]}, {"id": 34, "type": "view", "string": null, "attribute": {"class": ["u-item"]}, "referenceVariable": [], "referenceFunction": [], "style": [], "inheritClass": null, "wxss": [], "page": null, "path": "D:\\WORK\\2021\\MPDF\\baseline\\ui\\铲屎官爱省钱\\index.wxml", "child": [35, 36], "parent": 13, "matchString": [{"type": "relation", "string": "品种："}, {"type": "relation", "string": "{{breed}}"}, {"type": "relation", "string": "name"}, {"type": "relation", "string": "\n              {{breedSelName?breedSelName:'点击选择爱宠的品种'}}\n            "}]}, {"id": 35, "type": "view", "string": "品种：", "attribute": {"class": ["u-tit", "subcate-icon"]}, "referenceVariable": [], "referenceFunction": [], "style": [], "inheritClass": null, "wxss": [], "page": null, "path": "D:\\WORK\\2021\\MPDF\\baseline\\ui\\铲屎官爱省钱\\index.wxml", "child": [], "parent": 34, "matchString": [{"type": "self", "string": "品种："}]}, {"id": 36, "type": "view", "string": null, "attribute": {"class": ["u-con"]}, "referenceVariable": [], "referenceFunction": [], "style": [], "inheritClass": null, "wxss": [], "page": null, "path": "D:\\WORK\\2021\\MPDF\\baseline\\ui\\铲屎官爱省钱\\index.wxml", "child": [37], "parent": 34, "matchString": [{"type": "relation", "string": "{{breed}}"}, {"type": "relation", "string": "name"}, {"type": "relation", "string": "\n              {{breedSelName?breedSelName:'点击选择爱宠的品种'}}\n            "}]}, {"id": 37, "type": "picker", "string": null, "attribute": {"bindchange": "breedChange", "range": "{{breed}}", "rangekey": "name", "value": "{{breedIdx}}"}, "referenceVariable": ["breed", "breedIdx"], "referenceFunction": ["breedChange"], "style": [], "inheritClass": null, "wxss": [], "page": null, "path": "D:\\WORK\\2021\\MPDF\\baseline\\ui\\铲屎官爱省钱\\index.wxml", "child": [38], "parent": 36, "matchString": [{"type": "attr", "string": "{{breed}}"}, {"type": "attr", "string": "name"}, {"type": "relation", "string": "\n              {{breedSelName?breedSelName:'点击选择爱宠的品种'}}\n            "}]}, {"id": 38, "type": "view", "string": "\n              {{breedSelName?breedSelName:'点击选择爱宠的品种'}}\n            ", "attribute": {"class": ["picker-text"]}, "referenceVariable": [], "referenceFunction": [], "style": [], "inheritClass": null, "wxss": [], "page": null, "path": "D:\\WORK\\2021\\MPDF\\baseline\\ui\\铲屎官爱省钱\\index.wxml", "child": [], "parent": 37, "matchString": [{"type": "self", "string": "\n              {{breedSelName?breedSelName:'点击选择爱宠的品种'}}\n            "}]}, {"id": 39, "type": "view", "string": null, "attribute": {"class": ["u-item"]}, "referenceVariable": [], "referenceFunction": [], "style": [], "inheritClass": null, "wxss": [], "page": null, "path": "D:\\WORK\\2021\\MPDF\\baseline\\ui\\铲屎官爱省钱\\index.wxml", "child": [40, 41], "parent": 13, "matchString": [{"type": "relation", "string": "是否绝育："}, {"type": "relation", "string": "{{item.value}}"}, {"type": "relation", "string": "{{item.key}}"}]}, {"id": 40, "type": "view", "string": "是否绝育：", "attribute": {"class": ["u-tit", "jueyu-icon"]}, "referenceVariable": [], "referenceFunction": [], "style": [], "inheritClass": null, "wxss": [], "page": null, "path": "D:\\WORK\\2021\\MPDF\\baseline\\ui\\铲屎官爱省钱\\index.wxml", "child": [], "parent": 39, "matchString": [{"type": "self", "string": "是否绝育："}]}, {"id": 41, "type": "view", "string": null, "attribute": {"class": ["u-con"]}, "referenceVariable": [], "referenceFunction": [], "style": [], "inheritClass": null, "wxss": [], "page": null, "path": "D:\\WORK\\2021\\MPDF\\baseline\\ui\\铲屎官爱省钱\\index.wxml", "child": [42], "parent": 39, "matchString": [{"type": "relation", "string": "{{item.value}}"}, {"type": "relation", "string": "{{item.key}}"}]}, {"id": 42, "type": "view", "string": null, "attribute": {"class": ["radio-group"]}, "referenceVariable": [], "referenceFunction": [], "style": [], "inheritClass": null, "wxss": [], "page": null, "path": "D:\\WORK\\2021\\MPDF\\baseline\\ui\\铲屎官爱省钱\\index.wxml", "child": [43], "parent": 41, "matchString": [{"type": "relation", "string": "{{item.value}}"}, {"type": "relation", "string": "{{item.key}}"}]}, {"id": 43, "type": "view", "string": "{{item.value}}", "attribute": {"bindtap": "castrateChange", "class": ["radio-item", "{{item.key==castrateSel?'act':''}}"], "data-key": "{{item.key}}", "wx:for": "{{castrateSelect}}", "wx:key": "item"}, "referenceVariable": ["item.key==castrateSel?'act':''", "item.key", "castrateSelect"], "referenceFunction": ["castrateChange"], "style": [], "inheritClass": null, "wxss": [], "page": null, "path": "D:\\WORK\\2021\\MPDF\\baseline\\ui\\铲屎官爱省钱\\index.wxml", "child": [], "parent": 42, "matchString": [{"type": "self", "string": "{{item.value}}"}, {"type": "attr", "string": "{{item.key}}"}]}, {"id": 44, "type": "view", "string": "选择标签", "attribute": {"class": ["tags-title"]}, "referenceVariable": [], "referenceFunction": [], "style": [], "inheritClass": null, "wxss": [], "page": null, "path": "D:\\WORK\\2021\\MPDF\\baseline\\ui\\铲屎官爱省钱\\index.wxml", "child": [], "parent": 13, "matchString": [{"type": "self", "string": "选择标签"}]}, {"id": 45, "type": "view", "string": null, "attribute": {"class": ["tags"]}, "referenceVariable": [], "referenceFunction": [], "style": [], "inheritClass": null, "wxss": [], "page": null, "path": "D:\\WORK\\2021\\MPDF\\baseline\\ui\\铲屎官爱省钱\\index.wxml", "child": [46], "parent": 13, "matchString": [{"type": "relation", "string": "{{item.name}}"}, {"type": "relation", "string": "{{item.id}}"}]}, {"id": 46, "type": "view", "string": "{{item.name}}", "attribute": {"bindtap": "selectTags", "class": ["tags-item", "{{item.selected==1?'act':''}}"], "data-id": "{{item.id}}", "wx:for": "{{tags}}", "wx:key": "item"}, "referenceVariable": ["item.selected==1?'act':''", "item.id", "tags"], "referenceFunction": ["selectTags"], "style": [], "inheritClass": null, "wxss": [], "page": null, "path": "D:\\WORK\\2021\\MPDF\\baseline\\ui\\铲屎官爱省钱\\index.wxml", "child": [], "parent": 45, "matchString": [{"type": "self", "string": "{{item.name}}"}, {"type": "attr", "string": "{{item.id}}"}]}, {"id": 47, "type": "view", "string": null, "attribute": {"class": ["btn-group"]}, "referenceVariable": [], "referenceFunction": [], "style": [], "inheritClass": null, "wxss": [], "page": null, "path": "D:\\WORK\\2021\\MPDF\\baseline\\ui\\铲屎官爱省钱\\index.wxml", "child": [48], "parent": 13, "matchString": [{"type": "relation", "string": "submit"}, {"type": "relation", "string": "none"}]}, {"id": 48, "type": "button", "string": null, "attribute": {"class": ["tijiao"], "formtype": "submit", "hoverclass": "none"}, "referenceVariable": [], "referenceFunction": [], "style": [], "inheritClass": null, "wxss": [], "page": null, "path": "D:\\WORK\\2021\\MPDF\\baseline\\ui\\铲屎官爱省钱\\index.wxml", "child": [], "parent": 47, "matchString": [{"type": "attr", "string": "submit"}, {"type": "attr", "string": "none"}]}]