[{"id": 0, "type": "[document]", "string": null, "attribute": {}, "referenceVariable": [], "referenceFunction": [], "style": [], "inheritClass": null, "wxss": [], "page": null, "path": "D:\\WORK\\2021\\MPDF\\baseline\\ui\\爱妙客\\orderDetail.wxml", "child": [1, 63], "parent": null, "matchString": [{"type": "relation", "string": "{{cname}}"}, {"type": "relation", "string": "{{ename}}"}, {"type": "relation", "string": "出行人数"}, {"type": "relation", "string": "{{count}}位"}, {"type": "relation", "string": "-"}, {"type": "relation", "string": "{{count}}"}, {"type": "relation", "string": "+"}, {"type": "relation", "string": "可订通票"}, {"type": "relation", "string": "{{idx}}"}, {"type": "relation", "string": "idx"}, {"type": "relation", "string": "{{item.name}}"}, {"type": "relation", "string": "￥{{item.price}}/人"}, {"type": "relation", "string": "使用日期"}, {"type": "relation", "string": "{{cday}}"}, {"type": "relation", "string": "{{day}}"}, {"type": "relation", "string": "day"}, {"type": "relation", "string": "{{time}}"}, {"type": "relation", "string": "time"}, {"type": "relation", "string": "购买份数"}, {"type": "relation", "string": "€{{item.price}}"}, {"type": "relation", "string": "{{counts[idx]}}"}, {"type": "relation", "string": "\n          *儿童必须在成人陪同下进入参观景点（儿童免费）\n        "}, {"type": "relation", "string": "选择取票人"}, {"type": "relation", "string": "姓名：{{geter.name}}"}, {"type": "relation", "string": "手机号：{{geter.mobile}}"}, {"type": "relation", "string": "邮箱：{{geter.mail}}"}, {"type": "relation", "string": "《服务协议》"}, {"type": "relation", "string": "金额明细"}, {"type": "relation", "string": "€{{item.price}}X {{item.nums}}张"}, {"type": "relation", "string": "{{total}}"}, {"type": "relation", "string": "去支付"}]}, {"id": 1, "type": "view", "string": null, "attribute": {"class": ["box"]}, "referenceVariable": [], "referenceFunction": [], "style": [], "inheritClass": null, "wxss": [], "page": null, "path": "D:\\WORK\\2021\\MPDF\\baseline\\ui\\爱妙客\\orderDetail.wxml", "child": [2, 7, 23, 47, 54, 56], "parent": 0, "matchString": [{"type": "relation", "string": "{{cname}}"}, {"type": "relation", "string": "{{ename}}"}, {"type": "relation", "string": "出行人数"}, {"type": "relation", "string": "{{count}}位"}, {"type": "relation", "string": "-"}, {"type": "relation", "string": "{{count}}"}, {"type": "relation", "string": "+"}, {"type": "relation", "string": "可订通票"}, {"type": "relation", "string": "{{idx}}"}, {"type": "relation", "string": "idx"}, {"type": "relation", "string": "{{item.name}}"}, {"type": "relation", "string": "￥{{item.price}}/人"}, {"type": "relation", "string": "使用日期"}, {"type": "relation", "string": "{{cday}}"}, {"type": "relation", "string": "{{day}}"}, {"type": "relation", "string": "day"}, {"type": "relation", "string": "{{time}}"}, {"type": "relation", "string": "time"}, {"type": "relation", "string": "购买份数"}, {"type": "relation", "string": "€{{item.price}}"}, {"type": "relation", "string": "{{counts[idx]}}"}, {"type": "relation", "string": "\n          *儿童必须在成人陪同下进入参观景点（儿童免费）\n        "}, {"type": "relation", "string": "选择取票人"}, {"type": "relation", "string": "姓名：{{geter.name}}"}, {"type": "relation", "string": "手机号：{{geter.mobile}}"}, {"type": "relation", "string": "邮箱：{{geter.mail}}"}, {"type": "relation", "string": "《服务协议》"}, {"type": "relation", "string": "金额明细"}, {"type": "relation", "string": "€{{item.price}}X {{item.nums}}张"}]}, {"id": 2, "type": "view", "string": null, "attribute": {"bindtap": "backDetail", "class": ["title"]}, "referenceVariable": [], "referenceFunction": ["backDetail"], "style": [], "inheritClass": null, "wxss": [], "page": null, "path": "D:\\WORK\\2021\\MPDF\\baseline\\ui\\爱妙客\\orderDetail.wxml", "child": [3, 6], "parent": 1, "matchString": [{"type": "relation", "string": "{{cname}}"}, {"type": "relation", "string": "{{ename}}"}]}, {"id": 3, "type": "view", "string": null, "attribute": {"class": ["titles"]}, "referenceVariable": [], "referenceFunction": [], "style": [], "inheritClass": null, "wxss": [], "page": null, "path": "D:\\WORK\\2021\\MPDF\\baseline\\ui\\爱妙客\\orderDetail.wxml", "child": [4, 5], "parent": 2, "matchString": [{"type": "relation", "string": "{{cname}}"}, {"type": "relation", "string": "{{ename}}"}]}, {"id": 4, "type": "view", "string": "{{cname}}", "attribute": {}, "referenceVariable": [], "referenceFunction": [], "style": [], "inheritClass": null, "wxss": [], "page": null, "path": "D:\\WORK\\2021\\MPDF\\baseline\\ui\\爱妙客\\orderDetail.wxml", "child": [], "parent": 3, "matchString": [{"type": "self", "string": "{{cname}}"}]}, {"id": 5, "type": "view", "string": "{{ename}}", "attribute": {}, "referenceVariable": [], "referenceFunction": [], "style": [], "inheritClass": null, "wxss": [], "page": null, "path": "D:\\WORK\\2021\\MPDF\\baseline\\ui\\爱妙客\\orderDetail.wxml", "child": [], "parent": 3, "matchString": [{"type": "self", "string": "{{ename}}"}]}, {"id": 6, "type": "view", "string": null, "attribute": {"class": ["arrowright", "iconfont", "icon-you"]}, "referenceVariable": [], "referenceFunction": [], "style": [], "inheritClass": null, "wxss": [], "page": null, "path": "D:\\WORK\\2021\\MPDF\\baseline\\ui\\爱妙客\\orderDetail.wxml", "child": [], "parent": 2, "matchString": []}, {"id": 7, "type": "view", "string": null, "attribute": {"wx:if": "{{biztype==2}}"}, "referenceVariable": ["biztype==2"], "referenceFunction": [], "style": [], "inheritClass": null, "wxss": [], "page": null, "path": "D:\\WORK\\2021\\MPDF\\baseline\\ui\\爱妙客\\orderDetail.wxml", "child": [8, 17], "parent": 1, "matchString": [{"type": "relation", "string": "出行人数"}, {"type": "relation", "string": "{{count}}位"}, {"type": "relation", "string": "-"}, {"type": "relation", "string": "{{count}}"}, {"type": "relation", "string": "+"}, {"type": "relation", "string": "可订通票"}, {"type": "relation", "string": "{{idx}}"}, {"type": "relation", "string": "idx"}, {"type": "relation", "string": "{{item.name}}"}, {"type": "relation", "string": "￥{{item.price}}/人"}]}, {"id": 8, "type": "view", "string": null, "attribute": {"class": ["orderText"]}, "referenceVariable": [], "referenceFunction": [], "style": [], "inheritClass": null, "wxss": [], "page": null, "path": "D:\\WORK\\2021\\MPDF\\baseline\\ui\\爱妙客\\orderDetail.wxml", "child": [9], "parent": 7, "matchString": [{"type": "relation", "string": "出行人数"}, {"type": "relation", "string": "{{count}}位"}, {"type": "relation", "string": "-"}, {"type": "relation", "string": "{{count}}"}, {"type": "relation", "string": "+"}]}, {"id": 9, "type": "view", "string": null, "attribute": {"class": ["text"]}, "referenceVariable": [], "referenceFunction": [], "style": [], "inheritClass": null, "wxss": [], "page": null, "path": "D:\\WORK\\2021\\MPDF\\baseline\\ui\\爱妙客\\orderDetail.wxml", "child": [10], "parent": 8, "matchString": [{"type": "relation", "string": "出行人数"}, {"type": "relation", "string": "{{count}}位"}, {"type": "relation", "string": "-"}, {"type": "relation", "string": "{{count}}"}, {"type": "relation", "string": "+"}]}, {"id": 10, "type": "view", "string": null, "attribute": {"class": ["adult"]}, "referenceVariable": [], "referenceFunction": [], "style": [], "inheritClass": null, "wxss": [], "page": null, "path": "D:\\WORK\\2021\\MPDF\\baseline\\ui\\爱妙客\\orderDetail.wxml", "child": [11, 12, 13], "parent": 9, "matchString": [{"type": "relation", "string": "出行人数"}, {"type": "relation", "string": "{{count}}位"}, {"type": "relation", "string": "-"}, {"type": "relation", "string": "{{count}}"}, {"type": "relation", "string": "+"}]}, {"id": 11, "type": "view", "string": "出行人数", "attribute": {"class": ["type"]}, "referenceVariable": [], "referenceFunction": [], "style": [], "inheritClass": null, "wxss": [], "page": null, "path": "D:\\WORK\\2021\\MPDF\\baseline\\ui\\爱妙客\\orderDetail.wxml", "child": [], "parent": 10, "matchString": [{"type": "self", "string": "出行人数"}]}, {"id": 12, "type": "view", "string": "{{count}}位", "attribute": {"class": ["price"]}, "referenceVariable": [], "referenceFunction": [], "style": [], "inheritClass": null, "wxss": [], "page": null, "path": "D:\\WORK\\2021\\MPDF\\baseline\\ui\\爱妙客\\orderDetail.wxml", "child": [], "parent": 10, "matchString": [{"type": "self", "string": "{{count}}位"}]}, {"id": 13, "type": "view", "string": null, "attribute": {"class": ["count"]}, "referenceVariable": [], "referenceFunction": [], "style": [], "inheritClass": null, "wxss": [], "page": null, "path": "D:\\WORK\\2021\\MPDF\\baseline\\ui\\爱妙客\\orderDetail.wxml", "child": [14, 15, 16], "parent": 10, "matchString": [{"type": "relation", "string": "-"}, {"type": "relation", "string": "{{count}}"}, {"type": "relation", "string": "+"}]}, {"id": 14, "type": "text", "string": "-", "attribute": {"bindtap": "reducecount", "class": ["button"]}, "referenceVariable": [], "referenceFunction": ["reducecount"], "style": [], "inheritClass": null, "wxss": [], "page": null, "path": "D:\\WORK\\2021\\MPDF\\baseline\\ui\\爱妙客\\orderDetail.wxml", "child": [], "parent": 13, "matchString": [{"type": "self", "string": "-"}]}, {"id": 15, "type": "text", "string": "{{count}}", "attribute": {"class": ["num"]}, "referenceVariable": [], "referenceFunction": [], "style": [], "inheritClass": null, "wxss": [], "page": null, "path": "D:\\WORK\\2021\\MPDF\\baseline\\ui\\爱妙客\\orderDetail.wxml", "child": [], "parent": 13, "matchString": [{"type": "self", "string": "{{count}}"}]}, {"id": 16, "type": "text", "string": "+", "attribute": {"bindtap": "addcount", "class": ["button"]}, "referenceVariable": [], "referenceFunction": ["addcount"], "style": [], "inheritClass": null, "wxss": [], "page": null, "path": "D:\\WORK\\2021\\MPDF\\baseline\\ui\\爱妙客\\orderDetail.wxml", "child": [], "parent": 13, "matchString": [{"type": "self", "string": "+"}]}, {"id": 17, "type": "view", "string": null, "attribute": {"class": ["dayCount"], "wx:if": "{{goods}}"}, "referenceVariable": ["goods"], "referenceFunction": [], "style": [], "inheritClass": null, "wxss": [], "page": null, "path": "D:\\WORK\\2021\\MPDF\\baseline\\ui\\爱妙客\\orderDetail.wxml", "child": [18, 19], "parent": 7, "matchString": [{"type": "relation", "string": "可订通票"}, {"type": "relation", "string": "{{idx}}"}, {"type": "relation", "string": "idx"}, {"type": "relation", "string": "{{item.name}}"}, {"type": "relation", "string": "￥{{item.price}}/人"}]}, {"id": 18, "type": "view", "string": "可订通票", "attribute": {"class": ["title"]}, "referenceVariable": [], "referenceFunction": [], "style": [], "inheritClass": null, "wxss": [], "page": null, "path": "D:\\WORK\\2021\\MPDF\\baseline\\ui\\爱妙客\\orderDetail.wxml", "child": [], "parent": 17, "matchString": [{"type": "self", "string": "可订通票"}]}, {"id": 19, "type": "view", "string": null, "attribute": {"class": ["content"]}, "referenceVariable": [], "referenceFunction": [], "style": [], "inheritClass": null, "wxss": [], "page": null, "path": "D:\\WORK\\2021\\MPDF\\baseline\\ui\\爱妙客\\orderDetail.wxml", "child": [20], "parent": 17, "matchString": [{"type": "relation", "string": "{{idx}}"}, {"type": "relation", "string": "idx"}, {"type": "relation", "string": "{{item.name}}"}, {"type": "relation", "string": "￥{{item.price}}/人"}]}, {"id": 20, "type": "view", "string": null, "attribute": {"bindtap": "choosecp", "class": ["dayType", "{{currentItem==idx?'active':''}}"], "data-index": "{{idx}}", "id": "{{idx}}", "wx:for": "{{goods}}", "wx:for-index": "idx", "wx:key": "{{item}}"}, "referenceVariable": ["currentItem==idx?'active':''", "idx", "idx", "goods", "item"], "referenceFunction": ["choosecp"], "style": [], "inheritClass": null, "wxss": [], "page": null, "path": "D:\\WORK\\2021\\MPDF\\baseline\\ui\\爱妙客\\orderDetail.wxml", "child": [21, 22], "parent": 19, "matchString": [{"type": "attr", "string": "{{idx}}"}, {"type": "attr", "string": "idx"}, {"type": "relation", "string": "{{item.name}}"}, {"type": "relation", "string": "￥{{item.price}}/人"}]}, {"id": 21, "type": "view", "string": "{{item.name}}", "attribute": {}, "referenceVariable": [], "referenceFunction": [], "style": [], "inheritClass": null, "wxss": [], "page": null, "path": "D:\\WORK\\2021\\MPDF\\baseline\\ui\\爱妙客\\orderDetail.wxml", "child": [], "parent": 20, "matchString": [{"type": "self", "string": "{{item.name}}"}]}, {"id": 22, "type": "view", "string": "￥{{item.price}}/人", "attribute": {}, "referenceVariable": [], "referenceFunction": [], "style": [], "inheritClass": null, "wxss": [], "page": null, "path": "D:\\WORK\\2021\\MPDF\\baseline\\ui\\爱妙客\\orderDetail.wxml", "child": [], "parent": 20, "matchString": [{"type": "self", "string": "￥{{item.price}}/人"}]}, {"id": 23, "type": "view", "string": null, "attribute": {"wx:else": ""}, "referenceVariable": [], "referenceFunction": [], "style": [], "inheritClass": null, "wxss": [], "page": null, "path": "D:\\WORK\\2021\\MPDF\\baseline\\ui\\爱妙客\\orderDetail.wxml", "child": [24, 32, 36], "parent": 1, "matchString": [{"type": "relation", "string": "使用日期"}, {"type": "relation", "string": "{{cday}}"}, {"type": "relation", "string": "{{day}}"}, {"type": "relation", "string": "day"}, {"type": "relation", "string": "{{time}}"}, {"type": "relation", "string": "time"}, {"type": "relation", "string": "购买份数"}, {"type": "relation", "string": "idx"}, {"type": "relation", "string": "{{item.name}}"}, {"type": "relation", "string": "€{{item.price}}"}, {"type": "relation", "string": "-"}, {"type": "relation", "string": "{{idx}}"}, {"type": "relation", "string": "{{counts[idx]}}"}, {"type": "relation", "string": "+"}, {"type": "relation", "string": "\n          *儿童必须在成人陪同下进入参观景点（儿童免费）\n        "}]}, {"id": 24, "type": "view", "string": null, "attribute": {"class": ["orderText"], "wx:if": "{{goods.days}}"}, "referenceVariable": ["goods.days"], "referenceFunction": [], "style": [], "inheritClass": null, "wxss": [], "page": null, "path": "D:\\WORK\\2021\\MPDF\\baseline\\ui\\爱妙客\\orderDetail.wxml", "child": [25, 29], "parent": 23, "matchString": [{"type": "relation", "string": "使用日期"}, {"type": "relation", "string": "{{cday}}"}, {"type": "relation", "string": "{{day}}"}, {"type": "relation", "string": "day"}]}, {"id": 25, "type": "view", "string": null, "attribute": {"bindtap": "checkDay", "class": ["text"]}, "referenceVariable": [], "referenceFunction": ["checkDay"], "style": [], "inheritClass": null, "wxss": [], "page": null, "path": "D:\\WORK\\2021\\MPDF\\baseline\\ui\\爱妙客\\orderDetail.wxml", "child": [26, 27, 28], "parent": 24, "matchString": [{"type": "relation", "string": "使用日期"}, {"type": "relation", "string": "{{cday}}"}]}, {"id": 26, "type": "text", "string": "使用日期", "attribute": {"class": ["useDate"]}, "referenceVariable": [], "referenceFunction": [], "style": [], "inheritClass": null, "wxss": [], "page": null, "path": "D:\\WORK\\2021\\MPDF\\baseline\\ui\\爱妙客\\orderDetail.wxml", "child": [], "parent": 25, "matchString": [{"type": "self", "string": "使用日期"}]}, {"id": 27, "type": "text", "string": "{{cday}}", "attribute": {"class": ["nowDay"]}, "referenceVariable": [], "referenceFunction": [], "style": [], "inheritClass": null, "wxss": [], "page": null, "path": "D:\\WORK\\2021\\MPDF\\baseline\\ui\\爱妙客\\orderDetail.wxml", "child": [], "parent": 25, "matchString": [{"type": "self", "string": "{{cday}}"}]}, {"id": 28, "type": "text", "string": null, "attribute": {"class": ["iconfont", "icon-rili"]}, "referenceVariable": [], "referenceFunction": [], "style": [], "inheritClass": null, "wxss": [], "page": null, "path": "D:\\WORK\\2021\\MPDF\\baseline\\ui\\爱妙客\\orderDetail.wxml", "child": [], "parent": 25, "matchString": []}, {"id": 29, "type": "view", "string": null, "attribute": {"class": ["{{showDate?'hidedate':'dates'}}"]}, "referenceVariable": ["showDate?'hidedate':'dates'"], "referenceFunction": [], "style": [], "inheritClass": null, "wxss": [], "page": null, "path": "D:\\WORK\\2021\\MPDF\\baseline\\ui\\爱妙客\\orderDetail.wxml", "child": [30], "parent": 24, "matchString": [{"type": "relation", "string": "{{day}}"}, {"type": "relation", "string": "day"}]}, {"id": 30, "type": "view", "string": null, "attribute": {"bindtap": "chooseday", "class": ["dayType", "{{cday==day?'active':''}}"], "id": "{{day}}", "wx:for": "{{goods.days}}", "wx:for-item": "day", "wx:key": "day"}, "referenceVariable": ["cday==day?'active':''", "day", "goods.days"], "referenceFunction": ["chooseday"], "style": [], "inheritClass": null, "wxss": [], "page": null, "path": "D:\\WORK\\2021\\MPDF\\baseline\\ui\\爱妙客\\orderDetail.wxml", "child": [31], "parent": 29, "matchString": [{"type": "attr", "string": "{{day}}"}, {"type": "attr", "string": "day"}, {"type": "relation", "string": "{{day}}"}]}, {"id": 31, "type": "view", "string": "{{day}}", "attribute": {}, "referenceVariable": [], "referenceFunction": [], "style": [], "inheritClass": null, "wxss": [], "page": null, "path": "D:\\WORK\\2021\\MPDF\\baseline\\ui\\爱妙客\\orderDetail.wxml", "child": [], "parent": 30, "matchString": [{"type": "self", "string": "{{day}}"}]}, {"id": 32, "type": "view", "string": null, "attribute": {"class": ["orderText"], "wx:if": "{{goods.hasTimeslots}}"}, "referenceVariable": ["goods.hasTimeslots"], "referenceFunction": [], "style": [], "inheritClass": null, "wxss": [], "page": null, "path": "D:\\WORK\\2021\\MPDF\\baseline\\ui\\爱妙客\\orderDetail.wxml", "child": [33], "parent": 23, "matchString": [{"type": "relation", "string": "{{time}}"}, {"type": "relation", "string": "time"}]}, {"id": 33, "type": "view", "string": null, "attribute": {"class": ["{{showDate?'hidedate':'dates'}}"]}, "referenceVariable": ["showDate?'hidedate':'dates'"], "referenceFunction": [], "style": [], "inheritClass": null, "wxss": [], "page": null, "path": "D:\\WORK\\2021\\MPDF\\baseline\\ui\\爱妙客\\orderDetail.wxml", "child": [34], "parent": 32, "matchString": [{"type": "relation", "string": "{{time}}"}, {"type": "relation", "string": "time"}]}, {"id": 34, "type": "view", "string": null, "attribute": {"bindtap": "choosetime", "class": ["dayType", "{{ctime==time?'active':''}}"], "id": "{{time}}", "wx:for": "{{goods.timeslot}}", "wx:for-item": "time", "wx:key": "time"}, "referenceVariable": ["ctime==time?'active':''", "time", "goods.timeslot"], "referenceFunction": ["choosetime"], "style": [], "inheritClass": null, "wxss": [], "page": null, "path": "D:\\WORK\\2021\\MPDF\\baseline\\ui\\爱妙客\\orderDetail.wxml", "child": [35], "parent": 33, "matchString": [{"type": "attr", "string": "{{time}}"}, {"type": "attr", "string": "time"}, {"type": "relation", "string": "{{time}}"}]}, {"id": 35, "type": "view", "string": "{{time}}", "attribute": {}, "referenceVariable": [], "referenceFunction": [], "style": [], "inheritClass": null, "wxss": [], "page": null, "path": "D:\\WORK\\2021\\MPDF\\baseline\\ui\\爱妙客\\orderDetail.wxml", "child": [], "parent": 34, "matchString": [{"type": "self", "string": "{{time}}"}]}, {"id": 36, "type": "view", "string": null, "attribute": {"class": ["orderText"], "wx:if": "{{goods.goodsList}}"}, "referenceVariable": ["goods.goodsList"], "referenceFunction": [], "style": [], "inheritClass": null, "wxss": [], "page": null, "path": "D:\\WORK\\2021\\MPDF\\baseline\\ui\\爱妙客\\orderDetail.wxml", "child": [37, 38], "parent": 23, "matchString": [{"type": "relation", "string": "购买份数"}, {"type": "relation", "string": "idx"}, {"type": "relation", "string": "{{item.name}}"}, {"type": "relation", "string": "€{{item.price}}"}, {"type": "relation", "string": "-"}, {"type": "relation", "string": "{{idx}}"}, {"type": "relation", "string": "{{counts[idx]}}"}, {"type": "relation", "string": "+"}, {"type": "relation", "string": "\n          *儿童必须在成人陪同下进入参观景点（儿童免费）\n        "}]}, {"id": 37, "type": "view", "string": "购买份数", "attribute": {"class": ["title-small"]}, "referenceVariable": [], "referenceFunction": [], "style": [], "inheritClass": null, "wxss": [], "page": null, "path": "D:\\WORK\\2021\\MPDF\\baseline\\ui\\爱妙客\\orderDetail.wxml", "child": [], "parent": 36, "matchString": [{"type": "self", "string": "购买份数"}]}, {"id": 38, "type": "view", "string": null, "attribute": {"class": ["text"]}, "referenceVariable": [], "referenceFunction": [], "style": [], "inheritClass": null, "wxss": [], "page": null, "path": "D:\\WORK\\2021\\MPDF\\baseline\\ui\\爱妙客\\orderDetail.wxml", "child": [39, 46], "parent": 36, "matchString": [{"type": "relation", "string": "idx"}, {"type": "relation", "string": "{{item.name}}"}, {"type": "relation", "string": "€{{item.price}}"}, {"type": "relation", "string": "-"}, {"type": "relation", "string": "{{idx}}"}, {"type": "relation", "string": "{{counts[idx]}}"}, {"type": "relation", "string": "+"}, {"type": "relation", "string": "\n          *儿童必须在成人陪同下进入参观景点（儿童免费）\n        "}]}, {"id": 39, "type": "view", "string": null, "attribute": {"class": ["adult"], "wx:for": "{{goods.goodsList}}", "wx:for-index": "idx", "wx:key": "item"}, "referenceVariable": ["goods.goodsList"], "referenceFunction": [], "style": [], "inheritClass": null, "wxss": [], "page": null, "path": "D:\\WORK\\2021\\MPDF\\baseline\\ui\\爱妙客\\orderDetail.wxml", "child": [40, 41, 42], "parent": 38, "matchString": [{"type": "attr", "string": "idx"}, {"type": "relation", "string": "{{item.name}}"}, {"type": "relation", "string": "€{{item.price}}"}, {"type": "relation", "string": "-"}, {"type": "relation", "string": "{{idx}}"}, {"type": "relation", "string": "{{counts[idx]}}"}, {"type": "relation", "string": "+"}]}, {"id": 40, "type": "view", "string": "{{item.name}}", "attribute": {"class": ["type"]}, "referenceVariable": [], "referenceFunction": [], "style": [], "inheritClass": null, "wxss": [], "page": null, "path": "D:\\WORK\\2021\\MPDF\\baseline\\ui\\爱妙客\\orderDetail.wxml", "child": [], "parent": 39, "matchString": [{"type": "self", "string": "{{item.name}}"}]}, {"id": 41, "type": "view", "string": "€{{item.price}}", "attribute": {"class": ["price"]}, "referenceVariable": [], "referenceFunction": [], "style": [], "inheritClass": null, "wxss": [], "page": null, "path": "D:\\WORK\\2021\\MPDF\\baseline\\ui\\爱妙客\\orderDetail.wxml", "child": [], "parent": 39, "matchString": [{"type": "self", "string": "€{{item.price}}"}]}, {"id": 42, "type": "view", "string": null, "attribute": {"class": ["count"]}, "referenceVariable": [], "referenceFunction": [], "style": [], "inheritClass": null, "wxss": [], "page": null, "path": "D:\\WORK\\2021\\MPDF\\baseline\\ui\\爱妙客\\orderDetail.wxml", "child": [43, 44, 45], "parent": 39, "matchString": [{"type": "relation", "string": "-"}, {"type": "relation", "string": "{{idx}}"}, {"type": "relation", "string": "{{counts[idx]}}"}, {"type": "relation", "string": "+"}]}, {"id": 43, "type": "text", "string": "-", "attribute": {"bindtap": "reducecounts", "class": ["button"], "id": "{{idx}}"}, "referenceVariable": ["idx"], "referenceFunction": ["reducecounts"], "style": [], "inheritClass": null, "wxss": [], "page": null, "path": "D:\\WORK\\2021\\MPDF\\baseline\\ui\\爱妙客\\orderDetail.wxml", "child": [], "parent": 42, "matchString": [{"type": "self", "string": "-"}, {"type": "attr", "string": "{{idx}}"}]}, {"id": 44, "type": "text", "string": "{{counts[idx]}}", "attribute": {"class": ["num"]}, "referenceVariable": [], "referenceFunction": [], "style": [], "inheritClass": null, "wxss": [], "page": null, "path": "D:\\WORK\\2021\\MPDF\\baseline\\ui\\爱妙客\\orderDetail.wxml", "child": [], "parent": 42, "matchString": [{"type": "self", "string": "{{counts[idx]}}"}]}, {"id": 45, "type": "text", "string": "+", "attribute": {"bindtap": "addcounts", "class": ["button"], "id": "{{idx}}"}, "referenceVariable": ["idx"], "referenceFunction": ["addcounts"], "style": [], "inheritClass": null, "wxss": [], "page": null, "path": "D:\\WORK\\2021\\MPDF\\baseline\\ui\\爱妙客\\orderDetail.wxml", "child": [], "parent": 42, "matchString": [{"type": "self", "string": "+"}, {"type": "attr", "string": "{{idx}}"}]}, {"id": 46, "type": "view", "string": "\n          *儿童必须在成人陪同下进入参观景点（儿童免费）\n        ", "attribute": {"class": ["altText"]}, "referenceVariable": [], "referenceFunction": [], "style": [], "inheritClass": null, "wxss": [], "page": null, "path": "D:\\WORK\\2021\\MPDF\\baseline\\ui\\爱妙客\\orderDetail.wxml", "child": [], "parent": 38, "matchString": [{"type": "self", "string": "\n          *儿童必须在成人陪同下进入参观景点（儿童免费）\n        "}]}, {"id": 47, "type": "view", "string": null, "attribute": {"class": ["orderText", "take-ticket"]}, "referenceVariable": [], "referenceFunction": [], "style": [], "inheritClass": null, "wxss": [], "page": null, "path": "D:\\WORK\\2021\\MPDF\\baseline\\ui\\爱妙客\\orderDetail.wxml", "child": [48, 50], "parent": 1, "matchString": [{"type": "relation", "string": "选择取票人"}, {"type": "relation", "string": "姓名：{{geter.name}}"}, {"type": "relation", "string": "手机号：{{geter.mobile}}"}, {"type": "relation", "string": "邮箱：{{geter.mail}}"}]}, {"id": 48, "type": "view", "string": null, "attribute": {"class": ["title-small"]}, "referenceVariable": [], "referenceFunction": [], "style": [], "inheritClass": null, "wxss": [], "page": null, "path": "D:\\WORK\\2021\\MPDF\\baseline\\ui\\爱妙客\\orderDetail.wxml", "child": [49], "parent": 47, "matchString": [{"type": "relation", "string": "选择取票人"}]}, {"id": 49, "type": "text", "string": "选择取票人", "attribute": {"bindtap": "checkUser"}, "referenceVariable": [], "referenceFunction": ["checkUser"], "style": [], "inheritClass": null, "wxss": [], "page": null, "path": "D:\\WORK\\2021\\MPDF\\baseline\\ui\\爱妙客\\orderDetail.wxml", "child": [], "parent": 48, "matchString": [{"type": "self", "string": "选择取票人"}]}, {"id": 50, "type": "view", "string": null, "attribute": {"wx:if": "{{geter.name}}"}, "referenceVariable": ["geter.name"], "referenceFunction": [], "style": [], "inheritClass": null, "wxss": [], "page": null, "path": "D:\\WORK\\2021\\MPDF\\baseline\\ui\\爱妙客\\orderDetail.wxml", "child": [51, 52, 53], "parent": 47, "matchString": [{"type": "relation", "string": "姓名：{{geter.name}}"}, {"type": "relation", "string": "手机号：{{geter.mobile}}"}, {"type": "relation", "string": "邮箱：{{geter.mail}}"}]}, {"id": 51, "type": "view", "string": "姓名：{{geter.name}}", "attribute": {"class": ["text"]}, "referenceVariable": [], "referenceFunction": [], "style": [], "inheritClass": null, "wxss": [], "page": null, "path": "D:\\WORK\\2021\\MPDF\\baseline\\ui\\爱妙客\\orderDetail.wxml", "child": [], "parent": 50, "matchString": [{"type": "self", "string": "姓名：{{geter.name}}"}]}, {"id": 52, "type": "view", "string": "手机号：{{geter.mobile}}", "attribute": {"class": ["text"]}, "referenceVariable": [], "referenceFunction": [], "style": [], "inheritClass": null, "wxss": [], "page": null, "path": "D:\\WORK\\2021\\MPDF\\baseline\\ui\\爱妙客\\orderDetail.wxml", "child": [], "parent": 50, "matchString": [{"type": "self", "string": "手机号：{{geter.mobile}}"}]}, {"id": 53, "type": "view", "string": "邮箱：{{geter.mail}}", "attribute": {"class": ["text"]}, "referenceVariable": [], "referenceFunction": [], "style": [], "inheritClass": null, "wxss": [], "page": null, "path": "D:\\WORK\\2021\\MPDF\\baseline\\ui\\爱妙客\\orderDetail.wxml", "child": [], "parent": 50, "matchString": [{"type": "self", "string": "邮箱：{{geter.mail}}"}]}, {"id": 54, "type": "view", "string": null, "attribute": {"class": ["altText1"]}, "referenceVariable": [], "referenceFunction": [], "style": [], "inheritClass": null, "wxss": [], "page": null, "path": "D:\\WORK\\2021\\MPDF\\baseline\\ui\\爱妙客\\orderDetail.wxml", "child": [55], "parent": 1, "matchString": [{"type": "relation", "string": "《服务协议》"}]}, {"id": 55, "type": "text", "string": "《服务协议》", "attribute": {"bindtap": "showterm"}, "referenceVariable": [], "referenceFunction": ["showterm"], "style": [], "inheritClass": null, "wxss": [], "page": null, "path": "D:\\WORK\\2021\\MPDF\\baseline\\ui\\爱妙客\\orderDetail.wxml", "child": [], "parent": 54, "matchString": [{"type": "self", "string": "《服务协议》"}]}, {"id": 56, "type": "view", "string": null, "attribute": {"bindtap": "hideDialog", "class": ["{{showCostExplain?'costExplain':'hideCostExplain'}}"]}, "referenceVariable": ["showCostExplain?'costExplain':'hideCostExplain'"], "referenceFunction": ["hideDialog"], "style": [], "inheritClass": null, "wxss": [], "page": null, "path": "D:\\WORK\\2021\\MPDF\\baseline\\ui\\爱妙客\\orderDetail.wxml", "child": [57], "parent": 1, "matchString": [{"type": "relation", "string": "金额明细"}, {"type": "relation", "string": "{{item.name}}"}, {"type": "relation", "string": "€{{item.price}}X {{item.nums}}张"}]}, {"id": 57, "type": "view", "string": null, "attribute": {"catchtap": "showDialog", "class": ["dialog"]}, "referenceVariable": [], "referenceFunction": [], "style": [], "inheritClass": null, "wxss": [], "page": null, "path": "D:\\WORK\\2021\\MPDF\\baseline\\ui\\爱妙客\\orderDetail.wxml", "child": [58, 59], "parent": 56, "matchString": [{"type": "relation", "string": "金额明细"}, {"type": "relation", "string": "{{item.name}}"}, {"type": "relation", "string": "€{{item.price}}X {{item.nums}}张"}]}, {"id": 58, "type": "view", "string": "金额明细", "attribute": {"class": ["title"]}, "referenceVariable": [], "referenceFunction": [], "style": [], "inheritClass": null, "wxss": [], "page": null, "path": "D:\\WORK\\2021\\MPDF\\baseline\\ui\\爱妙客\\orderDetail.wxml", "child": [], "parent": 57, "matchString": [{"type": "self", "string": "金额明细"}]}, {"id": 59, "type": "view", "string": null, "attribute": {"class": ["content"]}, "referenceVariable": [], "referenceFunction": [], "style": [], "inheritClass": null, "wxss": [], "page": null, "path": "D:\\WORK\\2021\\MPDF\\baseline\\ui\\爱妙客\\orderDetail.wxml", "child": [60], "parent": 57, "matchString": [{"type": "relation", "string": "{{item.name}}"}, {"type": "relation", "string": "€{{item.price}}X {{item.nums}}张"}]}, {"id": 60, "type": "view", "string": null, "attribute": {"class": ["timeCondition"], "wx:for": "{{ticketsdetail}}", "wx:key": "item"}, "referenceVariable": ["ticketsdetail"], "referenceFunction": [], "style": [], "inheritClass": null, "wxss": [], "page": null, "path": "D:\\WORK\\2021\\MPDF\\baseline\\ui\\爱妙客\\orderDetail.wxml", "child": [61, 62], "parent": 59, "matchString": [{"type": "relation", "string": "{{item.name}}"}, {"type": "relation", "string": "€{{item.price}}X {{item.nums}}张"}]}, {"id": 61, "type": "text", "string": "{{item.name}}", "attribute": {}, "referenceVariable": [], "referenceFunction": [], "style": [], "inheritClass": null, "wxss": [], "page": null, "path": "D:\\WORK\\2021\\MPDF\\baseline\\ui\\爱妙客\\orderDetail.wxml", "child": [], "parent": 60, "matchString": [{"type": "self", "string": "{{item.name}}"}]}, {"id": 62, "type": "text", "string": "€{{item.price}}X {{item.nums}}张", "attribute": {}, "referenceVariable": [], "referenceFunction": [], "style": [], "inheritClass": null, "wxss": [], "page": null, "path": "D:\\WORK\\2021\\MPDF\\baseline\\ui\\爱妙客\\orderDetail.wxml", "child": [], "parent": 60, "matchString": [{"type": "self", "string": "€{{item.price}}X {{item.nums}}张"}]}, {"id": 63, "type": "view", "string": null, "attribute": {"class": ["footer"]}, "referenceVariable": [], "referenceFunction": [], "style": [], "inheritClass": null, "wxss": [], "page": null, "path": "D:\\WORK\\2021\\MPDF\\baseline\\ui\\爱妙客\\orderDetail.wxml", "child": [64, 66, 67], "parent": 0, "matchString": [{"type": "relation", "string": "{{total}}"}, {"type": "relation", "string": "金额明细"}, {"type": "relation", "string": "去支付"}]}, {"id": 64, "type": "view", "string": null, "attribute": {"class": ["price"]}, "referenceVariable": [], "referenceFunction": [], "style": [], "inheritClass": null, "wxss": [], "page": null, "path": "D:\\WORK\\2021\\MPDF\\baseline\\ui\\爱妙客\\orderDetail.wxml", "child": [65], "parent": 63, "matchString": [{"type": "relation", "string": "{{total}}"}]}, {"id": 65, "type": "text", "string": "{{total}}", "attribute": {}, "referenceVariable": [], "referenceFunction": [], "style": [], "inheritClass": null, "wxss": [], "page": null, "path": "D:\\WORK\\2021\\MPDF\\baseline\\ui\\爱妙客\\orderDetail.wxml", "child": [], "parent": 64, "matchString": [{"type": "self", "string": "{{total}}"}]}, {"id": 66, "type": "view", "string": "金额明细", "attribute": {"bindtap": "moneyMessage", "class": ["explain"]}, "referenceVariable": [], "referenceFunction": ["moneyMessage"], "style": [], "inheritClass": null, "wxss": [], "page": null, "path": "D:\\WORK\\2021\\MPDF\\baseline\\ui\\爱妙客\\orderDetail.wxml", "child": [], "parent": 63, "matchString": [{"type": "self", "string": "金额明细"}, {"type": "relation", "string": "金额明细"}]}, {"id": 67, "type": "view", "string": "去支付", "attribute": {"bindtap": "goPay", "class": ["button"]}, "referenceVariable": [], "referenceFunction": ["goPay"], "style": [], "inheritClass": null, "wxss": [], "page": null, "path": "D:\\WORK\\2021\\MPDF\\baseline\\ui\\爱妙客\\orderDetail.wxml", "child": [], "parent": 63, "matchString": [{"type": "self", "string": "去支付"}, {"type": "relation", "string": "去支付"}]}]