[{"id": 0, "type": "[document]", "string": null, "attribute": {}, "referenceVariable": [], "referenceFunction": [], "style": [], "inheritClass": null, "wxss": [], "page": null, "path": "D:\\WORK\\2021\\MPDF\\baseline\\ui\\P站日榜\\artist.wxml", "child": [1], "parent": null, "matchString": [{"type": "relation", "string": "search"}, {"type": "relation", "string": "请输入画师名称"}, {"type": "relation", "string": "{{'/pages/detail/detail?id='+item.objectId+'&title='+item.name+'&type=artist'}}"}, {"type": "relation", "string": "idx"}, {"type": "relation", "string": "{{''+item.name}}"}, {"type": "relation", "string": "{{'Views: '+item.view_count}}"}, {"type": "relation", "string": "24f48de0-1"}]}, {"id": 1, "type": "view", "string": null, "attribute": {"class": ["page", "data-v-7b903480"]}, "referenceVariable": [], "referenceFunction": [], "style": [], "inheritClass": null, "wxss": [], "page": null, "path": "D:\\WORK\\2021\\MPDF\\baseline\\ui\\P站日榜\\artist.wxml", "child": [2, 4, 9], "parent": 0, "matchString": [{"type": "relation", "string": "search"}, {"type": "relation", "string": "请输入画师名称"}, {"type": "relation", "string": "{{'/pages/detail/detail?id='+item.objectId+'&title='+item.name+'&type=artist'}}"}, {"type": "relation", "string": "idx"}, {"type": "relation", "string": "{{''+item.name}}"}, {"type": "relation", "string": "{{'Views: '+item.view_count}}"}, {"type": "relation", "string": "24f48de0-1"}]}, {"id": 2, "type": "view", "string": null, "attribute": {"class": ["search-box", "data-v-7b903480"]}, "referenceVariable": [], "referenceFunction": [], "style": [], "inheritClass": null, "wxss": [], "page": null, "path": "D:\\WORK\\2021\\MPDF\\baseline\\ui\\P站日榜\\artist.wxml", "child": [3], "parent": 1, "matchString": [{"type": "relation", "string": "search"}, {"type": "relation", "string": "请输入画师名称"}]}, {"id": 3, "type": "input", "string": null, "attribute": {"bindconfirm": "__e", "bindinput": "__e", "class": ["data-v-7b903480"], "confirmtype": "search", "data-event-opts": "{{[ [ 'confirm',[ [ 'search',['$event'] ] ] ],[ 'input',[ [ '__set_model',[ '','search_val','$event',[] ] ] ] ] ]}}", "placeholder": "请输入画师名称", "value": "{{search_val}}"}, "referenceVariable": ["[ [ 'confirm',[ [ 'search',['$event'] ] ] ],[ 'input',[ [ '__set_model',[ '','search_val','$event',[] ] ] ] ] ]", "search_val"], "referenceFunction": ["__e"], "style": [], "inheritClass": null, "wxss": [], "page": null, "path": "D:\\WORK\\2021\\MPDF\\baseline\\ui\\P站日榜\\artist.wxml", "child": [], "parent": 2, "matchString": [{"type": "attr", "string": "search"}, {"type": "attr", "string": "请输入画师名称"}]}, {"id": 4, "type": "navigator", "string": null, "attribute": {"class": ["card", "data-v-7b903480"], "style": "{{'background-color: '+item.background_color}}", "url": "{{'/pages/detail/detail?id='+item.objectId+'&title='+item.name+'&type=artist'}}", "wx:for": "{{list}}", "wx:for-index": "idx", "wx:key": "idx"}, "referenceVariable": ["'background-color: '+item.background_color", "'/pages/detail/detail?id='+item.objectId+'&title='+item.name+'&type=artist'", "list"], "referenceFunction": [], "style": [], "inheritClass": null, "wxss": [], "page": null, "path": "D:\\WORK\\2021\\MPDF\\baseline\\ui\\P站日榜\\artist.wxml", "child": [5, 8], "parent": 1, "matchString": [{"type": "attr", "string": "{{'/pages/detail/detail?id='+item.objectId+'&title='+item.name+'&type=artist'}}"}, {"type": "attr", "string": "idx"}, {"type": "relation", "string": "{{''+item.name}}"}, {"type": "relation", "string": "{{'Views: '+item.view_count}}"}]}, {"id": 5, "type": "view", "string": null, "attribute": {"class": ["title", "data-v-7b903480"]}, "referenceVariable": [], "referenceFunction": [], "style": [], "inheritClass": null, "wxss": [], "page": null, "path": "D:\\WORK\\2021\\MPDF\\baseline\\ui\\P站日榜\\artist.wxml", "child": [6, 7], "parent": 4, "matchString": [{"type": "relation", "string": "{{''+item.name}}"}, {"type": "relation", "string": "{{'Views: '+item.view_count}}"}]}, {"id": 6, "type": "text", "string": "{{''+item.name}}", "attribute": {"class": ["data-v-7b903480"]}, "referenceVariable": [], "referenceFunction": [], "style": [], "inheritClass": null, "wxss": [], "page": null, "path": "D:\\WORK\\2021\\MPDF\\baseline\\ui\\P站日榜\\artist.wxml", "child": [], "parent": 5, "matchString": [{"type": "self", "string": "{{''+item.name}}"}]}, {"id": 7, "type": "text", "string": "{{'Views: '+item.view_count}}", "attribute": {"class": ["view-count", "data-v-7b903480"]}, "referenceVariable": [], "referenceFunction": [], "style": [], "inheritClass": null, "wxss": [], "page": null, "path": "D:\\WORK\\2021\\MPDF\\baseline\\ui\\P站日榜\\artist.wxml", "child": [], "parent": 5, "matchString": [{"type": "self", "string": "{{'Views: '+item.view_count}}"}]}, {"id": 8, "type": "image", "string": null, "attribute": {"class": ["cover-img", "data-v-7b903480"], "mode": "aspectFill", "src": "{{item.cover_img}}"}, "referenceVariable": ["item.cover_img"], "referenceFunction": [], "style": [], "inheritClass": null, "wxss": [], "page": null, "path": "D:\\WORK\\2021\\MPDF\\baseline\\ui\\P站日榜\\artist.wxml", "child": [], "parent": 4, "matchString": []}, {"id": 9, "type": "ad-fab", "string": null, "attribute": {"bind:__l": "__l", "class": ["data-v-7b903480"], "vueid": "24f48de0-1"}, "referenceVariable": [], "referenceFunction": ["__l"], "style": [], "inheritClass": null, "wxss": [], "page": null, "path": "D:\\WORK\\2021\\MPDF\\baseline\\ui\\P站日榜\\artist.wxml", "child": [], "parent": 1, "matchString": [{"type": "attr", "string": "24f48de0-1"}, {"type": "relation", "string": "24f48de0-1"}]}]