[{"id": 0, "type": "[document]", "string": null, "attribute": {}, "referenceVariable": [], "referenceFunction": [], "style": [], "inheritClass": null, "wxss": [], "page": null, "path": "D:\\WORK\\2021\\MPDF\\baseline\\ui\\东小店\\index.wxml", "child": [1, 2, 3, 4, 5], "parent": null, "matchString": [{"type": "relation", "string": "{{checkboxChecked}}"}, {"type": "relation", "string": "{{config}}"}, {"type": "relation", "string": "微信手机号快捷登录"}, {"type": "relation", "string": "getPhoneNumber"}, {"type": "relation", "string": "fbfd3ec3c4ab4213b9a09b5c5e769ceb"}]}, {"id": 1, "type": "index", "string": null, "attribute": {"bindsmsloginres": "smsloginResListener", "checkboxchecked": "{{checkboxChecked}}", "config": "{{config}}"}, "referenceVariable": ["checkboxChecked", "config"], "referenceFunction": ["smsloginResListener"], "style": [], "inheritClass": null, "wxss": [], "page": null, "path": "D:\\WORK\\2021\\MPDF\\baseline\\ui\\东小店\\index.wxml", "child": [], "parent": 0, "matchString": [{"type": "attr", "string": "{{checkboxChecked}}"}, {"type": "attr", "string": "{{config}}"}]}, {"id": 2, "type": "button", "string": "微信手机号快捷登录", "attribute": {"bindgetphonenumber": "getPhoneNumber", "class": ["phone-btn"], "opentype": "getPhoneNumber", "wx:if": "{{!stopClick&&checkboxChecked}}"}, "referenceVariable": ["!stopClick&&checkboxChecked"], "referenceFunction": ["getPhoneNumber"], "style": [], "inheritClass": null, "wxss": [], "page": null, "path": "D:\\WORK\\2021\\MPDF\\baseline\\ui\\东小店\\index.wxml", "child": [], "parent": 0, "matchString": [{"type": "self", "string": "微信手机号快捷登录"}, {"type": "attr", "string": "getPhoneNumber"}]}, {"id": 3, "type": "button", "string": "微信手机号快捷登录", "attribute": {"bindtap": "needAuthor", "class": ["phone-btn", "btn-disabled"], "wx:else": ""}, "referenceVariable": [], "referenceFunction": ["needAuthor"], "style": [], "inheritClass": null, "wxss": [], "page": null, "path": "D:\\WORK\\2021\\MPDF\\baseline\\ui\\东小店\\index.wxml", "child": [], "parent": 0, "matchString": [{"type": "self", "string": "微信手机号快捷登录"}]}, {"id": 4, "type": "instruction", "string": null, "attribute": {"bindchangecheck": "changeCheckbox", "config": "{{config}}"}, "referenceVariable": ["config"], "referenceFunction": ["changeCheckbox"], "style": [], "inheritClass": null, "wxss": [], "page": null, "path": "D:\\WORK\\2021\\MPDF\\baseline\\ui\\东小店\\index.wxml", "child": [], "parent": 0, "matchString": [{"type": "attr", "string": "{{config}}"}]}, {"id": 5, "type": "view", "string": null, "attribute": {}, "referenceVariable": [], "referenceFunction": [], "style": [], "inheritClass": null, "wxss": [], "page": null, "path": "D:\\WORK\\2021\\MPDF\\baseline\\ui\\东小店\\index.wxml", "child": [6], "parent": 0, "matchString": [{"type": "relation", "string": "fbfd3ec3c4ab4213b9a09b5c5e769ceb"}]}, {"id": 6, "type": "canvas", "string": null, "attribute": {"canvasid": "fbfd3ec3c4ab4213b9a09b5c5e769ceb", "class": ["f8be360ead1f4a3d9afb5e312b845ebb"]}, "referenceVariable": [], "referenceFunction": [], "style": [], "inheritClass": null, "wxss": [], "page": null, "path": "D:\\WORK\\2021\\MPDF\\baseline\\ui\\东小店\\index.wxml", "child": [], "parent": 5, "matchString": [{"type": "attr", "string": "fbfd3ec3c4ab4213b9a09b5c5e769ceb"}, {"type": "relation", "string": "fbfd3ec3c4ab4213b9a09b5c5e769ceb"}]}]