{"definedData":[],"dynamicDefinedData":[{"shadowObjectVar":"__object__3","dynamicDefinedProps":[{"propName":".setData","readShadows":[{"shadowVar":{"id":-340,"declaredName":"__object__3.setData","file":"/pages/dealt/dealt.js","type":"normal"},"readAccess":[{"leftVar":[{"id":8482,"declaredName":"e","declaredLoc":{"line":11,"column":12},"file":"/pages/dealt/dealt.js","type":"normal"}],"readFlow":[{"type":"assign to","from":{"name":"this","loc":{"line":11,"column":16},"id":8483,"file":"D://WORK//2022//论文相关//TOSEM//MiniApp-review//flow-baseline//finalDataset//998 Excavator//__APP__/pages/dealt/dealt.js"},"to":{"name":"e","loc":{"line":11,"column":12},"id":8482,"file":"D://WORK//2022//论文相关//TOSEM//MiniApp-review//flow-baseline//finalDataset//998 Excavator//__APP__/pages/dealt/dealt.js"}}]},{"leftVar":[{"id":8500,"declaredName":"t","declaredLoc":{"line":15,"column":12},"file":"/pages/dealt/dealt.js","type":"normal"}],"readFlow":[{"type":"assign to","from":{"name":"this","loc":{"line":15,"column":16},"id":8501,"file":"D://WORK//2022//论文相关//TOSEM//MiniApp-review//flow-baseline//finalDataset//998 Excavator//__APP__/pages/dealt/dealt.js"},"to":{"name":"t","loc":{"line":15,"column":12},"id":8500,"file":"D://WORK//2022//论文相关//TOSEM//MiniApp-review//flow-baseline//finalDataset//998 Excavator//__APP__/pages/dealt/dealt.js"}}]},{"leftVar":[{"id":8626,"declaredName":"a","declaredLoc":{"line":41,"column":12},"file":"/pages/dealt/dealt.js","type":"normal"}],"readFlow":[{"type":"assign to","from":{"name":"this","loc":{"line":41,"column":16},"id":8627,"file":"D://WORK//2022//论文相关//TOSEM//MiniApp-review//flow-baseline//finalDataset//998 Excavator//__APP__/pages/dealt/dealt.js"},"to":{"name":"a","loc":{"line":41,"column":12},"id":8626,"file":"D://WORK//2022//论文相关//TOSEM//MiniApp-review//flow-baseline//finalDataset//998 Excavator//__APP__/pages/dealt/dealt.js"}}]}]}],"writeShadows":[{"shadowVar":{"id":-340,"declaredName":"__object__3.setData","file":"/pages/dealt/dealt.js","type":"normal"},"writeAccess":[]}]}]}]}