{"definedData":[],"dynamicDefinedData":[{"shadowObjectVar":"__object__7","dynamicDefinedProps":[{"propName":".setData","readShadows":[{"shadowVar":{"id":-355,"declaredName":"__object__7.setData","file":"/pages/deviceadd/index.js","type":"normal"},"readAccess":[{"leftVar":[{"id":8792,"declaredName":"a","declaredLoc":{"line":31,"column":12},"file":"/pages/deviceadd/index.js","type":"normal"}],"readFlow":[{"type":"assign to","from":{"name":"this","loc":{"line":31,"column":16},"id":8793,"file":"D://WORK//2022//论文相关//TOSEM//MiniApp-review//flow-baseline//finalDataset//998 Excavator//__APP__/pages/deviceadd/index.js"},"to":{"name":"a","loc":{"line":31,"column":12},"id":8792,"file":"D://WORK//2022//论文相关//TOSEM//MiniApp-review//flow-baseline//finalDataset//998 Excavator//__APP__/pages/deviceadd/index.js"}}]},{"leftVar":[{"id":8871,"declaredName":"a","declaredLoc":{"line":48,"column":12},"file":"/pages/deviceadd/index.js","type":"normal"}],"readFlow":[{"type":"assign to","from":{"name":"this","loc":{"line":48,"column":16},"id":8872,"file":"D://WORK//2022//论文相关//TOSEM//MiniApp-review//flow-baseline//finalDataset//998 Excavator//__APP__/pages/deviceadd/index.js"},"to":{"name":"a","loc":{"line":48,"column":12},"id":8871,"file":"D://WORK//2022//论文相关//TOSEM//MiniApp-review//flow-baseline//finalDataset//998 Excavator//__APP__/pages/deviceadd/index.js"}}]},{"leftVar":[{"id":9064,"declaredName":"a","declaredLoc":{"line":90,"column":12},"file":"/pages/deviceadd/index.js","type":"normal"}],"readFlow":[{"type":"assign to","from":{"name":"this","loc":{"line":90,"column":16},"id":9065,"file":"D://WORK//2022//论文相关//TOSEM//MiniApp-review//flow-baseline//finalDataset//998 Excavator//__APP__/pages/deviceadd/index.js"},"to":{"name":"a","loc":{"line":90,"column":12},"id":9064,"file":"D://WORK//2022//论文相关//TOSEM//MiniApp-review//flow-baseline//finalDataset//998 Excavator//__APP__/pages/deviceadd/index.js"}}]},{"leftVar":[{"id":9138,"declaredName":"t","declaredLoc":{"line":99,"column":12},"file":"/pages/deviceadd/index.js","type":"normal"}],"readFlow":[{"type":"assign to","from":{"name":"this","loc":{"line":99,"column":16},"id":9139,"file":"D://WORK//2022//论文相关//TOSEM//MiniApp-review//flow-baseline//finalDataset//998 Excavator//__APP__/pages/deviceadd/index.js"},"to":{"name":"t","loc":{"line":99,"column":12},"id":9138,"file":"D://WORK//2022//论文相关//TOSEM//MiniApp-review//flow-baseline//finalDataset//998 Excavator//__APP__/pages/deviceadd/index.js"}}]},{"leftVar":[{"id":9194,"declaredName":"e","declaredLoc":{"line":109,"column":12},"file":"/pages/deviceadd/index.js","type":"normal"}],"readFlow":[{"type":"assign to","from":{"name":"this","loc":{"line":109,"column":16},"id":9195,"file":"D://WORK//2022//论文相关//TOSEM//MiniApp-review//flow-baseline//finalDataset//998 Excavator//__APP__/pages/deviceadd/index.js"},"to":{"name":"e","loc":{"line":109,"column":12},"id":9194,"file":"D://WORK//2022//论文相关//TOSEM//MiniApp-review//flow-baseline//finalDataset//998 Excavator//__APP__/pages/deviceadd/index.js"}}]},{"leftVar":[{"id":9299,"declaredName":"t","declaredLoc":{"line":120,"column":17},"file":"/pages/deviceadd/index.js","type":"normal"}],"readFlow":[{"type":"assign to","from":{"name":"this","loc":{"line":120,"column":21},"id":9300,"file":"D://WORK//2022//论文相关//TOSEM//MiniApp-review//flow-baseline//finalDataset//998 Excavator//__APP__/pages/deviceadd/index.js"},"to":{"name":"t","loc":{"line":120,"column":17},"id":9299,"file":"D://WORK//2022//论文相关//TOSEM//MiniApp-review//flow-baseline//finalDataset//998 Excavator//__APP__/pages/deviceadd/index.js"}}]},{"leftVar":[{"id":9413,"declaredName":"a","declaredLoc":{"line":130,"column":17},"file":"/pages/deviceadd/index.js","type":"normal"}],"readFlow":[{"type":"assign to","from":{"name":"this","loc":{"line":130,"column":21},"id":9414,"file":"D://WORK//2022//论文相关//TOSEM//MiniApp-review//flow-baseline//finalDataset//998 Excavator//__APP__/pages/deviceadd/index.js"},"to":{"name":"a","loc":{"line":130,"column":17},"id":9413,"file":"D://WORK//2022//论文相关//TOSEM//MiniApp-review//flow-baseline//finalDataset//998 Excavator//__APP__/pages/deviceadd/index.js"}}]},{"leftVar":[{"id":9503,"declaredName":"r","declaredLoc":{"line":146,"column":12},"file":"/pages/deviceadd/index.js","type":"normal"}],"readFlow":[{"type":"assign to","from":{"name":"this","loc":{"line":146,"column":16},"id":9504,"file":"D://WORK//2022//论文相关//TOSEM//MiniApp-review//flow-baseline//finalDataset//998 Excavator//__APP__/pages/deviceadd/index.js"},"to":{"name":"r","loc":{"line":146,"column":12},"id":9503,"file":"D://WORK//2022//论文相关//TOSEM//MiniApp-review//flow-baseline//finalDataset//998 Excavator//__APP__/pages/deviceadd/index.js"}}]},{"leftVar":[{"id":9558,"declaredName":"o","declaredLoc":{"line":163,"column":12},"file":"/pages/deviceadd/index.js","type":"normal"}],"readFlow":[{"type":"assign to","from":{"name":"this","loc":{"line":163,"column":16},"id":9559,"file":"D://WORK//2022//论文相关//TOSEM//MiniApp-review//flow-baseline//finalDataset//998 Excavator//__APP__/pages/deviceadd/index.js"},"to":{"name":"o","loc":{"line":163,"column":12},"id":9558,"file":"D://WORK//2022//论文相关//TOSEM//MiniApp-review//flow-baseline//finalDataset//998 Excavator//__APP__/pages/deviceadd/index.js"}}]},{"leftVar":[{"id":9789,"declaredName":"t","declaredLoc":{"line":204,"column":17},"file":"/pages/deviceadd/index.js","type":"normal"}],"readFlow":[{"type":"assign to","from":{"name":"this","loc":{"line":204,"column":21},"id":9790,"file":"D://WORK//2022//论文相关//TOSEM//MiniApp-review//flow-baseline//finalDataset//998 Excavator//__APP__/pages/deviceadd/index.js"},"to":{"name":"t","loc":{"line":204,"column":17},"id":9789,"file":"D://WORK//2022//论文相关//TOSEM//MiniApp-review//flow-baseline//finalDataset//998 Excavator//__APP__/pages/deviceadd/index.js"}}]},{"leftVar":[{"id":9890,"declaredName":"a","declaredLoc":{"line":211,"column":12},"file":"/pages/deviceadd/index.js","type":"normal"}],"readFlow":[{"type":"assign to","from":{"name":"this","loc":{"line":211,"column":16},"id":9891,"file":"D://WORK//2022//论文相关//TOSEM//MiniApp-review//flow-baseline//finalDataset//998 Excavator//__APP__/pages/deviceadd/index.js"},"to":{"name":"a","loc":{"line":211,"column":12},"id":9890,"file":"D://WORK//2022//论文相关//TOSEM//MiniApp-review//flow-baseline//finalDataset//998 Excavator//__APP__/pages/deviceadd/index.js"}}]},{"leftVar":[{"id":9989,"declaredName":"a","declaredLoc":{"line":232,"column":17},"file":"/pages/deviceadd/index.js","type":"normal"}],"readFlow":[{"type":"assign to","from":{"name":"this","loc":{"line":232,"column":21},"id":9990,"file":"D://WORK//2022//论文相关//TOSEM//MiniApp-review//flow-baseline//finalDataset//998 Excavator//__APP__/pages/deviceadd/index.js"},"to":{"name":"a","loc":{"line":232,"column":17},"id":9989,"file":"D://WORK//2022//论文相关//TOSEM//MiniApp-review//flow-baseline//finalDataset//998 Excavator//__APP__/pages/deviceadd/index.js"}}]},{"leftVar":[{"id":10038,"declaredName":"a","declaredLoc":{"line":236,"column":12},"file":"/pages/deviceadd/index.js","type":"normal"}],"readFlow":[{"type":"assign to","from":{"name":"this","loc":{"line":236,"column":16},"id":10039,"file":"D://WORK//2022//论文相关//TOSEM//MiniApp-review//flow-baseline//finalDataset//998 Excavator//__APP__/pages/deviceadd/index.js"},"to":{"name":"a","loc":{"line":236,"column":12},"id":10038,"file":"D://WORK//2022//论文相关//TOSEM//MiniApp-review//flow-baseline//finalDataset//998 Excavator//__APP__/pages/deviceadd/index.js"}}]},{"leftVar":[{"id":10093,"declaredName":"a","declaredLoc":{"line":252,"column":12},"file":"/pages/deviceadd/index.js","type":"normal"}],"readFlow":[{"type":"assign to","from":{"name":"this","loc":{"line":252,"column":16},"id":10094,"file":"D://WORK//2022//论文相关//TOSEM//MiniApp-review//flow-baseline//finalDataset//998 Excavator//__APP__/pages/deviceadd/index.js"},"to":{"name":"a","loc":{"line":252,"column":12},"id":10093,"file":"D://WORK//2022//论文相关//TOSEM//MiniApp-review//flow-baseline//finalDataset//998 Excavator//__APP__/pages/deviceadd/index.js"}}]},{"leftVar":[{"id":10197,"declaredName":"o","declaredLoc":{"line":272,"column":12},"file":"/pages/deviceadd/index.js","type":"normal"}],"readFlow":[{"type":"assign to","from":{"name":"this","loc":{"line":272,"column":16},"id":10198,"file":"D://WORK//2022//论文相关//TOSEM//MiniApp-review//flow-baseline//finalDataset//998 Excavator//__APP__/pages/deviceadd/index.js"},"to":{"name":"o","loc":{"line":272,"column":12},"id":10197,"file":"D://WORK//2022//论文相关//TOSEM//MiniApp-review//flow-baseline//finalDataset//998 Excavator//__APP__/pages/deviceadd/index.js"}}]},{"leftVar":[{"id":10289,"declaredName":"t","declaredLoc":{"line":292,"column":12},"file":"/pages/deviceadd/index.js","type":"normal"}],"readFlow":[{"type":"assign to","from":{"name":"this","loc":{"line":292,"column":16},"id":10290,"file":"D://WORK//2022//论文相关//TOSEM//MiniApp-review//flow-baseline//finalDataset//998 Excavator//__APP__/pages/deviceadd/index.js"},"to":{"name":"t","loc":{"line":292,"column":12},"id":10289,"file":"D://WORK//2022//论文相关//TOSEM//MiniApp-review//flow-baseline//finalDataset//998 Excavator//__APP__/pages/deviceadd/index.js"}}]},{"leftVar":[{"id":10471,"declaredName":"a","declaredLoc":{"line":336,"column":12},"file":"/pages/deviceadd/index.js","type":"normal"}],"readFlow":[{"type":"assign to","from":{"name":"this","loc":{"line":336,"column":16},"id":10472,"file":"D://WORK//2022//论文相关//TOSEM//MiniApp-review//flow-baseline//finalDataset//998 Excavator//__APP__/pages/deviceadd/index.js"},"to":{"name":"a","loc":{"line":336,"column":12},"id":10471,"file":"D://WORK//2022//论文相关//TOSEM//MiniApp-review//flow-baseline//finalDataset//998 Excavator//__APP__/pages/deviceadd/index.js"}}]},{"leftVar":[{"id":10505,"declaredName":"a","declaredLoc":{"line":343,"column":12},"file":"/pages/deviceadd/index.js","type":"normal"}],"readFlow":[{"type":"assign to","from":{"name":"this","loc":{"line":343,"column":16},"id":10506,"file":"D://WORK//2022//论文相关//TOSEM//MiniApp-review//flow-baseline//finalDataset//998 Excavator//__APP__/pages/deviceadd/index.js"},"to":{"name":"a","loc":{"line":343,"column":12},"id":10505,"file":"D://WORK//2022//论文相关//TOSEM//MiniApp-review//flow-baseline//finalDataset//998 Excavator//__APP__/pages/deviceadd/index.js"}}]},{"leftVar":[{"id":10699,"declaredName":"t","declaredLoc":{"line":375,"column":12},"file":"/pages/deviceadd/index.js","type":"normal"}],"readFlow":[{"type":"assign to","from":{"name":"this","loc":{"line":375,"column":16},"id":10700,"file":"D://WORK//2022//论文相关//TOSEM//MiniApp-review//flow-baseline//finalDataset//998 Excavator//__APP__/pages/deviceadd/index.js"},"to":{"name":"t","loc":{"line":375,"column":12},"id":10699,"file":"D://WORK//2022//论文相关//TOSEM//MiniApp-review//flow-baseline//finalDataset//998 Excavator//__APP__/pages/deviceadd/index.js"}}]},{"leftVar":[{"id":10761,"declaredName":"a","declaredLoc":{"line":383,"column":12},"file":"/pages/deviceadd/index.js","type":"normal"}],"readFlow":[{"type":"assign to","from":{"name":"this","loc":{"line":383,"column":16},"id":10762,"file":"D://WORK//2022//论文相关//TOSEM//MiniApp-review//flow-baseline//finalDataset//998 Excavator//__APP__/pages/deviceadd/index.js"},"to":{"name":"a","loc":{"line":383,"column":12},"id":10761,"file":"D://WORK//2022//论文相关//TOSEM//MiniApp-review//flow-baseline//finalDataset//998 Excavator//__APP__/pages/deviceadd/index.js"}}]},{"leftVar":[{"id":10881,"declaredName":"t","declaredLoc":{"line":411,"column":12},"file":"/pages/deviceadd/index.js","type":"normal"}],"readFlow":[{"type":"assign to","from":{"name":"this","loc":{"line":411,"column":16},"id":10882,"file":"D://WORK//2022//论文相关//TOSEM//MiniApp-review//flow-baseline//finalDataset//998 Excavator//__APP__/pages/deviceadd/index.js"},"to":{"name":"t","loc":{"line":411,"column":12},"id":10881,"file":"D://WORK//2022//论文相关//TOSEM//MiniApp-review//flow-baseline//finalDataset//998 Excavator//__APP__/pages/deviceadd/index.js"}}]},{"leftVar":[{"id":10997,"declaredName":"t","declaredLoc":{"line":439,"column":12},"file":"/pages/deviceadd/index.js","type":"normal"}],"readFlow":[{"type":"assign to","from":{"name":"this","loc":{"line":439,"column":16},"id":10998,"file":"D://WORK//2022//论文相关//TOSEM//MiniApp-review//flow-baseline//finalDataset//998 Excavator//__APP__/pages/deviceadd/index.js"},"to":{"name":"t","loc":{"line":439,"column":12},"id":10997,"file":"D://WORK//2022//论文相关//TOSEM//MiniApp-review//flow-baseline//finalDataset//998 Excavator//__APP__/pages/deviceadd/index.js"}}]},{"leftVar":[{"id":11612,"declaredName":"a","declaredLoc":{"line":512,"column":12},"file":"/pages/deviceadd/index.js","type":"normal"}],"readFlow":[{"type":"assign to","from":{"name":"this","loc":{"line":512,"column":16},"id":11613,"file":"D://WORK//2022//论文相关//TOSEM//MiniApp-review//flow-baseline//finalDataset//998 Excavator//__APP__/pages/deviceadd/index.js"},"to":{"name":"a","loc":{"line":512,"column":12},"id":11612,"file":"D://WORK//2022//论文相关//TOSEM//MiniApp-review//flow-baseline//finalDataset//998 Excavator//__APP__/pages/deviceadd/index.js"}}]}]}],"writeShadows":[{"shadowVar":{"id":-355,"declaredName":"__object__7.setData","file":"/pages/deviceadd/index.js","type":"normal"},"writeAccess":[]}]}]}]}