{"definedData":[],"dynamicDefinedData":[{"shadowObjectVar":"__object__3","dynamicDefinedProps":[{"propName":".setData","readShadows":[{"shadowVar":{"id":-427,"declaredName":"__object__3.setData","file":"/pages/deviceaddq/index.js","type":"normal"},"readAccess":[{"leftVar":[{"id":11821,"declaredName":"e","declaredLoc":{"line":41,"column":12},"file":"/pages/deviceaddq/index.js","type":"normal"}],"readFlow":[{"type":"assign to","from":{"name":"this","loc":{"line":41,"column":16},"id":11822,"file":"D://WORK//2022//论文相关//TOSEM//MiniApp-review//flow-baseline//finalDataset//998 Excavator//__APP__/pages/deviceaddq/index.js"},"to":{"name":"e","loc":{"line":41,"column":12},"id":11821,"file":"D://WORK//2022//论文相关//TOSEM//MiniApp-review//flow-baseline//finalDataset//998 Excavator//__APP__/pages/deviceaddq/index.js"}}]},{"leftVar":[{"id":11876,"declaredName":"e","declaredLoc":{"line":57,"column":12},"file":"/pages/deviceaddq/index.js","type":"normal"}],"readFlow":[{"type":"assign to","from":{"name":"this","loc":{"line":57,"column":16},"id":11877,"file":"D://WORK//2022//论文相关//TOSEM//MiniApp-review//flow-baseline//finalDataset//998 Excavator//__APP__/pages/deviceaddq/index.js"},"to":{"name":"e","loc":{"line":57,"column":12},"id":11876,"file":"D://WORK//2022//论文相关//TOSEM//MiniApp-review//flow-baseline//finalDataset//998 Excavator//__APP__/pages/deviceaddq/index.js"}}]},{"leftVar":[{"id":11957,"declaredName":"a","declaredLoc":{"line":81,"column":12},"file":"/pages/deviceaddq/index.js","type":"normal"}],"readFlow":[{"type":"assign to","from":{"name":"this","loc":{"line":81,"column":16},"id":11958,"file":"D://WORK//2022//论文相关//TOSEM//MiniApp-review//flow-baseline//finalDataset//998 Excavator//__APP__/pages/deviceaddq/index.js"},"to":{"name":"a","loc":{"line":81,"column":12},"id":11957,"file":"D://WORK//2022//论文相关//TOSEM//MiniApp-review//flow-baseline//finalDataset//998 Excavator//__APP__/pages/deviceaddq/index.js"}}]},{"leftVar":[{"id":12031,"declaredName":"e","declaredLoc":{"line":90,"column":12},"file":"/pages/deviceaddq/index.js","type":"normal"}],"readFlow":[{"type":"assign to","from":{"name":"this","loc":{"line":90,"column":16},"id":12032,"file":"D://WORK//2022//论文相关//TOSEM//MiniApp-review//flow-baseline//finalDataset//998 Excavator//__APP__/pages/deviceaddq/index.js"},"to":{"name":"e","loc":{"line":90,"column":12},"id":12031,"file":"D://WORK//2022//论文相关//TOSEM//MiniApp-review//flow-baseline//finalDataset//998 Excavator//__APP__/pages/deviceaddq/index.js"}}]},{"leftVar":[{"id":12087,"declaredName":"e","declaredLoc":{"line":100,"column":12},"file":"/pages/deviceaddq/index.js","type":"normal"}],"readFlow":[{"type":"assign to","from":{"name":"this","loc":{"line":100,"column":16},"id":12088,"file":"D://WORK//2022//论文相关//TOSEM//MiniApp-review//flow-baseline//finalDataset//998 Excavator//__APP__/pages/deviceaddq/index.js"},"to":{"name":"e","loc":{"line":100,"column":12},"id":12087,"file":"D://WORK//2022//论文相关//TOSEM//MiniApp-review//flow-baseline//finalDataset//998 Excavator//__APP__/pages/deviceaddq/index.js"}}]},{"leftVar":[{"id":12206,"declaredName":"t","declaredLoc":{"line":116,"column":12},"file":"/pages/deviceaddq/index.js","type":"normal"}],"readFlow":[{"type":"assign to","from":{"name":"this","loc":{"line":116,"column":16},"id":12207,"file":"D://WORK//2022//论文相关//TOSEM//MiniApp-review//flow-baseline//finalDataset//998 Excavator//__APP__/pages/deviceaddq/index.js"},"to":{"name":"t","loc":{"line":116,"column":12},"id":12206,"file":"D://WORK//2022//论文相关//TOSEM//MiniApp-review//flow-baseline//finalDataset//998 Excavator//__APP__/pages/deviceaddq/index.js"}}]},{"leftVar":[{"id":12300,"declaredName":"a","declaredLoc":{"line":133,"column":17},"file":"/pages/deviceaddq/index.js","type":"normal"}],"readFlow":[{"type":"assign to","from":{"name":"this","loc":{"line":133,"column":21},"id":12301,"file":"D://WORK//2022//论文相关//TOSEM//MiniApp-review//flow-baseline//finalDataset//998 Excavator//__APP__/pages/deviceaddq/index.js"},"to":{"name":"a","loc":{"line":133,"column":17},"id":12300,"file":"D://WORK//2022//论文相关//TOSEM//MiniApp-review//flow-baseline//finalDataset//998 Excavator//__APP__/pages/deviceaddq/index.js"}}]},{"leftVar":[{"id":12352,"declaredName":"e","declaredLoc":{"line":140,"column":12},"file":"/pages/deviceaddq/index.js","type":"normal"}],"readFlow":[{"type":"assign to","from":{"name":"this","loc":{"line":140,"column":16},"id":12353,"file":"D://WORK//2022//论文相关//TOSEM//MiniApp-review//flow-baseline//finalDataset//998 Excavator//__APP__/pages/deviceaddq/index.js"},"to":{"name":"e","loc":{"line":140,"column":12},"id":12352,"file":"D://WORK//2022//论文相关//TOSEM//MiniApp-review//flow-baseline//finalDataset//998 Excavator//__APP__/pages/deviceaddq/index.js"}}]},{"leftVar":[{"id":12393,"declaredName":"a","declaredLoc":{"line":149,"column":17},"file":"/pages/deviceaddq/index.js","type":"normal"}],"readFlow":[{"type":"assign to","from":{"name":"this","loc":{"line":149,"column":21},"id":12394,"file":"D://WORK//2022//论文相关//TOSEM//MiniApp-review//flow-baseline//finalDataset//998 Excavator//__APP__/pages/deviceaddq/index.js"},"to":{"name":"a","loc":{"line":149,"column":17},"id":12393,"file":"D://WORK//2022//论文相关//TOSEM//MiniApp-review//flow-baseline//finalDataset//998 Excavator//__APP__/pages/deviceaddq/index.js"}}]},{"leftVar":[{"id":12505,"declaredName":"a","declaredLoc":{"line":173,"column":12},"file":"/pages/deviceaddq/index.js","type":"normal"}],"readFlow":[{"type":"assign to","from":{"name":"this","loc":{"line":173,"column":16},"id":12506,"file":"D://WORK//2022//论文相关//TOSEM//MiniApp-review//flow-baseline//finalDataset//998 Excavator//__APP__/pages/deviceaddq/index.js"},"to":{"name":"a","loc":{"line":173,"column":12},"id":12505,"file":"D://WORK//2022//论文相关//TOSEM//MiniApp-review//flow-baseline//finalDataset//998 Excavator//__APP__/pages/deviceaddq/index.js"}}]},{"leftVar":[{"id":12539,"declaredName":"e","declaredLoc":{"line":180,"column":12},"file":"/pages/deviceaddq/index.js","type":"normal"}],"readFlow":[{"type":"assign to","from":{"name":"this","loc":{"line":180,"column":16},"id":12540,"file":"D://WORK//2022//论文相关//TOSEM//MiniApp-review//flow-baseline//finalDataset//998 Excavator//__APP__/pages/deviceaddq/index.js"},"to":{"name":"e","loc":{"line":180,"column":12},"id":12539,"file":"D://WORK//2022//论文相关//TOSEM//MiniApp-review//flow-baseline//finalDataset//998 Excavator//__APP__/pages/deviceaddq/index.js"}}]},{"leftVar":[{"id":12797,"declaredName":"e","declaredLoc":{"line":216,"column":12},"file":"/pages/deviceaddq/index.js","type":"normal"}],"readFlow":[{"type":"assign to","from":{"name":"this","loc":{"line":216,"column":16},"id":12798,"file":"D://WORK//2022//论文相关//TOSEM//MiniApp-review//flow-baseline//finalDataset//998 Excavator//__APP__/pages/deviceaddq/index.js"},"to":{"name":"e","loc":{"line":216,"column":12},"id":12797,"file":"D://WORK//2022//论文相关//TOSEM//MiniApp-review//flow-baseline//finalDataset//998 Excavator//__APP__/pages/deviceaddq/index.js"}}]},{"leftVar":[{"id":12860,"declaredName":"e","declaredLoc":{"line":224,"column":12},"file":"/pages/deviceaddq/index.js","type":"normal"}],"readFlow":[{"type":"assign to","from":{"name":"this","loc":{"line":224,"column":16},"id":12861,"file":"D://WORK//2022//论文相关//TOSEM//MiniApp-review//flow-baseline//finalDataset//998 Excavator//__APP__/pages/deviceaddq/index.js"},"to":{"name":"e","loc":{"line":224,"column":12},"id":12860,"file":"D://WORK//2022//论文相关//TOSEM//MiniApp-review//flow-baseline//finalDataset//998 Excavator//__APP__/pages/deviceaddq/index.js"}}]},{"leftVar":[{"id":12904,"declaredName":"t","declaredLoc":{"line":232,"column":16},"file":"/pages/deviceaddq/index.js","type":"normal"}],"readFlow":[{"type":"assign to","from":{"name":"this","loc":{"line":232,"column":20},"id":12905,"file":"D://WORK//2022//论文相关//TOSEM//MiniApp-review//flow-baseline//finalDataset//998 Excavator//__APP__/pages/deviceaddq/index.js"},"to":{"name":"t","loc":{"line":232,"column":16},"id":12904,"file":"D://WORK//2022//论文相关//TOSEM//MiniApp-review//flow-baseline//finalDataset//998 Excavator//__APP__/pages/deviceaddq/index.js"}}]},{"leftVar":[{"id":13433,"declaredName":"t","declaredLoc":{"line":316,"column":12},"file":"/pages/deviceaddq/index.js","type":"normal"}],"readFlow":[{"type":"assign to","from":{"name":"this","loc":{"line":316,"column":16},"id":13434,"file":"D://WORK//2022//论文相关//TOSEM//MiniApp-review//flow-baseline//finalDataset//998 Excavator//__APP__/pages/deviceaddq/index.js"},"to":{"name":"t","loc":{"line":316,"column":12},"id":13433,"file":"D://WORK//2022//论文相关//TOSEM//MiniApp-review//flow-baseline//finalDataset//998 Excavator//__APP__/pages/deviceaddq/index.js"}}]},{"leftVar":[{"id":13487,"declaredName":"t","declaredLoc":{"line":332,"column":12},"file":"/pages/deviceaddq/index.js","type":"normal"}],"readFlow":[{"type":"assign to","from":{"name":"this","loc":{"line":332,"column":16},"id":13488,"file":"D://WORK//2022//论文相关//TOSEM//MiniApp-review//flow-baseline//finalDataset//998 Excavator//__APP__/pages/deviceaddq/index.js"},"to":{"name":"t","loc":{"line":332,"column":12},"id":13487,"file":"D://WORK//2022//论文相关//TOSEM//MiniApp-review//flow-baseline//finalDataset//998 Excavator//__APP__/pages/deviceaddq/index.js"}}]},{"leftVar":[{"id":13626,"declaredName":"e","declaredLoc":{"line":362,"column":12},"file":"/pages/deviceaddq/index.js","type":"normal"}],"readFlow":[{"type":"assign to","from":{"name":"this","loc":{"line":362,"column":16},"id":13627,"file":"D://WORK//2022//论文相关//TOSEM//MiniApp-review//flow-baseline//finalDataset//998 Excavator//__APP__/pages/deviceaddq/index.js"},"to":{"name":"e","loc":{"line":362,"column":12},"id":13626,"file":"D://WORK//2022//论文相关//TOSEM//MiniApp-review//flow-baseline//finalDataset//998 Excavator//__APP__/pages/deviceaddq/index.js"}}]},{"leftVar":[{"id":13753,"declaredName":"o","declaredLoc":{"line":387,"column":12},"file":"/pages/deviceaddq/index.js","type":"normal"}],"readFlow":[{"type":"assign to","from":{"name":"this","loc":{"line":387,"column":16},"id":13754,"file":"D://WORK//2022//论文相关//TOSEM//MiniApp-review//flow-baseline//finalDataset//998 Excavator//__APP__/pages/deviceaddq/index.js"},"to":{"name":"o","loc":{"line":387,"column":12},"id":13753,"file":"D://WORK//2022//论文相关//TOSEM//MiniApp-review//flow-baseline//finalDataset//998 Excavator//__APP__/pages/deviceaddq/index.js"}}]},{"leftVar":[{"id":13844,"declaredName":"e","declaredLoc":{"line":407,"column":12},"file":"/pages/deviceaddq/index.js","type":"normal"}],"readFlow":[{"type":"assign to","from":{"name":"this","loc":{"line":407,"column":16},"id":13845,"file":"D://WORK//2022//论文相关//TOSEM//MiniApp-review//flow-baseline//finalDataset//998 Excavator//__APP__/pages/deviceaddq/index.js"},"to":{"name":"e","loc":{"line":407,"column":12},"id":13844,"file":"D://WORK//2022//论文相关//TOSEM//MiniApp-review//flow-baseline//finalDataset//998 Excavator//__APP__/pages/deviceaddq/index.js"}}]},{"leftVar":[{"id":13951,"declaredName":"e","declaredLoc":{"line":430,"column":12},"file":"/pages/deviceaddq/index.js","type":"normal"}],"readFlow":[{"type":"assign to","from":{"name":"this","loc":{"line":430,"column":16},"id":13952,"file":"D://WORK//2022//论文相关//TOSEM//MiniApp-review//flow-baseline//finalDataset//998 Excavator//__APP__/pages/deviceaddq/index.js"},"to":{"name":"e","loc":{"line":430,"column":12},"id":13951,"file":"D://WORK//2022//论文相关//TOSEM//MiniApp-review//flow-baseline//finalDataset//998 Excavator//__APP__/pages/deviceaddq/index.js"}}]}]}],"writeShadows":[{"shadowVar":{"id":-427,"declaredName":"__object__3.setData","file":"/pages/deviceaddq/index.js","type":"normal"},"writeAccess":[]}]}]}]}