{"definedData":[],"dynamicDefinedData":[{"shadowObjectVar":"__object__7","dynamicDefinedProps":[{"propName":".setData","readShadows":[{"shadowVar":{"id":-485,"declaredName":"__object__7.setData","file":"/pages/deviceedit/index.js","type":"normal"},"readAccess":[{"leftVar":[{"id":14225,"declaredName":"e","declaredLoc":{"line":30,"column":12},"file":"/pages/deviceedit/index.js","type":"normal"}],"readFlow":[{"type":"assign to","from":{"name":"this","loc":{"line":30,"column":16},"id":14226,"file":"D://WORK//2022//论文相关//TOSEM//MiniApp-review//flow-baseline//finalDataset//998 Excavator//__APP__/pages/deviceedit/index.js"},"to":{"name":"e","loc":{"line":30,"column":12},"id":14225,"file":"D://WORK//2022//论文相关//TOSEM//MiniApp-review//flow-baseline//finalDataset//998 Excavator//__APP__/pages/deviceedit/index.js"}}]},{"leftVar":[{"id":14277,"declaredName":"a","declaredLoc":{"line":37,"column":12},"file":"/pages/deviceedit/index.js","type":"normal"}],"readFlow":[{"type":"assign to","from":{"name":"this","loc":{"line":37,"column":16},"id":14278,"file":"D://WORK//2022//论文相关//TOSEM//MiniApp-review//flow-baseline//finalDataset//998 Excavator//__APP__/pages/deviceedit/index.js"},"to":{"name":"a","loc":{"line":37,"column":12},"id":14277,"file":"D://WORK//2022//论文相关//TOSEM//MiniApp-review//flow-baseline//finalDataset//998 Excavator//__APP__/pages/deviceedit/index.js"}}]},{"leftVar":[{"id":14469,"declaredName":"a","declaredLoc":{"line":72,"column":12},"file":"/pages/deviceedit/index.js","type":"normal"}],"readFlow":[{"type":"assign to","from":{"name":"this","loc":{"line":72,"column":16},"id":14470,"file":"D://WORK//2022//论文相关//TOSEM//MiniApp-review//flow-baseline//finalDataset//998 Excavator//__APP__/pages/deviceedit/index.js"},"to":{"name":"a","loc":{"line":72,"column":12},"id":14469,"file":"D://WORK//2022//论文相关//TOSEM//MiniApp-review//flow-baseline//finalDataset//998 Excavator//__APP__/pages/deviceedit/index.js"}}]},{"leftVar":[{"id":14571,"declaredName":"e","declaredLoc":{"line":83,"column":12},"file":"/pages/deviceedit/index.js","type":"normal"}],"readFlow":[{"type":"assign to","from":{"name":"this","loc":{"line":83,"column":16},"id":14572,"file":"D://WORK//2022//论文相关//TOSEM//MiniApp-review//flow-baseline//finalDataset//998 Excavator//__APP__/pages/deviceedit/index.js"},"to":{"name":"e","loc":{"line":83,"column":12},"id":14571,"file":"D://WORK//2022//论文相关//TOSEM//MiniApp-review//flow-baseline//finalDataset//998 Excavator//__APP__/pages/deviceedit/index.js"}}]},{"leftVar":[{"id":14626,"declaredName":"e","declaredLoc":{"line":93,"column":12},"file":"/pages/deviceedit/index.js","type":"normal"}],"readFlow":[{"type":"assign to","from":{"name":"this","loc":{"line":93,"column":16},"id":14627,"file":"D://WORK//2022//论文相关//TOSEM//MiniApp-review//flow-baseline//finalDataset//998 Excavator//__APP__/pages/deviceedit/index.js"},"to":{"name":"e","loc":{"line":93,"column":12},"id":14626,"file":"D://WORK//2022//论文相关//TOSEM//MiniApp-review//flow-baseline//finalDataset//998 Excavator//__APP__/pages/deviceedit/index.js"}}]},{"leftVar":[{"id":14713,"declaredName":"t","declaredLoc":{"line":98,"column":17},"file":"/pages/deviceedit/index.js","type":"normal"}],"readFlow":[{"type":"assign to","from":{"name":"this","loc":{"line":98,"column":21},"id":14714,"file":"D://WORK//2022//论文相关//TOSEM//MiniApp-review//flow-baseline//finalDataset//998 Excavator//__APP__/pages/deviceedit/index.js"},"to":{"name":"t","loc":{"line":98,"column":17},"id":14713,"file":"D://WORK//2022//论文相关//TOSEM//MiniApp-review//flow-baseline//finalDataset//998 Excavator//__APP__/pages/deviceedit/index.js"}}]},{"leftVar":[{"id":14806,"declaredName":"a","declaredLoc":{"line":105,"column":17},"file":"/pages/deviceedit/index.js","type":"normal"}],"readFlow":[{"type":"assign to","from":{"name":"this","loc":{"line":105,"column":21},"id":14807,"file":"D://WORK//2022//论文相关//TOSEM//MiniApp-review//flow-baseline//finalDataset//998 Excavator//__APP__/pages/deviceedit/index.js"},"to":{"name":"a","loc":{"line":105,"column":17},"id":14806,"file":"D://WORK//2022//论文相关//TOSEM//MiniApp-review//flow-baseline//finalDataset//998 Excavator//__APP__/pages/deviceedit/index.js"}}]},{"leftVar":[{"id":14892,"declaredName":"r","declaredLoc":{"line":120,"column":12},"file":"/pages/deviceedit/index.js","type":"normal"}],"readFlow":[{"type":"assign to","from":{"name":"this","loc":{"line":120,"column":16},"id":14893,"file":"D://WORK//2022//论文相关//TOSEM//MiniApp-review//flow-baseline//finalDataset//998 Excavator//__APP__/pages/deviceedit/index.js"},"to":{"name":"r","loc":{"line":120,"column":12},"id":14892,"file":"D://WORK//2022//论文相关//TOSEM//MiniApp-review//flow-baseline//finalDataset//998 Excavator//__APP__/pages/deviceedit/index.js"}}]},{"leftVar":[{"id":14944,"declaredName":"o","declaredLoc":{"line":136,"column":12},"file":"/pages/deviceedit/index.js","type":"normal"}],"readFlow":[{"type":"assign to","from":{"name":"this","loc":{"line":136,"column":16},"id":14945,"file":"D://WORK//2022//论文相关//TOSEM//MiniApp-review//flow-baseline//finalDataset//998 Excavator//__APP__/pages/deviceedit/index.js"},"to":{"name":"o","loc":{"line":136,"column":12},"id":14944,"file":"D://WORK//2022//论文相关//TOSEM//MiniApp-review//flow-baseline//finalDataset//998 Excavator//__APP__/pages/deviceedit/index.js"}}]},{"leftVar":[{"id":15159,"declaredName":"t","declaredLoc":{"line":173,"column":17},"file":"/pages/deviceedit/index.js","type":"normal"}],"readFlow":[{"type":"assign to","from":{"name":"this","loc":{"line":173,"column":21},"id":15160,"file":"D://WORK//2022//论文相关//TOSEM//MiniApp-review//flow-baseline//finalDataset//998 Excavator//__APP__/pages/deviceedit/index.js"},"to":{"name":"t","loc":{"line":173,"column":17},"id":15159,"file":"D://WORK//2022//论文相关//TOSEM//MiniApp-review//flow-baseline//finalDataset//998 Excavator//__APP__/pages/deviceedit/index.js"}}]},{"leftVar":[{"id":15235,"declaredName":"a","declaredLoc":{"line":177,"column":12},"file":"/pages/deviceedit/index.js","type":"normal"}],"readFlow":[{"type":"assign to","from":{"name":"this","loc":{"line":177,"column":16},"id":15236,"file":"D://WORK//2022//论文相关//TOSEM//MiniApp-review//flow-baseline//finalDataset//998 Excavator//__APP__/pages/deviceedit/index.js"},"to":{"name":"a","loc":{"line":177,"column":12},"id":15235,"file":"D://WORK//2022//论文相关//TOSEM//MiniApp-review//flow-baseline//finalDataset//998 Excavator//__APP__/pages/deviceedit/index.js"}}]},{"leftVar":[{"id":15334,"declaredName":"a","declaredLoc":{"line":198,"column":17},"file":"/pages/deviceedit/index.js","type":"normal"}],"readFlow":[{"type":"assign to","from":{"name":"this","loc":{"line":198,"column":21},"id":15335,"file":"D://WORK//2022//论文相关//TOSEM//MiniApp-review//flow-baseline//finalDataset//998 Excavator//__APP__/pages/deviceedit/index.js"},"to":{"name":"a","loc":{"line":198,"column":17},"id":15334,"file":"D://WORK//2022//论文相关//TOSEM//MiniApp-review//flow-baseline//finalDataset//998 Excavator//__APP__/pages/deviceedit/index.js"}}]},{"leftVar":[{"id":15430,"declaredName":"a","declaredLoc":{"line":217,"column":12},"file":"/pages/deviceedit/index.js","type":"normal"}],"readFlow":[{"type":"assign to","from":{"name":"this","loc":{"line":217,"column":16},"id":15431,"file":"D://WORK//2022//论文相关//TOSEM//MiniApp-review//flow-baseline//finalDataset//998 Excavator//__APP__/pages/deviceedit/index.js"},"to":{"name":"a","loc":{"line":217,"column":12},"id":15430,"file":"D://WORK//2022//论文相关//TOSEM//MiniApp-review//flow-baseline//finalDataset//998 Excavator//__APP__/pages/deviceedit/index.js"}}]},{"leftVar":[{"id":15510,"declaredName":"o","declaredLoc":{"line":231,"column":12},"file":"/pages/deviceedit/index.js","type":"normal"}],"readFlow":[{"type":"assign to","from":{"name":"this","loc":{"line":231,"column":16},"id":15511,"file":"D://WORK//2022//论文相关//TOSEM//MiniApp-review//flow-baseline//finalDataset//998 Excavator//__APP__/pages/deviceedit/index.js"},"to":{"name":"o","loc":{"line":231,"column":12},"id":15510,"file":"D://WORK//2022//论文相关//TOSEM//MiniApp-review//flow-baseline//finalDataset//998 Excavator//__APP__/pages/deviceedit/index.js"}}]},{"leftVar":[{"id":15602,"declaredName":"e","declaredLoc":{"line":251,"column":12},"file":"/pages/deviceedit/index.js","type":"normal"}],"readFlow":[{"type":"assign to","from":{"name":"this","loc":{"line":251,"column":16},"id":15603,"file":"D://WORK//2022//论文相关//TOSEM//MiniApp-review//flow-baseline//finalDataset//998 Excavator//__APP__/pages/deviceedit/index.js"},"to":{"name":"e","loc":{"line":251,"column":12},"id":15602,"file":"D://WORK//2022//论文相关//TOSEM//MiniApp-review//flow-baseline//finalDataset//998 Excavator//__APP__/pages/deviceedit/index.js"}}]},{"leftVar":[{"id":15784,"declaredName":"a","declaredLoc":{"line":295,"column":12},"file":"/pages/deviceedit/index.js","type":"normal"}],"readFlow":[{"type":"assign to","from":{"name":"this","loc":{"line":295,"column":16},"id":15785,"file":"D://WORK//2022//论文相关//TOSEM//MiniApp-review//flow-baseline//finalDataset//998 Excavator//__APP__/pages/deviceedit/index.js"},"to":{"name":"a","loc":{"line":295,"column":12},"id":15784,"file":"D://WORK//2022//论文相关//TOSEM//MiniApp-review//flow-baseline//finalDataset//998 Excavator//__APP__/pages/deviceedit/index.js"}}]},{"leftVar":[{"id":15818,"declaredName":"a","declaredLoc":{"line":302,"column":12},"file":"/pages/deviceedit/index.js","type":"normal"}],"readFlow":[{"type":"assign to","from":{"name":"this","loc":{"line":302,"column":16},"id":15819,"file":"D://WORK//2022//论文相关//TOSEM//MiniApp-review//flow-baseline//finalDataset//998 Excavator//__APP__/pages/deviceedit/index.js"},"to":{"name":"a","loc":{"line":302,"column":12},"id":15818,"file":"D://WORK//2022//论文相关//TOSEM//MiniApp-review//flow-baseline//finalDataset//998 Excavator//__APP__/pages/deviceedit/index.js"}}]},{"leftVar":[{"id":16012,"declaredName":"t","declaredLoc":{"line":334,"column":12},"file":"/pages/deviceedit/index.js","type":"normal"}],"readFlow":[{"type":"assign to","from":{"name":"this","loc":{"line":334,"column":16},"id":16013,"file":"D://WORK//2022//论文相关//TOSEM//MiniApp-review//flow-baseline//finalDataset//998 Excavator//__APP__/pages/deviceedit/index.js"},"to":{"name":"t","loc":{"line":334,"column":12},"id":16012,"file":"D://WORK//2022//论文相关//TOSEM//MiniApp-review//flow-baseline//finalDataset//998 Excavator//__APP__/pages/deviceedit/index.js"}}]},{"leftVar":[{"id":16074,"declaredName":"a","declaredLoc":{"line":342,"column":12},"file":"/pages/deviceedit/index.js","type":"normal"}],"readFlow":[{"type":"assign to","from":{"name":"this","loc":{"line":342,"column":16},"id":16075,"file":"D://WORK//2022//论文相关//TOSEM//MiniApp-review//flow-baseline//finalDataset//998 Excavator//__APP__/pages/deviceedit/index.js"},"to":{"name":"a","loc":{"line":342,"column":12},"id":16074,"file":"D://WORK//2022//论文相关//TOSEM//MiniApp-review//flow-baseline//finalDataset//998 Excavator//__APP__/pages/deviceedit/index.js"}}]},{"leftVar":[{"id":16194,"declaredName":"t","declaredLoc":{"line":370,"column":12},"file":"/pages/deviceedit/index.js","type":"normal"}],"readFlow":[{"type":"assign to","from":{"name":"this","loc":{"line":370,"column":16},"id":16195,"file":"D://WORK//2022//论文相关//TOSEM//MiniApp-review//flow-baseline//finalDataset//998 Excavator//__APP__/pages/deviceedit/index.js"},"to":{"name":"t","loc":{"line":370,"column":12},"id":16194,"file":"D://WORK//2022//论文相关//TOSEM//MiniApp-review//flow-baseline//finalDataset//998 Excavator//__APP__/pages/deviceedit/index.js"}}]},{"leftVar":[{"id":16250,"declaredName":"e","declaredLoc":{"line":386,"column":12},"file":"/pages/deviceedit/index.js","type":"normal"}],"readFlow":[{"type":"assign to","from":{"name":"this","loc":{"line":386,"column":16},"id":16251,"file":"D://WORK//2022//论文相关//TOSEM//MiniApp-review//flow-baseline//finalDataset//998 Excavator//__APP__/pages/deviceedit/index.js"},"to":{"name":"e","loc":{"line":386,"column":12},"id":16250,"file":"D://WORK//2022//论文相关//TOSEM//MiniApp-review//flow-baseline//finalDataset//998 Excavator//__APP__/pages/deviceedit/index.js"}}]}]}],"writeShadows":[{"shadowVar":{"id":-485,"declaredName":"__object__7.setData","file":"/pages/deviceedit/index.js","type":"normal"},"writeAccess":[]}]}]}]}