{"definedData":[],"dynamicDefinedData":[{"shadowObjectVar":"__object__3","dynamicDefinedProps":[{"propName":".setData","readShadows":[{"shadowVar":{"id":-543,"declaredName":"__object__3.setData","file":"/pages/equipment/equipment.js","type":"normal"},"readAccess":[{"leftVar":[{"id":16878,"declaredName":"e","declaredLoc":{"line":27,"column":12},"file":"/pages/equipment/equipment.js","type":"normal"}],"readFlow":[{"type":"assign to","from":{"name":"this","loc":{"line":27,"column":16},"id":16879,"file":"D://WORK//2022//论文相关//TOSEM//MiniApp-review//flow-baseline//finalDataset//998 Excavator//__APP__/pages/equipment/equipment.js"},"to":{"name":"e","loc":{"line":27,"column":12},"id":16878,"file":"D://WORK//2022//论文相关//TOSEM//MiniApp-review//flow-baseline//finalDataset//998 Excavator//__APP__/pages/equipment/equipment.js"}}]},{"leftVar":[{"id":16982,"declaredName":"t","declaredLoc":{"line":41,"column":12},"file":"/pages/equipment/equipment.js","type":"normal"}],"readFlow":[{"type":"assign to","from":{"name":"this","loc":{"line":41,"column":16},"id":16983,"file":"D://WORK//2022//论文相关//TOSEM//MiniApp-review//flow-baseline//finalDataset//998 Excavator//__APP__/pages/equipment/equipment.js"},"to":{"name":"t","loc":{"line":41,"column":12},"id":16982,"file":"D://WORK//2022//论文相关//TOSEM//MiniApp-review//flow-baseline//finalDataset//998 Excavator//__APP__/pages/equipment/equipment.js"}}]},{"leftVar":[{"id":17014,"declaredName":"e","declaredLoc":{"line":49,"column":12},"file":"/pages/equipment/equipment.js","type":"normal"}],"readFlow":[{"type":"assign to","from":{"name":"this","loc":{"line":49,"column":16},"id":17015,"file":"D://WORK//2022//论文相关//TOSEM//MiniApp-review//flow-baseline//finalDataset//998 Excavator//__APP__/pages/equipment/equipment.js"},"to":{"name":"e","loc":{"line":49,"column":12},"id":17014,"file":"D://WORK//2022//论文相关//TOSEM//MiniApp-review//flow-baseline//finalDataset//998 Excavator//__APP__/pages/equipment/equipment.js"}}]},{"leftVar":[{"id":17122,"declaredName":"t","declaredLoc":{"line":73,"column":12},"file":"/pages/equipment/equipment.js","type":"normal"}],"readFlow":[{"type":"assign to","from":{"name":"this","loc":{"line":73,"column":16},"id":17123,"file":"D://WORK//2022//论文相关//TOSEM//MiniApp-review//flow-baseline//finalDataset//998 Excavator//__APP__/pages/equipment/equipment.js"},"to":{"name":"t","loc":{"line":73,"column":12},"id":17122,"file":"D://WORK//2022//论文相关//TOSEM//MiniApp-review//flow-baseline//finalDataset//998 Excavator//__APP__/pages/equipment/equipment.js"}}]},{"leftVar":[{"id":17196,"declaredName":"t","declaredLoc":{"line":93,"column":12},"file":"/pages/equipment/equipment.js","type":"normal"}],"readFlow":[{"type":"assign to","from":{"name":"this","loc":{"line":93,"column":16},"id":17197,"file":"D://WORK//2022//论文相关//TOSEM//MiniApp-review//flow-baseline//finalDataset//998 Excavator//__APP__/pages/equipment/equipment.js"},"to":{"name":"t","loc":{"line":93,"column":12},"id":17196,"file":"D://WORK//2022//论文相关//TOSEM//MiniApp-review//flow-baseline//finalDataset//998 Excavator//__APP__/pages/equipment/equipment.js"}}]},{"leftVar":[{"id":17401,"declaredName":"e","declaredLoc":{"line":138,"column":16},"file":"/pages/equipment/equipment.js","type":"normal"}],"readFlow":[{"type":"assign to","from":{"name":"this","loc":{"line":138,"column":20},"id":17402,"file":"D://WORK//2022//论文相关//TOSEM//MiniApp-review//flow-baseline//finalDataset//998 Excavator//__APP__/pages/equipment/equipment.js"},"to":{"name":"e","loc":{"line":138,"column":16},"id":17401,"file":"D://WORK//2022//论文相关//TOSEM//MiniApp-review//flow-baseline//finalDataset//998 Excavator//__APP__/pages/equipment/equipment.js"}}]},{"leftVar":[{"id":17528,"declaredName":"e","declaredLoc":{"line":164,"column":12},"file":"/pages/equipment/equipment.js","type":"normal"}],"readFlow":[{"type":"assign to","from":{"name":"this","loc":{"line":164,"column":16},"id":17529,"file":"D://WORK//2022//论文相关//TOSEM//MiniApp-review//flow-baseline//finalDataset//998 Excavator//__APP__/pages/equipment/equipment.js"},"to":{"name":"e","loc":{"line":164,"column":12},"id":17528,"file":"D://WORK//2022//论文相关//TOSEM//MiniApp-review//flow-baseline//finalDataset//998 Excavator//__APP__/pages/equipment/equipment.js"}}]},{"leftVar":[{"id":17722,"declaredName":"e","declaredLoc":{"line":189,"column":16},"file":"/pages/equipment/equipment.js","type":"normal"}],"readFlow":[{"type":"assign to","from":{"name":"this","loc":{"line":189,"column":20},"id":17723,"file":"D://WORK//2022//论文相关//TOSEM//MiniApp-review//flow-baseline//finalDataset//998 Excavator//__APP__/pages/equipment/equipment.js"},"to":{"name":"e","loc":{"line":189,"column":16},"id":17722,"file":"D://WORK//2022//论文相关//TOSEM//MiniApp-review//flow-baseline//finalDataset//998 Excavator//__APP__/pages/equipment/equipment.js"}}]},{"leftVar":[{"id":17869,"declaredName":"n","declaredLoc":{"line":215,"column":16},"file":"/pages/equipment/equipment.js","type":"normal"}],"readFlow":[{"type":"assign to","from":{"name":"this","loc":{"line":215,"column":20},"id":17870,"file":"D://WORK//2022//论文相关//TOSEM//MiniApp-review//flow-baseline//finalDataset//998 Excavator//__APP__/pages/equipment/equipment.js"},"to":{"name":"n","loc":{"line":215,"column":16},"id":17869,"file":"D://WORK//2022//论文相关//TOSEM//MiniApp-review//flow-baseline//finalDataset//998 Excavator//__APP__/pages/equipment/equipment.js"}}]},{"leftVar":[{"id":18051,"declaredName":"e","declaredLoc":{"line":254,"column":12},"file":"/pages/equipment/equipment.js","type":"normal"}],"readFlow":[{"type":"assign to","from":{"name":"this","loc":{"line":254,"column":16},"id":18052,"file":"D://WORK//2022//论文相关//TOSEM//MiniApp-review//flow-baseline//finalDataset//998 Excavator//__APP__/pages/equipment/equipment.js"},"to":{"name":"e","loc":{"line":254,"column":12},"id":18051,"file":"D://WORK//2022//论文相关//TOSEM//MiniApp-review//flow-baseline//finalDataset//998 Excavator//__APP__/pages/equipment/equipment.js"}}]},{"leftVar":[{"id":18302,"declaredName":"e","declaredLoc":{"line":297,"column":12},"file":"/pages/equipment/equipment.js","type":"normal"}],"readFlow":[{"type":"assign to","from":{"name":"this","loc":{"line":297,"column":16},"id":18303,"file":"D://WORK//2022//论文相关//TOSEM//MiniApp-review//flow-baseline//finalDataset//998 Excavator//__APP__/pages/equipment/equipment.js"},"to":{"name":"e","loc":{"line":297,"column":12},"id":18302,"file":"D://WORK//2022//论文相关//TOSEM//MiniApp-review//flow-baseline//finalDataset//998 Excavator//__APP__/pages/equipment/equipment.js"}}]},{"leftVar":[{"id":18643,"declaredName":"e","declaredLoc":{"line":369,"column":12},"file":"/pages/equipment/equipment.js","type":"normal"}],"readFlow":[{"type":"assign to","from":{"name":"this","loc":{"line":369,"column":16},"id":18644,"file":"D://WORK//2022//论文相关//TOSEM//MiniApp-review//flow-baseline//finalDataset//998 Excavator//__APP__/pages/equipment/equipment.js"},"to":{"name":"e","loc":{"line":369,"column":12},"id":18643,"file":"D://WORK//2022//论文相关//TOSEM//MiniApp-review//flow-baseline//finalDataset//998 Excavator//__APP__/pages/equipment/equipment.js"}}]},{"leftVar":[{"id":18793,"declaredName":"t","declaredLoc":{"line":401,"column":12},"file":"/pages/equipment/equipment.js","type":"normal"}],"readFlow":[{"type":"assign to","from":{"name":"this","loc":{"line":401,"column":16},"id":18794,"file":"D://WORK//2022//论文相关//TOSEM//MiniApp-review//flow-baseline//finalDataset//998 Excavator//__APP__/pages/equipment/equipment.js"},"to":{"name":"t","loc":{"line":401,"column":12},"id":18793,"file":"D://WORK//2022//论文相关//TOSEM//MiniApp-review//flow-baseline//finalDataset//998 Excavator//__APP__/pages/equipment/equipment.js"}}]},{"leftVar":[{"id":18815,"declaredName":"e","declaredLoc":{"line":407,"column":12},"file":"/pages/equipment/equipment.js","type":"normal"}],"readFlow":[{"type":"assign to","from":{"name":"this","loc":{"line":407,"column":16},"id":18816,"file":"D://WORK//2022//论文相关//TOSEM//MiniApp-review//flow-baseline//finalDataset//998 Excavator//__APP__/pages/equipment/equipment.js"},"to":{"name":"e","loc":{"line":407,"column":12},"id":18815,"file":"D://WORK//2022//论文相关//TOSEM//MiniApp-review//flow-baseline//finalDataset//998 Excavator//__APP__/pages/equipment/equipment.js"}}]},{"leftVar":[{"id":18850,"declaredName":"e","declaredLoc":{"line":416,"column":12},"file":"/pages/equipment/equipment.js","type":"normal"}],"readFlow":[{"type":"assign to","from":{"name":"this","loc":{"line":416,"column":16},"id":18851,"file":"D://WORK//2022//论文相关//TOSEM//MiniApp-review//flow-baseline//finalDataset//998 Excavator//__APP__/pages/equipment/equipment.js"},"to":{"name":"e","loc":{"line":416,"column":12},"id":18850,"file":"D://WORK//2022//论文相关//TOSEM//MiniApp-review//flow-baseline//finalDataset//998 Excavator//__APP__/pages/equipment/equipment.js"}}]},{"leftVar":[{"id":19012,"declaredName":"t","declaredLoc":{"line":444,"column":12},"file":"/pages/equipment/equipment.js","type":"normal"}],"readFlow":[{"type":"assign to","from":{"name":"this","loc":{"line":444,"column":16},"id":19013,"file":"D://WORK//2022//论文相关//TOSEM//MiniApp-review//flow-baseline//finalDataset//998 Excavator//__APP__/pages/equipment/equipment.js"},"to":{"name":"t","loc":{"line":444,"column":12},"id":19012,"file":"D://WORK//2022//论文相关//TOSEM//MiniApp-review//flow-baseline//finalDataset//998 Excavator//__APP__/pages/equipment/equipment.js"}}]}]}],"writeShadows":[{"shadowVar":{"id":-543,"declaredName":"__object__3.setData","file":"/pages/equipment/equipment.js","type":"normal"},"writeAccess":[]}]}]}]}