{"definedData":[],"dynamicDefinedData":[{"shadowObjectVar":"__object__3","dynamicDefinedProps":[{"propName":".setData","readShadows":[{"shadowVar":{"id":-605,"declaredName":"__object__3.setData","file":"/pages/followme/followme.js","type":"normal"},"readAccess":[{"leftVar":[{"id":19106,"declaredName":"t","declaredLoc":{"line":13,"column":12},"file":"/pages/followme/followme.js","type":"normal"}],"readFlow":[{"type":"assign to","from":{"name":"this","loc":{"line":13,"column":16},"id":19107,"file":"D://WORK//2022//论文相关//TOSEM//MiniApp-review//flow-baseline//finalDataset//998 Excavator//__APP__/pages/followme/followme.js"},"to":{"name":"t","loc":{"line":13,"column":12},"id":19106,"file":"D://WORK//2022//论文相关//TOSEM//MiniApp-review//flow-baseline//finalDataset//998 Excavator//__APP__/pages/followme/followme.js"}}]},{"leftVar":[{"id":19243,"declaredName":"a","declaredLoc":{"line":39,"column":12},"file":"/pages/followme/followme.js","type":"normal"}],"readFlow":[{"type":"assign to","from":{"name":"this","loc":{"line":39,"column":16},"id":19244,"file":"D://WORK//2022//论文相关//TOSEM//MiniApp-review//flow-baseline//finalDataset//998 Excavator//__APP__/pages/followme/followme.js"},"to":{"name":"a","loc":{"line":39,"column":12},"id":19243,"file":"D://WORK//2022//论文相关//TOSEM//MiniApp-review//flow-baseline//finalDataset//998 Excavator//__APP__/pages/followme/followme.js"}}]}]}],"writeShadows":[{"shadowVar":{"id":-605,"declaredName":"__object__3.setData","file":"/pages/followme/followme.js","type":"normal"},"writeAccess":[]}]}]}]}