{"definedData":[],"dynamicDefinedData":[{"shadowObjectVar":"__object__3","dynamicDefinedProps":[{"propName":".setData","readShadows":[{"shadowVar":{"id":-621,"declaredName":"__object__3.setData","file":"/pages/followmewho/followmewho.js","type":"normal"},"readAccess":[{"leftVar":[{"id":19322,"declaredName":"t","declaredLoc":{"line":10,"column":12},"file":"/pages/followmewho/followmewho.js","type":"normal"}],"readFlow":[{"type":"assign to","from":{"name":"this","loc":{"line":10,"column":16},"id":19323,"file":"D://WORK//2022//论文相关//TOSEM//MiniApp-review//flow-baseline//finalDataset//998 Excavator//__APP__/pages/followmewho/followmewho.js"},"to":{"name":"t","loc":{"line":10,"column":12},"id":19322,"file":"D://WORK//2022//论文相关//TOSEM//MiniApp-review//flow-baseline//finalDataset//998 Excavator//__APP__/pages/followmewho/followmewho.js"}}]},{"leftVar":[{"id":19459,"declaredName":"a","declaredLoc":{"line":36,"column":12},"file":"/pages/followmewho/followmewho.js","type":"normal"}],"readFlow":[{"type":"assign to","from":{"name":"this","loc":{"line":36,"column":16},"id":19460,"file":"D://WORK//2022//论文相关//TOSEM//MiniApp-review//flow-baseline//finalDataset//998 Excavator//__APP__/pages/followmewho/followmewho.js"},"to":{"name":"a","loc":{"line":36,"column":12},"id":19459,"file":"D://WORK//2022//论文相关//TOSEM//MiniApp-review//flow-baseline//finalDataset//998 Excavator//__APP__/pages/followmewho/followmewho.js"}}]}]}],"writeShadows":[{"shadowVar":{"id":-621,"declaredName":"__object__3.setData","file":"/pages/followmewho/followmewho.js","type":"normal"},"writeAccess":[]}]}]}]}