{"definedData":[],"dynamicDefinedData":[{"shadowObjectVar":"__object__3","dynamicDefinedProps":[{"propName":".setData","readShadows":[{"shadowVar":{"id":-636,"declaredName":"__object__3.setData","file":"/pages/index/index.js","type":"normal"},"readAccess":[{"leftVar":[{"id":19776,"declaredName":"e","declaredLoc":{"line":79,"column":12},"file":"/pages/index/index.js","type":"normal"}],"readFlow":[{"type":"assign to","from":{"name":"this","loc":{"line":79,"column":16},"id":19777,"file":"D://WORK//2022//论文相关//TOSEM//MiniApp-review//flow-baseline//finalDataset//998 Excavator//__APP__/pages/index/index.js"},"to":{"name":"e","loc":{"line":79,"column":12},"id":19776,"file":"D://WORK//2022//论文相关//TOSEM//MiniApp-review//flow-baseline//finalDataset//998 Excavator//__APP__/pages/index/index.js"}}]},{"leftVar":[{"id":19888,"declaredName":"a","declaredLoc":{"line":97,"column":12},"file":"/pages/index/index.js","type":"normal"}],"readFlow":[{"type":"assign to","from":{"name":"this","loc":{"line":97,"column":16},"id":19889,"file":"D://WORK//2022//论文相关//TOSEM//MiniApp-review//flow-baseline//finalDataset//998 Excavator//__APP__/pages/index/index.js"},"to":{"name":"a","loc":{"line":97,"column":12},"id":19888,"file":"D://WORK//2022//论文相关//TOSEM//MiniApp-review//flow-baseline//finalDataset//998 Excavator//__APP__/pages/index/index.js"}}]},{"leftVar":[{"id":19922,"declaredName":"a","declaredLoc":{"line":103,"column":12},"file":"/pages/index/index.js","type":"normal"}],"readFlow":[{"type":"assign to","from":{"name":"this","loc":{"line":103,"column":16},"id":19923,"file":"D://WORK//2022//论文相关//TOSEM//MiniApp-review//flow-baseline//finalDataset//998 Excavator//__APP__/pages/index/index.js"},"to":{"name":"a","loc":{"line":103,"column":12},"id":19922,"file":"D://WORK//2022//论文相关//TOSEM//MiniApp-review//flow-baseline//finalDataset//998 Excavator//__APP__/pages/index/index.js"}}]},{"leftVar":[{"id":20255,"declaredName":"e","declaredLoc":{"line":184,"column":12},"file":"/pages/index/index.js","type":"normal"}],"readFlow":[{"type":"assign to","from":{"name":"this","loc":{"line":184,"column":16},"id":20256,"file":"D://WORK//2022//论文相关//TOSEM//MiniApp-review//flow-baseline//finalDataset//998 Excavator//__APP__/pages/index/index.js"},"to":{"name":"e","loc":{"line":184,"column":12},"id":20255,"file":"D://WORK//2022//论文相关//TOSEM//MiniApp-review//flow-baseline//finalDataset//998 Excavator//__APP__/pages/index/index.js"}}]},{"leftVar":[{"id":20482,"declaredName":"e","declaredLoc":{"line":220,"column":16},"file":"/pages/index/index.js","type":"normal"}],"readFlow":[{"type":"assign to","from":{"name":"this","loc":{"line":220,"column":20},"id":20483,"file":"D://WORK//2022//论文相关//TOSEM//MiniApp-review//flow-baseline//finalDataset//998 Excavator//__APP__/pages/index/index.js"},"to":{"name":"e","loc":{"line":220,"column":16},"id":20482,"file":"D://WORK//2022//论文相关//TOSEM//MiniApp-review//flow-baseline//finalDataset//998 Excavator//__APP__/pages/index/index.js"}}]},{"leftVar":[{"id":20755,"declaredName":"i","declaredLoc":{"line":261,"column":12},"file":"/pages/index/index.js","type":"normal"}],"readFlow":[{"type":"assign to","from":{"name":"this","loc":{"line":261,"column":16},"id":20756,"file":"D://WORK//2022//论文相关//TOSEM//MiniApp-review//flow-baseline//finalDataset//998 Excavator//__APP__/pages/index/index.js"},"to":{"name":"i","loc":{"line":261,"column":12},"id":20755,"file":"D://WORK//2022//论文相关//TOSEM//MiniApp-review//flow-baseline//finalDataset//998 Excavator//__APP__/pages/index/index.js"}}]},{"leftVar":[{"id":20901,"declaredName":"n","declaredLoc":{"line":284,"column":12},"file":"/pages/index/index.js","type":"normal"}],"readFlow":[{"type":"assign to","from":{"name":"this","loc":{"line":284,"column":16},"id":20902,"file":"D://WORK//2022//论文相关//TOSEM//MiniApp-review//flow-baseline//finalDataset//998 Excavator//__APP__/pages/index/index.js"},"to":{"name":"n","loc":{"line":284,"column":12},"id":20901,"file":"D://WORK//2022//论文相关//TOSEM//MiniApp-review//flow-baseline//finalDataset//998 Excavator//__APP__/pages/index/index.js"}}]},{"leftVar":[{"id":21055,"declaredName":"e","declaredLoc":{"line":316,"column":16},"file":"/pages/index/index.js","type":"normal"}],"readFlow":[{"type":"assign to","from":{"name":"this","loc":{"line":316,"column":20},"id":21056,"file":"D://WORK//2022//论文相关//TOSEM//MiniApp-review//flow-baseline//finalDataset//998 Excavator//__APP__/pages/index/index.js"},"to":{"name":"e","loc":{"line":316,"column":16},"id":21055,"file":"D://WORK//2022//论文相关//TOSEM//MiniApp-review//flow-baseline//finalDataset//998 Excavator//__APP__/pages/index/index.js"}}]},{"leftVar":[{"id":21362,"declaredName":"a","declaredLoc":{"line":383,"column":12},"file":"/pages/index/index.js","type":"normal"}],"readFlow":[{"type":"assign to","from":{"name":"this","loc":{"line":383,"column":16},"id":21363,"file":"D://WORK//2022//论文相关//TOSEM//MiniApp-review//flow-baseline//finalDataset//998 Excavator//__APP__/pages/index/index.js"},"to":{"name":"a","loc":{"line":383,"column":12},"id":21362,"file":"D://WORK//2022//论文相关//TOSEM//MiniApp-review//flow-baseline//finalDataset//998 Excavator//__APP__/pages/index/index.js"}}]},{"leftVar":[{"id":21451,"declaredName":"a","declaredLoc":{"line":395,"column":12},"file":"/pages/index/index.js","type":"normal"}],"readFlow":[{"type":"assign to","from":{"name":"this","loc":{"line":395,"column":16},"id":21452,"file":"D://WORK//2022//论文相关//TOSEM//MiniApp-review//flow-baseline//finalDataset//998 Excavator//__APP__/pages/index/index.js"},"to":{"name":"a","loc":{"line":395,"column":12},"id":21451,"file":"D://WORK//2022//论文相关//TOSEM//MiniApp-review//flow-baseline//finalDataset//998 Excavator//__APP__/pages/index/index.js"}}]},{"leftVar":[{"id":21694,"declaredName":"a","declaredLoc":{"line":426,"column":12},"file":"/pages/index/index.js","type":"normal"}],"readFlow":[{"type":"assign to","from":{"name":"this","loc":{"line":426,"column":16},"id":21695,"file":"D://WORK//2022//论文相关//TOSEM//MiniApp-review//flow-baseline//finalDataset//998 Excavator//__APP__/pages/index/index.js"},"to":{"name":"a","loc":{"line":426,"column":12},"id":21694,"file":"D://WORK//2022//论文相关//TOSEM//MiniApp-review//flow-baseline//finalDataset//998 Excavator//__APP__/pages/index/index.js"}}]},{"leftVar":[{"id":21775,"declaredName":"a","declaredLoc":{"line":446,"column":12},"file":"/pages/index/index.js","type":"normal"}],"readFlow":[{"type":"assign to","from":{"name":"this","loc":{"line":446,"column":16},"id":21776,"file":"D://WORK//2022//论文相关//TOSEM//MiniApp-review//flow-baseline//finalDataset//998 Excavator//__APP__/pages/index/index.js"},"to":{"name":"a","loc":{"line":446,"column":12},"id":21775,"file":"D://WORK//2022//论文相关//TOSEM//MiniApp-review//flow-baseline//finalDataset//998 Excavator//__APP__/pages/index/index.js"}}]},{"leftVar":[{"id":21854,"declaredName":"a","declaredLoc":{"line":457,"column":12},"file":"/pages/index/index.js","type":"normal"}],"readFlow":[{"type":"assign to","from":{"name":"this","loc":{"line":457,"column":16},"id":21855,"file":"D://WORK//2022//论文相关//TOSEM//MiniApp-review//flow-baseline//finalDataset//998 Excavator//__APP__/pages/index/index.js"},"to":{"name":"a","loc":{"line":457,"column":12},"id":21854,"file":"D://WORK//2022//论文相关//TOSEM//MiniApp-review//flow-baseline//finalDataset//998 Excavator//__APP__/pages/index/index.js"}}]},{"leftVar":[{"id":21919,"declaredName":"a","declaredLoc":{"line":467,"column":12},"file":"/pages/index/index.js","type":"normal"}],"readFlow":[{"type":"assign to","from":{"name":"this","loc":{"line":467,"column":16},"id":21920,"file":"D://WORK//2022//论文相关//TOSEM//MiniApp-review//flow-baseline//finalDataset//998 Excavator//__APP__/pages/index/index.js"},"to":{"name":"a","loc":{"line":467,"column":12},"id":21919,"file":"D://WORK//2022//论文相关//TOSEM//MiniApp-review//flow-baseline//finalDataset//998 Excavator//__APP__/pages/index/index.js"}}]},{"leftVar":[{"id":21993,"declaredName":"a","declaredLoc":{"line":477,"column":12},"file":"/pages/index/index.js","type":"normal"}],"readFlow":[{"type":"assign to","from":{"name":"this","loc":{"line":477,"column":16},"id":21994,"file":"D://WORK//2022//论文相关//TOSEM//MiniApp-review//flow-baseline//finalDataset//998 Excavator//__APP__/pages/index/index.js"},"to":{"name":"a","loc":{"line":477,"column":12},"id":21993,"file":"D://WORK//2022//论文相关//TOSEM//MiniApp-review//flow-baseline//finalDataset//998 Excavator//__APP__/pages/index/index.js"}}]},{"leftVar":[{"id":22047,"declaredName":"t","declaredLoc":{"line":489,"column":12},"file":"/pages/index/index.js","type":"normal"}],"readFlow":[{"type":"assign to","from":{"name":"this","loc":{"line":489,"column":16},"id":22048,"file":"D://WORK//2022//论文相关//TOSEM//MiniApp-review//flow-baseline//finalDataset//998 Excavator//__APP__/pages/index/index.js"},"to":{"name":"t","loc":{"line":489,"column":12},"id":22047,"file":"D://WORK//2022//论文相关//TOSEM//MiniApp-review//flow-baseline//finalDataset//998 Excavator//__APP__/pages/index/index.js"}}]},{"leftVar":[{"id":22075,"declaredName":"t","declaredLoc":{"line":493,"column":12},"file":"/pages/index/index.js","type":"normal"}],"readFlow":[{"type":"assign to","from":{"name":"this","loc":{"line":493,"column":16},"id":22076,"file":"D://WORK//2022//论文相关//TOSEM//MiniApp-review//flow-baseline//finalDataset//998 Excavator//__APP__/pages/index/index.js"},"to":{"name":"t","loc":{"line":493,"column":12},"id":22075,"file":"D://WORK//2022//论文相关//TOSEM//MiniApp-review//flow-baseline//finalDataset//998 Excavator//__APP__/pages/index/index.js"}}]},{"leftVar":[{"id":22134,"declaredName":"t","declaredLoc":{"line":511,"column":12},"file":"/pages/index/index.js","type":"normal"}],"readFlow":[{"type":"assign to","from":{"name":"this","loc":{"line":511,"column":16},"id":22135,"file":"D://WORK//2022//论文相关//TOSEM//MiniApp-review//flow-baseline//finalDataset//998 Excavator//__APP__/pages/index/index.js"},"to":{"name":"t","loc":{"line":511,"column":12},"id":22134,"file":"D://WORK//2022//论文相关//TOSEM//MiniApp-review//flow-baseline//finalDataset//998 Excavator//__APP__/pages/index/index.js"}}]},{"leftVar":[{"id":22169,"declaredName":"t","declaredLoc":{"line":515,"column":12},"file":"/pages/index/index.js","type":"normal"}],"readFlow":[{"type":"assign to","from":{"name":"this","loc":{"line":515,"column":16},"id":22170,"file":"D://WORK//2022//论文相关//TOSEM//MiniApp-review//flow-baseline//finalDataset//998 Excavator//__APP__/pages/index/index.js"},"to":{"name":"t","loc":{"line":515,"column":12},"id":22169,"file":"D://WORK//2022//论文相关//TOSEM//MiniApp-review//flow-baseline//finalDataset//998 Excavator//__APP__/pages/index/index.js"}}]},{"leftVar":[{"id":22234,"declaredName":"t","declaredLoc":{"line":524,"column":12},"file":"/pages/index/index.js","type":"normal"}],"readFlow":[{"type":"assign to","from":{"name":"this","loc":{"line":524,"column":16},"id":22235,"file":"D://WORK//2022//论文相关//TOSEM//MiniApp-review//flow-baseline//finalDataset//998 Excavator//__APP__/pages/index/index.js"},"to":{"name":"t","loc":{"line":524,"column":12},"id":22234,"file":"D://WORK//2022//论文相关//TOSEM//MiniApp-review//flow-baseline//finalDataset//998 Excavator//__APP__/pages/index/index.js"}}]},{"leftVar":[{"id":22291,"declaredName":"t","declaredLoc":{"line":533,"column":12},"file":"/pages/index/index.js","type":"normal"}],"readFlow":[{"type":"assign to","from":{"name":"this","loc":{"line":533,"column":16},"id":22292,"file":"D://WORK//2022//论文相关//TOSEM//MiniApp-review//flow-baseline//finalDataset//998 Excavator//__APP__/pages/index/index.js"},"to":{"name":"t","loc":{"line":533,"column":12},"id":22291,"file":"D://WORK//2022//论文相关//TOSEM//MiniApp-review//flow-baseline//finalDataset//998 Excavator//__APP__/pages/index/index.js"}}]},{"leftVar":[{"id":22348,"declaredName":"t","declaredLoc":{"line":542,"column":12},"file":"/pages/index/index.js","type":"normal"}],"readFlow":[{"type":"assign to","from":{"name":"this","loc":{"line":542,"column":16},"id":22349,"file":"D://WORK//2022//论文相关//TOSEM//MiniApp-review//flow-baseline//finalDataset//998 Excavator//__APP__/pages/index/index.js"},"to":{"name":"t","loc":{"line":542,"column":12},"id":22348,"file":"D://WORK//2022//论文相关//TOSEM//MiniApp-review//flow-baseline//finalDataset//998 Excavator//__APP__/pages/index/index.js"}}]},{"leftVar":[{"id":22406,"declaredName":"a","declaredLoc":{"line":551,"column":12},"file":"/pages/index/index.js","type":"normal"}],"readFlow":[{"type":"assign to","from":{"name":"this","loc":{"line":551,"column":16},"id":22407,"file":"D://WORK//2022//论文相关//TOSEM//MiniApp-review//flow-baseline//finalDataset//998 Excavator//__APP__/pages/index/index.js"},"to":{"name":"a","loc":{"line":551,"column":12},"id":22406,"file":"D://WORK//2022//论文相关//TOSEM//MiniApp-review//flow-baseline//finalDataset//998 Excavator//__APP__/pages/index/index.js"}}]},{"leftVar":[{"id":22487,"declaredName":"a","declaredLoc":{"line":559,"column":12},"file":"/pages/index/index.js","type":"normal"}],"readFlow":[{"type":"assign to","from":{"name":"this","loc":{"line":559,"column":16},"id":22488,"file":"D://WORK//2022//论文相关//TOSEM//MiniApp-review//flow-baseline//finalDataset//998 Excavator//__APP__/pages/index/index.js"},"to":{"name":"a","loc":{"line":559,"column":12},"id":22487,"file":"D://WORK//2022//论文相关//TOSEM//MiniApp-review//flow-baseline//finalDataset//998 Excavator//__APP__/pages/index/index.js"}}]},{"leftVar":[{"id":22645,"declaredName":"a","declaredLoc":{"line":591,"column":12},"file":"/pages/index/index.js","type":"normal"}],"readFlow":[{"type":"assign to","from":{"name":"this","loc":{"line":591,"column":16},"id":22646,"file":"D://WORK//2022//论文相关//TOSEM//MiniApp-review//flow-baseline//finalDataset//998 Excavator//__APP__/pages/index/index.js"},"to":{"name":"a","loc":{"line":591,"column":12},"id":22645,"file":"D://WORK//2022//论文相关//TOSEM//MiniApp-review//flow-baseline//finalDataset//998 Excavator//__APP__/pages/index/index.js"}}]},{"leftVar":[{"id":22735,"declaredName":"a","declaredLoc":{"line":620,"column":16},"file":"/pages/index/index.js","type":"normal"}],"readFlow":[{"type":"assign to","from":{"name":"this","loc":{"line":620,"column":20},"id":22736,"file":"D://WORK//2022//论文相关//TOSEM//MiniApp-review//flow-baseline//finalDataset//998 Excavator//__APP__/pages/index/index.js"},"to":{"name":"a","loc":{"line":620,"column":16},"id":22735,"file":"D://WORK//2022//论文相关//TOSEM//MiniApp-review//flow-baseline//finalDataset//998 Excavator//__APP__/pages/index/index.js"}}]},{"leftVar":[{"id":22762,"declaredName":"a","declaredLoc":{"line":629,"column":12},"file":"/pages/index/index.js","type":"normal"}],"readFlow":[{"type":"assign to","from":{"name":"this","loc":{"line":629,"column":16},"id":22763,"file":"D://WORK//2022//论文相关//TOSEM//MiniApp-review//flow-baseline//finalDataset//998 Excavator//__APP__/pages/index/index.js"},"to":{"name":"a","loc":{"line":629,"column":12},"id":22762,"file":"D://WORK//2022//论文相关//TOSEM//MiniApp-review//flow-baseline//finalDataset//998 Excavator//__APP__/pages/index/index.js"}}]},{"leftVar":[{"id":22928,"declaredName":"a","declaredLoc":{"line":665,"column":12},"file":"/pages/index/index.js","type":"normal"}],"readFlow":[{"type":"assign to","from":{"name":"this","loc":{"line":665,"column":16},"id":22929,"file":"D://WORK//2022//论文相关//TOSEM//MiniApp-review//flow-baseline//finalDataset//998 Excavator//__APP__/pages/index/index.js"},"to":{"name":"a","loc":{"line":665,"column":12},"id":22928,"file":"D://WORK//2022//论文相关//TOSEM//MiniApp-review//flow-baseline//finalDataset//998 Excavator//__APP__/pages/index/index.js"}}]},{"leftVar":[{"id":23373,"declaredName":"t","declaredLoc":{"line":730,"column":12},"file":"/pages/index/index.js","type":"normal"}],"readFlow":[{"type":"assign to","from":{"name":"this","loc":{"line":730,"column":16},"id":23374,"file":"D://WORK//2022//论文相关//TOSEM//MiniApp-review//flow-baseline//finalDataset//998 Excavator//__APP__/pages/index/index.js"},"to":{"name":"t","loc":{"line":730,"column":12},"id":23373,"file":"D://WORK//2022//论文相关//TOSEM//MiniApp-review//flow-baseline//finalDataset//998 Excavator//__APP__/pages/index/index.js"}}]},{"leftVar":[{"id":23484,"declaredName":"t","declaredLoc":{"line":739,"column":12},"file":"/pages/index/index.js","type":"normal"}],"readFlow":[{"type":"assign to","from":{"name":"this","loc":{"line":739,"column":16},"id":23485,"file":"D://WORK//2022//论文相关//TOSEM//MiniApp-review//flow-baseline//finalDataset//998 Excavator//__APP__/pages/index/index.js"},"to":{"name":"t","loc":{"line":739,"column":12},"id":23484,"file":"D://WORK//2022//论文相关//TOSEM//MiniApp-review//flow-baseline//finalDataset//998 Excavator//__APP__/pages/index/index.js"}}]},{"leftVar":[{"id":23515,"declaredName":"a","declaredLoc":{"line":748,"column":12},"file":"/pages/index/index.js","type":"normal"}],"readFlow":[{"type":"assign to","from":{"name":"this","loc":{"line":748,"column":16},"id":23516,"file":"D://WORK//2022//论文相关//TOSEM//MiniApp-review//flow-baseline//finalDataset//998 Excavator//__APP__/pages/index/index.js"},"to":{"name":"a","loc":{"line":748,"column":12},"id":23515,"file":"D://WORK//2022//论文相关//TOSEM//MiniApp-review//flow-baseline//finalDataset//998 Excavator//__APP__/pages/index/index.js"}}]},{"leftVar":[{"id":23636,"declaredName":"a","declaredLoc":{"line":764,"column":12},"file":"/pages/index/index.js","type":"normal"}],"readFlow":[{"type":"assign to","from":{"name":"this","loc":{"line":764,"column":16},"id":23637,"file":"D://WORK//2022//论文相关//TOSEM//MiniApp-review//flow-baseline//finalDataset//998 Excavator//__APP__/pages/index/index.js"},"to":{"name":"a","loc":{"line":764,"column":12},"id":23636,"file":"D://WORK//2022//论文相关//TOSEM//MiniApp-review//flow-baseline//finalDataset//998 Excavator//__APP__/pages/index/index.js"}}]},{"leftVar":[{"id":23943,"declaredName":"a","declaredLoc":{"line":796,"column":12},"file":"/pages/index/index.js","type":"normal"}],"readFlow":[{"type":"assign to","from":{"name":"this","loc":{"line":796,"column":16},"id":23944,"file":"D://WORK//2022//论文相关//TOSEM//MiniApp-review//flow-baseline//finalDataset//998 Excavator//__APP__/pages/index/index.js"},"to":{"name":"a","loc":{"line":796,"column":12},"id":23943,"file":"D://WORK//2022//论文相关//TOSEM//MiniApp-review//flow-baseline//finalDataset//998 Excavator//__APP__/pages/index/index.js"}}]},{"leftVar":[{"id":24064,"declaredName":"e","declaredLoc":{"line":818,"column":16},"file":"/pages/index/index.js","type":"normal"}],"readFlow":[{"type":"assign to","from":{"name":"this","loc":{"line":818,"column":20},"id":24065,"file":"D://WORK//2022//论文相关//TOSEM//MiniApp-review//flow-baseline//finalDataset//998 Excavator//__APP__/pages/index/index.js"},"to":{"name":"e","loc":{"line":818,"column":16},"id":24064,"file":"D://WORK//2022//论文相关//TOSEM//MiniApp-review//flow-baseline//finalDataset//998 Excavator//__APP__/pages/index/index.js"}}]},{"leftVar":[{"id":24383,"declaredName":"t","declaredLoc":{"line":866,"column":12},"file":"/pages/index/index.js","type":"normal"}],"readFlow":[{"type":"assign to","from":{"name":"this","loc":{"line":866,"column":16},"id":24384,"file":"D://WORK//2022//论文相关//TOSEM//MiniApp-review//flow-baseline//finalDataset//998 Excavator//__APP__/pages/index/index.js"},"to":{"name":"t","loc":{"line":866,"column":12},"id":24383,"file":"D://WORK//2022//论文相关//TOSEM//MiniApp-review//flow-baseline//finalDataset//998 Excavator//__APP__/pages/index/index.js"}}]},{"leftVar":[{"id":24432,"declaredName":"a","declaredLoc":{"line":875,"column":12},"file":"/pages/index/index.js","type":"normal"}],"readFlow":[{"type":"assign to","from":{"name":"this","loc":{"line":875,"column":16},"id":24433,"file":"D://WORK//2022//论文相关//TOSEM//MiniApp-review//flow-baseline//finalDataset//998 Excavator//__APP__/pages/index/index.js"},"to":{"name":"a","loc":{"line":875,"column":12},"id":24432,"file":"D://WORK//2022//论文相关//TOSEM//MiniApp-review//flow-baseline//finalDataset//998 Excavator//__APP__/pages/index/index.js"}}]},{"leftVar":[{"id":24493,"declaredName":"e","declaredLoc":{"line":891,"column":12},"file":"/pages/index/index.js","type":"normal"}],"readFlow":[{"type":"assign to","from":{"name":"this","loc":{"line":891,"column":16},"id":24494,"file":"D://WORK//2022//论文相关//TOSEM//MiniApp-review//flow-baseline//finalDataset//998 Excavator//__APP__/pages/index/index.js"},"to":{"name":"e","loc":{"line":891,"column":12},"id":24493,"file":"D://WORK//2022//论文相关//TOSEM//MiniApp-review//flow-baseline//finalDataset//998 Excavator//__APP__/pages/index/index.js"}}]},{"leftVar":[{"id":24680,"declaredName":"a","declaredLoc":{"line":936,"column":12},"file":"/pages/index/index.js","type":"normal"}],"readFlow":[{"type":"assign to","from":{"name":"this","loc":{"line":936,"column":16},"id":24681,"file":"D://WORK//2022//论文相关//TOSEM//MiniApp-review//flow-baseline//finalDataset//998 Excavator//__APP__/pages/index/index.js"},"to":{"name":"a","loc":{"line":936,"column":12},"id":24680,"file":"D://WORK//2022//论文相关//TOSEM//MiniApp-review//flow-baseline//finalDataset//998 Excavator//__APP__/pages/index/index.js"}}]}]}],"writeShadows":[{"shadowVar":{"id":-636,"declaredName":"__object__3.setData","file":"/pages/index/index.js","type":"normal"},"writeAccess":[]}]}]}]}