{"definedData":[],"dynamicDefinedData":[{"shadowObjectVar":"__object__3","dynamicDefinedProps":[{"propName":".setData","readShadows":[{"shadowVar":{"id":-751,"declaredName":"__object__3.setData","file":"/pages/integral/integral.js","type":"normal"},"readAccess":[{"leftVar":[{"id":24994,"declaredName":"a","declaredLoc":{"line":24,"column":12},"file":"/pages/integral/integral.js","type":"normal"}],"readFlow":[{"type":"assign to","from":{"name":"this","loc":{"line":24,"column":16},"id":24995,"file":"D://WORK//2022//论文相关//TOSEM//MiniApp-review//flow-baseline//finalDataset//998 Excavator//__APP__/pages/integral/integral.js"},"to":{"name":"a","loc":{"line":24,"column":12},"id":24994,"file":"D://WORK//2022//论文相关//TOSEM//MiniApp-review//flow-baseline//finalDataset//998 Excavator//__APP__/pages/integral/integral.js"}}]},{"leftVar":[{"id":25078,"declaredName":"e","declaredLoc":{"line":36,"column":12},"file":"/pages/integral/integral.js","type":"normal"}],"readFlow":[{"type":"assign to","from":{"name":"this","loc":{"line":36,"column":16},"id":25079,"file":"D://WORK//2022//论文相关//TOSEM//MiniApp-review//flow-baseline//finalDataset//998 Excavator//__APP__/pages/integral/integral.js"},"to":{"name":"e","loc":{"line":36,"column":12},"id":25078,"file":"D://WORK//2022//论文相关//TOSEM//MiniApp-review//flow-baseline//finalDataset//998 Excavator//__APP__/pages/integral/integral.js"}}]},{"leftVar":[{"id":25155,"declaredName":"t","declaredLoc":{"line":44,"column":12},"file":"/pages/integral/integral.js","type":"normal"}],"readFlow":[{"type":"assign to","from":{"name":"this","loc":{"line":44,"column":16},"id":25156,"file":"D://WORK//2022//论文相关//TOSEM//MiniApp-review//flow-baseline//finalDataset//998 Excavator//__APP__/pages/integral/integral.js"},"to":{"name":"t","loc":{"line":44,"column":12},"id":25155,"file":"D://WORK//2022//论文相关//TOSEM//MiniApp-review//flow-baseline//finalDataset//998 Excavator//__APP__/pages/integral/integral.js"}}]},{"leftVar":[{"id":25299,"declaredName":"t","declaredLoc":{"line":56,"column":12},"file":"/pages/integral/integral.js","type":"normal"}],"readFlow":[{"type":"assign to","from":{"name":"this","loc":{"line":56,"column":16},"id":25300,"file":"D://WORK//2022//论文相关//TOSEM//MiniApp-review//flow-baseline//finalDataset//998 Excavator//__APP__/pages/integral/integral.js"},"to":{"name":"t","loc":{"line":56,"column":12},"id":25299,"file":"D://WORK//2022//论文相关//TOSEM//MiniApp-review//flow-baseline//finalDataset//998 Excavator//__APP__/pages/integral/integral.js"}},{"type":"read","from":{"name":"t","loc":{"line":56,"column":12},"id":25299,"file":"D://WORK//2022//论文相关//TOSEM//MiniApp-review//flow-baseline//finalDataset//998 Excavator//__APP__/pages/integral/integral.js"},"to":{"name":"t","loc":{"line":71,"column":15},"id":25487,"file":"D://WORK//2022//论文相关//TOSEM//MiniApp-review//flow-baseline//finalDataset//998 Excavator//__APP__/pages/integral/integral.js"}},{"type":"read","from":{"name":"t","loc":{"line":71,"column":15},"id":25487,"file":"D://WORK//2022//论文相关//TOSEM//MiniApp-review//flow-baseline//finalDataset//998 Excavator//__APP__/pages/integral/integral.js"},"to":{"name":"t.setData","loc":{"line":65,"column":44},"id":25468,"file":"D://WORK//2022//论文相关//TOSEM//MiniApp-review//flow-baseline//finalDataset//998 Excavator//__APP__/pages/integral/integral.js"}}]},{"leftVar":[{"id":25520,"declaredName":"e","declaredLoc":{"line":80,"column":12},"file":"/pages/integral/integral.js","type":"normal"}],"readFlow":[{"type":"assign to","from":{"name":"this","loc":{"line":80,"column":16},"id":25521,"file":"D://WORK//2022//论文相关//TOSEM//MiniApp-review//flow-baseline//finalDataset//998 Excavator//__APP__/pages/integral/integral.js"},"to":{"name":"e","loc":{"line":80,"column":12},"id":25520,"file":"D://WORK//2022//论文相关//TOSEM//MiniApp-review//flow-baseline//finalDataset//998 Excavator//__APP__/pages/integral/integral.js"}}]},{"leftVar":[{"id":25632,"declaredName":"e","declaredLoc":{"line":103,"column":12},"file":"/pages/integral/integral.js","type":"normal"}],"readFlow":[{"type":"assign to","from":{"name":"this","loc":{"line":103,"column":16},"id":25633,"file":"D://WORK//2022//论文相关//TOSEM//MiniApp-review//flow-baseline//finalDataset//998 Excavator//__APP__/pages/integral/integral.js"},"to":{"name":"e","loc":{"line":103,"column":12},"id":25632,"file":"D://WORK//2022//论文相关//TOSEM//MiniApp-review//flow-baseline//finalDataset//998 Excavator//__APP__/pages/integral/integral.js"}}]},{"leftVar":[{"id":25732,"declaredName":"e","declaredLoc":{"line":125,"column":12},"file":"/pages/integral/integral.js","type":"normal"}],"readFlow":[{"type":"assign to","from":{"name":"this","loc":{"line":125,"column":16},"id":25733,"file":"D://WORK//2022//论文相关//TOSEM//MiniApp-review//flow-baseline//finalDataset//998 Excavator//__APP__/pages/integral/integral.js"},"to":{"name":"e","loc":{"line":125,"column":12},"id":25732,"file":"D://WORK//2022//论文相关//TOSEM//MiniApp-review//flow-baseline//finalDataset//998 Excavator//__APP__/pages/integral/integral.js"}}]}]}],"writeShadows":[{"shadowVar":{"id":-751,"declaredName":"__object__3.setData","file":"/pages/integral/integral.js","type":"normal"},"writeAccess":[]}]}]}]}