{"definedData":[],"dynamicDefinedData":[{"shadowObjectVar":"__object__3","dynamicDefinedProps":[{"propName":".setData","readShadows":[{"shadowVar":{"id":-42,"declaredName":"__object__3.setData","file":"/pages/account/index.js","type":"normal"},"readAccess":[{"leftVar":[{"id":1157,"declaredName":"e","declaredLoc":{"line":23,"column":12},"file":"/pages/account/index.js","type":"normal"}],"readFlow":[{"type":"assign to","from":{"name":"this","loc":{"line":23,"column":16},"id":1158,"file":"D://WORK//2022//论文相关//TOSEM//MiniApp-review//flow-baseline//finalDataset//998 Excavator//__APP__/pages/account/index.js"},"to":{"name":"e","loc":{"line":23,"column":12},"id":1157,"file":"D://WORK//2022//论文相关//TOSEM//MiniApp-review//flow-baseline//finalDataset//998 Excavator//__APP__/pages/account/index.js"}}]},{"leftVar":[{"id":1363,"declaredName":"t","declaredLoc":{"line":59,"column":12},"file":"/pages/account/index.js","type":"normal"}],"readFlow":[{"type":"assign to","from":{"name":"this","loc":{"line":59,"column":16},"id":1364,"file":"D://WORK//2022//论文相关//TOSEM//MiniApp-review//flow-baseline//finalDataset//998 Excavator//__APP__/pages/account/index.js"},"to":{"name":"t","loc":{"line":59,"column":12},"id":1363,"file":"D://WORK//2022//论文相关//TOSEM//MiniApp-review//flow-baseline//finalDataset//998 Excavator//__APP__/pages/account/index.js"}}]},{"leftVar":[{"id":1566,"declaredName":"t","declaredLoc":{"line":109,"column":12},"file":"/pages/account/index.js","type":"normal"}],"readFlow":[{"type":"assign to","from":{"name":"this","loc":{"line":109,"column":16},"id":1567,"file":"D://WORK//2022//论文相关//TOSEM//MiniApp-review//flow-baseline//finalDataset//998 Excavator//__APP__/pages/account/index.js"},"to":{"name":"t","loc":{"line":109,"column":12},"id":1566,"file":"D://WORK//2022//论文相关//TOSEM//MiniApp-review//flow-baseline//finalDataset//998 Excavator//__APP__/pages/account/index.js"}}]},{"leftVar":[{"id":1639,"declaredName":"t","declaredLoc":{"line":117,"column":12},"file":"/pages/account/index.js","type":"normal"}],"readFlow":[{"type":"assign to","from":{"name":"this","loc":{"line":117,"column":16},"id":1640,"file":"D://WORK//2022//论文相关//TOSEM//MiniApp-review//flow-baseline//finalDataset//998 Excavator//__APP__/pages/account/index.js"},"to":{"name":"t","loc":{"line":117,"column":12},"id":1639,"file":"D://WORK//2022//论文相关//TOSEM//MiniApp-review//flow-baseline//finalDataset//998 Excavator//__APP__/pages/account/index.js"}}]},{"leftVar":[{"id":1772,"declaredName":"e","declaredLoc":{"line":148,"column":12},"file":"/pages/account/index.js","type":"normal"}],"readFlow":[{"type":"assign to","from":{"name":"this","loc":{"line":148,"column":16},"id":1773,"file":"D://WORK//2022//论文相关//TOSEM//MiniApp-review//flow-baseline//finalDataset//998 Excavator//__APP__/pages/account/index.js"},"to":{"name":"e","loc":{"line":148,"column":12},"id":1772,"file":"D://WORK//2022//论文相关//TOSEM//MiniApp-review//flow-baseline//finalDataset//998 Excavator//__APP__/pages/account/index.js"}}]},{"leftVar":[{"id":1906,"declaredName":"e","declaredLoc":{"line":176,"column":12},"file":"/pages/account/index.js","type":"normal"}],"readFlow":[{"type":"assign to","from":{"name":"this","loc":{"line":176,"column":16},"id":1907,"file":"D://WORK//2022//论文相关//TOSEM//MiniApp-review//flow-baseline//finalDataset//998 Excavator//__APP__/pages/account/index.js"},"to":{"name":"e","loc":{"line":176,"column":12},"id":1906,"file":"D://WORK//2022//论文相关//TOSEM//MiniApp-review//flow-baseline//finalDataset//998 Excavator//__APP__/pages/account/index.js"}}]},{"leftVar":[{"id":2048,"declaredName":"t","declaredLoc":{"line":205,"column":12},"file":"/pages/account/index.js","type":"normal"}],"readFlow":[{"type":"assign to","from":{"name":"this","loc":{"line":205,"column":16},"id":2049,"file":"D://WORK//2022//论文相关//TOSEM//MiniApp-review//flow-baseline//finalDataset//998 Excavator//__APP__/pages/account/index.js"},"to":{"name":"t","loc":{"line":205,"column":12},"id":2048,"file":"D://WORK//2022//论文相关//TOSEM//MiniApp-review//flow-baseline//finalDataset//998 Excavator//__APP__/pages/account/index.js"}}]},{"leftVar":[{"id":2254,"declaredName":"t","declaredLoc":{"line":241,"column":12},"file":"/pages/account/index.js","type":"normal"}],"readFlow":[{"type":"assign to","from":{"name":"this","loc":{"line":241,"column":16},"id":2255,"file":"D://WORK//2022//论文相关//TOSEM//MiniApp-review//flow-baseline//finalDataset//998 Excavator//__APP__/pages/account/index.js"},"to":{"name":"t","loc":{"line":241,"column":12},"id":2254,"file":"D://WORK//2022//论文相关//TOSEM//MiniApp-review//flow-baseline//finalDataset//998 Excavator//__APP__/pages/account/index.js"}}]},{"leftVar":[{"id":2338,"declaredName":"t","declaredLoc":{"line":257,"column":12},"file":"/pages/account/index.js","type":"normal"}],"readFlow":[{"type":"assign to","from":{"name":"this","loc":{"line":257,"column":16},"id":2339,"file":"D://WORK//2022//论文相关//TOSEM//MiniApp-review//flow-baseline//finalDataset//998 Excavator//__APP__/pages/account/index.js"},"to":{"name":"t","loc":{"line":257,"column":12},"id":2338,"file":"D://WORK//2022//论文相关//TOSEM//MiniApp-review//flow-baseline//finalDataset//998 Excavator//__APP__/pages/account/index.js"}}]},{"leftVar":[{"id":2396,"declaredName":"a","declaredLoc":{"line":274,"column":12},"file":"/pages/account/index.js","type":"normal"}],"readFlow":[{"type":"assign to","from":{"name":"this","loc":{"line":274,"column":16},"id":2397,"file":"D://WORK//2022//论文相关//TOSEM//MiniApp-review//flow-baseline//finalDataset//998 Excavator//__APP__/pages/account/index.js"},"to":{"name":"a","loc":{"line":274,"column":12},"id":2396,"file":"D://WORK//2022//论文相关//TOSEM//MiniApp-review//flow-baseline//finalDataset//998 Excavator//__APP__/pages/account/index.js"}}]},{"leftVar":[{"id":2436,"declaredName":"a","declaredLoc":{"line":280,"column":12},"file":"/pages/account/index.js","type":"normal"}],"readFlow":[{"type":"assign to","from":{"name":"this","loc":{"line":280,"column":16},"id":2437,"file":"D://WORK//2022//论文相关//TOSEM//MiniApp-review//flow-baseline//finalDataset//998 Excavator//__APP__/pages/account/index.js"},"to":{"name":"a","loc":{"line":280,"column":12},"id":2436,"file":"D://WORK//2022//论文相关//TOSEM//MiniApp-review//flow-baseline//finalDataset//998 Excavator//__APP__/pages/account/index.js"}}]},{"leftVar":[{"id":2494,"declaredName":"e","declaredLoc":{"line":288,"column":12},"file":"/pages/account/index.js","type":"normal"}],"readFlow":[{"type":"assign to","from":{"name":"this","loc":{"line":288,"column":16},"id":2495,"file":"D://WORK//2022//论文相关//TOSEM//MiniApp-review//flow-baseline//finalDataset//998 Excavator//__APP__/pages/account/index.js"},"to":{"name":"e","loc":{"line":288,"column":12},"id":2494,"file":"D://WORK//2022//论文相关//TOSEM//MiniApp-review//flow-baseline//finalDataset//998 Excavator//__APP__/pages/account/index.js"}}]}]}],"writeShadows":[{"shadowVar":{"id":-42,"declaredName":"__object__3.setData","file":"/pages/account/index.js","type":"normal"},"writeAccess":[]}]}]}]}