{"definedData":[],"dynamicDefinedData":[{"shadowObjectVar":"__object__3","dynamicDefinedProps":[{"propName":".setData","readShadows":[{"shadowVar":{"id":-782,"declaredName":"__object__3.setData","file":"/pages/kanjia/kanjia.js","type":"normal"},"readAccess":[{"leftVar":[{"id":26078,"declaredName":"e","declaredLoc":{"line":14,"column":12},"file":"/pages/kanjia/kanjia.js","type":"normal"}],"readFlow":[{"type":"assign to","from":{"name":"this","loc":{"line":14,"column":16},"id":26079,"file":"D://WORK//2022//论文相关//TOSEM//MiniApp-review//flow-baseline//finalDataset//998 Excavator//__APP__/pages/kanjia/kanjia.js"},"to":{"name":"e","loc":{"line":14,"column":12},"id":26078,"file":"D://WORK//2022//论文相关//TOSEM//MiniApp-review//flow-baseline//finalDataset//998 Excavator//__APP__/pages/kanjia/kanjia.js"}}]},{"leftVar":[{"id":26177,"declaredName":"a","declaredLoc":{"line":33,"column":12},"file":"/pages/kanjia/kanjia.js","type":"normal"}],"readFlow":[{"type":"assign to","from":{"name":"this","loc":{"line":33,"column":16},"id":26178,"file":"D://WORK//2022//论文相关//TOSEM//MiniApp-review//flow-baseline//finalDataset//998 Excavator//__APP__/pages/kanjia/kanjia.js"},"to":{"name":"a","loc":{"line":33,"column":12},"id":26177,"file":"D://WORK//2022//论文相关//TOSEM//MiniApp-review//flow-baseline//finalDataset//998 Excavator//__APP__/pages/kanjia/kanjia.js"}}]},{"leftVar":[{"id":26245,"declaredName":"a","declaredLoc":{"line":52,"column":12},"file":"/pages/kanjia/kanjia.js","type":"normal"}],"readFlow":[{"type":"assign to","from":{"name":"this","loc":{"line":52,"column":16},"id":26246,"file":"D://WORK//2022//论文相关//TOSEM//MiniApp-review//flow-baseline//finalDataset//998 Excavator//__APP__/pages/kanjia/kanjia.js"},"to":{"name":"a","loc":{"line":52,"column":12},"id":26245,"file":"D://WORK//2022//论文相关//TOSEM//MiniApp-review//flow-baseline//finalDataset//998 Excavator//__APP__/pages/kanjia/kanjia.js"}}]},{"leftVar":[{"id":26279,"declaredName":"e","declaredLoc":{"line":57,"column":16},"file":"/pages/kanjia/kanjia.js","type":"normal"}],"readFlow":[{"type":"assign to","from":{"name":"this","loc":{"line":57,"column":20},"id":26280,"file":"D://WORK//2022//论文相关//TOSEM//MiniApp-review//flow-baseline//finalDataset//998 Excavator//__APP__/pages/kanjia/kanjia.js"},"to":{"name":"e","loc":{"line":57,"column":16},"id":26279,"file":"D://WORK//2022//论文相关//TOSEM//MiniApp-review//flow-baseline//finalDataset//998 Excavator//__APP__/pages/kanjia/kanjia.js"}}]}]}],"writeShadows":[{"shadowVar":{"id":-782,"declaredName":"__object__3.setData","file":"/pages/kanjia/kanjia.js","type":"normal"},"writeAccess":[]}]}]}]}