{"definedData":[],"dynamicDefinedData":[{"shadowObjectVar":"__object__3","dynamicDefinedProps":[{"propName":".setData","readShadows":[{"shadowVar":{"id":-807,"declaredName":"__object__3.setData","file":"/pages/login/login.js","type":"normal"},"readAccess":[{"leftVar":[{"id":26597,"declaredName":"t","declaredLoc":{"line":12,"column":12},"file":"/pages/login/login.js","type":"normal"}],"readFlow":[{"type":"assign to","from":{"name":"this","loc":{"line":12,"column":16},"id":26598,"file":"D://WORK//2022//论文相关//TOSEM//MiniApp-review//flow-baseline//finalDataset//998 Excavator//__APP__/pages/login/login.js"},"to":{"name":"t","loc":{"line":12,"column":12},"id":26597,"file":"D://WORK//2022//论文相关//TOSEM//MiniApp-review//flow-baseline//finalDataset//998 Excavator//__APP__/pages/login/login.js"}}]},{"leftVar":[{"id":26694,"declaredName":"a","declaredLoc":{"line":32,"column":12},"file":"/pages/login/login.js","type":"normal"}],"readFlow":[{"type":"assign to","from":{"name":"this","loc":{"line":32,"column":16},"id":26695,"file":"D://WORK//2022//论文相关//TOSEM//MiniApp-review//flow-baseline//finalDataset//998 Excavator//__APP__/pages/login/login.js"},"to":{"name":"a","loc":{"line":32,"column":12},"id":26694,"file":"D://WORK//2022//论文相关//TOSEM//MiniApp-review//flow-baseline//finalDataset//998 Excavator//__APP__/pages/login/login.js"}}]},{"leftVar":[{"id":26731,"declaredName":"t","declaredLoc":{"line":36,"column":12},"file":"/pages/login/login.js","type":"normal"}],"readFlow":[{"type":"assign to","from":{"name":"this","loc":{"line":36,"column":16},"id":26732,"file":"D://WORK//2022//论文相关//TOSEM//MiniApp-review//flow-baseline//finalDataset//998 Excavator//__APP__/pages/login/login.js"},"to":{"name":"t","loc":{"line":36,"column":12},"id":26731,"file":"D://WORK//2022//论文相关//TOSEM//MiniApp-review//flow-baseline//finalDataset//998 Excavator//__APP__/pages/login/login.js"}}]}]}],"writeShadows":[{"shadowVar":{"id":-807,"declaredName":"__object__3.setData","file":"/pages/login/login.js","type":"normal"},"writeAccess":[]}]}]}]}