{"definedData":[],"dynamicDefinedData":[{"shadowObjectVar":"__object__3","dynamicDefinedProps":[{"propName":".setData","readShadows":[{"shadowVar":{"id":-824,"declaredName":"__object__3.setData","file":"/pages/myissue/myissue.js","type":"normal"},"readAccess":[{"leftVar":[{"id":26981,"declaredName":"e","declaredLoc":{"line":18,"column":12},"file":"/pages/myissue/myissue.js","type":"normal"}],"readFlow":[{"type":"assign to","from":{"name":"this","loc":{"line":18,"column":16},"id":26982,"file":"D://WORK//2022//论文相关//TOSEM//MiniApp-review//flow-baseline//finalDataset//998 Excavator//__APP__/pages/myissue/myissue.js"},"to":{"name":"e","loc":{"line":18,"column":12},"id":26981,"file":"D://WORK//2022//论文相关//TOSEM//MiniApp-review//flow-baseline//finalDataset//998 Excavator//__APP__/pages/myissue/myissue.js"}}]},{"leftVar":[{"id":27011,"declaredName":"a","declaredLoc":{"line":25,"column":12},"file":"/pages/myissue/myissue.js","type":"normal"}],"readFlow":[{"type":"assign to","from":{"name":"this","loc":{"line":25,"column":16},"id":27012,"file":"D://WORK//2022//论文相关//TOSEM//MiniApp-review//flow-baseline//finalDataset//998 Excavator//__APP__/pages/myissue/myissue.js"},"to":{"name":"a","loc":{"line":25,"column":12},"id":27011,"file":"D://WORK//2022//论文相关//TOSEM//MiniApp-review//flow-baseline//finalDataset//998 Excavator//__APP__/pages/myissue/myissue.js"}}]},{"leftVar":[{"id":27174,"declaredName":"e","declaredLoc":{"line":63,"column":12},"file":"/pages/myissue/myissue.js","type":"normal"}],"readFlow":[{"type":"assign to","from":{"name":"this","loc":{"line":63,"column":16},"id":27175,"file":"D://WORK//2022//论文相关//TOSEM//MiniApp-review//flow-baseline//finalDataset//998 Excavator//__APP__/pages/myissue/myissue.js"},"to":{"name":"e","loc":{"line":63,"column":12},"id":27174,"file":"D://WORK//2022//论文相关//TOSEM//MiniApp-review//flow-baseline//finalDataset//998 Excavator//__APP__/pages/myissue/myissue.js"}}]},{"leftVar":[{"id":27335,"declaredName":"a","declaredLoc":{"line":99,"column":12},"file":"/pages/myissue/myissue.js","type":"normal"}],"readFlow":[{"type":"assign to","from":{"name":"this","loc":{"line":99,"column":16},"id":27336,"file":"D://WORK//2022//论文相关//TOSEM//MiniApp-review//flow-baseline//finalDataset//998 Excavator//__APP__/pages/myissue/myissue.js"},"to":{"name":"a","loc":{"line":99,"column":12},"id":27335,"file":"D://WORK//2022//论文相关//TOSEM//MiniApp-review//flow-baseline//finalDataset//998 Excavator//__APP__/pages/myissue/myissue.js"}}]},{"leftVar":[{"id":27471,"declaredName":"t","declaredLoc":{"line":126,"column":12},"file":"/pages/myissue/myissue.js","type":"normal"}],"readFlow":[{"type":"assign to","from":{"name":"this","loc":{"line":126,"column":16},"id":27472,"file":"D://WORK//2022//论文相关//TOSEM//MiniApp-review//flow-baseline//finalDataset//998 Excavator//__APP__/pages/myissue/myissue.js"},"to":{"name":"t","loc":{"line":126,"column":12},"id":27471,"file":"D://WORK//2022//论文相关//TOSEM//MiniApp-review//flow-baseline//finalDataset//998 Excavator//__APP__/pages/myissue/myissue.js"}}]},{"leftVar":[{"id":27506,"declaredName":"e","declaredLoc":{"line":130,"column":12},"file":"/pages/myissue/myissue.js","type":"normal"}],"readFlow":[{"type":"assign to","from":{"name":"this","loc":{"line":130,"column":16},"id":27507,"file":"D://WORK//2022//论文相关//TOSEM//MiniApp-review//flow-baseline//finalDataset//998 Excavator//__APP__/pages/myissue/myissue.js"},"to":{"name":"e","loc":{"line":130,"column":12},"id":27506,"file":"D://WORK//2022//论文相关//TOSEM//MiniApp-review//flow-baseline//finalDataset//998 Excavator//__APP__/pages/myissue/myissue.js"}}]},{"leftVar":[{"id":27639,"declaredName":"a","declaredLoc":{"line":161,"column":12},"file":"/pages/myissue/myissue.js","type":"normal"}],"readFlow":[{"type":"assign to","from":{"name":"this","loc":{"line":161,"column":16},"id":27640,"file":"D://WORK//2022//论文相关//TOSEM//MiniApp-review//flow-baseline//finalDataset//998 Excavator//__APP__/pages/myissue/myissue.js"},"to":{"name":"a","loc":{"line":161,"column":12},"id":27639,"file":"D://WORK//2022//论文相关//TOSEM//MiniApp-review//flow-baseline//finalDataset//998 Excavator//__APP__/pages/myissue/myissue.js"}}]},{"leftVar":[{"id":27789,"declaredName":"e","declaredLoc":{"line":194,"column":12},"file":"/pages/myissue/myissue.js","type":"normal"}],"readFlow":[{"type":"assign to","from":{"name":"this","loc":{"line":194,"column":16},"id":27790,"file":"D://WORK//2022//论文相关//TOSEM//MiniApp-review//flow-baseline//finalDataset//998 Excavator//__APP__/pages/myissue/myissue.js"},"to":{"name":"e","loc":{"line":194,"column":12},"id":27789,"file":"D://WORK//2022//论文相关//TOSEM//MiniApp-review//flow-baseline//finalDataset//998 Excavator//__APP__/pages/myissue/myissue.js"}}]},{"leftVar":[{"id":27923,"declaredName":"t","declaredLoc":{"line":219,"column":12},"file":"/pages/myissue/myissue.js","type":"normal"}],"readFlow":[{"type":"assign to","from":{"name":"this","loc":{"line":219,"column":16},"id":27924,"file":"D://WORK//2022//论文相关//TOSEM//MiniApp-review//flow-baseline//finalDataset//998 Excavator//__APP__/pages/myissue/myissue.js"},"to":{"name":"t","loc":{"line":219,"column":12},"id":27923,"file":"D://WORK//2022//论文相关//TOSEM//MiniApp-review//flow-baseline//finalDataset//998 Excavator//__APP__/pages/myissue/myissue.js"}}]}]}],"writeShadows":[{"shadowVar":{"id":-824,"declaredName":"__object__3.setData","file":"/pages/myissue/myissue.js","type":"normal"},"writeAccess":[]}]}]}]}