{"definedData":[],"dynamicDefinedData":[{"shadowObjectVar":"__object__3","dynamicDefinedProps":[{"propName":".setData","readShadows":[{"shadowVar":{"id":-862,"declaredName":"__object__3.setData","file":"/pages/phonenumber/phonenumber.js","type":"normal"},"readAccess":[{"leftVar":[{"id":28050,"declaredName":"a","declaredLoc":{"line":15,"column":12},"file":"/pages/phonenumber/phonenumber.js","type":"normal"}],"readFlow":[{"type":"assign to","from":{"name":"this","loc":{"line":15,"column":16},"id":28051,"file":"D://WORK//2022//论文相关//TOSEM//MiniApp-review//flow-baseline//finalDataset//998 Excavator//__APP__/pages/phonenumber/phonenumber.js"},"to":{"name":"a","loc":{"line":15,"column":12},"id":28050,"file":"D://WORK//2022//论文相关//TOSEM//MiniApp-review//flow-baseline//finalDataset//998 Excavator//__APP__/pages/phonenumber/phonenumber.js"}}]},{"leftVar":[{"id":28178,"declaredName":"a","declaredLoc":{"line":42,"column":12},"file":"/pages/phonenumber/phonenumber.js","type":"normal"}],"readFlow":[{"type":"assign to","from":{"name":"this","loc":{"line":42,"column":16},"id":28179,"file":"D://WORK//2022//论文相关//TOSEM//MiniApp-review//flow-baseline//finalDataset//998 Excavator//__APP__/pages/phonenumber/phonenumber.js"},"to":{"name":"a","loc":{"line":42,"column":12},"id":28178,"file":"D://WORK//2022//论文相关//TOSEM//MiniApp-review//flow-baseline//finalDataset//998 Excavator//__APP__/pages/phonenumber/phonenumber.js"}}]},{"leftVar":[{"id":28261,"declaredName":"a","declaredLoc":{"line":58,"column":12},"file":"/pages/phonenumber/phonenumber.js","type":"normal"}],"readFlow":[{"type":"assign to","from":{"name":"this","loc":{"line":58,"column":16},"id":28262,"file":"D://WORK//2022//论文相关//TOSEM//MiniApp-review//flow-baseline//finalDataset//998 Excavator//__APP__/pages/phonenumber/phonenumber.js"},"to":{"name":"a","loc":{"line":58,"column":12},"id":28261,"file":"D://WORK//2022//论文相关//TOSEM//MiniApp-review//flow-baseline//finalDataset//998 Excavator//__APP__/pages/phonenumber/phonenumber.js"}}]},{"leftVar":[{"id":28458,"declaredName":"a","declaredLoc":{"line":92,"column":12},"file":"/pages/phonenumber/phonenumber.js","type":"normal"}],"readFlow":[{"type":"assign to","from":{"name":"this","loc":{"line":92,"column":16},"id":28459,"file":"D://WORK//2022//论文相关//TOSEM//MiniApp-review//flow-baseline//finalDataset//998 Excavator//__APP__/pages/phonenumber/phonenumber.js"},"to":{"name":"a","loc":{"line":92,"column":12},"id":28458,"file":"D://WORK//2022//论文相关//TOSEM//MiniApp-review//flow-baseline//finalDataset//998 Excavator//__APP__/pages/phonenumber/phonenumber.js"}}]},{"leftVar":[{"id":28674,"declaredName":"a","declaredLoc":{"line":123,"column":12},"file":"/pages/phonenumber/phonenumber.js","type":"normal"}],"readFlow":[{"type":"assign to","from":{"name":"this","loc":{"line":123,"column":16},"id":28675,"file":"D://WORK//2022//论文相关//TOSEM//MiniApp-review//flow-baseline//finalDataset//998 Excavator//__APP__/pages/phonenumber/phonenumber.js"},"to":{"name":"a","loc":{"line":123,"column":12},"id":28674,"file":"D://WORK//2022//论文相关//TOSEM//MiniApp-review//flow-baseline//finalDataset//998 Excavator//__APP__/pages/phonenumber/phonenumber.js"}}]}]}],"writeShadows":[{"shadowVar":{"id":-862,"declaredName":"__object__3.setData","file":"/pages/phonenumber/phonenumber.js","type":"normal"},"writeAccess":[]}]}]}]}