{"definedData":[],"dynamicDefinedData":[{"shadowObjectVar":"__object__3","dynamicDefinedProps":[{"propName":".setData","readShadows":[{"shadowVar":{"id":-921,"declaredName":"__object__3.setData","file":"/pages/recharge/recharge.js","type":"normal"},"readAccess":[{"leftVar":[{"id":29045,"declaredName":"e","declaredLoc":{"line":27,"column":12},"file":"/pages/recharge/recharge.js","type":"normal"}],"readFlow":[{"type":"assign to","from":{"name":"this","loc":{"line":27,"column":16},"id":29046,"file":"D://WORK//2022//论文相关//TOSEM//MiniApp-review//flow-baseline//finalDataset//998 Excavator//__APP__/pages/recharge/recharge.js"},"to":{"name":"e","loc":{"line":27,"column":12},"id":29045,"file":"D://WORK//2022//论文相关//TOSEM//MiniApp-review//flow-baseline//finalDataset//998 Excavator//__APP__/pages/recharge/recharge.js"}}]},{"leftVar":[{"id":29137,"declaredName":"e","declaredLoc":{"line":37,"column":12},"file":"/pages/recharge/recharge.js","type":"normal"}],"readFlow":[{"type":"assign to","from":{"name":"this","loc":{"line":37,"column":16},"id":29138,"file":"D://WORK//2022//论文相关//TOSEM//MiniApp-review//flow-baseline//finalDataset//998 Excavator//__APP__/pages/recharge/recharge.js"},"to":{"name":"e","loc":{"line":37,"column":12},"id":29137,"file":"D://WORK//2022//论文相关//TOSEM//MiniApp-review//flow-baseline//finalDataset//998 Excavator//__APP__/pages/recharge/recharge.js"}}]},{"leftVar":[{"id":29172,"declaredName":"e","declaredLoc":{"line":43,"column":12},"file":"/pages/recharge/recharge.js","type":"normal"}],"readFlow":[{"type":"assign to","from":{"name":"this","loc":{"line":43,"column":16},"id":29173,"file":"D://WORK//2022//论文相关//TOSEM//MiniApp-review//flow-baseline//finalDataset//998 Excavator//__APP__/pages/recharge/recharge.js"},"to":{"name":"e","loc":{"line":43,"column":12},"id":29172,"file":"D://WORK//2022//论文相关//TOSEM//MiniApp-review//flow-baseline//finalDataset//998 Excavator//__APP__/pages/recharge/recharge.js"}}]}]}],"writeShadows":[{"shadowVar":{"id":-921,"declaredName":"__object__3.setData","file":"/pages/recharge/recharge.js","type":"normal"},"writeAccess":[]}]}]}]}