{"definedData":[],"dynamicDefinedData":[{"shadowObjectVar":"setData","dynamicDefinedProps":[{"propName":"","readShadows":[{"shadowVar":{"id":-940,"declaredName":"setData","file":"/pages/report/report.js","type":"normal"},"readAccess":[{"leftVar":[{"id":29433,"declaredName":"a","declaredLoc":{"line":22,"column":12},"file":"/pages/report/report.js","type":"normal"}],"readFlow":[{"type":"assign to","from":{"name":"this","loc":{"line":22,"column":16},"id":29434,"file":"D://WORK//2022//论文相关//TOSEM//MiniApp-review//flow-baseline//finalDataset//998 Excavator//__APP__/pages/report/report.js"},"to":{"name":"a","loc":{"line":22,"column":12},"id":29433,"file":"D://WORK//2022//论文相关//TOSEM//MiniApp-review//flow-baseline//finalDataset//998 Excavator//__APP__/pages/report/report.js"}}]},{"leftVar":[{"id":29612,"declaredName":"a","declaredLoc":{"line":49,"column":12},"file":"/pages/report/report.js","type":"normal"}],"readFlow":[{"type":"assign to","from":{"name":"this","loc":{"line":49,"column":16},"id":29613,"file":"D://WORK//2022//论文相关//TOSEM//MiniApp-review//flow-baseline//finalDataset//998 Excavator//__APP__/pages/report/report.js"},"to":{"name":"a","loc":{"line":49,"column":12},"id":29612,"file":"D://WORK//2022//论文相关//TOSEM//MiniApp-review//flow-baseline//finalDataset//998 Excavator//__APP__/pages/report/report.js"}}]}]}],"writeShadows":[{"shadowVar":{"id":-940,"declaredName":"setData","file":"/pages/report/report.js","type":"normal"},"writeAccess":[]}]}]}]}