{"definedData":[],"dynamicDefinedData":[{"shadowObjectVar":"__object__3","dynamicDefinedProps":[{"propName":".setData","readShadows":[{"shadowVar":{"id":-956,"declaredName":"__object__3.setData","file":"/pages/shops/shops.js","type":"normal"},"readAccess":[{"leftVar":[{"id":29725,"declaredName":"t","declaredLoc":{"line":11,"column":12},"file":"/pages/shops/shops.js","type":"normal"}],"readFlow":[{"type":"assign to","from":{"name":"this","loc":{"line":11,"column":16},"id":29726,"file":"D://WORK//2022//论文相关//TOSEM//MiniApp-review//flow-baseline//finalDataset//998 Excavator//__APP__/pages/shops/shops.js"},"to":{"name":"t","loc":{"line":11,"column":12},"id":29725,"file":"D://WORK//2022//论文相关//TOSEM//MiniApp-review//flow-baseline//finalDataset//998 Excavator//__APP__/pages/shops/shops.js"}}]},{"leftVar":[{"id":29797,"declaredName":"t","declaredLoc":{"line":30,"column":12},"file":"/pages/shops/shops.js","type":"normal"}],"readFlow":[{"type":"assign to","from":{"name":"this","loc":{"line":30,"column":16},"id":29798,"file":"D://WORK//2022//论文相关//TOSEM//MiniApp-review//flow-baseline//finalDataset//998 Excavator//__APP__/pages/shops/shops.js"},"to":{"name":"t","loc":{"line":30,"column":12},"id":29797,"file":"D://WORK//2022//论文相关//TOSEM//MiniApp-review//flow-baseline//finalDataset//998 Excavator//__APP__/pages/shops/shops.js"}}]},{"leftVar":[{"id":29986,"declaredName":"a","declaredLoc":{"line":64,"column":12},"file":"/pages/shops/shops.js","type":"normal"}],"readFlow":[{"type":"assign to","from":{"name":"this","loc":{"line":64,"column":16},"id":29987,"file":"D://WORK//2022//论文相关//TOSEM//MiniApp-review//flow-baseline//finalDataset//998 Excavator//__APP__/pages/shops/shops.js"},"to":{"name":"a","loc":{"line":64,"column":12},"id":29986,"file":"D://WORK//2022//论文相关//TOSEM//MiniApp-review//flow-baseline//finalDataset//998 Excavator//__APP__/pages/shops/shops.js"}}]}]}],"writeShadows":[{"shadowVar":{"id":-956,"declaredName":"__object__3.setData","file":"/pages/shops/shops.js","type":"normal"},"writeAccess":[]}]}]}]}