{"definedData":[],"dynamicDefinedData":[{"shadowObjectVar":"__object__3","dynamicDefinedProps":[{"propName":".setData","readShadows":[{"shadowVar":{"id":-972,"declaredName":"__object__3.setData","file":"/pages/success/success.js","type":"normal"},"readAccess":[{"leftVar":[{"id":30157,"declaredName":"t","declaredLoc":{"line":19,"column":12},"file":"/pages/success/success.js","type":"normal"}],"readFlow":[{"type":"assign to","from":{"name":"this","loc":{"line":19,"column":16},"id":30158,"file":"D://WORK//2022//论文相关//TOSEM//MiniApp-review//flow-baseline//finalDataset//998 Excavator//__APP__/pages/success/success.js"},"to":{"name":"t","loc":{"line":19,"column":12},"id":30157,"file":"D://WORK//2022//论文相关//TOSEM//MiniApp-review//flow-baseline//finalDataset//998 Excavator//__APP__/pages/success/success.js"}}]},{"leftVar":[{"id":30258,"declaredName":"t","declaredLoc":{"line":43,"column":12},"file":"/pages/success/success.js","type":"normal"}],"readFlow":[{"type":"assign to","from":{"name":"this","loc":{"line":43,"column":16},"id":30259,"file":"D://WORK//2022//论文相关//TOSEM//MiniApp-review//flow-baseline//finalDataset//998 Excavator//__APP__/pages/success/success.js"},"to":{"name":"t","loc":{"line":43,"column":12},"id":30258,"file":"D://WORK//2022//论文相关//TOSEM//MiniApp-review//flow-baseline//finalDataset//998 Excavator//__APP__/pages/success/success.js"}}]},{"leftVar":[{"id":30419,"declaredName":"e","declaredLoc":{"line":95,"column":12},"file":"/pages/success/success.js","type":"normal"}],"readFlow":[{"type":"assign to","from":{"name":"this","loc":{"line":95,"column":16},"id":30420,"file":"D://WORK//2022//论文相关//TOSEM//MiniApp-review//flow-baseline//finalDataset//998 Excavator//__APP__/pages/success/success.js"},"to":{"name":"e","loc":{"line":95,"column":12},"id":30419,"file":"D://WORK//2022//论文相关//TOSEM//MiniApp-review//flow-baseline//finalDataset//998 Excavator//__APP__/pages/success/success.js"}}]},{"leftVar":[{"id":30606,"declaredName":"t","declaredLoc":{"line":121,"column":12},"file":"/pages/success/success.js","type":"normal"}],"readFlow":[{"type":"assign to","from":{"name":"this","loc":{"line":121,"column":16},"id":30607,"file":"D://WORK//2022//论文相关//TOSEM//MiniApp-review//flow-baseline//finalDataset//998 Excavator//__APP__/pages/success/success.js"},"to":{"name":"t","loc":{"line":121,"column":12},"id":30606,"file":"D://WORK//2022//论文相关//TOSEM//MiniApp-review//flow-baseline//finalDataset//998 Excavator//__APP__/pages/success/success.js"}}]},{"leftVar":[{"id":30663,"declaredName":"t","declaredLoc":{"line":126,"column":12},"file":"/pages/success/success.js","type":"normal"}],"readFlow":[{"type":"assign to","from":{"name":"this","loc":{"line":126,"column":16},"id":30664,"file":"D://WORK//2022//论文相关//TOSEM//MiniApp-review//flow-baseline//finalDataset//998 Excavator//__APP__/pages/success/success.js"},"to":{"name":"t","loc":{"line":126,"column":12},"id":30663,"file":"D://WORK//2022//论文相关//TOSEM//MiniApp-review//flow-baseline//finalDataset//998 Excavator//__APP__/pages/success/success.js"}}]},{"leftVar":[{"id":30895,"declaredName":"e","declaredLoc":{"line":151,"column":12},"file":"/pages/success/success.js","type":"normal"}],"readFlow":[{"type":"assign to","from":{"name":"this","loc":{"line":151,"column":16},"id":30896,"file":"D://WORK//2022//论文相关//TOSEM//MiniApp-review//flow-baseline//finalDataset//998 Excavator//__APP__/pages/success/success.js"},"to":{"name":"e","loc":{"line":151,"column":12},"id":30895,"file":"D://WORK//2022//论文相关//TOSEM//MiniApp-review//flow-baseline//finalDataset//998 Excavator//__APP__/pages/success/success.js"}}]}]}],"writeShadows":[{"shadowVar":{"id":-972,"declaredName":"__object__3.setData","file":"/pages/success/success.js","type":"normal"},"writeAccess":[]}]},{"propName":".setCanvasSize","readShadows":[{"shadowVar":{"id":30445,"declaredName":"__object__3.setCanvasSize","declaredLoc":{"line":102,"column":4},"file":"/pages/success/success.js","type":"normal"},"readAccess":[{"leftVar":[{"id":30609,"declaredName":"a","declaredLoc":{"line":121,"column":22},"file":"/pages/success/success.js","type":"normal"}],"readFlow":[{"type":"assign to","from":{"name":"t.setCanvasSize","loc":{"line":121,"column":26},"id":30611,"file":"D://WORK//2022//论文相关//TOSEM//MiniApp-review//flow-baseline//finalDataset//998 Excavator//__APP__/pages/success/success.js"},"to":{"name":"a","loc":{"line":121,"column":22},"id":30609,"file":"D://WORK//2022//论文相关//TOSEM//MiniApp-review//flow-baseline//finalDataset//998 Excavator//__APP__/pages/success/success.js"}},{"type":"read","from":{"name":"a","loc":{"line":121,"column":22},"id":30609,"file":"D://WORK//2022//论文相关//TOSEM//MiniApp-review//flow-baseline//finalDataset//998 Excavator//__APP__/pages/success/success.js"},"to":{"name":"a.w","loc":{"line":122,"column":92},"id":30644,"file":"D://WORK//2022//论文相关//TOSEM//MiniApp-review//flow-baseline//finalDataset//998 Excavator//__APP__/pages/success/success.js"}},{"type":"read","from":{"name":"a.w","loc":{"line":122,"column":92},"id":30644,"file":"D://WORK//2022//论文相关//TOSEM//MiniApp-review//flow-baseline//finalDataset//998 Excavator//__APP__/pages/success/success.js"},"to":{"name":"a.h","loc":{"line":122,"column":109},"id":30650,"file":"D://WORK//2022//论文相关//TOSEM//MiniApp-review//flow-baseline//finalDataset//998 Excavator//__APP__/pages/success/success.js"}},{"type":"to callee","from":{"name":"a.w","loc":{"line":122,"column":92},"id":30644,"file":"D://WORK//2022//论文相关//TOSEM//MiniApp-review//flow-baseline//finalDataset//998 Excavator//__APP__/pages/success/success.js"},"to":{"name":"e.fillText","loc":{"line":122,"column":78},"id":30639,"file":"D://WORK//2022//论文相关//TOSEM//MiniApp-review//flow-baseline//finalDataset//998 Excavator//__APP__/pages/success/success.js"}},{"type":"to callee","from":{"name":"a.h","loc":{"line":122,"column":109},"id":30650,"file":"D://WORK//2022//论文相关//TOSEM//MiniApp-review//flow-baseline//finalDataset//998 Excavator//__APP__/pages/success/success.js"},"to":{"name":"e.fillText","loc":{"line":122,"column":78},"id":30639,"file":"D://WORK//2022//论文相关//TOSEM//MiniApp-review//flow-baseline//finalDataset//998 Excavator//__APP__/pages/success/success.js"}}]},{"leftVar":[{"id":30666,"declaredName":"a","declaredLoc":{"line":126,"column":22},"file":"/pages/success/success.js","type":"normal"}],"readFlow":[{"type":"assign to","from":{"name":"t.setCanvasSize","loc":{"line":126,"column":26},"id":30668,"file":"D://WORK//2022//论文相关//TOSEM//MiniApp-review//flow-baseline//finalDataset//998 Excavator//__APP__/pages/success/success.js"},"to":{"name":"a","loc":{"line":126,"column":22},"id":30666,"file":"D://WORK//2022//论文相关//TOSEM//MiniApp-review//flow-baseline//finalDataset//998 Excavator//__APP__/pages/success/success.js"}},{"type":"read","from":{"name":"a","loc":{"line":126,"column":22},"id":30666,"file":"D://WORK//2022//论文相关//TOSEM//MiniApp-review//flow-baseline//finalDataset//998 Excavator//__APP__/pages/success/success.js"},"to":{"name":"a.w","loc":{"line":131,"column":59},"id":30730,"file":"D://WORK//2022//论文相关//TOSEM//MiniApp-review//flow-baseline//finalDataset//998 Excavator//__APP__/pages/success/success.js"}},{"type":"read","from":{"name":"a.w","loc":{"line":131,"column":59},"id":30730,"file":"D://WORK//2022//论文相关//TOSEM//MiniApp-review//flow-baseline//finalDataset//998 Excavator//__APP__/pages/success/success.js"},"to":{"name":"a.h","loc":{"line":131,"column":64},"id":30733,"file":"D://WORK//2022//论文相关//TOSEM//MiniApp-review//flow-baseline//finalDataset//998 Excavator//__APP__/pages/success/success.js"}},{"type":"to callee","from":{"name":"a.w","loc":{"line":131,"column":59},"id":30730,"file":"D://WORK//2022//论文相关//TOSEM//MiniApp-review//flow-baseline//finalDataset//998 Excavator//__APP__/pages/success/success.js"},"to":{"name":"s.drawImage","loc":{"line":131,"column":16},"id":30724,"file":"D://WORK//2022//论文相关//TOSEM//MiniApp-review//flow-baseline//finalDataset//998 Excavator//__APP__/pages/success/success.js"}},{"type":"to callee","from":{"name":"a.h","loc":{"line":131,"column":64},"id":30733,"file":"D://WORK//2022//论文相关//TOSEM//MiniApp-review//flow-baseline//finalDataset//998 Excavator//__APP__/pages/success/success.js"},"to":{"name":"s.drawImage","loc":{"line":131,"column":16},"id":30724,"file":"D://WORK//2022//论文相关//TOSEM//MiniApp-review//flow-baseline//finalDataset//998 Excavator//__APP__/pages/success/success.js"}},{"type":"read","from":{"name":"a.h","loc":{"line":131,"column":64},"id":30733,"file":"D://WORK//2022//论文相关//TOSEM//MiniApp-review//flow-baseline//finalDataset//998 Excavator//__APP__/pages/success/success.js"},"to":{"name":"a.w","loc":{"line":131,"column":98},"id":30744,"file":"D://WORK//2022//论文相关//TOSEM//MiniApp-review//flow-baseline//finalDataset//998 Excavator//__APP__/pages/success/success.js"}},{"type":"read","from":{"name":"a.w","loc":{"line":131,"column":98},"id":30744,"file":"D://WORK//2022//论文相关//TOSEM//MiniApp-review//flow-baseline//finalDataset//998 Excavator//__APP__/pages/success/success.js"},"to":{"name":"a.h","loc":{"line":131,"column":114},"id":30750,"file":"D://WORK//2022//论文相关//TOSEM//MiniApp-review//flow-baseline//finalDataset//998 Excavator//__APP__/pages/success/success.js"}},{"type":"read","from":{"name":"a.h","loc":{"line":131,"column":114},"id":30750,"file":"D://WORK//2022//论文相关//TOSEM//MiniApp-review//flow-baseline//finalDataset//998 Excavator//__APP__/pages/success/success.js"},"to":{"name":"a.w","loc":{"line":131,"column":125},"id":30755,"file":"D://WORK//2022//论文相关//TOSEM//MiniApp-review//flow-baseline//finalDataset//998 Excavator//__APP__/pages/success/success.js"}},{"type":"to callee","from":{"name":"a.h","loc":{"line":131,"column":114},"id":30750,"file":"D://WORK//2022//论文相关//TOSEM//MiniApp-review//flow-baseline//finalDataset//998 Excavator//__APP__/pages/success/success.js"},"to":{"name":"s.drawImage","loc":{"line":131,"column":70},"id":30737,"file":"D://WORK//2022//论文相关//TOSEM//MiniApp-review//flow-baseline//finalDataset//998 Excavator//__APP__/pages/success/success.js"}},{"type":"read","from":{"name":"a.w","loc":{"line":131,"column":125},"id":30755,"file":"D://WORK//2022//论文相关//TOSEM//MiniApp-review//flow-baseline//finalDataset//998 Excavator//__APP__/pages/success/success.js"},"to":{"name":"a.w","loc":{"line":131,"column":136},"id":30760,"file":"D://WORK//2022//论文相关//TOSEM//MiniApp-review//flow-baseline//finalDataset//998 Excavator//__APP__/pages/success/success.js"}},{"type":"to callee","from":{"name":"a.w","loc":{"line":131,"column":136},"id":30760,"file":"D://WORK//2022//论文相关//TOSEM//MiniApp-review//flow-baseline//finalDataset//998 Excavator//__APP__/pages/success/success.js"},"to":{"name":"s.drawImage","loc":{"line":131,"column":70},"id":30737,"file":"D://WORK//2022//论文相关//TOSEM//MiniApp-review//flow-baseline//finalDataset//998 Excavator//__APP__/pages/success/success.js"}},{"type":"read","from":{"name":"a.w","loc":{"line":131,"column":136},"id":30760,"file":"D://WORK//2022//论文相关//TOSEM//MiniApp-review//flow-baseline//finalDataset//998 Excavator//__APP__/pages/success/success.js"},"to":{"name":"a.w","loc":{"line":132,"column":31},"id":30769,"file":"D://WORK//2022//论文相关//TOSEM//MiniApp-review//flow-baseline//finalDataset//998 Excavator//__APP__/pages/success/success.js"}},{"type":"read","from":{"name":"a.w","loc":{"line":132,"column":31},"id":30769,"file":"D://WORK//2022//论文相关//TOSEM//MiniApp-review//flow-baseline//finalDataset//998 Excavator//__APP__/pages/success/success.js"},"to":{"name":"a.h","loc":{"line":132,"column":48},"id":30775,"file":"D://WORK//2022//论文相关//TOSEM//MiniApp-review//flow-baseline//finalDataset//998 Excavator//__APP__/pages/success/success.js"}},{"type":"read","from":{"name":"a.h","loc":{"line":132,"column":48},"id":30775,"file":"D://WORK//2022//论文相关//TOSEM//MiniApp-review//flow-baseline//finalDataset//998 Excavator//__APP__/pages/success/success.js"},"to":{"name":"a.w","loc":{"line":132,"column":59},"id":30780,"file":"D://WORK//2022//论文相关//TOSEM//MiniApp-review//flow-baseline//finalDataset//998 Excavator//__APP__/pages/success/success.js"}},{"type":"to callee","from":{"name":"a.h","loc":{"line":132,"column":48},"id":30775,"file":"D://WORK//2022//论文相关//TOSEM//MiniApp-review//flow-baseline//finalDataset//998 Excavator//__APP__/pages/success/success.js"},"to":{"name":"s.drawImage","loc":{"line":132,"column":16},"id":30764,"file":"D://WORK//2022//论文相关//TOSEM//MiniApp-review//flow-baseline//finalDataset//998 Excavator//__APP__/pages/success/success.js"}},{"type":"read","from":{"name":"a.w","loc":{"line":132,"column":59},"id":30780,"file":"D://WORK//2022//论文相关//TOSEM//MiniApp-review//flow-baseline//finalDataset//998 Excavator//__APP__/pages/success/success.js"},"to":{"name":"a.w","loc":{"line":132,"column":70},"id":30785,"file":"D://WORK//2022//论文相关//TOSEM//MiniApp-review//flow-baseline//finalDataset//998 Excavator//__APP__/pages/success/success.js"}},{"type":"to callee","from":{"name":"a.w","loc":{"line":132,"column":70},"id":30785,"file":"D://WORK//2022//论文相关//TOSEM//MiniApp-review//flow-baseline//finalDataset//998 Excavator//__APP__/pages/success/success.js"},"to":{"name":"s.drawImage","loc":{"line":132,"column":16},"id":30764,"file":"D://WORK//2022//论文相关//TOSEM//MiniApp-review//flow-baseline//finalDataset//998 Excavator//__APP__/pages/success/success.js"}},{"type":"read","from":{"name":"a.w","loc":{"line":132,"column":70},"id":30785,"file":"D://WORK//2022//论文相关//TOSEM//MiniApp-review//flow-baseline//finalDataset//998 Excavator//__APP__/pages/success/success.js"},"to":{"name":"a.w","loc":{"line":132,"column":91},"id":30794,"file":"D://WORK//2022//论文相关//TOSEM//MiniApp-review//flow-baseline//finalDataset//998 Excavator//__APP__/pages/success/success.js"}},{"type":"read","from":{"name":"a.w","loc":{"line":132,"column":91},"id":30794,"file":"D://WORK//2022//论文相关//TOSEM//MiniApp-review//flow-baseline//finalDataset//998 Excavator//__APP__/pages/success/success.js"},"to":{"name":"a.h","loc":{"line":132,"column":107},"id":30800,"file":"D://WORK//2022//论文相关//TOSEM//MiniApp-review//flow-baseline//finalDataset//998 Excavator//__APP__/pages/success/success.js"}},{"type":"read","from":{"name":"a.h","loc":{"line":132,"column":107},"id":30800,"file":"D://WORK//2022//论文相关//TOSEM//MiniApp-review//flow-baseline//finalDataset//998 Excavator//__APP__/pages/success/success.js"},"to":{"name":"a.w","loc":{"line":132,"column":117},"id":30805,"file":"D://WORK//2022//论文相关//TOSEM//MiniApp-review//flow-baseline//finalDataset//998 Excavator//__APP__/pages/success/success.js"}},{"type":"to callee","from":{"name":"a.h","loc":{"line":132,"column":107},"id":30800,"file":"D://WORK//2022//论文相关//TOSEM//MiniApp-review//flow-baseline//finalDataset//998 Excavator//__APP__/pages/success/success.js"},"to":{"name":"s.drawImage","loc":{"line":132,"column":76},"id":30789,"file":"D://WORK//2022//论文相关//TOSEM//MiniApp-review//flow-baseline//finalDataset//998 Excavator//__APP__/pages/success/success.js"}},{"type":"read","from":{"name":"a.w","loc":{"line":132,"column":117},"id":30805,"file":"D://WORK//2022//论文相关//TOSEM//MiniApp-review//flow-baseline//finalDataset//998 Excavator//__APP__/pages/success/success.js"},"to":{"name":"a.w","loc":{"line":132,"column":127},"id":30810,"file":"D://WORK//2022//论文相关//TOSEM//MiniApp-review//flow-baseline//finalDataset//998 Excavator//__APP__/pages/success/success.js"}},{"type":"to callee","from":{"name":"a.w","loc":{"line":132,"column":127},"id":30810,"file":"D://WORK//2022//论文相关//TOSEM//MiniApp-review//flow-baseline//finalDataset//998 Excavator//__APP__/pages/success/success.js"},"to":{"name":"s.drawImage","loc":{"line":132,"column":76},"id":30789,"file":"D://WORK//2022//论文相关//TOSEM//MiniApp-review//flow-baseline//finalDataset//998 Excavator//__APP__/pages/success/success.js"}}]}]}],"writeShadows":[{"shadowVar":{"id":30445,"declaredName":"__object__3.setCanvasSize","declaredLoc":{"line":102,"column":4},"file":"/pages/success/success.js","type":"normal"},"writeAccess":[]}]}]}]}