{"definedData":[],"dynamicDefinedData":[{"shadowObjectVar":"__object__3","dynamicDefinedProps":[{"propName":".setData","readShadows":[{"shadowVar":{"id":-99,"declaredName":"__object__3.setData","file":"/pages/accountpoint/index.js","type":"normal"},"readAccess":[{"leftVar":[{"id":2891,"declaredName":"e","declaredLoc":{"line":19,"column":12},"file":"/pages/accountpoint/index.js","type":"normal"}],"readFlow":[{"type":"assign to","from":{"name":"this","loc":{"line":19,"column":16},"id":2892,"file":"D://WORK//2022//论文相关//TOSEM//MiniApp-review//flow-baseline//finalDataset//998 Excavator//__APP__/pages/accountpoint/index.js"},"to":{"name":"e","loc":{"line":19,"column":12},"id":2891,"file":"D://WORK//2022//论文相关//TOSEM//MiniApp-review//flow-baseline//finalDataset//998 Excavator//__APP__/pages/accountpoint/index.js"}}]},{"leftVar":[{"id":2958,"declaredName":"a","declaredLoc":{"line":31,"column":12},"file":"/pages/accountpoint/index.js","type":"normal"}],"readFlow":[{"type":"assign to","from":{"name":"this","loc":{"line":31,"column":16},"id":2959,"file":"D://WORK//2022//论文相关//TOSEM//MiniApp-review//flow-baseline//finalDataset//998 Excavator//__APP__/pages/accountpoint/index.js"},"to":{"name":"a","loc":{"line":31,"column":12},"id":2958,"file":"D://WORK//2022//论文相关//TOSEM//MiniApp-review//flow-baseline//finalDataset//998 Excavator//__APP__/pages/accountpoint/index.js"}}]},{"leftVar":[{"id":3079,"declaredName":"e","declaredLoc":{"line":56,"column":12},"file":"/pages/accountpoint/index.js","type":"normal"}],"readFlow":[{"type":"assign to","from":{"name":"this","loc":{"line":56,"column":16},"id":3080,"file":"D://WORK//2022//论文相关//TOSEM//MiniApp-review//flow-baseline//finalDataset//998 Excavator//__APP__/pages/accountpoint/index.js"},"to":{"name":"e","loc":{"line":56,"column":12},"id":3079,"file":"D://WORK//2022//论文相关//TOSEM//MiniApp-review//flow-baseline//finalDataset//998 Excavator//__APP__/pages/accountpoint/index.js"}}]},{"leftVar":[{"id":3157,"declaredName":"e","declaredLoc":{"line":77,"column":12},"file":"/pages/accountpoint/index.js","type":"normal"}],"readFlow":[{"type":"assign to","from":{"name":"this","loc":{"line":77,"column":16},"id":3158,"file":"D://WORK//2022//论文相关//TOSEM//MiniApp-review//flow-baseline//finalDataset//998 Excavator//__APP__/pages/accountpoint/index.js"},"to":{"name":"e","loc":{"line":77,"column":12},"id":3157,"file":"D://WORK//2022//论文相关//TOSEM//MiniApp-review//flow-baseline//finalDataset//998 Excavator//__APP__/pages/accountpoint/index.js"}}]}]}],"writeShadows":[{"shadowVar":{"id":-99,"declaredName":"__object__3.setData","file":"/pages/accountpoint/index.js","type":"normal"},"writeAccess":[]}]}]}]}