{"definedData":[],"dynamicDefinedData":[{"shadowObjectVar":"__object__1","dynamicDefinedProps":[{"propName":".setData","readShadows":[{"shadowVar":{"id":-1005,"declaredName":"__object__1.setData","file":"/pages/talents/talents.js","type":"normal"},"readAccess":[{"leftVar":[{"id":30948,"declaredName":"o","declaredLoc":{"line":6,"column":12},"file":"/pages/talents/talents.js","type":"normal"}],"readFlow":[{"type":"assign to","from":{"name":"this","loc":{"line":6,"column":16},"id":30949,"file":"D://WORK//2022//论文相关//TOSEM//MiniApp-review//flow-baseline//finalDataset//998 Excavator//__APP__/pages/talents/talents.js"},"to":{"name":"o","loc":{"line":6,"column":12},"id":30948,"file":"D://WORK//2022//论文相关//TOSEM//MiniApp-review//flow-baseline//finalDataset//998 Excavator//__APP__/pages/talents/talents.js"}}]}]}],"writeShadows":[{"shadowVar":{"id":-1005,"declaredName":"__object__1.setData","file":"/pages/talents/talents.js","type":"normal"},"writeAccess":[]}]}]}]}