{"definedData":[],"dynamicDefinedData":[{"shadowObjectVar":"__object__3","dynamicDefinedProps":[{"propName":".setData","readShadows":[{"shadowVar":{"id":-1023,"declaredName":"__object__3.setData","file":"/pages/turntable/turntable.js","type":"normal"},"readAccess":[{"leftVar":[{"id":31079,"declaredName":"a","declaredLoc":{"line":25,"column":12},"file":"/pages/turntable/turntable.js","type":"normal"}],"readFlow":[{"type":"assign to","from":{"name":"this","loc":{"line":25,"column":16},"id":31080,"file":"D://WORK//2022//论文相关//TOSEM//MiniApp-review//flow-baseline//finalDataset//998 Excavator//__APP__/pages/turntable/turntable.js"},"to":{"name":"a","loc":{"line":25,"column":12},"id":31079,"file":"D://WORK//2022//论文相关//TOSEM//MiniApp-review//flow-baseline//finalDataset//998 Excavator//__APP__/pages/turntable/turntable.js"}}]},{"leftVar":[{"id":31153,"declaredName":"a","declaredLoc":{"line":47,"column":12},"file":"/pages/turntable/turntable.js","type":"normal"}],"readFlow":[{"type":"assign to","from":{"name":"this","loc":{"line":47,"column":16},"id":31154,"file":"D://WORK//2022//论文相关//TOSEM//MiniApp-review//flow-baseline//finalDataset//998 Excavator//__APP__/pages/turntable/turntable.js"},"to":{"name":"a","loc":{"line":47,"column":12},"id":31153,"file":"D://WORK//2022//论文相关//TOSEM//MiniApp-review//flow-baseline//finalDataset//998 Excavator//__APP__/pages/turntable/turntable.js"}}]},{"leftVar":[{"id":31234,"declaredName":"a","declaredLoc":{"line":70,"column":12},"file":"/pages/turntable/turntable.js","type":"normal"}],"readFlow":[{"type":"assign to","from":{"name":"this","loc":{"line":70,"column":16},"id":31235,"file":"D://WORK//2022//论文相关//TOSEM//MiniApp-review//flow-baseline//finalDataset//998 Excavator//__APP__/pages/turntable/turntable.js"},"to":{"name":"a","loc":{"line":70,"column":12},"id":31234,"file":"D://WORK//2022//论文相关//TOSEM//MiniApp-review//flow-baseline//finalDataset//998 Excavator//__APP__/pages/turntable/turntable.js"}}]},{"leftVar":[{"id":31283,"declaredName":"e","declaredLoc":{"line":85,"column":12},"file":"/pages/turntable/turntable.js","type":"normal"}],"readFlow":[{"type":"assign to","from":{"name":"this","loc":{"line":85,"column":16},"id":31284,"file":"D://WORK//2022//论文相关//TOSEM//MiniApp-review//flow-baseline//finalDataset//998 Excavator//__APP__/pages/turntable/turntable.js"},"to":{"name":"e","loc":{"line":85,"column":12},"id":31283,"file":"D://WORK//2022//论文相关//TOSEM//MiniApp-review//flow-baseline//finalDataset//998 Excavator//__APP__/pages/turntable/turntable.js"}}]},{"leftVar":[{"id":31372,"declaredName":"e","declaredLoc":{"line":103,"column":12},"file":"/pages/turntable/turntable.js","type":"normal"}],"readFlow":[{"type":"assign to","from":{"name":"this","loc":{"line":103,"column":16},"id":31373,"file":"D://WORK//2022//论文相关//TOSEM//MiniApp-review//flow-baseline//finalDataset//998 Excavator//__APP__/pages/turntable/turntable.js"},"to":{"name":"e","loc":{"line":103,"column":12},"id":31372,"file":"D://WORK//2022//论文相关//TOSEM//MiniApp-review//flow-baseline//finalDataset//998 Excavator//__APP__/pages/turntable/turntable.js"}}]},{"leftVar":[{"id":31510,"declaredName":"t","declaredLoc":{"line":132,"column":12},"file":"/pages/turntable/turntable.js","type":"normal"}],"readFlow":[{"type":"assign to","from":{"name":"this","loc":{"line":132,"column":16},"id":31511,"file":"D://WORK//2022//论文相关//TOSEM//MiniApp-review//flow-baseline//finalDataset//998 Excavator//__APP__/pages/turntable/turntable.js"},"to":{"name":"t","loc":{"line":132,"column":12},"id":31510,"file":"D://WORK//2022//论文相关//TOSEM//MiniApp-review//flow-baseline//finalDataset//998 Excavator//__APP__/pages/turntable/turntable.js"}}]},{"leftVar":[{"id":31713,"declaredName":"a","declaredLoc":{"line":162,"column":12},"file":"/pages/turntable/turntable.js","type":"normal"}],"readFlow":[{"type":"assign to","from":{"name":"this","loc":{"line":162,"column":16},"id":31714,"file":"D://WORK//2022//论文相关//TOSEM//MiniApp-review//flow-baseline//finalDataset//998 Excavator//__APP__/pages/turntable/turntable.js"},"to":{"name":"a","loc":{"line":162,"column":12},"id":31713,"file":"D://WORK//2022//论文相关//TOSEM//MiniApp-review//flow-baseline//finalDataset//998 Excavator//__APP__/pages/turntable/turntable.js"}}]}]}],"writeShadows":[{"shadowVar":{"id":-1023,"declaredName":"__object__3.setData","file":"/pages/turntable/turntable.js","type":"normal"},"writeAccess":[]}]}]}]}