{"definedData":[],"dynamicDefinedData":[{"shadowObjectVar":"__object__3","dynamicDefinedProps":[{"propName":".setData","readShadows":[{"shadowVar":{"id":-1054,"declaredName":"__object__3.setData","file":"/pages/upgrade/index.js","type":"normal"},"readAccess":[{"leftVar":[{"id":31894,"declaredName":"e","declaredLoc":{"line":12,"column":12},"file":"/pages/upgrade/index.js","type":"normal"}],"readFlow":[{"type":"assign to","from":{"name":"this","loc":{"line":12,"column":16},"id":31895,"file":"D://WORK//2022//论文相关//TOSEM//MiniApp-review//flow-baseline//finalDataset//998 Excavator//__APP__/pages/upgrade/index.js"},"to":{"name":"e","loc":{"line":12,"column":12},"id":31894,"file":"D://WORK//2022//论文相关//TOSEM//MiniApp-review//flow-baseline//finalDataset//998 Excavator//__APP__/pages/upgrade/index.js"}}]},{"leftVar":[{"id":31976,"declaredName":"e","declaredLoc":{"line":35,"column":12},"file":"/pages/upgrade/index.js","type":"normal"}],"readFlow":[{"type":"assign to","from":{"name":"this","loc":{"line":35,"column":16},"id":31977,"file":"D://WORK//2022//论文相关//TOSEM//MiniApp-review//flow-baseline//finalDataset//998 Excavator//__APP__/pages/upgrade/index.js"},"to":{"name":"e","loc":{"line":35,"column":12},"id":31976,"file":"D://WORK//2022//论文相关//TOSEM//MiniApp-review//flow-baseline//finalDataset//998 Excavator//__APP__/pages/upgrade/index.js"}}]},{"leftVar":[{"id":32012,"declaredName":"e","declaredLoc":{"line":41,"column":12},"file":"/pages/upgrade/index.js","type":"normal"}],"readFlow":[{"type":"assign to","from":{"name":"this","loc":{"line":41,"column":16},"id":32013,"file":"D://WORK//2022//论文相关//TOSEM//MiniApp-review//flow-baseline//finalDataset//998 Excavator//__APP__/pages/upgrade/index.js"},"to":{"name":"e","loc":{"line":41,"column":12},"id":32012,"file":"D://WORK//2022//论文相关//TOSEM//MiniApp-review//flow-baseline//finalDataset//998 Excavator//__APP__/pages/upgrade/index.js"}}]},{"leftVar":[{"id":32038,"declaredName":"e","declaredLoc":{"line":47,"column":12},"file":"/pages/upgrade/index.js","type":"normal"}],"readFlow":[{"type":"assign to","from":{"name":"this","loc":{"line":47,"column":16},"id":32039,"file":"D://WORK//2022//论文相关//TOSEM//MiniApp-review//flow-baseline//finalDataset//998 Excavator//__APP__/pages/upgrade/index.js"},"to":{"name":"e","loc":{"line":47,"column":12},"id":32038,"file":"D://WORK//2022//论文相关//TOSEM//MiniApp-review//flow-baseline//finalDataset//998 Excavator//__APP__/pages/upgrade/index.js"}}]}]}],"writeShadows":[{"shadowVar":{"id":-1054,"declaredName":"__object__3.setData","file":"/pages/upgrade/index.js","type":"normal"},"writeAccess":[]}]}]}]}