{"definedData":[],"dynamicDefinedData":[{"shadowObjectVar":"__object__3","dynamicDefinedProps":[{"propName":".setData","readShadows":[{"shadowVar":{"id":-1076,"declaredName":"__object__3.setData","file":"/pages/userinfo/index.js","type":"normal"},"readAccess":[{"leftVar":[{"id":32438,"declaredName":"e","declaredLoc":{"line":23,"column":16},"file":"/pages/userinfo/index.js","type":"normal"}],"readFlow":[{"type":"assign to","from":{"name":"this","loc":{"line":23,"column":20},"id":32439,"file":"D://WORK//2022//论文相关//TOSEM//MiniApp-review//flow-baseline//finalDataset//998 Excavator//__APP__/pages/userinfo/index.js"},"to":{"name":"e","loc":{"line":23,"column":16},"id":32438,"file":"D://WORK//2022//论文相关//TOSEM//MiniApp-review//flow-baseline//finalDataset//998 Excavator//__APP__/pages/userinfo/index.js"}}]},{"leftVar":[{"id":32575,"declaredName":"t","declaredLoc":{"line":59,"column":12},"file":"/pages/userinfo/index.js","type":"normal"}],"readFlow":[{"type":"assign to","from":{"name":"this","loc":{"line":59,"column":16},"id":32576,"file":"D://WORK//2022//论文相关//TOSEM//MiniApp-review//flow-baseline//finalDataset//998 Excavator//__APP__/pages/userinfo/index.js"},"to":{"name":"t","loc":{"line":59,"column":12},"id":32575,"file":"D://WORK//2022//论文相关//TOSEM//MiniApp-review//flow-baseline//finalDataset//998 Excavator//__APP__/pages/userinfo/index.js"}}]},{"leftVar":[{"id":32671,"declaredName":"t","declaredLoc":{"line":80,"column":12},"file":"/pages/userinfo/index.js","type":"normal"}],"readFlow":[{"type":"assign to","from":{"name":"this","loc":{"line":80,"column":16},"id":32672,"file":"D://WORK//2022//论文相关//TOSEM//MiniApp-review//flow-baseline//finalDataset//998 Excavator//__APP__/pages/userinfo/index.js"},"to":{"name":"t","loc":{"line":80,"column":12},"id":32671,"file":"D://WORK//2022//论文相关//TOSEM//MiniApp-review//flow-baseline//finalDataset//998 Excavator//__APP__/pages/userinfo/index.js"}}]},{"leftVar":[{"id":32735,"declaredName":"e","declaredLoc":{"line":88,"column":12},"file":"/pages/userinfo/index.js","type":"normal"}],"readFlow":[{"type":"assign to","from":{"name":"this","loc":{"line":88,"column":16},"id":32736,"file":"D://WORK//2022//论文相关//TOSEM//MiniApp-review//flow-baseline//finalDataset//998 Excavator//__APP__/pages/userinfo/index.js"},"to":{"name":"e","loc":{"line":88,"column":12},"id":32735,"file":"D://WORK//2022//论文相关//TOSEM//MiniApp-review//flow-baseline//finalDataset//998 Excavator//__APP__/pages/userinfo/index.js"}}]},{"leftVar":[{"id":32759,"declaredName":"e","declaredLoc":{"line":92,"column":12},"file":"/pages/userinfo/index.js","type":"normal"}],"readFlow":[{"type":"assign to","from":{"name":"this","loc":{"line":92,"column":16},"id":32760,"file":"D://WORK//2022//论文相关//TOSEM//MiniApp-review//flow-baseline//finalDataset//998 Excavator//__APP__/pages/userinfo/index.js"},"to":{"name":"e","loc":{"line":92,"column":12},"id":32759,"file":"D://WORK//2022//论文相关//TOSEM//MiniApp-review//flow-baseline//finalDataset//998 Excavator//__APP__/pages/userinfo/index.js"}}]},{"leftVar":[{"id":32925,"declaredName":"t","declaredLoc":{"line":114,"column":12},"file":"/pages/userinfo/index.js","type":"normal"}],"readFlow":[{"type":"assign to","from":{"name":"this","loc":{"line":114,"column":16},"id":32926,"file":"D://WORK//2022//论文相关//TOSEM//MiniApp-review//flow-baseline//finalDataset//998 Excavator//__APP__/pages/userinfo/index.js"},"to":{"name":"t","loc":{"line":114,"column":12},"id":32925,"file":"D://WORK//2022//论文相关//TOSEM//MiniApp-review//flow-baseline//finalDataset//998 Excavator//__APP__/pages/userinfo/index.js"}}]},{"leftVar":[{"id":33219,"declaredName":"a","declaredLoc":{"line":156,"column":12},"file":"/pages/userinfo/index.js","type":"normal"}],"readFlow":[{"type":"assign to","from":{"name":"this","loc":{"line":156,"column":16},"id":33220,"file":"D://WORK//2022//论文相关//TOSEM//MiniApp-review//flow-baseline//finalDataset//998 Excavator//__APP__/pages/userinfo/index.js"},"to":{"name":"a","loc":{"line":156,"column":12},"id":33219,"file":"D://WORK//2022//论文相关//TOSEM//MiniApp-review//flow-baseline//finalDataset//998 Excavator//__APP__/pages/userinfo/index.js"}}]},{"leftVar":[{"id":33276,"declaredName":"t","declaredLoc":{"line":164,"column":12},"file":"/pages/userinfo/index.js","type":"normal"}],"readFlow":[{"type":"assign to","from":{"name":"this","loc":{"line":164,"column":16},"id":33277,"file":"D://WORK//2022//论文相关//TOSEM//MiniApp-review//flow-baseline//finalDataset//998 Excavator//__APP__/pages/userinfo/index.js"},"to":{"name":"t","loc":{"line":164,"column":12},"id":33276,"file":"D://WORK//2022//论文相关//TOSEM//MiniApp-review//flow-baseline//finalDataset//998 Excavator//__APP__/pages/userinfo/index.js"}}]},{"leftVar":[{"id":33401,"declaredName":"o","declaredLoc":{"line":186,"column":12},"file":"/pages/userinfo/index.js","type":"normal"}],"readFlow":[{"type":"assign to","from":{"name":"this","loc":{"line":186,"column":16},"id":33402,"file":"D://WORK//2022//论文相关//TOSEM//MiniApp-review//flow-baseline//finalDataset//998 Excavator//__APP__/pages/userinfo/index.js"},"to":{"name":"o","loc":{"line":186,"column":12},"id":33401,"file":"D://WORK//2022//论文相关//TOSEM//MiniApp-review//flow-baseline//finalDataset//998 Excavator//__APP__/pages/userinfo/index.js"}}]},{"leftVar":[{"id":33553,"declaredName":"e","declaredLoc":{"line":218,"column":16},"file":"/pages/userinfo/index.js","type":"normal"}],"readFlow":[{"type":"assign to","from":{"name":"this","loc":{"line":218,"column":20},"id":33554,"file":"D://WORK//2022//论文相关//TOSEM//MiniApp-review//flow-baseline//finalDataset//998 Excavator//__APP__/pages/userinfo/index.js"},"to":{"name":"e","loc":{"line":218,"column":16},"id":33553,"file":"D://WORK//2022//论文相关//TOSEM//MiniApp-review//flow-baseline//finalDataset//998 Excavator//__APP__/pages/userinfo/index.js"}}]}]}],"writeShadows":[{"shadowVar":{"id":-1076,"declaredName":"__object__3.setData","file":"/pages/userinfo/index.js","type":"normal"},"writeAccess":[]}]}]}]}