{"definedData":[],"dynamicDefinedData":[{"shadowObjectVar":"__object__3","dynamicDefinedProps":[{"propName":".setData","readShadows":[{"shadowVar":{"id":-127,"declaredName":"__object__3.setData","file":"/pages/activity/activity.js","type":"normal"},"readAccess":[{"leftVar":[{"id":3387,"declaredName":"a","declaredLoc":{"line":14,"column":12},"file":"/pages/activity/activity.js","type":"normal"}],"readFlow":[{"type":"assign to","from":{"name":"this","loc":{"line":14,"column":16},"id":3388,"file":"D://WORK//2022//论文相关//TOSEM//MiniApp-review//flow-baseline//finalDataset//998 Excavator//__APP__/pages/activity/activity.js"},"to":{"name":"a","loc":{"line":14,"column":12},"id":3387,"file":"D://WORK//2022//论文相关//TOSEM//MiniApp-review//flow-baseline//finalDataset//998 Excavator//__APP__/pages/activity/activity.js"}}]},{"leftVar":[{"id":3435,"declaredName":"e","declaredLoc":{"line":21,"column":12},"file":"/pages/activity/activity.js","type":"normal"}],"readFlow":[{"type":"assign to","from":{"name":"this","loc":{"line":21,"column":16},"id":3436,"file":"D://WORK//2022//论文相关//TOSEM//MiniApp-review//flow-baseline//finalDataset//998 Excavator//__APP__/pages/activity/activity.js"},"to":{"name":"e","loc":{"line":21,"column":12},"id":3435,"file":"D://WORK//2022//论文相关//TOSEM//MiniApp-review//flow-baseline//finalDataset//998 Excavator//__APP__/pages/activity/activity.js"}}]},{"leftVar":[{"id":3512,"declaredName":"t","declaredLoc":{"line":29,"column":12},"file":"/pages/activity/activity.js","type":"normal"}],"readFlow":[{"type":"assign to","from":{"name":"this","loc":{"line":29,"column":16},"id":3513,"file":"D://WORK//2022//论文相关//TOSEM//MiniApp-review//flow-baseline//finalDataset//998 Excavator//__APP__/pages/activity/activity.js"},"to":{"name":"t","loc":{"line":29,"column":12},"id":3512,"file":"D://WORK//2022//论文相关//TOSEM//MiniApp-review//flow-baseline//finalDataset//998 Excavator//__APP__/pages/activity/activity.js"}}]},{"leftVar":[{"id":3656,"declaredName":"t","declaredLoc":{"line":41,"column":12},"file":"/pages/activity/activity.js","type":"normal"}],"readFlow":[{"type":"assign to","from":{"name":"this","loc":{"line":41,"column":16},"id":3657,"file":"D://WORK//2022//论文相关//TOSEM//MiniApp-review//flow-baseline//finalDataset//998 Excavator//__APP__/pages/activity/activity.js"},"to":{"name":"t","loc":{"line":41,"column":12},"id":3656,"file":"D://WORK//2022//论文相关//TOSEM//MiniApp-review//flow-baseline//finalDataset//998 Excavator//__APP__/pages/activity/activity.js"}},{"type":"read","from":{"name":"t","loc":{"line":41,"column":12},"id":3656,"file":"D://WORK//2022//论文相关//TOSEM//MiniApp-review//flow-baseline//finalDataset//998 Excavator//__APP__/pages/activity/activity.js"},"to":{"name":"t","loc":{"line":56,"column":15},"id":3844,"file":"D://WORK//2022//论文相关//TOSEM//MiniApp-review//flow-baseline//finalDataset//998 Excavator//__APP__/pages/activity/activity.js"}},{"type":"read","from":{"name":"t","loc":{"line":56,"column":15},"id":3844,"file":"D://WORK//2022//论文相关//TOSEM//MiniApp-review//flow-baseline//finalDataset//998 Excavator//__APP__/pages/activity/activity.js"},"to":{"name":"t.setData","loc":{"line":50,"column":44},"id":3825,"file":"D://WORK//2022//论文相关//TOSEM//MiniApp-review//flow-baseline//finalDataset//998 Excavator//__APP__/pages/activity/activity.js"}}]},{"leftVar":[{"id":3852,"declaredName":"e","declaredLoc":{"line":59,"column":12},"file":"/pages/activity/activity.js","type":"normal"}],"readFlow":[{"type":"assign to","from":{"name":"this","loc":{"line":59,"column":16},"id":3853,"file":"D://WORK//2022//论文相关//TOSEM//MiniApp-review//flow-baseline//finalDataset//998 Excavator//__APP__/pages/activity/activity.js"},"to":{"name":"e","loc":{"line":59,"column":12},"id":3852,"file":"D://WORK//2022//论文相关//TOSEM//MiniApp-review//flow-baseline//finalDataset//998 Excavator//__APP__/pages/activity/activity.js"}}]},{"leftVar":[{"id":3906,"declaredName":"e","declaredLoc":{"line":77,"column":12},"file":"/pages/activity/activity.js","type":"normal"}],"readFlow":[{"type":"assign to","from":{"name":"this","loc":{"line":77,"column":16},"id":3907,"file":"D://WORK//2022//论文相关//TOSEM//MiniApp-review//flow-baseline//finalDataset//998 Excavator//__APP__/pages/activity/activity.js"},"to":{"name":"e","loc":{"line":77,"column":12},"id":3906,"file":"D://WORK//2022//论文相关//TOSEM//MiniApp-review//flow-baseline//finalDataset//998 Excavator//__APP__/pages/activity/activity.js"}}]}]}],"writeShadows":[{"shadowVar":{"id":-127,"declaredName":"__object__3.setData","file":"/pages/activity/activity.js","type":"normal"},"writeAccess":[]}]}]}]}