{"definedData":[],"dynamicDefinedData":[{"shadowObjectVar":"__object__3","dynamicDefinedProps":[{"propName":".setData","readShadows":[{"shadowVar":{"id":-154,"declaredName":"__object__3.setData","file":"/pages/answer/index.js","type":"normal"},"readAccess":[{"leftVar":[{"id":4126,"declaredName":"a","declaredLoc":{"line":26,"column":12},"file":"/pages/answer/index.js","type":"normal"}],"readFlow":[{"type":"assign to","from":{"name":"this","loc":{"line":26,"column":16},"id":4127,"file":"D://WORK//2022//论文相关//TOSEM//MiniApp-review//flow-baseline//finalDataset//998 Excavator//__APP__/pages/answer/index.js"},"to":{"name":"a","loc":{"line":26,"column":12},"id":4126,"file":"D://WORK//2022//论文相关//TOSEM//MiniApp-review//flow-baseline//finalDataset//998 Excavator//__APP__/pages/answer/index.js"}}]},{"leftVar":[{"id":4320,"declaredName":"t","declaredLoc":{"line":56,"column":12},"file":"/pages/answer/index.js","type":"normal"}],"readFlow":[{"type":"assign to","from":{"name":"this","loc":{"line":56,"column":16},"id":4321,"file":"D://WORK//2022//论文相关//TOSEM//MiniApp-review//flow-baseline//finalDataset//998 Excavator//__APP__/pages/answer/index.js"},"to":{"name":"t","loc":{"line":56,"column":12},"id":4320,"file":"D://WORK//2022//论文相关//TOSEM//MiniApp-review//flow-baseline//finalDataset//998 Excavator//__APP__/pages/answer/index.js"}}]},{"leftVar":[{"id":4356,"declaredName":"a","declaredLoc":{"line":64,"column":12},"file":"/pages/answer/index.js","type":"normal"}],"readFlow":[{"type":"assign to","from":{"name":"this","loc":{"line":64,"column":16},"id":4357,"file":"D://WORK//2022//论文相关//TOSEM//MiniApp-review//flow-baseline//finalDataset//998 Excavator//__APP__/pages/answer/index.js"},"to":{"name":"a","loc":{"line":64,"column":12},"id":4356,"file":"D://WORK//2022//论文相关//TOSEM//MiniApp-review//flow-baseline//finalDataset//998 Excavator//__APP__/pages/answer/index.js"}}]},{"leftVar":[{"id":4410,"declaredName":"e","declaredLoc":{"line":79,"column":12},"file":"/pages/answer/index.js","type":"normal"}],"readFlow":[{"type":"assign to","from":{"name":"this","loc":{"line":79,"column":16},"id":4411,"file":"D://WORK//2022//论文相关//TOSEM//MiniApp-review//flow-baseline//finalDataset//998 Excavator//__APP__/pages/answer/index.js"},"to":{"name":"e","loc":{"line":79,"column":12},"id":4410,"file":"D://WORK//2022//论文相关//TOSEM//MiniApp-review//flow-baseline//finalDataset//998 Excavator//__APP__/pages/answer/index.js"}}]},{"leftVar":[{"id":4685,"declaredName":"t","declaredLoc":{"line":109,"column":12},"file":"/pages/answer/index.js","type":"normal"}],"readFlow":[{"type":"assign to","from":{"name":"this","loc":{"line":109,"column":16},"id":4686,"file":"D://WORK//2022//论文相关//TOSEM//MiniApp-review//flow-baseline//finalDataset//998 Excavator//__APP__/pages/answer/index.js"},"to":{"name":"t","loc":{"line":109,"column":12},"id":4685,"file":"D://WORK//2022//论文相关//TOSEM//MiniApp-review//flow-baseline//finalDataset//998 Excavator//__APP__/pages/answer/index.js"}}]},{"leftVar":[{"id":4714,"declaredName":"e","declaredLoc":{"line":115,"column":12},"file":"/pages/answer/index.js","type":"normal"}],"readFlow":[{"type":"assign to","from":{"name":"this","loc":{"line":115,"column":16},"id":4715,"file":"D://WORK//2022//论文相关//TOSEM//MiniApp-review//flow-baseline//finalDataset//998 Excavator//__APP__/pages/answer/index.js"},"to":{"name":"e","loc":{"line":115,"column":12},"id":4714,"file":"D://WORK//2022//论文相关//TOSEM//MiniApp-review//flow-baseline//finalDataset//998 Excavator//__APP__/pages/answer/index.js"}}]},{"leftVar":[{"id":4822,"declaredName":"e","declaredLoc":{"line":130,"column":12},"file":"/pages/answer/index.js","type":"normal"}],"readFlow":[{"type":"assign to","from":{"name":"this","loc":{"line":130,"column":16},"id":4823,"file":"D://WORK//2022//论文相关//TOSEM//MiniApp-review//flow-baseline//finalDataset//998 Excavator//__APP__/pages/answer/index.js"},"to":{"name":"e","loc":{"line":130,"column":12},"id":4822,"file":"D://WORK//2022//论文相关//TOSEM//MiniApp-review//flow-baseline//finalDataset//998 Excavator//__APP__/pages/answer/index.js"}}]},{"leftVar":[{"id":4888,"declaredName":"t","declaredLoc":{"line":148,"column":12},"file":"/pages/answer/index.js","type":"normal"}],"readFlow":[{"type":"assign to","from":{"name":"this","loc":{"line":148,"column":16},"id":4889,"file":"D://WORK//2022//论文相关//TOSEM//MiniApp-review//flow-baseline//finalDataset//998 Excavator//__APP__/pages/answer/index.js"},"to":{"name":"t","loc":{"line":148,"column":12},"id":4888,"file":"D://WORK//2022//论文相关//TOSEM//MiniApp-review//flow-baseline//finalDataset//998 Excavator//__APP__/pages/answer/index.js"}}]},{"leftVar":[{"id":4987,"declaredName":"e","declaredLoc":{"line":158,"column":12},"file":"/pages/answer/index.js","type":"normal"}],"readFlow":[{"type":"assign to","from":{"name":"this","loc":{"line":158,"column":16},"id":4988,"file":"D://WORK//2022//论文相关//TOSEM//MiniApp-review//flow-baseline//finalDataset//998 Excavator//__APP__/pages/answer/index.js"},"to":{"name":"e","loc":{"line":158,"column":12},"id":4987,"file":"D://WORK//2022//论文相关//TOSEM//MiniApp-review//flow-baseline//finalDataset//998 Excavator//__APP__/pages/answer/index.js"}}]},{"leftVar":[{"id":5110,"declaredName":"t","declaredLoc":{"line":176,"column":12},"file":"/pages/answer/index.js","type":"normal"}],"readFlow":[{"type":"assign to","from":{"name":"this","loc":{"line":176,"column":16},"id":5111,"file":"D://WORK//2022//论文相关//TOSEM//MiniApp-review//flow-baseline//finalDataset//998 Excavator//__APP__/pages/answer/index.js"},"to":{"name":"t","loc":{"line":176,"column":12},"id":5110,"file":"D://WORK//2022//论文相关//TOSEM//MiniApp-review//flow-baseline//finalDataset//998 Excavator//__APP__/pages/answer/index.js"}}]},{"leftVar":[{"id":5145,"declaredName":"a","declaredLoc":{"line":182,"column":12},"file":"/pages/answer/index.js","type":"normal"}],"readFlow":[{"type":"assign to","from":{"name":"this","loc":{"line":182,"column":16},"id":5146,"file":"D://WORK//2022//论文相关//TOSEM//MiniApp-review//flow-baseline//finalDataset//998 Excavator//__APP__/pages/answer/index.js"},"to":{"name":"a","loc":{"line":182,"column":12},"id":5145,"file":"D://WORK//2022//论文相关//TOSEM//MiniApp-review//flow-baseline//finalDataset//998 Excavator//__APP__/pages/answer/index.js"}}]},{"leftVar":[{"id":5268,"declaredName":"t","declaredLoc":{"line":210,"column":12},"file":"/pages/answer/index.js","type":"normal"}],"readFlow":[{"type":"assign to","from":{"name":"this","loc":{"line":210,"column":16},"id":5269,"file":"D://WORK//2022//论文相关//TOSEM//MiniApp-review//flow-baseline//finalDataset//998 Excavator//__APP__/pages/answer/index.js"},"to":{"name":"t","loc":{"line":210,"column":12},"id":5268,"file":"D://WORK//2022//论文相关//TOSEM//MiniApp-review//flow-baseline//finalDataset//998 Excavator//__APP__/pages/answer/index.js"}}]},{"leftVar":[{"id":5402,"declaredName":"e","declaredLoc":{"line":239,"column":12},"file":"/pages/answer/index.js","type":"normal"}],"readFlow":[{"type":"assign to","from":{"name":"this","loc":{"line":239,"column":16},"id":5403,"file":"D://WORK//2022//论文相关//TOSEM//MiniApp-review//flow-baseline//finalDataset//998 Excavator//__APP__/pages/answer/index.js"},"to":{"name":"e","loc":{"line":239,"column":12},"id":5402,"file":"D://WORK//2022//论文相关//TOSEM//MiniApp-review//flow-baseline//finalDataset//998 Excavator//__APP__/pages/answer/index.js"}}]},{"leftVar":[{"id":5469,"declaredName":"a","declaredLoc":{"line":259,"column":12},"file":"/pages/answer/index.js","type":"normal"}],"readFlow":[{"type":"assign to","from":{"name":"this","loc":{"line":259,"column":16},"id":5470,"file":"D://WORK//2022//论文相关//TOSEM//MiniApp-review//flow-baseline//finalDataset//998 Excavator//__APP__/pages/answer/index.js"},"to":{"name":"a","loc":{"line":259,"column":12},"id":5469,"file":"D://WORK//2022//论文相关//TOSEM//MiniApp-review//flow-baseline//finalDataset//998 Excavator//__APP__/pages/answer/index.js"}}]}]}],"writeShadows":[{"shadowVar":{"id":-154,"declaredName":"__object__3.setData","file":"/pages/answer/index.js","type":"normal"},"writeAccess":[]}]}]}]}