{"definedData":[],"dynamicDefinedData":[{"shadowObjectVar":"__object__3","dynamicDefinedProps":[{"propName":".setData","readShadows":[{"shadowVar":{"id":-195,"declaredName":"__object__3.setData","file":"/pages/answer/start.js","type":"normal"},"readAccess":[{"leftVar":[{"id":5738,"declaredName":"e","declaredLoc":{"line":10,"column":12},"file":"/pages/answer/start.js","type":"normal"}],"readFlow":[{"type":"assign to","from":{"name":"this","loc":{"line":10,"column":16},"id":5739,"file":"D://WORK//2022//论文相关//TOSEM//MiniApp-review//flow-baseline//finalDataset//998 Excavator//__APP__/pages/answer/start.js"},"to":{"name":"e","loc":{"line":10,"column":12},"id":5738,"file":"D://WORK//2022//论文相关//TOSEM//MiniApp-review//flow-baseline//finalDataset//998 Excavator//__APP__/pages/answer/start.js"}}]}]}],"writeShadows":[{"shadowVar":{"id":-195,"declaredName":"__object__3.setData","file":"/pages/answer/start.js","type":"normal"},"writeAccess":[]}]}]}]}