{"definedData":[],"dynamicDefinedData":[{"shadowObjectVar":"__object__3","dynamicDefinedProps":[{"propName":".setData","readShadows":[{"shadowVar":{"id":-219,"declaredName":"__object__3.setData","file":"/pages/answertop/index.js","type":"normal"},"readAccess":[{"leftVar":[{"id":6145,"declaredName":"e","declaredLoc":{"line":12,"column":12},"file":"/pages/answertop/index.js","type":"normal"}],"readFlow":[{"type":"assign to","from":{"name":"this","loc":{"line":12,"column":16},"id":6146,"file":"D://WORK//2022//论文相关//TOSEM//MiniApp-review//flow-baseline//finalDataset//998 Excavator//__APP__/pages/answertop/index.js"},"to":{"name":"e","loc":{"line":12,"column":12},"id":6145,"file":"D://WORK//2022//论文相关//TOSEM//MiniApp-review//flow-baseline//finalDataset//998 Excavator//__APP__/pages/answertop/index.js"}}]},{"leftVar":[{"id":6292,"declaredName":"a","declaredLoc":{"line":51,"column":12},"file":"/pages/answertop/index.js","type":"normal"}],"readFlow":[{"type":"assign to","from":{"name":"this","loc":{"line":51,"column":16},"id":6293,"file":"D://WORK//2022//论文相关//TOSEM//MiniApp-review//flow-baseline//finalDataset//998 Excavator//__APP__/pages/answertop/index.js"},"to":{"name":"a","loc":{"line":51,"column":12},"id":6292,"file":"D://WORK//2022//论文相关//TOSEM//MiniApp-review//flow-baseline//finalDataset//998 Excavator//__APP__/pages/answertop/index.js"}}]},{"leftVar":[{"id":6408,"declaredName":"e","declaredLoc":{"line":64,"column":12},"file":"/pages/answertop/index.js","type":"normal"}],"readFlow":[{"type":"assign to","from":{"name":"this","loc":{"line":64,"column":16},"id":6409,"file":"D://WORK//2022//论文相关//TOSEM//MiniApp-review//flow-baseline//finalDataset//998 Excavator//__APP__/pages/answertop/index.js"},"to":{"name":"e","loc":{"line":64,"column":12},"id":6408,"file":"D://WORK//2022//论文相关//TOSEM//MiniApp-review//flow-baseline//finalDataset//998 Excavator//__APP__/pages/answertop/index.js"}}]}]}],"writeShadows":[{"shadowVar":{"id":-219,"declaredName":"__object__3.setData","file":"/pages/answertop/index.js","type":"normal"},"writeAccess":[]}]}]}]}