{"definedData":[],"dynamicDefinedData":[{"shadowObjectVar":"setData","dynamicDefinedProps":[{"propName":"","readShadows":[{"shadowVar":{"id":-241,"declaredName":"setData","file":"/pages/auth/info.js","type":"normal"},"readAccess":[{"leftVar":[{"id":6589,"declaredName":"t","declaredLoc":{"line":6,"column":12},"file":"/pages/auth/info.js","type":"normal"}],"readFlow":[{"type":"assign to","from":{"name":"this","loc":{"line":6,"column":16},"id":6590,"file":"D://WORK//2022//论文相关//TOSEM//MiniApp-review//flow-baseline//finalDataset//998 Excavator//__APP__/pages/auth/info.js"},"to":{"name":"t","loc":{"line":6,"column":12},"id":6589,"file":"D://WORK//2022//论文相关//TOSEM//MiniApp-review//flow-baseline//finalDataset//998 Excavator//__APP__/pages/auth/info.js"}}]}]}],"writeShadows":[{"shadowVar":{"id":-241,"declaredName":"setData","file":"/pages/auth/info.js","type":"normal"},"writeAccess":[]}]}]}]}