{"definedData":[],"dynamicDefinedData":[{"shadowObjectVar":"__object__3","dynamicDefinedProps":[{"propName":".setData","readShadows":[{"shadowVar":{"id":-273,"declaredName":"__object__3.setData","file":"/pages/colles/colles.js","type":"normal"},"readAccess":[{"leftVar":[{"id":6770,"declaredName":"a","declaredLoc":{"line":17,"column":12},"file":"/pages/colles/colles.js","type":"normal"}],"readFlow":[{"type":"assign to","from":{"name":"this","loc":{"line":17,"column":16},"id":6771,"file":"D://WORK//2022//论文相关//TOSEM//MiniApp-review//flow-baseline//finalDataset//998 Excavator//__APP__/pages/colles/colles.js"},"to":{"name":"a","loc":{"line":17,"column":12},"id":6770,"file":"D://WORK//2022//论文相关//TOSEM//MiniApp-review//flow-baseline//finalDataset//998 Excavator//__APP__/pages/colles/colles.js"}}]},{"leftVar":[{"id":6829,"declaredName":"o","declaredLoc":{"line":24,"column":44},"file":"/pages/colles/colles.js","type":"normal"}],"readFlow":[{"type":"assign to","from":{"name":"this","loc":{"line":24,"column":48},"id":6830,"file":"D://WORK//2022//论文相关//TOSEM//MiniApp-review//flow-baseline//finalDataset//998 Excavator//__APP__/pages/colles/colles.js"},"to":{"name":"o","loc":{"line":24,"column":44},"id":6829,"file":"D://WORK//2022//论文相关//TOSEM//MiniApp-review//flow-baseline//finalDataset//998 Excavator//__APP__/pages/colles/colles.js"}}]},{"leftVar":[{"id":6960,"declaredName":"a","declaredLoc":{"line":49,"column":12},"file":"/pages/colles/colles.js","type":"normal"}],"readFlow":[{"type":"assign to","from":{"name":"this","loc":{"line":49,"column":16},"id":6961,"file":"D://WORK//2022//论文相关//TOSEM//MiniApp-review//flow-baseline//finalDataset//998 Excavator//__APP__/pages/colles/colles.js"},"to":{"name":"a","loc":{"line":49,"column":12},"id":6960,"file":"D://WORK//2022//论文相关//TOSEM//MiniApp-review//flow-baseline//finalDataset//998 Excavator//__APP__/pages/colles/colles.js"}}]},{"leftVar":[{"id":7142,"declaredName":"e","declaredLoc":{"line":82,"column":12},"file":"/pages/colles/colles.js","type":"normal"}],"readFlow":[{"type":"assign to","from":{"name":"this","loc":{"line":82,"column":16},"id":7143,"file":"D://WORK//2022//论文相关//TOSEM//MiniApp-review//flow-baseline//finalDataset//998 Excavator//__APP__/pages/colles/colles.js"},"to":{"name":"e","loc":{"line":82,"column":12},"id":7142,"file":"D://WORK//2022//论文相关//TOSEM//MiniApp-review//flow-baseline//finalDataset//998 Excavator//__APP__/pages/colles/colles.js"}}]},{"leftVar":[{"id":7265,"declaredName":"i","declaredLoc":{"line":104,"column":12},"file":"/pages/colles/colles.js","type":"normal"}],"readFlow":[{"type":"assign to","from":{"name":"this","loc":{"line":104,"column":16},"id":7266,"file":"D://WORK//2022//论文相关//TOSEM//MiniApp-review//flow-baseline//finalDataset//998 Excavator//__APP__/pages/colles/colles.js"},"to":{"name":"i","loc":{"line":104,"column":12},"id":7265,"file":"D://WORK//2022//论文相关//TOSEM//MiniApp-review//flow-baseline//finalDataset//998 Excavator//__APP__/pages/colles/colles.js"}}]},{"leftVar":[{"id":7412,"declaredName":"a","declaredLoc":{"line":135,"column":12},"file":"/pages/colles/colles.js","type":"normal"}],"readFlow":[{"type":"assign to","from":{"name":"this","loc":{"line":135,"column":16},"id":7413,"file":"D://WORK//2022//论文相关//TOSEM//MiniApp-review//flow-baseline//finalDataset//998 Excavator//__APP__/pages/colles/colles.js"},"to":{"name":"a","loc":{"line":135,"column":12},"id":7412,"file":"D://WORK//2022//论文相关//TOSEM//MiniApp-review//flow-baseline//finalDataset//998 Excavator//__APP__/pages/colles/colles.js"}}]},{"leftVar":[{"id":7452,"declaredName":"a","declaredLoc":{"line":140,"column":12},"file":"/pages/colles/colles.js","type":"normal"}],"readFlow":[{"type":"assign to","from":{"name":"this","loc":{"line":140,"column":16},"id":7453,"file":"D://WORK//2022//论文相关//TOSEM//MiniApp-review//flow-baseline//finalDataset//998 Excavator//__APP__/pages/colles/colles.js"},"to":{"name":"a","loc":{"line":140,"column":12},"id":7452,"file":"D://WORK//2022//论文相关//TOSEM//MiniApp-review//flow-baseline//finalDataset//998 Excavator//__APP__/pages/colles/colles.js"}}]},{"leftVar":[{"id":7721,"declaredName":"t","declaredLoc":{"line":193,"column":12},"file":"/pages/colles/colles.js","type":"normal"}],"readFlow":[{"type":"assign to","from":{"name":"this","loc":{"line":193,"column":16},"id":7722,"file":"D://WORK//2022//论文相关//TOSEM//MiniApp-review//flow-baseline//finalDataset//998 Excavator//__APP__/pages/colles/colles.js"},"to":{"name":"t","loc":{"line":193,"column":12},"id":7721,"file":"D://WORK//2022//论文相关//TOSEM//MiniApp-review//flow-baseline//finalDataset//998 Excavator//__APP__/pages/colles/colles.js"}}]}]}],"writeShadows":[{"shadowVar":{"id":-273,"declaredName":"__object__3.setData","file":"/pages/colles/colles.js","type":"normal"},"writeAccess":[]}]}]}]}