[{"id": 0, "type": "[document]", "string": null, "attribute": {}, "referenceVariable": [], "referenceFunction": [], "style": [], "inheritClass": null, "wxss": [], "page": null, "path": "D:\\WORK\\2021\\MPDF\\baseline\\ui\\法律名片\\input.wxml", "child": [1], "parent": null, "matchString": [{"type": "relation", "string": "http://www.w3.org/1999/xhtml"}, {"type": "relation", "string": "Input"}, {"type": "relation", "string": "表单输入"}, {"type": "relation", "string": "错误提示"}, {"type": "relation", "string": "单选列表项"}, {"type": "relation", "string": "{{item.name}}"}, {"type": "relation", "string": "添加更多"}, {"type": "relation", "string": "复选列表项"}, {"type": "relation", "string": "表单"}, {"type": "relation", "string": "qq"}, {"type": "relation", "string": "请输入qq"}, {"type": "relation", "string": "手机号"}, {"type": "relation", "string": "请输入手机号"}, {"type": "relation", "string": "获取验证码"}, {"type": "relation", "string": "日期"}, {"type": "relation", "string": "2017-09-01"}, {"type": "relation", "string": "2015-09-01"}, {"type": "relation", "string": "{{date}}"}, {"type": "relation", "string": "时间"}, {"type": "relation", "string": "21:01"}, {"type": "relation", "string": "09:01"}, {"type": "relation", "string": "{{time}}"}, {"type": "relation", "string": "验证码"}, {"type": "relation", "string": "请输入验证码"}, {"type": "relation", "string": "底部说明文字底部说明文字"}, {"type": "relation", "string": "表单报错"}, {"type": "relation", "string": "卡号"}, {"type": "relation", "string": "请输入卡号"}, {"type": "relation", "string": "开关"}, {"type": "relation", "string": "标题文字"}, {"type": "relation", "string": "文本框"}, {"type": "relation", "string": "请输入文本"}, {"type": "relation", "string": "文本域"}, {"type": "relation", "string": "0/200"}, {"type": "relation", "string": "选择"}, {"type": "relation", "string": "{{countryCodes}}"}, {"type": "relation", "string": "{{countryCodes[countryCodeIndex]}}"}, {"type": "relation", "string": "请输入号码"}, {"type": "relation", "string": "{{accounts}}"}, {"type": "relation", "string": "{{accounts[accountIndex]}}"}, {"type": "relation", "string": "国家/地区"}, {"type": "relation", "string": "{{countries}}"}, {"type": "relation", "string": "{{countries[countryIndex]}}"}, {"type": "relation", "string": "weuiAgree"}, {"type": "relation", "string": "《相关条款》"}, {"type": "relation", "string": ""}, {"type": "relation", "string": "确定"}]}, {"id": 1, "type": "view", "string": null, "attribute": {"class": ["page"], "xmlns:wx": "http://www.w3.org/1999/xhtml"}, "referenceVariable": [], "referenceFunction": [], "style": [], "inheritClass": null, "wxss": [], "page": null, "path": "D:\\WORK\\2021\\MPDF\\baseline\\ui\\法律名片\\input.wxml", "child": [2, 5], "parent": 0, "matchString": [{"type": "attr", "string": "http://www.w3.org/1999/xhtml"}, {"type": "relation", "string": "Input"}, {"type": "relation", "string": "表单输入"}, {"type": "relation", "string": "错误提示"}, {"type": "relation", "string": "单选列表项"}, {"type": "relation", "string": "{{item.name}}"}, {"type": "relation", "string": "添加更多"}, {"type": "relation", "string": "复选列表项"}, {"type": "relation", "string": "表单"}, {"type": "relation", "string": "qq"}, {"type": "relation", "string": "请输入qq"}, {"type": "relation", "string": "手机号"}, {"type": "relation", "string": "请输入手机号"}, {"type": "relation", "string": "获取验证码"}, {"type": "relation", "string": "日期"}, {"type": "relation", "string": "2017-09-01"}, {"type": "relation", "string": "2015-09-01"}, {"type": "relation", "string": "{{date}}"}, {"type": "relation", "string": "时间"}, {"type": "relation", "string": "21:01"}, {"type": "relation", "string": "09:01"}, {"type": "relation", "string": "{{time}}"}, {"type": "relation", "string": "验证码"}, {"type": "relation", "string": "请输入验证码"}, {"type": "relation", "string": "底部说明文字底部说明文字"}, {"type": "relation", "string": "表单报错"}, {"type": "relation", "string": "卡号"}, {"type": "relation", "string": "请输入卡号"}, {"type": "relation", "string": "开关"}, {"type": "relation", "string": "标题文字"}, {"type": "relation", "string": "文本框"}, {"type": "relation", "string": "请输入文本"}, {"type": "relation", "string": "文本域"}, {"type": "relation", "string": "0/200"}, {"type": "relation", "string": "选择"}, {"type": "relation", "string": "{{countryCodes}}"}, {"type": "relation", "string": "{{countryCodes[countryCodeIndex]}}"}, {"type": "relation", "string": "请输入号码"}, {"type": "relation", "string": "{{accounts}}"}, {"type": "relation", "string": "{{accounts[accountIndex]}}"}, {"type": "relation", "string": "国家/地区"}, {"type": "relation", "string": "{{countries}}"}, {"type": "relation", "string": "{{countries[countryIndex]}}"}, {"type": "relation", "string": "weuiAgree"}, {"type": "relation", "string": "《相关条款》"}, {"type": "relation", "string": ""}, {"type": "relation", "string": "确定"}]}, {"id": 2, "type": "view", "string": null, "attribute": {"class": ["page__hd"]}, "referenceVariable": [], "referenceFunction": [], "style": [], "inheritClass": null, "wxss": [], "page": null, "path": "D:\\WORK\\2021\\MPDF\\baseline\\ui\\法律名片\\input.wxml", "child": [3, 4], "parent": 1, "matchString": [{"type": "relation", "string": "Input"}, {"type": "relation", "string": "表单输入"}]}, {"id": 3, "type": "view", "string": "Input", "attribute": {"class": ["page__title"]}, "referenceVariable": [], "referenceFunction": [], "style": [], "inheritClass": null, "wxss": [], "page": null, "path": "D:\\WORK\\2021\\MPDF\\baseline\\ui\\法律名片\\input.wxml", "child": [], "parent": 2, "matchString": [{"type": "self", "string": "Input"}]}, {"id": 4, "type": "view", "string": "表单输入", "attribute": {"class": ["page__desc"]}, "referenceVariable": [], "referenceFunction": [], "style": [], "inheritClass": null, "wxss": [], "page": null, "path": "D:\\WORK\\2021\\MPDF\\baseline\\ui\\法律名片\\input.wxml", "child": [], "parent": 2, "matchString": [{"type": "self", "string": "表单输入"}]}, {"id": 5, "type": "view", "string": null, "attribute": {"class": ["page__bd"]}, "referenceVariable": [], "referenceFunction": [], "style": [], "inheritClass": null, "wxss": [], "page": null, "path": "D:\\WORK\\2021\\MPDF\\baseline\\ui\\法律名片\\input.wxml", "child": [6, 7, 8, 17, 18, 28, 29, 61, 62, 63, 71, 72, 77, 78, 82, 83, 88, 89, 96, 97, 108, 115], "parent": 1, "matchString": [{"type": "relation", "string": "错误提示"}, {"type": "relation", "string": "单选列表项"}, {"type": "relation", "string": "{{item.name}}"}, {"type": "relation", "string": "添加更多"}, {"type": "relation", "string": "复选列表项"}, {"type": "relation", "string": "表单"}, {"type": "relation", "string": "qq"}, {"type": "relation", "string": "请输入qq"}, {"type": "relation", "string": "手机号"}, {"type": "relation", "string": "请输入手机号"}, {"type": "relation", "string": "获取验证码"}, {"type": "relation", "string": "日期"}, {"type": "relation", "string": "2017-09-01"}, {"type": "relation", "string": "2015-09-01"}, {"type": "relation", "string": "{{date}}"}, {"type": "relation", "string": "时间"}, {"type": "relation", "string": "21:01"}, {"type": "relation", "string": "09:01"}, {"type": "relation", "string": "{{time}}"}, {"type": "relation", "string": "验证码"}, {"type": "relation", "string": "请输入验证码"}, {"type": "relation", "string": "底部说明文字底部说明文字"}, {"type": "relation", "string": "表单报错"}, {"type": "relation", "string": "卡号"}, {"type": "relation", "string": "请输入卡号"}, {"type": "relation", "string": "开关"}, {"type": "relation", "string": "标题文字"}, {"type": "relation", "string": "文本框"}, {"type": "relation", "string": "请输入文本"}, {"type": "relation", "string": "文本域"}, {"type": "relation", "string": "0/200"}, {"type": "relation", "string": "选择"}, {"type": "relation", "string": "{{countryCodes}}"}, {"type": "relation", "string": "{{countryCodes[countryCodeIndex]}}"}, {"type": "relation", "string": "请输入号码"}, {"type": "relation", "string": "{{accounts}}"}, {"type": "relation", "string": "{{accounts[accountIndex]}}"}, {"type": "relation", "string": "国家/地区"}, {"type": "relation", "string": "{{countries}}"}, {"type": "relation", "string": "{{countries[countryIndex]}}"}, {"type": "relation", "string": "weuiAgree"}, {"type": "relation", "string": "《相关条款》"}, {"type": "relation", "string": ""}, {"type": "relation", "string": "确定"}]}, {"id": 6, "type": "view", "string": "错误提示", "attribute": {"class": ["weui-toptips", "weui-toptips_warn"], "wx:if": "{{showTopTips}}"}, "referenceVariable": ["showTopTips"], "referenceFunction": [], "style": [], "inheritClass": null, "wxss": [], "page": null, "path": "D:\\WORK\\2021\\MPDF\\baseline\\ui\\法律名片\\input.wxml", "child": [], "parent": 5, "matchString": [{"type": "self", "string": "错误提示"}]}, {"id": 7, "type": "view", "string": "单选列表项", "attribute": {"class": ["weui-cells__title"]}, "referenceVariable": [], "referenceFunction": [], "style": [], "inheritClass": null, "wxss": [], "page": null, "path": "D:\\WORK\\2021\\MPDF\\baseline\\ui\\法律名片\\input.wxml", "child": [], "parent": 5, "matchString": [{"type": "self", "string": "单选列表项"}]}, {"id": 8, "type": "view", "string": null, "attribute": {"class": ["weui-cells", "weui-cells_after-title"]}, "referenceVariable": [], "referenceFunction": [], "style": [], "inheritClass": null, "wxss": [], "page": null, "path": "D:\\WORK\\2021\\MPDF\\baseline\\ui\\法律名片\\input.wxml", "child": [9, 15], "parent": 5, "matchString": [{"type": "relation", "string": "{{item.name}}"}, {"type": "relation", "string": "添加更多"}]}, {"id": 9, "type": "radio-group", "string": null, "attribute": {"bindchange": "radioChange"}, "referenceVariable": [], "referenceFunction": ["radioChange"], "style": [], "inheritClass": null, "wxss": [], "page": null, "path": "D:\\WORK\\2021\\MPDF\\baseline\\ui\\法律名片\\input.wxml", "child": [10], "parent": 8, "matchString": [{"type": "relation", "string": "{{item.name}}"}]}, {"id": 10, "type": "label", "string": null, "attribute": {"class": ["weui-cell", "weui-check__label"], "wx:for": "{{radioItems}}", "wx:key": "value"}, "referenceVariable": ["radioItems"], "referenceFunction": [], "style": [], "inheritClass": null, "wxss": [], "page": null, "path": "D:\\WORK\\2021\\MPDF\\baseline\\ui\\法律名片\\input.wxml", "child": [11, 12, 13], "parent": 9, "matchString": [{"type": "relation", "string": "{{item.name}}"}]}, {"id": 11, "type": "radio", "string": null, "attribute": {"checked": "{{item.checked}}", "class": ["weui-check"], "value": "{{item.value}}"}, "referenceVariable": ["item.checked", "item.value"], "referenceFunction": [], "style": [], "inheritClass": null, "wxss": [], "page": null, "path": "D:\\WORK\\2021\\MPDF\\baseline\\ui\\法律名片\\input.wxml", "child": [], "parent": 10, "matchString": []}, {"id": 12, "type": "view", "string": "{{item.name}}", "attribute": {"class": ["weui-cell__bd"]}, "referenceVariable": [], "referenceFunction": [], "style": [], "inheritClass": null, "wxss": [], "page": null, "path": "D:\\WORK\\2021\\MPDF\\baseline\\ui\\法律名片\\input.wxml", "child": [], "parent": 10, "matchString": [{"type": "self", "string": "{{item.name}}"}]}, {"id": 13, "type": "view", "string": null, "attribute": {"class": ["weui-cell__ft", "weui-cell__ft_in-radio"], "wx:if": "{{item.checked}}"}, "referenceVariable": ["item.checked"], "referenceFunction": [], "style": [], "inheritClass": null, "wxss": [], "page": null, "path": "D:\\WORK\\2021\\MPDF\\baseline\\ui\\法律名片\\input.wxml", "child": [14], "parent": 10, "matchString": []}, {"id": 14, "type": "icon", "string": null, "attribute": {"class": ["weui-icon-radio"], "size": "16", "type": "success_no_circle"}, "referenceVariable": [], "referenceFunction": [], "style": [], "inheritClass": null, "wxss": [], "page": null, "path": "D:\\WORK\\2021\\MPDF\\baseline\\ui\\法律名片\\input.wxml", "child": [], "parent": 13, "matchString": []}, {"id": 15, "type": "view", "string": null, "attribute": {"class": ["weui-cell", "weui-cell_link"]}, "referenceVariable": [], "referenceFunction": [], "style": [], "inheritClass": null, "wxss": [], "page": null, "path": "D:\\WORK\\2021\\MPDF\\baseline\\ui\\法律名片\\input.wxml", "child": [16, 27], "parent": 8, "matchString": [{"type": "relation", "string": "添加更多"}]}, {"id": 16, "type": "view", "string": "添加更多", "attribute": {"class": ["weui-cell__bd"]}, "referenceVariable": [], "referenceFunction": [], "style": [], "inheritClass": null, "wxss": [], "page": null, "path": "D:\\WORK\\2021\\MPDF\\baseline\\ui\\法律名片\\input.wxml", "child": [], "parent": 15, "matchString": [{"type": "self", "string": "添加更多"}]}, {"id": 17, "type": "view", "string": "复选列表项", "attribute": {"class": ["weui-cells__title"]}, "referenceVariable": [], "referenceFunction": [], "style": [], "inheritClass": null, "wxss": [], "page": null, "path": "D:\\WORK\\2021\\MPDF\\baseline\\ui\\法律名片\\input.wxml", "child": [], "parent": 5, "matchString": [{"type": "self", "string": "复选列表项"}]}, {"id": 18, "type": "view", "string": null, "attribute": {"class": ["weui-cells", "weui-cells_after-title"]}, "referenceVariable": [], "referenceFunction": [], "style": [], "inheritClass": null, "wxss": [], "page": null, "path": "D:\\WORK\\2021\\MPDF\\baseline\\ui\\法律名片\\input.wxml", "child": [19, 26], "parent": 5, "matchString": [{"type": "relation", "string": "{{item.name}}"}, {"type": "relation", "string": "添加更多"}]}, {"id": 19, "type": "checkbox-group", "string": null, "attribute": {"bindchange": "checkboxChange"}, "referenceVariable": [], "referenceFunction": ["checkboxChange"], "style": [], "inheritClass": null, "wxss": [], "page": null, "path": "D:\\WORK\\2021\\MPDF\\baseline\\ui\\法律名片\\input.wxml", "child": [20], "parent": 18, "matchString": [{"type": "relation", "string": "{{item.name}}"}]}, {"id": 20, "type": "label", "string": null, "attribute": {"class": ["weui-cell", "weui-check__label"], "wx:for": "{{checkboxItems}}", "wx:key": "value"}, "referenceVariable": ["checkboxItems"], "referenceFunction": [], "style": [], "inheritClass": null, "wxss": [], "page": null, "path": "D:\\WORK\\2021\\MPDF\\baseline\\ui\\法律名片\\input.wxml", "child": [21, 22, 25], "parent": 19, "matchString": [{"type": "relation", "string": "{{item.name}}"}]}, {"id": 21, "type": "checkbox", "string": null, "attribute": {"checked": "{{item.checked}}", "class": ["weui-check"], "value": "{{item.value}}"}, "referenceVariable": ["item.checked", "item.value"], "referenceFunction": [], "style": [], "inheritClass": null, "wxss": [], "page": null, "path": "D:\\WORK\\2021\\MPDF\\baseline\\ui\\法律名片\\input.wxml", "child": [], "parent": 20, "matchString": []}, {"id": 22, "type": "view", "string": null, "attribute": {"class": ["weui-cell__hd", "weui-check__hd_in-checkbox"]}, "referenceVariable": [], "referenceFunction": [], "style": [], "inheritClass": null, "wxss": [], "page": null, "path": "D:\\WORK\\2021\\MPDF\\baseline\\ui\\法律名片\\input.wxml", "child": [23, 24], "parent": 20, "matchString": []}, {"id": 23, "type": "icon", "string": null, "attribute": {"class": ["weui-icon-checkbox_circle"], "size": "23", "type": "circle", "wx:if": "{{!item.checked}}"}, "referenceVariable": ["!item.checked"], "referenceFunction": [], "style": [], "inheritClass": null, "wxss": [], "page": null, "path": "D:\\WORK\\2021\\MPDF\\baseline\\ui\\法律名片\\input.wxml", "child": [], "parent": 22, "matchString": []}, {"id": 24, "type": "icon", "string": null, "attribute": {"class": ["weui-icon-checkbox_success"], "size": "23", "type": "success", "wx:if": "{{item.checked}}"}, "referenceVariable": ["item.checked"], "referenceFunction": [], "style": [], "inheritClass": null, "wxss": [], "page": null, "path": "D:\\WORK\\2021\\MPDF\\baseline\\ui\\法律名片\\input.wxml", "child": [], "parent": 22, "matchString": []}, {"id": 25, "type": "view", "string": "{{item.name}}", "attribute": {"class": ["weui-cell__bd"]}, "referenceVariable": [], "referenceFunction": [], "style": [], "inheritClass": null, "wxss": [], "page": null, "path": "D:\\WORK\\2021\\MPDF\\baseline\\ui\\法律名片\\input.wxml", "child": [], "parent": 20, "matchString": [{"type": "self", "string": "{{item.name}}"}]}, {"id": 26, "type": "view", "string": null, "attribute": {"class": ["weui-cell", "weui-cell_link"]}, "referenceVariable": [], "referenceFunction": [], "style": [], "inheritClass": null, "wxss": [], "page": null, "path": "D:\\WORK\\2021\\MPDF\\baseline\\ui\\法律名片\\input.wxml", "child": [16, 27], "parent": 18, "matchString": [{"type": "relation", "string": "添加更多"}]}, {"id": 27, "type": "view", "string": "添加更多", "attribute": {"class": ["weui-cell__bd"]}, "referenceVariable": [], "referenceFunction": [], "style": [], "inheritClass": null, "wxss": [], "page": null, "path": "D:\\WORK\\2021\\MPDF\\baseline\\ui\\法律名片\\input.wxml", "child": [], "parent": 15, "matchString": [{"type": "self", "string": "添加更多"}]}, {"id": 28, "type": "view", "string": "表单", "attribute": {"class": ["weui-cells__title"]}, "referenceVariable": [], "referenceFunction": [], "style": [], "inheritClass": null, "wxss": [], "page": null, "path": "D:\\WORK\\2021\\MPDF\\baseline\\ui\\法律名片\\input.wxml", "child": [], "parent": 5, "matchString": [{"type": "self", "string": "表单"}]}, {"id": 29, "type": "view", "string": null, "attribute": {"class": ["weui-cells", "weui-cells_after-title"]}, "referenceVariable": [], "referenceFunction": [], "style": [], "inheritClass": null, "wxss": [], "page": null, "path": "D:\\WORK\\2021\\MPDF\\baseline\\ui\\法律名片\\input.wxml", "child": [30, 35, 42, 48, 54], "parent": 5, "matchString": [{"type": "relation", "string": "qq"}, {"type": "relation", "string": "请输入qq"}, {"type": "relation", "string": "手机号"}, {"type": "relation", "string": "请输入手机号"}, {"type": "relation", "string": "获取验证码"}, {"type": "relation", "string": "日期"}, {"type": "relation", "string": "2017-09-01"}, {"type": "relation", "string": "2015-09-01"}, {"type": "relation", "string": "{{date}}"}, {"type": "relation", "string": "时间"}, {"type": "relation", "string": "21:01"}, {"type": "relation", "string": "09:01"}, {"type": "relation", "string": "{{time}}"}, {"type": "relation", "string": "验证码"}, {"type": "relation", "string": "请输入验证码"}]}, {"id": 30, "type": "view", "string": null, "attribute": {"class": ["weui-cell", "weui-cell_input"]}, "referenceVariable": [], "referenceFunction": [], "style": [], "inheritClass": null, "wxss": [], "page": null, "path": "D:\\WORK\\2021\\MPDF\\baseline\\ui\\法律名片\\input.wxml", "child": [31, 33], "parent": 29, "matchString": [{"type": "relation", "string": "qq"}, {"type": "relation", "string": "请输入qq"}]}, {"id": 31, "type": "view", "string": null, "attribute": {"class": ["weui-cell__hd"]}, "referenceVariable": [], "referenceFunction": [], "style": [], "inheritClass": null, "wxss": [], "page": null, "path": "D:\\WORK\\2021\\MPDF\\baseline\\ui\\法律名片\\input.wxml", "child": [32], "parent": 30, "matchString": [{"type": "relation", "string": "qq"}]}, {"id": 32, "type": "view", "string": "qq", "attribute": {"class": ["weui-label"]}, "referenceVariable": [], "referenceFunction": [], "style": [], "inheritClass": null, "wxss": [], "page": null, "path": "D:\\WORK\\2021\\MPDF\\baseline\\ui\\法律名片\\input.wxml", "child": [], "parent": 31, "matchString": [{"type": "self", "string": "qq"}]}, {"id": 33, "type": "view", "string": null, "attribute": {"class": ["weui-cell__bd"]}, "referenceVariable": [], "referenceFunction": [], "style": [], "inheritClass": null, "wxss": [], "page": null, "path": "D:\\WORK\\2021\\MPDF\\baseline\\ui\\法律名片\\input.wxml", "child": [34], "parent": 30, "matchString": [{"type": "relation", "string": "请输入qq"}]}, {"id": 34, "type": "input", "string": null, "attribute": {"class": ["weui-input"], "placeholder": "请输入qq"}, "referenceVariable": [], "referenceFunction": [], "style": [], "inheritClass": null, "wxss": [], "page": null, "path": "D:\\WORK\\2021\\MPDF\\baseline\\ui\\法律名片\\input.wxml", "child": [], "parent": 33, "matchString": [{"type": "attr", "string": "请输入qq"}]}, {"id": 35, "type": "view", "string": null, "attribute": {"class": ["weui-cell", "weui-cell_input", "weui-cell_vcode"]}, "referenceVariable": [], "referenceFunction": [], "style": [], "inheritClass": null, "wxss": [], "page": null, "path": "D:\\WORK\\2021\\MPDF\\baseline\\ui\\法律名片\\input.wxml", "child": [36, 38, 40], "parent": 29, "matchString": [{"type": "relation", "string": "手机号"}, {"type": "relation", "string": "请输入手机号"}, {"type": "relation", "string": "获取验证码"}]}, {"id": 36, "type": "view", "string": null, "attribute": {"class": ["weui-cell__hd"]}, "referenceVariable": [], "referenceFunction": [], "style": [], "inheritClass": null, "wxss": [], "page": null, "path": "D:\\WORK\\2021\\MPDF\\baseline\\ui\\法律名片\\input.wxml", "child": [37], "parent": 35, "matchString": [{"type": "relation", "string": "手机号"}]}, {"id": 37, "type": "view", "string": "手机号", "attribute": {"class": ["weui-label"]}, "referenceVariable": [], "referenceFunction": [], "style": [], "inheritClass": null, "wxss": [], "page": null, "path": "D:\\WORK\\2021\\MPDF\\baseline\\ui\\法律名片\\input.wxml", "child": [], "parent": 36, "matchString": [{"type": "self", "string": "手机号"}]}, {"id": 38, "type": "view", "string": null, "attribute": {"class": ["weui-cell__bd"]}, "referenceVariable": [], "referenceFunction": [], "style": [], "inheritClass": null, "wxss": [], "page": null, "path": "D:\\WORK\\2021\\MPDF\\baseline\\ui\\法律名片\\input.wxml", "child": [39], "parent": 35, "matchString": [{"type": "relation", "string": "请输入手机号"}]}, {"id": 39, "type": "input", "string": null, "attribute": {"class": ["weui-input"], "placeholder": "请输入手机号"}, "referenceVariable": [], "referenceFunction": [], "style": [], "inheritClass": null, "wxss": [], "page": null, "path": "D:\\WORK\\2021\\MPDF\\baseline\\ui\\法律名片\\input.wxml", "child": [], "parent": 38, "matchString": [{"type": "attr", "string": "请输入手机号"}]}, {"id": 40, "type": "view", "string": null, "attribute": {"class": ["weui-cell__ft"]}, "referenceVariable": [], "referenceFunction": [], "style": [], "inheritClass": null, "wxss": [], "page": null, "path": "D:\\WORK\\2021\\MPDF\\baseline\\ui\\法律名片\\input.wxml", "child": [41], "parent": 35, "matchString": [{"type": "relation", "string": "获取验证码"}]}, {"id": 41, "type": "view", "string": "获取验证码", "attribute": {"class": ["weui-vcode-btn"]}, "referenceVariable": [], "referenceFunction": [], "style": [], "inheritClass": null, "wxss": [], "page": null, "path": "D:\\WORK\\2021\\MPDF\\baseline\\ui\\法律名片\\input.wxml", "child": [], "parent": 40, "matchString": [{"type": "self", "string": "获取验证码"}]}, {"id": 42, "type": "view", "string": null, "attribute": {"class": ["weui-cell", "weui-cell_input"]}, "referenceVariable": [], "referenceFunction": [], "style": [], "inheritClass": null, "wxss": [], "page": null, "path": "D:\\WORK\\2021\\MPDF\\baseline\\ui\\法律名片\\input.wxml", "child": [43, 45], "parent": 29, "matchString": [{"type": "relation", "string": "日期"}, {"type": "relation", "string": "2017-09-01"}, {"type": "relation", "string": "2015-09-01"}, {"type": "relation", "string": "{{date}}"}]}, {"id": 43, "type": "view", "string": null, "attribute": {"class": ["weui-cell__hd"]}, "referenceVariable": [], "referenceFunction": [], "style": [], "inheritClass": null, "wxss": [], "page": null, "path": "D:\\WORK\\2021\\MPDF\\baseline\\ui\\法律名片\\input.wxml", "child": [44], "parent": 42, "matchString": [{"type": "relation", "string": "日期"}]}, {"id": 44, "type": "view", "string": "日期", "attribute": {"class": ["weui-label"]}, "referenceVariable": [], "referenceFunction": [], "style": [], "inheritClass": null, "wxss": [], "page": null, "path": "D:\\WORK\\2021\\MPDF\\baseline\\ui\\法律名片\\input.wxml", "child": [], "parent": 43, "matchString": [{"type": "self", "string": "日期"}]}, {"id": 45, "type": "view", "string": null, "attribute": {"class": ["weui-cell__bd"]}, "referenceVariable": [], "referenceFunction": [], "style": [], "inheritClass": null, "wxss": [], "page": null, "path": "D:\\WORK\\2021\\MPDF\\baseline\\ui\\法律名片\\input.wxml", "child": [46], "parent": 42, "matchString": [{"type": "relation", "string": "2017-09-01"}, {"type": "relation", "string": "2015-09-01"}, {"type": "relation", "string": "{{date}}"}]}, {"id": 46, "type": "picker", "string": null, "attribute": {"bindchange": "bindDateChange", "end": "2017-09-01", "mode": "date", "start": "2015-09-01", "value": "{{date}}"}, "referenceVariable": ["date"], "referenceFunction": ["bindDateChange"], "style": [], "inheritClass": null, "wxss": [], "page": null, "path": "D:\\WORK\\2021\\MPDF\\baseline\\ui\\法律名片\\input.wxml", "child": [47], "parent": 45, "matchString": [{"type": "attr", "string": "2017-09-01"}, {"type": "attr", "string": "2015-09-01"}, {"type": "relation", "string": "{{date}}"}]}, {"id": 47, "type": "view", "string": "{{date}}", "attribute": {"class": ["weui-input"]}, "referenceVariable": [], "referenceFunction": [], "style": [], "inheritClass": null, "wxss": [], "page": null, "path": "D:\\WORK\\2021\\MPDF\\baseline\\ui\\法律名片\\input.wxml", "child": [], "parent": 46, "matchString": [{"type": "self", "string": "{{date}}"}]}, {"id": 48, "type": "view", "string": null, "attribute": {"class": ["weui-cell", "weui-cell_input"]}, "referenceVariable": [], "referenceFunction": [], "style": [], "inheritClass": null, "wxss": [], "page": null, "path": "D:\\WORK\\2021\\MPDF\\baseline\\ui\\法律名片\\input.wxml", "child": [49, 51], "parent": 29, "matchString": [{"type": "relation", "string": "时间"}, {"type": "relation", "string": "21:01"}, {"type": "relation", "string": "09:01"}, {"type": "relation", "string": "{{time}}"}]}, {"id": 49, "type": "view", "string": null, "attribute": {"class": ["weui-cell__hd"]}, "referenceVariable": [], "referenceFunction": [], "style": [], "inheritClass": null, "wxss": [], "page": null, "path": "D:\\WORK\\2021\\MPDF\\baseline\\ui\\法律名片\\input.wxml", "child": [50], "parent": 48, "matchString": [{"type": "relation", "string": "时间"}]}, {"id": 50, "type": "view", "string": "时间", "attribute": {"class": ["weui-label"]}, "referenceVariable": [], "referenceFunction": [], "style": [], "inheritClass": null, "wxss": [], "page": null, "path": "D:\\WORK\\2021\\MPDF\\baseline\\ui\\法律名片\\input.wxml", "child": [], "parent": 49, "matchString": [{"type": "self", "string": "时间"}]}, {"id": 51, "type": "view", "string": null, "attribute": {"class": ["weui-cell__bd"]}, "referenceVariable": [], "referenceFunction": [], "style": [], "inheritClass": null, "wxss": [], "page": null, "path": "D:\\WORK\\2021\\MPDF\\baseline\\ui\\法律名片\\input.wxml", "child": [52], "parent": 48, "matchString": [{"type": "relation", "string": "21:01"}, {"type": "relation", "string": "09:01"}, {"type": "relation", "string": "{{time}}"}]}, {"id": 52, "type": "picker", "string": null, "attribute": {"bindchange": "bindTimeChange", "end": "21:01", "mode": "time", "start": "09:01", "value": "{{time}}"}, "referenceVariable": ["time"], "referenceFunction": ["bindTimeChange"], "style": [], "inheritClass": null, "wxss": [], "page": null, "path": "D:\\WORK\\2021\\MPDF\\baseline\\ui\\法律名片\\input.wxml", "child": [53], "parent": 51, "matchString": [{"type": "attr", "string": "21:01"}, {"type": "attr", "string": "09:01"}, {"type": "relation", "string": "{{time}}"}]}, {"id": 53, "type": "view", "string": "{{time}}", "attribute": {"class": ["weui-input"]}, "referenceVariable": [], "referenceFunction": [], "style": [], "inheritClass": null, "wxss": [], "page": null, "path": "D:\\WORK\\2021\\MPDF\\baseline\\ui\\法律名片\\input.wxml", "child": [], "parent": 52, "matchString": [{"type": "self", "string": "{{time}}"}]}, {"id": 54, "type": "view", "string": null, "attribute": {"class": ["weui-cell", "weui-cell_input", "weui-cell_vcode"]}, "referenceVariable": [], "referenceFunction": [], "style": [], "inheritClass": null, "wxss": [], "page": null, "path": "D:\\WORK\\2021\\MPDF\\baseline\\ui\\法律名片\\input.wxml", "child": [55, 57, 59], "parent": 29, "matchString": [{"type": "relation", "string": "验证码"}, {"type": "relation", "string": "请输入验证码"}]}, {"id": 55, "type": "view", "string": null, "attribute": {"class": ["weui-cell__hd"]}, "referenceVariable": [], "referenceFunction": [], "style": [], "inheritClass": null, "wxss": [], "page": null, "path": "D:\\WORK\\2021\\MPDF\\baseline\\ui\\法律名片\\input.wxml", "child": [56], "parent": 54, "matchString": [{"type": "relation", "string": "验证码"}]}, {"id": 56, "type": "view", "string": "验证码", "attribute": {"class": ["weui-label"]}, "referenceVariable": [], "referenceFunction": [], "style": [], "inheritClass": null, "wxss": [], "page": null, "path": "D:\\WORK\\2021\\MPDF\\baseline\\ui\\法律名片\\input.wxml", "child": [], "parent": 55, "matchString": [{"type": "self", "string": "验证码"}]}, {"id": 57, "type": "view", "string": null, "attribute": {"class": ["weui-cell__bd"]}, "referenceVariable": [], "referenceFunction": [], "style": [], "inheritClass": null, "wxss": [], "page": null, "path": "D:\\WORK\\2021\\MPDF\\baseline\\ui\\法律名片\\input.wxml", "child": [58], "parent": 54, "matchString": [{"type": "relation", "string": "请输入验证码"}]}, {"id": 58, "type": "input", "string": null, "attribute": {"class": ["weui-input"], "placeholder": "请输入验证码"}, "referenceVariable": [], "referenceFunction": [], "style": [], "inheritClass": null, "wxss": [], "page": null, "path": "D:\\WORK\\2021\\MPDF\\baseline\\ui\\法律名片\\input.wxml", "child": [], "parent": 57, "matchString": [{"type": "attr", "string": "请输入验证码"}]}, {"id": 59, "type": "view", "string": null, "attribute": {"class": ["weui-cell__ft"]}, "referenceVariable": [], "referenceFunction": [], "style": [], "inheritClass": null, "wxss": [], "page": null, "path": "D:\\WORK\\2021\\MPDF\\baseline\\ui\\法律名片\\input.wxml", "child": [60], "parent": 54, "matchString": []}, {"id": 60, "type": "image", "string": null, "attribute": {"class": ["weui-vcode-img"], "src": "../images/vcode.jpg", "style": "width: 108px"}, "referenceVariable": [], "referenceFunction": [], "style": [], "inheritClass": null, "wxss": [], "page": null, "path": "D:\\WORK\\2021\\MPDF\\baseline\\ui\\法律名片\\input.wxml", "child": [], "parent": 59, "matchString": []}, {"id": 61, "type": "view", "string": "底部说明文字底部说明文字", "attribute": {"class": ["weui-cells__tips"]}, "referenceVariable": [], "referenceFunction": [], "style": [], "inheritClass": null, "wxss": [], "page": null, "path": "D:\\WORK\\2021\\MPDF\\baseline\\ui\\法律名片\\input.wxml", "child": [], "parent": 5, "matchString": [{"type": "self", "string": "底部说明文字底部说明文字"}]}, {"id": 62, "type": "view", "string": "表单报错", "attribute": {"class": ["weui-cells__title"]}, "referenceVariable": [], "referenceFunction": [], "style": [], "inheritClass": null, "wxss": [], "page": null, "path": "D:\\WORK\\2021\\MPDF\\baseline\\ui\\法律名片\\input.wxml", "child": [], "parent": 5, "matchString": [{"type": "self", "string": "表单报错"}]}, {"id": 63, "type": "view", "string": null, "attribute": {"class": ["weui-cells", "weui-cells_after-title"]}, "referenceVariable": [], "referenceFunction": [], "style": [], "inheritClass": null, "wxss": [], "page": null, "path": "D:\\WORK\\2021\\MPDF\\baseline\\ui\\法律名片\\input.wxml", "child": [64], "parent": 5, "matchString": [{"type": "relation", "string": "卡号"}, {"type": "relation", "string": "请输入卡号"}]}, {"id": 64, "type": "view", "string": null, "attribute": {"class": ["weui-cell", "weui-cell_input", "weui-cell_warn"]}, "referenceVariable": [], "referenceFunction": [], "style": [], "inheritClass": null, "wxss": [], "page": null, "path": "D:\\WORK\\2021\\MPDF\\baseline\\ui\\法律名片\\input.wxml", "child": [65, 67, 69], "parent": 63, "matchString": [{"type": "relation", "string": "卡号"}, {"type": "relation", "string": "请输入卡号"}]}, {"id": 65, "type": "view", "string": null, "attribute": {"class": ["weui-cell__hd"]}, "referenceVariable": [], "referenceFunction": [], "style": [], "inheritClass": null, "wxss": [], "page": null, "path": "D:\\WORK\\2021\\MPDF\\baseline\\ui\\法律名片\\input.wxml", "child": [66], "parent": 64, "matchString": [{"type": "relation", "string": "卡号"}]}, {"id": 66, "type": "view", "string": "卡号", "attribute": {"class": ["weui-label"]}, "referenceVariable": [], "referenceFunction": [], "style": [], "inheritClass": null, "wxss": [], "page": null, "path": "D:\\WORK\\2021\\MPDF\\baseline\\ui\\法律名片\\input.wxml", "child": [], "parent": 65, "matchString": [{"type": "self", "string": "卡号"}]}, {"id": 67, "type": "view", "string": null, "attribute": {"class": ["weui-cell__bd"]}, "referenceVariable": [], "referenceFunction": [], "style": [], "inheritClass": null, "wxss": [], "page": null, "path": "D:\\WORK\\2021\\MPDF\\baseline\\ui\\法律名片\\input.wxml", "child": [68], "parent": 64, "matchString": [{"type": "relation", "string": "请输入卡号"}]}, {"id": 68, "type": "input", "string": null, "attribute": {"class": ["weui-input"], "placeholder": "请输入卡号"}, "referenceVariable": [], "referenceFunction": [], "style": [], "inheritClass": null, "wxss": [], "page": null, "path": "D:\\WORK\\2021\\MPDF\\baseline\\ui\\法律名片\\input.wxml", "child": [], "parent": 67, "matchString": [{"type": "attr", "string": "请输入卡号"}]}, {"id": 69, "type": "view", "string": null, "attribute": {"class": ["weui-cell__ft"]}, "referenceVariable": [], "referenceFunction": [], "style": [], "inheritClass": null, "wxss": [], "page": null, "path": "D:\\WORK\\2021\\MPDF\\baseline\\ui\\法律名片\\input.wxml", "child": [70], "parent": 64, "matchString": []}, {"id": 70, "type": "icon", "string": null, "attribute": {"color": "#E64340", "size": "23", "type": "warn"}, "referenceVariable": [], "referenceFunction": [], "style": [], "inheritClass": null, "wxss": [], "page": null, "path": "D:\\WORK\\2021\\MPDF\\baseline\\ui\\法律名片\\input.wxml", "child": [], "parent": 69, "matchString": []}, {"id": 71, "type": "view", "string": "开关", "attribute": {"class": ["weui-cells__title"]}, "referenceVariable": [], "referenceFunction": [], "style": [], "inheritClass": null, "wxss": [], "page": null, "path": "D:\\WORK\\2021\\MPDF\\baseline\\ui\\法律名片\\input.wxml", "child": [], "parent": 5, "matchString": [{"type": "self", "string": "开关"}]}, {"id": 72, "type": "view", "string": null, "attribute": {"class": ["weui-cells", "weui-cells_after-title"]}, "referenceVariable": [], "referenceFunction": [], "style": [], "inheritClass": null, "wxss": [], "page": null, "path": "D:\\WORK\\2021\\MPDF\\baseline\\ui\\法律名片\\input.wxml", "child": [73], "parent": 5, "matchString": [{"type": "relation", "string": "标题文字"}]}, {"id": 73, "type": "view", "string": null, "attribute": {"class": ["weui-cell", "weui-cell_switch"]}, "referenceVariable": [], "referenceFunction": [], "style": [], "inheritClass": null, "wxss": [], "page": null, "path": "D:\\WORK\\2021\\MPDF\\baseline\\ui\\法律名片\\input.wxml", "child": [74, 75], "parent": 72, "matchString": [{"type": "relation", "string": "标题文字"}]}, {"id": 74, "type": "view", "string": "标题文字", "attribute": {"class": ["weui-cell__bd"]}, "referenceVariable": [], "referenceFunction": [], "style": [], "inheritClass": null, "wxss": [], "page": null, "path": "D:\\WORK\\2021\\MPDF\\baseline\\ui\\法律名片\\input.wxml", "child": [], "parent": 73, "matchString": [{"type": "self", "string": "标题文字"}]}, {"id": 75, "type": "view", "string": null, "attribute": {"class": ["weui-cell__ft"]}, "referenceVariable": [], "referenceFunction": [], "style": [], "inheritClass": null, "wxss": [], "page": null, "path": "D:\\WORK\\2021\\MPDF\\baseline\\ui\\法律名片\\input.wxml", "child": [76], "parent": 73, "matchString": []}, {"id": 76, "type": "switch", "string": null, "attribute": {}, "referenceVariable": [], "referenceFunction": [], "style": [], "inheritClass": null, "wxss": [], "page": null, "path": "D:\\WORK\\2021\\MPDF\\baseline\\ui\\法律名片\\input.wxml", "child": [], "parent": 75, "matchString": []}, {"id": 77, "type": "view", "string": "文本框", "attribute": {"class": ["weui-cells__title"]}, "referenceVariable": [], "referenceFunction": [], "style": [], "inheritClass": null, "wxss": [], "page": null, "path": "D:\\WORK\\2021\\MPDF\\baseline\\ui\\法律名片\\input.wxml", "child": [], "parent": 5, "matchString": [{"type": "self", "string": "文本框"}]}, {"id": 78, "type": "view", "string": null, "attribute": {"class": ["weui-cells", "weui-cells_after-title"]}, "referenceVariable": [], "referenceFunction": [], "style": [], "inheritClass": null, "wxss": [], "page": null, "path": "D:\\WORK\\2021\\MPDF\\baseline\\ui\\法律名片\\input.wxml", "child": [79], "parent": 5, "matchString": [{"type": "relation", "string": "请输入文本"}]}, {"id": 79, "type": "view", "string": null, "attribute": {"class": ["weui-cell", "weui-cell_input"]}, "referenceVariable": [], "referenceFunction": [], "style": [], "inheritClass": null, "wxss": [], "page": null, "path": "D:\\WORK\\2021\\MPDF\\baseline\\ui\\法律名片\\input.wxml", "child": [80], "parent": 78, "matchString": [{"type": "relation", "string": "请输入文本"}]}, {"id": 80, "type": "view", "string": null, "attribute": {"class": ["weui-cell__bd"]}, "referenceVariable": [], "referenceFunction": [], "style": [], "inheritClass": null, "wxss": [], "page": null, "path": "D:\\WORK\\2021\\MPDF\\baseline\\ui\\法律名片\\input.wxml", "child": [81], "parent": 79, "matchString": [{"type": "relation", "string": "请输入文本"}]}, {"id": 81, "type": "input", "string": null, "attribute": {"class": ["weui-input"], "placeholder": "请输入文本"}, "referenceVariable": [], "referenceFunction": [], "style": [], "inheritClass": null, "wxss": [], "page": null, "path": "D:\\WORK\\2021\\MPDF\\baseline\\ui\\法律名片\\input.wxml", "child": [], "parent": 80, "matchString": [{"type": "attr", "string": "请输入文本"}]}, {"id": 82, "type": "view", "string": "文本域", "attribute": {"class": ["weui-cells__title"]}, "referenceVariable": [], "referenceFunction": [], "style": [], "inheritClass": null, "wxss": [], "page": null, "path": "D:\\WORK\\2021\\MPDF\\baseline\\ui\\法律名片\\input.wxml", "child": [], "parent": 5, "matchString": [{"type": "self", "string": "文本域"}]}, {"id": 83, "type": "view", "string": null, "attribute": {"class": ["weui-cells", "weui-cells_after-title"]}, "referenceVariable": [], "referenceFunction": [], "style": [], "inheritClass": null, "wxss": [], "page": null, "path": "D:\\WORK\\2021\\MPDF\\baseline\\ui\\法律名片\\input.wxml", "child": [84], "parent": 5, "matchString": [{"type": "relation", "string": "请输入文本"}, {"type": "relation", "string": "0/200"}]}, {"id": 84, "type": "view", "string": null, "attribute": {"class": ["weui-cell"]}, "referenceVariable": [], "referenceFunction": [], "style": [], "inheritClass": null, "wxss": [], "page": null, "path": "D:\\WORK\\2021\\MPDF\\baseline\\ui\\法律名片\\input.wxml", "child": [85], "parent": 83, "matchString": [{"type": "relation", "string": "请输入文本"}, {"type": "relation", "string": "0/200"}]}, {"id": 85, "type": "view", "string": null, "attribute": {"class": ["weui-cell__bd"]}, "referenceVariable": [], "referenceFunction": [], "style": [], "inheritClass": null, "wxss": [], "page": null, "path": "D:\\WORK\\2021\\MPDF\\baseline\\ui\\法律名片\\input.wxml", "child": [86, 87], "parent": 84, "matchString": [{"type": "relation", "string": "请输入文本"}, {"type": "relation", "string": "0/200"}]}, {"id": 86, "type": "textarea", "string": null, "attribute": {"class": ["weui-textarea"], "placeholder": "请输入文本", "style": "height: 3.3em"}, "referenceVariable": [], "referenceFunction": [], "style": [], "inheritClass": null, "wxss": [], "page": null, "path": "D:\\WORK\\2021\\MPDF\\baseline\\ui\\法律名片\\input.wxml", "child": [], "parent": 85, "matchString": [{"type": "attr", "string": "请输入文本"}]}, {"id": 87, "type": "view", "string": "0/200", "attribute": {"class": ["weui-textarea-counter"]}, "referenceVariable": [], "referenceFunction": [], "style": [], "inheritClass": null, "wxss": [], "page": null, "path": "D:\\WORK\\2021\\MPDF\\baseline\\ui\\法律名片\\input.wxml", "child": [], "parent": 85, "matchString": [{"type": "self", "string": "0/200"}]}, {"id": 88, "type": "view", "string": "选择", "attribute": {"class": ["weui-cells__title"]}, "referenceVariable": [], "referenceFunction": [], "style": [], "inheritClass": null, "wxss": [], "page": null, "path": "D:\\WORK\\2021\\MPDF\\baseline\\ui\\法律名片\\input.wxml", "child": [], "parent": 5, "matchString": [{"type": "self", "string": "选择"}]}, {"id": 89, "type": "view", "string": null, "attribute": {"class": ["weui-cells", "weui-cells_after-title"]}, "referenceVariable": [], "referenceFunction": [], "style": [], "inheritClass": null, "wxss": [], "page": null, "path": "D:\\WORK\\2021\\MPDF\\baseline\\ui\\法律名片\\input.wxml", "child": [90], "parent": 5, "matchString": [{"type": "relation", "string": "{{countryCodes}}"}, {"type": "relation", "string": "{{countryCodes[countryCodeIndex]}}"}, {"type": "relation", "string": "请输入号码"}]}, {"id": 90, "type": "view", "string": null, "attribute": {"class": ["weui-cell", "weui-cell_select"]}, "referenceVariable": [], "referenceFunction": [], "style": [], "inheritClass": null, "wxss": [], "page": null, "path": "D:\\WORK\\2021\\MPDF\\baseline\\ui\\法律名片\\input.wxml", "child": [91, 94], "parent": 89, "matchString": [{"type": "relation", "string": "{{countryCodes}}"}, {"type": "relation", "string": "{{countryCodes[countryCodeIndex]}}"}, {"type": "relation", "string": "请输入号码"}]}, {"id": 91, "type": "view", "string": null, "attribute": {"class": ["weui-cell__hd"], "style": "width: 105px"}, "referenceVariable": [], "referenceFunction": [], "style": [], "inheritClass": null, "wxss": [], "page": null, "path": "D:\\WORK\\2021\\MPDF\\baseline\\ui\\法律名片\\input.wxml", "child": [92], "parent": 90, "matchString": [{"type": "relation", "string": "{{countryCodes}}"}, {"type": "relation", "string": "{{countryCodes[countryCodeIndex]}}"}]}, {"id": 92, "type": "picker", "string": null, "attribute": {"bindchange": "bindCountryCodeChange", "range": "{{countryCodes}}", "value": "{{countryCodeIndex}}"}, "referenceVariable": ["countryCodes", "countryCodeIndex"], "referenceFunction": ["bindCountryCodeChange"], "style": [], "inheritClass": null, "wxss": [], "page": null, "path": "D:\\WORK\\2021\\MPDF\\baseline\\ui\\法律名片\\input.wxml", "child": [93], "parent": 91, "matchString": [{"type": "attr", "string": "{{countryCodes}}"}, {"type": "relation", "string": "{{countryCodes[countryCodeIndex]}}"}]}, {"id": 93, "type": "view", "string": "{{countryCodes[countryCodeIndex]}}", "attribute": {"class": ["weui-select"]}, "referenceVariable": [], "referenceFunction": [], "style": [], "inheritClass": null, "wxss": [], "page": null, "path": "D:\\WORK\\2021\\MPDF\\baseline\\ui\\法律名片\\input.wxml", "child": [], "parent": 92, "matchString": [{"type": "self", "string": "{{countryCodes[countryCodeIndex]}}"}]}, {"id": 94, "type": "view", "string": null, "attribute": {"class": ["weui-cell__bd", "weui-cell__bd_in-select-before"]}, "referenceVariable": [], "referenceFunction": [], "style": [], "inheritClass": null, "wxss": [], "page": null, "path": "D:\\WORK\\2021\\MPDF\\baseline\\ui\\法律名片\\input.wxml", "child": [95], "parent": 90, "matchString": [{"type": "relation", "string": "请输入号码"}]}, {"id": 95, "type": "input", "string": null, "attribute": {"class": ["weui-input"], "placeholder": "请输入号码"}, "referenceVariable": [], "referenceFunction": [], "style": [], "inheritClass": null, "wxss": [], "page": null, "path": "D:\\WORK\\2021\\MPDF\\baseline\\ui\\法律名片\\input.wxml", "child": [], "parent": 94, "matchString": [{"type": "attr", "string": "请输入号码"}]}, {"id": 96, "type": "view", "string": "选择", "attribute": {"class": ["weui-cells__title"]}, "referenceVariable": [], "referenceFunction": [], "style": [], "inheritClass": null, "wxss": [], "page": null, "path": "D:\\WORK\\2021\\MPDF\\baseline\\ui\\法律名片\\input.wxml", "child": [], "parent": 5, "matchString": [{"type": "self", "string": "选择"}]}, {"id": 97, "type": "view", "string": null, "attribute": {"class": ["weui-cells", "weui-cells_after-title"]}, "referenceVariable": [], "referenceFunction": [], "style": [], "inheritClass": null, "wxss": [], "page": null, "path": "D:\\WORK\\2021\\MPDF\\baseline\\ui\\法律名片\\input.wxml", "child": [98, 102], "parent": 5, "matchString": [{"type": "relation", "string": "{{accounts}}"}, {"type": "relation", "string": "{{accounts[accountIndex]}}"}, {"type": "relation", "string": "国家/地区"}, {"type": "relation", "string": "{{countries}}"}, {"type": "relation", "string": "{{countries[countryIndex]}}"}]}, {"id": 98, "type": "view", "string": null, "attribute": {"class": ["weui-cell", "weui-cell_select"]}, "referenceVariable": [], "referenceFunction": [], "style": [], "inheritClass": null, "wxss": [], "page": null, "path": "D:\\WORK\\2021\\MPDF\\baseline\\ui\\法律名片\\input.wxml", "child": [99], "parent": 97, "matchString": [{"type": "relation", "string": "{{accounts}}"}, {"type": "relation", "string": "{{accounts[accountIndex]}}"}]}, {"id": 99, "type": "view", "string": null, "attribute": {"class": ["weui-cell__bd"]}, "referenceVariable": [], "referenceFunction": [], "style": [], "inheritClass": null, "wxss": [], "page": null, "path": "D:\\WORK\\2021\\MPDF\\baseline\\ui\\法律名片\\input.wxml", "child": [100], "parent": 98, "matchString": [{"type": "relation", "string": "{{accounts}}"}, {"type": "relation", "string": "{{accounts[accountIndex]}}"}]}, {"id": 100, "type": "picker", "string": null, "attribute": {"bindchange": "bindAccountChange", "range": "{{accounts}}", "value": "{{accountIndex}}"}, "referenceVariable": ["accounts", "accountIndex"], "referenceFunction": ["bindAccountChange"], "style": [], "inheritClass": null, "wxss": [], "page": null, "path": "D:\\WORK\\2021\\MPDF\\baseline\\ui\\法律名片\\input.wxml", "child": [101], "parent": 99, "matchString": [{"type": "attr", "string": "{{accounts}}"}, {"type": "relation", "string": "{{accounts[accountIndex]}}"}]}, {"id": 101, "type": "view", "string": "{{accounts[accountIndex]}}", "attribute": {"class": ["weui-select"]}, "referenceVariable": [], "referenceFunction": [], "style": [], "inheritClass": null, "wxss": [], "page": null, "path": "D:\\WORK\\2021\\MPDF\\baseline\\ui\\法律名片\\input.wxml", "child": [], "parent": 100, "matchString": [{"type": "self", "string": "{{accounts[accountIndex]}}"}]}, {"id": 102, "type": "view", "string": null, "attribute": {"class": ["weui-cell", "weui-cell_select"]}, "referenceVariable": [], "referenceFunction": [], "style": [], "inheritClass": null, "wxss": [], "page": null, "path": "D:\\WORK\\2021\\MPDF\\baseline\\ui\\法律名片\\input.wxml", "child": [103, 105], "parent": 97, "matchString": [{"type": "relation", "string": "国家/地区"}, {"type": "relation", "string": "{{countries}}"}, {"type": "relation", "string": "{{countries[countryIndex]}}"}]}, {"id": 103, "type": "view", "string": null, "attribute": {"class": ["weui-cell__hd", "weui-cell__hd_in-select-after"]}, "referenceVariable": [], "referenceFunction": [], "style": [], "inheritClass": null, "wxss": [], "page": null, "path": "D:\\WORK\\2021\\MPDF\\baseline\\ui\\法律名片\\input.wxml", "child": [104], "parent": 102, "matchString": [{"type": "relation", "string": "国家/地区"}]}, {"id": 104, "type": "view", "string": "国家/地区", "attribute": {"class": ["weui-label"]}, "referenceVariable": [], "referenceFunction": [], "style": [], "inheritClass": null, "wxss": [], "page": null, "path": "D:\\WORK\\2021\\MPDF\\baseline\\ui\\法律名片\\input.wxml", "child": [], "parent": 103, "matchString": [{"type": "self", "string": "国家/地区"}]}, {"id": 105, "type": "view", "string": null, "attribute": {"class": ["weui-cell__bd"]}, "referenceVariable": [], "referenceFunction": [], "style": [], "inheritClass": null, "wxss": [], "page": null, "path": "D:\\WORK\\2021\\MPDF\\baseline\\ui\\法律名片\\input.wxml", "child": [106], "parent": 102, "matchString": [{"type": "relation", "string": "{{countries}}"}, {"type": "relation", "string": "{{countries[countryIndex]}}"}]}, {"id": 106, "type": "picker", "string": null, "attribute": {"bindchange": "bindCountryChange", "range": "{{countries}}", "value": "{{countryIndex}}"}, "referenceVariable": ["countries", "countryIndex"], "referenceFunction": ["bindCountryChange"], "style": [], "inheritClass": null, "wxss": [], "page": null, "path": "D:\\WORK\\2021\\MPDF\\baseline\\ui\\法律名片\\input.wxml", "child": [107], "parent": 105, "matchString": [{"type": "attr", "string": "{{countries}}"}, {"type": "relation", "string": "{{countries[countryIndex]}}"}]}, {"id": 107, "type": "view", "string": "{{countries[countryIndex]}}", "attribute": {"class": ["weui-select", "weui-select_in-select-after"]}, "referenceVariable": [], "referenceFunction": [], "style": [], "inheritClass": null, "wxss": [], "page": null, "path": "D:\\WORK\\2021\\MPDF\\baseline\\ui\\法律名片\\input.wxml", "child": [], "parent": 106, "matchString": [{"type": "self", "string": "{{countries[countryIndex]}}"}]}, {"id": 108, "type": "checkbox-group", "string": null, "attribute": {"bindchange": "bindAgreeChange"}, "referenceVariable": [], "referenceFunction": ["bindAgreeChange"], "style": [], "inheritClass": null, "wxss": [], "page": null, "path": "D:\\WORK\\2021\\MPDF\\baseline\\ui\\法律名片\\input.wxml", "child": [109], "parent": 5, "matchString": [{"type": "relation", "string": "weuiAgree"}, {"type": "relation", "string": "《相关条款》"}, {"type": "relation", "string": ""}]}, {"id": 109, "type": "label", "string": null, "attribute": {"class": ["weui-agree"], "for": "weuiAgree"}, "referenceVariable": [], "referenceFunction": [], "style": [], "inheritClass": null, "wxss": [], "page": null, "path": "D:\\WORK\\2021\\MPDF\\baseline\\ui\\法律名片\\input.wxml", "child": [110], "parent": 108, "matchString": [{"type": "attr", "string": "weuiAgree"}, {"type": "relation", "string": "weuiAgree"}, {"type": "relation", "string": "《相关条款》"}, {"type": "relation", "string": ""}]}, {"id": 110, "type": "view", "string": null, "attribute": {"class": ["weui-agree__text"]}, "referenceVariable": [], "referenceFunction": [], "style": [], "inheritClass": null, "wxss": [], "page": null, "path": "D:\\WORK\\2021\\MPDF\\baseline\\ui\\法律名片\\input.wxml", "child": [111, 112, 114], "parent": 109, "matchString": [{"type": "relation", "string": "weuiAgree"}, {"type": "relation", "string": "《相关条款》"}, {"type": "relation", "string": ""}]}, {"id": 111, "type": "checkbox", "string": null, "attribute": {"checked": "{{isAgree}}", "class": ["weui-agree__checkbox"], "id": "weuiAgree", "value": "agree"}, "referenceVariable": ["isAgree"], "referenceFunction": [], "style": [], "inheritClass": null, "wxss": [], "page": null, "path": "D:\\WORK\\2021\\MPDF\\baseline\\ui\\法律名片\\input.wxml", "child": [], "parent": 110, "matchString": [{"type": "attr", "string": "weuiAgree"}]}, {"id": 112, "type": "view", "string": null, "attribute": {"class": ["weui-agree__checkbox-icon"]}, "referenceVariable": [], "referenceFunction": [], "style": [], "inheritClass": null, "wxss": [], "page": null, "path": "D:\\WORK\\2021\\MPDF\\baseline\\ui\\法律名片\\input.wxml", "child": [113], "parent": 110, "matchString": []}, {"id": 113, "type": "icon", "string": null, "attribute": {"class": ["weui-agree__checkbox-icon-check"], "size": "9", "type": "success_no_circle", "wx:if": "{{isAgree}}"}, "referenceVariable": ["isAgree"], "referenceFunction": [], "style": [], "inheritClass": null, "wxss": [], "page": null, "path": "D:\\WORK\\2021\\MPDF\\baseline\\ui\\法律名片\\input.wxml", "child": [], "parent": 112, "matchString": []}, {"id": 114, "type": "navigator", "string": "《相关条款》", "attribute": {"class": ["weui-agree__link"], "url": ""}, "referenceVariable": [], "referenceFunction": [], "style": [], "inheritClass": null, "wxss": [], "page": null, "path": "D:\\WORK\\2021\\MPDF\\baseline\\ui\\法律名片\\input.wxml", "child": [], "parent": 110, "matchString": [{"type": "self", "string": "《相关条款》"}, {"type": "attr", "string": ""}]}, {"id": 115, "type": "view", "string": null, "attribute": {"class": ["weui-btn-area"]}, "referenceVariable": [], "referenceFunction": [], "style": [], "inheritClass": null, "wxss": [], "page": null, "path": "D:\\WORK\\2021\\MPDF\\baseline\\ui\\法律名片\\input.wxml", "child": [116], "parent": 5, "matchString": [{"type": "relation", "string": "确定"}]}, {"id": 116, "type": "button", "string": "确定", "attribute": {"bindtap": "showTopTips", "class": ["weui-btn"], "type": "primary"}, "referenceVariable": [], "referenceFunction": ["showTopTips"], "style": [], "inheritClass": null, "wxss": [], "page": null, "path": "D:\\WORK\\2021\\MPDF\\baseline\\ui\\法律名片\\input.wxml", "child": [], "parent": 115, "matchString": [{"type": "self", "string": "确定"}]}]