[{"id": 0, "type": "[document]", "string": null, "attribute": {}, "referenceVariable": [], "referenceFunction": [], "style": [], "inheritClass": null, "wxss": [], "page": null, "path": "D:\\WORK\\2021\\MPDF\\baseline\\ui\\宠步+\\index.wxml", "child": [1], "parent": null, "matchString": [{"type": "relation", "string": "plus"}, {"type": "relation", "string": "宠物头像"}, {"type": "relation", "string": "请填写宠物名"}, {"type": "relation", "string": "{{varietyTitle}}:"}, {"type": "relation", "string": "{{varietyValue.value&&varietyValue.value!=0?varietyValue.value:'请选择品种'}}"}, {"type": "relation", "string": "{{item.title}}:"}, {"type": "relation", "string": "{{index}}"}, {"type": "relation", "string": "{{item.list}}"}, {"type": "relation", "string": "\n        {{item.dataIndex?item.dataIndex:'请选择'}}\n      "}, {"type": "relation", "string": "\n        {{item.list[item.dataIndex]}}\n      "}, {"type": "relation", "string": "狗狗标签"}, {"type": "relation", "string": "{{item.name}}"}, {"type": "relation", "string": "立即保存"}]}, {"id": 1, "type": "view", "string": null, "attribute": {"class": ["container-c"]}, "referenceVariable": [], "referenceFunction": [], "style": [], "inheritClass": null, "wxss": [], "page": null, "path": "D:\\WORK\\2021\\MPDF\\baseline\\ui\\宠步+\\index.wxml", "child": [2, 6, 8, 12, 18, 22], "parent": 0, "matchString": [{"type": "relation", "string": "plus"}, {"type": "relation", "string": "宠物头像"}, {"type": "relation", "string": "请填写宠物名"}, {"type": "relation", "string": "{{varietyTitle}}:"}, {"type": "relation", "string": "{{varietyValue.value&&varietyValue.value!=0?varietyValue.value:'请选择品种'}}"}, {"type": "relation", "string": "{{item.title}}:"}, {"type": "relation", "string": "{{index}}"}, {"type": "relation", "string": "{{item.list}}"}, {"type": "relation", "string": "\n        {{item.dataIndex?item.dataIndex:'请选择'}}\n      "}, {"type": "relation", "string": "\n        {{item.list[item.dataIndex]}}\n      "}, {"type": "relation", "string": "狗狗标签"}, {"type": "relation", "string": "{{item.name}}"}, {"type": "relation", "string": "立即保存"}]}, {"id": 2, "type": "view", "string": null, "attribute": {"bindtap": "handleUploadImg", "class": ["fileAvthor"]}, "referenceVariable": [], "referenceFunction": ["handleUploadImg"], "style": [], "inheritClass": null, "wxss": [], "page": null, "path": "D:\\WORK\\2021\\MPDF\\baseline\\ui\\宠步+\\index.wxml", "child": [3, 4, 5], "parent": 1, "matchString": [{"type": "relation", "string": "plus"}, {"type": "relation", "string": "宠物头像"}]}, {"id": 3, "type": "van-icon", "string": null, "attribute": {"name": "plus", "wx:if": "{{!image}}"}, "referenceVariable": ["!image"], "referenceFunction": [], "style": [], "inheritClass": null, "wxss": [], "page": null, "path": "D:\\WORK\\2021\\MPDF\\baseline\\ui\\宠步+\\index.wxml", "child": [], "parent": 2, "matchString": [{"type": "attr", "string": "plus"}]}, {"id": 4, "type": "text", "string": "宠物头像", "attribute": {"wx:if": "{{!image}}"}, "referenceVariable": ["!image"], "referenceFunction": [], "style": [], "inheritClass": null, "wxss": [], "page": null, "path": "D:\\WORK\\2021\\MPDF\\baseline\\ui\\宠步+\\index.wxml", "child": [], "parent": 2, "matchString": [{"type": "self", "string": "宠物头像"}]}, {"id": 5, "type": "image", "string": null, "attribute": {"mode": "aspectFill", "src": "{{image}}", "wx:if": "{{image}}"}, "referenceVariable": ["image", "image"], "referenceFunction": [], "style": [], "inheritClass": null, "wxss": [], "page": null, "path": "D:\\WORK\\2021\\MPDF\\baseline\\ui\\宠步+\\index.wxml", "child": [], "parent": 2, "matchString": []}, {"id": 6, "type": "view", "string": null, "attribute": {"class": ["dog-name"]}, "referenceVariable": [], "referenceFunction": [], "style": [], "inheritClass": null, "wxss": [], "page": null, "path": "D:\\WORK\\2021\\MPDF\\baseline\\ui\\宠步+\\index.wxml", "child": [7], "parent": 1, "matchString": [{"type": "relation", "string": "请填写宠物名"}]}, {"id": 7, "type": "input", "string": null, "attribute": {"bindinput": "handleInputName", "placeholder": "请填写宠物名", "value": "{{petName}}"}, "referenceVariable": ["petName"], "referenceFunction": ["handleInputName"], "style": [], "inheritClass": null, "wxss": [], "page": null, "path": "D:\\WORK\\2021\\MPDF\\baseline\\ui\\宠步+\\index.wxml", "child": [], "parent": 6, "matchString": [{"type": "attr", "string": "请填写宠物名"}]}, {"id": 8, "type": "view", "string": null, "attribute": {"bindtap": "gotoTicket", "class": ["cell-item", "paddingTop"]}, "referenceVariable": [], "referenceFunction": ["gotoTicket"], "style": [], "inheritClass": null, "wxss": [], "page": null, "path": "D:\\WORK\\2021\\MPDF\\baseline\\ui\\宠步+\\index.wxml", "child": [9, 10, 11], "parent": 1, "matchString": [{"type": "relation", "string": "{{varietyTitle}}:"}, {"type": "relation", "string": "{{varietyValue.value&&varietyValue.value!=0?varietyValue.value:'请选择品种'}}"}]}, {"id": 9, "type": "text", "string": "{{varietyTitle}}:", "attribute": {}, "referenceVariable": [], "referenceFunction": [], "style": [], "inheritClass": null, "wxss": [], "page": null, "path": "D:\\WORK\\2021\\MPDF\\baseline\\ui\\宠步+\\index.wxml", "child": [], "parent": 8, "matchString": [{"type": "self", "string": "{{varietyTitle}}:"}]}, {"id": 10, "type": "text", "string": "{{varietyValue.value&&varietyValue.value!=0?varietyValue.value:'请选择品种'}}", "attribute": {}, "referenceVariable": [], "referenceFunction": [], "style": [], "inheritClass": null, "wxss": [], "page": null, "path": "D:\\WORK\\2021\\MPDF\\baseline\\ui\\宠步+\\index.wxml", "child": [], "parent": 8, "matchString": [{"type": "self", "string": "{{varietyValue.value&&varietyValue.value!=0?varietyValue.value:'请选择品种'}}"}]}, {"id": 11, "type": "image", "string": null, "attribute": {"src": "../../images/arrow_down.png"}, "referenceVariable": [], "referenceFunction": [], "style": [], "inheritClass": null, "wxss": [], "page": null, "path": "D:\\WORK\\2021\\MPDF\\baseline\\ui\\宠步+\\index.wxml", "child": [], "parent": 8, "matchString": []}, {"id": 12, "type": "view", "string": null, "attribute": {"class": ["cell-item"], "wx:for": "{{typeList}}", "wx:key": "index"}, "referenceVariable": ["typeList"], "referenceFunction": [], "style": [], "inheritClass": null, "wxss": [], "page": null, "path": "D:\\WORK\\2021\\MPDF\\baseline\\ui\\宠步+\\index.wxml", "child": [13, 14, 17], "parent": 1, "matchString": [{"type": "relation", "string": "{{item.title}}:"}, {"type": "relation", "string": "{{index}}"}, {"type": "relation", "string": "{{item.list}}"}, {"type": "relation", "string": "\n        {{item.dataIndex?item.dataIndex:'请选择'}}\n      "}, {"type": "relation", "string": "\n        {{item.list[item.dataIndex]}}\n      "}]}, {"id": 13, "type": "text", "string": "{{item.title}}:", "attribute": {}, "referenceVariable": [], "referenceFunction": [], "style": [], "inheritClass": null, "wxss": [], "page": null, "path": "D:\\WORK\\2021\\MPDF\\baseline\\ui\\宠步+\\index.wxml", "child": [], "parent": 12, "matchString": [{"type": "self", "string": "{{item.title}}:"}]}, {"id": 14, "type": "picker", "string": null, "attribute": {"bindchange": "bindPicker", "data-picker": "{{index}}", "mode": "{{item.mode}}", "range": "{{item.list}}", "value": "{{item.dataIndex}}"}, "referenceVariable": ["index", "item.mode", "item.list", "item.dataIndex"], "referenceFunction": ["bindPicker"], "style": [], "inheritClass": null, "wxss": [], "page": null, "path": "D:\\WORK\\2021\\MPDF\\baseline\\ui\\宠步+\\index.wxml", "child": [15, 16], "parent": 12, "matchString": [{"type": "attr", "string": "{{index}}"}, {"type": "attr", "string": "{{item.list}}"}, {"type": "relation", "string": "\n        {{item.dataIndex?item.dataIndex:'请选择'}}\n      "}, {"type": "relation", "string": "\n        {{item.list[item.dataIndex]}}\n      "}]}, {"id": 15, "type": "view", "string": "\n        {{item.dataIndex?item.dataIndex:'请选择'}}\n      ", "attribute": {"class": ["picker"], "wx:if": "{{item.mode=='date'}}"}, "referenceVariable": ["item.mode=='date'"], "referenceFunction": [], "style": [], "inheritClass": null, "wxss": [], "page": null, "path": "D:\\WORK\\2021\\MPDF\\baseline\\ui\\宠步+\\index.wxml", "child": [], "parent": 14, "matchString": [{"type": "self", "string": "\n        {{item.dataIndex?item.dataIndex:'请选择'}}\n      "}]}, {"id": 16, "type": "view", "string": "\n        {{item.list[item.dataIndex]}}\n      ", "attribute": {"class": ["picker"], "wx:else": ""}, "referenceVariable": [], "referenceFunction": [], "style": [], "inheritClass": null, "wxss": [], "page": null, "path": "D:\\WORK\\2021\\MPDF\\baseline\\ui\\宠步+\\index.wxml", "child": [], "parent": 14, "matchString": [{"type": "self", "string": "\n        {{item.list[item.dataIndex]}}\n      "}]}, {"id": 17, "type": "image", "string": null, "attribute": {"src": "../../images/arrow_down.png"}, "referenceVariable": [], "referenceFunction": [], "style": [], "inheritClass": null, "wxss": [], "page": null, "path": "D:\\WORK\\2021\\MPDF\\baseline\\ui\\宠步+\\index.wxml", "child": [], "parent": 12, "matchString": []}, {"id": 18, "type": "view", "string": null, "attribute": {"class": ["cell-label-wrap"]}, "referenceVariable": [], "referenceFunction": [], "style": [], "inheritClass": null, "wxss": [], "page": null, "path": "D:\\WORK\\2021\\MPDF\\baseline\\ui\\宠步+\\index.wxml", "child": [19, 20], "parent": 1, "matchString": [{"type": "relation", "string": "狗狗标签"}, {"type": "relation", "string": "{{item.name}}"}, {"type": "relation", "string": "{{index}}"}]}, {"id": 19, "type": "text", "string": "狗狗标签", "attribute": {"class": ["cell-title"]}, "referenceVariable": [], "referenceFunction": [], "style": [], "inheritClass": null, "wxss": [], "page": null, "path": "D:\\WORK\\2021\\MPDF\\baseline\\ui\\宠步+\\index.wxml", "child": [], "parent": 18, "matchString": [{"type": "self", "string": "狗狗标签"}]}, {"id": 20, "type": "view", "string": null, "attribute": {"class": ["cell-label"]}, "referenceVariable": [], "referenceFunction": [], "style": [], "inheritClass": null, "wxss": [], "page": null, "path": "D:\\WORK\\2021\\MPDF\\baseline\\ui\\宠步+\\index.wxml", "child": [21], "parent": 18, "matchString": [{"type": "relation", "string": "{{item.name}}"}, {"type": "relation", "string": "{{index}}"}]}, {"id": 21, "type": "text", "string": "{{item.name}}", "attribute": {"bindtap": "selectTap", "class": ["{{item.select?'active':''}}"], "data-index": "{{index}}", "wx:for": "{{character}}", "wx:key": "index"}, "referenceVariable": ["item.select?'active':''", "index", "character"], "referenceFunction": ["selectTap"], "style": [], "inheritClass": null, "wxss": [], "page": null, "path": "D:\\WORK\\2021\\MPDF\\baseline\\ui\\宠步+\\index.wxml", "child": [], "parent": 20, "matchString": [{"type": "self", "string": "{{item.name}}"}, {"type": "attr", "string": "{{index}}"}]}, {"id": 22, "type": "view", "string": null, "attribute": {"class": ["submit-c"]}, "referenceVariable": [], "referenceFunction": [], "style": [], "inheritClass": null, "wxss": [], "page": null, "path": "D:\\WORK\\2021\\MPDF\\baseline\\ui\\宠步+\\index.wxml", "child": [23], "parent": 1, "matchString": [{"type": "relation", "string": "立即保存"}]}, {"id": 23, "type": "van-button", "string": "立即保存", "attribute": {"bindtap": "save", "class": ["submit"], "disabled": "{{dis}}", "size": "large", "type": "primary"}, "referenceVariable": ["dis"], "referenceFunction": ["save"], "style": [], "inheritClass": null, "wxss": [], "page": null, "path": "D:\\WORK\\2021\\MPDF\\baseline\\ui\\宠步+\\index.wxml", "child": [], "parent": 22, "matchString": [{"type": "self", "string": "立即保存"}]}]