[{"id": 0, "type": "[document]", "string": null, "attribute": {}, "referenceVariable": [], "referenceFunction": [], "style": [], "inheritClass": null, "wxss": [], "page": null, "path": "D:\\WORK\\2021\\MPDF\\baseline\\ui\\饿了么外卖服务\\address.wxml", "child": [1, 2, 3, 4, 5, 34, 38], "parent": null, "matchString": [{"type": "relation", "string": "addr"}, {"type": "relation", "string": "{{index}}"}, {"type": "relation", "string": "address-item-content"}, {"type": "relation", "string": "{{imageHash:imageHash,addr:addr}}"}, {"type": "relation", "string": "以下地址超出配送范围"}, {"type": "relation", "string": "not-my-fault"}, {"type": "relation", "string": "{{ msg:'您还没有地址，可以点击底部按钮新建地址',img:imageHash['NO_ADDRESS'] }}"}, {"type": "relation", "string": "新增地址"}, {"type": "relation", "string": "checkout-address-add"}, {"type": "relation", "string": "add-or-edit-address-panel"}, {"type": "relation", "string": "{{imageHash:imageHash,address:address,tags:tags}}"}, {"type": "relation", "string": "确定"}, {"type": "relation", "string": "checkout-address-edit"}, {"type": "relation", "string": "删除"}]}, {"id": 1, "type": "import", "string": null, "attribute": {"src": "/common/components/not-my-fault/index.wxml"}, "referenceVariable": [], "referenceFunction": [], "style": [], "inheritClass": null, "wxss": [], "page": null, "path": "D:\\WORK\\2021\\MPDF\\baseline\\ui\\饿了么外卖服务\\address.wxml", "child": [], "parent": 0, "matchString": []}, {"id": 2, "type": "import", "string": null, "attribute": {"src": "/pages/address/templates/address-item-content/index.wxml"}, "referenceVariable": [], "referenceFunction": [], "style": [], "inheritClass": null, "wxss": [], "page": null, "path": "D:\\WORK\\2021\\MPDF\\baseline\\ui\\饿了么外卖服务\\address.wxml", "child": [], "parent": 0, "matchString": []}, {"id": 3, "type": "import", "string": null, "attribute": {"src": "templates/add-or-edit-address-panel/index.wxml"}, "referenceVariable": [], "referenceFunction": [], "style": [], "inheritClass": null, "wxss": [], "page": null, "path": "D:\\WORK\\2021\\MPDF\\baseline\\ui\\饿了么外卖服务\\address.wxml", "child": [], "parent": 0, "matchString": []}, {"id": 4, "type": "view", "string": null, "attribute": {"class": ["background"]}, "referenceVariable": [], "referenceFunction": [], "style": [], "inheritClass": null, "wxss": [], "page": null, "path": "D:\\WORK\\2021\\MPDF\\baseline\\ui\\饿了么外卖服务\\address.wxml", "child": [], "parent": 0, "matchString": []}, {"id": 5, "type": "view", "string": null, "attribute": {"class": ["address-list", "{{(!addresses||addresses.length===0)&&(!availableAddresses||availableAddresses.length===0)&&(!unavailableAddresses||unavailableAddresses.length===0)?'no-address-list':''}}", "{{fromCheckout?'select-address-page':''}}"], "wx:if": "{{viewMode==='list'}}"}, "referenceVariable": ["(!addresses||addresses.length===0)&&(!availableAddresses||availableAddresses.length===0)&&(!unavailableAddresses||unavailableAddresses.length===0)?'no-address-list':''", "fromCheckout?'select-address-page':''", "viewMode==='list'"], "referenceFunction": [], "style": [], "inheritClass": null, "wxss": [], "page": null, "path": "D:\\WORK\\2021\\MPDF\\baseline\\ui\\饿了么外卖服务\\address.wxml", "child": [6, 12, 20, 22, 29, 31], "parent": 0, "matchString": [{"type": "relation", "string": "addr"}, {"type": "relation", "string": "{{index}}"}, {"type": "relation", "string": "address-item-content"}, {"type": "relation", "string": "{{imageHash:imageHash,addr:addr}}"}, {"type": "relation", "string": "以下地址超出配送范围"}, {"type": "relation", "string": "not-my-fault"}, {"type": "relation", "string": "{{ msg:'您还没有地址，可以点击底部按钮新建地址',img:imageHash['NO_ADDRESS'] }}"}, {"type": "relation", "string": "新增地址"}]}, {"id": 6, "type": "block", "string": null, "attribute": {"wx:if": "{{addresses.length&&!fromCheckout}}", "wx:for": "{{addresses}}", "wx:for-item": "addr", "wx:key": "addr.id"}, "referenceVariable": ["addresses.length&&!fromCheckout", "addresses"], "referenceFunction": [], "style": [], "inheritClass": null, "wxss": [], "page": null, "path": "D:\\WORK\\2021\\MPDF\\baseline\\ui\\饿了么外卖服务\\address.wxml", "child": [7, 8], "parent": 5, "matchString": [{"type": "attr", "string": "addr"}, {"type": "relation", "string": "{{index}}"}, {"type": "relation", "string": "address-item-content"}, {"type": "relation", "string": "{{imageHash:imageHash,addr:addr}}"}]}, {"id": 7, "type": "view", "string": null, "attribute": {"class": ["divider"], "wx:if": "{{index>0}}"}, "referenceVariable": ["index>0"], "referenceFunction": [], "style": [], "inheritClass": null, "wxss": [], "page": null, "path": "D:\\WORK\\2021\\MPDF\\baseline\\ui\\饿了么外卖服务\\address.wxml", "child": [], "parent": 6, "matchString": []}, {"id": 8, "type": "view", "string": null, "attribute": {"class": ["address-item"], "data-index": "{{index}}"}, "referenceVariable": ["index"], "referenceFunction": [], "style": [], "inheritClass": null, "wxss": [], "page": null, "path": "D:\\WORK\\2021\\MPDF\\baseline\\ui\\饿了么外卖服务\\address.wxml", "child": [9, 10], "parent": 6, "matchString": [{"type": "attr", "string": "{{index}}"}, {"type": "relation", "string": "address-item-content"}, {"type": "relation", "string": "{{imageHash:imageHash,addr:addr}}"}]}, {"id": 9, "type": "template", "string": null, "attribute": {"is": "address-item-content", "data": "{{imageHash:imageHash,addr:addr}}"}, "referenceVariable": ["imageHash:imageHash,addr:addr"], "referenceFunction": [], "style": [], "inheritClass": null, "wxss": [], "page": null, "path": "D:\\WORK\\2021\\MPDF\\baseline\\ui\\饿了么外卖服务\\address.wxml", "child": [], "parent": 8, "matchString": [{"type": "attr", "string": "address-item-content"}, {"type": "attr", "string": "{{imageHash:imageHash,addr:addr}}"}]}, {"id": 10, "type": "view", "string": null, "attribute": {"catchtap": "showEditAddress", "class": ["edit"], "data-index": "{{index}}"}, "referenceVariable": ["index"], "referenceFunction": [], "style": [], "inheritClass": null, "wxss": [], "page": null, "path": "D:\\WORK\\2021\\MPDF\\baseline\\ui\\饿了么外卖服务\\address.wxml", "child": [11], "parent": 8, "matchString": [{"type": "attr", "string": "{{index}}"}]}, {"id": 11, "type": "image", "string": null, "attribute": {"src": "{{imageHash['edit']}}"}, "referenceVariable": ["imageHash['edit']"], "referenceFunction": [], "style": [], "inheritClass": null, "wxss": [], "page": null, "path": "D:\\WORK\\2021\\MPDF\\baseline\\ui\\饿了么外卖服务\\address.wxml", "child": [], "parent": 10, "matchString": []}, {"id": 12, "type": "block", "string": null, "attribute": {"wx:if": "{{availableAddresses.length&&fromCheckout}}", "wx:for": "{{availableAddresses}}", "wx:for-item": "addr", "wx:key": "addr.id"}, "referenceVariable": ["availableAddresses.length&&fromCheckout", "availableAddresses"], "referenceFunction": [], "style": [], "inheritClass": null, "wxss": [], "page": null, "path": "D:\\WORK\\2021\\MPDF\\baseline\\ui\\饿了么外卖服务\\address.wxml", "child": [13, 14], "parent": 5, "matchString": [{"type": "attr", "string": "addr"}, {"type": "relation", "string": "{{index}}"}, {"type": "relation", "string": "address-item-content"}, {"type": "relation", "string": "{{imageHash:imageHash,addr:addr}}"}]}, {"id": 13, "type": "view", "string": null, "attribute": {"class": ["divider"], "wx:if": "{{index>0}}"}, "referenceVariable": ["index>0"], "referenceFunction": [], "style": [], "inheritClass": null, "wxss": [], "page": null, "path": "D:\\WORK\\2021\\MPDF\\baseline\\ui\\饿了么外卖服务\\address.wxml", "child": [], "parent": 12, "matchString": []}, {"id": 14, "type": "view", "string": null, "attribute": {"catchtap": "selectAddress", "class": ["address-item"], "data-index": "{{index}}"}, "referenceVariable": ["index"], "referenceFunction": [], "style": [], "inheritClass": null, "wxss": [], "page": null, "path": "D:\\WORK\\2021\\MPDF\\baseline\\ui\\饿了么外卖服务\\address.wxml", "child": [15, 16, 17, 18], "parent": 12, "matchString": [{"type": "attr", "string": "{{index}}"}, {"type": "relation", "string": "address-item-content"}, {"type": "relation", "string": "{{imageHash:imageHash,addr:addr}}"}]}, {"id": 15, "type": "image", "string": null, "attribute": {"class": ["status"], "src": "{{imageHash['selected']}}", "wx:if": "{{addr.id===address.id}}"}, "referenceVariable": ["imageHash['selected']", "addr.id===address.id"], "referenceFunction": [], "style": [], "inheritClass": null, "wxss": [], "page": null, "path": "D:\\WORK\\2021\\MPDF\\baseline\\ui\\饿了么外卖服务\\address.wxml", "child": [], "parent": 14, "matchString": []}, {"id": 16, "type": "image", "string": null, "attribute": {"class": ["status"], "src": "{{imageHash['not_selected']}}", "wx:if": "{{addr.id!==address.id}}"}, "referenceVariable": ["imageHash['not_selected']", "addr.id!==address.id"], "referenceFunction": [], "style": [], "inheritClass": null, "wxss": [], "page": null, "path": "D:\\WORK\\2021\\MPDF\\baseline\\ui\\饿了么外卖服务\\address.wxml", "child": [], "parent": 14, "matchString": []}, {"id": 17, "type": "template", "string": null, "attribute": {"is": "address-item-content", "data": "{{imageHash:imageHash,addr:addr}}"}, "referenceVariable": ["imageHash:imageHash,addr:addr"], "referenceFunction": [], "style": [], "inheritClass": null, "wxss": [], "page": null, "path": "D:\\WORK\\2021\\MPDF\\baseline\\ui\\饿了么外卖服务\\address.wxml", "child": [], "parent": 14, "matchString": [{"type": "attr", "string": "address-item-content"}, {"type": "attr", "string": "{{imageHash:imageHash,addr:addr}}"}]}, {"id": 18, "type": "view", "string": null, "attribute": {"catchtap": "showEditAvailableAddress", "class": ["edit"], "data-index": "{{index}}"}, "referenceVariable": ["index"], "referenceFunction": [], "style": [], "inheritClass": null, "wxss": [], "page": null, "path": "D:\\WORK\\2021\\MPDF\\baseline\\ui\\饿了么外卖服务\\address.wxml", "child": [19], "parent": 14, "matchString": [{"type": "attr", "string": "{{index}}"}]}, {"id": 19, "type": "image", "string": null, "attribute": {"src": "{{imageHash['edit']}}"}, "referenceVariable": ["imageHash['edit']"], "referenceFunction": [], "style": [], "inheritClass": null, "wxss": [], "page": null, "path": "D:\\WORK\\2021\\MPDF\\baseline\\ui\\饿了么外卖服务\\address.wxml", "child": [], "parent": 18, "matchString": []}, {"id": 20, "type": "view", "string": null, "attribute": {"class": ["section-hint"], "wx:if": "{{unavailableAddresses.length&&fromCheckout}}"}, "referenceVariable": ["unavailableAddresses.length&&fromCheckout"], "referenceFunction": [], "style": [], "inheritClass": null, "wxss": [], "page": null, "path": "D:\\WORK\\2021\\MPDF\\baseline\\ui\\饿了么外卖服务\\address.wxml", "child": [21], "parent": 5, "matchString": [{"type": "relation", "string": "以下地址超出配送范围"}]}, {"id": 21, "type": "text", "string": "以下地址超出配送范围", "attribute": {}, "referenceVariable": [], "referenceFunction": [], "style": [], "inheritClass": null, "wxss": [], "page": null, "path": "D:\\WORK\\2021\\MPDF\\baseline\\ui\\饿了么外卖服务\\address.wxml", "child": [], "parent": 20, "matchString": [{"type": "self", "string": "以下地址超出配送范围"}]}, {"id": 22, "type": "block", "string": null, "attribute": {"wx:if": "{{unavailableAddresses.length&&fromCheckout}}", "wx:for": "{{unavailableAddresses}}", "wx:for-item": "addr", "wx:key": "addr.id"}, "referenceVariable": ["unavailableAddresses.length&&fromCheckout", "unavailableAddresses"], "referenceFunction": [], "style": [], "inheritClass": null, "wxss": [], "page": null, "path": "D:\\WORK\\2021\\MPDF\\baseline\\ui\\饿了么外卖服务\\address.wxml", "child": [23, 24], "parent": 5, "matchString": [{"type": "attr", "string": "addr"}, {"type": "relation", "string": "address-item-content"}, {"type": "relation", "string": "{{imageHash:imageHash,addr:addr}}"}, {"type": "relation", "string": "{{index}}"}]}, {"id": 23, "type": "view", "string": null, "attribute": {"class": ["divider"], "wx:if": "{{index>0}}"}, "referenceVariable": ["index>0"], "referenceFunction": [], "style": [], "inheritClass": null, "wxss": [], "page": null, "path": "D:\\WORK\\2021\\MPDF\\baseline\\ui\\饿了么外卖服务\\address.wxml", "child": [], "parent": 22, "matchString": []}, {"id": 24, "type": "view", "string": null, "attribute": {"class": ["address-item", "unavailable"]}, "referenceVariable": [], "referenceFunction": [], "style": [], "inheritClass": null, "wxss": [], "page": null, "path": "D:\\WORK\\2021\\MPDF\\baseline\\ui\\饿了么外卖服务\\address.wxml", "child": [25, 26, 27], "parent": 22, "matchString": [{"type": "relation", "string": "address-item-content"}, {"type": "relation", "string": "{{imageHash:imageHash,addr:addr}}"}, {"type": "relation", "string": "{{index}}"}]}, {"id": 25, "type": "image", "string": null, "attribute": {"class": ["status"], "src": ""}, "referenceVariable": [], "referenceFunction": [], "style": [], "inheritClass": null, "wxss": [], "page": null, "path": "D:\\WORK\\2021\\MPDF\\baseline\\ui\\饿了么外卖服务\\address.wxml", "child": [], "parent": 24, "matchString": []}, {"id": 26, "type": "template", "string": null, "attribute": {"is": "address-item-content", "data": "{{imageHash:imageHash,addr:addr}}"}, "referenceVariable": ["imageHash:imageHash,addr:addr"], "referenceFunction": [], "style": [], "inheritClass": null, "wxss": [], "page": null, "path": "D:\\WORK\\2021\\MPDF\\baseline\\ui\\饿了么外卖服务\\address.wxml", "child": [], "parent": 24, "matchString": [{"type": "attr", "string": "address-item-content"}, {"type": "attr", "string": "{{imageHash:imageHash,addr:addr}}"}]}, {"id": 27, "type": "view", "string": null, "attribute": {"catchtap": "showEditUnavailableAddress", "class": ["edit"], "data-index": "{{index}}"}, "referenceVariable": ["index"], "referenceFunction": [], "style": [], "inheritClass": null, "wxss": [], "page": null, "path": "D:\\WORK\\2021\\MPDF\\baseline\\ui\\饿了么外卖服务\\address.wxml", "child": [28], "parent": 24, "matchString": [{"type": "attr", "string": "{{index}}"}]}, {"id": 28, "type": "image", "string": null, "attribute": {"src": "{{imageHash['edit']}}"}, "referenceVariable": ["imageHash['edit']"], "referenceFunction": [], "style": [], "inheritClass": null, "wxss": [], "page": null, "path": "D:\\WORK\\2021\\MPDF\\baseline\\ui\\饿了么外卖服务\\address.wxml", "child": [], "parent": 27, "matchString": []}, {"id": 29, "type": "view", "string": null, "attribute": {"wx:if": "{{loaded&&(!addresses||addresses.length===0)&&(!availableAddresses||availableAddresses.length===0)&&(!unavailableAddresses||unavailableAddresses.length===0)}}"}, "referenceVariable": ["loaded&&(!addresses||addresses.length===0)&&(!availableAddresses||availableAddresses.length===0)&&(!unavailableAddresses||unavailableAddresses.length===0)"], "referenceFunction": [], "style": [], "inheritClass": null, "wxss": [], "page": null, "path": "D:\\WORK\\2021\\MPDF\\baseline\\ui\\饿了么外卖服务\\address.wxml", "child": [30], "parent": 5, "matchString": [{"type": "relation", "string": "not-my-fault"}, {"type": "relation", "string": "{{ msg:'您还没有地址，可以点击底部按钮新建地址',img:imageHash['NO_ADDRESS'] }}"}]}, {"id": 30, "type": "template", "string": null, "attribute": {"is": "not-my-fault", "data": "{{ msg:'您还没有地址，可以点击底部按钮新建地址',img:imageHash['NO_ADDRESS'] }}"}, "referenceVariable": [" msg:'您还没有地址，可以点击底部按钮新建地址',img:imageHash['NO_ADDRESS'] "], "referenceFunction": [], "style": [], "inheritClass": null, "wxss": [], "page": null, "path": "D:\\WORK\\2021\\MPDF\\baseline\\ui\\饿了么外卖服务\\address.wxml", "child": [], "parent": 29, "matchString": [{"type": "attr", "string": "not-my-fault"}, {"type": "attr", "string": "{{ msg:'您还没有地址，可以点击底部按钮新建地址',img:imageHash['NO_ADDRESS'] }}"}]}, {"id": 31, "type": "view", "string": null, "attribute": {"bindtap": "showAddAddress", "class": ["add"]}, "referenceVariable": [], "referenceFunction": ["showAddAddress"], "style": [], "inheritClass": null, "wxss": [], "page": null, "path": "D:\\WORK\\2021\\MPDF\\baseline\\ui\\饿了么外卖服务\\address.wxml", "child": [32, 33], "parent": 5, "matchString": [{"type": "relation", "string": "新增地址"}]}, {"id": 32, "type": "image", "string": null, "attribute": {"class": ["button"], "src": "{{imageHash['add']}}"}, "referenceVariable": ["imageHash['add']"], "referenceFunction": [], "style": [], "inheritClass": null, "wxss": [], "page": null, "path": "D:\\WORK\\2021\\MPDF\\baseline\\ui\\饿了么外卖服务\\address.wxml", "child": [], "parent": 31, "matchString": []}, {"id": 33, "type": "text", "string": "新增地址", "attribute": {}, "referenceVariable": [], "referenceFunction": [], "style": [], "inheritClass": null, "wxss": [], "page": null, "path": "D:\\WORK\\2021\\MPDF\\baseline\\ui\\饿了么外卖服务\\address.wxml", "child": [], "parent": 31, "matchString": [{"type": "self", "string": "新增地址"}]}, {"id": 34, "type": "view", "string": null, "attribute": {"class": ["checkout-address-form"], "name": "checkout-address-add", "wx:if": "{{viewMode==='add'}}"}, "referenceVariable": ["viewMode==='add'"], "referenceFunction": [], "style": [], "inheritClass": null, "wxss": [], "page": null, "path": "D:\\WORK\\2021\\MPDF\\baseline\\ui\\饿了么外卖服务\\address.wxml", "child": [35, 36], "parent": 0, "matchString": [{"type": "attr", "string": "checkout-address-add"}, {"type": "relation", "string": "add-or-edit-address-panel"}, {"type": "relation", "string": "{{imageHash:imageHash,address:address,tags:tags}}"}, {"type": "relation", "string": "确定"}]}, {"id": 35, "type": "template", "string": null, "attribute": {"is": "add-or-edit-address-panel", "data": "{{imageHash:imageHash,address:address,tags:tags}}"}, "referenceVariable": ["imageHash:imageHash,address:address,tags:tags"], "referenceFunction": [], "style": [], "inheritClass": null, "wxss": [], "page": null, "path": "D:\\WORK\\2021\\MPDF\\baseline\\ui\\饿了么外卖服务\\address.wxml", "child": [], "parent": 34, "matchString": [{"type": "attr", "string": "add-or-edit-address-panel"}, {"type": "attr", "string": "{{imageHash:imageHash,address:address,tags:tags}}"}, {"type": "relation", "string": "{{imageHash:imageHash,address:address,tags:tags}}"}]}, {"id": 36, "type": "view", "string": null, "attribute": {"class": ["operate"]}, "referenceVariable": [], "referenceFunction": [], "style": [], "inheritClass": null, "wxss": [], "page": null, "path": "D:\\WORK\\2021\\MPDF\\baseline\\ui\\饿了么外卖服务\\address.wxml", "child": [37], "parent": 34, "matchString": [{"type": "relation", "string": "确定"}]}, {"id": 37, "type": "view", "string": "确定", "attribute": {"bindtap": "confirmAddAddress", "class": ["button", "confirm"]}, "referenceVariable": [], "referenceFunction": ["confirmAddAddress"], "style": [], "inheritClass": null, "wxss": [], "page": null, "path": "D:\\WORK\\2021\\MPDF\\baseline\\ui\\饿了么外卖服务\\address.wxml", "child": [], "parent": 36, "matchString": [{"type": "self", "string": "确定"}]}, {"id": 38, "type": "view", "string": null, "attribute": {"class": ["checkout-address-form"], "name": "checkout-address-edit", "wx:if": "{{viewMode==='edit'}}"}, "referenceVariable": ["viewMode==='edit'"], "referenceFunction": [], "style": [], "inheritClass": null, "wxss": [], "page": null, "path": "D:\\WORK\\2021\\MPDF\\baseline\\ui\\饿了么外卖服务\\address.wxml", "child": [39, 40], "parent": 0, "matchString": [{"type": "attr", "string": "checkout-address-edit"}, {"type": "relation", "string": "add-or-edit-address-panel"}, {"type": "relation", "string": "{{imageHash:imageHash,address:address,tags:tags}}"}, {"type": "relation", "string": "删除"}, {"type": "relation", "string": "确定"}]}, {"id": 39, "type": "template", "string": null, "attribute": {"is": "add-or-edit-address-panel", "data": "{{imageHash:imageHash,address:address,tags:tags}}"}, "referenceVariable": ["imageHash:imageHash,address:address,tags:tags"], "referenceFunction": [], "style": [], "inheritClass": null, "wxss": [], "page": null, "path": "D:\\WORK\\2021\\MPDF\\baseline\\ui\\饿了么外卖服务\\address.wxml", "child": [], "parent": 38, "matchString": [{"type": "attr", "string": "add-or-edit-address-panel"}, {"type": "attr", "string": "{{imageHash:imageHash,address:address,tags:tags}}"}, {"type": "relation", "string": "{{imageHash:imageHash,address:address,tags:tags}}"}]}, {"id": 40, "type": "view", "string": null, "attribute": {"class": ["operate"]}, "referenceVariable": [], "referenceFunction": [], "style": [], "inheritClass": null, "wxss": [], "page": null, "path": "D:\\WORK\\2021\\MPDF\\baseline\\ui\\饿了么外卖服务\\address.wxml", "child": [41, 42], "parent": 38, "matchString": [{"type": "relation", "string": "删除"}, {"type": "relation", "string": "确定"}]}, {"id": 41, "type": "view", "string": "删除", "attribute": {"bindtap": "removeAddress", "class": ["button", "remove"]}, "referenceVariable": [], "referenceFunction": ["removeAddress"], "style": [], "inheritClass": null, "wxss": [], "page": null, "path": "D:\\WORK\\2021\\MPDF\\baseline\\ui\\饿了么外卖服务\\address.wxml", "child": [], "parent": 40, "matchString": [{"type": "self", "string": "删除"}]}, {"id": 42, "type": "view", "string": "确定", "attribute": {"bindtap": "confirmEditAddress", "class": ["button", "confirm"]}, "referenceVariable": [], "referenceFunction": ["confirmEditAddress"], "style": [], "inheritClass": null, "wxss": [], "page": null, "path": "D:\\WORK\\2021\\MPDF\\baseline\\ui\\饿了么外卖服务\\address.wxml", "child": [], "parent": 40, "matchString": [{"type": "self", "string": "确定"}]}]