[{"id": 0, "type": "[document]", "string": null, "attribute": {}, "referenceVariable": [], "referenceFunction": [], "style": [], "inheritClass": null, "wxss": [], "page": null, "path": "D:\\WORK\\2021\\MPDF\\baseline\\ui\\CMC影院\\mineAccountLogin.wxml", "child": [1], "parent": null, "matchString": [{"type": "relation", "string": "mineAccountLogin"}, {"type": "relation", "string": "phonenum"}, {"type": "relation", "string": "手机号"}, {"type": "relation", "string": "safecode"}, {"type": "relation", "string": "安全验证码"}, {"type": "relation", "string": "{{loginCodeUrl}}"}, {"type": "relation", "string": "password"}, {"type": "relation", "string": "{{!showPassWord}}"}, {"type": "relation", "string": "密码"}, {"type": "relation", "string": "\n                登录\n            "}, {"type": "relation", "string": "submit"}, {"type": "relation", "string": "《用户协议》"}, {"type": "relation", "string": "《隐私政策》"}, {"type": "relation", "string": "\n                验证码登录\n            "}, {"type": "relation", "string": "{{seatLogin}}"}]}, {"id": 1, "type": "template", "string": null, "attribute": {"name": "mineAccountLogin"}, "referenceVariable": [], "referenceFunction": [], "style": [], "inheritClass": null, "wxss": [], "page": null, "path": "D:\\WORK\\2021\\MPDF\\baseline\\ui\\CMC影院\\mineAccountLogin.wxml", "child": [2], "parent": 0, "matchString": [{"type": "attr", "string": "mineAccountLogin"}, {"type": "relation", "string": "phonenum"}, {"type": "relation", "string": "手机号"}, {"type": "relation", "string": "safecode"}, {"type": "relation", "string": "安全验证码"}, {"type": "relation", "string": "{{loginCodeUrl}}"}, {"type": "relation", "string": "password"}, {"type": "relation", "string": "{{!showPassWord}}"}, {"type": "relation", "string": "密码"}, {"type": "relation", "string": "\n                登录\n            "}, {"type": "relation", "string": "submit"}, {"type": "relation", "string": "《用户协议》"}, {"type": "relation", "string": "《隐私政策》"}, {"type": "relation", "string": "\n                验证码登录\n            "}, {"type": "relation", "string": "{{seatLogin}}"}]}, {"id": 2, "type": "view", "string": null, "attribute": {"class": ["mineAccountLogin-view"]}, "referenceVariable": [], "referenceFunction": [], "style": [], "inheritClass": null, "wxss": [], "page": null, "path": "D:\\WORK\\2021\\MPDF\\baseline\\ui\\CMC影院\\mineAccountLogin.wxml", "child": [3, 4, 21], "parent": 1, "matchString": [{"type": "relation", "string": "phonenum"}, {"type": "relation", "string": "手机号"}, {"type": "relation", "string": "safecode"}, {"type": "relation", "string": "安全验证码"}, {"type": "relation", "string": "{{loginCodeUrl}}"}, {"type": "relation", "string": "password"}, {"type": "relation", "string": "{{!showPassWord}}"}, {"type": "relation", "string": "密码"}, {"type": "relation", "string": "\n                登录\n            "}, {"type": "relation", "string": "submit"}, {"type": "relation", "string": "《用户协议》"}, {"type": "relation", "string": "《隐私政策》"}, {"type": "relation", "string": "\n                验证码登录\n            "}, {"type": "relation", "string": "{{seatLogin}}"}]}, {"id": 3, "type": "image", "string": null, "attribute": {"class": ["mineAccountLogin-view-logo"], "src": "/images/configimage/denglu_logo.png"}, "referenceVariable": [], "referenceFunction": [], "style": [], "inheritClass": null, "wxss": [], "page": null, "path": "D:\\WORK\\2021\\MPDF\\baseline\\ui\\CMC影院\\mineAccountLogin.wxml", "child": [], "parent": 2, "matchString": []}, {"id": 4, "type": "form", "string": null, "attribute": {"bindsubmit": "{{accountLoginPhoneNum.length>=11&&accountLoginPassWord.length>0?'accountLoginBtnClick':'nouse'}}", "class": ["mineAccountLogin-view-inputs"]}, "referenceVariable": ["accountLoginPhoneNum.length>=11&&accountLoginPassWord.length>0?'accountLoginBtnClick':'nouse'"], "referenceFunction": ["{{accountLoginPhoneNum.length>=11&&accountLoginPassWord.length>0?'accountLoginBtnClick':'nouse'}}"], "style": [], "inheritClass": null, "wxss": [], "page": null, "path": "D:\\WORK\\2021\\MPDF\\baseline\\ui\\CMC影院\\mineAccountLogin.wxml", "child": [5, 9, 10, 15, 19, 20], "parent": 2, "matchString": [{"type": "relation", "string": "phonenum"}, {"type": "relation", "string": "手机号"}, {"type": "relation", "string": "safecode"}, {"type": "relation", "string": "安全验证码"}, {"type": "relation", "string": "{{loginCodeUrl}}"}, {"type": "relation", "string": "password"}, {"type": "relation", "string": "{{!showPassWord}}"}, {"type": "relation", "string": "密码"}, {"type": "relation", "string": "\n                登录\n            "}, {"type": "relation", "string": "submit"}]}, {"id": 5, "type": "view", "string": null, "attribute": {"class": ["mineAccountLogin-phonenum"]}, "referenceVariable": [], "referenceFunction": [], "style": [], "inheritClass": null, "wxss": [], "page": null, "path": "D:\\WORK\\2021\\MPDF\\baseline\\ui\\CMC影院\\mineAccountLogin.wxml", "child": [6, 7], "parent": 4, "matchString": [{"type": "relation", "string": "phonenum"}, {"type": "relation", "string": "手机号"}]}, {"id": 6, "type": "input", "string": null, "attribute": {"bindinput": "showAccountLoginPhoneNum", "class": ["phonenum-input"], "maxlength": "11", "name": "phonenum", "placeholder": "手机号", "placeholderstyle": "color:#c5c5c5", "type": "number", "value": "{{accountLoginPhoneNum}}"}, "referenceVariable": ["accountLoginPhoneNum"], "referenceFunction": ["showAccountLoginPhoneNum"], "style": [], "inheritClass": null, "wxss": [], "page": null, "path": "D:\\WORK\\2021\\MPDF\\baseline\\ui\\CMC影院\\mineAccountLogin.wxml", "child": [], "parent": 5, "matchString": [{"type": "attr", "string": "phonenum"}, {"type": "attr", "string": "手机号"}]}, {"id": 7, "type": "view", "string": null, "attribute": {"bindtap": "accountClearPhoneMum", "class": ["mineAccountLogin-clear"]}, "referenceVariable": [], "referenceFunction": ["accountClearPhoneMum"], "style": [], "inheritClass": null, "wxss": [], "page": null, "path": "D:\\WORK\\2021\\MPDF\\baseline\\ui\\CMC影院\\mineAccountLogin.wxml", "child": [8], "parent": 5, "matchString": []}, {"id": 8, "type": "icon", "string": null, "attribute": {"class": ["clear-icon"], "size": "14", "type": "clear"}, "referenceVariable": [], "referenceFunction": [], "style": [], "inheritClass": null, "wxss": [], "page": null, "path": "D:\\WORK\\2021\\MPDF\\baseline\\ui\\CMC影院\\mineAccountLogin.wxml", "child": [], "parent": 7, "matchString": []}, {"id": 9, "type": "view", "string": null, "attribute": {"class": ["mineAccountLogin-line"]}, "referenceVariable": [], "referenceFunction": [], "style": [], "inheritClass": null, "wxss": [], "page": null, "path": "D:\\WORK\\2021\\MPDF\\baseline\\ui\\CMC影院\\mineAccountLogin.wxml", "child": [], "parent": 4, "matchString": []}, {"id": 10, "type": "view", "string": null, "attribute": {"class": ["mineAccountLogin-safecode", "{{loginCodeUrl.length?'':'is-hidden'}}"]}, "referenceVariable": ["loginCodeUrl.length?'':'is-hidden'"], "referenceFunction": [], "style": [], "inheritClass": null, "wxss": [], "page": null, "path": "D:\\WORK\\2021\\MPDF\\baseline\\ui\\CMC影院\\mineAccountLogin.wxml", "child": [11, 14], "parent": 4, "matchString": [{"type": "relation", "string": "safecode"}, {"type": "relation", "string": "安全验证码"}, {"type": "relation", "string": "{{loginCodeUrl}}"}]}, {"id": 11, "type": "view", "string": null, "attribute": {"class": ["mineAccountLogin-safecodeview"]}, "referenceVariable": [], "referenceFunction": [], "style": [], "inheritClass": null, "wxss": [], "page": null, "path": "D:\\WORK\\2021\\MPDF\\baseline\\ui\\CMC影院\\mineAccountLogin.wxml", "child": [12, 13], "parent": 10, "matchString": [{"type": "relation", "string": "safecode"}, {"type": "relation", "string": "安全验证码"}, {"type": "relation", "string": "{{loginCodeUrl}}"}]}, {"id": 12, "type": "input", "string": null, "attribute": {"class": ["mineAccountLogin-safecodeview-input"], "name": "safecode", "placeholder": "安全验证码", "placeholderstyle": "color:#c5c5c5", "type": "number"}, "referenceVariable": [], "referenceFunction": [], "style": [], "inheritClass": null, "wxss": [], "page": null, "path": "D:\\WORK\\2021\\MPDF\\baseline\\ui\\CMC影院\\mineAccountLogin.wxml", "child": [], "parent": 11, "matchString": [{"type": "attr", "string": "safecode"}, {"type": "attr", "string": "安全验证码"}]}, {"id": 13, "type": "image", "string": null, "attribute": {"catchtap": "upDateLoginSafeCode", "class": ["mineAccountLogin-safecodeview-image"], "data-codeurl": "{{loginCodeUrl}}", "src": "{{loginCodeUrl}}"}, "referenceVariable": ["loginCodeUrl", "loginCodeUrl"], "referenceFunction": [], "style": [], "inheritClass": null, "wxss": [], "page": null, "path": "D:\\WORK\\2021\\MPDF\\baseline\\ui\\CMC影院\\mineAccountLogin.wxml", "child": [], "parent": 11, "matchString": [{"type": "attr", "string": "{{loginCodeUrl}}"}]}, {"id": 14, "type": "view", "string": null, "attribute": {"class": ["mineAccountLogin-line"]}, "referenceVariable": [], "referenceFunction": [], "style": [], "inheritClass": null, "wxss": [], "page": null, "path": "D:\\WORK\\2021\\MPDF\\baseline\\ui\\CMC影院\\mineAccountLogin.wxml", "child": [], "parent": 10, "matchString": []}, {"id": 15, "type": "view", "string": null, "attribute": {"class": ["mineAccountLogin-password"]}, "referenceVariable": [], "referenceFunction": [], "style": [], "inheritClass": null, "wxss": [], "page": null, "path": "D:\\WORK\\2021\\MPDF\\baseline\\ui\\CMC影院\\mineAccountLogin.wxml", "child": [16, 17], "parent": 4, "matchString": [{"type": "relation", "string": "password"}, {"type": "relation", "string": "{{!showPassWord}}"}, {"type": "relation", "string": "密码"}]}, {"id": 16, "type": "input", "string": null, "attribute": {"bindinput": "showAccountLoginPassWord", "class": ["password-input"], "name": "password", "password": "{{!showPassWord}}", "placeholder": "密码", "placeholderstyle": "color:#c5c5c5", "value": "{{accountLoginPassWord}}"}, "referenceVariable": ["!showPassWord", "accountLoginPassWord"], "referenceFunction": ["showAccountLoginPassWord"], "style": [], "inheritClass": null, "wxss": [], "page": null, "path": "D:\\WORK\\2021\\MPDF\\baseline\\ui\\CMC影院\\mineAccountLogin.wxml", "child": [], "parent": 15, "matchString": [{"type": "attr", "string": "password"}, {"type": "attr", "string": "{{!showPassWord}}"}, {"type": "attr", "string": "密码"}]}, {"id": 17, "type": "view", "string": null, "attribute": {"bindtap": "accountShowPassWord", "class": ["mineAccountLogin-showPass"]}, "referenceVariable": [], "referenceFunction": ["accountShowPassWord"], "style": [], "inheritClass": null, "wxss": [], "page": null, "path": "D:\\WORK\\2021\\MPDF\\baseline\\ui\\CMC影院\\mineAccountLogin.wxml", "child": [18], "parent": 15, "matchString": []}, {"id": 18, "type": "image", "string": null, "attribute": {"class": ["show-icon"], "src": "{{!showPassWord?'/images/codeLogin/mima_xianshi.png':'/images/codeLogin/mima_yincang.png'}}"}, "referenceVariable": ["!showPassWord?'/images/codeLogin/mima_xianshi.png':'/images/codeLogin/mima_yincang.png'"], "referenceFunction": [], "style": [], "inheritClass": null, "wxss": [], "page": null, "path": "D:\\WORK\\2021\\MPDF\\baseline\\ui\\CMC影院\\mineAccountLogin.wxml", "child": [], "parent": 17, "matchString": []}, {"id": 19, "type": "view", "string": null, "attribute": {"class": ["mineAccountLogin-line"]}, "referenceVariable": [], "referenceFunction": [], "style": [], "inheritClass": null, "wxss": [], "page": null, "path": "D:\\WORK\\2021\\MPDF\\baseline\\ui\\CMC影院\\mineAccountLogin.wxml", "child": [], "parent": 4, "matchString": []}, {"id": 20, "type": "button", "string": "\n                登录\n            ", "attribute": {"class": ["mineAccountLogin-loginBtn", "{{accountLoginPhoneNum.length>=11&&accountLoginPassWord.length>0?'':'mineAccountLogin-loginBtn-nouse'}}"], "formtype": "submit"}, "referenceVariable": ["accountLoginPhoneNum.length>=11&&accountLoginPassWord.length>0?'':'mineAccountLogin-loginBtn-nouse'"], "referenceFunction": [], "style": [], "inheritClass": null, "wxss": [], "page": null, "path": "D:\\WORK\\2021\\MPDF\\baseline\\ui\\CMC影院\\mineAccountLogin.wxml", "child": [], "parent": 4, "matchString": [{"type": "self", "string": "\n                登录\n            "}, {"type": "attr", "string": "submit"}]}, {"id": 21, "type": "view", "string": null, "attribute": {"class": ["mineAccountLogin-bottomView"]}, "referenceVariable": [], "referenceFunction": [], "style": [], "inheritClass": null, "wxss": [], "page": null, "path": "D:\\WORK\\2021\\MPDF\\baseline\\ui\\CMC影院\\mineAccountLogin.wxml", "child": [22, 25], "parent": 2, "matchString": [{"type": "relation", "string": "《用户协议》"}, {"type": "relation", "string": "《隐私政策》"}, {"type": "relation", "string": "\n                验证码登录\n            "}, {"type": "relation", "string": "{{seatLogin}}"}]}, {"id": 22, "type": "view", "string": null, "attribute": {"class": ["user_protocol_parent"]}, "referenceVariable": [], "referenceFunction": [], "style": [], "inheritClass": null, "wxss": [], "page": null, "path": "D:\\WORK\\2021\\MPDF\\baseline\\ui\\CMC影院\\mineAccountLogin.wxml", "child": [23, 24], "parent": 21, "matchString": [{"type": "relation", "string": "《用户协议》"}, {"type": "relation", "string": "《隐私政策》"}]}, {"id": 23, "type": "text", "string": "《用户协议》", "attribute": {"catchtap": "showUserProtocol", "class": ["user_protocol_show"]}, "referenceVariable": [], "referenceFunction": [], "style": [], "inheritClass": null, "wxss": [], "page": null, "path": "D:\\WORK\\2021\\MPDF\\baseline\\ui\\CMC影院\\mineAccountLogin.wxml", "child": [], "parent": 22, "matchString": [{"type": "self", "string": "《用户协议》"}]}, {"id": 24, "type": "text", "string": "《隐私政策》", "attribute": {"catchtap": "showPolicy", "class": ["user_protocol_show"]}, "referenceVariable": [], "referenceFunction": [], "style": [], "inheritClass": null, "wxss": [], "page": null, "path": "D:\\WORK\\2021\\MPDF\\baseline\\ui\\CMC影院\\mineAccountLogin.wxml", "child": [], "parent": 22, "matchString": [{"type": "self", "string": "《隐私政策》"}]}, {"id": 25, "type": "view", "string": "\n                验证码登录\n            ", "attribute": {"bindtap": "showCodeLogin", "class": ["mineAccountLogin-changeCodeLoginBtn"], "hidden": "{{seatLogin}}"}, "referenceVariable": ["seatLogin"], "referenceFunction": ["showCodeLogin"], "style": [], "inheritClass": null, "wxss": [], "page": null, "path": "D:\\WORK\\2021\\MPDF\\baseline\\ui\\CMC影院\\mineAccountLogin.wxml", "child": [], "parent": 21, "matchString": [{"type": "self", "string": "\n                验证码登录\n            "}, {"type": "attr", "string": "{{seatLogin}}"}]}]