[{"id": 0, "type": "[document]", "string": null, "attribute": {}, "referenceVariable": [], "referenceFunction": [], "style": [], "inheritClass": null, "wxss": [], "page": null, "path": "D:\\WORK\\2021\\MPDF\\baseline\\ui\\超级阿姨家政保洁\\auth.wxml", "child": [1, 24], "parent": null, "matchString": [{"type": "relation", "string": "您的手机号是？"}, {"type": "relation", "string": "阿姨会与您电话联系"}, {"type": "relation", "string": "phone"}, {"type": "relation", "string": "手机号码"}, {"type": "relation", "string": "verifyCode"}, {"type": "relation", "string": "图形验证码"}, {"type": "relation", "string": "firstCanvas"}, {"type": "relation", "string": "code"}, {"type": "relation", "string": "手机验证码"}, {"type": "relation", "string": "{{codeText}}"}, {"type": "relation", "string": "submit"}, {"type": "relation", "string": "red-button-hover"}, {"type": "relation", "string": "referral"}, {"type": "relation", "string": "邀请码（可不填）"}, {"type": "relation", "string": "agreement"}, {"type": "relation", "string": "《服务协议》"}, {"type": "relation", "string": "和"}, {"type": "relation", "string": "《隐私政策》"}, {"type": "relation", "string": "开始享用超级服务!"}, {"type": "relation", "string": "暂时不登录"}]}, {"id": 1, "type": "form", "string": null, "attribute": {"bindsubmit": "formSubmit"}, "referenceVariable": [], "referenceFunction": ["formSubmit"], "style": [], "inheritClass": null, "wxss": [], "page": null, "path": "D:\\WORK\\2021\\MPDF\\baseline\\ui\\超级阿姨家政保洁\\auth.wxml", "child": [2, 4, 5, 6, 17, 23], "parent": 0, "matchString": [{"type": "relation", "string": "您的手机号是？"}, {"type": "relation", "string": "阿姨会与您电话联系"}, {"type": "relation", "string": "phone"}, {"type": "relation", "string": "手机号码"}, {"type": "relation", "string": "verifyCode"}, {"type": "relation", "string": "图形验证码"}, {"type": "relation", "string": "firstCanvas"}, {"type": "relation", "string": "code"}, {"type": "relation", "string": "手机验证码"}, {"type": "relation", "string": "{{codeText}}"}, {"type": "relation", "string": "submit"}, {"type": "relation", "string": "red-button-hover"}, {"type": "relation", "string": "referral"}, {"type": "relation", "string": "邀请码（可不填）"}, {"type": "relation", "string": "agreement"}, {"type": "relation", "string": "《服务协议》"}, {"type": "relation", "string": "和"}, {"type": "relation", "string": "《隐私政策》"}, {"type": "relation", "string": "开始享用超级服务!"}]}, {"id": 2, "type": "view", "string": null, "attribute": {"class": ["title-view"]}, "referenceVariable": [], "referenceFunction": [], "style": [], "inheritClass": null, "wxss": [], "page": null, "path": "D:\\WORK\\2021\\MPDF\\baseline\\ui\\超级阿姨家政保洁\\auth.wxml", "child": [3], "parent": 1, "matchString": [{"type": "relation", "string": "red-button-hover"}]}, {"id": 3, "type": "image", "string": null, "attribute": {"class": ["title-logo"], "src": "../../resources/reglogo.png"}, "referenceVariable": [], "referenceFunction": [], "style": [], "inheritClass": null, "wxss": [], "page": null, "path": "D:\\WORK\\2021\\MPDF\\baseline\\ui\\超级阿姨家政保洁\\auth.wxml", "child": [], "parent": 2, "matchString": []}, {"id": 4, "type": "view", "string": "您的手机号是？", "attribute": {"class": ["label-view", "f45", "font-red"]}, "referenceVariable": [], "referenceFunction": [], "style": [], "inheritClass": null, "wxss": [], "page": null, "path": "D:\\WORK\\2021\\MPDF\\baseline\\ui\\超级阿姨家政保洁\\auth.wxml", "child": [], "parent": 1, "matchString": [{"type": "self", "string": "您的手机号是？"}, {"type": "relation", "string": "您的手机号是？"}]}, {"id": 5, "type": "view", "string": "阿姨会与您电话联系", "attribute": {"class": ["small-label-view", "f25"]}, "referenceVariable": [], "referenceFunction": [], "style": [], "inheritClass": null, "wxss": [], "page": null, "path": "D:\\WORK\\2021\\MPDF\\baseline\\ui\\超级阿姨家政保洁\\auth.wxml", "child": [], "parent": 1, "matchString": [{"type": "self", "string": "阿姨会与您电话联系"}, {"type": "relation", "string": "阿姨会与您电话联系"}]}, {"id": 6, "type": "form", "string": null, "attribute": {"bindsubmit": "codeSubmit"}, "referenceVariable": [], "referenceFunction": ["codeSubmit"], "style": [], "inheritClass": null, "wxss": [], "page": null, "path": "D:\\WORK\\2021\\MPDF\\baseline\\ui\\超级阿姨家政保洁\\auth.wxml", "child": [7, 9, 12, 15], "parent": 1, "matchString": [{"type": "relation", "string": "phone"}, {"type": "relation", "string": "手机号码"}, {"type": "relation", "string": "verifyCode"}, {"type": "relation", "string": "图形验证码"}, {"type": "relation", "string": "firstCanvas"}, {"type": "relation", "string": "code"}, {"type": "relation", "string": "手机验证码"}, {"type": "relation", "string": "{{codeText}}"}, {"type": "relation", "string": "submit"}, {"type": "relation", "string": "red-button-hover"}, {"type": "relation", "string": "referral"}, {"type": "relation", "string": "邀请码（可不填）"}]}, {"id": 7, "type": "view", "string": null, "attribute": {"class": ["phone-view"]}, "referenceVariable": [], "referenceFunction": [], "style": [], "inheritClass": null, "wxss": [], "page": null, "path": "D:\\WORK\\2021\\MPDF\\baseline\\ui\\超级阿姨家政保洁\\auth.wxml", "child": [8], "parent": 6, "matchString": [{"type": "relation", "string": "phone"}, {"type": "relation", "string": "手机号码"}]}, {"id": 8, "type": "input", "string": null, "attribute": {"class": ["phone-input", "f25", "h60"], "maxlength": "11", "name": "phone", "placeholder": "手机号码", "type": "number", "value": "{{phone}}"}, "referenceVariable": ["phone"], "referenceFunction": [], "style": [], "inheritClass": null, "wxss": [], "page": null, "path": "D:\\WORK\\2021\\MPDF\\baseline\\ui\\超级阿姨家政保洁\\auth.wxml", "child": [], "parent": 7, "matchString": [{"type": "attr", "string": "phone"}, {"type": "attr", "string": "手机号码"}]}, {"id": 9, "type": "view", "string": null, "attribute": {"class": ["code-view"]}, "referenceVariable": [], "referenceFunction": [], "style": [], "inheritClass": null, "wxss": [], "page": null, "path": "D:\\WORK\\2021\\MPDF\\baseline\\ui\\超级阿姨家政保洁\\auth.wxml", "child": [10, 11], "parent": 6, "matchString": [{"type": "relation", "string": "verifyCode"}, {"type": "relation", "string": "图形验证码"}, {"type": "relation", "string": "firstCanvas"}]}, {"id": 10, "type": "input", "string": null, "attribute": {"class": ["code-input", "f25", "h60"], "maxlength": "4", "name": "verifyCode", "placeholder": "图形验证码", "value": "{{verifyCode}}"}, "referenceVariable": ["verifyCode"], "referenceFunction": [], "style": [], "inheritClass": null, "wxss": [], "page": null, "path": "D:\\WORK\\2021\\MPDF\\baseline\\ui\\超级阿姨家政保洁\\auth.wxml", "child": [], "parent": 9, "matchString": [{"type": "attr", "string": "verifyCode"}, {"type": "attr", "string": "图形验证码"}]}, {"id": 11, "type": "canvas", "string": null, "attribute": {"bindtap": "codeViewTap", "canvasid": "firstCanvas", "class": ["h60"], "style": "width: 180rpx; position: absolute; right:35rpx;"}, "referenceVariable": [], "referenceFunction": ["codeViewTap"], "style": [], "inheritClass": null, "wxss": [], "page": null, "path": "D:\\WORK\\2021\\MPDF\\baseline\\ui\\超级阿姨家政保洁\\auth.wxml", "child": [], "parent": 9, "matchString": [{"type": "attr", "string": "firstCanvas"}]}, {"id": 12, "type": "view", "string": null, "attribute": {"class": ["code-view"]}, "referenceVariable": [], "referenceFunction": [], "style": [], "inheritClass": null, "wxss": [], "page": null, "path": "D:\\WORK\\2021\\MPDF\\baseline\\ui\\超级阿姨家政保洁\\auth.wxml", "child": [13, 14], "parent": 6, "matchString": [{"type": "relation", "string": "code"}, {"type": "relation", "string": "手机验证码"}, {"type": "relation", "string": "{{codeText}}"}, {"type": "relation", "string": "submit"}, {"type": "relation", "string": "red-button-hover"}]}, {"id": 13, "type": "input", "string": null, "attribute": {"class": ["code-input", "f25", "h60"], "maxlength": "6", "name": "code", "placeholder": "手机验证码", "type": "number", "value": "{{code}}"}, "referenceVariable": ["code"], "referenceFunction": [], "style": [], "inheritClass": null, "wxss": [], "page": null, "path": "D:\\WORK\\2021\\MPDF\\baseline\\ui\\超级阿姨家政保洁\\auth.wxml", "child": [], "parent": 12, "matchString": [{"type": "attr", "string": "code"}, {"type": "attr", "string": "手机验证码"}]}, {"id": 14, "type": "button", "string": "{{codeText}}", "attribute": {"class": ["red-button", "h60"], "disabled": "{{codeBtnDisabled}}", "formtype": "submit", "hoverclass": "red-button-hover", "style": "width: 180rpx; position: absolute; right:35rpx;"}, "referenceVariable": ["codeBtnDisabled"], "referenceFunction": [], "style": [], "inheritClass": null, "wxss": [], "page": null, "path": "D:\\WORK\\2021\\MPDF\\baseline\\ui\\超级阿姨家政保洁\\auth.wxml", "child": [], "parent": 12, "matchString": [{"type": "self", "string": "{{codeText}}"}, {"type": "attr", "string": "submit"}, {"type": "attr", "string": "red-button-hover"}]}, {"id": 15, "type": "view", "string": null, "attribute": {"class": ["referral-code-view"]}, "referenceVariable": [], "referenceFunction": [], "style": [], "inheritClass": null, "wxss": [], "page": null, "path": "D:\\WORK\\2021\\MPDF\\baseline\\ui\\超级阿姨家政保洁\\auth.wxml", "child": [16], "parent": 6, "matchString": [{"type": "relation", "string": "referral"}, {"type": "relation", "string": "邀请码（可不填）"}]}, {"id": 16, "type": "input", "string": null, "attribute": {"class": ["referral-input", "f25", "h60"], "disabled": "{{referralDisabled}}", "name": "referral", "placeholder": "邀请码（可不填）", "value": "{{referral}}"}, "referenceVariable": ["referralDisabled", "referral"], "referenceFunction": [], "style": [], "inheritClass": null, "wxss": [], "page": null, "path": "D:\\WORK\\2021\\MPDF\\baseline\\ui\\超级阿姨家政保洁\\auth.wxml", "child": [], "parent": 15, "matchString": [{"type": "attr", "string": "referral"}, {"type": "attr", "string": "邀请码（可不填）"}]}, {"id": 17, "type": "checkbox-group", "string": null, "attribute": {"bindchange": "checkboxChange", "name": "agreement"}, "referenceVariable": [], "referenceFunction": ["checkboxChange"], "style": [], "inheritClass": null, "wxss": [], "page": null, "path": "D:\\WORK\\2021\\MPDF\\baseline\\ui\\超级阿姨家政保洁\\auth.wxml", "child": [18], "parent": 1, "matchString": [{"type": "attr", "string": "agreement"}, {"type": "relation", "string": "《服务协议》"}, {"type": "relation", "string": "和"}, {"type": "relation", "string": "《隐私政策》"}]}, {"id": 18, "type": "view", "string": null, "attribute": {"class": ["agreement-view", "f25"]}, "referenceVariable": [], "referenceFunction": [], "style": [], "inheritClass": null, "wxss": [], "page": null, "path": "D:\\WORK\\2021\\MPDF\\baseline\\ui\\超级阿姨家政保洁\\auth.wxml", "child": [19, 20, 21, 22], "parent": 17, "matchString": [{"type": "relation", "string": "《服务协议》"}, {"type": "relation", "string": "和"}, {"type": "relation", "string": "《隐私政策》"}]}, {"id": 19, "type": "checkbox", "string": null, "attribute": {"checked": "{{checked}}", "value": "agreement"}, "referenceVariable": ["checked"], "referenceFunction": [], "style": [], "inheritClass": null, "wxss": [], "page": null, "path": "D:\\WORK\\2021\\MPDF\\baseline\\ui\\超级阿姨家政保洁\\auth.wxml", "child": [], "parent": 18, "matchString": []}, {"id": 20, "type": "view", "string": "《服务协议》", "attribute": {"bindtap": "agreementTap", "class": ["font-blue"]}, "referenceVariable": [], "referenceFunction": ["agreementTap"], "style": [], "inheritClass": null, "wxss": [], "page": null, "path": "D:\\WORK\\2021\\MPDF\\baseline\\ui\\超级阿姨家政保洁\\auth.wxml", "child": [], "parent": 18, "matchString": [{"type": "self", "string": "《服务协议》"}]}, {"id": 21, "type": "view", "string": "和", "attribute": {}, "referenceVariable": [], "referenceFunction": [], "style": [], "inheritClass": null, "wxss": [], "page": null, "path": "D:\\WORK\\2021\\MPDF\\baseline\\ui\\超级阿姨家政保洁\\auth.wxml", "child": [], "parent": 18, "matchString": [{"type": "self", "string": "和"}]}, {"id": 22, "type": "view", "string": "《隐私政策》", "attribute": {"bindtap": "privacyPolicyTap", "class": ["font-blue"]}, "referenceVariable": [], "referenceFunction": ["privacyPolicyTap"], "style": [], "inheritClass": null, "wxss": [], "page": null, "path": "D:\\WORK\\2021\\MPDF\\baseline\\ui\\超级阿姨家政保洁\\auth.wxml", "child": [], "parent": 18, "matchString": [{"type": "self", "string": "《隐私政策》"}]}, {"id": 23, "type": "button", "string": "开始享用超级服务!", "attribute": {"class": ["submit-btn", "red-button", "h60"], "formtype": "submit", "hoverclass": "red-button-hover"}, "referenceVariable": [], "referenceFunction": [], "style": [], "inheritClass": null, "wxss": [], "page": null, "path": "D:\\WORK\\2021\\MPDF\\baseline\\ui\\超级阿姨家政保洁\\auth.wxml", "child": [], "parent": 1, "matchString": [{"type": "self", "string": "开始享用超级服务!"}, {"type": "attr", "string": "submit"}, {"type": "attr", "string": "red-button-hover"}, {"type": "relation", "string": "red-button-hover"}]}, {"id": 24, "type": "button", "string": "暂时不登录", "attribute": {"bindtap": "cancelLoginTap", "class": ["submit-btn", "gray-button", "h60"], "formtype": "submit", "hoverclass": "red-button-hover", "style": "margin-top: 20rpx;"}, "referenceVariable": [], "referenceFunction": ["cancelLoginTap"], "style": [], "inheritClass": null, "wxss": [], "page": null, "path": "D:\\WORK\\2021\\MPDF\\baseline\\ui\\超级阿姨家政保洁\\auth.wxml", "child": [], "parent": 0, "matchString": [{"type": "self", "string": "暂时不登录"}, {"type": "attr", "string": "submit"}, {"type": "attr", "string": "red-button-hover"}]}]