[{"id": 0, "type": "[document]", "string": null, "attribute": {}, "referenceVariable": [], "referenceFunction": [], "style": [], "inheritClass": null, "wxss": [], "page": null, "path": "D:\\WORK\\2021\\MPDF\\baseline\\ui\\车轮车主服务\\add.wxml", "child": [1, 22, 25], "parent": null, "matchString": [{"type": "relation", "string": "请添加需要查询的车辆"}, {"type": "relation", "string": "车牌号码"}, {"type": "relation", "string": "true"}, {"type": "relation", "string": "hover"}, {"type": "relation", "string": "150"}, {"type": "relation", "string": "{{province}}"}, {"type": "relation", "string": "点击输入"}, {"type": "relation", "string": "发动机号"}, {"type": "relation", "string": "请输入完整发动机号"}, {"type": "relation", "string": "立即查询"}, {"type": "relation", "string": "{{btnChaHover}}"}, {"type": "relation", "string": "郑重承诺，所有车辆信息仅用于违章查询"}, {"type": "relation", "string": "并通过加密算法，保密不外泄"}, {"type": "relation", "string": "{{item}}"}, {"type": "relation", "string": ""}]}, {"id": 1, "type": "view", "string": null, "attribute": {"class": ["container"]}, "referenceVariable": [], "referenceFunction": [], "style": [], "inheritClass": null, "wxss": [], "page": null, "path": "D:\\WORK\\2021\\MPDF\\baseline\\ui\\车轮车主服务\\add.wxml", "child": [2, 4, 16, 17], "parent": 0, "matchString": [{"type": "relation", "string": "请添加需要查询的车辆"}, {"type": "relation", "string": "车牌号码"}, {"type": "relation", "string": "true"}, {"type": "relation", "string": "hover"}, {"type": "relation", "string": "150"}, {"type": "relation", "string": "{{province}}"}, {"type": "relation", "string": "点击输入"}, {"type": "relation", "string": "发动机号"}, {"type": "relation", "string": "请输入完整发动机号"}, {"type": "relation", "string": "立即查询"}, {"type": "relation", "string": "{{btnChaHover}}"}, {"type": "relation", "string": "郑重承诺，所有车辆信息仅用于违章查询"}, {"type": "relation", "string": "并通过加密算法，保密不外泄"}]}, {"id": 2, "type": "view", "string": null, "attribute": {"class": ["title-tip"]}, "referenceVariable": [], "referenceFunction": [], "style": [], "inheritClass": null, "wxss": [], "page": null, "path": "D:\\WORK\\2021\\MPDF\\baseline\\ui\\车轮车主服务\\add.wxml", "child": [3], "parent": 1, "matchString": [{"type": "relation", "string": "请添加需要查询的车辆"}]}, {"id": 3, "type": "text", "string": "请添加需要查询的车辆", "attribute": {}, "referenceVariable": [], "referenceFunction": [], "style": [], "inheritClass": null, "wxss": [], "page": null, "path": "D:\\WORK\\2021\\MPDF\\baseline\\ui\\车轮车主服务\\add.wxml", "child": [], "parent": 2, "matchString": [{"type": "self", "string": "请添加需要查询的车辆"}]}, {"id": 4, "type": "view", "string": null, "attribute": {"class": ["input-field"]}, "referenceVariable": [], "referenceFunction": [], "style": [], "inheritClass": null, "wxss": [], "page": null, "path": "D:\\WORK\\2021\\MPDF\\baseline\\ui\\车轮车主服务\\add.wxml", "child": [5, 12], "parent": 1, "matchString": [{"type": "relation", "string": "车牌号码"}, {"type": "relation", "string": "true"}, {"type": "relation", "string": "hover"}, {"type": "relation", "string": "150"}, {"type": "relation", "string": "{{province}}"}, {"type": "relation", "string": "点击输入"}, {"type": "relation", "string": "发动机号"}, {"type": "relation", "string": "请输入完整发动机号"}]}, {"id": 5, "type": "view", "string": null, "attribute": {"class": ["flex-row", "input-item", "with-bottom"]}, "referenceVariable": [], "referenceFunction": [], "style": [], "inheritClass": null, "wxss": [], "page": null, "path": "D:\\WORK\\2021\\MPDF\\baseline\\ui\\车轮车主服务\\add.wxml", "child": [6, 7], "parent": 4, "matchString": [{"type": "relation", "string": "车牌号码"}, {"type": "relation", "string": "true"}, {"type": "relation", "string": "hover"}, {"type": "relation", "string": "150"}, {"type": "relation", "string": "{{province}}"}, {"type": "relation", "string": "点击输入"}]}, {"id": 6, "type": "text", "string": "车牌号码", "attribute": {"class": ["label"]}, "referenceVariable": [], "referenceFunction": [], "style": [], "inheritClass": null, "wxss": [], "page": null, "path": "D:\\WORK\\2021\\MPDF\\baseline\\ui\\车轮车主服务\\add.wxml", "child": [], "parent": 5, "matchString": [{"type": "self", "string": "车牌号码"}]}, {"id": 7, "type": "view", "string": null, "attribute": {"class": ["flex-row", "carno-input-box", "flex-centerY"]}, "referenceVariable": [], "referenceFunction": [], "style": [], "inheritClass": null, "wxss": [], "page": null, "path": "D:\\WORK\\2021\\MPDF\\baseline\\ui\\车轮车主服务\\add.wxml", "child": [8, 11], "parent": 5, "matchString": [{"type": "relation", "string": "true"}, {"type": "relation", "string": "hover"}, {"type": "relation", "string": "150"}, {"type": "relation", "string": "{{province}}"}, {"type": "relation", "string": "点击输入"}]}, {"id": 8, "type": "view", "string": null, "attribute": {"bindtap": "showProSel", "class": ["province-sel", "flex-row", "province-sel-{{cartype}}"], "hover": "true", "hoverclass": "hover", "hoverstaytime": "150"}, "referenceVariable": ["cartype"], "referenceFunction": ["showProSel"], "style": [], "inheritClass": null, "wxss": [], "page": null, "path": "D:\\WORK\\2021\\MPDF\\baseline\\ui\\车轮车主服务\\add.wxml", "child": [9, 10], "parent": 7, "matchString": [{"type": "attr", "string": "true"}, {"type": "attr", "string": "hover"}, {"type": "attr", "string": "150"}, {"type": "relation", "string": "{{province}}"}]}, {"id": 9, "type": "text", "string": "{{province}}", "attribute": {"class": ["palias"]}, "referenceVariable": [], "referenceFunction": [], "style": [], "inheritClass": null, "wxss": [], "page": null, "path": "D:\\WORK\\2021\\MPDF\\baseline\\ui\\车轮车主服务\\add.wxml", "child": [], "parent": 8, "matchString": [{"type": "self", "string": "{{province}}"}]}, {"id": 10, "type": "view", "string": null, "attribute": {"class": ["triangle"]}, "referenceVariable": [], "referenceFunction": [], "style": [], "inheritClass": null, "wxss": [], "page": null, "path": "D:\\WORK\\2021\\MPDF\\baseline\\ui\\车轮车主服务\\add.wxml", "child": [], "parent": 8, "matchString": []}, {"id": 11, "type": "input", "string": null, "attribute": {"bindblur": "carnoBlur", "bindfocus": "carnoFocus", "bindinput": "carnoInput", "class": ["carno", "carno-{{cartype}}"], "placeholder": "点击输入", "value": "{{carno}}"}, "referenceVariable": ["cartype", "carno"], "referenceFunction": ["carnoBlur", "carnoFocus", "carnoInput"], "style": [], "inheritClass": null, "wxss": [], "page": null, "path": "D:\\WORK\\2021\\MPDF\\baseline\\ui\\车轮车主服务\\add.wxml", "child": [], "parent": 7, "matchString": [{"type": "attr", "string": "点击输入"}]}, {"id": 12, "type": "view", "string": null, "attribute": {"class": ["flex-row", "input-item"]}, "referenceVariable": [], "referenceFunction": [], "style": [], "inheritClass": null, "wxss": [], "page": null, "path": "D:\\WORK\\2021\\MPDF\\baseline\\ui\\车轮车主服务\\add.wxml", "child": [13, 14, 15], "parent": 4, "matchString": [{"type": "relation", "string": "发动机号"}, {"type": "relation", "string": "请输入完整发动机号"}]}, {"id": 13, "type": "text", "string": "发动机号", "attribute": {"class": ["label"]}, "referenceVariable": [], "referenceFunction": [], "style": [], "inheritClass": null, "wxss": [], "page": null, "path": "D:\\WORK\\2021\\MPDF\\baseline\\ui\\车轮车主服务\\add.wxml", "child": [], "parent": 12, "matchString": [{"type": "self", "string": "发动机号"}]}, {"id": 14, "type": "input", "string": null, "attribute": {"bindconfirm": "onQueryClick", "bindinput": "engineInput", "class": ["engine"], "maxlength": "20", "placeholder": "请输入完整发动机号"}, "referenceVariable": [], "referenceFunction": ["onQueryClick", "engineInput"], "style": [], "inheritClass": null, "wxss": [], "page": null, "path": "D:\\WORK\\2021\\MPDF\\baseline\\ui\\车轮车主服务\\add.wxml", "child": [], "parent": 12, "matchString": [{"type": "attr", "string": "请输入完整发动机号"}]}, {"id": 15, "type": "icon", "string": null, "attribute": {"bindtap": "showEngineTip", "color": "#39a9ff", "size": "20", "type": "info_circle"}, "referenceVariable": [], "referenceFunction": ["showEngineTip"], "style": [], "inheritClass": null, "wxss": [], "page": null, "path": "D:\\WORK\\2021\\MPDF\\baseline\\ui\\车轮车主服务\\add.wxml", "child": [], "parent": 12, "matchString": []}, {"id": 16, "type": "view", "string": "立即查询", "attribute": {"bindtap": "onQueryClick", "class": ["btn-cha", "flex-row", "{{btnCha}}"], "hover": "{{btnChaHover}}", "hoverclass": "hover", "hoverstaytime": "150"}, "referenceVariable": ["btnCha", "btnChaHover"], "referenceFunction": ["onQueryClick"], "style": [], "inheritClass": null, "wxss": [], "page": null, "path": "D:\\WORK\\2021\\MPDF\\baseline\\ui\\车轮车主服务\\add.wxml", "child": [], "parent": 1, "matchString": [{"type": "self", "string": "立即查询"}, {"type": "attr", "string": "{{btnChaHover}}"}, {"type": "attr", "string": "hover"}, {"type": "attr", "string": "150"}, {"type": "relation", "string": "150"}]}, {"id": 17, "type": "view", "string": null, "attribute": {"class": ["flex-column", "desc"]}, "referenceVariable": [], "referenceFunction": [], "style": [], "inheritClass": null, "wxss": [], "page": null, "path": "D:\\WORK\\2021\\MPDF\\baseline\\ui\\车轮车主服务\\add.wxml", "child": [18, 21], "parent": 1, "matchString": [{"type": "relation", "string": "郑重承诺，所有车辆信息仅用于违章查询"}, {"type": "relation", "string": "并通过加密算法，保密不外泄"}]}, {"id": 18, "type": "view", "string": null, "attribute": {"class": ["flex-row", "fir-line"]}, "referenceVariable": [], "referenceFunction": [], "style": [], "inheritClass": null, "wxss": [], "page": null, "path": "D:\\WORK\\2021\\MPDF\\baseline\\ui\\车轮车主服务\\add.wxml", "child": [19, 20], "parent": 17, "matchString": [{"type": "relation", "string": "郑重承诺，所有车辆信息仅用于违章查询"}]}, {"id": 19, "type": "image", "string": null, "attribute": {"class": ["guard-icon"], "src": "../../assets/image/guard-icon.png"}, "referenceVariable": [], "referenceFunction": [], "style": [], "inheritClass": null, "wxss": [], "page": null, "path": "D:\\WORK\\2021\\MPDF\\baseline\\ui\\车轮车主服务\\add.wxml", "child": [], "parent": 18, "matchString": []}, {"id": 20, "type": "text", "string": "郑重承诺，所有车辆信息仅用于违章查询", "attribute": {}, "referenceVariable": [], "referenceFunction": [], "style": [], "inheritClass": null, "wxss": [], "page": null, "path": "D:\\WORK\\2021\\MPDF\\baseline\\ui\\车轮车主服务\\add.wxml", "child": [], "parent": 18, "matchString": [{"type": "self", "string": "郑重承诺，所有车辆信息仅用于违章查询"}]}, {"id": 21, "type": "view", "string": "并通过加密算法，保密不外泄", "attribute": {"class": ["sec-line"]}, "referenceVariable": [], "referenceFunction": [], "style": [], "inheritClass": null, "wxss": [], "page": null, "path": "D:\\WORK\\2021\\MPDF\\baseline\\ui\\车轮车主服务\\add.wxml", "child": [], "parent": 17, "matchString": [{"type": "self", "string": "并通过加密算法，保密不外泄"}]}, {"id": 22, "type": "view", "string": null, "attribute": {"bindtap": "closeProSel", "class": ["mask", "keyborad-mask", "flex-column", "{{showProvinceSel?'mask-active':'mask-noscale'}}"]}, "referenceVariable": ["showProvinceSel?'mask-active':'mask-noscale'"], "referenceFunction": ["closeProSel"], "style": [], "inheritClass": null, "wxss": [], "page": null, "path": "D:\\WORK\\2021\\MPDF\\baseline\\ui\\车轮车主服务\\add.wxml", "child": [23], "parent": 0, "matchString": [{"type": "relation", "string": "{{item}}"}, {"type": "relation", "string": ""}, {"type": "relation", "string": "hover"}, {"type": "relation", "string": "150"}]}, {"id": 23, "type": "view", "string": null, "attribute": {"class": ["keyborad", "flex-row"]}, "referenceVariable": [], "referenceFunction": [], "style": [], "inheritClass": null, "wxss": [], "page": null, "path": "D:\\WORK\\2021\\MPDF\\baseline\\ui\\车轮车主服务\\add.wxml", "child": [24], "parent": 22, "matchString": [{"type": "relation", "string": "{{item}}"}, {"type": "relation", "string": ""}, {"type": "relation", "string": "hover"}, {"type": "relation", "string": "150"}]}, {"id": 24, "type": "view", "string": "{{item}}", "attribute": {"hover": "", "bindtap": "onSelPro", "class": ["flex-row", "flex-center", "{{item==''?'keyborad-key-hide':''}}"], "data-value": "{{item}}", "hoverclass": "hover", "hoverstaytime": "150", "wx:for": "{{alias}}", "wx:key": "*this"}, "referenceVariable": ["item==''?'keyborad-key-hide':''", "item", "alias"], "referenceFunction": ["onSelPro"], "style": [], "inheritClass": null, "wxss": [], "page": null, "path": "D:\\WORK\\2021\\MPDF\\baseline\\ui\\车轮车主服务\\add.wxml", "child": [], "parent": 23, "matchString": [{"type": "self", "string": "{{item}}"}, {"type": "attr", "string": ""}, {"type": "attr", "string": "{{item}}"}, {"type": "attr", "string": "hover"}, {"type": "attr", "string": "150"}]}, {"id": 25, "type": "view", "string": null, "attribute": {"bindtap": "hideEngineTip", "class": ["mask", "engine-tip-mask", "flex-row", "flex-center", "{{showEngineTip?'mask-active':'mask-disable'}}"]}, "referenceVariable": ["showEngineTip?'mask-active':'mask-disable'"], "referenceFunction": ["hideEngineTip"], "style": [], "inheritClass": null, "wxss": [], "page": null, "path": "D:\\WORK\\2021\\MPDF\\baseline\\ui\\车轮车主服务\\add.wxml", "child": [26], "parent": 0, "matchString": []}, {"id": 26, "type": "image", "string": null, "attribute": {"src": "https://h5.chelun.com/2016/cha/img/jsz.jpg"}, "referenceVariable": [], "referenceFunction": [], "style": [], "inheritClass": null, "wxss": [], "page": null, "path": "D:\\WORK\\2021\\MPDF\\baseline\\ui\\车轮车主服务\\add.wxml", "child": [], "parent": 25, "matchString": [{"type": "relation", "string": "150"}]}]