{"definedData":[],"dynamicDefinedData":[{"shadowObjectVar":"__object__64","dynamicDefinedProps":[{"propName":".setData","readShadows":[{"shadowVar":{"id":-1255,"declaredName":"__object__64.setData","file":"/pages/advancePay/advancePay.js","type":"normal"},"readAccess":[{"leftVar":[{"id":55131,"declaredName":"t","declaredLoc":{"line":76,"column":12},"file":"/pages/advancePay/advancePay.js","type":"normal"}],"readFlow":[{"type":"assign to","from":{"name":"this","loc":{"line":76,"column":16},"id":55132,"file":"D:\\WORK\\2022\\论文相关\\TOSEM\\MiniApp-review\\flow-baseline\\datasetPopular\\安e赔\\__APP__/pages/advancePay/advancePay.js"},"to":{"name":"t","loc":{"line":76,"column":12},"id":55131,"file":"D:\\WORK\\2022\\论文相关\\TOSEM\\MiniApp-review\\flow-baseline\\datasetPopular\\安e赔\\__APP__/pages/advancePay/advancePay.js"}},{"type":"read","from":{"name":"t","loc":{"line":76,"column":12},"id":55131,"file":"D:\\WORK\\2022\\论文相关\\TOSEM\\MiniApp-review\\flow-baseline\\datasetPopular\\安e赔\\__APP__/pages/advancePay/advancePay.js"},"to":{"name":"t","loc":{"line":129,"column":35},"id":55533,"file":"D:\\WORK\\2022\\论文相关\\TOSEM\\MiniApp-review\\flow-baseline\\datasetPopular\\安e赔\\__APP__/pages/advancePay/advancePay.js"}},{"type":"read","from":{"name":"t","loc":{"line":76,"column":12},"id":55131,"file":"D:\\WORK\\2022\\论文相关\\TOSEM\\MiniApp-review\\flow-baseline\\datasetPopular\\安e赔\\__APP__/pages/advancePay/advancePay.js"},"to":{"name":"t","loc":{"line":132,"column":28},"id":55550,"file":"D:\\WORK\\2022\\论文相关\\TOSEM\\MiniApp-review\\flow-baseline\\datasetPopular\\安e赔\\__APP__/pages/advancePay/advancePay.js"}},{"type":"to callee","from":{"name":"t","loc":{"line":132,"column":28},"id":55550,"file":"D:\\WORK\\2022\\论文相关\\TOSEM\\MiniApp-review\\flow-baseline\\datasetPopular\\安e赔\\__APP__/pages/advancePay/advancePay.js"},"to":{"name":"a.showToast","loc":{"line":132,"column":16},"id":55547,"file":"D:\\WORK\\2022\\论文相关\\TOSEM\\MiniApp-review\\flow-baseline\\datasetPopular\\安e赔\\__APP__/pages/advancePay/advancePay.js"}},{"type":"to callee","from":{"name":"t","loc":{"line":129,"column":35},"id":55533,"file":"D:\\WORK\\2022\\论文相关\\TOSEM\\MiniApp-review\\flow-baseline\\datasetPopular\\安e赔\\__APP__/pages/advancePay/advancePay.js"},"to":{"name":"a.showToast","loc":{"line":129,"column":23},"id":55530,"file":"D:\\WORK\\2022\\论文相关\\TOSEM\\MiniApp-review\\flow-baseline\\datasetPopular\\安e赔\\__APP__/pages/advancePay/advancePay.js"}}]},{"leftVar":[{"id":55933,"declaredName":"n","declaredLoc":{"line":198,"column":12},"file":"/pages/advancePay/advancePay.js","type":"normal"}],"readFlow":[{"type":"assign to","from":{"name":"this","loc":{"line":198,"column":16},"id":55934,"file":"D:\\WORK\\2022\\论文相关\\TOSEM\\MiniApp-review\\flow-baseline\\datasetPopular\\安e赔\\__APP__/pages/advancePay/advancePay.js"},"to":{"name":"n","loc":{"line":198,"column":12},"id":55933,"file":"D:\\WORK\\2022\\论文相关\\TOSEM\\MiniApp-review\\flow-baseline\\datasetPopular\\安e赔\\__APP__/pages/advancePay/advancePay.js"}},{"type":"read","from":{"name":"n","loc":{"line":198,"column":12},"id":55933,"file":"D:\\WORK\\2022\\论文相关\\TOSEM\\MiniApp-review\\flow-baseline\\datasetPopular\\安e赔\\__APP__/pages/advancePay/advancePay.js"},"to":{"name":"n","loc":{"line":222,"column":37},"id":56244,"file":"D:\\WORK\\2022\\论文相关\\TOSEM\\MiniApp-review\\flow-baseline\\datasetPopular\\安e赔\\__APP__/pages/advancePay/advancePay.js"}},{"type":"to callee","from":{"name":"n","loc":{"line":222,"column":37},"id":56244,"file":"D:\\WORK\\2022\\论文相关\\TOSEM\\MiniApp-review\\flow-baseline\\datasetPopular\\安e赔\\__APP__/pages/advancePay/advancePay.js"},"to":{"name":"a.showToast","loc":{"line":222,"column":25},"id":56241,"file":"D:\\WORK\\2022\\论文相关\\TOSEM\\MiniApp-review\\flow-baseline\\datasetPopular\\安e赔\\__APP__/pages/advancePay/advancePay.js"}}]}]}],"writeShadows":[{"shadowVar":{"id":-1255,"declaredName":"__object__64.setData","file":"/pages/advancePay/advancePay.js","type":"normal"},"writeAccess":[]}]}]}]}