{"definedData":[],"dynamicDefinedData":[{"shadowObjectVar":"__object__3","dynamicDefinedProps":[{"propName":".setData","readShadows":[{"shadowVar":{"id":-1286,"declaredName":"__object__3.setData","file":"/pages/advancePayInferiorUpload/advancePayInferiorUpload.js","type":"normal"},"readAccess":[{"leftVar":[{"id":56470,"declaredName":"t","declaredLoc":{"line":29,"column":12},"file":"/pages/advancePayInferiorUpload/advancePayInferiorUpload.js","type":"normal"}],"readFlow":[{"type":"assign to","from":{"name":"this","loc":{"line":29,"column":16},"id":56471,"file":"D:\\WORK\\2022\\论文相关\\TOSEM\\MiniApp-review\\flow-baseline\\datasetPopular\\安e赔\\__APP__/pages/advancePayInferiorUpload/advancePayInferiorUpload.js"},"to":{"name":"t","loc":{"line":29,"column":12},"id":56470,"file":"D:\\WORK\\2022\\论文相关\\TOSEM\\MiniApp-review\\flow-baseline\\datasetPopular\\安e赔\\__APP__/pages/advancePayInferiorUpload/advancePayInferiorUpload.js"}},{"type":"read","from":{"name":"t","loc":{"line":29,"column":12},"id":56470,"file":"D:\\WORK\\2022\\论文相关\\TOSEM\\MiniApp-review\\flow-baseline\\datasetPopular\\安e赔\\__APP__/pages/advancePayInferiorUpload/advancePayInferiorUpload.js"},"to":{"name":"t","loc":{"line":57,"column":32},"id":56656,"file":"D:\\WORK\\2022\\论文相关\\TOSEM\\MiniApp-review\\flow-baseline\\datasetPopular\\安e赔\\__APP__/pages/advancePayInferiorUpload/advancePayInferiorUpload.js"}},{"type":"read","from":{"name":"t","loc":{"line":29,"column":12},"id":56470,"file":"D:\\WORK\\2022\\论文相关\\TOSEM\\MiniApp-review\\flow-baseline\\datasetPopular\\安e赔\\__APP__/pages/advancePayInferiorUpload/advancePayInferiorUpload.js"},"to":{"name":"t","loc":{"line":62,"column":32},"id":56686,"file":"D:\\WORK\\2022\\论文相关\\TOSEM\\MiniApp-review\\flow-baseline\\datasetPopular\\安e赔\\__APP__/pages/advancePayInferiorUpload/advancePayInferiorUpload.js"}},{"type":"to callee","from":{"name":"t","loc":{"line":62,"column":32},"id":56686,"file":"D:\\WORK\\2022\\论文相关\\TOSEM\\MiniApp-review\\flow-baseline\\datasetPopular\\安e赔\\__APP__/pages/advancePayInferiorUpload/advancePayInferiorUpload.js"},"to":{"name":"e.showToast","loc":{"line":62,"column":20},"id":56683,"file":"D:\\WORK\\2022\\论文相关\\TOSEM\\MiniApp-review\\flow-baseline\\datasetPopular\\安e赔\\__APP__/pages/advancePayInferiorUpload/advancePayInferiorUpload.js"}},{"type":"to callee","from":{"name":"t","loc":{"line":57,"column":32},"id":56656,"file":"D:\\WORK\\2022\\论文相关\\TOSEM\\MiniApp-review\\flow-baseline\\datasetPopular\\安e赔\\__APP__/pages/advancePayInferiorUpload/advancePayInferiorUpload.js"},"to":{"name":"e.showToast","loc":{"line":57,"column":20},"id":56653,"file":"D:\\WORK\\2022\\论文相关\\TOSEM\\MiniApp-review\\flow-baseline\\datasetPopular\\安e赔\\__APP__/pages/advancePayInferiorUpload/advancePayInferiorUpload.js"}}]},{"leftVar":[{"id":56813,"declaredName":"a","declaredLoc":{"line":73,"column":12},"file":"/pages/advancePayInferiorUpload/advancePayInferiorUpload.js","type":"normal"}],"readFlow":[{"type":"assign to","from":{"name":"this","loc":{"line":73,"column":16},"id":56814,"file":"D:\\WORK\\2022\\论文相关\\TOSEM\\MiniApp-review\\flow-baseline\\datasetPopular\\安e赔\\__APP__/pages/advancePayInferiorUpload/advancePayInferiorUpload.js"},"to":{"name":"a","loc":{"line":73,"column":12},"id":56813,"file":"D:\\WORK\\2022\\论文相关\\TOSEM\\MiniApp-review\\flow-baseline\\datasetPopular\\安e赔\\__APP__/pages/advancePayInferiorUpload/advancePayInferiorUpload.js"}}]},{"leftVar":[{"id":56951,"declaredName":"t","declaredLoc":{"line":99,"column":12},"file":"/pages/advancePayInferiorUpload/advancePayInferiorUpload.js","type":"normal"}],"readFlow":[{"type":"assign to","from":{"name":"this","loc":{"line":99,"column":16},"id":56952,"file":"D:\\WORK\\2022\\论文相关\\TOSEM\\MiniApp-review\\flow-baseline\\datasetPopular\\安e赔\\__APP__/pages/advancePayInferiorUpload/advancePayInferiorUpload.js"},"to":{"name":"t","loc":{"line":99,"column":12},"id":56951,"file":"D:\\WORK\\2022\\论文相关\\TOSEM\\MiniApp-review\\flow-baseline\\datasetPopular\\安e赔\\__APP__/pages/advancePayInferiorUpload/advancePayInferiorUpload.js"}},{"type":"read","from":{"name":"t","loc":{"line":99,"column":12},"id":56951,"file":"D:\\WORK\\2022\\论文相关\\TOSEM\\MiniApp-review\\flow-baseline\\datasetPopular\\安e赔\\__APP__/pages/advancePayInferiorUpload/advancePayInferiorUpload.js"},"to":{"name":"t","loc":{"line":106,"column":29},"id":57040,"file":"D:\\WORK\\2022\\论文相关\\TOSEM\\MiniApp-review\\flow-baseline\\datasetPopular\\安e赔\\__APP__/pages/advancePayInferiorUpload/advancePayInferiorUpload.js"}},{"type":"to callee","from":{"name":"t","loc":{"line":106,"column":29},"id":57040,"file":"D:\\WORK\\2022\\论文相关\\TOSEM\\MiniApp-review\\flow-baseline\\datasetPopular\\安e赔\\__APP__/pages/advancePayInferiorUpload/advancePayInferiorUpload.js"},"to":{"name":"e.showToast","loc":{"line":106,"column":17},"id":57037,"file":"D:\\WORK\\2022\\论文相关\\TOSEM\\MiniApp-review\\flow-baseline\\datasetPopular\\安e赔\\__APP__/pages/advancePayInferiorUpload/advancePayInferiorUpload.js"}}]},{"leftVar":[{"id":57051,"declaredName":"s","declaredLoc":{"line":109,"column":17},"file":"/pages/advancePayInferiorUpload/advancePayInferiorUpload.js","type":"normal"}],"readFlow":[{"type":"assign to","from":{"name":"this","loc":{"line":109,"column":21},"id":57052,"file":"D:\\WORK\\2022\\论文相关\\TOSEM\\MiniApp-review\\flow-baseline\\datasetPopular\\安e赔\\__APP__/pages/advancePayInferiorUpload/advancePayInferiorUpload.js"},"to":{"name":"s","loc":{"line":109,"column":17},"id":57051,"file":"D:\\WORK\\2022\\论文相关\\TOSEM\\MiniApp-review\\flow-baseline\\datasetPopular\\安e赔\\__APP__/pages/advancePayInferiorUpload/advancePayInferiorUpload.js"}},{"type":"read","from":{"name":"s","loc":{"line":109,"column":17},"id":57051,"file":"D:\\WORK\\2022\\论文相关\\TOSEM\\MiniApp-review\\flow-baseline\\datasetPopular\\安e赔\\__APP__/pages/advancePayInferiorUpload/advancePayInferiorUpload.js"},"to":{"name":"s","loc":{"line":126,"column":109},"id":57188,"file":"D:\\WORK\\2022\\论文相关\\TOSEM\\MiniApp-review\\flow-baseline\\datasetPopular\\安e赔\\__APP__/pages/advancePayInferiorUpload/advancePayInferiorUpload.js"}},{"type":"read","from":{"name":"s","loc":{"line":109,"column":17},"id":57051,"file":"D:\\WORK\\2022\\论文相关\\TOSEM\\MiniApp-review\\flow-baseline\\datasetPopular\\安e赔\\__APP__/pages/advancePayInferiorUpload/advancePayInferiorUpload.js"},"to":{"name":"s","loc":{"line":144,"column":53},"id":57295,"file":"D:\\WORK\\2022\\论文相关\\TOSEM\\MiniApp-review\\flow-baseline\\datasetPopular\\安e赔\\__APP__/pages/advancePayInferiorUpload/advancePayInferiorUpload.js"}},{"type":"to callee","from":{"name":"s","loc":{"line":144,"column":53},"id":57295,"file":"D:\\WORK\\2022\\论文相关\\TOSEM\\MiniApp-review\\flow-baseline\\datasetPopular\\安e赔\\__APP__/pages/advancePayInferiorUpload/advancePayInferiorUpload.js"},"to":{"name":"e.showToast","loc":{"line":144,"column":41},"id":57292,"file":"D:\\WORK\\2022\\论文相关\\TOSEM\\MiniApp-review\\flow-baseline\\datasetPopular\\安e赔\\__APP__/pages/advancePayInferiorUpload/advancePayInferiorUpload.js"}},{"type":"to callee","from":{"name":"s","loc":{"line":126,"column":109},"id":57188,"file":"D:\\WORK\\2022\\论文相关\\TOSEM\\MiniApp-review\\flow-baseline\\datasetPopular\\安e赔\\__APP__/pages/advancePayInferiorUpload/advancePayInferiorUpload.js"},"to":{"name":"e.showToast","loc":{"line":126,"column":97},"id":57185,"file":"D:\\WORK\\2022\\论文相关\\TOSEM\\MiniApp-review\\flow-baseline\\datasetPopular\\安e赔\\__APP__/pages/advancePayInferiorUpload/advancePayInferiorUpload.js"}}]},{"leftVar":[{"id":57308,"declaredName":"o","declaredLoc":{"line":148,"column":12},"file":"/pages/advancePayInferiorUpload/advancePayInferiorUpload.js","type":"normal"}],"readFlow":[{"type":"assign to","from":{"name":"this","loc":{"line":148,"column":16},"id":57309,"file":"D:\\WORK\\2022\\论文相关\\TOSEM\\MiniApp-review\\flow-baseline\\datasetPopular\\安e赔\\__APP__/pages/advancePayInferiorUpload/advancePayInferiorUpload.js"},"to":{"name":"o","loc":{"line":148,"column":12},"id":57308,"file":"D:\\WORK\\2022\\论文相关\\TOSEM\\MiniApp-review\\flow-baseline\\datasetPopular\\安e赔\\__APP__/pages/advancePayInferiorUpload/advancePayInferiorUpload.js"}},{"type":"read","from":{"name":"o","loc":{"line":148,"column":12},"id":57308,"file":"D:\\WORK\\2022\\论文相关\\TOSEM\\MiniApp-review\\flow-baseline\\datasetPopular\\安e赔\\__APP__/pages/advancePayInferiorUpload/advancePayInferiorUpload.js"},"to":{"name":"o","loc":{"line":178,"column":32},"id":57517,"file":"D:\\WORK\\2022\\论文相关\\TOSEM\\MiniApp-review\\flow-baseline\\datasetPopular\\安e赔\\__APP__/pages/advancePayInferiorUpload/advancePayInferiorUpload.js"}},{"type":"read","from":{"name":"o","loc":{"line":148,"column":12},"id":57308,"file":"D:\\WORK\\2022\\论文相关\\TOSEM\\MiniApp-review\\flow-baseline\\datasetPopular\\安e赔\\__APP__/pages/advancePayInferiorUpload/advancePayInferiorUpload.js"},"to":{"name":"o","loc":{"line":168,"column":77},"id":57452,"file":"D:\\WORK\\2022\\论文相关\\TOSEM\\MiniApp-review\\flow-baseline\\datasetPopular\\安e赔\\__APP__/pages/advancePayInferiorUpload/advancePayInferiorUpload.js"}},{"type":"read","from":{"name":"o","loc":{"line":148,"column":12},"id":57308,"file":"D:\\WORK\\2022\\论文相关\\TOSEM\\MiniApp-review\\flow-baseline\\datasetPopular\\安e赔\\__APP__/pages/advancePayInferiorUpload/advancePayInferiorUpload.js"},"to":{"name":"o","loc":{"line":168,"column":118},"id":57466,"file":"D:\\WORK\\2022\\论文相关\\TOSEM\\MiniApp-review\\flow-baseline\\datasetPopular\\安e赔\\__APP__/pages/advancePayInferiorUpload/advancePayInferiorUpload.js"}},{"type":"read","from":{"name":"o","loc":{"line":148,"column":12},"id":57308,"file":"D:\\WORK\\2022\\论文相关\\TOSEM\\MiniApp-review\\flow-baseline\\datasetPopular\\安e赔\\__APP__/pages/advancePayInferiorUpload/advancePayInferiorUpload.js"},"to":{"name":"o","loc":{"line":172,"column":40},"id":57488,"file":"D:\\WORK\\2022\\论文相关\\TOSEM\\MiniApp-review\\flow-baseline\\datasetPopular\\安e赔\\__APP__/pages/advancePayInferiorUpload/advancePayInferiorUpload.js"}},{"type":"to callee","from":{"name":"o","loc":{"line":172,"column":40},"id":57488,"file":"D:\\WORK\\2022\\论文相关\\TOSEM\\MiniApp-review\\flow-baseline\\datasetPopular\\安e赔\\__APP__/pages/advancePayInferiorUpload/advancePayInferiorUpload.js"},"to":{"name":"e.showToast","loc":{"line":172,"column":28},"id":57485,"file":"D:\\WORK\\2022\\论文相关\\TOSEM\\MiniApp-review\\flow-baseline\\datasetPopular\\安e赔\\__APP__/pages/advancePayInferiorUpload/advancePayInferiorUpload.js"}},{"type":"to callee","from":{"name":"o","loc":{"line":168,"column":118},"id":57466,"file":"D:\\WORK\\2022\\论文相关\\TOSEM\\MiniApp-review\\flow-baseline\\datasetPopular\\安e赔\\__APP__/pages/advancePayInferiorUpload/advancePayInferiorUpload.js"},"to":{"name":"e.showToast","loc":{"line":168,"column":106},"id":57463,"file":"D:\\WORK\\2022\\论文相关\\TOSEM\\MiniApp-review\\flow-baseline\\datasetPopular\\安e赔\\__APP__/pages/advancePayInferiorUpload/advancePayInferiorUpload.js"}},{"type":"to callee","from":{"name":"o","loc":{"line":168,"column":77},"id":57452,"file":"D:\\WORK\\2022\\论文相关\\TOSEM\\MiniApp-review\\flow-baseline\\datasetPopular\\安e赔\\__APP__/pages/advancePayInferiorUpload/advancePayInferiorUpload.js"},"to":{"name":"e.showToast","loc":{"line":168,"column":65},"id":57449,"file":"D:\\WORK\\2022\\论文相关\\TOSEM\\MiniApp-review\\flow-baseline\\datasetPopular\\安e赔\\__APP__/pages/advancePayInferiorUpload/advancePayInferiorUpload.js"}},{"type":"to callee","from":{"name":"o","loc":{"line":178,"column":32},"id":57517,"file":"D:\\WORK\\2022\\论文相关\\TOSEM\\MiniApp-review\\flow-baseline\\datasetPopular\\安e赔\\__APP__/pages/advancePayInferiorUpload/advancePayInferiorUpload.js"},"to":{"name":"e.showToast","loc":{"line":178,"column":20},"id":57514,"file":"D:\\WORK\\2022\\论文相关\\TOSEM\\MiniApp-review\\flow-baseline\\datasetPopular\\安e赔\\__APP__/pages/advancePayInferiorUpload/advancePayInferiorUpload.js"}}]},{"leftVar":[{"id":57653,"declaredName":"o","declaredLoc":{"line":196,"column":12},"file":"/pages/advancePayInferiorUpload/advancePayInferiorUpload.js","type":"normal"}],"readFlow":[{"type":"assign to","from":{"name":"this","loc":{"line":196,"column":16},"id":57654,"file":"D:\\WORK\\2022\\论文相关\\TOSEM\\MiniApp-review\\flow-baseline\\datasetPopular\\安e赔\\__APP__/pages/advancePayInferiorUpload/advancePayInferiorUpload.js"},"to":{"name":"o","loc":{"line":196,"column":12},"id":57653,"file":"D:\\WORK\\2022\\论文相关\\TOSEM\\MiniApp-review\\flow-baseline\\datasetPopular\\安e赔\\__APP__/pages/advancePayInferiorUpload/advancePayInferiorUpload.js"}},{"type":"read","from":{"name":"o","loc":{"line":196,"column":12},"id":57653,"file":"D:\\WORK\\2022\\论文相关\\TOSEM\\MiniApp-review\\flow-baseline\\datasetPopular\\安e赔\\__APP__/pages/advancePayInferiorUpload/advancePayInferiorUpload.js"},"to":{"name":"o","loc":{"line":211,"column":65},"id":57751,"file":"D:\\WORK\\2022\\论文相关\\TOSEM\\MiniApp-review\\flow-baseline\\datasetPopular\\安e赔\\__APP__/pages/advancePayInferiorUpload/advancePayInferiorUpload.js"}},{"type":"read","from":{"name":"o","loc":{"line":196,"column":12},"id":57653,"file":"D:\\WORK\\2022\\论文相关\\TOSEM\\MiniApp-review\\flow-baseline\\datasetPopular\\安e赔\\__APP__/pages/advancePayInferiorUpload/advancePayInferiorUpload.js"},"to":{"name":"o","loc":{"line":213,"column":34},"id":57769,"file":"D:\\WORK\\2022\\论文相关\\TOSEM\\MiniApp-review\\flow-baseline\\datasetPopular\\安e赔\\__APP__/pages/advancePayInferiorUpload/advancePayInferiorUpload.js"}},{"type":"read","from":{"name":"o","loc":{"line":196,"column":12},"id":57653,"file":"D:\\WORK\\2022\\论文相关\\TOSEM\\MiniApp-review\\flow-baseline\\datasetPopular\\安e赔\\__APP__/pages/advancePayInferiorUpload/advancePayInferiorUpload.js"},"to":{"name":"o","loc":{"line":216,"column":28},"id":57787,"file":"D:\\WORK\\2022\\论文相关\\TOSEM\\MiniApp-review\\flow-baseline\\datasetPopular\\安e赔\\__APP__/pages/advancePayInferiorUpload/advancePayInferiorUpload.js"}},{"type":"to callee","from":{"name":"o","loc":{"line":216,"column":28},"id":57787,"file":"D:\\WORK\\2022\\论文相关\\TOSEM\\MiniApp-review\\flow-baseline\\datasetPopular\\安e赔\\__APP__/pages/advancePayInferiorUpload/advancePayInferiorUpload.js"},"to":{"name":"e.showToast","loc":{"line":216,"column":16},"id":57784,"file":"D:\\WORK\\2022\\论文相关\\TOSEM\\MiniApp-review\\flow-baseline\\datasetPopular\\安e赔\\__APP__/pages/advancePayInferiorUpload/advancePayInferiorUpload.js"}},{"type":"to callee","from":{"name":"o","loc":{"line":213,"column":34},"id":57769,"file":"D:\\WORK\\2022\\论文相关\\TOSEM\\MiniApp-review\\flow-baseline\\datasetPopular\\安e赔\\__APP__/pages/advancePayInferiorUpload/advancePayInferiorUpload.js"},"to":{"name":"e.showToast","loc":{"line":213,"column":22},"id":57766,"file":"D:\\WORK\\2022\\论文相关\\TOSEM\\MiniApp-review\\flow-baseline\\datasetPopular\\安e赔\\__APP__/pages/advancePayInferiorUpload/advancePayInferiorUpload.js"}},{"type":"to callee","from":{"name":"o","loc":{"line":211,"column":65},"id":57751,"file":"D:\\WORK\\2022\\论文相关\\TOSEM\\MiniApp-review\\flow-baseline\\datasetPopular\\安e赔\\__APP__/pages/advancePayInferiorUpload/advancePayInferiorUpload.js"},"to":{"name":"e.showToast","loc":{"line":211,"column":53},"id":57748,"file":"D:\\WORK\\2022\\论文相关\\TOSEM\\MiniApp-review\\flow-baseline\\datasetPopular\\安e赔\\__APP__/pages/advancePayInferiorUpload/advancePayInferiorUpload.js"}}]}]}],"writeShadows":[{"shadowVar":{"id":-1286,"declaredName":"__object__3.setData","file":"/pages/advancePayInferiorUpload/advancePayInferiorUpload.js","type":"normal"},"writeAccess":[]}]}]}]}