{"definedData":[],"dynamicDefinedData":[{"shadowObjectVar":"__object__3","dynamicDefinedProps":[{"propName":".setData","readShadows":[{"shadowVar":{"id":-1327,"declaredName":"__object__3.setData","file":"/pages/advancePaySign/advancePaySign.js","type":"normal"},"readAccess":[{"leftVar":[{"id":58302,"declaredName":"e","declaredLoc":{"line":103,"column":12},"file":"/pages/advancePaySign/advancePaySign.js","type":"normal"}],"readFlow":[{"type":"assign to","from":{"name":"this","loc":{"line":103,"column":16},"id":58303,"file":"D:\\WORK\\2022\\论文相关\\TOSEM\\MiniApp-review\\flow-baseline\\datasetPopular\\安e赔\\__APP__/pages/advancePaySign/advancePaySign.js"},"to":{"name":"e","loc":{"line":103,"column":12},"id":58302,"file":"D:\\WORK\\2022\\论文相关\\TOSEM\\MiniApp-review\\flow-baseline\\datasetPopular\\安e赔\\__APP__/pages/advancePaySign/advancePaySign.js"}}]},{"leftVar":[{"id":58380,"declaredName":"a","declaredLoc":{"line":121,"column":12},"file":"/pages/advancePaySign/advancePaySign.js","type":"normal"}],"readFlow":[{"type":"assign to","from":{"name":"this","loc":{"line":121,"column":16},"id":58381,"file":"D:\\WORK\\2022\\论文相关\\TOSEM\\MiniApp-review\\flow-baseline\\datasetPopular\\安e赔\\__APP__/pages/advancePaySign/advancePaySign.js"},"to":{"name":"a","loc":{"line":121,"column":12},"id":58380,"file":"D:\\WORK\\2022\\论文相关\\TOSEM\\MiniApp-review\\flow-baseline\\datasetPopular\\安e赔\\__APP__/pages/advancePaySign/advancePaySign.js"}},{"type":"read","from":{"name":"a","loc":{"line":121,"column":12},"id":58380,"file":"D:\\WORK\\2022\\论文相关\\TOSEM\\MiniApp-review\\flow-baseline\\datasetPopular\\安e赔\\__APP__/pages/advancePaySign/advancePaySign.js"},"to":{"name":"a","loc":{"line":143,"column":50},"id":58522,"file":"D:\\WORK\\2022\\论文相关\\TOSEM\\MiniApp-review\\flow-baseline\\datasetPopular\\安e赔\\__APP__/pages/advancePaySign/advancePaySign.js"}},{"type":"read","from":{"name":"a","loc":{"line":121,"column":12},"id":58380,"file":"D:\\WORK\\2022\\论文相关\\TOSEM\\MiniApp-review\\flow-baseline\\datasetPopular\\安e赔\\__APP__/pages/advancePaySign/advancePaySign.js"},"to":{"name":"a","loc":{"line":146,"column":54},"id":58541,"file":"D:\\WORK\\2022\\论文相关\\TOSEM\\MiniApp-review\\flow-baseline\\datasetPopular\\安e赔\\__APP__/pages/advancePaySign/advancePaySign.js"}},{"type":"to callee","from":{"name":"a","loc":{"line":146,"column":54},"id":58541,"file":"D:\\WORK\\2022\\论文相关\\TOSEM\\MiniApp-review\\flow-baseline\\datasetPopular\\安e赔\\__APP__/pages/advancePaySign/advancePaySign.js"},"to":{"name":"o.showToast","loc":{"line":146,"column":42},"id":58538,"file":"D:\\WORK\\2022\\论文相关\\TOSEM\\MiniApp-review\\flow-baseline\\datasetPopular\\安e赔\\__APP__/pages/advancePaySign/advancePaySign.js"}},{"type":"to callee","from":{"name":"a","loc":{"line":143,"column":50},"id":58522,"file":"D:\\WORK\\2022\\论文相关\\TOSEM\\MiniApp-review\\flow-baseline\\datasetPopular\\安e赔\\__APP__/pages/advancePaySign/advancePaySign.js"},"to":{"name":"o.showToast","loc":{"line":143,"column":38},"id":58519,"file":"D:\\WORK\\2022\\论文相关\\TOSEM\\MiniApp-review\\flow-baseline\\datasetPopular\\安e赔\\__APP__/pages/advancePaySign/advancePaySign.js"}}]},{"leftVar":[{"id":58584,"declaredName":"e","declaredLoc":{"line":159,"column":12},"file":"/pages/advancePaySign/advancePaySign.js","type":"normal"}],"readFlow":[{"type":"assign to","from":{"name":"this","loc":{"line":159,"column":16},"id":58585,"file":"D:\\WORK\\2022\\论文相关\\TOSEM\\MiniApp-review\\flow-baseline\\datasetPopular\\安e赔\\__APP__/pages/advancePaySign/advancePaySign.js"},"to":{"name":"e","loc":{"line":159,"column":12},"id":58584,"file":"D:\\WORK\\2022\\论文相关\\TOSEM\\MiniApp-review\\flow-baseline\\datasetPopular\\安e赔\\__APP__/pages/advancePaySign/advancePaySign.js"}},{"type":"read","from":{"name":"e","loc":{"line":159,"column":12},"id":58584,"file":"D:\\WORK\\2022\\论文相关\\TOSEM\\MiniApp-review\\flow-baseline\\datasetPopular\\安e赔\\__APP__/pages/advancePaySign/advancePaySign.js"},"to":{"name":"e","loc":{"line":200,"column":57},"id":58844,"file":"D:\\WORK\\2022\\论文相关\\TOSEM\\MiniApp-review\\flow-baseline\\datasetPopular\\安e赔\\__APP__/pages/advancePaySign/advancePaySign.js"}},{"type":"read","from":{"name":"e","loc":{"line":159,"column":12},"id":58584,"file":"D:\\WORK\\2022\\论文相关\\TOSEM\\MiniApp-review\\flow-baseline\\datasetPopular\\安e赔\\__APP__/pages/advancePaySign/advancePaySign.js"},"to":{"name":"e","loc":{"line":203,"column":54},"id":58869,"file":"D:\\WORK\\2022\\论文相关\\TOSEM\\MiniApp-review\\flow-baseline\\datasetPopular\\安e赔\\__APP__/pages/advancePaySign/advancePaySign.js"}},{"type":"to callee","from":{"name":"e","loc":{"line":203,"column":54},"id":58869,"file":"D:\\WORK\\2022\\论文相关\\TOSEM\\MiniApp-review\\flow-baseline\\datasetPopular\\安e赔\\__APP__/pages/advancePaySign/advancePaySign.js"},"to":{"name":"o.showToast","loc":{"line":203,"column":42},"id":58866,"file":"D:\\WORK\\2022\\论文相关\\TOSEM\\MiniApp-review\\flow-baseline\\datasetPopular\\安e赔\\__APP__/pages/advancePaySign/advancePaySign.js"}},{"type":"to callee","from":{"name":"e","loc":{"line":200,"column":57},"id":58844,"file":"D:\\WORK\\2022\\论文相关\\TOSEM\\MiniApp-review\\flow-baseline\\datasetPopular\\安e赔\\__APP__/pages/advancePaySign/advancePaySign.js"},"to":{"name":"o.showToast","loc":{"line":200,"column":45},"id":58841,"file":"D:\\WORK\\2022\\论文相关\\TOSEM\\MiniApp-review\\flow-baseline\\datasetPopular\\安e赔\\__APP__/pages/advancePaySign/advancePaySign.js"}}]},{"leftVar":[{"id":59074,"declaredName":"e","declaredLoc":{"line":250,"column":12},"file":"/pages/advancePaySign/advancePaySign.js","type":"normal"}],"readFlow":[{"type":"assign to","from":{"name":"this","loc":{"line":250,"column":16},"id":59075,"file":"D:\\WORK\\2022\\论文相关\\TOSEM\\MiniApp-review\\flow-baseline\\datasetPopular\\安e赔\\__APP__/pages/advancePaySign/advancePaySign.js"},"to":{"name":"e","loc":{"line":250,"column":12},"id":59074,"file":"D:\\WORK\\2022\\论文相关\\TOSEM\\MiniApp-review\\flow-baseline\\datasetPopular\\安e赔\\__APP__/pages/advancePaySign/advancePaySign.js"}}]},{"leftVar":[{"id":59168,"declaredName":"a","declaredLoc":{"line":267,"column":12},"file":"/pages/advancePaySign/advancePaySign.js","type":"normal"}],"readFlow":[{"type":"assign to","from":{"name":"this","loc":{"line":267,"column":16},"id":59169,"file":"D:\\WORK\\2022\\论文相关\\TOSEM\\MiniApp-review\\flow-baseline\\datasetPopular\\安e赔\\__APP__/pages/advancePaySign/advancePaySign.js"},"to":{"name":"a","loc":{"line":267,"column":12},"id":59168,"file":"D:\\WORK\\2022\\论文相关\\TOSEM\\MiniApp-review\\flow-baseline\\datasetPopular\\安e赔\\__APP__/pages/advancePaySign/advancePaySign.js"}}]}]}],"writeShadows":[{"shadowVar":{"id":-1327,"declaredName":"__object__3.setData","file":"/pages/advancePaySign/advancePaySign.js","type":"normal"},"writeAccess":[]}]}]}]}