{"definedData":[],"dynamicDefinedData":[{"shadowObjectVar":"__object__3","dynamicDefinedProps":[{"propName":".setData","readShadows":[{"shadowVar":{"id":-1387,"declaredName":"__object__3.setData","file":"/pages/advancePayUpload/advancePayUpload.js","type":"normal"},"readAccess":[{"leftVar":[{"id":59738,"declaredName":"o","declaredLoc":{"line":21,"column":12},"file":"/pages/advancePayUpload/advancePayUpload.js","type":"normal"}],"readFlow":[{"type":"assign to","from":{"name":"this","loc":{"line":21,"column":16},"id":59739,"file":"D:\\WORK\\2022\\论文相关\\TOSEM\\MiniApp-review\\flow-baseline\\datasetPopular\\安e赔\\__APP__/pages/advancePayUpload/advancePayUpload.js"},"to":{"name":"o","loc":{"line":21,"column":12},"id":59738,"file":"D:\\WORK\\2022\\论文相关\\TOSEM\\MiniApp-review\\flow-baseline\\datasetPopular\\安e赔\\__APP__/pages/advancePayUpload/advancePayUpload.js"}},{"type":"read","from":{"name":"o","loc":{"line":21,"column":12},"id":59738,"file":"D:\\WORK\\2022\\论文相关\\TOSEM\\MiniApp-review\\flow-baseline\\datasetPopular\\安e赔\\__APP__/pages/advancePayUpload/advancePayUpload.js"},"to":{"name":"o","loc":{"line":39,"column":33},"id":59861,"file":"D:\\WORK\\2022\\论文相关\\TOSEM\\MiniApp-review\\flow-baseline\\datasetPopular\\安e赔\\__APP__/pages/advancePayUpload/advancePayUpload.js"}},{"type":"read","from":{"name":"o","loc":{"line":21,"column":12},"id":59738,"file":"D:\\WORK\\2022\\论文相关\\TOSEM\\MiniApp-review\\flow-baseline\\datasetPopular\\安e赔\\__APP__/pages/advancePayUpload/advancePayUpload.js"},"to":{"name":"o","loc":{"line":42,"column":28},"id":59877,"file":"D:\\WORK\\2022\\论文相关\\TOSEM\\MiniApp-review\\flow-baseline\\datasetPopular\\安e赔\\__APP__/pages/advancePayUpload/advancePayUpload.js"}},{"type":"to callee","from":{"name":"o","loc":{"line":42,"column":28},"id":59877,"file":"D:\\WORK\\2022\\论文相关\\TOSEM\\MiniApp-review\\flow-baseline\\datasetPopular\\安e赔\\__APP__/pages/advancePayUpload/advancePayUpload.js"},"to":{"name":"e.showToast","loc":{"line":42,"column":16},"id":59874,"file":"D:\\WORK\\2022\\论文相关\\TOSEM\\MiniApp-review\\flow-baseline\\datasetPopular\\安e赔\\__APP__/pages/advancePayUpload/advancePayUpload.js"}},{"type":"to callee","from":{"name":"o","loc":{"line":39,"column":33},"id":59861,"file":"D:\\WORK\\2022\\论文相关\\TOSEM\\MiniApp-review\\flow-baseline\\datasetPopular\\安e赔\\__APP__/pages/advancePayUpload/advancePayUpload.js"},"to":{"name":"e.showToast","loc":{"line":39,"column":21},"id":59858,"file":"D:\\WORK\\2022\\论文相关\\TOSEM\\MiniApp-review\\flow-baseline\\datasetPopular\\安e赔\\__APP__/pages/advancePayUpload/advancePayUpload.js"}}]},{"leftVar":[{"id":59949,"declaredName":"o","declaredLoc":{"line":53,"column":12},"file":"/pages/advancePayUpload/advancePayUpload.js","type":"normal"}],"readFlow":[{"type":"assign to","from":{"name":"this","loc":{"line":53,"column":16},"id":59950,"file":"D:\\WORK\\2022\\论文相关\\TOSEM\\MiniApp-review\\flow-baseline\\datasetPopular\\安e赔\\__APP__/pages/advancePayUpload/advancePayUpload.js"},"to":{"name":"o","loc":{"line":53,"column":12},"id":59949,"file":"D:\\WORK\\2022\\论文相关\\TOSEM\\MiniApp-review\\flow-baseline\\datasetPopular\\安e赔\\__APP__/pages/advancePayUpload/advancePayUpload.js"}},{"type":"read","from":{"name":"o","loc":{"line":53,"column":12},"id":59949,"file":"D:\\WORK\\2022\\论文相关\\TOSEM\\MiniApp-review\\flow-baseline\\datasetPopular\\安e赔\\__APP__/pages/advancePayUpload/advancePayUpload.js"},"to":{"name":"o","loc":{"line":69,"column":64},"id":60053,"file":"D:\\WORK\\2022\\论文相关\\TOSEM\\MiniApp-review\\flow-baseline\\datasetPopular\\安e赔\\__APP__/pages/advancePayUpload/advancePayUpload.js"}},{"type":"to callee","from":{"name":"o","loc":{"line":69,"column":64},"id":60053,"file":"D:\\WORK\\2022\\论文相关\\TOSEM\\MiniApp-review\\flow-baseline\\datasetPopular\\安e赔\\__APP__/pages/advancePayUpload/advancePayUpload.js"},"to":{"name":"e.showToast","loc":{"line":69,"column":52},"id":60050,"file":"D:\\WORK\\2022\\论文相关\\TOSEM\\MiniApp-review\\flow-baseline\\datasetPopular\\安e赔\\__APP__/pages/advancePayUpload/advancePayUpload.js"}}]}]}],"writeShadows":[{"shadowVar":{"id":-1387,"declaredName":"__object__3.setData","file":"/pages/advancePayUpload/advancePayUpload.js","type":"normal"},"writeAccess":[]}]}]}]}