{"definedData":[],"dynamicDefinedData":[{"shadowObjectVar":"__object__64","dynamicDefinedProps":[{"propName":".setData","readShadows":[{"shadowVar":{"id":-174486,"declaredName":"__object__64.setData","file":"/pages/advancePay/advancePay.js","type":"normal"},"readAccess":[{"leftVar":[{"id":2139699,"declaredName":"t","declaredLoc":{"line":76,"column":12},"file":"/pages/advancePay/advancePay.js","type":"normal"}],"readFlow":[{"type":"assign to","from":{"name":"this","loc":{"line":76,"column":16},"id":2139700,"file":"D:\\WORK\\2022\\论文相关\\TOSEM\\MiniApp-review\\flow-baseline\\datasetPopular\\安e赔\\__APP__/pages/advancePay/advancePay.js"},"to":{"name":"t","loc":{"line":76,"column":12},"id":2139699,"file":"D:\\WORK\\2022\\论文相关\\TOSEM\\MiniApp-review\\flow-baseline\\datasetPopular\\安e赔\\__APP__/pages/advancePay/advancePay.js"}},{"type":"read","from":{"name":"t","loc":{"line":76,"column":12},"id":2139699,"file":"D:\\WORK\\2022\\论文相关\\TOSEM\\MiniApp-review\\flow-baseline\\datasetPopular\\安e赔\\__APP__/pages/advancePay/advancePay.js"},"to":{"name":"t","loc":{"line":129,"column":35},"id":2140101,"file":"D:\\WORK\\2022\\论文相关\\TOSEM\\MiniApp-review\\flow-baseline\\datasetPopular\\安e赔\\__APP__/pages/advancePay/advancePay.js"}},{"type":"read","from":{"name":"t","loc":{"line":76,"column":12},"id":2139699,"file":"D:\\WORK\\2022\\论文相关\\TOSEM\\MiniApp-review\\flow-baseline\\datasetPopular\\安e赔\\__APP__/pages/advancePay/advancePay.js"},"to":{"name":"t","loc":{"line":132,"column":28},"id":2140118,"file":"D:\\WORK\\2022\\论文相关\\TOSEM\\MiniApp-review\\flow-baseline\\datasetPopular\\安e赔\\__APP__/pages/advancePay/advancePay.js"}},{"type":"to callee","from":{"name":"t","loc":{"line":132,"column":28},"id":2140118,"file":"D:\\WORK\\2022\\论文相关\\TOSEM\\MiniApp-review\\flow-baseline\\datasetPopular\\安e赔\\__APP__/pages/advancePay/advancePay.js"},"to":{"name":"a.showToast","loc":{"line":132,"column":16},"id":2140115,"file":"D:\\WORK\\2022\\论文相关\\TOSEM\\MiniApp-review\\flow-baseline\\datasetPopular\\安e赔\\__APP__/pages/advancePay/advancePay.js"}},{"type":"to callee","from":{"name":"t","loc":{"line":129,"column":35},"id":2140101,"file":"D:\\WORK\\2022\\论文相关\\TOSEM\\MiniApp-review\\flow-baseline\\datasetPopular\\安e赔\\__APP__/pages/advancePay/advancePay.js"},"to":{"name":"a.showToast","loc":{"line":129,"column":23},"id":2140098,"file":"D:\\WORK\\2022\\论文相关\\TOSEM\\MiniApp-review\\flow-baseline\\datasetPopular\\安e赔\\__APP__/pages/advancePay/advancePay.js"}}]},{"leftVar":[{"id":2140501,"declaredName":"n","declaredLoc":{"line":198,"column":12},"file":"/pages/advancePay/advancePay.js","type":"normal"}],"readFlow":[{"type":"assign to","from":{"name":"this","loc":{"line":198,"column":16},"id":2140502,"file":"D:\\WORK\\2022\\论文相关\\TOSEM\\MiniApp-review\\flow-baseline\\datasetPopular\\安e赔\\__APP__/pages/advancePay/advancePay.js"},"to":{"name":"n","loc":{"line":198,"column":12},"id":2140501,"file":"D:\\WORK\\2022\\论文相关\\TOSEM\\MiniApp-review\\flow-baseline\\datasetPopular\\安e赔\\__APP__/pages/advancePay/advancePay.js"}},{"type":"read","from":{"name":"n","loc":{"line":198,"column":12},"id":2140501,"file":"D:\\WORK\\2022\\论文相关\\TOSEM\\MiniApp-review\\flow-baseline\\datasetPopular\\安e赔\\__APP__/pages/advancePay/advancePay.js"},"to":{"name":"n","loc":{"line":222,"column":37},"id":2140812,"file":"D:\\WORK\\2022\\论文相关\\TOSEM\\MiniApp-review\\flow-baseline\\datasetPopular\\安e赔\\__APP__/pages/advancePay/advancePay.js"}},{"type":"to callee","from":{"name":"n","loc":{"line":222,"column":37},"id":2140812,"file":"D:\\WORK\\2022\\论文相关\\TOSEM\\MiniApp-review\\flow-baseline\\datasetPopular\\安e赔\\__APP__/pages/advancePay/advancePay.js"},"to":{"name":"a.showToast","loc":{"line":222,"column":25},"id":2140809,"file":"D:\\WORK\\2022\\论文相关\\TOSEM\\MiniApp-review\\flow-baseline\\datasetPopular\\安e赔\\__APP__/pages/advancePay/advancePay.js"}}]}]}],"writeShadows":[{"shadowVar":{"id":-174486,"declaredName":"__object__64.setData","file":"/pages/advancePay/advancePay.js","type":"normal"},"writeAccess":[]}]}]}]}