{"definedData":[],"dynamicDefinedData":[{"shadowObjectVar":"__object__3","dynamicDefinedProps":[{"propName":".setData","readShadows":[{"shadowVar":{"id":-174517,"declaredName":"__object__3.setData","file":"/pages/advancePayInferiorUpload/advancePayInferiorUpload.js","type":"normal"},"readAccess":[{"leftVar":[{"id":2141038,"declaredName":"t","declaredLoc":{"line":29,"column":12},"file":"/pages/advancePayInferiorUpload/advancePayInferiorUpload.js","type":"normal"}],"readFlow":[{"type":"assign to","from":{"name":"this","loc":{"line":29,"column":16},"id":2141039,"file":"D:\\WORK\\2022\\论文相关\\TOSEM\\MiniApp-review\\flow-baseline\\datasetPopular\\安e赔\\__APP__/pages/advancePayInferiorUpload/advancePayInferiorUpload.js"},"to":{"name":"t","loc":{"line":29,"column":12},"id":2141038,"file":"D:\\WORK\\2022\\论文相关\\TOSEM\\MiniApp-review\\flow-baseline\\datasetPopular\\安e赔\\__APP__/pages/advancePayInferiorUpload/advancePayInferiorUpload.js"}},{"type":"read","from":{"name":"t","loc":{"line":29,"column":12},"id":2141038,"file":"D:\\WORK\\2022\\论文相关\\TOSEM\\MiniApp-review\\flow-baseline\\datasetPopular\\安e赔\\__APP__/pages/advancePayInferiorUpload/advancePayInferiorUpload.js"},"to":{"name":"t","loc":{"line":57,"column":32},"id":2141224,"file":"D:\\WORK\\2022\\论文相关\\TOSEM\\MiniApp-review\\flow-baseline\\datasetPopular\\安e赔\\__APP__/pages/advancePayInferiorUpload/advancePayInferiorUpload.js"}},{"type":"read","from":{"name":"t","loc":{"line":29,"column":12},"id":2141038,"file":"D:\\WORK\\2022\\论文相关\\TOSEM\\MiniApp-review\\flow-baseline\\datasetPopular\\安e赔\\__APP__/pages/advancePayInferiorUpload/advancePayInferiorUpload.js"},"to":{"name":"t","loc":{"line":62,"column":32},"id":2141254,"file":"D:\\WORK\\2022\\论文相关\\TOSEM\\MiniApp-review\\flow-baseline\\datasetPopular\\安e赔\\__APP__/pages/advancePayInferiorUpload/advancePayInferiorUpload.js"}},{"type":"to callee","from":{"name":"t","loc":{"line":62,"column":32},"id":2141254,"file":"D:\\WORK\\2022\\论文相关\\TOSEM\\MiniApp-review\\flow-baseline\\datasetPopular\\安e赔\\__APP__/pages/advancePayInferiorUpload/advancePayInferiorUpload.js"},"to":{"name":"e.showToast","loc":{"line":62,"column":20},"id":2141251,"file":"D:\\WORK\\2022\\论文相关\\TOSEM\\MiniApp-review\\flow-baseline\\datasetPopular\\安e赔\\__APP__/pages/advancePayInferiorUpload/advancePayInferiorUpload.js"}},{"type":"to callee","from":{"name":"t","loc":{"line":57,"column":32},"id":2141224,"file":"D:\\WORK\\2022\\论文相关\\TOSEM\\MiniApp-review\\flow-baseline\\datasetPopular\\安e赔\\__APP__/pages/advancePayInferiorUpload/advancePayInferiorUpload.js"},"to":{"name":"e.showToast","loc":{"line":57,"column":20},"id":2141221,"file":"D:\\WORK\\2022\\论文相关\\TOSEM\\MiniApp-review\\flow-baseline\\datasetPopular\\安e赔\\__APP__/pages/advancePayInferiorUpload/advancePayInferiorUpload.js"}}]},{"leftVar":[{"id":2141381,"declaredName":"a","declaredLoc":{"line":73,"column":12},"file":"/pages/advancePayInferiorUpload/advancePayInferiorUpload.js","type":"normal"}],"readFlow":[{"type":"assign to","from":{"name":"this","loc":{"line":73,"column":16},"id":2141382,"file":"D:\\WORK\\2022\\论文相关\\TOSEM\\MiniApp-review\\flow-baseline\\datasetPopular\\安e赔\\__APP__/pages/advancePayInferiorUpload/advancePayInferiorUpload.js"},"to":{"name":"a","loc":{"line":73,"column":12},"id":2141381,"file":"D:\\WORK\\2022\\论文相关\\TOSEM\\MiniApp-review\\flow-baseline\\datasetPopular\\安e赔\\__APP__/pages/advancePayInferiorUpload/advancePayInferiorUpload.js"}}]},{"leftVar":[{"id":2141519,"declaredName":"t","declaredLoc":{"line":99,"column":12},"file":"/pages/advancePayInferiorUpload/advancePayInferiorUpload.js","type":"normal"}],"readFlow":[{"type":"assign to","from":{"name":"this","loc":{"line":99,"column":16},"id":2141520,"file":"D:\\WORK\\2022\\论文相关\\TOSEM\\MiniApp-review\\flow-baseline\\datasetPopular\\安e赔\\__APP__/pages/advancePayInferiorUpload/advancePayInferiorUpload.js"},"to":{"name":"t","loc":{"line":99,"column":12},"id":2141519,"file":"D:\\WORK\\2022\\论文相关\\TOSEM\\MiniApp-review\\flow-baseline\\datasetPopular\\安e赔\\__APP__/pages/advancePayInferiorUpload/advancePayInferiorUpload.js"}},{"type":"read","from":{"name":"t","loc":{"line":99,"column":12},"id":2141519,"file":"D:\\WORK\\2022\\论文相关\\TOSEM\\MiniApp-review\\flow-baseline\\datasetPopular\\安e赔\\__APP__/pages/advancePayInferiorUpload/advancePayInferiorUpload.js"},"to":{"name":"t","loc":{"line":106,"column":29},"id":2141608,"file":"D:\\WORK\\2022\\论文相关\\TOSEM\\MiniApp-review\\flow-baseline\\datasetPopular\\安e赔\\__APP__/pages/advancePayInferiorUpload/advancePayInferiorUpload.js"}},{"type":"to callee","from":{"name":"t","loc":{"line":106,"column":29},"id":2141608,"file":"D:\\WORK\\2022\\论文相关\\TOSEM\\MiniApp-review\\flow-baseline\\datasetPopular\\安e赔\\__APP__/pages/advancePayInferiorUpload/advancePayInferiorUpload.js"},"to":{"name":"e.showToast","loc":{"line":106,"column":17},"id":2141605,"file":"D:\\WORK\\2022\\论文相关\\TOSEM\\MiniApp-review\\flow-baseline\\datasetPopular\\安e赔\\__APP__/pages/advancePayInferiorUpload/advancePayInferiorUpload.js"}}]},{"leftVar":[{"id":2141619,"declaredName":"s","declaredLoc":{"line":109,"column":17},"file":"/pages/advancePayInferiorUpload/advancePayInferiorUpload.js","type":"normal"}],"readFlow":[{"type":"assign to","from":{"name":"this","loc":{"line":109,"column":21},"id":2141620,"file":"D:\\WORK\\2022\\论文相关\\TOSEM\\MiniApp-review\\flow-baseline\\datasetPopular\\安e赔\\__APP__/pages/advancePayInferiorUpload/advancePayInferiorUpload.js"},"to":{"name":"s","loc":{"line":109,"column":17},"id":2141619,"file":"D:\\WORK\\2022\\论文相关\\TOSEM\\MiniApp-review\\flow-baseline\\datasetPopular\\安e赔\\__APP__/pages/advancePayInferiorUpload/advancePayInferiorUpload.js"}},{"type":"read","from":{"name":"s","loc":{"line":109,"column":17},"id":2141619,"file":"D:\\WORK\\2022\\论文相关\\TOSEM\\MiniApp-review\\flow-baseline\\datasetPopular\\安e赔\\__APP__/pages/advancePayInferiorUpload/advancePayInferiorUpload.js"},"to":{"name":"s","loc":{"line":126,"column":109},"id":2141756,"file":"D:\\WORK\\2022\\论文相关\\TOSEM\\MiniApp-review\\flow-baseline\\datasetPopular\\安e赔\\__APP__/pages/advancePayInferiorUpload/advancePayInferiorUpload.js"}},{"type":"read","from":{"name":"s","loc":{"line":109,"column":17},"id":2141619,"file":"D:\\WORK\\2022\\论文相关\\TOSEM\\MiniApp-review\\flow-baseline\\datasetPopular\\安e赔\\__APP__/pages/advancePayInferiorUpload/advancePayInferiorUpload.js"},"to":{"name":"s","loc":{"line":144,"column":53},"id":2141863,"file":"D:\\WORK\\2022\\论文相关\\TOSEM\\MiniApp-review\\flow-baseline\\datasetPopular\\安e赔\\__APP__/pages/advancePayInferiorUpload/advancePayInferiorUpload.js"}},{"type":"to callee","from":{"name":"s","loc":{"line":144,"column":53},"id":2141863,"file":"D:\\WORK\\2022\\论文相关\\TOSEM\\MiniApp-review\\flow-baseline\\datasetPopular\\安e赔\\__APP__/pages/advancePayInferiorUpload/advancePayInferiorUpload.js"},"to":{"name":"e.showToast","loc":{"line":144,"column":41},"id":2141860,"file":"D:\\WORK\\2022\\论文相关\\TOSEM\\MiniApp-review\\flow-baseline\\datasetPopular\\安e赔\\__APP__/pages/advancePayInferiorUpload/advancePayInferiorUpload.js"}},{"type":"to callee","from":{"name":"s","loc":{"line":126,"column":109},"id":2141756,"file":"D:\\WORK\\2022\\论文相关\\TOSEM\\MiniApp-review\\flow-baseline\\datasetPopular\\安e赔\\__APP__/pages/advancePayInferiorUpload/advancePayInferiorUpload.js"},"to":{"name":"e.showToast","loc":{"line":126,"column":97},"id":2141753,"file":"D:\\WORK\\2022\\论文相关\\TOSEM\\MiniApp-review\\flow-baseline\\datasetPopular\\安e赔\\__APP__/pages/advancePayInferiorUpload/advancePayInferiorUpload.js"}}]},{"leftVar":[{"id":2141876,"declaredName":"o","declaredLoc":{"line":148,"column":12},"file":"/pages/advancePayInferiorUpload/advancePayInferiorUpload.js","type":"normal"}],"readFlow":[{"type":"assign to","from":{"name":"this","loc":{"line":148,"column":16},"id":2141877,"file":"D:\\WORK\\2022\\论文相关\\TOSEM\\MiniApp-review\\flow-baseline\\datasetPopular\\安e赔\\__APP__/pages/advancePayInferiorUpload/advancePayInferiorUpload.js"},"to":{"name":"o","loc":{"line":148,"column":12},"id":2141876,"file":"D:\\WORK\\2022\\论文相关\\TOSEM\\MiniApp-review\\flow-baseline\\datasetPopular\\安e赔\\__APP__/pages/advancePayInferiorUpload/advancePayInferiorUpload.js"}},{"type":"read","from":{"name":"o","loc":{"line":148,"column":12},"id":2141876,"file":"D:\\WORK\\2022\\论文相关\\TOSEM\\MiniApp-review\\flow-baseline\\datasetPopular\\安e赔\\__APP__/pages/advancePayInferiorUpload/advancePayInferiorUpload.js"},"to":{"name":"o","loc":{"line":178,"column":32},"id":2142085,"file":"D:\\WORK\\2022\\论文相关\\TOSEM\\MiniApp-review\\flow-baseline\\datasetPopular\\安e赔\\__APP__/pages/advancePayInferiorUpload/advancePayInferiorUpload.js"}},{"type":"read","from":{"name":"o","loc":{"line":148,"column":12},"id":2141876,"file":"D:\\WORK\\2022\\论文相关\\TOSEM\\MiniApp-review\\flow-baseline\\datasetPopular\\安e赔\\__APP__/pages/advancePayInferiorUpload/advancePayInferiorUpload.js"},"to":{"name":"o","loc":{"line":168,"column":77},"id":2142020,"file":"D:\\WORK\\2022\\论文相关\\TOSEM\\MiniApp-review\\flow-baseline\\datasetPopular\\安e赔\\__APP__/pages/advancePayInferiorUpload/advancePayInferiorUpload.js"}},{"type":"read","from":{"name":"o","loc":{"line":148,"column":12},"id":2141876,"file":"D:\\WORK\\2022\\论文相关\\TOSEM\\MiniApp-review\\flow-baseline\\datasetPopular\\安e赔\\__APP__/pages/advancePayInferiorUpload/advancePayInferiorUpload.js"},"to":{"name":"o","loc":{"line":168,"column":118},"id":2142034,"file":"D:\\WORK\\2022\\论文相关\\TOSEM\\MiniApp-review\\flow-baseline\\datasetPopular\\安e赔\\__APP__/pages/advancePayInferiorUpload/advancePayInferiorUpload.js"}},{"type":"read","from":{"name":"o","loc":{"line":148,"column":12},"id":2141876,"file":"D:\\WORK\\2022\\论文相关\\TOSEM\\MiniApp-review\\flow-baseline\\datasetPopular\\安e赔\\__APP__/pages/advancePayInferiorUpload/advancePayInferiorUpload.js"},"to":{"name":"o","loc":{"line":172,"column":40},"id":2142056,"file":"D:\\WORK\\2022\\论文相关\\TOSEM\\MiniApp-review\\flow-baseline\\datasetPopular\\安e赔\\__APP__/pages/advancePayInferiorUpload/advancePayInferiorUpload.js"}},{"type":"to callee","from":{"name":"o","loc":{"line":172,"column":40},"id":2142056,"file":"D:\\WORK\\2022\\论文相关\\TOSEM\\MiniApp-review\\flow-baseline\\datasetPopular\\安e赔\\__APP__/pages/advancePayInferiorUpload/advancePayInferiorUpload.js"},"to":{"name":"e.showToast","loc":{"line":172,"column":28},"id":2142053,"file":"D:\\WORK\\2022\\论文相关\\TOSEM\\MiniApp-review\\flow-baseline\\datasetPopular\\安e赔\\__APP__/pages/advancePayInferiorUpload/advancePayInferiorUpload.js"}},{"type":"to callee","from":{"name":"o","loc":{"line":168,"column":118},"id":2142034,"file":"D:\\WORK\\2022\\论文相关\\TOSEM\\MiniApp-review\\flow-baseline\\datasetPopular\\安e赔\\__APP__/pages/advancePayInferiorUpload/advancePayInferiorUpload.js"},"to":{"name":"e.showToast","loc":{"line":168,"column":106},"id":2142031,"file":"D:\\WORK\\2022\\论文相关\\TOSEM\\MiniApp-review\\flow-baseline\\datasetPopular\\安e赔\\__APP__/pages/advancePayInferiorUpload/advancePayInferiorUpload.js"}},{"type":"to callee","from":{"name":"o","loc":{"line":168,"column":77},"id":2142020,"file":"D:\\WORK\\2022\\论文相关\\TOSEM\\MiniApp-review\\flow-baseline\\datasetPopular\\安e赔\\__APP__/pages/advancePayInferiorUpload/advancePayInferiorUpload.js"},"to":{"name":"e.showToast","loc":{"line":168,"column":65},"id":2142017,"file":"D:\\WORK\\2022\\论文相关\\TOSEM\\MiniApp-review\\flow-baseline\\datasetPopular\\安e赔\\__APP__/pages/advancePayInferiorUpload/advancePayInferiorUpload.js"}},{"type":"to callee","from":{"name":"o","loc":{"line":178,"column":32},"id":2142085,"file":"D:\\WORK\\2022\\论文相关\\TOSEM\\MiniApp-review\\flow-baseline\\datasetPopular\\安e赔\\__APP__/pages/advancePayInferiorUpload/advancePayInferiorUpload.js"},"to":{"name":"e.showToast","loc":{"line":178,"column":20},"id":2142082,"file":"D:\\WORK\\2022\\论文相关\\TOSEM\\MiniApp-review\\flow-baseline\\datasetPopular\\安e赔\\__APP__/pages/advancePayInferiorUpload/advancePayInferiorUpload.js"}}]},{"leftVar":[{"id":2142221,"declaredName":"o","declaredLoc":{"line":196,"column":12},"file":"/pages/advancePayInferiorUpload/advancePayInferiorUpload.js","type":"normal"}],"readFlow":[{"type":"assign to","from":{"name":"this","loc":{"line":196,"column":16},"id":2142222,"file":"D:\\WORK\\2022\\论文相关\\TOSEM\\MiniApp-review\\flow-baseline\\datasetPopular\\安e赔\\__APP__/pages/advancePayInferiorUpload/advancePayInferiorUpload.js"},"to":{"name":"o","loc":{"line":196,"column":12},"id":2142221,"file":"D:\\WORK\\2022\\论文相关\\TOSEM\\MiniApp-review\\flow-baseline\\datasetPopular\\安e赔\\__APP__/pages/advancePayInferiorUpload/advancePayInferiorUpload.js"}},{"type":"read","from":{"name":"o","loc":{"line":196,"column":12},"id":2142221,"file":"D:\\WORK\\2022\\论文相关\\TOSEM\\MiniApp-review\\flow-baseline\\datasetPopular\\安e赔\\__APP__/pages/advancePayInferiorUpload/advancePayInferiorUpload.js"},"to":{"name":"o","loc":{"line":211,"column":65},"id":2142319,"file":"D:\\WORK\\2022\\论文相关\\TOSEM\\MiniApp-review\\flow-baseline\\datasetPopular\\安e赔\\__APP__/pages/advancePayInferiorUpload/advancePayInferiorUpload.js"}},{"type":"read","from":{"name":"o","loc":{"line":196,"column":12},"id":2142221,"file":"D:\\WORK\\2022\\论文相关\\TOSEM\\MiniApp-review\\flow-baseline\\datasetPopular\\安e赔\\__APP__/pages/advancePayInferiorUpload/advancePayInferiorUpload.js"},"to":{"name":"o","loc":{"line":213,"column":34},"id":2142337,"file":"D:\\WORK\\2022\\论文相关\\TOSEM\\MiniApp-review\\flow-baseline\\datasetPopular\\安e赔\\__APP__/pages/advancePayInferiorUpload/advancePayInferiorUpload.js"}},{"type":"read","from":{"name":"o","loc":{"line":196,"column":12},"id":2142221,"file":"D:\\WORK\\2022\\论文相关\\TOSEM\\MiniApp-review\\flow-baseline\\datasetPopular\\安e赔\\__APP__/pages/advancePayInferiorUpload/advancePayInferiorUpload.js"},"to":{"name":"o","loc":{"line":216,"column":28},"id":2142355,"file":"D:\\WORK\\2022\\论文相关\\TOSEM\\MiniApp-review\\flow-baseline\\datasetPopular\\安e赔\\__APP__/pages/advancePayInferiorUpload/advancePayInferiorUpload.js"}},{"type":"to callee","from":{"name":"o","loc":{"line":216,"column":28},"id":2142355,"file":"D:\\WORK\\2022\\论文相关\\TOSEM\\MiniApp-review\\flow-baseline\\datasetPopular\\安e赔\\__APP__/pages/advancePayInferiorUpload/advancePayInferiorUpload.js"},"to":{"name":"e.showToast","loc":{"line":216,"column":16},"id":2142352,"file":"D:\\WORK\\2022\\论文相关\\TOSEM\\MiniApp-review\\flow-baseline\\datasetPopular\\安e赔\\__APP__/pages/advancePayInferiorUpload/advancePayInferiorUpload.js"}},{"type":"to callee","from":{"name":"o","loc":{"line":213,"column":34},"id":2142337,"file":"D:\\WORK\\2022\\论文相关\\TOSEM\\MiniApp-review\\flow-baseline\\datasetPopular\\安e赔\\__APP__/pages/advancePayInferiorUpload/advancePayInferiorUpload.js"},"to":{"name":"e.showToast","loc":{"line":213,"column":22},"id":2142334,"file":"D:\\WORK\\2022\\论文相关\\TOSEM\\MiniApp-review\\flow-baseline\\datasetPopular\\安e赔\\__APP__/pages/advancePayInferiorUpload/advancePayInferiorUpload.js"}},{"type":"to callee","from":{"name":"o","loc":{"line":211,"column":65},"id":2142319,"file":"D:\\WORK\\2022\\论文相关\\TOSEM\\MiniApp-review\\flow-baseline\\datasetPopular\\安e赔\\__APP__/pages/advancePayInferiorUpload/advancePayInferiorUpload.js"},"to":{"name":"e.showToast","loc":{"line":211,"column":53},"id":2142316,"file":"D:\\WORK\\2022\\论文相关\\TOSEM\\MiniApp-review\\flow-baseline\\datasetPopular\\安e赔\\__APP__/pages/advancePayInferiorUpload/advancePayInferiorUpload.js"}}]}]}],"writeShadows":[{"shadowVar":{"id":-174517,"declaredName":"__object__3.setData","file":"/pages/advancePayInferiorUpload/advancePayInferiorUpload.js","type":"normal"},"writeAccess":[]}]}]}]}