{"definedData":[],"dynamicDefinedData":[{"shadowObjectVar":"__object__3","dynamicDefinedProps":[{"propName":".setData","readShadows":[{"shadowVar":{"id":-174558,"declaredName":"__object__3.setData","file":"/pages/advancePaySign/advancePaySign.js","type":"normal"},"readAccess":[{"leftVar":[{"id":2142870,"declaredName":"e","declaredLoc":{"line":103,"column":12},"file":"/pages/advancePaySign/advancePaySign.js","type":"normal"}],"readFlow":[{"type":"assign to","from":{"name":"this","loc":{"line":103,"column":16},"id":2142871,"file":"D:\\WORK\\2022\\论文相关\\TOSEM\\MiniApp-review\\flow-baseline\\datasetPopular\\安e赔\\__APP__/pages/advancePaySign/advancePaySign.js"},"to":{"name":"e","loc":{"line":103,"column":12},"id":2142870,"file":"D:\\WORK\\2022\\论文相关\\TOSEM\\MiniApp-review\\flow-baseline\\datasetPopular\\安e赔\\__APP__/pages/advancePaySign/advancePaySign.js"}}]},{"leftVar":[{"id":2142948,"declaredName":"a","declaredLoc":{"line":121,"column":12},"file":"/pages/advancePaySign/advancePaySign.js","type":"normal"}],"readFlow":[{"type":"assign to","from":{"name":"this","loc":{"line":121,"column":16},"id":2142949,"file":"D:\\WORK\\2022\\论文相关\\TOSEM\\MiniApp-review\\flow-baseline\\datasetPopular\\安e赔\\__APP__/pages/advancePaySign/advancePaySign.js"},"to":{"name":"a","loc":{"line":121,"column":12},"id":2142948,"file":"D:\\WORK\\2022\\论文相关\\TOSEM\\MiniApp-review\\flow-baseline\\datasetPopular\\安e赔\\__APP__/pages/advancePaySign/advancePaySign.js"}},{"type":"read","from":{"name":"a","loc":{"line":121,"column":12},"id":2142948,"file":"D:\\WORK\\2022\\论文相关\\TOSEM\\MiniApp-review\\flow-baseline\\datasetPopular\\安e赔\\__APP__/pages/advancePaySign/advancePaySign.js"},"to":{"name":"a","loc":{"line":143,"column":50},"id":2143090,"file":"D:\\WORK\\2022\\论文相关\\TOSEM\\MiniApp-review\\flow-baseline\\datasetPopular\\安e赔\\__APP__/pages/advancePaySign/advancePaySign.js"}},{"type":"read","from":{"name":"a","loc":{"line":121,"column":12},"id":2142948,"file":"D:\\WORK\\2022\\论文相关\\TOSEM\\MiniApp-review\\flow-baseline\\datasetPopular\\安e赔\\__APP__/pages/advancePaySign/advancePaySign.js"},"to":{"name":"a","loc":{"line":146,"column":54},"id":2143109,"file":"D:\\WORK\\2022\\论文相关\\TOSEM\\MiniApp-review\\flow-baseline\\datasetPopular\\安e赔\\__APP__/pages/advancePaySign/advancePaySign.js"}},{"type":"to callee","from":{"name":"a","loc":{"line":146,"column":54},"id":2143109,"file":"D:\\WORK\\2022\\论文相关\\TOSEM\\MiniApp-review\\flow-baseline\\datasetPopular\\安e赔\\__APP__/pages/advancePaySign/advancePaySign.js"},"to":{"name":"o.showToast","loc":{"line":146,"column":42},"id":2143106,"file":"D:\\WORK\\2022\\论文相关\\TOSEM\\MiniApp-review\\flow-baseline\\datasetPopular\\安e赔\\__APP__/pages/advancePaySign/advancePaySign.js"}},{"type":"to callee","from":{"name":"a","loc":{"line":143,"column":50},"id":2143090,"file":"D:\\WORK\\2022\\论文相关\\TOSEM\\MiniApp-review\\flow-baseline\\datasetPopular\\安e赔\\__APP__/pages/advancePaySign/advancePaySign.js"},"to":{"name":"o.showToast","loc":{"line":143,"column":38},"id":2143087,"file":"D:\\WORK\\2022\\论文相关\\TOSEM\\MiniApp-review\\flow-baseline\\datasetPopular\\安e赔\\__APP__/pages/advancePaySign/advancePaySign.js"}}]},{"leftVar":[{"id":2143152,"declaredName":"e","declaredLoc":{"line":159,"column":12},"file":"/pages/advancePaySign/advancePaySign.js","type":"normal"}],"readFlow":[{"type":"assign to","from":{"name":"this","loc":{"line":159,"column":16},"id":2143153,"file":"D:\\WORK\\2022\\论文相关\\TOSEM\\MiniApp-review\\flow-baseline\\datasetPopular\\安e赔\\__APP__/pages/advancePaySign/advancePaySign.js"},"to":{"name":"e","loc":{"line":159,"column":12},"id":2143152,"file":"D:\\WORK\\2022\\论文相关\\TOSEM\\MiniApp-review\\flow-baseline\\datasetPopular\\安e赔\\__APP__/pages/advancePaySign/advancePaySign.js"}},{"type":"read","from":{"name":"e","loc":{"line":159,"column":12},"id":2143152,"file":"D:\\WORK\\2022\\论文相关\\TOSEM\\MiniApp-review\\flow-baseline\\datasetPopular\\安e赔\\__APP__/pages/advancePaySign/advancePaySign.js"},"to":{"name":"e","loc":{"line":200,"column":57},"id":2143412,"file":"D:\\WORK\\2022\\论文相关\\TOSEM\\MiniApp-review\\flow-baseline\\datasetPopular\\安e赔\\__APP__/pages/advancePaySign/advancePaySign.js"}},{"type":"read","from":{"name":"e","loc":{"line":159,"column":12},"id":2143152,"file":"D:\\WORK\\2022\\论文相关\\TOSEM\\MiniApp-review\\flow-baseline\\datasetPopular\\安e赔\\__APP__/pages/advancePaySign/advancePaySign.js"},"to":{"name":"e","loc":{"line":203,"column":54},"id":2143437,"file":"D:\\WORK\\2022\\论文相关\\TOSEM\\MiniApp-review\\flow-baseline\\datasetPopular\\安e赔\\__APP__/pages/advancePaySign/advancePaySign.js"}},{"type":"to callee","from":{"name":"e","loc":{"line":203,"column":54},"id":2143437,"file":"D:\\WORK\\2022\\论文相关\\TOSEM\\MiniApp-review\\flow-baseline\\datasetPopular\\安e赔\\__APP__/pages/advancePaySign/advancePaySign.js"},"to":{"name":"o.showToast","loc":{"line":203,"column":42},"id":2143434,"file":"D:\\WORK\\2022\\论文相关\\TOSEM\\MiniApp-review\\flow-baseline\\datasetPopular\\安e赔\\__APP__/pages/advancePaySign/advancePaySign.js"}},{"type":"to callee","from":{"name":"e","loc":{"line":200,"column":57},"id":2143412,"file":"D:\\WORK\\2022\\论文相关\\TOSEM\\MiniApp-review\\flow-baseline\\datasetPopular\\安e赔\\__APP__/pages/advancePaySign/advancePaySign.js"},"to":{"name":"o.showToast","loc":{"line":200,"column":45},"id":2143409,"file":"D:\\WORK\\2022\\论文相关\\TOSEM\\MiniApp-review\\flow-baseline\\datasetPopular\\安e赔\\__APP__/pages/advancePaySign/advancePaySign.js"}}]},{"leftVar":[{"id":2143642,"declaredName":"e","declaredLoc":{"line":250,"column":12},"file":"/pages/advancePaySign/advancePaySign.js","type":"normal"}],"readFlow":[{"type":"assign to","from":{"name":"this","loc":{"line":250,"column":16},"id":2143643,"file":"D:\\WORK\\2022\\论文相关\\TOSEM\\MiniApp-review\\flow-baseline\\datasetPopular\\安e赔\\__APP__/pages/advancePaySign/advancePaySign.js"},"to":{"name":"e","loc":{"line":250,"column":12},"id":2143642,"file":"D:\\WORK\\2022\\论文相关\\TOSEM\\MiniApp-review\\flow-baseline\\datasetPopular\\安e赔\\__APP__/pages/advancePaySign/advancePaySign.js"}}]},{"leftVar":[{"id":2143736,"declaredName":"a","declaredLoc":{"line":267,"column":12},"file":"/pages/advancePaySign/advancePaySign.js","type":"normal"}],"readFlow":[{"type":"assign to","from":{"name":"this","loc":{"line":267,"column":16},"id":2143737,"file":"D:\\WORK\\2022\\论文相关\\TOSEM\\MiniApp-review\\flow-baseline\\datasetPopular\\安e赔\\__APP__/pages/advancePaySign/advancePaySign.js"},"to":{"name":"a","loc":{"line":267,"column":12},"id":2143736,"file":"D:\\WORK\\2022\\论文相关\\TOSEM\\MiniApp-review\\flow-baseline\\datasetPopular\\安e赔\\__APP__/pages/advancePaySign/advancePaySign.js"}}]}]}],"writeShadows":[{"shadowVar":{"id":-174558,"declaredName":"__object__3.setData","file":"/pages/advancePaySign/advancePaySign.js","type":"normal"},"writeAccess":[]}]}]}]}