{"definedData":[],"dynamicDefinedData":[{"shadowObjectVar":"__object__3","dynamicDefinedProps":[{"propName":".setData","readShadows":[{"shadowVar":{"id":-174618,"declaredName":"__object__3.setData","file":"/pages/advancePayUpload/advancePayUpload.js","type":"normal"},"readAccess":[{"leftVar":[{"id":2144306,"declaredName":"o","declaredLoc":{"line":21,"column":12},"file":"/pages/advancePayUpload/advancePayUpload.js","type":"normal"}],"readFlow":[{"type":"assign to","from":{"name":"this","loc":{"line":21,"column":16},"id":2144307,"file":"D:\\WORK\\2022\\论文相关\\TOSEM\\MiniApp-review\\flow-baseline\\datasetPopular\\安e赔\\__APP__/pages/advancePayUpload/advancePayUpload.js"},"to":{"name":"o","loc":{"line":21,"column":12},"id":2144306,"file":"D:\\WORK\\2022\\论文相关\\TOSEM\\MiniApp-review\\flow-baseline\\datasetPopular\\安e赔\\__APP__/pages/advancePayUpload/advancePayUpload.js"}},{"type":"read","from":{"name":"o","loc":{"line":21,"column":12},"id":2144306,"file":"D:\\WORK\\2022\\论文相关\\TOSEM\\MiniApp-review\\flow-baseline\\datasetPopular\\安e赔\\__APP__/pages/advancePayUpload/advancePayUpload.js"},"to":{"name":"o","loc":{"line":39,"column":33},"id":2144429,"file":"D:\\WORK\\2022\\论文相关\\TOSEM\\MiniApp-review\\flow-baseline\\datasetPopular\\安e赔\\__APP__/pages/advancePayUpload/advancePayUpload.js"}},{"type":"read","from":{"name":"o","loc":{"line":21,"column":12},"id":2144306,"file":"D:\\WORK\\2022\\论文相关\\TOSEM\\MiniApp-review\\flow-baseline\\datasetPopular\\安e赔\\__APP__/pages/advancePayUpload/advancePayUpload.js"},"to":{"name":"o","loc":{"line":42,"column":28},"id":2144445,"file":"D:\\WORK\\2022\\论文相关\\TOSEM\\MiniApp-review\\flow-baseline\\datasetPopular\\安e赔\\__APP__/pages/advancePayUpload/advancePayUpload.js"}},{"type":"to callee","from":{"name":"o","loc":{"line":42,"column":28},"id":2144445,"file":"D:\\WORK\\2022\\论文相关\\TOSEM\\MiniApp-review\\flow-baseline\\datasetPopular\\安e赔\\__APP__/pages/advancePayUpload/advancePayUpload.js"},"to":{"name":"e.showToast","loc":{"line":42,"column":16},"id":2144442,"file":"D:\\WORK\\2022\\论文相关\\TOSEM\\MiniApp-review\\flow-baseline\\datasetPopular\\安e赔\\__APP__/pages/advancePayUpload/advancePayUpload.js"}},{"type":"to callee","from":{"name":"o","loc":{"line":39,"column":33},"id":2144429,"file":"D:\\WORK\\2022\\论文相关\\TOSEM\\MiniApp-review\\flow-baseline\\datasetPopular\\安e赔\\__APP__/pages/advancePayUpload/advancePayUpload.js"},"to":{"name":"e.showToast","loc":{"line":39,"column":21},"id":2144426,"file":"D:\\WORK\\2022\\论文相关\\TOSEM\\MiniApp-review\\flow-baseline\\datasetPopular\\安e赔\\__APP__/pages/advancePayUpload/advancePayUpload.js"}}]},{"leftVar":[{"id":2144517,"declaredName":"o","declaredLoc":{"line":53,"column":12},"file":"/pages/advancePayUpload/advancePayUpload.js","type":"normal"}],"readFlow":[{"type":"assign to","from":{"name":"this","loc":{"line":53,"column":16},"id":2144518,"file":"D:\\WORK\\2022\\论文相关\\TOSEM\\MiniApp-review\\flow-baseline\\datasetPopular\\安e赔\\__APP__/pages/advancePayUpload/advancePayUpload.js"},"to":{"name":"o","loc":{"line":53,"column":12},"id":2144517,"file":"D:\\WORK\\2022\\论文相关\\TOSEM\\MiniApp-review\\flow-baseline\\datasetPopular\\安e赔\\__APP__/pages/advancePayUpload/advancePayUpload.js"}},{"type":"read","from":{"name":"o","loc":{"line":53,"column":12},"id":2144517,"file":"D:\\WORK\\2022\\论文相关\\TOSEM\\MiniApp-review\\flow-baseline\\datasetPopular\\安e赔\\__APP__/pages/advancePayUpload/advancePayUpload.js"},"to":{"name":"o","loc":{"line":69,"column":64},"id":2144621,"file":"D:\\WORK\\2022\\论文相关\\TOSEM\\MiniApp-review\\flow-baseline\\datasetPopular\\安e赔\\__APP__/pages/advancePayUpload/advancePayUpload.js"}},{"type":"to callee","from":{"name":"o","loc":{"line":69,"column":64},"id":2144621,"file":"D:\\WORK\\2022\\论文相关\\TOSEM\\MiniApp-review\\flow-baseline\\datasetPopular\\安e赔\\__APP__/pages/advancePayUpload/advancePayUpload.js"},"to":{"name":"e.showToast","loc":{"line":69,"column":52},"id":2144618,"file":"D:\\WORK\\2022\\论文相关\\TOSEM\\MiniApp-review\\flow-baseline\\datasetPopular\\安e赔\\__APP__/pages/advancePayUpload/advancePayUpload.js"}}]}]}],"writeShadows":[{"shadowVar":{"id":-174618,"declaredName":"__object__3.setData","file":"/pages/advancePayUpload/advancePayUpload.js","type":"normal"},"writeAccess":[]}]}]}]}