{"definedData":[],"dynamicDefinedData":[{"shadowObjectVar":"__object__7","dynamicDefinedProps":[{"propName":".setData","readShadows":[{"shadowVar":{"id":-174639,"declaredName":"__object__7.setData","file":"/pages/advancePayUploadDetail/advancePayUploadDetail.js","type":"normal"},"readAccess":[{"leftVar":[{"id":2144813,"declaredName":"e","declaredLoc":{"line":38,"column":12},"file":"/pages/advancePayUploadDetail/advancePayUploadDetail.js","type":"normal"}],"readFlow":[{"type":"assign to","from":{"name":"this","loc":{"line":38,"column":16},"id":2144814,"file":"D:\\WORK\\2022\\论文相关\\TOSEM\\MiniApp-review\\flow-baseline\\datasetPopular\\安e赔\\__APP__/pages/advancePayUploadDetail/advancePayUploadDetail.js"},"to":{"name":"e","loc":{"line":38,"column":12},"id":2144813,"file":"D:\\WORK\\2022\\论文相关\\TOSEM\\MiniApp-review\\flow-baseline\\datasetPopular\\安e赔\\__APP__/pages/advancePayUploadDetail/advancePayUploadDetail.js"}},{"type":"read","from":{"name":"e","loc":{"line":38,"column":12},"id":2144813,"file":"D:\\WORK\\2022\\论文相关\\TOSEM\\MiniApp-review\\flow-baseline\\datasetPopular\\安e赔\\__APP__/pages/advancePayUploadDetail/advancePayUploadDetail.js"},"to":{"name":"e","loc":{"line":61,"column":35},"id":2144971,"file":"D:\\WORK\\2022\\论文相关\\TOSEM\\MiniApp-review\\flow-baseline\\datasetPopular\\安e赔\\__APP__/pages/advancePayUploadDetail/advancePayUploadDetail.js"}},{"type":"read","from":{"name":"e","loc":{"line":38,"column":12},"id":2144813,"file":"D:\\WORK\\2022\\论文相关\\TOSEM\\MiniApp-review\\flow-baseline\\datasetPopular\\安e赔\\__APP__/pages/advancePayUploadDetail/advancePayUploadDetail.js"},"to":{"name":"e","loc":{"line":64,"column":28},"id":2144987,"file":"D:\\WORK\\2022\\论文相关\\TOSEM\\MiniApp-review\\flow-baseline\\datasetPopular\\安e赔\\__APP__/pages/advancePayUploadDetail/advancePayUploadDetail.js"}},{"type":"to callee","from":{"name":"e","loc":{"line":64,"column":28},"id":2144987,"file":"D:\\WORK\\2022\\论文相关\\TOSEM\\MiniApp-review\\flow-baseline\\datasetPopular\\安e赔\\__APP__/pages/advancePayUploadDetail/advancePayUploadDetail.js"},"to":{"name":"s.showToast","loc":{"line":64,"column":16},"id":2144984,"file":"D:\\WORK\\2022\\论文相关\\TOSEM\\MiniApp-review\\flow-baseline\\datasetPopular\\安e赔\\__APP__/pages/advancePayUploadDetail/advancePayUploadDetail.js"}},{"type":"to callee","from":{"name":"e","loc":{"line":61,"column":35},"id":2144971,"file":"D:\\WORK\\2022\\论文相关\\TOSEM\\MiniApp-review\\flow-baseline\\datasetPopular\\安e赔\\__APP__/pages/advancePayUploadDetail/advancePayUploadDetail.js"},"to":{"name":"s.showToast","loc":{"line":61,"column":23},"id":2144968,"file":"D:\\WORK\\2022\\论文相关\\TOSEM\\MiniApp-review\\flow-baseline\\datasetPopular\\安e赔\\__APP__/pages/advancePayUploadDetail/advancePayUploadDetail.js"}}]},{"leftVar":[{"id":2145119,"declaredName":"a","declaredLoc":{"line":77,"column":12},"file":"/pages/advancePayUploadDetail/advancePayUploadDetail.js","type":"normal"}],"readFlow":[{"type":"assign to","from":{"name":"this","loc":{"line":77,"column":16},"id":2145120,"file":"D:\\WORK\\2022\\论文相关\\TOSEM\\MiniApp-review\\flow-baseline\\datasetPopular\\安e赔\\__APP__/pages/advancePayUploadDetail/advancePayUploadDetail.js"},"to":{"name":"a","loc":{"line":77,"column":12},"id":2145119,"file":"D:\\WORK\\2022\\论文相关\\TOSEM\\MiniApp-review\\flow-baseline\\datasetPopular\\安e赔\\__APP__/pages/advancePayUploadDetail/advancePayUploadDetail.js"}}]},{"leftVar":[{"id":2145194,"declaredName":"e","declaredLoc":{"line":93,"column":12},"file":"/pages/advancePayUploadDetail/advancePayUploadDetail.js","type":"normal"}],"readFlow":[{"type":"assign to","from":{"name":"this","loc":{"line":93,"column":16},"id":2145195,"file":"D:\\WORK\\2022\\论文相关\\TOSEM\\MiniApp-review\\flow-baseline\\datasetPopular\\安e赔\\__APP__/pages/advancePayUploadDetail/advancePayUploadDetail.js"},"to":{"name":"e","loc":{"line":93,"column":12},"id":2145194,"file":"D:\\WORK\\2022\\论文相关\\TOSEM\\MiniApp-review\\flow-baseline\\datasetPopular\\安e赔\\__APP__/pages/advancePayUploadDetail/advancePayUploadDetail.js"}},{"type":"read","from":{"name":"e","loc":{"line":93,"column":12},"id":2145194,"file":"D:\\WORK\\2022\\论文相关\\TOSEM\\MiniApp-review\\flow-baseline\\datasetPopular\\安e赔\\__APP__/pages/advancePayUploadDetail/advancePayUploadDetail.js"},"to":{"name":"e","loc":{"line":105,"column":27},"id":2145296,"file":"D:\\WORK\\2022\\论文相关\\TOSEM\\MiniApp-review\\flow-baseline\\datasetPopular\\安e赔\\__APP__/pages/advancePayUploadDetail/advancePayUploadDetail.js"}},{"type":"to callee","from":{"name":"e","loc":{"line":105,"column":27},"id":2145296,"file":"D:\\WORK\\2022\\论文相关\\TOSEM\\MiniApp-review\\flow-baseline\\datasetPopular\\安e赔\\__APP__/pages/advancePayUploadDetail/advancePayUploadDetail.js"},"to":{"name":"s.showToast","loc":{"line":105,"column":15},"id":2145293,"file":"D:\\WORK\\2022\\论文相关\\TOSEM\\MiniApp-review\\flow-baseline\\datasetPopular\\安e赔\\__APP__/pages/advancePayUploadDetail/advancePayUploadDetail.js"}}]},{"leftVar":[{"id":2145305,"declaredName":"e","declaredLoc":{"line":108,"column":17},"file":"/pages/advancePayUploadDetail/advancePayUploadDetail.js","type":"normal"}],"readFlow":[{"type":"assign to","from":{"name":"this","loc":{"line":108,"column":21},"id":2145306,"file":"D:\\WORK\\2022\\论文相关\\TOSEM\\MiniApp-review\\flow-baseline\\datasetPopular\\安e赔\\__APP__/pages/advancePayUploadDetail/advancePayUploadDetail.js"},"to":{"name":"e","loc":{"line":108,"column":17},"id":2145305,"file":"D:\\WORK\\2022\\论文相关\\TOSEM\\MiniApp-review\\flow-baseline\\datasetPopular\\安e赔\\__APP__/pages/advancePayUploadDetail/advancePayUploadDetail.js"}},{"type":"read","from":{"name":"e","loc":{"line":108,"column":17},"id":2145305,"file":"D:\\WORK\\2022\\论文相关\\TOSEM\\MiniApp-review\\flow-baseline\\datasetPopular\\安e赔\\__APP__/pages/advancePayUploadDetail/advancePayUploadDetail.js"},"to":{"name":"e","loc":{"line":125,"column":80},"id":2145439,"file":"D:\\WORK\\2022\\论文相关\\TOSEM\\MiniApp-review\\flow-baseline\\datasetPopular\\安e赔\\__APP__/pages/advancePayUploadDetail/advancePayUploadDetail.js"}},{"type":"read","from":{"name":"e","loc":{"line":108,"column":17},"id":2145305,"file":"D:\\WORK\\2022\\论文相关\\TOSEM\\MiniApp-review\\flow-baseline\\datasetPopular\\安e赔\\__APP__/pages/advancePayUploadDetail/advancePayUploadDetail.js"},"to":{"name":"e","loc":{"line":141,"column":53},"id":2145519,"file":"D:\\WORK\\2022\\论文相关\\TOSEM\\MiniApp-review\\flow-baseline\\datasetPopular\\安e赔\\__APP__/pages/advancePayUploadDetail/advancePayUploadDetail.js"}},{"type":"to callee","from":{"name":"e","loc":{"line":141,"column":53},"id":2145519,"file":"D:\\WORK\\2022\\论文相关\\TOSEM\\MiniApp-review\\flow-baseline\\datasetPopular\\安e赔\\__APP__/pages/advancePayUploadDetail/advancePayUploadDetail.js"},"to":{"name":"s.showToast","loc":{"line":141,"column":41},"id":2145516,"file":"D:\\WORK\\2022\\论文相关\\TOSEM\\MiniApp-review\\flow-baseline\\datasetPopular\\安e赔\\__APP__/pages/advancePayUploadDetail/advancePayUploadDetail.js"}},{"type":"to callee","from":{"name":"e","loc":{"line":125,"column":80},"id":2145439,"file":"D:\\WORK\\2022\\论文相关\\TOSEM\\MiniApp-review\\flow-baseline\\datasetPopular\\安e赔\\__APP__/pages/advancePayUploadDetail/advancePayUploadDetail.js"},"to":{"name":"s.showToast","loc":{"line":125,"column":68},"id":2145436,"file":"D:\\WORK\\2022\\论文相关\\TOSEM\\MiniApp-review\\flow-baseline\\datasetPopular\\安e赔\\__APP__/pages/advancePayUploadDetail/advancePayUploadDetail.js"}}]},{"leftVar":[{"id":2145532,"declaredName":"a","declaredLoc":{"line":145,"column":12},"file":"/pages/advancePayUploadDetail/advancePayUploadDetail.js","type":"normal"}],"readFlow":[{"type":"assign to","from":{"name":"this","loc":{"line":145,"column":16},"id":2145533,"file":"D:\\WORK\\2022\\论文相关\\TOSEM\\MiniApp-review\\flow-baseline\\datasetPopular\\安e赔\\__APP__/pages/advancePayUploadDetail/advancePayUploadDetail.js"},"to":{"name":"a","loc":{"line":145,"column":12},"id":2145532,"file":"D:\\WORK\\2022\\论文相关\\TOSEM\\MiniApp-review\\flow-baseline\\datasetPopular\\安e赔\\__APP__/pages/advancePayUploadDetail/advancePayUploadDetail.js"}},{"type":"read","from":{"name":"a","loc":{"line":145,"column":12},"id":2145532,"file":"D:\\WORK\\2022\\论文相关\\TOSEM\\MiniApp-review\\flow-baseline\\datasetPopular\\安e赔\\__APP__/pages/advancePayUploadDetail/advancePayUploadDetail.js"},"to":{"name":"a","loc":{"line":175,"column":32},"id":2145741,"file":"D:\\WORK\\2022\\论文相关\\TOSEM\\MiniApp-review\\flow-baseline\\datasetPopular\\安e赔\\__APP__/pages/advancePayUploadDetail/advancePayUploadDetail.js"}},{"type":"read","from":{"name":"a","loc":{"line":145,"column":12},"id":2145532,"file":"D:\\WORK\\2022\\论文相关\\TOSEM\\MiniApp-review\\flow-baseline\\datasetPopular\\安e赔\\__APP__/pages/advancePayUploadDetail/advancePayUploadDetail.js"},"to":{"name":"a","loc":{"line":165,"column":77},"id":2145676,"file":"D:\\WORK\\2022\\论文相关\\TOSEM\\MiniApp-review\\flow-baseline\\datasetPopular\\安e赔\\__APP__/pages/advancePayUploadDetail/advancePayUploadDetail.js"}},{"type":"read","from":{"name":"a","loc":{"line":145,"column":12},"id":2145532,"file":"D:\\WORK\\2022\\论文相关\\TOSEM\\MiniApp-review\\flow-baseline\\datasetPopular\\安e赔\\__APP__/pages/advancePayUploadDetail/advancePayUploadDetail.js"},"to":{"name":"a","loc":{"line":165,"column":118},"id":2145690,"file":"D:\\WORK\\2022\\论文相关\\TOSEM\\MiniApp-review\\flow-baseline\\datasetPopular\\安e赔\\__APP__/pages/advancePayUploadDetail/advancePayUploadDetail.js"}},{"type":"read","from":{"name":"a","loc":{"line":145,"column":12},"id":2145532,"file":"D:\\WORK\\2022\\论文相关\\TOSEM\\MiniApp-review\\flow-baseline\\datasetPopular\\安e赔\\__APP__/pages/advancePayUploadDetail/advancePayUploadDetail.js"},"to":{"name":"a","loc":{"line":169,"column":40},"id":2145712,"file":"D:\\WORK\\2022\\论文相关\\TOSEM\\MiniApp-review\\flow-baseline\\datasetPopular\\安e赔\\__APP__/pages/advancePayUploadDetail/advancePayUploadDetail.js"}},{"type":"to callee","from":{"name":"a","loc":{"line":169,"column":40},"id":2145712,"file":"D:\\WORK\\2022\\论文相关\\TOSEM\\MiniApp-review\\flow-baseline\\datasetPopular\\安e赔\\__APP__/pages/advancePayUploadDetail/advancePayUploadDetail.js"},"to":{"name":"s.showToast","loc":{"line":169,"column":28},"id":2145709,"file":"D:\\WORK\\2022\\论文相关\\TOSEM\\MiniApp-review\\flow-baseline\\datasetPopular\\安e赔\\__APP__/pages/advancePayUploadDetail/advancePayUploadDetail.js"}},{"type":"to callee","from":{"name":"a","loc":{"line":165,"column":118},"id":2145690,"file":"D:\\WORK\\2022\\论文相关\\TOSEM\\MiniApp-review\\flow-baseline\\datasetPopular\\安e赔\\__APP__/pages/advancePayUploadDetail/advancePayUploadDetail.js"},"to":{"name":"s.showToast","loc":{"line":165,"column":106},"id":2145687,"file":"D:\\WORK\\2022\\论文相关\\TOSEM\\MiniApp-review\\flow-baseline\\datasetPopular\\安e赔\\__APP__/pages/advancePayUploadDetail/advancePayUploadDetail.js"}},{"type":"to callee","from":{"name":"a","loc":{"line":165,"column":77},"id":2145676,"file":"D:\\WORK\\2022\\论文相关\\TOSEM\\MiniApp-review\\flow-baseline\\datasetPopular\\安e赔\\__APP__/pages/advancePayUploadDetail/advancePayUploadDetail.js"},"to":{"name":"s.showToast","loc":{"line":165,"column":65},"id":2145673,"file":"D:\\WORK\\2022\\论文相关\\TOSEM\\MiniApp-review\\flow-baseline\\datasetPopular\\安e赔\\__APP__/pages/advancePayUploadDetail/advancePayUploadDetail.js"}},{"type":"to callee","from":{"name":"a","loc":{"line":175,"column":32},"id":2145741,"file":"D:\\WORK\\2022\\论文相关\\TOSEM\\MiniApp-review\\flow-baseline\\datasetPopular\\安e赔\\__APP__/pages/advancePayUploadDetail/advancePayUploadDetail.js"},"to":{"name":"s.showToast","loc":{"line":175,"column":20},"id":2145738,"file":"D:\\WORK\\2022\\论文相关\\TOSEM\\MiniApp-review\\flow-baseline\\datasetPopular\\安e赔\\__APP__/pages/advancePayUploadDetail/advancePayUploadDetail.js"}}]},{"leftVar":[{"id":2145877,"declaredName":"a","declaredLoc":{"line":193,"column":12},"file":"/pages/advancePayUploadDetail/advancePayUploadDetail.js","type":"normal"}],"readFlow":[{"type":"assign to","from":{"name":"this","loc":{"line":193,"column":16},"id":2145878,"file":"D:\\WORK\\2022\\论文相关\\TOSEM\\MiniApp-review\\flow-baseline\\datasetPopular\\安e赔\\__APP__/pages/advancePayUploadDetail/advancePayUploadDetail.js"},"to":{"name":"a","loc":{"line":193,"column":12},"id":2145877,"file":"D:\\WORK\\2022\\论文相关\\TOSEM\\MiniApp-review\\flow-baseline\\datasetPopular\\安e赔\\__APP__/pages/advancePayUploadDetail/advancePayUploadDetail.js"}},{"type":"read","from":{"name":"a","loc":{"line":193,"column":12},"id":2145877,"file":"D:\\WORK\\2022\\论文相关\\TOSEM\\MiniApp-review\\flow-baseline\\datasetPopular\\安e赔\\__APP__/pages/advancePayUploadDetail/advancePayUploadDetail.js"},"to":{"name":"a","loc":{"line":214,"column":33},"id":2146026,"file":"D:\\WORK\\2022\\论文相关\\TOSEM\\MiniApp-review\\flow-baseline\\datasetPopular\\安e赔\\__APP__/pages/advancePayUploadDetail/advancePayUploadDetail.js"}},{"type":"read","from":{"name":"a","loc":{"line":193,"column":12},"id":2145877,"file":"D:\\WORK\\2022\\论文相关\\TOSEM\\MiniApp-review\\flow-baseline\\datasetPopular\\安e赔\\__APP__/pages/advancePayUploadDetail/advancePayUploadDetail.js"},"to":{"name":"a","loc":{"line":217,"column":28},"id":2146045,"file":"D:\\WORK\\2022\\论文相关\\TOSEM\\MiniApp-review\\flow-baseline\\datasetPopular\\安e赔\\__APP__/pages/advancePayUploadDetail/advancePayUploadDetail.js"}},{"type":"to callee","from":{"name":"a","loc":{"line":217,"column":28},"id":2146045,"file":"D:\\WORK\\2022\\论文相关\\TOSEM\\MiniApp-review\\flow-baseline\\datasetPopular\\安e赔\\__APP__/pages/advancePayUploadDetail/advancePayUploadDetail.js"},"to":{"name":"s.showToast","loc":{"line":217,"column":16},"id":2146042,"file":"D:\\WORK\\2022\\论文相关\\TOSEM\\MiniApp-review\\flow-baseline\\datasetPopular\\安e赔\\__APP__/pages/advancePayUploadDetail/advancePayUploadDetail.js"}},{"type":"to callee","from":{"name":"a","loc":{"line":214,"column":33},"id":2146026,"file":"D:\\WORK\\2022\\论文相关\\TOSEM\\MiniApp-review\\flow-baseline\\datasetPopular\\安e赔\\__APP__/pages/advancePayUploadDetail/advancePayUploadDetail.js"},"to":{"name":"s.showToast","loc":{"line":214,"column":21},"id":2146023,"file":"D:\\WORK\\2022\\论文相关\\TOSEM\\MiniApp-review\\flow-baseline\\datasetPopular\\安e赔\\__APP__/pages/advancePayUploadDetail/advancePayUploadDetail.js"}}]}]}],"writeShadows":[{"shadowVar":{"id":-174639,"declaredName":"__object__7.setData","file":"/pages/advancePayUploadDetail/advancePayUploadDetail.js","type":"normal"},"writeAccess":[]}]},{"propName":".base64Img","readShadows":[{"shadowVar":{"id":2145006,"declaredName":"__object__7.base64Img","declaredLoc":{"line":71,"column":4},"file":"/pages/advancePayUploadDetail/advancePayUploadDetail.js","type":"normal"},"readAccess":[{"leftVar":[{"id":2144934,"declaredName":"t","declaredLoc":{"line":56,"column":24},"file":"/pages/advancePayUploadDetail/advancePayUploadDetail.js","type":"normal"}],"readFlow":[{"type":"assign to","from":{"name":"e.base64Img","loc":{"line":56,"column":28},"id":2144936,"file":"D:\\WORK\\2022\\论文相关\\TOSEM\\MiniApp-review\\flow-baseline\\datasetPopular\\安e赔\\__APP__/pages/advancePayUploadDetail/advancePayUploadDetail.js"},"to":{"name":"t","loc":{"line":56,"column":24},"id":2144934,"file":"D:\\WORK\\2022\\论文相关\\TOSEM\\MiniApp-review\\flow-baseline\\datasetPopular\\安e赔\\__APP__/pages/advancePayUploadDetail/advancePayUploadDetail.js"}},{"type":"read","from":{"name":"t","loc":{"line":56,"column":24},"id":2144934,"file":"D:\\WORK\\2022\\论文相关\\TOSEM\\MiniApp-review\\flow-baseline\\datasetPopular\\安e赔\\__APP__/pages/advancePayUploadDetail/advancePayUploadDetail.js"},"to":{"name":"t","loc":{"line":58,"column":39},"id":2144953,"file":"D:\\WORK\\2022\\论文相关\\TOSEM\\MiniApp-review\\flow-baseline\\datasetPopular\\安e赔\\__APP__/pages/advancePayUploadDetail/advancePayUploadDetail.js"}},{"type":"assign to","from":{"name":"t","loc":{"line":58,"column":39},"id":2144953,"file":"D:\\WORK\\2022\\论文相关\\TOSEM\\MiniApp-review\\flow-baseline\\datasetPopular\\安e赔\\__APP__/pages/advancePayUploadDetail/advancePayUploadDetail.js"},"to":{"name":"uploadDetails","loc":{"line":58,"column":24},"id":2144952,"file":"D:\\WORK\\2022\\论文相关\\TOSEM\\MiniApp-review\\flow-baseline\\datasetPopular\\安e赔\\__APP__/pages/advancePayUploadDetail/advancePayUploadDetail.js"}},{"type":"to callee","from":{"name":"uploadDetails","loc":{"line":58,"column":24},"id":2144952,"file":"D:\\WORK\\2022\\论文相关\\TOSEM\\MiniApp-review\\flow-baseline\\datasetPopular\\安e赔\\__APP__/pages/advancePayUploadDetail/advancePayUploadDetail.js"},"to":{"name":"e.setData","loc":{"line":57,"column":20},"id":2144947,"file":"D:\\WORK\\2022\\论文相关\\TOSEM\\MiniApp-review\\flow-baseline\\datasetPopular\\安e赔\\__APP__/pages/advancePayUploadDetail/advancePayUploadDetail.js"}}]}]}],"writeShadows":[{"shadowVar":{"id":2145006,"declaredName":"__object__7.base64Img","declaredLoc":{"line":71,"column":4},"file":"/pages/advancePayUploadDetail/advancePayUploadDetail.js","type":"normal"},"writeAccess":[]}]},{"propName":".sampleImgToBase64","readShadows":[{"shadowVar":{"id":2146057,"declaredName":"__object__7.sampleImgToBase64","declaredLoc":{"line":221,"column":4},"file":"/pages/advancePayUploadDetail/advancePayUploadDetail.js","type":"normal"},"readAccess":[{"leftVar":[{"id":2145997,"declaredName":"__object__210.sampleDescriptionList","declaredLoc":{"line":211,"column":20},"file":"/pages/advancePayUploadDetail/advancePayUploadDetail.js","type":"normal"}],"readFlow":[{"type":"assign to","from":{"name":"a.sampleImgToBase64","loc":{"line":211,"column":43},"id":2145999,"file":"D:\\WORK\\2022\\论文相关\\TOSEM\\MiniApp-review\\flow-baseline\\datasetPopular\\安e赔\\__APP__/pages/advancePayUploadDetail/advancePayUploadDetail.js"},"to":{"name":"sampleDescriptionList","loc":{"line":211,"column":20},"id":2145997,"file":"D:\\WORK\\2022\\论文相关\\TOSEM\\MiniApp-review\\flow-baseline\\datasetPopular\\安e赔\\__APP__/pages/advancePayUploadDetail/advancePayUploadDetail.js"}},{"type":"to callee","from":{"name":"sampleDescriptionList","loc":{"line":211,"column":20},"id":2145997,"file":"D:\\WORK\\2022\\论文相关\\TOSEM\\MiniApp-review\\flow-baseline\\datasetPopular\\安e赔\\__APP__/pages/advancePayUploadDetail/advancePayUploadDetail.js"},"to":{"name":"a.setData","loc":{"line":210,"column":70},"id":2145992,"file":"D:\\WORK\\2022\\论文相关\\TOSEM\\MiniApp-review\\flow-baseline\\datasetPopular\\安e赔\\__APP__/pages/advancePayUploadDetail/advancePayUploadDetail.js"}}]}]}],"writeShadows":[{"shadowVar":{"id":2146057,"declaredName":"__object__7.sampleImgToBase64","declaredLoc":{"line":221,"column":4},"file":"/pages/advancePayUploadDetail/advancePayUploadDetail.js","type":"normal"},"writeAccess":[]}]}]}]}