{"definedData":[],"dynamicDefinedData":[{"shadowObjectVar":"__object__3","dynamicDefinedProps":[{"propName":".setData","readShadows":[{"shadowVar":{"id":-174685,"declaredName":"__object__3.setData","file":"/pages/anySign/anySign.js","type":"normal"},"readAccess":[{"leftVar":[{"id":2146878,"declaredName":"e","declaredLoc":{"line":104,"column":12},"file":"/pages/anySign/anySign.js","type":"normal"}],"readFlow":[{"type":"assign to","from":{"name":"this","loc":{"line":104,"column":16},"id":2146879,"file":"D:\\WORK\\2022\\论文相关\\TOSEM\\MiniApp-review\\flow-baseline\\datasetPopular\\安e赔\\__APP__/pages/anySign/anySign.js"},"to":{"name":"e","loc":{"line":104,"column":12},"id":2146878,"file":"D:\\WORK\\2022\\论文相关\\TOSEM\\MiniApp-review\\flow-baseline\\datasetPopular\\安e赔\\__APP__/pages/anySign/anySign.js"}}]},{"leftVar":[{"id":2146980,"declaredName":"a","declaredLoc":{"line":123,"column":12},"file":"/pages/anySign/anySign.js","type":"normal"}],"readFlow":[{"type":"assign to","from":{"name":"this","loc":{"line":123,"column":16},"id":2146981,"file":"D:\\WORK\\2022\\论文相关\\TOSEM\\MiniApp-review\\flow-baseline\\datasetPopular\\安e赔\\__APP__/pages/anySign/anySign.js"},"to":{"name":"a","loc":{"line":123,"column":12},"id":2146980,"file":"D:\\WORK\\2022\\论文相关\\TOSEM\\MiniApp-review\\flow-baseline\\datasetPopular\\安e赔\\__APP__/pages/anySign/anySign.js"}},{"type":"read","from":{"name":"a","loc":{"line":123,"column":12},"id":2146980,"file":"D:\\WORK\\2022\\论文相关\\TOSEM\\MiniApp-review\\flow-baseline\\datasetPopular\\安e赔\\__APP__/pages/anySign/anySign.js"},"to":{"name":"a","loc":{"line":153,"column":54},"id":2147174,"file":"D:\\WORK\\2022\\论文相关\\TOSEM\\MiniApp-review\\flow-baseline\\datasetPopular\\安e赔\\__APP__/pages/anySign/anySign.js"}},{"type":"to callee","from":{"name":"a","loc":{"line":153,"column":54},"id":2147174,"file":"D:\\WORK\\2022\\论文相关\\TOSEM\\MiniApp-review\\flow-baseline\\datasetPopular\\安e赔\\__APP__/pages/anySign/anySign.js"},"to":{"name":"i.showToast","loc":{"line":153,"column":42},"id":2147171,"file":"D:\\WORK\\2022\\论文相关\\TOSEM\\MiniApp-review\\flow-baseline\\datasetPopular\\安e赔\\__APP__/pages/anySign/anySign.js"}}]},{"leftVar":[{"id":2147214,"declaredName":"a","declaredLoc":{"line":165,"column":12},"file":"/pages/anySign/anySign.js","type":"normal"}],"readFlow":[{"type":"assign to","from":{"name":"this","loc":{"line":165,"column":16},"id":2147215,"file":"D:\\WORK\\2022\\论文相关\\TOSEM\\MiniApp-review\\flow-baseline\\datasetPopular\\安e赔\\__APP__/pages/anySign/anySign.js"},"to":{"name":"a","loc":{"line":165,"column":12},"id":2147214,"file":"D:\\WORK\\2022\\论文相关\\TOSEM\\MiniApp-review\\flow-baseline\\datasetPopular\\安e赔\\__APP__/pages/anySign/anySign.js"}},{"type":"read","from":{"name":"a","loc":{"line":165,"column":12},"id":2147214,"file":"D:\\WORK\\2022\\论文相关\\TOSEM\\MiniApp-review\\flow-baseline\\datasetPopular\\安e赔\\__APP__/pages/anySign/anySign.js"},"to":{"name":"a","loc":{"line":202,"column":100},"id":2147504,"file":"D:\\WORK\\2022\\论文相关\\TOSEM\\MiniApp-review\\flow-baseline\\datasetPopular\\安e赔\\__APP__/pages/anySign/anySign.js"}},{"type":"to callee","from":{"name":"a","loc":{"line":202,"column":100},"id":2147504,"file":"D:\\WORK\\2022\\论文相关\\TOSEM\\MiniApp-review\\flow-baseline\\datasetPopular\\安e赔\\__APP__/pages/anySign/anySign.js"},"to":{"name":"console.log","loc":{"line":202,"column":79},"id":2147500,"file":"D:\\WORK\\2022\\论文相关\\TOSEM\\MiniApp-review\\flow-baseline\\datasetPopular\\安e赔\\__APP__/pages/anySign/anySign.js","sink":true}}]},{"leftVar":[{"id":2147581,"declaredName":"e","declaredLoc":{"line":222,"column":12},"file":"/pages/anySign/anySign.js","type":"normal"}],"readFlow":[{"type":"assign to","from":{"name":"this","loc":{"line":222,"column":16},"id":2147582,"file":"D:\\WORK\\2022\\论文相关\\TOSEM\\MiniApp-review\\flow-baseline\\datasetPopular\\安e赔\\__APP__/pages/anySign/anySign.js"},"to":{"name":"e","loc":{"line":222,"column":12},"id":2147581,"file":"D:\\WORK\\2022\\论文相关\\TOSEM\\MiniApp-review\\flow-baseline\\datasetPopular\\安e赔\\__APP__/pages/anySign/anySign.js"}}]},{"leftVar":[{"id":2147675,"declaredName":"a","declaredLoc":{"line":239,"column":12},"file":"/pages/anySign/anySign.js","type":"normal"}],"readFlow":[{"type":"assign to","from":{"name":"this","loc":{"line":239,"column":16},"id":2147676,"file":"D:\\WORK\\2022\\论文相关\\TOSEM\\MiniApp-review\\flow-baseline\\datasetPopular\\安e赔\\__APP__/pages/anySign/anySign.js"},"to":{"name":"a","loc":{"line":239,"column":12},"id":2147675,"file":"D:\\WORK\\2022\\论文相关\\TOSEM\\MiniApp-review\\flow-baseline\\datasetPopular\\安e赔\\__APP__/pages/anySign/anySign.js"}}]}]}],"writeShadows":[{"shadowVar":{"id":-174685,"declaredName":"__object__3.setData","file":"/pages/anySign/anySign.js","type":"normal"},"writeAccess":[]}]}]}]}