{"definedData":[],"dynamicDefinedData":[{"shadowObjectVar":"__object__3","dynamicDefinedProps":[{"propName":".setData","readShadows":[{"shadowVar":{"id":-174741,"declaredName":"__object__3.setData","file":"/pages/casesState/casesState.js","type":"normal"},"readAccess":[{"leftVar":[{"id":2148265,"declaredName":"a","declaredLoc":{"line":19,"column":12},"file":"/pages/casesState/casesState.js","type":"normal"}],"readFlow":[{"type":"assign to","from":{"name":"this","loc":{"line":19,"column":16},"id":2148266,"file":"D:\\WORK\\2022\\论文相关\\TOSEM\\MiniApp-review\\flow-baseline\\datasetPopular\\安e赔\\__APP__/pages/casesState/casesState.js"},"to":{"name":"a","loc":{"line":19,"column":12},"id":2148265,"file":"D:\\WORK\\2022\\论文相关\\TOSEM\\MiniApp-review\\flow-baseline\\datasetPopular\\安e赔\\__APP__/pages/casesState/casesState.js"}}]}]}],"writeShadows":[{"shadowVar":{"id":-174741,"declaredName":"__object__3.setData","file":"/pages/casesState/casesState.js","type":"normal"},"writeAccess":[]}]}]}]}