{"definedData":[],"dynamicDefinedData":[{"shadowObjectVar":"__object__5","dynamicDefinedProps":[{"propName":".setData","readShadows":[{"shadowVar":{"id":-174757,"declaredName":"__object__5.setData","file":"/pages/checkAndCode/checkAndCode.js","type":"normal"},"readAccess":[{"leftVar":[{"id":2148640,"declaredName":"a","declaredLoc":{"line":54,"column":12},"file":"/pages/checkAndCode/checkAndCode.js","type":"normal"}],"readFlow":[{"type":"assign to","from":{"name":"this","loc":{"line":54,"column":16},"id":2148641,"file":"D:\\WORK\\2022\\论文相关\\TOSEM\\MiniApp-review\\flow-baseline\\datasetPopular\\安e赔\\__APP__/pages/checkAndCode/checkAndCode.js"},"to":{"name":"a","loc":{"line":54,"column":12},"id":2148640,"file":"D:\\WORK\\2022\\论文相关\\TOSEM\\MiniApp-review\\flow-baseline\\datasetPopular\\安e赔\\__APP__/pages/checkAndCode/checkAndCode.js"}}]},{"leftVar":[{"id":2148821,"declaredName":"a","declaredLoc":{"line":86,"column":12},"file":"/pages/checkAndCode/checkAndCode.js","type":"normal"}],"readFlow":[{"type":"assign to","from":{"name":"this","loc":{"line":86,"column":16},"id":2148822,"file":"D:\\WORK\\2022\\论文相关\\TOSEM\\MiniApp-review\\flow-baseline\\datasetPopular\\安e赔\\__APP__/pages/checkAndCode/checkAndCode.js"},"to":{"name":"a","loc":{"line":86,"column":12},"id":2148821,"file":"D:\\WORK\\2022\\论文相关\\TOSEM\\MiniApp-review\\flow-baseline\\datasetPopular\\安e赔\\__APP__/pages/checkAndCode/checkAndCode.js"}},{"type":"read","from":{"name":"a","loc":{"line":86,"column":12},"id":2148821,"file":"D:\\WORK\\2022\\论文相关\\TOSEM\\MiniApp-review\\flow-baseline\\datasetPopular\\安e赔\\__APP__/pages/checkAndCode/checkAndCode.js"},"to":{"name":"a","loc":{"line":119,"column":22},"id":2149016,"file":"D:\\WORK\\2022\\论文相关\\TOSEM\\MiniApp-review\\flow-baseline\\datasetPopular\\安e赔\\__APP__/pages/checkAndCode/checkAndCode.js"}},{"type":"read","from":{"name":"a","loc":{"line":86,"column":12},"id":2148821,"file":"D:\\WORK\\2022\\论文相关\\TOSEM\\MiniApp-review\\flow-baseline\\datasetPopular\\安e赔\\__APP__/pages/checkAndCode/checkAndCode.js"},"to":{"name":"a","loc":{"line":133,"column":36},"id":2149082,"file":"D:\\WORK\\2022\\论文相关\\TOSEM\\MiniApp-review\\flow-baseline\\datasetPopular\\安e赔\\__APP__/pages/checkAndCode/checkAndCode.js"}},{"type":"to callee","from":{"name":"a","loc":{"line":133,"column":36},"id":2149082,"file":"D:\\WORK\\2022\\论文相关\\TOSEM\\MiniApp-review\\flow-baseline\\datasetPopular\\安e赔\\__APP__/pages/checkAndCode/checkAndCode.js"},"to":{"name":"e.showToast","loc":{"line":133,"column":24},"id":2149079,"file":"D:\\WORK\\2022\\论文相关\\TOSEM\\MiniApp-review\\flow-baseline\\datasetPopular\\安e赔\\__APP__/pages/checkAndCode/checkAndCode.js"}},{"type":"to callee","from":{"name":"a","loc":{"line":119,"column":22},"id":2149016,"file":"D:\\WORK\\2022\\论文相关\\TOSEM\\MiniApp-review\\flow-baseline\\datasetPopular\\安e赔\\__APP__/pages/checkAndCode/checkAndCode.js"},"to":{"name":"e","loc":{"line":108,"column":70},"id":2148961,"file":"D:\\WORK\\2022\\论文相关\\TOSEM\\MiniApp-review\\flow-baseline\\datasetPopular\\安e赔\\__APP__/pages/checkAndCode/checkAndCode.js"}},{"type":"read","from":{"name":"a","loc":{"line":119,"column":22},"id":2149016,"file":"D:\\WORK\\2022\\论文相关\\TOSEM\\MiniApp-review\\flow-baseline\\datasetPopular\\安e赔\\__APP__/pages/checkAndCode/checkAndCode.js"},"to":{"name":"a.setData","loc":{"line":119,"column":26},"id":2149018,"file":"D:\\WORK\\2022\\论文相关\\TOSEM\\MiniApp-review\\flow-baseline\\datasetPopular\\安e赔\\__APP__/pages/checkAndCode/checkAndCode.js"}}]},{"leftVar":[{"id":2149107,"declaredName":"a","declaredLoc":{"line":143,"column":12},"file":"/pages/checkAndCode/checkAndCode.js","type":"normal"}],"readFlow":[{"type":"assign to","from":{"name":"this","loc":{"line":143,"column":16},"id":2149108,"file":"D:\\WORK\\2022\\论文相关\\TOSEM\\MiniApp-review\\flow-baseline\\datasetPopular\\安e赔\\__APP__/pages/checkAndCode/checkAndCode.js"},"to":{"name":"a","loc":{"line":143,"column":12},"id":2149107,"file":"D:\\WORK\\2022\\论文相关\\TOSEM\\MiniApp-review\\flow-baseline\\datasetPopular\\安e赔\\__APP__/pages/checkAndCode/checkAndCode.js"}}]},{"leftVar":[{"id":2149303,"declaredName":"a","declaredLoc":{"line":175,"column":12},"file":"/pages/checkAndCode/checkAndCode.js","type":"normal"}],"readFlow":[{"type":"assign to","from":{"name":"this","loc":{"line":175,"column":16},"id":2149304,"file":"D:\\WORK\\2022\\论文相关\\TOSEM\\MiniApp-review\\flow-baseline\\datasetPopular\\安e赔\\__APP__/pages/checkAndCode/checkAndCode.js"},"to":{"name":"a","loc":{"line":175,"column":12},"id":2149303,"file":"D:\\WORK\\2022\\论文相关\\TOSEM\\MiniApp-review\\flow-baseline\\datasetPopular\\安e赔\\__APP__/pages/checkAndCode/checkAndCode.js"}}]},{"leftVar":[{"id":2149500,"declaredName":"a","declaredLoc":{"line":210,"column":12},"file":"/pages/checkAndCode/checkAndCode.js","type":"normal"}],"readFlow":[{"type":"assign to","from":{"name":"this","loc":{"line":210,"column":16},"id":2149501,"file":"D:\\WORK\\2022\\论文相关\\TOSEM\\MiniApp-review\\flow-baseline\\datasetPopular\\安e赔\\__APP__/pages/checkAndCode/checkAndCode.js"},"to":{"name":"a","loc":{"line":210,"column":12},"id":2149500,"file":"D:\\WORK\\2022\\论文相关\\TOSEM\\MiniApp-review\\flow-baseline\\datasetPopular\\安e赔\\__APP__/pages/checkAndCode/checkAndCode.js"}}]}]}],"writeShadows":[{"shadowVar":{"id":-174757,"declaredName":"__object__5.setData","file":"/pages/checkAndCode/checkAndCode.js","type":"normal"},"writeAccess":[]}]}]}]}