{"definedData":[],"dynamicDefinedData":[{"shadowObjectVar":"__object__4","dynamicDefinedProps":[{"propName":".setData","readShadows":[{"shadowVar":{"id":-174788,"declaredName":"__object__4.setData","file":"/pages/deposit/deposit.js","type":"normal"},"readAccess":[{"leftVar":[{"id":2149695,"declaredName":"o","declaredLoc":{"line":38,"column":12},"file":"/pages/deposit/deposit.js","type":"normal"}],"readFlow":[{"type":"assign to","from":{"name":"this","loc":{"line":38,"column":16},"id":2149696,"file":"D:\\WORK\\2022\\论文相关\\TOSEM\\MiniApp-review\\flow-baseline\\datasetPopular\\安e赔\\__APP__/pages/deposit/deposit.js"},"to":{"name":"o","loc":{"line":38,"column":12},"id":2149695,"file":"D:\\WORK\\2022\\论文相关\\TOSEM\\MiniApp-review\\flow-baseline\\datasetPopular\\安e赔\\__APP__/pages/deposit/deposit.js"}}]},{"leftVar":[{"id":2149843,"declaredName":"o","declaredLoc":{"line":60,"column":12},"file":"/pages/deposit/deposit.js","type":"normal"}],"readFlow":[{"type":"assign to","from":{"name":"this","loc":{"line":60,"column":16},"id":2149844,"file":"D:\\WORK\\2022\\论文相关\\TOSEM\\MiniApp-review\\flow-baseline\\datasetPopular\\安e赔\\__APP__/pages/deposit/deposit.js"},"to":{"name":"o","loc":{"line":60,"column":12},"id":2149843,"file":"D:\\WORK\\2022\\论文相关\\TOSEM\\MiniApp-review\\flow-baseline\\datasetPopular\\安e赔\\__APP__/pages/deposit/deposit.js"}}]},{"leftVar":[{"id":2150015,"declaredName":"o","declaredLoc":{"line":91,"column":12},"file":"/pages/deposit/deposit.js","type":"normal"}],"readFlow":[{"type":"assign to","from":{"name":"this","loc":{"line":91,"column":16},"id":2150016,"file":"D:\\WORK\\2022\\论文相关\\TOSEM\\MiniApp-review\\flow-baseline\\datasetPopular\\安e赔\\__APP__/pages/deposit/deposit.js"},"to":{"name":"o","loc":{"line":91,"column":12},"id":2150015,"file":"D:\\WORK\\2022\\论文相关\\TOSEM\\MiniApp-review\\flow-baseline\\datasetPopular\\安e赔\\__APP__/pages/deposit/deposit.js"}}]},{"leftVar":[{"id":2150252,"declaredName":"o","declaredLoc":{"line":122,"column":12},"file":"/pages/deposit/deposit.js","type":"normal"}],"readFlow":[{"type":"assign to","from":{"name":"this","loc":{"line":122,"column":16},"id":2150253,"file":"D:\\WORK\\2022\\论文相关\\TOSEM\\MiniApp-review\\flow-baseline\\datasetPopular\\安e赔\\__APP__/pages/deposit/deposit.js"},"to":{"name":"o","loc":{"line":122,"column":12},"id":2150252,"file":"D:\\WORK\\2022\\论文相关\\TOSEM\\MiniApp-review\\flow-baseline\\datasetPopular\\安e赔\\__APP__/pages/deposit/deposit.js"}}]},{"leftVar":[{"id":2150459,"declaredName":"a","declaredLoc":{"line":157,"column":12},"file":"/pages/deposit/deposit.js","type":"normal"}],"readFlow":[{"type":"assign to","from":{"name":"this","loc":{"line":157,"column":16},"id":2150460,"file":"D:\\WORK\\2022\\论文相关\\TOSEM\\MiniApp-review\\flow-baseline\\datasetPopular\\安e赔\\__APP__/pages/deposit/deposit.js"},"to":{"name":"a","loc":{"line":157,"column":12},"id":2150459,"file":"D:\\WORK\\2022\\论文相关\\TOSEM\\MiniApp-review\\flow-baseline\\datasetPopular\\安e赔\\__APP__/pages/deposit/deposit.js"}}]},{"leftVar":[{"id":2150496,"declaredName":"s","declaredLoc":{"line":168,"column":12},"file":"/pages/deposit/deposit.js","type":"normal"}],"readFlow":[{"type":"assign to","from":{"name":"this","loc":{"line":168,"column":16},"id":2150497,"file":"D:\\WORK\\2022\\论文相关\\TOSEM\\MiniApp-review\\flow-baseline\\datasetPopular\\安e赔\\__APP__/pages/deposit/deposit.js"},"to":{"name":"s","loc":{"line":168,"column":12},"id":2150496,"file":"D:\\WORK\\2022\\论文相关\\TOSEM\\MiniApp-review\\flow-baseline\\datasetPopular\\安e赔\\__APP__/pages/deposit/deposit.js"}}]}]}],"writeShadows":[{"shadowVar":{"id":-174788,"declaredName":"__object__4.setData","file":"/pages/deposit/deposit.js","type":"normal"},"writeAccess":[]}]},{"propName":".urlToObj","readShadows":[{"shadowVar":{"id":2150710,"declaredName":"__object__4.urlToObj","declaredLoc":{"line":194,"column":4},"file":"/pages/deposit/deposit.js","type":"normal"},"readAccess":[{"leftVar":[{"id":2150554,"declaredName":"i","declaredLoc":{"line":173,"column":34},"file":"/pages/deposit/deposit.js","type":"normal"}],"readFlow":[{"type":"assign to","from":{"name":"s.urlToObj","loc":{"line":173,"column":38},"id":2150556,"file":"D:\\WORK\\2022\\论文相关\\TOSEM\\MiniApp-review\\flow-baseline\\datasetPopular\\安e赔\\__APP__/pages/deposit/deposit.js"},"to":{"name":"i","loc":{"line":173,"column":34},"id":2150554,"file":"D:\\WORK\\2022\\论文相关\\TOSEM\\MiniApp-review\\flow-baseline\\datasetPopular\\安e赔\\__APP__/pages/deposit/deposit.js"}},{"type":"read","from":{"name":"i","loc":{"line":173,"column":34},"id":2150554,"file":"D:\\WORK\\2022\\论文相关\\TOSEM\\MiniApp-review\\flow-baseline\\datasetPopular\\安e赔\\__APP__/pages/deposit/deposit.js"},"to":{"name":"i","loc":{"line":174,"column":38},"id":2150567,"file":"D:\\WORK\\2022\\论文相关\\TOSEM\\MiniApp-review\\flow-baseline\\datasetPopular\\安e赔\\__APP__/pages/deposit/deposit.js"}},{"type":"to callee","from":{"name":"i","loc":{"line":174,"column":38},"id":2150567,"file":"D:\\WORK\\2022\\论文相关\\TOSEM\\MiniApp-review\\flow-baseline\\datasetPopular\\安e赔\\__APP__/pages/deposit/deposit.js"},"to":{"name":"console.log","loc":{"line":174,"column":16},"id":2150563,"file":"D:\\WORK\\2022\\论文相关\\TOSEM\\MiniApp-review\\flow-baseline\\datasetPopular\\安e赔\\__APP__/pages/deposit/deposit.js","sink":true}},{"type":"read","from":{"name":"i","loc":{"line":174,"column":38},"id":2150567,"file":"D:\\WORK\\2022\\论文相关\\TOSEM\\MiniApp-review\\flow-baseline\\datasetPopular\\安e赔\\__APP__/pages/deposit/deposit.js"},"to":{"name":"i.registerNo","loc":{"line":179,"column":32},"id":2150652,"file":"D:\\WORK\\2022\\论文相关\\TOSEM\\MiniApp-review\\flow-baseline\\datasetPopular\\安e赔\\__APP__/pages/deposit/deposit.js"}},{"type":"read","from":{"name":"i.registerNo","loc":{"line":179,"column":32},"id":2150652,"file":"D:\\WORK\\2022\\论文相关\\TOSEM\\MiniApp-review\\flow-baseline\\datasetPopular\\安e赔\\__APP__/pages/deposit/deposit.js"},"to":{"name":"i.encryptInsuredNo","loc":{"line":184,"column":42},"id":2150681,"file":"D:\\WORK\\2022\\论文相关\\TOSEM\\MiniApp-review\\flow-baseline\\datasetPopular\\安e赔\\__APP__/pages/deposit/deposit.js"}},{"type":"assign to","from":{"name":"i.registerNo","loc":{"line":179,"column":32},"id":2150652,"file":"D:\\WORK\\2022\\论文相关\\TOSEM\\MiniApp-review\\flow-baseline\\datasetPopular\\安e赔\\__APP__/pages/deposit/deposit.js"},"to":{"name":"registerNo","loc":{"line":179,"column":20},"id":2150651,"file":"D:\\WORK\\2022\\论文相关\\TOSEM\\MiniApp-review\\flow-baseline\\datasetPopular\\安e赔\\__APP__/pages/deposit/deposit.js"}},{"type":"assign to","from":{"name":"registerNo","loc":{"line":179,"column":20},"id":2150651,"file":"D:\\WORK\\2022\\论文相关\\TOSEM\\MiniApp-review\\flow-baseline\\datasetPopular\\安e赔\\__APP__/pages/deposit/deposit.js"},"to":{"name":"n","loc":{"line":176,"column":20},"id":2150632,"file":"D:\\WORK\\2022\\论文相关\\TOSEM\\MiniApp-review\\flow-baseline\\datasetPopular\\安e赔\\__APP__/pages/deposit/deposit.js"}},{"type":"read","from":{"name":"registerNo","loc":{"line":179,"column":20},"id":2150651,"file":"D:\\WORK\\2022\\论文相关\\TOSEM\\MiniApp-review\\flow-baseline\\datasetPopular\\安e赔\\__APP__/pages/deposit/deposit.js"},"to":{"name":"n","loc":{"line":187,"column":36},"id":2150691,"file":"D:\\WORK\\2022\\论文相关\\TOSEM\\MiniApp-review\\flow-baseline\\datasetPopular\\安e赔\\__APP__/pages/deposit/deposit.js"}},{"type":"to callee","from":{"name":"n","loc":{"line":187,"column":36},"id":2150691,"file":"D:\\WORK\\2022\\论文相关\\TOSEM\\MiniApp-review\\flow-baseline\\datasetPopular\\安e赔\\__APP__/pages/deposit/deposit.js"},"to":{"name":"console.log","loc":{"line":187,"column":16},"id":2150687,"file":"D:\\WORK\\2022\\论文相关\\TOSEM\\MiniApp-review\\flow-baseline\\datasetPopular\\安e赔\\__APP__/pages/deposit/deposit.js","sink":true}},{"type":"read","from":{"name":"n","loc":{"line":187,"column":36},"id":2150691,"file":"D:\\WORK\\2022\\论文相关\\TOSEM\\MiniApp-review\\flow-baseline\\datasetPopular\\安e赔\\__APP__/pages/deposit/deposit.js"},"to":{"name":"n","loc":{"line":187,"column":61},"id":2150696,"file":"D:\\WORK\\2022\\论文相关\\TOSEM\\MiniApp-review\\flow-baseline\\datasetPopular\\安e赔\\__APP__/pages/deposit/deposit.js"}},{"type":"to callee","from":{"name":"n","loc":{"line":187,"column":61},"id":2150696,"file":"D:\\WORK\\2022\\论文相关\\TOSEM\\MiniApp-review\\flow-baseline\\datasetPopular\\安e赔\\__APP__/pages/deposit/deposit.js"},"to":{"name":"s.checkUserGetClient","loc":{"line":187,"column":40},"id":2150693,"file":"D:\\WORK\\2022\\论文相关\\TOSEM\\MiniApp-review\\flow-baseline\\datasetPopular\\安e赔\\__APP__/pages/deposit/deposit.js"}},{"type":"read","from":{"name":"n","loc":{"line":176,"column":20},"id":2150632,"file":"D:\\WORK\\2022\\论文相关\\TOSEM\\MiniApp-review\\flow-baseline\\datasetPopular\\安e赔\\__APP__/pages/deposit/deposit.js"},"to":{"name":"n","loc":{"line":187,"column":36},"id":2150691,"file":"D:\\WORK\\2022\\论文相关\\TOSEM\\MiniApp-review\\flow-baseline\\datasetPopular\\安e赔\\__APP__/pages/deposit/deposit.js"}},{"type":"assign to","from":{"name":"i.encryptInsuredNo","loc":{"line":184,"column":42},"id":2150681,"file":"D:\\WORK\\2022\\论文相关\\TOSEM\\MiniApp-review\\flow-baseline\\datasetPopular\\安e赔\\__APP__/pages/deposit/deposit.js"},"to":{"name":"encryptInsuredNo","loc":{"line":184,"column":24},"id":2150680,"file":"D:\\WORK\\2022\\论文相关\\TOSEM\\MiniApp-review\\flow-baseline\\datasetPopular\\安e赔\\__APP__/pages/deposit/deposit.js"}},{"type":"assign to","from":{"name":"encryptInsuredNo","loc":{"line":184,"column":24},"id":2150680,"file":"D:\\WORK\\2022\\论文相关\\TOSEM\\MiniApp-review\\flow-baseline\\datasetPopular\\安e赔\\__APP__/pages/deposit/deposit.js"},"to":{"name":"freeDepositLines","loc":{"line":180,"column":20},"id":2150656,"file":"D:\\WORK\\2022\\论文相关\\TOSEM\\MiniApp-review\\flow-baseline\\datasetPopular\\安e赔\\__APP__/pages/deposit/deposit.js"}},{"type":"assign to","from":{"name":"freeDepositLines","loc":{"line":180,"column":20},"id":2150656,"file":"D:\\WORK\\2022\\论文相关\\TOSEM\\MiniApp-review\\flow-baseline\\datasetPopular\\安e赔\\__APP__/pages/deposit/deposit.js"},"to":{"name":"n","loc":{"line":176,"column":20},"id":2150632,"file":"D:\\WORK\\2022\\论文相关\\TOSEM\\MiniApp-review\\flow-baseline\\datasetPopular\\安e赔\\__APP__/pages/deposit/deposit.js"}},{"type":"read","from":{"name":"freeDepositLines","loc":{"line":180,"column":20},"id":2150656,"file":"D:\\WORK\\2022\\论文相关\\TOSEM\\MiniApp-review\\flow-baseline\\datasetPopular\\安e赔\\__APP__/pages/deposit/deposit.js"},"to":{"name":"n","loc":{"line":187,"column":36},"id":2150691,"file":"D:\\WORK\\2022\\论文相关\\TOSEM\\MiniApp-review\\flow-baseline\\datasetPopular\\安e赔\\__APP__/pages/deposit/deposit.js"}}]}]}],"writeShadows":[{"shadowVar":{"id":2150710,"declaredName":"__object__4.urlToObj","declaredLoc":{"line":194,"column":4},"file":"/pages/deposit/deposit.js","type":"normal"},"writeAccess":[]}]}]}]}