{"definedData":[],"dynamicDefinedData":[{"shadowObjectVar":"__object__3","dynamicDefinedProps":[{"propName":".setData","readShadows":[{"shadowVar":{"id":-174818,"declaredName":"__object__3.setData","file":"/pages/freeDeposit/freeDeposit.js","type":"normal"},"readAccess":[{"leftVar":[{"id":2151253,"declaredName":"e","declaredLoc":{"line":101,"column":12},"file":"/pages/freeDeposit/freeDeposit.js","type":"normal"}],"readFlow":[{"type":"assign to","from":{"name":"this","loc":{"line":101,"column":16},"id":2151254,"file":"D:\\WORK\\2022\\论文相关\\TOSEM\\MiniApp-review\\flow-baseline\\datasetPopular\\安e赔\\__APP__/pages/freeDeposit/freeDeposit.js"},"to":{"name":"e","loc":{"line":101,"column":12},"id":2151253,"file":"D:\\WORK\\2022\\论文相关\\TOSEM\\MiniApp-review\\flow-baseline\\datasetPopular\\安e赔\\__APP__/pages/freeDeposit/freeDeposit.js"}}]},{"leftVar":[{"id":2151331,"declaredName":"a","declaredLoc":{"line":119,"column":12},"file":"/pages/freeDeposit/freeDeposit.js","type":"normal"}],"readFlow":[{"type":"assign to","from":{"name":"this","loc":{"line":119,"column":16},"id":2151332,"file":"D:\\WORK\\2022\\论文相关\\TOSEM\\MiniApp-review\\flow-baseline\\datasetPopular\\安e赔\\__APP__/pages/freeDeposit/freeDeposit.js"},"to":{"name":"a","loc":{"line":119,"column":12},"id":2151331,"file":"D:\\WORK\\2022\\论文相关\\TOSEM\\MiniApp-review\\flow-baseline\\datasetPopular\\安e赔\\__APP__/pages/freeDeposit/freeDeposit.js"}},{"type":"read","from":{"name":"a","loc":{"line":119,"column":12},"id":2151331,"file":"D:\\WORK\\2022\\论文相关\\TOSEM\\MiniApp-review\\flow-baseline\\datasetPopular\\安e赔\\__APP__/pages/freeDeposit/freeDeposit.js"},"to":{"name":"a","loc":{"line":141,"column":50},"id":2151473,"file":"D:\\WORK\\2022\\论文相关\\TOSEM\\MiniApp-review\\flow-baseline\\datasetPopular\\安e赔\\__APP__/pages/freeDeposit/freeDeposit.js"}},{"type":"read","from":{"name":"a","loc":{"line":119,"column":12},"id":2151331,"file":"D:\\WORK\\2022\\论文相关\\TOSEM\\MiniApp-review\\flow-baseline\\datasetPopular\\安e赔\\__APP__/pages/freeDeposit/freeDeposit.js"},"to":{"name":"a","loc":{"line":144,"column":54},"id":2151492,"file":"D:\\WORK\\2022\\论文相关\\TOSEM\\MiniApp-review\\flow-baseline\\datasetPopular\\安e赔\\__APP__/pages/freeDeposit/freeDeposit.js"}},{"type":"to callee","from":{"name":"a","loc":{"line":144,"column":54},"id":2151492,"file":"D:\\WORK\\2022\\论文相关\\TOSEM\\MiniApp-review\\flow-baseline\\datasetPopular\\安e赔\\__APP__/pages/freeDeposit/freeDeposit.js"},"to":{"name":"i.showToast","loc":{"line":144,"column":42},"id":2151489,"file":"D:\\WORK\\2022\\论文相关\\TOSEM\\MiniApp-review\\flow-baseline\\datasetPopular\\安e赔\\__APP__/pages/freeDeposit/freeDeposit.js"}},{"type":"to callee","from":{"name":"a","loc":{"line":141,"column":50},"id":2151473,"file":"D:\\WORK\\2022\\论文相关\\TOSEM\\MiniApp-review\\flow-baseline\\datasetPopular\\安e赔\\__APP__/pages/freeDeposit/freeDeposit.js"},"to":{"name":"i.showToast","loc":{"line":141,"column":38},"id":2151470,"file":"D:\\WORK\\2022\\论文相关\\TOSEM\\MiniApp-review\\flow-baseline\\datasetPopular\\安e赔\\__APP__/pages/freeDeposit/freeDeposit.js"}}]},{"leftVar":[{"id":2151531,"declaredName":"e","declaredLoc":{"line":156,"column":12},"file":"/pages/freeDeposit/freeDeposit.js","type":"normal"}],"readFlow":[{"type":"assign to","from":{"name":"this","loc":{"line":156,"column":16},"id":2151532,"file":"D:\\WORK\\2022\\论文相关\\TOSEM\\MiniApp-review\\flow-baseline\\datasetPopular\\安e赔\\__APP__/pages/freeDeposit/freeDeposit.js"},"to":{"name":"e","loc":{"line":156,"column":12},"id":2151531,"file":"D:\\WORK\\2022\\论文相关\\TOSEM\\MiniApp-review\\flow-baseline\\datasetPopular\\安e赔\\__APP__/pages/freeDeposit/freeDeposit.js"}},{"type":"read","from":{"name":"e","loc":{"line":156,"column":12},"id":2151531,"file":"D:\\WORK\\2022\\论文相关\\TOSEM\\MiniApp-review\\flow-baseline\\datasetPopular\\安e赔\\__APP__/pages/freeDeposit/freeDeposit.js"},"to":{"name":"e","loc":{"line":197,"column":58},"id":2151768,"file":"D:\\WORK\\2022\\论文相关\\TOSEM\\MiniApp-review\\flow-baseline\\datasetPopular\\安e赔\\__APP__/pages/freeDeposit/freeDeposit.js"}},{"type":"read","from":{"name":"e","loc":{"line":156,"column":12},"id":2151531,"file":"D:\\WORK\\2022\\论文相关\\TOSEM\\MiniApp-review\\flow-baseline\\datasetPopular\\安e赔\\__APP__/pages/freeDeposit/freeDeposit.js"},"to":{"name":"e","loc":{"line":200,"column":54},"id":2151793,"file":"D:\\WORK\\2022\\论文相关\\TOSEM\\MiniApp-review\\flow-baseline\\datasetPopular\\安e赔\\__APP__/pages/freeDeposit/freeDeposit.js"}},{"type":"to callee","from":{"name":"e","loc":{"line":200,"column":54},"id":2151793,"file":"D:\\WORK\\2022\\论文相关\\TOSEM\\MiniApp-review\\flow-baseline\\datasetPopular\\安e赔\\__APP__/pages/freeDeposit/freeDeposit.js"},"to":{"name":"i.showToast","loc":{"line":200,"column":42},"id":2151790,"file":"D:\\WORK\\2022\\论文相关\\TOSEM\\MiniApp-review\\flow-baseline\\datasetPopular\\安e赔\\__APP__/pages/freeDeposit/freeDeposit.js"}},{"type":"to callee","from":{"name":"e","loc":{"line":197,"column":58},"id":2151768,"file":"D:\\WORK\\2022\\论文相关\\TOSEM\\MiniApp-review\\flow-baseline\\datasetPopular\\安e赔\\__APP__/pages/freeDeposit/freeDeposit.js"},"to":{"name":"i.showToast","loc":{"line":197,"column":46},"id":2151765,"file":"D:\\WORK\\2022\\论文相关\\TOSEM\\MiniApp-review\\flow-baseline\\datasetPopular\\安e赔\\__APP__/pages/freeDeposit/freeDeposit.js"}}]},{"leftVar":[{"id":2151848,"declaredName":"e","declaredLoc":{"line":216,"column":12},"file":"/pages/freeDeposit/freeDeposit.js","type":"normal"}],"readFlow":[{"type":"assign to","from":{"name":"this","loc":{"line":216,"column":16},"id":2151849,"file":"D:\\WORK\\2022\\论文相关\\TOSEM\\MiniApp-review\\flow-baseline\\datasetPopular\\安e赔\\__APP__/pages/freeDeposit/freeDeposit.js"},"to":{"name":"e","loc":{"line":216,"column":12},"id":2151848,"file":"D:\\WORK\\2022\\论文相关\\TOSEM\\MiniApp-review\\flow-baseline\\datasetPopular\\安e赔\\__APP__/pages/freeDeposit/freeDeposit.js"}}]},{"leftVar":[{"id":2151942,"declaredName":"a","declaredLoc":{"line":233,"column":12},"file":"/pages/freeDeposit/freeDeposit.js","type":"normal"}],"readFlow":[{"type":"assign to","from":{"name":"this","loc":{"line":233,"column":16},"id":2151943,"file":"D:\\WORK\\2022\\论文相关\\TOSEM\\MiniApp-review\\flow-baseline\\datasetPopular\\安e赔\\__APP__/pages/freeDeposit/freeDeposit.js"},"to":{"name":"a","loc":{"line":233,"column":12},"id":2151942,"file":"D:\\WORK\\2022\\论文相关\\TOSEM\\MiniApp-review\\flow-baseline\\datasetPopular\\安e赔\\__APP__/pages/freeDeposit/freeDeposit.js"}}]}]}],"writeShadows":[{"shadowVar":{"id":-174818,"declaredName":"__object__3.setData","file":"/pages/freeDeposit/freeDeposit.js","type":"normal"},"writeAccess":[]}]}]}]}