{"definedData":[],"dynamicDefinedData":[{"shadowObjectVar":"__object__72","dynamicDefinedProps":[{"propName":".setData","readShadows":[{"shadowVar":{"id":-174923,"declaredName":"__object__72.setData","file":"/pages/index/index.js","type":"normal"},"readAccess":[{"leftVar":[{"id":2152708,"declaredName":"e","declaredLoc":{"line":75,"column":12},"file":"/pages/index/index.js","type":"normal"}],"readFlow":[{"type":"assign to","from":{"name":"this","loc":{"line":75,"column":16},"id":2152709,"file":"D:\\WORK\\2022\\论文相关\\TOSEM\\MiniApp-review\\flow-baseline\\datasetPopular\\安e赔\\__APP__/pages/index/index.js"},"to":{"name":"e","loc":{"line":75,"column":12},"id":2152708,"file":"D:\\WORK\\2022\\论文相关\\TOSEM\\MiniApp-review\\flow-baseline\\datasetPopular\\安e赔\\__APP__/pages/index/index.js"}}]},{"leftVar":[{"id":2153307,"declaredName":"t","declaredLoc":{"line":149,"column":12},"file":"/pages/index/index.js","type":"normal"}],"readFlow":[{"type":"assign to","from":{"name":"this","loc":{"line":149,"column":16},"id":2153308,"file":"D:\\WORK\\2022\\论文相关\\TOSEM\\MiniApp-review\\flow-baseline\\datasetPopular\\安e赔\\__APP__/pages/index/index.js"},"to":{"name":"t","loc":{"line":149,"column":12},"id":2153307,"file":"D:\\WORK\\2022\\论文相关\\TOSEM\\MiniApp-review\\flow-baseline\\datasetPopular\\安e赔\\__APP__/pages/index/index.js"}}]},{"leftVar":[{"id":2153663,"declaredName":"t","declaredLoc":{"line":194,"column":12},"file":"/pages/index/index.js","type":"normal"}],"readFlow":[{"type":"assign to","from":{"name":"this","loc":{"line":194,"column":16},"id":2153664,"file":"D:\\WORK\\2022\\论文相关\\TOSEM\\MiniApp-review\\flow-baseline\\datasetPopular\\安e赔\\__APP__/pages/index/index.js"},"to":{"name":"t","loc":{"line":194,"column":12},"id":2153663,"file":"D:\\WORK\\2022\\论文相关\\TOSEM\\MiniApp-review\\flow-baseline\\datasetPopular\\安e赔\\__APP__/pages/index/index.js"}},{"type":"read","from":{"name":"t","loc":{"line":194,"column":12},"id":2153663,"file":"D:\\WORK\\2022\\论文相关\\TOSEM\\MiniApp-review\\flow-baseline\\datasetPopular\\安e赔\\__APP__/pages/index/index.js"},"to":{"name":"t","loc":{"line":209,"column":36},"id":2153772,"file":"D:\\WORK\\2022\\论文相关\\TOSEM\\MiniApp-review\\flow-baseline\\datasetPopular\\安e赔\\__APP__/pages/index/index.js"}},{"type":"to callee","from":{"name":"t","loc":{"line":209,"column":36},"id":2153772,"file":"D:\\WORK\\2022\\论文相关\\TOSEM\\MiniApp-review\\flow-baseline\\datasetPopular\\安e赔\\__APP__/pages/index/index.js"},"to":{"name":"s.showToast","loc":{"line":209,"column":24},"id":2153769,"file":"D:\\WORK\\2022\\论文相关\\TOSEM\\MiniApp-review\\flow-baseline\\datasetPopular\\安e赔\\__APP__/pages/index/index.js"}}]},{"leftVar":[{"id":2154344,"declaredName":"t","declaredLoc":{"line":306,"column":12},"file":"/pages/index/index.js","type":"normal"}],"readFlow":[{"type":"assign to","from":{"name":"this","loc":{"line":306,"column":16},"id":2154345,"file":"D:\\WORK\\2022\\论文相关\\TOSEM\\MiniApp-review\\flow-baseline\\datasetPopular\\安e赔\\__APP__/pages/index/index.js"},"to":{"name":"t","loc":{"line":306,"column":12},"id":2154344,"file":"D:\\WORK\\2022\\论文相关\\TOSEM\\MiniApp-review\\flow-baseline\\datasetPopular\\安e赔\\__APP__/pages/index/index.js"}}]},{"leftVar":[{"id":2154841,"declaredName":"t","declaredLoc":{"line":350,"column":12},"file":"/pages/index/index.js","type":"normal"}],"readFlow":[{"type":"assign to","from":{"name":"this","loc":{"line":350,"column":16},"id":2154842,"file":"D:\\WORK\\2022\\论文相关\\TOSEM\\MiniApp-review\\flow-baseline\\datasetPopular\\安e赔\\__APP__/pages/index/index.js"},"to":{"name":"t","loc":{"line":350,"column":12},"id":2154841,"file":"D:\\WORK\\2022\\论文相关\\TOSEM\\MiniApp-review\\flow-baseline\\datasetPopular\\安e赔\\__APP__/pages/index/index.js"}}]}]}],"writeShadows":[{"shadowVar":{"id":-174923,"declaredName":"__object__72.setData","file":"/pages/index/index.js","type":"normal"},"writeAccess":[]}]}]}]}