{"definedData":[],"dynamicDefinedData":[{"shadowObjectVar":"__object__72","dynamicDefinedProps":[{"propName":".setData","readShadows":[{"shadowVar":{"id":-175023,"declaredName":"__object__72.setData","file":"/pages/indexNew/indexNew.js","type":"normal"},"readAccess":[{"leftVar":[{"id":2156185,"declaredName":"e","declaredLoc":{"line":75,"column":12},"file":"/pages/indexNew/indexNew.js","type":"normal"}],"readFlow":[{"type":"assign to","from":{"name":"this","loc":{"line":75,"column":16},"id":2156186,"file":"D:\\WORK\\2022\\论文相关\\TOSEM\\MiniApp-review\\flow-baseline\\datasetPopular\\安e赔\\__APP__/pages/indexNew/indexNew.js"},"to":{"name":"e","loc":{"line":75,"column":12},"id":2156185,"file":"D:\\WORK\\2022\\论文相关\\TOSEM\\MiniApp-review\\flow-baseline\\datasetPopular\\安e赔\\__APP__/pages/indexNew/indexNew.js"}}]},{"leftVar":[{"id":2156784,"declaredName":"t","declaredLoc":{"line":149,"column":12},"file":"/pages/indexNew/indexNew.js","type":"normal"}],"readFlow":[{"type":"assign to","from":{"name":"this","loc":{"line":149,"column":16},"id":2156785,"file":"D:\\WORK\\2022\\论文相关\\TOSEM\\MiniApp-review\\flow-baseline\\datasetPopular\\安e赔\\__APP__/pages/indexNew/indexNew.js"},"to":{"name":"t","loc":{"line":149,"column":12},"id":2156784,"file":"D:\\WORK\\2022\\论文相关\\TOSEM\\MiniApp-review\\flow-baseline\\datasetPopular\\安e赔\\__APP__/pages/indexNew/indexNew.js"}}]},{"leftVar":[{"id":2157140,"declaredName":"t","declaredLoc":{"line":194,"column":12},"file":"/pages/indexNew/indexNew.js","type":"normal"}],"readFlow":[{"type":"assign to","from":{"name":"this","loc":{"line":194,"column":16},"id":2157141,"file":"D:\\WORK\\2022\\论文相关\\TOSEM\\MiniApp-review\\flow-baseline\\datasetPopular\\安e赔\\__APP__/pages/indexNew/indexNew.js"},"to":{"name":"t","loc":{"line":194,"column":12},"id":2157140,"file":"D:\\WORK\\2022\\论文相关\\TOSEM\\MiniApp-review\\flow-baseline\\datasetPopular\\安e赔\\__APP__/pages/indexNew/indexNew.js"}}]},{"leftVar":[{"id":2157801,"declaredName":"t","declaredLoc":{"line":302,"column":12},"file":"/pages/indexNew/indexNew.js","type":"normal"}],"readFlow":[{"type":"assign to","from":{"name":"this","loc":{"line":302,"column":16},"id":2157802,"file":"D:\\WORK\\2022\\论文相关\\TOSEM\\MiniApp-review\\flow-baseline\\datasetPopular\\安e赔\\__APP__/pages/indexNew/indexNew.js"},"to":{"name":"t","loc":{"line":302,"column":12},"id":2157801,"file":"D:\\WORK\\2022\\论文相关\\TOSEM\\MiniApp-review\\flow-baseline\\datasetPopular\\安e赔\\__APP__/pages/indexNew/indexNew.js"}}]},{"leftVar":[{"id":2158298,"declaredName":"t","declaredLoc":{"line":346,"column":12},"file":"/pages/indexNew/indexNew.js","type":"normal"}],"readFlow":[{"type":"assign to","from":{"name":"this","loc":{"line":346,"column":16},"id":2158299,"file":"D:\\WORK\\2022\\论文相关\\TOSEM\\MiniApp-review\\flow-baseline\\datasetPopular\\安e赔\\__APP__/pages/indexNew/indexNew.js"},"to":{"name":"t","loc":{"line":346,"column":12},"id":2158298,"file":"D:\\WORK\\2022\\论文相关\\TOSEM\\MiniApp-review\\flow-baseline\\datasetPopular\\安e赔\\__APP__/pages/indexNew/indexNew.js"}}]}]}],"writeShadows":[{"shadowVar":{"id":-175023,"declaredName":"__object__72.setData","file":"/pages/indexNew/indexNew.js","type":"normal"},"writeAccess":[]}]}]}]}