{"definedData":[],"dynamicDefinedData":[{"shadowObjectVar":"__object__7","dynamicDefinedProps":[{"propName":".setData","readShadows":[{"shadowVar":{"id":-175094,"declaredName":"__object__7.setData","file":"/pages/onlineApply/onlineApply.js","type":"normal"},"readAccess":[{"leftVar":[{"id":2159994,"declaredName":"a","declaredLoc":{"line":91,"column":12},"file":"/pages/onlineApply/onlineApply.js","type":"normal"}],"readFlow":[{"type":"assign to","from":{"name":"this","loc":{"line":91,"column":16},"id":2159995,"file":"D:\\WORK\\2022\\论文相关\\TOSEM\\MiniApp-review\\flow-baseline\\datasetPopular\\安e赔\\__APP__/pages/onlineApply/onlineApply.js"},"to":{"name":"a","loc":{"line":91,"column":12},"id":2159994,"file":"D:\\WORK\\2022\\论文相关\\TOSEM\\MiniApp-review\\flow-baseline\\datasetPopular\\安e赔\\__APP__/pages/onlineApply/onlineApply.js"}}]},{"leftVar":[{"id":2160322,"declaredName":"t","declaredLoc":{"line":164,"column":12},"file":"/pages/onlineApply/onlineApply.js","type":"normal"}],"readFlow":[{"type":"assign to","from":{"name":"this","loc":{"line":164,"column":16},"id":2160323,"file":"D:\\WORK\\2022\\论文相关\\TOSEM\\MiniApp-review\\flow-baseline\\datasetPopular\\安e赔\\__APP__/pages/onlineApply/onlineApply.js"},"to":{"name":"t","loc":{"line":164,"column":12},"id":2160322,"file":"D:\\WORK\\2022\\论文相关\\TOSEM\\MiniApp-review\\flow-baseline\\datasetPopular\\安e赔\\__APP__/pages/onlineApply/onlineApply.js"}},{"type":"read","from":{"name":"t","loc":{"line":164,"column":12},"id":2160322,"file":"D:\\WORK\\2022\\论文相关\\TOSEM\\MiniApp-review\\flow-baseline\\datasetPopular\\安e赔\\__APP__/pages/onlineApply/onlineApply.js"},"to":{"name":"t","loc":{"line":205,"column":39},"id":2160726,"file":"D:\\WORK\\2022\\论文相关\\TOSEM\\MiniApp-review\\flow-baseline\\datasetPopular\\安e赔\\__APP__/pages/onlineApply/onlineApply.js"}},{"type":"read","from":{"name":"t","loc":{"line":164,"column":12},"id":2160322,"file":"D:\\WORK\\2022\\论文相关\\TOSEM\\MiniApp-review\\flow-baseline\\datasetPopular\\安e赔\\__APP__/pages/onlineApply/onlineApply.js"},"to":{"name":"t","loc":{"line":165,"column":160},"id":2160376,"file":"D:\\WORK\\2022\\论文相关\\TOSEM\\MiniApp-review\\flow-baseline\\datasetPopular\\安e赔\\__APP__/pages/onlineApply/onlineApply.js"}},{"type":"read","from":{"name":"t","loc":{"line":164,"column":12},"id":2160322,"file":"D:\\WORK\\2022\\论文相关\\TOSEM\\MiniApp-review\\flow-baseline\\datasetPopular\\安e赔\\__APP__/pages/onlineApply/onlineApply.js"},"to":{"name":"t","loc":{"line":165,"column":236},"id":2160393,"file":"D:\\WORK\\2022\\论文相关\\TOSEM\\MiniApp-review\\flow-baseline\\datasetPopular\\安e赔\\__APP__/pages/onlineApply/onlineApply.js"}},{"type":"read","from":{"name":"t","loc":{"line":164,"column":12},"id":2160322,"file":"D:\\WORK\\2022\\论文相关\\TOSEM\\MiniApp-review\\flow-baseline\\datasetPopular\\安e赔\\__APP__/pages/onlineApply/onlineApply.js"},"to":{"name":"t","loc":{"line":165,"column":298},"id":2160410,"file":"D:\\WORK\\2022\\论文相关\\TOSEM\\MiniApp-review\\flow-baseline\\datasetPopular\\安e赔\\__APP__/pages/onlineApply/onlineApply.js"}},{"type":"to callee","from":{"name":"t","loc":{"line":165,"column":298},"id":2160410,"file":"D:\\WORK\\2022\\论文相关\\TOSEM\\MiniApp-review\\flow-baseline\\datasetPopular\\安e赔\\__APP__/pages/onlineApply/onlineApply.js"},"to":{"name":"i.showToast","loc":{"line":165,"column":286},"id":2160407,"file":"D:\\WORK\\2022\\论文相关\\TOSEM\\MiniApp-review\\flow-baseline\\datasetPopular\\安e赔\\__APP__/pages/onlineApply/onlineApply.js"}},{"type":"to callee","from":{"name":"t","loc":{"line":165,"column":236},"id":2160393,"file":"D:\\WORK\\2022\\论文相关\\TOSEM\\MiniApp-review\\flow-baseline\\datasetPopular\\安e赔\\__APP__/pages/onlineApply/onlineApply.js"},"to":{"name":"i.showToast","loc":{"line":165,"column":224},"id":2160390,"file":"D:\\WORK\\2022\\论文相关\\TOSEM\\MiniApp-review\\flow-baseline\\datasetPopular\\安e赔\\__APP__/pages/onlineApply/onlineApply.js"}},{"type":"to callee","from":{"name":"t","loc":{"line":165,"column":160},"id":2160376,"file":"D:\\WORK\\2022\\论文相关\\TOSEM\\MiniApp-review\\flow-baseline\\datasetPopular\\安e赔\\__APP__/pages/onlineApply/onlineApply.js"},"to":{"name":"i.showToast","loc":{"line":165,"column":148},"id":2160373,"file":"D:\\WORK\\2022\\论文相关\\TOSEM\\MiniApp-review\\flow-baseline\\datasetPopular\\安e赔\\__APP__/pages/onlineApply/onlineApply.js"}},{"type":"to callee","from":{"name":"t","loc":{"line":205,"column":39},"id":2160726,"file":"D:\\WORK\\2022\\论文相关\\TOSEM\\MiniApp-review\\flow-baseline\\datasetPopular\\安e赔\\__APP__/pages/onlineApply/onlineApply.js"},"to":{"name":"i.showToast","loc":{"line":205,"column":27},"id":2160723,"file":"D:\\WORK\\2022\\论文相关\\TOSEM\\MiniApp-review\\flow-baseline\\datasetPopular\\安e赔\\__APP__/pages/onlineApply/onlineApply.js"}}]},{"leftVar":[{"id":2160793,"declaredName":"e","declaredLoc":{"line":220,"column":12},"file":"/pages/onlineApply/onlineApply.js","type":"normal"}],"readFlow":[{"type":"assign to","from":{"name":"this","loc":{"line":220,"column":16},"id":2160794,"file":"D:\\WORK\\2022\\论文相关\\TOSEM\\MiniApp-review\\flow-baseline\\datasetPopular\\安e赔\\__APP__/pages/onlineApply/onlineApply.js"},"to":{"name":"e","loc":{"line":220,"column":12},"id":2160793,"file":"D:\\WORK\\2022\\论文相关\\TOSEM\\MiniApp-review\\flow-baseline\\datasetPopular\\安e赔\\__APP__/pages/onlineApply/onlineApply.js"}},{"type":"read","from":{"name":"e","loc":{"line":220,"column":12},"id":2160793,"file":"D:\\WORK\\2022\\论文相关\\TOSEM\\MiniApp-review\\flow-baseline\\datasetPopular\\安e赔\\__APP__/pages/onlineApply/onlineApply.js"},"to":{"name":"e","loc":{"line":239,"column":100},"id":2160943,"file":"D:\\WORK\\2022\\论文相关\\TOSEM\\MiniApp-review\\flow-baseline\\datasetPopular\\安e赔\\__APP__/pages/onlineApply/onlineApply.js"}},{"type":"to callee","from":{"name":"e","loc":{"line":239,"column":100},"id":2160943,"file":"D:\\WORK\\2022\\论文相关\\TOSEM\\MiniApp-review\\flow-baseline\\datasetPopular\\安e赔\\__APP__/pages/onlineApply/onlineApply.js"},"to":{"name":"e.showToast","loc":{"line":239,"column":88},"id":2160940,"file":"D:\\WORK\\2022\\论文相关\\TOSEM\\MiniApp-review\\flow-baseline\\datasetPopular\\安e赔\\__APP__/pages/onlineApply/onlineApply.js"}}]},{"leftVar":[{"id":2160984,"declaredName":"e","declaredLoc":{"line":252,"column":12},"file":"/pages/onlineApply/onlineApply.js","type":"normal"}],"readFlow":[{"type":"assign to","from":{"name":"this","loc":{"line":252,"column":16},"id":2160985,"file":"D:\\WORK\\2022\\论文相关\\TOSEM\\MiniApp-review\\flow-baseline\\datasetPopular\\安e赔\\__APP__/pages/onlineApply/onlineApply.js"},"to":{"name":"e","loc":{"line":252,"column":12},"id":2160984,"file":"D:\\WORK\\2022\\论文相关\\TOSEM\\MiniApp-review\\flow-baseline\\datasetPopular\\安e赔\\__APP__/pages/onlineApply/onlineApply.js"}},{"type":"read","from":{"name":"e","loc":{"line":252,"column":12},"id":2160984,"file":"D:\\WORK\\2022\\论文相关\\TOSEM\\MiniApp-review\\flow-baseline\\datasetPopular\\安e赔\\__APP__/pages/onlineApply/onlineApply.js"},"to":{"name":"e","loc":{"line":264,"column":10},"id":2161045,"file":"D:\\WORK\\2022\\论文相关\\TOSEM\\MiniApp-review\\flow-baseline\\datasetPopular\\安e赔\\__APP__/pages/onlineApply/onlineApply.js"}},{"type":"read","from":{"name":"e","loc":{"line":264,"column":10},"id":2161045,"file":"D:\\WORK\\2022\\论文相关\\TOSEM\\MiniApp-review\\flow-baseline\\datasetPopular\\安e赔\\__APP__/pages/onlineApply/onlineApply.js"},"to":{"name":"e","loc":{"line":253,"column":21},"id":2160990,"file":"D:\\WORK\\2022\\论文相关\\TOSEM\\MiniApp-review\\flow-baseline\\datasetPopular\\安e赔\\__APP__/pages/onlineApply/onlineApply.js"}},{"type":"read","from":{"name":"e","loc":{"line":253,"column":21},"id":2160990,"file":"D:\\WORK\\2022\\论文相关\\TOSEM\\MiniApp-review\\flow-baseline\\datasetPopular\\安e赔\\__APP__/pages/onlineApply/onlineApply.js"},"to":{"name":"e","loc":{"line":259,"column":20},"id":2161030,"file":"D:\\WORK\\2022\\论文相关\\TOSEM\\MiniApp-review\\flow-baseline\\datasetPopular\\安e赔\\__APP__/pages/onlineApply/onlineApply.js"}},{"type":"read","from":{"name":"e","loc":{"line":253,"column":21},"id":2160990,"file":"D:\\WORK\\2022\\论文相关\\TOSEM\\MiniApp-review\\flow-baseline\\datasetPopular\\安e赔\\__APP__/pages/onlineApply/onlineApply.js"},"to":{"name":"e.data.getVerifyCodeFlag","loc":{"line":264,"column":15},"id":2161047,"file":"D:\\WORK\\2022\\论文相关\\TOSEM\\MiniApp-review\\flow-baseline\\datasetPopular\\安e赔\\__APP__/pages/onlineApply/onlineApply.js"}},{"type":"read","from":{"name":"e.data.getVerifyCodeFlag","loc":{"line":264,"column":15},"id":2161047,"file":"D:\\WORK\\2022\\论文相关\\TOSEM\\MiniApp-review\\flow-baseline\\datasetPopular\\安e赔\\__APP__/pages/onlineApply/onlineApply.js"},"to":{"name":"e.setData","loc":{"line":265,"column":12},"id":2161055,"file":"D:\\WORK\\2022\\论文相关\\TOSEM\\MiniApp-review\\flow-baseline\\datasetPopular\\安e赔\\__APP__/pages/onlineApply/onlineApply.js"}},{"type":"read","from":{"name":"e.setData","loc":{"line":265,"column":12},"id":2161055,"file":"D:\\WORK\\2022\\论文相关\\TOSEM\\MiniApp-review\\flow-baseline\\datasetPopular\\安e赔\\__APP__/pages/onlineApply/onlineApply.js"},"to":{"name":"e.data.encryptClientNo","loc":{"line":269,"column":34},"id":2161069,"file":"D:\\WORK\\2022\\论文相关\\TOSEM\\MiniApp-review\\flow-baseline\\datasetPopular\\安e赔\\__APP__/pages/onlineApply/onlineApply.js"}},{"type":"read","from":{"name":"e.data.encryptClientNo","loc":{"line":269,"column":34},"id":2161069,"file":"D:\\WORK\\2022\\论文相关\\TOSEM\\MiniApp-review\\flow-baseline\\datasetPopular\\安e赔\\__APP__/pages/onlineApply/onlineApply.js"},"to":{"name":"e.data.imageTokenKey","loc":{"line":270,"column":31},"id":2161076,"file":"D:\\WORK\\2022\\论文相关\\TOSEM\\MiniApp-review\\flow-baseline\\datasetPopular\\安e赔\\__APP__/pages/onlineApply/onlineApply.js"}},{"type":"assign to","from":{"name":"e.data.encryptClientNo","loc":{"line":269,"column":34},"id":2161069,"file":"D:\\WORK\\2022\\论文相关\\TOSEM\\MiniApp-review\\flow-baseline\\datasetPopular\\安e赔\\__APP__/pages/onlineApply/onlineApply.js"},"to":{"name":"encryptInsuredNo","loc":{"line":269,"column":16},"id":2161068,"file":"D:\\WORK\\2022\\论文相关\\TOSEM\\MiniApp-review\\flow-baseline\\datasetPopular\\安e赔\\__APP__/pages/onlineApply/onlineApply.js"}},{"type":"assign to","from":{"name":"encryptInsuredNo","loc":{"line":269,"column":16},"id":2161068,"file":"D:\\WORK\\2022\\论文相关\\TOSEM\\MiniApp-review\\flow-baseline\\datasetPopular\\安e赔\\__APP__/pages/onlineApply/onlineApply.js"},"to":{"name":"a","loc":{"line":268,"column":16},"id":2161065,"file":"D:\\WORK\\2022\\论文相关\\TOSEM\\MiniApp-review\\flow-baseline\\datasetPopular\\安e赔\\__APP__/pages/onlineApply/onlineApply.js"}},{"type":"read","from":{"name":"encryptInsuredNo","loc":{"line":269,"column":16},"id":2161068,"file":"D:\\WORK\\2022\\论文相关\\TOSEM\\MiniApp-review\\flow-baseline\\datasetPopular\\安e赔\\__APP__/pages/onlineApply/onlineApply.js"},"to":{"name":"a","loc":{"line":276,"column":22},"id":2161136,"file":"D:\\WORK\\2022\\论文相关\\TOSEM\\MiniApp-review\\flow-baseline\\datasetPopular\\安e赔\\__APP__/pages/onlineApply/onlineApply.js"}},{"type":"assign to","from":{"name":"a","loc":{"line":276,"column":22},"id":2161136,"file":"D:\\WORK\\2022\\论文相关\\TOSEM\\MiniApp-review\\flow-baseline\\datasetPopular\\安e赔\\__APP__/pages/onlineApply/onlineApply.js"},"to":{"name":"data","loc":{"line":276,"column":16},"id":2161135,"file":"D:\\WORK\\2022\\论文相关\\TOSEM\\MiniApp-review\\flow-baseline\\datasetPopular\\安e赔\\__APP__/pages/onlineApply/onlineApply.js"}},{"type":"to callee","from":{"name":"data","loc":{"line":276,"column":16},"id":2161135,"file":"D:\\WORK\\2022\\论文相关\\TOSEM\\MiniApp-review\\flow-baseline\\datasetPopular\\安e赔\\__APP__/pages/onlineApply/onlineApply.js"},"to":{"name":"wx.request","loc":{"line":274,"column":12},"id":2161127,"file":"D:\\WORK\\2022\\论文相关\\TOSEM\\MiniApp-review\\flow-baseline\\datasetPopular\\安e赔\\__APP__/pages/onlineApply/onlineApply.js","sink":true}},{"type":"read","from":{"name":"a","loc":{"line":268,"column":16},"id":2161065,"file":"D:\\WORK\\2022\\论文相关\\TOSEM\\MiniApp-review\\flow-baseline\\datasetPopular\\安e赔\\__APP__/pages/onlineApply/onlineApply.js"},"to":{"name":"a","loc":{"line":276,"column":22},"id":2161136,"file":"D:\\WORK\\2022\\论文相关\\TOSEM\\MiniApp-review\\flow-baseline\\datasetPopular\\安e赔\\__APP__/pages/onlineApply/onlineApply.js"}},{"type":"read","from":{"name":"e.data.imageTokenKey","loc":{"line":270,"column":31},"id":2161076,"file":"D:\\WORK\\2022\\论文相关\\TOSEM\\MiniApp-review\\flow-baseline\\datasetPopular\\安e赔\\__APP__/pages/onlineApply/onlineApply.js"},"to":{"name":"e.data.verifyCode","loc":{"line":271,"column":28},"id":2161083,"file":"D:\\WORK\\2022\\论文相关\\TOSEM\\MiniApp-review\\flow-baseline\\datasetPopular\\安e赔\\__APP__/pages/onlineApply/onlineApply.js"}},{"type":"assign to","from":{"name":"e.data.imageTokenKey","loc":{"line":270,"column":31},"id":2161076,"file":"D:\\WORK\\2022\\论文相关\\TOSEM\\MiniApp-review\\flow-baseline\\datasetPopular\\安e赔\\__APP__/pages/onlineApply/onlineApply.js"},"to":{"name":"imageTokenKey","loc":{"line":270,"column":16},"id":2161075,"file":"D:\\WORK\\2022\\论文相关\\TOSEM\\MiniApp-review\\flow-baseline\\datasetPopular\\安e赔\\__APP__/pages/onlineApply/onlineApply.js"}},{"type":"assign to","from":{"name":"imageTokenKey","loc":{"line":270,"column":16},"id":2161075,"file":"D:\\WORK\\2022\\论文相关\\TOSEM\\MiniApp-review\\flow-baseline\\datasetPopular\\安e赔\\__APP__/pages/onlineApply/onlineApply.js"},"to":{"name":"a","loc":{"line":268,"column":16},"id":2161065,"file":"D:\\WORK\\2022\\论文相关\\TOSEM\\MiniApp-review\\flow-baseline\\datasetPopular\\安e赔\\__APP__/pages/onlineApply/onlineApply.js"}},{"type":"read","from":{"name":"imageTokenKey","loc":{"line":270,"column":16},"id":2161075,"file":"D:\\WORK\\2022\\论文相关\\TOSEM\\MiniApp-review\\flow-baseline\\datasetPopular\\安e赔\\__APP__/pages/onlineApply/onlineApply.js"},"to":{"name":"a","loc":{"line":276,"column":22},"id":2161136,"file":"D:\\WORK\\2022\\论文相关\\TOSEM\\MiniApp-review\\flow-baseline\\datasetPopular\\安e赔\\__APP__/pages/onlineApply/onlineApply.js"}},{"type":"read","from":{"name":"e.data.verifyCode","loc":{"line":271,"column":28},"id":2161083,"file":"D:\\WORK\\2022\\论文相关\\TOSEM\\MiniApp-review\\flow-baseline\\datasetPopular\\安e赔\\__APP__/pages/onlineApply/onlineApply.js"},"to":{"name":"e.setData","loc":{"line":283,"column":43},"id":2161163,"file":"D:\\WORK\\2022\\论文相关\\TOSEM\\MiniApp-review\\flow-baseline\\datasetPopular\\安e赔\\__APP__/pages/onlineApply/onlineApply.js"}},{"type":"read","from":{"name":"e.data.verifyCode","loc":{"line":271,"column":28},"id":2161083,"file":"D:\\WORK\\2022\\论文相关\\TOSEM\\MiniApp-review\\flow-baseline\\datasetPopular\\安e赔\\__APP__/pages/onlineApply/onlineApply.js"},"to":{"name":"e","loc":{"line":295,"column":32},"id":2161226,"file":"D:\\WORK\\2022\\论文相关\\TOSEM\\MiniApp-review\\flow-baseline\\datasetPopular\\安e赔\\__APP__/pages/onlineApply/onlineApply.js"}},{"type":"read","from":{"name":"e.data.verifyCode","loc":{"line":271,"column":28},"id":2161083,"file":"D:\\WORK\\2022\\论文相关\\TOSEM\\MiniApp-review\\flow-baseline\\datasetPopular\\安e赔\\__APP__/pages/onlineApply/onlineApply.js"},"to":{"name":"e","loc":{"line":253,"column":21},"id":2160990,"file":"D:\\WORK\\2022\\论文相关\\TOSEM\\MiniApp-review\\flow-baseline\\datasetPopular\\安e赔\\__APP__/pages/onlineApply/onlineApply.js"}},{"type":"assign to","from":{"name":"e.data.verifyCode","loc":{"line":271,"column":28},"id":2161083,"file":"D:\\WORK\\2022\\论文相关\\TOSEM\\MiniApp-review\\flow-baseline\\datasetPopular\\安e赔\\__APP__/pages/onlineApply/onlineApply.js"},"to":{"name":"verifyCode","loc":{"line":271,"column":16},"id":2161082,"file":"D:\\WORK\\2022\\论文相关\\TOSEM\\MiniApp-review\\flow-baseline\\datasetPopular\\安e赔\\__APP__/pages/onlineApply/onlineApply.js"}},{"type":"assign to","from":{"name":"verifyCode","loc":{"line":271,"column":16},"id":2161082,"file":"D:\\WORK\\2022\\论文相关\\TOSEM\\MiniApp-review\\flow-baseline\\datasetPopular\\安e赔\\__APP__/pages/onlineApply/onlineApply.js"},"to":{"name":"a","loc":{"line":268,"column":16},"id":2161065,"file":"D:\\WORK\\2022\\论文相关\\TOSEM\\MiniApp-review\\flow-baseline\\datasetPopular\\安e赔\\__APP__/pages/onlineApply/onlineApply.js"}},{"type":"read","from":{"name":"verifyCode","loc":{"line":271,"column":16},"id":2161082,"file":"D:\\WORK\\2022\\论文相关\\TOSEM\\MiniApp-review\\flow-baseline\\datasetPopular\\安e赔\\__APP__/pages/onlineApply/onlineApply.js"},"to":{"name":"a","loc":{"line":276,"column":22},"id":2161136,"file":"D:\\WORK\\2022\\论文相关\\TOSEM\\MiniApp-review\\flow-baseline\\datasetPopular\\安e赔\\__APP__/pages/onlineApply/onlineApply.js"}},{"type":"to callee","from":{"name":"e","loc":{"line":295,"column":32},"id":2161226,"file":"D:\\WORK\\2022\\论文相关\\TOSEM\\MiniApp-review\\flow-baseline\\datasetPopular\\安e赔\\__APP__/pages/onlineApply/onlineApply.js"},"to":{"name":"i.showToast","loc":{"line":295,"column":20},"id":2161223,"file":"D:\\WORK\\2022\\论文相关\\TOSEM\\MiniApp-review\\flow-baseline\\datasetPopular\\安e赔\\__APP__/pages/onlineApply/onlineApply.js"}},{"type":"read","from":{"name":"e","loc":{"line":295,"column":32},"id":2161226,"file":"D:\\WORK\\2022\\论文相关\\TOSEM\\MiniApp-review\\flow-baseline\\datasetPopular\\安e赔\\__APP__/pages/onlineApply/onlineApply.js"},"to":{"name":"e.setData","loc":{"line":295,"column":52},"id":2161233,"file":"D:\\WORK\\2022\\论文相关\\TOSEM\\MiniApp-review\\flow-baseline\\datasetPopular\\安e赔\\__APP__/pages/onlineApply/onlineApply.js"}},{"type":"read","from":{"name":"e.setData","loc":{"line":283,"column":43},"id":2161163,"file":"D:\\WORK\\2022\\论文相关\\TOSEM\\MiniApp-review\\flow-baseline\\datasetPopular\\安e赔\\__APP__/pages/onlineApply/onlineApply.js"},"to":{"name":"e.setData","loc":{"line":285,"column":59},"id":2161180,"file":"D:\\WORK\\2022\\论文相关\\TOSEM\\MiniApp-review\\flow-baseline\\datasetPopular\\安e赔\\__APP__/pages/onlineApply/onlineApply.js"}}]},{"leftVar":[{"id":2161248,"declaredName":"a","declaredLoc":{"line":303,"column":12},"file":"/pages/onlineApply/onlineApply.js","type":"normal"}],"readFlow":[{"type":"assign to","from":{"name":"this","loc":{"line":303,"column":16},"id":2161249,"file":"D:\\WORK\\2022\\论文相关\\TOSEM\\MiniApp-review\\flow-baseline\\datasetPopular\\安e赔\\__APP__/pages/onlineApply/onlineApply.js"},"to":{"name":"a","loc":{"line":303,"column":12},"id":2161248,"file":"D:\\WORK\\2022\\论文相关\\TOSEM\\MiniApp-review\\flow-baseline\\datasetPopular\\安e赔\\__APP__/pages/onlineApply/onlineApply.js"}},{"type":"read","from":{"name":"a","loc":{"line":303,"column":12},"id":2161248,"file":"D:\\WORK\\2022\\论文相关\\TOSEM\\MiniApp-review\\flow-baseline\\datasetPopular\\安e赔\\__APP__/pages/onlineApply/onlineApply.js"},"to":{"name":"a","loc":{"line":335,"column":42},"id":2161484,"file":"D:\\WORK\\2022\\论文相关\\TOSEM\\MiniApp-review\\flow-baseline\\datasetPopular\\安e赔\\__APP__/pages/onlineApply/onlineApply.js"}},{"type":"read","from":{"name":"a","loc":{"line":303,"column":12},"id":2161248,"file":"D:\\WORK\\2022\\论文相关\\TOSEM\\MiniApp-review\\flow-baseline\\datasetPopular\\安e赔\\__APP__/pages/onlineApply/onlineApply.js"},"to":{"name":"a","loc":{"line":314,"column":87},"id":2161335,"file":"D:\\WORK\\2022\\论文相关\\TOSEM\\MiniApp-review\\flow-baseline\\datasetPopular\\安e赔\\__APP__/pages/onlineApply/onlineApply.js"}},{"type":"to callee","from":{"name":"a","loc":{"line":314,"column":87},"id":2161335,"file":"D:\\WORK\\2022\\论文相关\\TOSEM\\MiniApp-review\\flow-baseline\\datasetPopular\\安e赔\\__APP__/pages/onlineApply/onlineApply.js"},"to":{"name":"i.showToast","loc":{"line":314,"column":75},"id":2161332,"file":"D:\\WORK\\2022\\论文相关\\TOSEM\\MiniApp-review\\flow-baseline\\datasetPopular\\安e赔\\__APP__/pages/onlineApply/onlineApply.js"}},{"type":"to callee","from":{"name":"a","loc":{"line":335,"column":42},"id":2161484,"file":"D:\\WORK\\2022\\论文相关\\TOSEM\\MiniApp-review\\flow-baseline\\datasetPopular\\安e赔\\__APP__/pages/onlineApply/onlineApply.js"},"to":{"name":"i.showToast","loc":{"line":335,"column":30},"id":2161481,"file":"D:\\WORK\\2022\\论文相关\\TOSEM\\MiniApp-review\\flow-baseline\\datasetPopular\\安e赔\\__APP__/pages/onlineApply/onlineApply.js"}}]}]}],"writeShadows":[{"shadowVar":{"id":-175094,"declaredName":"__object__7.setData","file":"/pages/onlineApply/onlineApply.js","type":"normal"},"writeAccess":[]}]}]}]}