{"definedData":[],"dynamicDefinedData":[{"shadowObjectVar":"__object__34","dynamicDefinedProps":[{"propName":".setData","readShadows":[{"shadowVar":{"id":-175161,"declaredName":"__object__34.setData","file":"/pages/process/process.js","type":"normal"},"readAccess":[{"leftVar":[{"id":2162325,"declaredName":"s","declaredLoc":{"line":93,"column":12},"file":"/pages/process/process.js","type":"normal"}],"readFlow":[{"type":"assign to","from":{"name":"this","loc":{"line":93,"column":16},"id":2162326,"file":"D:\\WORK\\2022\\论文相关\\TOSEM\\MiniApp-review\\flow-baseline\\datasetPopular\\安e赔\\__APP__/pages/process/process.js"},"to":{"name":"s","loc":{"line":93,"column":12},"id":2162325,"file":"D:\\WORK\\2022\\论文相关\\TOSEM\\MiniApp-review\\flow-baseline\\datasetPopular\\安e赔\\__APP__/pages/process/process.js"}}]}]}],"writeShadows":[{"shadowVar":{"id":-175161,"declaredName":"__object__34.setData","file":"/pages/process/process.js","type":"normal"},"writeAccess":[]}]}]}]}