{"definedData":[],"dynamicDefinedData":[{"shadowObjectVar":"__object__3","dynamicDefinedProps":[{"propName":".setData","readShadows":[{"shadowVar":{"id":-175180,"declaredName":"__object__3.setData","file":"/pages/processDeposit/processDeposit.js","type":"normal"},"readAccess":[{"leftVar":[{"id":2162511,"declaredName":"a","declaredLoc":{"line":19,"column":12},"file":"/pages/processDeposit/processDeposit.js","type":"normal"}],"readFlow":[{"type":"assign to","from":{"name":"this","loc":{"line":19,"column":16},"id":2162512,"file":"D:\\WORK\\2022\\论文相关\\TOSEM\\MiniApp-review\\flow-baseline\\datasetPopular\\安e赔\\__APP__/pages/processDeposit/processDeposit.js"},"to":{"name":"a","loc":{"line":19,"column":12},"id":2162511,"file":"D:\\WORK\\2022\\论文相关\\TOSEM\\MiniApp-review\\flow-baseline\\datasetPopular\\安e赔\\__APP__/pages/processDeposit/processDeposit.js"}}]},{"leftVar":[{"id":2162678,"declaredName":"a","declaredLoc":{"line":44,"column":12},"file":"/pages/processDeposit/processDeposit.js","type":"normal"}],"readFlow":[{"type":"assign to","from":{"name":"this","loc":{"line":44,"column":16},"id":2162679,"file":"D:\\WORK\\2022\\论文相关\\TOSEM\\MiniApp-review\\flow-baseline\\datasetPopular\\安e赔\\__APP__/pages/processDeposit/processDeposit.js"},"to":{"name":"a","loc":{"line":44,"column":12},"id":2162678,"file":"D:\\WORK\\2022\\论文相关\\TOSEM\\MiniApp-review\\flow-baseline\\datasetPopular\\安e赔\\__APP__/pages/processDeposit/processDeposit.js"}}]}]}],"writeShadows":[{"shadowVar":{"id":-175180,"declaredName":"__object__3.setData","file":"/pages/processDeposit/processDeposit.js","type":"normal"},"writeAccess":[]}]}]}]}