{"definedData":[],"dynamicDefinedData":[{"shadowObjectVar":"__object__18","dynamicDefinedProps":[{"propName":".setData","readShadows":[{"shadowVar":{"id":-175196,"declaredName":"__object__18.setData","file":"/pages/processDetail/processDetail.js","type":"normal"},"readAccess":[{"leftVar":[{"id":2162982,"declaredName":"t","declaredLoc":{"line":72,"column":12},"file":"/pages/processDetail/processDetail.js","type":"normal"}],"readFlow":[{"type":"assign to","from":{"name":"this","loc":{"line":72,"column":16},"id":2162983,"file":"D:\\WORK\\2022\\论文相关\\TOSEM\\MiniApp-review\\flow-baseline\\datasetPopular\\安e赔\\__APP__/pages/processDetail/processDetail.js"},"to":{"name":"t","loc":{"line":72,"column":12},"id":2162982,"file":"D:\\WORK\\2022\\论文相关\\TOSEM\\MiniApp-review\\flow-baseline\\datasetPopular\\安e赔\\__APP__/pages/processDetail/processDetail.js"}},{"type":"read","from":{"name":"t","loc":{"line":72,"column":12},"id":2162982,"file":"D:\\WORK\\2022\\论文相关\\TOSEM\\MiniApp-review\\flow-baseline\\datasetPopular\\安e赔\\__APP__/pages/processDetail/processDetail.js"},"to":{"name":"t","loc":{"line":94,"column":35},"id":2163147,"file":"D:\\WORK\\2022\\论文相关\\TOSEM\\MiniApp-review\\flow-baseline\\datasetPopular\\安e赔\\__APP__/pages/processDetail/processDetail.js"}},{"type":"to callee","from":{"name":"t","loc":{"line":94,"column":35},"id":2163147,"file":"D:\\WORK\\2022\\论文相关\\TOSEM\\MiniApp-review\\flow-baseline\\datasetPopular\\安e赔\\__APP__/pages/processDetail/processDetail.js"},"to":{"name":"e.showToast","loc":{"line":94,"column":23},"id":2163144,"file":"D:\\WORK\\2022\\论文相关\\TOSEM\\MiniApp-review\\flow-baseline\\datasetPopular\\安e赔\\__APP__/pages/processDetail/processDetail.js"}},{"type":"read","from":{"name":"t","loc":{"line":94,"column":35},"id":2163147,"file":"D:\\WORK\\2022\\论文相关\\TOSEM\\MiniApp-review\\flow-baseline\\datasetPopular\\安e赔\\__APP__/pages/processDetail/processDetail.js"},"to":{"name":"t.setData","loc":{"line":94,"column":55},"id":2163154,"file":"D:\\WORK\\2022\\论文相关\\TOSEM\\MiniApp-review\\flow-baseline\\datasetPopular\\安e赔\\__APP__/pages/processDetail/processDetail.js"}}]},{"leftVar":[{"id":2163260,"declaredName":"t","declaredLoc":{"line":121,"column":12},"file":"/pages/processDetail/processDetail.js","type":"normal"}],"readFlow":[{"type":"assign to","from":{"name":"this","loc":{"line":121,"column":16},"id":2163261,"file":"D:\\WORK\\2022\\论文相关\\TOSEM\\MiniApp-review\\flow-baseline\\datasetPopular\\安e赔\\__APP__/pages/processDetail/processDetail.js"},"to":{"name":"t","loc":{"line":121,"column":12},"id":2163260,"file":"D:\\WORK\\2022\\论文相关\\TOSEM\\MiniApp-review\\flow-baseline\\datasetPopular\\安e赔\\__APP__/pages/processDetail/processDetail.js"}}]},{"leftVar":[{"id":2163483,"declaredName":"e","declaredLoc":{"line":158,"column":12},"file":"/pages/processDetail/processDetail.js","type":"normal"}],"readFlow":[{"type":"assign to","from":{"name":"this","loc":{"line":158,"column":16},"id":2163484,"file":"D:\\WORK\\2022\\论文相关\\TOSEM\\MiniApp-review\\flow-baseline\\datasetPopular\\安e赔\\__APP__/pages/processDetail/processDetail.js"},"to":{"name":"e","loc":{"line":158,"column":12},"id":2163483,"file":"D:\\WORK\\2022\\论文相关\\TOSEM\\MiniApp-review\\flow-baseline\\datasetPopular\\安e赔\\__APP__/pages/processDetail/processDetail.js"}}]},{"leftVar":[{"id":2163989,"declaredName":"s","declaredLoc":{"line":249,"column":12},"file":"/pages/processDetail/processDetail.js","type":"normal"}],"readFlow":[{"type":"assign to","from":{"name":"this","loc":{"line":249,"column":16},"id":2163990,"file":"D:\\WORK\\2022\\论文相关\\TOSEM\\MiniApp-review\\flow-baseline\\datasetPopular\\安e赔\\__APP__/pages/processDetail/processDetail.js"},"to":{"name":"s","loc":{"line":249,"column":12},"id":2163989,"file":"D:\\WORK\\2022\\论文相关\\TOSEM\\MiniApp-review\\flow-baseline\\datasetPopular\\安e赔\\__APP__/pages/processDetail/processDetail.js"}}]},{"leftVar":[{"id":2164115,"declaredName":"t","declaredLoc":{"line":270,"column":12},"file":"/pages/processDetail/processDetail.js","type":"normal"}],"readFlow":[{"type":"assign to","from":{"name":"this","loc":{"line":270,"column":16},"id":2164116,"file":"D:\\WORK\\2022\\论文相关\\TOSEM\\MiniApp-review\\flow-baseline\\datasetPopular\\安e赔\\__APP__/pages/processDetail/processDetail.js"},"to":{"name":"t","loc":{"line":270,"column":12},"id":2164115,"file":"D:\\WORK\\2022\\论文相关\\TOSEM\\MiniApp-review\\flow-baseline\\datasetPopular\\安e赔\\__APP__/pages/processDetail/processDetail.js"}},{"type":"read","from":{"name":"t","loc":{"line":270,"column":12},"id":2164115,"file":"D:\\WORK\\2022\\论文相关\\TOSEM\\MiniApp-review\\flow-baseline\\datasetPopular\\安e赔\\__APP__/pages/processDetail/processDetail.js"},"to":{"name":"t","loc":{"line":295,"column":51},"id":2164390,"file":"D:\\WORK\\2022\\论文相关\\TOSEM\\MiniApp-review\\flow-baseline\\datasetPopular\\安e赔\\__APP__/pages/processDetail/processDetail.js"}},{"type":"to callee","from":{"name":"t","loc":{"line":295,"column":51},"id":2164390,"file":"D:\\WORK\\2022\\论文相关\\TOSEM\\MiniApp-review\\flow-baseline\\datasetPopular\\安e赔\\__APP__/pages/processDetail/processDetail.js"},"to":{"name":"e.showToast","loc":{"line":295,"column":39},"id":2164387,"file":"D:\\WORK\\2022\\论文相关\\TOSEM\\MiniApp-review\\flow-baseline\\datasetPopular\\安e赔\\__APP__/pages/processDetail/processDetail.js"}}]},{"leftVar":[{"id":2164635,"declaredName":"o","declaredLoc":{"line":350,"column":12},"file":"/pages/processDetail/processDetail.js","type":"normal"}],"readFlow":[{"type":"assign to","from":{"name":"this","loc":{"line":350,"column":16},"id":2164636,"file":"D:\\WORK\\2022\\论文相关\\TOSEM\\MiniApp-review\\flow-baseline\\datasetPopular\\安e赔\\__APP__/pages/processDetail/processDetail.js"},"to":{"name":"o","loc":{"line":350,"column":12},"id":2164635,"file":"D:\\WORK\\2022\\论文相关\\TOSEM\\MiniApp-review\\flow-baseline\\datasetPopular\\安e赔\\__APP__/pages/processDetail/processDetail.js"}}]}]}],"writeShadows":[{"shadowVar":{"id":-175196,"declaredName":"__object__18.setData","file":"/pages/processDetail/processDetail.js","type":"normal"},"writeAccess":[]}]}]}]}