{"definedData":[],"dynamicDefinedData":[{"shadowObjectVar":"__object__597","dynamicDefinedProps":[{"propName":".setData","readShadows":[{"shadowVar":{"id":-175288,"declaredName":"__object__597.setData","file":"/pages/recordDetail/recordDetail.js","type":"normal"},"readAccess":[{"leftVar":[{"id":2174976,"declaredName":"t","declaredLoc":{"line":1131,"column":39},"file":"/pages/recordDetail/recordDetail.js","type":"normal"}],"readFlow":[{"type":"assign to","from":{"name":"this","loc":{"line":1131,"column":43},"id":2174977,"file":"D:\\WORK\\2022\\论文相关\\TOSEM\\MiniApp-review\\flow-baseline\\datasetPopular\\安e赔\\__APP__/pages/recordDetail/recordDetail.js"},"to":{"name":"t","loc":{"line":1131,"column":39},"id":2174976,"file":"D:\\WORK\\2022\\论文相关\\TOSEM\\MiniApp-review\\flow-baseline\\datasetPopular\\安e赔\\__APP__/pages/recordDetail/recordDetail.js"}},{"type":"read","from":{"name":"t","loc":{"line":1131,"column":39},"id":2174976,"file":"D:\\WORK\\2022\\论文相关\\TOSEM\\MiniApp-review\\flow-baseline\\datasetPopular\\安e赔\\__APP__/pages/recordDetail/recordDetail.js"},"to":{"name":"t","loc":{"line":1147,"column":37},"id":2175098,"file":"D:\\WORK\\2022\\论文相关\\TOSEM\\MiniApp-review\\flow-baseline\\datasetPopular\\安e赔\\__APP__/pages/recordDetail/recordDetail.js"}},{"type":"to callee","from":{"name":"t","loc":{"line":1147,"column":37},"id":2175098,"file":"D:\\WORK\\2022\\论文相关\\TOSEM\\MiniApp-review\\flow-baseline\\datasetPopular\\安e赔\\__APP__/pages/recordDetail/recordDetail.js"},"to":{"name":"d.showToast","loc":{"line":1147,"column":25},"id":2175095,"file":"D:\\WORK\\2022\\论文相关\\TOSEM\\MiniApp-review\\flow-baseline\\datasetPopular\\安e赔\\__APP__/pages/recordDetail/recordDetail.js"}}]},{"leftVar":[{"id":2176862,"declaredName":"e","declaredLoc":{"line":1447,"column":12},"file":"/pages/recordDetail/recordDetail.js","type":"normal"}],"readFlow":[{"type":"assign to","from":{"name":"this","loc":{"line":1447,"column":16},"id":2176863,"file":"D:\\WORK\\2022\\论文相关\\TOSEM\\MiniApp-review\\flow-baseline\\datasetPopular\\安e赔\\__APP__/pages/recordDetail/recordDetail.js"},"to":{"name":"e","loc":{"line":1447,"column":12},"id":2176862,"file":"D:\\WORK\\2022\\论文相关\\TOSEM\\MiniApp-review\\flow-baseline\\datasetPopular\\安e赔\\__APP__/pages/recordDetail/recordDetail.js"}},{"type":"read","from":{"name":"e","loc":{"line":1447,"column":12},"id":2176862,"file":"D:\\WORK\\2022\\论文相关\\TOSEM\\MiniApp-review\\flow-baseline\\datasetPopular\\安e赔\\__APP__/pages/recordDetail/recordDetail.js"},"to":{"name":"e","loc":{"line":1453,"column":10},"id":2176898,"file":"D:\\WORK\\2022\\论文相关\\TOSEM\\MiniApp-review\\flow-baseline\\datasetPopular\\安e赔\\__APP__/pages/recordDetail/recordDetail.js"}},{"type":"read","from":{"name":"e","loc":{"line":1453,"column":10},"id":2176898,"file":"D:\\WORK\\2022\\论文相关\\TOSEM\\MiniApp-review\\flow-baseline\\datasetPopular\\安e赔\\__APP__/pages/recordDetail/recordDetail.js"},"to":{"name":"e","loc":{"line":1453,"column":15},"id":2176901,"file":"D:\\WORK\\2022\\论文相关\\TOSEM\\MiniApp-review\\flow-baseline\\datasetPopular\\安e赔\\__APP__/pages/recordDetail/recordDetail.js"}},{"type":"read","from":{"name":"e","loc":{"line":1453,"column":15},"id":2176901,"file":"D:\\WORK\\2022\\论文相关\\TOSEM\\MiniApp-review\\flow-baseline\\datasetPopular\\安e赔\\__APP__/pages/recordDetail/recordDetail.js"},"to":{"name":"e.setData","loc":{"line":1453,"column":69},"id":2176914,"file":"D:\\WORK\\2022\\论文相关\\TOSEM\\MiniApp-review\\flow-baseline\\datasetPopular\\安e赔\\__APP__/pages/recordDetail/recordDetail.js"}},{"type":"to callee","from":{"name":"e","loc":{"line":1453,"column":15},"id":2176901,"file":"D:\\WORK\\2022\\论文相关\\TOSEM\\MiniApp-review\\flow-baseline\\datasetPopular\\安e赔\\__APP__/pages/recordDetail/recordDetail.js"},"to":{"name":"I","loc":{"line":1453,"column":13},"id":2176900,"file":"D:\\WORK\\2022\\论文相关\\TOSEM\\MiniApp-review\\flow-baseline\\datasetPopular\\安e赔\\__APP__/pages/recordDetail/recordDetail.js"}},{"type":"to callee","from":{"name":"e","loc":{"line":1453,"column":15},"id":2176901,"file":"D:\\WORK\\2022\\论文相关\\TOSEM\\MiniApp-review\\flow-baseline\\datasetPopular\\安e赔\\__APP__/pages/recordDetail/recordDetail.js"},"to":{"name":"function (a, e) {\n    wx.setStorage({\n        key: d.wxCode.openid + '_' + a.data.regsNo + '_detail',\n        data: e\n    });\n}","loc":{"line":1448,"column":9},"id":2176868,"file":"D:\\WORK\\2022\\论文相关\\TOSEM\\MiniApp-review\\flow-baseline\\datasetPopular\\安e赔\\__APP__/pages/recordDetail/recordDetail.js"}},{"type":"read","from":{"name":"e.setData","loc":{"line":1453,"column":69},"id":2176914,"file":"D:\\WORK\\2022\\论文相关\\TOSEM\\MiniApp-review\\flow-baseline\\datasetPopular\\安e赔\\__APP__/pages/recordDetail/recordDetail.js"},"to":{"name":"e.setData","loc":{"line":1461,"column":39},"id":2176977,"file":"D:\\WORK\\2022\\论文相关\\TOSEM\\MiniApp-review\\flow-baseline\\datasetPopular\\安e赔\\__APP__/pages/recordDetail/recordDetail.js"}}]},{"leftVar":[{"id":2177156,"declaredName":"e","declaredLoc":{"line":1481,"column":12},"file":"/pages/recordDetail/recordDetail.js","type":"normal"}],"readFlow":[{"type":"assign to","from":{"name":"this","loc":{"line":1481,"column":16},"id":2177157,"file":"D:\\WORK\\2022\\论文相关\\TOSEM\\MiniApp-review\\flow-baseline\\datasetPopular\\安e赔\\__APP__/pages/recordDetail/recordDetail.js"},"to":{"name":"e","loc":{"line":1481,"column":12},"id":2177156,"file":"D:\\WORK\\2022\\论文相关\\TOSEM\\MiniApp-review\\flow-baseline\\datasetPopular\\安e赔\\__APP__/pages/recordDetail/recordDetail.js"}}]},{"leftVar":[{"id":2177378,"declaredName":"e","declaredLoc":{"line":1512,"column":12},"file":"/pages/recordDetail/recordDetail.js","type":"normal"}],"readFlow":[{"type":"assign to","from":{"name":"this","loc":{"line":1512,"column":16},"id":2177379,"file":"D:\\WORK\\2022\\论文相关\\TOSEM\\MiniApp-review\\flow-baseline\\datasetPopular\\安e赔\\__APP__/pages/recordDetail/recordDetail.js"},"to":{"name":"e","loc":{"line":1512,"column":12},"id":2177378,"file":"D:\\WORK\\2022\\论文相关\\TOSEM\\MiniApp-review\\flow-baseline\\datasetPopular\\安e赔\\__APP__/pages/recordDetail/recordDetail.js"}},{"type":"read","from":{"name":"e","loc":{"line":1512,"column":12},"id":2177378,"file":"D:\\WORK\\2022\\论文相关\\TOSEM\\MiniApp-review\\flow-baseline\\datasetPopular\\安e赔\\__APP__/pages/recordDetail/recordDetail.js"},"to":{"name":"e","loc":{"line":1573,"column":97},"id":2178782,"file":"D:\\WORK\\2022\\论文相关\\TOSEM\\MiniApp-review\\flow-baseline\\datasetPopular\\安e赔\\__APP__/pages/recordDetail/recordDetail.js"}},{"type":"read","from":{"name":"e","loc":{"line":1512,"column":12},"id":2177378,"file":"D:\\WORK\\2022\\论文相关\\TOSEM\\MiniApp-review\\flow-baseline\\datasetPopular\\安e赔\\__APP__/pages/recordDetail/recordDetail.js"},"to":{"name":"e","loc":{"line":1572,"column":955},"id":2178761,"file":"D:\\WORK\\2022\\论文相关\\TOSEM\\MiniApp-review\\flow-baseline\\datasetPopular\\安e赔\\__APP__/pages/recordDetail/recordDetail.js"}},{"type":"read","from":{"name":"e","loc":{"line":1512,"column":12},"id":2177378,"file":"D:\\WORK\\2022\\论文相关\\TOSEM\\MiniApp-review\\flow-baseline\\datasetPopular\\安e赔\\__APP__/pages/recordDetail/recordDetail.js"},"to":{"name":"e","loc":{"line":1590,"column":43},"id":2179144,"file":"D:\\WORK\\2022\\论文相关\\TOSEM\\MiniApp-review\\flow-baseline\\datasetPopular\\安e赔\\__APP__/pages/recordDetail/recordDetail.js"}},{"type":"read","from":{"name":"e","loc":{"line":1512,"column":12},"id":2177378,"file":"D:\\WORK\\2022\\论文相关\\TOSEM\\MiniApp-review\\flow-baseline\\datasetPopular\\安e赔\\__APP__/pages/recordDetail/recordDetail.js"},"to":{"name":"e","loc":{"line":1590,"column":80},"id":2179151,"file":"D:\\WORK\\2022\\论文相关\\TOSEM\\MiniApp-review\\flow-baseline\\datasetPopular\\安e赔\\__APP__/pages/recordDetail/recordDetail.js"}},{"type":"read","from":{"name":"e","loc":{"line":1512,"column":12},"id":2177378,"file":"D:\\WORK\\2022\\论文相关\\TOSEM\\MiniApp-review\\flow-baseline\\datasetPopular\\安e赔\\__APP__/pages/recordDetail/recordDetail.js"},"to":{"name":"e","loc":{"line":1590,"column":119},"id":2179158,"file":"D:\\WORK\\2022\\论文相关\\TOSEM\\MiniApp-review\\flow-baseline\\datasetPopular\\安e赔\\__APP__/pages/recordDetail/recordDetail.js"}},{"type":"read","from":{"name":"e","loc":{"line":1512,"column":12},"id":2177378,"file":"D:\\WORK\\2022\\论文相关\\TOSEM\\MiniApp-review\\flow-baseline\\datasetPopular\\安e赔\\__APP__/pages/recordDetail/recordDetail.js"},"to":{"name":"e","loc":{"line":1590,"column":156},"id":2179165,"file":"D:\\WORK\\2022\\论文相关\\TOSEM\\MiniApp-review\\flow-baseline\\datasetPopular\\安e赔\\__APP__/pages/recordDetail/recordDetail.js"}},{"type":"read","from":{"name":"e","loc":{"line":1512,"column":12},"id":2177378,"file":"D:\\WORK\\2022\\论文相关\\TOSEM\\MiniApp-review\\flow-baseline\\datasetPopular\\安e赔\\__APP__/pages/recordDetail/recordDetail.js"},"to":{"name":"e","loc":{"line":1590,"column":195},"id":2179172,"file":"D:\\WORK\\2022\\论文相关\\TOSEM\\MiniApp-review\\flow-baseline\\datasetPopular\\安e赔\\__APP__/pages/recordDetail/recordDetail.js"}},{"type":"read","from":{"name":"e","loc":{"line":1512,"column":12},"id":2177378,"file":"D:\\WORK\\2022\\论文相关\\TOSEM\\MiniApp-review\\flow-baseline\\datasetPopular\\安e赔\\__APP__/pages/recordDetail/recordDetail.js"},"to":{"name":"e","loc":{"line":1590,"column":233},"id":2179179,"file":"D:\\WORK\\2022\\论文相关\\TOSEM\\MiniApp-review\\flow-baseline\\datasetPopular\\安e赔\\__APP__/pages/recordDetail/recordDetail.js"}},{"type":"read","from":{"name":"e","loc":{"line":1512,"column":12},"id":2177378,"file":"D:\\WORK\\2022\\论文相关\\TOSEM\\MiniApp-review\\flow-baseline\\datasetPopular\\安e赔\\__APP__/pages/recordDetail/recordDetail.js"},"to":{"name":"e","loc":{"line":1590,"column":272},"id":2179186,"file":"D:\\WORK\\2022\\论文相关\\TOSEM\\MiniApp-review\\flow-baseline\\datasetPopular\\安e赔\\__APP__/pages/recordDetail/recordDetail.js"}},{"type":"read","from":{"name":"e","loc":{"line":1512,"column":12},"id":2177378,"file":"D:\\WORK\\2022\\论文相关\\TOSEM\\MiniApp-review\\flow-baseline\\datasetPopular\\安e赔\\__APP__/pages/recordDetail/recordDetail.js"},"to":{"name":"e","loc":{"line":1591,"column":39},"id":2179193,"file":"D:\\WORK\\2022\\论文相关\\TOSEM\\MiniApp-review\\flow-baseline\\datasetPopular\\安e赔\\__APP__/pages/recordDetail/recordDetail.js"}},{"type":"read","from":{"name":"e","loc":{"line":1512,"column":12},"id":2177378,"file":"D:\\WORK\\2022\\论文相关\\TOSEM\\MiniApp-review\\flow-baseline\\datasetPopular\\安e赔\\__APP__/pages/recordDetail/recordDetail.js"},"to":{"name":"e","loc":{"line":1568,"column":172},"id":2178444,"file":"D:\\WORK\\2022\\论文相关\\TOSEM\\MiniApp-review\\flow-baseline\\datasetPopular\\安e赔\\__APP__/pages/recordDetail/recordDetail.js"}},{"type":"read","from":{"name":"e","loc":{"line":1512,"column":12},"id":2177378,"file":"D:\\WORK\\2022\\论文相关\\TOSEM\\MiniApp-review\\flow-baseline\\datasetPopular\\安e赔\\__APP__/pages/recordDetail/recordDetail.js"},"to":{"name":"e","loc":{"line":1564,"column":167},"id":2178335,"file":"D:\\WORK\\2022\\论文相关\\TOSEM\\MiniApp-review\\flow-baseline\\datasetPopular\\安e赔\\__APP__/pages/recordDetail/recordDetail.js"}},{"type":"read","from":{"name":"e","loc":{"line":1512,"column":12},"id":2177378,"file":"D:\\WORK\\2022\\论文相关\\TOSEM\\MiniApp-review\\flow-baseline\\datasetPopular\\安e赔\\__APP__/pages/recordDetail/recordDetail.js"},"to":{"name":"e","loc":{"line":1593,"column":31},"id":2179200,"file":"D:\\WORK\\2022\\论文相关\\TOSEM\\MiniApp-review\\flow-baseline\\datasetPopular\\安e赔\\__APP__/pages/recordDetail/recordDetail.js"}},{"type":"to callee","from":{"name":"e","loc":{"line":1593,"column":31},"id":2179200,"file":"D:\\WORK\\2022\\论文相关\\TOSEM\\MiniApp-review\\flow-baseline\\datasetPopular\\安e赔\\__APP__/pages/recordDetail/recordDetail.js"},"to":{"name":"d.showToast","loc":{"line":1593,"column":19},"id":2179197,"file":"D:\\WORK\\2022\\论文相关\\TOSEM\\MiniApp-review\\flow-baseline\\datasetPopular\\安e赔\\__APP__/pages/recordDetail/recordDetail.js"}},{"type":"to callee","from":{"name":"e","loc":{"line":1564,"column":167},"id":2178335,"file":"D:\\WORK\\2022\\论文相关\\TOSEM\\MiniApp-review\\flow-baseline\\datasetPopular\\安e赔\\__APP__/pages/recordDetail/recordDetail.js"},"to":{"name":"d.showToast","loc":{"line":1564,"column":155},"id":2178332,"file":"D:\\WORK\\2022\\论文相关\\TOSEM\\MiniApp-review\\flow-baseline\\datasetPopular\\安e赔\\__APP__/pages/recordDetail/recordDetail.js"}},{"type":"to callee","from":{"name":"e","loc":{"line":1568,"column":172},"id":2178444,"file":"D:\\WORK\\2022\\论文相关\\TOSEM\\MiniApp-review\\flow-baseline\\datasetPopular\\安e赔\\__APP__/pages/recordDetail/recordDetail.js"},"to":{"name":"d.showToast","loc":{"line":1568,"column":160},"id":2178441,"file":"D:\\WORK\\2022\\论文相关\\TOSEM\\MiniApp-review\\flow-baseline\\datasetPopular\\安e赔\\__APP__/pages/recordDetail/recordDetail.js"}},{"type":"to callee","from":{"name":"e","loc":{"line":1591,"column":39},"id":2179193,"file":"D:\\WORK\\2022\\论文相关\\TOSEM\\MiniApp-review\\flow-baseline\\datasetPopular\\安e赔\\__APP__/pages/recordDetail/recordDetail.js"},"to":{"name":"d.showToast","loc":{"line":1591,"column":27},"id":2179190,"file":"D:\\WORK\\2022\\论文相关\\TOSEM\\MiniApp-review\\flow-baseline\\datasetPopular\\安e赔\\__APP__/pages/recordDetail/recordDetail.js"}},{"type":"to callee","from":{"name":"e","loc":{"line":1590,"column":272},"id":2179186,"file":"D:\\WORK\\2022\\论文相关\\TOSEM\\MiniApp-review\\flow-baseline\\datasetPopular\\安e赔\\__APP__/pages/recordDetail/recordDetail.js"},"to":{"name":"d.showToast","loc":{"line":1590,"column":260},"id":2179183,"file":"D:\\WORK\\2022\\论文相关\\TOSEM\\MiniApp-review\\flow-baseline\\datasetPopular\\安e赔\\__APP__/pages/recordDetail/recordDetail.js"}},{"type":"to callee","from":{"name":"e","loc":{"line":1590,"column":233},"id":2179179,"file":"D:\\WORK\\2022\\论文相关\\TOSEM\\MiniApp-review\\flow-baseline\\datasetPopular\\安e赔\\__APP__/pages/recordDetail/recordDetail.js"},"to":{"name":"d.showToast","loc":{"line":1590,"column":221},"id":2179176,"file":"D:\\WORK\\2022\\论文相关\\TOSEM\\MiniApp-review\\flow-baseline\\datasetPopular\\安e赔\\__APP__/pages/recordDetail/recordDetail.js"}},{"type":"to callee","from":{"name":"e","loc":{"line":1590,"column":195},"id":2179172,"file":"D:\\WORK\\2022\\论文相关\\TOSEM\\MiniApp-review\\flow-baseline\\datasetPopular\\安e赔\\__APP__/pages/recordDetail/recordDetail.js"},"to":{"name":"d.showToast","loc":{"line":1590,"column":183},"id":2179169,"file":"D:\\WORK\\2022\\论文相关\\TOSEM\\MiniApp-review\\flow-baseline\\datasetPopular\\安e赔\\__APP__/pages/recordDetail/recordDetail.js"}},{"type":"to callee","from":{"name":"e","loc":{"line":1590,"column":156},"id":2179165,"file":"D:\\WORK\\2022\\论文相关\\TOSEM\\MiniApp-review\\flow-baseline\\datasetPopular\\安e赔\\__APP__/pages/recordDetail/recordDetail.js"},"to":{"name":"d.showToast","loc":{"line":1590,"column":144},"id":2179162,"file":"D:\\WORK\\2022\\论文相关\\TOSEM\\MiniApp-review\\flow-baseline\\datasetPopular\\安e赔\\__APP__/pages/recordDetail/recordDetail.js"}},{"type":"to callee","from":{"name":"e","loc":{"line":1590,"column":119},"id":2179158,"file":"D:\\WORK\\2022\\论文相关\\TOSEM\\MiniApp-review\\flow-baseline\\datasetPopular\\安e赔\\__APP__/pages/recordDetail/recordDetail.js"},"to":{"name":"d.showToast","loc":{"line":1590,"column":107},"id":2179155,"file":"D:\\WORK\\2022\\论文相关\\TOSEM\\MiniApp-review\\flow-baseline\\datasetPopular\\安e赔\\__APP__/pages/recordDetail/recordDetail.js"}},{"type":"to callee","from":{"name":"e","loc":{"line":1590,"column":80},"id":2179151,"file":"D:\\WORK\\2022\\论文相关\\TOSEM\\MiniApp-review\\flow-baseline\\datasetPopular\\安e赔\\__APP__/pages/recordDetail/recordDetail.js"},"to":{"name":"d.showToast","loc":{"line":1590,"column":68},"id":2179148,"file":"D:\\WORK\\2022\\论文相关\\TOSEM\\MiniApp-review\\flow-baseline\\datasetPopular\\安e赔\\__APP__/pages/recordDetail/recordDetail.js"}},{"type":"to callee","from":{"name":"e","loc":{"line":1590,"column":43},"id":2179144,"file":"D:\\WORK\\2022\\论文相关\\TOSEM\\MiniApp-review\\flow-baseline\\datasetPopular\\安e赔\\__APP__/pages/recordDetail/recordDetail.js"},"to":{"name":"d.showToast","loc":{"line":1590,"column":31},"id":2179141,"file":"D:\\WORK\\2022\\论文相关\\TOSEM\\MiniApp-review\\flow-baseline\\datasetPopular\\安e赔\\__APP__/pages/recordDetail/recordDetail.js"}},{"type":"to callee","from":{"name":"e","loc":{"line":1572,"column":955},"id":2178761,"file":"D:\\WORK\\2022\\论文相关\\TOSEM\\MiniApp-review\\flow-baseline\\datasetPopular\\安e赔\\__APP__/pages/recordDetail/recordDetail.js"},"to":{"name":"d.showToast","loc":{"line":1572,"column":943},"id":2178758,"file":"D:\\WORK\\2022\\论文相关\\TOSEM\\MiniApp-review\\flow-baseline\\datasetPopular\\安e赔\\__APP__/pages/recordDetail/recordDetail.js"}},{"type":"to callee","from":{"name":"e","loc":{"line":1573,"column":97},"id":2178782,"file":"D:\\WORK\\2022\\论文相关\\TOSEM\\MiniApp-review\\flow-baseline\\datasetPopular\\安e赔\\__APP__/pages/recordDetail/recordDetail.js"},"to":{"name":"d.showToast","loc":{"line":1573,"column":85},"id":2178779,"file":"D:\\WORK\\2022\\论文相关\\TOSEM\\MiniApp-review\\flow-baseline\\datasetPopular\\安e赔\\__APP__/pages/recordDetail/recordDetail.js"}},{"type":"read","from":{"name":"e","loc":{"line":1573,"column":97},"id":2178782,"file":"D:\\WORK\\2022\\论文相关\\TOSEM\\MiniApp-review\\flow-baseline\\datasetPopular\\安e赔\\__APP__/pages/recordDetail/recordDetail.js"},"to":{"name":"e.setData","loc":{"line":1583,"column":237},"id":2179041,"file":"D:\\WORK\\2022\\论文相关\\TOSEM\\MiniApp-review\\flow-baseline\\datasetPopular\\安e赔\\__APP__/pages/recordDetail/recordDetail.js"}},{"type":"read","from":{"name":"e","loc":{"line":1573,"column":97},"id":2178782,"file":"D:\\WORK\\2022\\论文相关\\TOSEM\\MiniApp-review\\flow-baseline\\datasetPopular\\安e赔\\__APP__/pages/recordDetail/recordDetail.js"},"to":{"name":"e","loc":{"line":1585,"column":76},"id":2179063,"file":"D:\\WORK\\2022\\论文相关\\TOSEM\\MiniApp-review\\flow-baseline\\datasetPopular\\安e赔\\__APP__/pages/recordDetail/recordDetail.js"}},{"type":"read","from":{"name":"e","loc":{"line":1573,"column":97},"id":2178782,"file":"D:\\WORK\\2022\\论文相关\\TOSEM\\MiniApp-review\\flow-baseline\\datasetPopular\\安e赔\\__APP__/pages/recordDetail/recordDetail.js"},"to":{"name":"e","loc":{"line":1585,"column":93},"id":2179068,"file":"D:\\WORK\\2022\\论文相关\\TOSEM\\MiniApp-review\\flow-baseline\\datasetPopular\\安e赔\\__APP__/pages/recordDetail/recordDetail.js"}},{"type":"read","from":{"name":"e","loc":{"line":1573,"column":97},"id":2178782,"file":"D:\\WORK\\2022\\论文相关\\TOSEM\\MiniApp-review\\flow-baseline\\datasetPopular\\安e赔\\__APP__/pages/recordDetail/recordDetail.js"},"to":{"name":"e.setData","loc":{"line":1586,"column":57},"id":2179089,"file":"D:\\WORK\\2022\\论文相关\\TOSEM\\MiniApp-review\\flow-baseline\\datasetPopular\\安e赔\\__APP__/pages/recordDetail/recordDetail.js"}},{"type":"read","from":{"name":"e","loc":{"line":1573,"column":97},"id":2178782,"file":"D:\\WORK\\2022\\论文相关\\TOSEM\\MiniApp-review\\flow-baseline\\datasetPopular\\安e赔\\__APP__/pages/recordDetail/recordDetail.js"},"to":{"name":"e","loc":{"line":1588,"column":112},"id":2179117,"file":"D:\\WORK\\2022\\论文相关\\TOSEM\\MiniApp-review\\flow-baseline\\datasetPopular\\安e赔\\__APP__/pages/recordDetail/recordDetail.js"}},{"type":"read","from":{"name":"e","loc":{"line":1573,"column":97},"id":2178782,"file":"D:\\WORK\\2022\\论文相关\\TOSEM\\MiniApp-review\\flow-baseline\\datasetPopular\\安e赔\\__APP__/pages/recordDetail/recordDetail.js"},"to":{"name":"e","loc":{"line":1588,"column":130},"id":2179122,"file":"D:\\WORK\\2022\\论文相关\\TOSEM\\MiniApp-review\\flow-baseline\\datasetPopular\\安e赔\\__APP__/pages/recordDetail/recordDetail.js"}},{"type":"read","from":{"name":"e","loc":{"line":1573,"column":97},"id":2178782,"file":"D:\\WORK\\2022\\论文相关\\TOSEM\\MiniApp-review\\flow-baseline\\datasetPopular\\安e赔\\__APP__/pages/recordDetail/recordDetail.js"},"to":{"name":"e","loc":{"line":1588,"column":162},"id":2179130,"file":"D:\\WORK\\2022\\论文相关\\TOSEM\\MiniApp-review\\flow-baseline\\datasetPopular\\安e赔\\__APP__/pages/recordDetail/recordDetail.js"}},{"type":"read","from":{"name":"e","loc":{"line":1573,"column":97},"id":2178782,"file":"D:\\WORK\\2022\\论文相关\\TOSEM\\MiniApp-review\\flow-baseline\\datasetPopular\\安e赔\\__APP__/pages/recordDetail/recordDetail.js"},"to":{"name":"e","loc":{"line":1589,"column":47},"id":2179137,"file":"D:\\WORK\\2022\\论文相关\\TOSEM\\MiniApp-review\\flow-baseline\\datasetPopular\\安e赔\\__APP__/pages/recordDetail/recordDetail.js"}},{"type":"to callee","from":{"name":"e","loc":{"line":1589,"column":47},"id":2179137,"file":"D:\\WORK\\2022\\论文相关\\TOSEM\\MiniApp-review\\flow-baseline\\datasetPopular\\安e赔\\__APP__/pages/recordDetail/recordDetail.js"},"to":{"name":"d.showToast","loc":{"line":1589,"column":35},"id":2179134,"file":"D:\\WORK\\2022\\论文相关\\TOSEM\\MiniApp-review\\flow-baseline\\datasetPopular\\安e赔\\__APP__/pages/recordDetail/recordDetail.js"}},{"type":"to callee","from":{"name":"e","loc":{"line":1588,"column":162},"id":2179130,"file":"D:\\WORK\\2022\\论文相关\\TOSEM\\MiniApp-review\\flow-baseline\\datasetPopular\\安e赔\\__APP__/pages/recordDetail/recordDetail.js"},"to":{"name":"d.showToast","loc":{"line":1588,"column":150},"id":2179127,"file":"D:\\WORK\\2022\\论文相关\\TOSEM\\MiniApp-review\\flow-baseline\\datasetPopular\\安e赔\\__APP__/pages/recordDetail/recordDetail.js"}},{"type":"to callee","from":{"name":"e","loc":{"line":1588,"column":130},"id":2179122,"file":"D:\\WORK\\2022\\论文相关\\TOSEM\\MiniApp-review\\flow-baseline\\datasetPopular\\安e赔\\__APP__/pages/recordDetail/recordDetail.js"},"to":{"name":"d.showToast","loc":{"line":1588,"column":118},"id":2179119,"file":"D:\\WORK\\2022\\论文相关\\TOSEM\\MiniApp-review\\flow-baseline\\datasetPopular\\安e赔\\__APP__/pages/recordDetail/recordDetail.js"}},{"type":"to callee","from":{"name":"e","loc":{"line":1588,"column":112},"id":2179117,"file":"D:\\WORK\\2022\\论文相关\\TOSEM\\MiniApp-review\\flow-baseline\\datasetPopular\\安e赔\\__APP__/pages/recordDetail/recordDetail.js"},"to":{"name":"f","loc":{"line":1588,"column":94},"id":2179111,"file":"D:\\WORK\\2022\\论文相关\\TOSEM\\MiniApp-review\\flow-baseline\\datasetPopular\\安e赔\\__APP__/pages/recordDetail/recordDetail.js"}},{"type":"to callee","from":{"name":"e","loc":{"line":1585,"column":93},"id":2179068,"file":"D:\\WORK\\2022\\论文相关\\TOSEM\\MiniApp-review\\flow-baseline\\datasetPopular\\安e赔\\__APP__/pages/recordDetail/recordDetail.js"},"to":{"name":"d.showToast","loc":{"line":1585,"column":81},"id":2179065,"file":"D:\\WORK\\2022\\论文相关\\TOSEM\\MiniApp-review\\flow-baseline\\datasetPopular\\安e赔\\__APP__/pages/recordDetail/recordDetail.js"}},{"type":"to callee","from":{"name":"e","loc":{"line":1585,"column":76},"id":2179063,"file":"D:\\WORK\\2022\\论文相关\\TOSEM\\MiniApp-review\\flow-baseline\\datasetPopular\\安e赔\\__APP__/pages/recordDetail/recordDetail.js"},"to":{"name":"f","loc":{"line":1585,"column":58},"id":2179057,"file":"D:\\WORK\\2022\\论文相关\\TOSEM\\MiniApp-review\\flow-baseline\\datasetPopular\\安e赔\\__APP__/pages/recordDetail/recordDetail.js"}}]}]}],"writeShadows":[{"shadowVar":{"id":-175288,"declaredName":"__object__597.setData","file":"/pages/recordDetail/recordDetail.js","type":"normal"},"writeAccess":[]}]}]}]}