{"definedData":[],"dynamicDefinedData":[{"shadowObjectVar":"__object__27","dynamicDefinedProps":[{"propName":".setData","readShadows":[{"shadowVar":{"id":-175421,"declaredName":"__object__27.setData","file":"/pages/recordsList/recordsList.js","type":"normal"},"readAccess":[{"leftVar":[{"id":2182125,"declaredName":"t","declaredLoc":{"line":121,"column":12},"file":"/pages/recordsList/recordsList.js","type":"normal"}],"readFlow":[{"type":"assign to","from":{"name":"this","loc":{"line":121,"column":16},"id":2182126,"file":"D:\\WORK\\2022\\论文相关\\TOSEM\\MiniApp-review\\flow-baseline\\datasetPopular\\安e赔\\__APP__/pages/recordsList/recordsList.js"},"to":{"name":"t","loc":{"line":121,"column":12},"id":2182125,"file":"D:\\WORK\\2022\\论文相关\\TOSEM\\MiniApp-review\\flow-baseline\\datasetPopular\\安e赔\\__APP__/pages/recordsList/recordsList.js"}}]},{"leftVar":[{"id":2182356,"declaredName":"t","declaredLoc":{"line":162,"column":12},"file":"/pages/recordsList/recordsList.js","type":"normal"}],"readFlow":[{"type":"assign to","from":{"name":"this","loc":{"line":162,"column":16},"id":2182357,"file":"D:\\WORK\\2022\\论文相关\\TOSEM\\MiniApp-review\\flow-baseline\\datasetPopular\\安e赔\\__APP__/pages/recordsList/recordsList.js"},"to":{"name":"t","loc":{"line":162,"column":12},"id":2182356,"file":"D:\\WORK\\2022\\论文相关\\TOSEM\\MiniApp-review\\flow-baseline\\datasetPopular\\安e赔\\__APP__/pages/recordsList/recordsList.js"}},{"type":"read","from":{"name":"t","loc":{"line":162,"column":12},"id":2182356,"file":"D:\\WORK\\2022\\论文相关\\TOSEM\\MiniApp-review\\flow-baseline\\datasetPopular\\安e赔\\__APP__/pages/recordsList/recordsList.js"},"to":{"name":"t","loc":{"line":183,"column":116},"id":2182531,"file":"D:\\WORK\\2022\\论文相关\\TOSEM\\MiniApp-review\\flow-baseline\\datasetPopular\\安e赔\\__APP__/pages/recordsList/recordsList.js"}},{"type":"read","from":{"name":"t","loc":{"line":162,"column":12},"id":2182356,"file":"D:\\WORK\\2022\\论文相关\\TOSEM\\MiniApp-review\\flow-baseline\\datasetPopular\\安e赔\\__APP__/pages/recordsList/recordsList.js"},"to":{"name":"t","loc":{"line":179,"column":68},"id":2182478,"file":"D:\\WORK\\2022\\论文相关\\TOSEM\\MiniApp-review\\flow-baseline\\datasetPopular\\安e赔\\__APP__/pages/recordsList/recordsList.js"}},{"type":"read","from":{"name":"t","loc":{"line":162,"column":12},"id":2182356,"file":"D:\\WORK\\2022\\论文相关\\TOSEM\\MiniApp-review\\flow-baseline\\datasetPopular\\安e赔\\__APP__/pages/recordsList/recordsList.js"},"to":{"name":"t","loc":{"line":190,"column":28},"id":2182556,"file":"D:\\WORK\\2022\\论文相关\\TOSEM\\MiniApp-review\\flow-baseline\\datasetPopular\\安e赔\\__APP__/pages/recordsList/recordsList.js"}},{"type":"to callee","from":{"name":"t","loc":{"line":190,"column":28},"id":2182556,"file":"D:\\WORK\\2022\\论文相关\\TOSEM\\MiniApp-review\\flow-baseline\\datasetPopular\\安e赔\\__APP__/pages/recordsList/recordsList.js"},"to":{"name":"o.showToast","loc":{"line":190,"column":16},"id":2182553,"file":"D:\\WORK\\2022\\论文相关\\TOSEM\\MiniApp-review\\flow-baseline\\datasetPopular\\安e赔\\__APP__/pages/recordsList/recordsList.js"}},{"type":"read","from":{"name":"t","loc":{"line":190,"column":28},"id":2182556,"file":"D:\\WORK\\2022\\论文相关\\TOSEM\\MiniApp-review\\flow-baseline\\datasetPopular\\安e赔\\__APP__/pages/recordsList/recordsList.js"},"to":{"name":"t.setData","loc":{"line":190,"column":40},"id":2182559,"file":"D:\\WORK\\2022\\论文相关\\TOSEM\\MiniApp-review\\flow-baseline\\datasetPopular\\安e赔\\__APP__/pages/recordsList/recordsList.js"}},{"type":"to callee","from":{"name":"t","loc":{"line":179,"column":68},"id":2182478,"file":"D:\\WORK\\2022\\论文相关\\TOSEM\\MiniApp-review\\flow-baseline\\datasetPopular\\安e赔\\__APP__/pages/recordsList/recordsList.js"},"to":{"name":"o.showToast","loc":{"line":179,"column":56},"id":2182475,"file":"D:\\WORK\\2022\\论文相关\\TOSEM\\MiniApp-review\\flow-baseline\\datasetPopular\\安e赔\\__APP__/pages/recordsList/recordsList.js"}},{"type":"to callee","from":{"name":"t","loc":{"line":183,"column":116},"id":2182531,"file":"D:\\WORK\\2022\\论文相关\\TOSEM\\MiniApp-review\\flow-baseline\\datasetPopular\\安e赔\\__APP__/pages/recordsList/recordsList.js"},"to":{"name":"o.showToast","loc":{"line":183,"column":104},"id":2182528,"file":"D:\\WORK\\2022\\论文相关\\TOSEM\\MiniApp-review\\flow-baseline\\datasetPopular\\安e赔\\__APP__/pages/recordsList/recordsList.js"}}]},{"leftVar":[{"id":2182686,"declaredName":"e","declaredLoc":{"line":221,"column":12},"file":"/pages/recordsList/recordsList.js","type":"normal"}],"readFlow":[{"type":"assign to","from":{"name":"this","loc":{"line":221,"column":16},"id":2182687,"file":"D:\\WORK\\2022\\论文相关\\TOSEM\\MiniApp-review\\flow-baseline\\datasetPopular\\安e赔\\__APP__/pages/recordsList/recordsList.js"},"to":{"name":"e","loc":{"line":221,"column":12},"id":2182686,"file":"D:\\WORK\\2022\\论文相关\\TOSEM\\MiniApp-review\\flow-baseline\\datasetPopular\\安e赔\\__APP__/pages/recordsList/recordsList.js"}},{"type":"read","from":{"name":"e","loc":{"line":221,"column":12},"id":2182686,"file":"D:\\WORK\\2022\\论文相关\\TOSEM\\MiniApp-review\\flow-baseline\\datasetPopular\\安e赔\\__APP__/pages/recordsList/recordsList.js"},"to":{"name":"e","loc":{"line":243,"column":51},"id":2182927,"file":"D:\\WORK\\2022\\论文相关\\TOSEM\\MiniApp-review\\flow-baseline\\datasetPopular\\安e赔\\__APP__/pages/recordsList/recordsList.js"}},{"type":"to callee","from":{"name":"e","loc":{"line":243,"column":51},"id":2182927,"file":"D:\\WORK\\2022\\论文相关\\TOSEM\\MiniApp-review\\flow-baseline\\datasetPopular\\安e赔\\__APP__/pages/recordsList/recordsList.js"},"to":{"name":"o.showToast","loc":{"line":243,"column":39},"id":2182924,"file":"D:\\WORK\\2022\\论文相关\\TOSEM\\MiniApp-review\\flow-baseline\\datasetPopular\\安e赔\\__APP__/pages/recordsList/recordsList.js"}}]}]}],"writeShadows":[{"shadowVar":{"id":-175421,"declaredName":"__object__27.setData","file":"/pages/recordsList/recordsList.js","type":"normal"},"writeAccess":[]}]}]}]}