{"definedData":[],"dynamicDefinedData":[{"shadowObjectVar":"__object__3","dynamicDefinedProps":[{"propName":".setData","readShadows":[{"shadowVar":{"id":-175458,"declaredName":"__object__3.setData","file":"/pages/uploadFiles/uploadFiles.js","type":"normal"},"readAccess":[{"leftVar":[{"id":2183096,"declaredName":"a","declaredLoc":{"line":41,"column":12},"file":"/pages/uploadFiles/uploadFiles.js","type":"normal"}],"readFlow":[{"type":"assign to","from":{"name":"this","loc":{"line":42,"column":13},"id":2183103,"file":"D:\\WORK\\2022\\论文相关\\TOSEM\\MiniApp-review\\flow-baseline\\datasetPopular\\安e赔\\__APP__/pages/uploadFiles/uploadFiles.js"},"to":{"name":"a","loc":{"line":42,"column":9},"id":2183102,"file":"D:\\WORK\\2022\\论文相关\\TOSEM\\MiniApp-review\\flow-baseline\\datasetPopular\\安e赔\\__APP__/pages/uploadFiles/uploadFiles.js"}},{"type":"read","from":{"name":"a","loc":{"line":42,"column":9},"id":2183102,"file":"D:\\WORK\\2022\\论文相关\\TOSEM\\MiniApp-review\\flow-baseline\\datasetPopular\\安e赔\\__APP__/pages/uploadFiles/uploadFiles.js"},"to":{"name":"a","loc":{"line":52,"column":52},"id":2183170,"file":"D:\\WORK\\2022\\论文相关\\TOSEM\\MiniApp-review\\flow-baseline\\datasetPopular\\安e赔\\__APP__/pages/uploadFiles/uploadFiles.js"}},{"type":"read","from":{"name":"a","loc":{"line":42,"column":9},"id":2183102,"file":"D:\\WORK\\2022\\论文相关\\TOSEM\\MiniApp-review\\flow-baseline\\datasetPopular\\安e赔\\__APP__/pages/uploadFiles/uploadFiles.js"},"to":{"name":"a","loc":{"line":52,"column":80},"id":2183176,"file":"D:\\WORK\\2022\\论文相关\\TOSEM\\MiniApp-review\\flow-baseline\\datasetPopular\\安e赔\\__APP__/pages/uploadFiles/uploadFiles.js"}},{"type":"to callee","from":{"name":"a","loc":{"line":52,"column":80},"id":2183176,"file":"D:\\WORK\\2022\\论文相关\\TOSEM\\MiniApp-review\\flow-baseline\\datasetPopular\\安e赔\\__APP__/pages/uploadFiles/uploadFiles.js"},"to":{"name":"i.showToast","loc":{"line":52,"column":68},"id":2183173,"file":"D:\\WORK\\2022\\论文相关\\TOSEM\\MiniApp-review\\flow-baseline\\datasetPopular\\安e赔\\__APP__/pages/uploadFiles/uploadFiles.js"}},{"type":"to callee","from":{"name":"a","loc":{"line":52,"column":52},"id":2183170,"file":"D:\\WORK\\2022\\论文相关\\TOSEM\\MiniApp-review\\flow-baseline\\datasetPopular\\安e赔\\__APP__/pages/uploadFiles/uploadFiles.js"},"to":{"name":"i.showToast","loc":{"line":52,"column":40},"id":2183167,"file":"D:\\WORK\\2022\\论文相关\\TOSEM\\MiniApp-review\\flow-baseline\\datasetPopular\\安e赔\\__APP__/pages/uploadFiles/uploadFiles.js"}}]},{"leftVar":[{"id":2183217,"declaredName":"a","declaredLoc":{"line":61,"column":12},"file":"/pages/uploadFiles/uploadFiles.js","type":"normal"}],"readFlow":[{"type":"assign to","from":{"name":"this","loc":{"line":61,"column":16},"id":2183218,"file":"D:\\WORK\\2022\\论文相关\\TOSEM\\MiniApp-review\\flow-baseline\\datasetPopular\\安e赔\\__APP__/pages/uploadFiles/uploadFiles.js"},"to":{"name":"a","loc":{"line":61,"column":12},"id":2183217,"file":"D:\\WORK\\2022\\论文相关\\TOSEM\\MiniApp-review\\flow-baseline\\datasetPopular\\安e赔\\__APP__/pages/uploadFiles/uploadFiles.js"}}]},{"leftVar":[{"id":2183948,"declaredName":"a","declaredLoc":{"line":136,"column":12},"file":"/pages/uploadFiles/uploadFiles.js","type":"normal"}],"readFlow":[{"type":"assign to","from":{"name":"this","loc":{"line":136,"column":16},"id":2183949,"file":"D:\\WORK\\2022\\论文相关\\TOSEM\\MiniApp-review\\flow-baseline\\datasetPopular\\安e赔\\__APP__/pages/uploadFiles/uploadFiles.js"},"to":{"name":"a","loc":{"line":136,"column":12},"id":2183948,"file":"D:\\WORK\\2022\\论文相关\\TOSEM\\MiniApp-review\\flow-baseline\\datasetPopular\\安e赔\\__APP__/pages/uploadFiles/uploadFiles.js"}}]},{"leftVar":[{"id":2184116,"declaredName":"a","declaredLoc":{"line":172,"column":12},"file":"/pages/uploadFiles/uploadFiles.js","type":"normal"}],"readFlow":[{"type":"assign to","from":{"name":"this","loc":{"line":172,"column":16},"id":2184117,"file":"D:\\WORK\\2022\\论文相关\\TOSEM\\MiniApp-review\\flow-baseline\\datasetPopular\\安e赔\\__APP__/pages/uploadFiles/uploadFiles.js"},"to":{"name":"a","loc":{"line":172,"column":12},"id":2184116,"file":"D:\\WORK\\2022\\论文相关\\TOSEM\\MiniApp-review\\flow-baseline\\datasetPopular\\安e赔\\__APP__/pages/uploadFiles/uploadFiles.js"}}]},{"leftVar":[{"id":2184435,"declaredName":"t","declaredLoc":{"line":220,"column":12},"file":"/pages/uploadFiles/uploadFiles.js","type":"normal"}],"readFlow":[{"type":"assign to","from":{"name":"this","loc":{"line":220,"column":16},"id":2184436,"file":"D:\\WORK\\2022\\论文相关\\TOSEM\\MiniApp-review\\flow-baseline\\datasetPopular\\安e赔\\__APP__/pages/uploadFiles/uploadFiles.js"},"to":{"name":"t","loc":{"line":220,"column":12},"id":2184435,"file":"D:\\WORK\\2022\\论文相关\\TOSEM\\MiniApp-review\\flow-baseline\\datasetPopular\\安e赔\\__APP__/pages/uploadFiles/uploadFiles.js"}}]},{"leftVar":[{"id":2184693,"declaredName":"e","declaredLoc":{"line":265,"column":12},"file":"/pages/uploadFiles/uploadFiles.js","type":"normal"}],"readFlow":[{"type":"assign to","from":{"name":"this","loc":{"line":265,"column":16},"id":2184694,"file":"D:\\WORK\\2022\\论文相关\\TOSEM\\MiniApp-review\\flow-baseline\\datasetPopular\\安e赔\\__APP__/pages/uploadFiles/uploadFiles.js"},"to":{"name":"e","loc":{"line":265,"column":12},"id":2184693,"file":"D:\\WORK\\2022\\论文相关\\TOSEM\\MiniApp-review\\flow-baseline\\datasetPopular\\安e赔\\__APP__/pages/uploadFiles/uploadFiles.js"}},{"type":"read","from":{"name":"e","loc":{"line":265,"column":12},"id":2184693,"file":"D:\\WORK\\2022\\论文相关\\TOSEM\\MiniApp-review\\flow-baseline\\datasetPopular\\安e赔\\__APP__/pages/uploadFiles/uploadFiles.js"},"to":{"name":"e","loc":{"line":281,"column":107},"id":2184814,"file":"D:\\WORK\\2022\\论文相关\\TOSEM\\MiniApp-review\\flow-baseline\\datasetPopular\\安e赔\\__APP__/pages/uploadFiles/uploadFiles.js"}},{"type":"read","from":{"name":"e","loc":{"line":265,"column":12},"id":2184693,"file":"D:\\WORK\\2022\\论文相关\\TOSEM\\MiniApp-review\\flow-baseline\\datasetPopular\\安e赔\\__APP__/pages/uploadFiles/uploadFiles.js"},"to":{"name":"e","loc":{"line":288,"column":32},"id":2184893,"file":"D:\\WORK\\2022\\论文相关\\TOSEM\\MiniApp-review\\flow-baseline\\datasetPopular\\安e赔\\__APP__/pages/uploadFiles/uploadFiles.js"}},{"type":"read","from":{"name":"e","loc":{"line":265,"column":12},"id":2184693,"file":"D:\\WORK\\2022\\论文相关\\TOSEM\\MiniApp-review\\flow-baseline\\datasetPopular\\安e赔\\__APP__/pages/uploadFiles/uploadFiles.js"},"to":{"name":"e","loc":{"line":300,"column":25},"id":2185017,"file":"D:\\WORK\\2022\\论文相关\\TOSEM\\MiniApp-review\\flow-baseline\\datasetPopular\\安e赔\\__APP__/pages/uploadFiles/uploadFiles.js"}},{"type":"to callee","from":{"name":"e","loc":{"line":300,"column":25},"id":2185017,"file":"D:\\WORK\\2022\\论文相关\\TOSEM\\MiniApp-review\\flow-baseline\\datasetPopular\\安e赔\\__APP__/pages/uploadFiles/uploadFiles.js"},"to":{"name":"i.closeModal","loc":{"line":300,"column":12},"id":2185014,"file":"D:\\WORK\\2022\\论文相关\\TOSEM\\MiniApp-review\\flow-baseline\\datasetPopular\\安e赔\\__APP__/pages/uploadFiles/uploadFiles.js"}},{"type":"to callee","from":{"name":"e","loc":{"line":288,"column":32},"id":2184893,"file":"D:\\WORK\\2022\\论文相关\\TOSEM\\MiniApp-review\\flow-baseline\\datasetPopular\\安e赔\\__APP__/pages/uploadFiles/uploadFiles.js"},"to":{"name":"i.showToast","loc":{"line":288,"column":20},"id":2184890,"file":"D:\\WORK\\2022\\论文相关\\TOSEM\\MiniApp-review\\flow-baseline\\datasetPopular\\安e赔\\__APP__/pages/uploadFiles/uploadFiles.js"}},{"type":"read","from":{"name":"e","loc":{"line":288,"column":32},"id":2184893,"file":"D:\\WORK\\2022\\论文相关\\TOSEM\\MiniApp-review\\flow-baseline\\datasetPopular\\安e赔\\__APP__/pages/uploadFiles/uploadFiles.js"},"to":{"name":"e.setData","loc":{"line":292,"column":20},"id":2184991,"file":"D:\\WORK\\2022\\论文相关\\TOSEM\\MiniApp-review\\flow-baseline\\datasetPopular\\安e赔\\__APP__/pages/uploadFiles/uploadFiles.js"}},{"type":"to callee","from":{"name":"e","loc":{"line":281,"column":107},"id":2184814,"file":"D:\\WORK\\2022\\论文相关\\TOSEM\\MiniApp-review\\flow-baseline\\datasetPopular\\安e赔\\__APP__/pages/uploadFiles/uploadFiles.js"},"to":{"name":"i.showToast","loc":{"line":281,"column":95},"id":2184811,"file":"D:\\WORK\\2022\\论文相关\\TOSEM\\MiniApp-review\\flow-baseline\\datasetPopular\\安e赔\\__APP__/pages/uploadFiles/uploadFiles.js"}}]},{"leftVar":[{"id":2185035,"declaredName":"t","declaredLoc":{"line":306,"column":12},"file":"/pages/uploadFiles/uploadFiles.js","type":"normal"}],"readFlow":[{"type":"assign to","from":{"name":"this","loc":{"line":306,"column":16},"id":2185036,"file":"D:\\WORK\\2022\\论文相关\\TOSEM\\MiniApp-review\\flow-baseline\\datasetPopular\\安e赔\\__APP__/pages/uploadFiles/uploadFiles.js"},"to":{"name":"t","loc":{"line":306,"column":12},"id":2185035,"file":"D:\\WORK\\2022\\论文相关\\TOSEM\\MiniApp-review\\flow-baseline\\datasetPopular\\安e赔\\__APP__/pages/uploadFiles/uploadFiles.js"}},{"type":"read","from":{"name":"t","loc":{"line":306,"column":12},"id":2185035,"file":"D:\\WORK\\2022\\论文相关\\TOSEM\\MiniApp-review\\flow-baseline\\datasetPopular\\安e赔\\__APP__/pages/uploadFiles/uploadFiles.js"},"to":{"name":"t","loc":{"line":334,"column":89},"id":2185259,"file":"D:\\WORK\\2022\\论文相关\\TOSEM\\MiniApp-review\\flow-baseline\\datasetPopular\\安e赔\\__APP__/pages/uploadFiles/uploadFiles.js"}},{"type":"to callee","from":{"name":"t","loc":{"line":334,"column":89},"id":2185259,"file":"D:\\WORK\\2022\\论文相关\\TOSEM\\MiniApp-review\\flow-baseline\\datasetPopular\\安e赔\\__APP__/pages/uploadFiles/uploadFiles.js"},"to":{"name":"i.showToast","loc":{"line":334,"column":77},"id":2185256,"file":"D:\\WORK\\2022\\论文相关\\TOSEM\\MiniApp-review\\flow-baseline\\datasetPopular\\安e赔\\__APP__/pages/uploadFiles/uploadFiles.js"}}]},{"leftVar":[{"id":2185352,"declaredName":"e","declaredLoc":{"line":358,"column":12},"file":"/pages/uploadFiles/uploadFiles.js","type":"normal"}],"readFlow":[{"type":"assign to","from":{"name":"this","loc":{"line":358,"column":16},"id":2185353,"file":"D:\\WORK\\2022\\论文相关\\TOSEM\\MiniApp-review\\flow-baseline\\datasetPopular\\安e赔\\__APP__/pages/uploadFiles/uploadFiles.js"},"to":{"name":"e","loc":{"line":358,"column":12},"id":2185352,"file":"D:\\WORK\\2022\\论文相关\\TOSEM\\MiniApp-review\\flow-baseline\\datasetPopular\\安e赔\\__APP__/pages/uploadFiles/uploadFiles.js"}},{"type":"read","from":{"name":"e","loc":{"line":358,"column":12},"id":2185352,"file":"D:\\WORK\\2022\\论文相关\\TOSEM\\MiniApp-review\\flow-baseline\\datasetPopular\\安e赔\\__APP__/pages/uploadFiles/uploadFiles.js"},"to":{"name":"e","loc":{"line":376,"column":125},"id":2185508,"file":"D:\\WORK\\2022\\论文相关\\TOSEM\\MiniApp-review\\flow-baseline\\datasetPopular\\安e赔\\__APP__/pages/uploadFiles/uploadFiles.js"}},{"type":"read","from":{"name":"e","loc":{"line":358,"column":12},"id":2185352,"file":"D:\\WORK\\2022\\论文相关\\TOSEM\\MiniApp-review\\flow-baseline\\datasetPopular\\安e赔\\__APP__/pages/uploadFiles/uploadFiles.js"},"to":{"name":"e","loc":{"line":376,"column":158},"id":2185518,"file":"D:\\WORK\\2022\\论文相关\\TOSEM\\MiniApp-review\\flow-baseline\\datasetPopular\\安e赔\\__APP__/pages/uploadFiles/uploadFiles.js"}},{"type":"read","from":{"name":"e","loc":{"line":358,"column":12},"id":2185352,"file":"D:\\WORK\\2022\\论文相关\\TOSEM\\MiniApp-review\\flow-baseline\\datasetPopular\\安e赔\\__APP__/pages/uploadFiles/uploadFiles.js"},"to":{"name":"e","loc":{"line":376,"column":194},"id":2185529,"file":"D:\\WORK\\2022\\论文相关\\TOSEM\\MiniApp-review\\flow-baseline\\datasetPopular\\安e赔\\__APP__/pages/uploadFiles/uploadFiles.js"}},{"type":"read","from":{"name":"e","loc":{"line":358,"column":12},"id":2185352,"file":"D:\\WORK\\2022\\论文相关\\TOSEM\\MiniApp-review\\flow-baseline\\datasetPopular\\安e赔\\__APP__/pages/uploadFiles/uploadFiles.js"},"to":{"name":"e","loc":{"line":384,"column":32},"id":2185564,"file":"D:\\WORK\\2022\\论文相关\\TOSEM\\MiniApp-review\\flow-baseline\\datasetPopular\\安e赔\\__APP__/pages/uploadFiles/uploadFiles.js"}},{"type":"to callee","from":{"name":"e","loc":{"line":384,"column":32},"id":2185564,"file":"D:\\WORK\\2022\\论文相关\\TOSEM\\MiniApp-review\\flow-baseline\\datasetPopular\\安e赔\\__APP__/pages/uploadFiles/uploadFiles.js"},"to":{"name":"i.showToast","loc":{"line":384,"column":20},"id":2185561,"file":"D:\\WORK\\2022\\论文相关\\TOSEM\\MiniApp-review\\flow-baseline\\datasetPopular\\安e赔\\__APP__/pages/uploadFiles/uploadFiles.js"}},{"type":"to callee","from":{"name":"e","loc":{"line":376,"column":194},"id":2185529,"file":"D:\\WORK\\2022\\论文相关\\TOSEM\\MiniApp-review\\flow-baseline\\datasetPopular\\安e赔\\__APP__/pages/uploadFiles/uploadFiles.js"},"to":{"name":"i.showToast","loc":{"line":376,"column":182},"id":2185526,"file":"D:\\WORK\\2022\\论文相关\\TOSEM\\MiniApp-review\\flow-baseline\\datasetPopular\\安e赔\\__APP__/pages/uploadFiles/uploadFiles.js"}},{"type":"to callee","from":{"name":"e","loc":{"line":376,"column":158},"id":2185518,"file":"D:\\WORK\\2022\\论文相关\\TOSEM\\MiniApp-review\\flow-baseline\\datasetPopular\\安e赔\\__APP__/pages/uploadFiles/uploadFiles.js"},"to":{"name":"i.showToast","loc":{"line":376,"column":146},"id":2185515,"file":"D:\\WORK\\2022\\论文相关\\TOSEM\\MiniApp-review\\flow-baseline\\datasetPopular\\安e赔\\__APP__/pages/uploadFiles/uploadFiles.js"}},{"type":"to callee","from":{"name":"e","loc":{"line":376,"column":125},"id":2185508,"file":"D:\\WORK\\2022\\论文相关\\TOSEM\\MiniApp-review\\flow-baseline\\datasetPopular\\安e赔\\__APP__/pages/uploadFiles/uploadFiles.js"},"to":{"name":"i.showToast","loc":{"line":376,"column":113},"id":2185505,"file":"D:\\WORK\\2022\\论文相关\\TOSEM\\MiniApp-review\\flow-baseline\\datasetPopular\\安e赔\\__APP__/pages/uploadFiles/uploadFiles.js"}}]}]}],"writeShadows":[{"shadowVar":{"id":-175458,"declaredName":"__object__3.setData","file":"/pages/uploadFiles/uploadFiles.js","type":"normal"},"writeAccess":[]}]}]}]}