{"definedData":[],"dynamicDefinedData":[{"shadowObjectVar":"__object__158","dynamicDefinedProps":[{"propName":".setData","readShadows":[{"shadowVar":{"id":-175524,"declaredName":"__object__158.setData","file":"/pages/UploadImg/UploadImg.js","type":"normal"},"readAccess":[{"leftVar":[{"id":2186933,"declaredName":"t","declaredLoc":{"line":198,"column":12},"file":"/pages/UploadImg/UploadImg.js","type":"normal"}],"readFlow":[{"type":"assign to","from":{"name":"this","loc":{"line":198,"column":16},"id":2186934,"file":"D:\\WORK\\2022\\论文相关\\TOSEM\\MiniApp-review\\flow-baseline\\datasetPopular\\安e赔\\__APP__/pages/UploadImg/UploadImg.js"},"to":{"name":"t","loc":{"line":198,"column":12},"id":2186933,"file":"D:\\WORK\\2022\\论文相关\\TOSEM\\MiniApp-review\\flow-baseline\\datasetPopular\\安e赔\\__APP__/pages/UploadImg/UploadImg.js"}},{"type":"read","from":{"name":"t","loc":{"line":198,"column":12},"id":2186933,"file":"D:\\WORK\\2022\\论文相关\\TOSEM\\MiniApp-review\\flow-baseline\\datasetPopular\\安e赔\\__APP__/pages/UploadImg/UploadImg.js"},"to":{"name":"t","loc":{"line":223,"column":52},"id":2187083,"file":"D:\\WORK\\2022\\论文相关\\TOSEM\\MiniApp-review\\flow-baseline\\datasetPopular\\安e赔\\__APP__/pages/UploadImg/UploadImg.js"}},{"type":"read","from":{"name":"t","loc":{"line":198,"column":12},"id":2186933,"file":"D:\\WORK\\2022\\论文相关\\TOSEM\\MiniApp-review\\flow-baseline\\datasetPopular\\安e赔\\__APP__/pages/UploadImg/UploadImg.js"},"to":{"name":"t","loc":{"line":223,"column":80},"id":2187089,"file":"D:\\WORK\\2022\\论文相关\\TOSEM\\MiniApp-review\\flow-baseline\\datasetPopular\\安e赔\\__APP__/pages/UploadImg/UploadImg.js"}},{"type":"read","from":{"name":"t","loc":{"line":198,"column":12},"id":2186933,"file":"D:\\WORK\\2022\\论文相关\\TOSEM\\MiniApp-review\\flow-baseline\\datasetPopular\\安e赔\\__APP__/pages/UploadImg/UploadImg.js"},"to":{"name":"t","loc":{"line":226,"column":15},"id":2187107,"file":"D:\\WORK\\2022\\论文相关\\TOSEM\\MiniApp-review\\flow-baseline\\datasetPopular\\安e赔\\__APP__/pages/UploadImg/UploadImg.js"}},{"type":"to callee","from":{"name":"t","loc":{"line":226,"column":15},"id":2187107,"file":"D:\\WORK\\2022\\论文相关\\TOSEM\\MiniApp-review\\flow-baseline\\datasetPopular\\安e赔\\__APP__/pages/UploadImg/UploadImg.js"},"to":{"name":"n","loc":{"line":226,"column":13},"id":2187106,"file":"D:\\WORK\\2022\\论文相关\\TOSEM\\MiniApp-review\\flow-baseline\\datasetPopular\\安e赔\\__APP__/pages/UploadImg/UploadImg.js"}},{"type":"read","from":{"name":"t","loc":{"line":226,"column":15},"id":2187107,"file":"D:\\WORK\\2022\\论文相关\\TOSEM\\MiniApp-review\\flow-baseline\\datasetPopular\\安e赔\\__APP__/pages/UploadImg/UploadImg.js"},"to":{"name":"t.setData","loc":{"line":226,"column":19},"id":2187109,"file":"D:\\WORK\\2022\\论文相关\\TOSEM\\MiniApp-review\\flow-baseline\\datasetPopular\\安e赔\\__APP__/pages/UploadImg/UploadImg.js"}},{"type":"to callee","from":{"name":"t","loc":{"line":223,"column":80},"id":2187089,"file":"D:\\WORK\\2022\\论文相关\\TOSEM\\MiniApp-review\\flow-baseline\\datasetPopular\\安e赔\\__APP__/pages/UploadImg/UploadImg.js"},"to":{"name":"o.showToast","loc":{"line":223,"column":68},"id":2187086,"file":"D:\\WORK\\2022\\论文相关\\TOSEM\\MiniApp-review\\flow-baseline\\datasetPopular\\安e赔\\__APP__/pages/UploadImg/UploadImg.js"}},{"type":"to callee","from":{"name":"t","loc":{"line":223,"column":52},"id":2187083,"file":"D:\\WORK\\2022\\论文相关\\TOSEM\\MiniApp-review\\flow-baseline\\datasetPopular\\安e赔\\__APP__/pages/UploadImg/UploadImg.js"},"to":{"name":"o.showToast","loc":{"line":223,"column":40},"id":2187080,"file":"D:\\WORK\\2022\\论文相关\\TOSEM\\MiniApp-review\\flow-baseline\\datasetPopular\\安e赔\\__APP__/pages/UploadImg/UploadImg.js"}}]},{"leftVar":[{"id":2187221,"declaredName":"t","declaredLoc":{"line":248,"column":12},"file":"/pages/UploadImg/UploadImg.js","type":"normal"}],"readFlow":[{"type":"assign to","from":{"name":"this","loc":{"line":248,"column":16},"id":2187222,"file":"D:\\WORK\\2022\\论文相关\\TOSEM\\MiniApp-review\\flow-baseline\\datasetPopular\\安e赔\\__APP__/pages/UploadImg/UploadImg.js"},"to":{"name":"t","loc":{"line":248,"column":12},"id":2187221,"file":"D:\\WORK\\2022\\论文相关\\TOSEM\\MiniApp-review\\flow-baseline\\datasetPopular\\安e赔\\__APP__/pages/UploadImg/UploadImg.js"}}]},{"leftVar":[{"id":2187376,"declaredName":"t","declaredLoc":{"line":275,"column":12},"file":"/pages/UploadImg/UploadImg.js","type":"normal"}],"readFlow":[{"type":"assign to","from":{"name":"this","loc":{"line":275,"column":16},"id":2187377,"file":"D:\\WORK\\2022\\论文相关\\TOSEM\\MiniApp-review\\flow-baseline\\datasetPopular\\安e赔\\__APP__/pages/UploadImg/UploadImg.js"},"to":{"name":"t","loc":{"line":275,"column":12},"id":2187376,"file":"D:\\WORK\\2022\\论文相关\\TOSEM\\MiniApp-review\\flow-baseline\\datasetPopular\\安e赔\\__APP__/pages/UploadImg/UploadImg.js"}}]},{"leftVar":[{"id":2187809,"declaredName":"e","declaredLoc":{"line":331,"column":12},"file":"/pages/UploadImg/UploadImg.js","type":"normal"}],"readFlow":[{"type":"assign to","from":{"name":"this","loc":{"line":331,"column":16},"id":2187810,"file":"D:\\WORK\\2022\\论文相关\\TOSEM\\MiniApp-review\\flow-baseline\\datasetPopular\\安e赔\\__APP__/pages/UploadImg/UploadImg.js"},"to":{"name":"e","loc":{"line":331,"column":12},"id":2187809,"file":"D:\\WORK\\2022\\论文相关\\TOSEM\\MiniApp-review\\flow-baseline\\datasetPopular\\安e赔\\__APP__/pages/UploadImg/UploadImg.js"}},{"type":"read","from":{"name":"e","loc":{"line":331,"column":12},"id":2187809,"file":"D:\\WORK\\2022\\论文相关\\TOSEM\\MiniApp-review\\flow-baseline\\datasetPopular\\安e赔\\__APP__/pages/UploadImg/UploadImg.js"},"to":{"name":"e","loc":{"line":347,"column":84},"id":2187922,"file":"D:\\WORK\\2022\\论文相关\\TOSEM\\MiniApp-review\\flow-baseline\\datasetPopular\\安e赔\\__APP__/pages/UploadImg/UploadImg.js"}},{"type":"read","from":{"name":"e","loc":{"line":331,"column":12},"id":2187809,"file":"D:\\WORK\\2022\\论文相关\\TOSEM\\MiniApp-review\\flow-baseline\\datasetPopular\\安e赔\\__APP__/pages/UploadImg/UploadImg.js"},"to":{"name":"e","loc":{"line":349,"column":32},"id":2187939,"file":"D:\\WORK\\2022\\论文相关\\TOSEM\\MiniApp-review\\flow-baseline\\datasetPopular\\安e赔\\__APP__/pages/UploadImg/UploadImg.js"}},{"type":"read","from":{"name":"e","loc":{"line":331,"column":12},"id":2187809,"file":"D:\\WORK\\2022\\论文相关\\TOSEM\\MiniApp-review\\flow-baseline\\datasetPopular\\安e赔\\__APP__/pages/UploadImg/UploadImg.js"},"to":{"name":"e","loc":{"line":361,"column":25},"id":2188063,"file":"D:\\WORK\\2022\\论文相关\\TOSEM\\MiniApp-review\\flow-baseline\\datasetPopular\\安e赔\\__APP__/pages/UploadImg/UploadImg.js"}},{"type":"to callee","from":{"name":"e","loc":{"line":361,"column":25},"id":2188063,"file":"D:\\WORK\\2022\\论文相关\\TOSEM\\MiniApp-review\\flow-baseline\\datasetPopular\\安e赔\\__APP__/pages/UploadImg/UploadImg.js"},"to":{"name":"o.closeModal","loc":{"line":361,"column":12},"id":2188060,"file":"D:\\WORK\\2022\\论文相关\\TOSEM\\MiniApp-review\\flow-baseline\\datasetPopular\\安e赔\\__APP__/pages/UploadImg/UploadImg.js"}},{"type":"to callee","from":{"name":"e","loc":{"line":349,"column":32},"id":2187939,"file":"D:\\WORK\\2022\\论文相关\\TOSEM\\MiniApp-review\\flow-baseline\\datasetPopular\\安e赔\\__APP__/pages/UploadImg/UploadImg.js"},"to":{"name":"o.showToast","loc":{"line":349,"column":20},"id":2187936,"file":"D:\\WORK\\2022\\论文相关\\TOSEM\\MiniApp-review\\flow-baseline\\datasetPopular\\安e赔\\__APP__/pages/UploadImg/UploadImg.js"}},{"type":"read","from":{"name":"e","loc":{"line":349,"column":32},"id":2187939,"file":"D:\\WORK\\2022\\论文相关\\TOSEM\\MiniApp-review\\flow-baseline\\datasetPopular\\安e赔\\__APP__/pages/UploadImg/UploadImg.js"},"to":{"name":"e.setData","loc":{"line":353,"column":20},"id":2188037,"file":"D:\\WORK\\2022\\论文相关\\TOSEM\\MiniApp-review\\flow-baseline\\datasetPopular\\安e赔\\__APP__/pages/UploadImg/UploadImg.js"}},{"type":"to callee","from":{"name":"e","loc":{"line":347,"column":84},"id":2187922,"file":"D:\\WORK\\2022\\论文相关\\TOSEM\\MiniApp-review\\flow-baseline\\datasetPopular\\安e赔\\__APP__/pages/UploadImg/UploadImg.js"},"to":{"name":"o.showToast","loc":{"line":347,"column":72},"id":2187919,"file":"D:\\WORK\\2022\\论文相关\\TOSEM\\MiniApp-review\\flow-baseline\\datasetPopular\\安e赔\\__APP__/pages/UploadImg/UploadImg.js"}}]},{"leftVar":[{"id":2188081,"declaredName":"a","declaredLoc":{"line":367,"column":12},"file":"/pages/UploadImg/UploadImg.js","type":"normal"}],"readFlow":[{"type":"assign to","from":{"name":"this","loc":{"line":367,"column":16},"id":2188082,"file":"D:\\WORK\\2022\\论文相关\\TOSEM\\MiniApp-review\\flow-baseline\\datasetPopular\\安e赔\\__APP__/pages/UploadImg/UploadImg.js"},"to":{"name":"a","loc":{"line":367,"column":12},"id":2188081,"file":"D:\\WORK\\2022\\论文相关\\TOSEM\\MiniApp-review\\flow-baseline\\datasetPopular\\安e赔\\__APP__/pages/UploadImg/UploadImg.js"}},{"type":"read","from":{"name":"a","loc":{"line":367,"column":12},"id":2188081,"file":"D:\\WORK\\2022\\论文相关\\TOSEM\\MiniApp-review\\flow-baseline\\datasetPopular\\安e赔\\__APP__/pages/UploadImg/UploadImg.js"},"to":{"name":"a","loc":{"line":398,"column":126},"id":2188337,"file":"D:\\WORK\\2022\\论文相关\\TOSEM\\MiniApp-review\\flow-baseline\\datasetPopular\\安e赔\\__APP__/pages/UploadImg/UploadImg.js"}},{"type":"to callee","from":{"name":"a","loc":{"line":398,"column":126},"id":2188337,"file":"D:\\WORK\\2022\\论文相关\\TOSEM\\MiniApp-review\\flow-baseline\\datasetPopular\\安e赔\\__APP__/pages/UploadImg/UploadImg.js"},"to":{"name":"o.showToast","loc":{"line":398,"column":114},"id":2188334,"file":"D:\\WORK\\2022\\论文相关\\TOSEM\\MiniApp-review\\flow-baseline\\datasetPopular\\安e赔\\__APP__/pages/UploadImg/UploadImg.js"}}]}]}],"writeShadows":[{"shadowVar":{"id":-175524,"declaredName":"__object__158.setData","file":"/pages/UploadImg/UploadImg.js","type":"normal"},"writeAccess":[]}]}]}]}