{"definedData":[],"dynamicDefinedData":[{"shadowObjectVar":"__object__7","dynamicDefinedProps":[{"propName":".setData","readShadows":[{"shadowVar":{"id":-1408,"declaredName":"__object__7.setData","file":"/pages/advancePayUploadDetail/advancePayUploadDetail.js","type":"normal"},"readAccess":[{"leftVar":[{"id":60245,"declaredName":"e","declaredLoc":{"line":38,"column":12},"file":"/pages/advancePayUploadDetail/advancePayUploadDetail.js","type":"normal"}],"readFlow":[{"type":"assign to","from":{"name":"this","loc":{"line":38,"column":16},"id":60246,"file":"D:\\WORK\\2022\\论文相关\\TOSEM\\MiniApp-review\\flow-baseline\\datasetPopular\\安e赔\\__APP__/pages/advancePayUploadDetail/advancePayUploadDetail.js"},"to":{"name":"e","loc":{"line":38,"column":12},"id":60245,"file":"D:\\WORK\\2022\\论文相关\\TOSEM\\MiniApp-review\\flow-baseline\\datasetPopular\\安e赔\\__APP__/pages/advancePayUploadDetail/advancePayUploadDetail.js"}},{"type":"read","from":{"name":"e","loc":{"line":38,"column":12},"id":60245,"file":"D:\\WORK\\2022\\论文相关\\TOSEM\\MiniApp-review\\flow-baseline\\datasetPopular\\安e赔\\__APP__/pages/advancePayUploadDetail/advancePayUploadDetail.js"},"to":{"name":"e","loc":{"line":61,"column":35},"id":60403,"file":"D:\\WORK\\2022\\论文相关\\TOSEM\\MiniApp-review\\flow-baseline\\datasetPopular\\安e赔\\__APP__/pages/advancePayUploadDetail/advancePayUploadDetail.js"}},{"type":"read","from":{"name":"e","loc":{"line":38,"column":12},"id":60245,"file":"D:\\WORK\\2022\\论文相关\\TOSEM\\MiniApp-review\\flow-baseline\\datasetPopular\\安e赔\\__APP__/pages/advancePayUploadDetail/advancePayUploadDetail.js"},"to":{"name":"e","loc":{"line":64,"column":28},"id":60419,"file":"D:\\WORK\\2022\\论文相关\\TOSEM\\MiniApp-review\\flow-baseline\\datasetPopular\\安e赔\\__APP__/pages/advancePayUploadDetail/advancePayUploadDetail.js"}},{"type":"to callee","from":{"name":"e","loc":{"line":64,"column":28},"id":60419,"file":"D:\\WORK\\2022\\论文相关\\TOSEM\\MiniApp-review\\flow-baseline\\datasetPopular\\安e赔\\__APP__/pages/advancePayUploadDetail/advancePayUploadDetail.js"},"to":{"name":"s.showToast","loc":{"line":64,"column":16},"id":60416,"file":"D:\\WORK\\2022\\论文相关\\TOSEM\\MiniApp-review\\flow-baseline\\datasetPopular\\安e赔\\__APP__/pages/advancePayUploadDetail/advancePayUploadDetail.js"}},{"type":"to callee","from":{"name":"e","loc":{"line":61,"column":35},"id":60403,"file":"D:\\WORK\\2022\\论文相关\\TOSEM\\MiniApp-review\\flow-baseline\\datasetPopular\\安e赔\\__APP__/pages/advancePayUploadDetail/advancePayUploadDetail.js"},"to":{"name":"s.showToast","loc":{"line":61,"column":23},"id":60400,"file":"D:\\WORK\\2022\\论文相关\\TOSEM\\MiniApp-review\\flow-baseline\\datasetPopular\\安e赔\\__APP__/pages/advancePayUploadDetail/advancePayUploadDetail.js"}}]},{"leftVar":[{"id":60551,"declaredName":"a","declaredLoc":{"line":77,"column":12},"file":"/pages/advancePayUploadDetail/advancePayUploadDetail.js","type":"normal"}],"readFlow":[{"type":"assign to","from":{"name":"this","loc":{"line":77,"column":16},"id":60552,"file":"D:\\WORK\\2022\\论文相关\\TOSEM\\MiniApp-review\\flow-baseline\\datasetPopular\\安e赔\\__APP__/pages/advancePayUploadDetail/advancePayUploadDetail.js"},"to":{"name":"a","loc":{"line":77,"column":12},"id":60551,"file":"D:\\WORK\\2022\\论文相关\\TOSEM\\MiniApp-review\\flow-baseline\\datasetPopular\\安e赔\\__APP__/pages/advancePayUploadDetail/advancePayUploadDetail.js"}}]},{"leftVar":[{"id":60626,"declaredName":"e","declaredLoc":{"line":93,"column":12},"file":"/pages/advancePayUploadDetail/advancePayUploadDetail.js","type":"normal"}],"readFlow":[{"type":"assign to","from":{"name":"this","loc":{"line":93,"column":16},"id":60627,"file":"D:\\WORK\\2022\\论文相关\\TOSEM\\MiniApp-review\\flow-baseline\\datasetPopular\\安e赔\\__APP__/pages/advancePayUploadDetail/advancePayUploadDetail.js"},"to":{"name":"e","loc":{"line":93,"column":12},"id":60626,"file":"D:\\WORK\\2022\\论文相关\\TOSEM\\MiniApp-review\\flow-baseline\\datasetPopular\\安e赔\\__APP__/pages/advancePayUploadDetail/advancePayUploadDetail.js"}},{"type":"read","from":{"name":"e","loc":{"line":93,"column":12},"id":60626,"file":"D:\\WORK\\2022\\论文相关\\TOSEM\\MiniApp-review\\flow-baseline\\datasetPopular\\安e赔\\__APP__/pages/advancePayUploadDetail/advancePayUploadDetail.js"},"to":{"name":"e","loc":{"line":105,"column":27},"id":60728,"file":"D:\\WORK\\2022\\论文相关\\TOSEM\\MiniApp-review\\flow-baseline\\datasetPopular\\安e赔\\__APP__/pages/advancePayUploadDetail/advancePayUploadDetail.js"}},{"type":"to callee","from":{"name":"e","loc":{"line":105,"column":27},"id":60728,"file":"D:\\WORK\\2022\\论文相关\\TOSEM\\MiniApp-review\\flow-baseline\\datasetPopular\\安e赔\\__APP__/pages/advancePayUploadDetail/advancePayUploadDetail.js"},"to":{"name":"s.showToast","loc":{"line":105,"column":15},"id":60725,"file":"D:\\WORK\\2022\\论文相关\\TOSEM\\MiniApp-review\\flow-baseline\\datasetPopular\\安e赔\\__APP__/pages/advancePayUploadDetail/advancePayUploadDetail.js"}}]},{"leftVar":[{"id":60737,"declaredName":"e","declaredLoc":{"line":108,"column":17},"file":"/pages/advancePayUploadDetail/advancePayUploadDetail.js","type":"normal"}],"readFlow":[{"type":"assign to","from":{"name":"this","loc":{"line":108,"column":21},"id":60738,"file":"D:\\WORK\\2022\\论文相关\\TOSEM\\MiniApp-review\\flow-baseline\\datasetPopular\\安e赔\\__APP__/pages/advancePayUploadDetail/advancePayUploadDetail.js"},"to":{"name":"e","loc":{"line":108,"column":17},"id":60737,"file":"D:\\WORK\\2022\\论文相关\\TOSEM\\MiniApp-review\\flow-baseline\\datasetPopular\\安e赔\\__APP__/pages/advancePayUploadDetail/advancePayUploadDetail.js"}},{"type":"read","from":{"name":"e","loc":{"line":108,"column":17},"id":60737,"file":"D:\\WORK\\2022\\论文相关\\TOSEM\\MiniApp-review\\flow-baseline\\datasetPopular\\安e赔\\__APP__/pages/advancePayUploadDetail/advancePayUploadDetail.js"},"to":{"name":"e","loc":{"line":125,"column":80},"id":60871,"file":"D:\\WORK\\2022\\论文相关\\TOSEM\\MiniApp-review\\flow-baseline\\datasetPopular\\安e赔\\__APP__/pages/advancePayUploadDetail/advancePayUploadDetail.js"}},{"type":"read","from":{"name":"e","loc":{"line":108,"column":17},"id":60737,"file":"D:\\WORK\\2022\\论文相关\\TOSEM\\MiniApp-review\\flow-baseline\\datasetPopular\\安e赔\\__APP__/pages/advancePayUploadDetail/advancePayUploadDetail.js"},"to":{"name":"e","loc":{"line":141,"column":53},"id":60951,"file":"D:\\WORK\\2022\\论文相关\\TOSEM\\MiniApp-review\\flow-baseline\\datasetPopular\\安e赔\\__APP__/pages/advancePayUploadDetail/advancePayUploadDetail.js"}},{"type":"to callee","from":{"name":"e","loc":{"line":141,"column":53},"id":60951,"file":"D:\\WORK\\2022\\论文相关\\TOSEM\\MiniApp-review\\flow-baseline\\datasetPopular\\安e赔\\__APP__/pages/advancePayUploadDetail/advancePayUploadDetail.js"},"to":{"name":"s.showToast","loc":{"line":141,"column":41},"id":60948,"file":"D:\\WORK\\2022\\论文相关\\TOSEM\\MiniApp-review\\flow-baseline\\datasetPopular\\安e赔\\__APP__/pages/advancePayUploadDetail/advancePayUploadDetail.js"}},{"type":"to callee","from":{"name":"e","loc":{"line":125,"column":80},"id":60871,"file":"D:\\WORK\\2022\\论文相关\\TOSEM\\MiniApp-review\\flow-baseline\\datasetPopular\\安e赔\\__APP__/pages/advancePayUploadDetail/advancePayUploadDetail.js"},"to":{"name":"s.showToast","loc":{"line":125,"column":68},"id":60868,"file":"D:\\WORK\\2022\\论文相关\\TOSEM\\MiniApp-review\\flow-baseline\\datasetPopular\\安e赔\\__APP__/pages/advancePayUploadDetail/advancePayUploadDetail.js"}}]},{"leftVar":[{"id":60964,"declaredName":"a","declaredLoc":{"line":145,"column":12},"file":"/pages/advancePayUploadDetail/advancePayUploadDetail.js","type":"normal"}],"readFlow":[{"type":"assign to","from":{"name":"this","loc":{"line":145,"column":16},"id":60965,"file":"D:\\WORK\\2022\\论文相关\\TOSEM\\MiniApp-review\\flow-baseline\\datasetPopular\\安e赔\\__APP__/pages/advancePayUploadDetail/advancePayUploadDetail.js"},"to":{"name":"a","loc":{"line":145,"column":12},"id":60964,"file":"D:\\WORK\\2022\\论文相关\\TOSEM\\MiniApp-review\\flow-baseline\\datasetPopular\\安e赔\\__APP__/pages/advancePayUploadDetail/advancePayUploadDetail.js"}},{"type":"read","from":{"name":"a","loc":{"line":145,"column":12},"id":60964,"file":"D:\\WORK\\2022\\论文相关\\TOSEM\\MiniApp-review\\flow-baseline\\datasetPopular\\安e赔\\__APP__/pages/advancePayUploadDetail/advancePayUploadDetail.js"},"to":{"name":"a","loc":{"line":175,"column":32},"id":61173,"file":"D:\\WORK\\2022\\论文相关\\TOSEM\\MiniApp-review\\flow-baseline\\datasetPopular\\安e赔\\__APP__/pages/advancePayUploadDetail/advancePayUploadDetail.js"}},{"type":"read","from":{"name":"a","loc":{"line":145,"column":12},"id":60964,"file":"D:\\WORK\\2022\\论文相关\\TOSEM\\MiniApp-review\\flow-baseline\\datasetPopular\\安e赔\\__APP__/pages/advancePayUploadDetail/advancePayUploadDetail.js"},"to":{"name":"a","loc":{"line":165,"column":77},"id":61108,"file":"D:\\WORK\\2022\\论文相关\\TOSEM\\MiniApp-review\\flow-baseline\\datasetPopular\\安e赔\\__APP__/pages/advancePayUploadDetail/advancePayUploadDetail.js"}},{"type":"read","from":{"name":"a","loc":{"line":145,"column":12},"id":60964,"file":"D:\\WORK\\2022\\论文相关\\TOSEM\\MiniApp-review\\flow-baseline\\datasetPopular\\安e赔\\__APP__/pages/advancePayUploadDetail/advancePayUploadDetail.js"},"to":{"name":"a","loc":{"line":165,"column":118},"id":61122,"file":"D:\\WORK\\2022\\论文相关\\TOSEM\\MiniApp-review\\flow-baseline\\datasetPopular\\安e赔\\__APP__/pages/advancePayUploadDetail/advancePayUploadDetail.js"}},{"type":"read","from":{"name":"a","loc":{"line":145,"column":12},"id":60964,"file":"D:\\WORK\\2022\\论文相关\\TOSEM\\MiniApp-review\\flow-baseline\\datasetPopular\\安e赔\\__APP__/pages/advancePayUploadDetail/advancePayUploadDetail.js"},"to":{"name":"a","loc":{"line":169,"column":40},"id":61144,"file":"D:\\WORK\\2022\\论文相关\\TOSEM\\MiniApp-review\\flow-baseline\\datasetPopular\\安e赔\\__APP__/pages/advancePayUploadDetail/advancePayUploadDetail.js"}},{"type":"to callee","from":{"name":"a","loc":{"line":169,"column":40},"id":61144,"file":"D:\\WORK\\2022\\论文相关\\TOSEM\\MiniApp-review\\flow-baseline\\datasetPopular\\安e赔\\__APP__/pages/advancePayUploadDetail/advancePayUploadDetail.js"},"to":{"name":"s.showToast","loc":{"line":169,"column":28},"id":61141,"file":"D:\\WORK\\2022\\论文相关\\TOSEM\\MiniApp-review\\flow-baseline\\datasetPopular\\安e赔\\__APP__/pages/advancePayUploadDetail/advancePayUploadDetail.js"}},{"type":"to callee","from":{"name":"a","loc":{"line":165,"column":118},"id":61122,"file":"D:\\WORK\\2022\\论文相关\\TOSEM\\MiniApp-review\\flow-baseline\\datasetPopular\\安e赔\\__APP__/pages/advancePayUploadDetail/advancePayUploadDetail.js"},"to":{"name":"s.showToast","loc":{"line":165,"column":106},"id":61119,"file":"D:\\WORK\\2022\\论文相关\\TOSEM\\MiniApp-review\\flow-baseline\\datasetPopular\\安e赔\\__APP__/pages/advancePayUploadDetail/advancePayUploadDetail.js"}},{"type":"to callee","from":{"name":"a","loc":{"line":165,"column":77},"id":61108,"file":"D:\\WORK\\2022\\论文相关\\TOSEM\\MiniApp-review\\flow-baseline\\datasetPopular\\安e赔\\__APP__/pages/advancePayUploadDetail/advancePayUploadDetail.js"},"to":{"name":"s.showToast","loc":{"line":165,"column":65},"id":61105,"file":"D:\\WORK\\2022\\论文相关\\TOSEM\\MiniApp-review\\flow-baseline\\datasetPopular\\安e赔\\__APP__/pages/advancePayUploadDetail/advancePayUploadDetail.js"}},{"type":"to callee","from":{"name":"a","loc":{"line":175,"column":32},"id":61173,"file":"D:\\WORK\\2022\\论文相关\\TOSEM\\MiniApp-review\\flow-baseline\\datasetPopular\\安e赔\\__APP__/pages/advancePayUploadDetail/advancePayUploadDetail.js"},"to":{"name":"s.showToast","loc":{"line":175,"column":20},"id":61170,"file":"D:\\WORK\\2022\\论文相关\\TOSEM\\MiniApp-review\\flow-baseline\\datasetPopular\\安e赔\\__APP__/pages/advancePayUploadDetail/advancePayUploadDetail.js"}}]},{"leftVar":[{"id":61309,"declaredName":"a","declaredLoc":{"line":193,"column":12},"file":"/pages/advancePayUploadDetail/advancePayUploadDetail.js","type":"normal"}],"readFlow":[{"type":"assign to","from":{"name":"this","loc":{"line":193,"column":16},"id":61310,"file":"D:\\WORK\\2022\\论文相关\\TOSEM\\MiniApp-review\\flow-baseline\\datasetPopular\\安e赔\\__APP__/pages/advancePayUploadDetail/advancePayUploadDetail.js"},"to":{"name":"a","loc":{"line":193,"column":12},"id":61309,"file":"D:\\WORK\\2022\\论文相关\\TOSEM\\MiniApp-review\\flow-baseline\\datasetPopular\\安e赔\\__APP__/pages/advancePayUploadDetail/advancePayUploadDetail.js"}},{"type":"read","from":{"name":"a","loc":{"line":193,"column":12},"id":61309,"file":"D:\\WORK\\2022\\论文相关\\TOSEM\\MiniApp-review\\flow-baseline\\datasetPopular\\安e赔\\__APP__/pages/advancePayUploadDetail/advancePayUploadDetail.js"},"to":{"name":"a","loc":{"line":214,"column":33},"id":61458,"file":"D:\\WORK\\2022\\论文相关\\TOSEM\\MiniApp-review\\flow-baseline\\datasetPopular\\安e赔\\__APP__/pages/advancePayUploadDetail/advancePayUploadDetail.js"}},{"type":"read","from":{"name":"a","loc":{"line":193,"column":12},"id":61309,"file":"D:\\WORK\\2022\\论文相关\\TOSEM\\MiniApp-review\\flow-baseline\\datasetPopular\\安e赔\\__APP__/pages/advancePayUploadDetail/advancePayUploadDetail.js"},"to":{"name":"a","loc":{"line":217,"column":28},"id":61477,"file":"D:\\WORK\\2022\\论文相关\\TOSEM\\MiniApp-review\\flow-baseline\\datasetPopular\\安e赔\\__APP__/pages/advancePayUploadDetail/advancePayUploadDetail.js"}},{"type":"to callee","from":{"name":"a","loc":{"line":217,"column":28},"id":61477,"file":"D:\\WORK\\2022\\论文相关\\TOSEM\\MiniApp-review\\flow-baseline\\datasetPopular\\安e赔\\__APP__/pages/advancePayUploadDetail/advancePayUploadDetail.js"},"to":{"name":"s.showToast","loc":{"line":217,"column":16},"id":61474,"file":"D:\\WORK\\2022\\论文相关\\TOSEM\\MiniApp-review\\flow-baseline\\datasetPopular\\安e赔\\__APP__/pages/advancePayUploadDetail/advancePayUploadDetail.js"}},{"type":"to callee","from":{"name":"a","loc":{"line":214,"column":33},"id":61458,"file":"D:\\WORK\\2022\\论文相关\\TOSEM\\MiniApp-review\\flow-baseline\\datasetPopular\\安e赔\\__APP__/pages/advancePayUploadDetail/advancePayUploadDetail.js"},"to":{"name":"s.showToast","loc":{"line":214,"column":21},"id":61455,"file":"D:\\WORK\\2022\\论文相关\\TOSEM\\MiniApp-review\\flow-baseline\\datasetPopular\\安e赔\\__APP__/pages/advancePayUploadDetail/advancePayUploadDetail.js"}}]}]}],"writeShadows":[{"shadowVar":{"id":-1408,"declaredName":"__object__7.setData","file":"/pages/advancePayUploadDetail/advancePayUploadDetail.js","type":"normal"},"writeAccess":[]}]},{"propName":".base64Img","readShadows":[{"shadowVar":{"id":60438,"declaredName":"__object__7.base64Img","declaredLoc":{"line":71,"column":4},"file":"/pages/advancePayUploadDetail/advancePayUploadDetail.js","type":"normal"},"readAccess":[{"leftVar":[{"id":60366,"declaredName":"t","declaredLoc":{"line":56,"column":24},"file":"/pages/advancePayUploadDetail/advancePayUploadDetail.js","type":"normal"}],"readFlow":[{"type":"assign to","from":{"name":"e.base64Img","loc":{"line":56,"column":28},"id":60368,"file":"D:\\WORK\\2022\\论文相关\\TOSEM\\MiniApp-review\\flow-baseline\\datasetPopular\\安e赔\\__APP__/pages/advancePayUploadDetail/advancePayUploadDetail.js"},"to":{"name":"t","loc":{"line":56,"column":24},"id":60366,"file":"D:\\WORK\\2022\\论文相关\\TOSEM\\MiniApp-review\\flow-baseline\\datasetPopular\\安e赔\\__APP__/pages/advancePayUploadDetail/advancePayUploadDetail.js"}},{"type":"read","from":{"name":"t","loc":{"line":56,"column":24},"id":60366,"file":"D:\\WORK\\2022\\论文相关\\TOSEM\\MiniApp-review\\flow-baseline\\datasetPopular\\安e赔\\__APP__/pages/advancePayUploadDetail/advancePayUploadDetail.js"},"to":{"name":"t","loc":{"line":58,"column":39},"id":60385,"file":"D:\\WORK\\2022\\论文相关\\TOSEM\\MiniApp-review\\flow-baseline\\datasetPopular\\安e赔\\__APP__/pages/advancePayUploadDetail/advancePayUploadDetail.js"}},{"type":"assign to","from":{"name":"t","loc":{"line":58,"column":39},"id":60385,"file":"D:\\WORK\\2022\\论文相关\\TOSEM\\MiniApp-review\\flow-baseline\\datasetPopular\\安e赔\\__APP__/pages/advancePayUploadDetail/advancePayUploadDetail.js"},"to":{"name":"uploadDetails","loc":{"line":58,"column":24},"id":60384,"file":"D:\\WORK\\2022\\论文相关\\TOSEM\\MiniApp-review\\flow-baseline\\datasetPopular\\安e赔\\__APP__/pages/advancePayUploadDetail/advancePayUploadDetail.js"}},{"type":"to callee","from":{"name":"uploadDetails","loc":{"line":58,"column":24},"id":60384,"file":"D:\\WORK\\2022\\论文相关\\TOSEM\\MiniApp-review\\flow-baseline\\datasetPopular\\安e赔\\__APP__/pages/advancePayUploadDetail/advancePayUploadDetail.js"},"to":{"name":"e.setData","loc":{"line":57,"column":20},"id":60379,"file":"D:\\WORK\\2022\\论文相关\\TOSEM\\MiniApp-review\\flow-baseline\\datasetPopular\\安e赔\\__APP__/pages/advancePayUploadDetail/advancePayUploadDetail.js"}}]}]}],"writeShadows":[{"shadowVar":{"id":60438,"declaredName":"__object__7.base64Img","declaredLoc":{"line":71,"column":4},"file":"/pages/advancePayUploadDetail/advancePayUploadDetail.js","type":"normal"},"writeAccess":[]}]},{"propName":".sampleImgToBase64","readShadows":[{"shadowVar":{"id":61489,"declaredName":"__object__7.sampleImgToBase64","declaredLoc":{"line":221,"column":4},"file":"/pages/advancePayUploadDetail/advancePayUploadDetail.js","type":"normal"},"readAccess":[{"leftVar":[{"id":61429,"declaredName":"__object__210.sampleDescriptionList","declaredLoc":{"line":211,"column":20},"file":"/pages/advancePayUploadDetail/advancePayUploadDetail.js","type":"normal"}],"readFlow":[{"type":"assign to","from":{"name":"a.sampleImgToBase64","loc":{"line":211,"column":43},"id":61431,"file":"D:\\WORK\\2022\\论文相关\\TOSEM\\MiniApp-review\\flow-baseline\\datasetPopular\\安e赔\\__APP__/pages/advancePayUploadDetail/advancePayUploadDetail.js"},"to":{"name":"sampleDescriptionList","loc":{"line":211,"column":20},"id":61429,"file":"D:\\WORK\\2022\\论文相关\\TOSEM\\MiniApp-review\\flow-baseline\\datasetPopular\\安e赔\\__APP__/pages/advancePayUploadDetail/advancePayUploadDetail.js"}},{"type":"to callee","from":{"name":"sampleDescriptionList","loc":{"line":211,"column":20},"id":61429,"file":"D:\\WORK\\2022\\论文相关\\TOSEM\\MiniApp-review\\flow-baseline\\datasetPopular\\安e赔\\__APP__/pages/advancePayUploadDetail/advancePayUploadDetail.js"},"to":{"name":"a.setData","loc":{"line":210,"column":70},"id":61424,"file":"D:\\WORK\\2022\\论文相关\\TOSEM\\MiniApp-review\\flow-baseline\\datasetPopular\\安e赔\\__APP__/pages/advancePayUploadDetail/advancePayUploadDetail.js"}}]}]}],"writeShadows":[{"shadowVar":{"id":61489,"declaredName":"__object__7.sampleImgToBase64","declaredLoc":{"line":221,"column":4},"file":"/pages/advancePayUploadDetail/advancePayUploadDetail.js","type":"normal"},"writeAccess":[]}]}]}]}