{"definedData":[],"dynamicDefinedData":[{"shadowObjectVar":"__object__3","dynamicDefinedProps":[{"propName":".setData","readShadows":[{"shadowVar":{"id":-1454,"declaredName":"__object__3.setData","file":"/pages/anySign/anySign.js","type":"normal"},"readAccess":[{"leftVar":[{"id":62310,"declaredName":"e","declaredLoc":{"line":104,"column":12},"file":"/pages/anySign/anySign.js","type":"normal"}],"readFlow":[{"type":"assign to","from":{"name":"this","loc":{"line":104,"column":16},"id":62311,"file":"D:\\WORK\\2022\\论文相关\\TOSEM\\MiniApp-review\\flow-baseline\\datasetPopular\\安e赔\\__APP__/pages/anySign/anySign.js"},"to":{"name":"e","loc":{"line":104,"column":12},"id":62310,"file":"D:\\WORK\\2022\\论文相关\\TOSEM\\MiniApp-review\\flow-baseline\\datasetPopular\\安e赔\\__APP__/pages/anySign/anySign.js"}}]},{"leftVar":[{"id":62412,"declaredName":"a","declaredLoc":{"line":123,"column":12},"file":"/pages/anySign/anySign.js","type":"normal"}],"readFlow":[{"type":"assign to","from":{"name":"this","loc":{"line":123,"column":16},"id":62413,"file":"D:\\WORK\\2022\\论文相关\\TOSEM\\MiniApp-review\\flow-baseline\\datasetPopular\\安e赔\\__APP__/pages/anySign/anySign.js"},"to":{"name":"a","loc":{"line":123,"column":12},"id":62412,"file":"D:\\WORK\\2022\\论文相关\\TOSEM\\MiniApp-review\\flow-baseline\\datasetPopular\\安e赔\\__APP__/pages/anySign/anySign.js"}},{"type":"read","from":{"name":"a","loc":{"line":123,"column":12},"id":62412,"file":"D:\\WORK\\2022\\论文相关\\TOSEM\\MiniApp-review\\flow-baseline\\datasetPopular\\安e赔\\__APP__/pages/anySign/anySign.js"},"to":{"name":"a","loc":{"line":153,"column":54},"id":62606,"file":"D:\\WORK\\2022\\论文相关\\TOSEM\\MiniApp-review\\flow-baseline\\datasetPopular\\安e赔\\__APP__/pages/anySign/anySign.js"}},{"type":"to callee","from":{"name":"a","loc":{"line":153,"column":54},"id":62606,"file":"D:\\WORK\\2022\\论文相关\\TOSEM\\MiniApp-review\\flow-baseline\\datasetPopular\\安e赔\\__APP__/pages/anySign/anySign.js"},"to":{"name":"i.showToast","loc":{"line":153,"column":42},"id":62603,"file":"D:\\WORK\\2022\\论文相关\\TOSEM\\MiniApp-review\\flow-baseline\\datasetPopular\\安e赔\\__APP__/pages/anySign/anySign.js"}}]},{"leftVar":[{"id":62646,"declaredName":"a","declaredLoc":{"line":165,"column":12},"file":"/pages/anySign/anySign.js","type":"normal"}],"readFlow":[{"type":"assign to","from":{"name":"this","loc":{"line":165,"column":16},"id":62647,"file":"D:\\WORK\\2022\\论文相关\\TOSEM\\MiniApp-review\\flow-baseline\\datasetPopular\\安e赔\\__APP__/pages/anySign/anySign.js"},"to":{"name":"a","loc":{"line":165,"column":12},"id":62646,"file":"D:\\WORK\\2022\\论文相关\\TOSEM\\MiniApp-review\\flow-baseline\\datasetPopular\\安e赔\\__APP__/pages/anySign/anySign.js"}},{"type":"read","from":{"name":"a","loc":{"line":165,"column":12},"id":62646,"file":"D:\\WORK\\2022\\论文相关\\TOSEM\\MiniApp-review\\flow-baseline\\datasetPopular\\安e赔\\__APP__/pages/anySign/anySign.js"},"to":{"name":"a","loc":{"line":202,"column":100},"id":62936,"file":"D:\\WORK\\2022\\论文相关\\TOSEM\\MiniApp-review\\flow-baseline\\datasetPopular\\安e赔\\__APP__/pages/anySign/anySign.js"}},{"type":"to callee","from":{"name":"a","loc":{"line":202,"column":100},"id":62936,"file":"D:\\WORK\\2022\\论文相关\\TOSEM\\MiniApp-review\\flow-baseline\\datasetPopular\\安e赔\\__APP__/pages/anySign/anySign.js"},"to":{"name":"console.log","loc":{"line":202,"column":79},"id":62932,"file":"D:\\WORK\\2022\\论文相关\\TOSEM\\MiniApp-review\\flow-baseline\\datasetPopular\\安e赔\\__APP__/pages/anySign/anySign.js","sink":true}}]},{"leftVar":[{"id":63013,"declaredName":"e","declaredLoc":{"line":222,"column":12},"file":"/pages/anySign/anySign.js","type":"normal"}],"readFlow":[{"type":"assign to","from":{"name":"this","loc":{"line":222,"column":16},"id":63014,"file":"D:\\WORK\\2022\\论文相关\\TOSEM\\MiniApp-review\\flow-baseline\\datasetPopular\\安e赔\\__APP__/pages/anySign/anySign.js"},"to":{"name":"e","loc":{"line":222,"column":12},"id":63013,"file":"D:\\WORK\\2022\\论文相关\\TOSEM\\MiniApp-review\\flow-baseline\\datasetPopular\\安e赔\\__APP__/pages/anySign/anySign.js"}}]},{"leftVar":[{"id":63107,"declaredName":"a","declaredLoc":{"line":239,"column":12},"file":"/pages/anySign/anySign.js","type":"normal"}],"readFlow":[{"type":"assign to","from":{"name":"this","loc":{"line":239,"column":16},"id":63108,"file":"D:\\WORK\\2022\\论文相关\\TOSEM\\MiniApp-review\\flow-baseline\\datasetPopular\\安e赔\\__APP__/pages/anySign/anySign.js"},"to":{"name":"a","loc":{"line":239,"column":12},"id":63107,"file":"D:\\WORK\\2022\\论文相关\\TOSEM\\MiniApp-review\\flow-baseline\\datasetPopular\\安e赔\\__APP__/pages/anySign/anySign.js"}}]}]}],"writeShadows":[{"shadowVar":{"id":-1454,"declaredName":"__object__3.setData","file":"/pages/anySign/anySign.js","type":"normal"},"writeAccess":[]}]}]}]}