{"definedData":[],"dynamicDefinedData":[{"shadowObjectVar":"__object__5","dynamicDefinedProps":[{"propName":".setData","readShadows":[{"shadowVar":{"id":-1526,"declaredName":"__object__5.setData","file":"/pages/checkAndCode/checkAndCode.js","type":"normal"},"readAccess":[{"leftVar":[{"id":64072,"declaredName":"a","declaredLoc":{"line":54,"column":12},"file":"/pages/checkAndCode/checkAndCode.js","type":"normal"}],"readFlow":[{"type":"assign to","from":{"name":"this","loc":{"line":54,"column":16},"id":64073,"file":"D:\\WORK\\2022\\论文相关\\TOSEM\\MiniApp-review\\flow-baseline\\datasetPopular\\安e赔\\__APP__/pages/checkAndCode/checkAndCode.js"},"to":{"name":"a","loc":{"line":54,"column":12},"id":64072,"file":"D:\\WORK\\2022\\论文相关\\TOSEM\\MiniApp-review\\flow-baseline\\datasetPopular\\安e赔\\__APP__/pages/checkAndCode/checkAndCode.js"}}]},{"leftVar":[{"id":64253,"declaredName":"a","declaredLoc":{"line":86,"column":12},"file":"/pages/checkAndCode/checkAndCode.js","type":"normal"}],"readFlow":[{"type":"assign to","from":{"name":"this","loc":{"line":86,"column":16},"id":64254,"file":"D:\\WORK\\2022\\论文相关\\TOSEM\\MiniApp-review\\flow-baseline\\datasetPopular\\安e赔\\__APP__/pages/checkAndCode/checkAndCode.js"},"to":{"name":"a","loc":{"line":86,"column":12},"id":64253,"file":"D:\\WORK\\2022\\论文相关\\TOSEM\\MiniApp-review\\flow-baseline\\datasetPopular\\安e赔\\__APP__/pages/checkAndCode/checkAndCode.js"}},{"type":"read","from":{"name":"a","loc":{"line":86,"column":12},"id":64253,"file":"D:\\WORK\\2022\\论文相关\\TOSEM\\MiniApp-review\\flow-baseline\\datasetPopular\\安e赔\\__APP__/pages/checkAndCode/checkAndCode.js"},"to":{"name":"a","loc":{"line":119,"column":22},"id":64448,"file":"D:\\WORK\\2022\\论文相关\\TOSEM\\MiniApp-review\\flow-baseline\\datasetPopular\\安e赔\\__APP__/pages/checkAndCode/checkAndCode.js"}},{"type":"read","from":{"name":"a","loc":{"line":86,"column":12},"id":64253,"file":"D:\\WORK\\2022\\论文相关\\TOSEM\\MiniApp-review\\flow-baseline\\datasetPopular\\安e赔\\__APP__/pages/checkAndCode/checkAndCode.js"},"to":{"name":"a","loc":{"line":133,"column":36},"id":64514,"file":"D:\\WORK\\2022\\论文相关\\TOSEM\\MiniApp-review\\flow-baseline\\datasetPopular\\安e赔\\__APP__/pages/checkAndCode/checkAndCode.js"}},{"type":"to callee","from":{"name":"a","loc":{"line":133,"column":36},"id":64514,"file":"D:\\WORK\\2022\\论文相关\\TOSEM\\MiniApp-review\\flow-baseline\\datasetPopular\\安e赔\\__APP__/pages/checkAndCode/checkAndCode.js"},"to":{"name":"e.showToast","loc":{"line":133,"column":24},"id":64511,"file":"D:\\WORK\\2022\\论文相关\\TOSEM\\MiniApp-review\\flow-baseline\\datasetPopular\\安e赔\\__APP__/pages/checkAndCode/checkAndCode.js"}},{"type":"to callee","from":{"name":"a","loc":{"line":119,"column":22},"id":64448,"file":"D:\\WORK\\2022\\论文相关\\TOSEM\\MiniApp-review\\flow-baseline\\datasetPopular\\安e赔\\__APP__/pages/checkAndCode/checkAndCode.js"},"to":{"name":"e","loc":{"line":108,"column":70},"id":64393,"file":"D:\\WORK\\2022\\论文相关\\TOSEM\\MiniApp-review\\flow-baseline\\datasetPopular\\安e赔\\__APP__/pages/checkAndCode/checkAndCode.js"}},{"type":"read","from":{"name":"a","loc":{"line":119,"column":22},"id":64448,"file":"D:\\WORK\\2022\\论文相关\\TOSEM\\MiniApp-review\\flow-baseline\\datasetPopular\\安e赔\\__APP__/pages/checkAndCode/checkAndCode.js"},"to":{"name":"a.setData","loc":{"line":119,"column":26},"id":64450,"file":"D:\\WORK\\2022\\论文相关\\TOSEM\\MiniApp-review\\flow-baseline\\datasetPopular\\安e赔\\__APP__/pages/checkAndCode/checkAndCode.js"}}]},{"leftVar":[{"id":64539,"declaredName":"a","declaredLoc":{"line":143,"column":12},"file":"/pages/checkAndCode/checkAndCode.js","type":"normal"}],"readFlow":[{"type":"assign to","from":{"name":"this","loc":{"line":143,"column":16},"id":64540,"file":"D:\\WORK\\2022\\论文相关\\TOSEM\\MiniApp-review\\flow-baseline\\datasetPopular\\安e赔\\__APP__/pages/checkAndCode/checkAndCode.js"},"to":{"name":"a","loc":{"line":143,"column":12},"id":64539,"file":"D:\\WORK\\2022\\论文相关\\TOSEM\\MiniApp-review\\flow-baseline\\datasetPopular\\安e赔\\__APP__/pages/checkAndCode/checkAndCode.js"}}]},{"leftVar":[{"id":64735,"declaredName":"a","declaredLoc":{"line":175,"column":12},"file":"/pages/checkAndCode/checkAndCode.js","type":"normal"}],"readFlow":[{"type":"assign to","from":{"name":"this","loc":{"line":175,"column":16},"id":64736,"file":"D:\\WORK\\2022\\论文相关\\TOSEM\\MiniApp-review\\flow-baseline\\datasetPopular\\安e赔\\__APP__/pages/checkAndCode/checkAndCode.js"},"to":{"name":"a","loc":{"line":175,"column":12},"id":64735,"file":"D:\\WORK\\2022\\论文相关\\TOSEM\\MiniApp-review\\flow-baseline\\datasetPopular\\安e赔\\__APP__/pages/checkAndCode/checkAndCode.js"}}]},{"leftVar":[{"id":64932,"declaredName":"a","declaredLoc":{"line":210,"column":12},"file":"/pages/checkAndCode/checkAndCode.js","type":"normal"}],"readFlow":[{"type":"assign to","from":{"name":"this","loc":{"line":210,"column":16},"id":64933,"file":"D:\\WORK\\2022\\论文相关\\TOSEM\\MiniApp-review\\flow-baseline\\datasetPopular\\安e赔\\__APP__/pages/checkAndCode/checkAndCode.js"},"to":{"name":"a","loc":{"line":210,"column":12},"id":64932,"file":"D:\\WORK\\2022\\论文相关\\TOSEM\\MiniApp-review\\flow-baseline\\datasetPopular\\安e赔\\__APP__/pages/checkAndCode/checkAndCode.js"}}]}]}],"writeShadows":[{"shadowVar":{"id":-1526,"declaredName":"__object__5.setData","file":"/pages/checkAndCode/checkAndCode.js","type":"normal"},"writeAccess":[]}]}]}]}