{"definedData":[],"dynamicDefinedData":[{"shadowObjectVar":"__object__4","dynamicDefinedProps":[{"propName":".setData","readShadows":[{"shadowVar":{"id":-1557,"declaredName":"__object__4.setData","file":"/pages/deposit/deposit.js","type":"normal"},"readAccess":[{"leftVar":[{"id":65127,"declaredName":"o","declaredLoc":{"line":38,"column":12},"file":"/pages/deposit/deposit.js","type":"normal"}],"readFlow":[{"type":"assign to","from":{"name":"this","loc":{"line":38,"column":16},"id":65128,"file":"D:\\WORK\\2022\\论文相关\\TOSEM\\MiniApp-review\\flow-baseline\\datasetPopular\\安e赔\\__APP__/pages/deposit/deposit.js"},"to":{"name":"o","loc":{"line":38,"column":12},"id":65127,"file":"D:\\WORK\\2022\\论文相关\\TOSEM\\MiniApp-review\\flow-baseline\\datasetPopular\\安e赔\\__APP__/pages/deposit/deposit.js"}}]},{"leftVar":[{"id":65275,"declaredName":"o","declaredLoc":{"line":60,"column":12},"file":"/pages/deposit/deposit.js","type":"normal"}],"readFlow":[{"type":"assign to","from":{"name":"this","loc":{"line":60,"column":16},"id":65276,"file":"D:\\WORK\\2022\\论文相关\\TOSEM\\MiniApp-review\\flow-baseline\\datasetPopular\\安e赔\\__APP__/pages/deposit/deposit.js"},"to":{"name":"o","loc":{"line":60,"column":12},"id":65275,"file":"D:\\WORK\\2022\\论文相关\\TOSEM\\MiniApp-review\\flow-baseline\\datasetPopular\\安e赔\\__APP__/pages/deposit/deposit.js"}}]},{"leftVar":[{"id":65447,"declaredName":"o","declaredLoc":{"line":91,"column":12},"file":"/pages/deposit/deposit.js","type":"normal"}],"readFlow":[{"type":"assign to","from":{"name":"this","loc":{"line":91,"column":16},"id":65448,"file":"D:\\WORK\\2022\\论文相关\\TOSEM\\MiniApp-review\\flow-baseline\\datasetPopular\\安e赔\\__APP__/pages/deposit/deposit.js"},"to":{"name":"o","loc":{"line":91,"column":12},"id":65447,"file":"D:\\WORK\\2022\\论文相关\\TOSEM\\MiniApp-review\\flow-baseline\\datasetPopular\\安e赔\\__APP__/pages/deposit/deposit.js"}}]},{"leftVar":[{"id":65684,"declaredName":"o","declaredLoc":{"line":122,"column":12},"file":"/pages/deposit/deposit.js","type":"normal"}],"readFlow":[{"type":"assign to","from":{"name":"this","loc":{"line":122,"column":16},"id":65685,"file":"D:\\WORK\\2022\\论文相关\\TOSEM\\MiniApp-review\\flow-baseline\\datasetPopular\\安e赔\\__APP__/pages/deposit/deposit.js"},"to":{"name":"o","loc":{"line":122,"column":12},"id":65684,"file":"D:\\WORK\\2022\\论文相关\\TOSEM\\MiniApp-review\\flow-baseline\\datasetPopular\\安e赔\\__APP__/pages/deposit/deposit.js"}}]},{"leftVar":[{"id":65891,"declaredName":"a","declaredLoc":{"line":157,"column":12},"file":"/pages/deposit/deposit.js","type":"normal"}],"readFlow":[{"type":"assign to","from":{"name":"this","loc":{"line":157,"column":16},"id":65892,"file":"D:\\WORK\\2022\\论文相关\\TOSEM\\MiniApp-review\\flow-baseline\\datasetPopular\\安e赔\\__APP__/pages/deposit/deposit.js"},"to":{"name":"a","loc":{"line":157,"column":12},"id":65891,"file":"D:\\WORK\\2022\\论文相关\\TOSEM\\MiniApp-review\\flow-baseline\\datasetPopular\\安e赔\\__APP__/pages/deposit/deposit.js"}}]},{"leftVar":[{"id":65928,"declaredName":"s","declaredLoc":{"line":168,"column":12},"file":"/pages/deposit/deposit.js","type":"normal"}],"readFlow":[{"type":"assign to","from":{"name":"this","loc":{"line":168,"column":16},"id":65929,"file":"D:\\WORK\\2022\\论文相关\\TOSEM\\MiniApp-review\\flow-baseline\\datasetPopular\\安e赔\\__APP__/pages/deposit/deposit.js"},"to":{"name":"s","loc":{"line":168,"column":12},"id":65928,"file":"D:\\WORK\\2022\\论文相关\\TOSEM\\MiniApp-review\\flow-baseline\\datasetPopular\\安e赔\\__APP__/pages/deposit/deposit.js"}}]}]}],"writeShadows":[{"shadowVar":{"id":-1557,"declaredName":"__object__4.setData","file":"/pages/deposit/deposit.js","type":"normal"},"writeAccess":[]}]},{"propName":".urlToObj","readShadows":[{"shadowVar":{"id":66142,"declaredName":"__object__4.urlToObj","declaredLoc":{"line":194,"column":4},"file":"/pages/deposit/deposit.js","type":"normal"},"readAccess":[{"leftVar":[{"id":65986,"declaredName":"i","declaredLoc":{"line":173,"column":34},"file":"/pages/deposit/deposit.js","type":"normal"}],"readFlow":[{"type":"assign to","from":{"name":"s.urlToObj","loc":{"line":173,"column":38},"id":65988,"file":"D:\\WORK\\2022\\论文相关\\TOSEM\\MiniApp-review\\flow-baseline\\datasetPopular\\安e赔\\__APP__/pages/deposit/deposit.js"},"to":{"name":"i","loc":{"line":173,"column":34},"id":65986,"file":"D:\\WORK\\2022\\论文相关\\TOSEM\\MiniApp-review\\flow-baseline\\datasetPopular\\安e赔\\__APP__/pages/deposit/deposit.js"}},{"type":"read","from":{"name":"i","loc":{"line":173,"column":34},"id":65986,"file":"D:\\WORK\\2022\\论文相关\\TOSEM\\MiniApp-review\\flow-baseline\\datasetPopular\\安e赔\\__APP__/pages/deposit/deposit.js"},"to":{"name":"i","loc":{"line":174,"column":38},"id":65999,"file":"D:\\WORK\\2022\\论文相关\\TOSEM\\MiniApp-review\\flow-baseline\\datasetPopular\\安e赔\\__APP__/pages/deposit/deposit.js"}},{"type":"to callee","from":{"name":"i","loc":{"line":174,"column":38},"id":65999,"file":"D:\\WORK\\2022\\论文相关\\TOSEM\\MiniApp-review\\flow-baseline\\datasetPopular\\安e赔\\__APP__/pages/deposit/deposit.js"},"to":{"name":"console.log","loc":{"line":174,"column":16},"id":65995,"file":"D:\\WORK\\2022\\论文相关\\TOSEM\\MiniApp-review\\flow-baseline\\datasetPopular\\安e赔\\__APP__/pages/deposit/deposit.js","sink":true}},{"type":"read","from":{"name":"i","loc":{"line":174,"column":38},"id":65999,"file":"D:\\WORK\\2022\\论文相关\\TOSEM\\MiniApp-review\\flow-baseline\\datasetPopular\\安e赔\\__APP__/pages/deposit/deposit.js"},"to":{"name":"i.registerNo","loc":{"line":179,"column":32},"id":66084,"file":"D:\\WORK\\2022\\论文相关\\TOSEM\\MiniApp-review\\flow-baseline\\datasetPopular\\安e赔\\__APP__/pages/deposit/deposit.js"}},{"type":"read","from":{"name":"i.registerNo","loc":{"line":179,"column":32},"id":66084,"file":"D:\\WORK\\2022\\论文相关\\TOSEM\\MiniApp-review\\flow-baseline\\datasetPopular\\安e赔\\__APP__/pages/deposit/deposit.js"},"to":{"name":"i.encryptInsuredNo","loc":{"line":184,"column":42},"id":66113,"file":"D:\\WORK\\2022\\论文相关\\TOSEM\\MiniApp-review\\flow-baseline\\datasetPopular\\安e赔\\__APP__/pages/deposit/deposit.js"}},{"type":"assign to","from":{"name":"i.registerNo","loc":{"line":179,"column":32},"id":66084,"file":"D:\\WORK\\2022\\论文相关\\TOSEM\\MiniApp-review\\flow-baseline\\datasetPopular\\安e赔\\__APP__/pages/deposit/deposit.js"},"to":{"name":"registerNo","loc":{"line":179,"column":20},"id":66083,"file":"D:\\WORK\\2022\\论文相关\\TOSEM\\MiniApp-review\\flow-baseline\\datasetPopular\\安e赔\\__APP__/pages/deposit/deposit.js"}},{"type":"assign to","from":{"name":"registerNo","loc":{"line":179,"column":20},"id":66083,"file":"D:\\WORK\\2022\\论文相关\\TOSEM\\MiniApp-review\\flow-baseline\\datasetPopular\\安e赔\\__APP__/pages/deposit/deposit.js"},"to":{"name":"n","loc":{"line":176,"column":20},"id":66064,"file":"D:\\WORK\\2022\\论文相关\\TOSEM\\MiniApp-review\\flow-baseline\\datasetPopular\\安e赔\\__APP__/pages/deposit/deposit.js"}},{"type":"read","from":{"name":"registerNo","loc":{"line":179,"column":20},"id":66083,"file":"D:\\WORK\\2022\\论文相关\\TOSEM\\MiniApp-review\\flow-baseline\\datasetPopular\\安e赔\\__APP__/pages/deposit/deposit.js"},"to":{"name":"n","loc":{"line":187,"column":36},"id":66123,"file":"D:\\WORK\\2022\\论文相关\\TOSEM\\MiniApp-review\\flow-baseline\\datasetPopular\\安e赔\\__APP__/pages/deposit/deposit.js"}},{"type":"to callee","from":{"name":"n","loc":{"line":187,"column":36},"id":66123,"file":"D:\\WORK\\2022\\论文相关\\TOSEM\\MiniApp-review\\flow-baseline\\datasetPopular\\安e赔\\__APP__/pages/deposit/deposit.js"},"to":{"name":"console.log","loc":{"line":187,"column":16},"id":66119,"file":"D:\\WORK\\2022\\论文相关\\TOSEM\\MiniApp-review\\flow-baseline\\datasetPopular\\安e赔\\__APP__/pages/deposit/deposit.js","sink":true}},{"type":"read","from":{"name":"n","loc":{"line":187,"column":36},"id":66123,"file":"D:\\WORK\\2022\\论文相关\\TOSEM\\MiniApp-review\\flow-baseline\\datasetPopular\\安e赔\\__APP__/pages/deposit/deposit.js"},"to":{"name":"n","loc":{"line":187,"column":61},"id":66128,"file":"D:\\WORK\\2022\\论文相关\\TOSEM\\MiniApp-review\\flow-baseline\\datasetPopular\\安e赔\\__APP__/pages/deposit/deposit.js"}},{"type":"to callee","from":{"name":"n","loc":{"line":187,"column":61},"id":66128,"file":"D:\\WORK\\2022\\论文相关\\TOSEM\\MiniApp-review\\flow-baseline\\datasetPopular\\安e赔\\__APP__/pages/deposit/deposit.js"},"to":{"name":"s.checkUserGetClient","loc":{"line":187,"column":40},"id":66125,"file":"D:\\WORK\\2022\\论文相关\\TOSEM\\MiniApp-review\\flow-baseline\\datasetPopular\\安e赔\\__APP__/pages/deposit/deposit.js"}},{"type":"read","from":{"name":"n","loc":{"line":176,"column":20},"id":66064,"file":"D:\\WORK\\2022\\论文相关\\TOSEM\\MiniApp-review\\flow-baseline\\datasetPopular\\安e赔\\__APP__/pages/deposit/deposit.js"},"to":{"name":"n","loc":{"line":187,"column":36},"id":66123,"file":"D:\\WORK\\2022\\论文相关\\TOSEM\\MiniApp-review\\flow-baseline\\datasetPopular\\安e赔\\__APP__/pages/deposit/deposit.js"}},{"type":"assign to","from":{"name":"i.encryptInsuredNo","loc":{"line":184,"column":42},"id":66113,"file":"D:\\WORK\\2022\\论文相关\\TOSEM\\MiniApp-review\\flow-baseline\\datasetPopular\\安e赔\\__APP__/pages/deposit/deposit.js"},"to":{"name":"encryptInsuredNo","loc":{"line":184,"column":24},"id":66112,"file":"D:\\WORK\\2022\\论文相关\\TOSEM\\MiniApp-review\\flow-baseline\\datasetPopular\\安e赔\\__APP__/pages/deposit/deposit.js"}},{"type":"assign to","from":{"name":"encryptInsuredNo","loc":{"line":184,"column":24},"id":66112,"file":"D:\\WORK\\2022\\论文相关\\TOSEM\\MiniApp-review\\flow-baseline\\datasetPopular\\安e赔\\__APP__/pages/deposit/deposit.js"},"to":{"name":"freeDepositLines","loc":{"line":180,"column":20},"id":66088,"file":"D:\\WORK\\2022\\论文相关\\TOSEM\\MiniApp-review\\flow-baseline\\datasetPopular\\安e赔\\__APP__/pages/deposit/deposit.js"}},{"type":"assign to","from":{"name":"freeDepositLines","loc":{"line":180,"column":20},"id":66088,"file":"D:\\WORK\\2022\\论文相关\\TOSEM\\MiniApp-review\\flow-baseline\\datasetPopular\\安e赔\\__APP__/pages/deposit/deposit.js"},"to":{"name":"n","loc":{"line":176,"column":20},"id":66064,"file":"D:\\WORK\\2022\\论文相关\\TOSEM\\MiniApp-review\\flow-baseline\\datasetPopular\\安e赔\\__APP__/pages/deposit/deposit.js"}},{"type":"read","from":{"name":"freeDepositLines","loc":{"line":180,"column":20},"id":66088,"file":"D:\\WORK\\2022\\论文相关\\TOSEM\\MiniApp-review\\flow-baseline\\datasetPopular\\安e赔\\__APP__/pages/deposit/deposit.js"},"to":{"name":"n","loc":{"line":187,"column":36},"id":66123,"file":"D:\\WORK\\2022\\论文相关\\TOSEM\\MiniApp-review\\flow-baseline\\datasetPopular\\安e赔\\__APP__/pages/deposit/deposit.js"}}]}]}],"writeShadows":[{"shadowVar":{"id":66142,"declaredName":"__object__4.urlToObj","declaredLoc":{"line":194,"column":4},"file":"/pages/deposit/deposit.js","type":"normal"},"writeAccess":[]}]}]}]}