{"definedData":[],"dynamicDefinedData":[{"shadowObjectVar":"__object__3","dynamicDefinedProps":[{"propName":".setData","readShadows":[{"shadowVar":{"id":-1587,"declaredName":"__object__3.setData","file":"/pages/freeDeposit/freeDeposit.js","type":"normal"},"readAccess":[{"leftVar":[{"id":66685,"declaredName":"e","declaredLoc":{"line":101,"column":12},"file":"/pages/freeDeposit/freeDeposit.js","type":"normal"}],"readFlow":[{"type":"assign to","from":{"name":"this","loc":{"line":101,"column":16},"id":66686,"file":"D:\\WORK\\2022\\论文相关\\TOSEM\\MiniApp-review\\flow-baseline\\datasetPopular\\安e赔\\__APP__/pages/freeDeposit/freeDeposit.js"},"to":{"name":"e","loc":{"line":101,"column":12},"id":66685,"file":"D:\\WORK\\2022\\论文相关\\TOSEM\\MiniApp-review\\flow-baseline\\datasetPopular\\安e赔\\__APP__/pages/freeDeposit/freeDeposit.js"}}]},{"leftVar":[{"id":66763,"declaredName":"a","declaredLoc":{"line":119,"column":12},"file":"/pages/freeDeposit/freeDeposit.js","type":"normal"}],"readFlow":[{"type":"assign to","from":{"name":"this","loc":{"line":119,"column":16},"id":66764,"file":"D:\\WORK\\2022\\论文相关\\TOSEM\\MiniApp-review\\flow-baseline\\datasetPopular\\安e赔\\__APP__/pages/freeDeposit/freeDeposit.js"},"to":{"name":"a","loc":{"line":119,"column":12},"id":66763,"file":"D:\\WORK\\2022\\论文相关\\TOSEM\\MiniApp-review\\flow-baseline\\datasetPopular\\安e赔\\__APP__/pages/freeDeposit/freeDeposit.js"}},{"type":"read","from":{"name":"a","loc":{"line":119,"column":12},"id":66763,"file":"D:\\WORK\\2022\\论文相关\\TOSEM\\MiniApp-review\\flow-baseline\\datasetPopular\\安e赔\\__APP__/pages/freeDeposit/freeDeposit.js"},"to":{"name":"a","loc":{"line":141,"column":50},"id":66905,"file":"D:\\WORK\\2022\\论文相关\\TOSEM\\MiniApp-review\\flow-baseline\\datasetPopular\\安e赔\\__APP__/pages/freeDeposit/freeDeposit.js"}},{"type":"read","from":{"name":"a","loc":{"line":119,"column":12},"id":66763,"file":"D:\\WORK\\2022\\论文相关\\TOSEM\\MiniApp-review\\flow-baseline\\datasetPopular\\安e赔\\__APP__/pages/freeDeposit/freeDeposit.js"},"to":{"name":"a","loc":{"line":144,"column":54},"id":66924,"file":"D:\\WORK\\2022\\论文相关\\TOSEM\\MiniApp-review\\flow-baseline\\datasetPopular\\安e赔\\__APP__/pages/freeDeposit/freeDeposit.js"}},{"type":"to callee","from":{"name":"a","loc":{"line":144,"column":54},"id":66924,"file":"D:\\WORK\\2022\\论文相关\\TOSEM\\MiniApp-review\\flow-baseline\\datasetPopular\\安e赔\\__APP__/pages/freeDeposit/freeDeposit.js"},"to":{"name":"i.showToast","loc":{"line":144,"column":42},"id":66921,"file":"D:\\WORK\\2022\\论文相关\\TOSEM\\MiniApp-review\\flow-baseline\\datasetPopular\\安e赔\\__APP__/pages/freeDeposit/freeDeposit.js"}},{"type":"to callee","from":{"name":"a","loc":{"line":141,"column":50},"id":66905,"file":"D:\\WORK\\2022\\论文相关\\TOSEM\\MiniApp-review\\flow-baseline\\datasetPopular\\安e赔\\__APP__/pages/freeDeposit/freeDeposit.js"},"to":{"name":"i.showToast","loc":{"line":141,"column":38},"id":66902,"file":"D:\\WORK\\2022\\论文相关\\TOSEM\\MiniApp-review\\flow-baseline\\datasetPopular\\安e赔\\__APP__/pages/freeDeposit/freeDeposit.js"}}]},{"leftVar":[{"id":66963,"declaredName":"e","declaredLoc":{"line":156,"column":12},"file":"/pages/freeDeposit/freeDeposit.js","type":"normal"}],"readFlow":[{"type":"assign to","from":{"name":"this","loc":{"line":156,"column":16},"id":66964,"file":"D:\\WORK\\2022\\论文相关\\TOSEM\\MiniApp-review\\flow-baseline\\datasetPopular\\安e赔\\__APP__/pages/freeDeposit/freeDeposit.js"},"to":{"name":"e","loc":{"line":156,"column":12},"id":66963,"file":"D:\\WORK\\2022\\论文相关\\TOSEM\\MiniApp-review\\flow-baseline\\datasetPopular\\安e赔\\__APP__/pages/freeDeposit/freeDeposit.js"}},{"type":"read","from":{"name":"e","loc":{"line":156,"column":12},"id":66963,"file":"D:\\WORK\\2022\\论文相关\\TOSEM\\MiniApp-review\\flow-baseline\\datasetPopular\\安e赔\\__APP__/pages/freeDeposit/freeDeposit.js"},"to":{"name":"e","loc":{"line":197,"column":58},"id":67200,"file":"D:\\WORK\\2022\\论文相关\\TOSEM\\MiniApp-review\\flow-baseline\\datasetPopular\\安e赔\\__APP__/pages/freeDeposit/freeDeposit.js"}},{"type":"read","from":{"name":"e","loc":{"line":156,"column":12},"id":66963,"file":"D:\\WORK\\2022\\论文相关\\TOSEM\\MiniApp-review\\flow-baseline\\datasetPopular\\安e赔\\__APP__/pages/freeDeposit/freeDeposit.js"},"to":{"name":"e","loc":{"line":200,"column":54},"id":67225,"file":"D:\\WORK\\2022\\论文相关\\TOSEM\\MiniApp-review\\flow-baseline\\datasetPopular\\安e赔\\__APP__/pages/freeDeposit/freeDeposit.js"}},{"type":"to callee","from":{"name":"e","loc":{"line":200,"column":54},"id":67225,"file":"D:\\WORK\\2022\\论文相关\\TOSEM\\MiniApp-review\\flow-baseline\\datasetPopular\\安e赔\\__APP__/pages/freeDeposit/freeDeposit.js"},"to":{"name":"i.showToast","loc":{"line":200,"column":42},"id":67222,"file":"D:\\WORK\\2022\\论文相关\\TOSEM\\MiniApp-review\\flow-baseline\\datasetPopular\\安e赔\\__APP__/pages/freeDeposit/freeDeposit.js"}},{"type":"to callee","from":{"name":"e","loc":{"line":197,"column":58},"id":67200,"file":"D:\\WORK\\2022\\论文相关\\TOSEM\\MiniApp-review\\flow-baseline\\datasetPopular\\安e赔\\__APP__/pages/freeDeposit/freeDeposit.js"},"to":{"name":"i.showToast","loc":{"line":197,"column":46},"id":67197,"file":"D:\\WORK\\2022\\论文相关\\TOSEM\\MiniApp-review\\flow-baseline\\datasetPopular\\安e赔\\__APP__/pages/freeDeposit/freeDeposit.js"}}]},{"leftVar":[{"id":67280,"declaredName":"e","declaredLoc":{"line":216,"column":12},"file":"/pages/freeDeposit/freeDeposit.js","type":"normal"}],"readFlow":[{"type":"assign to","from":{"name":"this","loc":{"line":216,"column":16},"id":67281,"file":"D:\\WORK\\2022\\论文相关\\TOSEM\\MiniApp-review\\flow-baseline\\datasetPopular\\安e赔\\__APP__/pages/freeDeposit/freeDeposit.js"},"to":{"name":"e","loc":{"line":216,"column":12},"id":67280,"file":"D:\\WORK\\2022\\论文相关\\TOSEM\\MiniApp-review\\flow-baseline\\datasetPopular\\安e赔\\__APP__/pages/freeDeposit/freeDeposit.js"}}]},{"leftVar":[{"id":67374,"declaredName":"a","declaredLoc":{"line":233,"column":12},"file":"/pages/freeDeposit/freeDeposit.js","type":"normal"}],"readFlow":[{"type":"assign to","from":{"name":"this","loc":{"line":233,"column":16},"id":67375,"file":"D:\\WORK\\2022\\论文相关\\TOSEM\\MiniApp-review\\flow-baseline\\datasetPopular\\安e赔\\__APP__/pages/freeDeposit/freeDeposit.js"},"to":{"name":"a","loc":{"line":233,"column":12},"id":67374,"file":"D:\\WORK\\2022\\论文相关\\TOSEM\\MiniApp-review\\flow-baseline\\datasetPopular\\安e赔\\__APP__/pages/freeDeposit/freeDeposit.js"}}]}]}],"writeShadows":[{"shadowVar":{"id":-1587,"declaredName":"__object__3.setData","file":"/pages/freeDeposit/freeDeposit.js","type":"normal"},"writeAccess":[]}]}]}]}