{"definedData":[],"dynamicDefinedData":[{"shadowObjectVar":"__object__72","dynamicDefinedProps":[{"propName":".setData","readShadows":[{"shadowVar":{"id":-1692,"declaredName":"__object__72.setData","file":"/pages/index/index.js","type":"normal"},"readAccess":[{"leftVar":[{"id":68140,"declaredName":"e","declaredLoc":{"line":75,"column":12},"file":"/pages/index/index.js","type":"normal"}],"readFlow":[{"type":"assign to","from":{"name":"this","loc":{"line":75,"column":16},"id":68141,"file":"D:\\WORK\\2022\\论文相关\\TOSEM\\MiniApp-review\\flow-baseline\\datasetPopular\\安e赔\\__APP__/pages/index/index.js"},"to":{"name":"e","loc":{"line":75,"column":12},"id":68140,"file":"D:\\WORK\\2022\\论文相关\\TOSEM\\MiniApp-review\\flow-baseline\\datasetPopular\\安e赔\\__APP__/pages/index/index.js"}}]},{"leftVar":[{"id":68739,"declaredName":"t","declaredLoc":{"line":149,"column":12},"file":"/pages/index/index.js","type":"normal"}],"readFlow":[{"type":"assign to","from":{"name":"this","loc":{"line":149,"column":16},"id":68740,"file":"D:\\WORK\\2022\\论文相关\\TOSEM\\MiniApp-review\\flow-baseline\\datasetPopular\\安e赔\\__APP__/pages/index/index.js"},"to":{"name":"t","loc":{"line":149,"column":12},"id":68739,"file":"D:\\WORK\\2022\\论文相关\\TOSEM\\MiniApp-review\\flow-baseline\\datasetPopular\\安e赔\\__APP__/pages/index/index.js"}}]},{"leftVar":[{"id":69095,"declaredName":"t","declaredLoc":{"line":194,"column":12},"file":"/pages/index/index.js","type":"normal"}],"readFlow":[{"type":"assign to","from":{"name":"this","loc":{"line":194,"column":16},"id":69096,"file":"D:\\WORK\\2022\\论文相关\\TOSEM\\MiniApp-review\\flow-baseline\\datasetPopular\\安e赔\\__APP__/pages/index/index.js"},"to":{"name":"t","loc":{"line":194,"column":12},"id":69095,"file":"D:\\WORK\\2022\\论文相关\\TOSEM\\MiniApp-review\\flow-baseline\\datasetPopular\\安e赔\\__APP__/pages/index/index.js"}},{"type":"read","from":{"name":"t","loc":{"line":194,"column":12},"id":69095,"file":"D:\\WORK\\2022\\论文相关\\TOSEM\\MiniApp-review\\flow-baseline\\datasetPopular\\安e赔\\__APP__/pages/index/index.js"},"to":{"name":"t","loc":{"line":209,"column":36},"id":69204,"file":"D:\\WORK\\2022\\论文相关\\TOSEM\\MiniApp-review\\flow-baseline\\datasetPopular\\安e赔\\__APP__/pages/index/index.js"}},{"type":"to callee","from":{"name":"t","loc":{"line":209,"column":36},"id":69204,"file":"D:\\WORK\\2022\\论文相关\\TOSEM\\MiniApp-review\\flow-baseline\\datasetPopular\\安e赔\\__APP__/pages/index/index.js"},"to":{"name":"s.showToast","loc":{"line":209,"column":24},"id":69201,"file":"D:\\WORK\\2022\\论文相关\\TOSEM\\MiniApp-review\\flow-baseline\\datasetPopular\\安e赔\\__APP__/pages/index/index.js"}}]},{"leftVar":[{"id":69776,"declaredName":"t","declaredLoc":{"line":306,"column":12},"file":"/pages/index/index.js","type":"normal"}],"readFlow":[{"type":"assign to","from":{"name":"this","loc":{"line":306,"column":16},"id":69777,"file":"D:\\WORK\\2022\\论文相关\\TOSEM\\MiniApp-review\\flow-baseline\\datasetPopular\\安e赔\\__APP__/pages/index/index.js"},"to":{"name":"t","loc":{"line":306,"column":12},"id":69776,"file":"D:\\WORK\\2022\\论文相关\\TOSEM\\MiniApp-review\\flow-baseline\\datasetPopular\\安e赔\\__APP__/pages/index/index.js"}}]},{"leftVar":[{"id":70273,"declaredName":"t","declaredLoc":{"line":350,"column":12},"file":"/pages/index/index.js","type":"normal"}],"readFlow":[{"type":"assign to","from":{"name":"this","loc":{"line":350,"column":16},"id":70274,"file":"D:\\WORK\\2022\\论文相关\\TOSEM\\MiniApp-review\\flow-baseline\\datasetPopular\\安e赔\\__APP__/pages/index/index.js"},"to":{"name":"t","loc":{"line":350,"column":12},"id":70273,"file":"D:\\WORK\\2022\\论文相关\\TOSEM\\MiniApp-review\\flow-baseline\\datasetPopular\\安e赔\\__APP__/pages/index/index.js"}}]}]}],"writeShadows":[{"shadowVar":{"id":-1692,"declaredName":"__object__72.setData","file":"/pages/index/index.js","type":"normal"},"writeAccess":[]}]}]}]}