{"definedData":[],"dynamicDefinedData":[{"shadowObjectVar":"__object__72","dynamicDefinedProps":[{"propName":".setData","readShadows":[{"shadowVar":{"id":-1792,"declaredName":"__object__72.setData","file":"/pages/indexNew/indexNew.js","type":"normal"},"readAccess":[{"leftVar":[{"id":71617,"declaredName":"e","declaredLoc":{"line":75,"column":12},"file":"/pages/indexNew/indexNew.js","type":"normal"}],"readFlow":[{"type":"assign to","from":{"name":"this","loc":{"line":75,"column":16},"id":71618,"file":"D:\\WORK\\2022\\论文相关\\TOSEM\\MiniApp-review\\flow-baseline\\datasetPopular\\安e赔\\__APP__/pages/indexNew/indexNew.js"},"to":{"name":"e","loc":{"line":75,"column":12},"id":71617,"file":"D:\\WORK\\2022\\论文相关\\TOSEM\\MiniApp-review\\flow-baseline\\datasetPopular\\安e赔\\__APP__/pages/indexNew/indexNew.js"}}]},{"leftVar":[{"id":72216,"declaredName":"t","declaredLoc":{"line":149,"column":12},"file":"/pages/indexNew/indexNew.js","type":"normal"}],"readFlow":[{"type":"assign to","from":{"name":"this","loc":{"line":149,"column":16},"id":72217,"file":"D:\\WORK\\2022\\论文相关\\TOSEM\\MiniApp-review\\flow-baseline\\datasetPopular\\安e赔\\__APP__/pages/indexNew/indexNew.js"},"to":{"name":"t","loc":{"line":149,"column":12},"id":72216,"file":"D:\\WORK\\2022\\论文相关\\TOSEM\\MiniApp-review\\flow-baseline\\datasetPopular\\安e赔\\__APP__/pages/indexNew/indexNew.js"}}]},{"leftVar":[{"id":72572,"declaredName":"t","declaredLoc":{"line":194,"column":12},"file":"/pages/indexNew/indexNew.js","type":"normal"}],"readFlow":[{"type":"assign to","from":{"name":"this","loc":{"line":194,"column":16},"id":72573,"file":"D:\\WORK\\2022\\论文相关\\TOSEM\\MiniApp-review\\flow-baseline\\datasetPopular\\安e赔\\__APP__/pages/indexNew/indexNew.js"},"to":{"name":"t","loc":{"line":194,"column":12},"id":72572,"file":"D:\\WORK\\2022\\论文相关\\TOSEM\\MiniApp-review\\flow-baseline\\datasetPopular\\安e赔\\__APP__/pages/indexNew/indexNew.js"}}]},{"leftVar":[{"id":73233,"declaredName":"t","declaredLoc":{"line":302,"column":12},"file":"/pages/indexNew/indexNew.js","type":"normal"}],"readFlow":[{"type":"assign to","from":{"name":"this","loc":{"line":302,"column":16},"id":73234,"file":"D:\\WORK\\2022\\论文相关\\TOSEM\\MiniApp-review\\flow-baseline\\datasetPopular\\安e赔\\__APP__/pages/indexNew/indexNew.js"},"to":{"name":"t","loc":{"line":302,"column":12},"id":73233,"file":"D:\\WORK\\2022\\论文相关\\TOSEM\\MiniApp-review\\flow-baseline\\datasetPopular\\安e赔\\__APP__/pages/indexNew/indexNew.js"}}]},{"leftVar":[{"id":73730,"declaredName":"t","declaredLoc":{"line":346,"column":12},"file":"/pages/indexNew/indexNew.js","type":"normal"}],"readFlow":[{"type":"assign to","from":{"name":"this","loc":{"line":346,"column":16},"id":73731,"file":"D:\\WORK\\2022\\论文相关\\TOSEM\\MiniApp-review\\flow-baseline\\datasetPopular\\安e赔\\__APP__/pages/indexNew/indexNew.js"},"to":{"name":"t","loc":{"line":346,"column":12},"id":73730,"file":"D:\\WORK\\2022\\论文相关\\TOSEM\\MiniApp-review\\flow-baseline\\datasetPopular\\安e赔\\__APP__/pages/indexNew/indexNew.js"}}]}]}],"writeShadows":[{"shadowVar":{"id":-1792,"declaredName":"__object__72.setData","file":"/pages/indexNew/indexNew.js","type":"normal"},"writeAccess":[]}]}]}]}