{"definedData":[],"dynamicDefinedData":[{"shadowObjectVar":"__object__7","dynamicDefinedProps":[{"propName":".setData","readShadows":[{"shadowVar":{"id":-1863,"declaredName":"__object__7.setData","file":"/pages/onlineApply/onlineApply.js","type":"normal"},"readAccess":[{"leftVar":[{"id":75426,"declaredName":"a","declaredLoc":{"line":91,"column":12},"file":"/pages/onlineApply/onlineApply.js","type":"normal"}],"readFlow":[{"type":"assign to","from":{"name":"this","loc":{"line":91,"column":16},"id":75427,"file":"D:\\WORK\\2022\\论文相关\\TOSEM\\MiniApp-review\\flow-baseline\\datasetPopular\\安e赔\\__APP__/pages/onlineApply/onlineApply.js"},"to":{"name":"a","loc":{"line":91,"column":12},"id":75426,"file":"D:\\WORK\\2022\\论文相关\\TOSEM\\MiniApp-review\\flow-baseline\\datasetPopular\\安e赔\\__APP__/pages/onlineApply/onlineApply.js"}}]},{"leftVar":[{"id":75754,"declaredName":"t","declaredLoc":{"line":164,"column":12},"file":"/pages/onlineApply/onlineApply.js","type":"normal"}],"readFlow":[{"type":"assign to","from":{"name":"this","loc":{"line":164,"column":16},"id":75755,"file":"D:\\WORK\\2022\\论文相关\\TOSEM\\MiniApp-review\\flow-baseline\\datasetPopular\\安e赔\\__APP__/pages/onlineApply/onlineApply.js"},"to":{"name":"t","loc":{"line":164,"column":12},"id":75754,"file":"D:\\WORK\\2022\\论文相关\\TOSEM\\MiniApp-review\\flow-baseline\\datasetPopular\\安e赔\\__APP__/pages/onlineApply/onlineApply.js"}},{"type":"read","from":{"name":"t","loc":{"line":164,"column":12},"id":75754,"file":"D:\\WORK\\2022\\论文相关\\TOSEM\\MiniApp-review\\flow-baseline\\datasetPopular\\安e赔\\__APP__/pages/onlineApply/onlineApply.js"},"to":{"name":"t","loc":{"line":205,"column":39},"id":76158,"file":"D:\\WORK\\2022\\论文相关\\TOSEM\\MiniApp-review\\flow-baseline\\datasetPopular\\安e赔\\__APP__/pages/onlineApply/onlineApply.js"}},{"type":"read","from":{"name":"t","loc":{"line":164,"column":12},"id":75754,"file":"D:\\WORK\\2022\\论文相关\\TOSEM\\MiniApp-review\\flow-baseline\\datasetPopular\\安e赔\\__APP__/pages/onlineApply/onlineApply.js"},"to":{"name":"t","loc":{"line":165,"column":160},"id":75808,"file":"D:\\WORK\\2022\\论文相关\\TOSEM\\MiniApp-review\\flow-baseline\\datasetPopular\\安e赔\\__APP__/pages/onlineApply/onlineApply.js"}},{"type":"read","from":{"name":"t","loc":{"line":164,"column":12},"id":75754,"file":"D:\\WORK\\2022\\论文相关\\TOSEM\\MiniApp-review\\flow-baseline\\datasetPopular\\安e赔\\__APP__/pages/onlineApply/onlineApply.js"},"to":{"name":"t","loc":{"line":165,"column":236},"id":75825,"file":"D:\\WORK\\2022\\论文相关\\TOSEM\\MiniApp-review\\flow-baseline\\datasetPopular\\安e赔\\__APP__/pages/onlineApply/onlineApply.js"}},{"type":"read","from":{"name":"t","loc":{"line":164,"column":12},"id":75754,"file":"D:\\WORK\\2022\\论文相关\\TOSEM\\MiniApp-review\\flow-baseline\\datasetPopular\\安e赔\\__APP__/pages/onlineApply/onlineApply.js"},"to":{"name":"t","loc":{"line":165,"column":298},"id":75842,"file":"D:\\WORK\\2022\\论文相关\\TOSEM\\MiniApp-review\\flow-baseline\\datasetPopular\\安e赔\\__APP__/pages/onlineApply/onlineApply.js"}},{"type":"to callee","from":{"name":"t","loc":{"line":165,"column":298},"id":75842,"file":"D:\\WORK\\2022\\论文相关\\TOSEM\\MiniApp-review\\flow-baseline\\datasetPopular\\安e赔\\__APP__/pages/onlineApply/onlineApply.js"},"to":{"name":"i.showToast","loc":{"line":165,"column":286},"id":75839,"file":"D:\\WORK\\2022\\论文相关\\TOSEM\\MiniApp-review\\flow-baseline\\datasetPopular\\安e赔\\__APP__/pages/onlineApply/onlineApply.js"}},{"type":"to callee","from":{"name":"t","loc":{"line":165,"column":236},"id":75825,"file":"D:\\WORK\\2022\\论文相关\\TOSEM\\MiniApp-review\\flow-baseline\\datasetPopular\\安e赔\\__APP__/pages/onlineApply/onlineApply.js"},"to":{"name":"i.showToast","loc":{"line":165,"column":224},"id":75822,"file":"D:\\WORK\\2022\\论文相关\\TOSEM\\MiniApp-review\\flow-baseline\\datasetPopular\\安e赔\\__APP__/pages/onlineApply/onlineApply.js"}},{"type":"to callee","from":{"name":"t","loc":{"line":165,"column":160},"id":75808,"file":"D:\\WORK\\2022\\论文相关\\TOSEM\\MiniApp-review\\flow-baseline\\datasetPopular\\安e赔\\__APP__/pages/onlineApply/onlineApply.js"},"to":{"name":"i.showToast","loc":{"line":165,"column":148},"id":75805,"file":"D:\\WORK\\2022\\论文相关\\TOSEM\\MiniApp-review\\flow-baseline\\datasetPopular\\安e赔\\__APP__/pages/onlineApply/onlineApply.js"}},{"type":"to callee","from":{"name":"t","loc":{"line":205,"column":39},"id":76158,"file":"D:\\WORK\\2022\\论文相关\\TOSEM\\MiniApp-review\\flow-baseline\\datasetPopular\\安e赔\\__APP__/pages/onlineApply/onlineApply.js"},"to":{"name":"i.showToast","loc":{"line":205,"column":27},"id":76155,"file":"D:\\WORK\\2022\\论文相关\\TOSEM\\MiniApp-review\\flow-baseline\\datasetPopular\\安e赔\\__APP__/pages/onlineApply/onlineApply.js"}}]},{"leftVar":[{"id":76225,"declaredName":"e","declaredLoc":{"line":220,"column":12},"file":"/pages/onlineApply/onlineApply.js","type":"normal"}],"readFlow":[{"type":"assign to","from":{"name":"this","loc":{"line":220,"column":16},"id":76226,"file":"D:\\WORK\\2022\\论文相关\\TOSEM\\MiniApp-review\\flow-baseline\\datasetPopular\\安e赔\\__APP__/pages/onlineApply/onlineApply.js"},"to":{"name":"e","loc":{"line":220,"column":12},"id":76225,"file":"D:\\WORK\\2022\\论文相关\\TOSEM\\MiniApp-review\\flow-baseline\\datasetPopular\\安e赔\\__APP__/pages/onlineApply/onlineApply.js"}},{"type":"read","from":{"name":"e","loc":{"line":220,"column":12},"id":76225,"file":"D:\\WORK\\2022\\论文相关\\TOSEM\\MiniApp-review\\flow-baseline\\datasetPopular\\安e赔\\__APP__/pages/onlineApply/onlineApply.js"},"to":{"name":"e","loc":{"line":239,"column":100},"id":76375,"file":"D:\\WORK\\2022\\论文相关\\TOSEM\\MiniApp-review\\flow-baseline\\datasetPopular\\安e赔\\__APP__/pages/onlineApply/onlineApply.js"}},{"type":"to callee","from":{"name":"e","loc":{"line":239,"column":100},"id":76375,"file":"D:\\WORK\\2022\\论文相关\\TOSEM\\MiniApp-review\\flow-baseline\\datasetPopular\\安e赔\\__APP__/pages/onlineApply/onlineApply.js"},"to":{"name":"e.showToast","loc":{"line":239,"column":88},"id":76372,"file":"D:\\WORK\\2022\\论文相关\\TOSEM\\MiniApp-review\\flow-baseline\\datasetPopular\\安e赔\\__APP__/pages/onlineApply/onlineApply.js"}}]},{"leftVar":[{"id":76416,"declaredName":"e","declaredLoc":{"line":252,"column":12},"file":"/pages/onlineApply/onlineApply.js","type":"normal"}],"readFlow":[{"type":"assign to","from":{"name":"this","loc":{"line":252,"column":16},"id":76417,"file":"D:\\WORK\\2022\\论文相关\\TOSEM\\MiniApp-review\\flow-baseline\\datasetPopular\\安e赔\\__APP__/pages/onlineApply/onlineApply.js"},"to":{"name":"e","loc":{"line":252,"column":12},"id":76416,"file":"D:\\WORK\\2022\\论文相关\\TOSEM\\MiniApp-review\\flow-baseline\\datasetPopular\\安e赔\\__APP__/pages/onlineApply/onlineApply.js"}},{"type":"read","from":{"name":"e","loc":{"line":252,"column":12},"id":76416,"file":"D:\\WORK\\2022\\论文相关\\TOSEM\\MiniApp-review\\flow-baseline\\datasetPopular\\安e赔\\__APP__/pages/onlineApply/onlineApply.js"},"to":{"name":"e","loc":{"line":264,"column":10},"id":76477,"file":"D:\\WORK\\2022\\论文相关\\TOSEM\\MiniApp-review\\flow-baseline\\datasetPopular\\安e赔\\__APP__/pages/onlineApply/onlineApply.js"}},{"type":"read","from":{"name":"e","loc":{"line":264,"column":10},"id":76477,"file":"D:\\WORK\\2022\\论文相关\\TOSEM\\MiniApp-review\\flow-baseline\\datasetPopular\\安e赔\\__APP__/pages/onlineApply/onlineApply.js"},"to":{"name":"e","loc":{"line":253,"column":21},"id":76422,"file":"D:\\WORK\\2022\\论文相关\\TOSEM\\MiniApp-review\\flow-baseline\\datasetPopular\\安e赔\\__APP__/pages/onlineApply/onlineApply.js"}},{"type":"read","from":{"name":"e","loc":{"line":253,"column":21},"id":76422,"file":"D:\\WORK\\2022\\论文相关\\TOSEM\\MiniApp-review\\flow-baseline\\datasetPopular\\安e赔\\__APP__/pages/onlineApply/onlineApply.js"},"to":{"name":"e","loc":{"line":259,"column":20},"id":76462,"file":"D:\\WORK\\2022\\论文相关\\TOSEM\\MiniApp-review\\flow-baseline\\datasetPopular\\安e赔\\__APP__/pages/onlineApply/onlineApply.js"}},{"type":"read","from":{"name":"e","loc":{"line":253,"column":21},"id":76422,"file":"D:\\WORK\\2022\\论文相关\\TOSEM\\MiniApp-review\\flow-baseline\\datasetPopular\\安e赔\\__APP__/pages/onlineApply/onlineApply.js"},"to":{"name":"e.data.getVerifyCodeFlag","loc":{"line":264,"column":15},"id":76479,"file":"D:\\WORK\\2022\\论文相关\\TOSEM\\MiniApp-review\\flow-baseline\\datasetPopular\\安e赔\\__APP__/pages/onlineApply/onlineApply.js"}},{"type":"read","from":{"name":"e.data.getVerifyCodeFlag","loc":{"line":264,"column":15},"id":76479,"file":"D:\\WORK\\2022\\论文相关\\TOSEM\\MiniApp-review\\flow-baseline\\datasetPopular\\安e赔\\__APP__/pages/onlineApply/onlineApply.js"},"to":{"name":"e.setData","loc":{"line":265,"column":12},"id":76487,"file":"D:\\WORK\\2022\\论文相关\\TOSEM\\MiniApp-review\\flow-baseline\\datasetPopular\\安e赔\\__APP__/pages/onlineApply/onlineApply.js"}},{"type":"read","from":{"name":"e.setData","loc":{"line":265,"column":12},"id":76487,"file":"D:\\WORK\\2022\\论文相关\\TOSEM\\MiniApp-review\\flow-baseline\\datasetPopular\\安e赔\\__APP__/pages/onlineApply/onlineApply.js"},"to":{"name":"e.data.encryptClientNo","loc":{"line":269,"column":34},"id":76501,"file":"D:\\WORK\\2022\\论文相关\\TOSEM\\MiniApp-review\\flow-baseline\\datasetPopular\\安e赔\\__APP__/pages/onlineApply/onlineApply.js"}},{"type":"read","from":{"name":"e.data.encryptClientNo","loc":{"line":269,"column":34},"id":76501,"file":"D:\\WORK\\2022\\论文相关\\TOSEM\\MiniApp-review\\flow-baseline\\datasetPopular\\安e赔\\__APP__/pages/onlineApply/onlineApply.js"},"to":{"name":"e.data.imageTokenKey","loc":{"line":270,"column":31},"id":76508,"file":"D:\\WORK\\2022\\论文相关\\TOSEM\\MiniApp-review\\flow-baseline\\datasetPopular\\安e赔\\__APP__/pages/onlineApply/onlineApply.js"}},{"type":"assign to","from":{"name":"e.data.encryptClientNo","loc":{"line":269,"column":34},"id":76501,"file":"D:\\WORK\\2022\\论文相关\\TOSEM\\MiniApp-review\\flow-baseline\\datasetPopular\\安e赔\\__APP__/pages/onlineApply/onlineApply.js"},"to":{"name":"encryptInsuredNo","loc":{"line":269,"column":16},"id":76500,"file":"D:\\WORK\\2022\\论文相关\\TOSEM\\MiniApp-review\\flow-baseline\\datasetPopular\\安e赔\\__APP__/pages/onlineApply/onlineApply.js"}},{"type":"assign to","from":{"name":"encryptInsuredNo","loc":{"line":269,"column":16},"id":76500,"file":"D:\\WORK\\2022\\论文相关\\TOSEM\\MiniApp-review\\flow-baseline\\datasetPopular\\安e赔\\__APP__/pages/onlineApply/onlineApply.js"},"to":{"name":"a","loc":{"line":268,"column":16},"id":76497,"file":"D:\\WORK\\2022\\论文相关\\TOSEM\\MiniApp-review\\flow-baseline\\datasetPopular\\安e赔\\__APP__/pages/onlineApply/onlineApply.js"}},{"type":"read","from":{"name":"encryptInsuredNo","loc":{"line":269,"column":16},"id":76500,"file":"D:\\WORK\\2022\\论文相关\\TOSEM\\MiniApp-review\\flow-baseline\\datasetPopular\\安e赔\\__APP__/pages/onlineApply/onlineApply.js"},"to":{"name":"a","loc":{"line":276,"column":22},"id":76568,"file":"D:\\WORK\\2022\\论文相关\\TOSEM\\MiniApp-review\\flow-baseline\\datasetPopular\\安e赔\\__APP__/pages/onlineApply/onlineApply.js"}},{"type":"assign to","from":{"name":"a","loc":{"line":276,"column":22},"id":76568,"file":"D:\\WORK\\2022\\论文相关\\TOSEM\\MiniApp-review\\flow-baseline\\datasetPopular\\安e赔\\__APP__/pages/onlineApply/onlineApply.js"},"to":{"name":"data","loc":{"line":276,"column":16},"id":76567,"file":"D:\\WORK\\2022\\论文相关\\TOSEM\\MiniApp-review\\flow-baseline\\datasetPopular\\安e赔\\__APP__/pages/onlineApply/onlineApply.js"}},{"type":"to callee","from":{"name":"data","loc":{"line":276,"column":16},"id":76567,"file":"D:\\WORK\\2022\\论文相关\\TOSEM\\MiniApp-review\\flow-baseline\\datasetPopular\\安e赔\\__APP__/pages/onlineApply/onlineApply.js"},"to":{"name":"wx.request","loc":{"line":274,"column":12},"id":76559,"file":"D:\\WORK\\2022\\论文相关\\TOSEM\\MiniApp-review\\flow-baseline\\datasetPopular\\安e赔\\__APP__/pages/onlineApply/onlineApply.js","sink":true}},{"type":"read","from":{"name":"a","loc":{"line":268,"column":16},"id":76497,"file":"D:\\WORK\\2022\\论文相关\\TOSEM\\MiniApp-review\\flow-baseline\\datasetPopular\\安e赔\\__APP__/pages/onlineApply/onlineApply.js"},"to":{"name":"a","loc":{"line":276,"column":22},"id":76568,"file":"D:\\WORK\\2022\\论文相关\\TOSEM\\MiniApp-review\\flow-baseline\\datasetPopular\\安e赔\\__APP__/pages/onlineApply/onlineApply.js"}},{"type":"read","from":{"name":"e.data.imageTokenKey","loc":{"line":270,"column":31},"id":76508,"file":"D:\\WORK\\2022\\论文相关\\TOSEM\\MiniApp-review\\flow-baseline\\datasetPopular\\安e赔\\__APP__/pages/onlineApply/onlineApply.js"},"to":{"name":"e.data.verifyCode","loc":{"line":271,"column":28},"id":76515,"file":"D:\\WORK\\2022\\论文相关\\TOSEM\\MiniApp-review\\flow-baseline\\datasetPopular\\安e赔\\__APP__/pages/onlineApply/onlineApply.js"}},{"type":"assign to","from":{"name":"e.data.imageTokenKey","loc":{"line":270,"column":31},"id":76508,"file":"D:\\WORK\\2022\\论文相关\\TOSEM\\MiniApp-review\\flow-baseline\\datasetPopular\\安e赔\\__APP__/pages/onlineApply/onlineApply.js"},"to":{"name":"imageTokenKey","loc":{"line":270,"column":16},"id":76507,"file":"D:\\WORK\\2022\\论文相关\\TOSEM\\MiniApp-review\\flow-baseline\\datasetPopular\\安e赔\\__APP__/pages/onlineApply/onlineApply.js"}},{"type":"assign to","from":{"name":"imageTokenKey","loc":{"line":270,"column":16},"id":76507,"file":"D:\\WORK\\2022\\论文相关\\TOSEM\\MiniApp-review\\flow-baseline\\datasetPopular\\安e赔\\__APP__/pages/onlineApply/onlineApply.js"},"to":{"name":"a","loc":{"line":268,"column":16},"id":76497,"file":"D:\\WORK\\2022\\论文相关\\TOSEM\\MiniApp-review\\flow-baseline\\datasetPopular\\安e赔\\__APP__/pages/onlineApply/onlineApply.js"}},{"type":"read","from":{"name":"imageTokenKey","loc":{"line":270,"column":16},"id":76507,"file":"D:\\WORK\\2022\\论文相关\\TOSEM\\MiniApp-review\\flow-baseline\\datasetPopular\\安e赔\\__APP__/pages/onlineApply/onlineApply.js"},"to":{"name":"a","loc":{"line":276,"column":22},"id":76568,"file":"D:\\WORK\\2022\\论文相关\\TOSEM\\MiniApp-review\\flow-baseline\\datasetPopular\\安e赔\\__APP__/pages/onlineApply/onlineApply.js"}},{"type":"read","from":{"name":"e.data.verifyCode","loc":{"line":271,"column":28},"id":76515,"file":"D:\\WORK\\2022\\论文相关\\TOSEM\\MiniApp-review\\flow-baseline\\datasetPopular\\安e赔\\__APP__/pages/onlineApply/onlineApply.js"},"to":{"name":"e.setData","loc":{"line":283,"column":43},"id":76595,"file":"D:\\WORK\\2022\\论文相关\\TOSEM\\MiniApp-review\\flow-baseline\\datasetPopular\\安e赔\\__APP__/pages/onlineApply/onlineApply.js"}},{"type":"read","from":{"name":"e.data.verifyCode","loc":{"line":271,"column":28},"id":76515,"file":"D:\\WORK\\2022\\论文相关\\TOSEM\\MiniApp-review\\flow-baseline\\datasetPopular\\安e赔\\__APP__/pages/onlineApply/onlineApply.js"},"to":{"name":"e","loc":{"line":295,"column":32},"id":76658,"file":"D:\\WORK\\2022\\论文相关\\TOSEM\\MiniApp-review\\flow-baseline\\datasetPopular\\安e赔\\__APP__/pages/onlineApply/onlineApply.js"}},{"type":"read","from":{"name":"e.data.verifyCode","loc":{"line":271,"column":28},"id":76515,"file":"D:\\WORK\\2022\\论文相关\\TOSEM\\MiniApp-review\\flow-baseline\\datasetPopular\\安e赔\\__APP__/pages/onlineApply/onlineApply.js"},"to":{"name":"e","loc":{"line":253,"column":21},"id":76422,"file":"D:\\WORK\\2022\\论文相关\\TOSEM\\MiniApp-review\\flow-baseline\\datasetPopular\\安e赔\\__APP__/pages/onlineApply/onlineApply.js"}},{"type":"assign to","from":{"name":"e.data.verifyCode","loc":{"line":271,"column":28},"id":76515,"file":"D:\\WORK\\2022\\论文相关\\TOSEM\\MiniApp-review\\flow-baseline\\datasetPopular\\安e赔\\__APP__/pages/onlineApply/onlineApply.js"},"to":{"name":"verifyCode","loc":{"line":271,"column":16},"id":76514,"file":"D:\\WORK\\2022\\论文相关\\TOSEM\\MiniApp-review\\flow-baseline\\datasetPopular\\安e赔\\__APP__/pages/onlineApply/onlineApply.js"}},{"type":"assign to","from":{"name":"verifyCode","loc":{"line":271,"column":16},"id":76514,"file":"D:\\WORK\\2022\\论文相关\\TOSEM\\MiniApp-review\\flow-baseline\\datasetPopular\\安e赔\\__APP__/pages/onlineApply/onlineApply.js"},"to":{"name":"a","loc":{"line":268,"column":16},"id":76497,"file":"D:\\WORK\\2022\\论文相关\\TOSEM\\MiniApp-review\\flow-baseline\\datasetPopular\\安e赔\\__APP__/pages/onlineApply/onlineApply.js"}},{"type":"read","from":{"name":"verifyCode","loc":{"line":271,"column":16},"id":76514,"file":"D:\\WORK\\2022\\论文相关\\TOSEM\\MiniApp-review\\flow-baseline\\datasetPopular\\安e赔\\__APP__/pages/onlineApply/onlineApply.js"},"to":{"name":"a","loc":{"line":276,"column":22},"id":76568,"file":"D:\\WORK\\2022\\论文相关\\TOSEM\\MiniApp-review\\flow-baseline\\datasetPopular\\安e赔\\__APP__/pages/onlineApply/onlineApply.js"}},{"type":"to callee","from":{"name":"e","loc":{"line":295,"column":32},"id":76658,"file":"D:\\WORK\\2022\\论文相关\\TOSEM\\MiniApp-review\\flow-baseline\\datasetPopular\\安e赔\\__APP__/pages/onlineApply/onlineApply.js"},"to":{"name":"i.showToast","loc":{"line":295,"column":20},"id":76655,"file":"D:\\WORK\\2022\\论文相关\\TOSEM\\MiniApp-review\\flow-baseline\\datasetPopular\\安e赔\\__APP__/pages/onlineApply/onlineApply.js"}},{"type":"read","from":{"name":"e","loc":{"line":295,"column":32},"id":76658,"file":"D:\\WORK\\2022\\论文相关\\TOSEM\\MiniApp-review\\flow-baseline\\datasetPopular\\安e赔\\__APP__/pages/onlineApply/onlineApply.js"},"to":{"name":"e.setData","loc":{"line":295,"column":52},"id":76665,"file":"D:\\WORK\\2022\\论文相关\\TOSEM\\MiniApp-review\\flow-baseline\\datasetPopular\\安e赔\\__APP__/pages/onlineApply/onlineApply.js"}},{"type":"read","from":{"name":"e.setData","loc":{"line":283,"column":43},"id":76595,"file":"D:\\WORK\\2022\\论文相关\\TOSEM\\MiniApp-review\\flow-baseline\\datasetPopular\\安e赔\\__APP__/pages/onlineApply/onlineApply.js"},"to":{"name":"e.setData","loc":{"line":285,"column":59},"id":76612,"file":"D:\\WORK\\2022\\论文相关\\TOSEM\\MiniApp-review\\flow-baseline\\datasetPopular\\安e赔\\__APP__/pages/onlineApply/onlineApply.js"}}]},{"leftVar":[{"id":76680,"declaredName":"a","declaredLoc":{"line":303,"column":12},"file":"/pages/onlineApply/onlineApply.js","type":"normal"}],"readFlow":[{"type":"assign to","from":{"name":"this","loc":{"line":303,"column":16},"id":76681,"file":"D:\\WORK\\2022\\论文相关\\TOSEM\\MiniApp-review\\flow-baseline\\datasetPopular\\安e赔\\__APP__/pages/onlineApply/onlineApply.js"},"to":{"name":"a","loc":{"line":303,"column":12},"id":76680,"file":"D:\\WORK\\2022\\论文相关\\TOSEM\\MiniApp-review\\flow-baseline\\datasetPopular\\安e赔\\__APP__/pages/onlineApply/onlineApply.js"}},{"type":"read","from":{"name":"a","loc":{"line":303,"column":12},"id":76680,"file":"D:\\WORK\\2022\\论文相关\\TOSEM\\MiniApp-review\\flow-baseline\\datasetPopular\\安e赔\\__APP__/pages/onlineApply/onlineApply.js"},"to":{"name":"a","loc":{"line":335,"column":42},"id":76916,"file":"D:\\WORK\\2022\\论文相关\\TOSEM\\MiniApp-review\\flow-baseline\\datasetPopular\\安e赔\\__APP__/pages/onlineApply/onlineApply.js"}},{"type":"read","from":{"name":"a","loc":{"line":303,"column":12},"id":76680,"file":"D:\\WORK\\2022\\论文相关\\TOSEM\\MiniApp-review\\flow-baseline\\datasetPopular\\安e赔\\__APP__/pages/onlineApply/onlineApply.js"},"to":{"name":"a","loc":{"line":314,"column":87},"id":76767,"file":"D:\\WORK\\2022\\论文相关\\TOSEM\\MiniApp-review\\flow-baseline\\datasetPopular\\安e赔\\__APP__/pages/onlineApply/onlineApply.js"}},{"type":"to callee","from":{"name":"a","loc":{"line":314,"column":87},"id":76767,"file":"D:\\WORK\\2022\\论文相关\\TOSEM\\MiniApp-review\\flow-baseline\\datasetPopular\\安e赔\\__APP__/pages/onlineApply/onlineApply.js"},"to":{"name":"i.showToast","loc":{"line":314,"column":75},"id":76764,"file":"D:\\WORK\\2022\\论文相关\\TOSEM\\MiniApp-review\\flow-baseline\\datasetPopular\\安e赔\\__APP__/pages/onlineApply/onlineApply.js"}},{"type":"to callee","from":{"name":"a","loc":{"line":335,"column":42},"id":76916,"file":"D:\\WORK\\2022\\论文相关\\TOSEM\\MiniApp-review\\flow-baseline\\datasetPopular\\安e赔\\__APP__/pages/onlineApply/onlineApply.js"},"to":{"name":"i.showToast","loc":{"line":335,"column":30},"id":76913,"file":"D:\\WORK\\2022\\论文相关\\TOSEM\\MiniApp-review\\flow-baseline\\datasetPopular\\安e赔\\__APP__/pages/onlineApply/onlineApply.js"}}]}]}],"writeShadows":[{"shadowVar":{"id":-1863,"declaredName":"__object__7.setData","file":"/pages/onlineApply/onlineApply.js","type":"normal"},"writeAccess":[]}]}]}]}