{"definedData":[],"dynamicDefinedData":[{"shadowObjectVar":"__object__3","dynamicDefinedProps":[{"propName":".setData","readShadows":[{"shadowVar":{"id":-1908,"declaredName":"__object__3.setData","file":"/pages/physicalFiles/physicalFiles.js","type":"normal"},"readAccess":[{"leftVar":[{"id":77153,"declaredName":"o","declaredLoc":{"line":30,"column":12},"file":"/pages/physicalFiles/physicalFiles.js","type":"normal"}],"readFlow":[{"type":"assign to","from":{"name":"this","loc":{"line":30,"column":16},"id":77154,"file":"D:\\WORK\\2022\\论文相关\\TOSEM\\MiniApp-review\\flow-baseline\\datasetPopular\\安e赔\\__APP__/pages/physicalFiles/physicalFiles.js"},"to":{"name":"o","loc":{"line":30,"column":12},"id":77153,"file":"D:\\WORK\\2022\\论文相关\\TOSEM\\MiniApp-review\\flow-baseline\\datasetPopular\\安e赔\\__APP__/pages/physicalFiles/physicalFiles.js"}}]}]}],"writeShadows":[{"shadowVar":{"id":-1908,"declaredName":"__object__3.setData","file":"/pages/physicalFiles/physicalFiles.js","type":"normal"},"writeAccess":[]}]}]}]}