{"definedData":[],"dynamicDefinedData":[{"shadowObjectVar":"__object__3","dynamicDefinedProps":[{"propName":".setData","readShadows":[{"shadowVar":{"id":-1949,"declaredName":"__object__3.setData","file":"/pages/processDeposit/processDeposit.js","type":"normal"},"readAccess":[{"leftVar":[{"id":77943,"declaredName":"a","declaredLoc":{"line":19,"column":12},"file":"/pages/processDeposit/processDeposit.js","type":"normal"}],"readFlow":[{"type":"assign to","from":{"name":"this","loc":{"line":19,"column":16},"id":77944,"file":"D:\\WORK\\2022\\论文相关\\TOSEM\\MiniApp-review\\flow-baseline\\datasetPopular\\安e赔\\__APP__/pages/processDeposit/processDeposit.js"},"to":{"name":"a","loc":{"line":19,"column":12},"id":77943,"file":"D:\\WORK\\2022\\论文相关\\TOSEM\\MiniApp-review\\flow-baseline\\datasetPopular\\安e赔\\__APP__/pages/processDeposit/processDeposit.js"}}]},{"leftVar":[{"id":78110,"declaredName":"a","declaredLoc":{"line":44,"column":12},"file":"/pages/processDeposit/processDeposit.js","type":"normal"}],"readFlow":[{"type":"assign to","from":{"name":"this","loc":{"line":44,"column":16},"id":78111,"file":"D:\\WORK\\2022\\论文相关\\TOSEM\\MiniApp-review\\flow-baseline\\datasetPopular\\安e赔\\__APP__/pages/processDeposit/processDeposit.js"},"to":{"name":"a","loc":{"line":44,"column":12},"id":78110,"file":"D:\\WORK\\2022\\论文相关\\TOSEM\\MiniApp-review\\flow-baseline\\datasetPopular\\安e赔\\__APP__/pages/processDeposit/processDeposit.js"}}]}]}],"writeShadows":[{"shadowVar":{"id":-1949,"declaredName":"__object__3.setData","file":"/pages/processDeposit/processDeposit.js","type":"normal"},"writeAccess":[]}]}]}]}