{"definedData":[],"dynamicDefinedData":[{"shadowObjectVar":"__object__18","dynamicDefinedProps":[{"propName":".setData","readShadows":[{"shadowVar":{"id":-1965,"declaredName":"__object__18.setData","file":"/pages/processDetail/processDetail.js","type":"normal"},"readAccess":[{"leftVar":[{"id":78414,"declaredName":"t","declaredLoc":{"line":72,"column":12},"file":"/pages/processDetail/processDetail.js","type":"normal"}],"readFlow":[{"type":"assign to","from":{"name":"this","loc":{"line":72,"column":16},"id":78415,"file":"D:\\WORK\\2022\\论文相关\\TOSEM\\MiniApp-review\\flow-baseline\\datasetPopular\\安e赔\\__APP__/pages/processDetail/processDetail.js"},"to":{"name":"t","loc":{"line":72,"column":12},"id":78414,"file":"D:\\WORK\\2022\\论文相关\\TOSEM\\MiniApp-review\\flow-baseline\\datasetPopular\\安e赔\\__APP__/pages/processDetail/processDetail.js"}},{"type":"read","from":{"name":"t","loc":{"line":72,"column":12},"id":78414,"file":"D:\\WORK\\2022\\论文相关\\TOSEM\\MiniApp-review\\flow-baseline\\datasetPopular\\安e赔\\__APP__/pages/processDetail/processDetail.js"},"to":{"name":"t","loc":{"line":94,"column":35},"id":78579,"file":"D:\\WORK\\2022\\论文相关\\TOSEM\\MiniApp-review\\flow-baseline\\datasetPopular\\安e赔\\__APP__/pages/processDetail/processDetail.js"}},{"type":"to callee","from":{"name":"t","loc":{"line":94,"column":35},"id":78579,"file":"D:\\WORK\\2022\\论文相关\\TOSEM\\MiniApp-review\\flow-baseline\\datasetPopular\\安e赔\\__APP__/pages/processDetail/processDetail.js"},"to":{"name":"e.showToast","loc":{"line":94,"column":23},"id":78576,"file":"D:\\WORK\\2022\\论文相关\\TOSEM\\MiniApp-review\\flow-baseline\\datasetPopular\\安e赔\\__APP__/pages/processDetail/processDetail.js"}},{"type":"read","from":{"name":"t","loc":{"line":94,"column":35},"id":78579,"file":"D:\\WORK\\2022\\论文相关\\TOSEM\\MiniApp-review\\flow-baseline\\datasetPopular\\安e赔\\__APP__/pages/processDetail/processDetail.js"},"to":{"name":"t.setData","loc":{"line":94,"column":55},"id":78586,"file":"D:\\WORK\\2022\\论文相关\\TOSEM\\MiniApp-review\\flow-baseline\\datasetPopular\\安e赔\\__APP__/pages/processDetail/processDetail.js"}}]},{"leftVar":[{"id":78692,"declaredName":"t","declaredLoc":{"line":121,"column":12},"file":"/pages/processDetail/processDetail.js","type":"normal"}],"readFlow":[{"type":"assign to","from":{"name":"this","loc":{"line":121,"column":16},"id":78693,"file":"D:\\WORK\\2022\\论文相关\\TOSEM\\MiniApp-review\\flow-baseline\\datasetPopular\\安e赔\\__APP__/pages/processDetail/processDetail.js"},"to":{"name":"t","loc":{"line":121,"column":12},"id":78692,"file":"D:\\WORK\\2022\\论文相关\\TOSEM\\MiniApp-review\\flow-baseline\\datasetPopular\\安e赔\\__APP__/pages/processDetail/processDetail.js"}}]},{"leftVar":[{"id":78915,"declaredName":"e","declaredLoc":{"line":158,"column":12},"file":"/pages/processDetail/processDetail.js","type":"normal"}],"readFlow":[{"type":"assign to","from":{"name":"this","loc":{"line":158,"column":16},"id":78916,"file":"D:\\WORK\\2022\\论文相关\\TOSEM\\MiniApp-review\\flow-baseline\\datasetPopular\\安e赔\\__APP__/pages/processDetail/processDetail.js"},"to":{"name":"e","loc":{"line":158,"column":12},"id":78915,"file":"D:\\WORK\\2022\\论文相关\\TOSEM\\MiniApp-review\\flow-baseline\\datasetPopular\\安e赔\\__APP__/pages/processDetail/processDetail.js"}}]},{"leftVar":[{"id":79421,"declaredName":"s","declaredLoc":{"line":249,"column":12},"file":"/pages/processDetail/processDetail.js","type":"normal"}],"readFlow":[{"type":"assign to","from":{"name":"this","loc":{"line":249,"column":16},"id":79422,"file":"D:\\WORK\\2022\\论文相关\\TOSEM\\MiniApp-review\\flow-baseline\\datasetPopular\\安e赔\\__APP__/pages/processDetail/processDetail.js"},"to":{"name":"s","loc":{"line":249,"column":12},"id":79421,"file":"D:\\WORK\\2022\\论文相关\\TOSEM\\MiniApp-review\\flow-baseline\\datasetPopular\\安e赔\\__APP__/pages/processDetail/processDetail.js"}}]},{"leftVar":[{"id":79547,"declaredName":"t","declaredLoc":{"line":270,"column":12},"file":"/pages/processDetail/processDetail.js","type":"normal"}],"readFlow":[{"type":"assign to","from":{"name":"this","loc":{"line":270,"column":16},"id":79548,"file":"D:\\WORK\\2022\\论文相关\\TOSEM\\MiniApp-review\\flow-baseline\\datasetPopular\\安e赔\\__APP__/pages/processDetail/processDetail.js"},"to":{"name":"t","loc":{"line":270,"column":12},"id":79547,"file":"D:\\WORK\\2022\\论文相关\\TOSEM\\MiniApp-review\\flow-baseline\\datasetPopular\\安e赔\\__APP__/pages/processDetail/processDetail.js"}},{"type":"read","from":{"name":"t","loc":{"line":270,"column":12},"id":79547,"file":"D:\\WORK\\2022\\论文相关\\TOSEM\\MiniApp-review\\flow-baseline\\datasetPopular\\安e赔\\__APP__/pages/processDetail/processDetail.js"},"to":{"name":"t","loc":{"line":295,"column":51},"id":79822,"file":"D:\\WORK\\2022\\论文相关\\TOSEM\\MiniApp-review\\flow-baseline\\datasetPopular\\安e赔\\__APP__/pages/processDetail/processDetail.js"}},{"type":"to callee","from":{"name":"t","loc":{"line":295,"column":51},"id":79822,"file":"D:\\WORK\\2022\\论文相关\\TOSEM\\MiniApp-review\\flow-baseline\\datasetPopular\\安e赔\\__APP__/pages/processDetail/processDetail.js"},"to":{"name":"e.showToast","loc":{"line":295,"column":39},"id":79819,"file":"D:\\WORK\\2022\\论文相关\\TOSEM\\MiniApp-review\\flow-baseline\\datasetPopular\\安e赔\\__APP__/pages/processDetail/processDetail.js"}}]},{"leftVar":[{"id":80067,"declaredName":"o","declaredLoc":{"line":350,"column":12},"file":"/pages/processDetail/processDetail.js","type":"normal"}],"readFlow":[{"type":"assign to","from":{"name":"this","loc":{"line":350,"column":16},"id":80068,"file":"D:\\WORK\\2022\\论文相关\\TOSEM\\MiniApp-review\\flow-baseline\\datasetPopular\\安e赔\\__APP__/pages/processDetail/processDetail.js"},"to":{"name":"o","loc":{"line":350,"column":12},"id":80067,"file":"D:\\WORK\\2022\\论文相关\\TOSEM\\MiniApp-review\\flow-baseline\\datasetPopular\\安e赔\\__APP__/pages/processDetail/processDetail.js"}}]}]}],"writeShadows":[{"shadowVar":{"id":-1965,"declaredName":"__object__18.setData","file":"/pages/processDetail/processDetail.js","type":"normal"},"writeAccess":[]}]}]}]}