{"definedData":[],"dynamicDefinedData":[{"shadowObjectVar":"__object__597","dynamicDefinedProps":[{"propName":".setData","readShadows":[{"shadowVar":{"id":-2057,"declaredName":"__object__597.setData","file":"/pages/recordDetail/recordDetail.js","type":"normal"},"readAccess":[{"leftVar":[{"id":90408,"declaredName":"t","declaredLoc":{"line":1131,"column":39},"file":"/pages/recordDetail/recordDetail.js","type":"normal"}],"readFlow":[{"type":"assign to","from":{"name":"this","loc":{"line":1131,"column":43},"id":90409,"file":"D:\\WORK\\2022\\论文相关\\TOSEM\\MiniApp-review\\flow-baseline\\datasetPopular\\安e赔\\__APP__/pages/recordDetail/recordDetail.js"},"to":{"name":"t","loc":{"line":1131,"column":39},"id":90408,"file":"D:\\WORK\\2022\\论文相关\\TOSEM\\MiniApp-review\\flow-baseline\\datasetPopular\\安e赔\\__APP__/pages/recordDetail/recordDetail.js"}},{"type":"read","from":{"name":"t","loc":{"line":1131,"column":39},"id":90408,"file":"D:\\WORK\\2022\\论文相关\\TOSEM\\MiniApp-review\\flow-baseline\\datasetPopular\\安e赔\\__APP__/pages/recordDetail/recordDetail.js"},"to":{"name":"t","loc":{"line":1147,"column":37},"id":90530,"file":"D:\\WORK\\2022\\论文相关\\TOSEM\\MiniApp-review\\flow-baseline\\datasetPopular\\安e赔\\__APP__/pages/recordDetail/recordDetail.js"}},{"type":"to callee","from":{"name":"t","loc":{"line":1147,"column":37},"id":90530,"file":"D:\\WORK\\2022\\论文相关\\TOSEM\\MiniApp-review\\flow-baseline\\datasetPopular\\安e赔\\__APP__/pages/recordDetail/recordDetail.js"},"to":{"name":"d.showToast","loc":{"line":1147,"column":25},"id":90527,"file":"D:\\WORK\\2022\\论文相关\\TOSEM\\MiniApp-review\\flow-baseline\\datasetPopular\\安e赔\\__APP__/pages/recordDetail/recordDetail.js"}}]},{"leftVar":[{"id":92294,"declaredName":"e","declaredLoc":{"line":1447,"column":12},"file":"/pages/recordDetail/recordDetail.js","type":"normal"}],"readFlow":[{"type":"assign to","from":{"name":"this","loc":{"line":1447,"column":16},"id":92295,"file":"D:\\WORK\\2022\\论文相关\\TOSEM\\MiniApp-review\\flow-baseline\\datasetPopular\\安e赔\\__APP__/pages/recordDetail/recordDetail.js"},"to":{"name":"e","loc":{"line":1447,"column":12},"id":92294,"file":"D:\\WORK\\2022\\论文相关\\TOSEM\\MiniApp-review\\flow-baseline\\datasetPopular\\安e赔\\__APP__/pages/recordDetail/recordDetail.js"}},{"type":"read","from":{"name":"e","loc":{"line":1447,"column":12},"id":92294,"file":"D:\\WORK\\2022\\论文相关\\TOSEM\\MiniApp-review\\flow-baseline\\datasetPopular\\安e赔\\__APP__/pages/recordDetail/recordDetail.js"},"to":{"name":"e","loc":{"line":1453,"column":10},"id":92330,"file":"D:\\WORK\\2022\\论文相关\\TOSEM\\MiniApp-review\\flow-baseline\\datasetPopular\\安e赔\\__APP__/pages/recordDetail/recordDetail.js"}},{"type":"read","from":{"name":"e","loc":{"line":1453,"column":10},"id":92330,"file":"D:\\WORK\\2022\\论文相关\\TOSEM\\MiniApp-review\\flow-baseline\\datasetPopular\\安e赔\\__APP__/pages/recordDetail/recordDetail.js"},"to":{"name":"e","loc":{"line":1453,"column":15},"id":92333,"file":"D:\\WORK\\2022\\论文相关\\TOSEM\\MiniApp-review\\flow-baseline\\datasetPopular\\安e赔\\__APP__/pages/recordDetail/recordDetail.js"}},{"type":"read","from":{"name":"e","loc":{"line":1453,"column":15},"id":92333,"file":"D:\\WORK\\2022\\论文相关\\TOSEM\\MiniApp-review\\flow-baseline\\datasetPopular\\安e赔\\__APP__/pages/recordDetail/recordDetail.js"},"to":{"name":"e.setData","loc":{"line":1453,"column":69},"id":92346,"file":"D:\\WORK\\2022\\论文相关\\TOSEM\\MiniApp-review\\flow-baseline\\datasetPopular\\安e赔\\__APP__/pages/recordDetail/recordDetail.js"}},{"type":"to callee","from":{"name":"e","loc":{"line":1453,"column":15},"id":92333,"file":"D:\\WORK\\2022\\论文相关\\TOSEM\\MiniApp-review\\flow-baseline\\datasetPopular\\安e赔\\__APP__/pages/recordDetail/recordDetail.js"},"to":{"name":"I","loc":{"line":1453,"column":13},"id":92332,"file":"D:\\WORK\\2022\\论文相关\\TOSEM\\MiniApp-review\\flow-baseline\\datasetPopular\\安e赔\\__APP__/pages/recordDetail/recordDetail.js"}},{"type":"to callee","from":{"name":"e","loc":{"line":1453,"column":15},"id":92333,"file":"D:\\WORK\\2022\\论文相关\\TOSEM\\MiniApp-review\\flow-baseline\\datasetPopular\\安e赔\\__APP__/pages/recordDetail/recordDetail.js"},"to":{"name":"function (a, e) {\n    wx.setStorage({\n        key: d.wxCode.openid + '_' + a.data.regsNo + '_detail',\n        data: e\n    });\n}","loc":{"line":1448,"column":9},"id":92300,"file":"D:\\WORK\\2022\\论文相关\\TOSEM\\MiniApp-review\\flow-baseline\\datasetPopular\\安e赔\\__APP__/pages/recordDetail/recordDetail.js"}},{"type":"read","from":{"name":"e.setData","loc":{"line":1453,"column":69},"id":92346,"file":"D:\\WORK\\2022\\论文相关\\TOSEM\\MiniApp-review\\flow-baseline\\datasetPopular\\安e赔\\__APP__/pages/recordDetail/recordDetail.js"},"to":{"name":"e.setData","loc":{"line":1461,"column":39},"id":92409,"file":"D:\\WORK\\2022\\论文相关\\TOSEM\\MiniApp-review\\flow-baseline\\datasetPopular\\安e赔\\__APP__/pages/recordDetail/recordDetail.js"}}]},{"leftVar":[{"id":92588,"declaredName":"e","declaredLoc":{"line":1481,"column":12},"file":"/pages/recordDetail/recordDetail.js","type":"normal"}],"readFlow":[{"type":"assign to","from":{"name":"this","loc":{"line":1481,"column":16},"id":92589,"file":"D:\\WORK\\2022\\论文相关\\TOSEM\\MiniApp-review\\flow-baseline\\datasetPopular\\安e赔\\__APP__/pages/recordDetail/recordDetail.js"},"to":{"name":"e","loc":{"line":1481,"column":12},"id":92588,"file":"D:\\WORK\\2022\\论文相关\\TOSEM\\MiniApp-review\\flow-baseline\\datasetPopular\\安e赔\\__APP__/pages/recordDetail/recordDetail.js"}}]},{"leftVar":[{"id":92810,"declaredName":"e","declaredLoc":{"line":1512,"column":12},"file":"/pages/recordDetail/recordDetail.js","type":"normal"}],"readFlow":[{"type":"assign to","from":{"name":"this","loc":{"line":1512,"column":16},"id":92811,"file":"D:\\WORK\\2022\\论文相关\\TOSEM\\MiniApp-review\\flow-baseline\\datasetPopular\\安e赔\\__APP__/pages/recordDetail/recordDetail.js"},"to":{"name":"e","loc":{"line":1512,"column":12},"id":92810,"file":"D:\\WORK\\2022\\论文相关\\TOSEM\\MiniApp-review\\flow-baseline\\datasetPopular\\安e赔\\__APP__/pages/recordDetail/recordDetail.js"}},{"type":"read","from":{"name":"e","loc":{"line":1512,"column":12},"id":92810,"file":"D:\\WORK\\2022\\论文相关\\TOSEM\\MiniApp-review\\flow-baseline\\datasetPopular\\安e赔\\__APP__/pages/recordDetail/recordDetail.js"},"to":{"name":"e","loc":{"line":1573,"column":97},"id":94214,"file":"D:\\WORK\\2022\\论文相关\\TOSEM\\MiniApp-review\\flow-baseline\\datasetPopular\\安e赔\\__APP__/pages/recordDetail/recordDetail.js"}},{"type":"read","from":{"name":"e","loc":{"line":1512,"column":12},"id":92810,"file":"D:\\WORK\\2022\\论文相关\\TOSEM\\MiniApp-review\\flow-baseline\\datasetPopular\\安e赔\\__APP__/pages/recordDetail/recordDetail.js"},"to":{"name":"e","loc":{"line":1572,"column":955},"id":94193,"file":"D:\\WORK\\2022\\论文相关\\TOSEM\\MiniApp-review\\flow-baseline\\datasetPopular\\安e赔\\__APP__/pages/recordDetail/recordDetail.js"}},{"type":"read","from":{"name":"e","loc":{"line":1512,"column":12},"id":92810,"file":"D:\\WORK\\2022\\论文相关\\TOSEM\\MiniApp-review\\flow-baseline\\datasetPopular\\安e赔\\__APP__/pages/recordDetail/recordDetail.js"},"to":{"name":"e","loc":{"line":1590,"column":43},"id":94576,"file":"D:\\WORK\\2022\\论文相关\\TOSEM\\MiniApp-review\\flow-baseline\\datasetPopular\\安e赔\\__APP__/pages/recordDetail/recordDetail.js"}},{"type":"read","from":{"name":"e","loc":{"line":1512,"column":12},"id":92810,"file":"D:\\WORK\\2022\\论文相关\\TOSEM\\MiniApp-review\\flow-baseline\\datasetPopular\\安e赔\\__APP__/pages/recordDetail/recordDetail.js"},"to":{"name":"e","loc":{"line":1590,"column":80},"id":94583,"file":"D:\\WORK\\2022\\论文相关\\TOSEM\\MiniApp-review\\flow-baseline\\datasetPopular\\安e赔\\__APP__/pages/recordDetail/recordDetail.js"}},{"type":"read","from":{"name":"e","loc":{"line":1512,"column":12},"id":92810,"file":"D:\\WORK\\2022\\论文相关\\TOSEM\\MiniApp-review\\flow-baseline\\datasetPopular\\安e赔\\__APP__/pages/recordDetail/recordDetail.js"},"to":{"name":"e","loc":{"line":1590,"column":119},"id":94590,"file":"D:\\WORK\\2022\\论文相关\\TOSEM\\MiniApp-review\\flow-baseline\\datasetPopular\\安e赔\\__APP__/pages/recordDetail/recordDetail.js"}},{"type":"read","from":{"name":"e","loc":{"line":1512,"column":12},"id":92810,"file":"D:\\WORK\\2022\\论文相关\\TOSEM\\MiniApp-review\\flow-baseline\\datasetPopular\\安e赔\\__APP__/pages/recordDetail/recordDetail.js"},"to":{"name":"e","loc":{"line":1590,"column":156},"id":94597,"file":"D:\\WORK\\2022\\论文相关\\TOSEM\\MiniApp-review\\flow-baseline\\datasetPopular\\安e赔\\__APP__/pages/recordDetail/recordDetail.js"}},{"type":"read","from":{"name":"e","loc":{"line":1512,"column":12},"id":92810,"file":"D:\\WORK\\2022\\论文相关\\TOSEM\\MiniApp-review\\flow-baseline\\datasetPopular\\安e赔\\__APP__/pages/recordDetail/recordDetail.js"},"to":{"name":"e","loc":{"line":1590,"column":195},"id":94604,"file":"D:\\WORK\\2022\\论文相关\\TOSEM\\MiniApp-review\\flow-baseline\\datasetPopular\\安e赔\\__APP__/pages/recordDetail/recordDetail.js"}},{"type":"read","from":{"name":"e","loc":{"line":1512,"column":12},"id":92810,"file":"D:\\WORK\\2022\\论文相关\\TOSEM\\MiniApp-review\\flow-baseline\\datasetPopular\\安e赔\\__APP__/pages/recordDetail/recordDetail.js"},"to":{"name":"e","loc":{"line":1590,"column":233},"id":94611,"file":"D:\\WORK\\2022\\论文相关\\TOSEM\\MiniApp-review\\flow-baseline\\datasetPopular\\安e赔\\__APP__/pages/recordDetail/recordDetail.js"}},{"type":"read","from":{"name":"e","loc":{"line":1512,"column":12},"id":92810,"file":"D:\\WORK\\2022\\论文相关\\TOSEM\\MiniApp-review\\flow-baseline\\datasetPopular\\安e赔\\__APP__/pages/recordDetail/recordDetail.js"},"to":{"name":"e","loc":{"line":1590,"column":272},"id":94618,"file":"D:\\WORK\\2022\\论文相关\\TOSEM\\MiniApp-review\\flow-baseline\\datasetPopular\\安e赔\\__APP__/pages/recordDetail/recordDetail.js"}},{"type":"read","from":{"name":"e","loc":{"line":1512,"column":12},"id":92810,"file":"D:\\WORK\\2022\\论文相关\\TOSEM\\MiniApp-review\\flow-baseline\\datasetPopular\\安e赔\\__APP__/pages/recordDetail/recordDetail.js"},"to":{"name":"e","loc":{"line":1591,"column":39},"id":94625,"file":"D:\\WORK\\2022\\论文相关\\TOSEM\\MiniApp-review\\flow-baseline\\datasetPopular\\安e赔\\__APP__/pages/recordDetail/recordDetail.js"}},{"type":"read","from":{"name":"e","loc":{"line":1512,"column":12},"id":92810,"file":"D:\\WORK\\2022\\论文相关\\TOSEM\\MiniApp-review\\flow-baseline\\datasetPopular\\安e赔\\__APP__/pages/recordDetail/recordDetail.js"},"to":{"name":"e","loc":{"line":1568,"column":172},"id":93876,"file":"D:\\WORK\\2022\\论文相关\\TOSEM\\MiniApp-review\\flow-baseline\\datasetPopular\\安e赔\\__APP__/pages/recordDetail/recordDetail.js"}},{"type":"read","from":{"name":"e","loc":{"line":1512,"column":12},"id":92810,"file":"D:\\WORK\\2022\\论文相关\\TOSEM\\MiniApp-review\\flow-baseline\\datasetPopular\\安e赔\\__APP__/pages/recordDetail/recordDetail.js"},"to":{"name":"e","loc":{"line":1564,"column":167},"id":93767,"file":"D:\\WORK\\2022\\论文相关\\TOSEM\\MiniApp-review\\flow-baseline\\datasetPopular\\安e赔\\__APP__/pages/recordDetail/recordDetail.js"}},{"type":"read","from":{"name":"e","loc":{"line":1512,"column":12},"id":92810,"file":"D:\\WORK\\2022\\论文相关\\TOSEM\\MiniApp-review\\flow-baseline\\datasetPopular\\安e赔\\__APP__/pages/recordDetail/recordDetail.js"},"to":{"name":"e","loc":{"line":1593,"column":31},"id":94632,"file":"D:\\WORK\\2022\\论文相关\\TOSEM\\MiniApp-review\\flow-baseline\\datasetPopular\\安e赔\\__APP__/pages/recordDetail/recordDetail.js"}},{"type":"to callee","from":{"name":"e","loc":{"line":1593,"column":31},"id":94632,"file":"D:\\WORK\\2022\\论文相关\\TOSEM\\MiniApp-review\\flow-baseline\\datasetPopular\\安e赔\\__APP__/pages/recordDetail/recordDetail.js"},"to":{"name":"d.showToast","loc":{"line":1593,"column":19},"id":94629,"file":"D:\\WORK\\2022\\论文相关\\TOSEM\\MiniApp-review\\flow-baseline\\datasetPopular\\安e赔\\__APP__/pages/recordDetail/recordDetail.js"}},{"type":"to callee","from":{"name":"e","loc":{"line":1564,"column":167},"id":93767,"file":"D:\\WORK\\2022\\论文相关\\TOSEM\\MiniApp-review\\flow-baseline\\datasetPopular\\安e赔\\__APP__/pages/recordDetail/recordDetail.js"},"to":{"name":"d.showToast","loc":{"line":1564,"column":155},"id":93764,"file":"D:\\WORK\\2022\\论文相关\\TOSEM\\MiniApp-review\\flow-baseline\\datasetPopular\\安e赔\\__APP__/pages/recordDetail/recordDetail.js"}},{"type":"to callee","from":{"name":"e","loc":{"line":1568,"column":172},"id":93876,"file":"D:\\WORK\\2022\\论文相关\\TOSEM\\MiniApp-review\\flow-baseline\\datasetPopular\\安e赔\\__APP__/pages/recordDetail/recordDetail.js"},"to":{"name":"d.showToast","loc":{"line":1568,"column":160},"id":93873,"file":"D:\\WORK\\2022\\论文相关\\TOSEM\\MiniApp-review\\flow-baseline\\datasetPopular\\安e赔\\__APP__/pages/recordDetail/recordDetail.js"}},{"type":"to callee","from":{"name":"e","loc":{"line":1591,"column":39},"id":94625,"file":"D:\\WORK\\2022\\论文相关\\TOSEM\\MiniApp-review\\flow-baseline\\datasetPopular\\安e赔\\__APP__/pages/recordDetail/recordDetail.js"},"to":{"name":"d.showToast","loc":{"line":1591,"column":27},"id":94622,"file":"D:\\WORK\\2022\\论文相关\\TOSEM\\MiniApp-review\\flow-baseline\\datasetPopular\\安e赔\\__APP__/pages/recordDetail/recordDetail.js"}},{"type":"to callee","from":{"name":"e","loc":{"line":1590,"column":272},"id":94618,"file":"D:\\WORK\\2022\\论文相关\\TOSEM\\MiniApp-review\\flow-baseline\\datasetPopular\\安e赔\\__APP__/pages/recordDetail/recordDetail.js"},"to":{"name":"d.showToast","loc":{"line":1590,"column":260},"id":94615,"file":"D:\\WORK\\2022\\论文相关\\TOSEM\\MiniApp-review\\flow-baseline\\datasetPopular\\安e赔\\__APP__/pages/recordDetail/recordDetail.js"}},{"type":"to callee","from":{"name":"e","loc":{"line":1590,"column":233},"id":94611,"file":"D:\\WORK\\2022\\论文相关\\TOSEM\\MiniApp-review\\flow-baseline\\datasetPopular\\安e赔\\__APP__/pages/recordDetail/recordDetail.js"},"to":{"name":"d.showToast","loc":{"line":1590,"column":221},"id":94608,"file":"D:\\WORK\\2022\\论文相关\\TOSEM\\MiniApp-review\\flow-baseline\\datasetPopular\\安e赔\\__APP__/pages/recordDetail/recordDetail.js"}},{"type":"to callee","from":{"name":"e","loc":{"line":1590,"column":195},"id":94604,"file":"D:\\WORK\\2022\\论文相关\\TOSEM\\MiniApp-review\\flow-baseline\\datasetPopular\\安e赔\\__APP__/pages/recordDetail/recordDetail.js"},"to":{"name":"d.showToast","loc":{"line":1590,"column":183},"id":94601,"file":"D:\\WORK\\2022\\论文相关\\TOSEM\\MiniApp-review\\flow-baseline\\datasetPopular\\安e赔\\__APP__/pages/recordDetail/recordDetail.js"}},{"type":"to callee","from":{"name":"e","loc":{"line":1590,"column":156},"id":94597,"file":"D:\\WORK\\2022\\论文相关\\TOSEM\\MiniApp-review\\flow-baseline\\datasetPopular\\安e赔\\__APP__/pages/recordDetail/recordDetail.js"},"to":{"name":"d.showToast","loc":{"line":1590,"column":144},"id":94594,"file":"D:\\WORK\\2022\\论文相关\\TOSEM\\MiniApp-review\\flow-baseline\\datasetPopular\\安e赔\\__APP__/pages/recordDetail/recordDetail.js"}},{"type":"to callee","from":{"name":"e","loc":{"line":1590,"column":119},"id":94590,"file":"D:\\WORK\\2022\\论文相关\\TOSEM\\MiniApp-review\\flow-baseline\\datasetPopular\\安e赔\\__APP__/pages/recordDetail/recordDetail.js"},"to":{"name":"d.showToast","loc":{"line":1590,"column":107},"id":94587,"file":"D:\\WORK\\2022\\论文相关\\TOSEM\\MiniApp-review\\flow-baseline\\datasetPopular\\安e赔\\__APP__/pages/recordDetail/recordDetail.js"}},{"type":"to callee","from":{"name":"e","loc":{"line":1590,"column":80},"id":94583,"file":"D:\\WORK\\2022\\论文相关\\TOSEM\\MiniApp-review\\flow-baseline\\datasetPopular\\安e赔\\__APP__/pages/recordDetail/recordDetail.js"},"to":{"name":"d.showToast","loc":{"line":1590,"column":68},"id":94580,"file":"D:\\WORK\\2022\\论文相关\\TOSEM\\MiniApp-review\\flow-baseline\\datasetPopular\\安e赔\\__APP__/pages/recordDetail/recordDetail.js"}},{"type":"to callee","from":{"name":"e","loc":{"line":1590,"column":43},"id":94576,"file":"D:\\WORK\\2022\\论文相关\\TOSEM\\MiniApp-review\\flow-baseline\\datasetPopular\\安e赔\\__APP__/pages/recordDetail/recordDetail.js"},"to":{"name":"d.showToast","loc":{"line":1590,"column":31},"id":94573,"file":"D:\\WORK\\2022\\论文相关\\TOSEM\\MiniApp-review\\flow-baseline\\datasetPopular\\安e赔\\__APP__/pages/recordDetail/recordDetail.js"}},{"type":"to callee","from":{"name":"e","loc":{"line":1572,"column":955},"id":94193,"file":"D:\\WORK\\2022\\论文相关\\TOSEM\\MiniApp-review\\flow-baseline\\datasetPopular\\安e赔\\__APP__/pages/recordDetail/recordDetail.js"},"to":{"name":"d.showToast","loc":{"line":1572,"column":943},"id":94190,"file":"D:\\WORK\\2022\\论文相关\\TOSEM\\MiniApp-review\\flow-baseline\\datasetPopular\\安e赔\\__APP__/pages/recordDetail/recordDetail.js"}},{"type":"to callee","from":{"name":"e","loc":{"line":1573,"column":97},"id":94214,"file":"D:\\WORK\\2022\\论文相关\\TOSEM\\MiniApp-review\\flow-baseline\\datasetPopular\\安e赔\\__APP__/pages/recordDetail/recordDetail.js"},"to":{"name":"d.showToast","loc":{"line":1573,"column":85},"id":94211,"file":"D:\\WORK\\2022\\论文相关\\TOSEM\\MiniApp-review\\flow-baseline\\datasetPopular\\安e赔\\__APP__/pages/recordDetail/recordDetail.js"}},{"type":"read","from":{"name":"e","loc":{"line":1573,"column":97},"id":94214,"file":"D:\\WORK\\2022\\论文相关\\TOSEM\\MiniApp-review\\flow-baseline\\datasetPopular\\安e赔\\__APP__/pages/recordDetail/recordDetail.js"},"to":{"name":"e.setData","loc":{"line":1583,"column":237},"id":94473,"file":"D:\\WORK\\2022\\论文相关\\TOSEM\\MiniApp-review\\flow-baseline\\datasetPopular\\安e赔\\__APP__/pages/recordDetail/recordDetail.js"}},{"type":"read","from":{"name":"e","loc":{"line":1573,"column":97},"id":94214,"file":"D:\\WORK\\2022\\论文相关\\TOSEM\\MiniApp-review\\flow-baseline\\datasetPopular\\安e赔\\__APP__/pages/recordDetail/recordDetail.js"},"to":{"name":"e","loc":{"line":1585,"column":76},"id":94495,"file":"D:\\WORK\\2022\\论文相关\\TOSEM\\MiniApp-review\\flow-baseline\\datasetPopular\\安e赔\\__APP__/pages/recordDetail/recordDetail.js"}},{"type":"read","from":{"name":"e","loc":{"line":1573,"column":97},"id":94214,"file":"D:\\WORK\\2022\\论文相关\\TOSEM\\MiniApp-review\\flow-baseline\\datasetPopular\\安e赔\\__APP__/pages/recordDetail/recordDetail.js"},"to":{"name":"e","loc":{"line":1585,"column":93},"id":94500,"file":"D:\\WORK\\2022\\论文相关\\TOSEM\\MiniApp-review\\flow-baseline\\datasetPopular\\安e赔\\__APP__/pages/recordDetail/recordDetail.js"}},{"type":"read","from":{"name":"e","loc":{"line":1573,"column":97},"id":94214,"file":"D:\\WORK\\2022\\论文相关\\TOSEM\\MiniApp-review\\flow-baseline\\datasetPopular\\安e赔\\__APP__/pages/recordDetail/recordDetail.js"},"to":{"name":"e.setData","loc":{"line":1586,"column":57},"id":94521,"file":"D:\\WORK\\2022\\论文相关\\TOSEM\\MiniApp-review\\flow-baseline\\datasetPopular\\安e赔\\__APP__/pages/recordDetail/recordDetail.js"}},{"type":"read","from":{"name":"e","loc":{"line":1573,"column":97},"id":94214,"file":"D:\\WORK\\2022\\论文相关\\TOSEM\\MiniApp-review\\flow-baseline\\datasetPopular\\安e赔\\__APP__/pages/recordDetail/recordDetail.js"},"to":{"name":"e","loc":{"line":1588,"column":112},"id":94549,"file":"D:\\WORK\\2022\\论文相关\\TOSEM\\MiniApp-review\\flow-baseline\\datasetPopular\\安e赔\\__APP__/pages/recordDetail/recordDetail.js"}},{"type":"read","from":{"name":"e","loc":{"line":1573,"column":97},"id":94214,"file":"D:\\WORK\\2022\\论文相关\\TOSEM\\MiniApp-review\\flow-baseline\\datasetPopular\\安e赔\\__APP__/pages/recordDetail/recordDetail.js"},"to":{"name":"e","loc":{"line":1588,"column":130},"id":94554,"file":"D:\\WORK\\2022\\论文相关\\TOSEM\\MiniApp-review\\flow-baseline\\datasetPopular\\安e赔\\__APP__/pages/recordDetail/recordDetail.js"}},{"type":"read","from":{"name":"e","loc":{"line":1573,"column":97},"id":94214,"file":"D:\\WORK\\2022\\论文相关\\TOSEM\\MiniApp-review\\flow-baseline\\datasetPopular\\安e赔\\__APP__/pages/recordDetail/recordDetail.js"},"to":{"name":"e","loc":{"line":1588,"column":162},"id":94562,"file":"D:\\WORK\\2022\\论文相关\\TOSEM\\MiniApp-review\\flow-baseline\\datasetPopular\\安e赔\\__APP__/pages/recordDetail/recordDetail.js"}},{"type":"read","from":{"name":"e","loc":{"line":1573,"column":97},"id":94214,"file":"D:\\WORK\\2022\\论文相关\\TOSEM\\MiniApp-review\\flow-baseline\\datasetPopular\\安e赔\\__APP__/pages/recordDetail/recordDetail.js"},"to":{"name":"e","loc":{"line":1589,"column":47},"id":94569,"file":"D:\\WORK\\2022\\论文相关\\TOSEM\\MiniApp-review\\flow-baseline\\datasetPopular\\安e赔\\__APP__/pages/recordDetail/recordDetail.js"}},{"type":"to callee","from":{"name":"e","loc":{"line":1589,"column":47},"id":94569,"file":"D:\\WORK\\2022\\论文相关\\TOSEM\\MiniApp-review\\flow-baseline\\datasetPopular\\安e赔\\__APP__/pages/recordDetail/recordDetail.js"},"to":{"name":"d.showToast","loc":{"line":1589,"column":35},"id":94566,"file":"D:\\WORK\\2022\\论文相关\\TOSEM\\MiniApp-review\\flow-baseline\\datasetPopular\\安e赔\\__APP__/pages/recordDetail/recordDetail.js"}},{"type":"to callee","from":{"name":"e","loc":{"line":1588,"column":162},"id":94562,"file":"D:\\WORK\\2022\\论文相关\\TOSEM\\MiniApp-review\\flow-baseline\\datasetPopular\\安e赔\\__APP__/pages/recordDetail/recordDetail.js"},"to":{"name":"d.showToast","loc":{"line":1588,"column":150},"id":94559,"file":"D:\\WORK\\2022\\论文相关\\TOSEM\\MiniApp-review\\flow-baseline\\datasetPopular\\安e赔\\__APP__/pages/recordDetail/recordDetail.js"}},{"type":"to callee","from":{"name":"e","loc":{"line":1588,"column":130},"id":94554,"file":"D:\\WORK\\2022\\论文相关\\TOSEM\\MiniApp-review\\flow-baseline\\datasetPopular\\安e赔\\__APP__/pages/recordDetail/recordDetail.js"},"to":{"name":"d.showToast","loc":{"line":1588,"column":118},"id":94551,"file":"D:\\WORK\\2022\\论文相关\\TOSEM\\MiniApp-review\\flow-baseline\\datasetPopular\\安e赔\\__APP__/pages/recordDetail/recordDetail.js"}},{"type":"to callee","from":{"name":"e","loc":{"line":1588,"column":112},"id":94549,"file":"D:\\WORK\\2022\\论文相关\\TOSEM\\MiniApp-review\\flow-baseline\\datasetPopular\\安e赔\\__APP__/pages/recordDetail/recordDetail.js"},"to":{"name":"f","loc":{"line":1588,"column":94},"id":94543,"file":"D:\\WORK\\2022\\论文相关\\TOSEM\\MiniApp-review\\flow-baseline\\datasetPopular\\安e赔\\__APP__/pages/recordDetail/recordDetail.js"}},{"type":"to callee","from":{"name":"e","loc":{"line":1585,"column":93},"id":94500,"file":"D:\\WORK\\2022\\论文相关\\TOSEM\\MiniApp-review\\flow-baseline\\datasetPopular\\安e赔\\__APP__/pages/recordDetail/recordDetail.js"},"to":{"name":"d.showToast","loc":{"line":1585,"column":81},"id":94497,"file":"D:\\WORK\\2022\\论文相关\\TOSEM\\MiniApp-review\\flow-baseline\\datasetPopular\\安e赔\\__APP__/pages/recordDetail/recordDetail.js"}},{"type":"to callee","from":{"name":"e","loc":{"line":1585,"column":76},"id":94495,"file":"D:\\WORK\\2022\\论文相关\\TOSEM\\MiniApp-review\\flow-baseline\\datasetPopular\\安e赔\\__APP__/pages/recordDetail/recordDetail.js"},"to":{"name":"f","loc":{"line":1585,"column":58},"id":94489,"file":"D:\\WORK\\2022\\论文相关\\TOSEM\\MiniApp-review\\flow-baseline\\datasetPopular\\安e赔\\__APP__/pages/recordDetail/recordDetail.js"}}]}]}],"writeShadows":[{"shadowVar":{"id":-2057,"declaredName":"__object__597.setData","file":"/pages/recordDetail/recordDetail.js","type":"normal"},"writeAccess":[]}]}]}]}