{"definedData":[],"dynamicDefinedData":[{"shadowObjectVar":"__object__27","dynamicDefinedProps":[{"propName":".setData","readShadows":[{"shadowVar":{"id":-2190,"declaredName":"__object__27.setData","file":"/pages/recordsList/recordsList.js","type":"normal"},"readAccess":[{"leftVar":[{"id":97557,"declaredName":"t","declaredLoc":{"line":121,"column":12},"file":"/pages/recordsList/recordsList.js","type":"normal"}],"readFlow":[{"type":"assign to","from":{"name":"this","loc":{"line":121,"column":16},"id":97558,"file":"D:\\WORK\\2022\\论文相关\\TOSEM\\MiniApp-review\\flow-baseline\\datasetPopular\\安e赔\\__APP__/pages/recordsList/recordsList.js"},"to":{"name":"t","loc":{"line":121,"column":12},"id":97557,"file":"D:\\WORK\\2022\\论文相关\\TOSEM\\MiniApp-review\\flow-baseline\\datasetPopular\\安e赔\\__APP__/pages/recordsList/recordsList.js"}}]},{"leftVar":[{"id":97788,"declaredName":"t","declaredLoc":{"line":162,"column":12},"file":"/pages/recordsList/recordsList.js","type":"normal"}],"readFlow":[{"type":"assign to","from":{"name":"this","loc":{"line":162,"column":16},"id":97789,"file":"D:\\WORK\\2022\\论文相关\\TOSEM\\MiniApp-review\\flow-baseline\\datasetPopular\\安e赔\\__APP__/pages/recordsList/recordsList.js"},"to":{"name":"t","loc":{"line":162,"column":12},"id":97788,"file":"D:\\WORK\\2022\\论文相关\\TOSEM\\MiniApp-review\\flow-baseline\\datasetPopular\\安e赔\\__APP__/pages/recordsList/recordsList.js"}},{"type":"read","from":{"name":"t","loc":{"line":162,"column":12},"id":97788,"file":"D:\\WORK\\2022\\论文相关\\TOSEM\\MiniApp-review\\flow-baseline\\datasetPopular\\安e赔\\__APP__/pages/recordsList/recordsList.js"},"to":{"name":"t","loc":{"line":183,"column":116},"id":97963,"file":"D:\\WORK\\2022\\论文相关\\TOSEM\\MiniApp-review\\flow-baseline\\datasetPopular\\安e赔\\__APP__/pages/recordsList/recordsList.js"}},{"type":"read","from":{"name":"t","loc":{"line":162,"column":12},"id":97788,"file":"D:\\WORK\\2022\\论文相关\\TOSEM\\MiniApp-review\\flow-baseline\\datasetPopular\\安e赔\\__APP__/pages/recordsList/recordsList.js"},"to":{"name":"t","loc":{"line":179,"column":68},"id":97910,"file":"D:\\WORK\\2022\\论文相关\\TOSEM\\MiniApp-review\\flow-baseline\\datasetPopular\\安e赔\\__APP__/pages/recordsList/recordsList.js"}},{"type":"read","from":{"name":"t","loc":{"line":162,"column":12},"id":97788,"file":"D:\\WORK\\2022\\论文相关\\TOSEM\\MiniApp-review\\flow-baseline\\datasetPopular\\安e赔\\__APP__/pages/recordsList/recordsList.js"},"to":{"name":"t","loc":{"line":190,"column":28},"id":97988,"file":"D:\\WORK\\2022\\论文相关\\TOSEM\\MiniApp-review\\flow-baseline\\datasetPopular\\安e赔\\__APP__/pages/recordsList/recordsList.js"}},{"type":"to callee","from":{"name":"t","loc":{"line":190,"column":28},"id":97988,"file":"D:\\WORK\\2022\\论文相关\\TOSEM\\MiniApp-review\\flow-baseline\\datasetPopular\\安e赔\\__APP__/pages/recordsList/recordsList.js"},"to":{"name":"o.showToast","loc":{"line":190,"column":16},"id":97985,"file":"D:\\WORK\\2022\\论文相关\\TOSEM\\MiniApp-review\\flow-baseline\\datasetPopular\\安e赔\\__APP__/pages/recordsList/recordsList.js"}},{"type":"read","from":{"name":"t","loc":{"line":190,"column":28},"id":97988,"file":"D:\\WORK\\2022\\论文相关\\TOSEM\\MiniApp-review\\flow-baseline\\datasetPopular\\安e赔\\__APP__/pages/recordsList/recordsList.js"},"to":{"name":"t.setData","loc":{"line":190,"column":40},"id":97991,"file":"D:\\WORK\\2022\\论文相关\\TOSEM\\MiniApp-review\\flow-baseline\\datasetPopular\\安e赔\\__APP__/pages/recordsList/recordsList.js"}},{"type":"to callee","from":{"name":"t","loc":{"line":179,"column":68},"id":97910,"file":"D:\\WORK\\2022\\论文相关\\TOSEM\\MiniApp-review\\flow-baseline\\datasetPopular\\安e赔\\__APP__/pages/recordsList/recordsList.js"},"to":{"name":"o.showToast","loc":{"line":179,"column":56},"id":97907,"file":"D:\\WORK\\2022\\论文相关\\TOSEM\\MiniApp-review\\flow-baseline\\datasetPopular\\安e赔\\__APP__/pages/recordsList/recordsList.js"}},{"type":"to callee","from":{"name":"t","loc":{"line":183,"column":116},"id":97963,"file":"D:\\WORK\\2022\\论文相关\\TOSEM\\MiniApp-review\\flow-baseline\\datasetPopular\\安e赔\\__APP__/pages/recordsList/recordsList.js"},"to":{"name":"o.showToast","loc":{"line":183,"column":104},"id":97960,"file":"D:\\WORK\\2022\\论文相关\\TOSEM\\MiniApp-review\\flow-baseline\\datasetPopular\\安e赔\\__APP__/pages/recordsList/recordsList.js"}}]},{"leftVar":[{"id":98118,"declaredName":"e","declaredLoc":{"line":221,"column":12},"file":"/pages/recordsList/recordsList.js","type":"normal"}],"readFlow":[{"type":"assign to","from":{"name":"this","loc":{"line":221,"column":16},"id":98119,"file":"D:\\WORK\\2022\\论文相关\\TOSEM\\MiniApp-review\\flow-baseline\\datasetPopular\\安e赔\\__APP__/pages/recordsList/recordsList.js"},"to":{"name":"e","loc":{"line":221,"column":12},"id":98118,"file":"D:\\WORK\\2022\\论文相关\\TOSEM\\MiniApp-review\\flow-baseline\\datasetPopular\\安e赔\\__APP__/pages/recordsList/recordsList.js"}},{"type":"read","from":{"name":"e","loc":{"line":221,"column":12},"id":98118,"file":"D:\\WORK\\2022\\论文相关\\TOSEM\\MiniApp-review\\flow-baseline\\datasetPopular\\安e赔\\__APP__/pages/recordsList/recordsList.js"},"to":{"name":"e","loc":{"line":243,"column":51},"id":98359,"file":"D:\\WORK\\2022\\论文相关\\TOSEM\\MiniApp-review\\flow-baseline\\datasetPopular\\安e赔\\__APP__/pages/recordsList/recordsList.js"}},{"type":"to callee","from":{"name":"e","loc":{"line":243,"column":51},"id":98359,"file":"D:\\WORK\\2022\\论文相关\\TOSEM\\MiniApp-review\\flow-baseline\\datasetPopular\\安e赔\\__APP__/pages/recordsList/recordsList.js"},"to":{"name":"o.showToast","loc":{"line":243,"column":39},"id":98356,"file":"D:\\WORK\\2022\\论文相关\\TOSEM\\MiniApp-review\\flow-baseline\\datasetPopular\\安e赔\\__APP__/pages/recordsList/recordsList.js"}}]}]}],"writeShadows":[{"shadowVar":{"id":-2190,"declaredName":"__object__27.setData","file":"/pages/recordsList/recordsList.js","type":"normal"},"writeAccess":[]}]}]}]}