{"definedData":[],"dynamicDefinedData":[{"shadowObjectVar":"__object__3","dynamicDefinedProps":[{"propName":".setData","readShadows":[{"shadowVar":{"id":-2227,"declaredName":"__object__3.setData","file":"/pages/uploadFiles/uploadFiles.js","type":"normal"},"readAccess":[{"leftVar":[{"id":98528,"declaredName":"a","declaredLoc":{"line":41,"column":12},"file":"/pages/uploadFiles/uploadFiles.js","type":"normal"}],"readFlow":[{"type":"assign to","from":{"name":"this","loc":{"line":42,"column":13},"id":98535,"file":"D:\\WORK\\2022\\论文相关\\TOSEM\\MiniApp-review\\flow-baseline\\datasetPopular\\安e赔\\__APP__/pages/uploadFiles/uploadFiles.js"},"to":{"name":"a","loc":{"line":42,"column":9},"id":98534,"file":"D:\\WORK\\2022\\论文相关\\TOSEM\\MiniApp-review\\flow-baseline\\datasetPopular\\安e赔\\__APP__/pages/uploadFiles/uploadFiles.js"}},{"type":"read","from":{"name":"a","loc":{"line":42,"column":9},"id":98534,"file":"D:\\WORK\\2022\\论文相关\\TOSEM\\MiniApp-review\\flow-baseline\\datasetPopular\\安e赔\\__APP__/pages/uploadFiles/uploadFiles.js"},"to":{"name":"a","loc":{"line":52,"column":52},"id":98602,"file":"D:\\WORK\\2022\\论文相关\\TOSEM\\MiniApp-review\\flow-baseline\\datasetPopular\\安e赔\\__APP__/pages/uploadFiles/uploadFiles.js"}},{"type":"read","from":{"name":"a","loc":{"line":42,"column":9},"id":98534,"file":"D:\\WORK\\2022\\论文相关\\TOSEM\\MiniApp-review\\flow-baseline\\datasetPopular\\安e赔\\__APP__/pages/uploadFiles/uploadFiles.js"},"to":{"name":"a","loc":{"line":52,"column":80},"id":98608,"file":"D:\\WORK\\2022\\论文相关\\TOSEM\\MiniApp-review\\flow-baseline\\datasetPopular\\安e赔\\__APP__/pages/uploadFiles/uploadFiles.js"}},{"type":"to callee","from":{"name":"a","loc":{"line":52,"column":80},"id":98608,"file":"D:\\WORK\\2022\\论文相关\\TOSEM\\MiniApp-review\\flow-baseline\\datasetPopular\\安e赔\\__APP__/pages/uploadFiles/uploadFiles.js"},"to":{"name":"i.showToast","loc":{"line":52,"column":68},"id":98605,"file":"D:\\WORK\\2022\\论文相关\\TOSEM\\MiniApp-review\\flow-baseline\\datasetPopular\\安e赔\\__APP__/pages/uploadFiles/uploadFiles.js"}},{"type":"to callee","from":{"name":"a","loc":{"line":52,"column":52},"id":98602,"file":"D:\\WORK\\2022\\论文相关\\TOSEM\\MiniApp-review\\flow-baseline\\datasetPopular\\安e赔\\__APP__/pages/uploadFiles/uploadFiles.js"},"to":{"name":"i.showToast","loc":{"line":52,"column":40},"id":98599,"file":"D:\\WORK\\2022\\论文相关\\TOSEM\\MiniApp-review\\flow-baseline\\datasetPopular\\安e赔\\__APP__/pages/uploadFiles/uploadFiles.js"}}]},{"leftVar":[{"id":98649,"declaredName":"a","declaredLoc":{"line":61,"column":12},"file":"/pages/uploadFiles/uploadFiles.js","type":"normal"}],"readFlow":[{"type":"assign to","from":{"name":"this","loc":{"line":61,"column":16},"id":98650,"file":"D:\\WORK\\2022\\论文相关\\TOSEM\\MiniApp-review\\flow-baseline\\datasetPopular\\安e赔\\__APP__/pages/uploadFiles/uploadFiles.js"},"to":{"name":"a","loc":{"line":61,"column":12},"id":98649,"file":"D:\\WORK\\2022\\论文相关\\TOSEM\\MiniApp-review\\flow-baseline\\datasetPopular\\安e赔\\__APP__/pages/uploadFiles/uploadFiles.js"}}]},{"leftVar":[{"id":99380,"declaredName":"a","declaredLoc":{"line":136,"column":12},"file":"/pages/uploadFiles/uploadFiles.js","type":"normal"}],"readFlow":[{"type":"assign to","from":{"name":"this","loc":{"line":136,"column":16},"id":99381,"file":"D:\\WORK\\2022\\论文相关\\TOSEM\\MiniApp-review\\flow-baseline\\datasetPopular\\安e赔\\__APP__/pages/uploadFiles/uploadFiles.js"},"to":{"name":"a","loc":{"line":136,"column":12},"id":99380,"file":"D:\\WORK\\2022\\论文相关\\TOSEM\\MiniApp-review\\flow-baseline\\datasetPopular\\安e赔\\__APP__/pages/uploadFiles/uploadFiles.js"}}]},{"leftVar":[{"id":99548,"declaredName":"a","declaredLoc":{"line":172,"column":12},"file":"/pages/uploadFiles/uploadFiles.js","type":"normal"}],"readFlow":[{"type":"assign to","from":{"name":"this","loc":{"line":172,"column":16},"id":99549,"file":"D:\\WORK\\2022\\论文相关\\TOSEM\\MiniApp-review\\flow-baseline\\datasetPopular\\安e赔\\__APP__/pages/uploadFiles/uploadFiles.js"},"to":{"name":"a","loc":{"line":172,"column":12},"id":99548,"file":"D:\\WORK\\2022\\论文相关\\TOSEM\\MiniApp-review\\flow-baseline\\datasetPopular\\安e赔\\__APP__/pages/uploadFiles/uploadFiles.js"}}]},{"leftVar":[{"id":99867,"declaredName":"t","declaredLoc":{"line":220,"column":12},"file":"/pages/uploadFiles/uploadFiles.js","type":"normal"}],"readFlow":[{"type":"assign to","from":{"name":"this","loc":{"line":220,"column":16},"id":99868,"file":"D:\\WORK\\2022\\论文相关\\TOSEM\\MiniApp-review\\flow-baseline\\datasetPopular\\安e赔\\__APP__/pages/uploadFiles/uploadFiles.js"},"to":{"name":"t","loc":{"line":220,"column":12},"id":99867,"file":"D:\\WORK\\2022\\论文相关\\TOSEM\\MiniApp-review\\flow-baseline\\datasetPopular\\安e赔\\__APP__/pages/uploadFiles/uploadFiles.js"}}]},{"leftVar":[{"id":100125,"declaredName":"e","declaredLoc":{"line":265,"column":12},"file":"/pages/uploadFiles/uploadFiles.js","type":"normal"}],"readFlow":[{"type":"assign to","from":{"name":"this","loc":{"line":265,"column":16},"id":100126,"file":"D:\\WORK\\2022\\论文相关\\TOSEM\\MiniApp-review\\flow-baseline\\datasetPopular\\安e赔\\__APP__/pages/uploadFiles/uploadFiles.js"},"to":{"name":"e","loc":{"line":265,"column":12},"id":100125,"file":"D:\\WORK\\2022\\论文相关\\TOSEM\\MiniApp-review\\flow-baseline\\datasetPopular\\安e赔\\__APP__/pages/uploadFiles/uploadFiles.js"}},{"type":"read","from":{"name":"e","loc":{"line":265,"column":12},"id":100125,"file":"D:\\WORK\\2022\\论文相关\\TOSEM\\MiniApp-review\\flow-baseline\\datasetPopular\\安e赔\\__APP__/pages/uploadFiles/uploadFiles.js"},"to":{"name":"e","loc":{"line":281,"column":107},"id":100246,"file":"D:\\WORK\\2022\\论文相关\\TOSEM\\MiniApp-review\\flow-baseline\\datasetPopular\\安e赔\\__APP__/pages/uploadFiles/uploadFiles.js"}},{"type":"read","from":{"name":"e","loc":{"line":265,"column":12},"id":100125,"file":"D:\\WORK\\2022\\论文相关\\TOSEM\\MiniApp-review\\flow-baseline\\datasetPopular\\安e赔\\__APP__/pages/uploadFiles/uploadFiles.js"},"to":{"name":"e","loc":{"line":288,"column":32},"id":100325,"file":"D:\\WORK\\2022\\论文相关\\TOSEM\\MiniApp-review\\flow-baseline\\datasetPopular\\安e赔\\__APP__/pages/uploadFiles/uploadFiles.js"}},{"type":"read","from":{"name":"e","loc":{"line":265,"column":12},"id":100125,"file":"D:\\WORK\\2022\\论文相关\\TOSEM\\MiniApp-review\\flow-baseline\\datasetPopular\\安e赔\\__APP__/pages/uploadFiles/uploadFiles.js"},"to":{"name":"e","loc":{"line":300,"column":25},"id":100449,"file":"D:\\WORK\\2022\\论文相关\\TOSEM\\MiniApp-review\\flow-baseline\\datasetPopular\\安e赔\\__APP__/pages/uploadFiles/uploadFiles.js"}},{"type":"to callee","from":{"name":"e","loc":{"line":300,"column":25},"id":100449,"file":"D:\\WORK\\2022\\论文相关\\TOSEM\\MiniApp-review\\flow-baseline\\datasetPopular\\安e赔\\__APP__/pages/uploadFiles/uploadFiles.js"},"to":{"name":"i.closeModal","loc":{"line":300,"column":12},"id":100446,"file":"D:\\WORK\\2022\\论文相关\\TOSEM\\MiniApp-review\\flow-baseline\\datasetPopular\\安e赔\\__APP__/pages/uploadFiles/uploadFiles.js"}},{"type":"to callee","from":{"name":"e","loc":{"line":288,"column":32},"id":100325,"file":"D:\\WORK\\2022\\论文相关\\TOSEM\\MiniApp-review\\flow-baseline\\datasetPopular\\安e赔\\__APP__/pages/uploadFiles/uploadFiles.js"},"to":{"name":"i.showToast","loc":{"line":288,"column":20},"id":100322,"file":"D:\\WORK\\2022\\论文相关\\TOSEM\\MiniApp-review\\flow-baseline\\datasetPopular\\安e赔\\__APP__/pages/uploadFiles/uploadFiles.js"}},{"type":"read","from":{"name":"e","loc":{"line":288,"column":32},"id":100325,"file":"D:\\WORK\\2022\\论文相关\\TOSEM\\MiniApp-review\\flow-baseline\\datasetPopular\\安e赔\\__APP__/pages/uploadFiles/uploadFiles.js"},"to":{"name":"e.setData","loc":{"line":292,"column":20},"id":100423,"file":"D:\\WORK\\2022\\论文相关\\TOSEM\\MiniApp-review\\flow-baseline\\datasetPopular\\安e赔\\__APP__/pages/uploadFiles/uploadFiles.js"}},{"type":"to callee","from":{"name":"e","loc":{"line":281,"column":107},"id":100246,"file":"D:\\WORK\\2022\\论文相关\\TOSEM\\MiniApp-review\\flow-baseline\\datasetPopular\\安e赔\\__APP__/pages/uploadFiles/uploadFiles.js"},"to":{"name":"i.showToast","loc":{"line":281,"column":95},"id":100243,"file":"D:\\WORK\\2022\\论文相关\\TOSEM\\MiniApp-review\\flow-baseline\\datasetPopular\\安e赔\\__APP__/pages/uploadFiles/uploadFiles.js"}}]},{"leftVar":[{"id":100467,"declaredName":"t","declaredLoc":{"line":306,"column":12},"file":"/pages/uploadFiles/uploadFiles.js","type":"normal"}],"readFlow":[{"type":"assign to","from":{"name":"this","loc":{"line":306,"column":16},"id":100468,"file":"D:\\WORK\\2022\\论文相关\\TOSEM\\MiniApp-review\\flow-baseline\\datasetPopular\\安e赔\\__APP__/pages/uploadFiles/uploadFiles.js"},"to":{"name":"t","loc":{"line":306,"column":12},"id":100467,"file":"D:\\WORK\\2022\\论文相关\\TOSEM\\MiniApp-review\\flow-baseline\\datasetPopular\\安e赔\\__APP__/pages/uploadFiles/uploadFiles.js"}},{"type":"read","from":{"name":"t","loc":{"line":306,"column":12},"id":100467,"file":"D:\\WORK\\2022\\论文相关\\TOSEM\\MiniApp-review\\flow-baseline\\datasetPopular\\安e赔\\__APP__/pages/uploadFiles/uploadFiles.js"},"to":{"name":"t","loc":{"line":334,"column":89},"id":100691,"file":"D:\\WORK\\2022\\论文相关\\TOSEM\\MiniApp-review\\flow-baseline\\datasetPopular\\安e赔\\__APP__/pages/uploadFiles/uploadFiles.js"}},{"type":"to callee","from":{"name":"t","loc":{"line":334,"column":89},"id":100691,"file":"D:\\WORK\\2022\\论文相关\\TOSEM\\MiniApp-review\\flow-baseline\\datasetPopular\\安e赔\\__APP__/pages/uploadFiles/uploadFiles.js"},"to":{"name":"i.showToast","loc":{"line":334,"column":77},"id":100688,"file":"D:\\WORK\\2022\\论文相关\\TOSEM\\MiniApp-review\\flow-baseline\\datasetPopular\\安e赔\\__APP__/pages/uploadFiles/uploadFiles.js"}}]},{"leftVar":[{"id":100784,"declaredName":"e","declaredLoc":{"line":358,"column":12},"file":"/pages/uploadFiles/uploadFiles.js","type":"normal"}],"readFlow":[{"type":"assign to","from":{"name":"this","loc":{"line":358,"column":16},"id":100785,"file":"D:\\WORK\\2022\\论文相关\\TOSEM\\MiniApp-review\\flow-baseline\\datasetPopular\\安e赔\\__APP__/pages/uploadFiles/uploadFiles.js"},"to":{"name":"e","loc":{"line":358,"column":12},"id":100784,"file":"D:\\WORK\\2022\\论文相关\\TOSEM\\MiniApp-review\\flow-baseline\\datasetPopular\\安e赔\\__APP__/pages/uploadFiles/uploadFiles.js"}},{"type":"read","from":{"name":"e","loc":{"line":358,"column":12},"id":100784,"file":"D:\\WORK\\2022\\论文相关\\TOSEM\\MiniApp-review\\flow-baseline\\datasetPopular\\安e赔\\__APP__/pages/uploadFiles/uploadFiles.js"},"to":{"name":"e","loc":{"line":376,"column":125},"id":100940,"file":"D:\\WORK\\2022\\论文相关\\TOSEM\\MiniApp-review\\flow-baseline\\datasetPopular\\安e赔\\__APP__/pages/uploadFiles/uploadFiles.js"}},{"type":"read","from":{"name":"e","loc":{"line":358,"column":12},"id":100784,"file":"D:\\WORK\\2022\\论文相关\\TOSEM\\MiniApp-review\\flow-baseline\\datasetPopular\\安e赔\\__APP__/pages/uploadFiles/uploadFiles.js"},"to":{"name":"e","loc":{"line":376,"column":158},"id":100950,"file":"D:\\WORK\\2022\\论文相关\\TOSEM\\MiniApp-review\\flow-baseline\\datasetPopular\\安e赔\\__APP__/pages/uploadFiles/uploadFiles.js"}},{"type":"read","from":{"name":"e","loc":{"line":358,"column":12},"id":100784,"file":"D:\\WORK\\2022\\论文相关\\TOSEM\\MiniApp-review\\flow-baseline\\datasetPopular\\安e赔\\__APP__/pages/uploadFiles/uploadFiles.js"},"to":{"name":"e","loc":{"line":376,"column":194},"id":100961,"file":"D:\\WORK\\2022\\论文相关\\TOSEM\\MiniApp-review\\flow-baseline\\datasetPopular\\安e赔\\__APP__/pages/uploadFiles/uploadFiles.js"}},{"type":"read","from":{"name":"e","loc":{"line":358,"column":12},"id":100784,"file":"D:\\WORK\\2022\\论文相关\\TOSEM\\MiniApp-review\\flow-baseline\\datasetPopular\\安e赔\\__APP__/pages/uploadFiles/uploadFiles.js"},"to":{"name":"e","loc":{"line":384,"column":32},"id":100996,"file":"D:\\WORK\\2022\\论文相关\\TOSEM\\MiniApp-review\\flow-baseline\\datasetPopular\\安e赔\\__APP__/pages/uploadFiles/uploadFiles.js"}},{"type":"to callee","from":{"name":"e","loc":{"line":384,"column":32},"id":100996,"file":"D:\\WORK\\2022\\论文相关\\TOSEM\\MiniApp-review\\flow-baseline\\datasetPopular\\安e赔\\__APP__/pages/uploadFiles/uploadFiles.js"},"to":{"name":"i.showToast","loc":{"line":384,"column":20},"id":100993,"file":"D:\\WORK\\2022\\论文相关\\TOSEM\\MiniApp-review\\flow-baseline\\datasetPopular\\安e赔\\__APP__/pages/uploadFiles/uploadFiles.js"}},{"type":"to callee","from":{"name":"e","loc":{"line":376,"column":194},"id":100961,"file":"D:\\WORK\\2022\\论文相关\\TOSEM\\MiniApp-review\\flow-baseline\\datasetPopular\\安e赔\\__APP__/pages/uploadFiles/uploadFiles.js"},"to":{"name":"i.showToast","loc":{"line":376,"column":182},"id":100958,"file":"D:\\WORK\\2022\\论文相关\\TOSEM\\MiniApp-review\\flow-baseline\\datasetPopular\\安e赔\\__APP__/pages/uploadFiles/uploadFiles.js"}},{"type":"to callee","from":{"name":"e","loc":{"line":376,"column":158},"id":100950,"file":"D:\\WORK\\2022\\论文相关\\TOSEM\\MiniApp-review\\flow-baseline\\datasetPopular\\安e赔\\__APP__/pages/uploadFiles/uploadFiles.js"},"to":{"name":"i.showToast","loc":{"line":376,"column":146},"id":100947,"file":"D:\\WORK\\2022\\论文相关\\TOSEM\\MiniApp-review\\flow-baseline\\datasetPopular\\安e赔\\__APP__/pages/uploadFiles/uploadFiles.js"}},{"type":"to callee","from":{"name":"e","loc":{"line":376,"column":125},"id":100940,"file":"D:\\WORK\\2022\\论文相关\\TOSEM\\MiniApp-review\\flow-baseline\\datasetPopular\\安e赔\\__APP__/pages/uploadFiles/uploadFiles.js"},"to":{"name":"i.showToast","loc":{"line":376,"column":113},"id":100937,"file":"D:\\WORK\\2022\\论文相关\\TOSEM\\MiniApp-review\\flow-baseline\\datasetPopular\\安e赔\\__APP__/pages/uploadFiles/uploadFiles.js"}}]}]}],"writeShadows":[{"shadowVar":{"id":-2227,"declaredName":"__object__3.setData","file":"/pages/uploadFiles/uploadFiles.js","type":"normal"},"writeAccess":[]}]}]}]}