{"definedData":[],"dynamicDefinedData":[{"shadowObjectVar":"__object__158","dynamicDefinedProps":[{"propName":".setData","readShadows":[{"shadowVar":{"id":-2293,"declaredName":"__object__158.setData","file":"/pages/UploadImg/UploadImg.js","type":"normal"},"readAccess":[{"leftVar":[{"id":102365,"declaredName":"t","declaredLoc":{"line":198,"column":12},"file":"/pages/UploadImg/UploadImg.js","type":"normal"}],"readFlow":[{"type":"assign to","from":{"name":"this","loc":{"line":198,"column":16},"id":102366,"file":"D:\\WORK\\2022\\论文相关\\TOSEM\\MiniApp-review\\flow-baseline\\datasetPopular\\安e赔\\__APP__/pages/UploadImg/UploadImg.js"},"to":{"name":"t","loc":{"line":198,"column":12},"id":102365,"file":"D:\\WORK\\2022\\论文相关\\TOSEM\\MiniApp-review\\flow-baseline\\datasetPopular\\安e赔\\__APP__/pages/UploadImg/UploadImg.js"}},{"type":"read","from":{"name":"t","loc":{"line":198,"column":12},"id":102365,"file":"D:\\WORK\\2022\\论文相关\\TOSEM\\MiniApp-review\\flow-baseline\\datasetPopular\\安e赔\\__APP__/pages/UploadImg/UploadImg.js"},"to":{"name":"t","loc":{"line":223,"column":52},"id":102515,"file":"D:\\WORK\\2022\\论文相关\\TOSEM\\MiniApp-review\\flow-baseline\\datasetPopular\\安e赔\\__APP__/pages/UploadImg/UploadImg.js"}},{"type":"read","from":{"name":"t","loc":{"line":198,"column":12},"id":102365,"file":"D:\\WORK\\2022\\论文相关\\TOSEM\\MiniApp-review\\flow-baseline\\datasetPopular\\安e赔\\__APP__/pages/UploadImg/UploadImg.js"},"to":{"name":"t","loc":{"line":223,"column":80},"id":102521,"file":"D:\\WORK\\2022\\论文相关\\TOSEM\\MiniApp-review\\flow-baseline\\datasetPopular\\安e赔\\__APP__/pages/UploadImg/UploadImg.js"}},{"type":"read","from":{"name":"t","loc":{"line":198,"column":12},"id":102365,"file":"D:\\WORK\\2022\\论文相关\\TOSEM\\MiniApp-review\\flow-baseline\\datasetPopular\\安e赔\\__APP__/pages/UploadImg/UploadImg.js"},"to":{"name":"t","loc":{"line":226,"column":15},"id":102539,"file":"D:\\WORK\\2022\\论文相关\\TOSEM\\MiniApp-review\\flow-baseline\\datasetPopular\\安e赔\\__APP__/pages/UploadImg/UploadImg.js"}},{"type":"to callee","from":{"name":"t","loc":{"line":226,"column":15},"id":102539,"file":"D:\\WORK\\2022\\论文相关\\TOSEM\\MiniApp-review\\flow-baseline\\datasetPopular\\安e赔\\__APP__/pages/UploadImg/UploadImg.js"},"to":{"name":"n","loc":{"line":226,"column":13},"id":102538,"file":"D:\\WORK\\2022\\论文相关\\TOSEM\\MiniApp-review\\flow-baseline\\datasetPopular\\安e赔\\__APP__/pages/UploadImg/UploadImg.js"}},{"type":"read","from":{"name":"t","loc":{"line":226,"column":15},"id":102539,"file":"D:\\WORK\\2022\\论文相关\\TOSEM\\MiniApp-review\\flow-baseline\\datasetPopular\\安e赔\\__APP__/pages/UploadImg/UploadImg.js"},"to":{"name":"t.setData","loc":{"line":226,"column":19},"id":102541,"file":"D:\\WORK\\2022\\论文相关\\TOSEM\\MiniApp-review\\flow-baseline\\datasetPopular\\安e赔\\__APP__/pages/UploadImg/UploadImg.js"}},{"type":"to callee","from":{"name":"t","loc":{"line":223,"column":80},"id":102521,"file":"D:\\WORK\\2022\\论文相关\\TOSEM\\MiniApp-review\\flow-baseline\\datasetPopular\\安e赔\\__APP__/pages/UploadImg/UploadImg.js"},"to":{"name":"o.showToast","loc":{"line":223,"column":68},"id":102518,"file":"D:\\WORK\\2022\\论文相关\\TOSEM\\MiniApp-review\\flow-baseline\\datasetPopular\\安e赔\\__APP__/pages/UploadImg/UploadImg.js"}},{"type":"to callee","from":{"name":"t","loc":{"line":223,"column":52},"id":102515,"file":"D:\\WORK\\2022\\论文相关\\TOSEM\\MiniApp-review\\flow-baseline\\datasetPopular\\安e赔\\__APP__/pages/UploadImg/UploadImg.js"},"to":{"name":"o.showToast","loc":{"line":223,"column":40},"id":102512,"file":"D:\\WORK\\2022\\论文相关\\TOSEM\\MiniApp-review\\flow-baseline\\datasetPopular\\安e赔\\__APP__/pages/UploadImg/UploadImg.js"}}]},{"leftVar":[{"id":102653,"declaredName":"t","declaredLoc":{"line":248,"column":12},"file":"/pages/UploadImg/UploadImg.js","type":"normal"}],"readFlow":[{"type":"assign to","from":{"name":"this","loc":{"line":248,"column":16},"id":102654,"file":"D:\\WORK\\2022\\论文相关\\TOSEM\\MiniApp-review\\flow-baseline\\datasetPopular\\安e赔\\__APP__/pages/UploadImg/UploadImg.js"},"to":{"name":"t","loc":{"line":248,"column":12},"id":102653,"file":"D:\\WORK\\2022\\论文相关\\TOSEM\\MiniApp-review\\flow-baseline\\datasetPopular\\安e赔\\__APP__/pages/UploadImg/UploadImg.js"}}]},{"leftVar":[{"id":102808,"declaredName":"t","declaredLoc":{"line":275,"column":12},"file":"/pages/UploadImg/UploadImg.js","type":"normal"}],"readFlow":[{"type":"assign to","from":{"name":"this","loc":{"line":275,"column":16},"id":102809,"file":"D:\\WORK\\2022\\论文相关\\TOSEM\\MiniApp-review\\flow-baseline\\datasetPopular\\安e赔\\__APP__/pages/UploadImg/UploadImg.js"},"to":{"name":"t","loc":{"line":275,"column":12},"id":102808,"file":"D:\\WORK\\2022\\论文相关\\TOSEM\\MiniApp-review\\flow-baseline\\datasetPopular\\安e赔\\__APP__/pages/UploadImg/UploadImg.js"}}]},{"leftVar":[{"id":103241,"declaredName":"e","declaredLoc":{"line":331,"column":12},"file":"/pages/UploadImg/UploadImg.js","type":"normal"}],"readFlow":[{"type":"assign to","from":{"name":"this","loc":{"line":331,"column":16},"id":103242,"file":"D:\\WORK\\2022\\论文相关\\TOSEM\\MiniApp-review\\flow-baseline\\datasetPopular\\安e赔\\__APP__/pages/UploadImg/UploadImg.js"},"to":{"name":"e","loc":{"line":331,"column":12},"id":103241,"file":"D:\\WORK\\2022\\论文相关\\TOSEM\\MiniApp-review\\flow-baseline\\datasetPopular\\安e赔\\__APP__/pages/UploadImg/UploadImg.js"}},{"type":"read","from":{"name":"e","loc":{"line":331,"column":12},"id":103241,"file":"D:\\WORK\\2022\\论文相关\\TOSEM\\MiniApp-review\\flow-baseline\\datasetPopular\\安e赔\\__APP__/pages/UploadImg/UploadImg.js"},"to":{"name":"e","loc":{"line":347,"column":84},"id":103354,"file":"D:\\WORK\\2022\\论文相关\\TOSEM\\MiniApp-review\\flow-baseline\\datasetPopular\\安e赔\\__APP__/pages/UploadImg/UploadImg.js"}},{"type":"read","from":{"name":"e","loc":{"line":331,"column":12},"id":103241,"file":"D:\\WORK\\2022\\论文相关\\TOSEM\\MiniApp-review\\flow-baseline\\datasetPopular\\安e赔\\__APP__/pages/UploadImg/UploadImg.js"},"to":{"name":"e","loc":{"line":349,"column":32},"id":103371,"file":"D:\\WORK\\2022\\论文相关\\TOSEM\\MiniApp-review\\flow-baseline\\datasetPopular\\安e赔\\__APP__/pages/UploadImg/UploadImg.js"}},{"type":"read","from":{"name":"e","loc":{"line":331,"column":12},"id":103241,"file":"D:\\WORK\\2022\\论文相关\\TOSEM\\MiniApp-review\\flow-baseline\\datasetPopular\\安e赔\\__APP__/pages/UploadImg/UploadImg.js"},"to":{"name":"e","loc":{"line":361,"column":25},"id":103495,"file":"D:\\WORK\\2022\\论文相关\\TOSEM\\MiniApp-review\\flow-baseline\\datasetPopular\\安e赔\\__APP__/pages/UploadImg/UploadImg.js"}},{"type":"to callee","from":{"name":"e","loc":{"line":361,"column":25},"id":103495,"file":"D:\\WORK\\2022\\论文相关\\TOSEM\\MiniApp-review\\flow-baseline\\datasetPopular\\安e赔\\__APP__/pages/UploadImg/UploadImg.js"},"to":{"name":"o.closeModal","loc":{"line":361,"column":12},"id":103492,"file":"D:\\WORK\\2022\\论文相关\\TOSEM\\MiniApp-review\\flow-baseline\\datasetPopular\\安e赔\\__APP__/pages/UploadImg/UploadImg.js"}},{"type":"to callee","from":{"name":"e","loc":{"line":349,"column":32},"id":103371,"file":"D:\\WORK\\2022\\论文相关\\TOSEM\\MiniApp-review\\flow-baseline\\datasetPopular\\安e赔\\__APP__/pages/UploadImg/UploadImg.js"},"to":{"name":"o.showToast","loc":{"line":349,"column":20},"id":103368,"file":"D:\\WORK\\2022\\论文相关\\TOSEM\\MiniApp-review\\flow-baseline\\datasetPopular\\安e赔\\__APP__/pages/UploadImg/UploadImg.js"}},{"type":"read","from":{"name":"e","loc":{"line":349,"column":32},"id":103371,"file":"D:\\WORK\\2022\\论文相关\\TOSEM\\MiniApp-review\\flow-baseline\\datasetPopular\\安e赔\\__APP__/pages/UploadImg/UploadImg.js"},"to":{"name":"e.setData","loc":{"line":353,"column":20},"id":103469,"file":"D:\\WORK\\2022\\论文相关\\TOSEM\\MiniApp-review\\flow-baseline\\datasetPopular\\安e赔\\__APP__/pages/UploadImg/UploadImg.js"}},{"type":"to callee","from":{"name":"e","loc":{"line":347,"column":84},"id":103354,"file":"D:\\WORK\\2022\\论文相关\\TOSEM\\MiniApp-review\\flow-baseline\\datasetPopular\\安e赔\\__APP__/pages/UploadImg/UploadImg.js"},"to":{"name":"o.showToast","loc":{"line":347,"column":72},"id":103351,"file":"D:\\WORK\\2022\\论文相关\\TOSEM\\MiniApp-review\\flow-baseline\\datasetPopular\\安e赔\\__APP__/pages/UploadImg/UploadImg.js"}}]},{"leftVar":[{"id":103513,"declaredName":"a","declaredLoc":{"line":367,"column":12},"file":"/pages/UploadImg/UploadImg.js","type":"normal"}],"readFlow":[{"type":"assign to","from":{"name":"this","loc":{"line":367,"column":16},"id":103514,"file":"D:\\WORK\\2022\\论文相关\\TOSEM\\MiniApp-review\\flow-baseline\\datasetPopular\\安e赔\\__APP__/pages/UploadImg/UploadImg.js"},"to":{"name":"a","loc":{"line":367,"column":12},"id":103513,"file":"D:\\WORK\\2022\\论文相关\\TOSEM\\MiniApp-review\\flow-baseline\\datasetPopular\\安e赔\\__APP__/pages/UploadImg/UploadImg.js"}},{"type":"read","from":{"name":"a","loc":{"line":367,"column":12},"id":103513,"file":"D:\\WORK\\2022\\论文相关\\TOSEM\\MiniApp-review\\flow-baseline\\datasetPopular\\安e赔\\__APP__/pages/UploadImg/UploadImg.js"},"to":{"name":"a","loc":{"line":398,"column":126},"id":103769,"file":"D:\\WORK\\2022\\论文相关\\TOSEM\\MiniApp-review\\flow-baseline\\datasetPopular\\安e赔\\__APP__/pages/UploadImg/UploadImg.js"}},{"type":"to callee","from":{"name":"a","loc":{"line":398,"column":126},"id":103769,"file":"D:\\WORK\\2022\\论文相关\\TOSEM\\MiniApp-review\\flow-baseline\\datasetPopular\\安e赔\\__APP__/pages/UploadImg/UploadImg.js"},"to":{"name":"o.showToast","loc":{"line":398,"column":114},"id":103766,"file":"D:\\WORK\\2022\\论文相关\\TOSEM\\MiniApp-review\\flow-baseline\\datasetPopular\\安e赔\\__APP__/pages/UploadImg/UploadImg.js"}}]}]}],"writeShadows":[{"shadowVar":{"id":-2293,"declaredName":"__object__158.setData","file":"/pages/UploadImg/UploadImg.js","type":"normal"},"writeAccess":[]}]}]}]}