[{"id": 0, "type": "[document]", "string": null, "attribute": {}, "referenceVariable": [], "referenceFunction": [], "style": [], "inheritClass": null, "wxss": [], "page": null, "path": "D:\\WORK\\2021\\MPDF\\baseline\\ui\\报名工具助手\\payErr.wxml", "child": [1, 6], "parent": null, "matchString": [{"type": "relation", "string": "啊，提现失败"}, {"type": "relation", "string": "请别慌~"}, {"type": "relation", "string": "您可以通过以下方式进行客服人工提现"}, {"type": "relation", "string": "\n      第1步：请留下你的微信号及手机号码\n    "}, {"type": "relation", "string": "请输入微信号"}, {"type": "relation", "string": "请输入手机号码"}, {"type": "relation", "string": "提交"}, {"type": "relation", "string": "第2步："}, {"type": "relation", "string": "添加客服QQ："}, {"type": "relation", "string": "QQ:3439055941"}, {"type": "relation", "string": "QQ:308088483"}, {"type": "relation", "string": "发送备注信息：报名提现申请"}]}, {"id": 1, "type": "view", "string": null, "attribute": {"class": ["title"]}, "referenceVariable": [], "referenceFunction": [], "style": [], "inheritClass": null, "wxss": [], "page": null, "path": "D:\\WORK\\2021\\MPDF\\baseline\\ui\\报名工具助手\\payErr.wxml", "child": [2, 3, 4, 5], "parent": 0, "matchString": [{"type": "relation", "string": "啊，提现失败"}, {"type": "relation", "string": "请别慌~"}, {"type": "relation", "string": "您可以通过以下方式进行客服人工提现"}]}, {"id": 2, "type": "image", "string": null, "attribute": {"class": ["warm"], "src": "../img/!.png"}, "referenceVariable": [], "referenceFunction": [], "style": [], "inheritClass": null, "wxss": [], "page": null, "path": "D:\\WORK\\2021\\MPDF\\baseline\\ui\\报名工具助手\\payErr.wxml", "child": [], "parent": 1, "matchString": [{"type": "relation", "string": "发送备注信息：报名提现申请"}]}, {"id": 3, "type": "view", "string": "啊，提现失败", "attribute": {}, "referenceVariable": [], "referenceFunction": [], "style": [], "inheritClass": null, "wxss": [], "page": null, "path": "D:\\WORK\\2021\\MPDF\\baseline\\ui\\报名工具助手\\payErr.wxml", "child": [], "parent": 1, "matchString": [{"type": "self", "string": "啊，提现失败"}, {"type": "relation", "string": "啊，提现失败"}]}, {"id": 4, "type": "view", "string": "请别慌~", "attribute": {}, "referenceVariable": [], "referenceFunction": [], "style": [], "inheritClass": null, "wxss": [], "page": null, "path": "D:\\WORK\\2021\\MPDF\\baseline\\ui\\报名工具助手\\payErr.wxml", "child": [], "parent": 1, "matchString": [{"type": "self", "string": "请别慌~"}, {"type": "relation", "string": "请别慌~"}]}, {"id": 5, "type": "view", "string": "您可以通过以下方式进行客服人工提现", "attribute": {}, "referenceVariable": [], "referenceFunction": [], "style": [], "inheritClass": null, "wxss": [], "page": null, "path": "D:\\WORK\\2021\\MPDF\\baseline\\ui\\报名工具助手\\payErr.wxml", "child": [], "parent": 1, "matchString": [{"type": "self", "string": "您可以通过以下方式进行客服人工提现"}, {"type": "relation", "string": "您可以通过以下方式进行客服人工提现"}]}, {"id": 6, "type": "view", "string": null, "attribute": {"class": ["box_wrapper"]}, "referenceVariable": [], "referenceFunction": [], "style": [], "inheritClass": null, "wxss": [], "page": null, "path": "D:\\WORK\\2021\\MPDF\\baseline\\ui\\报名工具助手\\payErr.wxml", "child": [7, 8, 9, 10, 11], "parent": 0, "matchString": [{"type": "relation", "string": "\n      第1步：请留下你的微信号及手机号码\n    "}, {"type": "relation", "string": "请输入微信号"}, {"type": "relation", "string": "请输入手机号码"}, {"type": "relation", "string": "提交"}, {"type": "relation", "string": "第2步："}, {"type": "relation", "string": "添加客服QQ："}, {"type": "relation", "string": "QQ:3439055941"}, {"type": "relation", "string": "QQ:308088483"}, {"type": "relation", "string": "发送备注信息：报名提现申请"}]}, {"id": 7, "type": "view", "string": "\n      第1步：请留下你的微信号及手机号码\n    ", "attribute": {"class": ["tip"]}, "referenceVariable": [], "referenceFunction": [], "style": [], "inheritClass": null, "wxss": [], "page": null, "path": "D:\\WORK\\2021\\MPDF\\baseline\\ui\\报名工具助手\\payErr.wxml", "child": [], "parent": 6, "matchString": [{"type": "self", "string": "\n      第1步：请留下你的微信号及手机号码\n    "}, {"type": "relation", "string": "\n      第1步：请留下你的微信号及手机号码\n    "}]}, {"id": 8, "type": "input", "string": null, "attribute": {"bindinput": "bindKeyInput", "class": ["weui-input"], "data-wpybindkeyinput-a": "wx", "placeholder": "请输入微信号", "value": "{{wx}}"}, "referenceVariable": ["wx"], "referenceFunction": ["bindKeyInput", "wx"], "style": [], "inheritClass": null, "wxss": [], "page": null, "path": "D:\\WORK\\2021\\MPDF\\baseline\\ui\\报名工具助手\\payErr.wxml", "child": [], "parent": 6, "matchString": [{"type": "attr", "string": "请输入微信号"}, {"type": "relation", "string": "请输入微信号"}]}, {"id": 9, "type": "input", "string": null, "attribute": {"bindinput": "bindKeyInput", "class": ["weui-input"], "data-wpybindkeyinput-a": "tel", "placeholder": "请输入手机号码", "value": "{{tel}}"}, "referenceVariable": ["tel"], "referenceFunction": ["bindKeyInput", "tel"], "style": [], "inheritClass": null, "wxss": [], "page": null, "path": "D:\\WORK\\2021\\MPDF\\baseline\\ui\\报名工具助手\\payErr.wxml", "child": [], "parent": 6, "matchString": [{"type": "attr", "string": "请输入手机号码"}, {"type": "relation", "string": "请输入手机号码"}]}, {"id": 10, "type": "button", "string": "提交", "attribute": {"bindtap": "handleSubmit", "class": ["weui-btn"]}, "referenceVariable": [], "referenceFunction": ["handleSubmit"], "style": [], "inheritClass": null, "wxss": [], "page": null, "path": "D:\\WORK\\2021\\MPDF\\baseline\\ui\\报名工具助手\\payErr.wxml", "child": [], "parent": 6, "matchString": [{"type": "self", "string": "提交"}, {"type": "relation", "string": "提交"}]}, {"id": 11, "type": "view", "string": null, "attribute": {"class": ["tip"]}, "referenceVariable": [], "referenceFunction": [], "style": [], "inheritClass": null, "wxss": [], "page": null, "path": "D:\\WORK\\2021\\MPDF\\baseline\\ui\\报名工具助手\\payErr.wxml", "child": [12, 13, 14, 15, 16], "parent": 6, "matchString": [{"type": "relation", "string": "第2步："}, {"type": "relation", "string": "添加客服QQ："}, {"type": "relation", "string": "QQ:3439055941"}, {"type": "relation", "string": "QQ:308088483"}, {"type": "relation", "string": "发送备注信息：报名提现申请"}]}, {"id": 12, "type": "view", "string": "第2步：", "attribute": {}, "referenceVariable": [], "referenceFunction": [], "style": [], "inheritClass": null, "wxss": [], "page": null, "path": "D:\\WORK\\2021\\MPDF\\baseline\\ui\\报名工具助手\\payErr.wxml", "child": [], "parent": 11, "matchString": [{"type": "self", "string": "第2步："}]}, {"id": 13, "type": "view", "string": "添加客服QQ：", "attribute": {}, "referenceVariable": [], "referenceFunction": [], "style": [], "inheritClass": null, "wxss": [], "page": null, "path": "D:\\WORK\\2021\\MPDF\\baseline\\ui\\报名工具助手\\payErr.wxml", "child": [], "parent": 11, "matchString": [{"type": "self", "string": "添加客服QQ："}]}, {"id": 14, "type": "view", "string": "QQ:3439055941", "attribute": {}, "referenceVariable": [], "referenceFunction": [], "style": [], "inheritClass": null, "wxss": [], "page": null, "path": "D:\\WORK\\2021\\MPDF\\baseline\\ui\\报名工具助手\\payErr.wxml", "child": [], "parent": 11, "matchString": [{"type": "self", "string": "QQ:3439055941"}]}, {"id": 15, "type": "view", "string": "QQ:308088483", "attribute": {}, "referenceVariable": [], "referenceFunction": [], "style": [], "inheritClass": null, "wxss": [], "page": null, "path": "D:\\WORK\\2021\\MPDF\\baseline\\ui\\报名工具助手\\payErr.wxml", "child": [], "parent": 11, "matchString": [{"type": "self", "string": "QQ:308088483"}]}, {"id": 16, "type": "view", "string": "发送备注信息：报名提现申请", "attribute": {}, "referenceVariable": [], "referenceFunction": [], "style": [], "inheritClass": null, "wxss": [], "page": null, "path": "D:\\WORK\\2021\\MPDF\\baseline\\ui\\报名工具助手\\payErr.wxml", "child": [], "parent": 11, "matchString": [{"type": "self", "string": "发送备注信息：报名提现申请"}]}]