[{"id": 0, "type": "[document]", "string": null, "attribute": {}, "referenceVariable": [], "referenceFunction": [], "style": [], "inheritClass": null, "wxss": [], "page": null, "path": "D:\\WORK\\2021\\MPDF\\baseline\\ui\\多多云APP\\main.wxml", "child": [1, 2], "parent": null, "matchString": [{"type": "relation", "string": "7c7b682e"}, {"type": "relation", "string": "{{...$root['0'],$root:$root}}"}]}, {"id": 1, "type": "import", "string": null, "attribute": {"src": "/pages/find-password/index.vue.wxml"}, "referenceVariable": [], "referenceFunction": [], "style": [], "inheritClass": null, "wxss": [], "page": null, "path": "D:\\WORK\\2021\\MPDF\\baseline\\ui\\多多云APP\\main.wxml", "child": [], "parent": 0, "matchString": []}, {"id": 2, "type": "template", "string": null, "attribute": {"is": "7c7b682e", "data": "{{...$root['0'],$root:$root}}"}, "referenceVariable": ["...$root['0'],$root:$root"], "referenceFunction": [], "style": [], "inheritClass": null, "wxss": [], "page": null, "path": "D:\\WORK\\2021\\MPDF\\baseline\\ui\\多多云APP\\main.wxml", "child": [], "parent": 0, "matchString": [{"type": "attr", "string": "7c7b682e"}, {"type": "attr", "string": "{{...$root['0'],$root:$root}}"}]}]