[{"id": 0, "type": "[document]", "string": null, "attribute": {}, "referenceVariable": [], "referenceFunction": [], "style": [], "inheritClass": null, "wxss": [], "page": null, "path": "D:\\WORK\\2021\\MPDF\\baseline\\ui\\叮嗒出行DIIING\\login.wxml", "child": [1], "parent": null, "matchString": [{"type": "relation", "string": "登录"}, {"type": "relation", "string": "输入手机号"}, {"type": "relation", "string": "输入验证码"}, {"type": "relation", "string": "{{message}} "}, {"type": "relation", "string": "{{loading}}"}, {"type": "relation", "string": "{{plain}}"}, {"type": "relation", "string": "login"}, {"type": "relation", "string": "《租车服务条款》"}, {"type": "relation", "string": "法律条款与隐私政策"}, {"type": "relation", "string": "您在使用叮嗒出行产品或服务前，请认真阅读并充分理解相关法律条款、平台规则及用户隐私。当您点击接受，并开始使用产品或服务，即表示您已经理解并同意该条款，该条款将构成对您具有法律约束力的法律文件。"}, {"type": "relation", "string": "用户隐私政策主要包括以下内容："}, {"type": "relation", "string": "1.个人信息（手机号、姓名、身份证明、位置等）"}, {"type": "relation", "string": "2.设备权限（位置、通讯录、相机等）的调用"}, {"type": "relation", "string": "点击查看全部协议"}, {"type": "relation", "string": "不接受"}, {"type": "relation", "string": "refuseProtocal"}, {"type": "relation", "string": "接受"}, {"type": "relation", "string": "agreeProtocal"}]}, {"id": 1, "type": "view", "string": null, "attribute": {"class": ["container", "loginbox"]}, "referenceVariable": [], "referenceFunction": [], "style": [], "inheritClass": null, "wxss": [], "page": null, "path": "D:\\WORK\\2021\\MPDF\\baseline\\ui\\叮嗒出行DIIING\\login.wxml", "child": [2, 3, 4, 5, 18, 19], "parent": 0, "matchString": [{"type": "relation", "string": "登录"}, {"type": "relation", "string": "输入手机号"}, {"type": "relation", "string": "输入验证码"}, {"type": "relation", "string": "{{message}} "}, {"type": "relation", "string": "{{loading}}"}, {"type": "relation", "string": "{{plain}}"}, {"type": "relation", "string": "login"}, {"type": "relation", "string": "《租车服务条款》"}, {"type": "relation", "string": "法律条款与隐私政策"}, {"type": "relation", "string": "您在使用叮嗒出行产品或服务前，请认真阅读并充分理解相关法律条款、平台规则及用户隐私。当您点击接受，并开始使用产品或服务，即表示您已经理解并同意该条款，该条款将构成对您具有法律约束力的法律文件。"}, {"type": "relation", "string": "用户隐私政策主要包括以下内容："}, {"type": "relation", "string": "1.个人信息（手机号、姓名、身份证明、位置等）"}, {"type": "relation", "string": "2.设备权限（位置、通讯录、相机等）的调用"}, {"type": "relation", "string": "点击查看全部协议"}, {"type": "relation", "string": "不接受"}, {"type": "relation", "string": "refuseProtocal"}, {"type": "relation", "string": "接受"}, {"type": "relation", "string": "agreeProtocal"}]}, {"id": 2, "type": "image", "string": null, "attribute": {"class": ["login-top-bg"], "src": "../../img/bg_top.png"}, "referenceVariable": [], "referenceFunction": [], "style": [], "inheritClass": null, "wxss": [], "page": null, "path": "D:\\WORK\\2021\\MPDF\\baseline\\ui\\叮嗒出行DIIING\\login.wxml", "child": [], "parent": 1, "matchString": [{"type": "relation", "string": "agreeProtocal"}]}, {"id": 3, "type": "image", "string": null, "attribute": {"class": ["login-bg-foot"], "src": "../../img/bg_foter.png"}, "referenceVariable": [], "referenceFunction": [], "style": [], "inheritClass": null, "wxss": [], "page": null, "path": "D:\\WORK\\2021\\MPDF\\baseline\\ui\\叮嗒出行DIIING\\login.wxml", "child": [], "parent": 1, "matchString": [{"type": "relation", "string": "agreeProtocal"}]}, {"id": 4, "type": "view", "string": "登录", "attribute": {"class": ["login-text"]}, "referenceVariable": [], "referenceFunction": [], "style": [], "inheritClass": null, "wxss": [], "page": null, "path": "D:\\WORK\\2021\\MPDF\\baseline\\ui\\叮嗒出行DIIING\\login.wxml", "child": [], "parent": 1, "matchString": [{"type": "self", "string": "登录"}, {"type": "relation", "string": "登录"}]}, {"id": 5, "type": "view", "string": null, "attribute": {"class": ["bigcenter"]}, "referenceVariable": [], "referenceFunction": [], "style": [], "inheritClass": null, "wxss": [], "page": null, "path": "D:\\WORK\\2021\\MPDF\\baseline\\ui\\叮嗒出行DIIING\\login.wxml", "child": [6, 9, 14, 16], "parent": 1, "matchString": [{"type": "relation", "string": "输入手机号"}, {"type": "relation", "string": "输入验证码"}, {"type": "relation", "string": "{{message}} "}, {"type": "relation", "string": "{{loading}}"}, {"type": "relation", "string": "{{plain}}"}, {"type": "relation", "string": "登录"}, {"type": "relation", "string": "login"}, {"type": "relation", "string": "《租车服务条款》"}]}, {"id": 6, "type": "view", "string": null, "attribute": {"class": ["line-input"]}, "referenceVariable": [], "referenceFunction": [], "style": [], "inheritClass": null, "wxss": [], "page": null, "path": "D:\\WORK\\2021\\MPDF\\baseline\\ui\\叮嗒出行DIIING\\login.wxml", "child": [7], "parent": 5, "matchString": [{"type": "relation", "string": "输入手机号"}]}, {"id": 7, "type": "view", "string": null, "attribute": {"class": ["section", "first-line"]}, "referenceVariable": [], "referenceFunction": [], "style": [], "inheritClass": null, "wxss": [], "page": null, "path": "D:\\WORK\\2021\\MPDF\\baseline\\ui\\叮嗒出行DIIING\\login.wxml", "child": [8], "parent": 6, "matchString": [{"type": "relation", "string": "输入手机号"}]}, {"id": 8, "type": "input", "string": null, "attribute": {"bindinput": "getPhone", "class": ["telephone"], "maxlength": "11", "placeholder": "输入手机号", "type": "text", "value": "{{phone}}"}, "referenceVariable": ["phone"], "referenceFunction": ["getPhone"], "style": [], "inheritClass": null, "wxss": [], "page": null, "path": "D:\\WORK\\2021\\MPDF\\baseline\\ui\\叮嗒出行DIIING\\login.wxml", "child": [], "parent": 7, "matchString": [{"type": "attr", "string": "输入手机号"}]}, {"id": 9, "type": "view", "string": null, "attribute": {"class": ["line-input"]}, "referenceVariable": [], "referenceFunction": [], "style": [], "inheritClass": null, "wxss": [], "page": null, "path": "D:\\WORK\\2021\\MPDF\\baseline\\ui\\叮嗒出行DIIING\\login.wxml", "child": [10], "parent": 5, "matchString": [{"type": "relation", "string": "输入验证码"}, {"type": "relation", "string": "{{message}} "}, {"type": "relation", "string": "{{loading}}"}, {"type": "relation", "string": "{{plain}}"}]}, {"id": 10, "type": "view", "string": null, "attribute": {"class": ["section", "first-line"]}, "referenceVariable": [], "referenceFunction": [], "style": [], "inheritClass": null, "wxss": [], "page": null, "path": "D:\\WORK\\2021\\MPDF\\baseline\\ui\\叮嗒出行DIIING\\login.wxml", "child": [11, 12], "parent": 9, "matchString": [{"type": "relation", "string": "输入验证码"}, {"type": "relation", "string": "{{message}} "}, {"type": "relation", "string": "{{loading}}"}, {"type": "relation", "string": "{{plain}}"}]}, {"id": 11, "type": "input", "string": null, "attribute": {"bindinput": "checkcode", "maxlength": "6", "placeholder": "输入验证码", "type": "number", "value": "{{code}}"}, "referenceVariable": ["code"], "referenceFunction": ["checkcode"], "style": [], "inheritClass": null, "wxss": [], "page": null, "path": "D:\\WORK\\2021\\MPDF\\baseline\\ui\\叮嗒出行DIIING\\login.wxml", "child": [], "parent": 10, "matchString": [{"type": "attr", "string": "输入验证码"}]}, {"id": 12, "type": "view", "string": null, "attribute": {"class": ["getCode"]}, "referenceVariable": [], "referenceFunction": [], "style": [], "inheritClass": null, "wxss": [], "page": null, "path": "D:\\WORK\\2021\\MPDF\\baseline\\ui\\叮嗒出行DIIING\\login.wxml", "child": [13], "parent": 10, "matchString": [{"type": "relation", "string": "{{message}} "}, {"type": "relation", "string": "{{loading}}"}, {"type": "relation", "string": "{{plain}}"}]}, {"id": 13, "type": "button", "string": "{{message}} ", "attribute": {"bindtap": "getcheckcode", "disabled": "{{disabled}}", "loading": "{{loading}}", "plain": "{{plain}}", "style": "{{textcolor}}"}, "referenceVariable": ["disabled", "loading", "plain", "textcolor"], "referenceFunction": ["getcheckcode"], "style": [], "inheritClass": null, "wxss": [], "page": null, "path": "D:\\WORK\\2021\\MPDF\\baseline\\ui\\叮嗒出行DIIING\\login.wxml", "child": [], "parent": 12, "matchString": [{"type": "self", "string": "{{message}} "}, {"type": "attr", "string": "{{loading}}"}, {"type": "attr", "string": "{{plain}}"}]}, {"id": 14, "type": "view", "string": null, "attribute": {"class": ["goto"]}, "referenceVariable": [], "referenceFunction": [], "style": [], "inheritClass": null, "wxss": [], "page": null, "path": "D:\\WORK\\2021\\MPDF\\baseline\\ui\\叮嗒出行DIIING\\login.wxml", "child": [15], "parent": 5, "matchString": [{"type": "relation", "string": "登录"}, {"type": "relation", "string": "login"}]}, {"id": 15, "type": "button", "string": "登录", "attribute": {"bindtap": "loadin", "class": ["loginbtn"], "id": "login", "style": "background: {{phone!=''&code!=''?'#7966FE':'#D9D8D8'}}"}, "referenceVariable": ["phone!=''&code!=''?'#7966FE':'#D9D8D8'"], "referenceFunction": ["loadin"], "style": [], "inheritClass": null, "wxss": [], "page": null, "path": "D:\\WORK\\2021\\MPDF\\baseline\\ui\\叮嗒出行DIIING\\login.wxml", "child": [], "parent": 14, "matchString": [{"type": "self", "string": "登录"}, {"type": "attr", "string": "login"}]}, {"id": 16, "type": "view", "string": null, "attribute": {"bindtap": "goUserProtocol", "class": ["agree"]}, "referenceVariable": [], "referenceFunction": ["goUserProtocol"], "style": [], "inheritClass": null, "wxss": [], "page": null, "path": "D:\\WORK\\2021\\MPDF\\baseline\\ui\\叮嗒出行DIIING\\login.wxml", "child": [17], "parent": 5, "matchString": [{"type": "relation", "string": "《租车服务条款》"}]}, {"id": 17, "type": "text", "string": "《租车服务条款》", "attribute": {}, "referenceVariable": [], "referenceFunction": [], "style": [], "inheritClass": null, "wxss": [], "page": null, "path": "D:\\WORK\\2021\\MPDF\\baseline\\ui\\叮嗒出行DIIING\\login.wxml", "child": [], "parent": 16, "matchString": [{"type": "self", "string": "《租车服务条款》"}]}, {"id": 18, "type": "view", "string": null, "attribute": {"class": ["mask"], "wx:if": "{{showProtocal}}"}, "referenceVariable": ["showProtocal"], "referenceFunction": [], "style": [], "inheritClass": null, "wxss": [], "page": null, "path": "D:\\WORK\\2021\\MPDF\\baseline\\ui\\叮嗒出行DIIING\\login.wxml", "child": [], "parent": 1, "matchString": [{"type": "relation", "string": "《租车服务条款》"}]}, {"id": 19, "type": "view", "string": null, "attribute": {"class": ["reg-box"], "wx:if": "{{showProtocal}}"}, "referenceVariable": ["showProtocal"], "referenceFunction": [], "style": [], "inheritClass": null, "wxss": [], "page": null, "path": "D:\\WORK\\2021\\MPDF\\baseline\\ui\\叮嗒出行DIIING\\login.wxml", "child": [20, 21, 27, 28], "parent": 1, "matchString": [{"type": "relation", "string": "法律条款与隐私政策"}, {"type": "relation", "string": "您在使用叮嗒出行产品或服务前，请认真阅读并充分理解相关法律条款、平台规则及用户隐私。当您点击接受，并开始使用产品或服务，即表示您已经理解并同意该条款，该条款将构成对您具有法律约束力的法律文件。"}, {"type": "relation", "string": "用户隐私政策主要包括以下内容："}, {"type": "relation", "string": "1.个人信息（手机号、姓名、身份证明、位置等）"}, {"type": "relation", "string": "2.设备权限（位置、通讯录、相机等）的调用"}, {"type": "relation", "string": "点击查看全部协议"}, {"type": "relation", "string": "不接受"}, {"type": "relation", "string": "refuseProtocal"}, {"type": "relation", "string": "接受"}, {"type": "relation", "string": "agreeProtocal"}]}, {"id": 20, "type": "view", "string": "法律条款与隐私政策", "attribute": {"class": ["reg-box-title"]}, "referenceVariable": [], "referenceFunction": [], "style": [], "inheritClass": null, "wxss": [], "page": null, "path": "D:\\WORK\\2021\\MPDF\\baseline\\ui\\叮嗒出行DIIING\\login.wxml", "child": [], "parent": 19, "matchString": [{"type": "self", "string": "法律条款与隐私政策"}]}, {"id": 21, "type": "view", "string": null, "attribute": {"class": ["reg-box-body"]}, "referenceVariable": [], "referenceFunction": [], "style": [], "inheritClass": null, "wxss": [], "page": null, "path": "D:\\WORK\\2021\\MPDF\\baseline\\ui\\叮嗒出行DIIING\\login.wxml", "child": [22, 23, 24, 25, 26], "parent": 19, "matchString": [{"type": "relation", "string": "法律条款与隐私政策"}, {"type": "relation", "string": "您在使用叮嗒出行产品或服务前，请认真阅读并充分理解相关法律条款、平台规则及用户隐私。当您点击接受，并开始使用产品或服务，即表示您已经理解并同意该条款，该条款将构成对您具有法律约束力的法律文件。"}, {"type": "relation", "string": "用户隐私政策主要包括以下内容："}, {"type": "relation", "string": "1.个人信息（手机号、姓名、身份证明、位置等）"}, {"type": "relation", "string": "2.设备权限（位置、通讯录、相机等）的调用"}]}, {"id": 22, "type": "view", "string": "法律条款与隐私政策", "attribute": {}, "referenceVariable": [], "referenceFunction": [], "style": [], "inheritClass": null, "wxss": [], "page": null, "path": "D:\\WORK\\2021\\MPDF\\baseline\\ui\\叮嗒出行DIIING\\login.wxml", "child": [], "parent": 21, "matchString": [{"type": "self", "string": "法律条款与隐私政策"}]}, {"id": 23, "type": "view", "string": "您在使用叮嗒出行产品或服务前，请认真阅读并充分理解相关法律条款、平台规则及用户隐私。当您点击接受，并开始使用产品或服务，即表示您已经理解并同意该条款，该条款将构成对您具有法律约束力的法律文件。", "attribute": {}, "referenceVariable": [], "referenceFunction": [], "style": [], "inheritClass": null, "wxss": [], "page": null, "path": "D:\\WORK\\2021\\MPDF\\baseline\\ui\\叮嗒出行DIIING\\login.wxml", "child": [], "parent": 21, "matchString": [{"type": "self", "string": "您在使用叮嗒出行产品或服务前，请认真阅读并充分理解相关法律条款、平台规则及用户隐私。当您点击接受，并开始使用产品或服务，即表示您已经理解并同意该条款，该条款将构成对您具有法律约束力的法律文件。"}]}, {"id": 24, "type": "view", "string": "用户隐私政策主要包括以下内容：", "attribute": {}, "referenceVariable": [], "referenceFunction": [], "style": [], "inheritClass": null, "wxss": [], "page": null, "path": "D:\\WORK\\2021\\MPDF\\baseline\\ui\\叮嗒出行DIIING\\login.wxml", "child": [], "parent": 21, "matchString": [{"type": "self", "string": "用户隐私政策主要包括以下内容："}]}, {"id": 25, "type": "view", "string": "1.个人信息（手机号、姓名、身份证明、位置等）", "attribute": {}, "referenceVariable": [], "referenceFunction": [], "style": [], "inheritClass": null, "wxss": [], "page": null, "path": "D:\\WORK\\2021\\MPDF\\baseline\\ui\\叮嗒出行DIIING\\login.wxml", "child": [], "parent": 21, "matchString": [{"type": "self", "string": "1.个人信息（手机号、姓名、身份证明、位置等）"}]}, {"id": 26, "type": "view", "string": "2.设备权限（位置、通讯录、相机等）的调用", "attribute": {}, "referenceVariable": [], "referenceFunction": [], "style": [], "inheritClass": null, "wxss": [], "page": null, "path": "D:\\WORK\\2021\\MPDF\\baseline\\ui\\叮嗒出行DIIING\\login.wxml", "child": [], "parent": 21, "matchString": [{"type": "self", "string": "2.设备权限（位置、通讯录、相机等）的调用"}]}, {"id": 27, "type": "view", "string": "点击查看全部协议", "attribute": {"bindtap": "goUserProtocol", "style": "color: #FF8A48;margin-top:80rpx;font-size: 28rpx;text-indent: 50rpx"}, "referenceVariable": [], "referenceFunction": ["goUserProtocol"], "style": [], "inheritClass": null, "wxss": [], "page": null, "path": "D:\\WORK\\2021\\MPDF\\baseline\\ui\\叮嗒出行DIIING\\login.wxml", "child": [], "parent": 19, "matchString": [{"type": "self", "string": "点击查看全部协议"}]}, {"id": 28, "type": "view", "string": null, "attribute": {"class": ["reg-box-btns"]}, "referenceVariable": [], "referenceFunction": [], "style": [], "inheritClass": null, "wxss": [], "page": null, "path": "D:\\WORK\\2021\\MPDF\\baseline\\ui\\叮嗒出行DIIING\\login.wxml", "child": [29, 30], "parent": 19, "matchString": [{"type": "relation", "string": "不接受"}, {"type": "relation", "string": "refuseProtocal"}, {"type": "relation", "string": "接受"}, {"type": "relation", "string": "agreeProtocal"}]}, {"id": 29, "type": "view", "string": "不接受", "attribute": {"bindtap": "disagree", "id": "refuseProtocal"}, "referenceVariable": [], "referenceFunction": ["disagree"], "style": [], "inheritClass": null, "wxss": [], "page": null, "path": "D:\\WORK\\2021\\MPDF\\baseline\\ui\\叮嗒出行DIIING\\login.wxml", "child": [], "parent": 28, "matchString": [{"type": "self", "string": "不接受"}, {"type": "attr", "string": "refuseProtocal"}]}, {"id": 30, "type": "view", "string": "接受", "attribute": {"bindtap": "agree", "id": "agreeProtocal", "style": "color: #6F70DA;border-left: 2rpx solid rgba(233,233,233,1)"}, "referenceVariable": [], "referenceFunction": ["agree"], "style": [], "inheritClass": null, "wxss": [], "page": null, "path": "D:\\WORK\\2021\\MPDF\\baseline\\ui\\叮嗒出行DIIING\\login.wxml", "child": [], "parent": 28, "matchString": [{"type": "self", "string": "接受"}, {"type": "attr", "string": "agreeProtocal"}]}]