{
    "navigationBarTitleText": "修改密码",
    "usingComponents": {
        "i-modal": "../../../dist/modal/index",
        "i-button": "../../../dist/button/index",
        "i-message": "../../../dist/message/index",
        "i-input": "../../../dist/input/index",
        "i-panel": "../../../dist/panel/index",
        "i-row": "../../../dist/row/index",
        "i-col": "../../../dist/col/index",
        "wux-toast": "/dist/wux/toast/index",
        "wux-dialog": "/dist/wux/dialog/index"
    }
}