[{"id": 0, "type": "[document]", "string": null, "attribute": {}, "referenceVariable": [], "referenceFunction": [], "style": [], "inheritClass": null, "wxss": [], "page": null, "path": "D:\\WORK\\2021\\MPDF\\baseline\\ui\\袋鼠校园\\base-info.wxml", "child": [1], "parent": null, "matchString": [{"type": "relation", "string": "height"}, {"type": "relation", "string": "{{heightList}}"}, {"type": "relation", "string": "身高"}, {"type": "relation", "string": "{{heightList[height]}}cm"}, {"type": "relation", "string": "weight"}, {"type": "relation", "string": "{{weightList}}"}, {"type": "relation", "string": "体重"}, {"type": "relation", "string": "{{weightList[weight]}}kg"}, {"type": "relation", "string": "确 定"}]}, {"id": 1, "type": "view", "string": null, "attribute": {"class": ["page"]}, "referenceVariable": [], "referenceFunction": [], "style": [], "inheritClass": null, "wxss": [], "page": null, "path": "D:\\WORK\\2021\\MPDF\\baseline\\ui\\袋鼠校园\\base-info.wxml", "child": [2, 15], "parent": 0, "matchString": [{"type": "relation", "string": "height"}, {"type": "relation", "string": "{{heightList}}"}, {"type": "relation", "string": "身高"}, {"type": "relation", "string": "{{heightList[height]}}cm"}, {"type": "relation", "string": "weight"}, {"type": "relation", "string": "{{weightList}}"}, {"type": "relation", "string": "体重"}, {"type": "relation", "string": "{{weightList[weight]}}kg"}, {"type": "relation", "string": "确 定"}]}, {"id": 2, "type": "view", "string": null, "attribute": {"class": ["cell-list-wrap"]}, "referenceVariable": [], "referenceFunction": [], "style": [], "inheritClass": null, "wxss": [], "page": null, "path": "D:\\WORK\\2021\\MPDF\\baseline\\ui\\袋鼠校园\\base-info.wxml", "child": [3, 9], "parent": 1, "matchString": [{"type": "relation", "string": "height"}, {"type": "relation", "string": "{{heightList}}"}, {"type": "relation", "string": "身高"}, {"type": "relation", "string": "{{heightList[height]}}cm"}, {"type": "relation", "string": "weight"}, {"type": "relation", "string": "{{weightList}}"}, {"type": "relation", "string": "体重"}, {"type": "relation", "string": "{{weightList[weight]}}kg"}]}, {"id": 3, "type": "picker", "string": null, "attribute": {"bindchange": "changePicker", "class": ["cell"], "data-key": "height", "range": "{{heightList}}", "value": "{{height}}"}, "referenceVariable": ["heightList", "height"], "referenceFunction": ["changePicker"], "style": [], "inheritClass": null, "wxss": [], "page": null, "path": "D:\\WORK\\2021\\MPDF\\baseline\\ui\\袋鼠校园\\base-info.wxml", "child": [4], "parent": 2, "matchString": [{"type": "attr", "string": "height"}, {"type": "attr", "string": "{{heightList}}"}, {"type": "relation", "string": "身高"}, {"type": "relation", "string": "{{heightList[height]}}cm"}]}, {"id": 4, "type": "view", "string": null, "attribute": {"class": ["cell-wrap"]}, "referenceVariable": [], "referenceFunction": [], "style": [], "inheritClass": null, "wxss": [], "page": null, "path": "D:\\WORK\\2021\\MPDF\\baseline\\ui\\袋鼠校园\\base-info.wxml", "child": [5, 8], "parent": 3, "matchString": [{"type": "relation", "string": "身高"}, {"type": "relation", "string": "{{heightList[height]}}cm"}]}, {"id": 5, "type": "view", "string": null, "attribute": {"class": ["title-wrap"]}, "referenceVariable": [], "referenceFunction": [], "style": [], "inheritClass": null, "wxss": [], "page": null, "path": "D:\\WORK\\2021\\MPDF\\baseline\\ui\\袋鼠校园\\base-info.wxml", "child": [6, 7], "parent": 4, "matchString": [{"type": "relation", "string": "身高"}]}, {"id": 6, "type": "image", "string": null, "attribute": {"class": ["icon"], "mode": "widthFix", "src": "/pages/assets/icon/icon-height.png"}, "referenceVariable": [], "referenceFunction": [], "style": [], "inheritClass": null, "wxss": [], "page": null, "path": "D:\\WORK\\2021\\MPDF\\baseline\\ui\\袋鼠校园\\base-info.wxml", "child": [], "parent": 5, "matchString": []}, {"id": 7, "type": "text", "string": "身高", "attribute": {}, "referenceVariable": [], "referenceFunction": [], "style": [], "inheritClass": null, "wxss": [], "page": null, "path": "D:\\WORK\\2021\\MPDF\\baseline\\ui\\袋鼠校园\\base-info.wxml", "child": [], "parent": 5, "matchString": [{"type": "self", "string": "身高"}]}, {"id": 8, "type": "view", "string": "{{heightList[height]}}cm", "attribute": {}, "referenceVariable": [], "referenceFunction": [], "style": [], "inheritClass": null, "wxss": [], "page": null, "path": "D:\\WORK\\2021\\MPDF\\baseline\\ui\\袋鼠校园\\base-info.wxml", "child": [], "parent": 4, "matchString": [{"type": "self", "string": "{{heightList[height]}}cm"}]}, {"id": 9, "type": "picker", "string": null, "attribute": {"bindchange": "changePicker", "class": ["cell"], "data-key": "weight", "range": "{{weightList}}", "value": "{{weight}}"}, "referenceVariable": ["weightList", "weight"], "referenceFunction": ["changePicker"], "style": [], "inheritClass": null, "wxss": [], "page": null, "path": "D:\\WORK\\2021\\MPDF\\baseline\\ui\\袋鼠校园\\base-info.wxml", "child": [10], "parent": 2, "matchString": [{"type": "attr", "string": "weight"}, {"type": "attr", "string": "{{weightList}}"}, {"type": "relation", "string": "体重"}, {"type": "relation", "string": "{{weightList[weight]}}kg"}]}, {"id": 10, "type": "view", "string": null, "attribute": {"class": ["cell-wrap"]}, "referenceVariable": [], "referenceFunction": [], "style": [], "inheritClass": null, "wxss": [], "page": null, "path": "D:\\WORK\\2021\\MPDF\\baseline\\ui\\袋鼠校园\\base-info.wxml", "child": [11, 14], "parent": 9, "matchString": [{"type": "relation", "string": "体重"}, {"type": "relation", "string": "{{weightList[weight]}}kg"}]}, {"id": 11, "type": "view", "string": null, "attribute": {"class": ["title-wrap"]}, "referenceVariable": [], "referenceFunction": [], "style": [], "inheritClass": null, "wxss": [], "page": null, "path": "D:\\WORK\\2021\\MPDF\\baseline\\ui\\袋鼠校园\\base-info.wxml", "child": [12, 13], "parent": 10, "matchString": [{"type": "relation", "string": "体重"}]}, {"id": 12, "type": "image", "string": null, "attribute": {"class": ["icon"], "mode": "widthFix", "src": "/pages/assets/icon/icon-weight.png"}, "referenceVariable": [], "referenceFunction": [], "style": [], "inheritClass": null, "wxss": [], "page": null, "path": "D:\\WORK\\2021\\MPDF\\baseline\\ui\\袋鼠校园\\base-info.wxml", "child": [], "parent": 11, "matchString": []}, {"id": 13, "type": "text", "string": "体重", "attribute": {}, "referenceVariable": [], "referenceFunction": [], "style": [], "inheritClass": null, "wxss": [], "page": null, "path": "D:\\WORK\\2021\\MPDF\\baseline\\ui\\袋鼠校园\\base-info.wxml", "child": [], "parent": 11, "matchString": [{"type": "self", "string": "体重"}]}, {"id": 14, "type": "view", "string": "{{weightList[weight]}}kg", "attribute": {}, "referenceVariable": [], "referenceFunction": [], "style": [], "inheritClass": null, "wxss": [], "page": null, "path": "D:\\WORK\\2021\\MPDF\\baseline\\ui\\袋鼠校园\\base-info.wxml", "child": [], "parent": 10, "matchString": [{"type": "self", "string": "{{weightList[weight]}}kg"}]}, {"id": 15, "type": "view", "string": null, "attribute": {"bindtap": "submit", "class": ["k12-btn"]}, "referenceVariable": [], "referenceFunction": ["submit"], "style": [], "inheritClass": null, "wxss": [], "page": null, "path": "D:\\WORK\\2021\\MPDF\\baseline\\ui\\袋鼠校园\\base-info.wxml", "child": [16, 17], "parent": 1, "matchString": [{"type": "relation", "string": "确 定"}]}, {"id": 16, "type": "view", "string": null, "attribute": {"class": ["btn-loading"], "wx:if": "{{loading}}"}, "referenceVariable": ["loading"], "referenceFunction": [], "style": [], "inheritClass": null, "wxss": [], "page": null, "path": "D:\\WORK\\2021\\MPDF\\baseline\\ui\\袋鼠校园\\base-info.wxml", "child": [], "parent": 15, "matchString": []}, {"id": 17, "type": "text", "string": "确 定", "attribute": {}, "referenceVariable": [], "referenceFunction": [], "style": [], "inheritClass": null, "wxss": [], "page": null, "path": "D:\\WORK\\2021\\MPDF\\baseline\\ui\\袋鼠校园\\base-info.wxml", "child": [], "parent": 15, "matchString": [{"type": "self", "string": "确 定"}]}]