[{"file":"/app.js","source2sink":{"source":["wx.login"],"sink":["console.log","wx.request"],"pairsOfSource2Sink":[{"source":"wx.login","sink":"console.log","visitedContent":["e","e.code","e.code","e.code","e","t","t","code","data","data","t","t.method","t","t","e","e.data","e.data","e.data","e.method.toUpperCase","e.data","e.data","e.data","e.success","e.success","e.fail","e.fail","e.complete","e.complete","e.data","e.data","e.method","e.method","e.method","e.method","e.method","data","data","e","e","method"],"uiString":[]},{"source":"wx.login","sink":"wx.request","visitedContent":["e","e.code","e.code","e.code","e","t","t","code","data","data","t","t.method","t","t","e","e.data","e.data","e.data","e.method.toUpperCase","e.data","e.data","e.data","e.success","e.success","e.fail","e.fail","e.complete","e.complete","e.data","e.data","e.method","e.method","e.method","e.method","e.method","data","data","e","e","method"],"uiString":[]}]}},{"file":"/pages/login.js","source2sink":{"source":["wx.getSetting","wx.login","wx.getUserInfo","wx.openSetting","getUserInfo"],"sink":["console.log","wx.request"],"pairsOfSource2Sink":[{"source":"wx.login","sink":"console.log","visitedContent":["n","n.code","n.code","n.code","n.errMsg","n.errMsg","a","n.errMsg","n.errMsg","t","t","title","a","code","data","data","t","t.method","t","t","e","e.data","e.data","e.data","e.method.toUpperCase","e.data","e.data","e.data","e.success","e.success","e.fail","e.fail","e.complete","e.complete","e.data","e.data","e.method","e.method","e.method","e.method","e.method","data","data","e","e","method"],"uiString":[]},{"source":"wx.login","sink":"wx.request","visitedContent":["n","n.code","n.code","n.code","n.errMsg","n.errMsg","a","n.errMsg","n.errMsg","t","t","title","a","code","data","data","t","t.method","t","t","e","e.data","e.data","e.data","e.method.toUpperCase","e.data","e.data","e.data","e.success","e.success","e.fail","e.fail","e.complete","e.complete","e.data","e.data","e.method","e.method","e.method","e.method","e.method","data","data","e","e","method"],"uiString":[]},{"source":"wx.getUserInfo","sink":"wx.request","visitedContent":["n","n.encryptedData","n.encryptedData","n.iv","encryptedData","iv","data","data","t","t.method","t","t","e","e.data","e.data","e.data","e.method.toUpperCase","e.data","e.data","e.data","e.success","e.success","e.fail","e.fail","e.complete","e.complete","e.data","e.data","e.method","e.method","e.method","e.method","e.method","data","data","e","e","method"],"uiString":[]},{"source":"wx.login","sink":"console.log","visitedContent":["o","o.code","o.code","t.data.loginCode","t.data.loginCode"],"uiString":[]},{"source":"getUserInfo","sink":"wx.request","visitedContent":["t","t.detail.encryptedData","t.detail.encryptedData","t.detail.iv","e","s","e","s","e","e","t","t","encryptedData","encryptedData","r","r","data","data","t","t.method","t","t","e","e.data","e.data","e.data","e.method.toUpperCase","e.data","e.data","e.data","e.success","e.success","e.fail","e.fail","e.complete","e.complete","e.data","e.data","e.method","e.method","e.method","e.method","e.method","data","data","e","e","method","s"],"uiString":[" 授权登录 ","getUserInfo"]}]}},{"file":"/utils/ald-stat.js","source2sink":{"source":["wx.getStorageSync","wx.request","wx.login","wx.getUserInfo","wx.getNetworkType","wx.getSystemInfo","wx.getLocation","wx.getSystemInfoSync"],"sink":["wx.request","wx.setStorageSync"],"pairsOfSource2Sink":[{"source":"wx.getStorageSync","sink":"wx.request","visitedContent":["wx.getStorageSync","wx.getStorageSync","wx.getStorageSync","wx.getStorageSync","wx.getStorageSync","wx.getStorageSync","wx.getStorageSync","wx.getStorageSync","wx.getStorageSync","wx.getStorageSync","wx.getStorageSync","wx.getStorageSync","wx.getStorageSync","a","e","a","c","n","_","a","s","n","n","o","_","_","a","e","a","c","n","_","a","s","n","n","n","o","_","_","a","t.userInfo.uu","c","n","wsdk","wsdk","a","s","s","n","n","n","n","a[1].path","_","t.userInfo.uu","t.userInfo","t.userInfo","t","t.rq_c","t","t","data","l","l","e.aldstat_src","n","n","n","a[1]","chain","chain","n","n","n","o.ct","o","t.userInfo","e.aldstat_src","n","e","e","t","t.aldstat_page_count","t.aldstat_page_count","t.aldstat_page_count","t.aldstat_first_page","t.aldstat_first_page","t.aldstat_last_page","t","t","t","t","t.aldstat_access_token","t.aldstat_access_token","t.aldstat_showoption","t.aldstat_showoption","at","at","t.aldstat_network_type","t.aldstat_network_type","wsr","wsr","o","o","t.aldstat_phone_model","t.aldstat_phone_model","nt","nt","t.aldstat_pixel_ratio","t.aldstat_pixel_ratio","pm","pm","t.aldstat_window_width","t.aldstat_window_width","pr","pr","t.aldstat_window_height","t.aldstat_window_height","ww","ww","t.aldstat_language","t.aldstat_language","wh","wh","t.aldstat_wechat_version","t.aldstat_wechat_version","lang","lang","t.aldstat_lat","t.aldstat_lat","wv","wv","t.aldstat_lng","t.aldstat_lng","lat","lat","t.aldstat_speed","t.aldstat_speed","lng","lng","t.aldstat_page_last_page","spd","spd","t.aldstat_page_last_page","t.aldstat_page_last_page","t.aldstat_location_name","o.lp","t.aldstat_location_name","t.aldstat_location_name","t.aldstat_src","o.ln","t.aldstat_src","t.aldstat_src","t.aldstat_qr","o.sr","t.aldstat_qr","t.aldstat_qr","t.ald_share_src","o.qr","t.ald_share_src","t.ald_share_src","o.usr"],"uiString":[]},{"source":"wx.getStorageSync","sink":"wx.setStorageSync","visitedContent":["wx.getStorageSync","wx.getStorageSync","wx.getStorageSync","wx.getStorageSync","wx.getStorageSync","wx.getStorageSync","wx.getStorageSync","wx.getStorageSync","wx.getStorageSync","wx.getStorageSync","wx.getStorageSync","wx.getStorageSync","wx.getStorageSync","a","e","a","c","n","_","a","s","n","n","o","_","_","a","e","a","c","n","_","a","s","n","n","n","o","_","_","a","t.userInfo.uu","c","n","wsdk","wsdk","a","s","s","n","n","n","n","a[1].path","_","t.userInfo.uu","t.userInfo","t.userInfo","t","t.rq_c","t","t","data","l","l","e.aldstat_src","n","n","n","a[1]","chain","chain","n","n","n","o.ct","o","t.userInfo","e.aldstat_src","n","e","e","t","t.aldstat_page_count","t.aldstat_page_count","t.aldstat_page_count","t.aldstat_first_page","t.aldstat_first_page","t.aldstat_last_page","t","t","t","t","t.aldstat_access_token","t.aldstat_access_token","t.aldstat_showoption","t.aldstat_showoption","at","at","t.aldstat_network_type","t.aldstat_network_type","wsr","wsr","o","o","t.aldstat_phone_model","t.aldstat_phone_model","nt","nt","t.aldstat_pixel_ratio","t.aldstat_pixel_ratio","pm","pm","t.aldstat_window_width","t.aldstat_window_width","pr","pr","t.aldstat_window_height","t.aldstat_window_height","ww","ww","t.aldstat_language","t.aldstat_language","wh","wh","t.aldstat_wechat_version","t.aldstat_wechat_version","lang","lang","t.aldstat_lat","t.aldstat_lat","wv","wv","t.aldstat_lng","t.aldstat_lng","lat","lat","t.aldstat_speed","t.aldstat_speed","lng","lng","t.aldstat_page_last_page","spd","spd","t.aldstat_page_last_page","t.aldstat_page_last_page","t.aldstat_location_name","o.lp","t.aldstat_location_name","t.aldstat_location_name","t.aldstat_src","o.ln","t.aldstat_src","t.aldstat_src","t.aldstat_qr","o.sr","t.aldstat_qr","t.aldstat_qr","t.ald_share_src","o.qr","t.ald_share_src","t.ald_share_src","o.usr"],"uiString":[]},{"source":"wx.getStorageSync","sink":"wx.setStorageSync","visitedContent":["wx.getStorageSync","wx.getStorageSync","wx.getStorageSync","wx.getStorageSync","wx.getStorageSync","wx.getStorageSync","wx.getStorageSync","wx.getStorageSync","wx.getStorageSync","wx.getStorageSync","wx.getStorageSync","wx.getStorageSync","wx.getStorageSync","a","e","a","c","n","_","a","s","n","n","o","_","_","a","e","a","c","n","_","a","s","n","n","n","o","_","_","a","t.userInfo.uu","c","n","wsdk","wsdk","a","s","s","n","n","n","n","a[1].path","_","t.userInfo.uu","t.userInfo","t.userInfo","t","t.rq_c","t","t","data","l","l","e.aldstat_src","n","n","n","a[1]","chain","chain","n","n","n","o.ct","o","t.userInfo","e.aldstat_src","n","e","e","t","t.aldstat_page_count","t.aldstat_page_count","t.aldstat_page_count","t.aldstat_first_page","t.aldstat_first_page","t.aldstat_last_page","t","t","t","t","t.aldstat_access_token","t.aldstat_access_token","t.aldstat_showoption","t.aldstat_showoption","at","at","t.aldstat_network_type","t.aldstat_network_type","wsr","wsr","o","o","t.aldstat_phone_model","t.aldstat_phone_model","nt","nt","t.aldstat_pixel_ratio","t.aldstat_pixel_ratio","pm","pm","t.aldstat_window_width","t.aldstat_window_width","pr","pr","t.aldstat_window_height","t.aldstat_window_height","ww","ww","t.aldstat_language","t.aldstat_language","wh","wh","t.aldstat_wechat_version","t.aldstat_wechat_version","lang","lang","t.aldstat_lat","t.aldstat_lat","wv","wv","t.aldstat_lng","t.aldstat_lng","lat","lat","t.aldstat_speed","t.aldstat_speed","lng","lng","t.aldstat_page_last_page","spd","spd","t.aldstat_page_last_page","t.aldstat_page_last_page","t.aldstat_location_name","o.lp","t.aldstat_location_name","t.aldstat_location_name","t.aldstat_src","o.ln","t.aldstat_src","t.aldstat_src","t.aldstat_qr","o.sr","t.aldstat_qr","t.aldstat_qr","t.ald_share_src","o.qr","t.ald_share_src","t.ald_share_src","o.usr"],"uiString":[]},{"source":"wx.request","sink":"wx.setStorageSync","visitedContent":["t","t.statusCode","t.data","t.data[a]"],"uiString":[]},{"source":"wx.getSystemInfoSync","sink":"wx.request","visitedContent":["wx.getSystemInfoSync","o","o.SDKVersion","o.SDKVersion","o.SDKVersion","o.model","o.model","t.aldstat_vsdk_version","o.pixelRatio","o.pixelRatio","t.aldstat_phone_model","t","t","t","t","t","o.windowWidth","o.windowWidth","t.aldstat_pixel_ratio","t.aldstat_phone_model","t.aldstat_pixel_ratio","o.windowHeight","o.windowHeight","t.aldstat_window_width","pm","pm","pr","pr","o.language","o.language","t.aldstat_window_height","l","l","l","t","t.rq_c","t","t","data","o.version","t.aldstat_language","t.aldstat_wechat_version"],"uiString":[]}]}},{"file":"/utils/io.js","source2sink":{"source":["wx.getStorageSync","wx.request"],"sink":[],"pairsOfSource2Sink":[]}},{"file":"/utils/kissy.js","source2sink":{"source":["wx.getSystemInfoSync"],"sink":[],"pairsOfSource2Sink":[]}},{"file":"/utils/stat.js","source2sink":{"source":["wx.request","wx.getStorageSync"],"sink":[],"pairsOfSource2Sink":[]}},{"file":"/wxParse/wxParse.js","source2sink":{"source":["wx.getSystemInfo"],"sink":[],"pairsOfSource2Sink":[]}},{"file":"/pages/demo/application.js","source2sink":{"source":["bindTextAreaBlur"],"sink":[],"pairsOfSource2Sink":[]}},{"file":"/pages/demo/detail.js","source2sink":{"source":["wx.getSystemInfo"],"sink":["console.log"],"pairsOfSource2Sink":[{"source":"wx.getSystemInfo","sink":"console.log","visitedContent":["o","o.platform","o.platform","o.model","o.model","o.system","o.system","o.version"],"uiString":[]},{"source":"wx.getSystemInfo","sink":"console.log","visitedContent":["o","o.platform","o.platform","o.model","o.model","o.system","o.system","o.version"],"uiString":[]},{"source":"wx.getSystemInfo","sink":"console.log","visitedContent":["o","o.platform","o.platform","o.model","o.model","o.system","o.system","o.version"],"uiString":[]},{"source":"wx.getSystemInfo","sink":"console.log","visitedContent":["o","o.platform","o.platform","o.model","o.model","o.system","o.system","o.version"],"uiString":[]}]}},{"file":"/pages/demo/experience.js","source2sink":{"source":["bindTextAreaBlur"],"sink":[],"pairsOfSource2Sink":[]}},{"file":"/pages/demo/login.js","source2sink":{"source":[""],"sink":[],"pairsOfSource2Sink":[]}},{"file":"/pages/demo/mapAdd.js","source2sink":{"source":["bindTextAreaBlur"],"sink":[],"pairsOfSource2Sink":[]}},{"file":"/pages/experience/expDetail.js","source2sink":{"source":["wx.getStorageSync"],"sink":[],"pairsOfSource2Sink":[]}},{"file":"/pages/experience/expEvaluate.js","source2sink":{"source":["formSubmit","bindItemClick"],"sink":["console.log","wx.request"],"pairsOfSource2Sink":[{"source":"formSubmit","sink":"console.log","visitedContent":["t","t.detail.formId","e","e","e","t","t","t.split","t.split","i.length","i","t","i","form_id","data","data","t","t.method","t","t","e","e.data","e.data","e.data","e.method.toUpperCase","e.data","e.data","e.data","e.success","e.success","e.fail","e.fail","e.complete","e.complete","e.data","e.data","e.method","e.method","e.method","e.method","e.method","data","data","e","e","method","e","e"],"uiString":["bindItemClick","{{index}}","{{item.average_points}}","{{item.brand}}","{{item.productid}}","{{item.id}}","submit","{{!item.average_points}}","","{{item.uids.length<5}}","{{item.post_num>0}}","{{item.keyword}}","{{item.subject}}","{{item.view_num}}","{{item.uids}}","个影评","个体验","{{item.average_points==0?'暂无评':item.average_points}}分","{{item.post_num}}","formSubmit"]},{"source":"formSubmit","sink":"wx.request","visitedContent":["t","t.detail.formId","e","e","e","t","t","t.split","t.split","i.length","i","t","i","form_id","data","data","t","t.method","t","t","e","e.data","e.data","e.data","e.method.toUpperCase","e.data","e.data","e.data","e.success","e.success","e.fail","e.fail","e.complete","e.complete","e.data","e.data","e.method","e.method","e.method","e.method","e.method","data","data","e","e","method","e","e"],"uiString":["bindItemClick","{{index}}","{{item.average_points}}","{{item.brand}}","{{item.productid}}","{{item.id}}","submit","{{!item.average_points}}","","{{item.uids.length<5}}","{{item.post_num>0}}","{{item.keyword}}","{{item.subject}}","{{item.view_num}}","{{item.uids}}","个影评","个体验","{{item.average_points==0?'暂无评':item.average_points}}分","{{item.post_num}}","formSubmit"]},{"source":"formSubmit","sink":"console.log","visitedContent":["t","t.detail.formId","e","e","e","t","t","t.split","t.split","i.length","i","t","i","form_id","data","data","t","t.method","t","t","e","e.data","e.data","e.data","e.method.toUpperCase","e.data","e.data","e.data","e.success","e.success","e.fail","e.fail","e.complete","e.complete","e.data","e.data","e.method","e.method","e.method","e.method","e.method","data","data","e","e","method","e","e"],"uiString":["bindItemClick","{{index}}","{{item.average_points}}","{{item.brand}}","{{item.productid}}","{{item.id}}","submit","{{!item.average_points}}","","{{item.uids.length<5}}","{{item.post_num>0}}","{{item.keyword}}","{{item.subject}}","{{item.view_num}}","{{item.uids}}","个影评","个体验","{{item.average_points==0?'暂无评':item.average_points}}分","{{item.post_num}}","formSubmit"]},{"source":"bindItemClick","sink":"console.log","visitedContent":["t","t.currentTarget.dataset.tryid","t.currentTarget.dataset.tryid","t.currentTarget.dataset.keyword","a","t.currentTarget.dataset.isfilm","a","t.currentTarget.dataset.productid","t.currentTarget.dataset.productid","t.currentTarget.dataset.idx","o","o","o","s","s","s","url","s"],"uiString":["{{!item.average_points}}","","{{item.average_points}}","{{item.uids.length<5}}","{{item.post_num>0}}","{{item.keyword}}","{{item.subject}}","{{item.view_num}}","{{item.uids}}","个影评","个体验","{{item.average_points==0?'暂无评':item.average_points}}分","{{item.post_num}}","bindItemClick"]}]}},{"file":"/pages/home/index.js","source2sink":{"source":["wx.getStorageSync"],"sink":["console.log"],"pairsOfSource2Sink":[{"source":"wx.getStorageSync","sink":"console.log","visitedContent":["wx.getStorageSync","s","s","s"],"uiString":[]}]}},{"file":"/pages/home/profile.js","source2sink":{"source":["wx.chooseImage","formReset","formSubmit","bindUsernameBlur"],"sink":["wx.uploadFile","wx.request"],"pairsOfSource2Sink":[{"source":"formSubmit","sink":"wx.uploadFile","visitedContent":["a","a.detail.value","a.detail.value","o.username","o.username","o.avatar","c","l","c","c","l","l","a","a.split('.').pop().toLowerCase","t","t","l","c","c","l","username","username","filePath","data","data","t","t.method","t","t","e","e.data","e.data","e.data","e.method.toUpperCase","e.data","e.data","e.data","e.success","e.success","e.fail","e.fail","e.complete","e.complete","e.data","e.data","e.method","e.method","e.method","e.method","e.method","data","data","e","e","method","data"],"uiString":["onDismiss","bindModifyAvatar","weui-cell_active","onClickAge","onClickSkin","submit","{{isAge}}","","bindRemoveName"," 保存 ","avatar","修改头像","bindUsernameBlur","username","{{!user.addtional_info.age_range}}","{{!user.addtional_info.skin_type}}","年龄","radioChange","肤质","{{user.addtional_info.age_range}}","{{user.addtional_info.skin_type}}","bindItemClick","age","{{item.val}}","{{ageInfo.options}}","skin","{{skinInfo.options}}","{{item.val}} ","formReset","formSubmit"]},{"source":"formSubmit","sink":"wx.request","visitedContent":["a","a.detail.value","a.detail.value","o.username","o.username","o.avatar","c","l","c","c","l","l","a","a.split('.').pop().toLowerCase","t","t","l","c","c","l","username","username","filePath","data","data","t","t.method","t","t","e","e.data","e.data","e.data","e.method.toUpperCase","e.data","e.data","e.data","e.success","e.success","e.fail","e.fail","e.complete","e.complete","e.data","e.data","e.method","e.method","e.method","e.method","e.method","data","data","e","e","method","data"],"uiString":["onDismiss","bindModifyAvatar","weui-cell_active","onClickAge","onClickSkin","submit","{{isAge}}","","bindRemoveName"," 保存 ","avatar","修改头像","bindUsernameBlur","username","{{!user.addtional_info.age_range}}","{{!user.addtional_info.skin_type}}","年龄","radioChange","肤质","{{user.addtional_info.age_range}}","{{user.addtional_info.skin_type}}","bindItemClick","age","{{item.val}}","{{ageInfo.options}}","skin","{{skinInfo.options}}","{{item.val}} ","formReset","formSubmit"]}]}},{"file":"/pages/index/index.js","source2sink":{"source":["wx.login","wx.getUserInfo","formSubmit","onDetailClick"],"sink":["wx.request","console.log"],"pairsOfSource2Sink":[{"source":"wx.login","sink":"wx.request","visitedContent":["t","t.code","t.code","e","e","code","data","data","t","t.method","t","t","e","e.data","e.data","e.data","e.method.toUpperCase","e.data","e.data","e.data","e.success","e.success","e.fail","e.fail","e.complete","e.complete","e.data","e.data","e.method","e.method","e.method","e.method","e.method","data","data","e","e","method"],"uiString":[]},{"source":"wx.getUserInfo","sink":"wx.request","visitedContent":["t","t.encryptedData","t.encryptedData","t.iv","encryptedData","iv","data","data","t","t.method","t","t","e","e.data","e.data","e.data","e.method.toUpperCase","e.data","e.data","e.data","e.success","e.success","e.fail","e.fail","e.complete","e.complete","e.data","e.data","e.method","e.method","e.method","e.method","e.method","data","data","e","e","method"],"uiString":[]},{"source":"formSubmit","sink":"console.log","visitedContent":["t","t.detail.formId","e","e","e","t","t","t.split","t.split","i.length","i","t","i","form_id","data","data","t","t.method","t","t","e","e.data","e.data","e.data","e.method.toUpperCase","e.data","e.data","e.data","e.success","e.success","e.fail","e.fail","e.complete","e.complete","e.data","e.data","e.method","e.method","e.method","e.method","e.method","data","data","e","e","method","e","e"],"uiString":["onDetailClick","{{item.tryid}}","submit","{{item.has_video=='0'}}","{{item.subject}}","{{item.keyword}}","规格：{{item.type}}/{{item.amount}}{{item.unit}}","售价：{{item.size}}","{{item.view_num}}","formSubmit"]},{"source":"formSubmit","sink":"wx.request","visitedContent":["t","t.detail.formId","e","e","e","t","t","t.split","t.split","i.length","i","t","i","form_id","data","data","t","t.method","t","t","e","e.data","e.data","e.data","e.method.toUpperCase","e.data","e.data","e.data","e.success","e.success","e.fail","e.fail","e.complete","e.complete","e.data","e.data","e.method","e.method","e.method","e.method","e.method","data","data","e","e","method","e","e"],"uiString":["onDetailClick","{{item.tryid}}","submit","{{item.has_video=='0'}}","{{item.subject}}","{{item.keyword}}","规格：{{item.type}}/{{item.amount}}{{item.unit}}","售价：{{item.size}}","{{item.view_num}}","formSubmit"]},{"source":"formSubmit","sink":"console.log","visitedContent":["t","t.detail.formId","e","e","e","t","t","t.split","t.split","i.length","i","t","i","form_id","data","data","t","t.method","t","t","e","e.data","e.data","e.data","e.method.toUpperCase","e.data","e.data","e.data","e.success","e.success","e.fail","e.fail","e.complete","e.complete","e.data","e.data","e.method","e.method","e.method","e.method","e.method","data","data","e","e","method","e","e"],"uiString":["onDetailClick","{{item.tryid}}","submit","{{item.has_video=='0'}}","{{item.subject}}","{{item.keyword}}","规格：{{item.type}}/{{item.amount}}{{item.unit}}","售价：{{item.size}}","{{item.view_num}}","formSubmit"]},{"source":"onDetailClick","sink":"console.log","visitedContent":["t","t.currentTarget.dataset.tryid","n","n","n","tryid","tryid","n","n","o","r","r","r","r","url"],"uiString":["{{item.has_video=='0'}}","{{item.subject}}","{{item.keyword}}","规格：{{item.type}}/{{item.amount}}{{item.unit}}","售价：{{item.size}}","{{item.view_num}}","onDetailClick"]}]}},{"file":"/pages/try/detail.js","source2sink":{"source":["wx.getStorageSync","wx.chooseVideo"],"sink":["console.log"],"pairsOfSource2Sink":[{"source":"wx.getStorageSync","sink":"console.log","visitedContent":["wx.getStorageSync","wx.getStorageSync","fromUid","p","p","p"],"uiString":[]},{"source":"wx.chooseVideo","sink":"console.log","visitedContent":["t","t.tempFilePath","t.tempFilePath","t","t","t.tempFilePath","url"],"uiString":[]},{"source":"wx.chooseVideo","sink":"console.log","visitedContent":["t","t.tempFilePath","t.tempFilePath","t","t","t.tempFilePath","url"],"uiString":[]}]}},{"file":"/pages/try/formApply.js","source2sink":{"source":["wx.getStorageSync","formReset","formSubmit","bindMessageFocusOut"],"sink":["console.log","wx.request"],"pairsOfSource2Sink":[{"source":"wx.getStorageSync","sink":"console.log","visitedContent":["wx.getStorageSync","wx.getStorageSync","wx.getStorageSync","wx.getStorageSync","t","a","o","r","t.fromUid","t.fromUid","a","o","r","r","t.fromUid","t.fromUid","a","a","o","t.isBestie","fromUid","a","a","a.addressid","a.addressid","a.id","d","a.location.province.name","a.location.province.name","d","d","a.location.region.name","a.location.region.name","t","d","d","a.location.conty.name","a.location.conty.name","t","d","a.location.other","a.location.other","completeAddress","address_id","a","def_address"],"uiString":[]},{"source":"formSubmit","sink":"wx.request","visitedContent":["e","e","e","e","e","e","e.detail.value","e.detail.value","t.tryid","t.tryid","t.message","t.message","o","e.detail.formId","r","o","i","r","tryid","i","message","data","data","t","t.method","t","t","e","e.data","e.data","e.data","e.method.toUpperCase","e.data","e.data","e.data","e.success","e.success","e.fail","e.fail","e.complete","e.complete","e.data","e.data","e.method","e.method","e.method","e.method","e.method","data","data","e","e","method","form_id","e","e"],"uiString":["tryid","{{has_address}}","","bindMessageFocusOut","true","message","好的试用宣言写什么？ 1.为什么要申请？ 2.此宝贝哪里吸引你？","false","{{!allowSubmit}}","submit","addressid","bindSelectAddress","bindAdd"," 完成 ","{{def_address.consignee}}","{{def_address.mobile}}","{{def_address.completeAddress}}","修改地址","添加收货地址","{{def_address.location.province.name}}{{def_address.location.region.name}}{{def_address.location.conty.name}} {{def_address.location.other}}","由于功能需要，收货地址进行了调整，请重新填写您的地址信息。","之前申请过试用的小伙伴们请不用担心，如果你获得了试用，还是可以收到包裹的呦~","formReset","formSubmit"]}]}},{"file":"/pages/try/submitReport.js","source2sink":{"source":["wx.chooseImage","formReset","formSubmit","bindSubjectFocusOut","bindTextFocusOut"],"sink":[],"pairsOfSource2Sink":[]}},{"file":"/pages/try/submitVideoReport.js","source2sink":{"source":["formReset","formSubmit","bindSubjectInput","bindTextInput"],"sink":["console.log"],"pairsOfSource2Sink":[{"source":"bindSubjectInput","sink":"console.log","visitedContent":["t","t.detail.value","i","i","i","i","subject"],"uiString":["bindSubjectInput","{{isSubmitting}}","subject","填写标题"]},{"source":"bindTextInput","sink":"console.log","visitedContent":["t","t.detail.value","i","i","i","i","text"],"uiString":["bindTextInput","{{isSubmitting}}","text","填写试用报告"]}]}},{"file":"/pages/welfare/index.js","source2sink":{"source":["formSubmit","bindItemClick"],"sink":["console.log","wx.request"],"pairsOfSource2Sink":[{"source":"formSubmit","sink":"console.log","visitedContent":["t","t.detail.formId","e","e","e","t","t","t.split","t.split","i.length","i","t","i","form_id","data","data","t","t.method","t","t","e","e.data","e.data","e.data","e.method.toUpperCase","e.data","e.data","e.data","e.success","e.success","e.fail","e.fail","e.complete","e.complete","e.data","e.data","e.method","e.method","e.method","e.method","e.method","data","data","e","e","method","e","e"],"uiString":["bindItemClick","{{item.tryid}}","submit","{{item.status=='STATUS_UNDERWAY'}}","","{{item.keyword}}","{{item.subject}}","活动·进行中","活动·已结束","规格：{{item.size}}","份数：{{item.amount}}","{{item.view_num}}","formSubmit"]},{"source":"formSubmit","sink":"wx.request","visitedContent":["t","t.detail.formId","e","e","e","t","t","t.split","t.split","i.length","i","t","i","form_id","data","data","t","t.method","t","t","e","e.data","e.data","e.data","e.method.toUpperCase","e.data","e.data","e.data","e.success","e.success","e.fail","e.fail","e.complete","e.complete","e.data","e.data","e.method","e.method","e.method","e.method","e.method","data","data","e","e","method","e","e"],"uiString":["bindItemClick","{{item.tryid}}","submit","{{item.status=='STATUS_UNDERWAY'}}","","{{item.keyword}}","{{item.subject}}","活动·进行中","活动·已结束","规格：{{item.size}}","份数：{{item.amount}}","{{item.view_num}}","formSubmit"]},{"source":"formSubmit","sink":"console.log","visitedContent":["t","t.detail.formId","e","e","e","t","t","t.split","t.split","i.length","i","t","i","form_id","data","data","t","t.method","t","t","e","e.data","e.data","e.data","e.method.toUpperCase","e.data","e.data","e.data","e.success","e.success","e.fail","e.fail","e.complete","e.complete","e.data","e.data","e.method","e.method","e.method","e.method","e.method","data","data","e","e","method","e","e"],"uiString":["bindItemClick","{{item.tryid}}","submit","{{item.status=='STATUS_UNDERWAY'}}","","{{item.keyword}}","{{item.subject}}","活动·进行中","活动·已结束","规格：{{item.size}}","份数：{{item.amount}}","{{item.view_num}}","formSubmit"]}]}},{"file":"/pages/home/address/add.js","source2sink":{"source":["formReset","formSubmit","bindNameInput","bindMobileInput","bindLocationOther","bindPickerChangeProvince","bindPickerChangeCity","bindPickerChangeArea"],"sink":["wx.request"],"pairsOfSource2Sink":[{"source":"formSubmit","sink":"wx.request","visitedContent":["a","a.detail.value","a.detail.value","d.mobile","d.mobile","d.name","d.name","o","d.location_name","c","o","d.location_address","c","o","d.location_other","d.location_other","consignee","mobile","d.postcode","s","data","data","t","t.method","t","t","e","e.data","e.data","e.data","e.method.toUpperCase","e.data","e.data","e.data","e.success","e.success","e.fail","e.fail","e.complete","e.complete","e.data","e.data","e.method","e.method","e.method","e.method","e.method","data","data","e","e","method","r","s","r","other","postcode"],"uiString":["false","submit","{{!isOk}}",""," 完成 ","收货人","联系电话","收货地址","详细地址","邮政编码","bindNameInput","name","姓名","bindMobileInput","mobile","手机或固话","bindLocationOther","location_other","街道门牌信息","postcode","bindPickerChangeProvince","{{provinces}}","bindPickerChangeCity","{{cities}}","bindPickerChangeArea","{{areas}}","{{province_id>0?province:'选择省份'}}","{{city_id>0?city:'选择城市'}}","{{area_id>0?area:'选择地区'}}","formReset","formSubmit"]}]}},{"file":"/pages/home/address/edit.js","source2sink":{"source":["formReset","formSubmit","bindNameInput","bindMobileInput","bindLocationOther","bindPickerChangeProvince","bindPickerChangeCity","bindPickerChangeArea"],"sink":["wx.request"],"pairsOfSource2Sink":[{"source":"formSubmit","sink":"wx.request","visitedContent":["t","t.detail.value","t.detail.value","n.mobile","n.mobile","n.name","n.name","o","n.location_name","r","o","n.location_address","r","o","n.location_other","n.location_other","consignee","mobile","n.postcode","s","data","data","t","t.method","t","t","e","e.data","e.data","e.data","e.method.toUpperCase","e.data","e.data","e.data","e.success","e.success","e.fail","e.fail","e.complete","e.complete","e.data","e.data","e.method","e.method","e.method","e.method","e.method","data","data","e","e","method","c","s","c","other","postcode"],"uiString":["false","submit","{{!isOk}}",""," 完成 ","收货人","联系电话","收货地址","详细地址","邮政编码","bindNameInput","name","姓名","bindMobileInput","mobile","手机或固话","bindLocationOther","location_other","街道门牌信息","postcode","bindPickerChangeProvince","{{provinces}}","bindPickerChangeCity","{{cities}}","bindPickerChangeArea","{{areas}}","{{province_id>0?province:'选择省份'}}","{{city_id>0?city:'选择城市'}}","{{area_id>0?area:'选择地区'}}","formReset","formSubmit"]}]}}]