{"/app.js":[{"stained":"wx.getStorageSync","nodes":[{"name":"27008","declaredName":"__function__84","declaredLoc":{"line":84,"column":24},"file":"/pages/activities/detail.js","type":"ofPageInstance: bindWriteReportBtn"},{"name":"27067","declaredName":"__function__96","declaredLoc":{"line":96,"column":18},"file":"/pages/activities/detail.js","type":"ofPageInstance: bindLikesBtn"},{"name":"30202","declaredName":"__function__72","declaredLoc":{"line":72,"column":17},"file":"/pages/experience/expDetail.js","type":"ofPageInstance: onClickLike"},{"name":"32089","declaredName":"__function__11","declaredLoc":{"line":11,"column":12},"file":"/pages/home/index.js","type":"ofPageInstance: onLoad"},{"name":"32148","declaredName":"__function__24","declaredLoc":{"line":24,"column":12},"file":"/pages/home/index.js","type":"ofPageInstance: onShow"},{"name":"32286","declaredName":"__function__50","declaredLoc":{"line":50,"column":21},"file":"/pages/home/index.js","type":"normal"},{"name":"35390","declaredName":"__function__13","declaredLoc":{"line":13,"column":12},"file":"/pages/index/index.js","type":"ofPageInstance: onShow"},{"name":"36840","declaredName":"__function__61","declaredLoc":{"line":61,"column":12},"file":"/pages/message/index.js","type":"ofPageInstance: onShow"},{"name":"39178","declaredName":"__function__233","declaredLoc":{"line":233,"column":18},"file":"/pages/try/detail.js","type":"ofPageInstance: bindApplyBtn"},{"name":"39633","declaredName":"__function__297","declaredLoc":{"line":297,"column":21},"file":"/pages/try/detail.js","type":"ofPageInstance: bindImageReport"},{"name":"39690","declaredName":"__function__305","declaredLoc":{"line":305,"column":21},"file":"/pages/try/detail.js","type":"ofPageInstance: bindVideoReport"},{"name":"39916","declaredName":"__function__340","declaredLoc":{"line":340,"column":18},"file":"/pages/try/detail.js","type":"ofPageInstance: bindLikesBtn"},{"name":"46076","declaredName":"__function__127","declaredLoc":{"line":127,"column":12},"file":"/pages/welfare/index.js","type":"ofPageInstance: onShow"},{"name":"287","declaredName":"__function__51","declaredLoc":{"line":51,"column":13},"file":"/app.js","type":"ofAppInstance: isLogin"},{"name":"27439","declaredName":"__function__151","declaredLoc":{"line":151,"column":12},"file":"/pages/activities/detail.js","type":"ofPageInstance: onShow"},{"name":"30037","declaredName":"__function__43","declaredLoc":{"line":43,"column":21},"file":"/pages/experience/expDetail.js","type":"normal"},{"name":"32543","declaredName":"__function__12","declaredLoc":{"line":12,"column":12},"file":"/pages/home/myReports.js","type":"ofPageInstance: onLoad"},{"name":"35450","declaredName":"__function__31","declaredLoc":{"line":31,"column":12},"file":"/pages/index/index.js","type":"ofPageInstance: onLoad"},{"name":"35888","declaredName":"__function__124","declaredLoc":{"line":124,"column":19},"file":"/pages/index/index.js","type":"ofPageInstance: onReachBottom"},{"name":"35953","declaredName":"__function__134","declaredLoc":{"line":134,"column":26},"file":"/pages/index/index.js","type":"ofPageInstance: loadUnderwayListData"},{"name":"35909","declaredName":"__function__128","declaredLoc":{"line":128,"column":16},"file":"/pages/index/index.js","type":"ofPageInstance: getVipInfo"},{"name":"38376","declaredName":"__function__93","declaredLoc":{"line":93,"column":12},"file":"/pages/try/detail.js","type":"ofPageInstance: onShow"},{"name":"38554","declaredName":"__function__127","declaredLoc":{"line":127,"column":21},"file":"/pages/try/detail.js","type":"normal"},{"name":"40842","declaredName":"__function__478","declaredLoc":{"line":478,"column":16},"file":"/pages/try/detail.js","type":"ofPageInstance: getVipInfo"},{"name":"305","declaredName":"__function__55","declaredLoc":{"line":55,"column":13},"file":"/app.js","type":"ofAppInstance: getUser"},{"name":"309","declaredName":"wx.getStorageSync(n)","declaredLoc":{"line":56,"column":15},"file":"/app.js","type":"source"}],"edges":[{"source":"305","target":"309"},{"source":"287","target":"305"},{"source":"27008","target":"287"},{"source":"27067","target":"287"},{"source":"30202","target":"287"},{"source":"32089","target":"287"},{"source":"32148","target":"287"},{"source":"32286","target":"287"},{"source":"35390","target":"287"},{"source":"36840","target":"287"},{"source":"39178","target":"287"},{"source":"39633","target":"287"},{"source":"39690","target":"287"},{"source":"39916","target":"287"},{"source":"46076","target":"287"},{"source":"27439","target":"305"},{"source":"30037","target":"305"},{"source":"32089","target":"305"},{"source":"32148","target":"305"},{"source":"32543","target":"305"},{"source":"35909","target":"305"},{"source":"35953","target":"35909"},{"source":"35450","target":"35953"},{"source":"35888","target":"35953"},{"source":"38376","target":"305"},{"source":"40842","target":"305"},{"source":"38554","target":"40842"}]},{"stained":"wx.login","nodes":[{"name":"46","declaredName":"__function__6","declaredLoc":{"line":6,"column":14},"file":"/app.js","type":"ofAppInstance: onLaunch"},{"name":"446","declaredName":"__function__90","declaredLoc":{"line":90,"column":20},"file":"/app.js","type":"ofAppInstance: _loginWithCode"},{"name":"449","declaredName":"wx.login({success:function(e){if(...","declaredLoc":{"line":91,"column":8},"file":"/app.js","type":"source"}],"edges":[{"source":"446","target":"449"},{"source":"46","target":"446"}]}],"/pages/login.js":[{"stained":"wx.getSetting","nodes":[{"name":"579","declaredName":"__function__10","declaredLoc":{"line":10,"column":12},"file":"/pages/login.js","type":"ofPageInstance: onLoad"},{"name":"597","declaredName":"wx.getSetting({success:function(t...","declaredLoc":{"line":14,"column":12},"file":"/pages/login.js","type":"source"},{"name":"786","declaredName":"__function__60","declaredLoc":{"line":60,"column":30},"file":"/pages/login.js","type":"normal"},{"name":"816","declaredName":"wx.getSetting({success:function(t...","declaredLoc":{"line":65,"column":28},"file":"/pages/login.js","type":"source"}],"edges":[{"source":"579","target":"597"},{"source":"786","target":"816"}]},{"stained":"wx.login","nodes":[{"name":"644","declaredName":"__function__27","declaredLoc":{"line":27,"column":18},"file":"/pages/login.js","type":"ofPageInstance: requestLogin"},{"name":"661","declaredName":"wx.login({success:function(n){if(...","declaredLoc":{"line":31,"column":12},"file":"/pages/login.js","type":"source"},{"name":"942","declaredName":"__function__91","declaredLoc":{"line":91,"column":17},"file":"/pages/login.js","type":"ofPageInstance: getUserInfo"},{"name":"1016","declaredName":"__function__98","declaredLoc":{"line":98,"column":11},"file":"/pages/login.js","type":"normal"},{"name":"1026","declaredName":"__function__102","declaredLoc":{"line":102,"column":23},"file":"/pages/login.js","type":"ofPageInstance: updateWXLoginCode"},{"name":"1033","declaredName":"wx.login({success:function(o){o.c...","declaredLoc":{"line":104,"column":8},"file":"/pages/login.js","type":"source"}],"edges":[{"source":"644","target":"661"},{"source":"1026","target":"1033"},{"source":"942","target":"1026"},{"source":"1016","target":"1026"}]},{"stained":"wx.getUserInfo","nodes":[{"name":"668","declaredName":"__function__32","declaredLoc":{"line":32,"column":21},"file":"/pages/login.js","type":"normal"},{"name":"683","declaredName":"wx.getUserInfo({success:function(...","declaredLoc":{"line":35,"column":20},"file":"/pages/login.js","type":"source"}],"edges":[{"source":"668","target":"683"}]},{"stained":"wx.openSetting","nodes":[{"name":"823","declaredName":"__function__66","declaredLoc":{"line":66,"column":41},"file":"/pages/login.js","type":"normal"},{"name":"840","declaredName":"wx.openSetting({fail:function(t){...","declaredLoc":{"line":68,"column":45},"file":"/pages/login.js","type":"source"}],"edges":[{"source":"823","target":"840"}]}],"/utils/ald-stat.js":[{"stained":"wx.getStorageSync","nodes":[{"name":"2069","declaredName":"__function__120","declaredLoc":{"line":120,"column":27},"file":"/utils/ald-stat.js","type":"normal"},{"name":"1803","declaredName":"__function__80","declaredLoc":{"line":80,"column":11},"file":"/utils/ald-stat.js","type":"normal"},{"name":"2983","declaredName":"__function__227","declaredLoc":{"line":227,"column":11},"file":"/utils/ald-stat.js","type":"normal"},{"name":"3998","declaredName":"__function__328","declaredLoc":{"line":328,"column":34},"file":"/utils/ald-stat.js","type":"normal"},{"name":"2145","declaredName":"__function__128","declaredLoc":{"line":128,"column":11},"file":"/utils/ald-stat.js","type":"normal"},{"name":"2563","declaredName":"__function__180","declaredLoc":{"line":180,"column":11},"file":"/utils/ald-stat.js","type":"normal"},{"name":"3644","declaredName":"__function__298","declaredLoc":{"line":298,"column":11},"file":"/utils/ald-stat.js","type":"normal"},{"name":"3662","declaredName":"__function__301","declaredLoc":{"line":301,"column":11},"file":"/utils/ald-stat.js","type":"normal"},{"name":"3683","declaredName":"__function__304","declaredLoc":{"line":304,"column":21},"file":"/utils/ald-stat.js","type":"normal"},{"name":"2033","declaredName":"__function__116","declaredLoc":{"line":116,"column":24},"file":"/utils/ald-stat.js","type":"normal"},{"name":"2051","declaredName":"__function__118","declaredLoc":{"line":118,"column":26},"file":"/utils/ald-stat.js","type":"normal"},{"name":"2087","declaredName":"__function__122","declaredLoc":{"line":122,"column":31},"file":"/utils/ald-stat.js","type":"normal"},{"name":"2168","declaredName":"__function__131","declaredLoc":{"line":131,"column":21},"file":"/utils/ald-stat.js","type":"normal"},{"name":"2186","declaredName":"__function__134","declaredLoc":{"line":134,"column":18},"file":"/utils/ald-stat.js","type":"normal"},{"name":"4057","declaredName":"__function__332","declaredLoc":{"line":332,"column":27},"file":"/utils/ald-stat.js","type":"normal"},{"name":"1870","declaredName":"__function__91","declaredLoc":{"line":91,"column":11},"file":"/utils/ald-stat.js","type":"normal"},{"name":"2207","declaredName":"__function__138","declaredLoc":{"line":138,"column":11},"file":"/utils/ald-stat.js","type":"normal"},{"name":"2118","declaredName":"__function__125","declaredLoc":{"line":125,"column":12},"file":"/utils/ald-stat.js","type":"normal"},{"name":"3108","declaredName":"__function__233","declaredLoc":{"line":233,"column":11},"file":"/utils/ald-stat.js","type":"normal"},{"name":"2602","declaredName":"__function__184","declaredLoc":{"line":184,"column":11},"file":"/utils/ald-stat.js","type":"normal"},{"name":"3187","declaredName":"__function__242","declaredLoc":{"line":242,"column":12},"file":"/utils/ald-stat.js","type":"normal"},{"name":"3204","declaredName":"__function__245","declaredLoc":{"line":245,"column":11},"file":"/utils/ald-stat.js","type":"normal"},{"name":"3221","declaredName":"__function__248","declaredLoc":{"line":248,"column":11},"file":"/utils/ald-stat.js","type":"normal"},{"name":"3627","declaredName":"__function__295","declaredLoc":{"line":295,"column":11},"file":"/utils/ald-stat.js","type":"normal"},{"name":"3335","declaredName":"__function__259","declaredLoc":{"line":259,"column":11},"file":"/utils/ald-stat.js","type":"normal"},{"name":"1402","declaredName":"__function__8","declaredLoc":{"line":8,"column":4},"file":"/utils/ald-stat.js","type":"normal"},{"name":"1409","declaredName":"wx.getStorageSync('aldstat_uuid')","declaredLoc":{"line":9,"column":16},"file":"/utils/ald-stat.js","type":"source"},{"name":"2224","declaredName":"wx.getStorageSync('aldstat_src')","declaredLoc":{"line":140,"column":16},"file":"/utils/ald-stat.js","type":"source"},{"name":"2496","declaredName":"wx.getStorageSync('app_session_ke...","declaredLoc":{"line":177,"column":16},"file":"/utils/ald-stat.js","type":"source"},{"name":"2610","declaredName":"wx.getStorageSync('app_'+e+'_uplo...","declaredLoc":{"line":185,"column":16},"file":"/utils/ald-stat.js","type":"source"},{"name":"2735","declaredName":"wx.getStorageSync('aldstat_vsdk_v...","declaredLoc":{"line":192,"column":20},"file":"/utils/ald-stat.js","type":"source"},{"name":"3010","declaredName":"wx.getStorageSync('app_session_ke...","declaredLoc":{"line":229,"column":16},"file":"/utils/ald-stat.js","type":"source"},{"name":"3228","declaredName":"wx.getStorageSync('aldstat_src')","declaredLoc":{"line":249,"column":16},"file":"/utils/ald-stat.js","type":"source"},{"name":"3297","declaredName":"wx.getStorageSync('aldstat_uuid')","declaredLoc":{"line":255,"column":12},"file":"/utils/ald-stat.js","type":"source"},{"name":"3343","declaredName":"wx.getStorageSync('page_'+e+'_upl...","declaredLoc":{"line":260,"column":16},"file":"/utils/ald-stat.js","type":"source"},{"name":"3708","declaredName":"wx.getStorageSync('aldstat_uuid')","declaredLoc":{"line":307,"column":20},"file":"/utils/ald-stat.js","type":"source"},{"name":"3743","declaredName":"wx.getStorageSync(n)","declaredLoc":{"line":310,"column":20},"file":"/utils/ald-stat.js","type":"source"},{"name":"3807","declaredName":"wx.getStorageSync('aldstat_uuid')","declaredLoc":{"line":314,"column":23},"file":"/utils/ald-stat.js","type":"source"},{"name":"3887","declaredName":"wx.getStorageSync(n)","declaredLoc":{"line":320,"column":116},"file":"/utils/ald-stat.js","type":"source"},{"name":"2403","declaredName":"__function__159","declaredLoc":{"line":159,"column":14},"file":"/utils/ald-stat.js","type":"normal"},{"name":"2409","declaredName":"wx.getStorageSync('aldstat_uuid')","declaredLoc":{"line":160,"column":24},"file":"/utils/ald-stat.js","type":"source"},{"name":"3906","declaredName":"__function__321","declaredLoc":{"line":321,"column":64},"file":"/utils/ald-stat.js","type":"normal"},{"name":"3912","declaredName":"wx.getStorageSync('aldstat_uuid')","declaredLoc":{"line":322,"column":24},"file":"/utils/ald-stat.js","type":"source"}],"edges":[{"source":"1402","target":"1409"},{"source":"1803","target":"1402"},{"source":"2069","target":"1803"},{"source":"1870","target":"1402"},{"source":"2145","target":"1870"},{"source":"2983","target":"2145"},{"source":"2983","target":"2145"},{"source":"3998","target":"2145"},{"source":"3998","target":"3998"},{"source":"2563","target":"1870"},{"source":"3644","target":"1870"},{"source":"3662","target":"1870"},{"source":"3683","target":"1870"},{"source":"2033","target":"1870"},{"source":"2051","target":"1870"},{"source":"2087","target":"1870"},{"source":"2087","target":"1870"},{"source":"2168","target":"1870"},{"source":"2186","target":"1870"},{"source":"3998","target":"1870"},{"source":"4057","target":"1870"},{"source":"4057","target":"4057"},{"source":"2207","target":"1402"},{"source":"2602","target":"1402"},{"source":"2118","target":"2602"},{"source":"2207","target":"2602"},{"source":"2983","target":"2602"},{"source":"3108","target":"2602"},{"source":"3335","target":"1402"},{"source":"3187","target":"3335"},{"source":"3204","target":"3335"},{"source":"3221","target":"3335"},{"source":"3627","target":"3335"},{"source":"2207","target":"2224"},{"source":"2207","target":"2496"},{"source":"2602","target":"2610"},{"source":"2602","target":"2735"},{"source":"2983","target":"3010"},{"source":"3221","target":"3228"},{"source":"3221","target":"3297"},{"source":"3335","target":"3343"},{"source":"3683","target":"3708"},{"source":"3683","target":"3743"},{"source":"3683","target":"3807"},{"source":"3683","target":"3887"},{"source":"2403","target":"2409"},{"source":"3906","target":"3912"}]},{"stained":"wx.request","nodes":[{"name":"2207","declaredName":"__function__138","declaredLoc":{"line":138,"column":11},"file":"/utils/ald-stat.js","type":"normal"},{"name":"1451","declaredName":"__function__13","declaredLoc":{"line":13,"column":4},"file":"/utils/ald-stat.js","type":"normal"},{"name":"1455","declaredName":"wx.request({url:'https://'+l+'.al...","declaredLoc":{"line":14,"column":8},"file":"/utils/ald-stat.js","type":"source,sink"},{"name":"2069","declaredName":"__function__120","declaredLoc":{"line":120,"column":27},"file":"/utils/ald-stat.js","type":"normal"},{"name":"1803","declaredName":"__function__80","declaredLoc":{"line":80,"column":11},"file":"/utils/ald-stat.js","type":"normal"},{"name":"2983","declaredName":"__function__227","declaredLoc":{"line":227,"column":11},"file":"/utils/ald-stat.js","type":"normal"},{"name":"3998","declaredName":"__function__328","declaredLoc":{"line":328,"column":34},"file":"/utils/ald-stat.js","type":"normal"},{"name":"2145","declaredName":"__function__128","declaredLoc":{"line":128,"column":11},"file":"/utils/ald-stat.js","type":"normal"},{"name":"2563","declaredName":"__function__180","declaredLoc":{"line":180,"column":11},"file":"/utils/ald-stat.js","type":"normal"},{"name":"3644","declaredName":"__function__298","declaredLoc":{"line":298,"column":11},"file":"/utils/ald-stat.js","type":"normal"},{"name":"3662","declaredName":"__function__301","declaredLoc":{"line":301,"column":11},"file":"/utils/ald-stat.js","type":"normal"},{"name":"3683","declaredName":"__function__304","declaredLoc":{"line":304,"column":21},"file":"/utils/ald-stat.js","type":"normal"},{"name":"2033","declaredName":"__function__116","declaredLoc":{"line":116,"column":24},"file":"/utils/ald-stat.js","type":"normal"},{"name":"2051","declaredName":"__function__118","declaredLoc":{"line":118,"column":26},"file":"/utils/ald-stat.js","type":"normal"},{"name":"2087","declaredName":"__function__122","declaredLoc":{"line":122,"column":31},"file":"/utils/ald-stat.js","type":"normal"},{"name":"2168","declaredName":"__function__131","declaredLoc":{"line":131,"column":21},"file":"/utils/ald-stat.js","type":"normal"},{"name":"2186","declaredName":"__function__134","declaredLoc":{"line":134,"column":18},"file":"/utils/ald-stat.js","type":"normal"},{"name":"4057","declaredName":"__function__332","declaredLoc":{"line":332,"column":27},"file":"/utils/ald-stat.js","type":"normal"},{"name":"1870","declaredName":"__function__91","declaredLoc":{"line":91,"column":11},"file":"/utils/ald-stat.js","type":"normal"},{"name":"2118","declaredName":"__function__125","declaredLoc":{"line":125,"column":12},"file":"/utils/ald-stat.js","type":"normal"},{"name":"3108","declaredName":"__function__233","declaredLoc":{"line":233,"column":11},"file":"/utils/ald-stat.js","type":"normal"},{"name":"2602","declaredName":"__function__184","declaredLoc":{"line":184,"column":11},"file":"/utils/ald-stat.js","type":"normal"},{"name":"3187","declaredName":"__function__242","declaredLoc":{"line":242,"column":12},"file":"/utils/ald-stat.js","type":"normal"},{"name":"3204","declaredName":"__function__245","declaredLoc":{"line":245,"column":11},"file":"/utils/ald-stat.js","type":"normal"},{"name":"3221","declaredName":"__function__248","declaredLoc":{"line":248,"column":11},"file":"/utils/ald-stat.js","type":"normal"},{"name":"3627","declaredName":"__function__295","declaredLoc":{"line":295,"column":11},"file":"/utils/ald-stat.js","type":"normal"},{"name":"3335","declaredName":"__function__259","declaredLoc":{"line":259,"column":11},"file":"/utils/ald-stat.js","type":"normal"},{"name":"2403","declaredName":"__function__159","declaredLoc":{"line":159,"column":14},"file":"/utils/ald-stat.js","type":"normal"},{"name":"3906","declaredName":"__function__321","declaredLoc":{"line":321,"column":64},"file":"/utils/ald-stat.js","type":"normal"},{"name":"1705","declaredName":"__function__63","declaredLoc":{"line":63,"column":11},"file":"/utils/ald-stat.js","type":"normal"},{"name":"1784","declaredName":"__function__75","declaredLoc":{"line":75,"column":22},"file":"/utils/ald-stat.js","type":"normal"},{"name":"1739","declaredName":"__function__66","declaredLoc":{"line":66,"column":9},"file":"/utils/ald-stat.js","type":"normal"},{"name":"1752","declaredName":"wx.request({url:'https://'+l+'.al...","declaredLoc":{"line":67,"column":32},"file":"/utils/ald-stat.js","type":"source,sink"}],"edges":[{"source":"1451","target":"1455"},{"source":"2207","target":"1451"},{"source":"1739","target":"1752"},{"source":"1705","target":"1739"},{"source":"1803","target":"1705"},{"source":"2069","target":"1803"},{"source":"1870","target":"1705"},{"source":"2145","target":"1870"},{"source":"2983","target":"2145"},{"source":"2983","target":"2145"},{"source":"3998","target":"2145"},{"source":"3998","target":"3998"},{"source":"2563","target":"1870"},{"source":"3644","target":"1870"},{"source":"3662","target":"1870"},{"source":"3683","target":"1870"},{"source":"2033","target":"1870"},{"source":"2051","target":"1870"},{"source":"2087","target":"1870"},{"source":"2087","target":"1870"},{"source":"2168","target":"1870"},{"source":"2186","target":"1870"},{"source":"3998","target":"1870"},{"source":"4057","target":"1870"},{"source":"4057","target":"4057"},{"source":"2602","target":"1705"},{"source":"2118","target":"2602"},{"source":"2207","target":"2602"},{"source":"2983","target":"2602"},{"source":"3108","target":"2602"},{"source":"3335","target":"1705"},{"source":"3187","target":"3335"},{"source":"3204","target":"3335"},{"source":"3221","target":"3335"},{"source":"3627","target":"3335"},{"source":"2403","target":"1705"},{"source":"3906","target":"1705"},{"source":"1784","target":"1739"}]},{"stained":"wx.login","nodes":[{"name":"3683","declaredName":"__function__304","declaredLoc":{"line":304,"column":21},"file":"/utils/ald-stat.js","type":"normal"},{"name":"2380","declaredName":"__function__154","declaredLoc":{"line":154,"column":26},"file":"/utils/ald-stat.js","type":"normal"},{"name":"2398","declaredName":"__function__158","declaredLoc":{"line":158,"column":15},"file":"/utils/ald-stat.js","type":"normal"},{"name":"1674","declaredName":"__function__53","declaredLoc":{"line":53,"column":100},"file":"/utils/ald-stat.js","type":"normal"},{"name":"1678","declaredName":"wx.login({success:function(a){wx....","declaredLoc":{"line":54,"column":8},"file":"/utils/ald-stat.js","type":"source"}],"edges":[{"source":"1674","target":"1678"},{"source":"3683","target":"1674"},{"source":"2398","target":"1674"},{"source":"2380","target":"2398"}]},{"stained":"wx.getUserInfo","nodes":[{"name":"1685","declaredName":"__function__55","declaredLoc":{"line":55,"column":21},"file":"/utils/ald-stat.js","type":"normal"},{"name":"1689","declaredName":"wx.getUserInfo({success:function(...","declaredLoc":{"line":56,"column":16},"file":"/utils/ald-stat.js","type":"source"}],"edges":[{"source":"1685","target":"1689"}]},{"stained":"wx.getShareInfo","nodes":[{"name":"2983","declaredName":"__function__227","declaredLoc":{"line":227,"column":11},"file":"/utils/ald-stat.js","type":"normal"},{"name":"3998","declaredName":"__function__328","declaredLoc":{"line":328,"column":34},"file":"/utils/ald-stat.js","type":"normal"},{"name":"2145","declaredName":"__function__128","declaredLoc":{"line":128,"column":11},"file":"/utils/ald-stat.js","type":"normal"},{"name":"2158","declaredName":"wx.getShareInfo({shareTicket:a,su...","declaredLoc":{"line":129,"column":37},"file":"/utils/ald-stat.js","type":"source"}],"edges":[{"source":"2145","target":"2158"},{"source":"2983","target":"2145"},{"source":"2983","target":"2145"},{"source":"3998","target":"2145"},{"source":"3998","target":"3998"}]},{"stained":"wx.getNetworkType","nodes":[{"name":"2207","declaredName":"__function__138","declaredLoc":{"line":138,"column":11},"file":"/utils/ald-stat.js","type":"normal"},{"name":"2472","declaredName":"wx.getNetworkType({success:functi...","declaredLoc":{"line":171,"column":8},"file":"/utils/ald-stat.js","type":"source"}],"edges":[{"source":"2207","target":"2472"}]},{"stained":"wx.getSystemInfo","nodes":[{"name":"2306","declaredName":"__function__147","declaredLoc":{"line":147,"column":16},"file":"/utils/ald-stat.js","type":"normal"},{"name":"2309","declaredName":"wx.getSystemInfo({success:functio...","declaredLoc":{"line":148,"column":12},"file":"/utils/ald-stat.js","type":"source"}],"edges":[{"source":"2306","target":"2309"}]},{"stained":"wx.getLocation","nodes":[{"name":"2380","declaredName":"__function__154","declaredLoc":{"line":154,"column":26},"file":"/utils/ald-stat.js","type":"normal"},{"name":"2432","declaredName":"__function__163","declaredLoc":{"line":163,"column":15},"file":"/utils/ald-stat.js","type":"normal"},{"name":"2435","declaredName":"wx.getLocation({type:'wgs84',succ...","declaredLoc":{"line":164,"column":12},"file":"/utils/ald-stat.js","type":"source"}],"edges":[{"source":"2432","target":"2435"},{"source":"2380","target":"2432"}]},{"stained":"wx.getSystemInfoSync","nodes":[{"name":"2118","declaredName":"__function__125","declaredLoc":{"line":125,"column":12},"file":"/utils/ald-stat.js","type":"normal"},{"name":"2207","declaredName":"__function__138","declaredLoc":{"line":138,"column":11},"file":"/utils/ald-stat.js","type":"normal"},{"name":"2983","declaredName":"__function__227","declaredLoc":{"line":227,"column":11},"file":"/utils/ald-stat.js","type":"normal"},{"name":"3108","declaredName":"__function__233","declaredLoc":{"line":233,"column":11},"file":"/utils/ald-stat.js","type":"normal"},{"name":"2602","declaredName":"__function__184","declaredLoc":{"line":184,"column":11},"file":"/utils/ald-stat.js","type":"normal"},{"name":"2669","declaredName":"wx.getSystemInfoSync()","declaredLoc":{"line":188,"column":20},"file":"/utils/ald-stat.js","type":"source"}],"edges":[{"source":"2602","target":"2669"},{"source":"2118","target":"2602"},{"source":"2207","target":"2602"},{"source":"2983","target":"2602"},{"source":"3108","target":"2602"}]}],"/utils/io.js":[{"stained":"wx.getStorageSync","nodes":[{"name":"27439","declaredName":"__function__151","declaredLoc":{"line":151,"column":12},"file":"/pages/activities/detail.js","type":"ofPageInstance: onShow"},{"name":"26598","declaredName":"__function__29","declaredLoc":{"line":29,"column":17},"file":"/pages/activities/detail.js","type":"ofPageInstance: loadEndData"},{"name":"27067","declaredName":"__function__96","declaredLoc":{"line":96,"column":18},"file":"/pages/activities/detail.js","type":"ofPageInstance: bindLikesBtn"},{"name":"27662","declaredName":"__function__19","declaredLoc":{"line":19,"column":18},"file":"/pages/activities/index.js","type":"ofPageInstance: loadListData"},{"name":"28289","declaredName":"__function__5","declaredLoc":{"line":5,"column":12},"file":"/pages/demo/demo.js","type":"ofPageInstance: onLoad"},{"name":"28371","declaredName":"__function__16","declaredLoc":{"line":16,"column":12},"file":"/pages/demo/detail.js","type":"ofPageInstance: onLoad"},{"name":"28759","declaredName":"__function__16","declaredLoc":{"line":16,"column":12},"file":"/pages/demo/mytry.js","type":"ofPageInstance: onLoad"},{"name":"28910","declaredName":"__function__39","declaredLoc":{"line":39,"column":18},"file":"/pages/demo/mytry.js","type":"ofPageInstance: loadListData"},{"name":"28956","declaredName":"__function__43","declaredLoc":{"line":43,"column":26},"file":"/pages/demo/mytry.js","type":"ofPageInstance: loadUnderwayListData"},{"name":"29087","declaredName":"__function__65","declaredLoc":{"line":65,"column":21},"file":"/pages/demo/mytry.js","type":"ofPageInstance: loadEndListData"},{"name":"30010","declaredName":"__function__36","declaredLoc":{"line":36,"column":17},"file":"/pages/experience/expDetail.js","type":"ofPageInstance: requestData"},{"name":"30202","declaredName":"__function__72","declaredLoc":{"line":72,"column":17},"file":"/pages/experience/expDetail.js","type":"ofPageInstance: onClickLike"},{"name":"30599","declaredName":"__function__16","declaredLoc":{"line":16,"column":12},"file":"/pages/experience/expEvaluate.js","type":"ofPageInstance: onLoad"},{"name":"31058","declaredName":"__function__79","declaredLoc":{"line":79,"column":21},"file":"/pages/experience/expEvaluate.js","type":"ofPageInstance: requestTypeData"},{"name":"30623","declaredName":"__function__20","declaredLoc":{"line":20,"column":20},"file":"/pages/experience/expEvaluate.js","type":"ofPageInstance: bindChangeType"},{"name":"30672","declaredName":"__function__27","declaredLoc":{"line":27,"column":28},"file":"/pages/experience/expEvaluate.js","type":"ofPageInstance: changeTypeActionWithId"},{"name":"30942","declaredName":"__function__57","declaredLoc":{"line":57,"column":23},"file":"/pages/experience/expEvaluate.js","type":"ofPageInstance: onPullDownRefresh"},{"name":"30991","declaredName":"__function__65","declaredLoc":{"line":65,"column":19},"file":"/pages/experience/expEvaluate.js","type":"ofPageInstance: onReachBottom"},{"name":"31636","declaredName":"__function__183","declaredLoc":{"line":183,"column":21},"file":"/pages/experience/expEvaluate.js","type":"ofPageInstance: refreshFilmList"},{"name":"31094","declaredName":"__function__87","declaredLoc":{"line":87,"column":26},"file":"/pages/experience/expEvaluate.js","type":"normal"},{"name":"31172","declaredName":"__function__104","declaredLoc":{"line":104,"column":27},"file":"/pages/experience/expEvaluate.js","type":"ofPageInstance: requestListWithTypeId"},{"name":"31401","declaredName":"__function__146","declaredLoc":{"line":146,"column":26},"file":"/pages/experience/expEvaluate.js","type":"ofPageInstance: requestGrowGrassList"},{"name":"31838","declaredName":"__function__10","declaredLoc":{"line":10,"column":12},"file":"/pages/experience/trailDetail.js","type":"ofPageInstance: onLoad"},{"name":"31888","declaredName":"__function__21","declaredLoc":{"line":21,"column":17},"file":"/pages/experience/trailDetail.js","type":"ofPageInstance: requestData"},{"name":"32089","declaredName":"__function__11","declaredLoc":{"line":11,"column":12},"file":"/pages/home/index.js","type":"ofPageInstance: onLoad"},{"name":"32148","declaredName":"__function__24","declaredLoc":{"line":24,"column":12},"file":"/pages/home/index.js","type":"ofPageInstance: onShow"},{"name":"32312","declaredName":"__function__57","declaredLoc":{"line":57,"column":21},"file":"/pages/home/index.js","type":"ofPageInstance: requestUserInfo"},{"name":"32439","declaredName":"__function__90","declaredLoc":{"line":90,"column":16},"file":"/pages/home/index.js","type":"ofPageInstance: startTimer"},{"name":"32461","declaredName":"__function__93","declaredLoc":{"line":93,"column":53},"file":"/pages/home/index.js","type":"normal"},{"name":"32374","declaredName":"__function__73","declaredLoc":{"line":73,"column":29},"file":"/pages/home/index.js","type":"ofPageInstance: requestUnreadMessageNum"},{"name":"32567","declaredName":"__function__18","declaredLoc":{"line":18,"column":19},"file":"/pages/home/myReports.js","type":"ofPageInstance: onReachBottom"},{"name":"32588","declaredName":"__function__22","declaredLoc":{"line":22,"column":14},"file":"/pages/home/myReports.js","type":"ofPageInstance: loadData"},{"name":"33285","declaredName":"__function__16","declaredLoc":{"line":16,"column":12},"file":"/pages/home/mytry.js","type":"ofPageInstance: onLoad"},{"name":"33557","declaredName":"__function__55","declaredLoc":{"line":55,"column":18},"file":"/pages/home/mytry.js","type":"ofPageInstance: loadListData"},{"name":"33603","declaredName":"__function__59","declaredLoc":{"line":59,"column":26},"file":"/pages/home/mytry.js","type":"ofPageInstance: loadUnderwayListData"},{"name":"33734","declaredName":"__function__81","declaredLoc":{"line":81,"column":21},"file":"/pages/home/mytry.js","type":"ofPageInstance: loadEndListData"},{"name":"34069","declaredName":"__function__17","declaredLoc":{"line":17,"column":12},"file":"/pages/home/profile.js","type":"ofPageInstance: onLoad"},{"name":"34141","declaredName":"__function__34","declaredLoc":{"line":34,"column":27},"file":"/pages/home/profile.js","type":"ofPageInstance: requestAdditionalData"},{"name":"35450","declaredName":"__function__31","declaredLoc":{"line":31,"column":12},"file":"/pages/index/index.js","type":"ofPageInstance: onLoad"},{"name":"35675","declaredName":"__function__80","declaredLoc":{"line":80,"column":22},"file":"/pages/index/index.js","type":"ofPageInstance: requestTryingNum"},{"name":"35888","declaredName":"__function__124","declaredLoc":{"line":124,"column":19},"file":"/pages/index/index.js","type":"ofPageInstance: onReachBottom"},{"name":"35953","declaredName":"__function__134","declaredLoc":{"line":134,"column":26},"file":"/pages/index/index.js","type":"ofPageInstance: loadUnderwayListData"},{"name":"35390","declaredName":"__function__13","declaredLoc":{"line":13,"column":12},"file":"/pages/index/index.js","type":"ofPageInstance: onShow"},{"name":"36393","declaredName":"__function__192","declaredLoc":{"line":192,"column":16},"file":"/pages/index/index.js","type":"ofPageInstance: startTimer"},{"name":"36415","declaredName":"__function__195","declaredLoc":{"line":195,"column":53},"file":"/pages/index/index.js","type":"normal"},{"name":"36330","declaredName":"__function__175","declaredLoc":{"line":175,"column":29},"file":"/pages/index/index.js","type":"ofPageInstance: requestUnreadMessageNum"},{"name":"36555","declaredName":"__function__15","declaredLoc":{"line":15,"column":19},"file":"/pages/message/index.js","type":"ofPageInstance: onReachBottom"},{"name":"36840","declaredName":"__function__61","declaredLoc":{"line":61,"column":12},"file":"/pages/message/index.js","type":"ofPageInstance: onShow"},{"name":"36574","declaredName":"__function__19","declaredLoc":{"line":19,"column":14},"file":"/pages/message/index.js","type":"ofPageInstance: loadData"},{"name":"37287","declaredName":"__function__14","declaredLoc":{"line":14,"column":12},"file":"/pages/try/applyBestieUsers.js","type":"ofPageInstance: onLoad"},{"name":"37348","declaredName":"__function__28","declaredLoc":{"line":28,"column":14},"file":"/pages/try/applyBestieUsers.js","type":"ofPageInstance: loadData"},{"name":"37597","declaredName":"__function__14","declaredLoc":{"line":14,"column":12},"file":"/pages/try/applyUsers.js","type":"ofPageInstance: onLoad"},{"name":"37694","declaredName":"__function__33","declaredLoc":{"line":33,"column":14},"file":"/pages/try/applyUsers.js","type":"ofPageInstance: loadData"},{"name":"38014","declaredName":"__function__33","declaredLoc":{"line":33,"column":12},"file":"/pages/try/detail.js","type":"ofPageInstance: onLoad"},{"name":"38376","declaredName":"__function__93","declaredLoc":{"line":93,"column":12},"file":"/pages/try/detail.js","type":"ofPageInstance: onShow"},{"name":"38520","declaredName":"__function__119","declaredLoc":{"line":119,"column":20},"file":"/pages/try/detail.js","type":"ofPageInstance: requestTryInfo"},{"name":"38497","declaredName":"__function__115","declaredLoc":{"line":115,"column":19},"file":"/pages/try/detail.js","type":"ofPageInstance: onReachBottom"},{"name":"38554","declaredName":"__function__127","declaredLoc":{"line":127,"column":21},"file":"/pages/try/detail.js","type":"normal"},{"name":"38728","declaredName":"__function__152","declaredLoc":{"line":152,"column":17},"file":"/pages/try/detail.js","type":"ofPageInstance: loadEndData"},{"name":"38915","declaredName":"__function__183","declaredLoc":{"line":183,"column":30},"file":"/pages/try/detail.js","type":"ofPageInstance: loadGoodsReoportListData"},{"name":"39071","declaredName":"__function__210","declaredLoc":{"line":210,"column":31},"file":"/pages/try/detail.js","type":"ofPageInstance: requestAdditionalUserInfo"},{"name":"39178","declaredName":"__function__233","declaredLoc":{"line":233,"column":18},"file":"/pages/try/detail.js","type":"ofPageInstance: bindApplyBtn"},{"name":"39916","declaredName":"__function__340","declaredLoc":{"line":340,"column":18},"file":"/pages/try/detail.js","type":"ofPageInstance: bindLikesBtn"},{"name":"41047","declaredName":"__function__11","declaredLoc":{"line":11,"column":12},"file":"/pages/try/detail_introduce.js","type":"ofPageInstance: onLoad"},{"name":"41099","declaredName":"__function__22","declaredLoc":{"line":22,"column":21},"file":"/pages/try/detail_introduce.js","type":"ofPageInstance: requestPageData"},{"name":"41296","declaredName":"__function__15","declaredLoc":{"line":15,"column":12},"file":"/pages/try/formApply.js","type":"ofPageInstance: onLoad"},{"name":"41395","declaredName":"__function__29","declaredLoc":{"line":29,"column":12},"file":"/pages/try/formApply.js","type":"ofPageInstance: onShow"},{"name":"41534","declaredName":"__function__47","declaredLoc":{"line":47,"column":18},"file":"/pages/try/formApply.js","type":"normal"},{"name":"41619","declaredName":"__function__57","declaredLoc":{"line":57,"column":27},"file":"/pages/try/formApply.js","type":"ofPageInstance: requestTryAddressInfo"},{"name":"41646","declaredName":"__function__65","declaredLoc":{"line":65,"column":21},"file":"/pages/try/formApply.js","type":"normal"},{"name":"42866","declaredName":"__function__33","declaredLoc":{"line":33,"column":12},"file":"/pages/try/submitReport.js","type":"ofPageInstance: onLoad"},{"name":"44470","declaredName":"__function__28","declaredLoc":{"line":28,"column":12},"file":"/pages/try/submitVideoReport.js","type":"ofPageInstance: onLoad"},{"name":"44552","declaredName":"__function__40","declaredLoc":{"line":40,"column":23},"file":"/pages/try/submitVideoReport.js","type":"ofPageInstance: requestVidoTocken"},{"name":"45424","declaredName":"__function__20","declaredLoc":{"line":20,"column":18},"file":"/pages/welfare/index.js","type":"ofPageInstance: loadListData"},{"name":"45998","declaredName":"__function__102","declaredLoc":{"line":102,"column":16},"file":"/pages/welfare/index.js","type":"ofPageInstance: startTimer"},{"name":"46020","declaredName":"__function__105","declaredLoc":{"line":105,"column":53},"file":"/pages/welfare/index.js","type":"normal"},{"name":"45933","declaredName":"__function__85","declaredLoc":{"line":85,"column":29},"file":"/pages/welfare/index.js","type":"ofPageInstance: requestUnreadMessageNum"},{"name":"46281","declaredName":"__function__47","declaredLoc":{"line":47,"column":30},"file":"/pages/home/address/add.js","type":"ofPageInstance: bindPickerChangeProvince"},{"name":"46394","declaredName":"__function__65","declaredLoc":{"line":65,"column":26},"file":"/pages/home/address/add.js","type":"ofPageInstance: bindPickerChangeCity"},{"name":"46901","declaredName":"__function__148","declaredLoc":{"line":148,"column":12},"file":"/pages/home/address/add.js","type":"ofPageInstance: onLoad"},{"name":"46190","declaredName":"__function__26","declaredLoc":{"line":26,"column":29},"file":"/pages/home/address/add.js","type":"ofPageInstance: requestProvinceCityList"},{"name":"47082","declaredName":"__function__28","declaredLoc":{"line":28,"column":12},"file":"/pages/home/address/edit.js","type":"ofPageInstance: onLoad"},{"name":"47539","declaredName":"__function__108","declaredLoc":{"line":108,"column":30},"file":"/pages/home/address/edit.js","type":"ofPageInstance: bindPickerChangeProvince"},{"name":"47644","declaredName":"__function__126","declaredLoc":{"line":126,"column":26},"file":"/pages/home/address/edit.js","type":"ofPageInstance: bindPickerChangeCity"},{"name":"47328","declaredName":"__function__63","declaredLoc":{"line":63,"column":29},"file":"/pages/home/address/edit.js","type":"ofPageInstance: requestProvinceCityList"},{"name":"48431","declaredName":"__function__56","declaredLoc":{"line":56,"column":21},"file":"/pages/home/address/list.js","type":"normal"},{"name":"48698","declaredName":"__function__97","declaredLoc":{"line":97,"column":29},"file":"/pages/home/address/list.js","type":"normal"},{"name":"48284","declaredName":"__function__20","declaredLoc":{"line":20,"column":18},"file":"/pages/home/address/list.js","type":"ofPageInstance: loadListData"},{"name":"48400","declaredName":"__function__49","declaredLoc":{"line":49,"column":20},"file":"/pages/home/address/list.js","type":"ofPageInstance: bindSetDefault"},{"name":"4545","declaredName":"__function__50","declaredLoc":{"line":50,"column":9},"file":"/utils/io.js","type":"normal"},{"name":"942","declaredName":"__function__91","declaredLoc":{"line":91,"column":17},"file":"/pages/login.js","type":"ofPageInstance: getUserInfo"},{"name":"335","declaredName":"__function__64","declaredLoc":{"line":64,"column":21},"file":"/app.js","type":"ofAppInstance: registerAccount"},{"name":"456","declaredName":"__function__92","declaredLoc":{"line":92,"column":21},"file":"/app.js","type":"normal"},{"name":"690","declaredName":"__function__36","declaredLoc":{"line":36,"column":33},"file":"/pages/login.js","type":"normal"},{"name":"31783","declaredName":"__function__199","declaredLoc":{"line":199,"column":16},"file":"/pages/experience/expEvaluate.js","type":"ofPageInstance: formSubmit"},{"name":"35852","declaredName":"__function__117","declaredLoc":{"line":117,"column":16},"file":"/pages/index/index.js","type":"ofPageInstance: formSubmit"},{"name":"45907","declaredName":"__function__81","declaredLoc":{"line":81,"column":16},"file":"/pages/welfare/index.js","type":"ofPageInstance: formSubmit"},{"name":"15381","declaredName":"__function__24","declaredLoc":{"line":24,"column":16},"file":"/utils/util.js","type":"normal"},{"name":"34419","declaredName":"__function__87","declaredLoc":{"line":87,"column":16},"file":"/pages/home/profile.js","type":"ofPageInstance: formSubmit"},{"name":"34523","declaredName":"__function__108","declaredLoc":{"line":108,"column":29},"file":"/pages/home/profile.js","type":"normal"},{"name":"35582","declaredName":"__function__53","declaredLoc":{"line":53,"column":33},"file":"/pages/index/index.js","type":"normal"},{"name":"42072","declaredName":"__function__132","declaredLoc":{"line":132,"column":16},"file":"/pages/try/formApply.js","type":"ofPageInstance: formSubmit"},{"name":"42115","declaredName":"__function__140","declaredLoc":{"line":140,"column":21},"file":"/pages/try/formApply.js","type":"normal"},{"name":"42140","declaredName":"__function__144","declaredLoc":{"line":144,"column":29},"file":"/pages/try/formApply.js","type":"normal"},{"name":"42170","declaredName":"__function__152","declaredLoc":{"line":152,"column":13},"file":"/pages/try/formApply.js","type":"ofPageInstance: _submit"},{"name":"42616","declaredName":"__function__36","declaredLoc":{"line":36,"column":16},"file":"/pages/try/perfectInfo.js","type":"ofPageInstance: bindFinish"},{"name":"43460","declaredName":"__function__137","declaredLoc":{"line":137,"column":16},"file":"/pages/try/submitReport.js","type":"ofPageInstance: formSubmit"},{"name":"43736","declaredName":"__function__187","declaredLoc":{"line":187,"column":15},"file":"/pages/try/submitReport.js","type":"ofPageInstance: _QNUpload"},{"name":"43542","declaredName":"__function__154","declaredLoc":{"line":154,"column":19},"file":"/pages/try/submitReport.js","type":"ofPageInstance: publishReport"},{"name":"44824","declaredName":"__function__94","declaredLoc":{"line":94,"column":21},"file":"/pages/try/submitVideoReport.js","type":"normal"},{"name":"44896","declaredName":"__function__108","declaredLoc":{"line":108,"column":19},"file":"/pages/try/submitVideoReport.js","type":"ofPageInstance: requestSubmit"},{"name":"46685","declaredName":"__function__109","declaredLoc":{"line":109,"column":16},"file":"/pages/home/address/add.js","type":"ofPageInstance: formSubmit"},{"name":"47956","declaredName":"__function__170","declaredLoc":{"line":170,"column":16},"file":"/pages/home/address/edit.js","type":"ofPageInstance: formSubmit"},{"name":"48674","declaredName":"__function__91","declaredLoc":{"line":91,"column":21},"file":"/pages/home/address/list.js","type":"normal"},{"name":"4560","declaredName":"__function__53","declaredLoc":{"line":53,"column":10},"file":"/utils/io.js","type":"normal"},{"name":"4205","declaredName":"__function__1","declaredLoc":{"line":1,"column":0},"file":"/utils/io.js","type":"normal"},{"name":"4343","declaredName":"wx.getStorageSync(d)","declaredLoc":{"line":9,"column":47},"file":"/utils/io.js","type":"source"}],"edges":[{"source":"4205","target":"4343"},{"source":"4545","target":"4205"},{"source":"26598","target":"4545"},{"source":"27439","target":"26598"},{"source":"27067","target":"4545"},{"source":"27439","target":"4545"},{"source":"27439","target":"4545"},{"source":"27662","target":"4545"},{"source":"28289","target":"4545"},{"source":"28371","target":"4545"},{"source":"28956","target":"4545"},{"source":"28759","target":"28956"},{"source":"28910","target":"28956"},{"source":"29087","target":"4545"},{"source":"28759","target":"29087"},{"source":"28910","target":"29087"},{"source":"30010","target":"4545"},{"source":"30202","target":"4545"},{"source":"31058","target":"4545"},{"source":"30599","target":"31058"},{"source":"31172","target":"4545"},{"source":"30672","target":"31172"},{"source":"30623","target":"30672"},{"source":"30942","target":"31172"},{"source":"30991","target":"31172"},{"source":"31636","target":"31172"},{"source":"31094","target":"31172"},{"source":"31401","target":"4545"},{"source":"30991","target":"31401"},{"source":"31172","target":"31401"},{"source":"31888","target":"4545"},{"source":"31838","target":"31888"},{"source":"32312","target":"4545"},{"source":"32089","target":"32312"},{"source":"32148","target":"32312"},{"source":"32374","target":"4545"},{"source":"32439","target":"32374"},{"source":"32148","target":"32439"},{"source":"32461","target":"32374"},{"source":"32588","target":"4545"},{"source":"32567","target":"32588"},{"source":"33603","target":"4545"},{"source":"33285","target":"33603"},{"source":"33557","target":"33603"},{"source":"33734","target":"4545"},{"source":"33285","target":"33734"},{"source":"33557","target":"33734"},{"source":"34069","target":"4545"},{"source":"34141","target":"4545"},{"source":"34069","target":"34141"},{"source":"35675","target":"4545"},{"source":"35450","target":"35675"},{"source":"35953","target":"4545"},{"source":"35450","target":"35953"},{"source":"35888","target":"35953"},{"source":"36330","target":"4545"},{"source":"36393","target":"36330"},{"source":"35390","target":"36393"},{"source":"36415","target":"36330"},{"source":"36574","target":"4545"},{"source":"36555","target":"36574"},{"source":"36840","target":"36574"},{"source":"37348","target":"4545"},{"source":"37287","target":"37348"},{"source":"37694","target":"4545"},{"source":"37597","target":"37694"},{"source":"38014","target":"4545"},{"source":"38520","target":"4545"},{"source":"38014","target":"38520"},{"source":"38376","target":"38520"},{"source":"38728","target":"4545"},{"source":"38376","target":"38728"},{"source":"38497","target":"38728"},{"source":"38554","target":"38728"},{"source":"38915","target":"4545"},{"source":"38014","target":"38915"},{"source":"38376","target":"38915"},{"source":"38497","target":"38915"},{"source":"39071","target":"4545"},{"source":"38376","target":"39071"},{"source":"39178","target":"4545"},{"source":"39916","target":"4545"},{"source":"41099","target":"4545"},{"source":"41047","target":"41099"},{"source":"41619","target":"4545"},{"source":"41296","target":"41619"},{"source":"41395","target":"41619"},{"source":"41534","target":"41619"},{"source":"41646","target":"4545"},{"source":"42866","target":"4545"},{"source":"44552","target":"4545"},{"source":"44470","target":"44552"},{"source":"45424","target":"4545"},{"source":"45933","target":"4545"},{"source":"45998","target":"45933"},{"source":"46020","target":"45933"},{"source":"46190","target":"4545"},{"source":"46281","target":"46190"},{"source":"46394","target":"46190"},{"source":"46901","target":"46190"},{"source":"47328","target":"4545"},{"source":"47082","target":"47328"},{"source":"47082","target":"47328"},{"source":"47082","target":"47328"},{"source":"47539","target":"47328"},{"source":"47644","target":"47328"},{"source":"48284","target":"4545"},{"source":"48431","target":"48284"},{"source":"48698","target":"48284"},{"source":"48400","target":"4545"},{"source":"4560","target":"4205"},{"source":"335","target":"4560"},{"source":"942","target":"335"},{"source":"456","target":"4560"},{"source":"690","target":"4560"},{"source":"15381","target":"4560"},{"source":"31783","target":"15381"},{"source":"35852","target":"15381"},{"source":"45907","target":"15381"},{"source":"34419","target":"4560"},{"source":"34419","target":"4560"},{"source":"34523","target":"4560"},{"source":"35582","target":"4560"},{"source":"42072","target":"4560"},{"source":"42170","target":"4560"},{"source":"42072","target":"42170"},{"source":"42115","target":"42170"},{"source":"42140","target":"42170"},{"source":"42616","target":"4560"},{"source":"43542","target":"4560"},{"source":"43736","target":"43542"},{"source":"43460","target":"43736"},{"source":"43736","target":"43736"},{"source":"44896","target":"4560"},{"source":"44824","target":"44896"},{"source":"46685","target":"4560"},{"source":"47956","target":"4560"},{"source":"48674","target":"4560"}]},{"stained":"wx.request","nodes":[{"name":"27439","declaredName":"__function__151","declaredLoc":{"line":151,"column":12},"file":"/pages/activities/detail.js","type":"ofPageInstance: onShow"},{"name":"26598","declaredName":"__function__29","declaredLoc":{"line":29,"column":17},"file":"/pages/activities/detail.js","type":"ofPageInstance: loadEndData"},{"name":"27067","declaredName":"__function__96","declaredLoc":{"line":96,"column":18},"file":"/pages/activities/detail.js","type":"ofPageInstance: bindLikesBtn"},{"name":"27662","declaredName":"__function__19","declaredLoc":{"line":19,"column":18},"file":"/pages/activities/index.js","type":"ofPageInstance: loadListData"},{"name":"28289","declaredName":"__function__5","declaredLoc":{"line":5,"column":12},"file":"/pages/demo/demo.js","type":"ofPageInstance: onLoad"},{"name":"28371","declaredName":"__function__16","declaredLoc":{"line":16,"column":12},"file":"/pages/demo/detail.js","type":"ofPageInstance: onLoad"},{"name":"28759","declaredName":"__function__16","declaredLoc":{"line":16,"column":12},"file":"/pages/demo/mytry.js","type":"ofPageInstance: onLoad"},{"name":"28910","declaredName":"__function__39","declaredLoc":{"line":39,"column":18},"file":"/pages/demo/mytry.js","type":"ofPageInstance: loadListData"},{"name":"28956","declaredName":"__function__43","declaredLoc":{"line":43,"column":26},"file":"/pages/demo/mytry.js","type":"ofPageInstance: loadUnderwayListData"},{"name":"29087","declaredName":"__function__65","declaredLoc":{"line":65,"column":21},"file":"/pages/demo/mytry.js","type":"ofPageInstance: loadEndListData"},{"name":"30010","declaredName":"__function__36","declaredLoc":{"line":36,"column":17},"file":"/pages/experience/expDetail.js","type":"ofPageInstance: requestData"},{"name":"30202","declaredName":"__function__72","declaredLoc":{"line":72,"column":17},"file":"/pages/experience/expDetail.js","type":"ofPageInstance: onClickLike"},{"name":"30599","declaredName":"__function__16","declaredLoc":{"line":16,"column":12},"file":"/pages/experience/expEvaluate.js","type":"ofPageInstance: onLoad"},{"name":"31058","declaredName":"__function__79","declaredLoc":{"line":79,"column":21},"file":"/pages/experience/expEvaluate.js","type":"ofPageInstance: requestTypeData"},{"name":"30623","declaredName":"__function__20","declaredLoc":{"line":20,"column":20},"file":"/pages/experience/expEvaluate.js","type":"ofPageInstance: bindChangeType"},{"name":"30672","declaredName":"__function__27","declaredLoc":{"line":27,"column":28},"file":"/pages/experience/expEvaluate.js","type":"ofPageInstance: changeTypeActionWithId"},{"name":"30942","declaredName":"__function__57","declaredLoc":{"line":57,"column":23},"file":"/pages/experience/expEvaluate.js","type":"ofPageInstance: onPullDownRefresh"},{"name":"30991","declaredName":"__function__65","declaredLoc":{"line":65,"column":19},"file":"/pages/experience/expEvaluate.js","type":"ofPageInstance: onReachBottom"},{"name":"31636","declaredName":"__function__183","declaredLoc":{"line":183,"column":21},"file":"/pages/experience/expEvaluate.js","type":"ofPageInstance: refreshFilmList"},{"name":"31094","declaredName":"__function__87","declaredLoc":{"line":87,"column":26},"file":"/pages/experience/expEvaluate.js","type":"normal"},{"name":"31172","declaredName":"__function__104","declaredLoc":{"line":104,"column":27},"file":"/pages/experience/expEvaluate.js","type":"ofPageInstance: requestListWithTypeId"},{"name":"31401","declaredName":"__function__146","declaredLoc":{"line":146,"column":26},"file":"/pages/experience/expEvaluate.js","type":"ofPageInstance: requestGrowGrassList"},{"name":"31838","declaredName":"__function__10","declaredLoc":{"line":10,"column":12},"file":"/pages/experience/trailDetail.js","type":"ofPageInstance: onLoad"},{"name":"31888","declaredName":"__function__21","declaredLoc":{"line":21,"column":17},"file":"/pages/experience/trailDetail.js","type":"ofPageInstance: requestData"},{"name":"32089","declaredName":"__function__11","declaredLoc":{"line":11,"column":12},"file":"/pages/home/index.js","type":"ofPageInstance: onLoad"},{"name":"32148","declaredName":"__function__24","declaredLoc":{"line":24,"column":12},"file":"/pages/home/index.js","type":"ofPageInstance: onShow"},{"name":"32312","declaredName":"__function__57","declaredLoc":{"line":57,"column":21},"file":"/pages/home/index.js","type":"ofPageInstance: requestUserInfo"},{"name":"32439","declaredName":"__function__90","declaredLoc":{"line":90,"column":16},"file":"/pages/home/index.js","type":"ofPageInstance: startTimer"},{"name":"32461","declaredName":"__function__93","declaredLoc":{"line":93,"column":53},"file":"/pages/home/index.js","type":"normal"},{"name":"32374","declaredName":"__function__73","declaredLoc":{"line":73,"column":29},"file":"/pages/home/index.js","type":"ofPageInstance: requestUnreadMessageNum"},{"name":"32567","declaredName":"__function__18","declaredLoc":{"line":18,"column":19},"file":"/pages/home/myReports.js","type":"ofPageInstance: onReachBottom"},{"name":"32588","declaredName":"__function__22","declaredLoc":{"line":22,"column":14},"file":"/pages/home/myReports.js","type":"ofPageInstance: loadData"},{"name":"33285","declaredName":"__function__16","declaredLoc":{"line":16,"column":12},"file":"/pages/home/mytry.js","type":"ofPageInstance: onLoad"},{"name":"33557","declaredName":"__function__55","declaredLoc":{"line":55,"column":18},"file":"/pages/home/mytry.js","type":"ofPageInstance: loadListData"},{"name":"33603","declaredName":"__function__59","declaredLoc":{"line":59,"column":26},"file":"/pages/home/mytry.js","type":"ofPageInstance: loadUnderwayListData"},{"name":"33734","declaredName":"__function__81","declaredLoc":{"line":81,"column":21},"file":"/pages/home/mytry.js","type":"ofPageInstance: loadEndListData"},{"name":"34069","declaredName":"__function__17","declaredLoc":{"line":17,"column":12},"file":"/pages/home/profile.js","type":"ofPageInstance: onLoad"},{"name":"34141","declaredName":"__function__34","declaredLoc":{"line":34,"column":27},"file":"/pages/home/profile.js","type":"ofPageInstance: requestAdditionalData"},{"name":"35450","declaredName":"__function__31","declaredLoc":{"line":31,"column":12},"file":"/pages/index/index.js","type":"ofPageInstance: onLoad"},{"name":"35675","declaredName":"__function__80","declaredLoc":{"line":80,"column":22},"file":"/pages/index/index.js","type":"ofPageInstance: requestTryingNum"},{"name":"35888","declaredName":"__function__124","declaredLoc":{"line":124,"column":19},"file":"/pages/index/index.js","type":"ofPageInstance: onReachBottom"},{"name":"35953","declaredName":"__function__134","declaredLoc":{"line":134,"column":26},"file":"/pages/index/index.js","type":"ofPageInstance: loadUnderwayListData"},{"name":"35390","declaredName":"__function__13","declaredLoc":{"line":13,"column":12},"file":"/pages/index/index.js","type":"ofPageInstance: onShow"},{"name":"36393","declaredName":"__function__192","declaredLoc":{"line":192,"column":16},"file":"/pages/index/index.js","type":"ofPageInstance: startTimer"},{"name":"36415","declaredName":"__function__195","declaredLoc":{"line":195,"column":53},"file":"/pages/index/index.js","type":"normal"},{"name":"36330","declaredName":"__function__175","declaredLoc":{"line":175,"column":29},"file":"/pages/index/index.js","type":"ofPageInstance: requestUnreadMessageNum"},{"name":"36555","declaredName":"__function__15","declaredLoc":{"line":15,"column":19},"file":"/pages/message/index.js","type":"ofPageInstance: onReachBottom"},{"name":"36840","declaredName":"__function__61","declaredLoc":{"line":61,"column":12},"file":"/pages/message/index.js","type":"ofPageInstance: onShow"},{"name":"36574","declaredName":"__function__19","declaredLoc":{"line":19,"column":14},"file":"/pages/message/index.js","type":"ofPageInstance: loadData"},{"name":"37287","declaredName":"__function__14","declaredLoc":{"line":14,"column":12},"file":"/pages/try/applyBestieUsers.js","type":"ofPageInstance: onLoad"},{"name":"37348","declaredName":"__function__28","declaredLoc":{"line":28,"column":14},"file":"/pages/try/applyBestieUsers.js","type":"ofPageInstance: loadData"},{"name":"37597","declaredName":"__function__14","declaredLoc":{"line":14,"column":12},"file":"/pages/try/applyUsers.js","type":"ofPageInstance: onLoad"},{"name":"37694","declaredName":"__function__33","declaredLoc":{"line":33,"column":14},"file":"/pages/try/applyUsers.js","type":"ofPageInstance: loadData"},{"name":"38014","declaredName":"__function__33","declaredLoc":{"line":33,"column":12},"file":"/pages/try/detail.js","type":"ofPageInstance: onLoad"},{"name":"38376","declaredName":"__function__93","declaredLoc":{"line":93,"column":12},"file":"/pages/try/detail.js","type":"ofPageInstance: onShow"},{"name":"38520","declaredName":"__function__119","declaredLoc":{"line":119,"column":20},"file":"/pages/try/detail.js","type":"ofPageInstance: requestTryInfo"},{"name":"38497","declaredName":"__function__115","declaredLoc":{"line":115,"column":19},"file":"/pages/try/detail.js","type":"ofPageInstance: onReachBottom"},{"name":"38554","declaredName":"__function__127","declaredLoc":{"line":127,"column":21},"file":"/pages/try/detail.js","type":"normal"},{"name":"38728","declaredName":"__function__152","declaredLoc":{"line":152,"column":17},"file":"/pages/try/detail.js","type":"ofPageInstance: loadEndData"},{"name":"38915","declaredName":"__function__183","declaredLoc":{"line":183,"column":30},"file":"/pages/try/detail.js","type":"ofPageInstance: loadGoodsReoportListData"},{"name":"39071","declaredName":"__function__210","declaredLoc":{"line":210,"column":31},"file":"/pages/try/detail.js","type":"ofPageInstance: requestAdditionalUserInfo"},{"name":"39178","declaredName":"__function__233","declaredLoc":{"line":233,"column":18},"file":"/pages/try/detail.js","type":"ofPageInstance: bindApplyBtn"},{"name":"39916","declaredName":"__function__340","declaredLoc":{"line":340,"column":18},"file":"/pages/try/detail.js","type":"ofPageInstance: bindLikesBtn"},{"name":"41047","declaredName":"__function__11","declaredLoc":{"line":11,"column":12},"file":"/pages/try/detail_introduce.js","type":"ofPageInstance: onLoad"},{"name":"41099","declaredName":"__function__22","declaredLoc":{"line":22,"column":21},"file":"/pages/try/detail_introduce.js","type":"ofPageInstance: requestPageData"},{"name":"41296","declaredName":"__function__15","declaredLoc":{"line":15,"column":12},"file":"/pages/try/formApply.js","type":"ofPageInstance: onLoad"},{"name":"41395","declaredName":"__function__29","declaredLoc":{"line":29,"column":12},"file":"/pages/try/formApply.js","type":"ofPageInstance: onShow"},{"name":"41534","declaredName":"__function__47","declaredLoc":{"line":47,"column":18},"file":"/pages/try/formApply.js","type":"normal"},{"name":"41619","declaredName":"__function__57","declaredLoc":{"line":57,"column":27},"file":"/pages/try/formApply.js","type":"ofPageInstance: requestTryAddressInfo"},{"name":"41646","declaredName":"__function__65","declaredLoc":{"line":65,"column":21},"file":"/pages/try/formApply.js","type":"normal"},{"name":"42866","declaredName":"__function__33","declaredLoc":{"line":33,"column":12},"file":"/pages/try/submitReport.js","type":"ofPageInstance: onLoad"},{"name":"44470","declaredName":"__function__28","declaredLoc":{"line":28,"column":12},"file":"/pages/try/submitVideoReport.js","type":"ofPageInstance: onLoad"},{"name":"44552","declaredName":"__function__40","declaredLoc":{"line":40,"column":23},"file":"/pages/try/submitVideoReport.js","type":"ofPageInstance: requestVidoTocken"},{"name":"45424","declaredName":"__function__20","declaredLoc":{"line":20,"column":18},"file":"/pages/welfare/index.js","type":"ofPageInstance: loadListData"},{"name":"45998","declaredName":"__function__102","declaredLoc":{"line":102,"column":16},"file":"/pages/welfare/index.js","type":"ofPageInstance: startTimer"},{"name":"46020","declaredName":"__function__105","declaredLoc":{"line":105,"column":53},"file":"/pages/welfare/index.js","type":"normal"},{"name":"45933","declaredName":"__function__85","declaredLoc":{"line":85,"column":29},"file":"/pages/welfare/index.js","type":"ofPageInstance: requestUnreadMessageNum"},{"name":"46281","declaredName":"__function__47","declaredLoc":{"line":47,"column":30},"file":"/pages/home/address/add.js","type":"ofPageInstance: bindPickerChangeProvince"},{"name":"46394","declaredName":"__function__65","declaredLoc":{"line":65,"column":26},"file":"/pages/home/address/add.js","type":"ofPageInstance: bindPickerChangeCity"},{"name":"46901","declaredName":"__function__148","declaredLoc":{"line":148,"column":12},"file":"/pages/home/address/add.js","type":"ofPageInstance: onLoad"},{"name":"46190","declaredName":"__function__26","declaredLoc":{"line":26,"column":29},"file":"/pages/home/address/add.js","type":"ofPageInstance: requestProvinceCityList"},{"name":"47082","declaredName":"__function__28","declaredLoc":{"line":28,"column":12},"file":"/pages/home/address/edit.js","type":"ofPageInstance: onLoad"},{"name":"47539","declaredName":"__function__108","declaredLoc":{"line":108,"column":30},"file":"/pages/home/address/edit.js","type":"ofPageInstance: bindPickerChangeProvince"},{"name":"47644","declaredName":"__function__126","declaredLoc":{"line":126,"column":26},"file":"/pages/home/address/edit.js","type":"ofPageInstance: bindPickerChangeCity"},{"name":"47328","declaredName":"__function__63","declaredLoc":{"line":63,"column":29},"file":"/pages/home/address/edit.js","type":"ofPageInstance: requestProvinceCityList"},{"name":"48431","declaredName":"__function__56","declaredLoc":{"line":56,"column":21},"file":"/pages/home/address/list.js","type":"normal"},{"name":"48698","declaredName":"__function__97","declaredLoc":{"line":97,"column":29},"file":"/pages/home/address/list.js","type":"normal"},{"name":"48284","declaredName":"__function__20","declaredLoc":{"line":20,"column":18},"file":"/pages/home/address/list.js","type":"ofPageInstance: loadListData"},{"name":"48400","declaredName":"__function__49","declaredLoc":{"line":49,"column":20},"file":"/pages/home/address/list.js","type":"ofPageInstance: bindSetDefault"},{"name":"4545","declaredName":"__function__50","declaredLoc":{"line":50,"column":9},"file":"/utils/io.js","type":"normal"},{"name":"942","declaredName":"__function__91","declaredLoc":{"line":91,"column":17},"file":"/pages/login.js","type":"ofPageInstance: getUserInfo"},{"name":"335","declaredName":"__function__64","declaredLoc":{"line":64,"column":21},"file":"/app.js","type":"ofAppInstance: registerAccount"},{"name":"456","declaredName":"__function__92","declaredLoc":{"line":92,"column":21},"file":"/app.js","type":"normal"},{"name":"690","declaredName":"__function__36","declaredLoc":{"line":36,"column":33},"file":"/pages/login.js","type":"normal"},{"name":"31783","declaredName":"__function__199","declaredLoc":{"line":199,"column":16},"file":"/pages/experience/expEvaluate.js","type":"ofPageInstance: formSubmit"},{"name":"35852","declaredName":"__function__117","declaredLoc":{"line":117,"column":16},"file":"/pages/index/index.js","type":"ofPageInstance: formSubmit"},{"name":"45907","declaredName":"__function__81","declaredLoc":{"line":81,"column":16},"file":"/pages/welfare/index.js","type":"ofPageInstance: formSubmit"},{"name":"15381","declaredName":"__function__24","declaredLoc":{"line":24,"column":16},"file":"/utils/util.js","type":"normal"},{"name":"34419","declaredName":"__function__87","declaredLoc":{"line":87,"column":16},"file":"/pages/home/profile.js","type":"ofPageInstance: formSubmit"},{"name":"34523","declaredName":"__function__108","declaredLoc":{"line":108,"column":29},"file":"/pages/home/profile.js","type":"normal"},{"name":"35582","declaredName":"__function__53","declaredLoc":{"line":53,"column":33},"file":"/pages/index/index.js","type":"normal"},{"name":"42072","declaredName":"__function__132","declaredLoc":{"line":132,"column":16},"file":"/pages/try/formApply.js","type":"ofPageInstance: formSubmit"},{"name":"42115","declaredName":"__function__140","declaredLoc":{"line":140,"column":21},"file":"/pages/try/formApply.js","type":"normal"},{"name":"42140","declaredName":"__function__144","declaredLoc":{"line":144,"column":29},"file":"/pages/try/formApply.js","type":"normal"},{"name":"42170","declaredName":"__function__152","declaredLoc":{"line":152,"column":13},"file":"/pages/try/formApply.js","type":"ofPageInstance: _submit"},{"name":"42616","declaredName":"__function__36","declaredLoc":{"line":36,"column":16},"file":"/pages/try/perfectInfo.js","type":"ofPageInstance: bindFinish"},{"name":"43460","declaredName":"__function__137","declaredLoc":{"line":137,"column":16},"file":"/pages/try/submitReport.js","type":"ofPageInstance: formSubmit"},{"name":"43736","declaredName":"__function__187","declaredLoc":{"line":187,"column":15},"file":"/pages/try/submitReport.js","type":"ofPageInstance: _QNUpload"},{"name":"43542","declaredName":"__function__154","declaredLoc":{"line":154,"column":19},"file":"/pages/try/submitReport.js","type":"ofPageInstance: publishReport"},{"name":"44824","declaredName":"__function__94","declaredLoc":{"line":94,"column":21},"file":"/pages/try/submitVideoReport.js","type":"normal"},{"name":"44896","declaredName":"__function__108","declaredLoc":{"line":108,"column":19},"file":"/pages/try/submitVideoReport.js","type":"ofPageInstance: requestSubmit"},{"name":"46685","declaredName":"__function__109","declaredLoc":{"line":109,"column":16},"file":"/pages/home/address/add.js","type":"ofPageInstance: formSubmit"},{"name":"47956","declaredName":"__function__170","declaredLoc":{"line":170,"column":16},"file":"/pages/home/address/edit.js","type":"ofPageInstance: formSubmit"},{"name":"48674","declaredName":"__function__91","declaredLoc":{"line":91,"column":21},"file":"/pages/home/address/list.js","type":"normal"},{"name":"4560","declaredName":"__function__53","declaredLoc":{"line":53,"column":10},"file":"/utils/io.js","type":"normal"},{"name":"4205","declaredName":"__function__1","declaredLoc":{"line":1,"column":0},"file":"/utils/io.js","type":"normal"},{"name":"4516","declaredName":"__function__43","declaredLoc":{"line":43,"column":0},"file":"/utils/io.js","type":"normal"},{"name":"4521","declaredName":"wx.request(e)","declaredLoc":{"line":44,"column":4},"file":"/utils/io.js","type":"source,sink"}],"edges":[{"source":"4516","target":"4521"},{"source":"4205","target":"4516"},{"source":"4545","target":"4205"},{"source":"26598","target":"4545"},{"source":"27439","target":"26598"},{"source":"27067","target":"4545"},{"source":"27439","target":"4545"},{"source":"27439","target":"4545"},{"source":"27662","target":"4545"},{"source":"28289","target":"4545"},{"source":"28371","target":"4545"},{"source":"28956","target":"4545"},{"source":"28759","target":"28956"},{"source":"28910","target":"28956"},{"source":"29087","target":"4545"},{"source":"28759","target":"29087"},{"source":"28910","target":"29087"},{"source":"30010","target":"4545"},{"source":"30202","target":"4545"},{"source":"31058","target":"4545"},{"source":"30599","target":"31058"},{"source":"31172","target":"4545"},{"source":"30672","target":"31172"},{"source":"30623","target":"30672"},{"source":"30942","target":"31172"},{"source":"30991","target":"31172"},{"source":"31636","target":"31172"},{"source":"31094","target":"31172"},{"source":"31401","target":"4545"},{"source":"30991","target":"31401"},{"source":"31172","target":"31401"},{"source":"31888","target":"4545"},{"source":"31838","target":"31888"},{"source":"32312","target":"4545"},{"source":"32089","target":"32312"},{"source":"32148","target":"32312"},{"source":"32374","target":"4545"},{"source":"32439","target":"32374"},{"source":"32148","target":"32439"},{"source":"32461","target":"32374"},{"source":"32588","target":"4545"},{"source":"32567","target":"32588"},{"source":"33603","target":"4545"},{"source":"33285","target":"33603"},{"source":"33557","target":"33603"},{"source":"33734","target":"4545"},{"source":"33285","target":"33734"},{"source":"33557","target":"33734"},{"source":"34069","target":"4545"},{"source":"34141","target":"4545"},{"source":"34069","target":"34141"},{"source":"35675","target":"4545"},{"source":"35450","target":"35675"},{"source":"35953","target":"4545"},{"source":"35450","target":"35953"},{"source":"35888","target":"35953"},{"source":"36330","target":"4545"},{"source":"36393","target":"36330"},{"source":"35390","target":"36393"},{"source":"36415","target":"36330"},{"source":"36574","target":"4545"},{"source":"36555","target":"36574"},{"source":"36840","target":"36574"},{"source":"37348","target":"4545"},{"source":"37287","target":"37348"},{"source":"37694","target":"4545"},{"source":"37597","target":"37694"},{"source":"38014","target":"4545"},{"source":"38520","target":"4545"},{"source":"38014","target":"38520"},{"source":"38376","target":"38520"},{"source":"38728","target":"4545"},{"source":"38376","target":"38728"},{"source":"38497","target":"38728"},{"source":"38554","target":"38728"},{"source":"38915","target":"4545"},{"source":"38014","target":"38915"},{"source":"38376","target":"38915"},{"source":"38497","target":"38915"},{"source":"39071","target":"4545"},{"source":"38376","target":"39071"},{"source":"39178","target":"4545"},{"source":"39916","target":"4545"},{"source":"41099","target":"4545"},{"source":"41047","target":"41099"},{"source":"41619","target":"4545"},{"source":"41296","target":"41619"},{"source":"41395","target":"41619"},{"source":"41534","target":"41619"},{"source":"41646","target":"4545"},{"source":"42866","target":"4545"},{"source":"44552","target":"4545"},{"source":"44470","target":"44552"},{"source":"45424","target":"4545"},{"source":"45933","target":"4545"},{"source":"45998","target":"45933"},{"source":"46020","target":"45933"},{"source":"46190","target":"4545"},{"source":"46281","target":"46190"},{"source":"46394","target":"46190"},{"source":"46901","target":"46190"},{"source":"47328","target":"4545"},{"source":"47082","target":"47328"},{"source":"47082","target":"47328"},{"source":"47082","target":"47328"},{"source":"47539","target":"47328"},{"source":"47644","target":"47328"},{"source":"48284","target":"4545"},{"source":"48431","target":"48284"},{"source":"48698","target":"48284"},{"source":"48400","target":"4545"},{"source":"4560","target":"4205"},{"source":"335","target":"4560"},{"source":"942","target":"335"},{"source":"456","target":"4560"},{"source":"690","target":"4560"},{"source":"15381","target":"4560"},{"source":"31783","target":"15381"},{"source":"35852","target":"15381"},{"source":"45907","target":"15381"},{"source":"34419","target":"4560"},{"source":"34419","target":"4560"},{"source":"34523","target":"4560"},{"source":"35582","target":"4560"},{"source":"42072","target":"4560"},{"source":"42170","target":"4560"},{"source":"42072","target":"42170"},{"source":"42115","target":"42170"},{"source":"42140","target":"42170"},{"source":"42616","target":"4560"},{"source":"43542","target":"4560"},{"source":"43736","target":"43542"},{"source":"43460","target":"43736"},{"source":"43736","target":"43736"},{"source":"44896","target":"4560"},{"source":"44824","target":"44896"},{"source":"46685","target":"4560"},{"source":"47956","target":"4560"},{"source":"48674","target":"4560"}]}],"/utils/kissy.js":[{"stained":"wx.getSystemInfoSync","nodes":[{"name":"14548","declaredName":"__function__859","declaredLoc":{"line":859,"column":6},"file":"/utils/kissy.js","type":"normal"},{"name":"14560","declaredName":"wx.getSystemInfoSync()","declaredLoc":{"line":861,"column":8},"file":"/utils/kissy.js","type":"source"}],"edges":[{"source":"14548","target":"14560"},{"source":"4576","target":"14548"}]}],"/utils/stat.js":[{"stained":"wx.request","nodes":[{"name":"15063","declaredName":"__function__23","declaredLoc":{"line":23,"column":11},"file":"/utils/stat.js","type":"normal"},{"name":"15026","declaredName":"__function__14","declaredLoc":{"line":14,"column":12},"file":"/utils/stat.js","type":"normal"},{"name":"15030","declaredName":"wx.request({url:a.API_URL+'/w.gif...","declaredLoc":{"line":15,"column":8},"file":"/utils/stat.js","type":"source,sink"}],"edges":[{"source":"15026","target":"15030"},{"source":"15063","target":"15026"}]},{"stained":"wx.getStorageSync","nodes":[{"name":"15063","declaredName":"__function__23","declaredLoc":{"line":23,"column":11},"file":"/utils/stat.js","type":"normal"},{"name":"15074","declaredName":"wx.getStorageSync('aldstat_uuid')","declaredLoc":{"line":25,"column":26},"file":"/utils/stat.js","type":"source"},{"name":"15120","declaredName":"wx.getStorageSync(o)","declaredLoc":{"line":27,"column":51},"file":"/utils/stat.js","type":"source"}],"edges":[{"source":"15063","target":"15074"},{"source":"15063","target":"15120"}]}],"/wxParse/wxParse.js":[{"stained":"wx.getSystemInfo","nodes":[{"name":"26137","declaredName":"wx.getSystemInfo({success:functio...","declaredLoc":{"line":56,"column":0},"file":"/wxParse/wxParse.js","type":"source"}],"edges":[{"source":"25743","target":"26137"}]}],"/pages/activities/detail.js":[{"stained":"wx.getStorageSync","nodes":[{"name":"27439","declaredName":"__function__151","declaredLoc":{"line":151,"column":12},"file":"/pages/activities/detail.js","type":"ofPageInstance: onShow"},{"name":"27496","declaredName":"wx.getStorageSync('apply_report')","declaredLoc":{"line":164,"column":12},"file":"/pages/activities/detail.js","type":"source"}],"edges":[{"source":"27439","target":"27496"}]}],"/pages/demo/detail.js":[{"stained":"wx.getSystemInfo","nodes":[{"name":"28371","declaredName":"__function__16","declaredLoc":{"line":16,"column":12},"file":"/pages/demo/detail.js","type":"ofPageInstance: onLoad"},{"name":"28441","declaredName":"wx.getSystemInfo({success:functio...","declaredLoc":{"line":33,"column":12},"file":"/pages/demo/detail.js","type":"source"}],"edges":[{"source":"28371","target":"28441"}]}],"/pages/experience/expDetail.js":[{"stained":"wx.getStorageSync","nodes":[{"name":"29903","declaredName":"__function__16","declaredLoc":{"line":16,"column":12},"file":"/pages/experience/expDetail.js","type":"ofPageInstance: onLoad"},{"name":"29929","declaredName":"wx.getStorageSync('needShowHomeBu...","declaredLoc":{"line":21,"column":26},"file":"/pages/experience/expDetail.js","type":"source"}],"edges":[{"source":"29903","target":"29929"}]}],"/pages/home/index.js":[{"stained":"wx.getStorageSync","nodes":[{"name":"32148","declaredName":"__function__24","declaredLoc":{"line":24,"column":12},"file":"/pages/home/index.js","type":"ofPageInstance: onShow"},{"name":"32156","declaredName":"wx.getStorageSync('needRefreshUse...","declaredLoc":{"line":25,"column":26},"file":"/pages/home/index.js","type":"source"}],"edges":[{"source":"32148","target":"32156"}]}],"/pages/home/profile.js":[{"stained":"wx.chooseImage","nodes":[{"name":"34316","declaredName":"__function__64","declaredLoc":{"line":64,"column":22},"file":"/pages/home/profile.js","type":"ofPageInstance: bindModifyAvatar"},{"name":"34323","declaredName":"wx.chooseImage({count:1,sizeType:...","declaredLoc":{"line":66,"column":8},"file":"/pages/home/profile.js","type":"source"}],"edges":[{"source":"34316","target":"34323"}]}],"/pages/index/index.js":[{"stained":"wx.login","nodes":[{"name":"35550","declaredName":"__function__47","declaredLoc":{"line":47,"column":18},"file":"/pages/index/index.js","type":"ofPageInstance: requestLogin"},{"name":"35553","declaredName":"wx.login({success:function(t){if(...","declaredLoc":{"line":48,"column":8},"file":"/pages/index/index.js","type":"source"}],"edges":[{"source":"35550","target":"35553"}]},{"stained":"wx.getUserInfo","nodes":[{"name":"35560","declaredName":"__function__49","declaredLoc":{"line":49,"column":21},"file":"/pages/index/index.js","type":"normal"},{"name":"35575","declaredName":"wx.getUserInfo({success:function(...","declaredLoc":{"line":52,"column":20},"file":"/pages/index/index.js","type":"source"}],"edges":[{"source":"35560","target":"35575"}]}],"/pages/try/detail.js":[{"stained":"wx.getStorageSync","nodes":[{"name":"38014","declaredName":"__function__33","declaredLoc":{"line":33,"column":12},"file":"/pages/try/detail.js","type":"ofPageInstance: onLoad"},{"name":"38236","declaredName":"wx.getStorageSync('share_detail_f...","declaredLoc":{"line":66,"column":25},"file":"/pages/try/detail.js","type":"source"},{"name":"38291","declaredName":"wx.getStorageSync('needShowHomeBu...","declaredLoc":{"line":75,"column":26},"file":"/pages/try/detail.js","type":"source"},{"name":"38376","declaredName":"__function__93","declaredLoc":{"line":93,"column":12},"file":"/pages/try/detail.js","type":"ofPageInstance: onShow"},{"name":"38400","declaredName":"wx.getStorageSync('apply_report')","declaredLoc":{"line":97,"column":12},"file":"/pages/try/detail.js","type":"source"},{"name":"38447","declaredName":"wx.getStorageSync('tmp_show_besti...","declaredLoc":{"line":104,"column":86},"file":"/pages/try/detail.js","type":"source"}],"edges":[{"source":"38014","target":"38236"},{"source":"38014","target":"38291"},{"source":"38376","target":"38400"},{"source":"38376","target":"38447"}]},{"stained":"wx.chooseVideo","nodes":[{"name":"39733","declaredName":"__function__312","declaredLoc":{"line":312,"column":25},"file":"/pages/try/detail.js","type":"normal"},{"name":"39783","declaredName":"__function__323","declaredLoc":{"line":323,"column":25},"file":"/pages/try/detail.js","type":"ofPageInstance: chooseVideoWithType"},{"name":"39800","declaredName":"wx.chooseVideo({sourceType:e,maxD...","declaredLoc":{"line":325,"column":19},"file":"/pages/try/detail.js","type":"source"}],"edges":[{"source":"39783","target":"39800"},{"source":"39733","target":"39783"},{"source":"39733","target":"39783"}]}],"/pages/try/formApply.js":[{"stained":"wx.getStorageSync","nodes":[{"name":"41296","declaredName":"__function__15","declaredLoc":{"line":15,"column":12},"file":"/pages/try/formApply.js","type":"ofPageInstance: onLoad"},{"name":"41321","declaredName":"wx.getStorageSync('cache_apply_pa...","declaredLoc":{"line":20,"column":24},"file":"/pages/try/formApply.js","type":"source"},{"name":"41395","declaredName":"__function__29","declaredLoc":{"line":29,"column":12},"file":"/pages/try/formApply.js","type":"ofPageInstance: onShow"},{"name":"41403","declaredName":"wx.getStorageSync('tmpSelectAddre...","declaredLoc":{"line":30,"column":26},"file":"/pages/try/formApply.js","type":"source"},{"name":"41509","declaredName":"wx.getStorageSync('tmpRemovedAddr...","declaredLoc":{"line":45,"column":16},"file":"/pages/try/formApply.js","type":"source"},{"name":"41581","declaredName":"wx.getStorageSync('tmpNeedRefresh...","declaredLoc":{"line":52,"column":16},"file":"/pages/try/formApply.js","type":"source"}],"edges":[{"source":"41296","target":"41321"},{"source":"41395","target":"41403"},{"source":"41395","target":"41509"},{"source":"41395","target":"41581"}]}],"/pages/try/submitReport.js":[{"stained":"wx.chooseImage","nodes":[{"name":"43086","declaredName":"__function__68","declaredLoc":{"line":68,"column":21},"file":"/pages/try/submitReport.js","type":"ofPageInstance: bindAddImageBtn"},{"name":"43093","declaredName":"wx.chooseImage({count:t.data.imag...","declaredLoc":{"line":70,"column":8},"file":"/pages/try/submitReport.js","type":"source"}],"edges":[{"source":"43086","target":"43093"}]}]}