{"definedData":[{"trueData":{"id":304,"declaredName":"__object__4.getUser","declaredLoc":{"line":55,"column":4},"file":"/app.js","type":"normal"},"readShadows":[{"shadowVar":{"id":-3593,"declaredName":"__object__getApp.getUser","file":"/pages/activities/detail.js","type":"normal"},"readAccess":[{"leftVar":[{"id":27446,"declaredName":"s","declaredLoc":{"line":152,"column":22},"file":"/pages/activities/detail.js","type":"normal"}],"readFlow":[{"type":"assign to","from":{"name":"a.getUser","loc":{"line":152,"column":26},"id":27448,"file":"D:\\WORK\\2022\\论文相关\\TOSEM\\MiniApp-review\\flow-baseline\\datasetPopular\\if试用\\__APP__/pages/activities/detail.js"},"to":{"name":"s","loc":{"line":152,"column":22},"id":27446,"file":"D:\\WORK\\2022\\论文相关\\TOSEM\\MiniApp-review\\flow-baseline\\datasetPopular\\if试用\\__APP__/pages/activities/detail.js"}},{"type":"read","from":{"name":"s","loc":{"line":152,"column":22},"id":27446,"file":"D:\\WORK\\2022\\论文相关\\TOSEM\\MiniApp-review\\flow-baseline\\datasetPopular\\if试用\\__APP__/pages/activities/detail.js"},"to":{"name":"s","loc":{"line":154,"column":23},"id":27460,"file":"D:\\WORK\\2022\\论文相关\\TOSEM\\MiniApp-review\\flow-baseline\\datasetPopular\\if试用\\__APP__/pages/activities/detail.js"}},{"type":"assign to","from":{"name":"s","loc":{"line":154,"column":23},"id":27460,"file":"D:\\WORK\\2022\\论文相关\\TOSEM\\MiniApp-review\\flow-baseline\\datasetPopular\\if试用\\__APP__/pages/activities/detail.js"},"to":{"name":"loginUser","loc":{"line":154,"column":12},"id":27459,"file":"D:\\WORK\\2022\\论文相关\\TOSEM\\MiniApp-review\\flow-baseline\\datasetPopular\\if试用\\__APP__/pages/activities/detail.js"}},{"type":"to callee","from":{"name":"loginUser","loc":{"line":154,"column":12},"id":27459,"file":"D:\\WORK\\2022\\论文相关\\TOSEM\\MiniApp-review\\flow-baseline\\datasetPopular\\if试用\\__APP__/pages/activities/detail.js"},"to":{"name":"t.setData","loc":{"line":153,"column":8},"id":27454,"file":"D:\\WORK\\2022\\论文相关\\TOSEM\\MiniApp-review\\flow-baseline\\datasetPopular\\if试用\\__APP__/pages/activities/detail.js"}}]}]},{"shadowVar":{"id":-3868,"declaredName":"__object__getApp.getUser","file":"/pages/home/index.js","type":"normal"},"readAccess":[{"leftVar":[{"id":32113,"declaredName":"r","declaredLoc":{"line":15,"column":16},"file":"/pages/home/index.js","type":"normal"}],"readFlow":[{"type":"assign to","from":{"name":"n.getUser","loc":{"line":15,"column":20},"id":32115,"file":"D:\\WORK\\2022\\论文相关\\TOSEM\\MiniApp-review\\flow-baseline\\datasetPopular\\if试用\\__APP__/pages/home/index.js"},"to":{"name":"r","loc":{"line":15,"column":16},"id":32113,"file":"D:\\WORK\\2022\\论文相关\\TOSEM\\MiniApp-review\\flow-baseline\\datasetPopular\\if试用\\__APP__/pages/home/index.js"}},{"type":"read","from":{"name":"r","loc":{"line":15,"column":16},"id":32113,"file":"D:\\WORK\\2022\\论文相关\\TOSEM\\MiniApp-review\\flow-baseline\\datasetPopular\\if试用\\__APP__/pages/home/index.js"},"to":{"name":"r","loc":{"line":17,"column":22},"id":32127,"file":"D:\\WORK\\2022\\论文相关\\TOSEM\\MiniApp-review\\flow-baseline\\datasetPopular\\if试用\\__APP__/pages/home/index.js"}},{"type":"assign to","from":{"name":"r","loc":{"line":17,"column":22},"id":32127,"file":"D:\\WORK\\2022\\论文相关\\TOSEM\\MiniApp-review\\flow-baseline\\datasetPopular\\if试用\\__APP__/pages/home/index.js"},"to":{"name":"user","loc":{"line":17,"column":16},"id":32126,"file":"D:\\WORK\\2022\\论文相关\\TOSEM\\MiniApp-review\\flow-baseline\\datasetPopular\\if试用\\__APP__/pages/home/index.js"}},{"type":"to callee","from":{"name":"user","loc":{"line":17,"column":16},"id":32126,"file":"D:\\WORK\\2022\\论文相关\\TOSEM\\MiniApp-review\\flow-baseline\\datasetPopular\\if试用\\__APP__/pages/home/index.js"},"to":{"name":"s.setData","loc":{"line":16,"column":12},"id":32121,"file":"D:\\WORK\\2022\\论文相关\\TOSEM\\MiniApp-review\\flow-baseline\\datasetPopular\\if试用\\__APP__/pages/home/index.js"}}]},{"leftVar":[{"id":32195,"declaredName":"r","declaredLoc":{"line":30,"column":20},"file":"/pages/home/index.js","type":"normal"}],"readFlow":[{"type":"assign to","from":{"name":"n.getUser","loc":{"line":30,"column":24},"id":32197,"file":"D:\\WORK\\2022\\论文相关\\TOSEM\\MiniApp-review\\flow-baseline\\datasetPopular\\if试用\\__APP__/pages/home/index.js"},"to":{"name":"r","loc":{"line":30,"column":20},"id":32195,"file":"D:\\WORK\\2022\\论文相关\\TOSEM\\MiniApp-review\\flow-baseline\\datasetPopular\\if试用\\__APP__/pages/home/index.js"}},{"type":"read","from":{"name":"r","loc":{"line":30,"column":20},"id":32195,"file":"D:\\WORK\\2022\\论文相关\\TOSEM\\MiniApp-review\\flow-baseline\\datasetPopular\\if试用\\__APP__/pages/home/index.js"},"to":{"name":"r","loc":{"line":32,"column":26},"id":32209,"file":"D:\\WORK\\2022\\论文相关\\TOSEM\\MiniApp-review\\flow-baseline\\datasetPopular\\if试用\\__APP__/pages/home/index.js"}},{"type":"assign to","from":{"name":"r","loc":{"line":32,"column":26},"id":32209,"file":"D:\\WORK\\2022\\论文相关\\TOSEM\\MiniApp-review\\flow-baseline\\datasetPopular\\if试用\\__APP__/pages/home/index.js"},"to":{"name":"user","loc":{"line":32,"column":20},"id":32208,"file":"D:\\WORK\\2022\\论文相关\\TOSEM\\MiniApp-review\\flow-baseline\\datasetPopular\\if试用\\__APP__/pages/home/index.js"}},{"type":"to callee","from":{"name":"user","loc":{"line":32,"column":20},"id":32208,"file":"D:\\WORK\\2022\\论文相关\\TOSEM\\MiniApp-review\\flow-baseline\\datasetPopular\\if试用\\__APP__/pages/home/index.js"},"to":{"name":"e.setData","loc":{"line":31,"column":16},"id":32203,"file":"D:\\WORK\\2022\\论文相关\\TOSEM\\MiniApp-review\\flow-baseline\\datasetPopular\\if试用\\__APP__/pages/home/index.js"}}]}]},{"shadowVar":{"id":-3887,"declaredName":"__object__getApp.getUser","file":"/pages/home/myReports.js","type":"normal"},"readAccess":[{"leftVar":[{"id":32551,"declaredName":"s","declaredLoc":{"line":13,"column":22},"file":"/pages/home/myReports.js","type":"normal"}],"readFlow":[{"type":"assign to","from":{"name":"a.getUser","loc":{"line":13,"column":26},"id":32553,"file":"D:\\WORK\\2022\\论文相关\\TOSEM\\MiniApp-review\\flow-baseline\\datasetPopular\\if试用\\__APP__/pages/home/myReports.js"},"to":{"name":"s","loc":{"line":13,"column":22},"id":32551,"file":"D:\\WORK\\2022\\论文相关\\TOSEM\\MiniApp-review\\flow-baseline\\datasetPopular\\if试用\\__APP__/pages/home/myReports.js"}},{"type":"read","from":{"name":"s","loc":{"line":13,"column":22},"id":32551,"file":"D:\\WORK\\2022\\论文相关\\TOSEM\\MiniApp-review\\flow-baseline\\datasetPopular\\if试用\\__APP__/pages/home/myReports.js"},"to":{"name":"s","loc":{"line":15,"column":18},"id":32564,"file":"D:\\WORK\\2022\\论文相关\\TOSEM\\MiniApp-review\\flow-baseline\\datasetPopular\\if试用\\__APP__/pages/home/myReports.js"}},{"type":"assign to","from":{"name":"s","loc":{"line":15,"column":18},"id":32564,"file":"D:\\WORK\\2022\\论文相关\\TOSEM\\MiniApp-review\\flow-baseline\\datasetPopular\\if试用\\__APP__/pages/home/myReports.js"},"to":{"name":"user","loc":{"line":15,"column":12},"id":32563,"file":"D:\\WORK\\2022\\论文相关\\TOSEM\\MiniApp-review\\flow-baseline\\datasetPopular\\if试用\\__APP__/pages/home/myReports.js"}},{"type":"to callee","from":{"name":"user","loc":{"line":15,"column":12},"id":32563,"file":"D:\\WORK\\2022\\论文相关\\TOSEM\\MiniApp-review\\flow-baseline\\datasetPopular\\if试用\\__APP__/pages/home/myReports.js"},"to":{"name":"e.setData","loc":{"line":14,"column":8},"id":32558,"file":"D:\\WORK\\2022\\论文相关\\TOSEM\\MiniApp-review\\flow-baseline\\datasetPopular\\if试用\\__APP__/pages/home/myReports.js"}}]}]},{"shadowVar":{"id":-4116,"declaredName":"__object__getApp.getUser","file":"/pages/index/index.js","type":"normal"},"readAccess":[{"leftVar":[{"id":35916,"declaredName":"e","declaredLoc":{"line":129,"column":22},"file":"/pages/index/index.js","type":"normal"}],"readFlow":[{"type":"assign to","from":{"name":"o.getUser","loc":{"line":129,"column":26},"id":35918,"file":"D:\\WORK\\2022\\论文相关\\TOSEM\\MiniApp-review\\flow-baseline\\datasetPopular\\if试用\\__APP__/pages/index/index.js"},"to":{"name":"e","loc":{"line":129,"column":22},"id":35916,"file":"D:\\WORK\\2022\\论文相关\\TOSEM\\MiniApp-review\\flow-baseline\\datasetPopular\\if试用\\__APP__/pages/index/index.js"}},{"type":"read","from":{"name":"e","loc":{"line":129,"column":22},"id":35916,"file":"D:\\WORK\\2022\\论文相关\\TOSEM\\MiniApp-review\\flow-baseline\\datasetPopular\\if试用\\__APP__/pages/index/index.js"},"to":{"name":"e","loc":{"line":130,"column":8},"id":35930,"file":"D:\\WORK\\2022\\论文相关\\TOSEM\\MiniApp-review\\flow-baseline\\datasetPopular\\if试用\\__APP__/pages/index/index.js"}}]}]},{"shadowVar":{"id":-4273,"declaredName":"__object__getApp.getUser","file":"/pages/try/detail.js","type":"normal"},"readAccess":[{"leftVar":[{"id":38384,"declaredName":"o","declaredLoc":{"line":94,"column":22},"file":"/pages/try/detail.js","type":"normal"}],"readFlow":[{"type":"assign to","from":{"name":"i.getUser","loc":{"line":94,"column":26},"id":38386,"file":"D:\\WORK\\2022\\论文相关\\TOSEM\\MiniApp-review\\flow-baseline\\datasetPopular\\if试用\\__APP__/pages/try/detail.js"},"to":{"name":"o","loc":{"line":94,"column":22},"id":38384,"file":"D:\\WORK\\2022\\论文相关\\TOSEM\\MiniApp-review\\flow-baseline\\datasetPopular\\if试用\\__APP__/pages/try/detail.js"}},{"type":"read","from":{"name":"o","loc":{"line":94,"column":22},"id":38384,"file":"D:\\WORK\\2022\\论文相关\\TOSEM\\MiniApp-review\\flow-baseline\\datasetPopular\\if试用\\__APP__/pages/try/detail.js"},"to":{"name":"o","loc":{"line":96,"column":23},"id":38398,"file":"D:\\WORK\\2022\\论文相关\\TOSEM\\MiniApp-review\\flow-baseline\\datasetPopular\\if试用\\__APP__/pages/try/detail.js"}},{"type":"assign to","from":{"name":"o","loc":{"line":96,"column":23},"id":38398,"file":"D:\\WORK\\2022\\论文相关\\TOSEM\\MiniApp-review\\flow-baseline\\datasetPopular\\if试用\\__APP__/pages/try/detail.js"},"to":{"name":"loginUser","loc":{"line":96,"column":12},"id":38397,"file":"D:\\WORK\\2022\\论文相关\\TOSEM\\MiniApp-review\\flow-baseline\\datasetPopular\\if试用\\__APP__/pages/try/detail.js"}},{"type":"to callee","from":{"name":"loginUser","loc":{"line":96,"column":12},"id":38397,"file":"D:\\WORK\\2022\\论文相关\\TOSEM\\MiniApp-review\\flow-baseline\\datasetPopular\\if试用\\__APP__/pages/try/detail.js"},"to":{"name":"a.setData","loc":{"line":95,"column":8},"id":38392,"file":"D:\\WORK\\2022\\论文相关\\TOSEM\\MiniApp-review\\flow-baseline\\datasetPopular\\if试用\\__APP__/pages/try/detail.js"}}]},{"leftVar":[{"id":40849,"declaredName":"a","declaredLoc":{"line":479,"column":22},"file":"/pages/try/detail.js","type":"normal"}],"readFlow":[{"type":"assign to","from":{"name":"i.getUser","loc":{"line":479,"column":26},"id":40851,"file":"D:\\WORK\\2022\\论文相关\\TOSEM\\MiniApp-review\\flow-baseline\\datasetPopular\\if试用\\__APP__/pages/try/detail.js"},"to":{"name":"a","loc":{"line":479,"column":22},"id":40849,"file":"D:\\WORK\\2022\\论文相关\\TOSEM\\MiniApp-review\\flow-baseline\\datasetPopular\\if试用\\__APP__/pages/try/detail.js"}},{"type":"read","from":{"name":"a","loc":{"line":479,"column":22},"id":40849,"file":"D:\\WORK\\2022\\论文相关\\TOSEM\\MiniApp-review\\flow-baseline\\datasetPopular\\if试用\\__APP__/pages/try/detail.js"},"to":{"name":"a","loc":{"line":480,"column":8},"id":40863,"file":"D:\\WORK\\2022\\论文相关\\TOSEM\\MiniApp-review\\flow-baseline\\datasetPopular\\if试用\\__APP__/pages/try/detail.js"}}]}]}],"writeShadows":[{"shadowVar":{"id":-3593,"declaredName":"__object__getApp.getUser","file":"/pages/activities/detail.js","type":"normal"},"writeAccess":[]},{"shadowVar":{"id":-3868,"declaredName":"__object__getApp.getUser","file":"/pages/home/index.js","type":"normal"},"writeAccess":[]},{"shadowVar":{"id":-3887,"declaredName":"__object__getApp.getUser","file":"/pages/home/myReports.js","type":"normal"},"writeAccess":[]},{"shadowVar":{"id":-4116,"declaredName":"__object__getApp.getUser","file":"/pages/index/index.js","type":"normal"},"writeAccess":[]},{"shadowVar":{"id":-4273,"declaredName":"__object__getApp.getUser","file":"/pages/try/detail.js","type":"normal"},"writeAccess":[]}]},{"trueData":{"id":286,"declaredName":"__object__4.isLogin","declaredLoc":{"line":51,"column":4},"file":"/app.js","type":"normal"},"readShadows":[{"shadowVar":{"id":-3867,"declaredName":"__object__getApp.isLogin","file":"/pages/home/index.js","type":"normal"},"readAccess":[{"leftVar":[{"id":32305,"declaredName":"__object__51.isLogin","declaredLoc":{"line":52,"column":20},"file":"/pages/home/index.js","type":"normal"}],"readFlow":[{"type":"assign to","from":{"name":"n.isLogin","loc":{"line":52,"column":29},"id":32307,"file":"D:\\WORK\\2022\\论文相关\\TOSEM\\MiniApp-review\\flow-baseline\\datasetPopular\\if试用\\__APP__/pages/home/index.js"},"to":{"name":"isLogin","loc":{"line":52,"column":20},"id":32305,"file":"D:\\WORK\\2022\\论文相关\\TOSEM\\MiniApp-review\\flow-baseline\\datasetPopular\\if试用\\__APP__/pages/home/index.js"}},{"type":"to callee","from":{"name":"isLogin","loc":{"line":52,"column":20},"id":32305,"file":"D:\\WORK\\2022\\论文相关\\TOSEM\\MiniApp-review\\flow-baseline\\datasetPopular\\if试用\\__APP__/pages/home/index.js"},"to":{"name":"s.setData","loc":{"line":51,"column":42},"id":32300,"file":"D:\\WORK\\2022\\论文相关\\TOSEM\\MiniApp-review\\flow-baseline\\datasetPopular\\if试用\\__APP__/pages/home/index.js"}}]}]}],"writeShadows":[{"shadowVar":{"id":-3867,"declaredName":"__object__getApp.isLogin","file":"/pages/home/index.js","type":"normal"},"writeAccess":[]}]},{"trueData":{"id":231,"declaredName":"__object__4.canBackToHome","declaredLoc":{"line":41,"column":4},"file":"/app.js","type":"normal"},"readShadows":[{"shadowVar":{"id":-4272,"declaredName":"__object__getApp.canBackToHome","file":"/pages/try/detail.js","type":"normal"},"readAccess":[{"leftVar":[{"id":38354,"declaredName":"l","declaredLoc":{"line":88,"column":12},"file":"/pages/try/detail.js","type":"normal"}],"readFlow":[{"type":"assign to","from":{"name":"i.canBackToHome","loc":{"line":88,"column":16},"id":38356,"file":"D:\\WORK\\2022\\论文相关\\TOSEM\\MiniApp-review\\flow-baseline\\datasetPopular\\if试用\\__APP__/pages/try/detail.js"},"to":{"name":"l","loc":{"line":88,"column":12},"id":38354,"file":"D:\\WORK\\2022\\论文相关\\TOSEM\\MiniApp-review\\flow-baseline\\datasetPopular\\if试用\\__APP__/pages/try/detail.js"}},{"type":"read","from":{"name":"l","loc":{"line":88,"column":12},"id":38354,"file":"D:\\WORK\\2022\\论文相关\\TOSEM\\MiniApp-review\\flow-baseline\\datasetPopular\\if试用\\__APP__/pages/try/detail.js"},"to":{"name":"l","loc":{"line":90,"column":26},"id":38369,"file":"D:\\WORK\\2022\\论文相关\\TOSEM\\MiniApp-review\\flow-baseline\\datasetPopular\\if试用\\__APP__/pages/try/detail.js"}},{"type":"assign to","from":{"name":"l","loc":{"line":90,"column":26},"id":38369,"file":"D:\\WORK\\2022\\论文相关\\TOSEM\\MiniApp-review\\flow-baseline\\datasetPopular\\if试用\\__APP__/pages/try/detail.js"},"to":{"name":"showHomeBtn","loc":{"line":90,"column":12},"id":38367,"file":"D:\\WORK\\2022\\论文相关\\TOSEM\\MiniApp-review\\flow-baseline\\datasetPopular\\if试用\\__APP__/pages/try/detail.js"}}]}]}],"writeShadows":[{"shadowVar":{"id":-4272,"declaredName":"__object__getApp.canBackToHome","file":"/pages/try/detail.js","type":"normal"},"writeAccess":[]}]}],"dynamicDefinedData":[{"shadowObjectVar":"__object__4","dynamicDefinedProps":[{"propName":".WeToast","readShadows":[{"shadowVar":{"id":42,"declaredName":"__object__4.WeToast","declaredLoc":{"line":5,"column":4},"file":"/app.js","type":"normal"},"readAccess":[{"leftVar":[{"id":50,"declaredName":"e","declaredLoc":{"line":7,"column":12},"file":"/app.js","type":"normal"}],"readFlow":[{"type":"assign to","from":{"name":"this","loc":{"line":7,"column":16},"id":51,"file":"D:\\WORK\\2022\\论文相关\\TOSEM\\MiniApp-review\\flow-baseline\\datasetPopular\\if试用\\__APP__/app.js"},"to":{"name":"e","loc":{"line":7,"column":12},"id":50,"file":"D:\\WORK\\2022\\论文相关\\TOSEM\\MiniApp-review\\flow-baseline\\datasetPopular\\if试用\\__APP__/app.js"}}]},{"leftVar":[{"id":291,"declaredName":"o","declaredLoc":{"line":52,"column":12},"file":"/app.js","type":"normal"}],"readFlow":[{"type":"assign to","from":{"name":"this","loc":{"line":52,"column":16},"id":292,"file":"D:\\WORK\\2022\\论文相关\\TOSEM\\MiniApp-review\\flow-baseline\\datasetPopular\\if试用\\__APP__/app.js"},"to":{"name":"o","loc":{"line":52,"column":12},"id":291,"file":"D:\\WORK\\2022\\论文相关\\TOSEM\\MiniApp-review\\flow-baseline\\datasetPopular\\if试用\\__APP__/app.js"}}]}]}],"writeShadows":[{"shadowVar":{"id":42,"declaredName":"__object__4.WeToast","declaredLoc":{"line":5,"column":4},"file":"/app.js","type":"normal"},"writeAccess":[]}]}]},{"shadowObjectVar":"__object__getApp","dynamicDefinedProps":[{"propName":".ald_share_src","readShadows":[{"shadowVar":{"id":-2148,"declaredName":"__object__getApp.ald_share_src","file":"/utils/ald-stat.js","type":"normal"},"readAccess":[{"leftVar":[{"id":3749,"declaredName":"_","declaredLoc":{"line":310,"column":42},"file":"/utils/ald-stat.js","type":"normal"}],"readFlow":[{"type":"assign to","from":{"name":"e.ald_share_src","loc":{"line":312,"column":29},"id":3769,"file":"D:\\WORK\\2022\\论文相关\\TOSEM\\MiniApp-review\\flow-baseline\\datasetPopular\\if试用\\__APP__/utils/ald-stat.js"},"to":{"name":"_","loc":{"line":312,"column":25},"id":3768,"file":"D:\\WORK\\2022\\论文相关\\TOSEM\\MiniApp-review\\flow-baseline\\datasetPopular\\if试用\\__APP__/utils/ald-stat.js"}}]}]}],"writeShadows":[{"shadowVar":{"id":-2148,"declaredName":"__object__getApp.ald_share_src","file":"/utils/ald-stat.js","type":"normal"},"writeAccess":[]}]},{"propName":".aldstat_last_page","readShadows":[{"shadowVar":{"id":-2193,"declaredName":"__object__getApp.aldstat_last_page","file":"/utils/ald-stat.js","type":"normal"},"readAccess":[{"leftVar":[{"id":3850,"declaredName":"__object__317.path","declaredLoc":{"line":318,"column":16},"file":"/utils/ald-stat.js","type":"normal"}],"readFlow":[{"type":"assign to","from":{"name":"e.aldstat_last_page","loc":{"line":318,"column":22},"id":3851,"file":"D:\\WORK\\2022\\论文相关\\TOSEM\\MiniApp-review\\flow-baseline\\datasetPopular\\if试用\\__APP__/utils/ald-stat.js"},"to":{"name":"path","loc":{"line":318,"column":16},"id":3850,"file":"D:\\WORK\\2022\\论文相关\\TOSEM\\MiniApp-review\\flow-baseline\\datasetPopular\\if试用\\__APP__/utils/ald-stat.js"}},{"type":"to callee","from":{"name":"path","loc":{"line":318,"column":16},"id":3850,"file":"D:\\WORK\\2022\\论文相关\\TOSEM\\MiniApp-review\\flow-baseline\\datasetPopular\\if试用\\__APP__/utils/ald-stat.js"},"to":{"name":"f","loc":{"line":317,"column":12},"id":3844,"file":"D:\\WORK\\2022\\论文相关\\TOSEM\\MiniApp-review\\flow-baseline\\datasetPopular\\if试用\\__APP__/utils/ald-stat.js"}}]}]}],"writeShadows":[{"shadowVar":{"id":-2193,"declaredName":"__object__getApp.aldstat_last_page","file":"/utils/ald-stat.js","type":"normal"},"writeAccess":[]}]},{"propName":".ald_share_src.split","readShadows":[{"shadowVar":{"id":-2187,"declaredName":"__object__getApp.ald_share_src.split","file":"/utils/ald-stat.js","type":"normal"},"readAccess":[{"leftVar":[{"id":3764,"declaredName":"r","declaredLoc":{"line":312,"column":20},"file":"/utils/ald-stat.js","type":"normal"}],"readFlow":[{"type":"assign to","from":{"name":"(_ = e.ald_share_src).split","loc":{"line":312,"column":24},"id":3766,"file":"D:\\WORK\\2022\\论文相关\\TOSEM\\MiniApp-review\\flow-baseline\\datasetPopular\\if试用\\__APP__/utils/ald-stat.js"},"to":{"name":"r","loc":{"line":312,"column":20},"id":3764,"file":"D:\\WORK\\2022\\论文相关\\TOSEM\\MiniApp-review\\flow-baseline\\datasetPopular\\if试用\\__APP__/utils/ald-stat.js"}}]}]}],"writeShadows":[{"shadowVar":{"id":-2187,"declaredName":"__object__getApp.ald_share_src.split","file":"/utils/ald-stat.js","type":"normal"},"writeAccess":[]}]},{"propName":".ald_share_src.split.toString","readShadows":[{"shadowVar":{"id":-2190,"declaredName":"__object__getApp.ald_share_src.split.toString","file":"/utils/ald-stat.js","type":"normal"},"readAccess":[{"leftVar":[{"id":3749,"declaredName":"_","declaredLoc":{"line":310,"column":42},"file":"/utils/ald-stat.js","type":"normal"}],"readFlow":[{"type":"assign to","from":{"name":"r.toString","loc":{"line":313,"column":49},"id":3790,"file":"D:\\WORK\\2022\\论文相关\\TOSEM\\MiniApp-review\\flow-baseline\\datasetPopular\\if试用\\__APP__/utils/ald-stat.js"},"to":{"name":"_","loc":{"line":313,"column":45},"id":3788,"file":"D:\\WORK\\2022\\论文相关\\TOSEM\\MiniApp-review\\flow-baseline\\datasetPopular\\if试用\\__APP__/utils/ald-stat.js"}},{"type":"read","from":{"name":"_","loc":{"line":313,"column":45},"id":3788,"file":"D:\\WORK\\2022\\论文相关\\TOSEM\\MiniApp-review\\flow-baseline\\datasetPopular\\if试用\\__APP__/utils/ald-stat.js"},"to":{"name":"_","loc":{"line":313,"column":71},"id":3796,"file":"D:\\WORK\\2022\\论文相关\\TOSEM\\MiniApp-review\\flow-baseline\\datasetPopular\\if试用\\__APP__/utils/ald-stat.js"}},{"type":"read","from":{"name":"_","loc":{"line":313,"column":71},"id":3796,"file":"D:\\WORK\\2022\\论文相关\\TOSEM\\MiniApp-review\\flow-baseline\\datasetPopular\\if试用\\__APP__/utils/ald-stat.js"},"to":{"name":"_","loc":{"line":313,"column":81},"id":3801,"file":"D:\\WORK\\2022\\论文相关\\TOSEM\\MiniApp-review\\flow-baseline\\datasetPopular\\if试用\\__APP__/utils/ald-stat.js"}}]}]}],"writeShadows":[{"shadowVar":{"id":-2190,"declaredName":"__object__getApp.ald_share_src.split.toString","file":"/utils/ald-stat.js","type":"normal"},"writeAccess":[]}]},{"propName":".getUser.uid","readShadows":[{"shadowVar":{"id":-3743,"declaredName":"__object__getApp.getUser.uid","file":"/pages/experience/expDetail.js","type":"normal"},"readAccess":[{"leftVar":[{"id":30078,"declaredName":"s","declaredLoc":{"line":49,"column":20},"file":"/pages/experience/expDetail.js","type":"normal"}],"readFlow":[{"type":"assign to","from":{"name":"a.getUser().uid","loc":{"line":49,"column":24},"id":30079,"file":"D:\\WORK\\2022\\论文相关\\TOSEM\\MiniApp-review\\flow-baseline\\datasetPopular\\if试用\\__APP__/pages/experience/expDetail.js"},"to":{"name":"s","loc":{"line":49,"column":20},"id":30078,"file":"D:\\WORK\\2022\\论文相关\\TOSEM\\MiniApp-review\\flow-baseline\\datasetPopular\\if试用\\__APP__/pages/experience/expDetail.js"}},{"type":"read","from":{"name":"s","loc":{"line":49,"column":20},"id":30078,"file":"D:\\WORK\\2022\\论文相关\\TOSEM\\MiniApp-review\\flow-baseline\\datasetPopular\\if试用\\__APP__/pages/experience/expDetail.js"},"to":{"name":"s","loc":{"line":49,"column":61},"id":30095,"file":"D:\\WORK\\2022\\论文相关\\TOSEM\\MiniApp-review\\flow-baseline\\datasetPopular\\if试用\\__APP__/pages/experience/expDetail.js"}},{"type":"assign to","from":{"name":"s","loc":{"line":49,"column":61},"id":30095,"file":"D:\\WORK\\2022\\论文相关\\TOSEM\\MiniApp-review\\flow-baseline\\datasetPopular\\if试用\\__APP__/pages/experience/expDetail.js"},"to":{"name":"r","loc":{"line":49,"column":57},"id":30093,"file":"D:\\WORK\\2022\\论文相关\\TOSEM\\MiniApp-review\\flow-baseline\\datasetPopular\\if试用\\__APP__/pages/experience/expDetail.js"}},{"type":"read","from":{"name":"s","loc":{"line":49,"column":61},"id":30095,"file":"D:\\WORK\\2022\\论文相关\\TOSEM\\MiniApp-review\\flow-baseline\\datasetPopular\\if试用\\__APP__/pages/experience/expDetail.js"},"to":{"name":"s","loc":{"line":50,"column":70},"id":30110,"file":"D:\\WORK\\2022\\论文相关\\TOSEM\\MiniApp-review\\flow-baseline\\datasetPopular\\if试用\\__APP__/pages/experience/expDetail.js"}},{"type":"to callee","from":{"name":"s","loc":{"line":50,"column":70},"id":30110,"file":"D:\\WORK\\2022\\论文相关\\TOSEM\\MiniApp-review\\flow-baseline\\datasetPopular\\if试用\\__APP__/pages/experience/expDetail.js"},"to":{"name":"console.log","loc":{"line":50,"column":46},"id":30106,"file":"D:\\WORK\\2022\\论文相关\\TOSEM\\MiniApp-review\\flow-baseline\\datasetPopular\\if试用\\__APP__/pages/experience/expDetail.js","sink":true}},{"type":"read","from":{"name":"r","loc":{"line":49,"column":57},"id":30093,"file":"D:\\WORK\\2022\\论文相关\\TOSEM\\MiniApp-review\\flow-baseline\\datasetPopular\\if试用\\__APP__/pages/experience/expDetail.js"},"to":{"name":"r","loc":{"line":51,"column":28},"id":30118,"file":"D:\\WORK\\2022\\论文相关\\TOSEM\\MiniApp-review\\flow-baseline\\datasetPopular\\if试用\\__APP__/pages/experience/expDetail.js"}},{"type":"assign to","from":{"name":"r","loc":{"line":51,"column":28},"id":30118,"file":"D:\\WORK\\2022\\论文相关\\TOSEM\\MiniApp-review\\flow-baseline\\datasetPopular\\if试用\\__APP__/pages/experience/expDetail.js"},"to":{"name":"isSelf","loc":{"line":51,"column":20},"id":30117,"file":"D:\\WORK\\2022\\论文相关\\TOSEM\\MiniApp-review\\flow-baseline\\datasetPopular\\if试用\\__APP__/pages/experience/expDetail.js"}},{"type":"to callee","from":{"name":"isSelf","loc":{"line":51,"column":20},"id":30117,"file":"D:\\WORK\\2022\\论文相关\\TOSEM\\MiniApp-review\\flow-baseline\\datasetPopular\\if试用\\__APP__/pages/experience/expDetail.js"},"to":{"name":"e.setData","loc":{"line":50,"column":74},"id":30112,"file":"D:\\WORK\\2022\\论文相关\\TOSEM\\MiniApp-review\\flow-baseline\\datasetPopular\\if试用\\__APP__/pages/experience/expDetail.js"}}]}]}],"writeShadows":[{"shadowVar":{"id":-3743,"declaredName":"__object__getApp.getUser.uid","file":"/pages/experience/expDetail.js","type":"normal"},"writeAccess":[]}]}]}]}