﻿source_file,source,source_loc,sink_file,sink,sink_loc,type,cross_field,cross_file,correct
app.js,wx.login,91,app.js,console.log,106,API:callback,false,false,unlabel
app.js,wx.login,91,utils\io.js,wx.request,44,API:callback,true,true,unlabel
pages\login.js,wx.login,31,pages\login.js,console.log,80,API:callback,false,false,unlabel
pages\login.js,wx.login,31,utils\io.js,wx.request,44,API:callback,true,true,unlabel
pages\login.js,wx.getUserInfo,35,utils\io.js,wx.request,44,API:callback,true,true,unlabel
pages\login.js,wx.login,104,pages\login.js,console.log,106,API:callback,false,false,unlabel
pages\login.js,getUserInfo,91,utils\io.js,wx.request,44,UI,true,true,unlabel
utils\ald-stat.js,wx.getStorageSync,9&140&160&177&185&192&229&249&260&307&310&314&322,utils\ald-stat.js,wx.request,67,API:return-value,true,false,unlabel
utils\ald-stat.js,wx.getStorageSync,9&140&160&177&185&192&229&249&260&307&310&314&322,utils\ald-stat.js,wx.setStorageSync,320,API:return-value,true,false,unlabel
utils\ald-stat.js,wx.getStorageSync,9&140&160&177&185&192&229&249&260&307&310&314&322,utils\ald-stat.js,wx.setStorageSync,321,API:return-value,true,false,unlabel
utils\ald-stat.js,wx.request,14,utils\ald-stat.js,wx.setStorageSync,21,API:callback,false,false,unlabel
utils\ald-stat.js,wx.getSystemInfoSync,188,utils\ald-stat.js,wx.request,67,API:return-value,true,false,unlabel
pages\demo\detail.js,wx.getSystemInfo,33,pages\demo\detail.js,console.log,35,API:callback,false,false,unlabel
pages\demo\detail.js,wx.getSystemInfo,33,pages\demo\detail.js,console.log,35,API:callback,false,false,unlabel
pages\demo\detail.js,wx.getSystemInfo,33,pages\demo\detail.js,console.log,35,API:callback,false,false,unlabel
pages\demo\detail.js,wx.getSystemInfo,33,pages\demo\detail.js,console.log,35,API:callback,false,false,unlabel
pages\experience\expEvaluate.js,formSubmit,199,utils\util.js,console.log,27,UI,true,true,unlabel
pages\experience\expEvaluate.js,formSubmit,199,utils\io.js,wx.request,44,UI,true,true,unlabel
pages\experience\expEvaluate.js,formSubmit,199,pages\experience\expEvaluate.js,console.log,201,UI,true,false,unlabel
pages\experience\expEvaluate.js,bindItemClick,188,pages\experience\expEvaluate.js,console.log,197,UI,false,false,unlabel
pages\home\index.js,wx.getStorageSync,25,pages\home\index.js,console.log,26,API:return-value,false,false,unlabel
pages\home\profile.js,formSubmit,87,pages\home\profile.js,wx.uploadFile,100,UI,false,false,unlabel
pages\home\profile.js,formSubmit,87,utils\io.js,wx.request,44,UI,true,true,unlabel
pages\index\index.js,wx.login,48,utils\io.js,wx.request,44,API:callback,true,true,unlabel
pages\index\index.js,wx.getUserInfo,52,utils\io.js,wx.request,44,API:callback,true,true,unlabel
pages\index\index.js,formSubmit,117,utils\util.js,console.log,27,UI,true,true,unlabel
pages\index\index.js,formSubmit,117,utils\io.js,wx.request,44,UI,true,true,unlabel
pages\index\index.js,formSubmit,117,pages\index\index.js,console.log,119,UI,true,false,unlabel
pages\index\index.js,onDetailClick,94,pages\index\index.js,console.log,113,UI,false,false,unlabel
pages\try\detail.js,wx.getStorageSync,66&75,pages\try\detail.js,console.log,76,API:return-value,false,false,unlabel
pages\try\detail.js,wx.chooseVideo,325,pages\try\detail.js,console.log,330,API:callback,false,false,unlabel
pages\try\detail.js,wx.chooseVideo,325,pages\try\detail.js,console.log,330,API:callback,false,false,unlabel
pages\try\formApply.js,wx.getStorageSync,20&30&45&52,pages\try\formApply.js,console.log,36,API:return-value,false,false,unlabel
pages\try\formApply.js,formSubmit,132&132&132,utils\io.js,wx.request,44,UI,true,true,unlabel
pages\try\submitVideoReport.js,bindSubjectInput,53,pages\try\submitVideoReport.js,console.log,55,UI,false,false,unlabel
pages\try\submitVideoReport.js,bindTextInput,59,pages\try\submitVideoReport.js,console.log,61,UI,false,false,unlabel
pages\welfare\index.js,formSubmit,81,utils\util.js,console.log,27,UI,true,true,unlabel
pages\welfare\index.js,formSubmit,81,utils\io.js,wx.request,44,UI,true,true,unlabel
pages\welfare\index.js,formSubmit,81,pages\welfare\index.js,console.log,83,UI,true,false,unlabel
pages\home\address\add.js,formSubmit,109,utils\io.js,wx.request,44,UI,true,true,unlabel
pages\home\address\edit.js,formSubmit,170,utils\io.js,wx.request,44,UI,true,true,unlabel
