{"source":{"wx.getStorageSync":{"count":30},"wx.login":{"count":5},"wx.getSetting":{"count":2},"wx.getUserInfo":{"count":3},"wx.openSetting":{"count":1},"wx.request":{"count":4},"wx.getShareInfo":{"count":1},"wx.getNetworkType":{"count":1},"wx.getSystemInfo":{"count":3},"wx.getLocation":{"count":1},"wx.getSystemInfoSync":{"count":2},"wx.chooseImage":{"count":2},"wx.chooseVideo":{"count":1}},"sink":{"console.log":133,"wx.setStorageSync":28,"wx.showModal":8,"wx.removeStorageSync":1,"wx.showLoading":5,"wx.showToast":12,"wx.request":4,"console.error":2,"wx.showActionSheet":5,"wx.removeStorage":7,"wx.requestPayment":1,"wx.setClipboardData":2,"wx.uploadFile":3,"wx.navigateToMiniProgram":3,"wx.setStorage":1}}