{"fromUI":[{"file":"/pages/login.wxml","infoType":[{"api":"PageInstance.getUserInfo","loc":{"line":91,"column":26},"text":[" 授权登录 ","getUserInfo"]}]},{"file":"/wxParse/wxParse.wxml","infoType":[]},{"file":"/pages/activities/detail.wxml","infoType":[]},{"file":"/pages/activities/index.wxml","infoType":[]},{"file":"/pages/demo/about.wxml","infoType":[]},{"file":"/pages/demo/activities.wxml","infoType":[]},{"file":"/pages/demo/activities_detail.wxml","infoType":[]},{"file":"/pages/demo/address.wxml","infoType":[]},{"file":"/pages/demo/address_list.wxml","infoType":[]},{"file":"/pages/demo/agreement.wxml","infoType":[]},{"file":"/pages/demo/application.wxml","infoType":[{"api":"PageInstance.bindTextAreaBlur","text":["bindTextAreaBlur","好的试用宣言写什么？ 1.为什么要申请？ 2.此宝贝哪里吸引你？"]}]},{"file":"/pages/demo/applyUsers01.wxml","infoType":[]},{"file":"/pages/demo/cart.wxml","infoType":[]},{"file":"/pages/demo/demo.wxml","infoType":[]},{"file":"/pages/demo/detail.wxml","infoType":[]},{"file":"/pages/demo/experience.wxml","infoType":[{"api":"PageInstance.bindTextAreaBlur","text":["bindTextAreaBlur"]}]},{"file":"/pages/demo/groupBuy.wxml","infoType":[]},{"file":"/pages/demo/login.wxml","infoType":[{"api":"PageInstance.","text":["授权登录 ",""]}]},{"file":"/pages/demo/mapAdd.wxml","infoType":[{"api":"PageInstance.bindTextAreaBlur","text":["bindTextAreaBlur"]}]},{"file":"/pages/demo/myexp.wxml","infoType":[]},{"file":"/pages/demo/mytry.wxml","infoType":[]},{"file":"/pages/demo/namelist.wxml","infoType":[]},{"file":"/pages/demo/news.wxml","infoType":[]},{"file":"/pages/demo/order.wxml","infoType":[]},{"file":"/pages/demo/pay.wxml","infoType":[]},{"file":"/pages/demo/personal.wxml","infoType":[]},{"file":"/pages/demo/personalinfo.wxml","infoType":[]},{"file":"/pages/demo/problem.wxml","infoType":[]},{"file":"/pages/demo/shop.wxml","infoType":[]},{"file":"/pages/demo/shop_detail.wxml","infoType":[]},{"file":"/pages/demo/welfare.wxml","infoType":[]},{"file":"/pages/experience/expDetail.wxml","infoType":[]},{"file":"/pages/experience/expEvaluate.wxml","infoType":[{"api":"PageInstance.formSubmit","loc":{"line":199,"column":25},"text":["bindItemClick","{{index}}","{{item.average_points}}","{{item.brand}}","{{item.productid}}","{{item.id}}","submit","{{!item.average_points}}","","{{item.uids.length<5}}","{{item.post_num>0}}","{{item.keyword}}","{{item.subject}}","{{item.view_num}}","{{item.uids}}","个影评","个体验","{{item.average_points==0?'暂无评':item.average_points}}分","{{item.post_num}}","formSubmit"]},{"api":"PageInstance.bindItemClick","loc":{"line":188,"column":28},"text":["{{!item.average_points}}","","{{item.average_points}}","{{item.uids.length<5}}","{{item.post_num>0}}","{{item.keyword}}","{{item.subject}}","{{item.view_num}}","{{item.uids}}","个影评","个体验","{{item.average_points==0?'暂无评':item.average_points}}分","{{item.post_num}}","bindItemClick"]}]},{"file":"/pages/experience/trailDetail.wxml","infoType":[]},{"file":"/pages/home/about.wxml","infoType":[]},{"file":"/pages/home/agreement.wxml","infoType":[]},{"file":"/pages/home/index.wxml","infoType":[]},{"file":"/pages/home/myReports.wxml","infoType":[]},{"file":"/pages/home/mytry.wxml","infoType":[]},{"file":"/pages/home/problem.wxml","infoType":[]},{"file":"/pages/home/profile.wxml","infoType":[{"api":"PageInstance.formReset","text":["onDismiss","bindModifyAvatar","weui-cell_active","onClickAge","onClickSkin","submit","{{isAge}}","","bindRemoveName"," 保存 ","avatar","修改头像","bindUsernameBlur","username","{{!user.addtional_info.age_range}}","{{!user.addtional_info.skin_type}}","年龄","radioChange","肤质","{{user.addtional_info.age_range}}","{{user.addtional_info.skin_type}}","bindItemClick","age","{{item.val}}","{{ageInfo.options}}","skin","{{skinInfo.options}}","{{item.val}} ","formReset","formSubmit"]},{"api":"PageInstance.formSubmit","loc":{"line":87,"column":25},"text":["onDismiss","bindModifyAvatar","weui-cell_active","onClickAge","onClickSkin","submit","{{isAge}}","","bindRemoveName"," 保存 ","avatar","修改头像","bindUsernameBlur","username","{{!user.addtional_info.age_range}}","{{!user.addtional_info.skin_type}}","年龄","radioChange","肤质","{{user.addtional_info.age_range}}","{{user.addtional_info.skin_type}}","bindItemClick","age","{{item.val}}","{{ageInfo.options}}","skin","{{skinInfo.options}}","{{item.val}} ","formReset","formSubmit"]},{"api":"PageInstance.bindUsernameBlur","loc":{"line":58,"column":31},"text":["bindUsernameBlur","username"]}]},{"file":"/pages/index/index.wxml","infoType":[{"api":"PageInstance.formSubmit","loc":{"line":117,"column":25},"text":["onDetailClick","{{item.tryid}}","submit","{{item.has_video=='0'}}","{{item.subject}}","{{item.keyword}}","规格：{{item.type}}/{{item.amount}}{{item.unit}}","售价：{{item.size}}","{{item.view_num}}","formSubmit"]},{"api":"PageInstance.onDetailClick","loc":{"line":94,"column":28},"text":["{{item.has_video=='0'}}","{{item.subject}}","{{item.keyword}}","规格：{{item.type}}/{{item.amount}}{{item.unit}}","售价：{{item.size}}","{{item.view_num}}","onDetailClick"]}]},{"file":"/pages/message/index.wxml","infoType":[]},{"file":"/pages/tools/templates.wxml","infoType":[]},{"file":"/pages/tools/wetoast.wxml","infoType":[]},{"file":"/pages/try/applyBestieUsers.wxml","infoType":[]},{"file":"/pages/try/applyUsers.wxml","infoType":[]},{"file":"/pages/try/detail.wxml","infoType":[]},{"file":"/pages/try/detail_introduce.wxml","infoType":[]},{"file":"/pages/try/formApply.wxml","infoType":[{"api":"PageInstance.formReset","text":["tryid","{{has_address}}","","bindMessageFocusOut","true","message","好的试用宣言写什么？ 1.为什么要申请？ 2.此宝贝哪里吸引你？","false","{{!allowSubmit}}","submit","addressid","bindSelectAddress","bindAdd"," 完成 ","{{def_address.consignee}}","{{def_address.mobile}}","{{def_address.completeAddress}}","修改地址","添加收货地址","{{def_address.location.province.name}}{{def_address.location.region.name}}{{def_address.location.conty.name}} {{def_address.location.other}}","由于功能需要，收货地址进行了调整，请重新填写您的地址信息。","之前申请过试用的小伙伴们请不用担心，如果你获得了试用，还是可以收到包裹的呦~","formReset","formSubmit"]},{"api":"PageInstance.formSubmit","loc":{"line":132,"column":25},"text":["tryid","{{has_address}}","","bindMessageFocusOut","true","message","好的试用宣言写什么？ 1.为什么要申请？ 2.此宝贝哪里吸引你？","false","{{!allowSubmit}}","submit","addressid","bindSelectAddress","bindAdd"," 完成 ","{{def_address.consignee}}","{{def_address.mobile}}","{{def_address.completeAddress}}","修改地址","添加收货地址","{{def_address.location.province.name}}{{def_address.location.region.name}}{{def_address.location.conty.name}} {{def_address.location.other}}","由于功能需要，收货地址进行了调整，请重新填写您的地址信息。","之前申请过试用的小伙伴们请不用担心，如果你获得了试用，还是可以收到包裹的呦~","formReset","formSubmit"]},{"api":"PageInstance.bindMessageFocusOut","loc":{"line":109,"column":34},"text":["bindMessageFocusOut","true","message","好的试用宣言写什么？ 1.为什么要申请？ 2.此宝贝哪里吸引你？"]},{"api":"PageInstance.bindMessageFocusOut","loc":{"line":109,"column":34},"text":["bindMessageFocusOut","true","message","好的试用宣言写什么？ 1.为什么要申请？ 2.此宝贝哪里吸引你？"]}]},{"file":"/pages/try/perfectInfo.wxml","infoType":[]},{"file":"/pages/try/submitReport.wxml","infoType":[{"api":"PageInstance.formReset","text":["bindFloatView","{{!isSubmitting}}","{{isfilm==='0'}}","false","{{!allowSubmit}}","submit","","bindSubjectFocusOut","{{isSubmitting}}","subject","填写标题","bindTextFocusOut","text","填写试用报告","{{imagePaths}}","imgkey","path","bindAddImageBtn","{{imageMaxNum>0}}"," {{subButtonTitle}} "," 完成 ","点击星星评分：","bindClickStar","{{index}}","{{starList}}","bindShowDeleteBtn","bindPreviewImages","{{imgkey}}","{{path}}","bindDeleteImg","{{delkey==imgkey}}","长按图片进行删除","formReset","formSubmit"]},{"api":"PageInstance.formSubmit","loc":{"line":137,"column":25},"text":["bindFloatView","{{!isSubmitting}}","{{isfilm==='0'}}","false","{{!allowSubmit}}","submit","","bindSubjectFocusOut","{{isSubmitting}}","subject","填写标题","bindTextFocusOut","text","填写试用报告","{{imagePaths}}","imgkey","path","bindAddImageBtn","{{imageMaxNum>0}}"," {{subButtonTitle}} "," 完成 ","点击星星评分：","bindClickStar","{{index}}","{{starList}}","bindShowDeleteBtn","bindPreviewImages","{{imgkey}}","{{path}}","bindDeleteImg","{{delkey==imgkey}}","长按图片进行删除","formReset","formSubmit"]},{"api":"PageInstance.bindSubjectFocusOut","loc":{"line":92,"column":34},"text":["bindSubjectFocusOut","{{isSubmitting}}","subject","填写标题"]},{"api":"PageInstance.bindTextFocusOut","loc":{"line":98,"column":31},"text":["bindTextFocusOut","{{isSubmitting}}","text","填写试用报告"]}]},{"file":"/pages/try/submitVideoReport.wxml","infoType":[{"api":"PageInstance.formReset","text":["{{isfilm==='0'}}","false","{{!allowSubmit}}","submit","","bindSubjectInput","{{isSubmitting}}","subject","填写标题","bindTextInput","text","填写试用报告"," {{subButtonTitle}} "," 完成 ","点击星星评分：","bindClickStar","{{index}}","{{starList}}","formReset","formSubmit"]},{"api":"PageInstance.formSubmit","text":["{{isfilm==='0'}}","false","{{!allowSubmit}}","submit","","bindSubjectInput","{{isSubmitting}}","subject","填写标题","bindTextInput","text","填写试用报告"," {{subButtonTitle}} "," 完成 ","点击星星评分：","bindClickStar","{{index}}","{{starList}}","formReset","formSubmit"]},{"api":"PageInstance.bindSubjectInput","loc":{"line":53,"column":31},"text":["bindSubjectInput","{{isSubmitting}}","subject","填写标题"]},{"api":"PageInstance.bindTextInput","loc":{"line":59,"column":28},"text":["bindTextInput","{{isSubmitting}}","text","填写试用报告"]}]},{"file":"/pages/welfare/index.wxml","infoType":[{"api":"PageInstance.formSubmit","loc":{"line":81,"column":25},"text":["bindItemClick","{{item.tryid}}","submit","{{item.status=='STATUS_UNDERWAY'}}","","{{item.keyword}}","{{item.subject}}","活动·进行中","活动·已结束","规格：{{item.size}}","份数：{{item.amount}}","{{item.view_num}}","formSubmit"]},{"api":"PageInstance.bindItemClick","loc":{"line":59,"column":28},"text":["{{item.status=='STATUS_UNDERWAY'}}","","{{item.keyword}}","{{item.subject}}","活动·进行中","活动·已结束","规格：{{item.size}}","份数：{{item.amount}}","{{item.view_num}}","bindItemClick"]}]},{"file":"/pages/home/address/add.wxml","infoType":[{"api":"PageInstance.formReset","text":["false","submit","{{!isOk}}",""," 完成 ","收货人","联系电话","收货地址","详细地址","邮政编码","bindNameInput","name","姓名","bindMobileInput","mobile","手机或固话","bindLocationOther","location_other","街道门牌信息","postcode","bindPickerChangeProvince","{{provinces}}","bindPickerChangeCity","{{cities}}","bindPickerChangeArea","{{areas}}","{{province_id>0?province:'选择省份'}}","{{city_id>0?city:'选择城市'}}","{{area_id>0?area:'选择地区'}}","formReset","formSubmit"]},{"api":"PageInstance.formSubmit","loc":{"line":109,"column":25},"text":["false","submit","{{!isOk}}",""," 完成 ","收货人","联系电话","收货地址","详细地址","邮政编码","bindNameInput","name","姓名","bindMobileInput","mobile","手机或固话","bindLocationOther","location_other","街道门牌信息","postcode","bindPickerChangeProvince","{{provinces}}","bindPickerChangeCity","{{cities}}","bindPickerChangeArea","{{areas}}","{{province_id>0?province:'选择省份'}}","{{city_id>0?city:'选择城市'}}","{{area_id>0?area:'选择地区'}}","formReset","formSubmit"]},{"api":"PageInstance.bindNameInput","loc":{"line":86,"column":28},"text":["bindNameInput","name","姓名"]},{"api":"PageInstance.bindMobileInput","loc":{"line":91,"column":30},"text":["bindMobileInput","mobile","手机或固话"]},{"api":"PageInstance.bindLocationOther","loc":{"line":96,"column":32},"text":["bindLocationOther"]},{"api":"PageInstance.bindPickerChangeProvince","loc":{"line":47,"column":39},"text":["{{province_id>0?province:'选择省份'}}","bindPickerChangeProvince"]},{"api":"PageInstance.bindPickerChangeCity","loc":{"line":65,"column":35},"text":["{{city_id>0?city:'选择城市'}}","bindPickerChangeCity"]},{"api":"PageInstance.bindPickerChangeArea","loc":{"line":78,"column":35},"text":["{{area_id>0?area:'选择地区'}}","bindPickerChangeArea"]}]},{"file":"/pages/home/address/edit.wxml","infoType":[{"api":"PageInstance.formReset","text":["false","submit","{{!isOk}}",""," 完成 ","收货人","联系电话","收货地址","详细地址","邮政编码","bindNameInput","name","姓名","bindMobileInput","mobile","手机或固话","bindLocationOther","location_other","街道门牌信息","postcode","bindPickerChangeProvince","{{provinces}}","bindPickerChangeCity","{{cities}}","bindPickerChangeArea","{{areas}}","{{province_id>0?province:'选择省份'}}","{{city_id>0?city:'选择城市'}}","{{area_id>0?area:'选择地区'}}","formReset","formSubmit"]},{"api":"PageInstance.formSubmit","loc":{"line":170,"column":25},"text":["false","submit","{{!isOk}}",""," 完成 ","收货人","联系电话","收货地址","详细地址","邮政编码","bindNameInput","name","姓名","bindMobileInput","mobile","手机或固话","bindLocationOther","location_other","街道门牌信息","postcode","bindPickerChangeProvince","{{provinces}}","bindPickerChangeCity","{{cities}}","bindPickerChangeArea","{{areas}}","{{province_id>0?province:'选择省份'}}","{{city_id>0?city:'选择城市'}}","{{area_id>0?area:'选择地区'}}","formReset","formSubmit"]},{"api":"PageInstance.bindNameInput","loc":{"line":147,"column":28},"text":["bindNameInput","name","姓名"]},{"api":"PageInstance.bindMobileInput","loc":{"line":152,"column":30},"text":["bindMobileInput","mobile","手机或固话"]},{"api":"PageInstance.bindLocationOther","loc":{"line":157,"column":32},"text":["bindLocationOther"]},{"api":"PageInstance.bindPickerChangeProvince","loc":{"line":108,"column":39},"text":["{{province_id>0?province:'选择省份'}}","bindPickerChangeProvince"]},{"api":"PageInstance.bindPickerChangeCity","loc":{"line":126,"column":35},"text":["{{city_id>0?city:'选择城市'}}","bindPickerChangeCity"]},{"api":"PageInstance.bindPickerChangeArea","loc":{"line":139,"column":35},"text":["{{area_id>0?area:'选择地区'}}","bindPickerChangeArea"]}]},{"file":"/pages/home/address/list.wxml","infoType":[]}],"fromAPI":{"wx.getStorageSync":{"ill":"存储数据","ocr":[{"id":310,"file":"/app.js","loc":{"line":56,"column":15}},{"id":1410,"file":"/utils/ald-stat.js","loc":{"line":9,"column":16}},{"id":2225,"file":"/utils/ald-stat.js","loc":{"line":140,"column":16}},{"id":2497,"file":"/utils/ald-stat.js","loc":{"line":177,"column":16}},{"id":2410,"file":"/utils/ald-stat.js","loc":{"line":160,"column":24}},{"id":2611,"file":"/utils/ald-stat.js","loc":{"line":185,"column":16}},{"id":2736,"file":"/utils/ald-stat.js","loc":{"line":192,"column":20}},{"id":3011,"file":"/utils/ald-stat.js","loc":{"line":229,"column":16}},{"id":3229,"file":"/utils/ald-stat.js","loc":{"line":249,"column":16}},{"id":3298,"file":"/utils/ald-stat.js","loc":{"line":255,"column":12}},{"id":3344,"file":"/utils/ald-stat.js","loc":{"line":260,"column":16}},{"id":3709,"file":"/utils/ald-stat.js","loc":{"line":307,"column":20}},{"id":3744,"file":"/utils/ald-stat.js","loc":{"line":310,"column":20}},{"id":3808,"file":"/utils/ald-stat.js","loc":{"line":314,"column":23}},{"id":3888,"file":"/utils/ald-stat.js","loc":{"line":320,"column":116}},{"id":3913,"file":"/utils/ald-stat.js","loc":{"line":322,"column":24}},{"id":4344,"file":"/utils/io.js","loc":{"line":9,"column":47}},{"id":15075,"file":"/utils/stat.js","loc":{"line":25,"column":26}},{"id":15121,"file":"/utils/stat.js","loc":{"line":27,"column":51}},{"id":27497,"file":"/pages/activities/detail.js","loc":{"line":164,"column":12}},{"id":29930,"file":"/pages/experience/expDetail.js","loc":{"line":21,"column":26}},{"id":32157,"file":"/pages/home/index.js","loc":{"line":25,"column":26}},{"id":38237,"file":"/pages/try/detail.js","loc":{"line":66,"column":25}},{"id":38292,"file":"/pages/try/detail.js","loc":{"line":75,"column":26}},{"id":38401,"file":"/pages/try/detail.js","loc":{"line":97,"column":12}},{"id":38448,"file":"/pages/try/detail.js","loc":{"line":104,"column":86}},{"id":41322,"file":"/pages/try/formApply.js","loc":{"line":20,"column":24}},{"id":41404,"file":"/pages/try/formApply.js","loc":{"line":30,"column":26}},{"id":41510,"file":"/pages/try/formApply.js","loc":{"line":45,"column":16}},{"id":41582,"file":"/pages/try/formApply.js","loc":{"line":52,"column":16}}]},"wx.login":{"ill":"登录凭证","ocr":[{"id":450,"file":"/app.js","loc":{"line":91,"column":8}},{"id":662,"file":"/pages/login.js","loc":{"line":31,"column":12}},{"id":1034,"file":"/pages/login.js","loc":{"line":104,"column":8}},{"id":1679,"file":"/utils/ald-stat.js","loc":{"line":54,"column":8}},{"id":35554,"file":"/pages/index/index.js","loc":{"line":48,"column":8}}]},"wx.getSetting":{"ill":"用户授权结果","ocr":[{"id":598,"file":"/pages/login.js","loc":{"line":14,"column":12}},{"id":817,"file":"/pages/login.js","loc":{"line":65,"column":28}}]},"wx.getUserInfo":{"ill":"用户基本信息","ocr":[{"id":684,"file":"/pages/login.js","loc":{"line":35,"column":20}},{"id":1690,"file":"/utils/ald-stat.js","loc":{"line":56,"column":16}},{"id":35576,"file":"/pages/index/index.js","loc":{"line":52,"column":20}}]},"wx.openSetting":{"ill":"用户授权结果","ocr":[{"id":841,"file":"/pages/login.js","loc":{"line":68,"column":45}}]},"wx.request":{"ill":"请求数据","ocr":[{"id":1456,"file":"/utils/ald-stat.js","loc":{"line":14,"column":8},"targetUrls":[".aldwx.com/config/app.json"]},{"id":1753,"file":"/utils/ald-stat.js","loc":{"line":67,"column":32},"targetUrls":["d.html"]},{"id":4522,"file":"/utils/io.js","loc":{"line":44,"column":4}},{"id":15031,"file":"/utils/stat.js","loc":{"line":15,"column":8},"targetUrls":["/w.gif"]}]},"wx.getShareInfo":{"ill":"分享信息","ocr":[{"id":2159,"file":"/utils/ald-stat.js","loc":{"line":129,"column":37}}]},"wx.getNetworkType":{"ill":"网络连接类型","ocr":[{"id":2473,"file":"/utils/ald-stat.js","loc":{"line":171,"column":8}}]},"wx.getSystemInfo":{"ill":"系统信息，包括设备品牌、设备型号等","ocr":[{"id":2310,"file":"/utils/ald-stat.js","loc":{"line":148,"column":12}},{"id":26138,"file":"/wxParse/wxParse.js","loc":{"line":56,"column":0}},{"id":28442,"file":"/pages/demo/detail.js","loc":{"line":33,"column":12}}]},"wx.getLocation":{"ill":"定位信息","ocr":[{"id":2436,"file":"/utils/ald-stat.js","loc":{"line":164,"column":12}}]},"wx.getSystemInfoSync":{"ill":"系统信息，包括设备品牌、设备型号等","ocr":[{"id":2670,"file":"/utils/ald-stat.js","loc":{"line":188,"column":20}},{"id":14561,"file":"/utils/kissy.js","loc":{"line":861,"column":8}}]},"wx.chooseImage":{"ill":"本地相册图片或相机拍照","ocr":[{"id":34324,"file":"/pages/home/profile.js","loc":{"line":66,"column":8}},{"id":43094,"file":"/pages/try/submitReport.js","loc":{"line":70,"column":8}}]},"wx.chooseVideo":{"ill":"拍摄视频或从手机相册中选视频","ocr":[{"id":39801,"file":"/pages/try/detail.js","loc":{"line":325,"column":19}}]}},"fromVar":{"wx.login":[{"id":460,"file":"/app.js","loc":{"line":93,"column":20},"codeText":"e.code","ill":"用户登录凭证（有效期五分钟）。开发者需要在开发者服务器后台调用 auth.code2Session，使用 code 换取 openid 和 session_key 等信息"},{"id":467,"file":"/app.js","loc":{"line":94,"column":28},"codeText":"e.code","ill":"用户登录凭证（有效期五分钟）。开发者需要在开发者服务器后台调用 auth.code2Session，使用 code 换取 openid 和 session_key 等信息"},{"id":672,"file":"/pages/login.js","loc":{"line":33,"column":20},"codeText":"n.code","ill":"用户登录凭证（有效期五分钟）。开发者需要在开发者服务器后台调用 auth.code2Session，使用 code 换取 openid 和 session_key 等信息"},{"id":679,"file":"/pages/login.js","loc":{"line":34,"column":28},"codeText":"n.code","ill":"用户登录凭证（有效期五分钟）。开发者需要在开发者服务器后台调用 auth.code2Session，使用 code 换取 openid 和 session_key 等信息"},{"id":1045,"file":"/pages/login.js","loc":{"line":106,"column":16},"codeText":"o.code","ill":"用户登录凭证（有效期五分钟）。开发者需要在开发者服务器后台调用 auth.code2Session，使用 code 换取 openid 和 session_key 等信息"},{"id":1055,"file":"/pages/login.js","loc":{"line":106,"column":46},"codeText":"o.code","ill":"用户登录凭证（有效期五分钟）。开发者需要在开发者服务器后台调用 auth.code2Session，使用 code 换取 openid 和 session_key 等信息"},{"id":35564,"file":"/pages/index/index.js","loc":{"line":50,"column":20},"codeText":"t.code","ill":"用户登录凭证（有效期五分钟）。开发者需要在开发者服务器后台调用 auth.code2Session，使用 code 换取 openid 和 session_key 等信息"},{"id":35571,"file":"/pages/index/index.js","loc":{"line":51,"column":28},"codeText":"t.code","ill":"用户登录凭证（有效期五分钟）。开发者需要在开发者服务器后台调用 auth.code2Session，使用 code 换取 openid 和 session_key 等信息"}],"wx.getUserInfo":[{"id":710,"file":"/pages/login.js","loc":{"line":41,"column":51},"codeText":"n.encryptedData","ill":"包括敏感数据在内的完整用户信息的加密数据"},{"id":715,"file":"/pages/login.js","loc":{"line":42,"column":40},"codeText":"n.iv","ill":"加密算法的初始向量"},{"id":35602,"file":"/pages/index/index.js","loc":{"line":58,"column":51},"codeText":"t.encryptedData","ill":"包括敏感数据在内的完整用户信息的加密数据"},{"id":35607,"file":"/pages/index/index.js","loc":{"line":59,"column":40},"codeText":"t.iv","ill":"加密算法的初始向量"}],"wx.request":[{"id":1484,"file":"/utils/ald-stat.js","loc":{"line":21,"column":28},"codeText":"t.statusCode","ill":"开发者服务器返回的 HTTP 状态码"},{"id":1491,"file":"/utils/ald-stat.js","loc":{"line":21,"column":56},"codeText":"t.data","ill":"开发者服务器返回的数据"}],"wx.getNetworkType":[{"id":2487,"file":"/utils/ald-stat.js","loc":{"line":173,"column":41},"codeText":"t.networkType","ill":"网络类型"}],"wx.getSystemInfo":[{"id":2329,"file":"/utils/ald-stat.js","loc":{"line":150,"column":56},"codeText":"t.SDKVersion","ill":"客户端基础库版本"},{"id":2333,"file":"/utils/ald-stat.js","loc":{"line":150,"column":81},"codeText":"t.SDKVersion","ill":"客户端基础库版本"},{"id":2340,"file":"/utils/ald-stat.js","loc":{"line":150,"column":119},"codeText":"t.model","ill":"设备型号"},{"id":2347,"file":"/utils/ald-stat.js","loc":{"line":151,"column":44},"codeText":"t.pixelRatio","ill":"设备像素比"},{"id":2354,"file":"/utils/ald-stat.js","loc":{"line":151,"column":83},"codeText":"t.windowWidth","ill":"可使用窗口宽度，单位px"},{"id":2361,"file":"/utils/ald-stat.js","loc":{"line":151,"column":124},"codeText":"t.windowHeight","ill":"可使用窗口高度，单位px"},{"id":2368,"file":"/utils/ald-stat.js","loc":{"line":152,"column":41},"codeText":"t.language","ill":"微信设置的语言"},{"id":2375,"file":"/utils/ald-stat.js","loc":{"line":152,"column":80},"codeText":"t.version","ill":"微信版本号"},{"id":26151,"file":"/wxParse/wxParse.js","loc":{"line":58,"column":12},"codeText":"e.windowWidth","ill":"可使用窗口宽度，单位px"},{"id":26156,"file":"/wxParse/wxParse.js","loc":{"line":58,"column":31},"codeText":"e.windowHeight","ill":"可使用窗口高度，单位px"},{"id":28457,"file":"/pages/demo/detail.js","loc":{"line":35,"column":28},"codeText":"o.platform","ill":"客户端平台"},{"id":28464,"file":"/pages/demo/detail.js","loc":{"line":35,"column":53},"codeText":"o.model","ill":"设备型号"},{"id":28471,"file":"/pages/demo/detail.js","loc":{"line":35,"column":75},"codeText":"o.system","ill":"操作系统及版本"},{"id":28478,"file":"/pages/demo/detail.js","loc":{"line":35,"column":98},"codeText":"o.version","ill":"微信版本号"}],"wx.getLocation":[{"id":2454,"file":"/utils/ald-stat.js","loc":{"line":167,"column":36},"codeText":"t.latitude","ill":"纬度，范围为-90~90，负数表示南纬"},{"id":2461,"file":"/utils/ald-stat.js","loc":{"line":167,"column":64},"codeText":"t.longitude","ill":"经度，范围为-180~180，负数表示西经"},{"id":2468,"file":"/utils/ald-stat.js","loc":{"line":167,"column":95},"codeText":"t.speed","ill":"速度，单位 m/s"}],"wx.getSystemInfoSync":[{"id":2683,"file":"/utils/ald-stat.js","loc":{"line":189,"column":48},"codeText":"o.SDKVersion","ill":"客户端基础库版本"},{"id":2687,"file":"/utils/ald-stat.js","loc":{"line":189,"column":73},"codeText":"o.SDKVersion","ill":"客户端基础库版本"},{"id":2694,"file":"/utils/ald-stat.js","loc":{"line":189,"column":111},"codeText":"o.model","ill":"设备型号"},{"id":2701,"file":"/utils/ald-stat.js","loc":{"line":190,"column":36},"codeText":"o.pixelRatio","ill":"设备像素比"},{"id":2708,"file":"/utils/ald-stat.js","loc":{"line":190,"column":75},"codeText":"o.windowWidth","ill":"可使用窗口宽度，单位px"},{"id":2715,"file":"/utils/ald-stat.js","loc":{"line":190,"column":116},"codeText":"o.windowHeight","ill":"可使用窗口高度，单位px"},{"id":2722,"file":"/utils/ald-stat.js","loc":{"line":191,"column":33},"codeText":"o.language","ill":"微信设置的语言"},{"id":2729,"file":"/utils/ald-stat.js","loc":{"line":191,"column":72},"codeText":"o.version","ill":"微信版本号"},{"id":14575,"file":"/utils/kissy.js","loc":{"line":863,"column":19},"codeText":"n.model","ill":"设备型号"},{"id":14580,"file":"/utils/kissy.js","loc":{"line":864,"column":24},"codeText":"n.pixelRatio","ill":"设备像素比"},{"id":14585,"file":"/utils/kissy.js","loc":{"line":865,"column":25},"codeText":"n.windowWidth","ill":"可使用窗口宽度，单位px"},{"id":14590,"file":"/utils/kissy.js","loc":{"line":866,"column":26},"codeText":"n.windowHeight","ill":"可使用窗口高度，单位px"},{"id":14595,"file":"/utils/kissy.js","loc":{"line":867,"column":22},"codeText":"n.language","ill":"微信设置的语言"},{"id":14600,"file":"/utils/kissy.js","loc":{"line":868,"column":21},"codeText":"n.version","ill":"微信版本号"},{"id":14605,"file":"/utils/kissy.js","loc":{"line":869,"column":22},"codeText":"n.platform","ill":"客户端平台"},{"id":14610,"file":"/utils/kissy.js","loc":{"line":870,"column":24},"codeText":"n.system","ill":"操作系统及版本"},{"id":14615,"file":"/utils/kissy.js","loc":{"line":871,"column":24},"codeText":"n.SDKVersion","ill":"客户端基础库版本"}],"wx.chooseImage":[{"id":34348,"file":"/pages/home/profile.js","loc":{"line":71,"column":24},"codeText":"t.tempFilePaths","ill":"图片的本地临时文件路径列表 (本地路径)"},{"id":43123,"file":"/pages/try/submitReport.js","loc":{"line":75,"column":24},"codeText":"e.tempFilePaths","ill":"图片的本地临时文件路径列表 (本地路径)"}],"wx.chooseVideo":[{"id":39828,"file":"/pages/try/detail.js","loc":{"line":330,"column":39},"codeText":"t.tempFilePath","ill":"选定视频的临时文件路径 (本地路径)"},{"id":39857,"file":"/pages/try/detail.js","loc":{"line":331,"column":96},"codeText":"t.tempFilePath","ill":"选定视频的临时文件路径 (本地路径)"}]},"timeCost":1727}