{"definedData":[],"dynamicDefinedData":[{"shadowObjectVar":"__object__3","dynamicDefinedProps":[{"propName":".setData","readShadows":[{"shadowVar":{"declaredName":"__object__3.setData","file":"D:\\WORK\\2021\\MPDF\\white_paper\\json\\dataset2.3wxapkg\\动图宇宙\\_431774825_38\\pages\\subjectDetail\\subjectDetail.js"},"readAccess":[{"leftVar":[{"declaredName":"t","declaredLoc":{"line":49,"column":12},"file":"D:\\WORK\\2021\\MPDF\\white_paper\\json\\dataset2.3wxapkg\\动图宇宙\\_431774825_38\\pages\\subjectDetail\\subjectDetail.js"}],"readFlow":[{"type":"assign to","from":{"name":"this","loc":{"line":49,"column":16},"id":12240274,"file":"D:\\WORK\\2021\\MPDF\\white_paper\\json\\dataset2.3wxapkg\\动图宇宙\\_431774825_38\\pages\\subjectDetail\\subjectDetail.js"},"to":{"name":"t","loc":{"line":49,"column":12},"id":12240273,"file":"D:\\WORK\\2021\\MPDF\\white_paper\\json\\dataset2.3wxapkg\\动图宇宙\\_431774825_38\\pages\\subjectDetail\\subjectDetail.js"}}]}]}],"writeShadows":[{"shadowVar":{"declaredName":"__object__3.setData","file":"D:\\WORK\\2021\\MPDF\\white_paper\\json\\dataset2.3wxapkg\\动图宇宙\\_431774825_38\\pages\\subjectDetail\\subjectDetail.js"},"writeAccess":[]}]},{"propName":".data","readShadows":[{"shadowVar":{"declaredName":"__object__3.data","declaredLoc":{"line":4,"column":4},"file":"D:\\WORK\\2021\\MPDF\\white_paper\\json\\dataset2.3wxapkg\\动图宇宙\\_431774825_38\\pages\\subjectDetail\\subjectDetail.js"},"readAccess":[{"leftVar":[{"declaredName":"t","declaredLoc":{"line":49,"column":12},"file":"D:\\WORK\\2021\\MPDF\\white_paper\\json\\dataset2.3wxapkg\\动图宇宙\\_431774825_38\\pages\\subjectDetail\\subjectDetail.js"}],"readFlow":[{"type":"assign to","from":{"name":"this","loc":{"line":49,"column":16},"id":12240274,"file":"D:\\WORK\\2021\\MPDF\\white_paper\\json\\dataset2.3wxapkg\\动图宇宙\\_431774825_38\\pages\\subjectDetail\\subjectDetail.js"},"to":{"name":"t","loc":{"line":49,"column":12},"id":12240273,"file":"D:\\WORK\\2021\\MPDF\\white_paper\\json\\dataset2.3wxapkg\\动图宇宙\\_431774825_38\\pages\\subjectDetail\\subjectDetail.js"}}]},{"leftVar":[{"declaredName":"e","declaredLoc":{"line":49,"column":22},"file":"D:\\WORK\\2021\\MPDF\\white_paper\\json\\dataset2.3wxapkg\\动图宇宙\\_431774825_38\\pages\\subjectDetail\\subjectDetail.js"}],"readFlow":[{"type":"assign to","from":{"name":"t.data","loc":{"line":49,"column":26},"id":12240277,"file":"D:\\WORK\\2021\\MPDF\\white_paper\\json\\dataset2.3wxapkg\\动图宇宙\\_431774825_38\\pages\\subjectDetail\\subjectDetail.js"},"to":{"name":"e","loc":{"line":49,"column":22},"id":12240276,"file":"D:\\WORK\\2021\\MPDF\\white_paper\\json\\dataset2.3wxapkg\\动图宇宙\\_431774825_38\\pages\\subjectDetail\\subjectDetail.js"}}]}]}],"writeShadows":[{"shadowVar":{"declaredName":"__object__3.data","declaredLoc":{"line":4,"column":4},"file":"D:\\WORK\\2021\\MPDF\\white_paper\\json\\dataset2.3wxapkg\\动图宇宙\\_431774825_38\\pages\\subjectDetail\\subjectDetail.js"},"writeAccess":[]}]},{"propName":".onLoad","readShadows":[{"shadowVar":{"declaredName":"__object__3.onLoad","declaredLoc":{"line":14,"column":4},"file":"D:\\WORK\\2021\\MPDF\\white_paper\\json\\dataset2.3wxapkg\\动图宇宙\\_431774825_38\\pages\\subjectDetail\\subjectDetail.js"},"readAccess":[{"leftVar":[{"declaredName":"t","declaredLoc":{"line":49,"column":12},"file":"D:\\WORK\\2021\\MPDF\\white_paper\\json\\dataset2.3wxapkg\\动图宇宙\\_431774825_38\\pages\\subjectDetail\\subjectDetail.js"}],"readFlow":[{"type":"assign to","from":{"name":"this","loc":{"line":49,"column":16},"id":12240274,"file":"D:\\WORK\\2021\\MPDF\\white_paper\\json\\dataset2.3wxapkg\\动图宇宙\\_431774825_38\\pages\\subjectDetail\\subjectDetail.js"},"to":{"name":"t","loc":{"line":49,"column":12},"id":12240273,"file":"D:\\WORK\\2021\\MPDF\\white_paper\\json\\dataset2.3wxapkg\\动图宇宙\\_431774825_38\\pages\\subjectDetail\\subjectDetail.js"}}]}]}],"writeShadows":[{"shadowVar":{"declaredName":"__object__3.onLoad","declaredLoc":{"line":14,"column":4},"file":"D:\\WORK\\2021\\MPDF\\white_paper\\json\\dataset2.3wxapkg\\动图宇宙\\_431774825_38\\pages\\subjectDetail\\subjectDetail.js"},"writeAccess":[]}]},{"propName":".onShow","readShadows":[{"shadowVar":{"declaredName":"__object__3.onShow","declaredLoc":{"line":19,"column":4},"file":"D:\\WORK\\2021\\MPDF\\white_paper\\json\\dataset2.3wxapkg\\动图宇宙\\_431774825_38\\pages\\subjectDetail\\subjectDetail.js"},"readAccess":[{"leftVar":[{"declaredName":"t","declaredLoc":{"line":49,"column":12},"file":"D:\\WORK\\2021\\MPDF\\white_paper\\json\\dataset2.3wxapkg\\动图宇宙\\_431774825_38\\pages\\subjectDetail\\subjectDetail.js"}],"readFlow":[{"type":"assign to","from":{"name":"this","loc":{"line":49,"column":16},"id":12240274,"file":"D:\\WORK\\2021\\MPDF\\white_paper\\json\\dataset2.3wxapkg\\动图宇宙\\_431774825_38\\pages\\subjectDetail\\subjectDetail.js"},"to":{"name":"t","loc":{"line":49,"column":12},"id":12240273,"file":"D:\\WORK\\2021\\MPDF\\white_paper\\json\\dataset2.3wxapkg\\动图宇宙\\_431774825_38\\pages\\subjectDetail\\subjectDetail.js"}}]}]}],"writeShadows":[{"shadowVar":{"declaredName":"__object__3.onShow","declaredLoc":{"line":19,"column":4},"file":"D:\\WORK\\2021\\MPDF\\white_paper\\json\\dataset2.3wxapkg\\动图宇宙\\_431774825_38\\pages\\subjectDetail\\subjectDetail.js"},"writeAccess":[]}]},{"propName":".onUnload","readShadows":[{"shadowVar":{"declaredName":"__object__3.onUnload","declaredLoc":{"line":23,"column":4},"file":"D:\\WORK\\2021\\MPDF\\white_paper\\json\\dataset2.3wxapkg\\动图宇宙\\_431774825_38\\pages\\subjectDetail\\subjectDetail.js"},"readAccess":[{"leftVar":[{"declaredName":"t","declaredLoc":{"line":49,"column":12},"file":"D:\\WORK\\2021\\MPDF\\white_paper\\json\\dataset2.3wxapkg\\动图宇宙\\_431774825_38\\pages\\subjectDetail\\subjectDetail.js"}],"readFlow":[{"type":"assign to","from":{"name":"this","loc":{"line":49,"column":16},"id":12240274,"file":"D:\\WORK\\2021\\MPDF\\white_paper\\json\\dataset2.3wxapkg\\动图宇宙\\_431774825_38\\pages\\subjectDetail\\subjectDetail.js"},"to":{"name":"t","loc":{"line":49,"column":12},"id":12240273,"file":"D:\\WORK\\2021\\MPDF\\white_paper\\json\\dataset2.3wxapkg\\动图宇宙\\_431774825_38\\pages\\subjectDetail\\subjectDetail.js"}}]}]}],"writeShadows":[{"shadowVar":{"declaredName":"__object__3.onUnload","declaredLoc":{"line":23,"column":4},"file":"D:\\WORK\\2021\\MPDF\\white_paper\\json\\dataset2.3wxapkg\\动图宇宙\\_431774825_38\\pages\\subjectDetail\\subjectDetail.js"},"writeAccess":[]}]},{"propName":".onPullDownRefresh","readShadows":[{"shadowVar":{"declaredName":"__object__3.onPullDownRefresh","declaredLoc":{"line":27,"column":4},"file":"D:\\WORK\\2021\\MPDF\\white_paper\\json\\dataset2.3wxapkg\\动图宇宙\\_431774825_38\\pages\\subjectDetail\\subjectDetail.js"},"readAccess":[{"leftVar":[{"declaredName":"t","declaredLoc":{"line":49,"column":12},"file":"D:\\WORK\\2021\\MPDF\\white_paper\\json\\dataset2.3wxapkg\\动图宇宙\\_431774825_38\\pages\\subjectDetail\\subjectDetail.js"}],"readFlow":[{"type":"assign to","from":{"name":"this","loc":{"line":49,"column":16},"id":12240274,"file":"D:\\WORK\\2021\\MPDF\\white_paper\\json\\dataset2.3wxapkg\\动图宇宙\\_431774825_38\\pages\\subjectDetail\\subjectDetail.js"},"to":{"name":"t","loc":{"line":49,"column":12},"id":12240273,"file":"D:\\WORK\\2021\\MPDF\\white_paper\\json\\dataset2.3wxapkg\\动图宇宙\\_431774825_38\\pages\\subjectDetail\\subjectDetail.js"}}]}]}],"writeShadows":[{"shadowVar":{"declaredName":"__object__3.onPullDownRefresh","declaredLoc":{"line":27,"column":4},"file":"D:\\WORK\\2021\\MPDF\\white_paper\\json\\dataset2.3wxapkg\\动图宇宙\\_431774825_38\\pages\\subjectDetail\\subjectDetail.js"},"writeAccess":[]}]},{"propName":".onReachBottom","readShadows":[{"shadowVar":{"declaredName":"__object__3.onReachBottom","declaredLoc":{"line":32,"column":4},"file":"D:\\WORK\\2021\\MPDF\\white_paper\\json\\dataset2.3wxapkg\\动图宇宙\\_431774825_38\\pages\\subjectDetail\\subjectDetail.js"},"readAccess":[{"leftVar":[{"declaredName":"t","declaredLoc":{"line":49,"column":12},"file":"D:\\WORK\\2021\\MPDF\\white_paper\\json\\dataset2.3wxapkg\\动图宇宙\\_431774825_38\\pages\\subjectDetail\\subjectDetail.js"}],"readFlow":[{"type":"assign to","from":{"name":"this","loc":{"line":49,"column":16},"id":12240274,"file":"D:\\WORK\\2021\\MPDF\\white_paper\\json\\dataset2.3wxapkg\\动图宇宙\\_431774825_38\\pages\\subjectDetail\\subjectDetail.js"},"to":{"name":"t","loc":{"line":49,"column":12},"id":12240273,"file":"D:\\WORK\\2021\\MPDF\\white_paper\\json\\dataset2.3wxapkg\\动图宇宙\\_431774825_38\\pages\\subjectDetail\\subjectDetail.js"}}]}]}],"writeShadows":[{"shadowVar":{"declaredName":"__object__3.onReachBottom","declaredLoc":{"line":32,"column":4},"file":"D:\\WORK\\2021\\MPDF\\white_paper\\json\\dataset2.3wxapkg\\动图宇宙\\_431774825_38\\pages\\subjectDetail\\subjectDetail.js"},"writeAccess":[]}]},{"propName":".onShareAppMessage","readShadows":[{"shadowVar":{"declaredName":"__object__3.onShareAppMessage","declaredLoc":{"line":35,"column":4},"file":"D:\\WORK\\2021\\MPDF\\white_paper\\json\\dataset2.3wxapkg\\动图宇宙\\_431774825_38\\pages\\subjectDetail\\subjectDetail.js"},"readAccess":[{"leftVar":[{"declaredName":"t","declaredLoc":{"line":49,"column":12},"file":"D:\\WORK\\2021\\MPDF\\white_paper\\json\\dataset2.3wxapkg\\动图宇宙\\_431774825_38\\pages\\subjectDetail\\subjectDetail.js"}],"readFlow":[{"type":"assign to","from":{"name":"this","loc":{"line":49,"column":16},"id":12240274,"file":"D:\\WORK\\2021\\MPDF\\white_paper\\json\\dataset2.3wxapkg\\动图宇宙\\_431774825_38\\pages\\subjectDetail\\subjectDetail.js"},"to":{"name":"t","loc":{"line":49,"column":12},"id":12240273,"file":"D:\\WORK\\2021\\MPDF\\white_paper\\json\\dataset2.3wxapkg\\动图宇宙\\_431774825_38\\pages\\subjectDetail\\subjectDetail.js"}}]}]}],"writeShadows":[{"shadowVar":{"declaredName":"__object__3.onShareAppMessage","declaredLoc":{"line":35,"column":4},"file":"D:\\WORK\\2021\\MPDF\\white_paper\\json\\dataset2.3wxapkg\\动图宇宙\\_431774825_38\\pages\\subjectDetail\\subjectDetail.js"},"writeAccess":[]}]},{"propName":".loadData","readShadows":[{"shadowVar":{"declaredName":"__object__3.loadData","declaredLoc":{"line":47,"column":4},"file":"D:\\WORK\\2021\\MPDF\\white_paper\\json\\dataset2.3wxapkg\\动图宇宙\\_431774825_38\\pages\\subjectDetail\\subjectDetail.js"},"readAccess":[{"leftVar":[{"declaredName":"t","declaredLoc":{"line":49,"column":12},"file":"D:\\WORK\\2021\\MPDF\\white_paper\\json\\dataset2.3wxapkg\\动图宇宙\\_431774825_38\\pages\\subjectDetail\\subjectDetail.js"}],"readFlow":[{"type":"assign to","from":{"name":"this","loc":{"line":49,"column":16},"id":12240274,"file":"D:\\WORK\\2021\\MPDF\\white_paper\\json\\dataset2.3wxapkg\\动图宇宙\\_431774825_38\\pages\\subjectDetail\\subjectDetail.js"},"to":{"name":"t","loc":{"line":49,"column":12},"id":12240273,"file":"D:\\WORK\\2021\\MPDF\\white_paper\\json\\dataset2.3wxapkg\\动图宇宙\\_431774825_38\\pages\\subjectDetail\\subjectDetail.js"}}]}]}],"writeShadows":[{"shadowVar":{"declaredName":"__object__3.loadData","declaredLoc":{"line":47,"column":4},"file":"D:\\WORK\\2021\\MPDF\\white_paper\\json\\dataset2.3wxapkg\\动图宇宙\\_431774825_38\\pages\\subjectDetail\\subjectDetail.js"},"writeAccess":[]}]}]},{"shadowObjectVar":"__object__4","dynamicDefinedProps":[{"propName":".page","readShadows":[{"shadowVar":{"declaredName":"__object__4.page","declaredLoc":{"line":5,"column":8},"file":"D:\\WORK\\2021\\MPDF\\white_paper\\json\\dataset2.3wxapkg\\动图宇宙\\_431774825_38\\pages\\subjectDetail\\subjectDetail.js"},"readAccess":[{"leftVar":[{"declaredName":"__object__3.data","declaredLoc":{"line":4,"column":4},"file":"D:\\WORK\\2021\\MPDF\\white_paper\\json\\dataset2.3wxapkg\\动图宇宙\\_431774825_38\\pages\\subjectDetail\\subjectDetail.js"}],"readFlow":[{"type":"assign to","from":{"name":"page","loc":{"line":5,"column":8},"id":12239983,"file":"D:\\WORK\\2021\\MPDF\\white_paper\\json\\dataset2.3wxapkg\\动图宇宙\\_431774825_38\\pages\\subjectDetail\\subjectDetail.js"},"to":{"name":"data","loc":{"line":4,"column":4},"id":12239980,"file":"D:\\WORK\\2021\\MPDF\\white_paper\\json\\dataset2.3wxapkg\\动图宇宙\\_431774825_38\\pages\\subjectDetail\\subjectDetail.js"}},{"type":"to callee","from":{"name":"data","loc":{"line":4,"column":4},"id":12239980,"file":"D:\\WORK\\2021\\MPDF\\white_paper\\json\\dataset2.3wxapkg\\动图宇宙\\_431774825_38\\pages\\subjectDetail\\subjectDetail.js"},"to":{"name":"Page","loc":{"line":3,"column":0},"id":12239977,"file":"D:\\WORK\\2021\\MPDF\\white_paper\\json\\dataset2.3wxapkg\\动图宇宙\\_431774825_38\\pages\\subjectDetail\\subjectDetail.js"}},{"type":"read","from":{"name":"data","loc":{"line":4,"column":4},"id":12239980,"file":"D:\\WORK\\2021\\MPDF\\white_paper\\json\\dataset2.3wxapkg\\动图宇宙\\_431774825_38\\pages\\subjectDetail\\subjectDetail.js"},"to":{"name":"this","loc":{"line":49,"column":16},"id":12240274,"file":"D:\\WORK\\2021\\MPDF\\white_paper\\json\\dataset2.3wxapkg\\动图宇宙\\_431774825_38\\pages\\subjectDetail\\subjectDetail.js"}},{"type":"assign to","from":{"name":"this","loc":{"line":49,"column":16},"id":12240274,"file":"D:\\WORK\\2021\\MPDF\\white_paper\\json\\dataset2.3wxapkg\\动图宇宙\\_431774825_38\\pages\\subjectDetail\\subjectDetail.js"},"to":{"name":"t","loc":{"line":49,"column":12},"id":12240273,"file":"D:\\WORK\\2021\\MPDF\\white_paper\\json\\dataset2.3wxapkg\\动图宇宙\\_431774825_38\\pages\\subjectDetail\\subjectDetail.js"}},{"type":"read","from":{"name":"this","loc":{"line":49,"column":16},"id":12240274,"file":"D:\\WORK\\2021\\MPDF\\white_paper\\json\\dataset2.3wxapkg\\动图宇宙\\_431774825_38\\pages\\subjectDetail\\subjectDetail.js"},"to":{"name":"t.data","loc":{"line":49,"column":26},"id":12240277,"file":"D:\\WORK\\2021\\MPDF\\white_paper\\json\\dataset2.3wxapkg\\动图宇宙\\_431774825_38\\pages\\subjectDetail\\subjectDetail.js"}},{"type":"assign to","from":{"name":"t.data","loc":{"line":49,"column":26},"id":12240277,"file":"D:\\WORK\\2021\\MPDF\\white_paper\\json\\dataset2.3wxapkg\\动图宇宙\\_431774825_38\\pages\\subjectDetail\\subjectDetail.js"},"to":{"name":"e","loc":{"line":49,"column":22},"id":12240276,"file":"D:\\WORK\\2021\\MPDF\\white_paper\\json\\dataset2.3wxapkg\\动图宇宙\\_431774825_38\\pages\\subjectDetail\\subjectDetail.js"}},{"type":"read","from":{"name":"t.data","loc":{"line":49,"column":26},"id":12240277,"file":"D:\\WORK\\2021\\MPDF\\white_paper\\json\\dataset2.3wxapkg\\动图宇宙\\_431774825_38\\pages\\subjectDetail\\subjectDetail.js"},"to":{"name":"e.page","loc":{"line":54,"column":22},"id":12240305,"file":"D:\\WORK\\2021\\MPDF\\white_paper\\json\\dataset2.3wxapkg\\动图宇宙\\_431774825_38\\pages\\subjectDetail\\subjectDetail.js"}},{"type":"read","from":{"name":"e.page","loc":{"line":54,"column":22},"id":12240305,"file":"D:\\WORK\\2021\\MPDF\\white_paper\\json\\dataset2.3wxapkg\\动图宇宙\\_431774825_38\\pages\\subjectDetail\\subjectDetail.js"},"to":{"name":"e.page","loc":{"line":69,"column":35},"id":12240435,"file":"D:\\WORK\\2021\\MPDF\\white_paper\\json\\dataset2.3wxapkg\\动图宇宙\\_431774825_38\\pages\\subjectDetail\\subjectDetail.js"}},{"type":"assign to","from":{"name":"e.page","loc":{"line":54,"column":22},"id":12240305,"file":"D:\\WORK\\2021\\MPDF\\white_paper\\json\\dataset2.3wxapkg\\动图宇宙\\_431774825_38\\pages\\subjectDetail\\subjectDetail.js"},"to":{"name":"page","loc":{"line":54,"column":16},"id":12240304,"file":"D:\\WORK\\2021\\MPDF\\white_paper\\json\\dataset2.3wxapkg\\动图宇宙\\_431774825_38\\pages\\subjectDetail\\subjectDetail.js"}},{"type":"assign to","from":{"name":"page","loc":{"line":54,"column":16},"id":12240304,"file":"D:\\WORK\\2021\\MPDF\\white_paper\\json\\dataset2.3wxapkg\\动图宇宙\\_431774825_38\\pages\\subjectDetail\\subjectDetail.js"},"to":{"name":"params","loc":{"line":52,"column":12},"id":12240296,"file":"D:\\WORK\\2021\\MPDF\\white_paper\\json\\dataset2.3wxapkg\\动图宇宙\\_431774825_38\\pages\\subjectDetail\\subjectDetail.js"}},{"type":"to callee","from":{"name":"page","loc":{"line":54,"column":16},"id":12240304,"file":"D:\\WORK\\2021\\MPDF\\white_paper\\json\\dataset2.3wxapkg\\动图宇宙\\_431774825_38\\pages\\subjectDetail\\subjectDetail.js"},"to":{"name":"a.pageAjax.callAjax","loc":{"line":50,"column":19},"id":12240286,"file":"D:\\WORK\\2021\\MPDF\\white_paper\\json\\dataset2.3wxapkg\\动图宇宙\\_431774825_38\\pages\\subjectDetail\\subjectDetail.js"}},{"type":"to callee","from":{"name":"params","loc":{"line":52,"column":12},"id":12240296,"file":"D:\\WORK\\2021\\MPDF\\white_paper\\json\\dataset2.3wxapkg\\动图宇宙\\_431774825_38\\pages\\subjectDetail\\subjectDetail.js"},"to":{"name":"a.pageAjax.callAjax","loc":{"line":50,"column":19},"id":12240286,"file":"D:\\WORK\\2021\\MPDF\\white_paper\\json\\dataset2.3wxapkg\\动图宇宙\\_431774825_38\\pages\\subjectDetail\\subjectDetail.js"}}]},{"leftVar":[{"declaredName":"e","declaredLoc":{"line":49,"column":22},"file":"D:\\WORK\\2021\\MPDF\\white_paper\\json\\dataset2.3wxapkg\\动图宇宙\\_431774825_38\\pages\\subjectDetail\\subjectDetail.js"}],"readFlow":[{"type":"assign to","from":{"name":"t.data","loc":{"line":49,"column":26},"id":12240277,"file":"D:\\WORK\\2021\\MPDF\\white_paper\\json\\dataset2.3wxapkg\\动图宇宙\\_431774825_38\\pages\\subjectDetail\\subjectDetail.js"},"to":{"name":"e","loc":{"line":49,"column":22},"id":12240276,"file":"D:\\WORK\\2021\\MPDF\\white_paper\\json\\dataset2.3wxapkg\\动图宇宙\\_431774825_38\\pages\\subjectDetail\\subjectDetail.js"}}]},{"leftVar":[{"declaredName":"__object__52.page","declaredLoc":{"line":54,"column":16},"file":"D:\\WORK\\2021\\MPDF\\white_paper\\json\\dataset2.3wxapkg\\动图宇宙\\_431774825_38\\pages\\subjectDetail\\subjectDetail.js"}],"readFlow":[{"type":"assign to","from":{"name":"e.page","loc":{"line":54,"column":22},"id":12240305,"file":"D:\\WORK\\2021\\MPDF\\white_paper\\json\\dataset2.3wxapkg\\动图宇宙\\_431774825_38\\pages\\subjectDetail\\subjectDetail.js"},"to":{"name":"page","loc":{"line":54,"column":16},"id":12240304,"file":"D:\\WORK\\2021\\MPDF\\white_paper\\json\\dataset2.3wxapkg\\动图宇宙\\_431774825_38\\pages\\subjectDetail\\subjectDetail.js"}},{"type":"assign to","from":{"name":"page","loc":{"line":54,"column":16},"id":12240304,"file":"D:\\WORK\\2021\\MPDF\\white_paper\\json\\dataset2.3wxapkg\\动图宇宙\\_431774825_38\\pages\\subjectDetail\\subjectDetail.js"},"to":{"name":"params","loc":{"line":52,"column":12},"id":12240296,"file":"D:\\WORK\\2021\\MPDF\\white_paper\\json\\dataset2.3wxapkg\\动图宇宙\\_431774825_38\\pages\\subjectDetail\\subjectDetail.js"}},{"type":"to callee","from":{"name":"page","loc":{"line":54,"column":16},"id":12240304,"file":"D:\\WORK\\2021\\MPDF\\white_paper\\json\\dataset2.3wxapkg\\动图宇宙\\_431774825_38\\pages\\subjectDetail\\subjectDetail.js"},"to":{"name":"a.pageAjax.callAjax","loc":{"line":50,"column":19},"id":12240286,"file":"D:\\WORK\\2021\\MPDF\\white_paper\\json\\dataset2.3wxapkg\\动图宇宙\\_431774825_38\\pages\\subjectDetail\\subjectDetail.js"}},{"type":"to callee","from":{"name":"params","loc":{"line":52,"column":12},"id":12240296,"file":"D:\\WORK\\2021\\MPDF\\white_paper\\json\\dataset2.3wxapkg\\动图宇宙\\_431774825_38\\pages\\subjectDetail\\subjectDetail.js"},"to":{"name":"a.pageAjax.callAjax","loc":{"line":50,"column":19},"id":12240286,"file":"D:\\WORK\\2021\\MPDF\\white_paper\\json\\dataset2.3wxapkg\\动图宇宙\\_431774825_38\\pages\\subjectDetail\\subjectDetail.js"}}]}]}],"writeShadows":[{"shadowVar":{"declaredName":"__object__4.page","declaredLoc":{"line":5,"column":8},"file":"D:\\WORK\\2021\\MPDF\\white_paper\\json\\dataset2.3wxapkg\\动图宇宙\\_431774825_38\\pages\\subjectDetail\\subjectDetail.js"},"writeAccess":[]}]},{"propName":".state","readShadows":[{"shadowVar":{"declaredName":"__object__4.state","declaredLoc":{"line":6,"column":8},"file":"D:\\WORK\\2021\\MPDF\\white_paper\\json\\dataset2.3wxapkg\\动图宇宙\\_431774825_38\\pages\\subjectDetail\\subjectDetail.js"},"readAccess":[{"leftVar":[{"declaredName":"__object__3.data","declaredLoc":{"line":4,"column":4},"file":"D:\\WORK\\2021\\MPDF\\white_paper\\json\\dataset2.3wxapkg\\动图宇宙\\_431774825_38\\pages\\subjectDetail\\subjectDetail.js"}],"readFlow":[{"type":"assign to","from":{"name":"state","loc":{"line":6,"column":8},"id":12239986,"file":"D:\\WORK\\2021\\MPDF\\white_paper\\json\\dataset2.3wxapkg\\动图宇宙\\_431774825_38\\pages\\subjectDetail\\subjectDetail.js"},"to":{"name":"data","loc":{"line":4,"column":4},"id":12239980,"file":"D:\\WORK\\2021\\MPDF\\white_paper\\json\\dataset2.3wxapkg\\动图宇宙\\_431774825_38\\pages\\subjectDetail\\subjectDetail.js"}},{"type":"to callee","from":{"name":"data","loc":{"line":4,"column":4},"id":12239980,"file":"D:\\WORK\\2021\\MPDF\\white_paper\\json\\dataset2.3wxapkg\\动图宇宙\\_431774825_38\\pages\\subjectDetail\\subjectDetail.js"},"to":{"name":"Page","loc":{"line":3,"column":0},"id":12239977,"file":"D:\\WORK\\2021\\MPDF\\white_paper\\json\\dataset2.3wxapkg\\动图宇宙\\_431774825_38\\pages\\subjectDetail\\subjectDetail.js"}},{"type":"read","from":{"name":"data","loc":{"line":4,"column":4},"id":12239980,"file":"D:\\WORK\\2021\\MPDF\\white_paper\\json\\dataset2.3wxapkg\\动图宇宙\\_431774825_38\\pages\\subjectDetail\\subjectDetail.js"},"to":{"name":"this","loc":{"line":49,"column":16},"id":12240274,"file":"D:\\WORK\\2021\\MPDF\\white_paper\\json\\dataset2.3wxapkg\\动图宇宙\\_431774825_38\\pages\\subjectDetail\\subjectDetail.js"}},{"type":"assign to","from":{"name":"this","loc":{"line":49,"column":16},"id":12240274,"file":"D:\\WORK\\2021\\MPDF\\white_paper\\json\\dataset2.3wxapkg\\动图宇宙\\_431774825_38\\pages\\subjectDetail\\subjectDetail.js"},"to":{"name":"t","loc":{"line":49,"column":12},"id":12240273,"file":"D:\\WORK\\2021\\MPDF\\white_paper\\json\\dataset2.3wxapkg\\动图宇宙\\_431774825_38\\pages\\subjectDetail\\subjectDetail.js"}},{"type":"read","from":{"name":"this","loc":{"line":49,"column":16},"id":12240274,"file":"D:\\WORK\\2021\\MPDF\\white_paper\\json\\dataset2.3wxapkg\\动图宇宙\\_431774825_38\\pages\\subjectDetail\\subjectDetail.js"},"to":{"name":"t.data","loc":{"line":49,"column":26},"id":12240277,"file":"D:\\WORK\\2021\\MPDF\\white_paper\\json\\dataset2.3wxapkg\\动图宇宙\\_431774825_38\\pages\\subjectDetail\\subjectDetail.js"}},{"type":"assign to","from":{"name":"t.data","loc":{"line":49,"column":26},"id":12240277,"file":"D:\\WORK\\2021\\MPDF\\white_paper\\json\\dataset2.3wxapkg\\动图宇宙\\_431774825_38\\pages\\subjectDetail\\subjectDetail.js"},"to":{"name":"e","loc":{"line":49,"column":22},"id":12240276,"file":"D:\\WORK\\2021\\MPDF\\white_paper\\json\\dataset2.3wxapkg\\动图宇宙\\_431774825_38\\pages\\subjectDetail\\subjectDetail.js"}},{"type":"read","from":{"name":"t.data","loc":{"line":49,"column":26},"id":12240277,"file":"D:\\WORK\\2021\\MPDF\\white_paper\\json\\dataset2.3wxapkg\\动图宇宙\\_431774825_38\\pages\\subjectDetail\\subjectDetail.js"},"to":{"name":"e.state","loc":{"line":50,"column":8},"id":12240282,"file":"D:\\WORK\\2021\\MPDF\\white_paper\\json\\dataset2.3wxapkg\\动图宇宙\\_431774825_38\\pages\\subjectDetail\\subjectDetail.js"}}]},{"leftVar":[{"declaredName":"e","declaredLoc":{"line":49,"column":22},"file":"D:\\WORK\\2021\\MPDF\\white_paper\\json\\dataset2.3wxapkg\\动图宇宙\\_431774825_38\\pages\\subjectDetail\\subjectDetail.js"}],"readFlow":[{"type":"assign to","from":{"name":"t.data","loc":{"line":49,"column":26},"id":12240277,"file":"D:\\WORK\\2021\\MPDF\\white_paper\\json\\dataset2.3wxapkg\\动图宇宙\\_431774825_38\\pages\\subjectDetail\\subjectDetail.js"},"to":{"name":"e","loc":{"line":49,"column":22},"id":12240276,"file":"D:\\WORK\\2021\\MPDF\\white_paper\\json\\dataset2.3wxapkg\\动图宇宙\\_431774825_38\\pages\\subjectDetail\\subjectDetail.js"}}]}]}],"writeShadows":[{"shadowVar":{"declaredName":"__object__4.state","declaredLoc":{"line":6,"column":8},"file":"D:\\WORK\\2021\\MPDF\\white_paper\\json\\dataset2.3wxapkg\\动图宇宙\\_431774825_38\\pages\\subjectDetail\\subjectDetail.js"},"writeAccess":[]}]},{"propName":".refresh","readShadows":[{"shadowVar":{"declaredName":"__object__4.refresh","declaredLoc":{"line":7,"column":8},"file":"D:\\WORK\\2021\\MPDF\\white_paper\\json\\dataset2.3wxapkg\\动图宇宙\\_431774825_38\\pages\\subjectDetail\\subjectDetail.js"},"readAccess":[{"leftVar":[{"declaredName":"__object__3.data","declaredLoc":{"line":4,"column":4},"file":"D:\\WORK\\2021\\MPDF\\white_paper\\json\\dataset2.3wxapkg\\动图宇宙\\_431774825_38\\pages\\subjectDetail\\subjectDetail.js"}],"readFlow":[{"type":"assign to","from":{"name":"refresh","loc":{"line":7,"column":8},"id":12239990,"file":"D:\\WORK\\2021\\MPDF\\white_paper\\json\\dataset2.3wxapkg\\动图宇宙\\_431774825_38\\pages\\subjectDetail\\subjectDetail.js"},"to":{"name":"data","loc":{"line":4,"column":4},"id":12239980,"file":"D:\\WORK\\2021\\MPDF\\white_paper\\json\\dataset2.3wxapkg\\动图宇宙\\_431774825_38\\pages\\subjectDetail\\subjectDetail.js"}},{"type":"to callee","from":{"name":"data","loc":{"line":4,"column":4},"id":12239980,"file":"D:\\WORK\\2021\\MPDF\\white_paper\\json\\dataset2.3wxapkg\\动图宇宙\\_431774825_38\\pages\\subjectDetail\\subjectDetail.js"},"to":{"name":"Page","loc":{"line":3,"column":0},"id":12239977,"file":"D:\\WORK\\2021\\MPDF\\white_paper\\json\\dataset2.3wxapkg\\动图宇宙\\_431774825_38\\pages\\subjectDetail\\subjectDetail.js"}},{"type":"read","from":{"name":"data","loc":{"line":4,"column":4},"id":12239980,"file":"D:\\WORK\\2021\\MPDF\\white_paper\\json\\dataset2.3wxapkg\\动图宇宙\\_431774825_38\\pages\\subjectDetail\\subjectDetail.js"},"to":{"name":"this","loc":{"line":49,"column":16},"id":12240274,"file":"D:\\WORK\\2021\\MPDF\\white_paper\\json\\dataset2.3wxapkg\\动图宇宙\\_431774825_38\\pages\\subjectDetail\\subjectDetail.js"}},{"type":"assign to","from":{"name":"this","loc":{"line":49,"column":16},"id":12240274,"file":"D:\\WORK\\2021\\MPDF\\white_paper\\json\\dataset2.3wxapkg\\动图宇宙\\_431774825_38\\pages\\subjectDetail\\subjectDetail.js"},"to":{"name":"t","loc":{"line":49,"column":12},"id":12240273,"file":"D:\\WORK\\2021\\MPDF\\white_paper\\json\\dataset2.3wxapkg\\动图宇宙\\_431774825_38\\pages\\subjectDetail\\subjectDetail.js"}},{"type":"read","from":{"name":"this","loc":{"line":49,"column":16},"id":12240274,"file":"D:\\WORK\\2021\\MPDF\\white_paper\\json\\dataset2.3wxapkg\\动图宇宙\\_431774825_38\\pages\\subjectDetail\\subjectDetail.js"},"to":{"name":"t.data","loc":{"line":49,"column":26},"id":12240277,"file":"D:\\WORK\\2021\\MPDF\\white_paper\\json\\dataset2.3wxapkg\\动图宇宙\\_431774825_38\\pages\\subjectDetail\\subjectDetail.js"}},{"type":"read","from":{"name":"t.data","loc":{"line":49,"column":26},"id":12240277,"file":"D:\\WORK\\2021\\MPDF\\white_paper\\json\\dataset2.3wxapkg\\动图宇宙\\_431774825_38\\pages\\subjectDetail\\subjectDetail.js"},"to":{"name":"e.refresh","loc":{"line":66,"column":20},"id":12240404,"file":"D:\\WORK\\2021\\MPDF\\white_paper\\json\\dataset2.3wxapkg\\动图宇宙\\_431774825_38\\pages\\subjectDetail\\subjectDetail.js"}},{"type":"assign to","from":{"name":"t.data","loc":{"line":49,"column":26},"id":12240277,"file":"D:\\WORK\\2021\\MPDF\\white_paper\\json\\dataset2.3wxapkg\\动图宇宙\\_431774825_38\\pages\\subjectDetail\\subjectDetail.js"},"to":{"name":"e","loc":{"line":49,"column":22},"id":12240276,"file":"D:\\WORK\\2021\\MPDF\\white_paper\\json\\dataset2.3wxapkg\\动图宇宙\\_431774825_38\\pages\\subjectDetail\\subjectDetail.js"}}]},{"leftVar":[{"declaredName":"e","declaredLoc":{"line":49,"column":22},"file":"D:\\WORK\\2021\\MPDF\\white_paper\\json\\dataset2.3wxapkg\\动图宇宙\\_431774825_38\\pages\\subjectDetail\\subjectDetail.js"}],"readFlow":[{"type":"assign to","from":{"name":"t.data","loc":{"line":49,"column":26},"id":12240277,"file":"D:\\WORK\\2021\\MPDF\\white_paper\\json\\dataset2.3wxapkg\\动图宇宙\\_431774825_38\\pages\\subjectDetail\\subjectDetail.js"},"to":{"name":"e","loc":{"line":49,"column":22},"id":12240276,"file":"D:\\WORK\\2021\\MPDF\\white_paper\\json\\dataset2.3wxapkg\\动图宇宙\\_431774825_38\\pages\\subjectDetail\\subjectDetail.js"}}]}]}],"writeShadows":[{"shadowVar":{"declaredName":"__object__4.refresh","declaredLoc":{"line":7,"column":8},"file":"D:\\WORK\\2021\\MPDF\\white_paper\\json\\dataset2.3wxapkg\\动图宇宙\\_431774825_38\\pages\\subjectDetail\\subjectDetail.js"},"writeAccess":[]}]},{"propName":".desc","readShadows":[{"shadowVar":{"declaredName":"__object__4.desc","declaredLoc":{"line":8,"column":8},"file":"D:\\WORK\\2021\\MPDF\\white_paper\\json\\dataset2.3wxapkg\\动图宇宙\\_431774825_38\\pages\\subjectDetail\\subjectDetail.js"},"readAccess":[{"leftVar":[{"declaredName":"__object__3.data","declaredLoc":{"line":4,"column":4},"file":"D:\\WORK\\2021\\MPDF\\white_paper\\json\\dataset2.3wxapkg\\动图宇宙\\_431774825_38\\pages\\subjectDetail\\subjectDetail.js"}],"readFlow":[{"type":"assign to","from":{"name":"desc","loc":{"line":8,"column":8},"id":12239994,"file":"D:\\WORK\\2021\\MPDF\\white_paper\\json\\dataset2.3wxapkg\\动图宇宙\\_431774825_38\\pages\\subjectDetail\\subjectDetail.js"},"to":{"name":"data","loc":{"line":4,"column":4},"id":12239980,"file":"D:\\WORK\\2021\\MPDF\\white_paper\\json\\dataset2.3wxapkg\\动图宇宙\\_431774825_38\\pages\\subjectDetail\\subjectDetail.js"}},{"type":"to callee","from":{"name":"data","loc":{"line":4,"column":4},"id":12239980,"file":"D:\\WORK\\2021\\MPDF\\white_paper\\json\\dataset2.3wxapkg\\动图宇宙\\_431774825_38\\pages\\subjectDetail\\subjectDetail.js"},"to":{"name":"Page","loc":{"line":3,"column":0},"id":12239977,"file":"D:\\WORK\\2021\\MPDF\\white_paper\\json\\dataset2.3wxapkg\\动图宇宙\\_431774825_38\\pages\\subjectDetail\\subjectDetail.js"}},{"type":"read","from":{"name":"data","loc":{"line":4,"column":4},"id":12239980,"file":"D:\\WORK\\2021\\MPDF\\white_paper\\json\\dataset2.3wxapkg\\动图宇宙\\_431774825_38\\pages\\subjectDetail\\subjectDetail.js"},"to":{"name":"this","loc":{"line":49,"column":16},"id":12240274,"file":"D:\\WORK\\2021\\MPDF\\white_paper\\json\\dataset2.3wxapkg\\动图宇宙\\_431774825_38\\pages\\subjectDetail\\subjectDetail.js"}},{"type":"assign to","from":{"name":"this","loc":{"line":49,"column":16},"id":12240274,"file":"D:\\WORK\\2021\\MPDF\\white_paper\\json\\dataset2.3wxapkg\\动图宇宙\\_431774825_38\\pages\\subjectDetail\\subjectDetail.js"},"to":{"name":"t","loc":{"line":49,"column":12},"id":12240273,"file":"D:\\WORK\\2021\\MPDF\\white_paper\\json\\dataset2.3wxapkg\\动图宇宙\\_431774825_38\\pages\\subjectDetail\\subjectDetail.js"}},{"type":"read","from":{"name":"this","loc":{"line":49,"column":16},"id":12240274,"file":"D:\\WORK\\2021\\MPDF\\white_paper\\json\\dataset2.3wxapkg\\动图宇宙\\_431774825_38\\pages\\subjectDetail\\subjectDetail.js"},"to":{"name":"t.data","loc":{"line":49,"column":26},"id":12240277,"file":"D:\\WORK\\2021\\MPDF\\white_paper\\json\\dataset2.3wxapkg\\动图宇宙\\_431774825_38\\pages\\subjectDetail\\subjectDetail.js"}},{"type":"assign to","from":{"name":"t.data","loc":{"line":49,"column":26},"id":12240277,"file":"D:\\WORK\\2021\\MPDF\\white_paper\\json\\dataset2.3wxapkg\\动图宇宙\\_431774825_38\\pages\\subjectDetail\\subjectDetail.js"},"to":{"name":"e","loc":{"line":49,"column":22},"id":12240276,"file":"D:\\WORK\\2021\\MPDF\\white_paper\\json\\dataset2.3wxapkg\\动图宇宙\\_431774825_38\\pages\\subjectDetail\\subjectDetail.js"}}]},{"leftVar":[{"declaredName":"e","declaredLoc":{"line":49,"column":22},"file":"D:\\WORK\\2021\\MPDF\\white_paper\\json\\dataset2.3wxapkg\\动图宇宙\\_431774825_38\\pages\\subjectDetail\\subjectDetail.js"}],"readFlow":[{"type":"assign to","from":{"name":"t.data","loc":{"line":49,"column":26},"id":12240277,"file":"D:\\WORK\\2021\\MPDF\\white_paper\\json\\dataset2.3wxapkg\\动图宇宙\\_431774825_38\\pages\\subjectDetail\\subjectDetail.js"},"to":{"name":"e","loc":{"line":49,"column":22},"id":12240276,"file":"D:\\WORK\\2021\\MPDF\\white_paper\\json\\dataset2.3wxapkg\\动图宇宙\\_431774825_38\\pages\\subjectDetail\\subjectDetail.js"}}]}]}],"writeShadows":[{"shadowVar":{"declaredName":"__object__4.desc","declaredLoc":{"line":8,"column":8},"file":"D:\\WORK\\2021\\MPDF\\white_paper\\json\\dataset2.3wxapkg\\动图宇宙\\_431774825_38\\pages\\subjectDetail\\subjectDetail.js"},"writeAccess":[]}]},{"propName":".list","readShadows":[{"shadowVar":{"declaredName":"__object__4.list","declaredLoc":{"line":9,"column":8},"file":"D:\\WORK\\2021\\MPDF\\white_paper\\json\\dataset2.3wxapkg\\动图宇宙\\_431774825_38\\pages\\subjectDetail\\subjectDetail.js"},"readAccess":[{"leftVar":[{"declaredName":"__object__3.data","declaredLoc":{"line":4,"column":4},"file":"D:\\WORK\\2021\\MPDF\\white_paper\\json\\dataset2.3wxapkg\\动图宇宙\\_431774825_38\\pages\\subjectDetail\\subjectDetail.js"}],"readFlow":[{"type":"assign to","from":{"name":"list","loc":{"line":9,"column":8},"id":12239997,"file":"D:\\WORK\\2021\\MPDF\\white_paper\\json\\dataset2.3wxapkg\\动图宇宙\\_431774825_38\\pages\\subjectDetail\\subjectDetail.js"},"to":{"name":"data","loc":{"line":4,"column":4},"id":12239980,"file":"D:\\WORK\\2021\\MPDF\\white_paper\\json\\dataset2.3wxapkg\\动图宇宙\\_431774825_38\\pages\\subjectDetail\\subjectDetail.js"}},{"type":"to callee","from":{"name":"data","loc":{"line":4,"column":4},"id":12239980,"file":"D:\\WORK\\2021\\MPDF\\white_paper\\json\\dataset2.3wxapkg\\动图宇宙\\_431774825_38\\pages\\subjectDetail\\subjectDetail.js"},"to":{"name":"Page","loc":{"line":3,"column":0},"id":12239977,"file":"D:\\WORK\\2021\\MPDF\\white_paper\\json\\dataset2.3wxapkg\\动图宇宙\\_431774825_38\\pages\\subjectDetail\\subjectDetail.js"}},{"type":"read","from":{"name":"data","loc":{"line":4,"column":4},"id":12239980,"file":"D:\\WORK\\2021\\MPDF\\white_paper\\json\\dataset2.3wxapkg\\动图宇宙\\_431774825_38\\pages\\subjectDetail\\subjectDetail.js"},"to":{"name":"this","loc":{"line":49,"column":16},"id":12240274,"file":"D:\\WORK\\2021\\MPDF\\white_paper\\json\\dataset2.3wxapkg\\动图宇宙\\_431774825_38\\pages\\subjectDetail\\subjectDetail.js"}},{"type":"assign to","from":{"name":"this","loc":{"line":49,"column":16},"id":12240274,"file":"D:\\WORK\\2021\\MPDF\\white_paper\\json\\dataset2.3wxapkg\\动图宇宙\\_431774825_38\\pages\\subjectDetail\\subjectDetail.js"},"to":{"name":"t","loc":{"line":49,"column":12},"id":12240273,"file":"D:\\WORK\\2021\\MPDF\\white_paper\\json\\dataset2.3wxapkg\\动图宇宙\\_431774825_38\\pages\\subjectDetail\\subjectDetail.js"}},{"type":"read","from":{"name":"this","loc":{"line":49,"column":16},"id":12240274,"file":"D:\\WORK\\2021\\MPDF\\white_paper\\json\\dataset2.3wxapkg\\动图宇宙\\_431774825_38\\pages\\subjectDetail\\subjectDetail.js"},"to":{"name":"t.data","loc":{"line":49,"column":26},"id":12240277,"file":"D:\\WORK\\2021\\MPDF\\white_paper\\json\\dataset2.3wxapkg\\动图宇宙\\_431774825_38\\pages\\subjectDetail\\subjectDetail.js"}},{"type":"read","from":{"name":"t.data","loc":{"line":49,"column":26},"id":12240277,"file":"D:\\WORK\\2021\\MPDF\\white_paper\\json\\dataset2.3wxapkg\\动图宇宙\\_431774825_38\\pages\\subjectDetail\\subjectDetail.js"},"to":{"name":"e.list.concat","loc":{"line":66,"column":38},"id":12240410,"file":"D:\\WORK\\2021\\MPDF\\white_paper\\json\\dataset2.3wxapkg\\动图宇宙\\_431774825_38\\pages\\subjectDetail\\subjectDetail.js"}},{"type":"assign to","from":{"name":"t.data","loc":{"line":49,"column":26},"id":12240277,"file":"D:\\WORK\\2021\\MPDF\\white_paper\\json\\dataset2.3wxapkg\\动图宇宙\\_431774825_38\\pages\\subjectDetail\\subjectDetail.js"},"to":{"name":"e","loc":{"line":49,"column":22},"id":12240276,"file":"D:\\WORK\\2021\\MPDF\\white_paper\\json\\dataset2.3wxapkg\\动图宇宙\\_431774825_38\\pages\\subjectDetail\\subjectDetail.js"}},{"type":"assign to","from":{"name":"e.list.concat","loc":{"line":66,"column":38},"id":12240410,"file":"D:\\WORK\\2021\\MPDF\\white_paper\\json\\dataset2.3wxapkg\\动图宇宙\\_431774825_38\\pages\\subjectDetail\\subjectDetail.js"},"to":{"name":"s","loc":{"line":66,"column":34},"id":12240408,"file":"D:\\WORK\\2021\\MPDF\\white_paper\\json\\dataset2.3wxapkg\\动图宇宙\\_431774825_38\\pages\\subjectDetail\\subjectDetail.js"}},{"type":"read","from":{"name":"s","loc":{"line":66,"column":34},"id":12240408,"file":"D:\\WORK\\2021\\MPDF\\white_paper\\json\\dataset2.3wxapkg\\动图宇宙\\_431774825_38\\pages\\subjectDetail\\subjectDetail.js"},"to":{"name":"s","loc":{"line":67,"column":26},"id":12240423,"file":"D:\\WORK\\2021\\MPDF\\white_paper\\json\\dataset2.3wxapkg\\动图宇宙\\_431774825_38\\pages\\subjectDetail\\subjectDetail.js"}},{"type":"assign to","from":{"name":"s","loc":{"line":67,"column":26},"id":12240423,"file":"D:\\WORK\\2021\\MPDF\\white_paper\\json\\dataset2.3wxapkg\\动图宇宙\\_431774825_38\\pages\\subjectDetail\\subjectDetail.js"},"to":{"name":"list","loc":{"line":67,"column":20},"id":12240422,"file":"D:\\WORK\\2021\\MPDF\\white_paper\\json\\dataset2.3wxapkg\\动图宇宙\\_431774825_38\\pages\\subjectDetail\\subjectDetail.js"}},{"type":"to callee","from":{"name":"list","loc":{"line":67,"column":20},"id":12240422,"file":"D:\\WORK\\2021\\MPDF\\white_paper\\json\\dataset2.3wxapkg\\动图宇宙\\_431774825_38\\pages\\subjectDetail\\subjectDetail.js"},"to":{"name":"t.setData","loc":{"line":66,"column":57},"id":12240417,"file":"D:\\WORK\\2021\\MPDF\\white_paper\\json\\dataset2.3wxapkg\\动图宇宙\\_431774825_38\\pages\\subjectDetail\\subjectDetail.js"}}]},{"leftVar":[{"declaredName":"e","declaredLoc":{"line":49,"column":22},"file":"D:\\WORK\\2021\\MPDF\\white_paper\\json\\dataset2.3wxapkg\\动图宇宙\\_431774825_38\\pages\\subjectDetail\\subjectDetail.js"}],"readFlow":[{"type":"assign to","from":{"name":"t.data","loc":{"line":49,"column":26},"id":12240277,"file":"D:\\WORK\\2021\\MPDF\\white_paper\\json\\dataset2.3wxapkg\\动图宇宙\\_431774825_38\\pages\\subjectDetail\\subjectDetail.js"},"to":{"name":"e","loc":{"line":49,"column":22},"id":12240276,"file":"D:\\WORK\\2021\\MPDF\\white_paper\\json\\dataset2.3wxapkg\\动图宇宙\\_431774825_38\\pages\\subjectDetail\\subjectDetail.js"}}]}]}],"writeShadows":[{"shadowVar":{"declaredName":"__object__4.list","declaredLoc":{"line":9,"column":8},"file":"D:\\WORK\\2021\\MPDF\\white_paper\\json\\dataset2.3wxapkg\\动图宇宙\\_431774825_38\\pages\\subjectDetail\\subjectDetail.js"},"writeAccess":[]}]},{"propName":".subject","readShadows":[{"shadowVar":{"declaredName":"__object__4.subject","declaredLoc":{"line":10,"column":8},"file":"D:\\WORK\\2021\\MPDF\\white_paper\\json\\dataset2.3wxapkg\\动图宇宙\\_431774825_38\\pages\\subjectDetail\\subjectDetail.js"},"readAccess":[{"leftVar":[{"declaredName":"__object__3.data","declaredLoc":{"line":4,"column":4},"file":"D:\\WORK\\2021\\MPDF\\white_paper\\json\\dataset2.3wxapkg\\动图宇宙\\_431774825_38\\pages\\subjectDetail\\subjectDetail.js"}],"readFlow":[{"type":"assign to","from":{"name":"subject","loc":{"line":10,"column":8},"id":12240000,"file":"D:\\WORK\\2021\\MPDF\\white_paper\\json\\dataset2.3wxapkg\\动图宇宙\\_431774825_38\\pages\\subjectDetail\\subjectDetail.js"},"to":{"name":"data","loc":{"line":4,"column":4},"id":12239980,"file":"D:\\WORK\\2021\\MPDF\\white_paper\\json\\dataset2.3wxapkg\\动图宇宙\\_431774825_38\\pages\\subjectDetail\\subjectDetail.js"}},{"type":"to callee","from":{"name":"data","loc":{"line":4,"column":4},"id":12239980,"file":"D:\\WORK\\2021\\MPDF\\white_paper\\json\\dataset2.3wxapkg\\动图宇宙\\_431774825_38\\pages\\subjectDetail\\subjectDetail.js"},"to":{"name":"Page","loc":{"line":3,"column":0},"id":12239977,"file":"D:\\WORK\\2021\\MPDF\\white_paper\\json\\dataset2.3wxapkg\\动图宇宙\\_431774825_38\\pages\\subjectDetail\\subjectDetail.js"}},{"type":"read","from":{"name":"data","loc":{"line":4,"column":4},"id":12239980,"file":"D:\\WORK\\2021\\MPDF\\white_paper\\json\\dataset2.3wxapkg\\动图宇宙\\_431774825_38\\pages\\subjectDetail\\subjectDetail.js"},"to":{"name":"this","loc":{"line":49,"column":16},"id":12240274,"file":"D:\\WORK\\2021\\MPDF\\white_paper\\json\\dataset2.3wxapkg\\动图宇宙\\_431774825_38\\pages\\subjectDetail\\subjectDetail.js"}},{"type":"assign to","from":{"name":"this","loc":{"line":49,"column":16},"id":12240274,"file":"D:\\WORK\\2021\\MPDF\\white_paper\\json\\dataset2.3wxapkg\\动图宇宙\\_431774825_38\\pages\\subjectDetail\\subjectDetail.js"},"to":{"name":"t","loc":{"line":49,"column":12},"id":12240273,"file":"D:\\WORK\\2021\\MPDF\\white_paper\\json\\dataset2.3wxapkg\\动图宇宙\\_431774825_38\\pages\\subjectDetail\\subjectDetail.js"}},{"type":"read","from":{"name":"this","loc":{"line":49,"column":16},"id":12240274,"file":"D:\\WORK\\2021\\MPDF\\white_paper\\json\\dataset2.3wxapkg\\动图宇宙\\_431774825_38\\pages\\subjectDetail\\subjectDetail.js"},"to":{"name":"t.data","loc":{"line":49,"column":26},"id":12240277,"file":"D:\\WORK\\2021\\MPDF\\white_paper\\json\\dataset2.3wxapkg\\动图宇宙\\_431774825_38\\pages\\subjectDetail\\subjectDetail.js"}},{"type":"assign to","from":{"name":"t.data","loc":{"line":49,"column":26},"id":12240277,"file":"D:\\WORK\\2021\\MPDF\\white_paper\\json\\dataset2.3wxapkg\\动图宇宙\\_431774825_38\\pages\\subjectDetail\\subjectDetail.js"},"to":{"name":"e","loc":{"line":49,"column":22},"id":12240276,"file":"D:\\WORK\\2021\\MPDF\\white_paper\\json\\dataset2.3wxapkg\\动图宇宙\\_431774825_38\\pages\\subjectDetail\\subjectDetail.js"}}]},{"leftVar":[{"declaredName":"a","declaredLoc":{"line":20,"column":46},"file":"D:\\WORK\\2021\\MPDF\\white_paper\\json\\dataset2.3wxapkg\\动图宇宙\\_431774825_38\\pages\\subjectDetail\\subjectDetail.js"}],"readFlow":[{"type":"assign to","from":{"name":"this.data.subject","loc":{"line":20,"column":50},"id":12240071,"file":"D:\\WORK\\2021\\MPDF\\white_paper\\json\\dataset2.3wxapkg\\动图宇宙\\_431774825_38\\pages\\subjectDetail\\subjectDetail.js"},"to":{"name":"a","loc":{"line":20,"column":46},"id":12240070,"file":"D:\\WORK\\2021\\MPDF\\white_paper\\json\\dataset2.3wxapkg\\动图宇宙\\_431774825_38\\pages\\subjectDetail\\subjectDetail.js"}}]},{"leftVar":[{"declaredName":"a","declaredLoc":{"line":24,"column":46},"file":"D:\\WORK\\2021\\MPDF\\white_paper\\json\\dataset2.3wxapkg\\动图宇宙\\_431774825_38\\pages\\subjectDetail\\subjectDetail.js"}],"readFlow":[{"type":"assign to","from":{"name":"this.data.subject","loc":{"line":24,"column":50},"id":12240106,"file":"D:\\WORK\\2021\\MPDF\\white_paper\\json\\dataset2.3wxapkg\\动图宇宙\\_431774825_38\\pages\\subjectDetail\\subjectDetail.js"},"to":{"name":"a","loc":{"line":24,"column":46},"id":12240105,"file":"D:\\WORK\\2021\\MPDF\\white_paper\\json\\dataset2.3wxapkg\\动图宇宙\\_431774825_38\\pages\\subjectDetail\\subjectDetail.js"}}]},{"leftVar":[{"declaredName":"e","declaredLoc":{"line":49,"column":22},"file":"D:\\WORK\\2021\\MPDF\\white_paper\\json\\dataset2.3wxapkg\\动图宇宙\\_431774825_38\\pages\\subjectDetail\\subjectDetail.js"}],"readFlow":[{"type":"assign to","from":{"name":"t.data","loc":{"line":49,"column":26},"id":12240277,"file":"D:\\WORK\\2021\\MPDF\\white_paper\\json\\dataset2.3wxapkg\\动图宇宙\\_431774825_38\\pages\\subjectDetail\\subjectDetail.js"},"to":{"name":"e","loc":{"line":49,"column":22},"id":12240276,"file":"D:\\WORK\\2021\\MPDF\\white_paper\\json\\dataset2.3wxapkg\\动图宇宙\\_431774825_38\\pages\\subjectDetail\\subjectDetail.js"}}]}]}],"writeShadows":[{"shadowVar":{"declaredName":"__object__4.subject","declaredLoc":{"line":10,"column":8},"file":"D:\\WORK\\2021\\MPDF\\white_paper\\json\\dataset2.3wxapkg\\动图宇宙\\_431774825_38\\pages\\subjectDetail\\subjectDetail.js"},"writeAccess":[]}]},{"propName":".article_id","readShadows":[{"shadowVar":{"declaredName":"__object__4.article_id","declaredLoc":{"line":11,"column":8},"file":"D:\\WORK\\2021\\MPDF\\white_paper\\json\\dataset2.3wxapkg\\动图宇宙\\_431774825_38\\pages\\subjectDetail\\subjectDetail.js"},"readAccess":[{"leftVar":[{"declaredName":"__object__3.data","declaredLoc":{"line":4,"column":4},"file":"D:\\WORK\\2021\\MPDF\\white_paper\\json\\dataset2.3wxapkg\\动图宇宙\\_431774825_38\\pages\\subjectDetail\\subjectDetail.js"}],"readFlow":[{"type":"assign to","from":{"name":"article_id","loc":{"line":11,"column":8},"id":12240003,"file":"D:\\WORK\\2021\\MPDF\\white_paper\\json\\dataset2.3wxapkg\\动图宇宙\\_431774825_38\\pages\\subjectDetail\\subjectDetail.js"},"to":{"name":"data","loc":{"line":4,"column":4},"id":12239980,"file":"D:\\WORK\\2021\\MPDF\\white_paper\\json\\dataset2.3wxapkg\\动图宇宙\\_431774825_38\\pages\\subjectDetail\\subjectDetail.js"}},{"type":"to callee","from":{"name":"data","loc":{"line":4,"column":4},"id":12239980,"file":"D:\\WORK\\2021\\MPDF\\white_paper\\json\\dataset2.3wxapkg\\动图宇宙\\_431774825_38\\pages\\subjectDetail\\subjectDetail.js"},"to":{"name":"Page","loc":{"line":3,"column":0},"id":12239977,"file":"D:\\WORK\\2021\\MPDF\\white_paper\\json\\dataset2.3wxapkg\\动图宇宙\\_431774825_38\\pages\\subjectDetail\\subjectDetail.js"}},{"type":"read","from":{"name":"data","loc":{"line":4,"column":4},"id":12239980,"file":"D:\\WORK\\2021\\MPDF\\white_paper\\json\\dataset2.3wxapkg\\动图宇宙\\_431774825_38\\pages\\subjectDetail\\subjectDetail.js"},"to":{"name":"this","loc":{"line":49,"column":16},"id":12240274,"file":"D:\\WORK\\2021\\MPDF\\white_paper\\json\\dataset2.3wxapkg\\动图宇宙\\_431774825_38\\pages\\subjectDetail\\subjectDetail.js"}},{"type":"assign to","from":{"name":"this","loc":{"line":49,"column":16},"id":12240274,"file":"D:\\WORK\\2021\\MPDF\\white_paper\\json\\dataset2.3wxapkg\\动图宇宙\\_431774825_38\\pages\\subjectDetail\\subjectDetail.js"},"to":{"name":"t","loc":{"line":49,"column":12},"id":12240273,"file":"D:\\WORK\\2021\\MPDF\\white_paper\\json\\dataset2.3wxapkg\\动图宇宙\\_431774825_38\\pages\\subjectDetail\\subjectDetail.js"}},{"type":"read","from":{"name":"this","loc":{"line":49,"column":16},"id":12240274,"file":"D:\\WORK\\2021\\MPDF\\white_paper\\json\\dataset2.3wxapkg\\动图宇宙\\_431774825_38\\pages\\subjectDetail\\subjectDetail.js"},"to":{"name":"t.data","loc":{"line":49,"column":26},"id":12240277,"file":"D:\\WORK\\2021\\MPDF\\white_paper\\json\\dataset2.3wxapkg\\动图宇宙\\_431774825_38\\pages\\subjectDetail\\subjectDetail.js"}},{"type":"assign to","from":{"name":"t.data","loc":{"line":49,"column":26},"id":12240277,"file":"D:\\WORK\\2021\\MPDF\\white_paper\\json\\dataset2.3wxapkg\\动图宇宙\\_431774825_38\\pages\\subjectDetail\\subjectDetail.js"},"to":{"name":"e","loc":{"line":49,"column":22},"id":12240276,"file":"D:\\WORK\\2021\\MPDF\\white_paper\\json\\dataset2.3wxapkg\\动图宇宙\\_431774825_38\\pages\\subjectDetail\\subjectDetail.js"}},{"type":"read","from":{"name":"t.data","loc":{"line":49,"column":26},"id":12240277,"file":"D:\\WORK\\2021\\MPDF\\white_paper\\json\\dataset2.3wxapkg\\动图宇宙\\_431774825_38\\pages\\subjectDetail\\subjectDetail.js"},"to":{"name":"e.article_id","loc":{"line":53,"column":28},"id":12240300,"file":"D:\\WORK\\2021\\MPDF\\white_paper\\json\\dataset2.3wxapkg\\动图宇宙\\_431774825_38\\pages\\subjectDetail\\subjectDetail.js"}},{"type":"read","from":{"name":"e.article_id","loc":{"line":53,"column":28},"id":12240300,"file":"D:\\WORK\\2021\\MPDF\\white_paper\\json\\dataset2.3wxapkg\\动图宇宙\\_431774825_38\\pages\\subjectDetail\\subjectDetail.js"},"to":{"name":"e.article_id","loc":{"line":60,"column":35},"id":12240352,"file":"D:\\WORK\\2021\\MPDF\\white_paper\\json\\dataset2.3wxapkg\\动图宇宙\\_431774825_38\\pages\\subjectDetail\\subjectDetail.js"}},{"type":"assign to","from":{"name":"e.article_id","loc":{"line":53,"column":28},"id":12240300,"file":"D:\\WORK\\2021\\MPDF\\white_paper\\json\\dataset2.3wxapkg\\动图宇宙\\_431774825_38\\pages\\subjectDetail\\subjectDetail.js"},"to":{"name":"article_id","loc":{"line":53,"column":16},"id":12240299,"file":"D:\\WORK\\2021\\MPDF\\white_paper\\json\\dataset2.3wxapkg\\动图宇宙\\_431774825_38\\pages\\subjectDetail\\subjectDetail.js"}},{"type":"assign to","from":{"name":"article_id","loc":{"line":53,"column":16},"id":12240299,"file":"D:\\WORK\\2021\\MPDF\\white_paper\\json\\dataset2.3wxapkg\\动图宇宙\\_431774825_38\\pages\\subjectDetail\\subjectDetail.js"},"to":{"name":"params","loc":{"line":52,"column":12},"id":12240296,"file":"D:\\WORK\\2021\\MPDF\\white_paper\\json\\dataset2.3wxapkg\\动图宇宙\\_431774825_38\\pages\\subjectDetail\\subjectDetail.js"}},{"type":"to callee","from":{"name":"article_id","loc":{"line":53,"column":16},"id":12240299,"file":"D:\\WORK\\2021\\MPDF\\white_paper\\json\\dataset2.3wxapkg\\动图宇宙\\_431774825_38\\pages\\subjectDetail\\subjectDetail.js"},"to":{"name":"a.pageAjax.callAjax","loc":{"line":50,"column":19},"id":12240286,"file":"D:\\WORK\\2021\\MPDF\\white_paper\\json\\dataset2.3wxapkg\\动图宇宙\\_431774825_38\\pages\\subjectDetail\\subjectDetail.js"}},{"type":"to callee","from":{"name":"params","loc":{"line":52,"column":12},"id":12240296,"file":"D:\\WORK\\2021\\MPDF\\white_paper\\json\\dataset2.3wxapkg\\动图宇宙\\_431774825_38\\pages\\subjectDetail\\subjectDetail.js"},"to":{"name":"a.pageAjax.callAjax","loc":{"line":50,"column":19},"id":12240286,"file":"D:\\WORK\\2021\\MPDF\\white_paper\\json\\dataset2.3wxapkg\\动图宇宙\\_431774825_38\\pages\\subjectDetail\\subjectDetail.js"}},{"type":"assign to","from":{"name":"e.article_id","loc":{"line":60,"column":35},"id":12240352,"file":"D:\\WORK\\2021\\MPDF\\white_paper\\json\\dataset2.3wxapkg\\动图宇宙\\_431774825_38\\pages\\subjectDetail\\subjectDetail.js"},"to":{"name":"t.article_id","loc":{"line":60,"column":20},"id":12240349,"file":"D:\\WORK\\2021\\MPDF\\white_paper\\json\\dataset2.3wxapkg\\动图宇宙\\_431774825_38\\pages\\subjectDetail\\subjectDetail.js"}}]},{"leftVar":[{"declaredName":"t.article_id","file":"D:\\WORK\\2021\\MPDF\\white_paper\\json\\dataset2.3wxapkg\\动图宇宙\\_431774825_38\\pages\\subjectDetail\\subjectDetail.js"}],"readFlow":[{"type":"assign to","from":{"name":"e.article_id","loc":{"line":60,"column":35},"id":12240352,"file":"D:\\WORK\\2021\\MPDF\\white_paper\\json\\dataset2.3wxapkg\\动图宇宙\\_431774825_38\\pages\\subjectDetail\\subjectDetail.js"},"to":{"name":"t.article_id","loc":{"line":60,"column":20},"id":12240349,"file":"D:\\WORK\\2021\\MPDF\\white_paper\\json\\dataset2.3wxapkg\\动图宇宙\\_431774825_38\\pages\\subjectDetail\\subjectDetail.js"}}]},{"leftVar":[{"declaredName":"e","declaredLoc":{"line":49,"column":22},"file":"D:\\WORK\\2021\\MPDF\\white_paper\\json\\dataset2.3wxapkg\\动图宇宙\\_431774825_38\\pages\\subjectDetail\\subjectDetail.js"}],"readFlow":[{"type":"assign to","from":{"name":"t.data","loc":{"line":49,"column":26},"id":12240277,"file":"D:\\WORK\\2021\\MPDF\\white_paper\\json\\dataset2.3wxapkg\\动图宇宙\\_431774825_38\\pages\\subjectDetail\\subjectDetail.js"},"to":{"name":"e","loc":{"line":49,"column":22},"id":12240276,"file":"D:\\WORK\\2021\\MPDF\\white_paper\\json\\dataset2.3wxapkg\\动图宇宙\\_431774825_38\\pages\\subjectDetail\\subjectDetail.js"}}]},{"leftVar":[{"declaredName":"__object__52.article_id","declaredLoc":{"line":53,"column":16},"file":"D:\\WORK\\2021\\MPDF\\white_paper\\json\\dataset2.3wxapkg\\动图宇宙\\_431774825_38\\pages\\subjectDetail\\subjectDetail.js"}],"readFlow":[{"type":"assign to","from":{"name":"e.article_id","loc":{"line":53,"column":28},"id":12240300,"file":"D:\\WORK\\2021\\MPDF\\white_paper\\json\\dataset2.3wxapkg\\动图宇宙\\_431774825_38\\pages\\subjectDetail\\subjectDetail.js"},"to":{"name":"article_id","loc":{"line":53,"column":16},"id":12240299,"file":"D:\\WORK\\2021\\MPDF\\white_paper\\json\\dataset2.3wxapkg\\动图宇宙\\_431774825_38\\pages\\subjectDetail\\subjectDetail.js"}},{"type":"assign to","from":{"name":"article_id","loc":{"line":53,"column":16},"id":12240299,"file":"D:\\WORK\\2021\\MPDF\\white_paper\\json\\dataset2.3wxapkg\\动图宇宙\\_431774825_38\\pages\\subjectDetail\\subjectDetail.js"},"to":{"name":"params","loc":{"line":52,"column":12},"id":12240296,"file":"D:\\WORK\\2021\\MPDF\\white_paper\\json\\dataset2.3wxapkg\\动图宇宙\\_431774825_38\\pages\\subjectDetail\\subjectDetail.js"}},{"type":"to callee","from":{"name":"article_id","loc":{"line":53,"column":16},"id":12240299,"file":"D:\\WORK\\2021\\MPDF\\white_paper\\json\\dataset2.3wxapkg\\动图宇宙\\_431774825_38\\pages\\subjectDetail\\subjectDetail.js"},"to":{"name":"a.pageAjax.callAjax","loc":{"line":50,"column":19},"id":12240286,"file":"D:\\WORK\\2021\\MPDF\\white_paper\\json\\dataset2.3wxapkg\\动图宇宙\\_431774825_38\\pages\\subjectDetail\\subjectDetail.js"}},{"type":"to callee","from":{"name":"params","loc":{"line":52,"column":12},"id":12240296,"file":"D:\\WORK\\2021\\MPDF\\white_paper\\json\\dataset2.3wxapkg\\动图宇宙\\_431774825_38\\pages\\subjectDetail\\subjectDetail.js"},"to":{"name":"a.pageAjax.callAjax","loc":{"line":50,"column":19},"id":12240286,"file":"D:\\WORK\\2021\\MPDF\\white_paper\\json\\dataset2.3wxapkg\\动图宇宙\\_431774825_38\\pages\\subjectDetail\\subjectDetail.js"}}]}]}],"writeShadows":[{"shadowVar":{"declaredName":"__object__4.article_id","declaredLoc":{"line":11,"column":8},"file":"D:\\WORK\\2021\\MPDF\\white_paper\\json\\dataset2.3wxapkg\\动图宇宙\\_431774825_38\\pages\\subjectDetail\\subjectDetail.js"},"writeAccess":[]}]},{"propName":".isLoadData","readShadows":[{"shadowVar":{"declaredName":"__object__4.isLoadData","declaredLoc":{"line":12,"column":8},"file":"D:\\WORK\\2021\\MPDF\\white_paper\\json\\dataset2.3wxapkg\\动图宇宙\\_431774825_38\\pages\\subjectDetail\\subjectDetail.js"},"readAccess":[{"leftVar":[{"declaredName":"__object__3.data","declaredLoc":{"line":4,"column":4},"file":"D:\\WORK\\2021\\MPDF\\white_paper\\json\\dataset2.3wxapkg\\动图宇宙\\_431774825_38\\pages\\subjectDetail\\subjectDetail.js"}],"readFlow":[{"type":"assign to","from":{"name":"isLoadData","loc":{"line":12,"column":8},"id":12240006,"file":"D:\\WORK\\2021\\MPDF\\white_paper\\json\\dataset2.3wxapkg\\动图宇宙\\_431774825_38\\pages\\subjectDetail\\subjectDetail.js"},"to":{"name":"data","loc":{"line":4,"column":4},"id":12239980,"file":"D:\\WORK\\2021\\MPDF\\white_paper\\json\\dataset2.3wxapkg\\动图宇宙\\_431774825_38\\pages\\subjectDetail\\subjectDetail.js"}},{"type":"to callee","from":{"name":"data","loc":{"line":4,"column":4},"id":12239980,"file":"D:\\WORK\\2021\\MPDF\\white_paper\\json\\dataset2.3wxapkg\\动图宇宙\\_431774825_38\\pages\\subjectDetail\\subjectDetail.js"},"to":{"name":"Page","loc":{"line":3,"column":0},"id":12239977,"file":"D:\\WORK\\2021\\MPDF\\white_paper\\json\\dataset2.3wxapkg\\动图宇宙\\_431774825_38\\pages\\subjectDetail\\subjectDetail.js"}},{"type":"read","from":{"name":"data","loc":{"line":4,"column":4},"id":12239980,"file":"D:\\WORK\\2021\\MPDF\\white_paper\\json\\dataset2.3wxapkg\\动图宇宙\\_431774825_38\\pages\\subjectDetail\\subjectDetail.js"},"to":{"name":"this","loc":{"line":49,"column":16},"id":12240274,"file":"D:\\WORK\\2021\\MPDF\\white_paper\\json\\dataset2.3wxapkg\\动图宇宙\\_431774825_38\\pages\\subjectDetail\\subjectDetail.js"}},{"type":"assign to","from":{"name":"this","loc":{"line":49,"column":16},"id":12240274,"file":"D:\\WORK\\2021\\MPDF\\white_paper\\json\\dataset2.3wxapkg\\动图宇宙\\_431774825_38\\pages\\subjectDetail\\subjectDetail.js"},"to":{"name":"t","loc":{"line":49,"column":12},"id":12240273,"file":"D:\\WORK\\2021\\MPDF\\white_paper\\json\\dataset2.3wxapkg\\动图宇宙\\_431774825_38\\pages\\subjectDetail\\subjectDetail.js"}},{"type":"read","from":{"name":"this","loc":{"line":49,"column":16},"id":12240274,"file":"D:\\WORK\\2021\\MPDF\\white_paper\\json\\dataset2.3wxapkg\\动图宇宙\\_431774825_38\\pages\\subjectDetail\\subjectDetail.js"},"to":{"name":"t.data","loc":{"line":49,"column":26},"id":12240277,"file":"D:\\WORK\\2021\\MPDF\\white_paper\\json\\dataset2.3wxapkg\\动图宇宙\\_431774825_38\\pages\\subjectDetail\\subjectDetail.js"}},{"type":"read","from":{"name":"t.data","loc":{"line":49,"column":26},"id":12240277,"file":"D:\\WORK\\2021\\MPDF\\white_paper\\json\\dataset2.3wxapkg\\动图宇宙\\_431774825_38\\pages\\subjectDetail\\subjectDetail.js"},"to":{"name":"t.data.isLoadData","loc":{"line":57,"column":16},"id":12240315,"file":"D:\\WORK\\2021\\MPDF\\white_paper\\json\\dataset2.3wxapkg\\动图宇宙\\_431774825_38\\pages\\subjectDetail\\subjectDetail.js"}},{"type":"read","from":{"name":"t.data","loc":{"line":49,"column":26},"id":12240277,"file":"D:\\WORK\\2021\\MPDF\\white_paper\\json\\dataset2.3wxapkg\\动图宇宙\\_431774825_38\\pages\\subjectDetail\\subjectDetail.js"},"to":{"name":"t.data.isLoadData","loc":{"line":74,"column":16},"id":12240454,"file":"D:\\WORK\\2021\\MPDF\\white_paper\\json\\dataset2.3wxapkg\\动图宇宙\\_431774825_38\\pages\\subjectDetail\\subjectDetail.js"}},{"type":"assign to","from":{"name":"t.data","loc":{"line":49,"column":26},"id":12240277,"file":"D:\\WORK\\2021\\MPDF\\white_paper\\json\\dataset2.3wxapkg\\动图宇宙\\_431774825_38\\pages\\subjectDetail\\subjectDetail.js"},"to":{"name":"e","loc":{"line":49,"column":22},"id":12240276,"file":"D:\\WORK\\2021\\MPDF\\white_paper\\json\\dataset2.3wxapkg\\动图宇宙\\_431774825_38\\pages\\subjectDetail\\subjectDetail.js"}}]},{"leftVar":[{"declaredName":"e","declaredLoc":{"line":49,"column":22},"file":"D:\\WORK\\2021\\MPDF\\white_paper\\json\\dataset2.3wxapkg\\动图宇宙\\_431774825_38\\pages\\subjectDetail\\subjectDetail.js"}],"readFlow":[{"type":"assign to","from":{"name":"t.data","loc":{"line":49,"column":26},"id":12240277,"file":"D:\\WORK\\2021\\MPDF\\white_paper\\json\\dataset2.3wxapkg\\动图宇宙\\_431774825_38\\pages\\subjectDetail\\subjectDetail.js"},"to":{"name":"e","loc":{"line":49,"column":22},"id":12240276,"file":"D:\\WORK\\2021\\MPDF\\white_paper\\json\\dataset2.3wxapkg\\动图宇宙\\_431774825_38\\pages\\subjectDetail\\subjectDetail.js"}}]}]}],"writeShadows":[{"shadowVar":{"declaredName":"__object__4.isLoadData","declaredLoc":{"line":12,"column":8},"file":"D:\\WORK\\2021\\MPDF\\white_paper\\json\\dataset2.3wxapkg\\动图宇宙\\_431774825_38\\pages\\subjectDetail\\subjectDetail.js"},"writeAccess":[]}]},{"propName":".result","readShadows":[{"shadowVar":{"declaredName":"__object__4.result","file":"D:\\WORK\\2021\\MPDF\\white_paper\\json\\dataset2.3wxapkg\\动图宇宙\\_431774825_38\\pages\\subjectDetail\\subjectDetail.js"},"readAccess":[{"leftVar":[{"declaredName":"a","declaredLoc":{"line":58,"column":20},"file":"D:\\WORK\\2021\\MPDF\\white_paper\\json\\dataset2.3wxapkg\\动图宇宙\\_431774825_38\\pages\\subjectDetail\\subjectDetail.js"}],"readFlow":[{"type":"assign to","from":{"name":"data.result","loc":{"line":58,"column":24},"id":12240329,"file":"D:\\WORK\\2021\\MPDF\\white_paper\\json\\dataset2.3wxapkg\\动图宇宙\\_431774825_38\\pages\\subjectDetail\\subjectDetail.js"},"to":{"name":"a","loc":{"line":58,"column":20},"id":12240328,"file":"D:\\WORK\\2021\\MPDF\\white_paper\\json\\dataset2.3wxapkg\\动图宇宙\\_431774825_38\\pages\\subjectDetail\\subjectDetail.js"}}]}]}],"writeShadows":[{"shadowVar":{"declaredName":"__object__4.result","file":"D:\\WORK\\2021\\MPDF\\white_paper\\json\\dataset2.3wxapkg\\动图宇宙\\_431774825_38\\pages\\subjectDetail\\subjectDetail.js"},"writeAccess":[]}]},{"propName":".list.concat","readShadows":[{"shadowVar":{"declaredName":"__object__4.list.concat","file":"D:\\WORK\\2021\\MPDF\\white_paper\\json\\dataset2.3wxapkg\\动图宇宙\\_431774825_38\\pages\\subjectDetail\\subjectDetail.js"},"readAccess":[{"leftVar":[{"declaredName":"s","declaredLoc":{"line":58,"column":37},"file":"D:\\WORK\\2021\\MPDF\\white_paper\\json\\dataset2.3wxapkg\\动图宇宙\\_431774825_38\\pages\\subjectDetail\\subjectDetail.js"}],"readFlow":[{"type":"assign to","from":{"name":"e.list.concat","loc":{"line":66,"column":38},"id":12240410,"file":"D:\\WORK\\2021\\MPDF\\white_paper\\json\\dataset2.3wxapkg\\动图宇宙\\_431774825_38\\pages\\subjectDetail\\subjectDetail.js"},"to":{"name":"s","loc":{"line":66,"column":34},"id":12240408,"file":"D:\\WORK\\2021\\MPDF\\white_paper\\json\\dataset2.3wxapkg\\动图宇宙\\_431774825_38\\pages\\subjectDetail\\subjectDetail.js"}},{"type":"read","from":{"name":"s","loc":{"line":66,"column":34},"id":12240408,"file":"D:\\WORK\\2021\\MPDF\\white_paper\\json\\dataset2.3wxapkg\\动图宇宙\\_431774825_38\\pages\\subjectDetail\\subjectDetail.js"},"to":{"name":"s","loc":{"line":67,"column":26},"id":12240423,"file":"D:\\WORK\\2021\\MPDF\\white_paper\\json\\dataset2.3wxapkg\\动图宇宙\\_431774825_38\\pages\\subjectDetail\\subjectDetail.js"}},{"type":"assign to","from":{"name":"s","loc":{"line":67,"column":26},"id":12240423,"file":"D:\\WORK\\2021\\MPDF\\white_paper\\json\\dataset2.3wxapkg\\动图宇宙\\_431774825_38\\pages\\subjectDetail\\subjectDetail.js"},"to":{"name":"list","loc":{"line":67,"column":20},"id":12240422,"file":"D:\\WORK\\2021\\MPDF\\white_paper\\json\\dataset2.3wxapkg\\动图宇宙\\_431774825_38\\pages\\subjectDetail\\subjectDetail.js"}},{"type":"to callee","from":{"name":"list","loc":{"line":67,"column":20},"id":12240422,"file":"D:\\WORK\\2021\\MPDF\\white_paper\\json\\dataset2.3wxapkg\\动图宇宙\\_431774825_38\\pages\\subjectDetail\\subjectDetail.js"},"to":{"name":"t.setData","loc":{"line":66,"column":57},"id":12240417,"file":"D:\\WORK\\2021\\MPDF\\white_paper\\json\\dataset2.3wxapkg\\动图宇宙\\_431774825_38\\pages\\subjectDetail\\subjectDetail.js"}}]}]}],"writeShadows":[{"shadowVar":{"declaredName":"__object__4.list.concat","file":"D:\\WORK\\2021\\MPDF\\white_paper\\json\\dataset2.3wxapkg\\动图宇宙\\_431774825_38\\pages\\subjectDetail\\subjectDetail.js"},"writeAccess":[]}]},{"propName":".result.list","readShadows":[{"shadowVar":{"declaredName":"__object__4.result.list","file":"D:\\WORK\\2021\\MPDF\\white_paper\\json\\dataset2.3wxapkg\\动图宇宙\\_431774825_38\\pages\\subjectDetail\\subjectDetail.js"},"readAccess":[{"leftVar":[{"declaredName":"s","declaredLoc":{"line":58,"column":37},"file":"D:\\WORK\\2021\\MPDF\\white_paper\\json\\dataset2.3wxapkg\\动图宇宙\\_431774825_38\\pages\\subjectDetail\\subjectDetail.js"}],"readFlow":[{"type":"assign to","from":{"name":"a.list","loc":{"line":58,"column":41},"id":12240334,"file":"D:\\WORK\\2021\\MPDF\\white_paper\\json\\dataset2.3wxapkg\\动图宇宙\\_431774825_38\\pages\\subjectDetail\\subjectDetail.js"},"to":{"name":"s","loc":{"line":58,"column":37},"id":12240333,"file":"D:\\WORK\\2021\\MPDF\\white_paper\\json\\dataset2.3wxapkg\\动图宇宙\\_431774825_38\\pages\\subjectDetail\\subjectDetail.js"}},{"type":"read","from":{"name":"s","loc":{"line":58,"column":37},"id":12240333,"file":"D:\\WORK\\2021\\MPDF\\white_paper\\json\\dataset2.3wxapkg\\动图宇宙\\_431774825_38\\pages\\subjectDetail\\subjectDetail.js"},"to":{"name":"s","loc":{"line":66,"column":52},"id":12240415,"file":"D:\\WORK\\2021\\MPDF\\white_paper\\json\\dataset2.3wxapkg\\动图宇宙\\_431774825_38\\pages\\subjectDetail\\subjectDetail.js"}},{"type":"to callee","from":{"name":"s","loc":{"line":66,"column":52},"id":12240415,"file":"D:\\WORK\\2021\\MPDF\\white_paper\\json\\dataset2.3wxapkg\\动图宇宙\\_431774825_38\\pages\\subjectDetail\\subjectDetail.js"},"to":{"name":"e.list.concat","loc":{"line":66,"column":38},"id":12240410,"file":"D:\\WORK\\2021\\MPDF\\white_paper\\json\\dataset2.3wxapkg\\动图宇宙\\_431774825_38\\pages\\subjectDetail\\subjectDetail.js"}},{"type":"read","from":{"name":"s","loc":{"line":66,"column":52},"id":12240415,"file":"D:\\WORK\\2021\\MPDF\\white_paper\\json\\dataset2.3wxapkg\\动图宇宙\\_431774825_38\\pages\\subjectDetail\\subjectDetail.js"},"to":{"name":"s","loc":{"line":66,"column":34},"id":12240408,"file":"D:\\WORK\\2021\\MPDF\\white_paper\\json\\dataset2.3wxapkg\\动图宇宙\\_431774825_38\\pages\\subjectDetail\\subjectDetail.js"}},{"type":"read","from":{"name":"s","loc":{"line":66,"column":34},"id":12240408,"file":"D:\\WORK\\2021\\MPDF\\white_paper\\json\\dataset2.3wxapkg\\动图宇宙\\_431774825_38\\pages\\subjectDetail\\subjectDetail.js"},"to":{"name":"s","loc":{"line":67,"column":26},"id":12240423,"file":"D:\\WORK\\2021\\MPDF\\white_paper\\json\\dataset2.3wxapkg\\动图宇宙\\_431774825_38\\pages\\subjectDetail\\subjectDetail.js"}},{"type":"assign to","from":{"name":"s","loc":{"line":67,"column":26},"id":12240423,"file":"D:\\WORK\\2021\\MPDF\\white_paper\\json\\dataset2.3wxapkg\\动图宇宙\\_431774825_38\\pages\\subjectDetail\\subjectDetail.js"},"to":{"name":"list","loc":{"line":67,"column":20},"id":12240422,"file":"D:\\WORK\\2021\\MPDF\\white_paper\\json\\dataset2.3wxapkg\\动图宇宙\\_431774825_38\\pages\\subjectDetail\\subjectDetail.js"}},{"type":"to callee","from":{"name":"s","loc":{"line":67,"column":26},"id":12240423,"file":"D:\\WORK\\2021\\MPDF\\white_paper\\json\\dataset2.3wxapkg\\动图宇宙\\_431774825_38\\pages\\subjectDetail\\subjectDetail.js"},"to":{"name":"t.setData","loc":{"line":66,"column":57},"id":12240417,"file":"D:\\WORK\\2021\\MPDF\\white_paper\\json\\dataset2.3wxapkg\\动图宇宙\\_431774825_38\\pages\\subjectDetail\\subjectDetail.js"}},{"type":"to callee","from":{"name":"list","loc":{"line":67,"column":20},"id":12240422,"file":"D:\\WORK\\2021\\MPDF\\white_paper\\json\\dataset2.3wxapkg\\动图宇宙\\_431774825_38\\pages\\subjectDetail\\subjectDetail.js"},"to":{"name":"t.setData","loc":{"line":66,"column":57},"id":12240417,"file":"D:\\WORK\\2021\\MPDF\\white_paper\\json\\dataset2.3wxapkg\\动图宇宙\\_431774825_38\\pages\\subjectDetail\\subjectDetail.js"}}]}]}],"writeShadows":[{"shadowVar":{"declaredName":"__object__4.result.list","file":"D:\\WORK\\2021\\MPDF\\white_paper\\json\\dataset2.3wxapkg\\动图宇宙\\_431774825_38\\pages\\subjectDetail\\subjectDetail.js"},"writeAccess":[]}]},{"propName":".result.subject","readShadows":[{"shadowVar":{"declaredName":"__object__4.result.subject","file":"D:\\WORK\\2021\\MPDF\\white_paper\\json\\dataset2.3wxapkg\\动图宇宙\\_431774825_38\\pages\\subjectDetail\\subjectDetail.js"},"readAccess":[{"leftVar":[{"declaredName":"__object__66.subject","declaredLoc":{"line":68,"column":20},"file":"D:\\WORK\\2021\\MPDF\\white_paper\\json\\dataset2.3wxapkg\\动图宇宙\\_431774825_38\\pages\\subjectDetail\\subjectDetail.js"}],"readFlow":[{"type":"assign to","from":{"name":"a.subject","loc":{"line":68,"column":29},"id":12240426,"file":"D:\\WORK\\2021\\MPDF\\white_paper\\json\\dataset2.3wxapkg\\动图宇宙\\_431774825_38\\pages\\subjectDetail\\subjectDetail.js"},"to":{"name":"subject","loc":{"line":68,"column":20},"id":12240425,"file":"D:\\WORK\\2021\\MPDF\\white_paper\\json\\dataset2.3wxapkg\\动图宇宙\\_431774825_38\\pages\\subjectDetail\\subjectDetail.js"}},{"type":"to callee","from":{"name":"subject","loc":{"line":68,"column":20},"id":12240425,"file":"D:\\WORK\\2021\\MPDF\\white_paper\\json\\dataset2.3wxapkg\\动图宇宙\\_431774825_38\\pages\\subjectDetail\\subjectDetail.js"},"to":{"name":"t.setData","loc":{"line":66,"column":57},"id":12240417,"file":"D:\\WORK\\2021\\MPDF\\white_paper\\json\\dataset2.3wxapkg\\动图宇宙\\_431774825_38\\pages\\subjectDetail\\subjectDetail.js"}}]}]}],"writeShadows":[{"shadowVar":{"declaredName":"__object__4.result.subject","file":"D:\\WORK\\2021\\MPDF\\white_paper\\json\\dataset2.3wxapkg\\动图宇宙\\_431774825_38\\pages\\subjectDetail\\subjectDetail.js"},"writeAccess":[]}]},{"propName":".result.list.forEach","readShadows":[{"shadowVar":{"declaredName":"__object__4.result.list.forEach","file":"D:\\WORK\\2021\\MPDF\\white_paper\\json\\dataset2.3wxapkg\\动图宇宙\\_431774825_38\\pages\\subjectDetail\\subjectDetail.js"},"readAccess":[{"leftVar":[{"declaredName":"__object__66.list","declaredLoc":{"line":67,"column":20},"file":"D:\\WORK\\2021\\MPDF\\white_paper\\json\\dataset2.3wxapkg\\动图宇宙\\_431774825_38\\pages\\subjectDetail\\subjectDetail.js"}],"readFlow":[{"type":"assign to","from":{"name":"s","loc":{"line":67,"column":26},"id":12240423,"file":"D:\\WORK\\2021\\MPDF\\white_paper\\json\\dataset2.3wxapkg\\动图宇宙\\_431774825_38\\pages\\subjectDetail\\subjectDetail.js"},"to":{"name":"list","loc":{"line":67,"column":20},"id":12240422,"file":"D:\\WORK\\2021\\MPDF\\white_paper\\json\\dataset2.3wxapkg\\动图宇宙\\_431774825_38\\pages\\subjectDetail\\subjectDetail.js"}},{"type":"to callee","from":{"name":"list","loc":{"line":67,"column":20},"id":12240422,"file":"D:\\WORK\\2021\\MPDF\\white_paper\\json\\dataset2.3wxapkg\\动图宇宙\\_431774825_38\\pages\\subjectDetail\\subjectDetail.js"},"to":{"name":"t.setData","loc":{"line":66,"column":57},"id":12240417,"file":"D:\\WORK\\2021\\MPDF\\white_paper\\json\\dataset2.3wxapkg\\动图宇宙\\_431774825_38\\pages\\subjectDetail\\subjectDetail.js"}}]}]}],"writeShadows":[{"shadowVar":{"declaredName":"__object__4.result.list.forEach","file":"D:\\WORK\\2021\\MPDF\\white_paper\\json\\dataset2.3wxapkg\\动图宇宙\\_431774825_38\\pages\\subjectDetail\\subjectDetail.js"},"writeAccess":[]}]}]},{"shadowObjectVar":"__object__10","dynamicDefinedProps":[{"propName":".subject_id","readShadows":[{"shadowVar":{"declaredName":"__object__10.subject_id","file":"D:\\WORK\\2021\\MPDF\\white_paper\\json\\dataset2.3wxapkg\\动图宇宙\\_431774825_38\\pages\\subjectDetail\\subjectDetail.js"},"readAccess":[{"leftVar":[{"declaredName":"e","declaredLoc":{"line":49,"column":22},"file":"D:\\WORK\\2021\\MPDF\\white_paper\\json\\dataset2.3wxapkg\\动图宇宙\\_431774825_38\\pages\\subjectDetail\\subjectDetail.js"}],"readFlow":[{"type":"assign to","from":{"name":"t.data","loc":{"line":49,"column":26},"id":12240277,"file":"D:\\WORK\\2021\\MPDF\\white_paper\\json\\dataset2.3wxapkg\\动图宇宙\\_431774825_38\\pages\\subjectDetail\\subjectDetail.js"},"to":{"name":"e","loc":{"line":49,"column":22},"id":12240276,"file":"D:\\WORK\\2021\\MPDF\\white_paper\\json\\dataset2.3wxapkg\\动图宇宙\\_431774825_38\\pages\\subjectDetail\\subjectDetail.js"}}]}]}],"writeShadows":[{"shadowVar":{"declaredName":"__object__10.subject_id","file":"D:\\WORK\\2021\\MPDF\\white_paper\\json\\dataset2.3wxapkg\\动图宇宙\\_431774825_38\\pages\\subjectDetail\\subjectDetail.js"},"writeAccess":[]}]},{"propName":".subject_type","readShadows":[{"shadowVar":{"declaredName":"__object__10.subject_type","file":"D:\\WORK\\2021\\MPDF\\white_paper\\json\\dataset2.3wxapkg\\动图宇宙\\_431774825_38\\pages\\subjectDetail\\subjectDetail.js"},"readAccess":[{"leftVar":[{"declaredName":"e","declaredLoc":{"line":49,"column":22},"file":"D:\\WORK\\2021\\MPDF\\white_paper\\json\\dataset2.3wxapkg\\动图宇宙\\_431774825_38\\pages\\subjectDetail\\subjectDetail.js"}],"readFlow":[{"type":"assign to","from":{"name":"t.data","loc":{"line":49,"column":26},"id":12240277,"file":"D:\\WORK\\2021\\MPDF\\white_paper\\json\\dataset2.3wxapkg\\动图宇宙\\_431774825_38\\pages\\subjectDetail\\subjectDetail.js"},"to":{"name":"e","loc":{"line":49,"column":22},"id":12240276,"file":"D:\\WORK\\2021\\MPDF\\white_paper\\json\\dataset2.3wxapkg\\动图宇宙\\_431774825_38\\pages\\subjectDetail\\subjectDetail.js"}}]}]}],"writeShadows":[{"shadowVar":{"declaredName":"__object__10.subject_type","file":"D:\\WORK\\2021\\MPDF\\white_paper\\json\\dataset2.3wxapkg\\动图宇宙\\_431774825_38\\pages\\subjectDetail\\subjectDetail.js"},"writeAccess":[]}]},{"propName":".show_type","readShadows":[{"shadowVar":{"declaredName":"__object__10.show_type","file":"D:\\WORK\\2021\\MPDF\\white_paper\\json\\dataset2.3wxapkg\\动图宇宙\\_431774825_38\\pages\\subjectDetail\\subjectDetail.js"},"readAccess":[{"leftVar":[{"declaredName":"e","declaredLoc":{"line":49,"column":22},"file":"D:\\WORK\\2021\\MPDF\\white_paper\\json\\dataset2.3wxapkg\\动图宇宙\\_431774825_38\\pages\\subjectDetail\\subjectDetail.js"}],"readFlow":[{"type":"assign to","from":{"name":"t.data","loc":{"line":49,"column":26},"id":12240277,"file":"D:\\WORK\\2021\\MPDF\\white_paper\\json\\dataset2.3wxapkg\\动图宇宙\\_431774825_38\\pages\\subjectDetail\\subjectDetail.js"},"to":{"name":"e","loc":{"line":49,"column":22},"id":12240276,"file":"D:\\WORK\\2021\\MPDF\\white_paper\\json\\dataset2.3wxapkg\\动图宇宙\\_431774825_38\\pages\\subjectDetail\\subjectDetail.js"}}]}]}],"writeShadows":[{"shadowVar":{"declaredName":"__object__10.show_type","file":"D:\\WORK\\2021\\MPDF\\white_paper\\json\\dataset2.3wxapkg\\动图宇宙\\_431774825_38\\pages\\subjectDetail\\subjectDetail.js"},"writeAccess":[]}]}]}]}