{
    "enablePullDownRefresh": true,
    "onReachBottomDistance": 304,
    "usingComponents": {
        "tag": "/components/tag/tag",
        "title": "/components/title/title",
        "common-buttons": "/components/common-buttons/common-buttons",
        "slideshow": "./components/slideshow/slideshow",
        "relate-recommend": "/components/relate-recommend/relate-recommend",
        "subscribe-button": "/components/subscribe-button/subscribe-button",
        "video-time": "/components/video-time/video-time"
    }
}