{"/230B6C3484CF379C456D0433B5715043.js":[{"stained":"wx.checkSession","nodes":[{"name":"2084592","declaredName":"__function__4","declaredLoc":{"line":4,"column":14},"file":"/230B6C3484CF379C456D0433B5715043.js","type":"ofAppInstance: onLaunch"},{"name":"2084671","declaredName":"__function__24","declaredLoc":{"line":24,"column":23},"file":"/230B6C3484CF379C456D0433B5715043.js","type":"ofAppInstance: newAuthentication"},{"name":"2084678","declaredName":"wx.checkSession({success:function...","declaredLoc":{"line":26,"column":8},"file":"/230B6C3484CF379C456D0433B5715043.js","type":"source"}],"edges":[{"source":"2084671","target":"2084678"},{"source":"2084592","target":"2084671"}]},{"stained":"wx.getStorage","nodes":[{"name":"2084685","declaredName":"__function__27","declaredLoc":{"line":27,"column":21},"file":"/230B6C3484CF379C456D0433B5715043.js","type":"normal"},{"name":"2084688","declaredName":"wx.getStorage({key:'loginAuthoriz...","declaredLoc":{"line":28,"column":16},"file":"/230B6C3484CF379C456D0433B5715043.js","type":"source"}],"edges":[{"source":"2084685","target":"2084688"}]},{"stained":"wx.login","nodes":[{"name":"2084743","declaredName":"__function__38","declaredLoc":{"line":38,"column":18},"file":"/230B6C3484CF379C456D0433B5715043.js","type":"normal"},{"name":"2084698","declaredName":"__function__30","declaredLoc":{"line":30,"column":29},"file":"/230B6C3484CF379C456D0433B5715043.js","type":"normal"},{"name":"2084733","declaredName":"__function__33","declaredLoc":{"line":33,"column":26},"file":"/230B6C3484CF379C456D0433B5715043.js","type":"normal"},{"name":"2084752","declaredName":"__function__43","declaredLoc":{"line":43,"column":27},"file":"/230B6C3484CF379C456D0433B5715043.js","type":"ofAppInstance: getLoginAuthorization"},{"name":"2084759","declaredName":"wx.login({success:function(i){if(...","declaredLoc":{"line":45,"column":8},"file":"/230B6C3484CF379C456D0433B5715043.js","type":"source"}],"edges":[{"source":"2084752","target":"2084759"},{"source":"2084743","target":"2084752"},{"source":"2084698","target":"2084752"},{"source":"2084733","target":"2084752"}]},{"stained":"wx.request","nodes":[{"name":"2084766","declaredName":"__function__46","declaredLoc":{"line":46,"column":21},"file":"/230B6C3484CF379C456D0433B5715043.js","type":"normal"},{"name":"2084822","declaredName":"wx.request({url:s,data:n,method:'...","declaredLoc":{"line":54,"column":20},"file":"/230B6C3484CF379C456D0433B5715043.js","type":"source,sink"}],"edges":[{"source":"2084766","target":"2084822"}]},{"stained":"wx.getUserInfo","nodes":[{"name":"2084698","declaredName":"__function__30","declaredLoc":{"line":30,"column":29},"file":"/230B6C3484CF379C456D0433B5715043.js","type":"normal"},{"name":"2084847","declaredName":"__function__62","declaredLoc":{"line":62,"column":33},"file":"/230B6C3484CF379C456D0433B5715043.js","type":"normal"},{"name":"2084969","declaredName":"__function__81","declaredLoc":{"line":81,"column":20},"file":"/230B6C3484CF379C456D0433B5715043.js","type":"ofAppInstance: getUserInfoNew"},{"name":"2084998","declaredName":"wx.getUserInfo({success:function(...","declaredLoc":{"line":84,"column":8},"file":"/230B6C3484CF379C456D0433B5715043.js","type":"source"}],"edges":[{"source":"2084969","target":"2084998"},{"source":"2084698","target":"2084969"},{"source":"2084847","target":"2084969"}]}],"/2DF0B67284CF379C4B96DE754EB15043.js":[{"stained":"wx.request","nodes":[{"name":"2117873","declaredName":"__function__85","declaredLoc":{"line":85,"column":21},"file":"/app.js","type":"normal"},{"name":"2159384","declaredName":"__function__5","declaredLoc":{"line":5,"column":17},"file":"/pages/login/login.js","type":"ofPageInstance: getUserInfo"},{"name":"2117970","declaredName":"__function__96","declaredLoc":{"line":96,"column":14},"file":"/app.js","type":"ofAppInstance: getToken"},{"name":"2086442","declaredName":"__function__20","declaredLoc":{"line":20,"column":12},"file":"/2DF0B67284CF379C4B96DE754EB15043.js","type":"normal"},{"name":"2086456","declaredName":"__function__23","declaredLoc":{"line":23,"column":13},"file":"/2DF0B67284CF379C4B96DE754EB15043.js","type":"normal"},{"name":"2086375","declaredName":"__function__1","declaredLoc":{"line":1,"column":0},"file":"/2DF0B67284CF379C4B96DE754EB15043.js","type":"normal"},{"name":"2086383","declaredName":"wx.request({url:e,data:n,method:t...","declaredLoc":{"line":2,"column":4},"file":"/2DF0B67284CF379C4B96DE754EB15043.js","type":"source,sink"}],"edges":[{"source":"2086375","target":"2086383"},{"source":"2086442","target":"2086375"},{"source":"2117970","target":"2086442"},{"source":"2117873","target":"2117970"},{"source":"2159384","target":"2117970"},{"source":"2086456","target":"2086375"}]}],"/7A4F598784CF379C1C29318090A15043.js":[{"stained":"wx.getSystemInfo","nodes":[{"name":"2144010","declaredName":"__function__302","declaredLoc":{"line":302,"column":21},"file":"/pages/advancePaySign/advancePaySign.js","type":"ofPageInstance: testPopupDialog"},{"name":"2147937","declaredName":"__function__273","declaredLoc":{"line":273,"column":21},"file":"/pages/anySign/anySign.js","type":"ofPageInstance: testPopupDialog"},{"name":"2152210","declaredName":"__function__267","declaredLoc":{"line":267,"column":21},"file":"/pages/freeDeposit/freeDeposit.js","type":"ofPageInstance: testPopupDialog"},{"name":"2086252","declaredName":"__function__29","declaredLoc":{"line":29,"column":25},"file":"/2A98DAA084CF379C4CFEB2A7BE815043.js","type":"normal"},{"name":"2100069","declaredName":"__function__118","declaredLoc":{"line":118,"column":26},"file":"/8770FA2584CF379CE116922226815043.js","type":"normal"},{"name":"2096881","declaredName":"__function__11","declaredLoc":{"line":11,"column":23},"file":"/7A4F598784CF379C1C29318090A15043.js","type":"normal"},{"name":"2096932","declaredName":"wx.getSystemInfo({success:functio...","declaredLoc":{"line":13,"column":74},"file":"/7A4F598784CF379C1C29318090A15043.js","type":"source"}],"edges":[{"source":"2096881","target":"2096932"},{"source":"2100069","target":"2096881"},{"source":"2086252","target":"2100069"},{"source":"2144010","target":"2086252"},{"source":"2147937","target":"2086252"},{"source":"2152210","target":"2086252"}]}],"/8770FA2584CF379CE116922226815043.js":[{"stained":"wx.getSystemInfo","nodes":[{"name":"2100110","declaredName":"__function__126","declaredLoc":{"line":126,"column":46},"file":"/8770FA2584CF379CE116922226815043.js","type":"normal"},{"name":"2100126","declaredName":"__function__128","declaredLoc":{"line":128,"column":24},"file":"/8770FA2584CF379CE116922226815043.js","type":"normal"},{"name":"2100252","declaredName":"wx.getSystemInfo({success:functio...","declaredLoc":{"line":133,"column":24},"file":"/8770FA2584CF379CE116922226815043.js","type":"source"},{"name":"2100389","declaredName":"wx.getSystemInfo({success:functio...","declaredLoc":{"line":142,"column":24},"file":"/8770FA2584CF379CE116922226815043.js","type":"source"}],"edges":[{"source":"2100126","target":"2100252"},{"source":"2100110","target":"2100126"},{"source":"2100126","target":"2100389"}]}],"/9A41035384CF379CFC276B5474025043.js":[{"stained":"wx.getStorageSync","nodes":[{"name":"2105042","declaredName":"wx.getStorageSync('deviceId')","declaredLoc":{"line":2,"column":14},"file":"/9A41035384CF379CFC276B5474025043.js","type":"source"},{"name":"2105093","declaredName":"wx.getStorageSync('_SK_sessionMsg...","declaredLoc":{"line":16,"column":10},"file":"/9A41035384CF379CFC276B5474025043.js","type":"source"},{"name":"2105102","declaredName":"wx.getStorageSync('_SK_sessionMsg...","declaredLoc":{"line":16,"column":59},"file":"/9A41035384CF379CFC276B5474025043.js","type":"source"},{"name":"2105126","declaredName":"wx.getStorageSync('SessionStart')","declaredLoc":{"line":21,"column":15},"file":"/9A41035384CF379CFC276B5474025043.js","type":"source"},{"name":"2117776","declaredName":"__function__70","declaredLoc":{"line":70,"column":30},"file":"/app.js","type":"normal"},{"name":"2117908","declaredName":"__function__88","declaredLoc":{"line":88,"column":18},"file":"/app.js","type":"normal"},{"name":"2146546","declaredName":"__function__39","declaredLoc":{"line":39,"column":12},"file":"/pages/anySign/anySign.js","type":"ofPageInstance: onShow"},{"name":"2146899","declaredName":"__function__109","declaredLoc":{"line":109,"column":21},"file":"/pages/anySign/anySign.js","type":"normal"},{"name":"2146943","declaredName":"__function__121","declaredLoc":{"line":121,"column":16},"file":"/pages/anySign/anySign.js","type":"ofPageInstance: uploadImgs"},{"name":"2148224","declaredName":"__function__17","declaredLoc":{"line":17,"column":12},"file":"/pages/casesState/casesState.js","type":"ofPageInstance: onShow"},{"name":"2149617","declaredName":"__function__25","declaredLoc":{"line":25,"column":12},"file":"/pages/deposit/deposit.js","type":"ofPageInstance: onShow"},{"name":"2150011","declaredName":"__function__90","declaredLoc":{"line":90,"column":12},"file":"/pages/deposit/deposit.js","type":"ofPageInstance: submit"},{"name":"2150492","declaredName":"__function__167","declaredLoc":{"line":167,"column":14},"file":"/pages/deposit/deposit.js","type":"ofPageInstance: scanCode"},{"name":"2150164","declaredName":"__function__111","declaredLoc":{"line":111,"column":25},"file":"/pages/deposit/deposit.js","type":"normal"},{"name":"2150538","declaredName":"__function__171","declaredLoc":{"line":171,"column":21},"file":"/pages/deposit/deposit.js","type":"normal"},{"name":"2152747","declaredName":"__function__79","declaredLoc":{"line":79,"column":117},"file":"/pages/index/index.js","type":"normal"},{"name":"2152859","declaredName":"__function__95","declaredLoc":{"line":95,"column":16},"file":"/pages/index/index.js","type":"ofPageInstance: initSkyapp"},{"name":"2153302","declaredName":"__function__148","declaredLoc":{"line":148,"column":17},"file":"/pages/index/index.js","type":"ofPageInstance: applyReport"},{"name":"2154521","declaredName":"__function__335","declaredLoc":{"line":335,"column":18},"file":"/pages/index/index.js","type":"ofPageInstance: submitReport"},{"name":"2156224","declaredName":"__function__79","declaredLoc":{"line":79,"column":117},"file":"/pages/indexNew/indexNew.js","type":"normal"},{"name":"2156336","declaredName":"__function__95","declaredLoc":{"line":95,"column":16},"file":"/pages/indexNew/indexNew.js","type":"ofPageInstance: initSkyapp"},{"name":"2156779","declaredName":"__function__148","declaredLoc":{"line":148,"column":17},"file":"/pages/indexNew/indexNew.js","type":"ofPageInstance: applyReport"},{"name":"2157978","declaredName":"__function__331","declaredLoc":{"line":331,"column":18},"file":"/pages/indexNew/indexNew.js","type":"ofPageInstance: submitReport"},{"name":"2159384","declaredName":"__function__5","declaredLoc":{"line":5,"column":17},"file":"/pages/login/login.js","type":"ofPageInstance: getUserInfo"},{"name":"2159508","declaredName":"__function__14","declaredLoc":{"line":14,"column":12},"file":"/pages/login/login.js","type":"ofPageInstance: onShow"},{"name":"2159835","declaredName":"__function__61","declaredLoc":{"line":61,"column":12},"file":"/pages/onlineApply/onlineApply.js","type":"ofPageInstance: onShow"},{"name":"2160317","declaredName":"__function__163","declaredLoc":{"line":163,"column":17},"file":"/pages/onlineApply/onlineApply.js","type":"ofPageInstance: applyReport"},{"name":"2161601","declaredName":"__function__19","declaredLoc":{"line":19,"column":12},"file":"/pages/physicalFiles/physicalFiles.js","type":"ofPageInstance: onShow"},{"name":"2162209","declaredName":"__function__72","declaredLoc":{"line":72,"column":12},"file":"/pages/process/process.js","type":"ofPageInstance: onShow"},{"name":"2164056","declaredName":"__function__259","declaredLoc":{"line":259,"column":21},"file":"/pages/processDetail/processDetail.js","type":"normal"},{"name":"2164702","declaredName":"__function__360","declaredLoc":{"line":360,"column":21},"file":"/pages/processDetail/processDetail.js","type":"normal"},{"name":"2162888","declaredName":"__function__56","declaredLoc":{"line":56,"column":12},"file":"/pages/processDetail/processDetail.js","type":"ofPageInstance: onShow"},{"name":"2180451","declaredName":"__function__1885","declaredLoc":{"line":1885,"column":18},"file":"/pages/recordDetail/recordDetail.js","type":"ofPageInstance: ensureChange"},{"name":"2180581","declaredName":"__function__1904","declaredLoc":{"line":1904,"column":16},"file":"/pages/recordDetail/recordDetail.js","type":"ofPageInstance: changeKnow"},{"name":"2177417","declaredName":"__function__1521","declaredLoc":{"line":1521,"column":23},"file":"/pages/recordDetail/recordDetail.js","type":"normal"},{"name":"2169953","declaredName":"__function__528","declaredLoc":{"line":528,"column":0},"file":"/pages/recordDetail/recordDetail.js","type":"normal"},{"name":"2172262","declaredName":"__function__726","declaredLoc":{"line":726,"column":12},"file":"/pages/recordDetail/recordDetail.js","type":"ofPageInstance: onShow"},{"name":"2181642","declaredName":"__function__56","declaredLoc":{"line":56,"column":12},"file":"/pages/recordsList/recordsList.js","type":"ofPageInstance: onShow"},{"name":"2182002","declaredName":"__function__111","declaredLoc":{"line":111,"column":22},"file":"/pages/recordsList/recordsList.js","type":"ofPageInstance: gotoRecordDetail"},{"name":"2183213","declaredName":"__function__60","declaredLoc":{"line":60,"column":12},"file":"/pages/uploadFiles/uploadFiles.js","type":"ofPageInstance: onShow"},{"name":"2187143","declaredName":"__function__239","declaredLoc":{"line":239,"column":12},"file":"/pages/UploadImg/UploadImg.js","type":"ofPageInstance: onShow"},{"name":"2187285","declaredName":"__function__258","declaredLoc":{"line":258,"column":21},"file":"/pages/UploadImg/UploadImg.js","type":"normal"},{"name":"2187340","declaredName":"__function__273","declaredLoc":{"line":273,"column":16},"file":"/pages/UploadImg/UploadImg.js","type":"ofPageInstance: uploadImgs"},{"name":"2105176","declaredName":"__function__31","declaredLoc":{"line":31,"column":13},"file":"/9A41035384CF379CFC276B5474025043.js","type":"normal"},{"name":"2105321","declaredName":"wx.getStorageSync(S)","declaredLoc":{"line":49,"column":24},"file":"/9A41035384CF379CFC276B5474025043.js","type":"source"},{"name":"2117508","declaredName":"__function__14","declaredLoc":{"line":14,"column":12},"file":"/app.js","type":"ofAppInstance: onShow"},{"name":"2152777","declaredName":"__function__84","declaredLoc":{"line":84,"column":12},"file":"/pages/index/index.js","type":"ofPageInstance: onShow"},{"name":"2156254","declaredName":"__function__84","declaredLoc":{"line":84,"column":12},"file":"/pages/indexNew/indexNew.js","type":"ofPageInstance: onShow"},{"name":"2105444","declaredName":"__function__60","declaredLoc":{"line":60,"column":12},"file":"/9A41035384CF379CFC276B5474025043.js","type":"normal"},{"name":"2105489","declaredName":"wx.getStorageSync('sessionId')","declaredLoc":{"line":66,"column":18},"file":"/9A41035384CF379CFC276B5474025043.js","type":"source"},{"name":"2105527","declaredName":"wx.getStorageSync('sessionId')","declaredLoc":{"line":68,"column":85},"file":"/9A41035384CF379CFC276B5474025043.js","type":"source"},{"name":"2105656","declaredName":"wx.getStorageSync('deviceId')","declaredLoc":{"line":75,"column":51},"file":"/9A41035384CF379CFC276B5474025043.js","type":"source"},{"name":"2117517","declaredName":"__function__17","declaredLoc":{"line":17,"column":12},"file":"/app.js","type":"ofAppInstance: onHide"},{"name":"2146587","declaredName":"__function__42","declaredLoc":{"line":42,"column":12},"file":"/pages/anySign/anySign.js","type":"ofPageInstance: onHide"},{"name":"2148398","declaredName":"__function__44","declaredLoc":{"line":44,"column":12},"file":"/pages/casesState/casesState.js","type":"ofPageInstance: onHide"},{"name":"2149671","declaredName":"__function__31","declaredLoc":{"line":31,"column":12},"file":"/pages/deposit/deposit.js","type":"ofPageInstance: onHide"},{"name":"2152850","declaredName":"__function__92","declaredLoc":{"line":92,"column":12},"file":"/pages/index/index.js","type":"ofPageInstance: onHide"},{"name":"2156327","declaredName":"__function__92","declaredLoc":{"line":92,"column":12},"file":"/pages/indexNew/indexNew.js","type":"ofPageInstance: onHide"},{"name":"2159549","declaredName":"__function__17","declaredLoc":{"line":17,"column":12},"file":"/pages/login/login.js","type":"ofPageInstance: onHide"},{"name":"2159932","declaredName":"__function__73","declaredLoc":{"line":73,"column":12},"file":"/pages/onlineApply/onlineApply.js","type":"ofPageInstance: onHide"},{"name":"2161708","declaredName":"__function__26","declaredLoc":{"line":26,"column":12},"file":"/pages/physicalFiles/physicalFiles.js","type":"ofPageInstance: onHide"},{"name":"2162309","declaredName":"__function__89","declaredLoc":{"line":89,"column":12},"file":"/pages/process/process.js","type":"ofPageInstance: onHide"},{"name":"2162969","declaredName":"__function__68","declaredLoc":{"line":68,"column":12},"file":"/pages/processDetail/processDetail.js","type":"ofPageInstance: onHide"},{"name":"2172523","declaredName":"__function__756","declaredLoc":{"line":756,"column":12},"file":"/pages/recordDetail/recordDetail.js","type":"ofPageInstance: onHide"},{"name":"2181789","declaredName":"__function__78","declaredLoc":{"line":78,"column":12},"file":"/pages/recordsList/recordsList.js","type":"ofPageInstance: onHide"},{"name":"2183865","declaredName":"__function__124","declaredLoc":{"line":124,"column":12},"file":"/pages/uploadFiles/uploadFiles.js","type":"ofPageInstance: onHide"},{"name":"2187207","declaredName":"__function__244","declaredLoc":{"line":244,"column":12},"file":"/pages/UploadImg/UploadImg.js","type":"ofPageInstance: onHide"},{"name":"2105763","declaredName":"__function__83","declaredLoc":{"line":83,"column":12},"file":"/9A41035384CF379CFC276B5474025043.js","type":"normal"},{"name":"2105809","declaredName":"wx.getStorageSync('deviceId')","declaredLoc":{"line":87,"column":8},"file":"/9A41035384CF379CFC276B5474025043.js","type":"source"},{"name":"2105814","declaredName":"wx.getStorageSync('unionId')","declaredLoc":{"line":87,"column":41},"file":"/9A41035384CF379CFC276B5474025043.js","type":"source"},{"name":"2105825","declaredName":"__function__88","declaredLoc":{"line":88,"column":19},"file":"/9A41035384CF379CFC276B5474025043.js","type":"normal"},{"name":"2105934","declaredName":"wx.getStorageSync('deviceId')","declaredLoc":{"line":92,"column":48},"file":"/9A41035384CF379CFC276B5474025043.js","type":"source"},{"name":"2105959","declaredName":"__function__95","declaredLoc":{"line":95,"column":30},"file":"/9A41035384CF379CFC276B5474025043.js","type":"normal"},{"name":"2105971","declaredName":"wx.getStorageSync('unionId')","declaredLoc":{"line":96,"column":42},"file":"/9A41035384CF379CFC276B5474025043.js","type":"source"},{"name":"2106409","declaredName":"__function__169","declaredLoc":{"line":169,"column":17},"file":"/9A41035384CF379CFC276B5474025043.js","type":"normal"},{"name":"2106413","declaredName":"wx.getStorageSync('deviceId')","declaredLoc":{"line":170,"column":8},"file":"/9A41035384CF379CFC276B5474025043.js","type":"source"},{"name":"2106422","declaredName":"wx.getStorageSync('deviceId')","declaredLoc":{"line":170,"column":56},"file":"/9A41035384CF379CFC276B5474025043.js","type":"source"},{"name":"2106436","declaredName":"__function__172","declaredLoc":{"line":172,"column":16},"file":"/9A41035384CF379CFC276B5474025043.js","type":"normal"},{"name":"2106548","declaredName":"wx.getStorageSync('sessionId')","declaredLoc":{"line":177,"column":8},"file":"/9A41035384CF379CFC276B5474025043.js","type":"source"},{"name":"2106555","declaredName":"wx.getStorageSync('sessionId')","declaredLoc":{"line":177,"column":45},"file":"/9A41035384CF379CFC276B5474025043.js","type":"source"},{"name":"2106575","declaredName":"__function__180","declaredLoc":{"line":180,"column":20},"file":"/9A41035384CF379CFC276B5474025043.js","type":"normal"},{"name":"2106594","declaredName":"wx.getStorageSync('SessionEnd')","declaredLoc":{"line":182,"column":30},"file":"/9A41035384CF379CFC276B5474025043.js","type":"source"},{"name":"2106599","declaredName":"wx.getStorageSync('SessionEnd')","declaredLoc":{"line":182,"column":64},"file":"/9A41035384CF379CFC276B5474025043.js","type":"source"},{"name":"2106621","declaredName":"wx.getStorageSync('SessionStart')","declaredLoc":{"line":183,"column":51},"file":"/9A41035384CF379CFC276B5474025043.js","type":"source"},{"name":"2106628","declaredName":"wx.getStorageSync('SessionStart')","declaredLoc":{"line":183,"column":91},"file":"/9A41035384CF379CFC276B5474025043.js","type":"source"},{"name":"2106640","declaredName":"wx.getStorageSync('SessionEnd')","declaredLoc":{"line":184,"column":8},"file":"/9A41035384CF379CFC276B5474025043.js","type":"source"},{"name":"2106647","declaredName":"wx.getStorageSync('SessionEnd')","declaredLoc":{"line":184,"column":46},"file":"/9A41035384CF379CFC276B5474025043.js","type":"source"},{"name":"2106660","declaredName":"__function__186","declaredLoc":{"line":186,"column":17},"file":"/9A41035384CF379CFC276B5474025043.js","type":"normal"},{"name":"2106664","declaredName":"wx.getStorageSync('initTime')","declaredLoc":{"line":187,"column":8},"file":"/9A41035384CF379CFC276B5474025043.js","type":"source"},{"name":"2106677","declaredName":"wx.getStorageSync('initTime')","declaredLoc":{"line":187,"column":73},"file":"/9A41035384CF379CFC276B5474025043.js","type":"source"},{"name":"2106751","declaredName":"__function__194","declaredLoc":{"line":194,"column":17},"file":"/9A41035384CF379CFC276B5474025043.js","type":"normal"},{"name":"2106756","declaredName":"wx.getStorageSync('deviceId')","declaredLoc":{"line":195,"column":8},"file":"/9A41035384CF379CFC276B5474025043.js","type":"source"},{"name":"2106785","declaredName":"__function__197","declaredLoc":{"line":197,"column":16},"file":"/9A41035384CF379CFC276B5474025043.js","type":"normal"},{"name":"2106788","declaredName":"wx.getStorageSync('unionId')","declaredLoc":{"line":198,"column":12},"file":"/9A41035384CF379CFC276B5474025043.js","type":"source"},{"name":"2106794","declaredName":"wx.getStorageSync('unionId')","declaredLoc":{"line":198,"column":49},"file":"/9A41035384CF379CFC276B5474025043.js","type":"source"},{"name":"2106947","declaredName":"__function__220","declaredLoc":{"line":220,"column":13},"file":"/9A41035384CF379CFC276B5474025043.js","type":"normal"},{"name":"2106970","declaredName":"wx.getStorageSync('_SK_sessionMsg...","declaredLoc":{"line":222,"column":27},"file":"/9A41035384CF379CFC276B5474025043.js","type":"source"},{"name":"2106986","declaredName":"wx.getStorageSync(S)","declaredLoc":{"line":222,"column":96},"file":"/9A41035384CF379CFC276B5474025043.js","type":"source"},{"name":"2107139","declaredName":"wx.getStorageSync('sessionId')","declaredLoc":{"line":242,"column":65},"file":"/9A41035384CF379CFC276B5474025043.js","type":"source"},{"name":"2106077","declaredName":"__function__110","declaredLoc":{"line":110,"column":28},"file":"/9A41035384CF379CFC276B5474025043.js","type":"normal"},{"name":"2106088","declaredName":"wx.getStorageSync('appkey')","declaredLoc":{"line":112,"column":19},"file":"/9A41035384CF379CFC276B5474025043.js","type":"source"},{"name":"2106093","declaredName":"wx.getStorageSync('appkey')","declaredLoc":{"line":112,"column":49},"file":"/9A41035384CF379CFC276B5474025043.js","type":"source"},{"name":"2106176","declaredName":"__function__132","declaredLoc":{"line":132,"column":34},"file":"/9A41035384CF379CFC276B5474025043.js","type":"normal"},{"name":"2106212","declaredName":"wx.getStorageSync('SK-hold-event'...","declaredLoc":{"line":137,"column":18},"file":"/9A41035384CF379CFC276B5474025043.js","type":"source"},{"name":"2106275","declaredName":"__function__140","declaredLoc":{"line":140,"column":25},"file":"/9A41035384CF379CFC276B5474025043.js","type":"normal"},{"name":"2106279","declaredName":"wx.getStorageSync('_SK_sessionMsg...","declaredLoc":{"line":141,"column":12},"file":"/9A41035384CF379CFC276B5474025043.js","type":"source"},{"name":"2106292","declaredName":"wx.getStorageSync('_SK_sessionMsg...","declaredLoc":{"line":142,"column":31},"file":"/9A41035384CF379CFC276B5474025043.js","type":"source"}],"edges":[{"source":"2105026","target":"2105042"},{"source":"2105026","target":"2105093"},{"source":"2105026","target":"2105102"},{"source":"2105026","target":"2105126"},{"source":"2105176","target":"2105321"},{"source":"2117776","target":"2105176"},{"source":"2117908","target":"2105176"},{"source":"2146546","target":"2105176"},{"source":"2146943","target":"2105176"},{"source":"2146899","target":"2146943"},{"source":"2148224","target":"2105176"},{"source":"2149617","target":"2105176"},{"source":"2150011","target":"2105176"},{"source":"2150492","target":"2105176"},{"source":"2150164","target":"2105176"},{"source":"2150538","target":"2105176"},{"source":"2150538","target":"2105176"},{"source":"2152859","target":"2105176"},{"source":"2152747","target":"2152859"},{"source":"2153302","target":"2105176"},{"source":"2154521","target":"2105176"},{"source":"2156336","target":"2105176"},{"source":"2156224","target":"2156336"},{"source":"2156779","target":"2105176"},{"source":"2157978","target":"2105176"},{"source":"2159384","target":"2105176"},{"source":"2159384","target":"2105176"},{"source":"2159508","target":"2105176"},{"source":"2159835","target":"2105176"},{"source":"2160317","target":"2105176"},{"source":"2161601","target":"2105176"},{"source":"2161601","target":"2105176"},{"source":"2162209","target":"2105176"},{"source":"2162888","target":"2105176"},{"source":"2164056","target":"2162888"},{"source":"2164702","target":"2162888"},{"source":"2169953","target":"2105176"},{"source":"2180451","target":"2169953"},{"source":"2180581","target":"2169953"},{"source":"2177417","target":"2169953"},{"source":"2177417","target":"2169953"},{"source":"2172262","target":"2105176"},{"source":"2181642","target":"2105176"},{"source":"2182002","target":"2105176"},{"source":"2183213","target":"2105176"},{"source":"2187143","target":"2105176"},{"source":"2187340","target":"2105176"},{"source":"2187285","target":"2187340"},{"source":"2105444","target":"2105489"},{"source":"2117508","target":"2105444"},{"source":"2146546","target":"2105444"},{"source":"2148224","target":"2105444"},{"source":"2149617","target":"2105444"},{"source":"2152777","target":"2105444"},{"source":"2156254","target":"2105444"},{"source":"2159508","target":"2105444"},{"source":"2159835","target":"2105444"},{"source":"2161601","target":"2105444"},{"source":"2162209","target":"2105444"},{"source":"2162888","target":"2105444"},{"source":"2172262","target":"2105444"},{"source":"2181642","target":"2105444"},{"source":"2183213","target":"2105444"},{"source":"2187143","target":"2105444"},{"source":"2105444","target":"2105527"},{"source":"2105444","target":"2105656"},{"source":"2105763","target":"2105809"},{"source":"2117517","target":"2105763"},{"source":"2146587","target":"2105763"},{"source":"2148398","target":"2105763"},{"source":"2149671","target":"2105763"},{"source":"2152850","target":"2105763"},{"source":"2156327","target":"2105763"},{"source":"2159549","target":"2105763"},{"source":"2159932","target":"2105763"},{"source":"2161708","target":"2105763"},{"source":"2162309","target":"2105763"},{"source":"2162969","target":"2105763"},{"source":"2172523","target":"2105763"},{"source":"2181789","target":"2105763"},{"source":"2183865","target":"2105763"},{"source":"2187207","target":"2105763"},{"source":"2105763","target":"2105814"},{"source":"2105825","target":"2105934"},{"source":"2105959","target":"2105971"},{"source":"2106409","target":"2106413"},{"source":"2106409","target":"2106422"},{"source":"2106436","target":"2106548"},{"source":"2106436","target":"2106555"},{"source":"2106575","target":"2106594"},{"source":"2106575","target":"2106599"},{"source":"2106575","target":"2106621"},{"source":"2106575","target":"2106628"},{"source":"2106575","target":"2106640"},{"source":"2106575","target":"2106647"},{"source":"2106660","target":"2106664"},{"source":"2106660","target":"2106677"},{"source":"2106751","target":"2106756"},{"source":"2106785","target":"2106788"},{"source":"2106785","target":"2106794"},{"source":"2106947","target":"2106970"},{"source":"2106947","target":"2106986"},{"source":"2106947","target":"2107139"},{"source":"2106077","target":"2106088"},{"source":"2106077","target":"2106093"},{"source":"2106176","target":"2106212"},{"source":"2106275","target":"2106279"},{"source":"2106176","target":"2106275"},{"source":"2106275","target":"2106292"}]},{"stained":"wx.getSystemInfoSync","nodes":[{"name":"2106706","declaredName":"__function__190","declaredLoc":{"line":190,"column":19},"file":"/9A41035384CF379CFC276B5474025043.js","type":"normal"},{"name":"2106711","declaredName":"wx.getSystemInfoSync()","declaredLoc":{"line":191,"column":16},"file":"/9A41035384CF379CFC276B5474025043.js","type":"source"},{"name":"2106785","declaredName":"__function__197","declaredLoc":{"line":197,"column":16},"file":"/9A41035384CF379CFC276B5474025043.js","type":"normal"},{"name":"2106825","declaredName":"wx.getSystemInfoSync()","declaredLoc":{"line":206,"column":15},"file":"/9A41035384CF379CFC276B5474025043.js","type":"source"}],"edges":[{"source":"2106706","target":"2106711"},{"source":"2106785","target":"2106825"}]},{"stained":"wx.getUserInfo","nodes":[{"name":"2106785","declaredName":"__function__197","declaredLoc":{"line":197,"column":16},"file":"/9A41035384CF379CFC276B5474025043.js","type":"normal"},{"name":"2106830","declaredName":"wx.getUserInfo({success:function(...","declaredLoc":{"line":207,"column":8},"file":"/9A41035384CF379CFC276B5474025043.js","type":"source"}],"edges":[{"source":"2106785","target":"2106830"}]},{"stained":"wx.request","nodes":[{"name":"2106947","declaredName":"__function__220","declaredLoc":{"line":220,"column":13},"file":"/9A41035384CF379CFC276B5474025043.js","type":"normal"},{"name":"2107051","declaredName":"wx.request({url:t,data:JSON.strin...","declaredLoc":{"line":226,"column":16},"file":"/9A41035384CF379CFC276B5474025043.js","type":"source,sink"},{"name":"2107144","declaredName":"wx.request({url:t,data:JSON.strin...","declaredLoc":{"line":242,"column":97},"file":"/9A41035384CF379CFC276B5474025043.js","type":"source,sink"}],"edges":[{"source":"2106947","target":"2107051"},{"source":"2106947","target":"2107144"}]}],"/app.js":[{"stained":"wx.checkSession","nodes":[{"name":"2117460","declaredName":"__function__4","declaredLoc":{"line":4,"column":14},"file":"/app.js","type":"ofAppInstance: onLaunch"},{"name":"2117539","declaredName":"__function__24","declaredLoc":{"line":24,"column":23},"file":"/app.js","type":"ofAppInstance: newAuthentication"},{"name":"2117546","declaredName":"wx.checkSession({success:function...","declaredLoc":{"line":26,"column":8},"file":"/app.js","type":"source"}],"edges":[{"source":"2117539","target":"2117546"},{"source":"2117460","target":"2117539"}]},{"stained":"wx.getStorage","nodes":[{"name":"2117553","declaredName":"__function__27","declaredLoc":{"line":27,"column":21},"file":"/app.js","type":"normal"},{"name":"2117556","declaredName":"wx.getStorage({key:'loginAuthoriz...","declaredLoc":{"line":28,"column":16},"file":"/app.js","type":"source"}],"edges":[{"source":"2117553","target":"2117556"}]},{"stained":"wx.login","nodes":[{"name":"2117611","declaredName":"__function__38","declaredLoc":{"line":38,"column":18},"file":"/app.js","type":"normal"},{"name":"2117566","declaredName":"__function__30","declaredLoc":{"line":30,"column":29},"file":"/app.js","type":"normal"},{"name":"2117601","declaredName":"__function__33","declaredLoc":{"line":33,"column":26},"file":"/app.js","type":"normal"},{"name":"2117620","declaredName":"__function__43","declaredLoc":{"line":43,"column":27},"file":"/app.js","type":"ofAppInstance: getLoginAuthorization"},{"name":"2117627","declaredName":"wx.login({success:function(i){if(...","declaredLoc":{"line":45,"column":8},"file":"/app.js","type":"source"}],"edges":[{"source":"2117620","target":"2117627"},{"source":"2117611","target":"2117620"},{"source":"2117566","target":"2117620"},{"source":"2117601","target":"2117620"}]},{"stained":"wx.request","nodes":[{"name":"2117634","declaredName":"__function__46","declaredLoc":{"line":46,"column":21},"file":"/app.js","type":"normal"},{"name":"2117690","declaredName":"wx.request({url:s,data:n,method:'...","declaredLoc":{"line":54,"column":20},"file":"/app.js","type":"source,sink"}],"edges":[{"source":"2117634","target":"2117690"}]},{"stained":"wx.getUserInfo","nodes":[{"name":"2117566","declaredName":"__function__30","declaredLoc":{"line":30,"column":29},"file":"/app.js","type":"normal"},{"name":"2117715","declaredName":"__function__62","declaredLoc":{"line":62,"column":33},"file":"/app.js","type":"normal"},{"name":"2117837","declaredName":"__function__81","declaredLoc":{"line":81,"column":20},"file":"/app.js","type":"ofAppInstance: getUserInfoNew"},{"name":"2117866","declaredName":"wx.getUserInfo({success:function(...","declaredLoc":{"line":84,"column":8},"file":"/app.js","type":"source"}],"edges":[{"source":"2117837","target":"2117866"},{"source":"2117566","target":"2117837"},{"source":"2117715","target":"2117837"}]}],"/pages/advancePay/advancePay.js":[{"stained":"wx.request","nodes":[{"name":"2139695","declaredName":"__function__75","declaredLoc":{"line":75,"column":14},"file":"/pages/advancePay/advancePay.js","type":"ofPageInstance: initData"},{"name":"2139702","declaredName":"wx.request({url:e.getSer(a.global...","declaredLoc":{"line":77,"column":8},"file":"/pages/advancePay/advancePay.js","type":"source,sink"},{"name":"2140496","declaredName":"__function__197","declaredLoc":{"line":197,"column":18},"file":"/pages/advancePay/advancePay.js","type":"ofPageInstance: bindToSubmit"},{"name":"2140694","declaredName":"wx.request({url:e.getSer(a.global...","declaredLoc":{"line":207,"column":16},"file":"/pages/advancePay/advancePay.js","type":"source,sink"}],"edges":[{"source":"2139695","target":"2139702"},{"source":"2140496","target":"2140694"}]}],"/pages/advancePayInferiorUpload/advancePayInferiorUpload.js":[{"stained":"wx.request","nodes":[{"name":"2141812","declaredName":"__function__139","declaredLoc":{"line":139,"column":58},"file":"/pages/advancePayInferiorUpload/advancePayInferiorUpload.js","type":"normal"},{"name":"2142068","declaredName":"__function__175","declaredLoc":{"line":175,"column":24},"file":"/pages/advancePayInferiorUpload/advancePayInferiorUpload.js","type":"normal"},{"name":"2141034","declaredName":"__function__28","declaredLoc":{"line":28,"column":14},"file":"/pages/advancePayInferiorUpload/advancePayInferiorUpload.js","type":"ofPageInstance: initData"},{"name":"2141050","declaredName":"wx.request({url:a.getSer(e.global...","declaredLoc":{"line":32,"column":12},"file":"/pages/advancePayInferiorUpload/advancePayInferiorUpload.js","type":"source,sink"},{"name":"2142216","declaredName":"__function__195","declaredLoc":{"line":195,"column":16},"file":"/pages/advancePayInferiorUpload/advancePayInferiorUpload.js","type":"ofPageInstance: returnPrev"},{"name":"2142224","declaredName":"wx.request({url:a.getSer(e.global...","declaredLoc":{"line":197,"column":8},"file":"/pages/advancePayInferiorUpload/advancePayInferiorUpload.js","type":"source,sink"},{"name":"2141644","declaredName":"__function__110","declaredLoc":{"line":110,"column":32},"file":"/pages/advancePayInferiorUpload/advancePayInferiorUpload.js","type":"normal"},{"name":"2141649","declaredName":"wx.request({url:a.getSer(e.global...","declaredLoc":{"line":111,"column":16},"file":"/pages/advancePayInferiorUpload/advancePayInferiorUpload.js","type":"source,sink"},{"name":"2141912","declaredName":"__function__153","declaredLoc":{"line":153,"column":64},"file":"/pages/advancePayInferiorUpload/advancePayInferiorUpload.js","type":"normal"},{"name":"2141917","declaredName":"wx.request({url:a.getSer(e.global...","declaredLoc":{"line":154,"column":20},"file":"/pages/advancePayInferiorUpload/advancePayInferiorUpload.js","type":"source,sink"}],"edges":[{"source":"2141034","target":"2141050"},{"source":"2141812","target":"2141034"},{"source":"2142068","target":"2141034"},{"source":"2142216","target":"2142224"},{"source":"2141644","target":"2141649"},{"source":"2141912","target":"2141917"}]},{"stained":"wx.chooseImage","nodes":[{"name":"2141376","declaredName":"__function__72","declaredLoc":{"line":72,"column":23},"file":"/pages/advancePayInferiorUpload/advancePayInferiorUpload.js","type":"ofPageInstance: chooseImgInWechat"},{"name":"2141409","declaredName":"wx.chooseImage({count:1,sizeType:...","declaredLoc":{"line":76,"column":59},"file":"/pages/advancePayInferiorUpload/advancePayInferiorUpload.js","type":"source"},{"name":"2141460","declaredName":"wx.chooseImage({count:9,sizeType:...","declaredLoc":{"line":86,"column":13},"file":"/pages/advancePayInferiorUpload/advancePayInferiorUpload.js","type":"source"}],"edges":[{"source":"2141376","target":"2141409"},{"source":"2141376","target":"2141460"}]}],"/pages/advancePaySign/advancePaySign.js":[{"stained":"wx.chooseImage","nodes":[{"name":"2143662","declaredName":"__function__255","declaredLoc":{"line":255,"column":21},"file":"/pages/advancePaySign/advancePaySign.js","type":"normal"},{"name":"2142866","declaredName":"__function__102","declaredLoc":{"line":102,"column":23},"file":"/pages/advancePaySign/advancePaySign.js","type":"ofPageInstance: chooseWeixinImage"},{"name":"2142873","declaredName":"wx.chooseImage({count:1,sizeType:...","declaredLoc":{"line":104,"column":8},"file":"/pages/advancePaySign/advancePaySign.js","type":"source"}],"edges":[{"source":"2142866","target":"2142873"},{"source":"2143662","target":"2142866"}]},{"stained":"wx.request","nodes":[{"name":"2143015","declaredName":"__function__135","declaredLoc":{"line":135,"column":21},"file":"/pages/advancePaySign/advancePaySign.js","type":"normal"},{"name":"2143148","declaredName":"__function__158","declaredLoc":{"line":158,"column":16},"file":"/pages/advancePaySign/advancePaySign.js","type":"ofPageInstance: signupload"},{"name":"2143254","declaredName":"wx.request({url:a,data:t,method:'...","declaredLoc":{"line":173,"column":8},"file":"/pages/advancePaySign/advancePaySign.js","type":"source,sink"},{"name":"2143345","declaredName":"__function__191","declaredLoc":{"line":191,"column":29},"file":"/pages/advancePaySign/advancePaySign.js","type":"normal"},{"name":"2143454","declaredName":"__function__210","declaredLoc":{"line":210,"column":22},"file":"/pages/advancePaySign/advancePaySign.js","type":"ofPageInstance: submitAdvancePay"},{"name":"2143512","declaredName":"wx.request({url:t,data:e,method:'...","declaredLoc":{"line":216,"column":8},"file":"/pages/advancePaySign/advancePaySign.js","type":"source,sink"}],"edges":[{"source":"2143148","target":"2143254"},{"source":"2143015","target":"2143148"},{"source":"2143454","target":"2143512"},{"source":"2143345","target":"2143454"}]}],"/pages/advancePayUpload/advancePayUpload.js":[{"stained":"wx.request","nodes":[{"name":"2144301","declaredName":"__function__20","declaredLoc":{"line":20,"column":14},"file":"/pages/advancePayUpload/advancePayUpload.js","type":"ofPageInstance: initData"},{"name":"2144309","declaredName":"wx.request({url:t.getSer(e.global...","declaredLoc":{"line":22,"column":8},"file":"/pages/advancePayUpload/advancePayUpload.js","type":"source,sink"},{"name":"2144512","declaredName":"__function__52","declaredLoc":{"line":52,"column":18},"file":"/pages/advancePayUpload/advancePayUpload.js","type":"ofPageInstance: bindToSubmit"},{"name":"2144520","declaredName":"wx.request({url:t.getSer(e.global...","declaredLoc":{"line":54,"column":8},"file":"/pages/advancePayUpload/advancePayUpload.js","type":"source,sink"}],"edges":[{"source":"2144301","target":"2144309"},{"source":"2144512","target":"2144520"}]}],"/pages/advancePayUploadDetail/advancePayUploadDetail.js":[{"stained":"wx.request","nodes":[{"name":"2145488","declaredName":"__function__138","declaredLoc":{"line":138,"column":28},"file":"/pages/advancePayUploadDetail/advancePayUploadDetail.js","type":"normal"},{"name":"2145724","declaredName":"__function__172","declaredLoc":{"line":172,"column":24},"file":"/pages/advancePayUploadDetail/advancePayUploadDetail.js","type":"normal"},{"name":"2144803","declaredName":"__function__36","declaredLoc":{"line":36,"column":14},"file":"/pages/advancePayUploadDetail/advancePayUploadDetail.js","type":"ofPageInstance: initData"},{"name":"2144821","declaredName":"wx.request({url:o.getSer(s.global...","declaredLoc":{"line":39,"column":26},"file":"/pages/advancePayUploadDetail/advancePayUploadDetail.js","type":"source,sink"},{"name":"2145872","declaredName":"__function__192","declaredLoc":{"line":192,"column":16},"file":"/pages/advancePayUploadDetail/advancePayUploadDetail.js","type":"ofPageInstance: prevSample"},{"name":"2145897","declaredName":"wx.request({url:o.getSer(s.global...","declaredLoc":{"line":197,"column":12},"file":"/pages/advancePayUploadDetail/advancePayUploadDetail.js","type":"source,sink"},{"name":"2145330","declaredName":"__function__109","declaredLoc":{"line":109,"column":32},"file":"/pages/advancePayUploadDetail/advancePayUploadDetail.js","type":"normal"},{"name":"2145335","declaredName":"wx.request({url:o.getSer(s.global...","declaredLoc":{"line":110,"column":16},"file":"/pages/advancePayUploadDetail/advancePayUploadDetail.js","type":"source,sink"},{"name":"2145568","declaredName":"__function__150","declaredLoc":{"line":150,"column":64},"file":"/pages/advancePayUploadDetail/advancePayUploadDetail.js","type":"normal"},{"name":"2145573","declaredName":"wx.request({url:o.getSer(s.global...","declaredLoc":{"line":151,"column":20},"file":"/pages/advancePayUploadDetail/advancePayUploadDetail.js","type":"source,sink"}],"edges":[{"source":"2144803","target":"2144821"},{"source":"2145488","target":"2144803"},{"source":"2145724","target":"2144803"},{"source":"2145872","target":"2145897"},{"source":"2145330","target":"2145335"},{"source":"2145568","target":"2145573"}]},{"stained":"wx.chooseImage","nodes":[{"name":"2145114","declaredName":"__function__76","declaredLoc":{"line":76,"column":23},"file":"/pages/advancePayUploadDetail/advancePayUploadDetail.js","type":"ofPageInstance: chooseImgInWechat"},{"name":"2145137","declaredName":"wx.chooseImage({count:9,sizeType:...","declaredLoc":{"line":80,"column":12},"file":"/pages/advancePayUploadDetail/advancePayUploadDetail.js","type":"source"}],"edges":[{"source":"2145114","target":"2145137"}]}],"/pages/anySign/anySign.js":[{"stained":"wx.chooseImage","nodes":[{"name":"2147601","declaredName":"__function__227","declaredLoc":{"line":227,"column":21},"file":"/pages/anySign/anySign.js","type":"normal"},{"name":"2146874","declaredName":"__function__103","declaredLoc":{"line":103,"column":23},"file":"/pages/anySign/anySign.js","type":"ofPageInstance: chooseWeixinImage"},{"name":"2146881","declaredName":"wx.chooseImage({count:1,sizeType:...","declaredLoc":{"line":105,"column":8},"file":"/pages/anySign/anySign.js","type":"source"}],"edges":[{"source":"2146874","target":"2146881"},{"source":"2147601","target":"2146874"}]}],"/pages/casesState/casesState.js":[{"stained":"wx.request","nodes":[{"name":"2148224","declaredName":"__function__17","declaredLoc":{"line":17,"column":12},"file":"/pages/casesState/casesState.js","type":"ofPageInstance: onShow"},{"name":"2148312","declaredName":"wx.request({url:i,data:s,method:'...","declaredLoc":{"line":22,"column":8},"file":"/pages/casesState/casesState.js","type":"source,sink"}],"edges":[{"source":"2148224","target":"2148312"}]}],"/pages/checkAndCode/checkAndCode.js":[{"stained":"wx.request","nodes":[{"name":"2148636","declaredName":"__function__53","declaredLoc":{"line":53,"column":19},"file":"/pages/checkAndCode/checkAndCode.js","type":"ofPageInstance: getVerifyCode"},{"name":"2148701","declaredName":"wx.request({url:o,data:s,method:'...","declaredLoc":{"line":61,"column":36},"file":"/pages/checkAndCode/checkAndCode.js","type":"source,sink"},{"name":"2148817","declaredName":"__function__85","declaredLoc":{"line":85,"column":20},"file":"/pages/checkAndCode/checkAndCode.js","type":"ofPageInstance: getMessageCode"},{"name":"2148904","declaredName":"wx.request({url:s,data:o,method:'...","declaredLoc":{"line":97,"column":12},"file":"/pages/checkAndCode/checkAndCode.js","type":"source,sink"}],"edges":[{"source":"2148636","target":"2148701"},{"source":"2148817","target":"2148904"}]}],"/pages/deposit/deposit.js":[{"stained":"wx.request","nodes":[{"name":"2150011","declaredName":"__function__90","declaredLoc":{"line":90,"column":12},"file":"/pages/deposit/deposit.js","type":"ofPageInstance: submit"},{"name":"2150142","declaredName":"wx.request({url:i,data:t,method:'...","declaredLoc":{"line":104,"column":12},"file":"/pages/deposit/deposit.js","type":"source,sink"},{"name":"2150538","declaredName":"__function__171","declaredLoc":{"line":171,"column":21},"file":"/pages/deposit/deposit.js","type":"normal"},{"name":"2150247","declaredName":"__function__121","declaredLoc":{"line":121,"column":24},"file":"/pages/deposit/deposit.js","type":"ofPageInstance: checkUserGetClient"},{"name":"2150296","declaredName":"wx.request({url:t,data:a,method:'...","declaredLoc":{"line":123,"column":31},"file":"/pages/deposit/deposit.js","type":"source,sink"}],"edges":[{"source":"2150011","target":"2150142"},{"source":"2150247","target":"2150296"},{"source":"2150538","target":"2150247"}]},{"stained":"wx.scanCode","nodes":[{"name":"2150492","declaredName":"__function__167","declaredLoc":{"line":167,"column":14},"file":"/pages/deposit/deposit.js","type":"ofPageInstance: scanCode"},{"name":"2150531","declaredName":"wx.scanCode({success:function(o){...","declaredLoc":{"line":170,"column":8},"file":"/pages/deposit/deposit.js","type":"source"}],"edges":[{"source":"2150492","target":"2150531"}]}],"/pages/freeDeposit/freeDeposit.js":[{"stained":"wx.chooseImage","nodes":[{"name":"2151868","declaredName":"__function__221","declaredLoc":{"line":221,"column":21},"file":"/pages/freeDeposit/freeDeposit.js","type":"normal"},{"name":"2151249","declaredName":"__function__100","declaredLoc":{"line":100,"column":23},"file":"/pages/freeDeposit/freeDeposit.js","type":"ofPageInstance: chooseWeixinImage"},{"name":"2151256","declaredName":"wx.chooseImage({count:1,sizeType:...","declaredLoc":{"line":102,"column":8},"file":"/pages/freeDeposit/freeDeposit.js","type":"source"}],"edges":[{"source":"2151249","target":"2151256"},{"source":"2151868","target":"2151249"}]},{"stained":"wx.request","nodes":[{"name":"2151398","declaredName":"__function__133","declaredLoc":{"line":133,"column":21},"file":"/pages/freeDeposit/freeDeposit.js","type":"normal"},{"name":"2151527","declaredName":"__function__155","declaredLoc":{"line":155,"column":16},"file":"/pages/freeDeposit/freeDeposit.js","type":"ofPageInstance: signupload"},{"name":"2151637","declaredName":"wx.request({url:a,data:t,method:'...","declaredLoc":{"line":173,"column":8},"file":"/pages/freeDeposit/freeDeposit.js","type":"source,sink"}],"edges":[{"source":"2151527","target":"2151637"},{"source":"2151398","target":"2151527"}]}],"/pages/index/index.js":[{"stained":"wx.request","nodes":[{"name":"2155363","declaredName":"__function__436","declaredLoc":{"line":436,"column":19},"file":"/pages/index/index.js","type":"normal"},{"name":"2155402","declaredName":"wx.request({url:t,data:e,method:'...","declaredLoc":{"line":438,"column":4},"file":"/pages/index/index.js","type":"source,sink"},{"name":"2155455","declaredName":"__function__452","declaredLoc":{"line":452,"column":37},"file":"/pages/index/index.js","type":"normal"},{"name":"2155521","declaredName":"wx.request({url:a,data:t,method:'...","declaredLoc":{"line":459,"column":4},"file":"/pages/index/index.js","type":"source,sink"},{"name":"2155767","declaredName":"__function__497","declaredLoc":{"line":497,"column":31},"file":"/pages/index/index.js","type":"normal"},{"name":"2155828","declaredName":"wx.request({url:o,data:a,method:'...","declaredLoc":{"line":504,"column":4},"file":"/pages/index/index.js","type":"source,sink"},{"name":"2153302","declaredName":"__function__148","declaredLoc":{"line":148,"column":17},"file":"/pages/index/index.js","type":"ofPageInstance: applyReport"},{"name":"2153516","declaredName":"wx.request({url:p,data:h,method:'...","declaredLoc":{"line":166,"column":16},"file":"/pages/index/index.js","type":"source,sink"},{"name":"2153546","declaredName":"__function__175","declaredLoc":{"line":175,"column":29},"file":"/pages/index/index.js","type":"normal"},{"name":"2153658","declaredName":"__function__193","declaredLoc":{"line":193,"column":24},"file":"/pages/index/index.js","type":"ofPageInstance: queryClaimRegister"},{"name":"2153697","declaredName":"wx.request({url:a,data:o,method:'...","declaredLoc":{"line":197,"column":8},"file":"/pages/index/index.js","type":"source,sink"},{"name":"2154829","declaredName":"__function__348","declaredLoc":{"line":348,"column":16},"file":"/pages/index/index.js","type":"ofPageInstance: submitData"},{"name":"2155002","declaredName":"wx.request({url:o,data:a,method:'...","declaredLoc":{"line":379,"column":8},"file":"/pages/index/index.js","type":"source,sink"}],"edges":[{"source":"2155363","target":"2155402"},{"source":"2155455","target":"2155521"},{"source":"2155767","target":"2155828"},{"source":"2153302","target":"2153516"},{"source":"2153658","target":"2153697"},{"source":"2153546","target":"2153658"},{"source":"2154829","target":"2155002"}]}],"/pages/indexNew/indexNew.js":[{"stained":"wx.request","nodes":[{"name":"2158820","declaredName":"__function__432","declaredLoc":{"line":432,"column":19},"file":"/pages/indexNew/indexNew.js","type":"normal"},{"name":"2158859","declaredName":"wx.request({url:t,data:e,method:'...","declaredLoc":{"line":434,"column":4},"file":"/pages/indexNew/indexNew.js","type":"source,sink"},{"name":"2158912","declaredName":"__function__448","declaredLoc":{"line":448,"column":37},"file":"/pages/indexNew/indexNew.js","type":"normal"},{"name":"2158978","declaredName":"wx.request({url:a,data:t,method:'...","declaredLoc":{"line":455,"column":4},"file":"/pages/indexNew/indexNew.js","type":"source,sink"},{"name":"2159224","declaredName":"__function__493","declaredLoc":{"line":493,"column":31},"file":"/pages/indexNew/indexNew.js","type":"normal"},{"name":"2159285","declaredName":"wx.request({url:o,data:a,method:'...","declaredLoc":{"line":500,"column":4},"file":"/pages/indexNew/indexNew.js","type":"source,sink"},{"name":"2156779","declaredName":"__function__148","declaredLoc":{"line":148,"column":17},"file":"/pages/indexNew/indexNew.js","type":"ofPageInstance: applyReport"},{"name":"2156993","declaredName":"wx.request({url:p,data:h,method:'...","declaredLoc":{"line":166,"column":16},"file":"/pages/indexNew/indexNew.js","type":"source,sink"},{"name":"2157023","declaredName":"__function__175","declaredLoc":{"line":175,"column":29},"file":"/pages/indexNew/indexNew.js","type":"normal"},{"name":"2157135","declaredName":"__function__193","declaredLoc":{"line":193,"column":24},"file":"/pages/indexNew/indexNew.js","type":"ofPageInstance: queryClaimRegister"},{"name":"2157174","declaredName":"wx.request({url:a,data:o,method:'...","declaredLoc":{"line":197,"column":8},"file":"/pages/indexNew/indexNew.js","type":"source,sink"},{"name":"2158286","declaredName":"__function__344","declaredLoc":{"line":344,"column":16},"file":"/pages/indexNew/indexNew.js","type":"ofPageInstance: submitData"},{"name":"2158459","declaredName":"wx.request({url:o,data:a,method:'...","declaredLoc":{"line":375,"column":8},"file":"/pages/indexNew/indexNew.js","type":"source,sink"}],"edges":[{"source":"2158820","target":"2158859"},{"source":"2158912","target":"2158978"},{"source":"2159224","target":"2159285"},{"source":"2156779","target":"2156993"},{"source":"2157135","target":"2157174"},{"source":"2157023","target":"2157135"},{"source":"2158286","target":"2158459"}]}],"/pages/onlineApply/onlineApply.js":[{"stained":"wx.request","nodes":[{"name":"2159990","declaredName":"__function__90","declaredLoc":{"line":90,"column":15},"file":"/pages/onlineApply/onlineApply.js","type":"ofPageInstance: getSwitch"},{"name":"2160005","declaredName":"wx.request({url:o.getSer(a.data.u...","declaredLoc":{"line":92,"column":36},"file":"/pages/onlineApply/onlineApply.js","type":"source,sink"},{"name":"2160317","declaredName":"__function__163","declaredLoc":{"line":163,"column":17},"file":"/pages/onlineApply/onlineApply.js","type":"ofPageInstance: applyReport"},{"name":"2160535","declaredName":"wx.request({url:c,data:l,method:'...","declaredLoc":{"line":177,"column":12},"file":"/pages/onlineApply/onlineApply.js","type":"source,sink"},{"name":"2160789","declaredName":"__function__219","declaredLoc":{"line":219,"column":19},"file":"/pages/onlineApply/onlineApply.js","type":"ofPageInstance: getVerifyCode"},{"name":"2160854","declaredName":"wx.request({url:a,data:t,method:'...","declaredLoc":{"line":227,"column":36},"file":"/pages/onlineApply/onlineApply.js","type":"source,sink"},{"name":"2160980","declaredName":"__function__251","declaredLoc":{"line":251,"column":20},"file":"/pages/onlineApply/onlineApply.js","type":"ofPageInstance: getMessageCode"},{"name":"2161126","declaredName":"wx.request({url:t,data:a,method:'...","declaredLoc":{"line":274,"column":12},"file":"/pages/onlineApply/onlineApply.js","type":"source,sink"},{"name":"2161243","declaredName":"__function__302","declaredLoc":{"line":302,"column":23},"file":"/pages/onlineApply/onlineApply.js","type":"ofPageInstance: CheckIdentifyCode"},{"name":"2161400","declaredName":"wx.request({url:s,data:n,method:'...","declaredLoc":{"line":320,"column":16},"file":"/pages/onlineApply/onlineApply.js","type":"source,sink"}],"edges":[{"source":"2159990","target":"2160005"},{"source":"2160317","target":"2160535"},{"source":"2160789","target":"2160854"},{"source":"2160980","target":"2161126"},{"source":"2161243","target":"2161400"}]}],"/pages/physicalFiles/physicalFiles.js":[{"stained":"wx.request","nodes":[{"name":"2161717","declaredName":"__function__29","declaredLoc":{"line":29,"column":23},"file":"/pages/physicalFiles/physicalFiles.js","type":"ofPageInstance: quertMaterialList"},{"name":"2161768","declaredName":"wx.request({url:a,data:s,method:'...","declaredLoc":{"line":33,"column":8},"file":"/pages/physicalFiles/physicalFiles.js","type":"source,sink"}],"edges":[{"source":"2161717","target":"2161768"}]}],"/pages/process/process.js":[{"stained":"wx.request","nodes":[{"name":"2162122","declaredName":"__function__57","declaredLoc":{"line":57,"column":23},"file":"/pages/process/process.js","type":"ofPageInstance: onPullDownRefresh"},{"name":"2162163","declaredName":"__function__66","declaredLoc":{"line":66,"column":19},"file":"/pages/process/process.js","type":"ofPageInstance: onReachBottom"},{"name":"2162209","declaredName":"__function__72","declaredLoc":{"line":72,"column":12},"file":"/pages/process/process.js","type":"ofPageInstance: onShow"},{"name":"2161853","declaredName":"__function__3","declaredLoc":{"line":3,"column":0},"file":"/pages/process/process.js","type":"normal"},{"name":"2161893","declaredName":"wx.request({url:s,data:{pageNum:t...","declaredLoc":{"line":5,"column":4},"file":"/pages/process/process.js","type":"source,sink"}],"edges":[{"source":"2161853","target":"2161893"},{"source":"2162122","target":"2161853"},{"source":"2162163","target":"2161853"},{"source":"2162209","target":"2161853"}]},{"stained":"wx.getSystemInfoSync","nodes":[{"name":"2162209","declaredName":"__function__72","declaredLoc":{"line":72,"column":12},"file":"/pages/process/process.js","type":"ofPageInstance: onShow"},{"name":"2162225","declaredName":"wx.getSystemInfoSync()","declaredLoc":{"line":76,"column":16},"file":"/pages/process/process.js","type":"source"}],"edges":[{"source":"2162209","target":"2162225"}]}],"/pages/processDetail/processDetail.js":[{"stained":"wx.request","nodes":[{"name":"2162978","declaredName":"__function__71","declaredLoc":{"line":71,"column":24},"file":"/pages/processDetail/processDetail.js","type":"ofPageInstance: queryProcessDetail"},{"name":"2163019","declaredName":"wx.request({url:o,data:{registerN...","declaredLoc":{"line":73,"column":8},"file":"/pages/processDetail/processDetail.js","type":"source,sink"},{"name":"2163256","declaredName":"__function__120","declaredLoc":{"line":120,"column":30},"file":"/pages/processDetail/processDetail.js","type":"ofPageInstance: chooseIsApplyFreedeposit"},{"name":"2163322","declaredName":"wx.request({url:s,data:o,method:'...","declaredLoc":{"line":127,"column":8},"file":"/pages/processDetail/processDetail.js","type":"source,sink"},{"name":"2163983","declaredName":"__function__248","declaredLoc":{"line":248,"column":24},"file":"/pages/processDetail/processDetail.js","type":"ofPageInstance: isApplyAndvancepay"},{"name":"2164026","declaredName":"wx.request({url:i,data:t,method:'...","declaredLoc":{"line":250,"column":8},"file":"/pages/processDetail/processDetail.js","type":"source,sink"},{"name":"2164111","declaredName":"__function__269","declaredLoc":{"line":269,"column":17},"file":"/pages/processDetail/processDetail.js","type":"ofPageInstance: getBaseData"},{"name":"2164129","declaredName":"wx.request({url:a.getSer(e.global...","declaredLoc":{"line":271,"column":59},"file":"/pages/processDetail/processDetail.js","type":"source,sink"},{"name":"2164630","declaredName":"__function__349","declaredLoc":{"line":349,"column":12},"file":"/pages/processDetail/processDetail.js","type":"ofPageInstance: notice"},{"name":"2164672","declaredName":"wx.request({url:s,data:t,method:'...","declaredLoc":{"line":351,"column":8},"file":"/pages/processDetail/processDetail.js","type":"source,sink"}],"edges":[{"source":"2162978","target":"2163019"},{"source":"2163256","target":"2163322"},{"source":"2163983","target":"2164026"},{"source":"2164111","target":"2164129"},{"source":"2164630","target":"2164672"}]}],"/pages/recordDetail/recordDetail.js":[{"stained":"wx.request","nodes":[{"name":"2172262","declaredName":"__function__726","declaredLoc":{"line":726,"column":12},"file":"/pages/recordDetail/recordDetail.js","type":"ofPageInstance: onShow"},{"name":"2174039","declaredName":"__function__972","declaredLoc":{"line":972,"column":26},"file":"/pages/recordDetail/recordDetail.js","type":"normal"},{"name":"2164886","declaredName":"__function__16","declaredLoc":{"line":16,"column":0},"file":"/pages/recordDetail/recordDetail.js","type":"normal"},{"name":"2164956","declaredName":"wx.request({url:n.getSer(a.data.u...","declaredLoc":{"line":25,"column":31},"file":"/pages/recordDetail/recordDetail.js","type":"source,sink"},{"name":"2180451","declaredName":"__function__1885","declaredLoc":{"line":1885,"column":18},"file":"/pages/recordDetail/recordDetail.js","type":"ofPageInstance: ensureChange"},{"name":"2180581","declaredName":"__function__1904","declaredLoc":{"line":1904,"column":16},"file":"/pages/recordDetail/recordDetail.js","type":"ofPageInstance: changeKnow"},{"name":"2177417","declaredName":"__function__1521","declaredLoc":{"line":1521,"column":23},"file":"/pages/recordDetail/recordDetail.js","type":"normal"},{"name":"2169953","declaredName":"__function__528","declaredLoc":{"line":528,"column":0},"file":"/pages/recordDetail/recordDetail.js","type":"normal"},{"name":"2170934","declaredName":"wx.request({url:n.getSer(t.data.u...","declaredLoc":{"line":566,"column":4},"file":"/pages/recordDetail/recordDetail.js","type":"source,sink"},{"name":"2174955","declaredName":"__function__1129","declaredLoc":{"line":1129,"column":19},"file":"/pages/recordDetail/recordDetail.js","type":"ofPageInstance: searchAccProf"},{"name":"2175027","declaredName":"wx.request({url:s,data:i,method:'...","declaredLoc":{"line":1136,"column":12},"file":"/pages/recordDetail/recordDetail.js","type":"source,sink"},{"name":"2173077","declaredName":"__function__892","declaredLoc":{"line":892,"column":18},"file":"/pages/recordDetail/recordDetail.js","type":"ofPageInstance: changeReason"},{"name":"2173561","declaredName":"__function__939","declaredLoc":{"line":939,"column":8},"file":"/pages/recordDetail/recordDetail.js","type":"normal"},{"name":"2173943","declaredName":"wx.request({url:n.getSer(t.data.u...","declaredLoc":{"line":958,"column":12},"file":"/pages/recordDetail/recordDetail.js","type":"source,sink"}],"edges":[{"source":"2164886","target":"2164956"},{"source":"2172262","target":"2164886"},{"source":"2174039","target":"2164886"},{"source":"2169953","target":"2170934"},{"source":"2180451","target":"2169953"},{"source":"2180581","target":"2169953"},{"source":"2177417","target":"2169953"},{"source":"2177417","target":"2169953"},{"source":"2174955","target":"2175027"},{"source":"2173561","target":"2173943"},{"source":"2173077","target":"2173561"}]},{"stained":"wx.getStorage","nodes":[{"name":"2165010","declaredName":"__function__33","declaredLoc":{"line":33,"column":17},"file":"/pages/recordDetail/recordDetail.js","type":"normal"},{"name":"2168308","declaredName":"wx.getStorage({key:d.wxCode.openi...","declaredLoc":{"line":327,"column":47},"file":"/pages/recordDetail/recordDetail.js","type":"source"},{"name":"2176857","declaredName":"__function__1446","declaredLoc":{"line":1446,"column":15},"file":"/pages/recordDetail/recordDetail.js","type":"ofPageInstance: toImgLink"},{"name":"2176943","declaredName":"wx.getStorage({key:d.wxCode.openi...","declaredLoc":{"line":1458,"column":12},"file":"/pages/recordDetail/recordDetail.js","type":"source"},{"name":"2177151","declaredName":"__function__1480","declaredLoc":{"line":1480,"column":16},"file":"/pages/recordDetail/recordDetail.js","type":"ofPageInstance: sureSelect"},{"name":"2177207","declaredName":"wx.getStorage({key:e.data.regsNo+...","declaredLoc":{"line":1486,"column":12},"file":"/pages/recordDetail/recordDetail.js","type":"source"}],"edges":[{"source":"2165010","target":"2168308"},{"source":"2176857","target":"2176943"},{"source":"2177151","target":"2177207"}]}],"/pages/recordsList/recordsList.js":[{"stained":"wx.request","nodes":[{"name":"2181642","declaredName":"__function__56","declaredLoc":{"line":56,"column":12},"file":"/pages/recordsList/recordsList.js","type":"ofPageInstance: onShow"},{"name":"2181924","declaredName":"__function__99","declaredLoc":{"line":99,"column":21},"file":"/pages/recordsList/recordsList.js","type":"ofPageInstance: queryRecordList"},{"name":"2181369","declaredName":"__function__3","declaredLoc":{"line":3,"column":0},"file":"/pages/recordsList/recordsList.js","type":"normal"},{"name":"2181443","declaredName":"wx.request({url:a,data:t,method:'...","declaredLoc":{"line":7,"column":4},"file":"/pages/recordsList/recordsList.js","type":"source,sink"},{"name":"2182152","declaredName":"__function__126","declaredLoc":{"line":126,"column":21},"file":"/pages/recordsList/recordsList.js","type":"normal"},{"name":"2182198","declaredName":"__function__134","declaredLoc":{"line":134,"column":23},"file":"/pages/recordsList/recordsList.js","type":"ofPageInstance: cancelAgentStatus"},{"name":"2182263","declaredName":"wx.request({url:a,data:t,method:'...","declaredLoc":{"line":142,"column":8},"file":"/pages/recordsList/recordsList.js","type":"source,sink"},{"name":"2182351","declaredName":"__function__161","declaredLoc":{"line":161,"column":17},"file":"/pages/recordsList/recordsList.js","type":"ofPageInstance: queryDetail"},{"name":"2182369","declaredName":"wx.request({url:s.getSer(t.data.u...","declaredLoc":{"line":163,"column":8},"file":"/pages/recordsList/recordsList.js","type":"source,sink"},{"name":"2182505","declaredName":"__function__182","declaredLoc":{"line":182,"column":29},"file":"/pages/recordsList/recordsList.js","type":"normal"},{"name":"2182569","declaredName":"__function__196","declaredLoc":{"line":196,"column":24},"file":"/pages/recordsList/recordsList.js","type":"ofPageInstance: isApplyAndvancepay"},{"name":"2182630","declaredName":"wx.request({url:n,data:a,method:'...","declaredLoc":{"line":203,"column":8},"file":"/pages/recordsList/recordsList.js","type":"source,sink"},{"name":"2182682","declaredName":"__function__220","declaredLoc":{"line":220,"column":17},"file":"/pages/recordsList/recordsList.js","type":"ofPageInstance: getBaseData"},{"name":"2182700","declaredName":"wx.request({url:s.getSer(o.global...","declaredLoc":{"line":222,"column":59},"file":"/pages/recordsList/recordsList.js","type":"source,sink"}],"edges":[{"source":"2181369","target":"2181443"},{"source":"2181642","target":"2181369"},{"source":"2181924","target":"2181369"},{"source":"2182198","target":"2182263"},{"source":"2182152","target":"2182198"},{"source":"2182351","target":"2182369"},{"source":"2182569","target":"2182630"},{"source":"2182505","target":"2182569"},{"source":"2182682","target":"2182700"}]},{"stained":"wx.getSystemInfoSync","nodes":[{"name":"2181642","declaredName":"__function__56","declaredLoc":{"line":56,"column":12},"file":"/pages/recordsList/recordsList.js","type":"ofPageInstance: onShow"},{"name":"2181684","declaredName":"wx.getSystemInfoSync()","declaredLoc":{"line":58,"column":16},"file":"/pages/recordsList/recordsList.js","type":"source"}],"edges":[{"source":"2181642","target":"2181684"}]}],"/pages/uploadFiles/uploadFiles.js":[{"stained":"wx.getStorage","nodes":[{"name":"2183091","declaredName":"__function__40","declaredLoc":{"line":40,"column":12},"file":"/pages/uploadFiles/uploadFiles.js","type":"ofPageInstance: onLoad"},{"name":"2183144","declaredName":"wx.getStorage({key:'FailCount',su...","declaredLoc":{"line":49,"column":53},"file":"/pages/uploadFiles/uploadFiles.js","type":"source"}],"edges":[{"source":"2183091","target":"2183144"}]},{"stained":"wx.request","nodes":[{"name":"2183213","declaredName":"__function__60","declaredLoc":{"line":60,"column":12},"file":"/pages/uploadFiles/uploadFiles.js","type":"ofPageInstance: onShow"},{"name":"2183355","declaredName":"wx.request({url:o.getSer(i.global...","declaredLoc":{"line":73,"column":8},"file":"/pages/uploadFiles/uploadFiles.js","type":"source,sink"},{"name":"2184689","declaredName":"__function__264","declaredLoc":{"line":264,"column":16},"file":"/pages/uploadFiles/uploadFiles.js","type":"ofPageInstance: sureDelImg"},{"name":"2184697","declaredName":"wx.request({url:o.getSer(e.data.u...","declaredLoc":{"line":266,"column":8},"file":"/pages/uploadFiles/uploadFiles.js","type":"source,sink"},{"name":"2185348","declaredName":"__function__357","declaredLoc":{"line":357,"column":12},"file":"/pages/uploadFiles/uploadFiles.js","type":"ofPageInstance: submit"},{"name":"2185420","declaredName":"wx.request({url:o.getSer(e.data.u...","declaredLoc":{"line":367,"column":40},"file":"/pages/uploadFiles/uploadFiles.js","type":"source,sink"},{"name":"2185030","declaredName":"__function__305","declaredLoc":{"line":305,"column":22},"file":"/pages/uploadFiles/uploadFiles.js","type":"ofPageInstance: bindPreviewImage"},{"name":"2185237","declaredName":"__function__333","declaredLoc":{"line":333,"column":29},"file":"/pages/uploadFiles/uploadFiles.js","type":"normal"},{"name":"2185122","declaredName":"__function__312","declaredLoc":{"line":312,"column":13},"file":"/pages/uploadFiles/uploadFiles.js","type":"normal"},{"name":"2185196","declaredName":"wx.request({url:o.getSer(t.data.u...","declaredLoc":{"line":325,"column":16},"file":"/pages/uploadFiles/uploadFiles.js","type":"source,sink"}],"edges":[{"source":"2183213","target":"2183355"},{"source":"2184689","target":"2184697"},{"source":"2185348","target":"2185420"},{"source":"2185122","target":"2185196"},{"source":"2185030","target":"2185122"},{"source":"2185237","target":"2185122"}]},{"stained":"wx.chooseImage","nodes":[{"name":"2183943","declaredName":"__function__135","declaredLoc":{"line":135,"column":23},"file":"/pages/uploadFiles/uploadFiles.js","type":"ofPageInstance: chooseImgInWechat"},{"name":"2183994","declaredName":"wx.chooseImage({count:1,sizeType:...","declaredLoc":{"line":141,"column":59},"file":"/pages/uploadFiles/uploadFiles.js","type":"source"},{"name":"2184053","declaredName":"wx.chooseImage({count:9,sizeType:...","declaredLoc":{"line":155,"column":13},"file":"/pages/uploadFiles/uploadFiles.js","type":"source"}],"edges":[{"source":"2183943","target":"2183994"},{"source":"2183943","target":"2184053"}]}],"/pages/UploadImg/UploadImg.js":[{"stained":"wx.request","nodes":[{"name":"2186928","declaredName":"__function__197","declaredLoc":{"line":197,"column":12},"file":"/pages/UploadImg/UploadImg.js","type":"ofPageInstance: onLoad"},{"name":"2185684","declaredName":"__function__7","declaredLoc":{"line":7,"column":0},"file":"/pages/UploadImg/UploadImg.js","type":"normal"},{"name":"2185799","declaredName":"wx.request({url:r.getSer(o.global...","declaredLoc":{"line":20,"column":38},"file":"/pages/UploadImg/UploadImg.js","type":"source,sink"},{"name":"2187805","declaredName":"__function__330","declaredLoc":{"line":330,"column":16},"file":"/pages/UploadImg/UploadImg.js","type":"ofPageInstance: sureDelImg"},{"name":"2187813","declaredName":"wx.request({url:r.getSer(o.global...","declaredLoc":{"line":332,"column":8},"file":"/pages/UploadImg/UploadImg.js","type":"source,sink"},{"name":"2188076","declaredName":"__function__366","declaredLoc":{"line":366,"column":22},"file":"/pages/UploadImg/UploadImg.js","type":"ofPageInstance: bindPreviewImage"},{"name":"2188309","declaredName":"__function__397","declaredLoc":{"line":397,"column":29},"file":"/pages/UploadImg/UploadImg.js","type":"normal"},{"name":"2188182","declaredName":"__function__375","declaredLoc":{"line":375,"column":44},"file":"/pages/UploadImg/UploadImg.js","type":"normal"},{"name":"2188270","declaredName":"wx.request({url:r.getSer(o.global...","declaredLoc":{"line":389,"column":16},"file":"/pages/UploadImg/UploadImg.js","type":"source,sink"}],"edges":[{"source":"2185684","target":"2185799"},{"source":"2186928","target":"2185684"},{"source":"2187805","target":"2187813"},{"source":"2188182","target":"2188270"},{"source":"2188076","target":"2188182"},{"source":"2188309","target":"2188182"}]},{"stained":"wx.getStorage","nodes":[{"name":"2185838","declaredName":"__function__28","declaredLoc":{"line":28,"column":17},"file":"/pages/UploadImg/UploadImg.js","type":"normal"},{"name":"2186133","declaredName":"__function__46","declaredLoc":{"line":46,"column":17},"file":"/pages/UploadImg/UploadImg.js","type":"normal"},{"name":"2186649","declaredName":"wx.getStorage({key:o.wxCode.openi...","declaredLoc":{"line":132,"column":50},"file":"/pages/UploadImg/UploadImg.js","type":"source"},{"name":"2186928","declaredName":"__function__197","declaredLoc":{"line":197,"column":12},"file":"/pages/UploadImg/UploadImg.js","type":"ofPageInstance: onLoad"},{"name":"2187057","declaredName":"wx.getStorage({key:'uploadFailCou...","declaredLoc":{"line":220,"column":26},"file":"/pages/UploadImg/UploadImg.js","type":"source"}],"edges":[{"source":"2186133","target":"2186649"},{"source":"2185838","target":"2186133"},{"source":"2186928","target":"2187057"}]},{"stained":"wx.chooseImage","nodes":[{"name":"2187216","declaredName":"__function__247","declaredLoc":{"line":247,"column":23},"file":"/pages/UploadImg/UploadImg.js","type":"ofPageInstance: chooseImgInWechat"},{"name":"2187266","declaredName":"wx.chooseImage({count:9,sizeType:...","declaredLoc":{"line":254,"column":12},"file":"/pages/UploadImg/UploadImg.js","type":"source"}],"edges":[{"source":"2187216","target":"2187266"}]}]}