﻿source_file,source,source_loc,sink_file,sink,sink_loc,type,cross_field,cross_file,correct
230B6C3484CF379C456D0433B5715043.js,wx.getStorage,28,230B6C3484CF379C456D0433B5715043.js,console.log,31,API:callback,false,false,unlabel
230B6C3484CF379C456D0433B5715043.js,wx.login,45,230B6C3484CF379C456D0433B5715043.js,console.log,48,API:callback,false,false,unlabel
230B6C3484CF379C456D0433B5715043.js,wx.login,45,230B6C3484CF379C456D0433B5715043.js,console.log,77,API:callback,false,false,unlabel
230B6C3484CF379C456D0433B5715043.js,wx.login,45,230B6C3484CF379C456D0433B5715043.js,wx.request,54,API:callback,false,false,unlabel
230B6C3484CF379C456D0433B5715043.js,wx.request,54,230B6C3484CF379C456D0433B5715043.js,console.log,63,API:callback,false,false,unlabel
230B6C3484CF379C456D0433B5715043.js,wx.request,54,230B6C3484CF379C456D0433B5715043.js,console.log,65,API:callback,false,false,unlabel
230B6C3484CF379C456D0433B5715043.js,wx.request,54,230B6C3484CF379C456D0433B5715043.js,wx.setStorage,65,API:callback,false,false,unlabel
230B6C3484CF379C456D0433B5715043.js,wx.getUserInfo,84,230B6C3484CF379C456D0433B5715043.js,console.log,86,API:callback,false,false,unlabel
9A41035384CF379CFC276B5474025043.js,wx.getStorageSync,2&16&21&49&96&112&137&142&177&182&183&184&222&222&242,9A41035384CF379CFC276B5474025043.js,wx.setStorageSync,188,API:return-value,true,false,unlabel
9A41035384CF379CFC276B5474025043.js,wx.getStorageSync,2&16&21&49&96&112&137&142&177&182&183&184&222&222&242,9A41035384CF379CFC276B5474025043.js,wx.setStorageSync,134,API:return-value,true,false,unlabel
9A41035384CF379CFC276B5474025043.js,wx.getStorageSync,2&16&21&49&96&112&137&142&177&182&183&184&222&222&242,9A41035384CF379CFC276B5474025043.js,wx.setStorageSync,143,API:return-value,true,false,unlabel
9A41035384CF379CFC276B5474025043.js,wx.getStorageSync,2&16&21&49&96&112&137&142&177&182&183&184&222&222&242,9A41035384CF379CFC276B5474025043.js,wx.request,242,API:return-value,true,false,unlabel
9A41035384CF379CFC276B5474025043.js,wx.getStorageSync,2&16&21&49&96&112&137&142&177&182&183&184&222&222&242,9A41035384CF379CFC276B5474025043.js,wx.setStorageSync,195,API:return-value,true,false,unlabel
9A41035384CF379CFC276B5474025043.js,wx.getStorageSync,2&16&21&49&96&112&137&142&177&182&183&184&222&222&242,9A41035384CF379CFC276B5474025043.js,wx.request,226,API:return-value,true,false,unlabel
9A41035384CF379CFC276B5474025043.js,wx.getStorageSync,2&16&21&49&96&112&137&142&177&182&183&184&222&222&242,9A41035384CF379CFC276B5474025043.js,wx.setStorageSync,183,API:return-value,true,false,unlabel
9A41035384CF379CFC276B5474025043.js,wx.getStorageSync,2&16&21&49&96&112&137&142&177&182&183&184&222&222&242,9A41035384CF379CFC276B5474025043.js,wx.setStorageSync,52,API:return-value,true,false,unlabel
9A41035384CF379CFC276B5474025043.js,wx.getStorageSync,2&16&21&49&96&112&137&142&177&182&183&184&222&222&242,9A41035384CF379CFC276B5474025043.js,wx.setStorageSync,184,API:return-value,true,false,unlabel
app.js,wx.getStorage,28,app.js,console.log,31,API:callback,false,false,unlabel
app.js,wx.login,45,app.js,console.log,48,API:callback,false,false,unlabel
app.js,wx.login,45,app.js,console.log,77,API:callback,false,false,unlabel
app.js,wx.login,45,app.js,wx.request,54,API:callback,false,false,unlabel
app.js,wx.request,54,app.js,console.log,63,API:callback,false,false,unlabel
app.js,wx.request,54,app.js,console.log,65,API:callback,false,false,unlabel
app.js,wx.request,54,app.js,wx.setStorage,65,API:callback,false,false,unlabel
app.js,wx.getUserInfo,84,app.js,console.log,86,API:callback,false,false,unlabel
pages\advancePay\advancePay.js,wx.request,77,pages\advancePay\advancePay.js,console.log,93,API:callback,false,false,unlabel
pages\advancePay\advancePay.js,wx.request,77,app.js,console.log,175,API:callback,true,true,unlabel
pages\advancePay\advancePay.js,wx.request,207,app.js,console.log,175,API:callback,true,true,unlabel
pages\advancePay\advancePay.js,radioChange,153,pages\advancePay\advancePay.js,console.log,154,UI,false,false,unlabel
pages\advancePay\advancePay.js,bindIdExpireDate,159,pages\advancePay\advancePay.js,console.log,160,UI,false,false,unlabel
pages\advancePayInferiorUpload\advancePayInferiorUpload.js,wx.request,32,pages\advancePayInferiorUpload\advancePayInferiorUpload.js,console.log,45,API:callback,false,false,unlabel
pages\advancePayInferiorUpload\advancePayInferiorUpload.js,wx.request,32,app.js,console.log,175,API:callback,true,true,unlabel
pages\advancePayInferiorUpload\advancePayInferiorUpload.js,wx.request,111,pages\advancePayInferiorUpload\advancePayInferiorUpload.js,console.log,126,API:callback,false,false,unlabel
pages\advancePayInferiorUpload\advancePayInferiorUpload.js,wx.request,111,app.js,console.log,175,API:callback,true,true,unlabel
pages\advancePayInferiorUpload\advancePayInferiorUpload.js,wx.request,154,app.js,console.log,175,API:callback,true,true,unlabel
pages\advancePayInferiorUpload\advancePayInferiorUpload.js,wx.request,197,app.js,console.log,175,API:callback,true,true,unlabel
pages\advancePayInferiorUpload\advancePayInferiorUpload.js,returnPrev,195,app.js,console.log,175,UI,true,true,unlabel
pages\advancePaySign\advancePaySign.js,wx.chooseImage,104,pages\advancePaySign\advancePaySign.js,console.log,109,API:callback,false,false,unlabel
pages\advancePaySign\advancePaySign.js,wx.chooseImage,104,pages\advancePaySign\advancePaySign.js,wx.uploadFile,126,API:callback,true,false,unlabel
pages\advancePaySign\advancePaySign.js,wx.chooseImage,104,pages\advancePaySign\advancePaySign.js,wx.uploadFile,126,API:callback,true,false,unlabel
pages\advancePaySign\advancePaySign.js,wx.request,173,pages\advancePaySign\advancePaySign.js,console.log,183,API:callback,false,false,unlabel
pages\advancePaySign\advancePaySign.js,wx.request,173,app.js,console.log,175,API:callback,true,true,unlabel
pages\advancePaySign\advancePaySign.js,checkboxChange,83,pages\advancePaySign\advancePaySign.js,console.log,84,UI,false,false,unlabel
pages\advancePaySign\advancePaySign.js,checkboxChange,83,pages\advancePaySign\advancePaySign.js,console.log,86,UI,false,false,unlabel
pages\advancePaySign\advancePaySign.js,checkboxChange,83,pages\advancePaySign\advancePaySign.js,console.log,86,UI,false,false,unlabel
pages\advancePayUpload\advancePayUpload.js,wx.request,22,pages\advancePayUpload\advancePayUpload.js,console.log,37,API:callback,false,false,unlabel
pages\advancePayUpload\advancePayUpload.js,wx.request,22,app.js,console.log,175,API:callback,true,true,unlabel
pages\advancePayUpload\advancePayUpload.js,wx.request,54,app.js,console.log,175,API:callback,true,true,unlabel
pages\advancePayUploadDetail\advancePayUploadDetail.js,wx.request,39,pages\advancePayUploadDetail\advancePayUploadDetail.js,console.log,55,API:callback,false,false,unlabel
pages\advancePayUploadDetail\advancePayUploadDetail.js,wx.request,39,app.js,console.log,175,API:callback,true,true,unlabel
pages\advancePayUploadDetail\advancePayUploadDetail.js,wx.request,110,app.js,console.log,175,API:callback,true,true,unlabel
pages\advancePayUploadDetail\advancePayUploadDetail.js,wx.request,151,app.js,console.log,175,API:callback,true,true,unlabel
pages\advancePayUploadDetail\advancePayUploadDetail.js,wx.request,197,app.js,console.log,175,API:callback,true,true,unlabel
pages\anySign\anySign.js,wx.chooseImage,105,pages\anySign\anySign.js,wx.uploadFile,138,API:callback,true,false,unlabel
pages\anySign\anySign.js,checkboxChange,84,pages\anySign\anySign.js,console.log,85,UI,false,false,unlabel
pages\anySign\anySign.js,checkboxChange,84,pages\anySign\anySign.js,console.log,87,UI,false,false,unlabel
pages\anySign\anySign.js,checkboxChange,84,pages\anySign\anySign.js,console.log,87,UI,false,false,unlabel
pages\casesState\casesState.js,wx.request,22,pages\casesState\casesState.js,console.log,32,API:callback,false,false,unlabel
pages\checkAndCode\checkAndCode.js,wx.request,61,pages\checkAndCode\checkAndCode.js,console.log,70,API:callback,false,false,unlabel
pages\checkAndCode\checkAndCode.js,wx.request,97,pages\checkAndCode\checkAndCode.js,console.log,106,API:callback,false,false,unlabel
pages\checkAndCode\checkAndCode.js,wx.request,97,pages\checkAndCode\checkAndCode.js,wx.showToast,122,API:callback,true,false,unlabel
pages\deposit\deposit.js,wx.request,104,pages\deposit\deposit.js,console.log,112,API:callback,false,false,unlabel
pages\deposit\deposit.js,wx.request,123,pages\deposit\deposit.js,console.log,131,API:callback,false,false,unlabel
pages\deposit\deposit.js,wx.request,123,pages\deposit\deposit.js,console.log,139,API:callback,false,false,unlabel
pages\deposit\deposit.js,wx.request,123,pages\deposit\deposit.js,console.log,133,API:callback,false,false,unlabel
pages\deposit\deposit.js,wx.scanCode,170,pages\deposit\deposit.js,console.log,172,API:callback,false,false,unlabel
pages\deposit\deposit.js,searchHospital,37,pages\deposit\deposit.js,console.log,39,UI,false,false,unlabel
pages\freeDeposit\freeDeposit.js,wx.chooseImage,102,pages\freeDeposit\freeDeposit.js,console.log,107,API:callback,false,false,unlabel
pages\freeDeposit\freeDeposit.js,wx.chooseImage,102,pages\freeDeposit\freeDeposit.js,wx.uploadFile,124,API:callback,true,false,unlabel
pages\freeDeposit\freeDeposit.js,wx.chooseImage,102,pages\freeDeposit\freeDeposit.js,wx.uploadFile,124,API:callback,true,false,unlabel
pages\freeDeposit\freeDeposit.js,wx.request,173,pages\freeDeposit\freeDeposit.js,console.log,182,API:callback,false,false,unlabel
pages\freeDeposit\freeDeposit.js,wx.request,173,app.js,console.log,175,API:callback,true,true,unlabel
pages\freeDeposit\freeDeposit.js,checkboxChange,81,pages\freeDeposit\freeDeposit.js,console.log,82,UI,false,false,unlabel
pages\freeDeposit\freeDeposit.js,checkboxChange,81,pages\freeDeposit\freeDeposit.js,console.log,84,UI,false,false,unlabel
pages\freeDeposit\freeDeposit.js,checkboxChange,81,pages\freeDeposit\freeDeposit.js,console.log,84,UI,false,false,unlabel
pages\index\index.js,wx.request,166,pages\index\index.js,console.log,176,API:callback,false,false,unlabel
pages\index\index.js,wx.request,197,pages\index\index.js,console.log,207,API:callback,false,false,unlabel
pages\index\index.js,wx.request,197,pages\index\index.js,console.log,102,API:callback,true,false,unlabel
pages\index\index.js,wx.request,379,pages\index\index.js,console.log,389,API:callback,false,false,unlabel
pages\index\index.js,applyReport,148,pages\index\index.js,console.log,164,UI,false,false,unlabel
pages\index\index.js,applyReport,148,pages\index\index.js,wx.request,166,UI,false,false,unlabel
pages\index\index.js,submitReport,335,pages\index\index.js,console.log,337,UI,false,false,unlabel
pages\index\index.js,searchHospital,305,pages\index\index.js,console.log,307,UI,false,false,unlabel
pages\indexNew\indexNew.js,wx.request,166,pages\indexNew\indexNew.js,console.log,176,API:callback,false,false,unlabel
pages\indexNew\indexNew.js,wx.request,197,pages\indexNew\indexNew.js,console.log,207,API:callback,false,false,unlabel
pages\indexNew\indexNew.js,wx.request,197,pages\indexNew\indexNew.js,console.log,102,API:callback,true,false,unlabel
pages\indexNew\indexNew.js,wx.request,375,pages\indexNew\indexNew.js,console.log,385,API:callback,false,false,unlabel
pages\indexNew\indexNew.js,applyReport,148,pages\indexNew\indexNew.js,console.log,164,UI,false,false,unlabel
pages\indexNew\indexNew.js,applyReport,148,pages\indexNew\indexNew.js,wx.request,166,UI,false,false,unlabel
pages\indexNew\indexNew.js,submitReport,331,pages\indexNew\indexNew.js,console.log,333,UI,false,false,unlabel
pages\indexNew\indexNew.js,searchHospital,301,pages\indexNew\indexNew.js,console.log,303,UI,false,false,unlabel
pages\login\login.js,getUserInfo,5,pages\login\login.js,console.log,6,UI,false,false,unlabel
pages\onlineApply\onlineApply.js,wx.request,92,pages\onlineApply\onlineApply.js,console.log,103,API:callback,true,true,unlabel
pages\onlineApply\onlineApply.js,wx.request,177,pages\onlineApply\onlineApply.js,console.log,187,API:callback,false,false,unlabel
pages\onlineApply\onlineApply.js,wx.request,177,app.js,console.log,175,API:callback,true,true,unlabel
pages\onlineApply\onlineApply.js,wx.request,227,pages\onlineApply\onlineApply.js,console.log,236,API:callback,false,false,unlabel
pages\onlineApply\onlineApply.js,wx.request,274,pages\onlineApply\onlineApply.js,console.log,283,API:callback,false,false,unlabel
pages\onlineApply\onlineApply.js,wx.request,274,pages\onlineApply\onlineApply.js,wx.showToast,288,API:callback,false,false,unlabel
pages\onlineApply\onlineApply.js,wx.request,320,pages\onlineApply\onlineApply.js,console.log,330,API:callback,false,false,unlabel
pages\onlineApply\onlineApply.js,wx.request,320,app.js,console.log,175,API:callback,true,true,unlabel
pages\onlineApply\onlineApply.js,applyReport,163,pages\onlineApply\onlineApply.js,console.log,175,UI,false,false,unlabel
pages\onlineApply\onlineApply.js,applyReport,163,pages\onlineApply\onlineApply.js,wx.request,177,UI,false,false,unlabel
pages\onlineApply\onlineApply.js,CheckIdentifyCode,302,pages\onlineApply\onlineApply.js,console.log,304,UI,false,false,unlabel
pages\onlineApply\onlineApply.js,CheckIdentifyCode,302,pages\onlineApply\onlineApply.js,console.log,314,UI,false,false,unlabel
pages\onlineApply\onlineApply.js,CheckIdentifyCode,302,pages\onlineApply\onlineApply.js,wx.request,320,UI,false,false,unlabel
pages\physicalFiles\physicalFiles.js,wx.request,33,pages\physicalFiles\physicalFiles.js,console.log,43,API:callback,false,false,unlabel
pages\process\process.js,wx.request,5,pages\process\process.js,console.log,17,API:callback,false,false,unlabel
pages\processDetail\processDetail.js,wx.request,73,pages\processDetail\processDetail.js,console.log,85,API:callback,false,false,unlabel
pages\processDetail\processDetail.js,wx.request,73,app.js,console.log,175,API:callback,true,true,unlabel
pages\processDetail\processDetail.js,wx.request,271,pages\processDetail\processDetail.js,console.log,283,API:callback,false,false,unlabel
pages\processDetail\processDetail.js,radioChange,213,pages\processDetail\processDetail.js,console.log,214,UI,false,false,unlabel
pages\processDetail\processDetail.js,policyServiceChange,320,pages\processDetail\processDetail.js,console.log,321,UI,false,false,unlabel
pages\recordDetail\recordDetail.js,wx.request,25,pages\recordDetail\recordDetail.js,console.log,34,API:callback,true,true,unlabel
pages\recordDetail\recordDetail.js,wx.request,25,pages\recordDetail\recordDetail.js,console.log,35,API:callback,true,true,unlabel
pages\recordDetail\recordDetail.js,wx.request,25,app.js,console.log,175,API:callback,true,true,unlabel
pages\recordDetail\recordDetail.js,wx.request,25,7D41315784CF379C1B2759508F425043.js,console.log,49,API:callback,true,true,unlabel
pages\recordDetail\recordDetail.js,wx.request,25,pages\recordDetail\recordDetail.js,console.log,109,API:callback,true,true,unlabel
pages\recordDetail\recordDetail.js,wx.request,25,pages\recordDetail\recordDetail.js,console.log,148,API:callback,true,true,unlabel
pages\recordDetail\recordDetail.js,wx.request,25,pages\recordDetail\recordDetail.js,console.log,176,API:callback,true,true,unlabel
pages\recordDetail\recordDetail.js,wx.request,25,pages\recordDetail\recordDetail.js,console.log,292,API:callback,true,true,unlabel
pages\recordDetail\recordDetail.js,wx.request,566,pages\recordDetail\recordDetail.js,console.log,575,API:callback,true,true,unlabel
pages\recordDetail\recordDetail.js,wx.request,566,app.js,console.log,175,API:callback,true,true,unlabel
pages\recordDetail\recordDetail.js,wx.request,566,pages\recordDetail\recordDetail.js,console.log,584,API:callback,true,true,unlabel
pages\recordDetail\recordDetail.js,wx.request,958,pages\recordDetail\recordDetail.js,console.log,967,API:callback,true,true,unlabel
pages\recordDetail\recordDetail.js,wx.request,958,app.js,console.log,175,API:callback,true,true,unlabel
pages\recordDetail\recordDetail.js,wx.request,1136,pages\recordDetail\recordDetail.js,console.log,1141,API:callback,false,false,unlabel
pages\recordDetail\recordDetail.js,wx.request,1136,app.js,console.log,175,API:callback,true,true,unlabel
pages\recordDetail\recordDetail.js,wx.getStorage,1458,pages\recordDetail\recordDetail.js,console.log,1461,API:callback,false,false,unlabel
pages\recordDetail\recordDetail.js,wx.getStorage,1486,pages\recordDetail\recordDetail.js,console.log,1489,API:callback,false,false,unlabel
pages\recordDetail\recordDetail.js,submitApply,1510,pages\recordDetail\recordDetail.js,console.log,1511,UI,false,false,unlabel
pages\recordDetail\recordDetail.js,submitApply,1510,pages\recordDetail\recordDetail.js,console.log,1536,UI,false,false,unlabel
pages\recordDetail\recordDetail.js,submitApply,1510,pages\recordDetail\recordDetail.js,console.log,1563,UI,false,false,unlabel
pages\recordDetail\recordDetail.js,submitApply,1510,pages\recordDetail\recordDetail.js,console.log,1566,UI,false,false,unlabel
pages\recordDetail\recordDetail.js,submitApply,1510,pages\recordDetail\recordDetail.js,console.log,1568,UI,false,false,unlabel
pages\recordDetail\recordDetail.js,submitApply,1510,pages\recordDetail\recordDetail.js,console.log,1583,UI,false,false,unlabel
pages\recordDetail\recordDetail.js,submitApply,1510,pages\recordDetail\recordDetail.js,console.log,565,UI,false,false,unlabel
pages\recordDetail\recordDetail.js,submitApply,1510,pages\recordDetail\recordDetail.js,wx.request,566,UI,false,false,unlabel
pages\recordDetail\recordDetail.js,submitApply,1510,pages\recordDetail\recordDetail.js,console.log,1585,UI,false,false,unlabel
pages\recordDetail\recordDetail.js,submitApply,1510,pages\recordDetail\recordDetail.js,console.log,1588,UI,false,false,unlabel
pages\recordDetail\recordDetail.js,sureSelect,1480,pages\recordDetail\recordDetail.js,wx.setStorage,1483,UI,false,false,unlabel
pages\recordDetail\recordDetail.js,changeBaoXiaoType,995,pages\recordDetail\recordDetail.js,console.log,996,UI,false,false,unlabel
pages\recordDetail\recordDetail.js,changeAppliRelation,1030,pages\recordDetail\recordDetail.js,console.log,1031,UI,false,false,unlabel
pages\recordDetail\recordDetail.js,changeAppliBankName,1438,pages\recordDetail\recordDetail.js,console.log,1439,UI,false,false,unlabel
pages\recordDetail\recordDetail.js,blurOtherRelationDesc,1040,pages\recordDetail\recordDetail.js,console.log,1041,UI,false,false,unlabel
pages\recordDetail\recordDetail.js,inputOtherRelationDesc,1035,pages\recordDetail\recordDetail.js,console.log,1036,UI,false,false,unlabel
pages\recordDetail\recordDetail.js,taxReasonListChange,1932,pages\recordDetail\recordDetail.js,console.log,1933,UI,false,false,unlabel
pages\recordDetail\recordDetail.js,taxReasonListChange,1932,pages\recordDetail\recordDetail.js,console.log,1937,UI,false,false,unlabel
pages\recordDetail\recordDetail.js,searchAccProf,1129,pages\recordDetail\recordDetail.js,console.log,1130,UI,false,false,unlabel
pages\recordDetail\recordDetail.js,searchAccProf,1129,pages\recordDetail\recordDetail.js,wx.request,1136,UI,false,false,unlabel
pages\recordDetail\recordDetail.js,changeAppliTdType,1181,pages\recordDetail\recordDetail.js,console.log,1182,UI,false,false,unlabel
pages\recordDetail\recordDetail.js,bindAccAddrChange,839,pages\recordDetail\recordDetail.js,console.log,840,UI,false,false,unlabel
pages\recordDetail\recordDetail.js,choseCountry,1264,pages\recordDetail\recordDetail.js,console.log,1265,UI,false,false,unlabel
pages\recordDetail\recordDetail.js,searchAccProf,1129,pages\recordDetail\recordDetail.js,console.log,1130,UI,false,false,unlabel
pages\recordDetail\recordDetail.js,searchAccProf,1129,pages\recordDetail\recordDetail.js,wx.request,1136,UI,false,false,unlabel
pages\recordDetail\recordDetail.js,changeAppliTdType,1181,pages\recordDetail\recordDetail.js,console.log,1182,UI,false,false,unlabel
pages\recordDetail\recordDetail.js,blurAppliIdNo,1203,pages\recordDetail\recordDetail.js,console.log,1204,UI,false,false,unlabel
pages\recordDetail\recordDetail.js,bindAppAddrChange,855,pages\recordDetail\recordDetail.js,console.log,856,UI,false,false,unlabel
pages\recordDetail\recordDetail.js,choseCountry,1264,pages\recordDetail\recordDetail.js,console.log,1265,UI,false,false,unlabel
pages\recordDetail\recordDetail.js,birthChineseCountry,1962,pages\recordDetail\recordDetail.js,console.log,1963,UI,false,false,unlabel
pages\recordDetail\recordDetail.js,birthChineseCountry,1962,pages\recordDetail\recordDetail.js,console.log,1963,UI,false,false,unlabel
pages\recordDetail\recordDetail.js,birthChineseCountry,1962,pages\recordDetail\recordDetail.js,console.log,1963,UI,false,false,unlabel
pages\recordDetail\recordDetail.js,birthChineseCountry,1962,pages\recordDetail\recordDetail.js,console.log,1963,UI,false,false,unlabel
pages\recordsList\recordsList.js,wx.request,7,pages\recordsList\recordsList.js,console.log,17,API:callback,false,false,unlabel
pages\recordsList\recordsList.js,wx.request,7,app.js,console.log,175,API:callback,true,true,unlabel
pages\recordsList\recordsList.js,wx.request,142,pages\recordsList\recordsList.js,console.log,152,API:callback,false,false,unlabel
pages\recordsList\recordsList.js,wx.request,163,pages\recordsList\recordsList.js,console.log,177,API:callback,true,true,unlabel
pages\recordsList\recordsList.js,wx.request,163,app.js,console.log,175,API:callback,true,true,unlabel
pages\recordsList\recordsList.js,wx.request,222,pages\recordsList\recordsList.js,console.log,234,API:callback,false,false,unlabel
pages\uploadFiles\uploadFiles.js,wx.getStorage,49,app.js,console.log,175,API:callback,true,true,unlabel
pages\uploadFiles\uploadFiles.js,wx.request,73,pages\uploadFiles\uploadFiles.js,console.log,82,API:callback,true,true,unlabel
pages\uploadFiles\uploadFiles.js,wx.request,73,pages\uploadFiles\uploadFiles.js,console.log,106,API:callback,true,true,unlabel
pages\uploadFiles\uploadFiles.js,wx.request,266,pages\uploadFiles\uploadFiles.js,console.log,281,API:callback,true,true,unlabel
pages\uploadFiles\uploadFiles.js,wx.request,266,app.js,console.log,175,API:callback,true,true,unlabel
pages\uploadFiles\uploadFiles.js,wx.request,325,app.js,console.log,175,API:callback,true,true,unlabel
pages\uploadFiles\uploadFiles.js,wx.request,367,pages\uploadFiles\uploadFiles.js,console.log,376,API:callback,true,true,unlabel
pages\uploadFiles\uploadFiles.js,wx.request,367,app.js,console.log,175,API:callback,true,true,unlabel
pages\UploadImg\UploadImg.js,wx.request,20,pages\UploadImg\UploadImg.js,console.log,29,API:callback,true,true,unlabel
pages\UploadImg\UploadImg.js,wx.request,20,pages\UploadImg\UploadImg.js,console.log,148,API:callback,true,true,unlabel
pages\UploadImg\UploadImg.js,wx.request,20,pages\UploadImg\UploadImg.js,console.log,131,API:callback,true,true,unlabel
pages\UploadImg\UploadImg.js,wx.request,20,pages\UploadImg\UploadImg.js,console.log,136,API:callback,true,true,unlabel
pages\UploadImg\UploadImg.js,wx.getStorage,132,pages\UploadImg\UploadImg.js,console.log,135,API:callback,false,false,unlabel
pages\UploadImg\UploadImg.js,wx.getStorage,220,app.js,console.log,175,API:callback,true,true,unlabel
pages\UploadImg\UploadImg.js,wx.request,332,app.js,console.log,175,API:callback,true,true,unlabel
pages\UploadImg\UploadImg.js,wx.request,389,pages\UploadImg\UploadImg.js,console.log,398,API:callback,false,false,unlabel
pages\UploadImg\UploadImg.js,wx.request,389,app.js,console.log,175,API:callback,true,true,unlabel
