{"source":{"wx.checkSession":{"count":2},"wx.getStorage":{"count":8},"wx.login":{"count":2},"wx.request":{"count":65,"encrypt":[{"text":"e.encrypt(t.data.regsNo)","loc":{"line":11,"column":16},"file":"/pages/UploadImg/UploadImg.js"},{"text":"n.encrypt(l)","loc":{"line":160,"column":33},"file":"/pages/index/index.js"},{"text":"n.encrypt(l)","loc":{"line":160,"column":33},"file":"/pages/indexNew/indexNew.js"},{"text":"e.encrypt(n.accClientName)","loc":{"line":171,"column":29},"file":"/pages/onlineApply/onlineApply.js"},{"text":"e.encrypt(a.accTel)","loc":{"line":532,"column":47},"file":"/pages/recordDetail/recordDetail.js"}]},"wx.getUserInfo":{"count":3},"wx.getSystemInfo":{"count":3,"encrypt":[{"text":"O.CryptoJS.TripleDES.encrypt(t, r, {\n    mode: O.CryptoJS.mode.ECB,\n    padding: O.CryptoJS.pad.Pkcs7\n})","loc":{"line":211,"column":23},"file":"/8770FA2584CF379CE116922226815043.js"}]},"wx.getStorageSync":{"count":35},"wx.getSystemInfoSync":{"count":4},"wx.chooseImage":{"count":9},"wx.scanCode":{"count":1}},"sink":{"console.log":409,"wx.request":65,"wx.setStorage":7,"wx.showModal":31,"wx.uploadFile":8,"wx.setStorageSync":15,"wx.removeStorageSync":13,"wx.showLoading":21,"wx.showToast":8}}