{"fromUI":[{"file":"/pages/advancePay/advancePay.wxml","infoType":[{"api":"PageInstance.bindToSubmit","loc":{"line":197,"column":27},"text":["下一步","bindToSubmit"]},{"api":"PageInstance.changeIdType","loc":{"line":192,"column":27},"text":["","idType","changeIdType"]},{"api":"PageInstance.tabBlur","loc":{"line":137,"column":22},"text":["","tabBlur","changeIdNo","idNo"]},{"api":"PageInstance.changeIdNo","loc":{"line":141,"column":25},"text":["","tabBlur","changeIdNo","idNo"]},{"api":"PageInstance.radioChange","loc":{"line":153,"column":26},"text":["{{item.checked}}","{{idExpireDateTypeList}}","name","{{item.name}}","radioChange"]},{"api":"PageInstance.bindIdExpireDate","loc":{"line":159,"column":31},"text":["","idExpireDate","{{advancePay.idExpireDate}}","bindIdExpireDate"]},{"api":"PageInstance.tabBlur","loc":{"line":137,"column":22},"text":["tabBlur","changePhone"]},{"api":"PageInstance.changePhone","loc":{"line":147,"column":26},"text":["tabBlur","changePhone"]},{"api":"PageInstance.blurAccountNo","loc":{"line":170,"column":28},"text":["blurAccountNo","inputAccountNo"]},{"api":"PageInstance.inputAccountNo","loc":{"line":164,"column":29},"text":["blurAccountNo","inputAccountNo"]},{"api":"PageInstance.blurconfirmAccountNo","loc":{"line":180,"column":35},"text":["blurconfirmAccountNo","inputconfirmAccountNo"]},{"api":"PageInstance.inputconfirmAccountNo","loc":{"line":175,"column":36},"text":["blurconfirmAccountNo","inputconfirmAccountNo"]},{"api":"PageInstance.changeBank","loc":{"line":185,"column":25},"text":["","otherReimbursement","changeBank"]}]},{"file":"/pages/advancePayInferiorUpload/advancePayInferiorUpload.wxml","infoType":[{"api":"PageInstance.returnPrev","loc":{"line":195,"column":25},"text":["完成","returnPrev"]}]},{"file":"/pages/advancePaySign/advancePaySign.wxml","infoType":[{"api":"PageInstance.nextStep","text":["下一步","nextStep"]},{"api":"PageInstance.take_photo","text":["开始拍照签名认证","take_photo"]},{"api":"PageInstance.radioChange","loc":{"line":47,"column":26},"text":["radioIsCheck","通过电子签名申请预赔","radioChange"]},{"api":"PageInstance.checkboxChange","loc":{"line":83,"column":29},"text":["true","openInstructone","openInstructtwo","openInstructthree","反保险欺诈提示 ","声明及授权 ","税收居民身份声明 ","checkboxChange"]}]},{"file":"/pages/advancePayUpload/advancePayUpload.wxml","infoType":[{"api":"PageInstance.bindToSubmit","loc":{"line":52,"column":27},"text":["资料提交","bindToSubmit"]}]},{"file":"/pages/advancePayUploadDetail/advancePayUploadDetail.wxml","infoType":[{"api":"PageInstance.returnPrev","loc":{"line":258,"column":25},"text":["返回","returnPrev"]}]},{"file":"/pages/anySign/anySign.wxml","infoType":[{"api":"PageInstance.radioChange","loc":{"line":48,"column":26},"text":["radioIsCheck","通过电子签名申请理赔","radioChange"]},{"api":"PageInstance.checkboxChange","loc":{"line":84,"column":29},"text":["true","openInstructone","openInstructtwo","openInstructthree","反保险欺诈提示 ","声明及授权 ","税收居民身份声明 ","checkboxChange"]}]},{"file":"/pages/casesState/casesState.wxml","infoType":[]},{"file":"/pages/checkAndCode/checkAndCode.wxml","infoType":[{"api":"PageInstance.getMessageCode","text":[" 确认 ","getMessageCode"]},{"api":"PageInstance.inputVerifyCode","loc":{"line":80,"column":30},"text":["inputVerifyCode","getVerifyCode"]},{"api":"PageInstance.submit","text":[" 确认 ","submit"]},{"api":"PageInstance.goProcess","text":[" 完成 ","goProcess"]},{"api":"PageInstance.blurIdentifyCode","text":["blurIdentifyCode","focusIdentifyCode","inputIdentifyCode","identifyCode","请输入短信验证码","getCode","{{getCodeText}}"]},{"api":"PageInstance.focusIdentifyCode","text":["blurIdentifyCode","focusIdentifyCode","inputIdentifyCode","identifyCode","请输入短信验证码","getCode","{{getCodeText}}"]},{"api":"PageInstance.inputIdentifyCode","loc":{"line":204,"column":32},"text":["blurIdentifyCode","focusIdentifyCode","inputIdentifyCode","identifyCode","请输入短信验证码","getCode","{{getCodeText}}"]}]},{"file":"/pages/deposit/deposit.wxml","infoType":[{"api":"PageInstance.submit","text":["登录","submit"]},{"api":"PageInstance.inputCellPhone","loc":{"line":146,"column":29},"text":["inputCellPhone","请输入账号"]},{"api":"PageInstance.inputPassWord","loc":{"line":151,"column":28},"text":["inputPassWord","请输入密码"]},{"api":"PageInstance.searchHospital","loc":{"line":37,"column":29},"text":["searchHospital"]}]},{"file":"/pages/freeDeposit/freeDeposit.wxml","infoType":[{"api":"PageInstance.radioChange","loc":{"line":35,"column":26},"text":["radioIsCheck","通过电子签名申请免押金","radioChange"]},{"api":"PageInstance.checkboxChange","loc":{"line":81,"column":29},"text":["true","openInstructone","openInstructtwo","openInstructthree","openInstructfour","住院押金减免规则","郑重提示","服务授权","用户授权协议","checkboxChange"]}]},{"file":"/pages/index/index.wxml","infoType":[{"api":"PageInstance.applyReport","loc":{"line":148,"column":26},"text":["submit","确认","事故者姓名：","inputInsuredName","insuredName","请输入事故者姓名","placeholderStyle","bindChangeQueryType","{{queryTypeDesArr}}","inputInsuredIdNo","insuredIdNo","请输入证件号码","","queryType",":","applyReport"]},{"api":"PageInstance.submitReport","loc":{"line":335,"column":27},"text":["submit","报案提交","{{deathHidden}}","报案人信息","事故信息","申请原因","诊疗信息","重大报案","listApplyReasonChange","caseCauseList","listGraveAccidentChange","graveAccidentList","{{caseCauseList}}","{{graveAccidentList}}","报案人姓名","inputName","reporterName","请输入姓名","phcolor","报案人电话","checkPhone","inputPhone","reporterCellPhone","请输入电话","报案人类型","bindChangeCaseReporterType","{{caseReporterDesList}}","报案人与事故者关系","bindChangeInsuredRelationType","{{insuredRelationcDesList}}","事故者状况","bindChangeClientStatus","{{clientStatusDesList}}","bindChangeClientStatusStage","{{clientStatusStageDesList}}","出险时间","bindChangeAccidentDate","{{maxDate}}","1917-01-01","出险地点","bindRegionChange","出险详址","inputAccidentPlace","accidentPlace","请输入详细地址","境外出险","","isOverSea","radioChange","出险经过","checkAccidentDesc","accidengDesc","请输入","备注","comment","{{item.caseCause!='10'}}","治疗医院","hospitalCode","searchHospital","hospitalName","请输入医院名称","{{hospitalArr.length===0}}","true","临床诊断","inputDiagnosis","diagnosis","请输入临床诊断","{{item.checked}}","caseReporterType","insuredRelationType","clientStatus","clientStatusStage","accidentDate","occurDate","死亡时间","bindChangeDeathDate","死亡原因","bindChangeDeathCause","{{deathCauseDescList}}","regionStr","deathDate","{{isOverSeaList}}","name","choseHospital","{{item}}","{{hospitalArr}}","deathCause","{{item.hospitalName}}","{{item.name}}","submitReport"]},{"api":"PageInstance.policyServiceChange","text":["{{item.checked}}","{{policyServicePersonList}}","agentName","{{item.agentName}}","policyServiceChange"]},{"api":"PageInstance.inputInsuredName","loc":{"line":129,"column":31},"text":["inputInsuredName","insuredName","请输入事故者姓名","placeholderStyle"]},{"api":"PageInstance.bindChangeQueryType","loc":{"line":143,"column":34},"text":["","queryType",":","bindChangeQueryType"]},{"api":"PageInstance.inputInsuredIdNo","loc":{"line":136,"column":31},"text":["inputInsuredIdNo","insuredIdNo","请输入证件号码","placeholderStyle"]},{"api":"PageInstance.listApplyReasonChange","text":["{{caseCauseList}}","{{item.caseCause!='10'}}","{{item.checked}}","listApplyReasonChange"]},{"api":"PageInstance.listGraveAccidentChange","text":["{{graveAccidentList}}","{{item.checked}}","listGraveAccidentChange"]},{"api":"PageInstance.inputName","loc":{"line":225,"column":24},"text":["inputName"]},{"api":"PageInstance.checkPhone","loc":{"line":235,"column":25},"text":["checkPhone","inputPhone"]},{"api":"PageInstance.inputPhone","loc":{"line":230,"column":25},"text":["checkPhone","inputPhone"]},{"api":"PageInstance.bindChangeCaseReporterType","loc":{"line":239,"column":41},"text":["","caseReporterType","bindChangeCaseReporterType"]},{"api":"PageInstance.bindChangeInsuredRelationType","loc":{"line":244,"column":44},"text":["","insuredRelationType","bindChangeInsuredRelationType"]},{"api":"PageInstance.bindChangeClientStatus","loc":{"line":249,"column":37},"text":["","clientStatus","bindChangeClientStatus"]},{"api":"PageInstance.bindChangeClientStatusStage","loc":{"line":265,"column":42},"text":["","clientStatusStage","bindChangeClientStatusStage"]},{"api":"PageInstance.bindChangeAccidentDate","loc":{"line":270,"column":37},"text":["","accidentDate","occurDate","bindChangeAccidentDate"]},{"api":"PageInstance.bindRegionChange","loc":{"line":285,"column":31},"text":["","regionStr","deathDate","bindRegionChange"]},{"api":"PageInstance.inputAccidentPlace","text":["inputAccidentPlace"]},{"api":"PageInstance.radioChange","loc":{"line":292,"column":26},"text":["{{item.checked}}","{{isOverSeaList}}","name","{{item.name}}","radioChange"]},{"api":"PageInstance.checkAccidentDesc","loc":{"line":297,"column":32},"text":["checkAccidentDesc"]},{"api":"PageInstance.searchHospital","loc":{"line":305,"column":29},"text":["searchHospital"]},{"api":"PageInstance.inputDiagnosis","loc":{"line":300,"column":29},"text":["inputDiagnosis"]},{"api":"PageInstance.bindChangeDeathDate","loc":{"line":275,"column":34},"text":["","deathDate","bindChangeDeathDate"]},{"api":"PageInstance.bindChangeDeathCause","loc":{"line":280,"column":35},"text":["","deathCause","bindChangeDeathCause"]}]},{"file":"/pages/indexNew/indexNew.wxml","infoType":[{"api":"PageInstance.applyReport","loc":{"line":148,"column":26},"text":["submit","确认","事故者姓名：","inputInsuredName","insuredName","请输入事故者姓名","placeholderStyle","bindChangeQueryType","{{queryTypeDesArr}}","inputInsuredIdNo","insuredIdNo","请输入证件号码","","queryType",":","applyReport"]},{"api":"PageInstance.submitReport","loc":{"line":331,"column":27},"text":["submit","报案提交","{{deathHidden}}","报案人信息","事故信息","申请原因","诊疗信息","重大报案","listApplyReasonChange","caseCauseList","listGraveAccidentChange","graveAccidentList","{{caseCauseList}}","{{graveAccidentList}}","报案人姓名","inputName","reporterName","请输入姓名","phcolor","报案人电话","checkPhone","inputPhone","reporterCellPhone","请输入电话","报案人类型","bindChangeCaseReporterType","{{caseReporterDesList}}","报案人与事故者关系","bindChangeInsuredRelationType","{{insuredRelationcDesList}}","事故者状况","bindChangeClientStatus","{{clientStatusDesList}}","bindChangeClientStatusStage","{{clientStatusStageDesList}}","出险时间","bindChangeAccidentDate","{{maxDate}}","1917-01-01","出险地点","bindRegionChange","出险详址","inputAccidentPlace","accidentPlace","请输入详细地址","境外出险","","isOverSea","radioChange","出险经过","checkAccidentDesc","accidengDesc","请输入","备注","comment","{{item.caseCause!='10'}}","治疗医院","hospitalCode","searchHospital","hospitalName","请输入医院名称","{{hospitalArr.length===0}}","true","临床诊断","inputDiagnosis","diagnosis","请输入临床诊断","{{item.checked}}","caseReporterType","insuredRelationType","clientStatus","clientStatusStage","accidentDate","occurDate","死亡时间","bindChangeDeathDate","死亡原因","bindChangeDeathCause","{{deathCauseDescList}}","regionStr","deathDate","{{isOverSeaList}}","name","choseHospital","{{item}}","{{hospitalArr}}","deathCause","{{item.hospitalName}}","{{item.name}}","submitReport"]},{"api":"PageInstance.policyServiceChange","text":["{{item.checked}}","{{policyServicePersonList}}","agentName","{{item.agentName}}","policyServiceChange"]},{"api":"PageInstance.inputInsuredName","loc":{"line":129,"column":31},"text":["inputInsuredName","insuredName","请输入事故者姓名","placeholderStyle"]},{"api":"PageInstance.bindChangeQueryType","loc":{"line":143,"column":34},"text":["","queryType",":","bindChangeQueryType"]},{"api":"PageInstance.inputInsuredIdNo","loc":{"line":136,"column":31},"text":["inputInsuredIdNo","insuredIdNo","请输入证件号码","placeholderStyle"]},{"api":"PageInstance.listApplyReasonChange","text":["{{caseCauseList}}","{{item.caseCause!='10'}}","{{item.checked}}","listApplyReasonChange"]},{"api":"PageInstance.listGraveAccidentChange","text":["{{graveAccidentList}}","{{item.checked}}","listGraveAccidentChange"]},{"api":"PageInstance.inputName","loc":{"line":221,"column":24},"text":["inputName"]},{"api":"PageInstance.checkPhone","loc":{"line":231,"column":25},"text":["checkPhone","inputPhone"]},{"api":"PageInstance.inputPhone","loc":{"line":226,"column":25},"text":["checkPhone","inputPhone"]},{"api":"PageInstance.bindChangeCaseReporterType","loc":{"line":235,"column":41},"text":["","caseReporterType","bindChangeCaseReporterType"]},{"api":"PageInstance.bindChangeInsuredRelationType","loc":{"line":240,"column":44},"text":["","insuredRelationType","bindChangeInsuredRelationType"]},{"api":"PageInstance.bindChangeClientStatus","loc":{"line":245,"column":37},"text":["","clientStatus","bindChangeClientStatus"]},{"api":"PageInstance.bindChangeClientStatusStage","loc":{"line":261,"column":42},"text":["","clientStatusStage","bindChangeClientStatusStage"]},{"api":"PageInstance.bindChangeAccidentDate","loc":{"line":266,"column":37},"text":["","accidentDate","occurDate","bindChangeAccidentDate"]},{"api":"PageInstance.bindRegionChange","loc":{"line":281,"column":31},"text":["","regionStr","deathDate","bindRegionChange"]},{"api":"PageInstance.inputAccidentPlace","text":["inputAccidentPlace"]},{"api":"PageInstance.radioChange","loc":{"line":288,"column":26},"text":["{{item.checked}}","{{isOverSeaList}}","name","{{item.name}}","radioChange"]},{"api":"PageInstance.checkAccidentDesc","loc":{"line":293,"column":32},"text":["checkAccidentDesc"]},{"api":"PageInstance.searchHospital","loc":{"line":301,"column":29},"text":["searchHospital"]},{"api":"PageInstance.inputDiagnosis","loc":{"line":296,"column":29},"text":["inputDiagnosis"]},{"api":"PageInstance.bindChangeDeathDate","loc":{"line":271,"column":34},"text":["","deathDate","bindChangeDeathDate"]},{"api":"PageInstance.bindChangeDeathCause","loc":{"line":276,"column":35},"text":["","deathCause","bindChangeDeathCause"]}]},{"file":"/pages/login/login.wxml","infoType":[{"api":"PageInstance.getUserInfo","loc":{"line":5,"column":26},"text":["授权","getUserInfo"]}]},{"file":"/pages/onlineApply/onlineApply.wxml","infoType":[{"api":"PageInstance.applyReport","loc":{"line":163,"column":26},"text":["","weChatId","submitType","{{disabled}}","submit","{{submitBtnDis}}"," 确认 ","事故者姓名：","blurAccClientName","focusAccClientName","inputAccClientName","{{disableInput}}","accClientName","请输入事故者姓名","placeholderStyle","bindChangeIdType","{{idTypeDesArr}}","blurIdNo","focusIdNo","inputIdNo","idNo","请输入证件号码","idType",":","applyReport"]},{"api":"PageInstance.CheckIdentifyCode","loc":{"line":302,"column":32},"text":["","weChatId","accClientNo","submit"," 确认 ","手 机：","appMobile","appMobileSimple","placeholderStyle","getCode","验证码：","blurIdentifyCode","focusIdentifyCode","inputIdentifyCode","identifyCode","请输入短信中的验证码","{{getCodeText}}","CheckIdentifyCode"]},{"api":"PageInstance.getMessageCode","text":[" 确认 ","getMessageCode"]},{"api":"PageInstance.inputVerifyCode","loc":{"line":246,"column":30},"text":["inputVerifyCode"]},{"api":"PageInstance.blurAccClientName","loc":{"line":120,"column":32},"text":["blurAccClientName","focusAccClientName","inputAccClientName"]},{"api":"PageInstance.focusAccClientName","loc":{"line":110,"column":33},"text":["blurAccClientName","focusAccClientName","inputAccClientName"]},{"api":"PageInstance.inputAccClientName","loc":{"line":125,"column":33},"text":["blurAccClientName","focusAccClientName","inputAccClientName"]},{"api":"PageInstance.bindChangeIdType","loc":{"line":115,"column":31},"text":["","idType",":","bindChangeIdType"]},{"api":"PageInstance.blurIdNo","loc":{"line":136,"column":23},"text":["blurIdNo","focusIdNo","inputIdNo"]},{"api":"PageInstance.focusIdNo","loc":{"line":131,"column":24},"text":["blurIdNo","focusIdNo","inputIdNo"]},{"api":"PageInstance.inputIdNo","loc":{"line":141,"column":24},"text":["blurIdNo","focusIdNo","inputIdNo"]},{"api":"PageInstance.blurIdentifyCode","loc":{"line":152,"column":31},"text":["blurIdentifyCode","focusIdentifyCode","inputIdentifyCode"]},{"api":"PageInstance.focusIdentifyCode","loc":{"line":147,"column":32},"text":["blurIdentifyCode","focusIdentifyCode","inputIdentifyCode"]},{"api":"PageInstance.inputIdentifyCode","loc":{"line":157,"column":32},"text":["blurIdentifyCode","focusIdentifyCode","inputIdentifyCode"]}]},{"file":"/pages/physicalFiles/physicalFiles.wxml","infoType":[]},{"file":"/pages/process/process.wxml","infoType":[]},{"file":"/pages/processDeposit/processDeposit.wxml","infoType":[]},{"file":"/pages/processDetail/processDetail.wxml","infoType":[{"api":"PageInstance.radioChange","loc":{"line":213,"column":26},"text":["{{advancePayUndoReasonList}}","{{item.value}}","{{item.checked}}","{{item.name}}","radioChange"]},{"api":"PageInstance.enSureCancelAdvancePay","text":["提交","enSureCancelAdvancePay"]},{"api":"PageInstance.policyServiceChange","loc":{"line":320,"column":34},"text":["{{item.checked}}","{{processDetailObj.policyServicePersonList}}","agentName","{{item.agentName}}","policyServiceChange"]},{"api":"PageInstance.inputUndoReasonTxt","loc":{"line":221,"column":33},"text":["inputUndoReasonTxt","undoReasonTxt","请输入其他原因描述","{{undoReasonId=='99'}}"]}]},{"file":"/pages/recordDetail/recordDetail.wxml","infoType":[{"api":"PageInstance.submitApply","loc":{"line":1510,"column":26},"text":["{{hideConsignee}}","","submitType","tabBox","tab1","{{tab1}}","{{tab1?true:false}}","idNo","idType","accClientNo","regsNo","weChatId","isPrivilegeWechatId","tab2","{{tab2}}","{{tab2?true:false}}","tab3","{{tab3}}","{{tab3?true:false}}","tab4","{{tab4}}","{{tab4?true:false}}","tab5","{{tab5}}","{{tab5?true:false}}","tab6","{{tab6}}","{{tab6?true:false}}","goSignature","{{isTaxRegionCodeFlag!='Y'}}","{{isTaxRegionCodeFlag=='Y'}}","{{isInsuranceGetWayInfo}}","{{hasNursingGold=='Y'}}","bindToTemporary","01","submit","bindToSubmit","02","被保险人信息","{{appliIdEffectTypeCodeList[accIdEffectTypeIndex]=='02'&&accIdExpireDateShowFlag}}","accIdExpireDate","事故者信息","{{baoxiaoVal}}","{{otherInsurerFlagCodeList[otherInsurerFlagIndex]=='0'?true:false}}","{{appliRelationArr[appliRelationIndex]=='0'?flase:true}}","申请人信息","{{appliIdEffectTypeCodeList[appliIdEffectTypeIndex]=='02'&&appliIdDateExpireShowFlag}}","appliIdDateExpire","{{residentsType!='A'}}","银行转账信息","委托信息","{{!isPrivilegeWechatId}}","上传资料","toImgLink","{{imgItem.documentType}}","{{imgItem.isNeeded}}","{{imgItem.materialCode}}","{{imgItem.materialName}}","{{imgList}}","imgItem","电子签名","保存为草稿","提交","residentsType","showAnnotation","{{taxType=='2'&&taxAdd==true}}","taxCounts","{{residentsType=='A'&&isShowTaxReasonList}}","{{residentsType=='B'||residentsType=='C'}}","insurancePolicyNo","insurancePolicyPlanCode","insurancePolicyBrno","特别提醒","authorityList","{{accIdExpireDateShowFlag}}","证件到期日期：","bindAccIdExpireDate","2300-12-12","出险日期：","bindChangeOccurDate","{{maxDate}}","changeReason","applyReasonList","出险地点：","blurOccurDddr","occurDddr","请输入","详细经过：","blurCaseDesc","caseDesc","治疗医院：","inputHospitalName","hospitalName","报销类型：","changeBaoXiaoType","{{baoxiaoTypeDesList}}","发票总金额：","blurInvoiceAmount","inpuInvoiceAmount","invoiceAmount","请输入金额","hospitalDay","累计住院天数：","changehospitalDay","事故者是否在其他保险公司投保：","changeOtherInsurerFlag","{{otherInsurerFlagDesList}}","承保公司：","changeOtherInsurer","{{otherInsurerDesList}}","投保人与被保人关系：","changeAppliRelation","{{appliRelationDescArr}}","具体关系：","{{appliIdDateExpireShowFlag}}","bindAppliIdDateExpire","本人声明","居民类型：","changeResidentsType","A","B","C","注释","{{typeOfChina=='on'}}","{{birthPlacetype=='on'}}","taxType","{{taxType!='2'}}","{{isTaxOtherReason}}","轻症理赔金领取方式","领取方式：","changeInsuranceGetWayType","Y","N","护理金领取方式","changeNursingGoldGetWayType","付款方式：","{{drawModeDesList}}","户  名：","appliAccountName","银行账号：","inputAppliAccountNo","appliAccountNo","appliAccountNo_select","changeAppliAccountNo","{{appliAccountNoDesList}}","开户银行：","changeAppliBankName","{{appliBankNameDesList}}","业务员代码：","empNo","邮政编码：","assigneePostcode","联系电话：","assigneeTel","联系地址：","assigneeAddr","委托权限：","{{authorityList}}","委托日期：","occurDate","申请类型：","{{applyReasonList}}","baoxiaoType","otherInsurerFlag","other_insurer","appliRelation","blurOtherRelationDesc","inputOtherRelationDesc","otherRelationDesc","仅为中国税收居民","仅为非居民","既是中国税收居民又是其他国家（地区）的税收居民","本人信息：","curAddressType","(境外地址可不填此项，请切换语言类型)","birthPlaceType","税收居民国：","changeTaxType","1","2","{{taxAdd==false}}","addTaxInfo","您存在非居民标识但声明仅为中国税收居民,请勾选一下一项或多项选项解释原因,如不适用请勾选其他原因并具体描述:","taxReasonListChange","taxReasonList","进入聚财宝19","领取到个人账户","注:您名下有轻症陪护(1397),可选择该轻症陪护保险金是否进入聚财宝万能账户或领取到个人账户","注:您名下有轻症陪护(1397),可选择该护理金是否进入聚财宝万能账户或领取到个人账户","drawMode","appliBankNo","appliBankName","1.支持转账的银行以下拉框中所示的银行为主；","2.银行账号“户名”须与“理赔申请人”一致，不可更改；","3.银行账号默认为前次理赔账号，如历史无理赔记录，默认为投保时的银行账号，可更改。","出险人姓名：","accClientName","性  别：","{{accSex=='M'}}","职  业：","accProfCode","searchAccProf","accProf","请输入职业名称","blurAccTel","accTel","证件类型：","changeAppliTdType","showInfoPop","{{appliTdTypeDesList}}","证件号码：","blurAccliIdNo","accIdNo","证件有效期：","changeAppliIdEffectType","{{appliIdEffectTypeDesList}}"," {{accIdExpireDate}}","bindAccAddrChange","详细地址：","accAddr","是否海外：","accRadioChange","国籍编码：","accCountryCode","国籍名称：","countryBlur","choseCountry","accCountryName"," {{occurDate}}","(可多选)","{{item.applyreason!='10'&&item.applyreason!='01'&&item.applyreason!='02'}}","申请人姓名：","appliName","{{appliGender=='M'}}","profDesc","blurAppliMobile","appliMobile","blurAppliIdNo","appliIdNo"," {{appliIdDateExpire}}","bindAppAddrChange","appliNotiAddr","appRadioChange","appliPostCode","appliCountryCode","appliCountryName","bindchangeAddressType","off","英文或拼音","on","中文","bindchangeBirthPlacetype","税收居民国（地区）为美国","除美国外的其他非中国税收居民国（地区）","delTaxInfo","{{claimTaxReasonList}}","其他原因：","taxOtherReason","受委托人：","assigneeName","assigneeIdType","assigneeIdNo","{{item}}","consigneeStartDate","至","consigneeEndDate","accSex","choseAccProf","{{accProfArr}}","accIdType","applicantType","accAddrList","{{accAddrList[0]!=''}}","{{accAddrList[0]==''}}","pickCountry","{{accPickCountryList}}","{{item.checked}}","appliGender","choseProfDesc","{{profDescArr}}","appliTdType","appliNotiAddrList","{{appliNotiAddrList[0]!=''}}","{{appliNotiAddrList[0]==''}}","{{appliPickCountryList}}","{{curAddressType}}","{{birthPlaceType}}","{{item.professionName}}"," {{appliIdEffectTypeDesList[accIdEffectTypeIndex]}} ","{{accAddrIsOverSea=='Y'}}","{{accAddrIsOverSea=='N'}}","{{item.countryName}}"," {{appliIdEffectTypeDesList[appliIdEffectTypeIndex]}} ","{{appliNotiAddrIsOverSea=='Y'}}","{{appliNotiAddrIsOverSea=='N'}}","姓(英文或拼音):","blurFirstName","inputFirstName","firstName","名(英文或拼音):","blurLastName","inputLastName","{{lastName}}","出生日期:","bindchangeBirthDate","blurPresentAddr","inputPresentAddrChinese1","presentAddrChinese1","请输入国家名称...","（国家）","inputPresentAddrChinese2","presentAddrChinese2","请输入省名称...","（省）","inputPresentAddrChinese3","presentAddrChinese3","请输入市名称...","（市）","inputPresentAddrChinese4","presentAddrChinese4","请输入详细地址...","inputPresentAddrEnglish1","presentAddrEnglish1","inputPresentAddrEnglish2","presentAddrEnglish2","inputPresentAddrEnglish3","presentAddrEnglish3","inputPresentAddrEnglish4","presentAddrEnglish4","blurBirthAddr","inputBirthAddrChinese1","birthAddrChinese1","inputBirthAddrChinese2","birthAddrChinese2","inputBirthAddrChinese3","birthAddrChinese3","inputBirthAddrChinese4","birthAddrChinese4","inputBirthAddrEnglish1","birthAddrEnglish1","inputBirthAddrEnglish2","birthAddrEnglish2","inputBirthAddrEnglish3","birthAddrEnglish4","inputBirthAddrEnglish4","请填写美国纳税人识别号（TIN）:","inputTaxIdentifyUsa","taxIdentifyUsa","{{taxContryOneFlag}}","{{taxContryTwoFlag}}","birthDate","税收居民国（地区）:","inputTaxContryOne","taxContryOne","纳税人识别号:","inputTaxIdentifyOne","taxIdentifyOne","inputTaxContryTwo","taxContryTwo","inputTaxIdentifyTwo","taxIdentifyTwo","请选择国家：","birthChineseCountry","{{isoCountryInfoDesList}}","中国香港地区纳税人识别号是香港身份证号码,位于港澳居民来往内地通行证右上角"," {{birthDate}}","如不能提供纳税人识别号，请选择原因：","bindChangeTaxReason1","reason","如不能提供纳税人识别号，请选择原因:","bindChangeTaxReason2","reasonAdd","税收居民国(地区)：","3","{{isoCountryNoCnaDesList}}","4","{{reason=='2'}}","{{reasonAdd=='2'}}","居民国（地区）不发放纳税人识别号","账户持有人未能取得纳税人识别号，如选此项，请解释具体原因","blurReasondetInput1","reasondetInput1","blurReasondetInput2","reasondetInput2","submitApply"]},{"api":"PageInstance.sureSelect","loc":{"line":1480,"column":25},"text":["closeModal","submit","请按要求逐项勾选：","取消","确定","ques_one","ques_two","ques_three","ques_four","1、您本次是否在门（急）诊就诊？","{{question_one_list}}","2、您本次是否住院就诊？","{{question_two_list}}","3、您本次就诊是否有相关检查？（生化检查、X线、B超、CT、病理检查等）","{{question_three_list}}","4、您本次就诊是否曾向我司提交延长住院申请表或非定点医院住院申请表？","{{question_four_list}}","{{item.checked}}","sureSelect"]},{"api":"PageInstance.infoChange","loc":{"line":1913,"column":25},"text":["{{infoArr}}","{{item.checked}}","{{item.disabled}}","infoChange"]},{"api":"PageInstance.closeModal","loc":{"line":1475,"column":25},"text":["取消","closeModal"]},{"api":"PageInstance.bindToTemporary","loc":{"line":1500,"column":30},"text":["保存为草稿","bindToTemporary"]},{"api":"PageInstance.bindToSubmit","loc":{"line":1505,"column":27},"text":["提交","bindToSubmit"]},{"api":"PageInstance.bindAccIdExpireDate","loc":{"line":1245,"column":34},"text":["","accIdExpireDate"," {{accIdExpireDate}}","bindAccIdExpireDate"]},{"api":"PageInstance.bindChangeOccurDate","loc":{"line":887,"column":34},"text":["","occurDate"," {{occurDate}}","bindChangeOccurDate"]},{"api":"PageInstance.changeReason","loc":{"line":892,"column":27},"text":["{{applyReasonList}}","{{item.applyreason!='10'&&item.applyreason!='01'&&item.applyreason!='02'}}","{{item.checked}}","changeReason"]},{"api":"PageInstance.blurOccurDddr","loc":{"line":978,"column":28},"text":["blurOccurDddr"]},{"api":"PageInstance.blurCaseDesc","loc":{"line":984,"column":27},"text":["blurCaseDesc"]},{"api":"PageInstance.inputHospitalName","loc":{"line":990,"column":32},"text":["inputHospitalName"]},{"api":"PageInstance.changeBaoXiaoType","loc":{"line":995,"column":32},"text":["","baoxiaoType","changeBaoXiaoType"]},{"api":"PageInstance.blurInvoiceAmount","loc":{"line":1010,"column":32},"text":["blurInvoiceAmount","inpuInvoiceAmount"]},{"api":"PageInstance.inpuInvoiceAmount","text":["blurInvoiceAmount","inpuInvoiceAmount"]},{"api":"PageInstance.changehospitalDay","loc":{"line":1015,"column":32},"text":["changehospitalDay"]},{"api":"PageInstance.changeOtherInsurerFlag","loc":{"line":1020,"column":37},"text":["","otherInsurerFlag","changeOtherInsurerFlag"]},{"api":"PageInstance.changeOtherInsurer","loc":{"line":1025,"column":33},"text":["","other_insurer","changeOtherInsurer"]},{"api":"PageInstance.changeAppliRelation","loc":{"line":1030,"column":34},"text":["","appliRelation","changeAppliRelation"]},{"api":"PageInstance.bindAppliIdDateExpire","loc":{"line":1398,"column":36},"text":["","appliIdDateExpire"," {{appliIdDateExpire}}","bindAppliIdDateExpire"]},{"api":"PageInstance.inputAppliAccountNo","loc":{"line":1433,"column":34},"text":["inputAppliAccountNo"]},{"api":"PageInstance.changeAppliAccountNo","loc":{"line":1422,"column":35},"text":["changeAppliAccountNo"]},{"api":"PageInstance.changeAppliBankName","loc":{"line":1438,"column":34},"text":["","appliBankNo","appliBankName","changeAppliBankName"]},{"api":"PageInstance.blurOtherRelationDesc","loc":{"line":1040,"column":36},"text":["blurOtherRelationDesc","inputOtherRelationDesc"]},{"api":"PageInstance.inputOtherRelationDesc","loc":{"line":1035,"column":37},"text":["blurOtherRelationDesc","inputOtherRelationDesc"]},{"api":"PageInstance.taxReasonListChange","loc":{"line":1932,"column":34},"text":["{{claimTaxReasonList}}","{{item.checked}}","taxReasonListChange"]},{"api":"PageInstance.searchAccProf","loc":{"line":1129,"column":28},"text":["searchAccProf"]},{"api":"PageInstance.blurAccTel","loc":{"line":1045,"column":25},"text":["blurAccTel"]},{"api":"PageInstance.changeAppliTdType","loc":{"line":1181,"column":32},"text":["","accIdType","changeAppliTdType","showInfoPop"]},{"api":"PageInstance.showInfoPop","text":["","accIdType","changeAppliTdType","showInfoPop"]},{"api":"PageInstance.blurAccliIdNo","loc":{"line":1196,"column":28},"text":["blurAccliIdNo","showInfoPop"]},{"api":"PageInstance.showInfoPop","text":["blurAccliIdNo","showInfoPop"]},{"api":"PageInstance.changeAppliIdEffectType","loc":{"line":1322,"column":38},"text":["","applicantType"," {{appliIdEffectTypeDesList[accIdEffectTypeIndex]}} ","changeAppliIdEffectType"]},{"api":"PageInstance.bindAccAddrChange","loc":{"line":839,"column":32},"text":["","accAddrList","{{accAddrList[0]!=''}}","{{accAddrList[0]==''}}","bindAccAddrChange"]},{"api":"PageInstance.accRadioChange","loc":{"line":871,"column":29},"text":["{{accAddrIsOverSea=='Y'}}","{{accAddrIsOverSea=='N'}}","accRadioChange"]},{"api":"PageInstance.countryBlur","loc":{"line":1319,"column":26},"text":["countryBlur","choseCountry"]},{"api":"PageInstance.choseCountry","loc":{"line":1264,"column":27},"text":["countryBlur","choseCountry"]},{"api":"PageInstance.searchAccProf","loc":{"line":1129,"column":28},"text":["searchAccProf"]},{"api":"PageInstance.blurAppliMobile","loc":{"line":1087,"column":30},"text":["blurAppliMobile"]},{"api":"PageInstance.changeAppliTdType","loc":{"line":1181,"column":32},"text":["","appliTdType","changeAppliTdType","showInfoPop"]},{"api":"PageInstance.showInfoPop","text":["","appliTdType","changeAppliTdType","showInfoPop"]},{"api":"PageInstance.blurAppliIdNo","loc":{"line":1203,"column":28},"text":["blurAppliIdNo","showInfoPop"]},{"api":"PageInstance.showInfoPop","text":["blurAppliIdNo","showInfoPop"]},{"api":"PageInstance.changeAppliIdEffectType","loc":{"line":1322,"column":38},"text":["","applicantType"," {{appliIdEffectTypeDesList[appliIdEffectTypeIndex]}} ","changeAppliIdEffectType"]},{"api":"PageInstance.bindAppAddrChange","loc":{"line":855,"column":32},"text":["","appliNotiAddrList","{{appliNotiAddrList[0]!=''}}","{{appliNotiAddrList[0]==''}}","bindAppAddrChange"]},{"api":"PageInstance.appRadioChange","loc":{"line":876,"column":29},"text":["{{appliNotiAddrIsOverSea=='Y'}}","{{appliNotiAddrIsOverSea=='N'}}","appRadioChange"]},{"api":"PageInstance.countryBlur","loc":{"line":1319,"column":26},"text":["countryBlur","choseCountry"]},{"api":"PageInstance.choseCountry","loc":{"line":1264,"column":27},"text":["countryBlur","choseCountry"]},{"api":"PageInstance.blurFirstName","loc":{"line":1692,"column":28},"text":["blurFirstName","inputFirstName"]},{"api":"PageInstance.inputFirstName","loc":{"line":1687,"column":29},"text":["blurFirstName","inputFirstName"]},{"api":"PageInstance.blurLastName","loc":{"line":1700,"column":27},"text":["blurLastName","inputLastName"]},{"api":"PageInstance.inputLastName","loc":{"line":1695,"column":28},"text":["blurLastName","inputLastName"]},{"api":"PageInstance.bindchangeBirthDate","loc":{"line":1703,"column":34},"text":["","birthDate"," {{birthDate}}","bindchangeBirthDate"]},{"api":"PageInstance.blurPresentAddr","loc":{"line":1760,"column":30},"text":["blurPresentAddr","inputPresentAddrChinese1"]},{"api":"PageInstance.inputPresentAddrChinese1","loc":{"line":1720,"column":39},"text":["blurPresentAddr","inputPresentAddrChinese1"]},{"api":"PageInstance.blurPresentAddr","loc":{"line":1760,"column":30},"text":["blurPresentAddr","inputPresentAddrChinese2"]},{"api":"PageInstance.inputPresentAddrChinese2","loc":{"line":1725,"column":39},"text":["blurPresentAddr","inputPresentAddrChinese2"]},{"api":"PageInstance.blurPresentAddr","loc":{"line":1760,"column":30},"text":["blurPresentAddr","inputPresentAddrChinese3"]},{"api":"PageInstance.inputPresentAddrChinese3","loc":{"line":1730,"column":39},"text":["blurPresentAddr","inputPresentAddrChinese3"]},{"api":"PageInstance.blurPresentAddr","loc":{"line":1760,"column":30},"text":["blurPresentAddr","inputPresentAddrChinese4"]},{"api":"PageInstance.inputPresentAddrChinese4","loc":{"line":1735,"column":39},"text":["blurPresentAddr","inputPresentAddrChinese4"]},{"api":"PageInstance.blurPresentAddr","loc":{"line":1760,"column":30},"text":["blurPresentAddr","inputPresentAddrEnglish1"]},{"api":"PageInstance.inputPresentAddrEnglish1","loc":{"line":1740,"column":39},"text":["blurPresentAddr","inputPresentAddrEnglish1"]},{"api":"PageInstance.blurPresentAddr","loc":{"line":1760,"column":30},"text":["blurPresentAddr","inputPresentAddrEnglish2"]},{"api":"PageInstance.inputPresentAddrEnglish2","loc":{"line":1745,"column":39},"text":["blurPresentAddr","inputPresentAddrEnglish2"]},{"api":"PageInstance.blurPresentAddr","loc":{"line":1760,"column":30},"text":["blurPresentAddr","inputPresentAddrEnglish3"]},{"api":"PageInstance.inputPresentAddrEnglish3","loc":{"line":1750,"column":39},"text":["blurPresentAddr","inputPresentAddrEnglish3"]},{"api":"PageInstance.blurPresentAddr","loc":{"line":1760,"column":30},"text":["blurPresentAddr","inputPresentAddrEnglish4"]},{"api":"PageInstance.inputPresentAddrEnglish4","loc":{"line":1755,"column":39},"text":["blurPresentAddr","inputPresentAddrEnglish4"]},{"api":"PageInstance.blurBirthAddr","loc":{"line":1803,"column":28},"text":["blurBirthAddr","inputBirthAddrChinese1"]},{"api":"PageInstance.inputBirthAddrChinese1","loc":{"line":1763,"column":37},"text":["blurBirthAddr","inputBirthAddrChinese1"]},{"api":"PageInstance.blurBirthAddr","loc":{"line":1803,"column":28},"text":["blurBirthAddr","inputBirthAddrChinese2"]},{"api":"PageInstance.inputBirthAddrChinese2","loc":{"line":1768,"column":37},"text":["blurBirthAddr","inputBirthAddrChinese2"]},{"api":"PageInstance.blurBirthAddr","loc":{"line":1803,"column":28},"text":["blurBirthAddr","inputBirthAddrChinese3"]},{"api":"PageInstance.inputBirthAddrChinese3","loc":{"line":1773,"column":37},"text":["blurBirthAddr","inputBirthAddrChinese3"]},{"api":"PageInstance.blurBirthAddr","loc":{"line":1803,"column":28},"text":["blurBirthAddr","inputBirthAddrChinese4"]},{"api":"PageInstance.inputBirthAddrChinese4","loc":{"line":1778,"column":37},"text":["blurBirthAddr","inputBirthAddrChinese4"]},{"api":"PageInstance.blurBirthAddr","loc":{"line":1803,"column":28},"text":["blurBirthAddr","inputBirthAddrEnglish1"]},{"api":"PageInstance.inputBirthAddrEnglish1","loc":{"line":1783,"column":37},"text":["blurBirthAddr","inputBirthAddrEnglish1"]},{"api":"PageInstance.blurBirthAddr","loc":{"line":1803,"column":28},"text":["blurBirthAddr","inputBirthAddrEnglish2"]},{"api":"PageInstance.inputBirthAddrEnglish2","loc":{"line":1788,"column":37},"text":["blurBirthAddr","inputBirthAddrEnglish2"]},{"api":"PageInstance.blurBirthAddr","loc":{"line":1803,"column":28},"text":["blurBirthAddr","inputBirthAddrEnglish3"]},{"api":"PageInstance.inputBirthAddrEnglish3","loc":{"line":1793,"column":37},"text":["blurBirthAddr","inputBirthAddrEnglish3"]},{"api":"PageInstance.blurBirthAddr","loc":{"line":1803,"column":28},"text":["blurBirthAddr","inputBirthAddrEnglish4"]},{"api":"PageInstance.inputBirthAddrEnglish4","loc":{"line":1798,"column":37},"text":["blurBirthAddr","inputBirthAddrEnglish4"]},{"api":"PageInstance.inputTaxIdentifyUsa","loc":{"line":1832,"column":34},"text":["inputTaxIdentifyUsa"]},{"api":"PageInstance.inputTaxContryOne","loc":{"line":1837,"column":32},"text":["inputTaxContryOne"]},{"api":"PageInstance.inputTaxIdentifyOne","loc":{"line":1842,"column":34},"text":["inputTaxIdentifyOne"]},{"api":"PageInstance.inputTaxContryTwo","loc":{"line":1856,"column":32},"text":["inputTaxContryTwo"]},{"api":"PageInstance.inputTaxIdentifyTwo","loc":{"line":1861,"column":34},"text":["inputTaxIdentifyTwo"]},{"api":"PageInstance.blurFirstName","loc":{"line":1692,"column":28},"text":["blurFirstName","inputFirstName"]},{"api":"PageInstance.inputFirstName","loc":{"line":1687,"column":29},"text":["blurFirstName","inputFirstName"]},{"api":"PageInstance.blurLastName","loc":{"line":1700,"column":27},"text":["blurLastName","inputLastName"]},{"api":"PageInstance.inputLastName","loc":{"line":1695,"column":28},"text":["blurLastName","inputLastName"]},{"api":"PageInstance.bindchangeBirthDate","loc":{"line":1703,"column":34},"text":["","birthDate"," {{birthDate}}","bindchangeBirthDate"]},{"api":"PageInstance.blurPresentAddr","loc":{"line":1760,"column":30},"text":["blurPresentAddr","inputPresentAddrChinese1"]},{"api":"PageInstance.inputPresentAddrChinese1","loc":{"line":1720,"column":39},"text":["blurPresentAddr","inputPresentAddrChinese1"]},{"api":"PageInstance.blurPresentAddr","loc":{"line":1760,"column":30},"text":["blurPresentAddr","inputPresentAddrChinese2"]},{"api":"PageInstance.inputPresentAddrChinese2","loc":{"line":1725,"column":39},"text":["blurPresentAddr","inputPresentAddrChinese2"]},{"api":"PageInstance.blurPresentAddr","loc":{"line":1760,"column":30},"text":["blurPresentAddr","inputPresentAddrChinese3"]},{"api":"PageInstance.inputPresentAddrChinese3","loc":{"line":1730,"column":39},"text":["blurPresentAddr","inputPresentAddrChinese3"]},{"api":"PageInstance.blurPresentAddr","loc":{"line":1760,"column":30},"text":["blurPresentAddr","inputPresentAddrChinese4"]},{"api":"PageInstance.inputPresentAddrChinese4","loc":{"line":1735,"column":39},"text":["blurPresentAddr","inputPresentAddrChinese4"]},{"api":"PageInstance.blurPresentAddr","loc":{"line":1760,"column":30},"text":["blurPresentAddr","inputPresentAddrEnglish1"]},{"api":"PageInstance.inputPresentAddrEnglish1","loc":{"line":1740,"column":39},"text":["blurPresentAddr","inputPresentAddrEnglish1"]},{"api":"PageInstance.blurPresentAddr","loc":{"line":1760,"column":30},"text":["blurPresentAddr","inputPresentAddrEnglish2"]},{"api":"PageInstance.inputPresentAddrEnglish2","loc":{"line":1745,"column":39},"text":["blurPresentAddr","inputPresentAddrEnglish2"]},{"api":"PageInstance.blurPresentAddr","loc":{"line":1760,"column":30},"text":["blurPresentAddr","inputPresentAddrEnglish3"]},{"api":"PageInstance.inputPresentAddrEnglish3","loc":{"line":1750,"column":39},"text":["blurPresentAddr","inputPresentAddrEnglish3"]},{"api":"PageInstance.blurPresentAddr","loc":{"line":1760,"column":30},"text":["blurPresentAddr","inputPresentAddrEnglish4"]},{"api":"PageInstance.inputPresentAddrEnglish4","loc":{"line":1755,"column":39},"text":["blurPresentAddr","inputPresentAddrEnglish4"]},{"api":"PageInstance.birthChineseCountry","loc":{"line":1962,"column":34},"text":["","birthAddrChinese1","birthChineseCountry"]},{"api":"PageInstance.blurBirthAddr","loc":{"line":1803,"column":28},"text":["blurBirthAddr","inputBirthAddrChinese2"]},{"api":"PageInstance.inputBirthAddrChinese2","loc":{"line":1768,"column":37},"text":["blurBirthAddr","inputBirthAddrChinese2"]},{"api":"PageInstance.blurBirthAddr","loc":{"line":1803,"column":28},"text":["blurBirthAddr","inputBirthAddrChinese3"]},{"api":"PageInstance.inputBirthAddrChinese3","loc":{"line":1773,"column":37},"text":["blurBirthAddr","inputBirthAddrChinese3"]},{"api":"PageInstance.blurBirthAddr","loc":{"line":1803,"column":28},"text":["blurBirthAddr","inputBirthAddrChinese4"]},{"api":"PageInstance.inputBirthAddrChinese4","loc":{"line":1778,"column":37},"text":["blurBirthAddr","inputBirthAddrChinese4"]},{"api":"PageInstance.birthChineseCountry","loc":{"line":1962,"column":34},"text":["","birthAddrEnglish1","birthChineseCountry"]},{"api":"PageInstance.blurBirthAddr","loc":{"line":1803,"column":28},"text":["blurBirthAddr","inputBirthAddrEnglish2"]},{"api":"PageInstance.inputBirthAddrEnglish2","loc":{"line":1788,"column":37},"text":["blurBirthAddr","inputBirthAddrEnglish2"]},{"api":"PageInstance.blurBirthAddr","loc":{"line":1803,"column":28},"text":["blurBirthAddr","inputBirthAddrEnglish3"]},{"api":"PageInstance.inputBirthAddrEnglish3","loc":{"line":1793,"column":37},"text":["blurBirthAddr","inputBirthAddrEnglish3"]},{"api":"PageInstance.blurBirthAddr","loc":{"line":1803,"column":28},"text":["blurBirthAddr","inputBirthAddrEnglish4"]},{"api":"PageInstance.inputBirthAddrEnglish4","loc":{"line":1798,"column":37},"text":["blurBirthAddr","inputBirthAddrEnglish4"]},{"api":"PageInstance.inputTaxIdentifyUsa","loc":{"line":1832,"column":34},"text":["inputTaxIdentifyUsa"]},{"api":"PageInstance.birthChineseCountry","loc":{"line":1962,"column":34},"text":["","taxContryOne","birthChineseCountry"]},{"api":"PageInstance.inputTaxIdentifyOne","loc":{"line":1842,"column":34},"text":["inputTaxIdentifyOne"]},{"api":"PageInstance.birthChineseCountry","loc":{"line":1962,"column":34},"text":["","taxContryOne","birthChineseCountry"]},{"api":"PageInstance.inputTaxIdentifyTwo","loc":{"line":1861,"column":34},"text":["inputTaxIdentifyTwo"]},{"api":"PageInstance.blurReasondetInput1","loc":{"line":1851,"column":34},"text":["blurReasondetInput1"]},{"api":"PageInstance.blurReasondetInput2","loc":{"line":1870,"column":34},"text":["blurReasondetInput2"]},{"api":"PageInstance.blurReasondetInput1","loc":{"line":1851,"column":34},"text":["blurReasondetInput1"]},{"api":"PageInstance.blurReasondetInput2","loc":{"line":1870,"column":34},"text":["blurReasondetInput2"]}]},{"file":"/pages/recordsList/recordsList.wxml","infoType":[{"api":"PageInstance.queryRecordList","loc":{"line":99,"column":30},"text":["","accClientNo","weChatId","submit","报案记录","bindChangeNotiDateStart","{{maxDate}}","1917-01-01","——","bindChangeNotiDateEnd","notiDateStart","occurDate","notiDateEnd","queryRecordList"]},{"api":"PageInstance.bindChangeNotiDateStart","loc":{"line":89,"column":38},"text":["","notiDateStart","occurDate","bindChangeNotiDateStart"]},{"api":"PageInstance.bindChangeNotiDateEnd","loc":{"line":94,"column":36},"text":["","notiDateEnd","occurDate","bindChangeNotiDateEnd"]}]},{"file":"/pages/uploadFiles/uploadFiles.wxml","infoType":[{"api":"PageInstance.cancelSubmit","text":["取消","cancelSubmit"]},{"api":"PageInstance.submit","text":["完成","submit"]},{"api":"PageInstance.closeModal","text":["取消","closeModal"]},{"api":"PageInstance.sureDelImg","text":["确定","sureDelImg"]}]},{"file":"/pages/UploadImg/UploadImg.wxml","infoType":[{"api":"PageInstance.closeModal","text":["取消","closeModal"]},{"api":"PageInstance.sureDelImg","text":["确定","sureDelImg"]}]}],"fromAPI":{"wx.checkSession":{"ill":"登录态","ocr":[{"id":2084679,"file":"/230B6C3484CF379C456D0433B5715043.js","loc":{"line":26,"column":8}},{"id":2117547,"file":"/app.js","loc":{"line":26,"column":8}}]},"wx.getStorage":{"ill":"存储数据","ocr":[{"id":2084689,"file":"/230B6C3484CF379C456D0433B5715043.js","loc":{"line":28,"column":16}},{"id":2117557,"file":"/app.js","loc":{"line":28,"column":16}},{"id":2168309,"file":"/pages/recordDetail/recordDetail.js","loc":{"line":327,"column":47}},{"id":2176944,"file":"/pages/recordDetail/recordDetail.js","loc":{"line":1458,"column":12}},{"id":2177208,"file":"/pages/recordDetail/recordDetail.js","loc":{"line":1486,"column":12}},{"id":2183145,"file":"/pages/uploadFiles/uploadFiles.js","loc":{"line":49,"column":53}},{"id":2186650,"file":"/pages/UploadImg/UploadImg.js","loc":{"line":132,"column":50}},{"id":2187058,"file":"/pages/UploadImg/UploadImg.js","loc":{"line":220,"column":26}}]},"wx.login":{"ill":"登录凭证","ocr":[{"id":2084760,"file":"/230B6C3484CF379C456D0433B5715043.js","loc":{"line":45,"column":8}},{"id":2117628,"file":"/app.js","loc":{"line":45,"column":8}}]},"wx.request":{"ill":"请求数据","ocr":[{"id":2084823,"file":"/230B6C3484CF379C456D0433B5715043.js","loc":{"line":54,"column":20},"targetUrls":["/lcloud-claim-crs/WeChatClaim/getWeChatToken"]},{"id":2086384,"file":"/2DF0B67284CF379C4B96DE754EB15043.js","loc":{"line":2,"column":4}},{"id":2107052,"file":"/9A41035384CF379CFC276B5474025043.js","loc":{"line":226,"column":16},"targetUrls":["https://padn-access.pa18.com/access.php?m=msgpack&sdkv=2.0&os=mp&source=ty"]},{"id":2107145,"file":"/9A41035384CF379CFC276B5474025043.js","loc":{"line":242,"column":97},"targetUrls":["https://padn-access.pa18.com/access.php?m=msgpack&sdkv=2.0&os=mp&source=ty"]},{"id":2117691,"file":"/app.js","loc":{"line":54,"column":20},"targetUrls":["/lcloud-claim-crs/WeChatClaim/getWeChatToken"]},{"id":2139703,"file":"/pages/advancePay/advancePay.js","loc":{"line":77,"column":8}},{"id":2140695,"file":"/pages/advancePay/advancePay.js","loc":{"line":207,"column":16}},{"id":2141051,"file":"/pages/advancePayInferiorUpload/advancePayInferiorUpload.js","loc":{"line":32,"column":12}},{"id":2141650,"file":"/pages/advancePayInferiorUpload/advancePayInferiorUpload.js","loc":{"line":111,"column":16}},{"id":2141918,"file":"/pages/advancePayInferiorUpload/advancePayInferiorUpload.js","loc":{"line":154,"column":20}},{"id":2142225,"file":"/pages/advancePayInferiorUpload/advancePayInferiorUpload.js","loc":{"line":197,"column":8}},{"id":2143255,"file":"/pages/advancePaySign/advancePaySign.js","loc":{"line":173,"column":8}},{"id":2143513,"file":"/pages/advancePaySign/advancePaySign.js","loc":{"line":216,"column":8}},{"id":2144310,"file":"/pages/advancePayUpload/advancePayUpload.js","loc":{"line":22,"column":8}},{"id":2144521,"file":"/pages/advancePayUpload/advancePayUpload.js","loc":{"line":54,"column":8}},{"id":2144822,"file":"/pages/advancePayUploadDetail/advancePayUploadDetail.js","loc":{"line":39,"column":26}},{"id":2145336,"file":"/pages/advancePayUploadDetail/advancePayUploadDetail.js","loc":{"line":110,"column":16}},{"id":2145574,"file":"/pages/advancePayUploadDetail/advancePayUploadDetail.js","loc":{"line":151,"column":20}},{"id":2145898,"file":"/pages/advancePayUploadDetail/advancePayUploadDetail.js","loc":{"line":197,"column":12}},{"id":2148313,"file":"/pages/casesState/casesState.js","loc":{"line":22,"column":8}},{"id":2148702,"file":"/pages/checkAndCode/checkAndCode.js","loc":{"line":61,"column":36}},{"id":2148905,"file":"/pages/checkAndCode/checkAndCode.js","loc":{"line":97,"column":12}},{"id":2150143,"file":"/pages/deposit/deposit.js","loc":{"line":104,"column":12}},{"id":2150297,"file":"/pages/deposit/deposit.js","loc":{"line":123,"column":31}},{"id":2151638,"file":"/pages/freeDeposit/freeDeposit.js","loc":{"line":173,"column":8}},{"id":2155403,"file":"/pages/index/index.js","loc":{"line":438,"column":4}},{"id":2155522,"file":"/pages/index/index.js","loc":{"line":459,"column":4}},{"id":2155829,"file":"/pages/index/index.js","loc":{"line":504,"column":4}},{"id":2153517,"file":"/pages/index/index.js","loc":{"line":166,"column":16}},{"id":2153698,"file":"/pages/index/index.js","loc":{"line":197,"column":8}},{"id":2155003,"file":"/pages/index/index.js","loc":{"line":379,"column":8}},{"id":2158860,"file":"/pages/indexNew/indexNew.js","loc":{"line":434,"column":4}},{"id":2158979,"file":"/pages/indexNew/indexNew.js","loc":{"line":455,"column":4}},{"id":2159286,"file":"/pages/indexNew/indexNew.js","loc":{"line":500,"column":4}},{"id":2156994,"file":"/pages/indexNew/indexNew.js","loc":{"line":166,"column":16}},{"id":2157175,"file":"/pages/indexNew/indexNew.js","loc":{"line":197,"column":8}},{"id":2158460,"file":"/pages/indexNew/indexNew.js","loc":{"line":375,"column":8}},{"id":2160006,"file":"/pages/onlineApply/onlineApply.js","loc":{"line":92,"column":36},"targetUrls":["/claim.getAcceptSwtichWechatClaim.do"]},{"id":2160536,"file":"/pages/onlineApply/onlineApply.js","loc":{"line":177,"column":12}},{"id":2160855,"file":"/pages/onlineApply/onlineApply.js","loc":{"line":227,"column":36}},{"id":2161127,"file":"/pages/onlineApply/onlineApply.js","loc":{"line":274,"column":12}},{"id":2161401,"file":"/pages/onlineApply/onlineApply.js","loc":{"line":320,"column":16}},{"id":2161769,"file":"/pages/physicalFiles/physicalFiles.js","loc":{"line":33,"column":8}},{"id":2161894,"file":"/pages/process/process.js","loc":{"line":5,"column":4}},{"id":2163020,"file":"/pages/processDetail/processDetail.js","loc":{"line":73,"column":8}},{"id":2163323,"file":"/pages/processDetail/processDetail.js","loc":{"line":127,"column":8}},{"id":2164027,"file":"/pages/processDetail/processDetail.js","loc":{"line":250,"column":8}},{"id":2164130,"file":"/pages/processDetail/processDetail.js","loc":{"line":271,"column":59}},{"id":2164673,"file":"/pages/processDetail/processDetail.js","loc":{"line":351,"column":8}},{"id":2164957,"file":"/pages/recordDetail/recordDetail.js","loc":{"line":25,"column":31}},{"id":2170935,"file":"/pages/recordDetail/recordDetail.js","loc":{"line":566,"column":4}},{"id":2173944,"file":"/pages/recordDetail/recordDetail.js","loc":{"line":958,"column":12}},{"id":2175028,"file":"/pages/recordDetail/recordDetail.js","loc":{"line":1136,"column":12}},{"id":2181444,"file":"/pages/recordsList/recordsList.js","loc":{"line":7,"column":4}},{"id":2182264,"file":"/pages/recordsList/recordsList.js","loc":{"line":142,"column":8}},{"id":2182370,"file":"/pages/recordsList/recordsList.js","loc":{"line":163,"column":8}},{"id":2182631,"file":"/pages/recordsList/recordsList.js","loc":{"line":203,"column":8}},{"id":2182701,"file":"/pages/recordsList/recordsList.js","loc":{"line":222,"column":59}},{"id":2183356,"file":"/pages/uploadFiles/uploadFiles.js","loc":{"line":73,"column":8},"targetUrls":["/claim.queryUploadMaterialWechatClaim.do"]},{"id":2184698,"file":"/pages/uploadFiles/uploadFiles.js","loc":{"line":266,"column":8}},{"id":2185197,"file":"/pages/uploadFiles/uploadFiles.js","loc":{"line":325,"column":16},"targetUrls":["/claim.queryImageDetailWechatClaim.do"]},{"id":2185421,"file":"/pages/uploadFiles/uploadFiles.js","loc":{"line":367,"column":40}},{"id":2185800,"file":"/pages/UploadImg/UploadImg.js","loc":{"line":20,"column":38},"targetUrls":["/claim.queryUploadMaterialWechatClaim.do"]},{"id":2187814,"file":"/pages/UploadImg/UploadImg.js","loc":{"line":332,"column":8}},{"id":2188271,"file":"/pages/UploadImg/UploadImg.js","loc":{"line":389,"column":16},"targetUrls":["/claim.queryImageDetailWechatClaim.do"]}]},"wx.getUserInfo":{"ill":"用户基本信息","ocr":[{"id":2084999,"file":"/230B6C3484CF379C456D0433B5715043.js","loc":{"line":84,"column":8}},{"id":2106831,"file":"/9A41035384CF379CFC276B5474025043.js","loc":{"line":207,"column":8}},{"id":2117867,"file":"/app.js","loc":{"line":84,"column":8}}]},"wx.getSystemInfo":{"ill":"系统信息，包括设备品牌、设备型号等","ocr":[{"id":2096933,"file":"/7A4F598784CF379C1C29318090A15043.js","loc":{"line":13,"column":74}},{"id":2100253,"file":"/8770FA2584CF379CE116922226815043.js","loc":{"line":133,"column":24}},{"id":2100390,"file":"/8770FA2584CF379CE116922226815043.js","loc":{"line":142,"column":24}}]},"wx.getStorageSync":{"ill":"存储数据","ocr":[{"id":2105043,"file":"/9A41035384CF379CFC276B5474025043.js","loc":{"line":2,"column":14}},{"id":2105094,"file":"/9A41035384CF379CFC276B5474025043.js","loc":{"line":16,"column":10}},{"id":2105103,"file":"/9A41035384CF379CFC276B5474025043.js","loc":{"line":16,"column":59}},{"id":2105127,"file":"/9A41035384CF379CFC276B5474025043.js","loc":{"line":21,"column":15}},{"id":2105322,"file":"/9A41035384CF379CFC276B5474025043.js","loc":{"line":49,"column":24}},{"id":2105490,"file":"/9A41035384CF379CFC276B5474025043.js","loc":{"line":66,"column":18}},{"id":2105528,"file":"/9A41035384CF379CFC276B5474025043.js","loc":{"line":68,"column":85}},{"id":2105657,"file":"/9A41035384CF379CFC276B5474025043.js","loc":{"line":75,"column":51}},{"id":2105810,"file":"/9A41035384CF379CFC276B5474025043.js","loc":{"line":87,"column":8}},{"id":2105815,"file":"/9A41035384CF379CFC276B5474025043.js","loc":{"line":87,"column":41}},{"id":2105935,"file":"/9A41035384CF379CFC276B5474025043.js","loc":{"line":92,"column":48}},{"id":2105972,"file":"/9A41035384CF379CFC276B5474025043.js","loc":{"line":96,"column":42}},{"id":2106414,"file":"/9A41035384CF379CFC276B5474025043.js","loc":{"line":170,"column":8}},{"id":2106423,"file":"/9A41035384CF379CFC276B5474025043.js","loc":{"line":170,"column":56}},{"id":2106549,"file":"/9A41035384CF379CFC276B5474025043.js","loc":{"line":177,"column":8}},{"id":2106556,"file":"/9A41035384CF379CFC276B5474025043.js","loc":{"line":177,"column":45}},{"id":2106595,"file":"/9A41035384CF379CFC276B5474025043.js","loc":{"line":182,"column":30}},{"id":2106600,"file":"/9A41035384CF379CFC276B5474025043.js","loc":{"line":182,"column":64}},{"id":2106622,"file":"/9A41035384CF379CFC276B5474025043.js","loc":{"line":183,"column":51}},{"id":2106629,"file":"/9A41035384CF379CFC276B5474025043.js","loc":{"line":183,"column":91}},{"id":2106641,"file":"/9A41035384CF379CFC276B5474025043.js","loc":{"line":184,"column":8}},{"id":2106648,"file":"/9A41035384CF379CFC276B5474025043.js","loc":{"line":184,"column":46}},{"id":2106665,"file":"/9A41035384CF379CFC276B5474025043.js","loc":{"line":187,"column":8}},{"id":2106678,"file":"/9A41035384CF379CFC276B5474025043.js","loc":{"line":187,"column":73}},{"id":2106757,"file":"/9A41035384CF379CFC276B5474025043.js","loc":{"line":195,"column":8}},{"id":2106789,"file":"/9A41035384CF379CFC276B5474025043.js","loc":{"line":198,"column":12}},{"id":2106795,"file":"/9A41035384CF379CFC276B5474025043.js","loc":{"line":198,"column":49}},{"id":2106971,"file":"/9A41035384CF379CFC276B5474025043.js","loc":{"line":222,"column":27}},{"id":2106987,"file":"/9A41035384CF379CFC276B5474025043.js","loc":{"line":222,"column":96}},{"id":2107140,"file":"/9A41035384CF379CFC276B5474025043.js","loc":{"line":242,"column":65}},{"id":2106089,"file":"/9A41035384CF379CFC276B5474025043.js","loc":{"line":112,"column":19}},{"id":2106094,"file":"/9A41035384CF379CFC276B5474025043.js","loc":{"line":112,"column":49}},{"id":2106213,"file":"/9A41035384CF379CFC276B5474025043.js","loc":{"line":137,"column":18}},{"id":2106280,"file":"/9A41035384CF379CFC276B5474025043.js","loc":{"line":141,"column":12}},{"id":2106293,"file":"/9A41035384CF379CFC276B5474025043.js","loc":{"line":142,"column":31}}]},"wx.getSystemInfoSync":{"ill":"系统信息，包括设备品牌、设备型号等","ocr":[{"id":2106712,"file":"/9A41035384CF379CFC276B5474025043.js","loc":{"line":191,"column":16}},{"id":2106826,"file":"/9A41035384CF379CFC276B5474025043.js","loc":{"line":206,"column":15}},{"id":2162226,"file":"/pages/process/process.js","loc":{"line":76,"column":16}},{"id":2181685,"file":"/pages/recordsList/recordsList.js","loc":{"line":58,"column":16}}]},"wx.chooseImage":{"ill":"本地相册图片或相机拍照","ocr":[{"id":2141410,"file":"/pages/advancePayInferiorUpload/advancePayInferiorUpload.js","loc":{"line":76,"column":59}},{"id":2141461,"file":"/pages/advancePayInferiorUpload/advancePayInferiorUpload.js","loc":{"line":86,"column":13}},{"id":2142874,"file":"/pages/advancePaySign/advancePaySign.js","loc":{"line":104,"column":8}},{"id":2145138,"file":"/pages/advancePayUploadDetail/advancePayUploadDetail.js","loc":{"line":80,"column":12}},{"id":2146882,"file":"/pages/anySign/anySign.js","loc":{"line":105,"column":8}},{"id":2151257,"file":"/pages/freeDeposit/freeDeposit.js","loc":{"line":102,"column":8}},{"id":2183995,"file":"/pages/uploadFiles/uploadFiles.js","loc":{"line":141,"column":59}},{"id":2184054,"file":"/pages/uploadFiles/uploadFiles.js","loc":{"line":155,"column":13}},{"id":2187267,"file":"/pages/UploadImg/UploadImg.js","loc":{"line":254,"column":12}}]},"wx.scanCode":{"ill":"扫码","ocr":[{"id":2150532,"file":"/pages/deposit/deposit.js","loc":{"line":170,"column":8}}]}},"fromVar":{"wx.getStorage":[{"id":2084708,"file":"/230B6C3484CF379C456D0433B5715043.js","loc":{"line":31,"column":58},"codeText":"a.data","ill":"key对应的内容"},{"id":2084712,"file":"/230B6C3484CF379C456D0433B5715043.js","loc":{"line":31,"column":67},"codeText":"a.data","ill":"key对应的内容"},{"id":2084724,"file":"/230B6C3484CF379C456D0433B5715043.js","loc":{"line":31,"column":120},"codeText":"a.data","ill":"key对应的内容"},{"id":2117576,"file":"/app.js","loc":{"line":31,"column":58},"codeText":"a.data","ill":"key对应的内容"},{"id":2117580,"file":"/app.js","loc":{"line":31,"column":67},"codeText":"a.data","ill":"key对应的内容"},{"id":2117592,"file":"/app.js","loc":{"line":31,"column":120},"codeText":"a.data","ill":"key对应的内容"},{"id":2186684,"file":"/pages/UploadImg/UploadImg.js","loc":{"line":135,"column":78},"codeText":"a.data","ill":"key对应的内容"}],"wx.login":[{"id":2084770,"file":"/230B6C3484CF379C456D0433B5715043.js","loc":{"line":47,"column":20},"codeText":"i.code","ill":"用户登录凭证（有效期五分钟）。开发者需要在开发者服务器后台调用 auth.code2Session，使用 code 换取 openid 和 session_key 等信息"},{"id":2084781,"file":"/230B6C3484CF379C456D0433B5715043.js","loc":{"line":48,"column":42},"codeText":"i.code","ill":"用户登录凭证（有效期五分钟）。开发者需要在开发者服务器后台调用 auth.code2Session，使用 code 换取 openid 和 session_key 等信息"},{"id":2084790,"file":"/230B6C3484CF379C456D0433B5715043.js","loc":{"line":48,"column":67},"codeText":"i.code","ill":"用户登录凭证（有效期五分钟）。开发者需要在开发者服务器后台调用 auth.code2Session，使用 code 换取 openid 和 session_key 等信息"},{"id":2084818,"file":"/230B6C3484CF379C456D0433B5715043.js","loc":{"line":52,"column":32},"codeText":"i.code","ill":"用户登录凭证（有效期五分钟）。开发者需要在开发者服务器后台调用 auth.code2Session，使用 code 换取 openid 和 session_key 等信息"},{"id":2117638,"file":"/app.js","loc":{"line":47,"column":20},"codeText":"i.code","ill":"用户登录凭证（有效期五分钟）。开发者需要在开发者服务器后台调用 auth.code2Session，使用 code 换取 openid 和 session_key 等信息"},{"id":2117649,"file":"/app.js","loc":{"line":48,"column":42},"codeText":"i.code","ill":"用户登录凭证（有效期五分钟）。开发者需要在开发者服务器后台调用 auth.code2Session，使用 code 换取 openid 和 session_key 等信息"},{"id":2117658,"file":"/app.js","loc":{"line":48,"column":67},"codeText":"i.code","ill":"用户登录凭证（有效期五分钟）。开发者需要在开发者服务器后台调用 auth.code2Session，使用 code 换取 openid 和 session_key 等信息"},{"id":2117686,"file":"/app.js","loc":{"line":52,"column":32},"codeText":"i.code","ill":"用户登录凭证（有效期五分钟）。开发者需要在开发者服务器后台调用 auth.code2Session，使用 code 换取 openid 和 session_key 等信息"}],"wx.request":[{"id":2084860,"file":"/230B6C3484CF379C456D0433B5715043.js","loc":{"line":64,"column":36},"codeText":"e.data.data","ill":"开发者服务器返回的数据"},{"id":2117728,"file":"/app.js","loc":{"line":64,"column":36},"codeText":"e.data.data","ill":"开发者服务器返回的数据"},{"id":2139816,"file":"/pages/advancePay/advancePay.js","loc":{"line":94,"column":28},"codeText":"i.data.data","ill":"开发者服务器返回的数据"},{"id":2143302,"file":"/pages/advancePaySign/advancePaySign.js","loc":{"line":184,"column":24},"codeText":"t.data","ill":"开发者服务器返回的数据"},{"id":2144420,"file":"/pages/advancePayUpload/advancePayUpload.js","loc":{"line":38,"column":31},"codeText":"t.data.data","ill":"开发者服务器返回的数据"},{"id":2144939,"file":"/pages/advancePayUploadDetail/advancePayUploadDetail.js","loc":{"line":56,"column":40},"codeText":"a.data.data","ill":"开发者服务器返回的数据"},{"id":2144961,"file":"/pages/advancePayUploadDetail/advancePayUploadDetail.js","loc":{"line":60,"column":55},"codeText":"a.data.data","ill":"开发者服务器返回的数据"},{"id":2146002,"file":"/pages/advancePayUploadDetail/advancePayUploadDetail.js","loc":{"line":211,"column":63},"codeText":"e.data.data","ill":"开发者服务器返回的数据"},{"id":2148364,"file":"/pages/casesState/casesState.js","loc":{"line":33,"column":28},"codeText":"t.data.data","ill":"开发者服务器返回的数据"},{"id":2150177,"file":"/pages/deposit/deposit.js","loc":{"line":113,"column":28},"codeText":"s.data","ill":"开发者服务器返回的数据"},{"id":2150331,"file":"/pages/deposit/deposit.js","loc":{"line":132,"column":24},"codeText":"e.data","ill":"开发者服务器返回的数据"},{"id":2151680,"file":"/pages/freeDeposit/freeDeposit.js","loc":{"line":183,"column":24},"codeText":"t.data","ill":"开发者服务器返回的数据"},{"id":2155566,"file":"/pages/index/index.js","loc":{"line":470,"column":24},"codeText":"t.data.data","ill":"开发者服务器返回的数据"},{"id":2153590,"file":"/pages/index/index.js","loc":{"line":179,"column":49},"codeText":"e.data.data","ill":"开发者服务器返回的数据"},{"id":2153752,"file":"/pages/index/index.js","loc":{"line":208,"column":35},"codeText":"e.data.data","ill":"开发者服务器返回的数据"},{"id":2159023,"file":"/pages/indexNew/indexNew.js","loc":{"line":466,"column":24},"codeText":"t.data.data","ill":"开发者服务器返回的数据"},{"id":2157067,"file":"/pages/indexNew/indexNew.js","loc":{"line":179,"column":49},"codeText":"e.data.data","ill":"开发者服务器返回的数据"},{"id":2157227,"file":"/pages/indexNew/indexNew.js","loc":{"line":207,"column":95},"codeText":"e.data.data","ill":"开发者服务器返回的数据"},{"id":2161828,"file":"/pages/physicalFiles/physicalFiles.js","loc":{"line":45,"column":31},"codeText":"e.data.data","ill":"开发者服务器返回的数据"},{"id":2163092,"file":"/pages/processDetail/processDetail.js","loc":{"line":88,"column":38},"codeText":"a.data.data","ill":"开发者服务器返回的数据"},{"id":2163367,"file":"/pages/processDetail/processDetail.js","loc":{"line":138,"column":28},"codeText":"e.data.data","ill":"开发者服务器返回的数据"},{"id":2175056,"file":"/pages/recordDetail/recordDetail.js","loc":{"line":1142,"column":28},"codeText":"a.data","ill":"开发者服务器返回的数据"},{"id":2175077,"file":"/pages/recordDetail/recordDetail.js","loc":{"line":1144,"column":36},"codeText":"i.data","ill":"开发者服务器返回的数据"},{"id":2175091,"file":"/pages/recordDetail/recordDetail.js","loc":{"line":1146,"column":37},"codeText":"i.data","ill":"开发者服务器返回的数据"}],"wx.getSystemInfo":[{"id":2096946,"file":"/7A4F598784CF379C1C29318090A15043.js","loc":{"line":15,"column":20},"codeText":"e.windowWidth","ill":"可使用窗口宽度，单位px"},{"id":2096951,"file":"/7A4F598784CF379C1C29318090A15043.js","loc":{"line":15,"column":39},"codeText":"e.windowHeight","ill":"可使用窗口高度，单位px"},{"id":2100276,"file":"/8770FA2584CF379CE116922226815043.js","loc":{"line":135,"column":77},"codeText":"i.system","ill":"操作系统及版本"},{"id":2100289,"file":"/8770FA2584CF379CE116922226815043.js","loc":{"line":135,"column":123},"codeText":"i.model","ill":"设备型号"},{"id":2100302,"file":"/8770FA2584CF379CE116922226815043.js","loc":{"line":136,"column":68},"codeText":"i.version","ill":"微信版本号"},{"id":2100315,"file":"/8770FA2584CF379CE116922226815043.js","loc":{"line":136,"column":116},"codeText":"i.platform","ill":"客户端平台"},{"id":2100409,"file":"/8770FA2584CF379CE116922226815043.js","loc":{"line":144,"column":66},"codeText":"t.system","ill":"操作系统及版本"},{"id":2100418,"file":"/8770FA2584CF379CE116922226815043.js","loc":{"line":144,"column":96},"codeText":"t.version","ill":"微信版本号"}],"wx.getSystemInfoSync":[{"id":2106718,"file":"/9A41035384CF379CFC276B5474025043.js","loc":{"line":191,"column":46},"codeText":"e.screenWidth","ill":"屏幕宽度，单位px"},{"id":2106721,"file":"/9A41035384CF379CFC276B5474025043.js","loc":{"line":191,"column":61},"codeText":"e.screenHeight","ill":"屏幕高度，单位px"},{"id":2106724,"file":"/9A41035384CF379CFC276B5474025043.js","loc":{"line":191,"column":77},"codeText":"e.pixelRatio","ill":"设备像素比"},{"id":2106746,"file":"/9A41035384CF379CFC276B5474025043.js","loc":{"line":192,"column":72},"codeText":"e.language","ill":"微信设置的语言"},{"id":2162238,"file":"/pages/process/process.js","loc":{"line":78,"column":24},"codeText":"a.windowHeight","ill":"可使用窗口高度，单位px"},{"id":2181713,"file":"/pages/recordsList/recordsList.js","loc":{"line":61,"column":24},"codeText":"e.windowHeight","ill":"可使用窗口高度，单位px"}],"wx.getUserInfo":[{"id":2106843,"file":"/9A41035384CF379CFC276B5474025043.js","loc":{"line":209,"column":24},"codeText":"n.userInfo","ill":"用户信息对象，不包含 openid 等敏感信息"}],"wx.chooseImage":[{"id":2141433,"file":"/pages/advancePayInferiorUpload/advancePayInferiorUpload.js","loc":{"line":81,"column":24},"codeText":"e.tempFilePaths","ill":"图片的本地临时文件路径列表 (本地路径)"},{"id":2141485,"file":"/pages/advancePayInferiorUpload/advancePayInferiorUpload.js","loc":{"line":91,"column":24},"codeText":"e.tempFilePaths","ill":"图片的本地临时文件路径列表 (本地路径)"},{"id":2145162,"file":"/pages/advancePayUploadDetail/advancePayUploadDetail.js","loc":{"line":85,"column":24},"codeText":"e.tempFilePaths","ill":"图片的本地临时文件路径列表 (本地路径)"},{"id":2184018,"file":"/pages/uploadFiles/uploadFiles.js","loc":{"line":146,"column":24},"codeText":"e.tempFilePaths","ill":"图片的本地临时文件路径列表 (本地路径)"},{"id":2184078,"file":"/pages/uploadFiles/uploadFiles.js","loc":{"line":160,"column":24},"codeText":"e.tempFilePaths","ill":"图片的本地临时文件路径列表 (本地路径)"},{"id":2187291,"file":"/pages/UploadImg/UploadImg.js","loc":{"line":259,"column":24},"codeText":"e.tempFilePaths","ill":"图片的本地临时文件路径列表 (本地路径)"}],"wx.scanCode":[{"id":2150550,"file":"/pages/deposit/deposit.js","loc":{"line":173,"column":24},"codeText":"o.result","ill":"所扫码的内容"}]},"timeCost":2745}