[{"id": 0, "type": "[document]", "string": null, "attribute": {}, "referenceVariable": [], "referenceFunction": [], "style": [], "inheritClass": null, "wxss": [], "page": null, "path": "D:\\WORK\\2021\\MPDF\\baseline\\ui\\AI健康行动\\login.wxml", "child": [1], "parent": null, "matchString": [{"type": "relation", "string": "您好，"}, {"type": "relation", "string": "欢迎您来到AI健康行动~"}, {"type": "relation", "string": "微信一键快捷登录"}, {"type": "relation", "string": "getPhoneNumber"}, {"type": "relation", "string": "《隐私政策条款》"}, {"type": "relation", "string": "《用户服务协议》"}, {"type": "relation", "string": "登录成功"}, {"type": "relation", "string": "我们将获取您的昵称, 头像, 地区以及性别"}, {"type": "relation", "string": "确定"}, {"type": "relation", "string": "getUserInfo"}]}, {"id": 1, "type": "view", "string": null, "attribute": {"class": ["container"]}, "referenceVariable": [], "referenceFunction": [], "style": [], "inheritClass": null, "wxss": [], "page": null, "path": "D:\\WORK\\2021\\MPDF\\baseline\\ui\\AI健康行动\\login.wxml", "child": [2, 3, 4, 5, 7, 19], "parent": 0, "matchString": [{"type": "relation", "string": "您好，"}, {"type": "relation", "string": "欢迎您来到AI健康行动~"}, {"type": "relation", "string": "微信一键快捷登录"}, {"type": "relation", "string": "getPhoneNumber"}, {"type": "relation", "string": "《隐私政策条款》"}, {"type": "relation", "string": "《用户服务协议》"}, {"type": "relation", "string": "登录成功"}, {"type": "relation", "string": "我们将获取您的昵称, 头像, 地区以及性别"}, {"type": "relation", "string": "确定"}, {"type": "relation", "string": "getUserInfo"}]}, {"id": 2, "type": "view", "string": null, "attribute": {"class": ["nav-line"]}, "referenceVariable": [], "referenceFunction": [], "style": [], "inheritClass": null, "wxss": [], "page": null, "path": "D:\\WORK\\2021\\MPDF\\baseline\\ui\\AI健康行动\\login.wxml", "child": [], "parent": 1, "matchString": [{"type": "relation", "string": "getUserInfo"}]}, {"id": 3, "type": "view", "string": "您好，", "attribute": {"class": ["hello1"]}, "referenceVariable": [], "referenceFunction": [], "style": [], "inheritClass": null, "wxss": [], "page": null, "path": "D:\\WORK\\2021\\MPDF\\baseline\\ui\\AI健康行动\\login.wxml", "child": [], "parent": 1, "matchString": [{"type": "self", "string": "您好，"}, {"type": "relation", "string": "您好，"}]}, {"id": 4, "type": "view", "string": "欢迎您来到AI健康行动~", "attribute": {"class": ["hello2"]}, "referenceVariable": [], "referenceFunction": [], "style": [], "inheritClass": null, "wxss": [], "page": null, "path": "D:\\WORK\\2021\\MPDF\\baseline\\ui\\AI健康行动\\login.wxml", "child": [], "parent": 1, "matchString": [{"type": "self", "string": "欢迎您来到AI健康行动~"}, {"type": "relation", "string": "欢迎您来到AI健康行动~"}]}, {"id": 5, "type": "view", "string": null, "attribute": {"class": ["img-box"]}, "referenceVariable": [], "referenceFunction": [], "style": [], "inheritClass": null, "wxss": [], "page": null, "path": "D:\\WORK\\2021\\MPDF\\baseline\\ui\\AI健康行动\\login.wxml", "child": [6], "parent": 1, "matchString": [{"type": "relation", "string": "欢迎您来到AI健康行动~"}]}, {"id": 6, "type": "image", "string": null, "attribute": {"class": ["img"], "src": "{{logo}}"}, "referenceVariable": ["logo"], "referenceFunction": [], "style": [], "inheritClass": null, "wxss": [], "page": null, "path": "D:\\WORK\\2021\\MPDF\\baseline\\ui\\AI健康行动\\login.wxml", "child": [], "parent": 5, "matchString": []}, {"id": 7, "type": "view", "string": null, "attribute": {"class": ["footer-wrap"]}, "referenceVariable": [], "referenceFunction": [], "style": [], "inheritClass": null, "wxss": [], "page": null, "path": "D:\\WORK\\2021\\MPDF\\baseline\\ui\\AI健康行动\\login.wxml", "child": [8, 10, 12], "parent": 1, "matchString": [{"type": "relation", "string": "微信一键快捷登录"}, {"type": "relation", "string": "getPhoneNumber"}, {"type": "relation", "string": "《隐私政策条款》"}, {"type": "relation", "string": "《用户服务协议》"}]}, {"id": 8, "type": "view", "string": null, "attribute": {"class": ["btn", "btn-wxlogin"], "wx:if": "{{agreePrivacy}}"}, "referenceVariable": ["agreePrivacy"], "referenceFunction": [], "style": [], "inheritClass": null, "wxss": [], "page": null, "path": "D:\\WORK\\2021\\MPDF\\baseline\\ui\\AI健康行动\\login.wxml", "child": [9], "parent": 7, "matchString": [{"type": "relation", "string": "微信一键快捷登录"}, {"type": "relation", "string": "getPhoneNumber"}]}, {"id": 9, "type": "button", "string": "微信一键快捷登录", "attribute": {"bindgetphonenumber": "getPhoneNumber", "opentype": "getPhoneNumber"}, "referenceVariable": [], "referenceFunction": ["getPhoneNumber"], "style": [], "inheritClass": null, "wxss": [], "page": null, "path": "D:\\WORK\\2021\\MPDF\\baseline\\ui\\AI健康行动\\login.wxml", "child": [], "parent": 8, "matchString": [{"type": "self", "string": "微信一键快捷登录"}, {"type": "attr", "string": "getPhoneNumber"}]}, {"id": 10, "type": "view", "string": null, "attribute": {"bindtap": "authLoginTip", "class": ["btn", "btn-wxlogin"], "wx:else": ""}, "referenceVariable": [], "referenceFunction": ["authLoginTip"], "style": [], "inheritClass": null, "wxss": [], "page": null, "path": "D:\\WORK\\2021\\MPDF\\baseline\\ui\\AI健康行动\\login.wxml", "child": [11], "parent": 7, "matchString": [{"type": "relation", "string": "微信一键快捷登录"}]}, {"id": 11, "type": "view", "string": "微信一键快捷登录", "attribute": {}, "referenceVariable": [], "referenceFunction": [], "style": [], "inheritClass": null, "wxss": [], "page": null, "path": "D:\\WORK\\2021\\MPDF\\baseline\\ui\\AI健康行动\\login.wxml", "child": [], "parent": 10, "matchString": [{"type": "self", "string": "微信一键快捷登录"}]}, {"id": 12, "type": "view", "string": null, "attribute": {"class": ["privacy", "fs"]}, "referenceVariable": [], "referenceFunction": [], "style": [], "inheritClass": null, "wxss": [], "page": null, "path": "D:\\WORK\\2021\\MPDF\\baseline\\ui\\AI健康行动\\login.wxml", "child": [13, 16], "parent": 7, "matchString": [{"type": "relation", "string": "《隐私政策条款》"}, {"type": "relation", "string": "《用户服务协议》"}]}, {"id": 13, "type": "view", "string": null, "attribute": {"bindtap": "toggleAgreePrivacy", "class": ["select-box", "fc"]}, "referenceVariable": [], "referenceFunction": ["toggleAgreePrivacy"], "style": [], "inheritClass": null, "wxss": [], "page": null, "path": "D:\\WORK\\2021\\MPDF\\baseline\\ui\\AI健康行动\\login.wxml", "child": [14, 15], "parent": 12, "matchString": []}, {"id": 14, "type": "image", "string": null, "attribute": {"class": ["img"], "src": "{{loginImgs.choose}}", "wx:if": "{{agreePrivacy}}"}, "referenceVariable": ["loginImgs.choose", "agreePrivacy"], "referenceFunction": [], "style": [], "inheritClass": null, "wxss": [], "page": null, "path": "D:\\WORK\\2021\\MPDF\\baseline\\ui\\AI健康行动\\login.wxml", "child": [], "parent": 13, "matchString": []}, {"id": 15, "type": "image", "string": null, "attribute": {"class": ["img"], "src": "{{loginImgs.unchoose}}", "wx:else": ""}, "referenceVariable": ["loginImgs.unchoose"], "referenceFunction": [], "style": [], "inheritClass": null, "wxss": [], "page": null, "path": "D:\\WORK\\2021\\MPDF\\baseline\\ui\\AI健康行动\\login.wxml", "child": [], "parent": 13, "matchString": []}, {"id": 16, "type": "view", "string": null, "attribute": {"class": ["link"]}, "referenceVariable": [], "referenceFunction": [], "style": [], "inheritClass": null, "wxss": [], "page": null, "path": "D:\\WORK\\2021\\MPDF\\baseline\\ui\\AI健康行动\\login.wxml", "child": [17, 18], "parent": 12, "matchString": [{"type": "relation", "string": "《隐私政策条款》"}, {"type": "relation", "string": "《用户服务协议》"}]}, {"id": 17, "type": "text", "string": "《隐私政策条款》", "attribute": {"bindtap": "toPrivacy", "style": "color:#2e72ff;"}, "referenceVariable": [], "referenceFunction": ["toPrivacy"], "style": [], "inheritClass": null, "wxss": [], "page": null, "path": "D:\\WORK\\2021\\MPDF\\baseline\\ui\\AI健康行动\\login.wxml", "child": [], "parent": 16, "matchString": [{"type": "self", "string": "《隐私政策条款》"}]}, {"id": 18, "type": "text", "string": "《用户服务协议》", "attribute": {"bindtap": "toAgreement", "style": "color:#2e72ff;"}, "referenceVariable": [], "referenceFunction": ["toAgreement"], "style": [], "inheritClass": null, "wxss": [], "page": null, "path": "D:\\WORK\\2021\\MPDF\\baseline\\ui\\AI健康行动\\login.wxml", "child": [], "parent": 16, "matchString": [{"type": "self", "string": "《用户服务协议》"}]}, {"id": 19, "type": "view", "string": null, "attribute": {"class": ["mask"], "wx:if": "{{showMask}}"}, "referenceVariable": ["showMask"], "referenceFunction": [], "style": [], "inheritClass": null, "wxss": [], "page": null, "path": "D:\\WORK\\2021\\MPDF\\baseline\\ui\\AI健康行动\\login.wxml", "child": [20], "parent": 1, "matchString": [{"type": "relation", "string": "登录成功"}, {"type": "relation", "string": "我们将获取您的昵称, 头像, 地区以及性别"}, {"type": "relation", "string": "确定"}, {"type": "relation", "string": "getUserInfo"}]}, {"id": 20, "type": "view", "string": null, "attribute": {"class": ["contain"]}, "referenceVariable": [], "referenceFunction": [], "style": [], "inheritClass": null, "wxss": [], "page": null, "path": "D:\\WORK\\2021\\MPDF\\baseline\\ui\\AI健康行动\\login.wxml", "child": [21, 22, 25], "parent": 19, "matchString": [{"type": "relation", "string": "登录成功"}, {"type": "relation", "string": "我们将获取您的昵称, 头像, 地区以及性别"}, {"type": "relation", "string": "确定"}, {"type": "relation", "string": "getUserInfo"}]}, {"id": 21, "type": "image", "string": null, "attribute": {"class": ["head"], "src": "{{loginImgs.suc}}"}, "referenceVariable": ["loginImgs.suc"], "referenceFunction": [], "style": [], "inheritClass": null, "wxss": [], "page": null, "path": "D:\\WORK\\2021\\MPDF\\baseline\\ui\\AI健康行动\\login.wxml", "child": [], "parent": 20, "matchString": []}, {"id": 22, "type": "view", "string": null, "attribute": {"class": ["content"]}, "referenceVariable": [], "referenceFunction": [], "style": [], "inheritClass": null, "wxss": [], "page": null, "path": "D:\\WORK\\2021\\MPDF\\baseline\\ui\\AI健康行动\\login.wxml", "child": [23, 24], "parent": 20, "matchString": [{"type": "relation", "string": "登录成功"}, {"type": "relation", "string": "我们将获取您的昵称, 头像, 地区以及性别"}]}, {"id": 23, "type": "view", "string": "登录成功", "attribute": {"class": ["title"]}, "referenceVariable": [], "referenceFunction": [], "style": [], "inheritClass": null, "wxss": [], "page": null, "path": "D:\\WORK\\2021\\MPDF\\baseline\\ui\\AI健康行动\\login.wxml", "child": [], "parent": 22, "matchString": [{"type": "self", "string": "登录成功"}]}, {"id": 24, "type": "view", "string": "我们将获取您的昵称, 头像, 地区以及性别", "attribute": {"class": ["desc"]}, "referenceVariable": [], "referenceFunction": [], "style": [], "inheritClass": null, "wxss": [], "page": null, "path": "D:\\WORK\\2021\\MPDF\\baseline\\ui\\AI健康行动\\login.wxml", "child": [], "parent": 22, "matchString": [{"type": "self", "string": "我们将获取您的昵称, 头像, 地区以及性别"}]}, {"id": 25, "type": "button", "string": "确定", "attribute": {"bindgetuserinfo": "getUser", "class": ["confirm", "fc"], "opentype": "getUserInfo"}, "referenceVariable": [], "referenceFunction": ["getUser"], "style": [], "inheritClass": null, "wxss": [], "page": null, "path": "D:\\WORK\\2021\\MPDF\\baseline\\ui\\AI健康行动\\login.wxml", "child": [], "parent": 20, "matchString": [{"type": "self", "string": "确定"}, {"type": "attr", "string": "getUserInfo"}]}]