[{"id": 0, "type": "[document]", "string": null, "attribute": {}, "referenceVariable": [], "referenceFunction": [], "style": [], "inheritClass": null, "wxss": [], "page": null, "path": "D:\\WORK\\2021\\MPDF\\baseline\\ui\\待购\\addAddress.wxml", "child": [1], "parent": null, "matchString": [{"type": "relation", "string": "573f8860-1"}, {"type": "relation", "string": "{{['default']}}"}, {"type": "relation", "string": "收货人"}, {"type": "relation", "string": "请输入收货人真实姓名"}, {"type": "relation", "string": "手机号"}, {"type": "relation", "string": "请输入收货人手机号"}, {"type": "relation", "string": "所在地区"}, {"type": "relation", "string": "选择地区"}, {"type": "relation", "string": "{{adds}}"}, {"type": "relation", "string": "详细地址"}, {"type": "relation", "string": "{{''+(location!=''?location:'请输入详细收货地址')+''}}"}, {"type": "relation", "string": "{{true}}"}, {"type": "relation", "string": "请输入街道、楼牌号等"}, {"type": "relation", "string": "true"}, {"type": "relation", "string": "设为默认地址"}, {"type": "relation", "string": "保存"}, {"type": "relation", "string": " "}, {"type": "relation", "string": "{{isPopup}}"}, {"type": "relation", "string": "{{'573f8860-2'+','+'573f8860-1'}}"}, {"type": "relation", "string": "是否继续完善本次地址信息？"}, {"type": "relation", "string": "离开"}, {"type": "relation", "string": "继续"}, {"type": "relation", "string": "{{area_id}}"}, {"type": "relation", "string": "{{city_id}}"}, {"type": "relation", "string": "addrPicker"}, {"type": "relation", "string": "{{province_id}}"}, {"type": "relation", "string": "{{selectedAddr}}"}, {"type": "relation", "string": "{{street_id}}"}, {"type": "relation", "string": "{{'573f8860-3'+','+'573f8860-1'}}"}]}, {"id": 1, "type": "auth", "string": null, "attribute": {"bind:__l": "__l", "vueid": "573f8860-1", "vueslots": "{{['default']}}"}, "referenceVariable": ["['default']"], "referenceFunction": ["__l"], "style": [], "inheritClass": null, "wxss": [], "page": null, "path": "D:\\WORK\\2021\\MPDF\\baseline\\ui\\待购\\addAddress.wxml", "child": [2], "parent": 0, "matchString": [{"type": "attr", "string": "573f8860-1"}, {"type": "attr", "string": "{{['default']}}"}, {"type": "relation", "string": "收货人"}, {"type": "relation", "string": "请输入收货人真实姓名"}, {"type": "relation", "string": "手机号"}, {"type": "relation", "string": "请输入收货人手机号"}, {"type": "relation", "string": "所在地区"}, {"type": "relation", "string": "选择地区"}, {"type": "relation", "string": "{{adds}}"}, {"type": "relation", "string": "详细地址"}, {"type": "relation", "string": "{{''+(location!=''?location:'请输入详细收货地址')+''}}"}, {"type": "relation", "string": "{{true}}"}, {"type": "relation", "string": "请输入街道、楼牌号等"}, {"type": "relation", "string": "true"}, {"type": "relation", "string": "设为默认地址"}, {"type": "relation", "string": "保存"}, {"type": "relation", "string": " "}, {"type": "relation", "string": "{{isPopup}}"}, {"type": "relation", "string": "{{'573f8860-2'+','+'573f8860-1'}}"}, {"type": "relation", "string": "{{['default']}}"}, {"type": "relation", "string": "是否继续完善本次地址信息？"}, {"type": "relation", "string": "离开"}, {"type": "relation", "string": "继续"}, {"type": "relation", "string": "{{area_id}}"}, {"type": "relation", "string": "{{city_id}}"}, {"type": "relation", "string": "addrPicker"}, {"type": "relation", "string": "{{province_id}}"}, {"type": "relation", "string": "{{selectedAddr}}"}, {"type": "relation", "string": "{{street_id}}"}, {"type": "relation", "string": "{{'573f8860-3'+','+'573f8860-1'}}"}]}, {"id": 2, "type": "view", "string": null, "attribute": {"style": "min-height:800rpx;"}, "referenceVariable": [], "referenceFunction": [], "style": [], "inheritClass": null, "wxss": [], "page": null, "path": "D:\\WORK\\2021\\MPDF\\baseline\\ui\\待购\\addAddress.wxml", "child": [3, 23, 26, 28, 34], "parent": 1, "matchString": [{"type": "relation", "string": "收货人"}, {"type": "relation", "string": "请输入收货人真实姓名"}, {"type": "relation", "string": "手机号"}, {"type": "relation", "string": "请输入收货人手机号"}, {"type": "relation", "string": "所在地区"}, {"type": "relation", "string": "选择地区"}, {"type": "relation", "string": "{{adds}}"}, {"type": "relation", "string": "详细地址"}, {"type": "relation", "string": "{{''+(location!=''?location:'请输入详细收货地址')+''}}"}, {"type": "relation", "string": "{{true}}"}, {"type": "relation", "string": "请输入街道、楼牌号等"}, {"type": "relation", "string": "true"}, {"type": "relation", "string": "设为默认地址"}, {"type": "relation", "string": "保存"}, {"type": "relation", "string": " "}, {"type": "relation", "string": "{{isPopup}}"}, {"type": "relation", "string": "{{'573f8860-2'+','+'573f8860-1'}}"}, {"type": "relation", "string": "{{['default']}}"}, {"type": "relation", "string": "是否继续完善本次地址信息？"}, {"type": "relation", "string": "离开"}, {"type": "relation", "string": "继续"}, {"type": "relation", "string": "{{area_id}}"}, {"type": "relation", "string": "{{city_id}}"}, {"type": "relation", "string": "addrPicker"}, {"type": "relation", "string": "{{province_id}}"}, {"type": "relation", "string": "{{selectedAddr}}"}, {"type": "relation", "string": "{{street_id}}"}, {"type": "relation", "string": "{{'573f8860-3'+','+'573f8860-1'}}"}]}, {"id": 3, "type": "view", "string": null, "attribute": {"class": ["site_header"]}, "referenceVariable": [], "referenceFunction": [], "style": [], "inheritClass": null, "wxss": [], "page": null, "path": "D:\\WORK\\2021\\MPDF\\baseline\\ui\\待购\\addAddress.wxml", "child": [4], "parent": 2, "matchString": [{"type": "relation", "string": "收货人"}, {"type": "relation", "string": "请输入收货人真实姓名"}, {"type": "relation", "string": "手机号"}, {"type": "relation", "string": "请输入收货人手机号"}, {"type": "relation", "string": "所在地区"}, {"type": "relation", "string": "选择地区"}, {"type": "relation", "string": "{{adds}}"}, {"type": "relation", "string": "详细地址"}, {"type": "relation", "string": "{{''+(location!=''?location:'请输入详细收货地址')+''}}"}, {"type": "relation", "string": "{{true}}"}, {"type": "relation", "string": "请输入街道、楼牌号等"}]}, {"id": 4, "type": "view", "string": null, "attribute": {"class": ["header_list"]}, "referenceVariable": [], "referenceFunction": [], "style": [], "inheritClass": null, "wxss": [], "page": null, "path": "D:\\WORK\\2021\\MPDF\\baseline\\ui\\待购\\addAddress.wxml", "child": [5, 8, 11, 14, 17, 20], "parent": 3, "matchString": [{"type": "relation", "string": "收货人"}, {"type": "relation", "string": "请输入收货人真实姓名"}, {"type": "relation", "string": "手机号"}, {"type": "relation", "string": "请输入收货人手机号"}, {"type": "relation", "string": "所在地区"}, {"type": "relation", "string": "选择地区"}, {"type": "relation", "string": "{{adds}}"}, {"type": "relation", "string": "详细地址"}, {"type": "relation", "string": "{{''+(location!=''?location:'请输入详细收货地址')+''}}"}, {"type": "relation", "string": "{{true}}"}, {"type": "relation", "string": "请输入街道、楼牌号等"}]}, {"id": 5, "type": "view", "string": null, "attribute": {"class": ["header_item"]}, "referenceVariable": [], "referenceFunction": [], "style": [], "inheritClass": null, "wxss": [], "page": null, "path": "D:\\WORK\\2021\\MPDF\\baseline\\ui\\待购\\addAddress.wxml", "child": [6, 7], "parent": 4, "matchString": [{"type": "relation", "string": "收货人"}, {"type": "relation", "string": "请输入收货人真实姓名"}]}, {"id": 6, "type": "text", "string": "收货人", "attribute": {"class": ["item_title"]}, "referenceVariable": [], "referenceFunction": [], "style": [], "inheritClass": null, "wxss": [], "page": null, "path": "D:\\WORK\\2021\\MPDF\\baseline\\ui\\待购\\addAddress.wxml", "child": [], "parent": 5, "matchString": [{"type": "self", "string": "收货人"}]}, {"id": 7, "type": "input", "string": null, "attribute": {"bindinput": "__e", "class": ["item_content"], "data-event-opts": "{{[ [ 'input',[ [ '__set_model',[ '','name','$event',[] ] ] ] ] ]}}", "maxlength": "20", "placeholder": "请输入收货人真实姓名", "type": "text", "value": "{{name}}"}, "referenceVariable": ["[ [ 'input',[ [ '__set_model',[ '','name','$event',[] ] ] ] ] ]", "name"], "referenceFunction": ["__e"], "style": [], "inheritClass": null, "wxss": [], "page": null, "path": "D:\\WORK\\2021\\MPDF\\baseline\\ui\\待购\\addAddress.wxml", "child": [], "parent": 5, "matchString": [{"type": "attr", "string": "请输入收货人真实姓名"}]}, {"id": 8, "type": "view", "string": null, "attribute": {"class": ["header_item"]}, "referenceVariable": [], "referenceFunction": [], "style": [], "inheritClass": null, "wxss": [], "page": null, "path": "D:\\WORK\\2021\\MPDF\\baseline\\ui\\待购\\addAddress.wxml", "child": [9, 10], "parent": 4, "matchString": [{"type": "relation", "string": "手机号"}, {"type": "relation", "string": "请输入收货人手机号"}]}, {"id": 9, "type": "text", "string": "手机号", "attribute": {"class": ["item_title"]}, "referenceVariable": [], "referenceFunction": [], "style": [], "inheritClass": null, "wxss": [], "page": null, "path": "D:\\WORK\\2021\\MPDF\\baseline\\ui\\待购\\addAddress.wxml", "child": [], "parent": 8, "matchString": [{"type": "self", "string": "手机号"}]}, {"id": 10, "type": "input", "string": null, "attribute": {"bindinput": "__e", "class": ["item_content"], "data-event-opts": "{{[ [ 'input',[ [ '__set_model',[ '','phone','$event',[] ] ] ] ] ]}}", "maxlength": "11", "placeholder": "请输入收货人手机号", "type": "number", "value": "{{phone}}"}, "referenceVariable": ["[ [ 'input',[ [ '__set_model',[ '','phone','$event',[] ] ] ] ] ]", "phone"], "referenceFunction": ["__e"], "style": [], "inheritClass": null, "wxss": [], "page": null, "path": "D:\\WORK\\2021\\MPDF\\baseline\\ui\\待购\\addAddress.wxml", "child": [], "parent": 8, "matchString": [{"type": "attr", "string": "请输入收货人手机号"}]}, {"id": 11, "type": "view", "string": null, "attribute": {"class": ["header_item"], "wx:if": "{{!upaddress}}"}, "referenceVariable": ["!upaddress"], "referenceFunction": [], "style": [], "inheritClass": null, "wxss": [], "page": null, "path": "D:\\WORK\\2021\\MPDF\\baseline\\ui\\待购\\addAddress.wxml", "child": [12, 13], "parent": 4, "matchString": [{"type": "relation", "string": "所在地区"}, {"type": "relation", "string": "选择地区"}]}, {"id": 12, "type": "text", "string": "所在地区", "attribute": {"class": ["item_title"]}, "referenceVariable": [], "referenceFunction": [], "style": [], "inheritClass": null, "wxss": [], "page": null, "path": "D:\\WORK\\2021\\MPDF\\baseline\\ui\\待购\\addAddress.wxml", "child": [], "parent": 11, "matchString": [{"type": "self", "string": "所在地区"}]}, {"id": 13, "type": "input", "string": null, "attribute": {"bindinput": "__e", "bindtap": "__e", "class": ["item_content"], "data-event-opts": "{{[ [ 'tap',[ [ 'getPicker',['$event'] ] ] ],[ 'input',[ [ '__set_model',[ '','adds','$event',[] ] ] ] ] ]}}", "disabled": "true", "placeholder": "选择地区", "style": "color:#000;", "type": "text", "value": "{{adds}}"}, "referenceVariable": ["[ [ 'tap',[ [ 'getPicker',['$event'] ] ] ],[ 'input',[ [ '__set_model',[ '','adds','$event',[] ] ] ] ] ]", "adds"], "referenceFunction": ["__e"], "style": [], "inheritClass": null, "wxss": [], "page": null, "path": "D:\\WORK\\2021\\MPDF\\baseline\\ui\\待购\\addAddress.wxml", "child": [], "parent": 11, "matchString": [{"type": "attr", "string": "选择地区"}]}, {"id": 14, "type": "view", "string": null, "attribute": {"class": ["header_item"], "wx:if": "{{upaddress}}"}, "referenceVariable": ["upaddress"], "referenceFunction": [], "style": [], "inheritClass": null, "wxss": [], "page": null, "path": "D:\\WORK\\2021\\MPDF\\baseline\\ui\\待购\\addAddress.wxml", "child": [15, 16], "parent": 4, "matchString": [{"type": "relation", "string": "所在地区"}, {"type": "relation", "string": "{{adds}}"}]}, {"id": 15, "type": "text", "string": "所在地区", "attribute": {"class": ["item_title"]}, "referenceVariable": [], "referenceFunction": [], "style": [], "inheritClass": null, "wxss": [], "page": null, "path": "D:\\WORK\\2021\\MPDF\\baseline\\ui\\待购\\addAddress.wxml", "child": [], "parent": 14, "matchString": [{"type": "self", "string": "所在地区"}]}, {"id": 16, "type": "view", "string": "{{adds}}", "attribute": {"bindtap": "__e", "class": ["item_content"], "data-event-opts": "{{[ [ 'tap',[ [ 'getPicker',['$event'] ] ] ] ]}}"}, "referenceVariable": ["[ [ 'tap',[ [ 'getPicker',['$event'] ] ] ] ]"], "referenceFunction": ["__e"], "style": [], "inheritClass": null, "wxss": [], "page": null, "path": "D:\\WORK\\2021\\MPDF\\baseline\\ui\\待购\\addAddress.wxml", "child": [], "parent": 14, "matchString": [{"type": "self", "string": "{{adds}}"}]}, {"id": 17, "type": "view", "string": null, "attribute": {"class": ["header_item"], "wx:if": "{{upaddress}}"}, "referenceVariable": ["upaddress"], "referenceFunction": [], "style": [], "inheritClass": null, "wxss": [], "page": null, "path": "D:\\WORK\\2021\\MPDF\\baseline\\ui\\待购\\addAddress.wxml", "child": [18, 19], "parent": 4, "matchString": [{"type": "relation", "string": "详细地址"}, {"type": "relation", "string": "{{''+(location!=''?location:'请输入详细收货地址')+''}}"}]}, {"id": 18, "type": "text", "string": "详细地址", "attribute": {"class": ["item_title"]}, "referenceVariable": [], "referenceFunction": [], "style": [], "inheritClass": null, "wxss": [], "page": null, "path": "D:\\WORK\\2021\\MPDF\\baseline\\ui\\待购\\addAddress.wxml", "child": [], "parent": 17, "matchString": [{"type": "self", "string": "详细地址"}]}, {"id": 19, "type": "view", "string": "{{''+(location!=''?location:'请输入详细收货地址')+''}}", "attribute": {"class": ["item_content_text", "like_textarea"], "style": "{{location!=''?'':'line-height: 1;color: #808080;'}}"}, "referenceVariable": ["location!=''?'':'line-height: 1;color: #808080;'"], "referenceFunction": [], "style": [], "inheritClass": null, "wxss": [], "page": null, "path": "D:\\WORK\\2021\\MPDF\\baseline\\ui\\待购\\addAddress.wxml", "child": [], "parent": 17, "matchString": [{"type": "self", "string": "{{''+(location!=''?location:'请输入详细收货地址')+''}}"}]}, {"id": 20, "type": "view", "string": null, "attribute": {"class": ["header_item"], "wx:else": ""}, "referenceVariable": [], "referenceFunction": [], "style": [], "inheritClass": null, "wxss": [], "page": null, "path": "D:\\WORK\\2021\\MPDF\\baseline\\ui\\待购\\addAddress.wxml", "child": [21, 22], "parent": 4, "matchString": [{"type": "relation", "string": "详细地址"}, {"type": "relation", "string": "{{true}}"}, {"type": "relation", "string": "请输入街道、楼牌号等"}]}, {"id": 21, "type": "text", "string": "详细地址", "attribute": {"class": ["item_title"]}, "referenceVariable": [], "referenceFunction": [], "style": [], "inheritClass": null, "wxss": [], "page": null, "path": "D:\\WORK\\2021\\MPDF\\baseline\\ui\\待购\\addAddress.wxml", "child": [], "parent": 20, "matchString": [{"type": "self", "string": "详细地址"}]}, {"id": 22, "type": "textarea", "string": null, "attribute": {"autoheight": "{{true}}", "bindinput": "__e", "class": ["{{[sysinfo.platform=='ios'?'item_content_text2':'item_content_text']}}"], "data-event-opts": "{{[ [ 'input',[ [ '__set_model',[ '','location','$event',[] ] ] ] ] ]}}", "placeholder": "请输入街道、楼牌号等", "type": "text", "value": "{{location}}", "wx:if": "{{sysinfo.platform}}"}, "referenceVariable": ["true", "[sysinfo.platform=='ios'?'item_content_text2':'item_content_text']", "[ [ 'input',[ [ '__set_model',[ '','location','$event',[] ] ] ] ] ]", "location", "sysinfo.platform"], "referenceFunction": ["__e"], "style": [], "inheritClass": null, "wxss": [], "page": null, "path": "D:\\WORK\\2021\\MPDF\\baseline\\ui\\待购\\addAddress.wxml", "child": [], "parent": 20, "matchString": [{"type": "attr", "string": "{{true}}"}, {"type": "attr", "string": "请输入街道、楼牌号等"}]}, {"id": 23, "type": "view", "string": null, "attribute": {"bindtap": "__e", "class": ["site_body"], "data-event-opts": "{{[ [ 'tap',[ [ 'switch1Change',['$event'] ] ] ] ]}}"}, "referenceVariable": ["[ [ 'tap',[ [ 'switch1Change',['$event'] ] ] ] ]"], "referenceFunction": ["__e"], "style": [], "inheritClass": null, "wxss": [], "page": null, "path": "D:\\WORK\\2021\\MPDF\\baseline\\ui\\待购\\addAddress.wxml", "child": [24, 25], "parent": 2, "matchString": [{"type": "relation", "string": "true"}, {"type": "relation", "string": "设为默认地址"}]}, {"id": 24, "type": "view", "string": null, "attribute": {"class": ["{{['change_init',checked?'change_init_on':'']}}"], "lazyload": "true"}, "referenceVariable": ["['change_init',checked?'change_init_on':'']"], "referenceFunction": [], "style": [], "inheritClass": null, "wxss": [], "page": null, "path": "D:\\WORK\\2021\\MPDF\\baseline\\ui\\待购\\addAddress.wxml", "child": [], "parent": 23, "matchString": [{"type": "attr", "string": "true"}]}, {"id": 25, "type": "view", "string": "设为默认地址", "attribute": {}, "referenceVariable": [], "referenceFunction": [], "style": [], "inheritClass": null, "wxss": [], "page": null, "path": "D:\\WORK\\2021\\MPDF\\baseline\\ui\\待购\\addAddress.wxml", "child": [], "parent": 23, "matchString": [{"type": "self", "string": "设为默认地址"}]}, {"id": 26, "type": "view", "string": null, "attribute": {"class": ["site_footer"]}, "referenceVariable": [], "referenceFunction": [], "style": [], "inheritClass": null, "wxss": [], "page": null, "path": "D:\\WORK\\2021\\MPDF\\baseline\\ui\\待购\\addAddress.wxml", "child": [27], "parent": 2, "matchString": [{"type": "relation", "string": "保存"}]}, {"id": 27, "type": "view", "string": "保存", "attribute": {"bindtap": "__e", "class": ["btn"], "data-event-opts": "{{[ [ 'tap',[ [ 'onPopup',['$event'] ] ] ] ]}}", "style": "{{name&&phone&&adds&&location?'':'background:#c7c7c7'}}"}, "referenceVariable": ["[ [ 'tap',[ [ 'onPopup',['$event'] ] ] ] ]", "name&&phone&&adds&&location?'':'background:#c7c7c7'"], "referenceFunction": ["__e"], "style": [], "inheritClass": null, "wxss": [], "page": null, "path": "D:\\WORK\\2021\\MPDF\\baseline\\ui\\待购\\addAddress.wxml", "child": [], "parent": 26, "matchString": [{"type": "self", "string": "保存"}]}, {"id": 28, "type": "uni-popup", "string": null, "attribute": {"bind:__l": "__l", "bind:hidepopup": "__e", "data-event-opts": "{{[ [ '^hidePopup',[ ['hidePopup'] ] ] ]}}", "msg": " ", "show": "{{isPopup}}", "type": "middle", "vueid": "{{'573f8860-2'+','+'573f8860-1'}}", "vueslots": "{{['default']}}"}, "referenceVariable": ["[ [ '^hidePopup',[ ['hidePopup'] ] ] ]", "isPopup", "'573f8860-2'+','+'573f8860-1'", "['default']"], "referenceFunction": ["__l", "__e"], "style": [], "inheritClass": null, "wxss": [], "page": null, "path": "D:\\WORK\\2021\\MPDF\\baseline\\ui\\待购\\addAddress.wxml", "child": [29], "parent": 2, "matchString": [{"type": "attr", "string": " "}, {"type": "attr", "string": "{{isPopup}}"}, {"type": "attr", "string": "{{'573f8860-2'+','+'573f8860-1'}}"}, {"type": "attr", "string": "{{['default']}}"}, {"type": "relation", "string": "是否继续完善本次地址信息？"}, {"type": "relation", "string": "离开"}, {"type": "relation", "string": "继续"}]}, {"id": 29, "type": "view", "string": null, "attribute": {"class": ["popup_content"]}, "referenceVariable": [], "referenceFunction": [], "style": [], "inheritClass": null, "wxss": [], "page": null, "path": "D:\\WORK\\2021\\MPDF\\baseline\\ui\\待购\\addAddress.wxml", "child": [30, 31], "parent": 28, "matchString": [{"type": "relation", "string": "是否继续完善本次地址信息？"}, {"type": "relation", "string": "离开"}, {"type": "relation", "string": "继续"}]}, {"id": 30, "type": "view", "string": "是否继续完善本次地址信息？", "attribute": {"class": ["content_top"]}, "referenceVariable": [], "referenceFunction": [], "style": [], "inheritClass": null, "wxss": [], "page": null, "path": "D:\\WORK\\2021\\MPDF\\baseline\\ui\\待购\\addAddress.wxml", "child": [], "parent": 29, "matchString": [{"type": "self", "string": "是否继续完善本次地址信息？"}]}, {"id": 31, "type": "view", "string": null, "attribute": {"class": ["content_bottom"]}, "referenceVariable": [], "referenceFunction": [], "style": [], "inheritClass": null, "wxss": [], "page": null, "path": "D:\\WORK\\2021\\MPDF\\baseline\\ui\\待购\\addAddress.wxml", "child": [32, 33], "parent": 29, "matchString": [{"type": "relation", "string": "离开"}, {"type": "relation", "string": "继续"}]}, {"id": 32, "type": "view", "string": "离开", "attribute": {"bindtap": "__e", "class": ["content_left"], "data-event-opts": "{{[ [ 'tap',[ [ 'onBack_',['$event'] ] ] ] ]}}"}, "referenceVariable": ["[ [ 'tap',[ [ 'onBack_',['$event'] ] ] ] ]"], "referenceFunction": ["__e"], "style": [], "inheritClass": null, "wxss": [], "page": null, "path": "D:\\WORK\\2021\\MPDF\\baseline\\ui\\待购\\addAddress.wxml", "child": [], "parent": 31, "matchString": [{"type": "self", "string": "离开"}]}, {"id": 33, "type": "view", "string": "继续", "attribute": {"bindtap": "__e", "class": ["content_right"], "data-event-opts": "{{[ [ 'tap',[ [ 'onClose',['$event'] ] ] ] ]}}"}, "referenceVariable": ["[ [ 'tap',[ [ 'onClose',['$event'] ] ] ] ]"], "referenceFunction": ["__e"], "style": [], "inheritClass": null, "wxss": [], "page": null, "path": "D:\\WORK\\2021\\MPDF\\baseline\\ui\\待购\\addAddress.wxml", "child": [], "parent": 31, "matchString": [{"type": "self", "string": "继续"}]}, {"id": 34, "type": "level-four-address", "string": null, "attribute": {"addrstr": "{{adds}}", "areaid": "{{area_id}}", "bind:__l": "__l", "bind:addresspickerhandle": "__e", "cityid": "{{city_id}}", "class": ["vue-ref"], "data-event-opts": "{{[ [ '^addressPickerHandle',[ ['addressPickerHandle'] ] ] ]}}", "data-ref": "addrPicker", "provinceid": "{{province_id}}", "selectedaddrobj": "{{selectedAddr}}", "streetid": "{{street_id}}", "vueid": "{{'573f8860-3'+','+'573f8860-1'}}"}, "referenceVariable": ["adds", "area_id", "city_id", "[ [ '^addressPickerHandle',[ ['addressPickerHandle'] ] ] ]", "province_id", "selectedAddr", "street_id", "'573f8860-3'+','+'573f8860-1'"], "referenceFunction": ["__l", "__e"], "style": [], "inheritClass": null, "wxss": [], "page": null, "path": "D:\\WORK\\2021\\MPDF\\baseline\\ui\\待购\\addAddress.wxml", "child": [], "parent": 2, "matchString": [{"type": "attr", "string": "{{adds}}"}, {"type": "attr", "string": "{{area_id}}"}, {"type": "attr", "string": "{{city_id}}"}, {"type": "attr", "string": "addrPicker"}, {"type": "attr", "string": "{{province_id}}"}, {"type": "attr", "string": "{{selectedAddr}}"}, {"type": "attr", "string": "{{street_id}}"}, {"type": "attr", "string": "{{'573f8860-3'+','+'573f8860-1'}}"}]}]