[{"file":"/app.js","source2sink":{"source":["wx.getSystemInfoSync","wx.request"],"sink":["wx.request"],"pairsOfSource2Sink":[{"source":"wx.getSystemInfoSync","sink":"wx.request","visitedContent":["wx.getSystemInfoSync","o","o.model","o.model","o.pixelRatio","o.pixelRatio","model","model","o.windowWidth","o.windowWidth","pixelRatio","pixelRatio","n","n","n","e","e","e","e[t]","n","o.windowHeight","o.windowHeight","windowWidth","windowWidth","n","n","o.language","o.language","windowHeight","windowHeight","n","n","o.version","o.version","language","language","n","o.platform","o.platform","wxVersion","wxVersion","data","o.system","o.system","platform","platform","o.platform","o.platform","system","system","o.SDKVersion","o.SDKVersion","o.pixelRatio"],"uiString":[]}]}},{"file":"/utils/api.js","source2sink":{"source":["wx.getSystemInfoSync"],"sink":[],"pairsOfSource2Sink":[]}},{"file":"/utils/commin.js","source2sink":{"source":["wx.getStorageSync","wx.getStorageSync.replace","wx.getStorage"],"sink":["wx.setStorageSync"],"pairsOfSource2Sink":[{"source":"wx.getStorageSync","sink":"wx.setStorageSync","visitedContent":["wx.getStorageSync","wx.getStorageSync","wx.getStorageSync","wx.getStorageSync","wx.getStorageSync","wx.getStorageSync","wx.getStorageSync","wx.getStorageSync","r","r","r","t","t","r","r","o","c","n","r","t.data.length","t.data.length","r","o","c","n","r","t.data.length","t.data[a]","c","t.data[a]","t.data[a].proId","i","t.data[a].proId","t.data[a]","i","t.data[a].value","t"],"uiString":[]},{"source":"wx.getStorageSync","sink":"wx.setStorageSync","visitedContent":["wx.getStorageSync","wx.getStorageSync","wx.getStorageSync","wx.getStorageSync","wx.getStorageSync","wx.getStorageSync","wx.getStorageSync","wx.getStorageSync","r","r","r","t","t","r","r","o","c","n","r","t.data.length","t.data.length","r","o","c","n","r","t.data.length","t.data[a]","c","t.data[a]","t.data[a].proId","i","t.data[a].proId","t.data[a]","i","t.data[a].value","t"],"uiString":[]}]}},{"file":"/wxParse/wxParse.js","source2sink":{"source":["wx.getSystemInfo"],"sink":[],"pairsOfSource2Sink":[]}},{"file":"/pages/chartsHome/chartsHome.js","source2sink":{"source":["wx.getStorage","formReset","formSubmit","bindStartDateChange","bindEndDateChange","changeHidden","tradeAlltap","tradeRestoration","tradeConfirm","areaAlltap","areaRestoration","areaConfirm","chartTrade","chartTradeSecond","chartArea","chartAreaSecond"],"sink":["console.log"],"pairsOfSource2Sink":[{"source":"wx.getStorage","sink":"console.log","visitedContent":["e","e.data","e.data","e.data","e.data","e","e","r","r","r","c"],"uiString":[]}]}},{"file":"/pages/companyHome/companyHome.js","source2sink":{"source":["wx.getSystemInfo","wx.getStorageSync","wx.getStorage","wxSerchFocus","wxSearchBlur"],"sink":[],"pairsOfSource2Sink":[]}},{"file":"/pages/logFail/logFail.js","source2sink":{"source":["bindGetUserInfo"],"sink":[],"pairsOfSource2Sink":[]}},{"file":"/pages/personalCenterHome/personalCenterHome.js","source2sink":{"source":["wx.getStorage","wx.getStorageSync","getUserProfile"],"sink":["console.log"],"pairsOfSource2Sink":[{"source":"wx.getStorage","sink":"console.log","visitedContent":["e","e.data","e.data"],"uiString":[]},{"source":"wx.getStorage","sink":"console.log","visitedContent":["e","e.data","e.data"],"uiString":[]}]}},{"file":"/pages/projectHome/projectHome.js","source2sink":{"source":["wx.login","wx.request"],"sink":["console.log"],"pairsOfSource2Sink":[{"source":"wx.login","sink":"console.log","visitedContent":["t","t.code","t.errMsg"],"uiString":[]}]}},{"file":"/pages/recentProjectsHome/recentProjectsHome.js","source2sink":{"source":["wx.getStorage","wx.getSystemInfo","wx.getStorageSync","isList","formCancel","formReset","formSubmit","areaAlltap","areaRestoration","areaConfirm","cityRestoration","cityConfirm","countyRestoration","countyConfirm","chartArea","chartAreaSecond"],"sink":["console.log"],"pairsOfSource2Sink":[{"source":"wx.getStorage","sink":"console.log","visitedContent":["r","r.data","r.data","r.data","r.data","d"],"uiString":[]}]}},{"file":"/utils/wxSearch/wxSearch.js","source2sink":{"source":["wx.getStorageSync","wx.getSystemInfo"],"sink":["wx.setStorage"],"pairsOfSource2Sink":[{"source":"wx.getStorageSync","sink":"wx.setStorage","visitedContent":["wx.getStorageSync","wx.getStorageSync","wx.getStorageSync","wx.getStorageSync","wx.getStorageSync","wx.getStorageSync","t","t","i","i","i","t","t","i.indexOf","i","i.indexOf","(s = a.data.nameData).his","s.his","i.unshift","i.indexOf","i.splice","s","s","s","i","i.unshift","i","data","i","data","data"],"uiString":[]},{"source":"wx.getStorageSync","sink":"wx.setStorage","visitedContent":["wx.getStorageSync","wx.getStorageSync","wx.getStorageSync","wx.getStorageSync","wx.getStorageSync","wx.getStorageSync","t","t","i","i","i","t","t","i.indexOf","i","i.indexOf","(s = a.data.nameData).his","s.his","i.unshift","i.indexOf","i.splice","s","s","s","i","i.unshift","i","data","i","data","data"],"uiString":[]},{"source":"wx.getStorageSync","sink":"wx.setStorage","visitedContent":["wx.getStorageSync","wx.getStorageSync","wx.getStorageSync","wx.getStorageSync","wx.getStorageSync","wx.getStorageSync","t","t","i","i","i","t","t","i.indexOf","i","i.indexOf","(s = a.data.nameData).his","s.his","i.unshift","i.indexOf","i.splice","s","s","s","i","i.unshift","i","data","i","data","data"],"uiString":[]}]}},{"file":"/pages/charts/chartsDeal/chartsDeal.js","source2sink":{"source":["wx.getStorageSync","wx.getSystemInfoSync"],"sink":[],"pairsOfSource2Sink":[]}},{"file":"/pages/charts/chartsDistribute/chartsDistribute.js","source2sink":{"source":["wx.getStorageSync","wx.getSystemInfoSync"],"sink":["console.log"],"pairsOfSource2Sink":[{"source":"wx.getStorageSync","sink":"console.log","visitedContent":["wx.getStorageSync","i","i","i","i","i","o","o","o","s","s","url","url","s","s","s","s","e","e","e.constructor","e","s","s","s","s","s.login","s.login","s.success","s.success","y","s.fail","s.fail","p","s.complete","s.complete","d","s.header","s.header","E","E","s","S","S"],"uiString":[]}]}},{"file":"/pages/charts/chartsEarnings/chartsEarnings.js","source2sink":{"source":["wx.getStorageSync","wx.getSystemInfoSync"],"sink":[],"pairsOfSource2Sink":[]}},{"file":"/pages/charts/chartsOccupancy/chartsOccupancy.js","source2sink":{"source":["wx.getStorageSync"],"sink":[],"pairsOfSource2Sink":[]}},{"file":"/pages/company/companyCollectionList/companyCollectionList.js","source2sink":{"source":["wx.getSystemInfo","wx.getStorage"],"sink":[],"pairsOfSource2Sink":[]}},{"file":"/pages/company/companyDetails/companyDetails.js","source2sink":{"source":["wx.getStorageSync","wx.request","isCollection"],"sink":[],"pairsOfSource2Sink":[]}},{"file":"/pages/company/companyProjectList/companyProjectList.js","source2sink":{"source":["wx.getSystemInfo","wx.getStorageSync","wx.getStorage"],"sink":["console.log"],"pairsOfSource2Sink":[{"source":"wx.getStorageSync","sink":"console.log","visitedContent":["wx.getStorageSync","s","s","s","s","s","o","o","o","s","s","url","url","s","s","s","s","e","e","e.constructor","e","s","s","s","s","s.login","s.login","s.success","s.success","y","s.fail","s.fail","p","s.complete","s.complete","d","s.header","s.header","E","E","s","S","S"],"uiString":[]}]}},{"file":"/pages/personalCenter/feedbackAdvice/feedbackAdvice.js","source2sink":{"source":["bindFormSubmit","residueNum"],"sink":[],"pairsOfSource2Sink":[]}},{"file":"/pages/personalCenter/groupPay/groupPay.js","source2sink":{"source":["rechargeBtn","renewPay","renewUserMinus","renewUserAdd"],"sink":[],"pairsOfSource2Sink":[]}},{"file":"/pages/personalCenter/invoicetypePage/invoicetypePage.js","source2sink":{"source":["formSubmit","radioTitleChange","radioChange"],"sink":[],"pairsOfSource2Sink":[]}},{"file":"/pages/personalCenter/personalPage/personalPage.js","source2sink":{"source":["wx.getStorageSync","register","getphone","getNumber"],"sink":[],"pairsOfSource2Sink":[]}},{"file":"/pages/personalCenter/rechargePage/rechargePage.js","source2sink":{"source":["wx.getStorageSync","wx.getSystemInfo","wx.getStorage","rechargeBtn","groupPay"],"sink":[],"pairsOfSource2Sink":[]}},{"file":"/pages/personalCenter/userSet/userSet.js","source2sink":{"source":["stopUse","delUesr","startUse","stick"],"sink":[],"pairsOfSource2Sink":[]}},{"file":"/pages/project/details/details.js","source2sink":{"source":["wx.getStorageSync","feedbackProject","isCollection","feedbackSubmit","copyUrl","feedbackKey","cancelCopy"],"sink":[],"pairsOfSource2Sink":[]}},{"file":"/pages/project/proCollectionList/proCollectionList.js","source2sink":{"source":["wx.getSystemInfo","wx.getStorage"],"sink":[],"pairsOfSource2Sink":[]}},{"file":"/pages/project/proList/proList.js","source2sink":{"source":["wx.getSystemInfo","wx.getStorageSync","wx.getStorage","formReset","formSubmit","formCancel","inputValue","bindScaleMinChange","bindScaleMaxChange","bindCooMinChange","bindCooMaxChange","bindStartDateChange","bindEndDateChange","tradeAlltap","tradeRestoration","tradeConfirm","areaAlltap","areaRestoration","areaConfirm","cityRestoration","cityConfirm","countyRestoration","countyConfirm","chartTrade","chartTradeSecond","chartArea","chartAreaSecond"],"sink":[],"pairsOfSource2Sink":[]}},{"file":"/vendor/qcloud-weapp-client-sdk/lib/login.js","source2sink":{"source":["wx.login","wx.getStorage","wx.request"],"sink":["wx.setStorageSync"],"pairsOfSource2Sink":[{"source":"wx.request","sink":"wx.setStorageSync","visitedContent":["e","e.data","e.data","t[n.WX_SESSION_MAGIC_ID]","t","t.session","t.session","t.session.userInfo","t.error","t.error","t.session","t.session","t","t","t.message","u"],"uiString":[]}]}},{"file":"/vendor/qcloud-weapp-client-sdk/lib/request.js","source2sink":{"source":["wx.request"],"sink":[],"pairsOfSource2Sink":[]}},{"file":"/vendor/qcloud-weapp-client-sdk/lib/wxTunnel.js","source2sink":{"source":["wx.onSocketMessage"],"sink":[],"pairsOfSource2Sink":[]}}]