{"/app.js":[{"stained":"wx.getSystemInfoSync","nodes":[{"name":"118081","declaredName":"__function__36","declaredLoc":{"line":36,"column":13},"file":"/app.js","type":"ofAppInstance: onError"},{"name":"118089","declaredName":"wx.getSystemInfoSync()","declaredLoc":{"line":37,"column":19},"file":"/app.js","type":"source"}],"edges":[{"source":"118081","target":"118089"}]},{"stained":"wx.request","nodes":[{"name":"118081","declaredName":"__function__36","declaredLoc":{"line":36,"column":13},"file":"/app.js","type":"ofAppInstance: onError"},{"name":"118094","declaredName":"wx.request({url:i.getBaseUrl()+'/...","declaredLoc":{"line":38,"column":8},"file":"/app.js","type":"source,sink"}],"edges":[{"source":"118081","target":"118094"}]},{"stained":"wx.getShareInfo","nodes":[{"name":"118346","declaredName":"__function__84","declaredLoc":{"line":84,"column":47},"file":"/app.js","type":"normal"},{"name":"118391","declaredName":"wx.getShareInfo({shareTicket:e.sh...","declaredLoc":{"line":87,"column":45},"file":"/app.js","type":"source"}],"edges":[{"source":"118346","target":"118391"}]}],"/utils/api.js":[{"stained":"wx.getSystemInfoSync","nodes":[{"name":"118742","declaredName":"wx.getSystemInfoSync()","declaredLoc":{"line":38,"column":146},"file":"/utils/api.js","type":"source"}],"edges":[{"source":"118569","target":"118742"}]}],"/utils/commin.js":[{"stained":"wx.getStorageSync","nodes":[{"name":"233205","declaredName":"__function__299","declaredLoc":{"line":299,"column":17},"file":"/pages/project/details/details.js","type":"ofPageInstance: feedbackKey"},{"name":"172888","declaredName":"__function__80","declaredLoc":{"line":80,"column":24},"file":"/utils/commin.js","type":"normal"},{"name":"172897","declaredName":"wx.getStorageSync(e)","declaredLoc":{"line":81,"column":23},"file":"/utils/commin.js","type":"source"},{"name":"233022","declaredName":"__function__259","declaredLoc":{"line":259,"column":21},"file":"/pages/project/details/details.js","type":"ofPageInstance: feedbackProject"},{"name":"172953","declaredName":"__function__89","declaredLoc":{"line":89,"column":21},"file":"/utils/commin.js","type":"normal"},{"name":"172959","declaredName":"wx.getStorageSync(n())","declaredLoc":{"line":90,"column":16},"file":"/utils/commin.js","type":"source"},{"name":"233161","declaredName":"__function__286","declaredLoc":{"line":286,"column":29},"file":"/pages/project/details/details.js","type":"normal"},{"name":"173040","declaredName":"__function__103","declaredLoc":{"line":103,"column":27},"file":"/utils/commin.js","type":"normal"},{"name":"173047","declaredName":"wx.getStorageSync(n())","declaredLoc":{"line":104,"column":21},"file":"/utils/commin.js","type":"source"},{"name":"222969","declaredName":"__function__136","declaredLoc":{"line":136,"column":57},"file":"/pages/company/companyProjectList/companyProjectList.js","type":"normal"},{"name":"223181","declaredName":"__function__171","declaredLoc":{"line":171,"column":57},"file":"/pages/company/companyProjectList/companyProjectList.js","type":"normal"},{"name":"233688","declaredName":"__function__53","declaredLoc":{"line":53,"column":67},"file":"/pages/project/proCollectionList/proCollectionList.js","type":"normal"},{"name":"243413","declaredName":"__function__1363","declaredLoc":{"line":1363,"column":50},"file":"/pages/project/proList/proList.js","type":"normal"},{"name":"235650","declaredName":"__function__403","declaredLoc":{"line":403,"column":14},"file":"/pages/project/proList/proList.js","type":"ofPageInstance: loadData"},{"name":"236476","declaredName":"__function__494","declaredLoc":{"line":494,"column":50},"file":"/pages/project/proList/proList.js","type":"normal"},{"name":"237507","declaredName":"__function__608","declaredLoc":{"line":608,"column":50},"file":"/pages/project/proList/proList.js","type":"normal"},{"name":"173106","declaredName":"__function__108","declaredLoc":{"line":108,"column":22},"file":"/utils/commin.js","type":"normal"},{"name":"173118","declaredName":"wx.getStorageSync('isMember')","declaredLoc":{"line":109,"column":28},"file":"/utils/commin.js","type":"source"},{"name":"173129","declaredName":"wx.getStorageSync('endTime')","declaredLoc":{"line":109,"column":72},"file":"/utils/commin.js","type":"source"},{"name":"199464","declaredName":"__function__60","declaredLoc":{"line":60,"column":23},"file":"/pages/chartsHome/chartsHome.js","type":"ofPageInstance: onShareAppMessage"},{"name":"204323","declaredName":"__function__29","declaredLoc":{"line":29,"column":23},"file":"/pages/companyHome/companyHome.js","type":"ofPageInstance: onShareAppMessage"},{"name":"207582","declaredName":"__function__21","declaredLoc":{"line":21,"column":23},"file":"/pages/projectHome/projectHome.js","type":"ofPageInstance: onShareAppMessage"},{"name":"208533","declaredName":"__function__148","declaredLoc":{"line":148,"column":23},"file":"/pages/recentProjectsHome/recentProjectsHome.js","type":"ofPageInstance: onShareAppMessage"},{"name":"215805","declaredName":"__function__52","declaredLoc":{"line":52,"column":23},"file":"/pages/charts/chartsDeal/chartsDeal.js","type":"ofPageInstance: onShareAppMessage"},{"name":"217186","declaredName":"__function__19","declaredLoc":{"line":19,"column":23},"file":"/pages/charts/chartsDistribute/chartsDistribute.js","type":"ofPageInstance: onShareAppMessage"},{"name":"218018","declaredName":"__function__37","declaredLoc":{"line":37,"column":23},"file":"/pages/charts/chartsEarnings/chartsEarnings.js","type":"ofPageInstance: onShareAppMessage"},{"name":"219252","declaredName":"__function__28","declaredLoc":{"line":28,"column":23},"file":"/pages/charts/chartsOccupancy/chartsOccupancy.js","type":"ofPageInstance: onShareAppMessage"},{"name":"220933","declaredName":"__function__28","declaredLoc":{"line":28,"column":23},"file":"/pages/company/companyDetails/companyDetails.js","type":"ofPageInstance: onShareAppMessage"},{"name":"222279","declaredName":"__function__29","declaredLoc":{"line":29,"column":23},"file":"/pages/company/companyProjectList/companyProjectList.js","type":"ofPageInstance: onShareAppMessage"},{"name":"230821","declaredName":"__function__39","declaredLoc":{"line":39,"column":23},"file":"/pages/project/details/details.js","type":"ofPageInstance: onShareAppMessage"},{"name":"234892","declaredName":"__function__278","declaredLoc":{"line":278,"column":23},"file":"/pages/project/proList/proList.js","type":"ofPageInstance: onShareAppMessage"},{"name":"173500","declaredName":"__function__123","declaredLoc":{"line":123,"column":15},"file":"/utils/commin.js","type":"normal"},{"name":"173523","declaredName":"wx.getStorageSync('user_uniq_toke...","declaredLoc":{"line":124,"column":63},"file":"/utils/commin.js","type":"source"},{"name":"173530","declaredName":"wx.getStorageSync('channel_id')","declaredLoc":{"line":124,"column":105},"file":"/utils/commin.js","type":"source"},{"name":"173537","declaredName":"wx.getStorageSync('discountTitle'...","declaredLoc":{"line":124,"column":142},"file":"/utils/commin.js","type":"source"},{"name":"202509","declaredName":"__function__381","declaredLoc":{"line":381,"column":21},"file":"/pages/chartsHome/chartsHome.js","type":"normal"},{"name":"202555","declaredName":"__function__385","declaredLoc":{"line":385,"column":75},"file":"/pages/chartsHome/chartsHome.js","type":"normal"},{"name":"204711","declaredName":"__function__87","declaredLoc":{"line":87,"column":21},"file":"/pages/companyHome/companyHome.js","type":"normal"},{"name":"204750","declaredName":"__function__91","declaredLoc":{"line":91,"column":75},"file":"/pages/companyHome/companyHome.js","type":"normal"},{"name":"206619","declaredName":"__function__70","declaredLoc":{"line":70,"column":47},"file":"/pages/personalCenterHome/personalCenterHome.js","type":"normal"},{"name":"235331","declaredName":"__function__353","declaredLoc":{"line":353,"column":21},"file":"/pages/project/proList/proList.js","type":"normal"},{"name":"235358","declaredName":"__function__357","declaredLoc":{"line":357,"column":55},"file":"/pages/project/proList/proList.js","type":"normal"},{"name":"173617","declaredName":"__function__140","declaredLoc":{"line":140,"column":20},"file":"/utils/commin.js","type":"normal"},{"name":"173625","declaredName":"wx.getStorageSync('hintTime')","declaredLoc":{"line":141,"column":16},"file":"/utils/commin.js","type":"source"}],"edges":[{"source":"172888","target":"172897"},{"source":"233205","target":"172888"},{"source":"172953","target":"172959"},{"source":"233022","target":"172953"},{"source":"173040","target":"173047"},{"source":"233161","target":"173040"},{"source":"173106","target":"173118"},{"source":"222969","target":"173106"},{"source":"222969","target":"173106"},{"source":"223181","target":"173106"},{"source":"223181","target":"173106"},{"source":"233688","target":"173106"},{"source":"235650","target":"173106"},{"source":"243413","target":"235650"},{"source":"236476","target":"173106"},{"source":"237507","target":"173106"},{"source":"243413","target":"173106"},{"source":"173106","target":"173129"},{"source":"173500","target":"173523"},{"source":"199464","target":"173500"},{"source":"204323","target":"173500"},{"source":"207582","target":"173500"},{"source":"208533","target":"173500"},{"source":"215805","target":"173500"},{"source":"217186","target":"173500"},{"source":"218018","target":"173500"},{"source":"219252","target":"173500"},{"source":"220933","target":"173500"},{"source":"222279","target":"173500"},{"source":"230821","target":"173500"},{"source":"234892","target":"173500"},{"source":"173500","target":"173530"},{"source":"173500","target":"173537"},{"source":"173617","target":"173625"},{"source":"202509","target":"173617"},{"source":"202555","target":"173617"},{"source":"204711","target":"173617"},{"source":"204750","target":"173617"},{"source":"206619","target":"173617"},{"source":"235331","target":"173617"},{"source":"235358","target":"173617"}]},{"stained":"wx.getStorageSync.replace","nodes":[{"name":"222969","declaredName":"__function__136","declaredLoc":{"line":136,"column":57},"file":"/pages/company/companyProjectList/companyProjectList.js","type":"normal"},{"name":"223181","declaredName":"__function__171","declaredLoc":{"line":171,"column":57},"file":"/pages/company/companyProjectList/companyProjectList.js","type":"normal"},{"name":"233688","declaredName":"__function__53","declaredLoc":{"line":53,"column":67},"file":"/pages/project/proCollectionList/proCollectionList.js","type":"normal"},{"name":"243413","declaredName":"__function__1363","declaredLoc":{"line":1363,"column":50},"file":"/pages/project/proList/proList.js","type":"normal"},{"name":"235650","declaredName":"__function__403","declaredLoc":{"line":403,"column":14},"file":"/pages/project/proList/proList.js","type":"ofPageInstance: loadData"},{"name":"236476","declaredName":"__function__494","declaredLoc":{"line":494,"column":50},"file":"/pages/project/proList/proList.js","type":"normal"},{"name":"237507","declaredName":"__function__608","declaredLoc":{"line":608,"column":50},"file":"/pages/project/proList/proList.js","type":"normal"},{"name":"173106","declaredName":"__function__108","declaredLoc":{"line":108,"column":22},"file":"/utils/commin.js","type":"normal"},{"name":"173127","declaredName":"wx.getStorageSync('endTime').repl...","declaredLoc":{"line":109,"column":72},"file":"/utils/commin.js","type":"source"}],"edges":[{"source":"173106","target":"173127"},{"source":"222969","target":"173106"},{"source":"222969","target":"173106"},{"source":"223181","target":"173106"},{"source":"223181","target":"173106"},{"source":"233688","target":"173106"},{"source":"235650","target":"173106"},{"source":"243413","target":"235650"},{"source":"236476","target":"173106"},{"source":"237507","target":"173106"},{"source":"243413","target":"173106"}]},{"stained":"wx.getStorage","nodes":[{"name":"204074","declaredName":"__function__616","declaredLoc":{"line":616,"column":20},"file":"/pages/chartsHome/chartsHome.js","type":"ofPageInstance: toRechargePage"},{"name":"205757","declaredName":"__function__295","declaredLoc":{"line":295,"column":20},"file":"/pages/companyHome/companyHome.js","type":"ofPageInstance: toRechargePage"},{"name":"207029","declaredName":"__function__164","declaredLoc":{"line":164,"column":20},"file":"/pages/personalCenterHome/personalCenterHome.js","type":"ofPageInstance: toRechargePage"},{"name":"207934","declaredName":"__function__111","declaredLoc":{"line":111,"column":20},"file":"/pages/projectHome/projectHome.js","type":"ofPageInstance: toRechargePage"},{"name":"214187","declaredName":"__function__934","declaredLoc":{"line":934,"column":20},"file":"/pages/recentProjectsHome/recentProjectsHome.js","type":"ofPageInstance: toRechargePage"},{"name":"244839","declaredName":"__function__1599","declaredLoc":{"line":1599,"column":20},"file":"/pages/project/proList/proList.js","type":"ofPageInstance: toRechargePage"},{"name":"173965","declaredName":"__function__181","declaredLoc":{"line":181,"column":19},"file":"/utils/commin.js","type":"normal"},{"name":"173969","declaredName":"wx.getStorage({key:'isBindPhone',...","declaredLoc":{"line":182,"column":8},"file":"/utils/commin.js","type":"source"}],"edges":[{"source":"173965","target":"173969"},{"source":"204074","target":"173965"},{"source":"205757","target":"173965"},{"source":"207029","target":"173965"},{"source":"207934","target":"173965"},{"source":"214187","target":"173965"},{"source":"244839","target":"173965"}]}],"/wxParse/wxParse.js":[{"stained":"wx.getSystemInfo","nodes":[{"name":"198898","declaredName":"wx.getSystemInfo({success:functio...","declaredLoc":{"line":57,"column":0},"file":"/wxParse/wxParse.js","type":"source"}],"edges":[{"source":"198458","target":"198898"}]}],"/pages/chartsHome/chartsHome.js":[{"stained":"wx.getStorage","nodes":[{"name":"202478","declaredName":"__function__375","declaredLoc":{"line":375,"column":12},"file":"/pages/chartsHome/chartsHome.js","type":"ofPageInstance: onShow"},{"name":"202499","declaredName":"wx.getStorage({key:'payTime',succ...","declaredLoc":{"line":379,"column":12},"file":"/pages/chartsHome/chartsHome.js","type":"source"},{"name":"202677","declaredName":"__function__408","declaredLoc":{"line":408,"column":25},"file":"/pages/chartsHome/chartsHome.js","type":"ofPageInstance: bindStartDateChange"},{"name":"202788","declaredName":"wx.getStorage({key:'payTime',succ...","declaredLoc":{"line":412,"column":36},"file":"/pages/chartsHome/chartsHome.js","type":"source"},{"name":"203087","declaredName":"__function__459","declaredLoc":{"line":459,"column":23},"file":"/pages/chartsHome/chartsHome.js","type":"ofPageInstance: bindEndDateChange"},{"name":"203198","declaredName":"wx.getStorage({key:'payTime',succ...","declaredLoc":{"line":463,"column":36},"file":"/pages/chartsHome/chartsHome.js","type":"source"},{"name":"202859","declaredName":"__function__422","declaredLoc":{"line":422,"column":29},"file":"/pages/chartsHome/chartsHome.js","type":"normal"},{"name":"202873","declaredName":"wx.getStorage({key:'isBindPhone',...","declaredLoc":{"line":423,"column":60},"file":"/pages/chartsHome/chartsHome.js","type":"source"},{"name":"203269","declaredName":"__function__473","declaredLoc":{"line":473,"column":29},"file":"/pages/chartsHome/chartsHome.js","type":"normal"},{"name":"203283","declaredName":"wx.getStorage({key:'isBindPhone',...","declaredLoc":{"line":474,"column":60},"file":"/pages/chartsHome/chartsHome.js","type":"source"}],"edges":[{"source":"202478","target":"202499"},{"source":"202677","target":"202788"},{"source":"203087","target":"203198"},{"source":"202859","target":"202873"},{"source":"203269","target":"203283"}]}],"/pages/companyHome/companyHome.js":[{"stained":"wx.getSystemInfo","nodes":[{"name":"204352","declaredName":"__function__34","declaredLoc":{"line":34,"column":12},"file":"/pages/companyHome/companyHome.js","type":"ofPageInstance: onLoad"},{"name":"204382","declaredName":"wx.getSystemInfo({success:functio...","declaredLoc":{"line":41,"column":12},"file":"/pages/companyHome/companyHome.js","type":"source"}],"edges":[{"source":"204352","target":"204382"}]},{"stained":"wx.getStorageSync","nodes":[{"name":"204352","declaredName":"__function__34","declaredLoc":{"line":34,"column":12},"file":"/pages/companyHome/companyHome.js","type":"ofPageInstance: onLoad"},{"name":"204467","declaredName":"wx.getStorageSync('cache_id')","declaredLoc":{"line":57,"column":22},"file":"/pages/companyHome/companyHome.js","type":"source"}],"edges":[{"source":"204352","target":"204467"}]},{"stained":"wx.getStorage","nodes":[{"name":"204678","declaredName":"__function__83","declaredLoc":{"line":83,"column":12},"file":"/pages/companyHome/companyHome.js","type":"ofPageInstance: onShow"},{"name":"204701","declaredName":"wx.getStorage({key:'payTime',succ...","declaredLoc":{"line":85,"column":25},"file":"/pages/companyHome/companyHome.js","type":"source"},{"name":"204775","declaredName":"wx.getStorage({key:'keyRefresh',s...","declaredLoc":{"line":96,"column":12},"file":"/pages/companyHome/companyHome.js","type":"source"}],"edges":[{"source":"204678","target":"204701"},{"source":"204678","target":"204775"}]}],"/pages/logFail/logFail.js":[{"stained":"wx.getShareInfo","nodes":[{"name":"206180","declaredName":"__function__56","declaredLoc":{"line":56,"column":47},"file":"/pages/logFail/logFail.js","type":"normal"},{"name":"206230","declaredName":"wx.getShareInfo({shareTicket:e.sh...","declaredLoc":{"line":60,"column":12},"file":"/pages/logFail/logFail.js","type":"source"}],"edges":[{"source":"206180","target":"206230"}]}],"/pages/personalCenterHome/personalCenterHome.js":[{"stained":"wx.getStorage","nodes":[{"name":"206397","declaredName":"__function__19","declaredLoc":{"line":19,"column":12},"file":"/pages/personalCenterHome/personalCenterHome.js","type":"ofPageInstance: onLoad"},{"name":"206405","declaredName":"wx.getStorage({key:'show_useinfo'...","declaredLoc":{"line":21,"column":8},"file":"/pages/personalCenterHome/personalCenterHome.js","type":"source"},{"name":"206462","declaredName":"__function__35","declaredLoc":{"line":35,"column":12},"file":"/pages/personalCenterHome/personalCenterHome.js","type":"ofPageInstance: onShow"},{"name":"206470","declaredName":"wx.getStorage({key:'show_useinfo'...","declaredLoc":{"line":37,"column":8},"file":"/pages/personalCenterHome/personalCenterHome.js","type":"source"},{"name":"206680","declaredName":"__function__78","declaredLoc":{"line":78,"column":14},"file":"/pages/personalCenterHome/personalCenterHome.js","type":"ofPageInstance: recharge"},{"name":"206713","declaredName":"wx.getStorage({key:'isBindPhone',...","declaredLoc":{"line":83,"column":19},"file":"/pages/personalCenterHome/personalCenterHome.js","type":"source"}],"edges":[{"source":"206397","target":"206405"},{"source":"206462","target":"206470"},{"source":"206680","target":"206713"}]},{"stained":"wx.getStorageSync","nodes":[{"name":"206444","declaredName":"__function__28","declaredLoc":{"line":28,"column":18},"file":"/pages/personalCenterHome/personalCenterHome.js","type":"normal"},{"name":"206455","declaredName":"wx.getStorageSync('userInfo')","declaredLoc":{"line":30,"column":30},"file":"/pages/personalCenterHome/personalCenterHome.js","type":"source"},{"name":"206509","declaredName":"__function__44","declaredLoc":{"line":44,"column":18},"file":"/pages/personalCenterHome/personalCenterHome.js","type":"normal"},{"name":"206520","declaredName":"wx.getStorageSync('userInfo')","declaredLoc":{"line":46,"column":30},"file":"/pages/personalCenterHome/personalCenterHome.js","type":"source"}],"edges":[{"source":"206444","target":"206455"},{"source":"206509","target":"206520"}]},{"stained":"wx.getShareInfo","nodes":[{"name":"207361","declaredName":"__function__223","declaredLoc":{"line":223,"column":47},"file":"/pages/personalCenterHome/personalCenterHome.js","type":"normal"},{"name":"207411","declaredName":"wx.getShareInfo({shareTicket:t.sh...","declaredLoc":{"line":227,"column":12},"file":"/pages/personalCenterHome/personalCenterHome.js","type":"source"}],"edges":[{"source":"207361","target":"207411"}]}],"/pages/projectHome/projectHome.js":[{"stained":"wx.login","nodes":[{"name":"207648","declaredName":"__function__35","declaredLoc":{"line":35,"column":12},"file":"/pages/projectHome/projectHome.js","type":"ofPageInstance: onShow"},{"name":"207652","declaredName":"wx.login({success:function(t){t.c...","declaredLoc":{"line":36,"column":8},"file":"/pages/projectHome/projectHome.js","type":"source"}],"edges":[{"source":"207648","target":"207652"}]},{"stained":"wx.request","nodes":[{"name":"207704","declaredName":"__function__47","declaredLoc":{"line":47,"column":23},"file":"/pages/projectHome/projectHome.js","type":"ofPageInstance: projectCompanyNum"},{"name":"207711","declaredName":"wx.request({header:{'Content-Type...","declaredLoc":{"line":49,"column":8},"file":"/pages/projectHome/projectHome.js","type":"source,sink"}],"edges":[{"source":"207704","target":"207711"}]}],"/pages/recentProjectsHome/recentProjectsHome.js":[{"stained":"wx.getStorage","nodes":[{"name":"208369","declaredName":"__function__118","declaredLoc":{"line":118,"column":12},"file":"/pages/recentProjectsHome/recentProjectsHome.js","type":"ofPageInstance: onShow"},{"name":"208391","declaredName":"wx.getStorage({key:'payTime',comp...","declaredLoc":{"line":122,"column":12},"file":"/pages/recentProjectsHome/recentProjectsHome.js","type":"source"},{"name":"210266","declaredName":"__function__414","declaredLoc":{"line":414,"column":17},"file":"/pages/recentProjectsHome/recentProjectsHome.js","type":"ofPageInstance: loadDetails"},{"name":"210472","declaredName":"__function__429","declaredLoc":{"line":429,"column":18},"file":"/pages/recentProjectsHome/recentProjectsHome.js","type":"ofPageInstance: isMemberUser"},{"name":"210489","declaredName":"wx.getStorage({key:'payTime',succ...","declaredLoc":{"line":431,"column":8},"file":"/pages/recentProjectsHome/recentProjectsHome.js","type":"source"},{"name":"208562","declaredName":"__function__153","declaredLoc":{"line":153,"column":12},"file":"/pages/recentProjectsHome/recentProjectsHome.js","type":"ofPageInstance: onLoad"},{"name":"212970","declaredName":"__function__773","declaredLoc":{"line":773,"column":16},"file":"/pages/recentProjectsHome/recentProjectsHome.js","type":"ofPageInstance: formSubmit"},{"name":"208822","declaredName":"__function__201","declaredLoc":{"line":201,"column":22},"file":"/pages/recentProjectsHome/recentProjectsHome.js","type":"ofPageInstance: getTenderProject"},{"name":"209499","declaredName":"__function__298","declaredLoc":{"line":298,"column":19},"file":"/pages/recentProjectsHome/recentProjectsHome.js","type":"ofPageInstance: getBidProject"},{"name":"213208","declaredName":"__function__794","declaredLoc":{"line":794,"column":15},"file":"/pages/recentProjectsHome/recentProjectsHome.js","type":"ofPageInstance: formReset"},{"name":"213301","declaredName":"wx.getStorage({key:'payTime',comp...","declaredLoc":{"line":797,"column":44},"file":"/pages/recentProjectsHome/recentProjectsHome.js","type":"source"},{"name":"210602","declaredName":"__function__444","declaredLoc":{"line":444,"column":29},"file":"/pages/recentProjectsHome/recentProjectsHome.js","type":"normal"},{"name":"210616","declaredName":"wx.getStorage({key:'isBindPhone',...","declaredLoc":{"line":445,"column":60},"file":"/pages/recentProjectsHome/recentProjectsHome.js","type":"source"}],"edges":[{"source":"208369","target":"208391"},{"source":"210472","target":"210489"},{"source":"210266","target":"210472"},{"source":"210266","target":"210472"},{"source":"210266","target":"210472"},{"source":"210266","target":"210472"},{"source":"213208","target":"213301"},{"source":"208822","target":"213208"},{"source":"208562","target":"208822"},{"source":"212970","target":"208822"},{"source":"209499","target":"213208"},{"source":"212970","target":"209499"},{"source":"210602","target":"210616"}]},{"stained":"wx.getSystemInfo","nodes":[{"name":"208562","declaredName":"__function__153","declaredLoc":{"line":153,"column":12},"file":"/pages/recentProjectsHome/recentProjectsHome.js","type":"ofPageInstance: onLoad"},{"name":"208588","declaredName":"wx.getSystemInfo({success:functio...","declaredLoc":{"line":158,"column":12},"file":"/pages/recentProjectsHome/recentProjectsHome.js","type":"source"}],"edges":[{"source":"208562","target":"208588"}]},{"stained":"wx.getStorageSync","nodes":[{"name":"208562","declaredName":"__function__153","declaredLoc":{"line":153,"column":12},"file":"/pages/recentProjectsHome/recentProjectsHome.js","type":"ofPageInstance: onLoad"},{"name":"208651","declaredName":"wx.getStorageSync('cache_id')","declaredLoc":{"line":172,"column":22},"file":"/pages/recentProjectsHome/recentProjectsHome.js","type":"source"}],"edges":[{"source":"208562","target":"208651"}]}],"/utils/wxSearch/wxSearch.js":[{"stained":"wx.getStorageSync","nodes":[{"name":"204352","declaredName":"__function__34","declaredLoc":{"line":34,"column":12},"file":"/pages/companyHome/companyHome.js","type":"ofPageInstance: onLoad"},{"name":"214688","declaredName":"__function__32","declaredLoc":{"line":32,"column":10},"file":"/utils/wxSearch/wxSearch.js","type":"normal"},{"name":"215150","declaredName":"__function__95","declaredLoc":{"line":95,"column":25},"file":"/utils/wxSearch/wxSearch.js","type":"normal"},{"name":"215177","declaredName":"__function__101","declaredLoc":{"line":101,"column":25},"file":"/utils/wxSearch/wxSearch.js","type":"normal"},{"name":"215248","declaredName":"__function__113","declaredLoc":{"line":113,"column":25},"file":"/utils/wxSearch/wxSearch.js","type":"normal"},{"name":"215275","declaredName":"__function__119","declaredLoc":{"line":119,"column":25},"file":"/utils/wxSearch/wxSearch.js","type":"normal"},{"name":"215401","declaredName":"__function__142","declaredLoc":{"line":142,"column":25},"file":"/utils/wxSearch/wxSearch.js","type":"normal"},{"name":"215339","declaredName":"__function__131","declaredLoc":{"line":131,"column":21},"file":"/utils/wxSearch/wxSearch.js","type":"normal"},{"name":"214581","declaredName":"__function__13","declaredLoc":{"line":13,"column":0},"file":"/utils/wxSearch/wxSearch.js","type":"normal"},{"name":"214617","declaredName":"wx.getStorageSync('nameHisKeys')","declaredLoc":{"line":19,"column":27},"file":"/utils/wxSearch/wxSearch.js","type":"source"},{"name":"214648","declaredName":"wx.getStorageSync('wxSearchHisKey...","declaredLoc":{"line":22,"column":28},"file":"/utils/wxSearch/wxSearch.js","type":"source"},{"name":"204785","declaredName":"__function__98","declaredLoc":{"line":98,"column":21},"file":"/pages/companyHome/companyHome.js","type":"normal"},{"name":"204860","declaredName":"__function__117","declaredLoc":{"line":117,"column":16},"file":"/pages/companyHome/companyHome.js","type":"ofPageInstance: wxSearchFn"},{"name":"215064","declaredName":"__function__85","declaredLoc":{"line":85,"column":23},"file":"/utils/wxSearch/wxSearch.js","type":"normal"},{"name":"215118","declaredName":"wx.getStorageSync('nameHisKeys')","declaredLoc":{"line":92,"column":17},"file":"/utils/wxSearch/wxSearch.js","type":"source"},{"name":"215213","declaredName":"wx.getStorageSync('wxSearchHisKey...","declaredLoc":{"line":109,"column":20},"file":"/utils/wxSearch/wxSearch.js","type":"source"},{"name":"205340","declaredName":"__function__206","declaredLoc":{"line":206,"column":23},"file":"/pages/companyHome/companyHome.js","type":"ofPageInstance: wxSearchDeleteKey"},{"name":"215283","declaredName":"__function__125","declaredLoc":{"line":125,"column":23},"file":"/utils/wxSearch/wxSearch.js","type":"normal"},{"name":"215314","declaredName":"wx.getStorageSync('nameHisKeys')","declaredLoc":{"line":127,"column":50},"file":"/utils/wxSearch/wxSearch.js","type":"source"},{"name":"215362","declaredName":"wx.getStorageSync('wxSearchHisKey...","declaredLoc":{"line":136,"column":46},"file":"/utils/wxSearch/wxSearch.js","type":"source"}],"edges":[{"source":"214581","target":"214617"},{"source":"214688","target":"214581"},{"source":"204352","target":"214688"},{"source":"204352","target":"214688"},{"source":"215150","target":"214581"},{"source":"215177","target":"214581"},{"source":"215248","target":"214581"},{"source":"215275","target":"214581"},{"source":"215401","target":"214581"},{"source":"215339","target":"214581"},{"source":"214581","target":"214648"},{"source":"215064","target":"215118"},{"source":"204860","target":"215064"},{"source":"204785","target":"204860"},{"source":"215064","target":"215213"},{"source":"215283","target":"215314"},{"source":"205340","target":"215283"},{"source":"215283","target":"215362"}]},{"stained":"wx.getSystemInfo","nodes":[{"name":"204352","declaredName":"__function__34","declaredLoc":{"line":34,"column":12},"file":"/pages/companyHome/companyHome.js","type":"ofPageInstance: onLoad"},{"name":"214688","declaredName":"__function__32","declaredLoc":{"line":32,"column":10},"file":"/utils/wxSearch/wxSearch.js","type":"normal"},{"name":"214744","declaredName":"wx.getSystemInfo({success:functio...","declaredLoc":{"line":38,"column":20},"file":"/utils/wxSearch/wxSearch.js","type":"source"}],"edges":[{"source":"214688","target":"214744"},{"source":"204352","target":"214688"},{"source":"204352","target":"214688"}]}],"/pages/charts/chartsDeal/chartsDeal.js":[{"stained":"wx.getStorageSync","nodes":[{"name":"216135","declaredName":"__function__111","declaredLoc":{"line":111,"column":12},"file":"/pages/charts/chartsDeal/chartsDeal.js","type":"ofPageInstance: onLoad"},{"name":"216463","declaredName":"wx.getStorageSync('cache_id')","declaredLoc":{"line":198,"column":22},"file":"/pages/charts/chartsDeal/chartsDeal.js","type":"source"}],"edges":[{"source":"216135","target":"216463"}]},{"stained":"wx.getSystemInfoSync","nodes":[{"name":"216135","declaredName":"__function__111","declaredLoc":{"line":111,"column":12},"file":"/pages/charts/chartsDeal/chartsDeal.js","type":"ofPageInstance: onLoad"},{"name":"216562","declaredName":"__function__211","declaredLoc":{"line":211,"column":20},"file":"/pages/charts/chartsDeal/chartsDeal.js","type":"normal"},{"name":"216138","declaredName":"__function__112","declaredLoc":{"line":112,"column":8},"file":"/pages/charts/chartsDeal/chartsDeal.js","type":"normal"},{"name":"216149","declaredName":"wx.getSystemInfoSync()","declaredLoc":{"line":113,"column":28},"file":"/pages/charts/chartsDeal/chartsDeal.js","type":"source"}],"edges":[{"source":"216138","target":"216149"},{"source":"216135","target":"216138"},{"source":"216562","target":"216138"}]}],"/pages/charts/chartsDistribute/chartsDistribute.js":[{"stained":"wx.getStorageSync","nodes":[{"name":"217280","declaredName":"__function__42","declaredLoc":{"line":42,"column":12},"file":"/pages/charts/chartsDistribute/chartsDistribute.js","type":"ofPageInstance: onLoad"},{"name":"217348","declaredName":"wx.getStorageSync('cache_id')","declaredLoc":{"line":56,"column":22},"file":"/pages/charts/chartsDistribute/chartsDistribute.js","type":"source"}],"edges":[{"source":"217280","target":"217348"}]},{"stained":"wx.getSystemInfoSync","nodes":[{"name":"217280","declaredName":"__function__42","declaredLoc":{"line":42,"column":12},"file":"/pages/charts/chartsDistribute/chartsDistribute.js","type":"ofPageInstance: onLoad"},{"name":"217459","declaredName":"__function__68","declaredLoc":{"line":68,"column":20},"file":"/pages/charts/chartsDistribute/chartsDistribute.js","type":"normal"},{"name":"217787","declaredName":"__function__104","declaredLoc":{"line":104,"column":12},"file":"/pages/charts/chartsDistribute/chartsDistribute.js","type":"ofPageInstance: canvas"},{"name":"217800","declaredName":"wx.getSystemInfoSync()","declaredLoc":{"line":107,"column":16},"file":"/pages/charts/chartsDistribute/chartsDistribute.js","type":"source"}],"edges":[{"source":"217787","target":"217800"},{"source":"217280","target":"217787"},{"source":"217459","target":"217787"}]}],"/pages/charts/chartsEarnings/chartsEarnings.js":[{"stained":"wx.getStorageSync","nodes":[{"name":"218250","declaredName":"__function__83","declaredLoc":{"line":83,"column":12},"file":"/pages/charts/chartsEarnings/chartsEarnings.js","type":"ofPageInstance: onLoad"},{"name":"218318","declaredName":"wx.getStorageSync('cache_id')","declaredLoc":{"line":97,"column":22},"file":"/pages/charts/chartsEarnings/chartsEarnings.js","type":"source"}],"edges":[{"source":"218250","target":"218318"}]},{"stained":"wx.getSystemInfoSync","nodes":[{"name":"218428","declaredName":"__function__111","declaredLoc":{"line":111,"column":20},"file":"/pages/charts/chartsEarnings/chartsEarnings.js","type":"normal"},{"name":"218991","declaredName":"__function__161","declaredLoc":{"line":161,"column":12},"file":"/pages/charts/chartsEarnings/chartsEarnings.js","type":"ofPageInstance: canvas"},{"name":"219001","declaredName":"wx.getSystemInfoSync()","declaredLoc":{"line":162,"column":24},"file":"/pages/charts/chartsEarnings/chartsEarnings.js","type":"source"}],"edges":[{"source":"218991","target":"219001"},{"source":"218428","target":"218991"}]}],"/pages/charts/chartsOccupancy/chartsOccupancy.js":[{"stained":"wx.getStorageSync","nodes":[{"name":"219369","declaredName":"__function__55","declaredLoc":{"line":55,"column":12},"file":"/pages/charts/chartsOccupancy/chartsOccupancy.js","type":"ofPageInstance: onLoad"},{"name":"219433","declaredName":"wx.getStorageSync('cache_id')","declaredLoc":{"line":67,"column":22},"file":"/pages/charts/chartsOccupancy/chartsOccupancy.js","type":"source"}],"edges":[{"source":"219369","target":"219433"}]}],"/pages/company/companyCollectionList/companyCollectionList.js":[{"stained":"wx.getSystemInfo","nodes":[{"name":"220361","declaredName":"__function__18","declaredLoc":{"line":18,"column":12},"file":"/pages/company/companyCollectionList/companyCollectionList.js","type":"ofPageInstance: onLoad"},{"name":"220370","declaredName":"wx.getSystemInfo({success:functio...","declaredLoc":{"line":20,"column":8},"file":"/pages/company/companyCollectionList/companyCollectionList.js","type":"source"}],"edges":[{"source":"220361","target":"220370"}]},{"stained":"wx.getStorage","nodes":[{"name":"220397","declaredName":"__function__28","declaredLoc":{"line":28,"column":12},"file":"/pages/company/companyCollectionList/companyCollectionList.js","type":"ofPageInstance: onShow"},{"name":"220420","declaredName":"wx.getStorage({key:'keyRefresh',s...","declaredLoc":{"line":33,"column":32},"file":"/pages/company/companyCollectionList/companyCollectionList.js","type":"source"}],"edges":[{"source":"220397","target":"220420"}]}],"/pages/company/companyDetails/companyDetails.js":[{"stained":"wx.getStorageSync","nodes":[{"name":"220962","declaredName":"__function__33","declaredLoc":{"line":33,"column":12},"file":"/pages/company/companyDetails/companyDetails.js","type":"ofPageInstance: onLoad"},{"name":"221030","declaredName":"wx.getStorageSync('cache_id')","declaredLoc":{"line":45,"column":22},"file":"/pages/company/companyDetails/companyDetails.js","type":"source"}],"edges":[{"source":"220962","target":"221030"}]},{"stained":"wx.request","nodes":[{"name":"222097","declaredName":"__function__175","declaredLoc":{"line":175,"column":23},"file":"/pages/company/companyDetails/companyDetails.js","type":"ofPageInstance: projectCompanyNum"},{"name":"222104","declaredName":"wx.request({header:{'Content-Type...","declaredLoc":{"line":177,"column":8},"file":"/pages/company/companyDetails/companyDetails.js","type":"source,sink"}],"edges":[{"source":"222097","target":"222104"}]}],"/pages/company/companyProjectList/companyProjectList.js":[{"stained":"wx.getSystemInfo","nodes":[{"name":"222308","declaredName":"__function__34","declaredLoc":{"line":34,"column":12},"file":"/pages/company/companyProjectList/companyProjectList.js","type":"ofPageInstance: onLoad"},{"name":"222334","declaredName":"wx.getSystemInfo({success:functio...","declaredLoc":{"line":39,"column":12},"file":"/pages/company/companyProjectList/companyProjectList.js","type":"source"}],"edges":[{"source":"222308","target":"222334"}]},{"stained":"wx.getStorageSync","nodes":[{"name":"222308","declaredName":"__function__34","declaredLoc":{"line":34,"column":12},"file":"/pages/company/companyProjectList/companyProjectList.js","type":"ofPageInstance: onLoad"},{"name":"222397","declaredName":"wx.getStorageSync('cache_id')","declaredLoc":{"line":53,"column":22},"file":"/pages/company/companyProjectList/companyProjectList.js","type":"source"}],"edges":[{"source":"222308","target":"222397"}]},{"stained":"wx.getStorage","nodes":[{"name":"222742","declaredName":"__function__96","declaredLoc":{"line":96,"column":12},"file":"/pages/company/companyProjectList/companyProjectList.js","type":"ofPageInstance: onShow"},{"name":"222755","declaredName":"wx.getStorage({key:'payTime',comp...","declaredLoc":{"line":100,"column":8},"file":"/pages/company/companyProjectList/companyProjectList.js","type":"source"},{"name":"223411","declaredName":"__function__212","declaredLoc":{"line":212,"column":17},"file":"/pages/company/companyProjectList/companyProjectList.js","type":"ofPageInstance: loadDetails"},{"name":"223565","declaredName":"wx.getStorage({key:'payTime',succ...","declaredLoc":{"line":219,"column":36},"file":"/pages/company/companyProjectList/companyProjectList.js","type":"source"},{"name":"223646","declaredName":"__function__232","declaredLoc":{"line":232,"column":29},"file":"/pages/company/companyProjectList/companyProjectList.js","type":"normal"},{"name":"223660","declaredName":"wx.getStorage({key:'isBindPhone',...","declaredLoc":{"line":233,"column":60},"file":"/pages/company/companyProjectList/companyProjectList.js","type":"source"}],"edges":[{"source":"222742","target":"222755"},{"source":"223411","target":"223565"},{"source":"223646","target":"223660"}]}],"/pages/personalCenter/personalPage/personalPage.js":[{"stained":"wx.getStorageSync","nodes":[{"name":"227199","declaredName":"__function__40","declaredLoc":{"line":40,"column":12},"file":"/pages/personalCenter/personalPage/personalPage.js","type":"ofPageInstance: onLoad"},{"name":"227210","declaredName":"wx.getStorageSync('userInfo')","declaredLoc":{"line":42,"column":22},"file":"/pages/personalCenter/personalPage/personalPage.js","type":"source"}],"edges":[{"source":"227199","target":"227210"}]}],"/pages/personalCenter/rechargePage/rechargePage.js":[{"stained":"wx.getStorageSync","nodes":[{"name":"227706","declaredName":"__function__33","declaredLoc":{"line":33,"column":12},"file":"/pages/personalCenter/rechargePage/rechargePage.js","type":"ofPageInstance: onLoad"},{"name":"227722","declaredName":"wx.getStorageSync('userInfo')","declaredLoc":{"line":36,"column":22},"file":"/pages/personalCenter/rechargePage/rechargePage.js","type":"source"}],"edges":[{"source":"227706","target":"227722"}]},{"stained":"wx.getSystemInfo","nodes":[{"name":"227706","declaredName":"__function__33","declaredLoc":{"line":33,"column":12},"file":"/pages/personalCenter/rechargePage/rechargePage.js","type":"ofPageInstance: onLoad"},{"name":"227738","declaredName":"__function__40","declaredLoc":{"line":40,"column":13},"file":"/pages/personalCenter/rechargePage/rechargePage.js","type":"ofPageInstance: payNews"},{"name":"227745","declaredName":"wx.getSystemInfo({success:functio...","declaredLoc":{"line":42,"column":8},"file":"/pages/personalCenter/rechargePage/rechargePage.js","type":"source"}],"edges":[{"source":"227738","target":"227745"},{"source":"227706","target":"227738"}]},{"stained":"wx.getStorage","nodes":[{"name":"227798","declaredName":"__function__50","declaredLoc":{"line":50,"column":60},"file":"/pages/personalCenter/rechargePage/rechargePage.js","type":"normal"},{"name":"227810","declaredName":"wx.getStorage({key:'payTime',succ...","declaredLoc":{"line":52,"column":20},"file":"/pages/personalCenter/rechargePage/rechargePage.js","type":"source"}],"edges":[{"source":"227798","target":"227810"}]}],"/pages/project/details/details.js":[{"stained":"wx.getStorageSync","nodes":[{"name":"230871","declaredName":"__function__51","declaredLoc":{"line":51,"column":12},"file":"/pages/project/details/details.js","type":"ofPageInstance: onLoad"},{"name":"230970","declaredName":"wx.getStorageSync('cache_id')","declaredLoc":{"line":64,"column":22},"file":"/pages/project/details/details.js","type":"source"}],"edges":[{"source":"230871","target":"230970"}]}],"/pages/project/proCollectionList/proCollectionList.js":[{"stained":"wx.getSystemInfo","nodes":[{"name":"233546","declaredName":"__function__20","declaredLoc":{"line":20,"column":12},"file":"/pages/project/proCollectionList/proCollectionList.js","type":"ofPageInstance: onLoad"},{"name":"233555","declaredName":"wx.getSystemInfo({success:functio...","declaredLoc":{"line":22,"column":8},"file":"/pages/project/proCollectionList/proCollectionList.js","type":"source"}],"edges":[{"source":"233546","target":"233555"}]},{"stained":"wx.getStorage","nodes":[{"name":"233582","declaredName":"__function__30","declaredLoc":{"line":30,"column":12},"file":"/pages/project/proCollectionList/proCollectionList.js","type":"ofPageInstance: onShow"},{"name":"233605","declaredName":"wx.getStorage({key:'keyRefresh',s...","declaredLoc":{"line":35,"column":32},"file":"/pages/project/proCollectionList/proCollectionList.js","type":"source"}],"edges":[{"source":"233582","target":"233605"}]}],"/pages/project/proList/proList.js":[{"stained":"wx.getSystemInfo","nodes":[{"name":"234915","declaredName":"__function__282","declaredLoc":{"line":282,"column":12},"file":"/pages/project/proList/proList.js","type":"ofPageInstance: onLoad"},{"name":"234954","declaredName":"wx.getSystemInfo({success:functio...","declaredLoc":{"line":290,"column":12},"file":"/pages/project/proList/proList.js","type":"source"}],"edges":[{"source":"234915","target":"234954"}]},{"stained":"wx.getStorageSync","nodes":[{"name":"234915","declaredName":"__function__282","declaredLoc":{"line":282,"column":12},"file":"/pages/project/proList/proList.js","type":"ofPageInstance: onLoad"},{"name":"235011","declaredName":"wx.getStorageSync('cache_id')","declaredLoc":{"line":303,"column":22},"file":"/pages/project/proList/proList.js","type":"source"}],"edges":[{"source":"234915","target":"235011"}]},{"stained":"wx.getStorage","nodes":[{"name":"235287","declaredName":"__function__346","declaredLoc":{"line":346,"column":12},"file":"/pages/project/proList/proList.js","type":"ofPageInstance: onShow"},{"name":"235321","declaredName":"wx.getStorage({key:'payTime',succ...","declaredLoc":{"line":351,"column":29},"file":"/pages/project/proList/proList.js","type":"source"},{"name":"235383","declaredName":"wx.getStorage({key:'keyRefresh',s...","declaredLoc":{"line":362,"column":12},"file":"/pages/project/proList/proList.js","type":"source"},{"name":"238077","declaredName":"__function__670","declaredLoc":{"line":670,"column":17},"file":"/pages/project/proList/proList.js","type":"ofPageInstance: loadDetails"},{"name":"238223","declaredName":"wx.getStorage({key:'payTime',succ...","declaredLoc":{"line":678,"column":13},"file":"/pages/project/proList/proList.js","type":"source"},{"name":"242366","declaredName":"__function__1230","declaredLoc":{"line":1230,"column":25},"file":"/pages/project/proList/proList.js","type":"ofPageInstance: bindStartDateChange"},{"name":"242465","declaredName":"wx.getStorage({key:'payTime',succ...","declaredLoc":{"line":1234,"column":13},"file":"/pages/project/proList/proList.js","type":"source"},{"name":"242710","declaredName":"__function__1281","declaredLoc":{"line":1281,"column":23},"file":"/pages/project/proList/proList.js","type":"ofPageInstance: bindEndDateChange"},{"name":"242809","declaredName":"wx.getStorage({key:'payTime',succ...","declaredLoc":{"line":1285,"column":13},"file":"/pages/project/proList/proList.js","type":"source"},{"name":"243716","declaredName":"__function__1419","declaredLoc":{"line":1419,"column":15},"file":"/pages/project/proList/proList.js","type":"ofPageInstance: formReset"},{"name":"243821","declaredName":"wx.getStorage({key:'payTime',comp...","declaredLoc":{"line":1422,"column":62},"file":"/pages/project/proList/proList.js","type":"source"},{"name":"238298","declaredName":"__function__691","declaredLoc":{"line":691,"column":29},"file":"/pages/project/proList/proList.js","type":"normal"},{"name":"238306","declaredName":"wx.getStorage({key:'isBindPhone',...","declaredLoc":{"line":692,"column":36},"file":"/pages/project/proList/proList.js","type":"source"},{"name":"242530","declaredName":"__function__1244","declaredLoc":{"line":1244,"column":29},"file":"/pages/project/proList/proList.js","type":"normal"},{"name":"242538","declaredName":"wx.getStorage({key:'isBindPhone',...","declaredLoc":{"line":1245,"column":36},"file":"/pages/project/proList/proList.js","type":"source"},{"name":"242874","declaredName":"__function__1295","declaredLoc":{"line":1295,"column":29},"file":"/pages/project/proList/proList.js","type":"normal"},{"name":"242882","declaredName":"wx.getStorage({key:'isBindPhone',...","declaredLoc":{"line":1296,"column":36},"file":"/pages/project/proList/proList.js","type":"source"}],"edges":[{"source":"235287","target":"235321"},{"source":"235287","target":"235383"},{"source":"238077","target":"238223"},{"source":"242366","target":"242465"},{"source":"242710","target":"242809"},{"source":"243716","target":"243821"},{"source":"238298","target":"238306"},{"source":"242530","target":"242538"},{"source":"242874","target":"242882"}]}],"/vendor/qcloud-weapp-client-sdk/lib/login.js":[{"stained":"wx.login","nodes":[{"name":"118207","declaredName":"__function__62","declaredLoc":{"line":62,"column":11},"file":"/app.js","type":"ofAppInstance: login"},{"name":"205999","declaredName":"__function__24","declaredLoc":{"line":24,"column":11},"file":"/pages/logFail/logFail.js","type":"ofPageInstance: login"},{"name":"206577","declaredName":"__function__61","declaredLoc":{"line":61,"column":21},"file":"/pages/personalCenterHome/personalCenterHome.js","type":"normal"},{"name":"207180","declaredName":"__function__191","declaredLoc":{"line":191,"column":11},"file":"/pages/personalCenterHome/personalCenterHome.js","type":"ofPageInstance: login"},{"name":"118595","declaredName":"__function__4","declaredLoc":{"line":4,"column":10},"file":"/utils/api.js","type":"normal"},{"name":"246729","declaredName":"__function__138","declaredLoc":{"line":138,"column":4},"file":"/vendor/qcloud-weapp-client-sdk/lib/tunnel.js","type":"normal"},{"name":"246228","declaredName":"__function__23","declaredLoc":{"line":23,"column":4},"file":"/vendor/qcloud-weapp-client-sdk/lib/tunnel.js","type":"normal"},{"name":"245768","declaredName":"__function__18","declaredLoc":{"line":18,"column":13},"file":"/vendor/qcloud-weapp-client-sdk/lib/request.js","type":"normal"},{"name":"246005","declaredName":"__function__50","declaredLoc":{"line":50,"column":107},"file":"/vendor/qcloud-weapp-client-sdk/lib/request.js","type":"normal"},{"name":"245821","declaredName":"__function__29","declaredLoc":{"line":29,"column":25},"file":"/vendor/qcloud-weapp-client-sdk/lib/request.js","type":"normal"},{"name":"245771","declaredName":"__function__19","declaredLoc":{"line":19,"column":8},"file":"/vendor/qcloud-weapp-client-sdk/lib/request.js","type":"normal"},{"name":"245226","declaredName":"__function__35","declaredLoc":{"line":35,"column":11},"file":"/vendor/qcloud-weapp-client-sdk/lib/login.js","type":"normal"},{"name":"245503","declaredName":"__function__75","declaredLoc":{"line":75,"column":25},"file":"/vendor/qcloud-weapp-client-sdk/lib/login.js","type":"normal"},{"name":"245550","declaredName":"__function__82","declaredLoc":{"line":82,"column":22},"file":"/vendor/qcloud-weapp-client-sdk/lib/login.js","type":"normal"},{"name":"245247","declaredName":"__function__37","declaredLoc":{"line":37,"column":20},"file":"/vendor/qcloud-weapp-client-sdk/lib/login.js","type":"normal"},{"name":"245118","declaredName":"__function__12","declaredLoc":{"line":12,"column":7},"file":"/vendor/qcloud-weapp-client-sdk/lib/login.js","type":"normal"},{"name":"245122","declaredName":"wx.login({success:function(s){wx....","declaredLoc":{"line":13,"column":4},"file":"/vendor/qcloud-weapp-client-sdk/lib/login.js","type":"source"}],"edges":[{"source":"245118","target":"245122"},{"source":"245247","target":"245118"},{"source":"245226","target":"245247"},{"source":"118207","target":"245226"},{"source":"205999","target":"245226"},{"source":"207180","target":"245226"},{"source":"206577","target":"207180"},{"source":"245771","target":"245226"},{"source":"245768","target":"245771"},{"source":"118595","target":"245768"},{"source":"246228","target":"245768"},{"source":"246729","target":"246228"},{"source":"246005","target":"245771"},{"source":"245821","target":"245771"},{"source":"245503","target":"245247"},{"source":"245550","target":"245247"}]},{"stained":"wx.getStorageSync","nodes":[{"name":"245129","declaredName":"__function__14","declaredLoc":{"line":14,"column":17},"file":"/vendor/qcloud-weapp-client-sdk/lib/login.js","type":"normal"},{"name":"245133","declaredName":"wx.getStorageSync('userInfo')","declaredLoc":{"line":15,"column":12},"file":"/vendor/qcloud-weapp-client-sdk/lib/login.js","type":"source"}],"edges":[{"source":"245129","target":"245133"}]},{"stained":"wx.getStorage","nodes":[{"name":"118207","declaredName":"__function__62","declaredLoc":{"line":62,"column":11},"file":"/app.js","type":"ofAppInstance: login"},{"name":"205999","declaredName":"__function__24","declaredLoc":{"line":24,"column":11},"file":"/pages/logFail/logFail.js","type":"ofPageInstance: login"},{"name":"206577","declaredName":"__function__61","declaredLoc":{"line":61,"column":21},"file":"/pages/personalCenterHome/personalCenterHome.js","type":"normal"},{"name":"207180","declaredName":"__function__191","declaredLoc":{"line":191,"column":11},"file":"/pages/personalCenterHome/personalCenterHome.js","type":"ofPageInstance: login"},{"name":"118595","declaredName":"__function__4","declaredLoc":{"line":4,"column":10},"file":"/utils/api.js","type":"normal"},{"name":"246729","declaredName":"__function__138","declaredLoc":{"line":138,"column":4},"file":"/vendor/qcloud-weapp-client-sdk/lib/tunnel.js","type":"normal"},{"name":"246228","declaredName":"__function__23","declaredLoc":{"line":23,"column":4},"file":"/vendor/qcloud-weapp-client-sdk/lib/tunnel.js","type":"normal"},{"name":"245768","declaredName":"__function__18","declaredLoc":{"line":18,"column":13},"file":"/vendor/qcloud-weapp-client-sdk/lib/request.js","type":"normal"},{"name":"246005","declaredName":"__function__50","declaredLoc":{"line":50,"column":107},"file":"/vendor/qcloud-weapp-client-sdk/lib/request.js","type":"normal"},{"name":"245821","declaredName":"__function__29","declaredLoc":{"line":29,"column":25},"file":"/vendor/qcloud-weapp-client-sdk/lib/request.js","type":"normal"},{"name":"245771","declaredName":"__function__19","declaredLoc":{"line":19,"column":8},"file":"/vendor/qcloud-weapp-client-sdk/lib/request.js","type":"normal"},{"name":"245226","declaredName":"__function__35","declaredLoc":{"line":35,"column":11},"file":"/vendor/qcloud-weapp-client-sdk/lib/login.js","type":"normal"},{"name":"245466","declaredName":"wx.getStorage({key:'requestNum',s...","declaredLoc":{"line":66,"column":12},"file":"/vendor/qcloud-weapp-client-sdk/lib/login.js","type":"source"}],"edges":[{"source":"245226","target":"245466"},{"source":"118207","target":"245226"},{"source":"205999","target":"245226"},{"source":"207180","target":"245226"},{"source":"206577","target":"207180"},{"source":"245771","target":"245226"},{"source":"245768","target":"245771"},{"source":"118595","target":"245768"},{"source":"246228","target":"245768"},{"source":"246729","target":"246228"},{"source":"246005","target":"245771"},{"source":"245821","target":"245771"}]},{"stained":"wx.checkSession","nodes":[{"name":"118207","declaredName":"__function__62","declaredLoc":{"line":62,"column":11},"file":"/app.js","type":"ofAppInstance: login"},{"name":"205999","declaredName":"__function__24","declaredLoc":{"line":24,"column":11},"file":"/pages/logFail/logFail.js","type":"ofPageInstance: login"},{"name":"206577","declaredName":"__function__61","declaredLoc":{"line":61,"column":21},"file":"/pages/personalCenterHome/personalCenterHome.js","type":"normal"},{"name":"207180","declaredName":"__function__191","declaredLoc":{"line":191,"column":11},"file":"/pages/personalCenterHome/personalCenterHome.js","type":"ofPageInstance: login"},{"name":"118595","declaredName":"__function__4","declaredLoc":{"line":4,"column":10},"file":"/utils/api.js","type":"normal"},{"name":"246729","declaredName":"__function__138","declaredLoc":{"line":138,"column":4},"file":"/vendor/qcloud-weapp-client-sdk/lib/tunnel.js","type":"normal"},{"name":"246228","declaredName":"__function__23","declaredLoc":{"line":23,"column":4},"file":"/vendor/qcloud-weapp-client-sdk/lib/tunnel.js","type":"normal"},{"name":"245768","declaredName":"__function__18","declaredLoc":{"line":18,"column":13},"file":"/vendor/qcloud-weapp-client-sdk/lib/request.js","type":"normal"},{"name":"246005","declaredName":"__function__50","declaredLoc":{"line":50,"column":107},"file":"/vendor/qcloud-weapp-client-sdk/lib/request.js","type":"normal"},{"name":"245821","declaredName":"__function__29","declaredLoc":{"line":29,"column":25},"file":"/vendor/qcloud-weapp-client-sdk/lib/request.js","type":"normal"},{"name":"245771","declaredName":"__function__19","declaredLoc":{"line":19,"column":8},"file":"/vendor/qcloud-weapp-client-sdk/lib/request.js","type":"normal"},{"name":"245226","declaredName":"__function__35","declaredLoc":{"line":35,"column":11},"file":"/vendor/qcloud-weapp-client-sdk/lib/login.js","type":"normal"},{"name":"245496","declaredName":"wx.checkSession({success:function...","declaredLoc":{"line":74,"column":20},"file":"/vendor/qcloud-weapp-client-sdk/lib/login.js","type":"source"}],"edges":[{"source":"245226","target":"245496"},{"source":"118207","target":"245226"},{"source":"205999","target":"245226"},{"source":"207180","target":"245226"},{"source":"206577","target":"207180"},{"source":"245771","target":"245226"},{"source":"245768","target":"245771"},{"source":"118595","target":"245768"},{"source":"246228","target":"245768"},{"source":"246729","target":"246228"},{"source":"246005","target":"245771"},{"source":"245821","target":"245771"}]},{"stained":"wx.request","nodes":[{"name":"245252","declaredName":"__function__38","declaredLoc":{"line":38,"column":25},"file":"/vendor/qcloud-weapp-client-sdk/lib/login.js","type":"normal"},{"name":"245312","declaredName":"wx.request({url:o.loginUrl,header...","declaredLoc":{"line":42,"column":24},"file":"/vendor/qcloud-weapp-client-sdk/lib/login.js","type":"source,sink"}],"edges":[{"source":"245252","target":"245312"}]}],"/vendor/qcloud-weapp-client-sdk/lib/request.js":[{"stained":"wx.request","nodes":[{"name":"118595","declaredName":"__function__4","declaredLoc":{"line":4,"column":10},"file":"/utils/api.js","type":"normal"},{"name":"246729","declaredName":"__function__138","declaredLoc":{"line":138,"column":4},"file":"/vendor/qcloud-weapp-client-sdk/lib/tunnel.js","type":"normal"},{"name":"246228","declaredName":"__function__23","declaredLoc":{"line":23,"column":4},"file":"/vendor/qcloud-weapp-client-sdk/lib/tunnel.js","type":"normal"},{"name":"245768","declaredName":"__function__18","declaredLoc":{"line":18,"column":13},"file":"/vendor/qcloud-weapp-client-sdk/lib/request.js","type":"normal"},{"name":"245786","declaredName":"__function__25","declaredLoc":{"line":25,"column":8},"file":"/vendor/qcloud-weapp-client-sdk/lib/request.js","type":"normal"},{"name":"245799","declaredName":"wx.request(o.extend({},s,{header:...","declaredLoc":{"line":27,"column":12},"file":"/vendor/qcloud-weapp-client-sdk/lib/request.js","type":"source,sink"}],"edges":[{"source":"245786","target":"245799"},{"source":"245768","target":"245786"},{"source":"118595","target":"245768"},{"source":"246228","target":"245768"},{"source":"246729","target":"246228"}]}],"/vendor/qcloud-weapp-client-sdk/lib/session.js":[{"stained":"wx.getStorageSync","nodes":[{"name":"118207","declaredName":"__function__62","declaredLoc":{"line":62,"column":11},"file":"/app.js","type":"ofAppInstance: login"},{"name":"205999","declaredName":"__function__24","declaredLoc":{"line":24,"column":11},"file":"/pages/logFail/logFail.js","type":"ofPageInstance: login"},{"name":"206577","declaredName":"__function__61","declaredLoc":{"line":61,"column":21},"file":"/pages/personalCenterHome/personalCenterHome.js","type":"normal"},{"name":"207180","declaredName":"__function__191","declaredLoc":{"line":191,"column":11},"file":"/pages/personalCenterHome/personalCenterHome.js","type":"ofPageInstance: login"},{"name":"118595","declaredName":"__function__4","declaredLoc":{"line":4,"column":10},"file":"/utils/api.js","type":"normal"},{"name":"246729","declaredName":"__function__138","declaredLoc":{"line":138,"column":4},"file":"/vendor/qcloud-weapp-client-sdk/lib/tunnel.js","type":"normal"},{"name":"246228","declaredName":"__function__23","declaredLoc":{"line":23,"column":4},"file":"/vendor/qcloud-weapp-client-sdk/lib/tunnel.js","type":"normal"},{"name":"245768","declaredName":"__function__18","declaredLoc":{"line":18,"column":13},"file":"/vendor/qcloud-weapp-client-sdk/lib/request.js","type":"normal"},{"name":"246005","declaredName":"__function__50","declaredLoc":{"line":50,"column":107},"file":"/vendor/qcloud-weapp-client-sdk/lib/request.js","type":"normal"},{"name":"245821","declaredName":"__function__29","declaredLoc":{"line":29,"column":25},"file":"/vendor/qcloud-weapp-client-sdk/lib/request.js","type":"normal"},{"name":"245771","declaredName":"__function__19","declaredLoc":{"line":19,"column":8},"file":"/vendor/qcloud-weapp-client-sdk/lib/request.js","type":"normal"},{"name":"245226","declaredName":"__function__35","declaredLoc":{"line":35,"column":11},"file":"/vendor/qcloud-weapp-client-sdk/lib/login.js","type":"normal"},{"name":"245786","declaredName":"__function__25","declaredLoc":{"line":25,"column":8},"file":"/vendor/qcloud-weapp-client-sdk/lib/request.js","type":"normal"},{"name":"246077","declaredName":"__function__2","declaredLoc":{"line":2,"column":9},"file":"/vendor/qcloud-weapp-client-sdk/lib/session.js","type":"normal"},{"name":"246081","declaredName":"wx.getStorageSync(e)","declaredLoc":{"line":3,"column":15},"file":"/vendor/qcloud-weapp-client-sdk/lib/session.js","type":"source"}],"edges":[{"source":"246077","target":"246081"},{"source":"245226","target":"246077"},{"source":"118207","target":"245226"},{"source":"205999","target":"245226"},{"source":"207180","target":"245226"},{"source":"206577","target":"207180"},{"source":"245771","target":"245226"},{"source":"245768","target":"245771"},{"source":"118595","target":"245768"},{"source":"246228","target":"245768"},{"source":"246729","target":"246228"},{"source":"246005","target":"245771"},{"source":"245821","target":"245771"},{"source":"245786","target":"246077"},{"source":"245768","target":"245786"}]}],"/vendor/qcloud-weapp-client-sdk/lib/tunnel.js":[{"stained":"wx.connectSocket","nodes":[{"name":"246287","declaredName":"__function__34","declaredLoc":{"line":34,"column":21},"file":"/vendor/qcloud-weapp-client-sdk/lib/tunnel.js","type":"normal"},{"name":"246334","declaredName":"__function__43","declaredLoc":{"line":43,"column":4},"file":"/vendor/qcloud-weapp-client-sdk/lib/tunnel.js","type":"normal"},{"name":"246357","declaredName":"wx.connectSocket({url:t})","declaredLoc":{"line":49,"column":12},"file":"/vendor/qcloud-weapp-client-sdk/lib/tunnel.js","type":"source"}],"edges":[{"source":"246334","target":"246357"},{"source":"246287","target":"246334"}]}],"/vendor/qcloud-weapp-client-sdk/lib/wxTunnel.js":[{"stained":"wx.onSocketMessage","nodes":[{"name":"247279","declaredName":"wx.onSocketMessage(function(n){re...","declaredLoc":{"line":12,"column":4},"file":"/vendor/qcloud-weapp-client-sdk/lib/wxTunnel.js","type":"source"}],"edges":[{"source":"247189","target":"247279"}]}]}