{"definedData":[],"dynamicDefinedData":[{"shadowObjectVar":"__object__13","dynamicDefinedProps":[{"propName":".data","readShadows":[{"shadowVar":{"id":32414176,"declaredName":"__object__13.data","declaredLoc":{"line":14,"column":4},"file":"/data1/wy/miniapp_dataset_10w/mp_icse/PPP有例/__APP__/app.js","type":"normal"},"readAccess":[{"leftVar":[{"id":32414496,"declaredName":"o","declaredLoc":{"line":68,"column":20},"file":"/data1/wy/miniapp_dataset_10w/mp_icse/PPP有例/__APP__/app.js","type":"normal"}],"readFlow":[{"type":"assign to","from":{"name":"n.data","loc":{"line":68,"column":24},"id":32414497},"to":{"name":"o","loc":{"line":68,"column":20},"id":32414496}},{"type":"read","from":{"name":"o","loc":{"line":68,"column":20},"id":32414496},"to":{"name":"o","loc":{"line":70,"column":33},"id":32414512}},{"type":"to callee","from":{"name":"o","loc":{"line":70,"column":33},"id":32414512},"to":{"name":"n.getInfo","loc":{"line":70,"column":20},"id":32414508}}]},{"leftVar":[{"id":32414453,"declaredName":"n","declaredLoc":{"line":63,"column":12},"file":"/data1/wy/miniapp_dataset_10w/mp_icse/PPP有例/__APP__/app.js","type":"normal"}],"readFlow":[{"type":"assign to","from":{"name":"this","loc":{"line":63,"column":16},"id":32414454},"to":{"name":"n","loc":{"line":63,"column":12},"id":32414453}}]}]}],"writeShadows":[{"shadowVar":{"id":32414176,"declaredName":"__object__13.data","declaredLoc":{"line":14,"column":4},"file":"/data1/wy/miniapp_dataset_10w/mp_icse/PPP有例/__APP__/app.js","type":"normal"},"writeAccess":[]}]}]}]}