{"definedData":[],"dynamicDefinedData":[{"shadowObjectVar":"__object__13","dynamicDefinedProps":[{"propName":".data","readShadows":[{"shadowVar":{"id":117935,"declaredName":"__object__13.data","declaredLoc":{"line":14,"column":4},"file":"/app.js","type":"normal"},"readAccess":[{"leftVar":[{"id":118255,"declaredName":"o","declaredLoc":{"line":68,"column":20},"file":"/app.js","type":"normal"}],"readFlow":[{"type":"assign to","from":{"name":"n.data","loc":{"line":68,"column":24},"id":118256,"file":"D:\\WORK\\2022\\论文相关\\TOSEM\\MiniApp-review\\flow-baseline\\datasetPopular\\PPP有例\\__APP__/app.js"},"to":{"name":"o","loc":{"line":68,"column":20},"id":118255,"file":"D:\\WORK\\2022\\论文相关\\TOSEM\\MiniApp-review\\flow-baseline\\datasetPopular\\PPP有例\\__APP__/app.js"}},{"type":"read","from":{"name":"o","loc":{"line":68,"column":20},"id":118255,"file":"D:\\WORK\\2022\\论文相关\\TOSEM\\MiniApp-review\\flow-baseline\\datasetPopular\\PPP有例\\__APP__/app.js"},"to":{"name":"o","loc":{"line":70,"column":33},"id":118271,"file":"D:\\WORK\\2022\\论文相关\\TOSEM\\MiniApp-review\\flow-baseline\\datasetPopular\\PPP有例\\__APP__/app.js"}},{"type":"to callee","from":{"name":"o","loc":{"line":70,"column":33},"id":118271,"file":"D:\\WORK\\2022\\论文相关\\TOSEM\\MiniApp-review\\flow-baseline\\datasetPopular\\PPP有例\\__APP__/app.js"},"to":{"name":"n.getInfo","loc":{"line":70,"column":20},"id":118267,"file":"D:\\WORK\\2022\\论文相关\\TOSEM\\MiniApp-review\\flow-baseline\\datasetPopular\\PPP有例\\__APP__/app.js"}}]},{"leftVar":[{"id":118212,"declaredName":"n","declaredLoc":{"line":63,"column":12},"file":"/app.js","type":"normal"}],"readFlow":[{"type":"assign to","from":{"name":"this","loc":{"line":63,"column":16},"id":118213,"file":"D:\\WORK\\2022\\论文相关\\TOSEM\\MiniApp-review\\flow-baseline\\datasetPopular\\PPP有例\\__APP__/app.js"},"to":{"name":"n","loc":{"line":63,"column":12},"id":118212,"file":"D:\\WORK\\2022\\论文相关\\TOSEM\\MiniApp-review\\flow-baseline\\datasetPopular\\PPP有例\\__APP__/app.js"}}]}]}],"writeShadows":[{"shadowVar":{"id":117935,"declaredName":"__object__13.data","declaredLoc":{"line":14,"column":4},"file":"/app.js","type":"normal"},"writeAccess":[]}]}]}]}