﻿source_file,source,source_loc,sink_file,sink,sink_loc,type,cross_field,cross_file,correct
app.js,wx.getSystemInfoSync,37,app.js,wx.request,38,API:return-value,false,false,unlabel
utils\commin.js,wx.getStorageSync,81&90&104&109&124&124&124&141,utils\commin.js,wx.setStorageSync,87,API:return-value,false,false,unlabel
utils\commin.js,wx.getStorageSync,81&90&104&109&124&124&124&141,utils\commin.js,wx.setStorageSync,105,API:return-value,false,false,unlabel
pages\chartsHome\chartsHome.js,wx.getStorage,379,pages\chartsHome\chartsHome.js,console.log,382,API:callback,false,false,unlabel
pages\personalCenterHome\personalCenterHome.js,wx.getStorage,21,pages\personalCenterHome\personalCenterHome.js,console.log,24,API:callback,false,false,unlabel
pages\personalCenterHome\personalCenterHome.js,wx.getStorage,37,pages\personalCenterHome\personalCenterHome.js,console.log,40,API:callback,false,false,unlabel
pages\projectHome\projectHome.js,wx.login,36,pages\projectHome\projectHome.js,console.log,38,API:callback,false,false,unlabel
pages\recentProjectsHome\recentProjectsHome.js,wx.getStorage,431,pages\recentProjectsHome\recentProjectsHome.js,console.log,434,API:callback,false,false,unlabel
utils\wxSearch\wxSearch.js,wx.getStorageSync,19&22&92&109&127&136,utils\wxSearch\wxSearch.js,wx.setStorage,92,API:return-value,false,false,unlabel
utils\wxSearch\wxSearch.js,wx.getStorageSync,19&22&92&109&127&136,utils\wxSearch\wxSearch.js,wx.setStorage,139,API:return-value,false,false,unlabel
utils\wxSearch\wxSearch.js,wx.getStorageSync,19&22&92&109&127&136,utils\wxSearch\wxSearch.js,wx.setStorage,110,API:return-value,false,false,unlabel
pages\charts\chartsDistribute\chartsDistribute.js,wx.getStorageSync,56,pages\charts\chartsDistribute\chartsDistribute.js,console.log,56,API:return-value,false,false,unlabel
pages\company\companyProjectList\companyProjectList.js,wx.getStorageSync,53,pages\company\companyProjectList\companyProjectList.js,console.log,53,API:return-value,false,false,unlabel
vendor\qcloud-weapp-client-sdk\lib\login.js,wx.request,42,vendor\qcloud-weapp-client-sdk\lib\session.js,wx.setStorageSync,6,API:callback,false,true,unlabel
