{"source":{"wx.getSystemInfoSync":{"count":5},"wx.request":{"count":5},"wx.getShareInfo":{"count":3},"wx.getStorageSync":{"count":32},"wx.getStorage":{"count":31},"wx.getSystemInfo":{"count":9},"wx.login":{"count":2},"wx.checkSession":{"count":1},"wx.connectSocket":{"count":1},"wx.onSocketMessage":{"count":1}},"sink":{"wx.showShareMenu":13,"wx.setStorageSync":34,"wx.request":5,"console.log":220,"wx.setStorage":45,"wx.showModal":59,"wx.showToast":16,"console.error":3,"wx.removeStorageSync":6,"wx.showLoading":3,"wx.makePhoneCall":1,"wx.removeStorage":5,"wx.requestPayment":3,"wx.setClipboardData":1,"wx.sendSocketMessage":1}}