{"fromUI":[{"file":"/wxParse/wxParse.wxml","infoType":[]},{"file":"/pages/chartsHome/chartsHome.wxml","infoType":[{"api":"PageInstance.formReset","loc":{"line":572,"column":24},"text":["{{true}}","hideTrade","trade-choose","{{ifTrade}}","hideArea","area-choose","{{ifArea}}","bindStartDateChange","{{endDate}}","{{upperDate}}","bindEndDateChange","{{downDate}}","{{startDate}}","report_type","industry","region","start_time","end_time","reset","changeHidden","{{disable}}","submit","{{ifShade}}","trade-main","area-main","报表类型","chartType","{{item.chartType}}","{{index}}","{{items}}","value","optionTrade","optionArea","时间","全国全行业中标项目总数 ","{{projectNum}}个","总投资规模","{{totalScale}}亿","重置","查询","true","tradeAlltap","{{tradeAll}}","{{allTradeDis}}","{{projects}}","name","tradeRestoration","{{ifProEnter}}","tradeConfirm","areaAlltap","{{areaAll}}","{{area}}","areaRestoration","areaConfirm","{{allTrade}}","{{allArea}}","全部行业","清除选项","确定","全国","chartTrade","{{item.disabled}}","listHeight","chartTradeSecond","{{item.id}}","{{item.name}}","{{listindex}}","{{item.list}}","listindex","chartArea","provinceHeight","chartAreaSecond","{{item.province}}","{{item.checked}}","formReset","formSubmit"]},{"api":"PageInstance.formSubmit","loc":{"line":510,"column":25},"text":["{{true}}","hideTrade","trade-choose","{{ifTrade}}","hideArea","area-choose","{{ifArea}}","bindStartDateChange","{{endDate}}","{{upperDate}}","bindEndDateChange","{{downDate}}","{{startDate}}","report_type","industry","region","start_time","end_time","reset","changeHidden","{{disable}}","submit","{{ifShade}}","trade-main","area-main","报表类型","chartType","{{item.chartType}}","{{index}}","{{items}}","value","optionTrade","optionArea","时间","全国全行业中标项目总数 ","{{projectNum}}个","总投资规模","{{totalScale}}亿","重置","查询","true","tradeAlltap","{{tradeAll}}","{{allTradeDis}}","{{projects}}","name","tradeRestoration","{{ifProEnter}}","tradeConfirm","areaAlltap","{{areaAll}}","{{area}}","areaRestoration","areaConfirm","{{allTrade}}","{{allArea}}","全部行业","清除选项","确定","全国","chartTrade","{{item.disabled}}","listHeight","chartTradeSecond","{{item.id}}","{{item.name}}","{{listindex}}","{{item.list}}","listindex","chartArea","provinceHeight","chartAreaSecond","{{item.province}}","{{item.checked}}","formReset","formSubmit"]},{"api":"PageInstance.bindStartDateChange","loc":{"line":408,"column":34},"text":["bindStartDateChange","{{endDate}}","{{upperDate}}","bindEndDateChange","{{downDate}}","{{startDate}}","时间"]},{"api":"PageInstance.bindEndDateChange","loc":{"line":459,"column":32},"text":["bindStartDateChange","{{endDate}}","{{upperDate}}","bindEndDateChange","{{downDate}}","{{startDate}}","时间"]},{"api":"PageInstance.changeHidden","text":["查询","changeHidden"]},{"api":"PageInstance.tradeAlltap","loc":{"line":129,"column":26},"text":["全部行业","tradeAlltap"]},{"api":"PageInstance.tradeRestoration","text":["清除选项","tradeRestoration"]},{"api":"PageInstance.tradeConfirm","text":["确定","tradeConfirm"]},{"api":"PageInstance.areaAlltap","loc":{"line":255,"column":25},"text":["全国","areaAlltap"]},{"api":"PageInstance.areaRestoration","text":["清除选项","areaRestoration"]},{"api":"PageInstance.areaConfirm","text":["确定","areaConfirm"]},{"api":"PageInstance.chartTrade","loc":{"line":153,"column":25},"text":["chartTrade"]},{"api":"PageInstance.chartTradeSecond","loc":{"line":177,"column":31},"text":["chartTradeSecond"]},{"api":"PageInstance.chartArea","loc":{"line":279,"column":24},"text":["chartArea"]},{"api":"PageInstance.chartAreaSecond","loc":{"line":303,"column":30},"text":["chartAreaSecond"]}]},{"file":"/pages/companyHome/companyHome.wxml","infoType":[{"api":"PageInstance.wxSerchFocus","loc":{"line":187,"column":27},"text":["wxSerchFocus","wxSearchBlur","请输入企业关键字查询","textEmpty","{{noValue==0}}",""]},{"api":"PageInstance.wxSearchBlur","loc":{"line":191,"column":27},"text":["wxSerchFocus","wxSearchBlur","请输入企业关键字查询","textEmpty","{{noValue==0}}",""]}]},{"file":"/pages/logFail/logFail.wxml","infoType":[{"api":"PageInstance.bindGetUserInfo","loc":{"line":16,"column":30},"text":["确认授权","bindGetUserInfo"]}]},{"file":"/pages/personalCenterHome/personalCenterHome.wxml","infoType":[{"api":"PageInstance.getUserProfile","loc":{"line":57,"column":29},"text":["登录","getUserProfile"]},{"api":"PageInstance.getUserProfile","loc":{"line":57,"column":29},"text":["getUserProfile"]}]},{"file":"/pages/projectHome/projectHome.wxml","infoType":[]},{"file":"/pages/recentProjectsHome/recentProjectsHome.wxml","infoType":[{"api":"PageInstance.isList","loc":{"line":907,"column":21},"text":["筛选","isList"]},{"api":"PageInstance.formCancel","text":["取消","formCancel"]},{"api":"PageInstance.formReset","loc":{"line":794,"column":24},"text":["重置","formReset"]},{"api":"PageInstance.formSubmit","text":["查询","formSubmit"]},{"api":"PageInstance.areaAlltap","loc":{"line":505,"column":25},"text":["全国","areaAlltap"]},{"api":"PageInstance.areaRestoration","text":["清除选项","areaRestoration"]},{"api":"PageInstance.areaConfirm","text":["确定","areaConfirm"]},{"api":"PageInstance.cityRestoration","text":["清除选项","cityRestoration"]},{"api":"PageInstance.cityConfirm","text":["确定","cityConfirm"]},{"api":"PageInstance.countyRestoration","text":["清除选项","countyRestoration"]},{"api":"PageInstance.countyConfirm","text":["确定","countyConfirm"]},{"api":"PageInstance.chartArea","loc":{"line":531,"column":24},"text":["chartArea","{{index}}","provinceHeight","{{item.checked}}"]},{"api":"PageInstance.chartAreaSecond","loc":{"line":555,"column":30},"text":["chartAreaSecond","{{item.id}}","{{item.name}}","{{index}}","{{listindex}}","{{item.province}}","listindex","item"]}]},{"file":"/pages/template/template.wxml","infoType":[]},{"file":"/utils/wxSearch/wxSearch.wxml","infoType":[]},{"file":"/pages/charts/chartsDeal/chartsDeal.wxml","infoType":[]},{"file":"/pages/charts/chartsDistribute/chartsDistribute.wxml","infoType":[]},{"file":"/pages/charts/chartsEarnings/chartsEarnings.wxml","infoType":[]},{"file":"/pages/charts/chartsOccupancy/chartsOccupancy.wxml","infoType":[]},{"file":"/pages/company/companyCollectionList/companyCollectionList.wxml","infoType":[]},{"file":"/pages/company/companyDetails/companyDetails.wxml","infoType":[{"api":"PageInstance.isCollection","loc":{"line":156,"column":27},"text":["{{collectionName}}","isCollection"]}]},{"file":"/pages/company/companyProjectList/companyProjectList.wxml","infoType":[]},{"file":"/pages/personalCenter/billPage/billPage.wxml","infoType":[]},{"file":"/pages/personalCenter/companyInvite/companyInvite.wxml","infoType":[]},{"file":"/pages/personalCenter/feedbackAdvice/feedbackAdvice.wxml","infoType":[{"api":"PageInstance.bindFormSubmit","loc":{"line":27,"column":29},"text":["residueNum","feedback","请输入您的反馈意见","submit","{{title}}","bindFormSubmit"]},{"api":"PageInstance.residueNum","loc":{"line":21,"column":25},"text":["residueNum","feedback","请输入您的反馈意见","submit","{{title}}"]}]},{"file":"/pages/personalCenter/groupPay/groupPay.wxml","infoType":[{"api":"PageInstance.rechargeBtn","loc":{"line":78,"column":26},"text":["{{groupInfo}}","item","当前已有用户数：{{presentAlreadyUser}}","{{index}}","submit","{{item.price!=item.pay_price}}","","用户数","userMinus","user_count","true","goods_code","userAdd","chargeAgreement","去支付 （￥{{pay_price}}）"," {{item.des}} ￥{{item.pay_price/100}}","{{item.name}} ￥{{item.pay_price/100}}","-","+","点击支付，即表示阅读并同意","《用户协议》","不会以任何形式要求您输入银行账户和密码","原价￥{{item.price/100}}","rechargeBtn"]},{"api":"PageInstance.renewPay","loc":{"line":140,"column":23},"text":["{{renewInfo}}","item","当前续费上限用户数：{{presentAlreadyUser}}","{{index}}","{{renewDisabled}}","submit","{{item.price!=item.pay_price}}","","用户数","renewUserMinus","user_count","true","goods_code","renewUserAdd","chargeAgreement","去支付（￥{{reNewPay_price}}）"," {{item.des}} ￥{{item.pay_price/100}}","{{item.name}} ￥{{item.pay_price/100}}","-","+","点击支付，即表示阅读并同意","《用户协议》","不会以任何形式要求您输入银行账户和密码","原价￥{{item.price/100}}","renewPay"]},{"api":"PageInstance.renewUserMinus","text":["-","renewUserMinus"]},{"api":"PageInstance.renewUserAdd","text":["+","renewUserAdd"]}]},{"file":"/pages/personalCenter/invoicePage/invoicePage.wxml","infoType":[]},{"file":"/pages/personalCenter/invoicetypePage/invoicetypePage.wxml","infoType":[{"api":"PageInstance.formSubmit","loc":{"line":32,"column":25},"text":["{{isGeneral}}","","{{true}}","order","radioTitleChange","invoiceType","{{isPerson}}","submit","增值税普通发票提供电子发票","请按照营业执照填写各项信息：","请填写快递收件信息：","提交","true","发票类型","radioChange","发票抬头","title","请填写","纳税人识别号","taxpayerIdNumber","电子邮件","email","地址","address","电话","tel","开户行","openAccountBank","开户行账号","accountNumber","快递地址","consigneeAddress","收件人","recipients","手机号","phone","formSubmit"]},{"api":"PageInstance.radioTitleChange","loc":{"line":123,"column":31},"text":["true","radioTitleChange"]},{"api":"PageInstance.radioChange","loc":{"line":116,"column":26},"text":["true","radioChange"]}]},{"file":"/pages/personalCenter/personalPage/personalPage.wxml","infoType":[{"api":"PageInstance.register","text":["绑定","register"]},{"api":"PageInstance.getphone","loc":{"line":46,"column":23},"text":["getphone","填写手机号","手机号"]},{"api":"PageInstance.getNumber","loc":{"line":72,"column":24},"text":["getNumber","输入验证码","验证码","getCode","{{selected==false}}","countdown","","获取验证码","{{second}}s后重新获取"]}]},{"file":"/pages/personalCenter/rechargePage/rechargePage.wxml","infoType":[{"api":"PageInstance.rechargeBtn","text":["去支付","rechargeBtn"]},{"api":"PageInstance.groupPay","text":["groupPay","{{ifGroup}}"]}]},{"file":"/pages/personalCenter/serviceAgreement/serviceAgreement.wxml","infoType":[]},{"file":"/pages/personalCenter/setPage/setPage.wxml","infoType":[]},{"file":"/pages/personalCenter/userSet/userSet.wxml","infoType":[{"api":"PageInstance.stopUse","loc":{"line":92,"column":22},"text":["","{{isRenew==false}}","{{true}}","userToken","{{alreadyOpenedData}}","item","openAllSelect","{{ifOpenDisable}}","submit","openSelect","{{item.userToken}}","{{index}}","{{isRenew}}","用户数：{{buyUserNum}}，已开通：{{bindNum}}，还可开通：{{unBindNum}}。","本期使用截止期：{{currentTime}}。","续费后使用截止期：{{renewDate}}，有效用户数：{{renewNum}}。","请置顶需要续费的用户，确保到期后正常使用。","{{openAllSelect}}","停止使用","{{item.select}}","{{index+1==renewNum}}","全选","stick","{{stickDisable}}","{{index!=0}}","昵称：{{item.name}}","置顶","{{item.phone}}","手机号码：{{item.phone}}","手机号码：暂未绑定","截止日期：{{item.memberExpires}}","stopUse"]},{"api":"PageInstance.delUesr","text":["删除用户","delUesr"]},{"api":"PageInstance.startUse","text":["开通使用","startUse"]},{"api":"PageInstance.stick","loc":{"line":34,"column":20},"text":["置顶","stick"]}]},{"file":"/pages/project/details/details.wxml","infoType":[{"api":"PageInstance.feedbackProject","text":["纠错","feedbackProject"]},{"api":"PageInstance.isCollection","loc":{"line":305,"column":27},"text":["{{collectionName}}","isCollection"]},{"api":"PageInstance.feedbackSubmit","loc":{"line":271,"column":29},"text":["feedbackKey","true","feedback","请输入您的纠错信息（建议标明出处）","submit"," 提交 ","feedbackSubmit"]},{"api":"PageInstance.copyUrl","text":["{{true}}","true","ensp","cancelCopy","submit"," 小程序暂不支持跳转外部链接 ,请手动打开Url本地浏览器进行访问","{{companyInfo}}","取 消"," 复 制 ","copyUrl"]},{"api":"PageInstance.feedbackKey","loc":{"line":299,"column":26},"text":["feedbackKey","true","feedback","请输入您的纠错信息（建议标明出处）","submit"," 提交 "]},{"api":"PageInstance.cancelCopy","text":["取 消","cancelCopy"]}]},{"file":"/pages/project/proCollectionList/proCollectionList.wxml","infoType":[]},{"file":"/pages/project/proList/proList.wxml","infoType":[{"api":"PageInstance.formReset","loc":{"line":1419,"column":24},"text":["{{firstAccess}}","{{isTrue}}","hideTrade","trade-choose","{{ifTrade}}","hideArea","area-choose","{{ifArea}}","hideCity","{{ifCity}}","hideCounty","{{ifCounty}}","{{loadHidden}}","purchaseMore","{{purchaseMore}}","reportMore","{{reportMore}}","patternMore","{{patternMore}}","subjectMore","{{subjectMore}}","formCancel","reset","submit","trade-main","area-main","inputValue","bindScaleMinChange","{{scaleMinArr}}","{{'value'}}","bindScaleMaxChange","{{scaleMaxArr}}","bindCooMinChange","{{cooperationMinArr}}","bindCooMaxChange","{{cooperationMaxArr}}","bindStartDateChange","{{endDate}}","startDate","{{upperDate}}","bindEndDateChange","{{downDate}}","endDate","{{startDate}}","投资规模","searchInvestment","{{index}}","{{investmentList}}","item","采购方式","searchPurchase","{{purchase}}","回报机制","searchReport","{{report}}","运行模式","searchPattern","{{pattern}}","标的包含内容","searchSubject","{{subject}}","取消","重置","查询","true","项目类型","searchtypes","{{projecttypes}}","optionTrade","optionProvince","optionCity","optionCounty","合作期","中标时间","tradeAlltap","{{tradeAll}}","{{projects}}","tradeRestoration","tradeConfirm","areaAlltap","{{areaAll}}","{{area}}","areaRestoration","areaConfirm","cityRestoration","cityConfirm","countyRestoration","countyConfirm","项目名称","全部行业","清除选项","确定","全国","{{chooseProvince}}","chartCity","{{item.id}}","{{item.name}}","{{getCity}}","{{chooseCity}}","chartCounty","{{getCounty}}","{{allTrade}}","{{chooseCounty}}","chartTrade","listHeight","chartTradeSecond","{{listindex}}","{{item.list}}","listindex","chartArea","provinceHeight","chartAreaSecond","{{item.province}}","已选：","{{chooseCity=='市'?'':chooseCity}}","{{chooseCounty=='区'?'':chooseCounty}}","{{item.checked}}","formReset","formSubmit"]},{"api":"PageInstance.formSubmit","text":["{{firstAccess}}","{{isTrue}}","hideTrade","trade-choose","{{ifTrade}}","hideArea","area-choose","{{ifArea}}","hideCity","{{ifCity}}","hideCounty","{{ifCounty}}","{{loadHidden}}","purchaseMore","{{purchaseMore}}","reportMore","{{reportMore}}","patternMore","{{patternMore}}","subjectMore","{{subjectMore}}","formCancel","reset","submit","trade-main","area-main","inputValue","bindScaleMinChange","{{scaleMinArr}}","{{'value'}}","bindScaleMaxChange","{{scaleMaxArr}}","bindCooMinChange","{{cooperationMinArr}}","bindCooMaxChange","{{cooperationMaxArr}}","bindStartDateChange","{{endDate}}","startDate","{{upperDate}}","bindEndDateChange","{{downDate}}","endDate","{{startDate}}","投资规模","searchInvestment","{{index}}","{{investmentList}}","item","采购方式","searchPurchase","{{purchase}}","回报机制","searchReport","{{report}}","运行模式","searchPattern","{{pattern}}","标的包含内容","searchSubject","{{subject}}","取消","重置","查询","true","项目类型","searchtypes","{{projecttypes}}","optionTrade","optionProvince","optionCity","optionCounty","合作期","中标时间","tradeAlltap","{{tradeAll}}","{{projects}}","tradeRestoration","tradeConfirm","areaAlltap","{{areaAll}}","{{area}}","areaRestoration","areaConfirm","cityRestoration","cityConfirm","countyRestoration","countyConfirm","项目名称","全部行业","清除选项","确定","全国","{{chooseProvince}}","chartCity","{{item.id}}","{{item.name}}","{{getCity}}","{{chooseCity}}","chartCounty","{{getCounty}}","{{allTrade}}","{{chooseCounty}}","chartTrade","listHeight","chartTradeSecond","{{listindex}}","{{item.list}}","listindex","chartArea","provinceHeight","chartAreaSecond","{{item.province}}","已选：","{{chooseCity=='市'?'':chooseCity}}","{{chooseCounty=='区'?'':chooseCounty}}","{{item.checked}}","formReset","formSubmit"]},{"api":"PageInstance.formCancel","text":["取消","formCancel"]},{"api":"PageInstance.inputValue","loc":{"line":745,"column":25},"text":["inputValue","项目名称"]},{"api":"PageInstance.bindScaleMinChange","loc":{"line":1174,"column":33},"text":["bindScaleMinChange","{{scaleMinArr}}","{{'value'}}","bindScaleMaxChange","{{scaleMaxArr}}","投资规模"]},{"api":"PageInstance.bindScaleMaxChange","loc":{"line":1188,"column":33},"text":["bindScaleMaxChange"]},{"api":"PageInstance.bindCooMinChange","loc":{"line":1202,"column":31},"text":["bindCooMinChange"]},{"api":"PageInstance.bindCooMaxChange","loc":{"line":1216,"column":31},"text":["bindCooMaxChange"]},{"api":"PageInstance.bindStartDateChange","loc":{"line":1230,"column":34},"text":["bindStartDateChange"]},{"api":"PageInstance.bindEndDateChange","loc":{"line":1281,"column":32},"text":["bindEndDateChange"]},{"api":"PageInstance.tradeAlltap","loc":{"line":769,"column":26},"text":["全部行业","tradeAlltap"]},{"api":"PageInstance.tradeRestoration","text":["清除选项","tradeRestoration"]},{"api":"PageInstance.tradeConfirm","text":["确定","tradeConfirm"]},{"api":"PageInstance.areaAlltap","loc":{"line":906,"column":25},"text":["全国","areaAlltap"]},{"api":"PageInstance.areaRestoration","text":["清除选项","areaRestoration"]},{"api":"PageInstance.areaConfirm","text":["确定","areaConfirm"]},{"api":"PageInstance.cityRestoration","text":["清除选项","cityRestoration"]},{"api":"PageInstance.cityConfirm","text":["确定","cityConfirm"]},{"api":"PageInstance.countyRestoration","text":["清除选项","countyRestoration"]},{"api":"PageInstance.countyConfirm","text":["确定","countyConfirm"]},{"api":"PageInstance.chartTrade","loc":{"line":796,"column":25},"text":["chartTrade"]},{"api":"PageInstance.chartTradeSecond","loc":{"line":823,"column":31},"text":["chartTradeSecond"]},{"api":"PageInstance.chartArea","loc":{"line":932,"column":24},"text":["chartArea"]},{"api":"PageInstance.chartAreaSecond","loc":{"line":956,"column":30},"text":["chartAreaSecond"]}]}],"fromAPI":{"wx.getSystemInfoSync":{"ill":"系统信息，包括设备品牌、设备型号等","ocr":[{"id":118090,"file":"/app.js","loc":{"line":37,"column":19}},{"id":118743,"file":"/utils/api.js","loc":{"line":38,"column":146}},{"id":216150,"file":"/pages/charts/chartsDeal/chartsDeal.js","loc":{"line":113,"column":28}},{"id":217801,"file":"/pages/charts/chartsDistribute/chartsDistribute.js","loc":{"line":107,"column":16}},{"id":219002,"file":"/pages/charts/chartsEarnings/chartsEarnings.js","loc":{"line":162,"column":24}}]},"wx.request":{"ill":"请求数据","ocr":[{"id":118095,"file":"/app.js","loc":{"line":38,"column":8},"targetUrls":["/log/wxapp"]},{"id":207712,"file":"/pages/projectHome/projectHome.js","loc":{"line":49,"column":8},"targetUrls":["https://wx.youlidata.com/api/wx/v1/totalProjectCompany"]},{"id":222105,"file":"/pages/company/companyDetails/companyDetails.js","loc":{"line":177,"column":8},"targetUrls":["https://wx.youlidata.com/api/wx/v1/totalProjectCompany"]},{"id":245313,"file":"/vendor/qcloud-weapp-client-sdk/lib/login.js","loc":{"line":42,"column":24}},{"id":245800,"file":"/vendor/qcloud-weapp-client-sdk/lib/request.js","loc":{"line":27,"column":12}}]},"wx.getShareInfo":{"ill":"分享信息","ocr":[{"id":118392,"file":"/app.js","loc":{"line":87,"column":45}},{"id":206231,"file":"/pages/logFail/logFail.js","loc":{"line":60,"column":12}},{"id":207412,"file":"/pages/personalCenterHome/personalCenterHome.js","loc":{"line":227,"column":12}}]},"wx.getStorageSync":{"ill":"存储数据","ocr":[{"id":172898,"file":"/utils/commin.js","loc":{"line":81,"column":23}},{"id":172960,"file":"/utils/commin.js","loc":{"line":90,"column":16}},{"id":173048,"file":"/utils/commin.js","loc":{"line":104,"column":21}},{"id":173119,"file":"/utils/commin.js","loc":{"line":109,"column":28}},{"id":173130,"file":"/utils/commin.js","loc":{"line":109,"column":72}},{"id":173128,"file":"/utils/commin.js","loc":{"line":109,"column":72}},{"id":173524,"file":"/utils/commin.js","loc":{"line":124,"column":63}},{"id":173531,"file":"/utils/commin.js","loc":{"line":124,"column":105}},{"id":173538,"file":"/utils/commin.js","loc":{"line":124,"column":142}},{"id":173626,"file":"/utils/commin.js","loc":{"line":141,"column":16}},{"id":204468,"file":"/pages/companyHome/companyHome.js","loc":{"line":57,"column":22}},{"id":206456,"file":"/pages/personalCenterHome/personalCenterHome.js","loc":{"line":30,"column":30}},{"id":206521,"file":"/pages/personalCenterHome/personalCenterHome.js","loc":{"line":46,"column":30}},{"id":208652,"file":"/pages/recentProjectsHome/recentProjectsHome.js","loc":{"line":172,"column":22}},{"id":214618,"file":"/utils/wxSearch/wxSearch.js","loc":{"line":19,"column":27}},{"id":214649,"file":"/utils/wxSearch/wxSearch.js","loc":{"line":22,"column":28}},{"id":215119,"file":"/utils/wxSearch/wxSearch.js","loc":{"line":92,"column":17}},{"id":215214,"file":"/utils/wxSearch/wxSearch.js","loc":{"line":109,"column":20}},{"id":215315,"file":"/utils/wxSearch/wxSearch.js","loc":{"line":127,"column":50}},{"id":215363,"file":"/utils/wxSearch/wxSearch.js","loc":{"line":136,"column":46}},{"id":216464,"file":"/pages/charts/chartsDeal/chartsDeal.js","loc":{"line":198,"column":22}},{"id":217349,"file":"/pages/charts/chartsDistribute/chartsDistribute.js","loc":{"line":56,"column":22}},{"id":218319,"file":"/pages/charts/chartsEarnings/chartsEarnings.js","loc":{"line":97,"column":22}},{"id":219434,"file":"/pages/charts/chartsOccupancy/chartsOccupancy.js","loc":{"line":67,"column":22}},{"id":221031,"file":"/pages/company/companyDetails/companyDetails.js","loc":{"line":45,"column":22}},{"id":222398,"file":"/pages/company/companyProjectList/companyProjectList.js","loc":{"line":53,"column":22}},{"id":227211,"file":"/pages/personalCenter/personalPage/personalPage.js","loc":{"line":42,"column":22}},{"id":227723,"file":"/pages/personalCenter/rechargePage/rechargePage.js","loc":{"line":36,"column":22}},{"id":230971,"file":"/pages/project/details/details.js","loc":{"line":64,"column":22}},{"id":235012,"file":"/pages/project/proList/proList.js","loc":{"line":303,"column":22}},{"id":245134,"file":"/vendor/qcloud-weapp-client-sdk/lib/login.js","loc":{"line":15,"column":12}},{"id":246082,"file":"/vendor/qcloud-weapp-client-sdk/lib/session.js","loc":{"line":3,"column":15}}]},"wx.getStorage":{"ill":"存储数据","ocr":[{"id":173970,"file":"/utils/commin.js","loc":{"line":182,"column":8}},{"id":202500,"file":"/pages/chartsHome/chartsHome.js","loc":{"line":379,"column":12}},{"id":202789,"file":"/pages/chartsHome/chartsHome.js","loc":{"line":412,"column":36}},{"id":202874,"file":"/pages/chartsHome/chartsHome.js","loc":{"line":423,"column":60}},{"id":203199,"file":"/pages/chartsHome/chartsHome.js","loc":{"line":463,"column":36}},{"id":203284,"file":"/pages/chartsHome/chartsHome.js","loc":{"line":474,"column":60}},{"id":204702,"file":"/pages/companyHome/companyHome.js","loc":{"line":85,"column":25}},{"id":204776,"file":"/pages/companyHome/companyHome.js","loc":{"line":96,"column":12}},{"id":206406,"file":"/pages/personalCenterHome/personalCenterHome.js","loc":{"line":21,"column":8}},{"id":206471,"file":"/pages/personalCenterHome/personalCenterHome.js","loc":{"line":37,"column":8}},{"id":206714,"file":"/pages/personalCenterHome/personalCenterHome.js","loc":{"line":83,"column":19}},{"id":208392,"file":"/pages/recentProjectsHome/recentProjectsHome.js","loc":{"line":122,"column":12}},{"id":210490,"file":"/pages/recentProjectsHome/recentProjectsHome.js","loc":{"line":431,"column":8}},{"id":210617,"file":"/pages/recentProjectsHome/recentProjectsHome.js","loc":{"line":445,"column":60}},{"id":213302,"file":"/pages/recentProjectsHome/recentProjectsHome.js","loc":{"line":797,"column":44}},{"id":220421,"file":"/pages/company/companyCollectionList/companyCollectionList.js","loc":{"line":33,"column":32}},{"id":222756,"file":"/pages/company/companyProjectList/companyProjectList.js","loc":{"line":100,"column":8}},{"id":223566,"file":"/pages/company/companyProjectList/companyProjectList.js","loc":{"line":219,"column":36}},{"id":223661,"file":"/pages/company/companyProjectList/companyProjectList.js","loc":{"line":233,"column":60}},{"id":227811,"file":"/pages/personalCenter/rechargePage/rechargePage.js","loc":{"line":52,"column":20}},{"id":233606,"file":"/pages/project/proCollectionList/proCollectionList.js","loc":{"line":35,"column":32}},{"id":235322,"file":"/pages/project/proList/proList.js","loc":{"line":351,"column":29}},{"id":235384,"file":"/pages/project/proList/proList.js","loc":{"line":362,"column":12}},{"id":238224,"file":"/pages/project/proList/proList.js","loc":{"line":678,"column":13}},{"id":238307,"file":"/pages/project/proList/proList.js","loc":{"line":692,"column":36}},{"id":242466,"file":"/pages/project/proList/proList.js","loc":{"line":1234,"column":13}},{"id":242539,"file":"/pages/project/proList/proList.js","loc":{"line":1245,"column":36}},{"id":242810,"file":"/pages/project/proList/proList.js","loc":{"line":1285,"column":13}},{"id":242883,"file":"/pages/project/proList/proList.js","loc":{"line":1296,"column":36}},{"id":243822,"file":"/pages/project/proList/proList.js","loc":{"line":1422,"column":62}},{"id":245467,"file":"/vendor/qcloud-weapp-client-sdk/lib/login.js","loc":{"line":66,"column":12}}]},"wx.getSystemInfo":{"ill":"系统信息，包括设备品牌、设备型号等","ocr":[{"id":198899,"file":"/wxParse/wxParse.js","loc":{"line":57,"column":0}},{"id":204383,"file":"/pages/companyHome/companyHome.js","loc":{"line":41,"column":12}},{"id":208589,"file":"/pages/recentProjectsHome/recentProjectsHome.js","loc":{"line":158,"column":12}},{"id":214745,"file":"/utils/wxSearch/wxSearch.js","loc":{"line":38,"column":20}},{"id":220371,"file":"/pages/company/companyCollectionList/companyCollectionList.js","loc":{"line":20,"column":8}},{"id":222335,"file":"/pages/company/companyProjectList/companyProjectList.js","loc":{"line":39,"column":12}},{"id":227746,"file":"/pages/personalCenter/rechargePage/rechargePage.js","loc":{"line":42,"column":8}},{"id":233556,"file":"/pages/project/proCollectionList/proCollectionList.js","loc":{"line":22,"column":8}},{"id":234955,"file":"/pages/project/proList/proList.js","loc":{"line":290,"column":12}}]},"wx.login":{"ill":"登录凭证","ocr":[{"id":207653,"file":"/pages/projectHome/projectHome.js","loc":{"line":36,"column":8}},{"id":245123,"file":"/vendor/qcloud-weapp-client-sdk/lib/login.js","loc":{"line":13,"column":4}}]},"wx.checkSession":{"ill":"登录态","ocr":[{"id":245497,"file":"/vendor/qcloud-weapp-client-sdk/lib/login.js","loc":{"line":74,"column":20}}]},"wx.connectSocket":{"ill":"请求数据","ocr":[{"id":246358,"file":"/vendor/qcloud-weapp-client-sdk/lib/tunnel.js","loc":{"line":49,"column":12}}]},"wx.onSocketMessage":{"ill":"请求数据","ocr":[{"id":247280,"file":"/vendor/qcloud-weapp-client-sdk/lib/wxTunnel.js","loc":{"line":12,"column":4}}]}},"fromVar":{"wx.getSystemInfoSync":[{"id":118118,"file":"/app.js","loc":{"line":42,"column":23},"codeText":"o.model","ill":"设备型号"},{"id":118123,"file":"/app.js","loc":{"line":43,"column":28},"codeText":"o.pixelRatio","ill":"设备像素比"},{"id":118128,"file":"/app.js","loc":{"line":44,"column":29},"codeText":"o.windowWidth","ill":"可使用窗口宽度，单位px"},{"id":118133,"file":"/app.js","loc":{"line":45,"column":30},"codeText":"o.windowHeight","ill":"可使用窗口高度，单位px"},{"id":118138,"file":"/app.js","loc":{"line":46,"column":26},"codeText":"o.language","ill":"微信设置的语言"},{"id":118143,"file":"/app.js","loc":{"line":47,"column":27},"codeText":"o.version","ill":"微信版本号"},{"id":118148,"file":"/app.js","loc":{"line":48,"column":26},"codeText":"o.platform","ill":"客户端平台"},{"id":118166,"file":"/app.js","loc":{"line":52,"column":24},"codeText":"o.system","ill":"操作系统及版本"},{"id":118173,"file":"/app.js","loc":{"line":53,"column":32},"codeText":"o.platform","ill":"客户端平台"},{"id":118180,"file":"/app.js","loc":{"line":53,"column":64},"codeText":"o.SDKVersion","ill":"客户端基础库版本"},{"id":118187,"file":"/app.js","loc":{"line":53,"column":98},"codeText":"o.pixelRatio","ill":"设备像素比"},{"id":118625,"file":"/utils/api.js","loc":{"line":10,"column":33},"codeText":"i.model","ill":"设备型号"},{"id":118630,"file":"/utils/api.js","loc":{"line":11,"column":39},"codeText":"i.windowWidth","ill":"可使用窗口宽度，单位px"},{"id":118635,"file":"/utils/api.js","loc":{"line":12,"column":40},"codeText":"i.windowHeight","ill":"可使用窗口高度，单位px"},{"id":118640,"file":"/utils/api.js","loc":{"line":13,"column":36},"codeText":"i.platform","ill":"客户端平台"},{"id":118648,"file":"/utils/api.js","loc":{"line":15,"column":34},"codeText":"i.system","ill":"操作系统及版本"},{"id":216148,"file":"/pages/charts/chartsDeal/chartsDeal.js","loc":{"line":113,"column":28},"codeText":"wx.getSystemInfoSync().windowWidth","ill":"可使用窗口宽度，单位px"},{"id":217799,"file":"/pages/charts/chartsDistribute/chartsDistribute.js","loc":{"line":107,"column":16},"codeText":"wx.getSystemInfoSync().windowWidth","ill":"可使用窗口宽度，单位px"},{"id":219000,"file":"/pages/charts/chartsEarnings/chartsEarnings.js","loc":{"line":162,"column":24},"codeText":"wx.getSystemInfoSync().windowWidth","ill":"可使用窗口宽度，单位px"}],"wx.getSystemInfo":[{"id":198912,"file":"/wxParse/wxParse.js","loc":{"line":59,"column":12},"codeText":"e.windowWidth","ill":"可使用窗口宽度，单位px"},{"id":198917,"file":"/wxParse/wxParse.js","loc":{"line":59,"column":31},"codeText":"e.windowHeight","ill":"可使用窗口高度，单位px"},{"id":204400,"file":"/pages/companyHome/companyHome.js","loc":{"line":44,"column":35},"codeText":"e.windowHeight","ill":"可使用窗口高度，单位px"},{"id":208606,"file":"/pages/recentProjectsHome/recentProjectsHome.js","loc":{"line":161,"column":35},"codeText":"e.windowHeight","ill":"可使用窗口高度，单位px"},{"id":214757,"file":"/utils/wxSearch/wxSearch.js","loc":{"line":40,"column":24},"codeText":"e.windowHeight","ill":"可使用窗口高度，单位px"},{"id":220388,"file":"/pages/company/companyCollectionList/companyCollectionList.js","loc":{"line":23,"column":35},"codeText":"t.windowHeight","ill":"可使用窗口高度，单位px"},{"id":222352,"file":"/pages/company/companyProjectList/companyProjectList.js","loc":{"line":42,"column":35},"codeText":"e.windowHeight","ill":"可使用窗口高度，单位px"},{"id":233573,"file":"/pages/project/proCollectionList/proCollectionList.js","loc":{"line":25,"column":35},"codeText":"t.windowHeight","ill":"可使用窗口高度，单位px"},{"id":234972,"file":"/pages/project/proList/proList.js","loc":{"line":293,"column":35},"codeText":"e.windowHeight","ill":"可使用窗口高度，单位px"}],"wx.getStorage":[{"id":202523,"file":"/pages/chartsHome/chartsHome.js","loc":{"line":382,"column":48},"codeText":"e.data","ill":"key对应的内容"},{"id":202530,"file":"/pages/chartsHome/chartsHome.js","loc":{"line":382,"column":74},"codeText":"e.data","ill":"key对应的内容"},{"id":202806,"file":"/pages/chartsHome/chartsHome.js","loc":{"line":415,"column":30},"codeText":"t.data","ill":"key对应的内容"},{"id":203216,"file":"/pages/chartsHome/chartsHome.js","loc":{"line":466,"column":30},"codeText":"t.data","ill":"key对应的内容"},{"id":204725,"file":"/pages/companyHome/companyHome.js","loc":{"line":88,"column":53},"codeText":"e.data","ill":"key对应的内容"},{"id":206424,"file":"/pages/personalCenterHome/personalCenterHome.js","loc":{"line":24,"column":28},"codeText":"e.data","ill":"key对应的内容"},{"id":206489,"file":"/pages/personalCenterHome/personalCenterHome.js","loc":{"line":40,"column":28},"codeText":"e.data","ill":"key对应的内容"},{"id":208409,"file":"/pages/recentProjectsHome/recentProjectsHome.js","loc":{"line":125,"column":30},"codeText":"e.data","ill":"key对应的内容"},{"id":208414,"file":"/pages/recentProjectsHome/recentProjectsHome.js","loc":{"line":125,"column":46},"codeText":"e.data","ill":"key对应的内容"},{"id":208492,"file":"/pages/recentProjectsHome/recentProjectsHome.js","loc":{"line":136,"column":34},"codeText":"e.data","ill":"key对应的内容"},{"id":210508,"file":"/pages/recentProjectsHome/recentProjectsHome.js","loc":{"line":434,"column":28},"codeText":"r.data","ill":"key对应的内容"},{"id":210525,"file":"/pages/recentProjectsHome/recentProjectsHome.js","loc":{"line":437,"column":30},"codeText":"r.data","ill":"key对应的内容"},{"id":213319,"file":"/pages/recentProjectsHome/recentProjectsHome.js","loc":{"line":800,"column":30},"codeText":"e.data","ill":"key对应的内容"},{"id":213324,"file":"/pages/recentProjectsHome/recentProjectsHome.js","loc":{"line":800,"column":46},"codeText":"e.data","ill":"key对应的内容"},{"id":213377,"file":"/pages/recentProjectsHome/recentProjectsHome.js","loc":{"line":806,"column":43},"codeText":"e.data","ill":"key对应的内容"},{"id":222773,"file":"/pages/company/companyProjectList/companyProjectList.js","loc":{"line":103,"column":30},"codeText":"o.data","ill":"key对应的内容"},{"id":222778,"file":"/pages/company/companyProjectList/companyProjectList.js","loc":{"line":103,"column":46},"codeText":"o.data","ill":"key对应的内容"},{"id":222854,"file":"/pages/company/companyProjectList/companyProjectList.js","loc":{"line":114,"column":34},"codeText":"o.data","ill":"key对应的内容"},{"id":223593,"file":"/pages/company/companyProjectList/companyProjectList.js","loc":{"line":225,"column":30},"codeText":"a.data","ill":"key对应的内容"},{"id":227826,"file":"/pages/personalCenter/rechargePage/rechargePage.js","loc":{"line":55,"column":36},"codeText":"a.data","ill":"key对应的内容"},{"id":235339,"file":"/pages/project/proList/proList.js","loc":{"line":354,"column":33},"codeText":"e.data","ill":"key对应的内容"},{"id":238251,"file":"/pages/project/proList/proList.js","loc":{"line":684,"column":30},"codeText":"e.data","ill":"key对应的内容"},{"id":242483,"file":"/pages/project/proList/proList.js","loc":{"line":1237,"column":30},"codeText":"a.data","ill":"key对应的内容"},{"id":242827,"file":"/pages/project/proList/proList.js","loc":{"line":1288,"column":30},"codeText":"a.data","ill":"key对应的内容"},{"id":243840,"file":"/pages/project/proList/proList.js","loc":{"line":1425,"column":26},"codeText":"e.data","ill":"key对应的内容"},{"id":243845,"file":"/pages/project/proList/proList.js","loc":{"line":1425,"column":42},"codeText":"e.data","ill":"key对应的内容"},{"id":243886,"file":"/pages/project/proList/proList.js","loc":{"line":1428,"column":41},"codeText":"e.data","ill":"key对应的内容"},{"id":245482,"file":"/vendor/qcloud-weapp-client-sdk/lib/login.js","loc":{"line":69,"column":24},"codeText":"e.data","ill":"key对应的内容"}],"wx.login":[{"id":207664,"file":"/pages/projectHome/projectHome.js","loc":{"line":38,"column":16},"codeText":"t.code","ill":"用户登录凭证（有效期五分钟）。开发者需要在开发者服务器后台调用 auth.code2Session，使用 code 换取 openid 和 session_key 等信息"},{"id":245166,"file":"/vendor/qcloud-weapp-client-sdk/lib/login.js","loc":{"line":20,"column":22},"codeText":"s.code","ill":"用户登录凭证（有效期五分钟）。开发者需要在开发者服务器后台调用 auth.code2Session，使用 code 换取 openid 和 session_key 等信息"}],"wx.request":[{"id":245343,"file":"/vendor/qcloud-weapp-client-sdk/lib/login.js","loc":{"line":48,"column":40},"codeText":"e.data","ill":"开发者服务器返回的数据"}]},"timeCost":62122}