[{"api":"wx.request","file":"D:/WORK/2022/论文相关/benchmark/miniapp/998二手挖机圈/_-1965603458_27/pages/account/index.js","loc":47},{"api":"wx.request","file":"D:/WORK/2022/论文相关/benchmark/miniapp/998二手挖机圈/_-1965603458_27/pages/answer/index.js","loc":65},{"api":"wx.request","file":"D:/WORK/2022/论文相关/benchmark/miniapp/998二手挖机圈/_-1965603458_27/pages/answer/index.js","loc":159},{"api":"wx.request","file":"D:/WORK/2022/论文相关/benchmark/miniapp/998二手挖机圈/_-1965603458_27/pages/answer/index.js","loc":242},{"api":"wx.openSetting","file":"D:/WORK/2022/论文相关/benchmark/miniapp/998二手挖机圈/_-1965603458_27/pages/auth/info.js","loc":3},{"api":"wx.request","file":"D:/WORK/2022/论文相关/benchmark/miniapp/998二手挖机圈/_-1965603458_27/pages/myissue/myissue.js","loc":51},{"api":"wx.request","file":"D:/WORK/2022/论文相关/benchmark/miniapp/998二手挖机圈/_-1965603458_27/pages/question/question.js","loc":36},{"api":"wx.request","file":"D:/WORK/2022/论文相关/benchmark/miniapp/998二手挖机圈/_-1965603458_27/pages/upgrade/index.js","loc":80}]