[{"file":"D:\\WORK\\2022\\论文相关\\benchmark\\miniapp\\998二手挖机圈\\_-1965603458_27\\app.js","res":[{"func_def":"__global__\\app.js","calls":[]},{"func_def":"__function__18","calls":[]},{"func_def":"__function__26","calls":[]},{"func_def":"__function__39","calls":[{"callee":"__object__new.getFullYear","call_expr_loc":{"line":40,"column":32},"defined":false},{"callee":"__object__new.getMonth","call_expr_loc":{"line":40,"column":53},"defined":false},{"callee":"__object__new.getDate","call_expr_loc":{"line":40,"column":75},"defined":false}]},{"func_def":"__function__43","calls":[{"callee":"__object__2.userInfo.cs.substr","call_expr_loc":{"line":44,"column":45},"defined":false}]},{"func_def":"__function__46","calls":[]},{"func_def":"__function__58","calls":[{"callee":"a","call_expr_loc":{"line":60,"column":100},"defined":false}]},{"func_def":"__function__103","calls":[{"callee":"__object__1.auth","call_expr_loc":{"line":106,"column":31},"defined":true}]},{"func_def":"__function__112","calls":[]},{"func_def":"__function__122","calls":[]},{"func_def":"__function__127","calls":[]},{"func_def":"__function__21","calls":[{"callee":"__object__1.onLaunch","call_expr_loc":{"line":22,"column":16},"defined":true}]},{"func_def":"__function__30","calls":[]},{"func_def":"__function__51","calls":[]},{"func_def":"__function__65","calls":[{"callee":"__object__1.show_erro","call_expr_loc":{"line":93,"column":26},"defined":true},{"callee":"a","call_expr_loc":{"line":93,"column":82},"defined":false}]},{"func_def":"__function__95","calls":[{"callee":"__object__1.show_erro","call_expr_loc":{"line":96,"column":46},"defined":true}]},{"func_def":"__function__78","calls":[{"callee":"__object__1.show_erro","call_expr_loc":{"line":79,"column":49},"defined":true},{"callee":"a","call_expr_loc":{"line":80,"column":95},"defined":false},{"callee":"a","call_expr_loc":{"line":83,"column":57},"defined":false}]},{"func_def":"__function__88","calls":[{"callee":"__object__1.show_erro","call_expr_loc":{"line":89,"column":54},"defined":true}]},{"func_def":"__function__89","calls":[{"callee":"__object__1.auth","call_expr_loc":{"line":90,"column":32},"defined":true}]},{"func_def":"__function__96","calls":[{"callee":"__object__1.auth","call_expr_loc":{"line":97,"column":24},"defined":true}]},{"func_def":"__function__106","calls":[]},{"func_def":"__function__142","calls":[]},{"func_def":"__function__156","calls":[]},{"func_def":"__function__161","calls":[{"callee":"__object__1.makecall","call_expr_loc":{"line":162,"column":55},"defined":false}]},{"func_def":"__function__170","calls":[]}]},{"file":"D:\\WORK\\2022\\论文相关\\benchmark\\miniapp\\998二手挖机圈\\_-1965603458_27\\pages\\account\\index.js","res":[{"func_def":"__global__\\pages\\account\\index.js","calls":[]},{"func_def":"__function__22","calls":[{"callee":"__object__getApp.show_erro","call_expr_loc":{"line":44,"column":14},"defined":true}]},{"func_def":"__function__46","calls":[]},{"func_def":"__function__58","calls":[]},{"func_def":"__function__94","calls":[]},{"func_def":"__function__108","calls":[{"callee":"__object__getApp.checklogin","call_expr_loc":{"line":112,"column":14},"defined":true},{"callee":"__object__3.load_account","call_expr_loc":{"line":114,"column":73},"defined":true}]},{"func_def":"__function__116","calls":[]},{"func_def":"__function__123","calls":[]},{"func_def":"__function__147","calls":[]},{"func_def":"__function__175","calls":[]},{"func_def":"__function__204","calls":[]},{"func_def":"__function__240","calls":[{"callee":"__object__getApp.auth","call_expr_loc":{"line":242,"column":8},"defined":true}]},{"func_def":"__function__256","calls":[]},{"func_def":"__function__273","calls":[]},{"func_def":"__function__279","calls":[{"callee":"__object__3.load_account","call_expr_loc":{"line":285,"column":48},"defined":true}]},{"func_def":"__function__287","calls":[{"callee":"__object__getApp.getcsid","call_expr_loc":{"line":292,"column":47},"defined":true},{"callee":"__object__getApp.getcsid","call_expr_loc":{"line":296,"column":47},"defined":true}]},{"func_def":"__function__300","calls":[]},{"func_def":"__function__305","calls":[]},{"func_def":"__function__310","calls":[]},{"func_def":"__function__315","calls":[]},{"func_def":"__function__320","calls":[{"callee":"a.onCheckForUpdate","call_expr_loc":{"line":322,"column":8},"defined":false}]},{"func_def":"__function__337","calls":[]},{"func_def":"__function__356","calls":[]},{"func_def":"__function__361","calls":[]},{"func_def":"__function__41","calls":[{"callee":"__object__3.load_account","call_expr_loc":{"line":42,"column":34},"defined":true}]},{"func_def":"__function__63","calls":[]},{"func_def":"__function__68","calls":[]},{"func_def":"__function__69","calls":[]},{"func_def":"__function__80","calls":[{"callee":"__object__3.savebg","call_expr_loc":{"line":85,"column":93},"defined":true},{"callee":"__object__getApp.show_erro","call_expr_loc":{"line":85,"column":117},"defined":true}]},{"func_def":"__function__105","calls":[]},{"func_def":"__function__129","calls":[]},{"func_def":"__function__140","calls":[{"callee":"__object__getApp.show_erro","call_expr_loc":{"line":141,"column":24},"defined":true}]},{"func_def":"__function__152","calls":[]},{"func_def":"__function__168","calls":[{"callee":"__object__3.load_account","call_expr_loc":{"line":169,"column":84},"defined":true}]},{"func_def":"__function__189","calls":[{"callee":"__object__getApp.show_erro","call_expr_loc":{"line":190,"column":53},"defined":true},{"callee":"__object__3.load_account","call_expr_loc":{"line":191,"column":33},"defined":true}]},{"func_def":"__function__195","calls":[]},{"func_def":"__function__218","calls":[]},{"func_def":"__function__242","calls":[{"callee":"__object__3.buildercode","call_expr_loc":{"line":249,"column":16},"defined":true},{"callee":"__object__3.load_account","call_expr_loc":{"line":249,"column":33},"defined":true}]},{"func_def":"__function__250","calls":[]},{"func_def":"__function__268","calls":[]},{"func_def":"__function__283","calls":[]},{"func_def":"__function__293","calls":[]},{"func_def":"__function__297","calls":[]},{"func_def":"__function__307","calls":[]},{"func_def":"__function__322","calls":[{"callee":"a.onUpdateReady","call_expr_loc":{"line":326,"column":17},"defined":false}]},{"func_def":"__function__326","calls":[]},{"func_def":"__function__330","calls":[]},{"func_def":"__function__351","calls":[]}]},{"file":"D:\\WORK\\2022\\论文相关\\benchmark\\miniapp\\998二手挖机圈\\_-1965603458_27\\pages\\accountpoint\\index.js","res":[{"func_def":"__global__\\pages\\accountpoint\\index.js","calls":[]},{"func_def":"__function__12","calls":[]},{"func_def":"__function__18","calls":[{"callee":"__object__3.get_pointdata","call_expr_loc":{"line":27,"column":12},"defined":true},{"callee":"__object__3.get_shops","call_expr_loc":{"line":27,"column":31},"defined":true}]},{"func_def":"__function__29","calls":[]},{"func_def":"__function__55","calls":[{"callee":"__object__getApp.auth","call_expr_loc":{"line":57,"column":8},"defined":true}]},{"func_def":"__function__76","calls":[]},{"func_def":"__function__94","calls":[]},{"func_def":"__function__99","calls":[]},{"func_def":"__function__104","calls":[]},{"func_def":"__function__109","calls":[]},{"func_def":"__function__115","calls":[{"callee":"__object__getApp.getcsid","call_expr_loc":{"line":118,"column":44},"defined":true}]},{"func_def":"__function__21","calls":[]},{"func_def":"__function__35","calls":[]},{"func_def":"__function__46","calls":[{"callee":"__object__3.get_pointdata","call_expr_loc":{"line":49,"column":28},"defined":true},{"callee":"__object__getApp.show_erro","call_expr_loc":{"line":49,"column":49},"defined":true}]},{"func_def":"__function__57","calls":[]},{"func_def":"__function__67","calls":[{"callee":"t.data.point_list.reverse","call_expr_loc":{"line":68,"column":20},"defined":false}]},{"func_def":"__function__87","calls":[]},{"func_def":"__function__120","calls":[]},{"func_def":"__function__127","calls":[]}]},{"file":"D:\\WORK\\2022\\论文相关\\benchmark\\miniapp\\998二手挖机圈\\_-1965603458_27\\pages\\activity\\activity.js","res":[{"func_def":"__global__\\pages\\activity\\activity.js","calls":[]},{"func_def":"__function__13","calls":[{"callee":"__object__getApp.auth","call_expr_loc":{"line":15,"column":8},"defined":true},{"callee":"__object__getApp.checklogin","call_expr_loc":{"line":17,"column":12},"defined":true},{"callee":"__object__3.getFirstDayofWeek","call_expr_loc":{"line":17,"column":31},"defined":true},{"callee":"__object__3.get_shareTop","call_expr_loc":{"line":17,"column":54},"defined":true},{"callee":"__object__3.get_lastweek","call_expr_loc":{"line":17,"column":72},"defined":true},{"callee":"__object__3.set_times","call_expr_loc":{"line":18,"column":8},"defined":true}]},{"func_def":"__function__20","calls":[{"callee":"t.getFullYear","call_expr_loc":{"line":21,"column":26},"defined":false},{"callee":"t.getMonth","call_expr_loc":{"line":21,"column":47},"defined":false},{"callee":"t.getDate","call_expr_loc":{"line":21,"column":69},"defined":false}]},{"func_def":"__function__28","calls":[{"callee":"__object__new.getDay","call_expr_loc":{"line":29,"column":42},"defined":false},{"callee":"__object__new.getDate","call_expr_loc":{"line":29,"column":58},"defined":false},{"callee":"__object__new.getMonth","call_expr_loc":{"line":29,"column":75},"defined":false},{"callee":"__object__new.getYear","call_expr_loc":{"line":29,"column":93},"defined":false},{"callee":"__object__3.formatDate","call_expr_loc":{"line":32,"column":8},"defined":true}]},{"func_def":"__function__34","calls":[{"callee":"__object__new.setFullYear","call_expr_loc":{"line":36,"column":15},"defined":false},{"callee":"__object__new.setMonth","call_expr_loc":{"line":36,"column":49},"defined":false},{"callee":"__object__new.setDate","call_expr_loc":{"line":36,"column":84},"defined":false},{"callee":"__object__new.setHours","call_expr_loc":{"line":37,"column":8},"defined":false},{"callee":"__object__new.setMinutes","call_expr_loc":{"line":37,"column":41},"defined":false},{"callee":"__object__new.setSeconds","call_expr_loc":{"line":37,"column":76},"defined":false}]},{"func_def":"__function__40","calls":[{"callee":"__object__3.get_times","call_expr_loc":{"line":41,"column":26},"defined":true}]},{"func_def":"__function__58","calls":[]},{"func_def":"__function__76","calls":[]},{"func_def":"__function__94","calls":[]},{"func_def":"__function__99","calls":[]},{"func_def":"__function__104","calls":[]},{"func_def":"__function__109","calls":[]},{"func_def":"__function__114","calls":[{"callee":"__object__getApp.getcsid","call_expr_loc":{"line":117,"column":44},"defined":true}]},{"func_def":"__function__15","calls":[]},{"func_def":"__function__42","calls":[]},{"func_def":"__function__69","calls":[]},{"func_def":"__function__87","calls":[]},{"func_def":"__function__119","calls":[]}]},{"file":"D:\\WORK\\2022\\论文相关\\benchmark\\miniapp\\998二手挖机圈\\_-1965603458_27\\pages\\answer\\index.js","res":[{"func_def":"__global__\\pages\\answer\\index.js","calls":[]},{"func_def":"__function__25","calls":[{"callee":"__object__getApp.auth","call_expr_loc":{"line":27,"column":43},"defined":true}]},{"func_def":"__function__55","calls":[]},{"func_def":"__function__63","calls":[]},{"func_def":"__function__78","calls":[]},{"func_def":"__function__108","calls":[{"callee":"__object__3.counttime","call_expr_loc":{"line":112,"column":12},"defined":true}]},{"func_def":"__function__114","calls":[{"callee":"__object__3.goerro","call_expr_loc":{"line":119,"column":19},"defined":true},{"callee":"__object__3.playsound","call_expr_loc":{"line":120,"column":23},"defined":true}]},{"func_def":"__function__129","calls":[]},{"func_def":"__function__147","calls":[{"callee":"e.stop","call_expr_loc":{"line":149,"column":58},"defined":false}]},{"func_def":"__function__151","calls":[{"callee":"e.onError","call_expr_loc":{"line":153,"column":65},"defined":false}]},{"func_def":"__function__157","calls":[{"callee":"__object__3.playsound","call_expr_loc":{"line":159,"column":36},"defined":true}]},{"func_def":"__function__175","calls":[{"callee":"__object__3.load_question","call_expr_loc":{"line":179,"column":12},"defined":true}]},{"func_def":"__function__181","calls":[{"callee":"__object__3.goerro","call_expr_loc":{"line":183,"column":56},"defined":true},{"callee":"__object__3.playsound","call_expr_loc":{"line":183,"column":70},"defined":true}]},{"func_def":"__function__204","calls":[]},{"func_def":"__function__209","calls":[]},{"func_def":"__function__215","calls":[]},{"func_def":"__function__238","calls":[{"callee":"__object__3.playsound","call_expr_loc":{"line":240,"column":8},"defined":true}]},{"func_def":"__function__253","calls":[]},{"func_def":"__function__258","calls":[{"callee":"__object__getApp.getcsid","call_expr_loc":{"line":262,"column":45},"defined":true},{"callee":"__object__getApp.getcsid","call_expr_loc":{"line":294,"column":45},"defined":true},{"callee":"__object__getApp.getcsid","call_expr_loc":{"line":297,"column":45},"defined":true},{"callee":"__object__getApp.getcsid","call_expr_loc":{"line":300,"column":45},"defined":true}]},{"func_def":"__function__27","calls":[]},{"func_def":"__function__41","calls":[{"callee":"__object__3.load_question","call_expr_loc":{"line":50,"column":26},"defined":true}]},{"func_def":"__function__90","calls":[{"callee":"__object__3.playsound","call_expr_loc":{"line":96,"column":83},"defined":true},{"callee":"__object__3.counttime","call_expr_loc":{"line":101,"column":22},"defined":true}]},{"func_def":"__function__124","calls":[{"callee":"__object__3.counttime","call_expr_loc":{"line":125,"column":16},"defined":true}]},{"func_def":"__function__140","calls":[{"callee":"__object__3.load_question","call_expr_loc":{"line":143,"column":20},"defined":true}]},{"func_def":"__function__153","calls":[]},{"func_def":"__function__197","calls":[]},{"func_def":"__function__198","calls":[{"callee":"__object__3.load_question","call_expr_loc":{"line":199,"column":20},"defined":true}]},{"func_def":"__function__229","calls":[{"callee":"__object__getApp.show_erro","call_expr_loc":{"line":230,"column":38},"defined":true}]},{"func_def":"__function__264","calls":[]},{"func_def":"__function__274","calls":[]},{"func_def":"__function__287","calls":[]},{"func_def":"__function__280","calls":[{"callee":"__object__3.counttime","call_expr_loc":{"line":281,"column":55},"defined":true}]}]},{"file":"D:\\WORK\\2022\\论文相关\\benchmark\\miniapp\\998二手挖机圈\\_-1965603458_27\\pages\\answer\\start.js","res":[{"func_def":"__global__\\pages\\answer\\start.js","calls":[]},{"func_def":"__function__9","calls":[{"callee":"__object__getApp.auth","call_expr_loc":{"line":11,"column":43},"defined":true}]},{"func_def":"__function__32","calls":[]},{"func_def":"__function__37","calls":[]},{"func_def":"__function__60","calls":[]},{"func_def":"__function__65","calls":[]},{"func_def":"__function__70","calls":[]},{"func_def":"__function__73","calls":[]},{"func_def":"__function__76","calls":[{"callee":"__object__3.playsound","call_expr_loc":{"line":77,"column":8},"defined":true}]},{"func_def":"__function__79","calls":[]},{"func_def":"__function__84","calls":[]},{"func_def":"__function__89","calls":[{"callee":"__object__getApp.getcsid","call_expr_loc":{"line":92,"column":45},"defined":true}]},{"func_def":"__function__11","calls":[]},{"func_def":"__function__23","calls":[]},{"func_def":"__function__51","calls":[{"callee":"__object__getApp.show_erro","call_expr_loc":{"line":52,"column":38},"defined":true}]}]},{"file":"D:\\WORK\\2022\\论文相关\\benchmark\\miniapp\\998二手挖机圈\\_-1965603458_27\\pages\\answertop\\index.js","res":[{"func_def":"__global__\\pages\\answertop\\index.js","calls":[]},{"func_def":"__function__11","calls":[{"callee":"__object__getApp.auth","call_expr_loc":{"line":13,"column":43},"defined":true}]},{"func_def":"__function__17","calls":[{"callee":"__object__3.load_top","call_expr_loc":{"line":18,"column":8},"defined":true}]},{"func_def":"__function__22","calls":[]},{"func_def":"__function__40","calls":[{"callee":"__object__3.load_top","call_expr_loc":{"line":41,"column":8},"defined":true}]},{"func_def":"__function__45","calls":[{"callee":"__object__3.load_top","call_expr_loc":{"line":46,"column":8},"defined":true}]},{"func_def":"__function__50","calls":[]},{"func_def":"__function__63","calls":[]},{"func_def":"__function__86","calls":[]},{"func_def":"__function__91","calls":[{"callee":"__object__getApp.getcsid","call_expr_loc":{"line":94,"column":45},"defined":true}]},{"func_def":"__function__13","calls":[{"callee":"__object__3.load_top","call_expr_loc":{"line":14,"column":12},"defined":true}]},{"func_def":"__function__32","calls":[]},{"func_def":"__function__77","calls":[]},{"func_def":"__function__95","calls":[]}]},{"file":"D:\\WORK\\2022\\论文相关\\benchmark\\miniapp\\998二手挖机圈\\_-1965603458_27\\pages\\auth\\info.js","res":[{"func_def":"__global__\\pages\\auth\\info.js","calls":[]},{"func_def":"__function__2","calls":[]},{"func_def":"__function__5","calls":[]},{"func_def":"__function__8","calls":[{"callee":"__object__1.auth","call_expr_loc":{"line":21,"column":20},"defined":true}]},{"func_def":"__function__11","calls":[]},{"func_def":"__function__16","calls":[]}]},{"file":"D:\\WORK\\2022\\论文相关\\benchmark\\miniapp\\998二手挖机圈\\_-1965603458_27\\pages\\catalog\\index.js","res":[{"func_def":"__global__\\pages\\catalog\\index.js","calls":[]},{"func_def":"__function__3","calls":[]},{"func_def":"__function__4","calls":[]},{"func_def":"__function__5","calls":[]},{"func_def":"__function__6","calls":[]},{"func_def":"__function__7","calls":[]},{"func_def":"__function__8","calls":[]},{"func_def":"__function__9","calls":[]},{"func_def":"__function__10","calls":[]}]},{"file":"D:\\WORK\\2022\\论文相关\\benchmark\\miniapp\\998二手挖机圈\\_-1965603458_27\\pages\\colles\\colles.js","res":[{"func_def":"__global__\\pages\\colles\\colles.js","calls":[]},{"func_def":"__function__11","calls":[]},{"func_def":"__function__16","calls":[]},{"func_def":"__function__23","calls":[]},{"func_def":"__function__45","calls":[{"callee":"__object__3.getlist","call_expr_loc":{"line":46,"column":8},"defined":true}]},{"func_def":"__function__48","calls":[{"callee":"__object__getApp.auth","call_expr_loc":{"line":50,"column":8},"defined":true}]},{"func_def":"__function__81","calls":[]},{"func_def":"__function__103","calls":[]},{"func_def":"__function__134","calls":[{"callee":"__object__3.callout","call_expr_loc":{"line":137,"column":8},"defined":true}]},{"func_def":"__function__139","calls":[]},{"func_def":"__function__178","calls":[]},{"func_def":"__function__185","calls":[]},{"func_def":"__function__192","calls":[{"callee":"__object__3.getlist","call_expr_loc":{"line":197,"column":12},"defined":true}]},{"func_def":"__function__199","calls":[{"callee":"__object__getApp.getcsid","call_expr_loc":{"line":203,"column":48},"defined":true},{"callee":"__object__getApp.getcsid","call_expr_loc":{"line":209,"column":44},"defined":true}]},{"func_def":"__function__35","calls":[{"callee":"__object__getApp.show_erro","call_expr_loc":{"line":41,"column":20},"defined":true}]},{"func_def":"__function__50","calls":[]},{"func_def":"__function__64","calls":[]},{"func_def":"__function__93","calls":[{"callee":"__object__getApp.show_erro","call_expr_loc":{"line":99,"column":42},"defined":true},{"callee":"__object__3.paycall","call_expr_loc":{"line":99,"column":99},"defined":true}]},{"func_def":"__function__96","calls":[{"callee":"__object__getApp.show_erro","call_expr_loc":{"line":97,"column":24},"defined":true}]},{"func_def":"__function__117","calls":[{"callee":"__object__getApp.show_erro","call_expr_loc":{"line":130,"column":21},"defined":true}]},{"func_def":"__function__124","calls":[{"callee":"__object__3.makecall","call_expr_loc":{"line":125,"column":24},"defined":true}]},{"func_def":"__function__127","calls":[{"callee":"__object__getApp.show_erro","call_expr_loc":{"line":128,"column":24},"defined":true}]},{"func_def":"__function__153","calls":[{"callee":"__object__getApp.show_erro","call_expr_loc":{"line":174,"column":25},"defined":true}]},{"func_def":"__function__168","calls":[{"callee":"__object__getApp.show_erro","call_expr_loc":{"line":169,"column":28},"defined":true}]},{"func_def":"__function__157","calls":[{"callee":"__object__3.callout","call_expr_loc":{"line":158,"column":59},"defined":true}]},{"func_def":"__function__205","calls":[]},{"func_def":"__function__210","calls":[]}]},{"file":"D:\\WORK\\2022\\论文相关\\benchmark\\miniapp\\998二手挖机圈\\_-1965603458_27\\pages\\correlation\\correlation.js","res":[{"func_def":"__global__\\pages\\correlation\\correlation.js","calls":[]},{"func_def":"__function__55","calls":[]},{"func_def":"__function__90","calls":[]},{"func_def":"__function__153","calls":[]},{"func_def":"__function__159","calls":[]},{"func_def":"__function__160","calls":[]},{"func_def":"__function__161","calls":[]},{"func_def":"__function__162","calls":[]},{"func_def":"__function__163","calls":[]},{"func_def":"__function__164","calls":[]},{"func_def":"__function__165","calls":[]},{"func_def":"__function__61","calls":[{"callee":"__object__getApp.show_erro","call_expr_loc":{"line":62,"column":16},"defined":true}]},{"func_def":"__function__67","calls":[{"callee":"__object__getApp.show_erro","call_expr_loc":{"line":68,"column":16},"defined":true}]},{"func_def":"__function__73","calls":[{"callee":"__object__getApp.show_erro","call_expr_loc":{"line":74,"column":16},"defined":true}]},{"func_def":"__function__79","calls":[{"callee":"__object__getApp.show_erro","call_expr_loc":{"line":80,"column":16},"defined":true}]},{"func_def":"__function__85","calls":[{"callee":"__object__getApp.show_erro","call_expr_loc":{"line":86,"column":16},"defined":true}]},{"func_def":"__function__98","calls":[{"callee":"__object__getApp.show_erro","call_expr_loc":{"line":99,"column":16},"defined":true}]},{"func_def":"__function__108","calls":[{"callee":"__object__getApp.show_erro","call_expr_loc":{"line":109,"column":16},"defined":true}]},{"func_def":"__function__118","calls":[{"callee":"__object__getApp.show_erro","call_expr_loc":{"line":119,"column":16},"defined":true}]},{"func_def":"__function__128","calls":[{"callee":"__object__getApp.show_erro","call_expr_loc":{"line":129,"column":16},"defined":true}]},{"func_def":"__function__138","calls":[{"callee":"__object__getApp.show_erro","call_expr_loc":{"line":139,"column":16},"defined":true}]},{"func_def":"__function__148","calls":[{"callee":"__object__getApp.show_erro","call_expr_loc":{"line":149,"column":16},"defined":true}]}]},{"file":"D:\\WORK\\2022\\论文相关\\benchmark\\miniapp\\998二手挖机圈\\_-1965603458_27\\pages\\dealt\\dealt.js","res":[{"func_def":"__global__\\pages\\dealt\\dealt.js","calls":[]},{"func_def":"__function__10","calls":[{"callee":"__object__getApp.checklogin","call_expr_loc":{"line":12,"column":8},"defined":true},{"callee":"__object__3.get_selled","call_expr_loc":{"line":12,"column":26},"defined":true}]},{"func_def":"__function__14","calls":[]},{"func_def":"__function__40","calls":[{"callee":"__object__3.get_selled","call_expr_loc":{"line":42,"column":39},"defined":true}]},{"func_def":"__function__44","calls":[]},{"func_def":"__function__26","calls":[]}]},{"file":"D:\\WORK\\2022\\论文相关\\benchmark\\miniapp\\998二手挖机圈\\_-1965603458_27\\pages\\deviceadd\\index.js","res":[{"func_def":"__global__\\pages\\deviceadd\\index.js","calls":[]},{"func_def":"__function__1","calls":[]},{"func_def":"__function__3","calls":[]},{"func_def":"__function__30","calls":[{"callee":"__object__getApp.auth","call_expr_loc":{"line":32,"column":8},"defined":true}]},{"func_def":"__function__37","calls":[]},{"func_def":"__function__42","calls":[]},{"func_def":"__function__47","calls":[]},{"func_def":"__function__89","calls":[{"callee":"__object__7.showmodel","call_expr_loc":{"line":96,"column":8},"defined":true}]},{"func_def":"__function__98","calls":[{"callee":"__object__7.getoptions","call_expr_loc":{"line":106,"column":12},"defined":true}]},{"func_def":"__function__108","calls":[{"callee":"t","call_expr_loc":{"line":110,"column":54},"defined":true},{"callee":"__object__7.showmodel","call_expr_loc":{"line":111,"column":98},"defined":true}]},{"func_def":"__function__113","calls":[{"callee":"__object__getApp.getcsid","call_expr_loc":{"line":116,"column":47},"defined":true}]},{"func_def":"__function__119","calls":[]},{"func_def":"__function__129","calls":[{"callee":"__object__7.showmodel","call_expr_loc":{"line":134,"column":8},"defined":true}]},{"func_def":"__function__136","calls":[]},{"func_def":"__function__145","calls":[]},{"func_def":"__function__156","calls":[]},{"func_def":"__function__162","calls":[]},{"func_def":"__function__203","calls":[]},{"func_def":"__function__210","calls":[]},{"func_def":"__function__231","calls":[{"callee":"__object__new.getFullYear","call_expr_loc":{"line":232,"column":31},"defined":false},{"callee":"e.reverse","call_expr_loc":{"line":233,"column":8},"defined":false}]},{"func_def":"__function__235","calls":[]},{"func_def":"__function__251","calls":[]},{"func_def":"__function__271","calls":[]},{"func_def":"__function__291","calls":[{"callee":"__object__getApp.auth","call_expr_loc":{"line":293,"column":49},"defined":true}]},{"func_def":"__function__321","calls":[]},{"func_def":"__function__335","calls":[]},{"func_def":"__function__342","calls":[]},{"func_def":"__function__374","calls":[]},{"func_def":"__function__382","calls":[]},{"func_def":"__function__410","calls":[]},{"func_def":"__function__432","calls":[]},{"func_def":"__function__437","calls":[{"callee":"__object__getApp.checklogin","call_expr_loc":{"line":438,"column":46},"defined":true},{"callee":"{.substr","call_expr_loc":{"line":445,"column":12},"defined":false},{"callee":"__object__getApp.show_erro","call_expr_loc":{"line":463,"column":12},"defined":true},{"callee":"__object__7.showmore","call_expr_loc":{"line":463,"column":45},"defined":true}]},{"func_def":"__function__511","calls":[{"callee":"__object__getApp.auth","call_expr_loc":{"line":513,"column":8},"defined":true}]},{"func_def":"__function__32","calls":[{"callee":"__object__getApp.checklogin","call_expr_loc":{"line":33,"column":50},"defined":true},{"callee":"__object__7.checkuser","call_expr_loc":{"line":34,"column":12},"defined":true},{"callee":"__object__7.getcatalog","call_expr_loc":{"line":34,"column":27},"defined":true},{"callee":"__object__7.getyears","call_expr_loc":{"line":34,"column":43},"defined":true},{"callee":"__object__7.buildercode","call_expr_loc":{"line":34,"column":57},"defined":true}]},{"func_def":"__function__60","calls":[]},{"func_def":"__function__84","calls":[{"callee":"__object__getApp.show_erro","call_expr_loc":{"line":85,"column":16},"defined":true}]},{"func_def":"__function__67","calls":[]},{"func_def":"__function__75","calls":[]},{"func_def":"__function__176","calls":[]},{"func_def":"__function__196","calls":[{"callee":"__object__getApp.show_erro","call_expr_loc":{"line":197,"column":33},"defined":true}]},{"func_def":"__function__197","calls":[{"callee":"__object__7.getoptions","call_expr_loc":{"line":198,"column":20},"defined":true}]},{"func_def":"__function__224","calls":[]},{"func_def":"__function__246","calls":[]},{"func_def":"__function__255","calls":[{"callee":"__object__7.savexy","call_expr_loc":{"line":256,"column":90},"defined":true}]},{"func_def":"__function__258","calls":[]},{"func_def":"__function__262","calls":[]},{"func_def":"__function__284","calls":[]},{"func_def":"__function__293","calls":[]},{"func_def":"__function__306","calls":[{"callee":"__object__getApp.show_erro","call_expr_loc":{"line":307,"column":34},"defined":true},{"callee":"__object__getApp.show_erro","call_expr_loc":{"line":310,"column":27},"defined":true}]},{"func_def":"__function__310","calls":[]},{"func_def":"__function__332","calls":[]},{"func_def":"__function__348","calls":[]},{"func_def":"__function__349","calls":[]},{"func_def":"__function__359","calls":[{"callee":"__object__getApp.show_erro","call_expr_loc":{"line":367,"column":34},"defined":true}]},{"func_def":"__function__388","calls":[]},{"func_def":"__function__401","calls":[]},{"func_def":"__function__413","calls":[]},{"func_def":"__function__419","calls":[]},{"func_def":"__function__423","calls":[]},{"func_def":"__function__489","calls":[{"callee":"__object__7.sendmsg","call_expr_loc":{"line":490,"column":35},"defined":true},{"callee":"__object__getApp.show_erro","call_expr_loc":{"line":507,"column":22},"defined":true}]},{"func_def":"__function__500","calls":[]},{"func_def":"__function__501","calls":[]},{"func_def":"__function__513","calls":[{"callee":"__object__getApp.checklogin","call_expr_loc":{"line":514,"column":50},"defined":true},{"callee":"__object__7.checkuser","call_expr_loc":{"line":515,"column":12},"defined":true},{"callee":"__object__7.getlocation","call_expr_loc":{"line":515,"column":27},"defined":true}]}]},{"file":"D:\\WORK\\2022\\论文相关\\benchmark\\miniapp\\998二手挖机圈\\_-1965603458_27\\pages\\deviceaddq\\index.js","res":[{"func_def":"__global__\\pages\\deviceaddq\\index.js","calls":[]},{"func_def":"__function__35","calls":[]},{"func_def":"__function__40","calls":[]},{"func_def":"__function__51","calls":[]},{"func_def":"__function__56","calls":[]},{"func_def":"__function__80","calls":[{"callee":"__object__3.showmodel","call_expr_loc":{"line":87,"column":8},"defined":true}]},{"func_def":"__function__89","calls":[{"callee":"__object__3.dynamic_options","call_expr_loc":{"line":91,"column":8},"defined":true}]},{"func_def":"__function__99","calls":[]},{"func_def":"__function__115","calls":[]},{"func_def":"__function__132","calls":[{"callee":"__object__3.showmodel","call_expr_loc":{"line":137,"column":8},"defined":true}]},{"func_def":"__function__139","calls":[]},{"func_def":"__function__148","calls":[{"callee":"__object__3.showmodel","call_expr_loc":{"line":153,"column":8},"defined":true}]},{"func_def":"__function__155","calls":[]},{"func_def":"__function__164","calls":[]},{"func_def":"__function__172","calls":[]},{"func_def":"__function__179","calls":[]},{"func_def":"__function__215","calls":[]},{"func_def":"__function__223","calls":[]},{"func_def":"__function__230","calls":[{"callee":"__object__getApp.checklogin","call_expr_loc":{"line":231,"column":12},"defined":true},{"callee":"__object__getApp.show_erro","call_expr_loc":{"line":251,"column":16},"defined":true}]},{"func_def":"__function__315","calls":[]},{"func_def":"__function__331","calls":[{"callee":"__object__getApp.auth","call_expr_loc":{"line":333,"column":49},"defined":true}]},{"func_def":"__function__361","calls":[{"callee":"__object__getApp.auth","call_expr_loc":{"line":363,"column":8},"defined":true}]},{"func_def":"__function__386","calls":[]},{"func_def":"__function__406","calls":[]},{"func_def":"__function__420","calls":[{"callee":"__object__getApp.checklogin","call_expr_loc":{"line":421,"column":12},"defined":true}]},{"func_def":"__function__423","calls":[]},{"func_def":"__function__429","calls":[]},{"func_def":"__function__453","calls":[]},{"func_def":"__function__458","calls":[]},{"func_def":"__function__43","calls":[]},{"func_def":"__function__67","calls":[]},{"func_def":"__function__71","calls":[]},{"func_def":"__function__127","calls":[]},{"func_def":"__function__185","calls":[]},{"func_def":"__function__190","calls":[]},{"func_def":"__function__200","calls":[{"callee":"__object__getApp.show_erro","call_expr_loc":{"line":208,"column":34},"defined":true}]},{"func_def":"__function__276","calls":[{"callee":"__object__3.sendmsg","call_expr_loc":{"line":297,"column":58},"defined":true},{"callee":"__object__getApp.show_erro","call_expr_loc":{"line":310,"column":26},"defined":true}]},{"func_def":"__function__290","calls":[]},{"func_def":"__function__291","calls":[]},{"func_def":"__function__328","calls":[]},{"func_def":"__function__333","calls":[]},{"func_def":"__function__346","calls":[{"callee":"__object__getApp.show_erro","call_expr_loc":{"line":347,"column":34},"defined":true},{"callee":"__object__getApp.show_erro","call_expr_loc":{"line":350,"column":27},"defined":true}]},{"func_def":"__function__350","calls":[]},{"func_def":"__function__363","calls":[]},{"func_def":"__function__373","calls":[]},{"func_def":"__function__399","calls":[]},{"func_def":"__function__410","calls":[{"callee":"__object__3.savexy","call_expr_loc":{"line":411,"column":90},"defined":true}]},{"func_def":"__function__413","calls":[{"callee":"__object__getApp.show_erro","call_expr_loc":{"line":414,"column":16},"defined":true}]},{"func_def":"__function__444","calls":[]}]},{"file":"D:\\WORK\\2022\\论文相关\\benchmark\\miniapp\\998二手挖机圈\\_-1965603458_27\\pages\\deviceedit\\index.js","res":[{"func_def":"__global__\\pages\\deviceedit\\index.js","calls":[]},{"func_def":"__function__1","calls":[]},{"func_def":"__function__3","calls":[]},{"func_def":"__function__29","calls":[{"callee":"__object__getApp.auth","call_expr_loc":{"line":31,"column":30},"defined":true}]},{"func_def":"__function__36","calls":[]},{"func_def":"__function__71","calls":[{"callee":"__object__7.showmodel","call_expr_loc":{"line":78,"column":8},"defined":true}]},{"func_def":"__function__80","calls":[{"callee":"__object__7.getoptions","call_expr_loc":{"line":90,"column":12},"defined":true}]},{"func_def":"__function__92","calls":[{"callee":"a","call_expr_loc":{"line":94,"column":54},"defined":true},{"callee":"__object__7.showmodel","call_expr_loc":{"line":95,"column":98},"defined":true}]},{"func_def":"__function__97","calls":[]},{"func_def":"__function__104","calls":[{"callee":"__object__7.showmodel","call_expr_loc":{"line":109,"column":8},"defined":true}]},{"func_def":"__function__111","calls":[]},{"func_def":"__function__119","calls":[]},{"func_def":"__function__130","calls":[]},{"func_def":"__function__135","calls":[]},{"func_def":"__function__172","calls":[]},{"func_def":"__function__176","calls":[]},{"func_def":"__function__197","calls":[{"callee":"__object__new.getFullYear","call_expr_loc":{"line":198,"column":31},"defined":false},{"callee":"e.reverse","call_expr_loc":{"line":199,"column":8},"defined":false}]},{"func_def":"__function__201","calls":[]},{"func_def":"__function__216","calls":[]},{"func_def":"__function__230","calls":[]},{"func_def":"__function__250","calls":[{"callee":"__object__getApp.auth","call_expr_loc":{"line":252,"column":49},"defined":true}]},{"func_def":"__function__280","calls":[]},{"func_def":"__function__294","calls":[]},{"func_def":"__function__301","calls":[]},{"func_def":"__function__333","calls":[]},{"func_def":"__function__341","calls":[]},{"func_def":"__function__369","calls":[]},{"func_def":"__function__380","calls":[]},{"func_def":"__function__385","calls":[{"callee":"{.substr","call_expr_loc":{"line":392,"column":12},"defined":false},{"callee":"__object__getApp.show_erro","call_expr_loc":{"line":406,"column":44},"defined":true}]},{"func_def":"__function__31","calls":[{"callee":"__object__7.getcatalog","call_expr_loc":{"line":33,"column":12},"defined":true},{"callee":"__object__7.getyears","call_expr_loc":{"line":33,"column":28},"defined":true},{"callee":"__object__7.getlocation","call_expr_loc":{"line":33,"column":42},"defined":true},{"callee":"__object__7.get_default","call_expr_loc":{"line":33,"column":59},"defined":true}]},{"func_def":"__function__48","calls":[{"callee":"__object__7.getoptions","call_expr_loc":{"line":50,"column":16},"defined":true}]},{"func_def":"__function__147","calls":[]},{"func_def":"__function__190","calls":[]},{"func_def":"__function__211","calls":[]},{"func_def":"__function__220","calls":[{"callee":"__object__7.savexy","call_expr_loc":{"line":221,"column":90},"defined":true}]},{"func_def":"__function__223","calls":[{"callee":"__object__getApp.show_erro","call_expr_loc":{"line":224,"column":16},"defined":true}]},{"func_def":"__function__243","calls":[]},{"func_def":"__function__252","calls":[]},{"func_def":"__function__265","calls":[{"callee":"__object__getApp.show_erro","call_expr_loc":{"line":266,"column":34},"defined":true},{"callee":"__object__getApp.show_erro","call_expr_loc":{"line":269,"column":27},"defined":true}]},{"func_def":"__function__269","calls":[]},{"func_def":"__function__291","calls":[]},{"func_def":"__function__307","calls":[]},{"func_def":"__function__308","calls":[]},{"func_def":"__function__318","calls":[{"callee":"__object__getApp.show_erro","call_expr_loc":{"line":326,"column":34},"defined":true}]},{"func_def":"__function__347","calls":[]},{"func_def":"__function__360","calls":[]},{"func_def":"__function__372","calls":[]},{"func_def":"__function__435","calls":[{"callee":"__object__getApp.show_erro","call_expr_loc":{"line":436,"column":35},"defined":true},{"callee":"__object__7.sendmsg","call_expr_loc":{"line":436,"column":60},"defined":true},{"callee":"__object__getApp.show_erro","call_expr_loc":{"line":440,"column":30},"defined":true}]},{"func_def":"__function__436","calls":[]}]},{"file":"D:\\WORK\\2022\\论文相关\\benchmark\\miniapp\\998二手挖机圈\\_-1965603458_27\\pages\\equipment\\equipment.js","res":[{"func_def":"__global__\\pages\\equipment\\equipment.js","calls":[]},{"func_def":"__function__26","calls":[{"callee":"__object__getApp.auth","call_expr_loc":{"line":28,"column":70},"defined":true}]},{"func_def":"__function__40","calls":[{"callee":"__object__getApp.auth","call_expr_loc":{"line":42,"column":8},"defined":true}]},{"func_def":"__function__48","calls":[]},{"func_def":"__function__72","calls":[{"callee":"__object__getApp.auth","call_expr_loc":{"line":74,"column":8},"defined":true}]},{"func_def":"__function__92","calls":[]},{"func_def":"__function__120","calls":[]},{"func_def":"__function__125","calls":[]},{"func_def":"__function__131","calls":[]},{"func_def":"__function__136","calls":[{"callee":"__object__getApp.checklogin","call_expr_loc":{"line":137,"column":12},"defined":true}]},{"func_def":"__function__163","calls":[{"callee":"__object__getApp.getcsid","call_expr_loc":{"line":169,"column":56},"defined":true},{"callee":"__object__getApp.getcsid","call_expr_loc":{"line":176,"column":48},"defined":true},{"callee":"__object__getApp.getcsid","call_expr_loc":{"line":183,"column":52},"defined":true}]},{"func_def":"__function__187","calls":[{"callee":"__object__getApp.checklogin","call_expr_loc":{"line":188,"column":12},"defined":true}]},{"func_def":"__function__213","calls":[{"callee":"__object__getApp.checklogin","call_expr_loc":{"line":214,"column":12},"defined":true}]},{"func_def":"__function__246","calls":[]},{"func_def":"__function__252","calls":[{"callee":"__object__getApp.checklogin","call_expr_loc":{"line":253,"column":13},"defined":true}]},{"func_def":"__function__295","calls":[{"callee":"__object__getApp.checklogin","call_expr_loc":{"line":296,"column":13},"defined":true}]},{"func_def":"__function__338","calls":[]},{"func_def":"__function__343","calls":[]},{"func_def":"__function__350","calls":[]},{"func_def":"__function__357","calls":[]},{"func_def":"__function__362","calls":[]},{"func_def":"__function__368","calls":[{"callee":"__object__getApp.auth","call_expr_loc":{"line":372,"column":53},"defined":true}]},{"func_def":"__function__400","calls":[]},{"func_def":"__function__406","calls":[{"callee":"__object__getApp.auth","call_expr_loc":{"line":408,"column":8},"defined":true}]},{"func_def":"__function__415","calls":[]},{"func_def":"__function__443","calls":[]},{"func_def":"__function__453","calls":[]},{"func_def":"__function__28","calls":[{"callee":"__object__3.get_info","call_expr_loc":{"line":32,"column":16},"defined":true},{"callee":"__object__3.checkuser","call_expr_loc":{"line":32,"column":30},"defined":true}]},{"func_def":"__function__42","calls":[{"callee":"__object__getApp.checklogin","call_expr_loc":{"line":43,"column":12},"defined":true}]},{"func_def":"__function__61","calls":[]},{"func_def":"__function__74","calls":[]},{"func_def":"__function__84","calls":[]},{"func_def":"__function__104","calls":[]},{"func_def":"__function__153","calls":[{"callee":"__object__getApp.show_erro","call_expr_loc":{"line":154,"column":38},"defined":true}]},{"func_def":"__function__171","calls":[]},{"func_def":"__function__177","calls":[]},{"func_def":"__function__184","calls":[]},{"func_def":"__function__202","calls":[{"callee":"__object__getApp.show_erro","call_expr_loc":{"line":208,"column":46},"defined":true},{"callee":"__object__3.paycall","call_expr_loc":{"line":208,"column":103},"defined":true}]},{"func_def":"__function__205","calls":[{"callee":"__object__getApp.show_erro","call_expr_loc":{"line":206,"column":28},"defined":true}]},{"func_def":"__function__228","calls":[{"callee":"__object__getApp.show_erro","call_expr_loc":{"line":241,"column":25},"defined":true}]},{"func_def":"__function__235","calls":[{"callee":"__object__3.makecall","call_expr_loc":{"line":236,"column":28},"defined":true}]},{"func_def":"__function__238","calls":[{"callee":"__object__getApp.show_erro","call_expr_loc":{"line":239,"column":28},"defined":true}]},{"func_def":"__function__267","calls":[{"callee":"__object__getApp.show_erro","call_expr_loc":{"line":268,"column":40},"defined":true}]},{"func_def":"__function__286","calls":[{"callee":"__object__getApp.show_erro","call_expr_loc":{"line":287,"column":32},"defined":true}]},{"func_def":"__function__275","calls":[{"callee":"__object__3.call_to","call_expr_loc":{"line":276,"column":63},"defined":true}]},{"func_def":"__function__310","calls":[{"callee":"__object__getApp.show_erro","call_expr_loc":{"line":311,"column":40},"defined":true}]},{"func_def":"__function__329","calls":[{"callee":"__object__getApp.show_erro","call_expr_loc":{"line":330,"column":32},"defined":true}]},{"func_def":"__function__318","calls":[{"callee":"__object__3.callout","call_expr_loc":{"line":319,"column":63},"defined":true}]},{"func_def":"__function__372","calls":[]},{"func_def":"__function__385","calls":[{"callee":"__object__getApp.show_erro","call_expr_loc":{"line":386,"column":34},"defined":true},{"callee":"__object__getApp.show_erro","call_expr_loc":{"line":389,"column":27},"defined":true}]},{"func_def":"__function__389","calls":[]},{"func_def":"__function__408","calls":[{"callee":"__object__getApp.checklogin","call_expr_loc":{"line":409,"column":12},"defined":true}]},{"func_def":"__function__434","calls":[{"callee":"__object__getApp.show_erro","call_expr_loc":{"line":435,"column":59},"defined":true},{"callee":"__object__3.get_info","call_expr_loc":{"line":435,"column":84},"defined":true},{"callee":"__object__getApp.show_erro","call_expr_loc":{"line":435,"column":100},"defined":true}]}]},{"file":"D:\\WORK\\2022\\论文相关\\benchmark\\miniapp\\998二手挖机圈\\_-1965603458_27\\pages\\followme\\followme.js","res":[{"func_def":"__global__\\pages\\followme\\followme.js","calls":[]},{"func_def":"__function__9","calls":[{"callee":"__object__3.loadData","call_expr_loc":{"line":10,"column":8},"defined":true}]},{"func_def":"__function__12","calls":[{"callee":"__object__getApp.auth","call_expr_loc":{"line":14,"column":8},"defined":true}]},{"func_def":"__function__38","calls":[{"callee":"__object__3.loadData","call_expr_loc":{"line":44,"column":48},"defined":true}]},{"func_def":"__function__14","calls":[]},{"func_def":"__function__28","calls":[]},{"func_def":"__function__42","calls":[]}]},{"file":"D:\\WORK\\2022\\论文相关\\benchmark\\miniapp\\998二手挖机圈\\_-1965603458_27\\pages\\followmewho\\followmewho.js","res":[{"func_def":"__global__\\pages\\followmewho\\followmewho.js","calls":[]},{"func_def":"__function__9","calls":[{"callee":"__object__getApp.auth","call_expr_loc":{"line":11,"column":8},"defined":true}]},{"func_def":"__function__35","calls":[{"callee":"__object__3.loadData","call_expr_loc":{"line":41,"column":48},"defined":false}]},{"func_def":"__function__11","calls":[]},{"func_def":"__function__25","calls":[]},{"func_def":"__function__39","calls":[]}]},{"file":"D:\\WORK\\2022\\论文相关\\benchmark\\miniapp\\998二手挖机圈\\_-1965603458_27\\pages\\index\\index.js","res":[{"func_def":"__global__\\pages\\index\\index.js","calls":[]},{"func_def":"__function__77","calls":[{"callee":"__object__getApp.auth","call_expr_loc":{"line":87,"column":12},"defined":true}]},{"func_def":"__function__96","calls":[]},{"func_def":"__function__102","calls":[]},{"func_def":"__function__124","calls":[]},{"func_def":"__function__160","calls":[]},{"func_def":"__function__169","calls":[]},{"func_def":"__function__175","calls":[]},{"func_def":"__function__183","calls":[{"callee":"__object__getApp.show_erro","call_expr_loc":{"line":216,"column":14},"defined":true}]},{"func_def":"__function__218","calls":[{"callee":"__object__getApp.checklogin","call_expr_loc":{"line":219,"column":12},"defined":true}]},{"func_def":"__function__228","calls":[]},{"func_def":"__function__235","calls":[{"callee":"__object__getApp.auth","call_expr_loc":{"line":236,"column":53},"defined":true}]},{"func_def":"__function__242","calls":[{"callee":"__object__getApp.getcsid","call_expr_loc":{"line":249,"column":56},"defined":true},{"callee":"__object__getApp.getcsid","call_expr_loc":{"line":255,"column":44},"defined":true}]},{"func_def":"__function__260","calls":[]},{"func_def":"__function__283","calls":[]},{"func_def":"__function__314","calls":[{"callee":"__object__getApp.checklogin","call_expr_loc":{"line":315,"column":12},"defined":true}]},{"func_def":"__function__359","calls":[]},{"func_def":"__function__366","calls":[]},{"func_def":"__function__373","calls":[]},{"func_def":"__function__382","calls":[{"callee":"__object__3.list_reset","call_expr_loc":{"line":392,"column":12},"defined":true}]},{"func_def":"__function__394","calls":[]},{"func_def":"__function__425","calls":[{"callee":"__object__getApp.auth","call_expr_loc":{"line":427,"column":8},"defined":true}]},{"func_def":"__function__445","calls":[{"callee":"__object__3.dynamic_options","call_expr_loc":{"line":447,"column":54},"defined":true},{"callee":"__object__3.list_reset","call_expr_loc":{"line":447,"column":75},"defined":true},{"callee":"__object__3.click_reset","call_expr_loc":{"line":448,"column":8},"defined":true}]},{"func_def":"__function__456","calls":[{"callee":"__object__3.list_reset","call_expr_loc":{"line":458,"column":47},"defined":true},{"callee":"__object__3.click_reset","call_expr_loc":{"line":458,"column":63},"defined":true}]},{"func_def":"__function__466","calls":[{"callee":"__object__3.list_reset","call_expr_loc":{"line":468,"column":47},"defined":true},{"callee":"__object__3.click_reset","call_expr_loc":{"line":468,"column":63},"defined":true}]},{"func_def":"__function__476","calls":[{"callee":"__object__3.list_reset","call_expr_loc":{"line":480,"column":12},"defined":true}]},{"func_def":"__function__482","calls":[]},{"func_def":"__function__488","calls":[{"callee":"__object__3.getList","call_expr_loc":{"line":490,"column":47},"defined":true}]},{"func_def":"__function__492","calls":[{"callee":"__object__3.list_reset","call_expr_loc":{"line":508,"column":12},"defined":true}]},{"func_def":"__function__510","calls":[]},{"func_def":"__function__514","calls":[{"callee":"__object__3.check_condition","call_expr_loc":{"line":516,"column":29},"defined":true},{"callee":"__object__3.list_reset","call_expr_loc":{"line":521,"column":36},"defined":true}]},{"func_def":"__function__523","calls":[{"callee":"__object__3.check_condition","call_expr_loc":{"line":525,"column":31},"defined":true},{"callee":"__object__3.list_reset","call_expr_loc":{"line":530,"column":12},"defined":true}]},{"func_def":"__function__532","calls":[{"callee":"__object__3.check_condition","call_expr_loc":{"line":534,"column":27},"defined":true},{"callee":"__object__3.list_reset","call_expr_loc":{"line":539,"column":12},"defined":true}]},{"func_def":"__function__541","calls":[{"callee":"__object__3.check_condition","call_expr_loc":{"line":543,"column":27},"defined":true},{"callee":"__object__3.list_reset","call_expr_loc":{"line":548,"column":12},"defined":true}]},{"func_def":"__function__550","calls":[{"callee":"__object__3.getList","call_expr_loc":{"line":555,"column":58},"defined":true},{"callee":"__object__3.getList","call_expr_loc":{"line":556,"column":8},"defined":true},{"callee":"__object__3.guestlist","call_expr_loc":{"line":556,"column":49},"defined":true}]},{"func_def":"__function__558","calls":[]},{"func_def":"__function__590","calls":[]},{"func_def":"__function__608","calls":[]},{"func_def":"__function__613","calls":[]},{"func_def":"__function__618","calls":[{"callee":"__object__getApp.checklogin","call_expr_loc":{"line":619,"column":12},"defined":true}]},{"func_def":"__function__628","calls":[]},{"func_def":"__function__664","calls":[{"callee":"__object__getApp.auth","call_expr_loc":{"line":666,"column":8},"defined":true}]},{"func_def":"__function__729","calls":[{"callee":"__object__3.getList","call_expr_loc":{"line":735,"column":8},"defined":true},{"callee":"__object__3.getList","call_expr_loc":{"line":735,"column":74},"defined":true},{"callee":"__object__3.guestlist","call_expr_loc":{"line":736,"column":35},"defined":true}]},{"func_def":"__function__738","calls":[]},{"func_def":"__function__747","calls":[]},{"func_def":"__function__758","calls":[]},{"func_def":"__function__763","calls":[]},{"func_def":"__function__790","calls":[]},{"func_def":"__function__795","calls":[{"callee":"__object__3.more_app","call_expr_loc":{"line":803,"column":12},"defined":true},{"callee":"__object__3.get_selled","call_expr_loc":{"line":803,"column":26},"defined":true},{"callee":"__object__3.list_reset","call_expr_loc":{"line":803,"column":64},"defined":true},{"callee":"__object__getApp.auth","call_expr_loc":{"line":804,"column":8},"defined":true}]},{"func_def":"__function__816","calls":[{"callee":"__object__getApp.checklogin","call_expr_loc":{"line":817,"column":12},"defined":true}]},{"func_def":"__function__853","calls":[]},{"func_def":"__function__860","calls":[]},{"func_def":"__function__865","calls":[{"callee":"__object__3.list_reset","call_expr_loc":{"line":872,"column":12},"defined":true}]},{"func_def":"__function__874","calls":[{"callee":"__object__3.list_reset","call_expr_loc":{"line":878,"column":12},"defined":true}]},{"func_def":"__function__880","calls":[]},{"func_def":"__function__885","calls":[]},{"func_def":"__function__890","calls":[{"callee":"__object__getApp.auth","call_expr_loc":{"line":894,"column":53},"defined":true}]},{"func_def":"__function__922","calls":[]},{"func_def":"__function__923","calls":[]},{"func_def":"__function__930","calls":[]},{"func_def":"__function__935","calls":[]},{"func_def":"__function__965","calls":[]},{"func_def":"__function__983","calls":[]},{"func_def":"__function__988","calls":[]},{"func_def":"__function__87","calls":[{"callee":"__object__3.setMenu","call_expr_loc":{"line":93,"column":16},"defined":true},{"callee":"__object__3.getList","call_expr_loc":{"line":93,"column":29},"defined":true},{"callee":"__object__3.more_app","call_expr_loc":{"line":93,"column":42},"defined":true},{"callee":"__object__3.get_selled","call_expr_loc":{"line":93,"column":56},"defined":true}]},{"func_def":"__function__81","calls":[]},{"func_def":"__function__113","calls":[]},{"func_def":"__function__131","calls":[]},{"func_def":"__function__134","calls":[{"callee":"__object__getApp.show_erro","call_expr_loc":{"line":135,"column":16},"defined":true}]},{"func_def":"__function__143","calls":[]},{"func_def":"__function__146","calls":[{"callee":"__object__getApp.show_erro","call_expr_loc":{"line":147,"column":16},"defined":true}]},{"func_def":"__function__152","calls":[]},{"func_def":"__function__155","calls":[{"callee":"__object__getApp.show_erro","call_expr_loc":{"line":156,"column":16},"defined":true}]},{"func_def":"__function__199","calls":[{"callee":"__object__getApp.show_erro","call_expr_loc":{"line":200,"column":59},"defined":true},{"callee":"__object__getApp.show_erro","call_expr_loc":{"line":212,"column":27},"defined":true}]},{"func_def":"__function__200","calls":[]},{"func_def":"__function__236","calls":[{"callee":"__object__getApp.checklogin","call_expr_loc":{"line":237,"column":12},"defined":true}]},{"func_def":"__function__250","calls":[]},{"func_def":"__function__257","calls":[]},{"func_def":"__function__273","calls":[{"callee":"__object__getApp.show_erro","call_expr_loc":{"line":279,"column":42},"defined":true},{"callee":"__object__3.paycall","call_expr_loc":{"line":279,"column":99},"defined":true},{"callee":"__object__getApp.show_erro","call_expr_loc":{"line":279,"column":151},"defined":true}]},{"func_def":"__function__276","calls":[{"callee":"__object__getApp.show_erro","call_expr_loc":{"line":277,"column":24},"defined":true}]},{"func_def":"__function__297","calls":[{"callee":"__object__getApp.show_erro","call_expr_loc":{"line":310,"column":21},"defined":true}]},{"func_def":"__function__304","calls":[{"callee":"__object__3.makecall","call_expr_loc":{"line":305,"column":24},"defined":true}]},{"func_def":"__function__307","calls":[{"callee":"__object__getApp.show_erro","call_expr_loc":{"line":308,"column":24},"defined":true}]},{"func_def":"__function__330","calls":[{"callee":"__object__getApp.show_erro","call_expr_loc":{"line":331,"column":44},"defined":true}]},{"func_def":"__function__349","calls":[{"callee":"__object__getApp.show_erro","call_expr_loc":{"line":350,"column":36},"defined":true}]},{"func_def":"__function__338","calls":[{"callee":"__object__3.callout","call_expr_loc":{"line":339,"column":67},"defined":true}]},{"func_def":"__function__427","calls":[]},{"func_def":"__function__439","calls":[]},{"func_def":"__function__561","calls":[]},{"func_def":"__function__583","calls":[{"callee":"__object__3.list_reset","call_expr_loc":{"line":586,"column":20},"defined":true}]},{"func_def":"__function__562","calls":[]},{"func_def":"__function__574","calls":[{"callee":"__object__3.list_reset","call_expr_loc":{"line":578,"column":105},"defined":true}]},{"func_def":"__function__601","calls":[]},{"func_def":"__function__652","calls":[]},{"func_def":"__function__666","calls":[]},{"func_def":"__function__685","calls":[{"callee":"__object__getApp.show_erro","call_expr_loc":{"line":707,"column":58},"defined":true}]},{"func_def":"__function__701","calls":[]},{"func_def":"__function__804","calls":[]},{"func_def":"__function__806","calls":[]},{"func_def":"__function__809","calls":[]},{"func_def":"__function__835","calls":[{"callee":"__object__getApp.show_erro","call_expr_loc":{"line":836,"column":42},"defined":true}]},{"func_def":"__function__894","calls":[]},{"func_def":"__function__907","calls":[{"callee":"__object__getApp.show_erro","call_expr_loc":{"line":908,"column":34},"defined":true},{"callee":"__object__getApp.show_erro","call_expr_loc":{"line":911,"column":27},"defined":true}]},{"func_def":"__function__911","calls":[]},{"func_def":"__function__947","calls":[]},{"func_def":"__function__976","calls":[]}]},{"file":"D:\\WORK\\2022\\论文相关\\benchmark\\miniapp\\998二手挖机圈\\_-1965603458_27\\pages\\integral\\integral.js","res":[{"func_def":"__global__\\pages\\integral\\integral.js","calls":[]},{"func_def":"__function__23","calls":[{"callee":"__object__getApp.checklogin","call_expr_loc":{"line":25,"column":8},"defined":true},{"callee":"__object__3.get_shareTop","call_expr_loc":{"line":25,"column":27},"defined":true},{"callee":"__object__3.get_mysharein","call_expr_loc":{"line":25,"column":45},"defined":true},{"callee":"__object__3.getFirstDayofWeek","call_expr_loc":{"line":25,"column":64},"defined":true},{"callee":"__object__3.set_times","call_expr_loc":{"line":25,"column":87},"defined":true}]},{"func_def":"__function__35","calls":[{"callee":"t.getFullYear","call_expr_loc":{"line":36,"column":26},"defined":false},{"callee":"t.getMonth","call_expr_loc":{"line":36,"column":47},"defined":false},{"callee":"t.getDate","call_expr_loc":{"line":36,"column":69},"defined":false}]},{"func_def":"__function__43","calls":[{"callee":"__object__new.getDay","call_expr_loc":{"line":44,"column":42},"defined":false},{"callee":"__object__new.getDate","call_expr_loc":{"line":44,"column":58},"defined":false},{"callee":"__object__new.getMonth","call_expr_loc":{"line":44,"column":75},"defined":false},{"callee":"__object__new.getYear","call_expr_loc":{"line":44,"column":93},"defined":false},{"callee":"__object__3.formatDate","call_expr_loc":{"line":47,"column":8},"defined":true}]},{"func_def":"__function__49","calls":[{"callee":"__object__new.setFullYear","call_expr_loc":{"line":51,"column":15},"defined":false},{"callee":"__object__new.setMonth","call_expr_loc":{"line":51,"column":49},"defined":false},{"callee":"__object__new.setDate","call_expr_loc":{"line":51,"column":84},"defined":false},{"callee":"__object__new.setHours","call_expr_loc":{"line":52,"column":8},"defined":false},{"callee":"__object__new.setMinutes","call_expr_loc":{"line":52,"column":41},"defined":false},{"callee":"__object__new.setSeconds","call_expr_loc":{"line":52,"column":76},"defined":false}]},{"func_def":"__function__55","calls":[{"callee":"__object__3.get_times","call_expr_loc":{"line":56,"column":26},"defined":true}]},{"func_def":"__function__73","calls":[]},{"func_def":"__function__79","calls":[]},{"func_def":"__function__102","calls":[]},{"func_def":"__function__123","calls":[]},{"func_def":"__function__124","calls":[{"callee":"__object__3.req","call_expr_loc":{"line":126,"column":8},"defined":true}]},{"func_def":"__function__134","calls":[]},{"func_def":"__function__154","calls":[{"callee":"__object__3.get_shareTop","call_expr_loc":{"line":155,"column":8},"defined":true}]},{"func_def":"__function__159","calls":[{"callee":"__object__getApp.getcsid","call_expr_loc":{"line":162,"column":44},"defined":true}]},{"func_def":"__function__27","calls":[]},{"func_def":"__function__57","calls":[]},{"func_def":"__function__90","calls":[]},{"func_def":"__function__113","calls":[]},{"func_def":"__function__145","calls":[{"callee":"__object__getApp.show_erro","call_expr_loc":{"line":146,"column":54},"defined":true},{"callee":"__object__getApp.show_erro","call_expr_loc":{"line":150,"column":30},"defined":true}]},{"func_def":"__function__146","calls":[]},{"func_def":"__function__155","calls":[{"callee":"__object__getApp.show_erro","call_expr_loc":{"line":156,"column":12},"defined":true}]},{"func_def":"__function__164","calls":[]}]},{"file":"D:\\WORK\\2022\\论文相关\\benchmark\\miniapp\\998二手挖机圈\\_-1965603458_27\\pages\\kanjia\\kanjia.js","res":[{"func_def":"__global__\\pages\\kanjia\\kanjia.js","calls":[]},{"func_def":"__function__13","calls":[{"callee":"__object__getApp.auth","call_expr_loc":{"line":15,"column":8},"defined":true}]},{"func_def":"__function__26","calls":[]},{"func_def":"__function__32","calls":[]},{"func_def":"__function__51","calls":[{"callee":"__object__3.callout","call_expr_loc":{"line":53,"column":54},"defined":true}]},{"func_def":"__function__55","calls":[{"callee":"__object__getApp.checklogin","call_expr_loc":{"line":56,"column":12},"defined":true},{"callee":"__object__getApp.auth","call_expr_loc":{"line":58,"column":12},"defined":true}]},{"func_def":"__function__100","calls":[]},{"func_def":"__function__107","calls":[]},{"func_def":"__function__114","calls":[]},{"func_def":"__function__15","calls":[{"callee":"__object__3.get_kanjia","call_expr_loc":{"line":16,"column":12},"defined":true}]},{"func_def":"__function__18","calls":[]},{"func_def":"__function__43","calls":[]},{"func_def":"__function__58","calls":[]},{"func_def":"__function__70","calls":[{"callee":"__object__getApp.show_erro","call_expr_loc":{"line":71,"column":48},"defined":true}]},{"func_def":"__function__89","calls":[{"callee":"__object__getApp.show_erro","call_expr_loc":{"line":90,"column":40},"defined":true}]},{"func_def":"__function__78","calls":[{"callee":"__object__3.callout","call_expr_loc":{"line":79,"column":71},"defined":true}]}]},{"file":"D:\\WORK\\2022\\论文相关\\benchmark\\miniapp\\998二手挖机圈\\_-1965603458_27\\pages\\login\\login.js","res":[{"func_def":"__global__\\pages\\login\\login.js","calls":[]},{"func_def":"__function__8","calls":[{"callee":"__object__getApp.auth","call_expr_loc":{"line":9,"column":8},"defined":true}]},{"func_def":"__function__11","calls":[]},{"func_def":"__function__31","calls":[]},{"func_def":"__function__35","calls":[]},{"func_def":"__function__9","calls":[]},{"func_def":"__function__24","calls":[{"callee":"__object__getApp.show_erro","call_expr_loc":{"line":27,"column":21},"defined":true}]},{"func_def":"__function__56","calls":[{"callee":"__object__getApp.show_erro","call_expr_loc":{"line":57,"column":38},"defined":true}]}]},{"file":"D:\\WORK\\2022\\论文相关\\benchmark\\miniapp\\998二手挖机圈\\_-1965603458_27\\pages\\myissue\\myissue.js","res":[{"func_def":"__global__\\pages\\myissue\\myissue.js","calls":[]},{"func_def":"__function__17","calls":[{"callee":"__object__getApp.auth","call_expr_loc":{"line":19,"column":8},"defined":true}]},{"func_def":"__function__24","calls":[]},{"func_def":"__function__50","calls":[]},{"func_def":"__function__62","calls":[]},{"func_def":"__function__98","calls":[]},{"func_def":"__function__125","calls":[{"callee":"__object__3.load_account","call_expr_loc":{"line":127,"column":68},"defined":true}]},{"func_def":"__function__129","calls":[]},{"func_def":"__function__136","calls":[]},{"func_def":"__function__160","calls":[]},{"func_def":"__function__193","calls":[]},{"func_def":"__function__218","calls":[{"callee":"__object__3.load_account","call_expr_loc":{"line":224,"column":48},"defined":true}]},{"func_def":"__function__226","calls":[]},{"func_def":"__function__19","calls":[{"callee":"__object__3.load_account","call_expr_loc":{"line":21,"column":12},"defined":true}]},{"func_def":"__function__29","calls":[]},{"func_def":"__function__43","calls":[{"callee":"__object__3.load_account","call_expr_loc":{"line":44,"column":84},"defined":true}]},{"func_def":"__function__67","calls":[]},{"func_def":"__function__72","calls":[]},{"func_def":"__function__73","calls":[]},{"func_def":"__function__84","calls":[{"callee":"__object__3.savebg","call_expr_loc":{"line":89,"column":93},"defined":false},{"callee":"__object__getApp.show_erro","call_expr_loc":{"line":89,"column":117},"defined":true}]},{"func_def":"__function__105","calls":[]},{"func_def":"__function__118","calls":[{"callee":"__object__3.load_account","call_expr_loc":{"line":119,"column":84},"defined":true}]},{"func_def":"__function__142","calls":[]},{"func_def":"__function__153","calls":[{"callee":"__object__getApp.show_erro","call_expr_loc":{"line":154,"column":24},"defined":true}]},{"func_def":"__function__165","calls":[]},{"func_def":"__function__176","calls":[{"callee":"__object__getApp.show_erro","call_expr_loc":{"line":177,"column":61},"defined":true},{"callee":"__object__3.load_account","call_expr_loc":{"line":178,"column":41},"defined":true}]},{"func_def":"__function__182","calls":[]},{"func_def":"__function__205","calls":[]},{"func_def":"__function__222","calls":[]}]},{"file":"D:\\WORK\\2022\\论文相关\\benchmark\\miniapp\\998二手挖机圈\\_-1965603458_27\\pages\\phonenumber\\phonenumber.js","res":[{"func_def":"__global__\\pages\\phonenumber\\phonenumber.js","calls":[]},{"func_def":"__function__14","calls":[{"callee":"__object__getApp.auth","call_expr_loc":{"line":20,"column":12},"defined":true}]},{"func_def":"__function__40","calls":[]},{"func_def":"__function__41","calls":[]},{"func_def":"__function__57","calls":[{"callee":"__object__4.mobile.match","call_expr_loc":{"line":59,"column":88},"defined":false},{"callee":"__object__3.counttime","call_expr_loc":{"line":61,"column":12},"defined":true},{"callee":"__object__getApp.auth","call_expr_loc":{"line":61,"column":33},"defined":true},{"callee":"__object__getApp.show_erro","call_expr_loc":{"line":86,"column":13},"defined":true}]},{"func_def":"__function__88","calls":[]},{"func_def":"__function__91","calls":[{"callee":"t.detail.value.mobile.match","call_expr_loc":{"line":93,"column":38},"defined":false},{"callee":"__object__getApp.show_erro","call_expr_loc":{"line":94,"column":70},"defined":true},{"callee":"t.detail.value.mobile.match","call_expr_loc":{"line":96,"column":22},"defined":false},{"callee":"__object__getApp.auth","call_expr_loc":{"line":100,"column":8},"defined":true}]},{"func_def":"__function__122","calls":[{"callee":"__object__getApp.auth","call_expr_loc":{"line":124,"column":50},"defined":true}]},{"func_def":"__function__20","calls":[{"callee":"__object__getApp.show_erro","call_expr_loc":{"line":37,"column":17},"defined":true}]},{"func_def":"__function__30","calls":[]},{"func_def":"__function__36","calls":[]},{"func_def":"__function__52","calls":[{"callee":"__object__3.counttime","call_expr_loc":{"line":53,"column":16},"defined":true}]},{"func_def":"__function__61","calls":[]},{"func_def":"__function__72","calls":[{"callee":"__object__getApp.show_erro","call_expr_loc":{"line":81,"column":26},"defined":true}]},{"func_def":"__function__73","calls":[]},{"func_def":"__function__100","calls":[]},{"func_def":"__function__112","calls":[{"callee":"__object__getApp.show_erro","call_expr_loc":{"line":113,"column":34},"defined":true},{"callee":"__object__getApp.show_erro","call_expr_loc":{"line":117,"column":32},"defined":true}]},{"func_def":"__function__113","calls":[]},{"func_def":"__function__124","calls":[]},{"func_def":"__function__137","calls":[{"callee":"__object__getApp.show_erro","call_expr_loc":{"line":138,"column":34},"defined":true},{"callee":"__object__getApp.show_erro","call_expr_loc":{"line":143,"column":27},"defined":true}]},{"func_def":"__function__143","calls":[]}]},{"file":"D:\\WORK\\2022\\论文相关\\benchmark\\miniapp\\998二手挖机圈\\_-1965603458_27\\pages\\privacy\\index.js","res":[{"func_def":"__global__\\pages\\privacy\\index.js","calls":[]},{"func_def":"__function__3","calls":[]},{"func_def":"__function__4","calls":[]},{"func_def":"__function__5","calls":[]},{"func_def":"__function__6","calls":[]},{"func_def":"__function__7","calls":[]},{"func_def":"__function__8","calls":[]},{"func_def":"__function__9","calls":[]},{"func_def":"__function__10","calls":[]}]},{"file":"D:\\WORK\\2022\\论文相关\\benchmark\\miniapp\\998二手挖机圈\\_-1965603458_27\\pages\\question\\question.js","res":[{"func_def":"__global__\\pages\\question\\question.js","calls":[]},{"func_def":"__function__34","calls":[]},{"func_def":"__function__35","calls":[]}]},{"file":"D:\\WORK\\2022\\论文相关\\benchmark\\miniapp\\998二手挖机圈\\_-1965603458_27\\pages\\recharge\\recharge.js","res":[{"func_def":"__global__\\pages\\recharge\\recharge.js","calls":[]},{"func_def":"__function__23","calls":[{"callee":"__object__getApp.auth","call_expr_loc":{"line":24,"column":8},"defined":true}]},{"func_def":"__function__26","calls":[]},{"func_def":"__function__36","calls":[]},{"func_def":"__function__42","calls":[{"callee":"__object__getApp.show_erro","call_expr_loc":{"line":81,"column":15},"defined":true}]},{"func_def":"__function__24","calls":[]},{"func_def":"__function__58","calls":[{"callee":"__object__getApp.show_erro","call_expr_loc":{"line":78,"column":25},"defined":true}]},{"func_def":"__function__65","calls":[]},{"func_def":"__function__75","calls":[{"callee":"__object__getApp.show_erro","call_expr_loc":{"line":76,"column":28},"defined":true}]},{"func_def":"__function__69","calls":[]}]},{"file":"D:\\WORK\\2022\\论文相关\\benchmark\\miniapp\\998二手挖机圈\\_-1965603458_27\\pages\\report\\report.js","res":[{"func_def":"__global__\\pages\\report\\report.js","calls":[]},{"func_def":"__function__18","calls":[]},{"func_def":"__function__21","calls":[{"callee":"__object__getApp.show_erro","call_expr_loc":{"line":23,"column":115},"defined":true},{"callee":"__object__getApp.show_erro","call_expr_loc":{"line":45,"column":13},"defined":true},{"callee":"__object__getApp.show_erro","call_expr_loc":{"line":45,"column":49},"defined":true},{"callee":"__object__getApp.show_erro","call_expr_loc":{"line":45,"column":89},"defined":true}]},{"func_def":"__function__48","calls":[]},{"func_def":"__function__36","calls":[{"callee":"__object__getApp.show_erro","call_expr_loc":{"line":43,"column":27},"defined":true}]},{"func_def":"__function__39","calls":[]},{"func_def":"__function__59","calls":[]}]},{"file":"D:\\WORK\\2022\\论文相关\\benchmark\\miniapp\\998二手挖机圈\\_-1965603458_27\\pages\\shops\\shops.js","res":[{"func_def":"__global__\\pages\\shops\\shops.js","calls":[]},{"func_def":"__function__10","calls":[]},{"func_def":"__function__29","calls":[{"callee":"__object__getApp.show_erro","call_expr_loc":{"line":35,"column":17},"defined":true}]},{"func_def":"__function__63","calls":[]},{"func_def":"__function__22","calls":[]},{"func_def":"__function__49","calls":[]},{"func_def":"__function__54","calls":[]}]},{"file":"D:\\WORK\\2022\\论文相关\\benchmark\\miniapp\\998二手挖机圈\\_-1965603458_27\\pages\\success\\success.js","res":[{"func_def":"__global__\\pages\\success\\success.js","calls":[]},{"func_def":"__function__18","calls":[]},{"func_def":"__function__37","calls":[]},{"func_def":"__function__42","calls":[]},{"func_def":"__function__60","calls":[]},{"func_def":"__function__66","calls":[]},{"func_def":"__function__71","calls":[{"callee":"__object__getApp.getcsid","call_expr_loc":{"line":74,"column":44},"defined":true}]},{"func_def":"__function__94","calls":[{"callee":"__object__3.createNewImg","call_expr_loc":{"line":100,"column":12},"defined":true}]},{"func_def":"__function__102","calls":[]},{"func_def":"__function__110","calls":[{"callee":"__object__3.setCanvasSize","call_expr_loc":{"line":111,"column":16},"defined":true},{"callee":"t.setFontSize","call_expr_loc":{"line":112,"column":8},"defined":false},{"callee":"t.setTextAlign","call_expr_loc":{"line":112,"column":27},"defined":false},{"callee":"t.setFillStyle","call_expr_loc":{"line":112,"column":51},"defined":false},{"callee":"t.fillText","call_expr_loc":{"line":112,"column":78},"defined":false},{"callee":"t.stroke","call_expr_loc":{"line":113,"column":8},"defined":false}]},{"func_def":"__function__115","calls":[{"callee":"__object__3.setCanvasSize","call_expr_loc":{"line":116,"column":16},"defined":true},{"callee":"e.setFontSize","call_expr_loc":{"line":117,"column":8},"defined":false},{"callee":"e.setTextAlign","call_expr_loc":{"line":117,"column":27},"defined":false},{"callee":"e.setFillStyle","call_expr_loc":{"line":117,"column":53},"defined":false},{"callee":"e.fillText","call_expr_loc":{"line":117,"column":80},"defined":false},{"callee":"e.stroke","call_expr_loc":{"line":118,"column":8},"defined":false}]},{"func_def":"__function__120","calls":[{"callee":"__object__3.setCanvasSize","call_expr_loc":{"line":121,"column":26},"defined":true},{"callee":"e.setFontSize","call_expr_loc":{"line":122,"column":8},"defined":false},{"callee":"e.setTextAlign","call_expr_loc":{"line":122,"column":27},"defined":false},{"callee":"e.setFillStyle","call_expr_loc":{"line":122,"column":51},"defined":false},{"callee":"e.fillText","call_expr_loc":{"line":122,"column":78},"defined":false},{"callee":"e.stroke","call_expr_loc":{"line":123,"column":8},"defined":false}]},{"func_def":"__function__125","calls":[{"callee":"__object__3.setCanvasSize","call_expr_loc":{"line":126,"column":26},"defined":true}]},{"func_def":"__function__150","calls":[]},{"func_def":"__function__30","calls":[]},{"func_def":"__function__22","calls":[]},{"func_def":"__function__53","calls":[]},{"func_def":"__function__75","calls":[]},{"func_def":"__function__80","calls":[]},{"func_def":"__function__85","calls":[]},{"func_def":"__function__139","calls":[]},{"func_def":"__function__130","calls":[{"callee":"s.drawImage","call_expr_loc":{"line":131,"column":16},"defined":false},{"callee":"s.drawImage","call_expr_loc":{"line":131,"column":70},"defined":false},{"callee":"s.drawImage","call_expr_loc":{"line":132,"column":16},"defined":false},{"callee":"s.drawImage","call_expr_loc":{"line":132,"column":76},"defined":false},{"callee":"__object__3.settextFir","call_expr_loc":{"line":133,"column":16},"defined":true},{"callee":"__object__3.settextSec","call_expr_loc":{"line":133,"column":33},"defined":true},{"callee":"__object__3.settextDes","call_expr_loc":{"line":133,"column":50},"defined":true},{"callee":"s.draw","call_expr_loc":{"line":133,"column":67},"defined":false}]},{"func_def":"__function__142","calls":[]},{"func_def":"__function__146","calls":[]},{"func_def":"__function__154","calls":[]}]},{"file":"D:\\WORK\\2022\\论文相关\\benchmark\\miniapp\\998二手挖机圈\\_-1965603458_27\\pages\\talents\\talents.js","res":[{"func_def":"__global__\\pages\\talents\\talents.js","calls":[]},{"func_def":"__function__5","calls":[]},{"func_def":"__function__11","calls":[]},{"func_def":"__function__12","calls":[]},{"func_def":"__function__13","calls":[]},{"func_def":"__function__14","calls":[]},{"func_def":"__function__15","calls":[]},{"func_def":"__function__16","calls":[]},{"func_def":"__function__17","calls":[]}]},{"file":"D:\\WORK\\2022\\论文相关\\benchmark\\miniapp\\998二手挖机圈\\_-1965603458_27\\pages\\turntable\\turntable.js","res":[{"func_def":"__global__\\pages\\turntable\\turntable.js","calls":[]},{"func_def":"__function__17","calls":[]},{"func_def":"__function__24","calls":[]},{"func_def":"__function__46","calls":[]},{"func_def":"__function__69","calls":[{"callee":"__object__getApp.auth","call_expr_loc":{"line":71,"column":8},"defined":true}]},{"func_def":"__function__79","calls":[]},{"func_def":"__function__84","calls":[]},{"func_def":"__function__102","calls":[]},{"func_def":"__function__131","calls":[{"callee":"__object__3.aniData.rotate","call_expr_loc":{"line":138,"column":12},"defined":false},{"callee":"__object__3.aniData.rotate.step","call_expr_loc":{"line":138,"column":12},"defined":false},{"callee":"__object__3.aniData.export","call_expr_loc":{"line":139,"column":25},"defined":false}]},{"func_def":"__function__156","calls":[]},{"func_def":"__function__161","calls":[{"callee":"__object__getApp.auth","call_expr_loc":{"line":163,"column":8},"defined":true}]},{"func_def":"__function__182","calls":[{"callee":"__object__getApp.getcsid","call_expr_loc":{"line":185,"column":45},"defined":true}]},{"func_def":"__function__39","calls":[]},{"func_def":"__function__61","calls":[]},{"func_def":"__function__71","calls":[]},{"func_def":"__function__97","calls":[{"callee":"__object__3.showjp","call_expr_loc":{"line":98,"column":34},"defined":true},{"callee":"__object__getApp.show_erro","call_expr_loc":{"line":98,"column":47},"defined":true}]},{"func_def":"__function__118","calls":[]},{"func_def":"__function__123","calls":[]},{"func_def":"__function__140","calls":[]},{"func_def":"__function__163","calls":[]},{"func_def":"__function__173","calls":[{"callee":"__object__3.trun","call_expr_loc":{"line":177,"column":51},"defined":true}]},{"func_def":"__function__186","calls":[]}]},{"file":"D:\\WORK\\2022\\论文相关\\benchmark\\miniapp\\998二手挖机圈\\_-1965603458_27\\pages\\upgrade\\index.js","res":[{"func_def":"__global__\\pages\\upgrade\\index.js","calls":[]},{"func_def":"__function__11","calls":[{"callee":"__object__getApp.auth","call_expr_loc":{"line":13,"column":8},"defined":true}]},{"func_def":"__function__34","calls":[]},{"func_def":"__function__40","calls":[]},{"func_def":"__function__46","calls":[{"callee":"__object__getApp.show_erro","call_expr_loc":{"line":105,"column":15},"defined":true}]},{"func_def":"__function__13","calls":[]},{"func_def":"__function__23","calls":[]},{"func_def":"__function__62","calls":[{"callee":"__object__getApp.show_erro","call_expr_loc":{"line":102,"column":25},"defined":true}]},{"func_def":"__function__69","calls":[]},{"func_def":"__function__98","calls":[{"callee":"__object__getApp.show_erro","call_expr_loc":{"line":99,"column":44},"defined":true}]},{"func_def":"__function__101","calls":[]},{"func_def":"__function__79","calls":[{"callee":"__object__getApp.show_erro","call_expr_loc":{"line":80,"column":90},"defined":true}]},{"func_def":"__function__90","calls":[]}]},{"file":"D:\\WORK\\2022\\论文相关\\benchmark\\miniapp\\998二手挖机圈\\_-1965603458_27\\pages\\userinfo\\index.js","res":[{"func_def":"__global__\\pages\\userinfo\\index.js","calls":[]},{"func_def":"__function__16","calls":[]},{"func_def":"__function__21","calls":[{"callee":"__object__getApp.checklogin","call_expr_loc":{"line":22,"column":12},"defined":true},{"callee":"__object__3.req","call_expr_loc":{"line":26,"column":16},"defined":true}]},{"func_def":"__function__58","calls":[]},{"func_def":"__function__79","calls":[]},{"func_def":"__function__86","calls":[{"callee":"__object__3.load_account","call_expr_loc":{"line":89,"column":35},"defined":true}]},{"func_def":"__function__91","calls":[{"callee":"__object__getApp.getcsid","call_expr_loc":{"line":97,"column":48},"defined":true},{"callee":"__object__getApp.getcsid","call_expr_loc":{"line":103,"column":56},"defined":true},{"callee":"__object__getApp.getcsid","call_expr_loc":{"line":109,"column":47},"defined":true}]},{"func_def":"__function__113","calls":[{"callee":"__object__getApp.auth","call_expr_loc":{"line":115,"column":8},"defined":true}]},{"func_def":"__function__155","calls":[{"callee":"__object__3.load_account","call_expr_loc":{"line":161,"column":48},"defined":true}]},{"func_def":"__function__163","calls":[]},{"func_def":"__function__185","calls":[]},{"func_def":"__function__216","calls":[{"callee":"__object__getApp.checklogin","call_expr_loc":{"line":217,"column":12},"defined":true},{"callee":"__object__getApp.auth","call_expr_loc":{"line":219,"column":12},"defined":true}]},{"func_def":"__function__261","calls":[]},{"func_def":"__function__268","calls":[]},{"func_def":"__function__275","calls":[]},{"func_def":"__function__36","calls":[{"callee":"__object__3.req","call_expr_loc":{"line":38,"column":24},"defined":true}]},{"func_def":"__function__70","calls":[{"callee":"__object__getApp.show_erro","call_expr_loc":{"line":71,"column":38},"defined":true},{"callee":"__object__getApp.show_erro","call_expr_loc":{"line":75,"column":30},"defined":true}]},{"func_def":"__function__71","calls":[]},{"func_def":"__function__99","calls":[]},{"func_def":"__function__104","calls":[]},{"func_def":"__function__110","calls":[]},{"func_def":"__function__115","calls":[]},{"func_def":"__function__129","calls":[{"callee":"__object__getApp.show_erro","call_expr_loc":{"line":150,"column":27},"defined":true}]},{"func_def":"__function__159","calls":[]},{"func_def":"__function__175","calls":[{"callee":"__object__getApp.show_erro","call_expr_loc":{"line":181,"column":42},"defined":true},{"callee":"__object__3.paycall","call_expr_loc":{"line":181,"column":99},"defined":true}]},{"func_def":"__function__178","calls":[{"callee":"__object__getApp.show_erro","call_expr_loc":{"line":179,"column":24},"defined":true}]},{"func_def":"__function__199","calls":[{"callee":"__object__getApp.show_erro","call_expr_loc":{"line":212,"column":21},"defined":true}]},{"func_def":"__function__206","calls":[{"callee":"__object__3.makecall","call_expr_loc":{"line":207,"column":24},"defined":true}]},{"func_def":"__function__209","calls":[{"callee":"__object__getApp.show_erro","call_expr_loc":{"line":210,"column":24},"defined":true}]},{"func_def":"__function__219","calls":[]},{"func_def":"__function__231","calls":[{"callee":"__object__getApp.show_erro","call_expr_loc":{"line":232,"column":48},"defined":true}]},{"func_def":"__function__250","calls":[{"callee":"__object__getApp.show_erro","call_expr_loc":{"line":251,"column":40},"defined":true}]},{"func_def":"__function__239","calls":[{"callee":"__object__3.callout","call_expr_loc":{"line":240,"column":71},"defined":true}]}]}]