[{"id": 0, "type": "[document]", "string": null, "attribute": {}, "referenceVariable": [], "referenceFunction": [], "style": [], "inheritClass": null, "wxss": [], "page": null, "path": "D:\\WORK\\2021\\MPDF\\baseline\\ui\\方案猎手\\bind.wxml", "child": [1], "parent": null, "matchString": [{"type": "relation", "string": "绑定手机号"}, {"type": "relation", "string": "输入手机号:"}, {"type": "relation", "string": "请输入您的手机号码 "}, {"type": "relation", "string": "再次输入:"}, {"type": "relation", "string": "{{flag}}"}, {"type": "relation", "string": "13530713297"}, {"type": "relation", "string": "{{flag?'绑定手机':'更换手机'}}"}, {"type": "relation", "string": "btn-class"}]}, {"id": 1, "type": "view", "string": null, "attribute": {"class": ["bkview"]}, "referenceVariable": [], "referenceFunction": [], "style": [], "inheritClass": null, "wxss": [], "page": null, "path": "D:\\WORK\\2021\\MPDF\\baseline\\ui\\方案猎手\\bind.wxml", "child": [2, 11, 14], "parent": 0, "matchString": [{"type": "relation", "string": "绑定手机号"}, {"type": "relation", "string": "输入手机号:"}, {"type": "relation", "string": "请输入您的手机号码 "}, {"type": "relation", "string": "再次输入:"}, {"type": "relation", "string": "{{flag}}"}, {"type": "relation", "string": "13530713297"}, {"type": "relation", "string": "{{flag?'绑定手机':'更换手机'}}"}, {"type": "relation", "string": "btn-class"}]}, {"id": 2, "type": "view", "string": null, "attribute": {}, "referenceVariable": [], "referenceFunction": [], "style": [], "inheritClass": null, "wxss": [], "page": null, "path": "D:\\WORK\\2021\\MPDF\\baseline\\ui\\方案猎手\\bind.wxml", "child": [3, 5, 8], "parent": 1, "matchString": [{"type": "relation", "string": "绑定手机号"}, {"type": "relation", "string": "输入手机号:"}, {"type": "relation", "string": "请输入您的手机号码 "}, {"type": "relation", "string": "再次输入:"}]}, {"id": 3, "type": "view", "string": null, "attribute": {"class": ["heard"]}, "referenceVariable": [], "referenceFunction": [], "style": [], "inheritClass": null, "wxss": [], "page": null, "path": "D:\\WORK\\2021\\MPDF\\baseline\\ui\\方案猎手\\bind.wxml", "child": [4], "parent": 2, "matchString": [{"type": "relation", "string": "绑定手机号"}]}, {"id": 4, "type": "view", "string": "绑定手机号", "attribute": {"class": ["text"]}, "referenceVariable": [], "referenceFunction": [], "style": [], "inheritClass": null, "wxss": [], "page": null, "path": "D:\\WORK\\2021\\MPDF\\baseline\\ui\\方案猎手\\bind.wxml", "child": [], "parent": 3, "matchString": [{"type": "self", "string": "绑定手机号"}]}, {"id": 5, "type": "view", "string": null, "attribute": {"class": ["putview"]}, "referenceVariable": [], "referenceFunction": [], "style": [], "inheritClass": null, "wxss": [], "page": null, "path": "D:\\WORK\\2021\\MPDF\\baseline\\ui\\方案猎手\\bind.wxml", "child": [6, 7], "parent": 2, "matchString": [{"type": "relation", "string": "输入手机号:"}, {"type": "relation", "string": "请输入您的手机号码 "}]}, {"id": 6, "type": "text", "string": "输入手机号:", "attribute": {}, "referenceVariable": [], "referenceFunction": [], "style": [], "inheritClass": null, "wxss": [], "page": null, "path": "D:\\WORK\\2021\\MPDF\\baseline\\ui\\方案猎手\\bind.wxml", "child": [], "parent": 5, "matchString": [{"type": "self", "string": "输入手机号:"}]}, {"id": 7, "type": "input", "string": null, "attribute": {"bindinput": "phoneNumChange", "class": ["inputname"], "placeholder": "请输入您的手机号码 ", "type": "text"}, "referenceVariable": [], "referenceFunction": ["phoneNumChange"], "style": [], "inheritClass": null, "wxss": [], "page": null, "path": "D:\\WORK\\2021\\MPDF\\baseline\\ui\\方案猎手\\bind.wxml", "child": [], "parent": 5, "matchString": [{"type": "attr", "string": "请输入您的手机号码 "}]}, {"id": 8, "type": "view", "string": null, "attribute": {"class": ["putview"]}, "referenceVariable": [], "referenceFunction": [], "style": [], "inheritClass": null, "wxss": [], "page": null, "path": "D:\\WORK\\2021\\MPDF\\baseline\\ui\\方案猎手\\bind.wxml", "child": [9, 10], "parent": 2, "matchString": [{"type": "relation", "string": "再次输入:"}, {"type": "relation", "string": "请输入您的手机号码 "}]}, {"id": 9, "type": "text", "string": "再次输入:", "attribute": {}, "referenceVariable": [], "referenceFunction": [], "style": [], "inheritClass": null, "wxss": [], "page": null, "path": "D:\\WORK\\2021\\MPDF\\baseline\\ui\\方案猎手\\bind.wxml", "child": [], "parent": 8, "matchString": [{"type": "self", "string": "再次输入:"}]}, {"id": 10, "type": "input", "string": null, "attribute": {"bindinput": "phoneNumOKChange", "class": ["inputname"], "placeholder": "请输入您的手机号码 ", "type": "text"}, "referenceVariable": [], "referenceFunction": ["phoneNumOKChange"], "style": [], "inheritClass": null, "wxss": [], "page": null, "path": "D:\\WORK\\2021\\MPDF\\baseline\\ui\\方案猎手\\bind.wxml", "child": [], "parent": 8, "matchString": [{"type": "attr", "string": "请输入您的手机号码 "}]}, {"id": 11, "type": "view", "string": null, "attribute": {"class": ["bindokview"], "hidden": "{{flag}}"}, "referenceVariable": ["flag"], "referenceFunction": [], "style": [], "inheritClass": null, "wxss": [], "page": null, "path": "D:\\WORK\\2021\\MPDF\\baseline\\ui\\方案猎手\\bind.wxml", "child": [12, 13], "parent": 1, "matchString": [{"type": "attr", "string": "{{flag}}"}, {"type": "relation", "string": "13530713297"}]}, {"id": 12, "type": "image", "string": null, "attribute": {"class": ["img"], "mode": "aspectFit", "src": "/images/bindok.png"}, "referenceVariable": [], "referenceFunction": [], "style": [], "inheritClass": null, "wxss": [], "page": null, "path": "D:\\WORK\\2021\\MPDF\\baseline\\ui\\方案猎手\\bind.wxml", "child": [], "parent": 11, "matchString": []}, {"id": 13, "type": "text", "string": "13530713297", "attribute": {}, "referenceVariable": [], "referenceFunction": [], "style": [], "inheritClass": null, "wxss": [], "page": null, "path": "D:\\WORK\\2021\\MPDF\\baseline\\ui\\方案猎手\\bind.wxml", "child": [], "parent": 11, "matchString": [{"type": "self", "string": "13530713297"}]}, {"id": 14, "type": "button", "string": "{{flag?'绑定手机':'更换手机'}}", "attribute": {"bindtap": "touchbut", "class": ["upload"], "disabled": "{{disabled}}", "hoverclass": "btn-class"}, "referenceVariable": ["disabled"], "referenceFunction": ["touchbut"], "style": [], "inheritClass": null, "wxss": [], "page": null, "path": "D:\\WORK\\2021\\MPDF\\baseline\\ui\\方案猎手\\bind.wxml", "child": [], "parent": 1, "matchString": [{"type": "self", "string": "{{flag?'绑定手机':'更换手机'}}"}, {"type": "attr", "string": "btn-class"}, {"type": "relation", "string": "btn-class"}]}]