[{"id": 0, "type": "[document]", "string": null, "attribute": {}, "referenceVariable": [], "referenceFunction": [], "style": [], "inheritClass": null, "wxss": [], "page": null, "path": "D:\\WORK\\2021\\MPDF\\baseline\\ui\\LUCAKE鹿可线上商城\\index.wxml", "child": [1, 10, 11], "parent": null, "matchString": [{"type": "relation", "string": "none"}, {"type": "relation", "string": "false"}, {"type": "relation", "string": "{{title}}"}, {"type": "relation", "string": "请输入手机号"}, {"type": "relation", "string": "请输入 6 位验证码"}, {"type": "relation", "string": "{{captcha.text}}"}, {"type": "relation", "string": "帐号密码登录"}, {"type": "relation", "string": "{{loginBtn.text}}"}, {"type": "relation", "string": "van-dialog"}, {"type": "relation", "string": "login-loading-van-toast"}]}, {"id": 1, "type": "view", "string": null, "attribute": {"class": ["container"], "hoverclass": "none", "hoverstoppropagation": "false"}, "referenceVariable": [], "referenceFunction": [], "style": [], "inheritClass": null, "wxss": [], "page": null, "path": "D:\\WORK\\2021\\MPDF\\baseline\\ui\\LUCAKE鹿可线上商城\\index.wxml", "child": [2, 3, 5, 8, 9], "parent": 0, "matchString": [{"type": "attr", "string": "none"}, {"type": "attr", "string": "false"}, {"type": "relation", "string": "{{title}}"}, {"type": "relation", "string": "请输入手机号"}, {"type": "relation", "string": "请输入 6 位验证码"}, {"type": "relation", "string": "{{captcha.text}}"}, {"type": "relation", "string": "帐号密码登录"}, {"type": "relation", "string": "{{loginBtn.text}}"}]}, {"id": 2, "type": "view", "string": "{{title}}", "attribute": {"class": ["title"]}, "referenceVariable": [], "referenceFunction": [], "style": [], "inheritClass": null, "wxss": [], "page": null, "path": "D:\\WORK\\2021\\MPDF\\baseline\\ui\\LUCAKE鹿可线上商城\\index.wxml", "child": [], "parent": 1, "matchString": [{"type": "self", "string": "{{title}}"}, {"type": "relation", "string": "{{title}}"}]}, {"id": 3, "type": "view", "string": null, "attribute": {"class": ["section"]}, "referenceVariable": [], "referenceFunction": [], "style": [], "inheritClass": null, "wxss": [], "page": null, "path": "D:\\WORK\\2021\\MPDF\\baseline\\ui\\LUCAKE鹿可线上商城\\index.wxml", "child": [4], "parent": 1, "matchString": [{"type": "relation", "string": "请输入手机号"}]}, {"id": 4, "type": "van-field", "string": null, "attribute": {"bind:input": "bindMobileInput", "border": "{{false}}", "class": ["mobile-input"], "clearable": "{{true}}", "customstyle": "padding-left:0px !important;", "maxlength": "11", "placeholder": "请输入手机号", "type": "number", "value": "{{formData.mobile}}"}, "referenceVariable": ["false", "true", "formData.mobile"], "referenceFunction": ["bindMobileInput"], "style": [], "inheritClass": null, "wxss": [], "page": null, "path": "D:\\WORK\\2021\\MPDF\\baseline\\ui\\LUCAKE鹿可线上商城\\index.wxml", "child": [], "parent": 3, "matchString": [{"type": "attr", "string": "请输入手机号"}]}, {"id": 5, "type": "view", "string": null, "attribute": {"class": ["section"]}, "referenceVariable": [], "referenceFunction": [], "style": [], "inheritClass": null, "wxss": [], "page": null, "path": "D:\\WORK\\2021\\MPDF\\baseline\\ui\\LUCAKE鹿可线上商城\\index.wxml", "child": [6, 7], "parent": 1, "matchString": [{"type": "relation", "string": "请输入 6 位验证码"}, {"type": "relation", "string": "{{captcha.text}}"}]}, {"id": 6, "type": "van-field", "string": null, "attribute": {"bind:input": "bindCaptchaInput", "border": "{{false}}", "class": ["sms-input"], "clearable": "{{true}}", "customstyle": "padding-left:0px !important;", "maxlength": "6", "placeholder": "请输入 6 位验证码", "placeholderstyle": "", "type": "number", "value": "{{formData.captcha}}"}, "referenceVariable": ["false", "true", "formData.captcha"], "referenceFunction": ["bindCaptchaInput"], "style": [], "inheritClass": null, "wxss": [], "page": null, "path": "D:\\WORK\\2021\\MPDF\\baseline\\ui\\LUCAKE鹿可线上商城\\index.wxml", "child": [], "parent": 5, "matchString": [{"type": "attr", "string": "请输入 6 位验证码"}]}, {"id": 7, "type": "view", "string": "{{captcha.text}}", "attribute": {"catchtap": "fetchCaptcha", "class": ["fetch-captcha-btn", "{{captcha.btnStyle}}"]}, "referenceVariable": ["captcha.btnStyle"], "referenceFunction": [], "style": [], "inheritClass": null, "wxss": [], "page": null, "path": "D:\\WORK\\2021\\MPDF\\baseline\\ui\\LUCAKE鹿可线上商城\\index.wxml", "child": [], "parent": 5, "matchString": [{"type": "self", "string": "{{captcha.text}}"}]}, {"id": 8, "type": "view", "string": "帐号密码登录", "attribute": {"catchtap": "changeLoginType", "class": ["login-type-change"]}, "referenceVariable": [], "referenceFunction": [], "style": [], "inheritClass": null, "wxss": [], "page": null, "path": "D:\\WORK\\2021\\MPDF\\baseline\\ui\\LUCAKE鹿可线上商城\\index.wxml", "child": [], "parent": 1, "matchString": [{"type": "self", "string": "帐号密码登录"}, {"type": "relation", "string": "帐号密码登录"}]}, {"id": 9, "type": "van-button", "string": "{{loginBtn.text}}", "attribute": {"block": "{{true}}", "catchtap": "login", "class": ["button"], "customclass": "login-btn", "disabled": "{{loginBtn.disabled}}", "type": "primary"}, "referenceVariable": ["true", "loginBtn.disabled"], "referenceFunction": [], "style": [], "inheritClass": null, "wxss": [], "page": null, "path": "D:\\WORK\\2021\\MPDF\\baseline\\ui\\LUCAKE鹿可线上商城\\index.wxml", "child": [], "parent": 1, "matchString": [{"type": "self", "string": "{{loginBtn.text}}"}, {"type": "relation", "string": "{{loginBtn.text}}"}]}, {"id": 10, "type": "van-dialog", "string": null, "attribute": {"id": "van-dialog"}, "referenceVariable": [], "referenceFunction": [], "style": [], "inheritClass": null, "wxss": [], "page": null, "path": "D:\\WORK\\2021\\MPDF\\baseline\\ui\\LUCAKE鹿可线上商城\\index.wxml", "child": [], "parent": 0, "matchString": [{"type": "attr", "string": "van-dialog"}]}, {"id": 11, "type": "van-toast", "string": null, "attribute": {"id": "login-loading-van-toast"}, "referenceVariable": [], "referenceFunction": [], "style": [], "inheritClass": null, "wxss": [], "page": null, "path": "D:\\WORK\\2021\\MPDF\\baseline\\ui\\LUCAKE鹿可线上商城\\index.wxml", "child": [], "parent": 0, "matchString": [{"type": "attr", "string": "login-loading-van-toast"}]}]