[{"id": 0, "type": "[document]", "string": null, "attribute": {}, "referenceVariable": [], "referenceFunction": [], "style": [], "inheritClass": null, "wxss": [], "page": null, "path": "D:\\WORK\\2021\\MPDF\\baseline\\ui\\达达专送\\index.wxml", "child": [1], "parent": null, "matchString": [{"type": "relation", "string": "{{title}}"}, {"type": "relation", "string": "{{true}}"}, {"type": "relation", "string": "地址"}, {"type": "relation", "string": "header"}, {"type": "relation", "string": "body"}, {"type": "relation", "string": "{{addrInfo.poiName}}"}, {"type": "relation", "string": "定位地址"}, {"type": "relation", "string": "{{addrInfo.poiAddress}}"}, {"type": "relation", "string": "正在搜索地址..."}, {"type": "relation", "string": "请选择搜索出的地址"}, {"type": "relation", "string": "点击搜索地址"}, {"type": "relation", "string": "{{false}}"}, {"type": "relation", "string": "门牌号"}, {"type": "relation", "string": "ClickDoorNumber"}, {"type": "relation", "string": "doorplate"}, {"type": "relation", "string": "例：2号楼6楼501室"}, {"type": "relation", "string": "联系人"}, {"type": "relation", "string": "ClickContacts"}, {"type": "relation", "string": "name"}, {"type": "relation", "string": "姓名"}, {"type": "relation", "string": "电话"}, {"type": "relation", "string": "ClickPhone"}, {"type": "relation", "string": "phone"}, {"type": "relation", "string": "{{phonePlaceholder}}"}, {"type": "relation", "string": "footer"}, {"type": "relation", "string": "切换手机"}, {"type": "relation", "string": "切换座机"}, {"type": "relation", "string": "智能填写"}, {"type": "relation", "string": "{{intelligentFillingStrLength}}"}, {"type": "relation", "string": "粘贴整段发货信息，自动识别并填充地址、姓名、电话。 例如：浦东南路1036号隆宇大厦608室，01057291804， 董小姐"}, {"type": "relation", "string": "realTextarea"}, {"type": "relation", "string": "virtual"}, {"type": "relation", "string": "ClickClearMachineInput"}, {"type": "relation", "string": "ClickMachineInput"}, {"type": "relation", "string": "\n              提交\n            "}, {"type": "relation", "string": ""}, {"type": "relation", "string": "{{intelligentFillingStr===''}}"}, {"type": "relation", "string": "猜您想用以下信息"}, {"type": "relation", "string": "地址：{{intelligentResult.poi}}"}, {"type": "relation", "string": "门牌号：{{intelligentResult.number||'- -'}}"}, {"type": "relation", "string": "联系人：{{intelligentResult.name||'- -'}}"}, {"type": "relation", "string": "电话：{{intelligentResult.phone}}"}, {"type": "relation", "string": "\n                暂不使用\n              "}, {"type": "relation", "string": "ClickCloseRemindMachineInput"}, {"type": "relation", "string": "\n                立即使用\n              "}, {"type": "relation", "string": "ClickUseRemindMachineInput"}, {"type": "relation", "string": "{{item}}"}, {"type": "relation", "string": "{{item.poiName}}"}, {"type": "relation", "string": "\n            {{item.poiAddress}}\n          "}, {"type": "relation", "string": "{{24}}"}, {"type": "relation", "string": "\n        确定\n      "}]}, {"id": 1, "type": "view", "string": null, "attribute": {"class": ["page-container"]}, "referenceVariable": [], "referenceFunction": [], "style": [], "inheritClass": null, "wxss": [], "page": null, "path": "D:\\WORK\\2021\\MPDF\\baseline\\ui\\达达专送\\index.wxml", "child": [2, 3], "parent": 0, "matchString": [{"type": "relation", "string": "{{title}}"}, {"type": "relation", "string": "{{true}}"}, {"type": "relation", "string": "地址"}, {"type": "relation", "string": "header"}, {"type": "relation", "string": "body"}, {"type": "relation", "string": "{{addrInfo.poiName}}"}, {"type": "relation", "string": "定位地址"}, {"type": "relation", "string": "{{addrInfo.poiAddress}}"}, {"type": "relation", "string": "正在搜索地址..."}, {"type": "relation", "string": "请选择搜索出的地址"}, {"type": "relation", "string": "点击搜索地址"}, {"type": "relation", "string": "{{false}}"}, {"type": "relation", "string": "门牌号"}, {"type": "relation", "string": "ClickDoorNumber"}, {"type": "relation", "string": "doorplate"}, {"type": "relation", "string": "例：2号楼6楼501室"}, {"type": "relation", "string": "联系人"}, {"type": "relation", "string": "ClickContacts"}, {"type": "relation", "string": "name"}, {"type": "relation", "string": "姓名"}, {"type": "relation", "string": "电话"}, {"type": "relation", "string": "ClickPhone"}, {"type": "relation", "string": "phone"}, {"type": "relation", "string": "{{phonePlaceholder}}"}, {"type": "relation", "string": "footer"}, {"type": "relation", "string": "切换手机"}, {"type": "relation", "string": "切换座机"}, {"type": "relation", "string": "智能填写"}, {"type": "relation", "string": "{{intelligentFillingStrLength}}"}, {"type": "relation", "string": "粘贴整段发货信息，自动识别并填充地址、姓名、电话。 例如：浦东南路1036号隆宇大厦608室，01057291804， 董小姐"}, {"type": "relation", "string": "realTextarea"}, {"type": "relation", "string": "virtual"}, {"type": "relation", "string": "ClickClearMachineInput"}, {"type": "relation", "string": "ClickMachineInput"}, {"type": "relation", "string": "\n              提交\n            "}, {"type": "relation", "string": ""}, {"type": "relation", "string": "{{intelligentFillingStr===''}}"}, {"type": "relation", "string": "猜您想用以下信息"}, {"type": "relation", "string": "地址：{{intelligentResult.poi}}"}, {"type": "relation", "string": "门牌号：{{intelligentResult.number||'- -'}}"}, {"type": "relation", "string": "联系人：{{intelligentResult.name||'- -'}}"}, {"type": "relation", "string": "电话：{{intelligentResult.phone}}"}, {"type": "relation", "string": "\n                暂不使用\n              "}, {"type": "relation", "string": "ClickCloseRemindMachineInput"}, {"type": "relation", "string": "\n                立即使用\n              "}, {"type": "relation", "string": "ClickUseRemindMachineInput"}, {"type": "relation", "string": "{{item}}"}, {"type": "relation", "string": "{{item.poiName}}"}, {"type": "relation", "string": "\n            {{item.poiAddress}}\n          "}, {"type": "relation", "string": "{{24}}"}, {"type": "relation", "string": "\n        确定\n      "}]}, {"id": 2, "type": "navbar-container", "string": null, "attribute": {"title": "{{title}}"}, "referenceVariable": ["title"], "referenceFunction": [], "style": [], "inheritClass": null, "wxss": [], "page": null, "path": "D:\\WORK\\2021\\MPDF\\baseline\\ui\\达达专送\\index.wxml", "child": [], "parent": 1, "matchString": [{"type": "attr", "string": "{{title}}"}, {"type": "relation", "string": "{{title}}"}]}, {"id": 3, "type": "view", "string": null, "attribute": {"class": ["container"]}, "referenceVariable": [], "referenceFunction": [], "style": [], "inheritClass": null, "wxss": [], "page": null, "path": "D:\\WORK\\2021\\MPDF\\baseline\\ui\\达达专送\\index.wxml", "child": [4, 58, 66], "parent": 1, "matchString": [{"type": "relation", "string": "{{true}}"}, {"type": "relation", "string": "地址"}, {"type": "relation", "string": "header"}, {"type": "relation", "string": "body"}, {"type": "relation", "string": "{{addrInfo.poiName}}"}, {"type": "relation", "string": "定位地址"}, {"type": "relation", "string": "{{addrInfo.poiAddress}}"}, {"type": "relation", "string": "正在搜索地址..."}, {"type": "relation", "string": "请选择搜索出的地址"}, {"type": "relation", "string": "点击搜索地址"}, {"type": "relation", "string": "{{false}}"}, {"type": "relation", "string": "门牌号"}, {"type": "relation", "string": "ClickDoorNumber"}, {"type": "relation", "string": "doorplate"}, {"type": "relation", "string": "例：2号楼6楼501室"}, {"type": "relation", "string": "联系人"}, {"type": "relation", "string": "ClickContacts"}, {"type": "relation", "string": "name"}, {"type": "relation", "string": "姓名"}, {"type": "relation", "string": "电话"}, {"type": "relation", "string": "ClickPhone"}, {"type": "relation", "string": "phone"}, {"type": "relation", "string": "{{phonePlaceholder}}"}, {"type": "relation", "string": "footer"}, {"type": "relation", "string": "切换手机"}, {"type": "relation", "string": "切换座机"}, {"type": "relation", "string": "智能填写"}, {"type": "relation", "string": "{{intelligentFillingStrLength}}"}, {"type": "relation", "string": "粘贴整段发货信息，自动识别并填充地址、姓名、电话。 例如：浦东南路1036号隆宇大厦608室，01057291804， 董小姐"}, {"type": "relation", "string": "realTextarea"}, {"type": "relation", "string": "virtual"}, {"type": "relation", "string": "ClickClearMachineInput"}, {"type": "relation", "string": "ClickMachineInput"}, {"type": "relation", "string": "\n              提交\n            "}, {"type": "relation", "string": ""}, {"type": "relation", "string": "{{intelligentFillingStr===''}}"}, {"type": "relation", "string": "猜您想用以下信息"}, {"type": "relation", "string": "地址：{{intelligentResult.poi}}"}, {"type": "relation", "string": "门牌号：{{intelligentResult.number||'- -'}}"}, {"type": "relation", "string": "联系人：{{intelligentResult.name||'- -'}}"}, {"type": "relation", "string": "电话：{{intelligentResult.phone}}"}, {"type": "relation", "string": "\n                暂不使用\n              "}, {"type": "relation", "string": "ClickCloseRemindMachineInput"}, {"type": "relation", "string": "\n                立即使用\n              "}, {"type": "relation", "string": "ClickUseRemindMachineInput"}, {"type": "relation", "string": "{{item}}"}, {"type": "relation", "string": "{{item.poiName}}"}, {"type": "relation", "string": "\n            {{item.poiAddress}}\n          "}, {"type": "relation", "string": "{{24}}"}, {"type": "relation", "string": "\n        确定\n      "}]}, {"id": 4, "type": "group", "string": null, "attribute": {"hasborder": "{{true}}"}, "referenceVariable": ["true"], "referenceFunction": [], "style": [], "inheritClass": null, "wxss": [], "page": null, "path": "D:\\WORK\\2021\\MPDF\\baseline\\ui\\达达专送\\index.wxml", "child": [5, 23, 26, 29, 37], "parent": 3, "matchString": [{"type": "attr", "string": "{{true}}"}, {"type": "relation", "string": "地址"}, {"type": "relation", "string": "header"}, {"type": "relation", "string": "body"}, {"type": "relation", "string": "{{addrInfo.poiName}}"}, {"type": "relation", "string": "定位地址"}, {"type": "relation", "string": "{{addrInfo.poiAddress}}"}, {"type": "relation", "string": "正在搜索地址..."}, {"type": "relation", "string": "请选择搜索出的地址"}, {"type": "relation", "string": "点击搜索地址"}, {"type": "relation", "string": "{{false}}"}, {"type": "relation", "string": "门牌号"}, {"type": "relation", "string": "ClickDoorNumber"}, {"type": "relation", "string": "doorplate"}, {"type": "relation", "string": "例：2号楼6楼501室"}, {"type": "relation", "string": "联系人"}, {"type": "relation", "string": "ClickContacts"}, {"type": "relation", "string": "name"}, {"type": "relation", "string": "姓名"}, {"type": "relation", "string": "电话"}, {"type": "relation", "string": "ClickPhone"}, {"type": "relation", "string": "phone"}, {"type": "relation", "string": "{{phonePlaceholder}}"}, {"type": "relation", "string": "footer"}, {"type": "relation", "string": "切换手机"}, {"type": "relation", "string": "切换座机"}, {"type": "relation", "string": "智能填写"}, {"type": "relation", "string": "{{intelligentFillingStrLength}}"}, {"type": "relation", "string": "粘贴整段发货信息，自动识别并填充地址、姓名、电话。 例如：浦东南路1036号隆宇大厦608室，01057291804， 董小姐"}, {"type": "relation", "string": "realTextarea"}, {"type": "relation", "string": "virtual"}, {"type": "relation", "string": "ClickClearMachineInput"}, {"type": "relation", "string": "ClickMachineInput"}, {"type": "relation", "string": "\n              提交\n            "}, {"type": "relation", "string": ""}, {"type": "relation", "string": "{{intelligentFillingStr===''}}"}, {"type": "relation", "string": "猜您想用以下信息"}, {"type": "relation", "string": "地址：{{intelligentResult.poi}}"}, {"type": "relation", "string": "门牌号：{{intelligentResult.number||'- -'}}"}, {"type": "relation", "string": "联系人：{{intelligentResult.name||'- -'}}"}, {"type": "relation", "string": "电话：{{intelligentResult.phone}}"}, {"type": "relation", "string": "\n                暂不使用\n              "}, {"type": "relation", "string": "ClickCloseRemindMachineInput"}, {"type": "relation", "string": "\n                立即使用\n              "}, {"type": "relation", "string": "ClickUseRemindMachineInput"}]}, {"id": 5, "type": "cell", "string": null, "attribute": {"bind:cellclick": "goAddrPoiList", "class": ["_t-addr-cell"], "expansion": "{{true}}", "hasarrow": "{{true}}", "hasborder": "{{true}}", "size": "xlg", "style": "cell-address"}, "referenceVariable": ["true", "true", "true"], "referenceFunction": ["goAddrPoiList"], "style": [], "inheritClass": null, "wxss": [], "page": null, "path": "D:\\WORK\\2021\\MPDF\\baseline\\ui\\达达专送\\index.wxml", "child": [6, 7], "parent": 4, "matchString": [{"type": "attr", "string": "{{true}}"}, {"type": "relation", "string": "地址"}, {"type": "relation", "string": "header"}, {"type": "relation", "string": "body"}, {"type": "relation", "string": "{{addrInfo.poiName}}"}, {"type": "relation", "string": "定位地址"}, {"type": "relation", "string": "{{addrInfo.poiAddress}}"}, {"type": "relation", "string": "正在搜索地址..."}, {"type": "relation", "string": "请选择搜索出的地址"}, {"type": "relation", "string": "点击搜索地址"}]}, {"id": 6, "type": "view", "string": "地址", "attribute": {"class": ["header-text"], "slot": "header"}, "referenceVariable": [], "referenceFunction": [], "style": [], "inheritClass": null, "wxss": [], "page": null, "path": "D:\\WORK\\2021\\MPDF\\baseline\\ui\\达达专送\\index.wxml", "child": [], "parent": 5, "matchString": [{"type": "self", "string": "地址"}, {"type": "attr", "string": "header"}]}, {"id": 7, "type": "view", "string": null, "attribute": {"slot": "body"}, "referenceVariable": [], "referenceFunction": [], "style": [], "inheritClass": null, "wxss": [], "page": null, "path": "D:\\WORK\\2021\\MPDF\\baseline\\ui\\达达专送\\index.wxml", "child": [8, 15, 19, 21], "parent": 5, "matchString": [{"type": "attr", "string": "body"}, {"type": "relation", "string": "{{addrInfo.poiName}}"}, {"type": "relation", "string": "定位地址"}, {"type": "relation", "string": "{{addrInfo.poiAddress}}"}, {"type": "relation", "string": "正在搜索地址..."}, {"type": "relation", "string": "请选择搜索出的地址"}, {"type": "relation", "string": "点击搜索地址"}]}, {"id": 8, "type": "view", "string": null, "attribute": {"wx:if": "{{addressSearchStatus==='noSearch'&&addrInfo.poiName!==''&&addrInfo.poiAddress!==''}}"}, "referenceVariable": ["addressSearchStatus==='noSearch'&&addrInfo.poiName!==''&&addrInfo.poiAddress!==''"], "referenceFunction": [], "style": [], "inheritClass": null, "wxss": [], "page": null, "path": "D:\\WORK\\2021\\MPDF\\baseline\\ui\\达达专送\\index.wxml", "child": [9, 12, 14], "parent": 7, "matchString": [{"type": "relation", "string": "{{addrInfo.poiName}}"}, {"type": "relation", "string": "定位地址"}, {"type": "relation", "string": "{{addrInfo.poiAddress}}"}]}, {"id": 9, "type": "view", "string": null, "attribute": {"class": ["address"], "wx:if": "{{addrInfo.isPoi}}"}, "referenceVariable": ["addrInfo.isPoi"], "referenceFunction": [], "style": [], "inheritClass": null, "wxss": [], "page": null, "path": "D:\\WORK\\2021\\MPDF\\baseline\\ui\\达达专送\\index.wxml", "child": [10, 11], "parent": 8, "matchString": [{"type": "relation", "string": "{{addrInfo.poiName}}"}, {"type": "relation", "string": "定位地址"}]}, {"id": 10, "type": "view", "string": "{{addrInfo.poiName}}", "attribute": {"class": ["text-ellipsis", "poi-address"]}, "referenceVariable": [], "referenceFunction": [], "style": [], "inheritClass": null, "wxss": [], "page": null, "path": "D:\\WORK\\2021\\MPDF\\baseline\\ui\\达达专送\\index.wxml", "child": [], "parent": 9, "matchString": [{"type": "self", "string": "{{addrInfo.poiName}}"}]}, {"id": 11, "type": "view", "string": "定位地址", "attribute": {"class": ["poi-tip"]}, "referenceVariable": [], "referenceFunction": [], "style": [], "inheritClass": null, "wxss": [], "page": null, "path": "D:\\WORK\\2021\\MPDF\\baseline\\ui\\达达专送\\index.wxml", "child": [], "parent": 9, "matchString": [{"type": "self", "string": "定位地址"}]}, {"id": 12, "type": "view", "string": null, "attribute": {"wx:else": ""}, "referenceVariable": [], "referenceFunction": [], "style": [], "inheritClass": null, "wxss": [], "page": null, "path": "D:\\WORK\\2021\\MPDF\\baseline\\ui\\达达专送\\index.wxml", "child": [13], "parent": 8, "matchString": [{"type": "relation", "string": "{{addrInfo.poiName}}"}]}, {"id": 13, "type": "view", "string": "{{addrInfo.poiName}}", "attribute": {"class": ["text-ellipsis"]}, "referenceVariable": [], "referenceFunction": [], "style": [], "inheritClass": null, "wxss": [], "page": null, "path": "D:\\WORK\\2021\\MPDF\\baseline\\ui\\达达专送\\index.wxml", "child": [], "parent": 12, "matchString": [{"type": "self", "string": "{{addrInfo.poiName}}"}]}, {"id": 14, "type": "view", "string": "{{addrInfo.poiAddress}}", "attribute": {"class": ["text-muted-light", "text-md", "text-ellipsis"]}, "referenceVariable": [], "referenceFunction": [], "style": [], "inheritClass": null, "wxss": [], "page": null, "path": "D:\\WORK\\2021\\MPDF\\baseline\\ui\\达达专送\\index.wxml", "child": [], "parent": 8, "matchString": [{"type": "self", "string": "{{addrInfo.poiAddress}}"}]}, {"id": 15, "type": "view", "string": null, "attribute": {"class": ["search-text"], "wx:if": "{{addressSearchStatus==='isSearching'}}"}, "referenceVariable": ["addressSearchStatus==='isSearching'"], "referenceFunction": [], "style": [], "inheritClass": null, "wxss": [], "page": null, "path": "D:\\WORK\\2021\\MPDF\\baseline\\ui\\达达专送\\index.wxml", "child": [16, 18], "parent": 7, "matchString": [{"type": "relation", "string": "正在搜索地址..."}]}, {"id": 16, "type": "view", "string": null, "attribute": {"class": ["search-icon"]}, "referenceVariable": [], "referenceFunction": [], "style": [], "inheritClass": null, "wxss": [], "page": null, "path": "D:\\WORK\\2021\\MPDF\\baseline\\ui\\达达专送\\index.wxml", "child": [17], "parent": 15, "matchString": []}, {"id": 17, "type": "icon-dada", "string": null, "attribute": {"type": "loading-circle"}, "referenceVariable": [], "referenceFunction": [], "style": [], "inheritClass": null, "wxss": [], "page": null, "path": "D:\\WORK\\2021\\MPDF\\baseline\\ui\\达达专送\\index.wxml", "child": [], "parent": 16, "matchString": []}, {"id": 18, "type": "text", "string": "正在搜索地址...", "attribute": {}, "referenceVariable": [], "referenceFunction": [], "style": [], "inheritClass": null, "wxss": [], "page": null, "path": "D:\\WORK\\2021\\MPDF\\baseline\\ui\\达达专送\\index.wxml", "child": [], "parent": 15, "matchString": [{"type": "self", "string": "正在搜索地址..."}]}, {"id": 19, "type": "view", "string": null, "attribute": {"class": ["text-muted-light"], "wx:if": "{{addressSearchStatus==='searchOver'}}"}, "referenceVariable": ["addressSearchStatus==='searchOver'"], "referenceFunction": [], "style": [], "inheritClass": null, "wxss": [], "page": null, "path": "D:\\WORK\\2021\\MPDF\\baseline\\ui\\达达专送\\index.wxml", "child": [20], "parent": 7, "matchString": [{"type": "relation", "string": "请选择搜索出的地址"}]}, {"id": 20, "type": "text", "string": "请选择搜索出的地址", "attribute": {}, "referenceVariable": [], "referenceFunction": [], "style": [], "inheritClass": null, "wxss": [], "page": null, "path": "D:\\WORK\\2021\\MPDF\\baseline\\ui\\达达专送\\index.wxml", "child": [], "parent": 19, "matchString": [{"type": "self", "string": "请选择搜索出的地址"}]}, {"id": 21, "type": "view", "string": null, "attribute": {"class": ["text-muted-light"], "wx:if": "{{addressSearchStatus==='searchWithoutResult'||addressSearchStatus==='noSearch'&&addrInfo.poiName===''&&addrInfo.poiAddress===''}}"}, "referenceVariable": ["addressSearchStatus==='searchWithoutResult'||addressSearchStatus==='noSearch'&&addrInfo.poiName===''&&addrInfo.poiAddress===''"], "referenceFunction": [], "style": [], "inheritClass": null, "wxss": [], "page": null, "path": "D:\\WORK\\2021\\MPDF\\baseline\\ui\\达达专送\\index.wxml", "child": [22], "parent": 7, "matchString": [{"type": "relation", "string": "点击搜索地址"}]}, {"id": 22, "type": "text", "string": "点击搜索地址", "attribute": {}, "referenceVariable": [], "referenceFunction": [], "style": [], "inheritClass": null, "wxss": [], "page": null, "path": "D:\\WORK\\2021\\MPDF\\baseline\\ui\\达达专送\\index.wxml", "child": [], "parent": 21, "matchString": [{"type": "self", "string": "点击搜索地址"}]}, {"id": 23, "type": "cell", "string": null, "attribute": {"expansion": "{{true}}", "hasarrow": "{{false}}", "hasborder": "{{true}}", "size": "xlg", "style": "cell-common"}, "referenceVariable": ["true", "false", "true"], "referenceFunction": [], "style": [], "inheritClass": null, "wxss": [], "page": null, "path": "D:\\WORK\\2021\\MPDF\\baseline\\ui\\达达专送\\index.wxml", "child": [24, 25], "parent": 4, "matchString": [{"type": "attr", "string": "{{true}}"}, {"type": "attr", "string": "{{false}}"}, {"type": "relation", "string": "门牌号"}, {"type": "relation", "string": "header"}, {"type": "relation", "string": "ClickDoorNumber"}, {"type": "relation", "string": "doorplate"}, {"type": "relation", "string": "例：2号楼6楼501室"}, {"type": "relation", "string": "body"}]}, {"id": 24, "type": "view", "string": "门牌号", "attribute": {"class": ["header-text"], "slot": "header"}, "referenceVariable": [], "referenceFunction": [], "style": [], "inheritClass": null, "wxss": [], "page": null, "path": "D:\\WORK\\2021\\MPDF\\baseline\\ui\\达达专送\\index.wxml", "child": [], "parent": 23, "matchString": [{"type": "self", "string": "门牌号"}, {"type": "attr", "string": "header"}]}, {"id": 25, "type": "input", "string": null, "attribute": {"bindinput": "changeAddrInfo", "bindtap": "trackClick", "class": ["_t-door-input"], "data-clickid": "ClickDoorNumber", "data-key": "doorplate", "placeholder": "例：2号楼6楼501室", "placeholderstyle": "color: #BCC1CC;", "slot": "body", "type": "text", "value": "{{addrInfo.doorplate}}"}, "referenceVariable": ["addrInfo.doorplate"], "referenceFunction": ["changeAddrInfo", "trackClick"], "style": [], "inheritClass": null, "wxss": [], "page": null, "path": "D:\\WORK\\2021\\MPDF\\baseline\\ui\\达达专送\\index.wxml", "child": [], "parent": 23, "matchString": [{"type": "attr", "string": "ClickDoorNumber"}, {"type": "attr", "string": "doorplate"}, {"type": "attr", "string": "例：2号楼6楼501室"}, {"type": "attr", "string": "body"}]}, {"id": 26, "type": "cell", "string": null, "attribute": {"expansion": "{{true}}", "hasarrow": "{{false}}", "hasborder": "{{true}}", "size": "xlg", "style": "cell-common"}, "referenceVariable": ["true", "false", "true"], "referenceFunction": [], "style": [], "inheritClass": null, "wxss": [], "page": null, "path": "D:\\WORK\\2021\\MPDF\\baseline\\ui\\达达专送\\index.wxml", "child": [27, 28], "parent": 4, "matchString": [{"type": "attr", "string": "{{true}}"}, {"type": "attr", "string": "{{false}}"}, {"type": "relation", "string": "联系人"}, {"type": "relation", "string": "header"}, {"type": "relation", "string": "ClickContacts"}, {"type": "relation", "string": "name"}, {"type": "relation", "string": "姓名"}, {"type": "relation", "string": "body"}]}, {"id": 27, "type": "view", "string": "联系人", "attribute": {"class": ["header-text"], "slot": "header"}, "referenceVariable": [], "referenceFunction": [], "style": [], "inheritClass": null, "wxss": [], "page": null, "path": "D:\\WORK\\2021\\MPDF\\baseline\\ui\\达达专送\\index.wxml", "child": [], "parent": 26, "matchString": [{"type": "self", "string": "联系人"}, {"type": "attr", "string": "header"}]}, {"id": 28, "type": "input", "string": null, "attribute": {"bindinput": "changeAddrInfo", "bindtap": "trackClick", "class": ["_t-name-input"], "data-clickid": "ClickContacts", "data-key": "name", "placeholder": "姓名", "placeholderstyle": "color: #BCC1CC;", "slot": "body", "type": "text", "value": "{{addrInfo.name}}"}, "referenceVariable": ["addrInfo.name"], "referenceFunction": ["changeAddrInfo", "trackClick"], "style": [], "inheritClass": null, "wxss": [], "page": null, "path": "D:\\WORK\\2021\\MPDF\\baseline\\ui\\达达专送\\index.wxml", "child": [], "parent": 26, "matchString": [{"type": "attr", "string": "ClickContacts"}, {"type": "attr", "string": "name"}, {"type": "attr", "string": "姓名"}, {"type": "attr", "string": "body"}]}, {"id": 29, "type": "cell", "string": null, "attribute": {"expansion": "{{true}}", "hasarrow": "{{false}}", "hasborder": "{{true}}", "size": "xlg", "style": "cell-common"}, "referenceVariable": ["true", "false", "true"], "referenceFunction": [], "style": [], "inheritClass": null, "wxss": [], "page": null, "path": "D:\\WORK\\2021\\MPDF\\baseline\\ui\\达达专送\\index.wxml", "child": [30, 31, 32], "parent": 4, "matchString": [{"type": "attr", "string": "{{true}}"}, {"type": "attr", "string": "{{false}}"}, {"type": "relation", "string": "电话"}, {"type": "relation", "string": "header"}, {"type": "relation", "string": "ClickPhone"}, {"type": "relation", "string": "phone"}, {"type": "relation", "string": "{{phonePlaceholder}}"}, {"type": "relation", "string": "body"}, {"type": "relation", "string": "footer"}, {"type": "relation", "string": "切换手机"}, {"type": "relation", "string": "切换座机"}]}, {"id": 30, "type": "view", "string": "电话", "attribute": {"class": ["header-text"], "slot": "header"}, "referenceVariable": [], "referenceFunction": [], "style": [], "inheritClass": null, "wxss": [], "page": null, "path": "D:\\WORK\\2021\\MPDF\\baseline\\ui\\达达专送\\index.wxml", "child": [], "parent": 29, "matchString": [{"type": "self", "string": "电话"}, {"type": "attr", "string": "header"}]}, {"id": 31, "type": "input", "string": null, "attribute": {"bindinput": "changeAddrInfo", "bindtap": "trackClick", "class": ["_t-phone-input"], "data-clickid": "ClickPhone", "data-key": "phone", "maxlength": "{{11}}", "placeholder": "{{phonePlaceholder}}", "placeholderstyle": "color: #BCC1CC;", "slot": "body", "type": "number", "value": "{{addrInfo.phone}}"}, "referenceVariable": ["11", "phonePlaceholder", "addrInfo.phone"], "referenceFunction": ["changeAddrInfo", "trackClick"], "style": [], "inheritClass": null, "wxss": [], "page": null, "path": "D:\\WORK\\2021\\MPDF\\baseline\\ui\\达达专送\\index.wxml", "child": [], "parent": 29, "matchString": [{"type": "attr", "string": "ClickPhone"}, {"type": "attr", "string": "phone"}, {"type": "attr", "string": "{{phonePlaceholder}}"}, {"type": "attr", "string": "body"}]}, {"id": 32, "type": "view", "string": null, "attribute": {"bindtap": "toggleMobile", "slot": "footer", "wx:if": "{{type==='sender'}}"}, "referenceVariable": ["type==='sender'"], "referenceFunction": ["toggleMobile"], "style": [], "inheritClass": null, "wxss": [], "page": null, "path": "D:\\WORK\\2021\\MPDF\\baseline\\ui\\达达专送\\index.wxml", "child": [33, 35, 36], "parent": 29, "matchString": [{"type": "attr", "string": "footer"}, {"type": "relation", "string": "切换手机"}, {"type": "relation", "string": "切换座机"}]}, {"id": 33, "type": "view", "string": null, "attribute": {"class": ["text-muted-light", "padding-sm", "inline-block"]}, "referenceVariable": [], "referenceFunction": [], "style": [], "inheritClass": null, "wxss": [], "page": null, "path": "D:\\WORK\\2021\\MPDF\\baseline\\ui\\达达专送\\index.wxml", "child": [34], "parent": 32, "matchString": []}, {"id": 34, "type": "icon-dada", "string": null, "attribute": {"size": "sm", "type": "toggle-mobile"}, "referenceVariable": [], "referenceFunction": [], "style": [], "inheritClass": null, "wxss": [], "page": null, "path": "D:\\WORK\\2021\\MPDF\\baseline\\ui\\达达专送\\index.wxml", "child": [], "parent": 33, "matchString": []}, {"id": 35, "type": "text", "string": "切换手机", "attribute": {"wx:if": "{{isTEL}}"}, "referenceVariable": ["isTEL"], "referenceFunction": [], "style": [], "inheritClass": null, "wxss": [], "page": null, "path": "D:\\WORK\\2021\\MPDF\\baseline\\ui\\达达专送\\index.wxml", "child": [], "parent": 32, "matchString": [{"type": "self", "string": "切换手机"}]}, {"id": 36, "type": "text", "string": "切换座机", "attribute": {"wx:else": ""}, "referenceVariable": [], "referenceFunction": [], "style": [], "inheritClass": null, "wxss": [], "page": null, "path": "D:\\WORK\\2021\\MPDF\\baseline\\ui\\达达专送\\index.wxml", "child": [], "parent": 32, "matchString": [{"type": "self", "string": "切换座机"}]}, {"id": 37, "type": "view", "string": null, "attribute": {"class": ["intelligent-filling-area"]}, "referenceVariable": [], "referenceFunction": [], "style": [], "inheritClass": null, "wxss": [], "page": null, "path": "D:\\WORK\\2021\\MPDF\\baseline\\ui\\达达专送\\index.wxml", "child": [38, 39, 41, 42, 47], "parent": 4, "matchString": [{"type": "relation", "string": "智能填写"}, {"type": "relation", "string": "{{intelligentFillingStrLength}}"}, {"type": "relation", "string": "粘贴整段发货信息，自动识别并填充地址、姓名、电话。 例如：浦东南路1036号隆宇大厦608室，01057291804， 董小姐"}, {"type": "relation", "string": "realTextarea"}, {"type": "relation", "string": "virtual"}, {"type": "relation", "string": "ClickClearMachineInput"}, {"type": "relation", "string": "ClickMachineInput"}, {"type": "relation", "string": "\n              提交\n            "}, {"type": "relation", "string": ""}, {"type": "relation", "string": "{{intelligentFillingStr===''}}"}, {"type": "relation", "string": "猜您想用以下信息"}, {"type": "relation", "string": "地址：{{intelligentResult.poi}}"}, {"type": "relation", "string": "门牌号：{{intelligentResult.number||'- -'}}"}, {"type": "relation", "string": "联系人：{{intelligentResult.name||'- -'}}"}, {"type": "relation", "string": "电话：{{intelligentResult.phone}}"}, {"type": "relation", "string": "\n                暂不使用\n              "}, {"type": "relation", "string": "ClickCloseRemindMachineInput"}, {"type": "relation", "string": "\n                立即使用\n              "}, {"type": "relation", "string": "ClickUseRemindMachineInput"}]}, {"id": 38, "type": "view", "string": "智能填写", "attribute": {"class": ["intelligent-filling-title", "border-bottom"]}, "referenceVariable": [], "referenceFunction": [], "style": [], "inheritClass": null, "wxss": [], "page": null, "path": "D:\\WORK\\2021\\MPDF\\baseline\\ui\\达达专送\\index.wxml", "child": [], "parent": 37, "matchString": [{"type": "self", "string": "智能填写"}]}, {"id": 39, "type": "textarea-dada", "string": null, "attribute": {"contentlength": "{{intelligentFillingStrLength}}", "maxlength": "{{100}}", "wx:if": "{{!hasCliboardInfo}}"}, "referenceVariable": ["intelligentFillingStrLength", "100", "!hasCliboardInfo"], "referenceFunction": [], "style": [], "inheritClass": null, "wxss": [], "page": null, "path": "D:\\WORK\\2021\\MPDF\\baseline\\ui\\达达专送\\index.wxml", "child": [40], "parent": 37, "matchString": [{"type": "attr", "string": "{{intelligentFillingStrLength}}"}, {"type": "relation", "string": "粘贴整段发货信息，自动识别并填充地址、姓名、电话。 例如：浦东南路1036号隆宇大厦608室，01057291804， 董小姐"}, {"type": "relation", "string": "realTextarea"}, {"type": "relation", "string": "virtual"}]}, {"id": 40, "type": "textarea", "string": null, "attribute": {"bindinput": "changeIntelligentFillingStr", "class": ["intelligent-filling-textarea"], "maxlength": "{{100}}", "placeholder": "粘贴整段发货信息，自动识别并填充地址、姓名、电话。 例如：浦东南路1036号隆宇大厦608室，01057291804， 董小姐", "placeholderstyle": "color: #BCC1CC;", "slot": "realTextarea", "value": "{{intelligentFillingStr}}", "wrap": "virtual"}, "referenceVariable": ["100", "intelligentFillingStr"], "referenceFunction": ["changeIntelligentFillingStr"], "style": [], "inheritClass": null, "wxss": [], "page": null, "path": "D:\\WORK\\2021\\MPDF\\baseline\\ui\\达达专送\\index.wxml", "child": [], "parent": 39, "matchString": [{"type": "attr", "string": "粘贴整段发货信息，自动识别并填充地址、姓名、电话。 例如：浦东南路1036号隆宇大厦608室，01057291804， 董小姐"}, {"type": "attr", "string": "realTextarea"}, {"type": "attr", "string": "virtual"}]}, {"id": 41, "type": "view", "string": "粘贴整段发货信息，自动识别并填充地址、姓名、电话。 例如：浦东南路1036号隆宇大厦608室，01057291804， 董小姐", "attribute": {"class": ["intelligent-filling-textarea", "fake-textarea"], "wx:if": "{{hasCliboardInfo}}"}, "referenceVariable": ["hasCliboardInfo"], "referenceFunction": [], "style": [], "inheritClass": null, "wxss": [], "page": null, "path": "D:\\WORK\\2021\\MPDF\\baseline\\ui\\达达专送\\index.wxml", "child": [], "parent": 37, "matchString": [{"type": "self", "string": "粘贴整段发货信息，自动识别并填充地址、姓名、电话。 例如：浦东南路1036号隆宇大厦608室，01057291804， 董小姐"}]}, {"id": 42, "type": "view", "string": null, "attribute": {"class": ["margin-bottom", "pull-right"]}, "referenceVariable": [], "referenceFunction": [], "style": [], "inheritClass": null, "wxss": [], "page": null, "path": "D:\\WORK\\2021\\MPDF\\baseline\\ui\\达达专送\\index.wxml", "child": [43, 45], "parent": 37, "matchString": [{"type": "relation", "string": "ClickClearMachineInput"}, {"type": "relation", "string": "ClickMachineInput"}, {"type": "relation", "string": "\n              提交\n            "}, {"type": "relation", "string": ""}, {"type": "relation", "string": "{{intelligentFillingStr===''}}"}]}, {"id": 43, "type": "view", "string": null, "attribute": {"bindtap": "clearIntelligentFillingInfo", "class": ["text-muted-light", "margin-right-lg", "inline-block"], "data-clickid": "ClickClearMachineInput", "wx:if": "{{intelligentFillingStr!==''}}"}, "referenceVariable": ["intelligentFillingStr!==''"], "referenceFunction": ["clearIntelligentFillingInfo"], "style": [], "inheritClass": null, "wxss": [], "page": null, "path": "D:\\WORK\\2021\\MPDF\\baseline\\ui\\达达专送\\index.wxml", "child": [44], "parent": 42, "matchString": [{"type": "attr", "string": "ClickClearMachineInput"}]}, {"id": 44, "type": "icon-dada", "string": null, "attribute": {"size": "sm", "type": "clearable"}, "referenceVariable": [], "referenceFunction": [], "style": [], "inheritClass": null, "wxss": [], "page": null, "path": "D:\\WORK\\2021\\MPDF\\baseline\\ui\\达达专送\\index.wxml", "child": [], "parent": 43, "matchString": []}, {"id": 45, "type": "view", "string": null, "attribute": {"bindtap": "submitIntelligentFillingInfo", "class": ["intelligent-filling-btn", "inline-block"], "data-clickid": "ClickMachineInput"}, "referenceVariable": [], "referenceFunction": ["submitIntelligentFillingInfo"], "style": [], "inheritClass": null, "wxss": [], "page": null, "path": "D:\\WORK\\2021\\MPDF\\baseline\\ui\\达达专送\\index.wxml", "child": [46], "parent": 42, "matchString": [{"type": "attr", "string": "ClickMachineInput"}, {"type": "relation", "string": "\n              提交\n            "}, {"type": "relation", "string": ""}, {"type": "relation", "string": "{{intelligentFillingStr===''}}"}]}, {"id": 46, "type": "btn", "string": "\n              提交\n            ", "attribute": {"pill": "", "disable": "{{intelligentFillingStr===''}}", "size": "xsm", "type": "secondary"}, "referenceVariable": ["intelligentFillingStr===''"], "referenceFunction": [], "style": [], "inheritClass": null, "wxss": [], "page": null, "path": "D:\\WORK\\2021\\MPDF\\baseline\\ui\\达达专送\\index.wxml", "child": [], "parent": 45, "matchString": [{"type": "self", "string": "\n              提交\n            "}, {"type": "attr", "string": ""}, {"type": "attr", "string": "{{intelligentFillingStr===''}}"}]}, {"id": 47, "type": "cover-view", "string": null, "attribute": {"class": ["mask"], "wx:if": "{{hasCliboardInfo}}"}, "referenceVariable": ["hasCliboardInfo"], "referenceFunction": [], "style": [], "inheritClass": null, "wxss": [], "page": null, "path": "D:\\WORK\\2021\\MPDF\\baseline\\ui\\达达专送\\index.wxml", "child": [48], "parent": 37, "matchString": [{"type": "relation", "string": "猜您想用以下信息"}, {"type": "relation", "string": "地址：{{intelligentResult.poi}}"}, {"type": "relation", "string": "门牌号：{{intelligentResult.number||'- -'}}"}, {"type": "relation", "string": "联系人：{{intelligentResult.name||'- -'}}"}, {"type": "relation", "string": "电话：{{intelligentResult.phone}}"}, {"type": "relation", "string": "\n                暂不使用\n              "}, {"type": "relation", "string": "ClickCloseRemindMachineInput"}, {"type": "relation", "string": "\n                立即使用\n              "}, {"type": "relation", "string": "ClickUseRemindMachineInput"}]}, {"id": 48, "type": "cover-view", "string": null, "attribute": {"class": ["modal"]}, "referenceVariable": [], "referenceFunction": [], "style": [], "inheritClass": null, "wxss": [], "page": null, "path": "D:\\WORK\\2021\\MPDF\\baseline\\ui\\达达专送\\index.wxml", "child": [49, 50, 55], "parent": 47, "matchString": [{"type": "relation", "string": "猜您想用以下信息"}, {"type": "relation", "string": "地址：{{intelligentResult.poi}}"}, {"type": "relation", "string": "门牌号：{{intelligentResult.number||'- -'}}"}, {"type": "relation", "string": "联系人：{{intelligentResult.name||'- -'}}"}, {"type": "relation", "string": "电话：{{intelligentResult.phone}}"}, {"type": "relation", "string": "\n                暂不使用\n              "}, {"type": "relation", "string": "ClickCloseRemindMachineInput"}, {"type": "relation", "string": "\n                立即使用\n              "}, {"type": "relation", "string": "ClickUseRemindMachineInput"}]}, {"id": 49, "type": "cover-view", "string": "猜您想用以下信息", "attribute": {"class": ["title-text"]}, "referenceVariable": [], "referenceFunction": [], "style": [], "inheritClass": null, "wxss": [], "page": null, "path": "D:\\WORK\\2021\\MPDF\\baseline\\ui\\达达专送\\index.wxml", "child": [], "parent": 48, "matchString": [{"type": "self", "string": "猜您想用以下信息"}]}, {"id": 50, "type": "cover-view", "string": null, "attribute": {}, "referenceVariable": [], "referenceFunction": [], "style": [], "inheritClass": null, "wxss": [], "page": null, "path": "D:\\WORK\\2021\\MPDF\\baseline\\ui\\达达专送\\index.wxml", "child": [51, 52, 53, 54], "parent": 48, "matchString": [{"type": "relation", "string": "地址：{{intelligentResult.poi}}"}, {"type": "relation", "string": "门牌号：{{intelligentResult.number||'- -'}}"}, {"type": "relation", "string": "联系人：{{intelligentResult.name||'- -'}}"}, {"type": "relation", "string": "电话：{{intelligentResult.phone}}"}]}, {"id": 51, "type": "cover-view", "string": "地址：{{intelligentResult.poi}}", "attribute": {"class": ["body-text"]}, "referenceVariable": [], "referenceFunction": [], "style": [], "inheritClass": null, "wxss": [], "page": null, "path": "D:\\WORK\\2021\\MPDF\\baseline\\ui\\达达专送\\index.wxml", "child": [], "parent": 50, "matchString": [{"type": "self", "string": "地址：{{intelligentResult.poi}}"}]}, {"id": 52, "type": "cover-view", "string": "门牌号：{{intelligentResult.number||'- -'}}", "attribute": {"class": ["body-text"]}, "referenceVariable": [], "referenceFunction": [], "style": [], "inheritClass": null, "wxss": [], "page": null, "path": "D:\\WORK\\2021\\MPDF\\baseline\\ui\\达达专送\\index.wxml", "child": [], "parent": 50, "matchString": [{"type": "self", "string": "门牌号：{{intelligentResult.number||'- -'}}"}]}, {"id": 53, "type": "cover-view", "string": "联系人：{{intelligentResult.name||'- -'}}", "attribute": {"class": ["body-text"]}, "referenceVariable": [], "referenceFunction": [], "style": [], "inheritClass": null, "wxss": [], "page": null, "path": "D:\\WORK\\2021\\MPDF\\baseline\\ui\\达达专送\\index.wxml", "child": [], "parent": 50, "matchString": [{"type": "self", "string": "联系人：{{intelligentResult.name||'- -'}}"}]}, {"id": 54, "type": "cover-view", "string": "电话：{{intelligentResult.phone}}", "attribute": {"class": ["body-text"]}, "referenceVariable": [], "referenceFunction": [], "style": [], "inheritClass": null, "wxss": [], "page": null, "path": "D:\\WORK\\2021\\MPDF\\baseline\\ui\\达达专送\\index.wxml", "child": [], "parent": 50, "matchString": [{"type": "self", "string": "电话：{{intelligentResult.phone}}"}]}, {"id": 55, "type": "cover-view", "string": null, "attribute": {}, "referenceVariable": [], "referenceFunction": [], "style": [], "inheritClass": null, "wxss": [], "page": null, "path": "D:\\WORK\\2021\\MPDF\\baseline\\ui\\达达专送\\index.wxml", "child": [56, 57], "parent": 48, "matchString": [{"type": "relation", "string": "\n                暂不使用\n              "}, {"type": "relation", "string": "ClickCloseRemindMachineInput"}, {"type": "relation", "string": "\n                立即使用\n              "}, {"type": "relation", "string": "ClickUseRemindMachineInput"}]}, {"id": 56, "type": "cover-view", "string": "\n                暂不使用\n              ", "attribute": {"bindtap": "closeCliboard", "class": ["modal-button", "modal-modify"], "data-clickid": "ClickCloseRemindMachineInput"}, "referenceVariable": [], "referenceFunction": ["closeCliboard"], "style": [], "inheritClass": null, "wxss": [], "page": null, "path": "D:\\WORK\\2021\\MPDF\\baseline\\ui\\达达专送\\index.wxml", "child": [], "parent": 55, "matchString": [{"type": "self", "string": "\n                暂不使用\n              "}, {"type": "attr", "string": "ClickCloseRemindMachineInput"}]}, {"id": 57, "type": "cover-view", "string": "\n                立即使用\n              ", "attribute": {"bindtap": "useCliboardInfo", "class": ["modal-button", "modal-sure"], "data-clickid": "ClickUseRemindMachineInput"}, "referenceVariable": [], "referenceFunction": ["useCliboardInfo"], "style": [], "inheritClass": null, "wxss": [], "page": null, "path": "D:\\WORK\\2021\\MPDF\\baseline\\ui\\达达专送\\index.wxml", "child": [], "parent": 55, "matchString": [{"type": "self", "string": "\n                立即使用\n              "}, {"type": "attr", "string": "ClickUseRemindMachineInput"}]}, {"id": 58, "type": "view", "string": null, "attribute": {"class": ["searched-addresses-container"], "wx:if": "{{addressSearchStatus==='searchOver'}}"}, "referenceVariable": ["addressSearchStatus==='searchOver'"], "referenceFunction": [], "style": [], "inheritClass": null, "wxss": [], "page": null, "path": "D:\\WORK\\2021\\MPDF\\baseline\\ui\\达达专送\\index.wxml", "child": [59, 63], "parent": 3, "matchString": [{"type": "relation", "string": "{{item}}"}, {"type": "relation", "string": "{{item.poiName}}"}, {"type": "relation", "string": "\n            {{item.poiAddress}}\n          "}, {"type": "relation", "string": "{{24}}"}]}, {"id": 59, "type": "view", "string": null, "attribute": {"wx:for": "{{searchPoiList}}", "wx:key": "index"}, "referenceVariable": ["searchPoiList"], "referenceFunction": [], "style": [], "inheritClass": null, "wxss": [], "page": null, "path": "D:\\WORK\\2021\\MPDF\\baseline\\ui\\达达专送\\index.wxml", "child": [60], "parent": 58, "matchString": [{"type": "relation", "string": "{{item}}"}, {"type": "relation", "string": "{{item.poiName}}"}, {"type": "relation", "string": "\n            {{item.poiAddress}}\n          "}]}, {"id": 60, "type": "view", "string": null, "attribute": {"bindtap": "chooseAddress", "class": ["address-list"], "data-item": "{{item}}", "wx:if": "{{index<3}}"}, "referenceVariable": ["item", "index<3"], "referenceFunction": ["chooseAddress"], "style": [], "inheritClass": null, "wxss": [], "page": null, "path": "D:\\WORK\\2021\\MPDF\\baseline\\ui\\达达专送\\index.wxml", "child": [61, 62], "parent": 59, "matchString": [{"type": "attr", "string": "{{item}}"}, {"type": "relation", "string": "{{item.poiName}}"}, {"type": "relation", "string": "\n            {{item.poiAddress}}\n          "}]}, {"id": 61, "type": "view", "string": "{{item.poiName}}", "attribute": {}, "referenceVariable": [], "referenceFunction": [], "style": [], "inheritClass": null, "wxss": [], "page": null, "path": "D:\\WORK\\2021\\MPDF\\baseline\\ui\\达达专送\\index.wxml", "child": [], "parent": 60, "matchString": [{"type": "self", "string": "{{item.poiName}}"}]}, {"id": 62, "type": "view", "string": "\n            {{item.poiAddress}}\n          ", "attribute": {"class": ["text-muted-light"]}, "referenceVariable": [], "referenceFunction": [], "style": [], "inheritClass": null, "wxss": [], "page": null, "path": "D:\\WORK\\2021\\MPDF\\baseline\\ui\\达达专送\\index.wxml", "child": [], "parent": 60, "matchString": [{"type": "self", "string": "\n            {{item.poiAddress}}\n          "}]}, {"id": 63, "type": "view", "string": null, "attribute": {"bindtap": "goAddrPoiList", "class": ["address-more", "text-sm"]}, "referenceVariable": [], "referenceFunction": ["goAddrPoiList"], "style": [], "inheritClass": null, "wxss": [], "page": null, "path": "D:\\WORK\\2021\\MPDF\\baseline\\ui\\达达专送\\index.wxml", "child": [64], "parent": 58, "matchString": [{"type": "relation", "string": "{{24}}"}]}, {"id": 64, "type": "view", "string": null, "attribute": {"class": ["address-more-icon", "inline-block"]}, "referenceVariable": [], "referenceFunction": [], "style": [], "inheritClass": null, "wxss": [], "page": null, "path": "D:\\WORK\\2021\\MPDF\\baseline\\ui\\达达专送\\index.wxml", "child": [65], "parent": 63, "matchString": [{"type": "relation", "string": "{{24}}"}]}, {"id": 65, "type": "icon-dada", "string": null, "attribute": {"othersize": "{{24}}", "type": "arrow-right"}, "referenceVariable": ["24"], "referenceFunction": [], "style": [], "inheritClass": null, "wxss": [], "page": null, "path": "D:\\WORK\\2021\\MPDF\\baseline\\ui\\达达专送\\index.wxml", "child": [], "parent": 64, "matchString": [{"type": "attr", "string": "{{24}}"}]}, {"id": 66, "type": "view", "string": null, "attribute": {"bindtap": "saveAddrInfo", "class": ["btn-container", "_t-confirm-btn"]}, "referenceVariable": [], "referenceFunction": ["saveAddrInfo"], "style": [], "inheritClass": null, "wxss": [], "page": null, "path": "D:\\WORK\\2021\\MPDF\\baseline\\ui\\达达专送\\index.wxml", "child": [67], "parent": 3, "matchString": [{"type": "relation", "string": "\n        确定\n      "}]}, {"id": 67, "type": "btn", "string": "\n        确定\n      ", "attribute": {"block": "", "size": "lg", "type": "secondary"}, "referenceVariable": [], "referenceFunction": [], "style": [], "inheritClass": null, "wxss": [], "page": null, "path": "D:\\WORK\\2021\\MPDF\\baseline\\ui\\达达专送\\index.wxml", "child": [], "parent": 66, "matchString": [{"type": "self", "string": "\n        确定\n      "}]}]