[{"id": 0, "type": "[document]", "string": null, "attribute": {}, "referenceVariable": [], "referenceFunction": [], "style": [], "inheritClass": null, "wxss": [], "page": null, "path": "D:\\WORK\\2021\\MPDF\\baseline\\ui\\iTiandi\\mc-bindmobile.wxml", "child": [1, 2, 10, 11], "parent": null, "matchString": [{"type": "relation", "string": "×"}, {"type": "relation", "string": "{{content}}"}, {"type": "relation", "string": "微信快捷绑定"}, {"type": "relation", "string": "getPhoneNumber"}, {"type": "relation", "string": "使用手机验证码绑定"}, {"type": "relation", "string": "提示"}, {"type": "relation", "string": "{{showData.nickName}}"}, {"type": "relation", "string": "绑定其他手机号"}, {"type": "relation", "string": "当前账号的商场{{jifen}}、优惠券都将合并"}]}, {"id": 1, "type": "view", "string": null, "attribute": {"catch:touchmove": "stopPageScroll", "class": ["mask", "{{_bottom==0?'':'dis_none'}}"]}, "referenceVariable": ["_bottom==0?'':'dis_none'"], "referenceFunction": [], "style": [], "inheritClass": null, "wxss": [], "page": null, "path": "D:\\WORK\\2021\\MPDF\\baseline\\ui\\iTiandi\\mc-bindmobile.wxml", "child": [], "parent": 0, "matchString": []}, {"id": 2, "type": "view", "string": null, "attribute": {"catchtouchmove": "stopPageScroll", "class": ["poppay_panel"], "style": "bottom: {{_bottom}}"}, "referenceVariable": ["_bottom"], "referenceFunction": [], "style": [], "inheritClass": null, "wxss": [], "page": null, "path": "D:\\WORK\\2021\\MPDF\\baseline\\ui\\iTiandi\\mc-bindmobile.wxml", "child": [3], "parent": 0, "matchString": [{"type": "relation", "string": "×"}, {"type": "relation", "string": "{{content}}"}, {"type": "relation", "string": "微信快捷绑定"}, {"type": "relation", "string": "getPhoneNumber"}, {"type": "relation", "string": "使用手机验证码绑定"}]}, {"id": 3, "type": "view", "string": null, "attribute": {"class": ["inner"]}, "referenceVariable": [], "referenceFunction": [], "style": [], "inheritClass": null, "wxss": [], "page": null, "path": "D:\\WORK\\2021\\MPDF\\baseline\\ui\\iTiandi\\mc-bindmobile.wxml", "child": [4, 6, 7], "parent": 2, "matchString": [{"type": "relation", "string": "×"}, {"type": "relation", "string": "{{content}}"}, {"type": "relation", "string": "微信快捷绑定"}, {"type": "relation", "string": "getPhoneNumber"}, {"type": "relation", "string": "使用手机验证码绑定"}]}, {"id": 4, "type": "view", "string": null, "attribute": {"class": ["tit", "font16"]}, "referenceVariable": [], "referenceFunction": [], "style": [], "inheritClass": null, "wxss": [], "page": null, "path": "D:\\WORK\\2021\\MPDF\\baseline\\ui\\iTiandi\\mc-bindmobile.wxml", "child": [5], "parent": 3, "matchString": [{"type": "relation", "string": "×"}]}, {"id": 5, "type": "text", "string": "×", "attribute": {"bindtap": "closepal", "class": ["closebtn"]}, "referenceVariable": [], "referenceFunction": ["closepal"], "style": [], "inheritClass": null, "wxss": [], "page": null, "path": "D:\\WORK\\2021\\MPDF\\baseline\\ui\\iTiandi\\mc-bindmobile.wxml", "child": [], "parent": 4, "matchString": [{"type": "self", "string": "×"}]}, {"id": 6, "type": "view", "string": "{{content}}", "attribute": {"class": ["text"]}, "referenceVariable": [], "referenceFunction": [], "style": [], "inheritClass": null, "wxss": [], "page": null, "path": "D:\\WORK\\2021\\MPDF\\baseline\\ui\\iTiandi\\mc-bindmobile.wxml", "child": [], "parent": 3, "matchString": [{"type": "self", "string": "{{content}}"}]}, {"id": 7, "type": "view", "string": null, "attribute": {"class": ["s_btn_lg"]}, "referenceVariable": [], "referenceFunction": [], "style": [], "inheritClass": null, "wxss": [], "page": null, "path": "D:\\WORK\\2021\\MPDF\\baseline\\ui\\iTiandi\\mc-bindmobile.wxml", "child": [8, 9], "parent": 3, "matchString": [{"type": "relation", "string": "微信快捷绑定"}, {"type": "relation", "string": "getPhoneNumber"}, {"type": "relation", "string": "使用手机验证码绑定"}]}, {"id": 8, "type": "button", "string": "微信快捷绑定", "attribute": {"bindgetphonenumber": "getPhoneNumber", "class": ["s_btn_lg", "btn1"], "opentype": "getPhoneNumber"}, "referenceVariable": [], "referenceFunction": ["getPhoneNumber"], "style": [], "inheritClass": null, "wxss": [], "page": null, "path": "D:\\WORK\\2021\\MPDF\\baseline\\ui\\iTiandi\\mc-bindmobile.wxml", "child": [], "parent": 7, "matchString": [{"type": "self", "string": "微信快捷绑定"}, {"type": "attr", "string": "getPhoneNumber"}]}, {"id": 9, "type": "button", "string": "使用手机验证码绑定", "attribute": {"bindtap": "mc_bm_bindMobile", "class": ["s_btn_lg", "btn2"]}, "referenceVariable": [], "referenceFunction": ["mc_bm_bindMobile"], "style": [], "inheritClass": null, "wxss": [], "page": null, "path": "D:\\WORK\\2021\\MPDF\\baseline\\ui\\iTiandi\\mc-bindmobile.wxml", "child": [], "parent": 7, "matchString": [{"type": "self", "string": "使用手机验证码绑定"}]}, {"id": 10, "type": "view", "string": null, "attribute": {"bindtap": "close", "class": ["mask", "{{!status?'none':''}}"]}, "referenceVariable": ["!status?'none':''"], "referenceFunction": ["close"], "style": [], "inheritClass": null, "wxss": [], "page": null, "path": "D:\\WORK\\2021\\MPDF\\baseline\\ui\\iTiandi\\mc-bindmobile.wxml", "child": [], "parent": 0, "matchString": []}, {"id": 11, "type": "view", "string": null, "attribute": {"class": ["content", "{{!status?'c-none':''}}"]}, "referenceVariable": ["!status?'c-none':''"], "referenceFunction": [], "style": [], "inheritClass": null, "wxss": [], "page": null, "path": "D:\\WORK\\2021\\MPDF\\baseline\\ui\\iTiandi\\mc-bindmobile.wxml", "child": [12, 14, 16, 20, 21], "parent": 0, "matchString": [{"type": "relation", "string": "提示"}, {"type": "relation", "string": "{{showData.nickName}}"}, {"type": "relation", "string": "绑定其他手机号"}, {"type": "relation", "string": "当前账号的商场{{jifen}}、优惠券都将合并"}, {"type": "relation", "string": "×"}]}, {"id": 12, "type": "view", "string": null, "attribute": {"class": ["c-title"]}, "referenceVariable": [], "referenceFunction": [], "style": [], "inheritClass": null, "wxss": [], "page": null, "path": "D:\\WORK\\2021\\MPDF\\baseline\\ui\\iTiandi\\mc-bindmobile.wxml", "child": [13], "parent": 11, "matchString": [{"type": "relation", "string": "提示"}]}, {"id": 13, "type": "view", "string": "提示", "attribute": {"class": ["font32"]}, "referenceVariable": [], "referenceFunction": [], "style": [], "inheritClass": null, "wxss": [], "page": null, "path": "D:\\WORK\\2021\\MPDF\\baseline\\ui\\iTiandi\\mc-bindmobile.wxml", "child": [], "parent": 12, "matchString": [{"type": "self", "string": "提示"}]}, {"id": 14, "type": "view", "string": null, "attribute": {"class": ["c-text"]}, "referenceVariable": [], "referenceFunction": [], "style": [], "inheritClass": null, "wxss": [], "page": null, "path": "D:\\WORK\\2021\\MPDF\\baseline\\ui\\iTiandi\\mc-bindmobile.wxml", "child": [15], "parent": 11, "matchString": [{"type": "relation", "string": "{{showData.nickName}}"}]}, {"id": 15, "type": "text", "string": "{{showData.nickName}}", "attribute": {"class": ["c-text2"]}, "referenceVariable": [], "referenceFunction": [], "style": [], "inheritClass": null, "wxss": [], "page": null, "path": "D:\\WORK\\2021\\MPDF\\baseline\\ui\\iTiandi\\mc-bindmobile.wxml", "child": [], "parent": 14, "matchString": [{"type": "self", "string": "{{showData.nickName}}"}]}, {"id": 16, "type": "view", "string": null, "attribute": {"class": ["c-btn"]}, "referenceVariable": [], "referenceFunction": [], "style": [], "inheritClass": null, "wxss": [], "page": null, "path": "D:\\WORK\\2021\\MPDF\\baseline\\ui\\iTiandi\\mc-bindmobile.wxml", "child": [17, 18], "parent": 11, "matchString": [{"type": "relation", "string": "绑定其他手机号"}, {"type": "relation", "string": "{{showData.nickName}}"}]}, {"id": 17, "type": "view", "string": "绑定其他手机号", "attribute": {"bindtap": "mc_bm_bindMobile2", "class": ["btn", "btn1"]}, "referenceVariable": [], "referenceFunction": ["mc_bm_bindMobile2"], "style": [], "inheritClass": null, "wxss": [], "page": null, "path": "D:\\WORK\\2021\\MPDF\\baseline\\ui\\iTiandi\\mc-bindmobile.wxml", "child": [], "parent": 16, "matchString": [{"type": "self", "string": "绑定其他手机号"}]}, {"id": 18, "type": "view", "string": null, "attribute": {"bindtap": "mergecount", "class": ["btn", "btn2"], "wx:if": "{{showData.showType==2}}"}, "referenceVariable": ["showData.showType==2"], "referenceFunction": ["mergecount"], "style": [], "inheritClass": null, "wxss": [], "page": null, "path": "D:\\WORK\\2021\\MPDF\\baseline\\ui\\iTiandi\\mc-bindmobile.wxml", "child": [19], "parent": 16, "matchString": [{"type": "relation", "string": "{{showData.nickName}}"}]}, {"id": 19, "type": "text", "string": "{{showData.nickName}}", "attribute": {"class": ["c-text2"]}, "referenceVariable": [], "referenceFunction": [], "style": [], "inheritClass": null, "wxss": [], "page": null, "path": "D:\\WORK\\2021\\MPDF\\baseline\\ui\\iTiandi\\mc-bindmobile.wxml", "child": [], "parent": 18, "matchString": [{"type": "self", "string": "{{showData.nickName}}"}]}, {"id": 20, "type": "view", "string": "当前账号的商场{{jifen}}、优惠券都将合并", "attribute": {"class": ["c-text3"], "wx:if": "{{showData.showType==2}}"}, "referenceVariable": ["showData.showType==2"], "referenceFunction": [], "style": [], "inheritClass": null, "wxss": [], "page": null, "path": "D:\\WORK\\2021\\MPDF\\baseline\\ui\\iTiandi\\mc-bindmobile.wxml", "child": [], "parent": 11, "matchString": [{"type": "self", "string": "当前账号的商场{{jifen}}、优惠券都将合并"}, {"type": "relation", "string": "当前账号的商场{{jifen}}、优惠券都将合并"}]}, {"id": 21, "type": "view", "string": "×", "attribute": {"bindtap": "close", "class": ["close"]}, "referenceVariable": [], "referenceFunction": ["close"], "style": [], "inheritClass": null, "wxss": [], "page": null, "path": "D:\\WORK\\2021\\MPDF\\baseline\\ui\\iTiandi\\mc-bindmobile.wxml", "child": [], "parent": 11, "matchString": [{"type": "self", "string": "×"}, {"type": "relation", "string": "×"}]}]