[{"id": 0, "type": "[document]", "string": null, "attribute": {}, "referenceVariable": [], "referenceFunction": [], "style": [], "inheritClass": null, "wxss": [], "page": null, "path": "D:\\WORK\\2021\\MPDF\\baseline\\ui\\百城招聘丨求职找工作找人才\\basic.wxml", "child": [1, 2, 21, 38], "parent": null, "matchString": [{"type": "relation", "string": "保存"}, {"type": "relation", "string": "头像"}, {"type": "relation", "string": "name"}, {"type": "relation", "string": "{{jwName}}"}, {"type": "relation", "string": "姓名"}, {"type": "relation", "string": ""}, {"type": "relation", "string": "color-lightgray"}, {"type": "relation", "string": "*"}, {"type": "relation", "string": "sex"}, {"type": "relation", "string": "{{sexArray}}"}, {"type": "relation", "string": "请选择性别"}, {"type": "relation", "string": "workExpr"}, {"type": "relation", "string": "{{workExprArray}}"}, {"type": "relation", "string": "请选择工作经验"}, {"type": "relation", "string": "birthday"}, {"type": "relation", "string": "{{endTime}}"}, {"type": "relation", "string": "{{startTime}}"}, {"type": "relation", "string": "请选择出生日期"}, {"type": "relation", "string": "{{mobile}}"}, {"type": "relation", "string": "mobile"}, {"type": "relation", "string": "请填写手机号码"}, {"type": "relation", "string": "联系电话"}, {"type": "relation", "string": "phone"}, {"type": "relation", "string": "{{phone}}"}, {"type": "relation", "string": "请填写联系电话"}, {"type": "relation", "string": "email"}, {"type": "relation", "string": "{{email}}"}, {"type": "relation", "string": "请填写联系邮箱"}, {"type": "relation", "string": "address"}, {"type": "relation", "string": "{{address}}"}, {"type": "relation", "string": "请填写联系地址"}]}, {"id": 1, "type": "button", "string": "保存", "attribute": {"bindtap": "tapSave", "class": ["button-confirm"]}, "referenceVariable": [], "referenceFunction": ["tapSave"], "style": [], "inheritClass": null, "wxss": [], "page": null, "path": "D:\\WORK\\2021\\MPDF\\baseline\\ui\\百城招聘丨求职找工作找人才\\basic.wxml", "child": [], "parent": 0, "matchString": [{"type": "self", "string": "保存"}]}, {"id": 2, "type": "view", "string": null, "attribute": {"class": ["section"]}, "referenceVariable": [], "referenceFunction": [], "style": [], "inheritClass": null, "wxss": [], "page": null, "path": "D:\\WORK\\2021\\MPDF\\baseline\\ui\\百城招聘丨求职找工作找人才\\basic.wxml", "child": [3, 8, 13], "parent": 0, "matchString": [{"type": "relation", "string": "头像"}, {"type": "relation", "string": "name"}, {"type": "relation", "string": "{{jwName}}"}, {"type": "relation", "string": "姓名"}, {"type": "relation", "string": ""}, {"type": "relation", "string": "color-lightgray"}, {"type": "relation", "string": "*"}, {"type": "relation", "string": "sex"}, {"type": "relation", "string": "{{sexArray}}"}, {"type": "relation", "string": "请选择性别"}]}, {"id": 3, "type": "view", "string": null, "attribute": {"bindtap": "changeAvatar", "class": ["row"]}, "referenceVariable": [], "referenceFunction": ["changeAvatar"], "style": [], "inheritClass": null, "wxss": [], "page": null, "path": "D:\\WORK\\2021\\MPDF\\baseline\\ui\\百城招聘丨求职找工作找人才\\basic.wxml", "child": [4, 5], "parent": 2, "matchString": [{"type": "relation", "string": "头像"}]}, {"id": 4, "type": "view", "string": "头像", "attribute": {"class": ["name"]}, "referenceVariable": [], "referenceFunction": [], "style": [], "inheritClass": null, "wxss": [], "page": null, "path": "D:\\WORK\\2021\\MPDF\\baseline\\ui\\百城招聘丨求职找工作找人才\\basic.wxml", "child": [], "parent": 3, "matchString": [{"type": "self", "string": "头像"}]}, {"id": 5, "type": "view", "string": null, "attribute": {"class": ["content"]}, "referenceVariable": [], "referenceFunction": [], "style": [], "inheritClass": null, "wxss": [], "page": null, "path": "D:\\WORK\\2021\\MPDF\\baseline\\ui\\百城招聘丨求职找工作找人才\\basic.wxml", "child": [6, 7], "parent": 3, "matchString": []}, {"id": 6, "type": "image", "string": null, "attribute": {"binderror": "imgError", "class": ["text", "avatar"], "src": "{{jwAvatar}}"}, "referenceVariable": ["jwAvatar"], "referenceFunction": ["imgError"], "style": [], "inheritClass": null, "wxss": [], "page": null, "path": "D:\\WORK\\2021\\MPDF\\baseline\\ui\\百城招聘丨求职找工作找人才\\basic.wxml", "child": [], "parent": 5, "matchString": []}, {"id": 7, "type": "image", "string": null, "attribute": {"class": ["arrow"], "src": "/Images/arrow.png"}, "referenceVariable": [], "referenceFunction": [], "style": [], "inheritClass": null, "wxss": [], "page": null, "path": "D:\\WORK\\2021\\MPDF\\baseline\\ui\\百城招聘丨求职找工作找人才\\basic.wxml", "child": [], "parent": 5, "matchString": []}, {"id": 8, "type": "view", "string": null, "attribute": {"bindtap": "inputEvent", "class": ["row"], "data-type": "name", "data-value": "{{jwName}}"}, "referenceVariable": ["jwName"], "referenceFunction": ["inputEvent"], "style": [], "inheritClass": null, "wxss": [], "page": null, "path": "D:\\WORK\\2021\\MPDF\\baseline\\ui\\百城招聘丨求职找工作找人才\\basic.wxml", "child": [9, 10], "parent": 2, "matchString": [{"type": "attr", "string": "name"}, {"type": "attr", "string": "{{jwName}}"}, {"type": "relation", "string": "姓名"}, {"type": "relation", "string": ""}, {"type": "relation", "string": "color-lightgray"}]}, {"id": 9, "type": "view", "string": "姓名", "attribute": {"class": ["name"]}, "referenceVariable": [], "referenceFunction": [], "style": [], "inheritClass": null, "wxss": [], "page": null, "path": "D:\\WORK\\2021\\MPDF\\baseline\\ui\\百城招聘丨求职找工作找人才\\basic.wxml", "child": [], "parent": 8, "matchString": [{"type": "self", "string": "姓名"}]}, {"id": 10, "type": "view", "string": null, "attribute": {"class": ["content"]}, "referenceVariable": [], "referenceFunction": [], "style": [], "inheritClass": null, "wxss": [], "page": null, "path": "D:\\WORK\\2021\\MPDF\\baseline\\ui\\百城招聘丨求职找工作找人才\\basic.wxml", "child": [11, 12], "parent": 8, "matchString": [{"type": "relation", "string": ""}, {"type": "relation", "string": "color-lightgray"}]}, {"id": 11, "type": "input", "string": null, "attribute": {"class": ["text-hidden", "text"], "disabled": "true", "placeholder": "", "placeholderclass": "color-lightgray", "value": "{{jwName}}"}, "referenceVariable": ["jwName"], "referenceFunction": [], "style": [], "inheritClass": null, "wxss": [], "page": null, "path": "D:\\WORK\\2021\\MPDF\\baseline\\ui\\百城招聘丨求职找工作找人才\\basic.wxml", "child": [], "parent": 10, "matchString": [{"type": "attr", "string": ""}, {"type": "attr", "string": "color-lightgray"}]}, {"id": 12, "type": "image", "string": null, "attribute": {"class": ["arrow"], "src": "{{needUpdateName?'/Images/arrow.png':''}}"}, "referenceVariable": ["needUpdateName?'/Images/arrow.png':''"], "referenceFunction": [], "style": [], "inheritClass": null, "wxss": [], "page": null, "path": "D:\\WORK\\2021\\MPDF\\baseline\\ui\\百城招聘丨求职找工作找人才\\basic.wxml", "child": [], "parent": 10, "matchString": []}, {"id": 13, "type": "view", "string": null, "attribute": {"class": ["row"]}, "referenceVariable": [], "referenceFunction": [], "style": [], "inheritClass": null, "wxss": [], "page": null, "path": "D:\\WORK\\2021\\MPDF\\baseline\\ui\\百城招聘丨求职找工作找人才\\basic.wxml", "child": [14, 16], "parent": 2, "matchString": [{"type": "relation", "string": "*"}, {"type": "relation", "string": "sex"}, {"type": "relation", "string": "{{sexArray}}"}, {"type": "relation", "string": "name"}, {"type": "relation", "string": "请选择性别"}, {"type": "relation", "string": "color-lightgray"}]}, {"id": 14, "type": "view", "string": null, "attribute": {"class": ["name"]}, "referenceVariable": [], "referenceFunction": [], "style": [], "inheritClass": null, "wxss": [], "page": null, "path": "D:\\WORK\\2021\\MPDF\\baseline\\ui\\百城招聘丨求职找工作找人才\\basic.wxml", "child": [15], "parent": 13, "matchString": [{"type": "relation", "string": "*"}]}, {"id": 15, "type": "text", "string": "*", "attribute": {"class": ["color-red"]}, "referenceVariable": [], "referenceFunction": [], "style": [], "inheritClass": null, "wxss": [], "page": null, "path": "D:\\WORK\\2021\\MPDF\\baseline\\ui\\百城招聘丨求职找工作找人才\\basic.wxml", "child": [], "parent": 14, "matchString": [{"type": "self", "string": "*"}]}, {"id": 16, "type": "view", "string": null, "attribute": {"class": ["content"]}, "referenceVariable": [], "referenceFunction": [], "style": [], "inheritClass": null, "wxss": [], "page": null, "path": "D:\\WORK\\2021\\MPDF\\baseline\\ui\\百城招聘丨求职找工作找人才\\basic.wxml", "child": [17], "parent": 13, "matchString": [{"type": "relation", "string": "sex"}, {"type": "relation", "string": "{{sexArray}}"}, {"type": "relation", "string": "name"}, {"type": "relation", "string": "请选择性别"}, {"type": "relation", "string": "color-lightgray"}]}, {"id": 17, "type": "picker", "string": null, "attribute": {"bindchange": "inputEvent", "data-type": "sex", "range": "{{sexArray}}", "rangekey": "name", "value": "{{sexIndex}}"}, "referenceVariable": ["sexArray", "sexIndex"], "referenceFunction": ["inputEvent"], "style": [], "inheritClass": null, "wxss": [], "page": null, "path": "D:\\WORK\\2021\\MPDF\\baseline\\ui\\百城招聘丨求职找工作找人才\\basic.wxml", "child": [18], "parent": 16, "matchString": [{"type": "attr", "string": "sex"}, {"type": "attr", "string": "{{sexArray}}"}, {"type": "attr", "string": "name"}, {"type": "relation", "string": "请选择性别"}, {"type": "relation", "string": "color-lightgray"}]}, {"id": 18, "type": "view", "string": null, "attribute": {"class": ["picker"]}, "referenceVariable": [], "referenceFunction": [], "style": [], "inheritClass": null, "wxss": [], "page": null, "path": "D:\\WORK\\2021\\MPDF\\baseline\\ui\\百城招聘丨求职找工作找人才\\basic.wxml", "child": [19, 20], "parent": 17, "matchString": [{"type": "relation", "string": "请选择性别"}, {"type": "relation", "string": "color-lightgray"}]}, {"id": 19, "type": "input", "string": null, "attribute": {"class": ["text-hidden", "text"], "disabled": "true", "placeholder": "请选择性别", "placeholderclass": "color-lightgray", "value": "{{sexArray[sexIndex].name}}"}, "referenceVariable": ["sexArray[sexIndex].name"], "referenceFunction": [], "style": [], "inheritClass": null, "wxss": [], "page": null, "path": "D:\\WORK\\2021\\MPDF\\baseline\\ui\\百城招聘丨求职找工作找人才\\basic.wxml", "child": [], "parent": 18, "matchString": [{"type": "attr", "string": "请选择性别"}, {"type": "attr", "string": "color-lightgray"}]}, {"id": 20, "type": "image", "string": null, "attribute": {"class": ["arrow"], "src": "/Images/arrow.png"}, "referenceVariable": [], "referenceFunction": [], "style": [], "inheritClass": null, "wxss": [], "page": null, "path": "D:\\WORK\\2021\\MPDF\\baseline\\ui\\百城招聘丨求职找工作找人才\\basic.wxml", "child": [], "parent": 18, "matchString": []}, {"id": 21, "type": "view", "string": null, "attribute": {"class": ["section"]}, "referenceVariable": [], "referenceFunction": [], "style": [], "inheritClass": null, "wxss": [], "page": null, "path": "D:\\WORK\\2021\\MPDF\\baseline\\ui\\百城招聘丨求职找工作找人才\\basic.wxml", "child": [22, 30], "parent": 0, "matchString": [{"type": "relation", "string": "*"}, {"type": "relation", "string": "workExpr"}, {"type": "relation", "string": "{{workExprArray}}"}, {"type": "relation", "string": "name"}, {"type": "relation", "string": "请选择工作经验"}, {"type": "relation", "string": "color-lightgray"}, {"type": "relation", "string": "birthday"}, {"type": "relation", "string": "{{endTime}}"}, {"type": "relation", "string": "{{startTime}}"}, {"type": "relation", "string": "请选择出生日期"}]}, {"id": 22, "type": "view", "string": null, "attribute": {"class": ["row"]}, "referenceVariable": [], "referenceFunction": [], "style": [], "inheritClass": null, "wxss": [], "page": null, "path": "D:\\WORK\\2021\\MPDF\\baseline\\ui\\百城招聘丨求职找工作找人才\\basic.wxml", "child": [23, 25], "parent": 21, "matchString": [{"type": "relation", "string": "*"}, {"type": "relation", "string": "workExpr"}, {"type": "relation", "string": "{{workExprArray}}"}, {"type": "relation", "string": "name"}, {"type": "relation", "string": "请选择工作经验"}, {"type": "relation", "string": "color-lightgray"}]}, {"id": 23, "type": "view", "string": null, "attribute": {"class": ["name"]}, "referenceVariable": [], "referenceFunction": [], "style": [], "inheritClass": null, "wxss": [], "page": null, "path": "D:\\WORK\\2021\\MPDF\\baseline\\ui\\百城招聘丨求职找工作找人才\\basic.wxml", "child": [24], "parent": 22, "matchString": [{"type": "relation", "string": "*"}]}, {"id": 24, "type": "text", "string": "*", "attribute": {"class": ["color-red"]}, "referenceVariable": [], "referenceFunction": [], "style": [], "inheritClass": null, "wxss": [], "page": null, "path": "D:\\WORK\\2021\\MPDF\\baseline\\ui\\百城招聘丨求职找工作找人才\\basic.wxml", "child": [], "parent": 23, "matchString": [{"type": "self", "string": "*"}]}, {"id": 25, "type": "view", "string": null, "attribute": {"class": ["content"]}, "referenceVariable": [], "referenceFunction": [], "style": [], "inheritClass": null, "wxss": [], "page": null, "path": "D:\\WORK\\2021\\MPDF\\baseline\\ui\\百城招聘丨求职找工作找人才\\basic.wxml", "child": [26], "parent": 22, "matchString": [{"type": "relation", "string": "workExpr"}, {"type": "relation", "string": "{{workExprArray}}"}, {"type": "relation", "string": "name"}, {"type": "relation", "string": "请选择工作经验"}, {"type": "relation", "string": "color-lightgray"}]}, {"id": 26, "type": "picker", "string": null, "attribute": {"bindchange": "inputEvent", "data-type": "workExpr", "range": "{{workExprArray}}", "rangekey": "name", "value": "{{workExprIndex}}"}, "referenceVariable": ["workExprArray", "workExprIndex"], "referenceFunction": ["inputEvent"], "style": [], "inheritClass": null, "wxss": [], "page": null, "path": "D:\\WORK\\2021\\MPDF\\baseline\\ui\\百城招聘丨求职找工作找人才\\basic.wxml", "child": [27], "parent": 25, "matchString": [{"type": "attr", "string": "workExpr"}, {"type": "attr", "string": "{{workExprArray}}"}, {"type": "attr", "string": "name"}, {"type": "relation", "string": "请选择工作经验"}, {"type": "relation", "string": "color-lightgray"}]}, {"id": 27, "type": "view", "string": null, "attribute": {"class": ["picker"]}, "referenceVariable": [], "referenceFunction": [], "style": [], "inheritClass": null, "wxss": [], "page": null, "path": "D:\\WORK\\2021\\MPDF\\baseline\\ui\\百城招聘丨求职找工作找人才\\basic.wxml", "child": [28, 29], "parent": 26, "matchString": [{"type": "relation", "string": "请选择工作经验"}, {"type": "relation", "string": "color-lightgray"}]}, {"id": 28, "type": "input", "string": null, "attribute": {"class": ["text-hidden", "text"], "disabled": "true", "placeholder": "请选择工作经验", "placeholderclass": "color-lightgray", "value": "{{workExprArray[workExprIndex].name}}"}, "referenceVariable": ["workExprArray[workExprIndex].name"], "referenceFunction": [], "style": [], "inheritClass": null, "wxss": [], "page": null, "path": "D:\\WORK\\2021\\MPDF\\baseline\\ui\\百城招聘丨求职找工作找人才\\basic.wxml", "child": [], "parent": 27, "matchString": [{"type": "attr", "string": "请选择工作经验"}, {"type": "attr", "string": "color-lightgray"}]}, {"id": 29, "type": "image", "string": null, "attribute": {"class": ["arrow"], "src": "/Images/arrow.png"}, "referenceVariable": [], "referenceFunction": [], "style": [], "inheritClass": null, "wxss": [], "page": null, "path": "D:\\WORK\\2021\\MPDF\\baseline\\ui\\百城招聘丨求职找工作找人才\\basic.wxml", "child": [], "parent": 27, "matchString": []}, {"id": 30, "type": "view", "string": null, "attribute": {"class": ["row"]}, "referenceVariable": [], "referenceFunction": [], "style": [], "inheritClass": null, "wxss": [], "page": null, "path": "D:\\WORK\\2021\\MPDF\\baseline\\ui\\百城招聘丨求职找工作找人才\\basic.wxml", "child": [31, 33], "parent": 21, "matchString": [{"type": "relation", "string": "*"}, {"type": "relation", "string": "birthday"}, {"type": "relation", "string": "{{endTime}}"}, {"type": "relation", "string": "{{startTime}}"}, {"type": "relation", "string": "请选择出生日期"}, {"type": "relation", "string": "color-lightgray"}]}, {"id": 31, "type": "view", "string": null, "attribute": {"class": ["name"]}, "referenceVariable": [], "referenceFunction": [], "style": [], "inheritClass": null, "wxss": [], "page": null, "path": "D:\\WORK\\2021\\MPDF\\baseline\\ui\\百城招聘丨求职找工作找人才\\basic.wxml", "child": [32], "parent": 30, "matchString": [{"type": "relation", "string": "*"}]}, {"id": 32, "type": "text", "string": "*", "attribute": {"class": ["color-red"]}, "referenceVariable": [], "referenceFunction": [], "style": [], "inheritClass": null, "wxss": [], "page": null, "path": "D:\\WORK\\2021\\MPDF\\baseline\\ui\\百城招聘丨求职找工作找人才\\basic.wxml", "child": [], "parent": 31, "matchString": [{"type": "self", "string": "*"}]}, {"id": 33, "type": "view", "string": null, "attribute": {"class": ["content"]}, "referenceVariable": [], "referenceFunction": [], "style": [], "inheritClass": null, "wxss": [], "page": null, "path": "D:\\WORK\\2021\\MPDF\\baseline\\ui\\百城招聘丨求职找工作找人才\\basic.wxml", "child": [34], "parent": 30, "matchString": [{"type": "relation", "string": "birthday"}, {"type": "relation", "string": "{{endTime}}"}, {"type": "relation", "string": "{{startTime}}"}, {"type": "relation", "string": "请选择出生日期"}, {"type": "relation", "string": "color-lightgray"}]}, {"id": 34, "type": "picker", "string": null, "attribute": {"bindchange": "inputEvent", "data-type": "birthday", "end": "{{endTime}}", "mode": "date", "start": "{{startTime}}", "value": "{{birthday}}"}, "referenceVariable": ["endTime", "startTime", "birthday"], "referenceFunction": ["inputEvent"], "style": [], "inheritClass": null, "wxss": [], "page": null, "path": "D:\\WORK\\2021\\MPDF\\baseline\\ui\\百城招聘丨求职找工作找人才\\basic.wxml", "child": [35], "parent": 33, "matchString": [{"type": "attr", "string": "birthday"}, {"type": "attr", "string": "{{endTime}}"}, {"type": "attr", "string": "{{startTime}}"}, {"type": "relation", "string": "请选择出生日期"}, {"type": "relation", "string": "color-lightgray"}]}, {"id": 35, "type": "view", "string": null, "attribute": {"class": ["picker"]}, "referenceVariable": [], "referenceFunction": [], "style": [], "inheritClass": null, "wxss": [], "page": null, "path": "D:\\WORK\\2021\\MPDF\\baseline\\ui\\百城招聘丨求职找工作找人才\\basic.wxml", "child": [36, 37], "parent": 34, "matchString": [{"type": "relation", "string": "请选择出生日期"}, {"type": "relation", "string": "color-lightgray"}]}, {"id": 36, "type": "input", "string": null, "attribute": {"class": ["text-hidden", "text"], "disabled": "true", "placeholder": "请选择出生日期", "placeholderclass": "color-lightgray", "value": "{{birthday}}"}, "referenceVariable": ["birthday"], "referenceFunction": [], "style": [], "inheritClass": null, "wxss": [], "page": null, "path": "D:\\WORK\\2021\\MPDF\\baseline\\ui\\百城招聘丨求职找工作找人才\\basic.wxml", "child": [], "parent": 35, "matchString": [{"type": "attr", "string": "请选择出生日期"}, {"type": "attr", "string": "color-lightgray"}]}, {"id": 37, "type": "image", "string": null, "attribute": {"class": ["arrow"], "src": "/Images/arrow.png"}, "referenceVariable": [], "referenceFunction": [], "style": [], "inheritClass": null, "wxss": [], "page": null, "path": "D:\\WORK\\2021\\MPDF\\baseline\\ui\\百城招聘丨求职找工作找人才\\basic.wxml", "child": [], "parent": 35, "matchString": []}, {"id": 38, "type": "view", "string": null, "attribute": {"class": ["section"]}, "referenceVariable": [], "referenceFunction": [], "style": [], "inheritClass": null, "wxss": [], "page": null, "path": "D:\\WORK\\2021\\MPDF\\baseline\\ui\\百城招聘丨求职找工作找人才\\basic.wxml", "child": [39, 45, 50, 56], "parent": 0, "matchString": [{"type": "relation", "string": "{{mobile}}"}, {"type": "relation", "string": "*"}, {"type": "relation", "string": "mobile"}, {"type": "relation", "string": "请填写手机号码"}, {"type": "relation", "string": "color-lightgray"}, {"type": "relation", "string": "联系电话"}, {"type": "relation", "string": "phone"}, {"type": "relation", "string": "{{phone}}"}, {"type": "relation", "string": "请填写联系电话"}, {"type": "relation", "string": "email"}, {"type": "relation", "string": "{{email}}"}, {"type": "relation", "string": "请填写联系邮箱"}, {"type": "relation", "string": "address"}, {"type": "relation", "string": "{{address}}"}, {"type": "relation", "string": "请填写联系地址"}]}, {"id": 39, "type": "view", "string": null, "attribute": {"class": ["row"], "data-value": "{{mobile}}"}, "referenceVariable": ["mobile"], "referenceFunction": [], "style": [], "inheritClass": null, "wxss": [], "page": null, "path": "D:\\WORK\\2021\\MPDF\\baseline\\ui\\百城招聘丨求职找工作找人才\\basic.wxml", "child": [40, 42], "parent": 38, "matchString": [{"type": "attr", "string": "{{mobile}}"}, {"type": "relation", "string": "*"}, {"type": "relation", "string": "mobile"}, {"type": "relation", "string": "请填写手机号码"}, {"type": "relation", "string": "color-lightgray"}]}, {"id": 40, "type": "view", "string": null, "attribute": {"class": ["name"]}, "referenceVariable": [], "referenceFunction": [], "style": [], "inheritClass": null, "wxss": [], "page": null, "path": "D:\\WORK\\2021\\MPDF\\baseline\\ui\\百城招聘丨求职找工作找人才\\basic.wxml", "child": [41], "parent": 39, "matchString": [{"type": "relation", "string": "*"}]}, {"id": 41, "type": "text", "string": "*", "attribute": {"class": ["color-red"]}, "referenceVariable": [], "referenceFunction": [], "style": [], "inheritClass": null, "wxss": [], "page": null, "path": "D:\\WORK\\2021\\MPDF\\baseline\\ui\\百城招聘丨求职找工作找人才\\basic.wxml", "child": [], "parent": 40, "matchString": [{"type": "self", "string": "*"}]}, {"id": 42, "type": "view", "string": null, "attribute": {"class": ["content"]}, "referenceVariable": [], "referenceFunction": [], "style": [], "inheritClass": null, "wxss": [], "page": null, "path": "D:\\WORK\\2021\\MPDF\\baseline\\ui\\百城招聘丨求职找工作找人才\\basic.wxml", "child": [43, 44], "parent": 39, "matchString": [{"type": "relation", "string": "mobile"}, {"type": "relation", "string": "请填写手机号码"}, {"type": "relation", "string": "color-lightgray"}]}, {"id": 43, "type": "input", "string": null, "attribute": {"bindinput": "inputEvent", "class": ["text-hidden", "text"], "data-type": "mobile", "placeholder": "请填写手机号码", "placeholderclass": "color-lightgray", "type": "number", "value": "{{mobile}}"}, "referenceVariable": ["mobile"], "referenceFunction": ["inputEvent"], "style": [], "inheritClass": null, "wxss": [], "page": null, "path": "D:\\WORK\\2021\\MPDF\\baseline\\ui\\百城招聘丨求职找工作找人才\\basic.wxml", "child": [], "parent": 42, "matchString": [{"type": "attr", "string": "mobile"}, {"type": "attr", "string": "请填写手机号码"}, {"type": "attr", "string": "color-lightgray"}]}, {"id": 44, "type": "image", "string": null, "attribute": {"class": ["arrow"], "src": "/Images/arrow.png"}, "referenceVariable": [], "referenceFunction": [], "style": [], "inheritClass": null, "wxss": [], "page": null, "path": "D:\\WORK\\2021\\MPDF\\baseline\\ui\\百城招聘丨求职找工作找人才\\basic.wxml", "child": [], "parent": 42, "matchString": []}, {"id": 45, "type": "view", "string": null, "attribute": {"class": ["row"]}, "referenceVariable": [], "referenceFunction": [], "style": [], "inheritClass": null, "wxss": [], "page": null, "path": "D:\\WORK\\2021\\MPDF\\baseline\\ui\\百城招聘丨求职找工作找人才\\basic.wxml", "child": [46, 47], "parent": 38, "matchString": [{"type": "relation", "string": "联系电话"}, {"type": "relation", "string": "phone"}, {"type": "relation", "string": "{{phone}}"}, {"type": "relation", "string": "请填写联系电话"}, {"type": "relation", "string": "color-lightgray"}]}, {"id": 46, "type": "view", "string": "联系电话", "attribute": {"class": ["name"]}, "referenceVariable": [], "referenceFunction": [], "style": [], "inheritClass": null, "wxss": [], "page": null, "path": "D:\\WORK\\2021\\MPDF\\baseline\\ui\\百城招聘丨求职找工作找人才\\basic.wxml", "child": [], "parent": 45, "matchString": [{"type": "self", "string": "联系电话"}]}, {"id": 47, "type": "view", "string": null, "attribute": {"class": ["content"]}, "referenceVariable": [], "referenceFunction": [], "style": [], "inheritClass": null, "wxss": [], "page": null, "path": "D:\\WORK\\2021\\MPDF\\baseline\\ui\\百城招聘丨求职找工作找人才\\basic.wxml", "child": [48, 49], "parent": 45, "matchString": [{"type": "relation", "string": "phone"}, {"type": "relation", "string": "{{phone}}"}, {"type": "relation", "string": "请填写联系电话"}, {"type": "relation", "string": "color-lightgray"}]}, {"id": 48, "type": "input", "string": null, "attribute": {"bindinput": "inputEvent", "class": ["text-hidden", "text"], "data-type": "phone", "data-value": "{{phone}}", "placeholder": "请填写联系电话", "placeholderclass": "color-lightgray", "type": "number", "value": "{{phone}}"}, "referenceVariable": ["phone", "phone"], "referenceFunction": ["inputEvent"], "style": [], "inheritClass": null, "wxss": [], "page": null, "path": "D:\\WORK\\2021\\MPDF\\baseline\\ui\\百城招聘丨求职找工作找人才\\basic.wxml", "child": [], "parent": 47, "matchString": [{"type": "attr", "string": "phone"}, {"type": "attr", "string": "{{phone}}"}, {"type": "attr", "string": "请填写联系电话"}, {"type": "attr", "string": "color-lightgray"}]}, {"id": 49, "type": "image", "string": null, "attribute": {"class": ["arrow"], "src": "/Images/arrow.png"}, "referenceVariable": [], "referenceFunction": [], "style": [], "inheritClass": null, "wxss": [], "page": null, "path": "D:\\WORK\\2021\\MPDF\\baseline\\ui\\百城招聘丨求职找工作找人才\\basic.wxml", "child": [], "parent": 47, "matchString": []}, {"id": 50, "type": "view", "string": null, "attribute": {"class": ["row"]}, "referenceVariable": [], "referenceFunction": [], "style": [], "inheritClass": null, "wxss": [], "page": null, "path": "D:\\WORK\\2021\\MPDF\\baseline\\ui\\百城招聘丨求职找工作找人才\\basic.wxml", "child": [51, 53], "parent": 38, "matchString": [{"type": "relation", "string": "*"}, {"type": "relation", "string": "email"}, {"type": "relation", "string": "{{email}}"}, {"type": "relation", "string": "请填写联系邮箱"}, {"type": "relation", "string": "color-lightgray"}]}, {"id": 51, "type": "view", "string": null, "attribute": {"class": ["name"]}, "referenceVariable": [], "referenceFunction": [], "style": [], "inheritClass": null, "wxss": [], "page": null, "path": "D:\\WORK\\2021\\MPDF\\baseline\\ui\\百城招聘丨求职找工作找人才\\basic.wxml", "child": [52], "parent": 50, "matchString": [{"type": "relation", "string": "*"}]}, {"id": 52, "type": "text", "string": "*", "attribute": {"class": ["color-red"]}, "referenceVariable": [], "referenceFunction": [], "style": [], "inheritClass": null, "wxss": [], "page": null, "path": "D:\\WORK\\2021\\MPDF\\baseline\\ui\\百城招聘丨求职找工作找人才\\basic.wxml", "child": [], "parent": 51, "matchString": [{"type": "self", "string": "*"}]}, {"id": 53, "type": "view", "string": null, "attribute": {"class": ["content"]}, "referenceVariable": [], "referenceFunction": [], "style": [], "inheritClass": null, "wxss": [], "page": null, "path": "D:\\WORK\\2021\\MPDF\\baseline\\ui\\百城招聘丨求职找工作找人才\\basic.wxml", "child": [54, 55], "parent": 50, "matchString": [{"type": "relation", "string": "email"}, {"type": "relation", "string": "{{email}}"}, {"type": "relation", "string": "请填写联系邮箱"}, {"type": "relation", "string": "color-lightgray"}]}, {"id": 54, "type": "input", "string": null, "attribute": {"bindinput": "inputEvent", "class": ["text-hidden", "text"], "data-type": "email", "data-value": "{{email}}", "placeholder": "请填写联系邮箱", "placeholderclass": "color-lightgray", "value": "{{email}}"}, "referenceVariable": ["email", "email"], "referenceFunction": ["inputEvent"], "style": [], "inheritClass": null, "wxss": [], "page": null, "path": "D:\\WORK\\2021\\MPDF\\baseline\\ui\\百城招聘丨求职找工作找人才\\basic.wxml", "child": [], "parent": 53, "matchString": [{"type": "attr", "string": "email"}, {"type": "attr", "string": "{{email}}"}, {"type": "attr", "string": "请填写联系邮箱"}, {"type": "attr", "string": "color-lightgray"}]}, {"id": 55, "type": "image", "string": null, "attribute": {"class": ["arrow"], "src": "/Images/arrow.png"}, "referenceVariable": [], "referenceFunction": [], "style": [], "inheritClass": null, "wxss": [], "page": null, "path": "D:\\WORK\\2021\\MPDF\\baseline\\ui\\百城招聘丨求职找工作找人才\\basic.wxml", "child": [], "parent": 53, "matchString": []}, {"id": 56, "type": "view", "string": null, "attribute": {"class": ["row"]}, "referenceVariable": [], "referenceFunction": [], "style": [], "inheritClass": null, "wxss": [], "page": null, "path": "D:\\WORK\\2021\\MPDF\\baseline\\ui\\百城招聘丨求职找工作找人才\\basic.wxml", "child": [57, 59], "parent": 38, "matchString": [{"type": "relation", "string": "*"}, {"type": "relation", "string": "address"}, {"type": "relation", "string": "{{address}}"}, {"type": "relation", "string": "请填写联系地址"}, {"type": "relation", "string": "color-lightgray"}]}, {"id": 57, "type": "view", "string": null, "attribute": {"class": ["name"]}, "referenceVariable": [], "referenceFunction": [], "style": [], "inheritClass": null, "wxss": [], "page": null, "path": "D:\\WORK\\2021\\MPDF\\baseline\\ui\\百城招聘丨求职找工作找人才\\basic.wxml", "child": [58], "parent": 56, "matchString": [{"type": "relation", "string": "*"}]}, {"id": 58, "type": "text", "string": "*", "attribute": {"class": ["color-red"]}, "referenceVariable": [], "referenceFunction": [], "style": [], "inheritClass": null, "wxss": [], "page": null, "path": "D:\\WORK\\2021\\MPDF\\baseline\\ui\\百城招聘丨求职找工作找人才\\basic.wxml", "child": [], "parent": 57, "matchString": [{"type": "self", "string": "*"}]}, {"id": 59, "type": "view", "string": null, "attribute": {"class": ["content"]}, "referenceVariable": [], "referenceFunction": [], "style": [], "inheritClass": null, "wxss": [], "page": null, "path": "D:\\WORK\\2021\\MPDF\\baseline\\ui\\百城招聘丨求职找工作找人才\\basic.wxml", "child": [60, 61], "parent": 56, "matchString": [{"type": "relation", "string": "address"}, {"type": "relation", "string": "{{address}}"}, {"type": "relation", "string": "请填写联系地址"}, {"type": "relation", "string": "color-lightgray"}]}, {"id": 60, "type": "input", "string": null, "attribute": {"bindinput": "inputEvent", "class": ["text-hidden", "text"], "data-type": "address", "data-value": "{{address}}", "placeholder": "请填写联系地址", "placeholderclass": "color-lightgray", "value": "{{address}}"}, "referenceVariable": ["address", "address"], "referenceFunction": ["inputEvent"], "style": [], "inheritClass": null, "wxss": [], "page": null, "path": "D:\\WORK\\2021\\MPDF\\baseline\\ui\\百城招聘丨求职找工作找人才\\basic.wxml", "child": [], "parent": 59, "matchString": [{"type": "attr", "string": "address"}, {"type": "attr", "string": "{{address}}"}, {"type": "attr", "string": "请填写联系地址"}, {"type": "attr", "string": "color-lightgray"}]}, {"id": 61, "type": "image", "string": null, "attribute": {"class": ["arrow"], "src": "/Images/arrow.png"}, "referenceVariable": [], "referenceFunction": [], "style": [], "inheritClass": null, "wxss": [], "page": null, "path": "D:\\WORK\\2021\\MPDF\\baseline\\ui\\百城招聘丨求职找工作找人才\\basic.wxml", "child": [], "parent": 59, "matchString": []}]