{"definedData":[],"dynamicDefinedData":[{"shadowObjectVar":"__object__4","dynamicDefinedProps":[{"propName":".datalist","readShadows":[{"shadowVar":{"declaredName":"__object__4.datalist","declaredLoc":{"line":9,"column":8},"file":"D:\\WORK\\2022\\论文相关\\benchmark\\miniapp\\998二手挖机圈\\_-1965603458_27\\pages\\answertop\\index.js"},"readAccess":[{"leftVar":[{"declaredName":"__object__3.data","declaredLoc":{"line":4,"column":4},"file":"D:\\WORK\\2022\\论文相关\\benchmark\\miniapp\\998二手挖机圈\\_-1965603458_27\\pages\\answertop\\index.js"}],"readFlow":[{"type":"assign to","from":{"name":"datalist","loc":{"line":9,"column":8},"id":6136,"file":"D:\\WORK\\2022\\论文相关\\benchmark\\miniapp\\998二手挖机圈\\_-1965603458_27\\pages\\answertop\\index.js"},"to":{"name":"data","loc":{"line":4,"column":4},"id":6121,"file":"D:\\WORK\\2022\\论文相关\\benchmark\\miniapp\\998二手挖机圈\\_-1965603458_27\\pages\\answertop\\index.js"}},{"type":"to callee","from":{"name":"data","loc":{"line":4,"column":4},"id":6121,"file":"D:\\WORK\\2022\\论文相关\\benchmark\\miniapp\\998二手挖机圈\\_-1965603458_27\\pages\\answertop\\index.js"},"to":{"name":"Page","loc":{"line":3,"column":0},"id":6118,"file":"D:\\WORK\\2022\\论文相关\\benchmark\\miniapp\\998二手挖机圈\\_-1965603458_27\\pages\\answertop\\index.js"}},{"type":"read","from":{"name":"data","loc":{"line":4,"column":4},"id":6121,"file":"D:\\WORK\\2022\\论文相关\\benchmark\\miniapp\\998二手挖机圈\\_-1965603458_27\\pages\\answertop\\index.js"},"to":{"name":"this","loc":{"line":12,"column":16},"id":6146,"file":"D:\\WORK\\2022\\论文相关\\benchmark\\miniapp\\998二手挖机圈\\_-1965603458_27\\pages\\answertop\\index.js"}},{"type":"read","from":{"name":"data","loc":{"line":4,"column":4},"id":6121,"file":"D:\\WORK\\2022\\论文相关\\benchmark\\miniapp\\998二手挖机圈\\_-1965603458_27\\pages\\answertop\\index.js"},"to":{"name":"this","loc":{"line":51,"column":16},"id":6293,"file":"D:\\WORK\\2022\\论文相关\\benchmark\\miniapp\\998二手挖机圈\\_-1965603458_27\\pages\\answertop\\index.js"}},{"type":"read","from":{"name":"data","loc":{"line":4,"column":4},"id":6121,"file":"D:\\WORK\\2022\\论文相关\\benchmark\\miniapp\\998二手挖机圈\\_-1965603458_27\\pages\\answertop\\index.js"},"to":{"name":"this","loc":{"line":64,"column":16},"id":6409,"file":"D:\\WORK\\2022\\论文相关\\benchmark\\miniapp\\998二手挖机圈\\_-1965603458_27\\pages\\answertop\\index.js"}},{"type":"assign to","from":{"name":"this","loc":{"line":64,"column":16},"id":6409,"file":"D:\\WORK\\2022\\论文相关\\benchmark\\miniapp\\998二手挖机圈\\_-1965603458_27\\pages\\answertop\\index.js"},"to":{"name":"e","loc":{"line":64,"column":12},"id":6408,"file":"D:\\WORK\\2022\\论文相关\\benchmark\\miniapp\\998二手挖机圈\\_-1965603458_27\\pages\\answertop\\index.js"}},{"type":"assign to","from":{"name":"this","loc":{"line":51,"column":16},"id":6293,"file":"D:\\WORK\\2022\\论文相关\\benchmark\\miniapp\\998二手挖机圈\\_-1965603458_27\\pages\\answertop\\index.js"},"to":{"name":"a","loc":{"line":51,"column":12},"id":6292,"file":"D:\\WORK\\2022\\论文相关\\benchmark\\miniapp\\998二手挖机圈\\_-1965603458_27\\pages\\answertop\\index.js"}},{"type":"assign to","from":{"name":"this","loc":{"line":12,"column":16},"id":6146,"file":"D:\\WORK\\2022\\论文相关\\benchmark\\miniapp\\998二手挖机圈\\_-1965603458_27\\pages\\answertop\\index.js"},"to":{"name":"e","loc":{"line":12,"column":12},"id":6145,"file":"D:\\WORK\\2022\\论文相关\\benchmark\\miniapp\\998二手挖机圈\\_-1965603458_27\\pages\\answertop\\index.js"}}]}]}],"writeShadows":[{"shadowVar":{"declaredName":"__object__4.datalist","declaredLoc":{"line":9,"column":8},"file":"D:\\WORK\\2022\\论文相关\\benchmark\\miniapp\\998二手挖机圈\\_-1965603458_27\\pages\\answertop\\index.js"},"writeAccess":[{"rightVar":[{"declaredName":"a.data.data","file":"D:\\WORK\\2022\\论文相关\\benchmark\\miniapp\\998二手挖机圈\\_-1965603458_27\\pages\\answertop\\index.js"}],"writeFlow":[{"type":"assign to","from":{"name":"a.data.data","loc":{"line":78,"column":69},"id":6476,"file":"D:\\WORK\\2022\\论文相关\\benchmark\\miniapp\\998二手挖机圈\\_-1965603458_27\\pages\\answertop\\index.js"},"to":{"name":"e.data.datalist","loc":{"line":78,"column":51},"id":6471,"file":"D:\\WORK\\2022\\论文相关\\benchmark\\miniapp\\998二手挖机圈\\_-1965603458_27\\pages\\answertop\\index.js"}},{"type":"read","from":{"name":"a","loc":{"line":77,"column":30},"id":6455,"file":"D:\\WORK\\2022\\论文相关\\benchmark\\miniapp\\998二手挖机圈\\_-1965603458_27\\pages\\answertop\\index.js","fromSource":{"api":"wx.request","loc":{"line":67,"column":12},"type":"API:callback","file":"D:\\WORK\\2022\\论文相关\\benchmark\\miniapp\\998二手挖机圈\\_-1965603458_27\\pages\\answertop\\index.js"}},"to":{"name":"a.data.data","loc":{"line":78,"column":69},"id":6476,"file":"D:\\WORK\\2022\\论文相关\\benchmark\\miniapp\\998二手挖机圈\\_-1965603458_27\\pages\\answertop\\index.js"}}]}]}]},{"propName":".topdata","readShadows":[{"shadowVar":{"declaredName":"__object__4.topdata","declaredLoc":{"line":6,"column":8},"file":"D:\\WORK\\2022\\论文相关\\benchmark\\miniapp\\998二手挖机圈\\_-1965603458_27\\pages\\answertop\\index.js"},"readAccess":[{"leftVar":[{"declaredName":"__object__3.data","declaredLoc":{"line":4,"column":4},"file":"D:\\WORK\\2022\\论文相关\\benchmark\\miniapp\\998二手挖机圈\\_-1965603458_27\\pages\\answertop\\index.js"}],"readFlow":[{"type":"assign to","from":{"name":"topdata","loc":{"line":6,"column":8},"id":6127,"file":"D:\\WORK\\2022\\论文相关\\benchmark\\miniapp\\998二手挖机圈\\_-1965603458_27\\pages\\answertop\\index.js"},"to":{"name":"data","loc":{"line":4,"column":4},"id":6121,"file":"D:\\WORK\\2022\\论文相关\\benchmark\\miniapp\\998二手挖机圈\\_-1965603458_27\\pages\\answertop\\index.js"}},{"type":"to callee","from":{"name":"data","loc":{"line":4,"column":4},"id":6121,"file":"D:\\WORK\\2022\\论文相关\\benchmark\\miniapp\\998二手挖机圈\\_-1965603458_27\\pages\\answertop\\index.js"},"to":{"name":"Page","loc":{"line":3,"column":0},"id":6118,"file":"D:\\WORK\\2022\\论文相关\\benchmark\\miniapp\\998二手挖机圈\\_-1965603458_27\\pages\\answertop\\index.js"}},{"type":"read","from":{"name":"data","loc":{"line":4,"column":4},"id":6121,"file":"D:\\WORK\\2022\\论文相关\\benchmark\\miniapp\\998二手挖机圈\\_-1965603458_27\\pages\\answertop\\index.js"},"to":{"name":"this","loc":{"line":12,"column":16},"id":6146,"file":"D:\\WORK\\2022\\论文相关\\benchmark\\miniapp\\998二手挖机圈\\_-1965603458_27\\pages\\answertop\\index.js"}},{"type":"read","from":{"name":"data","loc":{"line":4,"column":4},"id":6121,"file":"D:\\WORK\\2022\\论文相关\\benchmark\\miniapp\\998二手挖机圈\\_-1965603458_27\\pages\\answertop\\index.js"},"to":{"name":"this","loc":{"line":51,"column":16},"id":6293,"file":"D:\\WORK\\2022\\论文相关\\benchmark\\miniapp\\998二手挖机圈\\_-1965603458_27\\pages\\answertop\\index.js"}},{"type":"read","from":{"name":"data","loc":{"line":4,"column":4},"id":6121,"file":"D:\\WORK\\2022\\论文相关\\benchmark\\miniapp\\998二手挖机圈\\_-1965603458_27\\pages\\answertop\\index.js"},"to":{"name":"this","loc":{"line":64,"column":16},"id":6409,"file":"D:\\WORK\\2022\\论文相关\\benchmark\\miniapp\\998二手挖机圈\\_-1965603458_27\\pages\\answertop\\index.js"}},{"type":"assign to","from":{"name":"this","loc":{"line":64,"column":16},"id":6409,"file":"D:\\WORK\\2022\\论文相关\\benchmark\\miniapp\\998二手挖机圈\\_-1965603458_27\\pages\\answertop\\index.js"},"to":{"name":"e","loc":{"line":64,"column":12},"id":6408,"file":"D:\\WORK\\2022\\论文相关\\benchmark\\miniapp\\998二手挖机圈\\_-1965603458_27\\pages\\answertop\\index.js"}},{"type":"assign to","from":{"name":"this","loc":{"line":51,"column":16},"id":6293,"file":"D:\\WORK\\2022\\论文相关\\benchmark\\miniapp\\998二手挖机圈\\_-1965603458_27\\pages\\answertop\\index.js"},"to":{"name":"a","loc":{"line":51,"column":12},"id":6292,"file":"D:\\WORK\\2022\\论文相关\\benchmark\\miniapp\\998二手挖机圈\\_-1965603458_27\\pages\\answertop\\index.js"}},{"type":"assign to","from":{"name":"this","loc":{"line":12,"column":16},"id":6146,"file":"D:\\WORK\\2022\\论文相关\\benchmark\\miniapp\\998二手挖机圈\\_-1965603458_27\\pages\\answertop\\index.js"},"to":{"name":"e","loc":{"line":12,"column":12},"id":6145,"file":"D:\\WORK\\2022\\论文相关\\benchmark\\miniapp\\998二手挖机圈\\_-1965603458_27\\pages\\answertop\\index.js"}}]},{"leftVar":[{"declaredName":"__object__58.topdata","declaredLoc":{"line":59,"column":16},"file":"D:\\WORK\\2022\\论文相关\\benchmark\\miniapp\\998二手挖机圈\\_-1965603458_27\\pages\\answertop\\index.js"}],"readFlow":[{"type":"assign to","from":{"name":"a.data.topdata","loc":{"line":59,"column":25},"id":6396,"file":"D:\\WORK\\2022\\论文相关\\benchmark\\miniapp\\998二手挖机圈\\_-1965603458_27\\pages\\answertop\\index.js"},"to":{"name":"topdata","loc":{"line":59,"column":16},"id":6395,"file":"D:\\WORK\\2022\\论文相关\\benchmark\\miniapp\\998二手挖机圈\\_-1965603458_27\\pages\\answertop\\index.js"}},{"type":"to callee","from":{"name":"topdata","loc":{"line":59,"column":16},"id":6395,"file":"D:\\WORK\\2022\\论文相关\\benchmark\\miniapp\\998二手挖机圈\\_-1965603458_27\\pages\\answertop\\index.js"},"to":{"name":"a.setData","loc":{"line":58,"column":55},"id":6390,"file":"D:\\WORK\\2022\\论文相关\\benchmark\\miniapp\\998二手挖机圈\\_-1965603458_27\\pages\\answertop\\index.js"}}]},{"leftVar":[{"declaredName":"__object__79.topdata","declaredLoc":{"line":80,"column":20},"file":"D:\\WORK\\2022\\论文相关\\benchmark\\miniapp\\998二手挖机圈\\_-1965603458_27\\pages\\answertop\\index.js"}],"readFlow":[{"type":"assign to","from":{"name":"e.data.topdata","loc":{"line":80,"column":29},"id":6512,"file":"D:\\WORK\\2022\\论文相关\\benchmark\\miniapp\\998二手挖机圈\\_-1965603458_27\\pages\\answertop\\index.js"},"to":{"name":"topdata","loc":{"line":80,"column":20},"id":6511,"file":"D:\\WORK\\2022\\论文相关\\benchmark\\miniapp\\998二手挖机圈\\_-1965603458_27\\pages\\answertop\\index.js"}},{"type":"to callee","from":{"name":"topdata","loc":{"line":80,"column":20},"id":6511,"file":"D:\\WORK\\2022\\论文相关\\benchmark\\miniapp\\998二手挖机圈\\_-1965603458_27\\pages\\answertop\\index.js"},"to":{"name":"e.setData","loc":{"line":79,"column":35},"id":6506,"file":"D:\\WORK\\2022\\论文相关\\benchmark\\miniapp\\998二手挖机圈\\_-1965603458_27\\pages\\answertop\\index.js"}}]}]}],"writeShadows":[{"shadowVar":{"declaredName":"__object__4.topdata","declaredLoc":{"line":6,"column":8},"file":"D:\\WORK\\2022\\论文相关\\benchmark\\miniapp\\998二手挖机圈\\_-1965603458_27\\pages\\answertop\\index.js"},"writeAccess":[{"rightVar":[{"declaredName":"a.data.data.slice","file":"D:\\WORK\\2022\\论文相关\\benchmark\\miniapp\\998二手挖机圈\\_-1965603458_27\\pages\\answertop\\index.js"}],"writeFlow":[{"type":"assign to","from":{"name":"e.data.datalist.slice","loc":{"line":78,"column":99},"id":6488,"file":"D:\\WORK\\2022\\论文相关\\benchmark\\miniapp\\998二手挖机圈\\_-1965603458_27\\pages\\answertop\\index.js"},"to":{"name":"e.data.topdata","loc":{"line":78,"column":82},"id":6482,"file":"D:\\WORK\\2022\\论文相关\\benchmark\\miniapp\\998二手挖机圈\\_-1965603458_27\\pages\\answertop\\index.js"}},{"type":"read","from":{"name":"a.data.data","loc":{"line":78,"column":69},"id":6476,"file":"D:\\WORK\\2022\\论文相关\\benchmark\\miniapp\\998二手挖机圈\\_-1965603458_27\\pages\\answertop\\index.js"},"to":{"name":"e.data.datalist.slice","loc":{"line":78,"column":99},"id":6488,"file":"D:\\WORK\\2022\\论文相关\\benchmark\\miniapp\\998二手挖机圈\\_-1965603458_27\\pages\\answertop\\index.js"}},{"type":"read","from":{"name":"a","loc":{"line":77,"column":30},"id":6455,"file":"D:\\WORK\\2022\\论文相关\\benchmark\\miniapp\\998二手挖机圈\\_-1965603458_27\\pages\\answertop\\index.js","fromSource":{"api":"wx.request","loc":{"line":67,"column":12},"type":"API:callback","file":"D:\\WORK\\2022\\论文相关\\benchmark\\miniapp\\998二手挖机圈\\_-1965603458_27\\pages\\answertop\\index.js"}},"to":{"name":"a.data.data","loc":{"line":78,"column":69},"id":6476,"file":"D:\\WORK\\2022\\论文相关\\benchmark\\miniapp\\998二手挖机圈\\_-1965603458_27\\pages\\answertop\\index.js"}}]}]}]},{"propName":".active","readShadows":[{"shadowVar":{"declaredName":"__object__4.active","declaredLoc":{"line":5,"column":8},"file":"D:\\WORK\\2022\\论文相关\\benchmark\\miniapp\\998二手挖机圈\\_-1965603458_27\\pages\\answertop\\index.js"},"readAccess":[{"leftVar":[{"declaredName":"__object__3.data","declaredLoc":{"line":4,"column":4},"file":"D:\\WORK\\2022\\论文相关\\benchmark\\miniapp\\998二手挖机圈\\_-1965603458_27\\pages\\answertop\\index.js"}],"readFlow":[{"type":"assign to","from":{"name":"active","loc":{"line":5,"column":8},"id":6124,"file":"D:\\WORK\\2022\\论文相关\\benchmark\\miniapp\\998二手挖机圈\\_-1965603458_27\\pages\\answertop\\index.js"},"to":{"name":"data","loc":{"line":4,"column":4},"id":6121,"file":"D:\\WORK\\2022\\论文相关\\benchmark\\miniapp\\998二手挖机圈\\_-1965603458_27\\pages\\answertop\\index.js"}},{"type":"to callee","from":{"name":"data","loc":{"line":4,"column":4},"id":6121,"file":"D:\\WORK\\2022\\论文相关\\benchmark\\miniapp\\998二手挖机圈\\_-1965603458_27\\pages\\answertop\\index.js"},"to":{"name":"Page","loc":{"line":3,"column":0},"id":6118,"file":"D:\\WORK\\2022\\论文相关\\benchmark\\miniapp\\998二手挖机圈\\_-1965603458_27\\pages\\answertop\\index.js"}},{"type":"read","from":{"name":"data","loc":{"line":4,"column":4},"id":6121,"file":"D:\\WORK\\2022\\论文相关\\benchmark\\miniapp\\998二手挖机圈\\_-1965603458_27\\pages\\answertop\\index.js"},"to":{"name":"this","loc":{"line":12,"column":16},"id":6146,"file":"D:\\WORK\\2022\\论文相关\\benchmark\\miniapp\\998二手挖机圈\\_-1965603458_27\\pages\\answertop\\index.js"}},{"type":"read","from":{"name":"data","loc":{"line":4,"column":4},"id":6121,"file":"D:\\WORK\\2022\\论文相关\\benchmark\\miniapp\\998二手挖机圈\\_-1965603458_27\\pages\\answertop\\index.js"},"to":{"name":"this","loc":{"line":51,"column":16},"id":6293,"file":"D:\\WORK\\2022\\论文相关\\benchmark\\miniapp\\998二手挖机圈\\_-1965603458_27\\pages\\answertop\\index.js"}},{"type":"read","from":{"name":"data","loc":{"line":4,"column":4},"id":6121,"file":"D:\\WORK\\2022\\论文相关\\benchmark\\miniapp\\998二手挖机圈\\_-1965603458_27\\pages\\answertop\\index.js"},"to":{"name":"this","loc":{"line":64,"column":16},"id":6409,"file":"D:\\WORK\\2022\\论文相关\\benchmark\\miniapp\\998二手挖机圈\\_-1965603458_27\\pages\\answertop\\index.js"}},{"type":"assign to","from":{"name":"this","loc":{"line":64,"column":16},"id":6409,"file":"D:\\WORK\\2022\\论文相关\\benchmark\\miniapp\\998二手挖机圈\\_-1965603458_27\\pages\\answertop\\index.js"},"to":{"name":"e","loc":{"line":64,"column":12},"id":6408,"file":"D:\\WORK\\2022\\论文相关\\benchmark\\miniapp\\998二手挖机圈\\_-1965603458_27\\pages\\answertop\\index.js"}},{"type":"assign to","from":{"name":"this","loc":{"line":51,"column":16},"id":6293,"file":"D:\\WORK\\2022\\论文相关\\benchmark\\miniapp\\998二手挖机圈\\_-1965603458_27\\pages\\answertop\\index.js"},"to":{"name":"a","loc":{"line":51,"column":12},"id":6292,"file":"D:\\WORK\\2022\\论文相关\\benchmark\\miniapp\\998二手挖机圈\\_-1965603458_27\\pages\\answertop\\index.js"}},{"type":"assign to","from":{"name":"this","loc":{"line":12,"column":16},"id":6146,"file":"D:\\WORK\\2022\\论文相关\\benchmark\\miniapp\\998二手挖机圈\\_-1965603458_27\\pages\\answertop\\index.js"},"to":{"name":"e","loc":{"line":12,"column":12},"id":6145,"file":"D:\\WORK\\2022\\论文相关\\benchmark\\miniapp\\998二手挖机圈\\_-1965603458_27\\pages\\answertop\\index.js"}}]}]}],"writeShadows":[{"shadowVar":{"declaredName":"__object__4.active","declaredLoc":{"line":5,"column":8},"file":"D:\\WORK\\2022\\论文相关\\benchmark\\miniapp\\998二手挖机圈\\_-1965603458_27\\pages\\answertop\\index.js"},"writeAccess":[]}]},{"propName":".curr","readShadows":[{"shadowVar":{"declaredName":"__object__4.curr","declaredLoc":{"line":7,"column":8},"file":"D:\\WORK\\2022\\论文相关\\benchmark\\miniapp\\998二手挖机圈\\_-1965603458_27\\pages\\answertop\\index.js"},"readAccess":[{"leftVar":[{"declaredName":"__object__3.data","declaredLoc":{"line":4,"column":4},"file":"D:\\WORK\\2022\\论文相关\\benchmark\\miniapp\\998二手挖机圈\\_-1965603458_27\\pages\\answertop\\index.js"}],"readFlow":[{"type":"assign to","from":{"name":"curr","loc":{"line":7,"column":8},"id":6130,"file":"D:\\WORK\\2022\\论文相关\\benchmark\\miniapp\\998二手挖机圈\\_-1965603458_27\\pages\\answertop\\index.js"},"to":{"name":"data","loc":{"line":4,"column":4},"id":6121,"file":"D:\\WORK\\2022\\论文相关\\benchmark\\miniapp\\998二手挖机圈\\_-1965603458_27\\pages\\answertop\\index.js"}},{"type":"to callee","from":{"name":"data","loc":{"line":4,"column":4},"id":6121,"file":"D:\\WORK\\2022\\论文相关\\benchmark\\miniapp\\998二手挖机圈\\_-1965603458_27\\pages\\answertop\\index.js"},"to":{"name":"Page","loc":{"line":3,"column":0},"id":6118,"file":"D:\\WORK\\2022\\论文相关\\benchmark\\miniapp\\998二手挖机圈\\_-1965603458_27\\pages\\answertop\\index.js"}},{"type":"read","from":{"name":"data","loc":{"line":4,"column":4},"id":6121,"file":"D:\\WORK\\2022\\论文相关\\benchmark\\miniapp\\998二手挖机圈\\_-1965603458_27\\pages\\answertop\\index.js"},"to":{"name":"this","loc":{"line":12,"column":16},"id":6146,"file":"D:\\WORK\\2022\\论文相关\\benchmark\\miniapp\\998二手挖机圈\\_-1965603458_27\\pages\\answertop\\index.js"}},{"type":"read","from":{"name":"data","loc":{"line":4,"column":4},"id":6121,"file":"D:\\WORK\\2022\\论文相关\\benchmark\\miniapp\\998二手挖机圈\\_-1965603458_27\\pages\\answertop\\index.js"},"to":{"name":"this","loc":{"line":51,"column":16},"id":6293,"file":"D:\\WORK\\2022\\论文相关\\benchmark\\miniapp\\998二手挖机圈\\_-1965603458_27\\pages\\answertop\\index.js"}},{"type":"read","from":{"name":"data","loc":{"line":4,"column":4},"id":6121,"file":"D:\\WORK\\2022\\论文相关\\benchmark\\miniapp\\998二手挖机圈\\_-1965603458_27\\pages\\answertop\\index.js"},"to":{"name":"this","loc":{"line":64,"column":16},"id":6409,"file":"D:\\WORK\\2022\\论文相关\\benchmark\\miniapp\\998二手挖机圈\\_-1965603458_27\\pages\\answertop\\index.js"}},{"type":"assign to","from":{"name":"this","loc":{"line":64,"column":16},"id":6409,"file":"D:\\WORK\\2022\\论文相关\\benchmark\\miniapp\\998二手挖机圈\\_-1965603458_27\\pages\\answertop\\index.js"},"to":{"name":"e","loc":{"line":64,"column":12},"id":6408,"file":"D:\\WORK\\2022\\论文相关\\benchmark\\miniapp\\998二手挖机圈\\_-1965603458_27\\pages\\answertop\\index.js"}},{"type":"assign to","from":{"name":"this","loc":{"line":51,"column":16},"id":6293,"file":"D:\\WORK\\2022\\论文相关\\benchmark\\miniapp\\998二手挖机圈\\_-1965603458_27\\pages\\answertop\\index.js"},"to":{"name":"a","loc":{"line":51,"column":12},"id":6292,"file":"D:\\WORK\\2022\\论文相关\\benchmark\\miniapp\\998二手挖机圈\\_-1965603458_27\\pages\\answertop\\index.js"}},{"type":"assign to","from":{"name":"this","loc":{"line":12,"column":16},"id":6146,"file":"D:\\WORK\\2022\\论文相关\\benchmark\\miniapp\\998二手挖机圈\\_-1965603458_27\\pages\\answertop\\index.js"},"to":{"name":"e","loc":{"line":12,"column":12},"id":6145,"file":"D:\\WORK\\2022\\论文相关\\benchmark\\miniapp\\998二手挖机圈\\_-1965603458_27\\pages\\answertop\\index.js"}}]}]}],"writeShadows":[{"shadowVar":{"declaredName":"__object__4.curr","declaredLoc":{"line":7,"column":8},"file":"D:\\WORK\\2022\\论文相关\\benchmark\\miniapp\\998二手挖机圈\\_-1965603458_27\\pages\\answertop\\index.js"},"writeAccess":[]}]},{"propName":".page","readShadows":[{"shadowVar":{"declaredName":"__object__4.page","declaredLoc":{"line":8,"column":8},"file":"D:\\WORK\\2022\\论文相关\\benchmark\\miniapp\\998二手挖机圈\\_-1965603458_27\\pages\\answertop\\index.js"},"readAccess":[{"leftVar":[{"declaredName":"__object__3.data","declaredLoc":{"line":4,"column":4},"file":"D:\\WORK\\2022\\论文相关\\benchmark\\miniapp\\998二手挖机圈\\_-1965603458_27\\pages\\answertop\\index.js"}],"readFlow":[{"type":"assign to","from":{"name":"page","loc":{"line":8,"column":8},"id":6133,"file":"D:\\WORK\\2022\\论文相关\\benchmark\\miniapp\\998二手挖机圈\\_-1965603458_27\\pages\\answertop\\index.js"},"to":{"name":"data","loc":{"line":4,"column":4},"id":6121,"file":"D:\\WORK\\2022\\论文相关\\benchmark\\miniapp\\998二手挖机圈\\_-1965603458_27\\pages\\answertop\\index.js"}},{"type":"to callee","from":{"name":"data","loc":{"line":4,"column":4},"id":6121,"file":"D:\\WORK\\2022\\论文相关\\benchmark\\miniapp\\998二手挖机圈\\_-1965603458_27\\pages\\answertop\\index.js"},"to":{"name":"Page","loc":{"line":3,"column":0},"id":6118,"file":"D:\\WORK\\2022\\论文相关\\benchmark\\miniapp\\998二手挖机圈\\_-1965603458_27\\pages\\answertop\\index.js"}},{"type":"read","from":{"name":"data","loc":{"line":4,"column":4},"id":6121,"file":"D:\\WORK\\2022\\论文相关\\benchmark\\miniapp\\998二手挖机圈\\_-1965603458_27\\pages\\answertop\\index.js"},"to":{"name":"this","loc":{"line":12,"column":16},"id":6146,"file":"D:\\WORK\\2022\\论文相关\\benchmark\\miniapp\\998二手挖机圈\\_-1965603458_27\\pages\\answertop\\index.js"}},{"type":"read","from":{"name":"data","loc":{"line":4,"column":4},"id":6121,"file":"D:\\WORK\\2022\\论文相关\\benchmark\\miniapp\\998二手挖机圈\\_-1965603458_27\\pages\\answertop\\index.js"},"to":{"name":"this","loc":{"line":51,"column":16},"id":6293,"file":"D:\\WORK\\2022\\论文相关\\benchmark\\miniapp\\998二手挖机圈\\_-1965603458_27\\pages\\answertop\\index.js"}},{"type":"read","from":{"name":"data","loc":{"line":4,"column":4},"id":6121,"file":"D:\\WORK\\2022\\论文相关\\benchmark\\miniapp\\998二手挖机圈\\_-1965603458_27\\pages\\answertop\\index.js"},"to":{"name":"this","loc":{"line":64,"column":16},"id":6409,"file":"D:\\WORK\\2022\\论文相关\\benchmark\\miniapp\\998二手挖机圈\\_-1965603458_27\\pages\\answertop\\index.js"}},{"type":"assign to","from":{"name":"this","loc":{"line":64,"column":16},"id":6409,"file":"D:\\WORK\\2022\\论文相关\\benchmark\\miniapp\\998二手挖机圈\\_-1965603458_27\\pages\\answertop\\index.js"},"to":{"name":"e","loc":{"line":64,"column":12},"id":6408,"file":"D:\\WORK\\2022\\论文相关\\benchmark\\miniapp\\998二手挖机圈\\_-1965603458_27\\pages\\answertop\\index.js"}},{"type":"assign to","from":{"name":"this","loc":{"line":51,"column":16},"id":6293,"file":"D:\\WORK\\2022\\论文相关\\benchmark\\miniapp\\998二手挖机圈\\_-1965603458_27\\pages\\answertop\\index.js"},"to":{"name":"a","loc":{"line":51,"column":12},"id":6292,"file":"D:\\WORK\\2022\\论文相关\\benchmark\\miniapp\\998二手挖机圈\\_-1965603458_27\\pages\\answertop\\index.js"}},{"type":"assign to","from":{"name":"this","loc":{"line":12,"column":16},"id":6146,"file":"D:\\WORK\\2022\\论文相关\\benchmark\\miniapp\\998二手挖机圈\\_-1965603458_27\\pages\\answertop\\index.js"},"to":{"name":"e","loc":{"line":12,"column":12},"id":6145,"file":"D:\\WORK\\2022\\论文相关\\benchmark\\miniapp\\998二手挖机圈\\_-1965603458_27\\pages\\answertop\\index.js"}}]},{"leftVar":[{"declaredName":"t","declaredLoc":{"line":57,"column":16},"file":"D:\\WORK\\2022\\论文相关\\benchmark\\miniapp\\998二手挖机圈\\_-1965603458_27\\pages\\answertop\\index.js"}],"readFlow":[{"type":"assign to","from":{"name":"a.data.page","loc":{"line":57,"column":25},"id":6344,"file":"D:\\WORK\\2022\\论文相关\\benchmark\\miniapp\\998二手挖机圈\\_-1965603458_27\\pages\\answertop\\index.js"},"to":{"name":"t","loc":{"line":57,"column":16},"id":6341,"file":"D:\\WORK\\2022\\论文相关\\benchmark\\miniapp\\998二手挖机圈\\_-1965603458_27\\pages\\answertop\\index.js"}},{"type":"read","from":{"name":"t","loc":{"line":57,"column":16},"id":6341,"file":"D:\\WORK\\2022\\论文相关\\benchmark\\miniapp\\998二手挖机圈\\_-1965603458_27\\pages\\answertop\\index.js"},"to":{"name":"t","loc":{"line":57,"column":92},"id":6370,"file":"D:\\WORK\\2022\\论文相关\\benchmark\\miniapp\\998二手挖机圈\\_-1965603458_27\\pages\\answertop\\index.js"}},{"type":"to callee","from":{"name":"t","loc":{"line":57,"column":92},"id":6370,"file":"D:\\WORK\\2022\\论文相关\\benchmark\\miniapp\\998二手挖机圈\\_-1965603458_27\\pages\\answertop\\index.js"},"to":{"name":"a.data.datalist.slice","loc":{"line":57,"column":70},"id":6363,"file":"D:\\WORK\\2022\\论文相关\\benchmark\\miniapp\\998二手挖机圈\\_-1965603458_27\\pages\\answertop\\index.js"}}]},{"leftVar":[{"declaredName":"e","declaredLoc":{"line":57,"column":38},"file":"D:\\WORK\\2022\\论文相关\\benchmark\\miniapp\\998二手挖机圈\\_-1965603458_27\\pages\\answertop\\index.js"}],"readFlow":[{"type":"assign to","from":{"name":"a.data.page","loc":{"line":57,"column":48},"id":6354,"file":"D:\\WORK\\2022\\论文相关\\benchmark\\miniapp\\998二手挖机圈\\_-1965603458_27\\pages\\answertop\\index.js"},"to":{"name":"e","loc":{"line":57,"column":38},"id":6350,"file":"D:\\WORK\\2022\\论文相关\\benchmark\\miniapp\\998二手挖机圈\\_-1965603458_27\\pages\\answertop\\index.js"}},{"type":"read","from":{"name":"e","loc":{"line":57,"column":38},"id":6350,"file":"D:\\WORK\\2022\\论文相关\\benchmark\\miniapp\\998二手挖机圈\\_-1965603458_27\\pages\\answertop\\index.js"},"to":{"name":"e","loc":{"line":57,"column":95},"id":6371,"file":"D:\\WORK\\2022\\论文相关\\benchmark\\miniapp\\998二手挖机圈\\_-1965603458_27\\pages\\answertop\\index.js"}},{"type":"to callee","from":{"name":"e","loc":{"line":57,"column":95},"id":6371,"file":"D:\\WORK\\2022\\论文相关\\benchmark\\miniapp\\998二手挖机圈\\_-1965603458_27\\pages\\answertop\\index.js"},"to":{"name":"a.data.datalist.slice","loc":{"line":57,"column":70},"id":6363,"file":"D:\\WORK\\2022\\论文相关\\benchmark\\miniapp\\998二手挖机圈\\_-1965603458_27\\pages\\answertop\\index.js"}}]}]}],"writeShadows":[{"shadowVar":{"declaredName":"__object__4.page","declaredLoc":{"line":8,"column":8},"file":"D:\\WORK\\2022\\论文相关\\benchmark\\miniapp\\998二手挖机圈\\_-1965603458_27\\pages\\answertop\\index.js"},"writeAccess":[]}]}]},{"shadowObjectVar":"__object__3","dynamicDefinedProps":[{"propName":".setData","readShadows":[{"shadowVar":{"declaredName":"__object__3.setData","file":"D:\\WORK\\2022\\论文相关\\benchmark\\miniapp\\998二手挖机圈\\_-1965603458_27\\pages\\answertop\\index.js"},"readAccess":[{"leftVar":[{"declaredName":"e","declaredLoc":{"line":12,"column":12},"file":"D:\\WORK\\2022\\论文相关\\benchmark\\miniapp\\998二手挖机圈\\_-1965603458_27\\pages\\answertop\\index.js"}],"readFlow":[{"type":"assign to","from":{"name":"this","loc":{"line":12,"column":16},"id":6146,"file":"D:\\WORK\\2022\\论文相关\\benchmark\\miniapp\\998二手挖机圈\\_-1965603458_27\\pages\\answertop\\index.js"},"to":{"name":"e","loc":{"line":12,"column":12},"id":6145,"file":"D:\\WORK\\2022\\论文相关\\benchmark\\miniapp\\998二手挖机圈\\_-1965603458_27\\pages\\answertop\\index.js"}}]},{"leftVar":[{"declaredName":"a","declaredLoc":{"line":51,"column":12},"file":"D:\\WORK\\2022\\论文相关\\benchmark\\miniapp\\998二手挖机圈\\_-1965603458_27\\pages\\answertop\\index.js"}],"readFlow":[{"type":"assign to","from":{"name":"this","loc":{"line":51,"column":16},"id":6293,"file":"D:\\WORK\\2022\\论文相关\\benchmark\\miniapp\\998二手挖机圈\\_-1965603458_27\\pages\\answertop\\index.js"},"to":{"name":"a","loc":{"line":51,"column":12},"id":6292,"file":"D:\\WORK\\2022\\论文相关\\benchmark\\miniapp\\998二手挖机圈\\_-1965603458_27\\pages\\answertop\\index.js"}}]},{"leftVar":[{"declaredName":"e","declaredLoc":{"line":64,"column":12},"file":"D:\\WORK\\2022\\论文相关\\benchmark\\miniapp\\998二手挖机圈\\_-1965603458_27\\pages\\answertop\\index.js"}],"readFlow":[{"type":"assign to","from":{"name":"this","loc":{"line":64,"column":16},"id":6409,"file":"D:\\WORK\\2022\\论文相关\\benchmark\\miniapp\\998二手挖机圈\\_-1965603458_27\\pages\\answertop\\index.js"},"to":{"name":"e","loc":{"line":64,"column":12},"id":6408,"file":"D:\\WORK\\2022\\论文相关\\benchmark\\miniapp\\998二手挖机圈\\_-1965603458_27\\pages\\answertop\\index.js"}}]}]}],"writeShadows":[{"shadowVar":{"declaredName":"__object__3.setData","file":"D:\\WORK\\2022\\论文相关\\benchmark\\miniapp\\998二手挖机圈\\_-1965603458_27\\pages\\answertop\\index.js"},"writeAccess":[]}]},{"propName":".data","readShadows":[{"shadowVar":{"declaredName":"__object__3.data","declaredLoc":{"line":4,"column":4},"file":"D:\\WORK\\2022\\论文相关\\benchmark\\miniapp\\998二手挖机圈\\_-1965603458_27\\pages\\answertop\\index.js"},"readAccess":[{"leftVar":[{"declaredName":"e","declaredLoc":{"line":12,"column":12},"file":"D:\\WORK\\2022\\论文相关\\benchmark\\miniapp\\998二手挖机圈\\_-1965603458_27\\pages\\answertop\\index.js"}],"readFlow":[{"type":"assign to","from":{"name":"this","loc":{"line":12,"column":16},"id":6146,"file":"D:\\WORK\\2022\\论文相关\\benchmark\\miniapp\\998二手挖机圈\\_-1965603458_27\\pages\\answertop\\index.js"},"to":{"name":"e","loc":{"line":12,"column":12},"id":6145,"file":"D:\\WORK\\2022\\论文相关\\benchmark\\miniapp\\998二手挖机圈\\_-1965603458_27\\pages\\answertop\\index.js"}}]},{"leftVar":[{"declaredName":"a","declaredLoc":{"line":51,"column":12},"file":"D:\\WORK\\2022\\论文相关\\benchmark\\miniapp\\998二手挖机圈\\_-1965603458_27\\pages\\answertop\\index.js"}],"readFlow":[{"type":"assign to","from":{"name":"this","loc":{"line":51,"column":16},"id":6293,"file":"D:\\WORK\\2022\\论文相关\\benchmark\\miniapp\\998二手挖机圈\\_-1965603458_27\\pages\\answertop\\index.js"},"to":{"name":"a","loc":{"line":51,"column":12},"id":6292,"file":"D:\\WORK\\2022\\论文相关\\benchmark\\miniapp\\998二手挖机圈\\_-1965603458_27\\pages\\answertop\\index.js"}}]},{"leftVar":[{"declaredName":"e","declaredLoc":{"line":64,"column":12},"file":"D:\\WORK\\2022\\论文相关\\benchmark\\miniapp\\998二手挖机圈\\_-1965603458_27\\pages\\answertop\\index.js"}],"readFlow":[{"type":"assign to","from":{"name":"this","loc":{"line":64,"column":16},"id":6409,"file":"D:\\WORK\\2022\\论文相关\\benchmark\\miniapp\\998二手挖机圈\\_-1965603458_27\\pages\\answertop\\index.js"},"to":{"name":"e","loc":{"line":64,"column":12},"id":6408,"file":"D:\\WORK\\2022\\论文相关\\benchmark\\miniapp\\998二手挖机圈\\_-1965603458_27\\pages\\answertop\\index.js"}}]}]}],"writeShadows":[{"shadowVar":{"declaredName":"__object__3.data","declaredLoc":{"line":4,"column":4},"file":"D:\\WORK\\2022\\论文相关\\benchmark\\miniapp\\998二手挖机圈\\_-1965603458_27\\pages\\answertop\\index.js"},"writeAccess":[]}]},{"propName":".onLoad","readShadows":[{"shadowVar":{"declaredName":"__object__3.onLoad","declaredLoc":{"line":11,"column":4},"file":"D:\\WORK\\2022\\论文相关\\benchmark\\miniapp\\998二手挖机圈\\_-1965603458_27\\pages\\answertop\\index.js"},"readAccess":[{"leftVar":[{"declaredName":"e","declaredLoc":{"line":12,"column":12},"file":"D:\\WORK\\2022\\论文相关\\benchmark\\miniapp\\998二手挖机圈\\_-1965603458_27\\pages\\answertop\\index.js"}],"readFlow":[{"type":"assign to","from":{"name":"this","loc":{"line":12,"column":16},"id":6146,"file":"D:\\WORK\\2022\\论文相关\\benchmark\\miniapp\\998二手挖机圈\\_-1965603458_27\\pages\\answertop\\index.js"},"to":{"name":"e","loc":{"line":12,"column":12},"id":6145,"file":"D:\\WORK\\2022\\论文相关\\benchmark\\miniapp\\998二手挖机圈\\_-1965603458_27\\pages\\answertop\\index.js"}}]},{"leftVar":[{"declaredName":"a","declaredLoc":{"line":51,"column":12},"file":"D:\\WORK\\2022\\论文相关\\benchmark\\miniapp\\998二手挖机圈\\_-1965603458_27\\pages\\answertop\\index.js"}],"readFlow":[{"type":"assign to","from":{"name":"this","loc":{"line":51,"column":16},"id":6293,"file":"D:\\WORK\\2022\\论文相关\\benchmark\\miniapp\\998二手挖机圈\\_-1965603458_27\\pages\\answertop\\index.js"},"to":{"name":"a","loc":{"line":51,"column":12},"id":6292,"file":"D:\\WORK\\2022\\论文相关\\benchmark\\miniapp\\998二手挖机圈\\_-1965603458_27\\pages\\answertop\\index.js"}}]},{"leftVar":[{"declaredName":"e","declaredLoc":{"line":64,"column":12},"file":"D:\\WORK\\2022\\论文相关\\benchmark\\miniapp\\998二手挖机圈\\_-1965603458_27\\pages\\answertop\\index.js"}],"readFlow":[{"type":"assign to","from":{"name":"this","loc":{"line":64,"column":16},"id":6409,"file":"D:\\WORK\\2022\\论文相关\\benchmark\\miniapp\\998二手挖机圈\\_-1965603458_27\\pages\\answertop\\index.js"},"to":{"name":"e","loc":{"line":64,"column":12},"id":6408,"file":"D:\\WORK\\2022\\论文相关\\benchmark\\miniapp\\998二手挖机圈\\_-1965603458_27\\pages\\answertop\\index.js"}}]}]}],"writeShadows":[{"shadowVar":{"declaredName":"__object__3.onLoad","declaredLoc":{"line":11,"column":4},"file":"D:\\WORK\\2022\\论文相关\\benchmark\\miniapp\\998二手挖机圈\\_-1965603458_27\\pages\\answertop\\index.js"},"writeAccess":[]}]},{"propName":".today","readShadows":[{"shadowVar":{"declaredName":"__object__3.today","declaredLoc":{"line":17,"column":4},"file":"D:\\WORK\\2022\\论文相关\\benchmark\\miniapp\\998二手挖机圈\\_-1965603458_27\\pages\\answertop\\index.js"},"readAccess":[{"leftVar":[{"declaredName":"__object__4.active","declaredLoc":{"line":5,"column":8},"file":"D:\\WORK\\2022\\论文相关\\benchmark\\miniapp\\998二手挖机圈\\_-1965603458_27\\pages\\answertop\\index.js"}],"readFlow":[{"type":"assign to","from":{"name":"'today'","loc":{"line":5,"column":16},"id":6125,"file":"D:\\WORK\\2022\\论文相关\\benchmark\\miniapp\\998二手挖机圈\\_-1965603458_27\\pages\\answertop\\index.js"},"to":{"name":"active","loc":{"line":5,"column":8},"id":6124,"file":"D:\\WORK\\2022\\论文相关\\benchmark\\miniapp\\998二手挖机圈\\_-1965603458_27\\pages\\answertop\\index.js"}}]},{"leftVar":[{"declaredName":"e","declaredLoc":{"line":12,"column":12},"file":"D:\\WORK\\2022\\论文相关\\benchmark\\miniapp\\998二手挖机圈\\_-1965603458_27\\pages\\answertop\\index.js"}],"readFlow":[{"type":"assign to","from":{"name":"this","loc":{"line":12,"column":16},"id":6146,"file":"D:\\WORK\\2022\\论文相关\\benchmark\\miniapp\\998二手挖机圈\\_-1965603458_27\\pages\\answertop\\index.js"},"to":{"name":"e","loc":{"line":12,"column":12},"id":6145,"file":"D:\\WORK\\2022\\论文相关\\benchmark\\miniapp\\998二手挖机圈\\_-1965603458_27\\pages\\answertop\\index.js"}}]},{"leftVar":[{"declaredName":"__object__18.active","declaredLoc":{"line":19,"column":12},"file":"D:\\WORK\\2022\\论文相关\\benchmark\\miniapp\\998二手挖机圈\\_-1965603458_27\\pages\\answertop\\index.js"}],"readFlow":[{"type":"assign to","from":{"name":"'today'","loc":{"line":19,"column":20},"id":6193,"file":"D:\\WORK\\2022\\论文相关\\benchmark\\miniapp\\998二手挖机圈\\_-1965603458_27\\pages\\answertop\\index.js"},"to":{"name":"active","loc":{"line":19,"column":12},"id":6192,"file":"D:\\WORK\\2022\\论文相关\\benchmark\\miniapp\\998二手挖机圈\\_-1965603458_27\\pages\\answertop\\index.js"}},{"type":"to callee","from":{"name":"active","loc":{"line":19,"column":12},"id":6192,"file":"D:\\WORK\\2022\\论文相关\\benchmark\\miniapp\\998二手挖机圈\\_-1965603458_27\\pages\\answertop\\index.js"},"to":{"name":"this.setData","loc":{"line":18,"column":32},"id":6187,"file":"D:\\WORK\\2022\\论文相关\\benchmark\\miniapp\\998二手挖机圈\\_-1965603458_27\\pages\\answertop\\index.js"}}]},{"leftVar":[{"declaredName":"a","declaredLoc":{"line":51,"column":12},"file":"D:\\WORK\\2022\\论文相关\\benchmark\\miniapp\\998二手挖机圈\\_-1965603458_27\\pages\\answertop\\index.js"}],"readFlow":[{"type":"assign to","from":{"name":"this","loc":{"line":51,"column":16},"id":6293,"file":"D:\\WORK\\2022\\论文相关\\benchmark\\miniapp\\998二手挖机圈\\_-1965603458_27\\pages\\answertop\\index.js"},"to":{"name":"a","loc":{"line":51,"column":12},"id":6292,"file":"D:\\WORK\\2022\\论文相关\\benchmark\\miniapp\\998二手挖机圈\\_-1965603458_27\\pages\\answertop\\index.js"}}]},{"leftVar":[{"declaredName":"e","declaredLoc":{"line":64,"column":12},"file":"D:\\WORK\\2022\\论文相关\\benchmark\\miniapp\\998二手挖机圈\\_-1965603458_27\\pages\\answertop\\index.js"}],"readFlow":[{"type":"assign to","from":{"name":"this","loc":{"line":64,"column":16},"id":6409,"file":"D:\\WORK\\2022\\论文相关\\benchmark\\miniapp\\998二手挖机圈\\_-1965603458_27\\pages\\answertop\\index.js"},"to":{"name":"e","loc":{"line":64,"column":12},"id":6408,"file":"D:\\WORK\\2022\\论文相关\\benchmark\\miniapp\\998二手挖机圈\\_-1965603458_27\\pages\\answertop\\index.js"}}]}]}],"writeShadows":[{"shadowVar":{"declaredName":"__object__3.today","declaredLoc":{"line":17,"column":4},"file":"D:\\WORK\\2022\\论文相关\\benchmark\\miniapp\\998二手挖机圈\\_-1965603458_27\\pages\\answertop\\index.js"},"writeAccess":[]}]},{"propName":".gameer","readShadows":[{"shadowVar":{"declaredName":"__object__3.gameer","declaredLoc":{"line":22,"column":4},"file":"D:\\WORK\\2022\\论文相关\\benchmark\\miniapp\\998二手挖机圈\\_-1965603458_27\\pages\\answertop\\index.js"},"readAccess":[{"leftVar":[{"declaredName":"e","declaredLoc":{"line":12,"column":12},"file":"D:\\WORK\\2022\\论文相关\\benchmark\\miniapp\\998二手挖机圈\\_-1965603458_27\\pages\\answertop\\index.js"}],"readFlow":[{"type":"assign to","from":{"name":"this","loc":{"line":12,"column":16},"id":6146,"file":"D:\\WORK\\2022\\论文相关\\benchmark\\miniapp\\998二手挖机圈\\_-1965603458_27\\pages\\answertop\\index.js"},"to":{"name":"e","loc":{"line":12,"column":12},"id":6145,"file":"D:\\WORK\\2022\\论文相关\\benchmark\\miniapp\\998二手挖机圈\\_-1965603458_27\\pages\\answertop\\index.js"}}]},{"leftVar":[{"declaredName":"a","declaredLoc":{"line":51,"column":12},"file":"D:\\WORK\\2022\\论文相关\\benchmark\\miniapp\\998二手挖机圈\\_-1965603458_27\\pages\\answertop\\index.js"}],"readFlow":[{"type":"assign to","from":{"name":"this","loc":{"line":51,"column":16},"id":6293,"file":"D:\\WORK\\2022\\论文相关\\benchmark\\miniapp\\998二手挖机圈\\_-1965603458_27\\pages\\answertop\\index.js"},"to":{"name":"a","loc":{"line":51,"column":12},"id":6292,"file":"D:\\WORK\\2022\\论文相关\\benchmark\\miniapp\\998二手挖机圈\\_-1965603458_27\\pages\\answertop\\index.js"}}]},{"leftVar":[{"declaredName":"e","declaredLoc":{"line":64,"column":12},"file":"D:\\WORK\\2022\\论文相关\\benchmark\\miniapp\\998二手挖机圈\\_-1965603458_27\\pages\\answertop\\index.js"}],"readFlow":[{"type":"assign to","from":{"name":"this","loc":{"line":64,"column":16},"id":6409,"file":"D:\\WORK\\2022\\论文相关\\benchmark\\miniapp\\998二手挖机圈\\_-1965603458_27\\pages\\answertop\\index.js"},"to":{"name":"e","loc":{"line":64,"column":12},"id":6408,"file":"D:\\WORK\\2022\\论文相关\\benchmark\\miniapp\\998二手挖机圈\\_-1965603458_27\\pages\\answertop\\index.js"}}]}]}],"writeShadows":[{"shadowVar":{"declaredName":"__object__3.gameer","declaredLoc":{"line":22,"column":4},"file":"D:\\WORK\\2022\\论文相关\\benchmark\\miniapp\\998二手挖机圈\\_-1965603458_27\\pages\\answertop\\index.js"},"writeAccess":[]}]},{"propName":".yestoday","readShadows":[{"shadowVar":{"declaredName":"__object__3.yestoday","declaredLoc":{"line":40,"column":4},"file":"D:\\WORK\\2022\\论文相关\\benchmark\\miniapp\\998二手挖机圈\\_-1965603458_27\\pages\\answertop\\index.js"},"readAccess":[{"leftVar":[{"declaredName":"e","declaredLoc":{"line":12,"column":12},"file":"D:\\WORK\\2022\\论文相关\\benchmark\\miniapp\\998二手挖机圈\\_-1965603458_27\\pages\\answertop\\index.js"}],"readFlow":[{"type":"assign to","from":{"name":"this","loc":{"line":12,"column":16},"id":6146,"file":"D:\\WORK\\2022\\论文相关\\benchmark\\miniapp\\998二手挖机圈\\_-1965603458_27\\pages\\answertop\\index.js"},"to":{"name":"e","loc":{"line":12,"column":12},"id":6145,"file":"D:\\WORK\\2022\\论文相关\\benchmark\\miniapp\\998二手挖机圈\\_-1965603458_27\\pages\\answertop\\index.js"}}]},{"leftVar":[{"declaredName":"__object__41.active","declaredLoc":{"line":42,"column":12},"file":"D:\\WORK\\2022\\论文相关\\benchmark\\miniapp\\998二手挖机圈\\_-1965603458_27\\pages\\answertop\\index.js"}],"readFlow":[{"type":"assign to","from":{"name":"'yestoday'","loc":{"line":42,"column":20},"id":6266,"file":"D:\\WORK\\2022\\论文相关\\benchmark\\miniapp\\998二手挖机圈\\_-1965603458_27\\pages\\answertop\\index.js"},"to":{"name":"active","loc":{"line":42,"column":12},"id":6265,"file":"D:\\WORK\\2022\\论文相关\\benchmark\\miniapp\\998二手挖机圈\\_-1965603458_27\\pages\\answertop\\index.js"}},{"type":"to callee","from":{"name":"active","loc":{"line":42,"column":12},"id":6265,"file":"D:\\WORK\\2022\\论文相关\\benchmark\\miniapp\\998二手挖机圈\\_-1965603458_27\\pages\\answertop\\index.js"},"to":{"name":"this.setData","loc":{"line":41,"column":34},"id":6260,"file":"D:\\WORK\\2022\\论文相关\\benchmark\\miniapp\\998二手挖机圈\\_-1965603458_27\\pages\\answertop\\index.js"}}]},{"leftVar":[{"declaredName":"a","declaredLoc":{"line":51,"column":12},"file":"D:\\WORK\\2022\\论文相关\\benchmark\\miniapp\\998二手挖机圈\\_-1965603458_27\\pages\\answertop\\index.js"}],"readFlow":[{"type":"assign to","from":{"name":"this","loc":{"line":51,"column":16},"id":6293,"file":"D:\\WORK\\2022\\论文相关\\benchmark\\miniapp\\998二手挖机圈\\_-1965603458_27\\pages\\answertop\\index.js"},"to":{"name":"a","loc":{"line":51,"column":12},"id":6292,"file":"D:\\WORK\\2022\\论文相关\\benchmark\\miniapp\\998二手挖机圈\\_-1965603458_27\\pages\\answertop\\index.js"}}]},{"leftVar":[{"declaredName":"e","declaredLoc":{"line":64,"column":12},"file":"D:\\WORK\\2022\\论文相关\\benchmark\\miniapp\\998二手挖机圈\\_-1965603458_27\\pages\\answertop\\index.js"}],"readFlow":[{"type":"assign to","from":{"name":"this","loc":{"line":64,"column":16},"id":6409,"file":"D:\\WORK\\2022\\论文相关\\benchmark\\miniapp\\998二手挖机圈\\_-1965603458_27\\pages\\answertop\\index.js"},"to":{"name":"e","loc":{"line":64,"column":12},"id":6408,"file":"D:\\WORK\\2022\\论文相关\\benchmark\\miniapp\\998二手挖机圈\\_-1965603458_27\\pages\\answertop\\index.js"}}]}]}],"writeShadows":[{"shadowVar":{"declaredName":"__object__3.yestoday","declaredLoc":{"line":40,"column":4},"file":"D:\\WORK\\2022\\论文相关\\benchmark\\miniapp\\998二手挖机圈\\_-1965603458_27\\pages\\answertop\\index.js"},"writeAccess":[]}]},{"propName":".weeks","readShadows":[{"shadowVar":{"declaredName":"__object__3.weeks","declaredLoc":{"line":45,"column":4},"file":"D:\\WORK\\2022\\论文相关\\benchmark\\miniapp\\998二手挖机圈\\_-1965603458_27\\pages\\answertop\\index.js"},"readAccess":[{"leftVar":[{"declaredName":"e","declaredLoc":{"line":12,"column":12},"file":"D:\\WORK\\2022\\论文相关\\benchmark\\miniapp\\998二手挖机圈\\_-1965603458_27\\pages\\answertop\\index.js"}],"readFlow":[{"type":"assign to","from":{"name":"this","loc":{"line":12,"column":16},"id":6146,"file":"D:\\WORK\\2022\\论文相关\\benchmark\\miniapp\\998二手挖机圈\\_-1965603458_27\\pages\\answertop\\index.js"},"to":{"name":"e","loc":{"line":12,"column":12},"id":6145,"file":"D:\\WORK\\2022\\论文相关\\benchmark\\miniapp\\998二手挖机圈\\_-1965603458_27\\pages\\answertop\\index.js"}}]},{"leftVar":[{"declaredName":"__object__46.active","declaredLoc":{"line":47,"column":12},"file":"D:\\WORK\\2022\\论文相关\\benchmark\\miniapp\\998二手挖机圈\\_-1965603458_27\\pages\\answertop\\index.js"}],"readFlow":[{"type":"assign to","from":{"name":"'weeks'","loc":{"line":47,"column":20},"id":6285,"file":"D:\\WORK\\2022\\论文相关\\benchmark\\miniapp\\998二手挖机圈\\_-1965603458_27\\pages\\answertop\\index.js"},"to":{"name":"active","loc":{"line":47,"column":12},"id":6284,"file":"D:\\WORK\\2022\\论文相关\\benchmark\\miniapp\\998二手挖机圈\\_-1965603458_27\\pages\\answertop\\index.js"}},{"type":"to callee","from":{"name":"active","loc":{"line":47,"column":12},"id":6284,"file":"D:\\WORK\\2022\\论文相关\\benchmark\\miniapp\\998二手挖机圈\\_-1965603458_27\\pages\\answertop\\index.js"},"to":{"name":"this.setData","loc":{"line":46,"column":31},"id":6279,"file":"D:\\WORK\\2022\\论文相关\\benchmark\\miniapp\\998二手挖机圈\\_-1965603458_27\\pages\\answertop\\index.js"}}]},{"leftVar":[{"declaredName":"a","declaredLoc":{"line":51,"column":12},"file":"D:\\WORK\\2022\\论文相关\\benchmark\\miniapp\\998二手挖机圈\\_-1965603458_27\\pages\\answertop\\index.js"}],"readFlow":[{"type":"assign to","from":{"name":"this","loc":{"line":51,"column":16},"id":6293,"file":"D:\\WORK\\2022\\论文相关\\benchmark\\miniapp\\998二手挖机圈\\_-1965603458_27\\pages\\answertop\\index.js"},"to":{"name":"a","loc":{"line":51,"column":12},"id":6292,"file":"D:\\WORK\\2022\\论文相关\\benchmark\\miniapp\\998二手挖机圈\\_-1965603458_27\\pages\\answertop\\index.js"}}]},{"leftVar":[{"declaredName":"e","declaredLoc":{"line":64,"column":12},"file":"D:\\WORK\\2022\\论文相关\\benchmark\\miniapp\\998二手挖机圈\\_-1965603458_27\\pages\\answertop\\index.js"}],"readFlow":[{"type":"assign to","from":{"name":"this","loc":{"line":64,"column":16},"id":6409,"file":"D:\\WORK\\2022\\论文相关\\benchmark\\miniapp\\998二手挖机圈\\_-1965603458_27\\pages\\answertop\\index.js"},"to":{"name":"e","loc":{"line":64,"column":12},"id":6408,"file":"D:\\WORK\\2022\\论文相关\\benchmark\\miniapp\\998二手挖机圈\\_-1965603458_27\\pages\\answertop\\index.js"}}]}]}],"writeShadows":[{"shadowVar":{"declaredName":"__object__3.weeks","declaredLoc":{"line":45,"column":4},"file":"D:\\WORK\\2022\\论文相关\\benchmark\\miniapp\\998二手挖机圈\\_-1965603458_27\\pages\\answertop\\index.js"},"writeAccess":[]}]},{"propName":".loadmore","readShadows":[{"shadowVar":{"declaredName":"__object__3.loadmore","declaredLoc":{"line":50,"column":4},"file":"D:\\WORK\\2022\\论文相关\\benchmark\\miniapp\\998二手挖机圈\\_-1965603458_27\\pages\\answertop\\index.js"},"readAccess":[{"leftVar":[{"declaredName":"e","declaredLoc":{"line":12,"column":12},"file":"D:\\WORK\\2022\\论文相关\\benchmark\\miniapp\\998二手挖机圈\\_-1965603458_27\\pages\\answertop\\index.js"}],"readFlow":[{"type":"assign to","from":{"name":"this","loc":{"line":12,"column":16},"id":6146,"file":"D:\\WORK\\2022\\论文相关\\benchmark\\miniapp\\998二手挖机圈\\_-1965603458_27\\pages\\answertop\\index.js"},"to":{"name":"e","loc":{"line":12,"column":12},"id":6145,"file":"D:\\WORK\\2022\\论文相关\\benchmark\\miniapp\\998二手挖机圈\\_-1965603458_27\\pages\\answertop\\index.js"}}]},{"leftVar":[{"declaredName":"a","declaredLoc":{"line":51,"column":12},"file":"D:\\WORK\\2022\\论文相关\\benchmark\\miniapp\\998二手挖机圈\\_-1965603458_27\\pages\\answertop\\index.js"}],"readFlow":[{"type":"assign to","from":{"name":"this","loc":{"line":51,"column":16},"id":6293,"file":"D:\\WORK\\2022\\论文相关\\benchmark\\miniapp\\998二手挖机圈\\_-1965603458_27\\pages\\answertop\\index.js"},"to":{"name":"a","loc":{"line":51,"column":12},"id":6292,"file":"D:\\WORK\\2022\\论文相关\\benchmark\\miniapp\\998二手挖机圈\\_-1965603458_27\\pages\\answertop\\index.js"}}]},{"leftVar":[{"declaredName":"e","declaredLoc":{"line":64,"column":12},"file":"D:\\WORK\\2022\\论文相关\\benchmark\\miniapp\\998二手挖机圈\\_-1965603458_27\\pages\\answertop\\index.js"}],"readFlow":[{"type":"assign to","from":{"name":"this","loc":{"line":64,"column":16},"id":6409,"file":"D:\\WORK\\2022\\论文相关\\benchmark\\miniapp\\998二手挖机圈\\_-1965603458_27\\pages\\answertop\\index.js"},"to":{"name":"e","loc":{"line":64,"column":12},"id":6408,"file":"D:\\WORK\\2022\\论文相关\\benchmark\\miniapp\\998二手挖机圈\\_-1965603458_27\\pages\\answertop\\index.js"}}]}]}],"writeShadows":[{"shadowVar":{"declaredName":"__object__3.loadmore","declaredLoc":{"line":50,"column":4},"file":"D:\\WORK\\2022\\论文相关\\benchmark\\miniapp\\998二手挖机圈\\_-1965603458_27\\pages\\answertop\\index.js"},"writeAccess":[]}]},{"propName":".load_top","readShadows":[{"shadowVar":{"declaredName":"__object__3.load_top","declaredLoc":{"line":63,"column":4},"file":"D:\\WORK\\2022\\论文相关\\benchmark\\miniapp\\998二手挖机圈\\_-1965603458_27\\pages\\answertop\\index.js"},"readAccess":[{"leftVar":[{"declaredName":"e","declaredLoc":{"line":12,"column":12},"file":"D:\\WORK\\2022\\论文相关\\benchmark\\miniapp\\998二手挖机圈\\_-1965603458_27\\pages\\answertop\\index.js"}],"readFlow":[{"type":"assign to","from":{"name":"this","loc":{"line":12,"column":16},"id":6146,"file":"D:\\WORK\\2022\\论文相关\\benchmark\\miniapp\\998二手挖机圈\\_-1965603458_27\\pages\\answertop\\index.js"},"to":{"name":"e","loc":{"line":12,"column":12},"id":6145,"file":"D:\\WORK\\2022\\论文相关\\benchmark\\miniapp\\998二手挖机圈\\_-1965603458_27\\pages\\answertop\\index.js"}}]},{"leftVar":[{"declaredName":"a","declaredLoc":{"line":51,"column":12},"file":"D:\\WORK\\2022\\论文相关\\benchmark\\miniapp\\998二手挖机圈\\_-1965603458_27\\pages\\answertop\\index.js"}],"readFlow":[{"type":"assign to","from":{"name":"this","loc":{"line":51,"column":16},"id":6293,"file":"D:\\WORK\\2022\\论文相关\\benchmark\\miniapp\\998二手挖机圈\\_-1965603458_27\\pages\\answertop\\index.js"},"to":{"name":"a","loc":{"line":51,"column":12},"id":6292,"file":"D:\\WORK\\2022\\论文相关\\benchmark\\miniapp\\998二手挖机圈\\_-1965603458_27\\pages\\answertop\\index.js"}}]},{"leftVar":[{"declaredName":"e","declaredLoc":{"line":64,"column":12},"file":"D:\\WORK\\2022\\论文相关\\benchmark\\miniapp\\998二手挖机圈\\_-1965603458_27\\pages\\answertop\\index.js"}],"readFlow":[{"type":"assign to","from":{"name":"this","loc":{"line":64,"column":16},"id":6409,"file":"D:\\WORK\\2022\\论文相关\\benchmark\\miniapp\\998二手挖机圈\\_-1965603458_27\\pages\\answertop\\index.js"},"to":{"name":"e","loc":{"line":64,"column":12},"id":6408,"file":"D:\\WORK\\2022\\论文相关\\benchmark\\miniapp\\998二手挖机圈\\_-1965603458_27\\pages\\answertop\\index.js"}}]}]}],"writeShadows":[{"shadowVar":{"declaredName":"__object__3.load_top","declaredLoc":{"line":63,"column":4},"file":"D:\\WORK\\2022\\论文相关\\benchmark\\miniapp\\998二手挖机圈\\_-1965603458_27\\pages\\answertop\\index.js"},"writeAccess":[]}]},{"propName":".redo","readShadows":[{"shadowVar":{"declaredName":"__object__3.redo","declaredLoc":{"line":86,"column":4},"file":"D:\\WORK\\2022\\论文相关\\benchmark\\miniapp\\998二手挖机圈\\_-1965603458_27\\pages\\answertop\\index.js"},"readAccess":[{"leftVar":[{"declaredName":"e","declaredLoc":{"line":12,"column":12},"file":"D:\\WORK\\2022\\论文相关\\benchmark\\miniapp\\998二手挖机圈\\_-1965603458_27\\pages\\answertop\\index.js"}],"readFlow":[{"type":"assign to","from":{"name":"this","loc":{"line":12,"column":16},"id":6146,"file":"D:\\WORK\\2022\\论文相关\\benchmark\\miniapp\\998二手挖机圈\\_-1965603458_27\\pages\\answertop\\index.js"},"to":{"name":"e","loc":{"line":12,"column":12},"id":6145,"file":"D:\\WORK\\2022\\论文相关\\benchmark\\miniapp\\998二手挖机圈\\_-1965603458_27\\pages\\answertop\\index.js"}}]},{"leftVar":[{"declaredName":"a","declaredLoc":{"line":51,"column":12},"file":"D:\\WORK\\2022\\论文相关\\benchmark\\miniapp\\998二手挖机圈\\_-1965603458_27\\pages\\answertop\\index.js"}],"readFlow":[{"type":"assign to","from":{"name":"this","loc":{"line":51,"column":16},"id":6293,"file":"D:\\WORK\\2022\\论文相关\\benchmark\\miniapp\\998二手挖机圈\\_-1965603458_27\\pages\\answertop\\index.js"},"to":{"name":"a","loc":{"line":51,"column":12},"id":6292,"file":"D:\\WORK\\2022\\论文相关\\benchmark\\miniapp\\998二手挖机圈\\_-1965603458_27\\pages\\answertop\\index.js"}}]},{"leftVar":[{"declaredName":"e","declaredLoc":{"line":64,"column":12},"file":"D:\\WORK\\2022\\论文相关\\benchmark\\miniapp\\998二手挖机圈\\_-1965603458_27\\pages\\answertop\\index.js"}],"readFlow":[{"type":"assign to","from":{"name":"this","loc":{"line":64,"column":16},"id":6409,"file":"D:\\WORK\\2022\\论文相关\\benchmark\\miniapp\\998二手挖机圈\\_-1965603458_27\\pages\\answertop\\index.js"},"to":{"name":"e","loc":{"line":64,"column":12},"id":6408,"file":"D:\\WORK\\2022\\论文相关\\benchmark\\miniapp\\998二手挖机圈\\_-1965603458_27\\pages\\answertop\\index.js"}}]}]}],"writeShadows":[{"shadowVar":{"declaredName":"__object__3.redo","declaredLoc":{"line":86,"column":4},"file":"D:\\WORK\\2022\\论文相关\\benchmark\\miniapp\\998二手挖机圈\\_-1965603458_27\\pages\\answertop\\index.js"},"writeAccess":[]}]},{"propName":".onShareAppMessage","readShadows":[{"shadowVar":{"declaredName":"__object__3.onShareAppMessage","declaredLoc":{"line":91,"column":4},"file":"D:\\WORK\\2022\\论文相关\\benchmark\\miniapp\\998二手挖机圈\\_-1965603458_27\\pages\\answertop\\index.js"},"readAccess":[{"leftVar":[{"declaredName":"e","declaredLoc":{"line":12,"column":12},"file":"D:\\WORK\\2022\\论文相关\\benchmark\\miniapp\\998二手挖机圈\\_-1965603458_27\\pages\\answertop\\index.js"}],"readFlow":[{"type":"assign to","from":{"name":"this","loc":{"line":12,"column":16},"id":6146,"file":"D:\\WORK\\2022\\论文相关\\benchmark\\miniapp\\998二手挖机圈\\_-1965603458_27\\pages\\answertop\\index.js"},"to":{"name":"e","loc":{"line":12,"column":12},"id":6145,"file":"D:\\WORK\\2022\\论文相关\\benchmark\\miniapp\\998二手挖机圈\\_-1965603458_27\\pages\\answertop\\index.js"}}]},{"leftVar":[{"declaredName":"a","declaredLoc":{"line":51,"column":12},"file":"D:\\WORK\\2022\\论文相关\\benchmark\\miniapp\\998二手挖机圈\\_-1965603458_27\\pages\\answertop\\index.js"}],"readFlow":[{"type":"assign to","from":{"name":"this","loc":{"line":51,"column":16},"id":6293,"file":"D:\\WORK\\2022\\论文相关\\benchmark\\miniapp\\998二手挖机圈\\_-1965603458_27\\pages\\answertop\\index.js"},"to":{"name":"a","loc":{"line":51,"column":12},"id":6292,"file":"D:\\WORK\\2022\\论文相关\\benchmark\\miniapp\\998二手挖机圈\\_-1965603458_27\\pages\\answertop\\index.js"}}]},{"leftVar":[{"declaredName":"e","declaredLoc":{"line":64,"column":12},"file":"D:\\WORK\\2022\\论文相关\\benchmark\\miniapp\\998二手挖机圈\\_-1965603458_27\\pages\\answertop\\index.js"}],"readFlow":[{"type":"assign to","from":{"name":"this","loc":{"line":64,"column":16},"id":6409,"file":"D:\\WORK\\2022\\论文相关\\benchmark\\miniapp\\998二手挖机圈\\_-1965603458_27\\pages\\answertop\\index.js"},"to":{"name":"e","loc":{"line":64,"column":12},"id":6408,"file":"D:\\WORK\\2022\\论文相关\\benchmark\\miniapp\\998二手挖机圈\\_-1965603458_27\\pages\\answertop\\index.js"}}]}]}],"writeShadows":[{"shadowVar":{"declaredName":"__object__3.onShareAppMessage","declaredLoc":{"line":91,"column":4},"file":"D:\\WORK\\2022\\论文相关\\benchmark\\miniapp\\998二手挖机圈\\_-1965603458_27\\pages\\answertop\\index.js"},"writeAccess":[]}]}]},{"shadowObjectVar":"a","dynamicDefinedProps":[{"propName":".data.data.slice","readShadows":[{"shadowVar":{"declaredName":"a.data.data.slice","file":"D:\\WORK\\2022\\论文相关\\benchmark\\miniapp\\998二手挖机圈\\_-1965603458_27\\pages\\answertop\\index.js"},"readAccess":[{"leftVar":[{"declaredName":"__object__4.topdata","declaredLoc":{"line":6,"column":8},"file":"D:\\WORK\\2022\\论文相关\\benchmark\\miniapp\\998二手挖机圈\\_-1965603458_27\\pages\\answertop\\index.js"}],"readFlow":[{"type":"assign to","from":{"name":"e.data.datalist.slice","loc":{"line":78,"column":99},"id":6488,"file":"D:\\WORK\\2022\\论文相关\\benchmark\\miniapp\\998二手挖机圈\\_-1965603458_27\\pages\\answertop\\index.js"},"to":{"name":"e.data.topdata","loc":{"line":78,"column":82},"id":6482,"file":"D:\\WORK\\2022\\论文相关\\benchmark\\miniapp\\998二手挖机圈\\_-1965603458_27\\pages\\answertop\\index.js"}},{"type":"read","from":{"name":"e.data.topdata","loc":{"line":78,"column":82},"id":6482,"file":"D:\\WORK\\2022\\论文相关\\benchmark\\miniapp\\998二手挖机圈\\_-1965603458_27\\pages\\answertop\\index.js"},"to":{"name":"e.data.topdata","loc":{"line":80,"column":29},"id":6512,"file":"D:\\WORK\\2022\\论文相关\\benchmark\\miniapp\\998二手挖机圈\\_-1965603458_27\\pages\\answertop\\index.js"}},{"type":"assign to","from":{"name":"e.data.topdata","loc":{"line":80,"column":29},"id":6512,"file":"D:\\WORK\\2022\\论文相关\\benchmark\\miniapp\\998二手挖机圈\\_-1965603458_27\\pages\\answertop\\index.js"},"to":{"name":"topdata","loc":{"line":80,"column":20},"id":6511,"file":"D:\\WORK\\2022\\论文相关\\benchmark\\miniapp\\998二手挖机圈\\_-1965603458_27\\pages\\answertop\\index.js"}},{"type":"to callee","from":{"name":"topdata","loc":{"line":80,"column":20},"id":6511,"file":"D:\\WORK\\2022\\论文相关\\benchmark\\miniapp\\998二手挖机圈\\_-1965603458_27\\pages\\answertop\\index.js"},"to":{"name":"e.setData","loc":{"line":79,"column":35},"id":6506,"file":"D:\\WORK\\2022\\论文相关\\benchmark\\miniapp\\998二手挖机圈\\_-1965603458_27\\pages\\answertop\\index.js"}}]}]}],"writeShadows":[{"shadowVar":{"declaredName":"a.data.data.slice","file":"D:\\WORK\\2022\\论文相关\\benchmark\\miniapp\\998二手挖机圈\\_-1965603458_27\\pages\\answertop\\index.js"},"writeAccess":[]}]}]}]}