[{"id": 0, "type": "[document]", "string": null, "attribute": {}, "referenceVariable": [], "referenceFunction": [], "style": [], "inheritClass": null, "wxss": [], "page": null, "path": "D:\\WORK\\2021\\MPDF\\baseline\\ui\\班级帮\\createclass.wxml", "child": [1], "parent": null, "matchString": [{"type": "relation", "string": "班级名称"}, {"type": "relation", "string": "请输入"}, {"type": "relation", "string": "学段类型"}, {"type": "relation", "string": "{{ranges}}"}, {"type": "relation", "string": "name"}, {"type": "relation", "string": "请选择"}, {"type": "relation", "string": "您的姓名"}, {"type": "relation", "string": "\n\t\t\t确定创建班级\n\t\t"}]}, {"id": 1, "type": "view", "string": null, "attribute": {"class": ["createclass", "wx-color1"]}, "referenceVariable": [], "referenceFunction": [], "style": [], "inheritClass": null, "wxss": [], "page": null, "path": "D:\\WORK\\2021\\MPDF\\baseline\\ui\\班级帮\\createclass.wxml", "child": [2, 21], "parent": 0, "matchString": [{"type": "relation", "string": "班级名称"}, {"type": "relation", "string": "请输入"}, {"type": "relation", "string": "学段类型"}, {"type": "relation", "string": "{{ranges}}"}, {"type": "relation", "string": "name"}, {"type": "relation", "string": "请选择"}, {"type": "relation", "string": "您的姓名"}, {"type": "relation", "string": "\n\t\t\t确定创建班级\n\t\t"}]}, {"id": 2, "type": "view", "string": null, "attribute": {"class": ["wxform", "wx-color1"]}, "referenceVariable": [], "referenceFunction": [], "style": [], "inheritClass": null, "wxss": [], "page": null, "path": "D:\\WORK\\2021\\MPDF\\baseline\\ui\\班级帮\\createclass.wxml", "child": [3, 8, 16], "parent": 1, "matchString": [{"type": "relation", "string": "班级名称"}, {"type": "relation", "string": "请输入"}, {"type": "relation", "string": "学段类型"}, {"type": "relation", "string": "{{ranges}}"}, {"type": "relation", "string": "name"}, {"type": "relation", "string": "请选择"}, {"type": "relation", "string": "您的姓名"}]}, {"id": 3, "type": "view", "string": null, "attribute": {"class": ["wxform-item", "wxform-blockitem"]}, "referenceVariable": [], "referenceFunction": [], "style": [], "inheritClass": null, "wxss": [], "page": null, "path": "D:\\WORK\\2021\\MPDF\\baseline\\ui\\班级帮\\createclass.wxml", "child": [4, 5], "parent": 2, "matchString": [{"type": "relation", "string": "班级名称"}, {"type": "relation", "string": "请输入"}]}, {"id": 4, "type": "view", "string": "班级名称", "attribute": {"class": ["wxform-label"]}, "referenceVariable": [], "referenceFunction": [], "style": [], "inheritClass": null, "wxss": [], "page": null, "path": "D:\\WORK\\2021\\MPDF\\baseline\\ui\\班级帮\\createclass.wxml", "child": [], "parent": 3, "matchString": [{"type": "self", "string": "班级名称"}]}, {"id": 5, "type": "view", "string": null, "attribute": {"class": ["wxform-blockitem-wrap"]}, "referenceVariable": [], "referenceFunction": [], "style": [], "inheritClass": null, "wxss": [], "page": null, "path": "D:\\WORK\\2021\\MPDF\\baseline\\ui\\班级帮\\createclass.wxml", "child": [6], "parent": 3, "matchString": [{"type": "relation", "string": "请输入"}]}, {"id": 6, "type": "view", "string": null, "attribute": {"class": ["wxform-field"]}, "referenceVariable": [], "referenceFunction": [], "style": [], "inheritClass": null, "wxss": [], "page": null, "path": "D:\\WORK\\2021\\MPDF\\baseline\\ui\\班级帮\\createclass.wxml", "child": [7], "parent": 5, "matchString": [{"type": "relation", "string": "请输入"}]}, {"id": 7, "type": "input", "string": null, "attribute": {"bindinput": "changeClassName", "class": ["wxform-input"], "placeholder": "请输入", "type": "text"}, "referenceVariable": [], "referenceFunction": ["changeClassName"], "style": [], "inheritClass": null, "wxss": [], "page": null, "path": "D:\\WORK\\2021\\MPDF\\baseline\\ui\\班级帮\\createclass.wxml", "child": [], "parent": 6, "matchString": [{"type": "attr", "string": "请输入"}]}, {"id": 8, "type": "view", "string": null, "attribute": {"class": ["wxform-item", "wxform-blockitem"]}, "referenceVariable": [], "referenceFunction": [], "style": [], "inheritClass": null, "wxss": [], "page": null, "path": "D:\\WORK\\2021\\MPDF\\baseline\\ui\\班级帮\\createclass.wxml", "child": [9, 10], "parent": 2, "matchString": [{"type": "relation", "string": "学段类型"}, {"type": "relation", "string": "{{ranges}}"}, {"type": "relation", "string": "name"}, {"type": "relation", "string": "请选择"}]}, {"id": 9, "type": "view", "string": "学段类型", "attribute": {"class": ["wxform-label"]}, "referenceVariable": [], "referenceFunction": [], "style": [], "inheritClass": null, "wxss": [], "page": null, "path": "D:\\WORK\\2021\\MPDF\\baseline\\ui\\班级帮\\createclass.wxml", "child": [], "parent": 8, "matchString": [{"type": "self", "string": "学段类型"}]}, {"id": 10, "type": "view", "string": null, "attribute": {"class": ["wxform-blockitem-wrap"]}, "referenceVariable": [], "referenceFunction": [], "style": [], "inheritClass": null, "wxss": [], "page": null, "path": "D:\\WORK\\2021\\MPDF\\baseline\\ui\\班级帮\\createclass.wxml", "child": [11], "parent": 8, "matchString": [{"type": "relation", "string": "{{ranges}}"}, {"type": "relation", "string": "name"}, {"type": "relation", "string": "请选择"}]}, {"id": 11, "type": "view", "string": null, "attribute": {"class": ["wxform-field"]}, "referenceVariable": [], "referenceFunction": [], "style": [], "inheritClass": null, "wxss": [], "page": null, "path": "D:\\WORK\\2021\\MPDF\\baseline\\ui\\班级帮\\createclass.wxml", "child": [12], "parent": 10, "matchString": [{"type": "relation", "string": "{{ranges}}"}, {"type": "relation", "string": "name"}, {"type": "relation", "string": "请选择"}]}, {"id": 12, "type": "picker", "string": null, "attribute": {"bindchange": "pickerChange", "mode": "selector", "range": "{{ranges}}", "rangekey": "name", "value": "{{pickerVal}}"}, "referenceVariable": ["ranges", "pickerVal"], "referenceFunction": ["pickerChange"], "style": [], "inheritClass": null, "wxss": [], "page": null, "path": "D:\\WORK\\2021\\MPDF\\baseline\\ui\\班级帮\\createclass.wxml", "child": [13], "parent": 11, "matchString": [{"type": "attr", "string": "{{ranges}}"}, {"type": "attr", "string": "name"}, {"type": "relation", "string": "请选择"}]}, {"id": 13, "type": "view", "string": null, "attribute": {"class": ["picker-wrap"]}, "referenceVariable": [], "referenceFunction": [], "style": [], "inheritClass": null, "wxss": [], "page": null, "path": "D:\\WORK\\2021\\MPDF\\baseline\\ui\\班级帮\\createclass.wxml", "child": [14, 15], "parent": 12, "matchString": [{"type": "relation", "string": "请选择"}]}, {"id": 14, "type": "input", "string": null, "attribute": {"class": ["wxform-input"], "disabled": "{{true}}", "placeholder": "请选择", "type": "text", "value": "{{pickerLabel}}"}, "referenceVariable": ["true", "pickerLabel"], "referenceFunction": [], "style": [], "inheritClass": null, "wxss": [], "page": null, "path": "D:\\WORK\\2021\\MPDF\\baseline\\ui\\班级帮\\createclass.wxml", "child": [], "parent": 13, "matchString": [{"type": "attr", "string": "请选择"}]}, {"id": 15, "type": "view", "string": null, "attribute": {"class": ["wxfont", "wxfont-arrow-right", "wx-color4"]}, "referenceVariable": [], "referenceFunction": [], "style": [], "inheritClass": null, "wxss": [], "page": null, "path": "D:\\WORK\\2021\\MPDF\\baseline\\ui\\班级帮\\createclass.wxml", "child": [], "parent": 13, "matchString": []}, {"id": 16, "type": "view", "string": null, "attribute": {"class": ["wxform-item", "wxform-blockitem", "bottom1px"]}, "referenceVariable": [], "referenceFunction": [], "style": [], "inheritClass": null, "wxss": [], "page": null, "path": "D:\\WORK\\2021\\MPDF\\baseline\\ui\\班级帮\\createclass.wxml", "child": [17, 18], "parent": 2, "matchString": [{"type": "relation", "string": "您的姓名"}, {"type": "relation", "string": "请输入"}]}, {"id": 17, "type": "view", "string": "您的姓名", "attribute": {"class": ["wxform-label"]}, "referenceVariable": [], "referenceFunction": [], "style": [], "inheritClass": null, "wxss": [], "page": null, "path": "D:\\WORK\\2021\\MPDF\\baseline\\ui\\班级帮\\createclass.wxml", "child": [], "parent": 16, "matchString": [{"type": "self", "string": "您的姓名"}]}, {"id": 18, "type": "view", "string": null, "attribute": {"class": ["wxform-blockitem-wrap"]}, "referenceVariable": [], "referenceFunction": [], "style": [], "inheritClass": null, "wxss": [], "page": null, "path": "D:\\WORK\\2021\\MPDF\\baseline\\ui\\班级帮\\createclass.wxml", "child": [19], "parent": 16, "matchString": [{"type": "relation", "string": "请输入"}]}, {"id": 19, "type": "view", "string": null, "attribute": {"class": ["wxform-field"]}, "referenceVariable": [], "referenceFunction": [], "style": [], "inheritClass": null, "wxss": [], "page": null, "path": "D:\\WORK\\2021\\MPDF\\baseline\\ui\\班级帮\\createclass.wxml", "child": [20], "parent": 18, "matchString": [{"type": "relation", "string": "请输入"}]}, {"id": 20, "type": "input", "string": null, "attribute": {"bindinput": "changeTeaName", "class": ["wxform-input"], "placeholder": "请输入", "type": "text"}, "referenceVariable": [], "referenceFunction": ["changeTeaName"], "style": [], "inheritClass": null, "wxss": [], "page": null, "path": "D:\\WORK\\2021\\MPDF\\baseline\\ui\\班级帮\\createclass.wxml", "child": [], "parent": 19, "matchString": [{"type": "attr", "string": "请输入"}]}, {"id": 21, "type": "view", "string": null, "attribute": {"class": ["opbox"]}, "referenceVariable": [], "referenceFunction": [], "style": [], "inheritClass": null, "wxss": [], "page": null, "path": "D:\\WORK\\2021\\MPDF\\baseline\\ui\\班级帮\\createclass.wxml", "child": [22], "parent": 1, "matchString": [{"type": "relation", "string": "\n\t\t\t确定创建班级\n\t\t"}]}, {"id": 22, "type": "view", "string": "\n\t\t\t确定创建班级\n\t\t", "attribute": {"bindtap": "doCreate", "class": ["btn", "wx-color-bg"]}, "referenceVariable": [], "referenceFunction": ["doCreate"], "style": [], "inheritClass": null, "wxss": [], "page": null, "path": "D:\\WORK\\2021\\MPDF\\baseline\\ui\\班级帮\\createclass.wxml", "child": [], "parent": 21, "matchString": [{"type": "self", "string": "\n\t\t\t确定创建班级\n\t\t"}]}]