[{"file":"/app.js","source2sink":{"source":["wx.getStorageSync","wx.login","wx.getSetting","wx.getUserInfo"],"sink":["wx.request","wx.setStorageSync"],"pairsOfSource2Sink":[{"source":"wx.login","sink":"wx.request","visitedContent":["n","n.code","o","o","o","authcode","params","params","e","e.url","e.url","e.params","e.params","i","e.method","e.method","a","a","i","e.success","e.success","n","a","a","t","t","t[i]","a","a","e","e.key","e.timestamp","e","e.key","e[i]","a","url","e.fail","e.fail","r","r","n","a","e.complete","e.complete","s","s","s","r","r","method","data","e.notUseCodeZero","e.notUseCodeZero","c","s","s","s","e.noDefaultFail","e.noDefaultFail","l","c","e.callAjaxNoUser","e.callAjaxNoUser","f","f","f","e.header","e.header","g","e.host","d","g","e.url","d","header"],"uiString":[]},{"source":"wx.login","sink":"wx.request","visitedContent":["n","n.code","o","o","o","authcode","params","params","e","e.url","e.url","e.params","e.params","i","e.method","e.method","a","a","i","e.success","e.success","n","a","a","t","t","t[i]","a","a","e","e.key","e.timestamp","e","e.key","e[i]","a","url","e.fail","e.fail","r","r","n","a","e.complete","e.complete","s","s","s","r","r","method","data","e.notUseCodeZero","e.notUseCodeZero","c","s","s","s","e.noDefaultFail","e.noDefaultFail","l","c","e.callAjaxNoUser","e.callAjaxNoUser","f","f","f","e.header","e.header","g","e.host","d","g","e.url","d","header"],"uiString":[]},{"source":"wx.login","sink":"wx.request","visitedContent":["n","n.code","o","o","o","authcode","params","params","e","e.url","e.url","e.params","e.params","i","e.method","e.method","a","a","i","e.success","e.success","n","a","a","t","t","t[i]","a","a","e","e.key","e.timestamp","e","e.key","e[i]","a","url","e.fail","e.fail","r","r","n","a","e.complete","e.complete","s","s","s","r","r","method","data","e.notUseCodeZero","e.notUseCodeZero","c","s","s","s","e.noDefaultFail","e.noDefaultFail","l","c","e.callAjaxNoUser","e.callAjaxNoUser","f","f","f","e.header","e.header","g","e.host","d","g","e.url","d","header"],"uiString":[]},{"source":"wx.login","sink":"wx.request","visitedContent":["n","n.code","o","o","o","authcode","params","params","e","e.url","e.url","e.params","e.params","i","e.method","e.method","a","a","i","e.success","e.success","n","a","a","t","t","t[i]","a","a","e","e.key","e.timestamp","e","e.key","e[i]","a","url","e.fail","e.fail","r","r","n","a","e.complete","e.complete","s","s","s","r","r","method","data","e.notUseCodeZero","e.notUseCodeZero","c","s","s","s","e.noDefaultFail","e.noDefaultFail","l","c","e.callAjaxNoUser","e.callAjaxNoUser","f","f","f","e.header","e.header","g","e.host","d","g","e.url","d","header"],"uiString":[]},{"source":"wx.getUserInfo","sink":"wx.setStorageSync","visitedContent":["n","n.userInfo","n.userInfo","o.gender","o.gender","o","o.avatarUrl","o.avatarUrl","gender","o","o","o.nickName","avatar","params","params","e","e.url","e.url","e.params","e.params","i","e.method","e.method","a","a","i","e.success","e.success","n","a","a","t","t","t[i]","a","a","e","e.key","e.timestamp","e","e.key","e[i]","a","url","e.fail","e.fail","r","r","n","a","e.complete","e.complete","s","s","s","r","r","method","data","e.notUseCodeZero","e.notUseCodeZero","c","s","s","s","e.noDefaultFail","e.noDefaultFail","l","c","e.callAjaxNoUser","e.callAjaxNoUser","f","f","f","e.header","e.header","g","e.host","d","g","e.url","d","header","o","nick"],"uiString":[]},{"source":"wx.getUserInfo","sink":"wx.request","visitedContent":["n","n.userInfo","n.userInfo","o.gender","o.gender","o","o.avatarUrl","o.avatarUrl","gender","o","o","o.nickName","avatar","params","params","e","e.url","e.url","e.params","e.params","i","e.method","e.method","a","a","i","e.success","e.success","n","a","a","t","t","t[i]","a","a","e","e.key","e.timestamp","e","e.key","e[i]","a","url","e.fail","e.fail","r","r","n","a","e.complete","e.complete","s","s","s","r","r","method","data","e.notUseCodeZero","e.notUseCodeZero","c","s","s","s","e.noDefaultFail","e.noDefaultFail","l","c","e.callAjaxNoUser","e.callAjaxNoUser","f","f","f","e.header","e.header","g","e.host","d","g","e.url","d","header","o","nick"],"uiString":[]},{"source":"wx.getUserInfo","sink":"wx.request","visitedContent":["n","n.userInfo","n.userInfo","o.gender","o.gender","o","o.avatarUrl","o.avatarUrl","gender","o","o","o.nickName","avatar","params","params","e","e.url","e.url","e.params","e.params","i","e.method","e.method","a","a","i","e.success","e.success","n","a","a","t","t","t[i]","a","a","e","e.key","e.timestamp","e","e.key","e[i]","a","url","e.fail","e.fail","r","r","n","a","e.complete","e.complete","s","s","s","r","r","method","data","e.notUseCodeZero","e.notUseCodeZero","c","s","s","s","e.noDefaultFail","e.noDefaultFail","l","c","e.callAjaxNoUser","e.callAjaxNoUser","f","f","f","e.header","e.header","g","e.host","d","g","e.url","d","header","o","nick"],"uiString":[]},{"source":"wx.getUserInfo","sink":"wx.request","visitedContent":["n","n.userInfo","n.userInfo","o.gender","o.gender","o","o.avatarUrl","o.avatarUrl","gender","o","o","o.nickName","avatar","params","params","e","e.url","e.url","e.params","e.params","i","e.method","e.method","a","a","i","e.success","e.success","n","a","a","t","t","t[i]","a","a","e","e.key","e.timestamp","e","e.key","e[i]","a","url","e.fail","e.fail","r","r","n","a","e.complete","e.complete","s","s","s","r","r","method","data","e.notUseCodeZero","e.notUseCodeZero","c","s","s","s","e.noDefaultFail","e.noDefaultFail","l","c","e.callAjaxNoUser","e.callAjaxNoUser","f","f","f","e.header","e.header","g","e.host","d","g","e.url","d","header","o","nick"],"uiString":[]},{"source":"wx.getUserInfo","sink":"wx.request","visitedContent":["n","n.userInfo","n.userInfo","o.gender","o.gender","o","o.avatarUrl","o.avatarUrl","gender","o","o","o.nickName","avatar","params","params","e","e.url","e.url","e.params","e.params","i","e.method","e.method","a","a","i","e.success","e.success","n","a","a","t","t","t[i]","a","a","e","e.key","e.timestamp","e","e.key","e[i]","a","url","e.fail","e.fail","r","r","n","a","e.complete","e.complete","s","s","s","r","r","method","data","e.notUseCodeZero","e.notUseCodeZero","c","s","s","s","e.noDefaultFail","e.noDefaultFail","l","c","e.callAjaxNoUser","e.callAjaxNoUser","f","f","f","e.header","e.header","g","e.host","d","g","e.url","d","header","o","nick"],"uiString":[]}]}},{"file":"/utils/mta_analysis.js","source2sink":{"source":["wx.getNetworkType","wx.getSystemInfoSync","wx.getStorageSync","wx.request"],"sink":[],"pairsOfSource2Sink":[]}},{"file":"/utils/util.js","source2sink":{"source":["wx.getSystemInfoSync","wx.getStorageSync","wx.request","wx.getSetting","wx.downloadFile"],"sink":["wx.request","wx.setStorageSync","wx.saveImageToPhotosAlbum"],"pairsOfSource2Sink":[{"source":"wx.getStorageSync","sink":"wx.request","visitedContent":["wx.getStorageSync","wx.getStorageSync","wx.getStorageSync","wx.getStorageSync","wx.getStorageSync","wx.getStorageSync","wx.getStorageSync","wx.getStorageSync","wx.getStorageSync","wx.getStorageSync","wx.getStorageSync","wx.getStorageSync","a","m","m","t","i","i","n","t","i","user_id","user_id","data","data","r","a","m","m","t","i.length","n","t","i","i","e","e","token","params","params","e","e.url","e.url","e.params","e.params","i","e.method","e.method","a","a","i","e.success","e.success","n","a","a","t","t","t[i]","a","a","e","e.key","e.timestamp","e","e.key","e[i]","a","url","e.fail","e.fail","r","r","n","a","e.complete","e.complete","s","s","s","r","r","method","data","e.notUseCodeZero","e.notUseCodeZero","c","s","s","s","e.noDefaultFail","e.noDefaultFail","l","c","e.callAjaxNoUser","e.callAjaxNoUser","f","f","f","e.header","e.header","g","e.host","d","g","e.url","d","header","e","e","r","a","a.user_id","i[a]","params","r","a","a","e","e.key","e.timestamp","e","e.key","e[i]","a","i.splice","r","a","i.unshift","o.share_user_id","data","i","o"],"uiString":[]},{"source":"wx.getStorageSync","sink":"wx.request","visitedContent":["wx.getStorageSync","wx.getStorageSync","wx.getStorageSync","wx.getStorageSync","wx.getStorageSync","wx.getStorageSync","wx.getStorageSync","wx.getStorageSync","wx.getStorageSync","wx.getStorageSync","wx.getStorageSync","wx.getStorageSync","a","m","m","t","i","i","n","t","i","user_id","user_id","data","data","r","a","m","m","t","i.length","n","t","i","i","e","e","token","params","params","e","e.url","e.url","e.params","e.params","i","e.method","e.method","a","a","i","e.success","e.success","n","a","a","t","t","t[i]","a","a","e","e.key","e.timestamp","e","e.key","e[i]","a","url","e.fail","e.fail","r","r","n","a","e.complete","e.complete","s","s","s","r","r","method","data","e.notUseCodeZero","e.notUseCodeZero","c","s","s","s","e.noDefaultFail","e.noDefaultFail","l","c","e.callAjaxNoUser","e.callAjaxNoUser","f","f","f","e.header","e.header","g","e.host","d","g","e.url","d","header","e","e","r","a","a.user_id","i[a]","params","r","a","a","e","e.key","e.timestamp","e","e.key","e[i]","a","i.splice","r","a","i.unshift","o.share_user_id","data","i","o"],"uiString":[]},{"source":"wx.getStorageSync","sink":"wx.request","visitedContent":["wx.getStorageSync","wx.getStorageSync","wx.getStorageSync","wx.getStorageSync","wx.getStorageSync","wx.getStorageSync","wx.getStorageSync","wx.getStorageSync","wx.getStorageSync","wx.getStorageSync","wx.getStorageSync","wx.getStorageSync","a","m","m","t","i","i","n","t","i","user_id","user_id","data","data","r","a","m","m","t","i.length","n","t","i","i","e","e","token","params","params","e","e.url","e.url","e.params","e.params","i","e.method","e.method","a","a","i","e.success","e.success","n","a","a","t","t","t[i]","a","a","e","e.key","e.timestamp","e","e.key","e[i]","a","url","e.fail","e.fail","r","r","n","a","e.complete","e.complete","s","s","s","r","r","method","data","e.notUseCodeZero","e.notUseCodeZero","c","s","s","s","e.noDefaultFail","e.noDefaultFail","l","c","e.callAjaxNoUser","e.callAjaxNoUser","f","f","f","e.header","e.header","g","e.host","d","g","e.url","d","header","e","e","r","a","a.user_id","i[a]","params","r","a","a","e","e.key","e.timestamp","e","e.key","e[i]","a","i.splice","r","a","i.unshift","o.share_user_id","data","i","o"],"uiString":[]},{"source":"wx.getStorageSync","sink":"wx.request","visitedContent":["wx.getStorageSync","wx.getStorageSync","wx.getStorageSync","wx.getStorageSync","wx.getStorageSync","wx.getStorageSync","wx.getStorageSync","wx.getStorageSync","wx.getStorageSync","wx.getStorageSync","wx.getStorageSync","wx.getStorageSync","a","m","m","t","i","i","n","t","i","user_id","user_id","data","data","r","a","m","m","t","i.length","n","t","i","i","e","e","token","params","params","e","e.url","e.url","e.params","e.params","i","e.method","e.method","a","a","i","e.success","e.success","n","a","a","t","t","t[i]","a","a","e","e.key","e.timestamp","e","e.key","e[i]","a","url","e.fail","e.fail","r","r","n","a","e.complete","e.complete","s","s","s","r","r","method","data","e.notUseCodeZero","e.notUseCodeZero","c","s","s","s","e.noDefaultFail","e.noDefaultFail","l","c","e.callAjaxNoUser","e.callAjaxNoUser","f","f","f","e.header","e.header","g","e.host","d","g","e.url","d","header","e","e","r","a","a.user_id","i[a]","params","r","a","a","e","e.key","e.timestamp","e","e.key","e[i]","a","i.splice","r","a","i.unshift","o.share_user_id","data","i","o"],"uiString":[]},{"source":"wx.getStorageSync","sink":"wx.request","visitedContent":["wx.getStorageSync","wx.getStorageSync","wx.getStorageSync","wx.getStorageSync","wx.getStorageSync","wx.getStorageSync","wx.getStorageSync","wx.getStorageSync","wx.getStorageSync","wx.getStorageSync","wx.getStorageSync","wx.getStorageSync","a","m","m","t","i","i","n","t","i","user_id","user_id","data","data","r","a","m","m","t","i.length","n","t","i","i","e","e","token","params","params","e","e.url","e.url","e.params","e.params","i","e.method","e.method","a","a","i","e.success","e.success","n","a","a","t","t","t[i]","a","a","e","e.key","e.timestamp","e","e.key","e[i]","a","url","e.fail","e.fail","r","r","n","a","e.complete","e.complete","s","s","s","r","r","method","data","e.notUseCodeZero","e.notUseCodeZero","c","s","s","s","e.noDefaultFail","e.noDefaultFail","l","c","e.callAjaxNoUser","e.callAjaxNoUser","f","f","f","e.header","e.header","g","e.host","d","g","e.url","d","header","e","e","r","a","a.user_id","i[a]","params","r","a","a","e","e.key","e.timestamp","e","e.key","e[i]","a","i.splice","r","a","i.unshift","o.share_user_id","data","i","o"],"uiString":[]},{"source":"wx.getStorageSync","sink":"wx.setStorageSync","visitedContent":["wx.getStorageSync","wx.getStorageSync","wx.getStorageSync","wx.getStorageSync","wx.getStorageSync","wx.getStorageSync","wx.getStorageSync","wx.getStorageSync","wx.getStorageSync","wx.getStorageSync","wx.getStorageSync","wx.getStorageSync","a","m","m","t","i","i","n","t","i","user_id","user_id","data","data","r","a","m","m","t","i.length","n","t","i","i","e","e","token","params","params","e","e.url","e.url","e.params","e.params","i","e.method","e.method","a","a","i","e.success","e.success","n","a","a","t","t","t[i]","a","a","e","e.key","e.timestamp","e","e.key","e[i]","a","url","e.fail","e.fail","r","r","n","a","e.complete","e.complete","s","s","s","r","r","method","data","e.notUseCodeZero","e.notUseCodeZero","c","s","s","s","e.noDefaultFail","e.noDefaultFail","l","c","e.callAjaxNoUser","e.callAjaxNoUser","f","f","f","e.header","e.header","g","e.host","d","g","e.url","d","header","e","e","r","a","a.user_id","i[a]","params","r","a","a","e","e.key","e.timestamp","e","e.key","e[i]","a","i.splice","r","a","i.unshift","o.share_user_id","data","i","o"],"uiString":[]},{"source":"wx.downloadFile","sink":"wx.saveImageToPhotosAlbum","visitedContent":["e","e.statusCode","e.tempFilePath","e.tempFilePath","e","e","e","e","e","t","t","t","e","e","e","e","e","e","filePath"],"uiString":[]}]}},{"file":"/components/common-buttons/common-buttons.js","source2sink":{"source":["wx.getStorageSync"],"sink":[],"pairsOfSource2Sink":[]}},{"file":"/components/go-wiki-button/go-wiki-button.js","source2sink":{"source":["wx.getStorageSync"],"sink":[],"pairsOfSource2Sink":[]}},{"file":"/components/relate-recommend/relate-recommend.js","source2sink":{"source":["wx.getStorageSync"],"sink":[],"pairsOfSource2Sink":[]}},{"file":"/components/subscribe-button/subscribe-button.js","source2sink":{"source":["wx.getStorageSync"],"sink":[],"pairsOfSource2Sink":[]}},{"file":"/components/tag/tag.js","source2sink":{"source":["wx.getStorageSync"],"sink":[],"pairsOfSource2Sink":[]}},{"file":"/components/three-images/three-images.js","source2sink":{"source":["wx.getStorageSync"],"sink":[],"pairsOfSource2Sink":[]}},{"file":"/pages/addText/addText.js","source2sink":{"source":["wx.getSystemInfo","wx.getStorageSync","wx.request","wx.chooseImage","wx.downloadFile","getUserInfo","changePhoto","inputBlur","focus","inputChange"],"sink":["wx.uploadFile","wx.request"],"pairsOfSource2Sink":[{"source":"wx.getStorageSync","sink":"wx.uploadFile","visitedContent":["wx.getStorageSync","user_id","formData"],"uiString":[]},{"source":"wx.chooseImage","sink":"wx.request","visitedContent":["e","e.tempFilePaths[0]","i","i","i","i","i","i","i","t","t","t","t","t","t","t","t","t","t","t","t","t","url","url","url","i"],"uiString":[]}]}},{"file":"/pages/bindPhone/bindPhone.js","source2sink":{"source":["wx.getStorageSync","inputPhone","inputCode","confirm","sendCode"],"sink":[],"pairsOfSource2Sink":[]}},{"file":"/pages/dtyz/dtyz.js","source2sink":{"source":["wx.getStorageSync"],"sink":[],"pairsOfSource2Sink":[]}},{"file":"/pages/dynamicWiki/dynamicWiki.js","source2sink":{"source":["wx.getStorage","wx.getStorageSync"],"sink":[],"pairsOfSource2Sink":[]}},{"file":"/pages/guide/guide.js","source2sink":{"source":["wx.getStorageSync","getUserInfo","toStart"],"sink":[],"pairsOfSource2Sink":[]}},{"file":"/pages/imageDetail/imageDetail.js","source2sink":{"source":["wx.getStorageSync","wx.downloadFile","changeImg","fun"],"sink":["wx.saveImageToPhotosAlbum","wx.request"],"pairsOfSource2Sink":[{"source":"wx.downloadFile","sink":"wx.saveImageToPhotosAlbum","visitedContent":["e","e.statusCode","e.tempFilePath","e.tempFilePath","e","e","e","e","e","t","t","t","e","e","e","e","e","e","filePath"],"uiString":[]},{"source":"changeImg","sink":"wx.request","visitedContent":["e","e.target.dataset.type","e.detail.formId","e.detail.formId","e","e","form_id","params","params","e","e.url","e.url","e.params","e.params","i","e.method","e.method","a","a","i","e.success","e.success","n","a","a","t","t","t[i]","a","a","e","e.key","e.timestamp","e","e.key","e[i]","a","url","e.fail","e.fail","r","r","n","a","e.complete","e.complete","s","s","s","r","r","method","data","e.notUseCodeZero","e.notUseCodeZero","c","s","s","s","e.noDefaultFail","e.noDefaultFail","l","c","e.callAjaxNoUser","e.callAjaxNoUser","f","f","f","e.header","e.header","g","e.host","d","g","e.url","d","header"],"uiString":["submit","上一张","changeImg"]},{"source":"changeImg","sink":"wx.request","visitedContent":["e","e.target.dataset.type","e.detail.formId","e.detail.formId","e","e","form_id","params","params","e","e.url","e.url","e.params","e.params","i","e.method","e.method","a","a","i","e.success","e.success","n","a","a","t","t","t[i]","a","a","e","e.key","e.timestamp","e","e.key","e[i]","a","url","e.fail","e.fail","r","r","n","a","e.complete","e.complete","s","s","s","r","r","method","data","e.notUseCodeZero","e.notUseCodeZero","c","s","s","s","e.noDefaultFail","e.noDefaultFail","l","c","e.callAjaxNoUser","e.callAjaxNoUser","f","f","f","e.header","e.header","g","e.host","d","g","e.url","d","header"],"uiString":["submit","上一张","changeImg"]},{"source":"changeImg","sink":"wx.request","visitedContent":["e","e.target.dataset.type","e.detail.formId","e.detail.formId","e","e","form_id","params","params","e","e.url","e.url","e.params","e.params","i","e.method","e.method","a","a","i","e.success","e.success","n","a","a","t","t","t[i]","a","a","e","e.key","e.timestamp","e","e.key","e[i]","a","url","e.fail","e.fail","r","r","n","a","e.complete","e.complete","s","s","s","r","r","method","data","e.notUseCodeZero","e.notUseCodeZero","c","s","s","s","e.noDefaultFail","e.noDefaultFail","l","c","e.callAjaxNoUser","e.callAjaxNoUser","f","f","f","e.header","e.header","g","e.host","d","g","e.url","d","header"],"uiString":["submit","上一张","changeImg"]},{"source":"changeImg","sink":"wx.request","visitedContent":["e","e.target.dataset.type","e.detail.formId","e.detail.formId","e","e","form_id","params","params","e","e.url","e.url","e.params","e.params","i","e.method","e.method","a","a","i","e.success","e.success","n","a","a","t","t","t[i]","a","a","e","e.key","e.timestamp","e","e.key","e[i]","a","url","e.fail","e.fail","r","r","n","a","e.complete","e.complete","s","s","s","r","r","method","data","e.notUseCodeZero","e.notUseCodeZero","c","s","s","s","e.noDefaultFail","e.noDefaultFail","l","c","e.callAjaxNoUser","e.callAjaxNoUser","f","f","f","e.header","e.header","g","e.host","d","g","e.url","d","header"],"uiString":["submit","上一张","changeImg"]},{"source":"changeImg","sink":"wx.request","visitedContent":["e","e.target.dataset.type","e.detail.formId","e.detail.formId","e","e","form_id","params","params","e","e.url","e.url","e.params","e.params","i","e.method","e.method","a","a","i","e.success","e.success","n","a","a","t","t","t[i]","a","a","e","e.key","e.timestamp","e","e.key","e[i]","a","url","e.fail","e.fail","r","r","n","a","e.complete","e.complete","s","s","s","r","r","method","data","e.notUseCodeZero","e.notUseCodeZero","c","s","s","s","e.noDefaultFail","e.noDefaultFail","l","c","e.callAjaxNoUser","e.callAjaxNoUser","f","f","f","e.header","e.header","g","e.host","d","g","e.url","d","header"],"uiString":["submit","下一张","changeImg"]},{"source":"changeImg","sink":"wx.request","visitedContent":["e","e.target.dataset.type","e.detail.formId","e.detail.formId","e","e","form_id","params","params","e","e.url","e.url","e.params","e.params","i","e.method","e.method","a","a","i","e.success","e.success","n","a","a","t","t","t[i]","a","a","e","e.key","e.timestamp","e","e.key","e[i]","a","url","e.fail","e.fail","r","r","n","a","e.complete","e.complete","s","s","s","r","r","method","data","e.notUseCodeZero","e.notUseCodeZero","c","s","s","s","e.noDefaultFail","e.noDefaultFail","l","c","e.callAjaxNoUser","e.callAjaxNoUser","f","f","f","e.header","e.header","g","e.host","d","g","e.url","d","header"],"uiString":["submit","下一张","changeImg"]},{"source":"changeImg","sink":"wx.request","visitedContent":["e","e.target.dataset.type","e.detail.formId","e.detail.formId","e","e","form_id","params","params","e","e.url","e.url","e.params","e.params","i","e.method","e.method","a","a","i","e.success","e.success","n","a","a","t","t","t[i]","a","a","e","e.key","e.timestamp","e","e.key","e[i]","a","url","e.fail","e.fail","r","r","n","a","e.complete","e.complete","s","s","s","r","r","method","data","e.notUseCodeZero","e.notUseCodeZero","c","s","s","s","e.noDefaultFail","e.noDefaultFail","l","c","e.callAjaxNoUser","e.callAjaxNoUser","f","f","f","e.header","e.header","g","e.host","d","g","e.url","d","header"],"uiString":["submit","下一张","changeImg"]},{"source":"changeImg","sink":"wx.request","visitedContent":["e","e.target.dataset.type","e.detail.formId","e.detail.formId","e","e","form_id","params","params","e","e.url","e.url","e.params","e.params","i","e.method","e.method","a","a","i","e.success","e.success","n","a","a","t","t","t[i]","a","a","e","e.key","e.timestamp","e","e.key","e[i]","a","url","e.fail","e.fail","r","r","n","a","e.complete","e.complete","s","s","s","r","r","method","data","e.notUseCodeZero","e.notUseCodeZero","c","s","s","s","e.noDefaultFail","e.noDefaultFail","l","c","e.callAjaxNoUser","e.callAjaxNoUser","f","f","f","e.header","e.header","g","e.host","d","g","e.url","d","header"],"uiString":["submit","下一张","changeImg"]},{"source":"fun","sink":"wx.request","visitedContent":["e","e.currentTarget.dataset.index","e.currentTarget.dataset.index","e.detail.formId","e.detail.formId","e","e","form_id","params","params","e","e.url","e.url","e.params","e.params","i","e.method","e.method","a","a","i","e.success","e.success","n","a","a","t","t","t[i]","a","a","e","e.key","e.timestamp","e","e.key","e[i]","a","url","e.fail","e.fail","r","r","n","a","e.complete","e.complete","s","s","s","r","r","method","data","e.notUseCodeZero","e.notUseCodeZero","c","s","s","s","e.noDefaultFail","e.noDefaultFail","l","c","e.callAjaxNoUser","e.callAjaxNoUser","f","f","f","e.header","e.header","g","e.host","d","g","e.url","d","header","a","a","a"],"uiString":["submit","{{item.type||''}}","{{item.text}}","fun"]},{"source":"fun","sink":"wx.request","visitedContent":["e","e.currentTarget.dataset.index","e.currentTarget.dataset.index","e.detail.formId","e.detail.formId","e","e","form_id","params","params","e","e.url","e.url","e.params","e.params","i","e.method","e.method","a","a","i","e.success","e.success","n","a","a","t","t","t[i]","a","a","e","e.key","e.timestamp","e","e.key","e[i]","a","url","e.fail","e.fail","r","r","n","a","e.complete","e.complete","s","s","s","r","r","method","data","e.notUseCodeZero","e.notUseCodeZero","c","s","s","s","e.noDefaultFail","e.noDefaultFail","l","c","e.callAjaxNoUser","e.callAjaxNoUser","f","f","f","e.header","e.header","g","e.host","d","g","e.url","d","header","a","a","a"],"uiString":["submit","{{item.type||''}}","{{item.text}}","fun"]},{"source":"fun","sink":"wx.request","visitedContent":["e","e.currentTarget.dataset.index","e.currentTarget.dataset.index","e.detail.formId","e.detail.formId","e","e","form_id","params","params","e","e.url","e.url","e.params","e.params","i","e.method","e.method","a","a","i","e.success","e.success","n","a","a","t","t","t[i]","a","a","e","e.key","e.timestamp","e","e.key","e[i]","a","url","e.fail","e.fail","r","r","n","a","e.complete","e.complete","s","s","s","r","r","method","data","e.notUseCodeZero","e.notUseCodeZero","c","s","s","s","e.noDefaultFail","e.noDefaultFail","l","c","e.callAjaxNoUser","e.callAjaxNoUser","f","f","f","e.header","e.header","g","e.host","d","g","e.url","d","header","a","a","a"],"uiString":["submit","{{item.type||''}}","{{item.text}}","fun"]},{"source":"fun","sink":"wx.request","visitedContent":["e","e.currentTarget.dataset.index","e.currentTarget.dataset.index","e.detail.formId","e.detail.formId","e","e","form_id","params","params","e","e.url","e.url","e.params","e.params","i","e.method","e.method","a","a","i","e.success","e.success","n","a","a","t","t","t[i]","a","a","e","e.key","e.timestamp","e","e.key","e[i]","a","url","e.fail","e.fail","r","r","n","a","e.complete","e.complete","s","s","s","r","r","method","data","e.notUseCodeZero","e.notUseCodeZero","c","s","s","s","e.noDefaultFail","e.noDefaultFail","l","c","e.callAjaxNoUser","e.callAjaxNoUser","f","f","f","e.header","e.header","g","e.host","d","g","e.url","d","header","a","a","a"],"uiString":["submit","{{item.type||''}}","{{item.text}}","fun"]}]}},{"file":"/pages/index/index.js","source2sink":{"source":["wx.getStorageSync"],"sink":[],"pairsOfSource2Sink":[]}},{"file":"/pages/ipEvent/ipEvent.js","source2sink":{"source":["wx.getStorageSync","formSubmit"],"sink":["wx.request"],"pairsOfSource2Sink":[{"source":"formSubmit","sink":"wx.request","visitedContent":["i","i.detail.formId","i.detail.formId","e","e","form_id","params","params","e","e.url","e.url","e.params","e.params","i","e.method","e.method","a","a","i","e.success","e.success","n","a","a","t","t","t[i]","a","a","e","e.key","e.timestamp","e","e.key","e[i]","a","url","e.fail","e.fail","r","r","n","a","e.complete","e.complete","s","s","s","r","r","method","data","e.notUseCodeZero","e.notUseCodeZero","c","s","s","s","e.noDefaultFail","e.noDefaultFail","l","c","e.callAjaxNoUser","e.callAjaxNoUser","f","f","f","e.header","e.header","g","e.host","d","g","e.url","d","header"],"uiString":["submit","share","转发","formSubmit"]},{"source":"formSubmit","sink":"wx.request","visitedContent":["i","i.detail.formId","i.detail.formId","e","e","form_id","params","params","e","e.url","e.url","e.params","e.params","i","e.method","e.method","a","a","i","e.success","e.success","n","a","a","t","t","t[i]","a","a","e","e.key","e.timestamp","e","e.key","e[i]","a","url","e.fail","e.fail","r","r","n","a","e.complete","e.complete","s","s","s","r","r","method","data","e.notUseCodeZero","e.notUseCodeZero","c","s","s","s","e.noDefaultFail","e.noDefaultFail","l","c","e.callAjaxNoUser","e.callAjaxNoUser","f","f","f","e.header","e.header","g","e.host","d","g","e.url","d","header"],"uiString":["submit","share","转发","formSubmit"]},{"source":"formSubmit","sink":"wx.request","visitedContent":["i","i.detail.formId","i.detail.formId","e","e","form_id","params","params","e","e.url","e.url","e.params","e.params","i","e.method","e.method","a","a","i","e.success","e.success","n","a","a","t","t","t[i]","a","a","e","e.key","e.timestamp","e","e.key","e[i]","a","url","e.fail","e.fail","r","r","n","a","e.complete","e.complete","s","s","s","r","r","method","data","e.notUseCodeZero","e.notUseCodeZero","c","s","s","s","e.noDefaultFail","e.noDefaultFail","l","c","e.callAjaxNoUser","e.callAjaxNoUser","f","f","f","e.header","e.header","g","e.host","d","g","e.url","d","header"],"uiString":["submit","share","转发","formSubmit"]},{"source":"formSubmit","sink":"wx.request","visitedContent":["i","i.detail.formId","i.detail.formId","e","e","form_id","params","params","e","e.url","e.url","e.params","e.params","i","e.method","e.method","a","a","i","e.success","e.success","n","a","a","t","t","t[i]","a","a","e","e.key","e.timestamp","e","e.key","e[i]","a","url","e.fail","e.fail","r","r","n","a","e.complete","e.complete","s","s","s","r","r","method","data","e.notUseCodeZero","e.notUseCodeZero","c","s","s","s","e.noDefaultFail","e.noDefaultFail","l","c","e.callAjaxNoUser","e.callAjaxNoUser","f","f","f","e.header","e.header","g","e.host","d","g","e.url","d","header"],"uiString":["submit","share","转发","formSubmit"]}]}},{"file":"/pages/my/my.js","source2sink":{"source":["wx.getStorageSync","wx.getStorage","goPage","goPageIndex"],"sink":["wx.showLoading"],"pairsOfSource2Sink":[{"source":"wx.getStorageSync","sink":"wx.showLoading","visitedContent":["wx.getStorageSync","wx.getStorageSync","wx.getStorageSync","wx.getStorageSync","title","o","e","s","s","s","o","e","s","s","s"],"uiString":[]}]}},{"file":"/pages/streamImages/streamImages.js","source2sink":{"source":["wx.getStorageSync","switchPop"],"sink":["wx.request"],"pairsOfSource2Sink":[{"source":"wx.getStorageSync","sink":"wx.request","visitedContent":["wx.getStorageSync","wx.getStorageSync","wx.getStorageSync","wx.getStorageSync","wx.getStorageSync","wx.getStorageSync","e","e","t","t","t","g","g","g","u","u","m","m","e","e","t","t","t","g","g","g","u","u","m","m","t","view_user_id","params","params","e","e.url","e.url","e.params","e.params","i","e.method","e.method","a","a","i","e.success","e.success","n","a","a","t","t","t[i]","a","a","e","e.key","e.timestamp","e","e.key","e[i]","a","url","e.fail","e.fail","r","r","n","a","e.complete","e.complete","s","s","s","r","r","method","data","e.notUseCodeZero","e.notUseCodeZero","c","s","s","s","e.noDefaultFail","e.noDefaultFail","l","c","e.callAjaxNoUser","e.callAjaxNoUser","f","f","f","e.header","e.header","g","e.host","d","g","e.url","d","header"],"uiString":[]},{"source":"wx.getStorageSync","sink":"wx.request","visitedContent":["wx.getStorageSync","wx.getStorageSync","wx.getStorageSync","wx.getStorageSync","wx.getStorageSync","wx.getStorageSync","e","e","t","t","t","g","g","g","u","u","m","m","e","e","t","t","t","g","g","g","u","u","m","m","t","view_user_id","params","params","e","e.url","e.url","e.params","e.params","i","e.method","e.method","a","a","i","e.success","e.success","n","a","a","t","t","t[i]","a","a","e","e.key","e.timestamp","e","e.key","e[i]","a","url","e.fail","e.fail","r","r","n","a","e.complete","e.complete","s","s","s","r","r","method","data","e.notUseCodeZero","e.notUseCodeZero","c","s","s","s","e.noDefaultFail","e.noDefaultFail","l","c","e.callAjaxNoUser","e.callAjaxNoUser","f","f","f","e.header","e.header","g","e.host","d","g","e.url","d","header"],"uiString":[]},{"source":"wx.getStorageSync","sink":"wx.request","visitedContent":["wx.getStorageSync","wx.getStorageSync","wx.getStorageSync","wx.getStorageSync","wx.getStorageSync","wx.getStorageSync","e","e","t","t","t","g","g","g","u","u","m","m","e","e","t","t","t","g","g","g","u","u","m","m","t","view_user_id","params","params","e","e.url","e.url","e.params","e.params","i","e.method","e.method","a","a","i","e.success","e.success","n","a","a","t","t","t[i]","a","a","e","e.key","e.timestamp","e","e.key","e[i]","a","url","e.fail","e.fail","r","r","n","a","e.complete","e.complete","s","s","s","r","r","method","data","e.notUseCodeZero","e.notUseCodeZero","c","s","s","s","e.noDefaultFail","e.noDefaultFail","l","c","e.callAjaxNoUser","e.callAjaxNoUser","f","f","f","e.header","e.header","g","e.host","d","g","e.url","d","header"],"uiString":[]},{"source":"wx.getStorageSync","sink":"wx.request","visitedContent":["wx.getStorageSync","wx.getStorageSync","wx.getStorageSync","wx.getStorageSync","wx.getStorageSync","wx.getStorageSync","e","e","t","t","t","g","g","g","u","u","m","m","e","e","t","t","t","g","g","g","u","u","m","m","t","view_user_id","params","params","e","e.url","e.url","e.params","e.params","i","e.method","e.method","a","a","i","e.success","e.success","n","a","a","t","t","t[i]","a","a","e","e.key","e.timestamp","e","e.key","e[i]","a","url","e.fail","e.fail","r","r","n","a","e.complete","e.complete","s","s","s","r","r","method","data","e.notUseCodeZero","e.notUseCodeZero","c","s","s","s","e.noDefaultFail","e.noDefaultFail","l","c","e.callAjaxNoUser","e.callAjaxNoUser","f","f","f","e.header","e.header","g","e.host","d","g","e.url","d","header"],"uiString":[]}]}},{"file":"/pages/subjectDetail/subjectDetail.js","source2sink":{"source":["wx.getStorageSync"],"sink":[],"pairsOfSource2Sink":[]}},{"file":"/pages/webview/webview.js","source2sink":{"source":["wx.getStorageSync"],"sink":[],"pairsOfSource2Sink":[]}},{"file":"/components/article-list/story-video/story-video.js","source2sink":{"source":["wx.getStorageSync"],"sink":[],"pairsOfSource2Sink":[]}},{"file":"/components/article-list/wiki-module/wiki-module.js","source2sink":{"source":["wx.getStorage","wx.getStorageSync"],"sink":[],"pairsOfSource2Sink":[]}},{"file":"/pages/dtyz/components/subscribe-core/subscribe-core.js","source2sink":{"source":["wx.getStorageSync"],"sink":[],"pairsOfSource2Sink":[]}},{"file":"/pages/dynamicWiki/components/many-images/many-images.js","source2sink":{"source":["wx.getStorageSync"],"sink":[],"pairsOfSource2Sink":[]}},{"file":"/pages/my/components/my-products/my-products.js","source2sink":{"source":["wx.getStorageSync"],"sink":[],"pairsOfSource2Sink":[]}}]