{"/app.js":[{"stained":"wx.getStorageSync","nodes":[{"name":"61","declaredName":"wx.getStorageSync('userInfo')","declaredLoc":{"line":13,"column":18},"file":"/app.js","type":"source"},{"name":"77","declaredName":"wx.getStorageSync('openCount')","declaredLoc":{"line":17,"column":19},"file":"/app.js","type":"source"}],"edges":[{"source":"1","target":"61"},{"source":"1","target":"77"}]},{"stained":"wx.login","nodes":[{"name":"25335","declaredName":"__function__9","declaredLoc":{"line":9,"column":12},"file":"/pages/dynamicWiki/dynamicWiki.js","type":"ofPageInstance: onLoad"},{"name":"25756","declaredName":"__function__20","declaredLoc":{"line":20,"column":12},"file":"/pages/gifnewsList/gifnewsList.js","type":"ofPageInstance: onLoad"},{"name":"26400","declaredName":"__function__28","declaredLoc":{"line":28,"column":12},"file":"/pages/imageDetail/imageDetail.js","type":"ofPageInstance: onLoad"},{"name":"28196","declaredName":"__function__105","declaredLoc":{"line":105,"column":12},"file":"/pages/index/index.js","type":"ofPageInstance: onLoad"},{"name":"31050","declaredName":"__function__46","declaredLoc":{"line":46,"column":12},"file":"/pages/streamImages/streamImages.js","type":"ofPageInstance: onLoad"},{"name":"33200","declaredName":"__function__14","declaredLoc":{"line":14,"column":12},"file":"/pages/subjectDetail/subjectDetail.js","type":"ofPageInstance: onLoad"},{"name":"8519","declaredName":"__function__195","declaredLoc":{"line":195,"column":19},"file":"/utils/util.js","type":"normal"},{"name":"31509","declaredName":"__function__100","declaredLoc":{"line":100,"column":17},"file":"/pages/streamImages/streamImages.js","type":"ofPageInstance: clickBanner"},{"name":"8985","declaredName":"__function__268","declaredLoc":{"line":268,"column":17},"file":"/utils/util.js","type":"normal"},{"name":"29396","declaredName":"__function__43","declaredLoc":{"line":43,"column":19},"file":"/pages/my/my.js","type":"normal"},{"name":"29405","declaredName":"__function__47","declaredLoc":{"line":47,"column":14},"file":"/pages/my/my.js","type":"ofPageInstance: callInit"},{"name":"9437","declaredName":"__function__343","declaredLoc":{"line":343,"column":21},"file":"/utils/util.js","type":"normal"},{"name":"12491","declaredName":"__function__8","declaredLoc":{"line":8,"column":21},"file":"/components/authorise/authorise.js","type":"normal"},{"name":"20420","declaredName":"__function__208","declaredLoc":{"line":208,"column":17},"file":"/pages/addText/addText.js","type":"ofPageInstance: getUserInfo"},{"name":"26181","declaredName":"__function__23","declaredLoc":{"line":23,"column":17},"file":"/pages/guide/guide.js","type":"ofPageInstance: getUserInfo"},{"name":"29385","declaredName":"__function__41","declaredLoc":{"line":41,"column":15},"file":"/pages/my/my.js","type":"ofPageInstance: authorise"},{"name":"200","declaredName":"__function__32","declaredLoc":{"line":32,"column":14},"file":"/app.js","type":"ofAppInstance: getLogin"},{"name":"208","declaredName":"wx.login({success:function(n){var...","declaredLoc":{"line":34,"column":8},"file":"/app.js","type":"source"}],"edges":[{"source":"200","target":"208"},{"source":"8519","target":"200"},{"source":"25335","target":"8519"},{"source":"25756","target":"8519"},{"source":"26400","target":"8519"},{"source":"28196","target":"8519"},{"source":"31050","target":"8519"},{"source":"33200","target":"8519"},{"source":"8985","target":"200"},{"source":"31509","target":"8985"},{"source":"9437","target":"200"},{"source":"29405","target":"9437"},{"source":"29396","target":"29405"},{"source":"12491","target":"200"},{"source":"20420","target":"200"},{"source":"26181","target":"200"},{"source":"29385","target":"200"}]},{"stained":"wx.getSetting","nodes":[{"name":"249","declaredName":"__function__43","declaredLoc":{"line":43,"column":29},"file":"/app.js","type":"normal"},{"name":"305","declaredName":"__function__60","declaredLoc":{"line":60,"column":17},"file":"/app.js","type":"ofAppInstance: _getSetting"},{"name":"314","declaredName":"wx.getSetting({success:function(t...","declaredLoc":{"line":62,"column":8},"file":"/app.js","type":"source"}],"edges":[{"source":"305","target":"314"},{"source":"249","target":"305"}]},{"stained":"wx.getUserInfo","nodes":[{"name":"321","declaredName":"__function__63","declaredLoc":{"line":63,"column":21},"file":"/app.js","type":"normal"},{"name":"31509","declaredName":"__function__100","declaredLoc":{"line":100,"column":17},"file":"/pages/streamImages/streamImages.js","type":"ofPageInstance: clickBanner"},{"name":"8985","declaredName":"__function__268","declaredLoc":{"line":268,"column":17},"file":"/utils/util.js","type":"normal"},{"name":"29396","declaredName":"__function__43","declaredLoc":{"line":43,"column":19},"file":"/pages/my/my.js","type":"normal"},{"name":"29405","declaredName":"__function__47","declaredLoc":{"line":47,"column":14},"file":"/pages/my/my.js","type":"ofPageInstance: callInit"},{"name":"9437","declaredName":"__function__343","declaredLoc":{"line":343,"column":21},"file":"/utils/util.js","type":"normal"},{"name":"392","declaredName":"__function__79","declaredLoc":{"line":79,"column":18},"file":"/app.js","type":"ofAppInstance: _getUserInfo"},{"name":"397","declaredName":"wx.getUserInfo({success:function(...","declaredLoc":{"line":80,"column":8},"file":"/app.js","type":"source"}],"edges":[{"source":"392","target":"397"},{"source":"321","target":"392"},{"source":"8985","target":"392"},{"source":"31509","target":"8985"},{"source":"9437","target":"392"},{"source":"29405","target":"9437"},{"source":"29396","target":"29405"}]}],"/utils/mta_analysis.js":[{"stained":"wx.getNetworkType","nodes":[{"name":"6161","declaredName":"__function__151","declaredLoc":{"line":151,"column":14},"file":"/utils/mta_analysis.js","type":"normal"},{"name":"3547","declaredName":"__function__563","declaredLoc":{"line":563,"column":19},"file":"/utils/event.js","type":"normal"},{"name":"6371","declaredName":"__function__172","declaredLoc":{"line":172,"column":14},"file":"/utils/mta_analysis.js","type":"normal"},{"name":"5709","declaredName":"__function__83","declaredLoc":{"line":83,"column":0},"file":"/utils/mta_analysis.js","type":"normal"},{"name":"5327","declaredName":"__function__1","declaredLoc":{"line":1,"column":0},"file":"/utils/mta_analysis.js","type":"normal"},{"name":"5332","declaredName":"wx.getNetworkType({success:functi...","declaredLoc":{"line":2,"column":4},"file":"/utils/mta_analysis.js","type":"source"}],"edges":[{"source":"5327","target":"5332"},{"source":"5709","target":"5327"},{"source":"6161","target":"5709"},{"source":"6371","target":"5709"},{"source":"3547","target":"6371"},{"source":"3547","target":"6371"}]},{"stained":"wx.getSystemInfoSync","nodes":[{"name":"6161","declaredName":"__function__151","declaredLoc":{"line":151,"column":14},"file":"/utils/mta_analysis.js","type":"normal"},{"name":"3547","declaredName":"__function__563","declaredLoc":{"line":563,"column":19},"file":"/utils/event.js","type":"normal"},{"name":"6371","declaredName":"__function__172","declaredLoc":{"line":172,"column":14},"file":"/utils/mta_analysis.js","type":"normal"},{"name":"5709","declaredName":"__function__83","declaredLoc":{"line":83,"column":0},"file":"/utils/mta_analysis.js","type":"normal"},{"name":"5348","declaredName":"__function__9","declaredLoc":{"line":9,"column":0},"file":"/utils/mta_analysis.js","type":"normal"},{"name":"5354","declaredName":"wx.getSystemInfoSync()","declaredLoc":{"line":10,"column":12},"file":"/utils/mta_analysis.js","type":"source"}],"edges":[{"source":"5348","target":"5354"},{"source":"5709","target":"5348"},{"source":"6161","target":"5709"},{"source":"6371","target":"5709"},{"source":"3547","target":"6371"},{"source":"3547","target":"6371"}]},{"stained":"wx.getStorageSync","nodes":[{"name":"6161","declaredName":"__function__151","declaredLoc":{"line":151,"column":14},"file":"/utils/mta_analysis.js","type":"normal"},{"name":"3547","declaredName":"__function__563","declaredLoc":{"line":563,"column":19},"file":"/utils/event.js","type":"normal"},{"name":"6371","declaredName":"__function__172","declaredLoc":{"line":172,"column":14},"file":"/utils/mta_analysis.js","type":"normal"},{"name":"5635","declaredName":"__function__66","declaredLoc":{"line":66,"column":0},"file":"/utils/mta_analysis.js","type":"normal"},{"name":"5665","declaredName":"__function__74","declaredLoc":{"line":74,"column":19},"file":"/utils/mta_analysis.js","type":"normal"},{"name":"5407","declaredName":"__function__22","declaredLoc":{"line":22,"column":0},"file":"/utils/mta_analysis.js","type":"normal"},{"name":"5413","declaredName":"wx.getStorageSync(h.prefix+'auid'...","declaredLoc":{"line":24,"column":15},"file":"/utils/mta_analysis.js","type":"source"},{"name":"5692","declaredName":"__function__77","declaredLoc":{"line":77,"column":16},"file":"/utils/mta_analysis.js","type":"normal"},{"name":"5451","declaredName":"__function__35","declaredLoc":{"line":35,"column":0},"file":"/utils/mta_analysis.js","type":"normal"},{"name":"5457","declaredName":"wx.getStorageSync(h.prefix+'ssid'...","declaredLoc":{"line":37,"column":15},"file":"/utils/mta_analysis.js","type":"source"},{"name":"5709","declaredName":"__function__83","declaredLoc":{"line":83,"column":0},"file":"/utils/mta_analysis.js","type":"normal"},{"name":"5745","declaredName":"wx.getStorageSync(h.prefix+'ntdat...","declaredLoc":{"line":89,"column":15},"file":"/utils/mta_analysis.js","type":"source"}],"edges":[{"source":"5407","target":"5413"},{"source":"5665","target":"5407"},{"source":"5635","target":"5665"},{"source":"6161","target":"5635"},{"source":"6371","target":"5635"},{"source":"3547","target":"6371"},{"source":"3547","target":"6371"},{"source":"5451","target":"5457"},{"source":"5692","target":"5451"},{"source":"5635","target":"5692"},{"source":"5709","target":"5745"},{"source":"6161","target":"5709"},{"source":"6371","target":"5709"}]},{"stained":"wx.request","nodes":[{"name":"6161","declaredName":"__function__151","declaredLoc":{"line":151,"column":14},"file":"/utils/mta_analysis.js","type":"normal"},{"name":"6345","declaredName":"wx.request({url:h.api_base+'?'+t....","declaredLoc":{"line":165,"column":16},"file":"/utils/mta_analysis.js","type":"source,sink"},{"name":"3547","declaredName":"__function__563","declaredLoc":{"line":563,"column":19},"file":"/utils/event.js","type":"normal"},{"name":"6371","declaredName":"__function__172","declaredLoc":{"line":172,"column":14},"file":"/utils/mta_analysis.js","type":"normal"},{"name":"6532","declaredName":"wx.request({url:h.api_base+'?'+e....","declaredLoc":{"line":181,"column":16},"file":"/utils/mta_analysis.js","type":"source,sink"}],"edges":[{"source":"6161","target":"6345"},{"source":"6371","target":"6532"},{"source":"3547","target":"6371"},{"source":"3547","target":"6371"}]}],"/utils/util.js":[{"stained":"wx.getSystemInfoSync","nodes":[{"name":"7518","declaredName":"wx.getSystemInfoSync()","declaredLoc":{"line":49,"column":191},"file":"/utils/util.js","type":"source"},{"name":"20293","declaredName":"__function__190","declaredLoc":{"line":190,"column":12},"file":"/pages/addText/addText.js","type":"ofPageInstance: onLoad"},{"name":"9605","declaredName":"__function__357","declaredLoc":{"line":357,"column":21},"file":"/utils/util.js","type":"normal"},{"name":"9658","declaredName":"wx.getSystemInfoSync()","declaredLoc":{"line":366,"column":17},"file":"/utils/util.js","type":"source"}],"edges":[{"source":"7169","target":"7518"},{"source":"9605","target":"9658"},{"source":"20293","target":"9605"}]},{"stained":"wx.getStorageSync","nodes":[{"name":"12831","declaredName":"__function__16","declaredLoc":{"line":16,"column":19},"file":"/components/go-wiki-button/go-wiki-button.js","type":"normal"},{"name":"25474","declaredName":"__function__29","declaredLoc":{"line":29,"column":16},"file":"/pages/dynamicWiki/dynamicWiki.js","type":"ofPageInstance: shareCicle"},{"name":"31865","declaredName":"__function__169","declaredLoc":{"line":169,"column":16},"file":"/pages/streamImages/streamImages.js","type":"ofPageInstance: shareCicle"},{"name":"8217","declaredName":"__function__150","declaredLoc":{"line":150,"column":15},"file":"/utils/util.js","type":"normal"},{"name":"25816","declaredName":"__function__30","declaredLoc":{"line":30,"column":23},"file":"/pages/gifnewsList/gifnewsList.js","type":"ofPageInstance: onShareAppMessage"},{"name":"28044","declaredName":"__function__82","declaredLoc":{"line":82,"column":23},"file":"/pages/index/index.js","type":"ofPageInstance: onShareAppMessage"},{"name":"11683","declaredName":"__function__657","declaredLoc":{"line":657,"column":18},"file":"/utils/util.js","type":"normal"},{"name":"25511","declaredName":"__function__33","declaredLoc":{"line":33,"column":23},"file":"/pages/dynamicWiki/dynamicWiki.js","type":"ofPageInstance: onShareAppMessage"},{"name":"26708","declaredName":"__function__79","declaredLoc":{"line":79,"column":23},"file":"/pages/imageDetail/imageDetail.js","type":"ofPageInstance: onShareAppMessage"},{"name":"32028","declaredName":"__function__186","declaredLoc":{"line":186,"column":23},"file":"/pages/streamImages/streamImages.js","type":"ofPageInstance: onShareAppMessage"},{"name":"33379","declaredName":"__function__35","declaredLoc":{"line":35,"column":23},"file":"/pages/subjectDetail/subjectDetail.js","type":"ofPageInstance: onShareAppMessage"},{"name":"7322","declaredName":"__function__26","declaredLoc":{"line":26,"column":0},"file":"/utils/util.js","type":"normal"},{"name":"7338","declaredName":"wx.getStorageSync('openCountData'...","declaredLoc":{"line":28,"column":16},"file":"/utils/util.js","type":"source"},{"name":"215","declaredName":"__function__35","declaredLoc":{"line":35,"column":21},"file":"/app.js","type":"normal"},{"name":"404","declaredName":"__function__81","declaredLoc":{"line":81,"column":21},"file":"/app.js","type":"normal"},{"name":"26400","declaredName":"__function__28","declaredLoc":{"line":28,"column":12},"file":"/pages/imageDetail/imageDetail.js","type":"ofPageInstance: onLoad"},{"name":"10231","declaredName":"__function__426","declaredLoc":{"line":426,"column":25},"file":"/utils/util.js","type":"normal"},{"name":"29374","declaredName":"__function__38","declaredLoc":{"line":38,"column":18},"file":"/pages/my/my.js","type":"ofPageInstance: sendTestData"},{"name":"10974","declaredName":"__function__551","declaredLoc":{"line":551,"column":18},"file":"/utils/util.js","type":"normal"},{"name":"14178","declaredName":"__function__9","declaredLoc":{"line":9,"column":19},"file":"/components/subscribe-button/subscribe-button.js","type":"normal"},{"name":"11643","declaredName":"__function__643","declaredLoc":{"line":643,"column":15},"file":"/utils/util.js","type":"normal"},{"name":"12163","declaredName":"__function__744","declaredLoc":{"line":744,"column":19},"file":"/utils/util.js","type":"normal"},{"name":"12276","declaredName":"__function__22","declaredLoc":{"line":22,"column":18},"file":"/components/activity-win/activity-win.js","type":"normal"},{"name":"12361","declaredName":"__function__44","declaredLoc":{"line":44,"column":21},"file":"/components/activity-win/activity-win.js","type":"normal"},{"name":"13306","declaredName":"__function__26","declaredLoc":{"line":26,"column":21},"file":"/components/relate-recommend/relate-recommend.js","type":"normal"},{"name":"22965","declaredName":"__function__518","declaredLoc":{"line":518,"column":17},"file":"/pages/addText/addText.js","type":"normal"},{"name":"24227","declaredName":"__function__20","declaredLoc":{"line":20,"column":13},"file":"/pages/bindPhone/bindPhone.js","type":"ofPageInstance: confirm"},{"name":"24595","declaredName":"__function__77","declaredLoc":{"line":77,"column":14},"file":"/pages/bindPhone/bindPhone.js","type":"ofPageInstance: sendCode"},{"name":"24934","declaredName":"__function__39","declaredLoc":{"line":39,"column":14},"file":"/pages/dtyz/dtyz.js","type":"ofPageInstance: loadData"},{"name":"25214","declaredName":"__function__14","declaredLoc":{"line":14,"column":12},"file":"/pages/dtyzAll/dtyzAll.js","type":"ofPageInstance: onLoad"},{"name":"25576","declaredName":"__function__44","declaredLoc":{"line":44,"column":14},"file":"/pages/dynamicWiki/dynamicWiki.js","type":"ofPageInstance: loadData"},{"name":"25903","declaredName":"__function__41","declaredLoc":{"line":41,"column":14},"file":"/pages/gifnewsList/gifnewsList.js","type":"ofPageInstance: loadData"},{"name":"28260","declaredName":"__function__113","declaredLoc":{"line":113,"column":14},"file":"/pages/index/index.js","type":"ofPageInstance: loadData"},{"name":"28883","declaredName":"__function__8","declaredLoc":{"line":8,"column":12},"file":"/pages/ipEvent/ipEvent.js","type":"ofPageInstance: onLoad"},{"name":"29703","declaredName":"__function__93","declaredLoc":{"line":93,"column":14},"file":"/pages/my/my.js","type":"ofPageInstance: loadData"},{"name":"29924","declaredName":"__function__135","declaredLoc":{"line":135,"column":12},"file":"/pages/my/my.js","type":"ofPageInstance: goPage"},{"name":"30299","declaredName":"__function__51","declaredLoc":{"line":51,"column":16},"file":"/pages/searchPage/searchPage.js","type":"ofPageInstance: isGoIpHome"},{"name":"30357","declaredName":"__function__61","declaredLoc":{"line":61,"column":21},"file":"/pages/searchPage/searchPage.js","type":"normal"},{"name":"30407","declaredName":"__function__74","declaredLoc":{"line":74,"column":14},"file":"/pages/searchPage/searchPage.js","type":"ofPageInstance: loadData"},{"name":"31451","declaredName":"__function__88","declaredLoc":{"line":88,"column":20},"file":"/pages/streamImages/streamImages.js","type":"ofPageInstance: activity_share"},{"name":"32217","declaredName":"__function__202","declaredLoc":{"line":202,"column":14},"file":"/pages/streamImages/streamImages.js","type":"ofPageInstance: loadData"},{"name":"33449","declaredName":"__function__47","declaredLoc":{"line":47,"column":14},"file":"/pages/subjectDetail/subjectDetail.js","type":"ofPageInstance: loadData"},{"name":"36253","declaredName":"__function__57","declaredLoc":{"line":57,"column":25},"file":"/pages/my/components/my-products/my-products.js","type":"normal"},{"name":"36694","declaredName":"__function__46","declaredLoc":{"line":46,"column":18},"file":"/pages/searchPage/components/search-default/search-default.js","type":"normal"},{"name":"7638","declaredName":"__function__58","declaredLoc":{"line":58,"column":7},"file":"/utils/util.js","type":"normal"},{"name":"7947","declaredName":"wx.getStorageSync('user_Id')","declaredLoc":{"line":96,"column":16},"file":"/utils/util.js","type":"source"},{"name":"7641","declaredName":"__function__59","declaredLoc":{"line":59,"column":4},"file":"/utils/util.js","type":"normal"},{"name":"7701","declaredName":"wx.getStorageSync('user_Id')","declaredLoc":{"line":61,"column":96},"file":"/utils/util.js","type":"source"},{"name":"25335","declaredName":"__function__9","declaredLoc":{"line":9,"column":12},"file":"/pages/dynamicWiki/dynamicWiki.js","type":"ofPageInstance: onLoad"},{"name":"25756","declaredName":"__function__20","declaredLoc":{"line":20,"column":12},"file":"/pages/gifnewsList/gifnewsList.js","type":"ofPageInstance: onLoad"},{"name":"31050","declaredName":"__function__46","declaredLoc":{"line":46,"column":12},"file":"/pages/streamImages/streamImages.js","type":"ofPageInstance: onLoad"},{"name":"33200","declaredName":"__function__14","declaredLoc":{"line":14,"column":12},"file":"/pages/subjectDetail/subjectDetail.js","type":"ofPageInstance: onLoad"},{"name":"8481","declaredName":"__function__190","declaredLoc":{"line":190,"column":15},"file":"/utils/util.js","type":"normal"},{"name":"8487","declaredName":"wx.getStorageSync('onLoad_params'...","declaredLoc":{"line":191,"column":16},"file":"/utils/util.js","type":"source"},{"name":"8495","declaredName":"wx.getStorageSync('user_Id')","declaredLoc":{"line":192,"column":15},"file":"/utils/util.js","type":"source"},{"name":"28196","declaredName":"__function__105","declaredLoc":{"line":105,"column":12},"file":"/pages/index/index.js","type":"ofPageInstance: onLoad"},{"name":"8519","declaredName":"__function__195","declaredLoc":{"line":195,"column":19},"file":"/utils/util.js","type":"normal"},{"name":"8523","declaredName":"wx.getStorageSync('user_Id')","declaredLoc":{"line":196,"column":8},"file":"/utils/util.js","type":"source"},{"name":"36671","declaredName":"__function__40","declaredLoc":{"line":40,"column":24},"file":"/pages/searchPage/components/search-default/search-default.js","type":"normal"},{"name":"36809","declaredName":"__function__68","declaredLoc":{"line":68,"column":21},"file":"/pages/searchPage/components/search-default/search-default.js","type":"normal"},{"name":"8764","declaredName":"__function__241","declaredLoc":{"line":241,"column":18},"file":"/utils/util.js","type":"normal"},{"name":"8772","declaredName":"wx.getStorageSync(e)","declaredLoc":{"line":242,"column":16},"file":"/utils/util.js","type":"source"},{"name":"34175","declaredName":"__function__31","declaredLoc":{"line":31,"column":20},"file":"/components/article-list/story-many-image/story-many-image.js","type":"normal"},{"name":"34243","declaredName":"__function__19","declaredLoc":{"line":19,"column":20},"file":"/components/article-list/story-one-image/story-one-image.js","type":"normal"},{"name":"34515","declaredName":"__function__21","declaredLoc":{"line":21,"column":20},"file":"/components/article-list/story-video/story-video.js","type":"normal"},{"name":"35939","declaredName":"__function__29","declaredLoc":{"line":29,"column":27},"file":"/pages/dynamicWiki/components/wiki-top/wiki-top.js","type":"normal"},{"name":"8840","declaredName":"__function__251","declaredLoc":{"line":251,"column":16},"file":"/utils/util.js","type":"normal"},{"name":"8959","declaredName":"wx.getStorageSync('user_Id')","declaredLoc":{"line":265,"column":16},"file":"/utils/util.js","type":"source"},{"name":"31509","declaredName":"__function__100","declaredLoc":{"line":100,"column":17},"file":"/pages/streamImages/streamImages.js","type":"ofPageInstance: clickBanner"},{"name":"8985","declaredName":"__function__268","declaredLoc":{"line":268,"column":17},"file":"/utils/util.js","type":"normal"},{"name":"9011","declaredName":"wx.getStorageSync('user_Id')","declaredLoc":{"line":274,"column":17},"file":"/utils/util.js","type":"source"},{"name":"9026","declaredName":"wx.getStorageSync('user_phone')","declaredLoc":{"line":276,"column":21},"file":"/utils/util.js","type":"source"},{"name":"29396","declaredName":"__function__43","declaredLoc":{"line":43,"column":19},"file":"/pages/my/my.js","type":"normal"},{"name":"29405","declaredName":"__function__47","declaredLoc":{"line":47,"column":14},"file":"/pages/my/my.js","type":"ofPageInstance: callInit"},{"name":"9437","declaredName":"__function__343","declaredLoc":{"line":343,"column":21},"file":"/utils/util.js","type":"normal"},{"name":"9449","declaredName":"wx.getStorageSync('timestampUserI...","declaredLoc":{"line":344,"column":42},"file":"/utils/util.js","type":"source"},{"name":"9467","declaredName":"wx.getStorageSync('openId')","declaredLoc":{"line":347,"column":24},"file":"/utils/util.js","type":"source"},{"name":"9052","declaredName":"__function__278","declaredLoc":{"line":278,"column":41},"file":"/utils/util.js","type":"normal"},{"name":"9062","declaredName":"__function__280","declaredLoc":{"line":280,"column":35},"file":"/utils/util.js","type":"normal"},{"name":"8988","declaredName":"__function__269","declaredLoc":{"line":269,"column":8},"file":"/utils/util.js","type":"normal"},{"name":"8993","declaredName":"wx.getStorageSync('user_phone')","declaredLoc":{"line":270,"column":12},"file":"/utils/util.js","type":"source"},{"name":"10992","declaredName":"wx.getStorageSync('user_Id')","declaredLoc":{"line":555,"column":29},"file":"/utils/util.js","type":"source"},{"name":"11013","declaredName":"wx.getStorageSync('openCountData'...","declaredLoc":{"line":557,"column":41},"file":"/utils/util.js","type":"source"},{"name":"11922","declaredName":"wx.getStorageSync('user_Id')","declaredLoc":{"line":700,"column":19},"file":"/utils/util.js","type":"source"},{"name":"13398","declaredName":"__function__44","declaredLoc":{"line":44,"column":18},"file":"/components/relate-recommend/relate-recommend.js","type":"normal"},{"name":"14420","declaredName":"__function__21","declaredLoc":{"line":21,"column":16},"file":"/components/tag/tag.js","type":"normal"},{"name":"27843","declaredName":"__function__49","declaredLoc":{"line":49,"column":15},"file":"/pages/index/index.js","type":"ofPageInstance: textClick"},{"name":"33891","declaredName":"__function__11","declaredLoc":{"line":11,"column":23},"file":"/components/article-list/story-big-image/story-big-image.js","type":"normal"},{"name":"34405","declaredName":"__function__31","declaredLoc":{"line":31,"column":19},"file":"/components/article-list/story-slideshow/story-slideshow.js","type":"normal"},{"name":"34771","declaredName":"__function__27","declaredLoc":{"line":27,"column":24},"file":"/components/article-list/subject-images/subject-images.js","type":"normal"},{"name":"35256","declaredName":"__function__8","declaredLoc":{"line":8,"column":16},"file":"/pages/dtyz/components/subscribe-core/subscribe-core.js","type":"normal"},{"name":"11972","declaredName":"__function__708","declaredLoc":{"line":708,"column":24},"file":"/utils/util.js","type":"normal"},{"name":"11993","declaredName":"wx.getStorageSync('user_Id')","declaredLoc":{"line":711,"column":20},"file":"/utils/util.js","type":"source"}],"edges":[{"source":"7322","target":"7338"},{"source":"8217","target":"7322"},{"source":"12831","target":"8217"},{"source":"12831","target":"8217"},{"source":"25474","target":"8217"},{"source":"31865","target":"8217"},{"source":"8217","target":"7322"},{"source":"11683","target":"7322"},{"source":"25816","target":"11683"},{"source":"28044","target":"11683"},{"source":"11683","target":"7322"},{"source":"25511","target":"7322"},{"source":"26708","target":"7322"},{"source":"26708","target":"7322"},{"source":"26708","target":"7322"},{"source":"26708","target":"7322"},{"source":"26708","target":"7322"},{"source":"32028","target":"7322"},{"source":"32028","target":"7322"},{"source":"32028","target":"7322"},{"source":"33379","target":"7322"},{"source":"7638","target":"7947"},{"source":"215","target":"7638"},{"source":"404","target":"7638"},{"source":"8217","target":"7638"},{"source":"10231","target":"7638"},{"source":"26400","target":"10231"},{"source":"10231","target":"7638"},{"source":"10231","target":"7638"},{"source":"10231","target":"7638"},{"source":"10231","target":"7638"},{"source":"10231","target":"7638"},{"source":"10974","target":"7638"},{"source":"29374","target":"10974"},{"source":"11643","target":"7638"},{"source":"14178","target":"11643"},{"source":"12163","target":"7638"},{"source":"12276","target":"7638"},{"source":"12361","target":"7638"},{"source":"13306","target":"7638"},{"source":"22965","target":"7638"},{"source":"24227","target":"7638"},{"source":"24595","target":"7638"},{"source":"24934","target":"7638"},{"source":"25214","target":"7638"},{"source":"25576","target":"7638"},{"source":"25903","target":"7638"},{"source":"28260","target":"7638"},{"source":"28883","target":"7638"},{"source":"29703","target":"7638"},{"source":"29924","target":"7638"},{"source":"30299","target":"7638"},{"source":"30407","target":"7638"},{"source":"30357","target":"30407"},{"source":"31451","target":"7638"},{"source":"32217","target":"7638"},{"source":"32217","target":"7638"},{"source":"33449","target":"7638"},{"source":"36253","target":"7638"},{"source":"36694","target":"7638"},{"source":"7641","target":"7701"},{"source":"7638","target":"7641"},{"source":"7638","target":"7641"},{"source":"8481","target":"8487"},{"source":"25335","target":"8481"},{"source":"25756","target":"8481"},{"source":"26400","target":"8481"},{"source":"31050","target":"8481"},{"source":"33200","target":"8481"},{"source":"8481","target":"8495"},{"source":"8519","target":"8523"},{"source":"25335","target":"8519"},{"source":"25756","target":"8519"},{"source":"26400","target":"8519"},{"source":"28196","target":"8519"},{"source":"31050","target":"8519"},{"source":"33200","target":"8519"},{"source":"8764","target":"8772"},{"source":"30299","target":"8764"},{"source":"36671","target":"8764"},{"source":"36809","target":"8764"},{"source":"8840","target":"8959"},{"source":"34175","target":"8840"},{"source":"34243","target":"8840"},{"source":"34515","target":"8840"},{"source":"35939","target":"8840"},{"source":"8985","target":"9011"},{"source":"31509","target":"8985"},{"source":"8985","target":"9026"},{"source":"9437","target":"9449"},{"source":"29405","target":"9437"},{"source":"29396","target":"29405"},{"source":"9437","target":"9467"},{"source":"8988","target":"8993"},{"source":"9052","target":"8988"},{"source":"9062","target":"8988"},{"source":"10974","target":"10992"},{"source":"10974","target":"11013"},{"source":"11683","target":"11922"},{"source":"11972","target":"11993"},{"source":"13398","target":"11972"},{"source":"14420","target":"11972"},{"source":"27843","target":"11972"},{"source":"33891","target":"11972"},{"source":"34405","target":"11972"},{"source":"34771","target":"11972"},{"source":"35256","target":"11972"}]},{"stained":"wx.request","nodes":[{"name":"215","declaredName":"__function__35","declaredLoc":{"line":35,"column":21},"file":"/app.js","type":"normal"},{"name":"404","declaredName":"__function__81","declaredLoc":{"line":81,"column":21},"file":"/app.js","type":"normal"},{"name":"12831","declaredName":"__function__16","declaredLoc":{"line":16,"column":19},"file":"/components/go-wiki-button/go-wiki-button.js","type":"normal"},{"name":"25474","declaredName":"__function__29","declaredLoc":{"line":29,"column":16},"file":"/pages/dynamicWiki/dynamicWiki.js","type":"ofPageInstance: shareCicle"},{"name":"31865","declaredName":"__function__169","declaredLoc":{"line":169,"column":16},"file":"/pages/streamImages/streamImages.js","type":"ofPageInstance: shareCicle"},{"name":"8217","declaredName":"__function__150","declaredLoc":{"line":150,"column":15},"file":"/utils/util.js","type":"normal"},{"name":"26400","declaredName":"__function__28","declaredLoc":{"line":28,"column":12},"file":"/pages/imageDetail/imageDetail.js","type":"ofPageInstance: onLoad"},{"name":"10231","declaredName":"__function__426","declaredLoc":{"line":426,"column":25},"file":"/utils/util.js","type":"normal"},{"name":"29374","declaredName":"__function__38","declaredLoc":{"line":38,"column":18},"file":"/pages/my/my.js","type":"ofPageInstance: sendTestData"},{"name":"10974","declaredName":"__function__551","declaredLoc":{"line":551,"column":18},"file":"/utils/util.js","type":"normal"},{"name":"14178","declaredName":"__function__9","declaredLoc":{"line":9,"column":19},"file":"/components/subscribe-button/subscribe-button.js","type":"normal"},{"name":"11643","declaredName":"__function__643","declaredLoc":{"line":643,"column":15},"file":"/utils/util.js","type":"normal"},{"name":"12163","declaredName":"__function__744","declaredLoc":{"line":744,"column":19},"file":"/utils/util.js","type":"normal"},{"name":"12276","declaredName":"__function__22","declaredLoc":{"line":22,"column":18},"file":"/components/activity-win/activity-win.js","type":"normal"},{"name":"12361","declaredName":"__function__44","declaredLoc":{"line":44,"column":21},"file":"/components/activity-win/activity-win.js","type":"normal"},{"name":"13306","declaredName":"__function__26","declaredLoc":{"line":26,"column":21},"file":"/components/relate-recommend/relate-recommend.js","type":"normal"},{"name":"22965","declaredName":"__function__518","declaredLoc":{"line":518,"column":17},"file":"/pages/addText/addText.js","type":"normal"},{"name":"24227","declaredName":"__function__20","declaredLoc":{"line":20,"column":13},"file":"/pages/bindPhone/bindPhone.js","type":"ofPageInstance: confirm"},{"name":"24595","declaredName":"__function__77","declaredLoc":{"line":77,"column":14},"file":"/pages/bindPhone/bindPhone.js","type":"ofPageInstance: sendCode"},{"name":"24934","declaredName":"__function__39","declaredLoc":{"line":39,"column":14},"file":"/pages/dtyz/dtyz.js","type":"ofPageInstance: loadData"},{"name":"25214","declaredName":"__function__14","declaredLoc":{"line":14,"column":12},"file":"/pages/dtyzAll/dtyzAll.js","type":"ofPageInstance: onLoad"},{"name":"25576","declaredName":"__function__44","declaredLoc":{"line":44,"column":14},"file":"/pages/dynamicWiki/dynamicWiki.js","type":"ofPageInstance: loadData"},{"name":"25903","declaredName":"__function__41","declaredLoc":{"line":41,"column":14},"file":"/pages/gifnewsList/gifnewsList.js","type":"ofPageInstance: loadData"},{"name":"28260","declaredName":"__function__113","declaredLoc":{"line":113,"column":14},"file":"/pages/index/index.js","type":"ofPageInstance: loadData"},{"name":"28883","declaredName":"__function__8","declaredLoc":{"line":8,"column":12},"file":"/pages/ipEvent/ipEvent.js","type":"ofPageInstance: onLoad"},{"name":"29703","declaredName":"__function__93","declaredLoc":{"line":93,"column":14},"file":"/pages/my/my.js","type":"ofPageInstance: loadData"},{"name":"29924","declaredName":"__function__135","declaredLoc":{"line":135,"column":12},"file":"/pages/my/my.js","type":"ofPageInstance: goPage"},{"name":"30299","declaredName":"__function__51","declaredLoc":{"line":51,"column":16},"file":"/pages/searchPage/searchPage.js","type":"ofPageInstance: isGoIpHome"},{"name":"30357","declaredName":"__function__61","declaredLoc":{"line":61,"column":21},"file":"/pages/searchPage/searchPage.js","type":"normal"},{"name":"30407","declaredName":"__function__74","declaredLoc":{"line":74,"column":14},"file":"/pages/searchPage/searchPage.js","type":"ofPageInstance: loadData"},{"name":"31451","declaredName":"__function__88","declaredLoc":{"line":88,"column":20},"file":"/pages/streamImages/streamImages.js","type":"ofPageInstance: activity_share"},{"name":"32217","declaredName":"__function__202","declaredLoc":{"line":202,"column":14},"file":"/pages/streamImages/streamImages.js","type":"ofPageInstance: loadData"},{"name":"33449","declaredName":"__function__47","declaredLoc":{"line":47,"column":14},"file":"/pages/subjectDetail/subjectDetail.js","type":"ofPageInstance: loadData"},{"name":"36253","declaredName":"__function__57","declaredLoc":{"line":57,"column":25},"file":"/pages/my/components/my-products/my-products.js","type":"normal"},{"name":"36694","declaredName":"__function__46","declaredLoc":{"line":46,"column":18},"file":"/pages/searchPage/components/search-default/search-default.js","type":"normal"},{"name":"7638","declaredName":"__function__58","declaredLoc":{"line":58,"column":7},"file":"/utils/util.js","type":"normal"},{"name":"7641","declaredName":"__function__59","declaredLoc":{"line":59,"column":4},"file":"/utils/util.js","type":"normal"},{"name":"7718","declaredName":"wx.request({url:i,data:a,header:d...","declaredLoc":{"line":62,"column":40},"file":"/utils/util.js","type":"source,sink"}],"edges":[{"source":"7641","target":"7718"},{"source":"7638","target":"7641"},{"source":"215","target":"7638"},{"source":"404","target":"7638"},{"source":"8217","target":"7638"},{"source":"12831","target":"8217"},{"source":"12831","target":"8217"},{"source":"25474","target":"8217"},{"source":"31865","target":"8217"},{"source":"10231","target":"7638"},{"source":"26400","target":"10231"},{"source":"10231","target":"7638"},{"source":"10231","target":"7638"},{"source":"10231","target":"7638"},{"source":"10231","target":"7638"},{"source":"10231","target":"7638"},{"source":"10974","target":"7638"},{"source":"29374","target":"10974"},{"source":"11643","target":"7638"},{"source":"14178","target":"11643"},{"source":"12163","target":"7638"},{"source":"12276","target":"7638"},{"source":"12361","target":"7638"},{"source":"13306","target":"7638"},{"source":"22965","target":"7638"},{"source":"24227","target":"7638"},{"source":"24595","target":"7638"},{"source":"24934","target":"7638"},{"source":"25214","target":"7638"},{"source":"25576","target":"7638"},{"source":"25903","target":"7638"},{"source":"28260","target":"7638"},{"source":"28883","target":"7638"},{"source":"29703","target":"7638"},{"source":"29924","target":"7638"},{"source":"30299","target":"7638"},{"source":"30407","target":"7638"},{"source":"30357","target":"30407"},{"source":"31451","target":"7638"},{"source":"32217","target":"7638"},{"source":"32217","target":"7638"},{"source":"33449","target":"7638"},{"source":"36253","target":"7638"},{"source":"36694","target":"7638"},{"source":"7638","target":"7641"}]},{"stained":"wx.getSetting","nodes":[{"name":"8245","declaredName":"__function__156","declaredLoc":{"line":156,"column":25},"file":"/utils/util.js","type":"normal"},{"name":"9113","declaredName":"__function__296","declaredLoc":{"line":296,"column":29},"file":"/utils/util.js","type":"normal"},{"name":"23434","declaredName":"__function__589","declaredLoc":{"line":589,"column":37},"file":"/pages/addText/addText.js","type":"normal"},{"name":"21715","declaredName":"__function__396","declaredLoc":{"line":396,"column":21},"file":"/pages/addText/addText.js","type":"ofPageInstance: generateSuccess"},{"name":"27420","declaredName":"__function__150","declaredLoc":{"line":150,"column":21},"file":"/pages/imageDetail/imageDetail.js","type":"normal"},{"name":"8059","declaredName":"__function__114","declaredLoc":{"line":114,"column":7},"file":"/utils/util.js","type":"normal"},{"name":"8065","declaredName":"wx.getSetting({success:function(a...","declaredLoc":{"line":115,"column":4},"file":"/utils/util.js","type":"source"}],"edges":[{"source":"8059","target":"8065"},{"source":"8245","target":"8059"},{"source":"9113","target":"8059"},{"source":"21715","target":"8059"},{"source":"23434","target":"21715"},{"source":"27420","target":"8059"}]},{"stained":"wx.downloadFile","nodes":[{"name":"12831","declaredName":"__function__16","declaredLoc":{"line":16,"column":19},"file":"/components/go-wiki-button/go-wiki-button.js","type":"normal"},{"name":"31865","declaredName":"__function__169","declaredLoc":{"line":169,"column":16},"file":"/pages/streamImages/streamImages.js","type":"ofPageInstance: shareCicle"},{"name":"9069","declaredName":"__function__285","declaredLoc":{"line":285,"column":13},"file":"/utils/util.js","type":"normal"},{"name":"9291","declaredName":"wx.downloadFile({url:a,success:fu...","declaredLoc":{"line":321,"column":8},"file":"/utils/util.js","type":"source"},{"name":"8453","declaredName":"__function__181","declaredLoc":{"line":181,"column":21},"file":"/utils/util.js","type":"normal"},{"name":"8221","declaredName":"__function__151","declaredLoc":{"line":151,"column":8},"file":"/utils/util.js","type":"normal"},{"name":"8235","declaredName":"wx.downloadFile({url:a,success:fu...","declaredLoc":{"line":154,"column":16},"file":"/utils/util.js","type":"source"},{"name":"9301","declaredName":"__function__323","declaredLoc":{"line":323,"column":21},"file":"/utils/util.js","type":"normal"},{"name":"9328","declaredName":"wx.downloadFile({url:o,success:fu...","declaredLoc":{"line":325,"column":16},"file":"/utils/util.js","type":"source"},{"name":"23075","declaredName":"__function__538","declaredLoc":{"line":538,"column":29},"file":"/pages/addText/addText.js","type":"normal"},{"name":"11073","declaredName":"__function__578","declaredLoc":{"line":578,"column":18},"file":"/utils/util.js","type":"normal"},{"name":"11088","declaredName":"wx.downloadFile({url:t,success:fu...","declaredLoc":{"line":580,"column":8},"file":"/utils/util.js","type":"source"}],"edges":[{"source":"9069","target":"9291"},{"source":"12831","target":"9069"},{"source":"31865","target":"9069"},{"source":"8221","target":"8235"},{"source":"8453","target":"8221"},{"source":"9301","target":"9328"},{"source":"11073","target":"11088"},{"source":"23075","target":"11073"}]}],"/components/activity-win/activity-win.js":[{"stained":"wx.getStorageSync","nodes":[{"name":"12251","declaredName":"__function__17","declaredLoc":{"line":17,"column":14},"file":"/components/activity-win/activity-win.js","type":"normal"},{"name":"12256","declaredName":"wx.getStorageSync('user_phone')","declaredLoc":{"line":18,"column":12},"file":"/components/activity-win/activity-win.js","type":"source"},{"name":"12334","declaredName":"__function__39","declaredLoc":{"line":39,"column":23},"file":"/components/activity-win/activity-win.js","type":"normal"},{"name":"12345","declaredName":"wx.getStorageSync('user_phone')","declaredLoc":{"line":40,"column":35},"file":"/components/activity-win/activity-win.js","type":"source"}],"edges":[{"source":"12251","target":"12256"},{"source":"12334","target":"12345"}]}],"/components/common-buttons/common-buttons.js":[{"stained":"wx.getStorageSync","nodes":[{"name":"12710","declaredName":"__function__17","declaredLoc":{"line":17,"column":19},"file":"/components/common-buttons/common-buttons.js","type":"normal"},{"name":"12722","declaredName":"wx.getStorageSync('user_Id')","declaredLoc":{"line":18,"column":42},"file":"/components/common-buttons/common-buttons.js","type":"source"}],"edges":[{"source":"12710","target":"12722"}]}],"/components/go-wiki-button/go-wiki-button.js":[{"stained":"wx.getStorageSync","nodes":[{"name":"12831","declaredName":"__function__16","declaredLoc":{"line":16,"column":19},"file":"/components/go-wiki-button/go-wiki-button.js","type":"normal"},{"name":"12837","declaredName":"wx.getStorageSync('user_Id')","declaredLoc":{"line":17,"column":20},"file":"/components/go-wiki-button/go-wiki-button.js","type":"source"},{"name":"13019","declaredName":"__function__32","declaredLoc":{"line":32,"column":23},"file":"/components/go-wiki-button/go-wiki-button.js","type":"normal"},{"name":"13035","declaredName":"wx.getStorageSync('user_Id')","declaredLoc":{"line":33,"column":47},"file":"/components/go-wiki-button/go-wiki-button.js","type":"source"}],"edges":[{"source":"12831","target":"12837"},{"source":"13019","target":"13035"}]}],"/components/relate-recommend/relate-recommend.js":[{"stained":"wx.getStorageSync","nodes":[{"name":"13442","declaredName":"__function__51","declaredLoc":{"line":51,"column":15},"file":"/components/relate-recommend/relate-recommend.js","type":"normal"},{"name":"13485","declaredName":"wx.getStorageSync('user_Id')","declaredLoc":{"line":54,"column":30},"file":"/components/relate-recommend/relate-recommend.js","type":"source"}],"edges":[{"source":"13442","target":"13485"}]}],"/components/subscribe-button/subscribe-button.js":[{"stained":"wx.getStorageSync","nodes":[{"name":"14178","declaredName":"__function__9","declaredLoc":{"line":9,"column":19},"file":"/components/subscribe-button/subscribe-button.js","type":"normal"},{"name":"14184","declaredName":"wx.getStorageSync('user_Id')","declaredLoc":{"line":10,"column":21},"file":"/components/subscribe-button/subscribe-button.js","type":"source"},{"name":"14210","declaredName":"wx.getStorageSync('user_Id')","declaredLoc":{"line":13,"column":24},"file":"/components/subscribe-button/subscribe-button.js","type":"source"},{"name":"14243","declaredName":"wx.getStorageSync('user_Id')","declaredLoc":{"line":16,"column":24},"file":"/components/subscribe-button/subscribe-button.js","type":"source"},{"name":"14276","declaredName":"wx.getStorageSync('user_Id')","declaredLoc":{"line":19,"column":28},"file":"/components/subscribe-button/subscribe-button.js","type":"source"}],"edges":[{"source":"14178","target":"14184"},{"source":"14178","target":"14210"},{"source":"14178","target":"14243"},{"source":"14178","target":"14276"}]}],"/components/tag/tag.js":[{"stained":"wx.getStorageSync","nodes":[{"name":"14420","declaredName":"__function__21","declaredLoc":{"line":21,"column":16},"file":"/components/tag/tag.js","type":"normal"},{"name":"14453","declaredName":"wx.getStorageSync('user_Id')","declaredLoc":{"line":25,"column":24},"file":"/components/tag/tag.js","type":"source"}],"edges":[{"source":"14420","target":"14453"}]}],"/components/three-images/three-images.js":[{"stained":"wx.getStorageSync","nodes":[{"name":"14625","declaredName":"__function__29","declaredLoc":{"line":29,"column":23},"file":"/components/three-images/three-images.js","type":"normal"},{"name":"14668","declaredName":"wx.getStorageSync('user_Id')","declaredLoc":{"line":34,"column":20},"file":"/components/three-images/three-images.js","type":"source"}],"edges":[{"source":"14625","target":"14668"}]}],"/pages/addText/addText.js":[{"stained":"wx.getSystemInfo","nodes":[{"name":"19788","declaredName":"wx.getSystemInfo({success:functio...","declaredLoc":{"line":25,"column":0},"file":"/pages/addText/addText.js","type":"source"}],"edges":[{"source":"19616","target":"19788"}]},{"stained":"wx.getStorageSync","nodes":[{"name":"20293","declaredName":"__function__190","declaredLoc":{"line":190,"column":12},"file":"/pages/addText/addText.js","type":"ofPageInstance: onLoad"},{"name":"20375","declaredName":"wx.getStorageSync('needShowUserAg...","declaredLoc":{"line":199,"column":8},"file":"/pages/addText/addText.js","type":"source"},{"name":"23553","declaredName":"__function__621","declaredLoc":{"line":621,"column":20},"file":"/pages/addText/addText.js","type":"ofPageInstance: addTextToImage"},{"name":"23558","declaredName":"wx.getStorageSync('user_Id')","declaredLoc":{"line":622,"column":17},"file":"/pages/addText/addText.js","type":"source"},{"name":"21736","declaredName":"__function__398","declaredLoc":{"line":398,"column":70},"file":"/pages/addText/addText.js","type":"normal"},{"name":"24108","declaredName":"__function__684","declaredLoc":{"line":684,"column":18},"file":"/pages/addText/addText.js","type":"ofPageInstance: previewImage"},{"name":"24112","declaredName":"wx.getStorageSync('noFirstPreview...","declaredLoc":{"line":685,"column":8},"file":"/pages/addText/addText.js","type":"source"},{"name":"23380","declaredName":"__function__575","declaredLoc":{"line":575,"column":29},"file":"/pages/addText/addText.js","type":"normal"},{"name":"23419","declaredName":"wx.getStorageSync('user_Id')","declaredLoc":{"line":585,"column":41},"file":"/pages/addText/addText.js","type":"source"},{"name":"23948","declaredName":"__function__653","declaredLoc":{"line":653,"column":37},"file":"/pages/addText/addText.js","type":"normal"},{"name":"23954","declaredName":"wx.getStorageSync('isOrientationR...","declaredLoc":{"line":654,"column":32},"file":"/pages/addText/addText.js","type":"source"}],"edges":[{"source":"20293","target":"20375"},{"source":"23553","target":"23558"},{"source":"24108","target":"24112"},{"source":"21736","target":"24108"},{"source":"23380","target":"23419"},{"source":"23948","target":"23954"}]},{"stained":"wx.request","nodes":[{"name":"20856","declaredName":"__function__275","declaredLoc":{"line":275,"column":29},"file":"/pages/addText/addText.js","type":"normal"},{"name":"20476","declaredName":"__function__218","declaredLoc":{"line":218,"column":17},"file":"/pages/addText/addText.js","type":"ofPageInstance: analysisPic"},{"name":"20512","declaredName":"wx.request({url:t,responseType:'a...","declaredLoc":{"line":222,"column":12},"file":"/pages/addText/addText.js","type":"source,sink"}],"edges":[{"source":"20476","target":"20512"},{"source":"20856","target":"20476"}]},{"stained":"wx.chooseImage","nodes":[{"name":"20828","declaredName":"__function__270","declaredLoc":{"line":270,"column":21},"file":"/pages/addText/addText.js","type":"normal"},{"name":"20832","declaredName":"wx.chooseImage({count:1,sizeType:...","declaredLoc":{"line":271,"column":16},"file":"/pages/addText/addText.js","type":"source"}],"edges":[{"source":"20828","target":"20832"}]},{"stained":"wx.downloadFile","nodes":[{"name":"23553","declaredName":"__function__621","declaredLoc":{"line":621,"column":20},"file":"/pages/addText/addText.js","type":"ofPageInstance: addTextToImage"},{"name":"23999","declaredName":"wx.downloadFile({url:a.url,succes...","declaredLoc":{"line":663,"column":43},"file":"/pages/addText/addText.js","type":"source"}],"edges":[{"source":"23553","target":"23999"}]}],"/pages/bindPhone/bindPhone.js":[{"stained":"wx.getStorageSync","nodes":[{"name":"24208","declaredName":"__function__16","declaredLoc":{"line":16,"column":12},"file":"/pages/bindPhone/bindPhone.js","type":"ofPageInstance: onShow"},{"name":"24213","declaredName":"wx.getStorageSync('user_Id')","declaredLoc":{"line":17,"column":16},"file":"/pages/bindPhone/bindPhone.js","type":"source"}],"edges":[{"source":"24208","target":"24213"}]}],"/pages/dtyz/dtyz.js":[{"stained":"wx.getStorageSync","nodes":[{"name":"24790","declaredName":"__function__18","declaredLoc":{"line":18,"column":12},"file":"/pages/dtyz/dtyz.js","type":"ofPageInstance: onShow"},{"name":"24802","declaredName":"wx.getStorageSync('authoriseSucce...","declaredLoc":{"line":19,"column":32},"file":"/pages/dtyz/dtyz.js","type":"source"},{"name":"24835","declaredName":"wx.getStorageSync('user_Id')","declaredLoc":{"line":21,"column":16},"file":"/pages/dtyz/dtyz.js","type":"source"},{"name":"24849","declaredName":"__function__24","declaredLoc":{"line":24,"column":12},"file":"/pages/dtyz/dtyz.js","type":"ofPageInstance: onHide"},{"name":"24864","declaredName":"wx.getStorageSync('user_Id')","declaredLoc":{"line":25,"column":48},"file":"/pages/dtyz/dtyz.js","type":"source"}],"edges":[{"source":"24790","target":"24802"},{"source":"24790","target":"24835"},{"source":"24849","target":"24864"}]}],"/pages/dynamicWiki/dynamicWiki.js":[{"stained":"wx.getStorage","nodes":[{"name":"25390","declaredName":"__function__14","declaredLoc":{"line":14,"column":12},"file":"/pages/dynamicWiki/dynamicWiki.js","type":"ofPageInstance: onShow"},{"name":"25406","declaredName":"wx.getStorage({key:'user_Id',succ...","declaredLoc":{"line":17,"column":8},"file":"/pages/dynamicWiki/dynamicWiki.js","type":"source"}],"edges":[{"source":"25390","target":"25406"}]},{"stained":"wx.getStorageSync","nodes":[{"name":"25439","declaredName":"__function__25","declaredLoc":{"line":25,"column":14},"file":"/pages/dynamicWiki/dynamicWiki.js","type":"ofPageInstance: onUnload"},{"name":"25454","declaredName":"wx.getStorageSync('user_Id')","declaredLoc":{"line":26,"column":48},"file":"/pages/dynamicWiki/dynamicWiki.js","type":"source"},{"name":"25474","declaredName":"__function__29","declaredLoc":{"line":29,"column":16},"file":"/pages/dynamicWiki/dynamicWiki.js","type":"ofPageInstance: shareCicle"},{"name":"25479","declaredName":"wx.getStorageSync('user_Id')","declaredLoc":{"line":30,"column":16},"file":"/pages/dynamicWiki/dynamicWiki.js","type":"source"},{"name":"25511","declaredName":"__function__33","declaredLoc":{"line":33,"column":23},"file":"/pages/dynamicWiki/dynamicWiki.js","type":"ofPageInstance: onShareAppMessage"},{"name":"25541","declaredName":"wx.getStorageSync('user_Id')","declaredLoc":{"line":35,"column":20},"file":"/pages/dynamicWiki/dynamicWiki.js","type":"source"}],"edges":[{"source":"25439","target":"25454"},{"source":"25474","target":"25479"},{"source":"25511","target":"25541"}]}],"/pages/guide/guide.js":[{"stained":"wx.getStorageSync","nodes":[{"name":"26181","declaredName":"__function__23","declaredLoc":{"line":23,"column":17},"file":"/pages/guide/guide.js","type":"ofPageInstance: getUserInfo"},{"name":"26232","declaredName":"__function__31","declaredLoc":{"line":31,"column":75},"file":"/pages/guide/guide.js","type":"normal"},{"name":"26193","declaredName":"__function__25","declaredLoc":{"line":25,"column":16},"file":"/pages/guide/guide.js","type":"normal"},{"name":"26199","declaredName":"wx.getStorageSync('launch_path')","declaredLoc":{"line":26,"column":20},"file":"/pages/guide/guide.js","type":"source"}],"edges":[{"source":"26193","target":"26199"},{"source":"26181","target":"26193"},{"source":"26232","target":"26193"}]}],"/pages/imageDetail/imageDetail.js":[{"stained":"wx.getStorageSync","nodes":[{"name":"26580","declaredName":"__function__64","declaredLoc":{"line":64,"column":12},"file":"/pages/imageDetail/imageDetail.js","type":"ofPageInstance: onShow"},{"name":"26619","declaredName":"wx.getStorageSync('user_Id')","declaredLoc":{"line":67,"column":42},"file":"/pages/imageDetail/imageDetail.js","type":"source"},{"name":"27191","declaredName":"__function__128","declaredLoc":{"line":128,"column":18},"file":"/pages/imageDetail/imageDetail.js","type":"ofPageInstance: previewImage"},{"name":"27195","declaredName":"wx.getStorageSync('noFirstPreview...","declaredLoc":{"line":129,"column":8},"file":"/pages/imageDetail/imageDetail.js","type":"source"},{"name":"27215","declaredName":"__function__133","declaredLoc":{"line":133,"column":16},"file":"/pages/imageDetail/imageDetail.js","type":"ofPageInstance: mtaEventFn"},{"name":"27237","declaredName":"wx.getStorageSync('user_Id')","declaredLoc":{"line":134,"column":60},"file":"/pages/imageDetail/imageDetail.js","type":"source"}],"edges":[{"source":"26580","target":"26619"},{"source":"27191","target":"27195"},{"source":"27215","target":"27237"}]},{"stained":"wx.downloadFile","nodes":[{"name":"27382","declaredName":"__function__145","declaredLoc":{"line":145,"column":15},"file":"/pages/imageDetail/imageDetail.js","type":"ofPageInstance: saveImage"},{"name":"27404","declaredName":"wx.downloadFile({url:e.preList[e....","declaredLoc":{"line":148,"column":37},"file":"/pages/imageDetail/imageDetail.js","type":"source"}],"edges":[{"source":"27382","target":"27404"}]}],"/pages/index/index.js":[{"stained":"wx.getStorageSync","nodes":[{"name":"27776","declaredName":"__function__37","declaredLoc":{"line":37,"column":12},"file":"/pages/index/index.js","type":"ofPageInstance: calMsg"},{"name":"27780","declaredName":"wx.getStorageSync('isHideIndexTip...","declaredLoc":{"line":38,"column":13},"file":"/pages/index/index.js","type":"source"},{"name":"27856","declaredName":"__function__52","declaredLoc":{"line":52,"column":13},"file":"/pages/index/index.js","type":"ofPageInstance: viewAll"},{"name":"27871","declaredName":"wx.getStorageSync('user_Id')","declaredLoc":{"line":53,"column":57},"file":"/pages/index/index.js","type":"source"},{"name":"27897","declaredName":"__function__58","declaredLoc":{"line":58,"column":20},"file":"/pages/index/index.js","type":"ofPageInstance: goStreamImages"},{"name":"27912","declaredName":"wx.getStorageSync('user_Id')","declaredLoc":{"line":59,"column":50},"file":"/pages/index/index.js","type":"source"},{"name":"28055","declaredName":"__function__85","declaredLoc":{"line":85,"column":12},"file":"/pages/index/index.js","type":"ofPageInstance: onShow"},{"name":"28145","declaredName":"wx.getStorageSync('user_Id')","declaredLoc":{"line":97,"column":16},"file":"/pages/index/index.js","type":"source"},{"name":"28159","declaredName":"__function__100","declaredLoc":{"line":100,"column":12},"file":"/pages/index/index.js","type":"ofPageInstance: onHide"},{"name":"28181","declaredName":"wx.getStorageSync('user_Id')","declaredLoc":{"line":102,"column":48},"file":"/pages/index/index.js","type":"source"}],"edges":[{"source":"27776","target":"27780"},{"source":"27856","target":"27871"},{"source":"27897","target":"27912"},{"source":"28055","target":"28145"},{"source":"28159","target":"28181"}]},{"stained":"wx.getSystemInfoSync","nodes":[{"name":"27776","declaredName":"__function__37","declaredLoc":{"line":37,"column":12},"file":"/pages/index/index.js","type":"ofPageInstance: calMsg"},{"name":"27800","declaredName":"wx.getSystemInfoSync()","declaredLoc":{"line":40,"column":18},"file":"/pages/index/index.js","type":"source"}],"edges":[{"source":"27776","target":"27800"}]},{"stained":"wx.getSystemInfoSync.system.indexOf","nodes":[{"name":"27776","declaredName":"__function__37","declaredLoc":{"line":37,"column":12},"file":"/pages/index/index.js","type":"ofPageInstance: calMsg"},{"name":"27797","declaredName":"wx.getSystemInfoSync().system.ind...","declaredLoc":{"line":40,"column":18},"file":"/pages/index/index.js","type":"source"}],"edges":[{"source":"27776","target":"27797"}]}],"/pages/ipEvent/ipEvent.js":[{"stained":"wx.getStorageSync","nodes":[{"name":"29063","declaredName":"__function__35","declaredLoc":{"line":35,"column":23},"file":"/pages/ipEvent/ipEvent.js","type":"ofPageInstance: onShareAppMessage"},{"name":"29068","declaredName":"wx.getStorageSync('user_Id')","declaredLoc":{"line":36,"column":16},"file":"/pages/ipEvent/ipEvent.js","type":"source"}],"edges":[{"source":"29063","target":"29068"}]}],"/pages/my/my.js":[{"stained":"wx.getStorageSync","nodes":[{"name":"29276","declaredName":"__function__30","declaredLoc":{"line":30,"column":14},"file":"/pages/my/my.js","type":"ofPageInstance: clickNum"},{"name":"29326","declaredName":"wx.getStorageSync('user_Id')","declaredLoc":{"line":34,"column":19},"file":"/pages/my/my.js","type":"source"},{"name":"29510","declaredName":"__function__62","declaredLoc":{"line":62,"column":12},"file":"/pages/my/my.js","type":"ofPageInstance: onShow"},{"name":"29528","declaredName":"wx.getStorageSync('user_Id')","declaredLoc":{"line":65,"column":16},"file":"/pages/my/my.js","type":"source"},{"name":"29623","declaredName":"__function__78","declaredLoc":{"line":78,"column":12},"file":"/pages/my/my.js","type":"ofPageInstance: onHide"},{"name":"29638","declaredName":"wx.getStorageSync('user_Id')","declaredLoc":{"line":79,"column":48},"file":"/pages/my/my.js","type":"source"},{"name":"29924","declaredName":"__function__135","declaredLoc":{"line":135,"column":12},"file":"/pages/my/my.js","type":"ofPageInstance: goPage"},{"name":"29939","declaredName":"wx.getStorageSync('user_Id')","declaredLoc":{"line":136,"column":51},"file":"/pages/my/my.js","type":"source"}],"edges":[{"source":"29276","target":"29326"},{"source":"29510","target":"29528"},{"source":"29623","target":"29638"},{"source":"29924","target":"29939"}]},{"stained":"wx.getStorage","nodes":[{"name":"29510","declaredName":"__function__62","declaredLoc":{"line":62,"column":12},"file":"/pages/my/my.js","type":"ofPageInstance: onShow"},{"name":"29585","declaredName":"wx.getStorage({key:'addTextSucces...","declaredLoc":{"line":68,"column":8},"file":"/pages/my/my.js","type":"source"}],"edges":[{"source":"29510","target":"29585"}]}],"/pages/streamImages/streamImages.js":[{"stained":"wx.getStorageSync","nodes":[{"name":"31205","declaredName":"__function__68","declaredLoc":{"line":68,"column":12},"file":"/pages/streamImages/streamImages.js","type":"ofPageInstance: onShow"},{"name":"31219","declaredName":"wx.getStorageSync('user_Id')","declaredLoc":{"line":70,"column":16},"file":"/pages/streamImages/streamImages.js","type":"source"},{"name":"31289","declaredName":"__function__76","declaredLoc":{"line":76,"column":14},"file":"/pages/streamImages/streamImages.js","type":"ofPageInstance: onUnload"},{"name":"31309","declaredName":"wx.getStorageSync('user_Id')","declaredLoc":{"line":78,"column":48},"file":"/pages/streamImages/streamImages.js","type":"source"},{"name":"31451","declaredName":"__function__88","declaredLoc":{"line":88,"column":20},"file":"/pages/streamImages/streamImages.js","type":"ofPageInstance: activity_share"},{"name":"31463","declaredName":"wx.getStorageSync('user_Id')","declaredLoc":{"line":89,"column":36},"file":"/pages/streamImages/streamImages.js","type":"source"},{"name":"31631","declaredName":"__function__122","declaredLoc":{"line":122,"column":19},"file":"/pages/streamImages/streamImages.js","type":"ofPageInstance: goImageDetail"},{"name":"31663","declaredName":"wx.getStorageSync('user_Id')","declaredLoc":{"line":123,"column":99},"file":"/pages/streamImages/streamImages.js","type":"source"},{"name":"31865","declaredName":"__function__169","declaredLoc":{"line":169,"column":16},"file":"/pages/streamImages/streamImages.js","type":"ofPageInstance: shareCicle"},{"name":"31904","declaredName":"wx.getStorageSync('user_Id')","declaredLoc":{"line":173,"column":15},"file":"/pages/streamImages/streamImages.js","type":"source"},{"name":"32028","declaredName":"__function__186","declaredLoc":{"line":186,"column":23},"file":"/pages/streamImages/streamImages.js","type":"ofPageInstance: onShareAppMessage"},{"name":"32059","declaredName":"wx.getStorageSync('user_Id')","declaredLoc":{"line":187,"column":81},"file":"/pages/streamImages/streamImages.js","type":"source"}],"edges":[{"source":"31205","target":"31219"},{"source":"31289","target":"31309"},{"source":"31451","target":"31463"},{"source":"31631","target":"31663"},{"source":"31865","target":"31904"},{"source":"32028","target":"32059"}]}],"/pages/subjectDetail/subjectDetail.js":[{"stained":"wx.getStorageSync","nodes":[{"name":"33248","declaredName":"__function__19","declaredLoc":{"line":19,"column":12},"file":"/pages/subjectDetail/subjectDetail.js","type":"ofPageInstance: onShow"},{"name":"33253","declaredName":"wx.getStorageSync('user_Id')","declaredLoc":{"line":20,"column":16},"file":"/pages/subjectDetail/subjectDetail.js","type":"source"},{"name":"33283","declaredName":"__function__23","declaredLoc":{"line":23,"column":14},"file":"/pages/subjectDetail/subjectDetail.js","type":"ofPageInstance: onUnload"},{"name":"33288","declaredName":"wx.getStorageSync('user_Id')","declaredLoc":{"line":24,"column":16},"file":"/pages/subjectDetail/subjectDetail.js","type":"source"}],"edges":[{"source":"33248","target":"33253"},{"source":"33283","target":"33288"}]}],"/pages/webview/webview.js":[{"stained":"wx.getStorageSync","nodes":[{"name":"33733","declaredName":"__function__19","declaredLoc":{"line":19,"column":12},"file":"/pages/webview/webview.js","type":"ofPageInstance: onShow"},{"name":"33754","declaredName":"wx.getStorageSync('user_Id')","declaredLoc":{"line":22,"column":20},"file":"/pages/webview/webview.js","type":"source"},{"name":"33778","declaredName":"__function__26","declaredLoc":{"line":26,"column":14},"file":"/pages/webview/webview.js","type":"ofPageInstance: onUnload"},{"name":"33800","declaredName":"wx.getStorageSync('user_Id')","declaredLoc":{"line":28,"column":52},"file":"/pages/webview/webview.js","type":"source"}],"edges":[{"source":"33733","target":"33754"},{"source":"33778","target":"33800"}]}],"/components/article-list/story-video/story-video.js":[{"stained":"wx.getStorageSync","nodes":[{"name":"34570","declaredName":"__function__30","declaredLoc":{"line":30,"column":14},"file":"/components/article-list/story-video/story-video.js","type":"normal"},{"name":"34605","declaredName":"wx.getStorageSync('user_Id')","declaredLoc":{"line":38,"column":24},"file":"/components/article-list/story-video/story-video.js","type":"source"}],"edges":[{"source":"34570","target":"34605"}]}],"/components/article-list/wiki-module/wiki-module.js":[{"stained":"wx.getStorage","nodes":[{"name":"34984","declaredName":"__function__35","declaredLoc":{"line":35,"column":16},"file":"/components/article-list/wiki-module/wiki-module.js","type":"normal"},{"name":"35008","declaredName":"wx.getStorage({key:'user_Id',succ...","declaredLoc":{"line":40,"column":12},"file":"/components/article-list/wiki-module/wiki-module.js","type":"source"}],"edges":[{"source":"34984","target":"35008"}]},{"stained":"wx.getStorageSync","nodes":[{"name":"35046","declaredName":"__function__47","declaredLoc":{"line":47,"column":16},"file":"/components/article-list/wiki-module/wiki-module.js","type":"normal"},{"name":"35066","declaredName":"wx.getStorageSync('user_Id')","declaredLoc":{"line":48,"column":74},"file":"/components/article-list/wiki-module/wiki-module.js","type":"source"}],"edges":[{"source":"35046","target":"35066"}]}],"/pages/dtyz/components/subscribe-core/subscribe-core.js":[{"stained":"wx.getStorageSync","nodes":[{"name":"35256","declaredName":"__function__8","declaredLoc":{"line":8,"column":16},"file":"/pages/dtyz/components/subscribe-core/subscribe-core.js","type":"normal"},{"name":"35269","declaredName":"wx.getStorageSync('user_Id')","declaredLoc":{"line":9,"column":40},"file":"/pages/dtyz/components/subscribe-core/subscribe-core.js","type":"source"}],"edges":[{"source":"35256","target":"35269"}]}],"/pages/dynamicWiki/components/many-images/many-images.js":[{"stained":"wx.getStorageSync","nodes":[{"name":"35511","declaredName":"__function__42","declaredLoc":{"line":42,"column":16},"file":"/pages/dynamicWiki/components/many-images/many-images.js","type":"normal"},{"name":"35563","declaredName":"wx.getStorageSync('user_Id')","declaredLoc":{"line":51,"column":19},"file":"/pages/dynamicWiki/components/many-images/many-images.js","type":"source"},{"name":"35604","declaredName":"__function__55","declaredLoc":{"line":55,"column":16},"file":"/pages/dynamicWiki/components/many-images/many-images.js","type":"normal"},{"name":"35652","declaredName":"wx.getStorageSync('user_Id')","declaredLoc":{"line":62,"column":20},"file":"/pages/dynamicWiki/components/many-images/many-images.js","type":"source"}],"edges":[{"source":"35511","target":"35563"},{"source":"35604","target":"35652"}]}],"/pages/my/components/my-products/my-products.js":[{"stained":"wx.getStorageSync","nodes":[{"name":"36122","declaredName":"__function__38","declaredLoc":{"line":38,"column":23},"file":"/pages/my/components/my-products/my-products.js","type":"normal"},{"name":"36172","declaredName":"wx.getStorageSync('user_Id')","declaredLoc":{"line":44,"column":24},"file":"/pages/my/components/my-products/my-products.js","type":"source"}],"edges":[{"source":"36122","target":"36172"}]}]}