{"definedData":[{"trueData":{"id":57,"declaredName":"__object__11.globalData","declaredLoc":{"line":12,"column":4},"file":"/app.js","type":"normal"},"readShadows":[{"shadowVar":{"id":-2566,"declaredName":"__object__getApp.globalData","file":"/pages/addText/addText.js","type":"normal"},"readAccess":[{"leftVar":[{"id":19812,"declaredName":"c","declaredLoc":{"line":31,"column":4},"file":"/pages/addText/addText.js","type":"normal"}],"readFlow":[{"type":"assign to","from":{"name":"getApp().globalData","loc":{"line":31,"column":8},"id":19813,"file":"D://WORK//2022//论文相关//TOSEM//MiniApp-review//flow-baseline//finalDataset//Animated Universe//__APP__/pages/addText/addText.js"},"to":{"name":"c","loc":{"line":31,"column":4},"id":19812,"file":"D://WORK//2022//论文相关//TOSEM//MiniApp-review//flow-baseline//finalDataset//Animated Universe//__APP__/pages/addText/addText.js"}}]}]}],"writeShadows":[{"shadowVar":{"id":-2566,"declaredName":"__object__getApp.globalData","file":"/pages/addText/addText.js","type":"normal"},"writeAccess":[]}]},{"trueData":{"id":60,"declaredName":"__object__12.userInfo","declaredLoc":{"line":13,"column":8},"file":"/app.js","type":"normal"},"readShadows":[{"shadowVar":{"id":-2575,"declaredName":"__object__getApp.globalData.userInfo","file":"/pages/addText/addText.js","type":"normal"},"readAccess":[{"leftVar":[{"id":20342,"declaredName":"o","declaredLoc":{"line":194,"column":16},"file":"/pages/addText/addText.js","type":"normal"}],"readFlow":[{"type":"assign to","from":{"name":"c.userInfo","loc":{"line":194,"column":20},"id":20343,"file":"D://WORK//2022//论文相关//TOSEM//MiniApp-review//flow-baseline//finalDataset//Animated Universe//__APP__/pages/addText/addText.js"},"to":{"name":"o","loc":{"line":194,"column":16},"id":20342,"file":"D://WORK//2022//论文相关//TOSEM//MiniApp-review//flow-baseline//finalDataset//Animated Universe//__APP__/pages/addText/addText.js"}},{"type":"read","from":{"name":"o","loc":{"line":194,"column":16},"id":20342,"file":"D://WORK//2022//论文相关//TOSEM//MiniApp-review//flow-baseline//finalDataset//Animated Universe//__APP__/pages/addText/addText.js"},"to":{"name":"o","loc":{"line":195,"column":34},"id":20354,"file":"D://WORK//2022//论文相关//TOSEM//MiniApp-review//flow-baseline//finalDataset//Animated Universe//__APP__/pages/addText/addText.js"}},{"type":"to callee","from":{"name":"o","loc":{"line":195,"column":34},"id":20354,"file":"D://WORK//2022//论文相关//TOSEM//MiniApp-review//flow-baseline//finalDataset//Animated Universe//__APP__/pages/addText/addText.js"},"to":{"name":"e.verify.isFullObject","loc":{"line":195,"column":12},"id":20349,"file":"D://WORK//2022//论文相关//TOSEM//MiniApp-review//flow-baseline//finalDataset//Animated Universe//__APP__/pages/addText/addText.js"}}]}]},{"shadowVar":{"id":-3248,"declaredName":"__object__getApp.globalData.userInfo","file":"/pages/my/my.js","type":"normal"},"readAccess":[{"leftVar":[{"id":29425,"declaredName":"__object__48.userInfo","declaredLoc":{"line":50,"column":12},"file":"/pages/my/my.js","type":"normal"}],"readFlow":[{"type":"assign to","from":{"name":"e.globalData.userInfo","loc":{"line":50,"column":22},"id":29426,"file":"D://WORK//2022//论文相关//TOSEM//MiniApp-review//flow-baseline//finalDataset//Animated Universe//__APP__/pages/my/my.js"},"to":{"name":"userInfo","loc":{"line":50,"column":12},"id":29425,"file":"D://WORK//2022//论文相关//TOSEM//MiniApp-review//flow-baseline//finalDataset//Animated Universe//__APP__/pages/my/my.js"}}]}]}],"writeShadows":[{"shadowVar":{"id":-2575,"declaredName":"__object__getApp.globalData.userInfo","file":"/pages/addText/addText.js","type":"normal"},"writeAccess":[]},{"shadowVar":{"id":-3248,"declaredName":"__object__getApp.globalData.userInfo","file":"/pages/my/my.js","type":"normal"},"writeAccess":[]}]}],"dynamicDefinedData":[{"shadowObjectVar":"__object__11","dynamicDefinedProps":[{"propName":".globalData","readShadows":[{"shadowVar":{"id":57,"declaredName":"__object__11.globalData","declaredLoc":{"line":12,"column":4},"file":"/app.js","type":"normal"},"readAccess":[{"leftVar":[{"id":205,"declaredName":"a","declaredLoc":{"line":33,"column":12},"file":"/app.js","type":"normal"}],"readFlow":[{"type":"assign to","from":{"name":"this","loc":{"line":33,"column":16},"id":206,"file":"D://WORK//2022//论文相关//TOSEM//MiniApp-review//flow-baseline//finalDataset//Animated Universe//__APP__/app.js"},"to":{"name":"a","loc":{"line":33,"column":12},"id":205,"file":"D://WORK//2022//论文相关//TOSEM//MiniApp-review//flow-baseline//finalDataset//Animated Universe//__APP__/app.js"},"crossFile":false,"crossField":false}]},{"leftVar":[{"id":311,"declaredName":"n","declaredLoc":{"line":61,"column":12},"file":"/app.js","type":"normal"}],"readFlow":[{"type":"assign to","from":{"name":"this","loc":{"line":61,"column":16},"id":312,"file":"D://WORK//2022//论文相关//TOSEM//MiniApp-review//flow-baseline//finalDataset//Animated Universe//__APP__/app.js"},"to":{"name":"n","loc":{"line":61,"column":12},"id":311,"file":"D://WORK//2022//论文相关//TOSEM//MiniApp-review//flow-baseline//finalDataset//Animated Universe//__APP__/app.js"},"crossFile":false,"crossField":false}]}]}],"writeShadows":[{"shadowVar":{"id":57,"declaredName":"__object__11.globalData","declaredLoc":{"line":12,"column":4},"file":"/app.js","type":"normal"},"writeAccess":[]}]}]},{"shadowObjectVar":"__object__getApp","dynamicDefinedProps":[{"propName":".globalData.userInfo.nickName","readShadows":[{"shadowVar":{"id":-1906,"declaredName":"__object__getApp.globalData.userInfo.nickName","file":"/utils/util.js","type":"normal"},"readAccess":[{"leftVar":[{"id":10998,"declaredName":"__object__554.name","declaredLoc":{"line":556,"column":20},"file":"/utils/util.js","type":"normal"}],"readFlow":[{"type":"assign to","from":{"name":"getApp().globalData.userInfo.nickName","loc":{"line":556,"column":26},"id":10999,"file":"D://WORK//2022//论文相关//TOSEM//MiniApp-review//flow-baseline//finalDataset//Animated Universe//__APP__/utils/util.js"},"to":{"name":"name","loc":{"line":556,"column":20},"id":10998,"file":"D://WORK//2022//论文相关//TOSEM//MiniApp-review//flow-baseline//finalDataset//Animated Universe//__APP__/utils/util.js"}},{"type":"assign to","from":{"name":"name","loc":{"line":556,"column":20},"id":10998,"file":"D://WORK//2022//论文相关//TOSEM//MiniApp-review//flow-baseline//finalDataset//Animated Universe//__APP__/utils/util.js"},"to":{"name":"e","loc":{"line":554,"column":20},"id":10988,"file":"D://WORK//2022//论文相关//TOSEM//MiniApp-review//flow-baseline//finalDataset//Animated Universe//__APP__/utils/util.js"}},{"type":"read","from":{"name":"name","loc":{"line":556,"column":20},"id":10998,"file":"D://WORK//2022//论文相关//TOSEM//MiniApp-review//flow-baseline//finalDataset//Animated Universe//__APP__/utils/util.js"},"to":{"name":"e","loc":{"line":562,"column":24},"id":11030,"file":"D://WORK//2022//论文相关//TOSEM//MiniApp-review//flow-baseline//finalDataset//Animated Universe//__APP__/utils/util.js"}},{"type":"assign to","from":{"name":"e","loc":{"line":562,"column":24},"id":11030,"file":"D://WORK//2022//论文相关//TOSEM//MiniApp-review//flow-baseline//finalDataset//Animated Universe//__APP__/utils/util.js"},"to":{"name":"params","loc":{"line":562,"column":16},"id":11029,"file":"D://WORK//2022//论文相关//TOSEM//MiniApp-review//flow-baseline//finalDataset//Animated Universe//__APP__/utils/util.js"}},{"type":"to callee","from":{"name":"params","loc":{"line":562,"column":16},"id":11029,"file":"D://WORK//2022//论文相关//TOSEM//MiniApp-review//flow-baseline//finalDataset//Animated Universe//__APP__/utils/util.js"},"to":{"name":"b","loc":{"line":560,"column":12},"id":11023,"file":"D://WORK//2022//论文相关//TOSEM//MiniApp-review//flow-baseline//finalDataset//Animated Universe//__APP__/utils/util.js"},"crossFile":false,"crossField":false},{"type":"read","from":{"name":"e","loc":{"line":554,"column":20},"id":10988,"file":"D://WORK//2022//论文相关//TOSEM//MiniApp-review//flow-baseline//finalDataset//Animated Universe//__APP__/utils/util.js"},"to":{"name":"e","loc":{"line":562,"column":24},"id":11030,"file":"D://WORK//2022//论文相关//TOSEM//MiniApp-review//flow-baseline//finalDataset//Animated Universe//__APP__/utils/util.js"},"crossFile":false,"crossField":false}]}]},{"shadowVar":{"id":-3268,"declaredName":"__object__getApp.globalData.userInfo.nickName","file":"/pages/my/my.js","type":"normal"},"readAccess":[{"leftVar":[{"id":29665,"declaredName":"t","declaredLoc":{"line":84,"column":16},"file":"/pages/my/my.js","type":"normal"}],"readFlow":[{"type":"assign to","from":{"name":"e.globalData.userInfo.nickName","loc":{"line":85,"column":37},"id":29677,"file":"D://WORK//2022//论文相关//TOSEM//MiniApp-review//flow-baseline//finalDataset//Animated Universe//__APP__/pages/my/my.js"},"to":{"name":"t","loc":{"line":85,"column":33},"id":29676,"file":"D://WORK//2022//论文相关//TOSEM//MiniApp-review//flow-baseline//finalDataset//Animated Universe//__APP__/pages/my/my.js"}},{"type":"read","from":{"name":"t","loc":{"line":85,"column":33},"id":29676,"file":"D://WORK//2022//论文相关//TOSEM//MiniApp-review//flow-baseline//finalDataset//Animated Universe//__APP__/pages/my/my.js"},"to":{"name":"t","loc":{"line":86,"column":23},"id":29691,"file":"D://WORK//2022//论文相关//TOSEM//MiniApp-review//flow-baseline//finalDataset//Animated Universe//__APP__/pages/my/my.js"}},{"type":"assign to","from":{"name":"t","loc":{"line":86,"column":23},"id":29691,"file":"D://WORK//2022//论文相关//TOSEM//MiniApp-review//flow-baseline//finalDataset//Animated Universe//__APP__/pages/my/my.js"},"to":{"name":"title","loc":{"line":86,"column":16},"id":29690,"file":"D://WORK//2022//论文相关//TOSEM//MiniApp-review//flow-baseline//finalDataset//Animated Universe//__APP__/pages/my/my.js"}},{"type":"to callee","from":{"name":"title","loc":{"line":86,"column":16},"id":29690,"file":"D://WORK//2022//论文相关//TOSEM//MiniApp-review//flow-baseline//finalDataset//Animated Universe//__APP__/pages/my/my.js"},"to":{"name":"wx.setNavigationBarTitle","loc":{"line":85,"column":70},"id":29685,"file":"D://WORK//2022//论文相关//TOSEM//MiniApp-review//flow-baseline//finalDataset//Animated Universe//__APP__/pages/my/my.js"}}]}]}],"writeShadows":[{"shadowVar":{"id":-1906,"declaredName":"__object__getApp.globalData.userInfo.nickName","file":"/utils/util.js","type":"normal"},"writeAccess":[]},{"shadowVar":{"id":-3268,"declaredName":"__object__getApp.globalData.userInfo.nickName","file":"/pages/my/my.js","type":"normal"},"writeAccess":[]}]}]}]}