﻿source_file,source,source_loc,sink_file,sink,sink_loc,type,cross_field,cross_file,correct
app.js,wx.login,34,utils\util.js,wx.request,62,API:callback,true,true,unlabel
app.js,wx.login,34,utils\util.js,wx.request,62,API:callback,true,true,unlabel
app.js,wx.login,34,utils\util.js,wx.request,62,API:callback,true,true,unlabel
app.js,wx.login,34,utils\util.js,wx.request,62,API:callback,true,true,unlabel
app.js,wx.getUserInfo,80,app.js,wx.setStorageSync,83,API:callback,false,false,unlabel
app.js,wx.getUserInfo,80,utils\util.js,wx.request,62,API:callback,true,true,unlabel
app.js,wx.getUserInfo,80,utils\util.js,wx.request,62,API:callback,true,true,unlabel
app.js,wx.getUserInfo,80,utils\util.js,wx.request,62,API:callback,true,true,unlabel
app.js,wx.getUserInfo,80,utils\util.js,wx.request,62,API:callback,true,true,unlabel
utils\util.js,wx.getStorageSync,28&61&96&191&242&265&344&347&555&557&700&711,utils\util.js,wx.request,62,API:return-value,true,false,unlabel
utils\util.js,wx.getStorageSync,28&61&96&191&242&265&344&347&555&557&700&711,utils\util.js,wx.request,62,API:return-value,true,false,unlabel
utils\util.js,wx.getStorageSync,28&61&96&191&242&265&344&347&555&557&700&711,utils\util.js,wx.request,62,API:return-value,true,false,unlabel
utils\util.js,wx.getStorageSync,28&61&96&191&242&265&344&347&555&557&700&711,utils\util.js,wx.request,62,API:return-value,true,false,unlabel
utils\util.js,wx.getStorageSync,28&61&96&191&242&265&344&347&555&557&700&711,utils\util.js,wx.request,62,API:return-value,true,false,unlabel
utils\util.js,wx.getStorageSync,28&61&96&191&242&265&344&347&555&557&700&711,utils\util.js,wx.setStorageSync,245,API:return-value,true,false,unlabel
utils\util.js,wx.downloadFile,154,utils\util.js,wx.saveImageToPhotosAlbum,118,API:callback,true,false,unlabel
pages\addText\addText.js,wx.getStorageSync,585,pages\addText\addText.js,wx.uploadFile,577,API:return-value,false,false,unlabel
pages\addText\addText.js,wx.chooseImage,271,pages\addText\addText.js,wx.request,222,API:callback,true,false,unlabel
pages\imageDetail\imageDetail.js,wx.downloadFile,148,utils\util.js,wx.saveImageToPhotosAlbum,118,API:callback,true,true,unlabel
pages\imageDetail\imageDetail.js,changeImg,164,utils\util.js,wx.request,62,UI,true,true,unlabel
pages\imageDetail\imageDetail.js,changeImg,164,utils\util.js,wx.request,62,UI,true,true,unlabel
pages\imageDetail\imageDetail.js,changeImg,164,utils\util.js,wx.request,62,UI,true,true,unlabel
pages\imageDetail\imageDetail.js,changeImg,164,utils\util.js,wx.request,62,UI,true,true,unlabel
pages\imageDetail\imageDetail.js,changeImg,164,utils\util.js,wx.request,62,UI,true,true,unlabel
pages\imageDetail\imageDetail.js,changeImg,164,utils\util.js,wx.request,62,UI,true,true,unlabel
pages\imageDetail\imageDetail.js,changeImg,164,utils\util.js,wx.request,62,UI,true,true,unlabel
pages\imageDetail\imageDetail.js,changeImg,164,utils\util.js,wx.request,62,UI,true,true,unlabel
pages\imageDetail\imageDetail.js,fun,118,utils\util.js,wx.request,62,UI,true,true,unlabel
pages\imageDetail\imageDetail.js,fun,118,utils\util.js,wx.request,62,UI,true,true,unlabel
pages\imageDetail\imageDetail.js,fun,118,utils\util.js,wx.request,62,UI,true,true,unlabel
pages\imageDetail\imageDetail.js,fun,118,utils\util.js,wx.request,62,UI,true,true,unlabel
pages\ipEvent\ipEvent.js,formSubmit,51,utils\util.js,wx.request,62,UI,true,true,unlabel
pages\ipEvent\ipEvent.js,formSubmit,51,utils\util.js,wx.request,62,UI,true,true,unlabel
pages\ipEvent\ipEvent.js,formSubmit,51,utils\util.js,wx.request,62,UI,true,true,unlabel
pages\ipEvent\ipEvent.js,formSubmit,51,utils\util.js,wx.request,62,UI,true,true,unlabel
pages\my\my.js,wx.getStorageSync,34&65&79&136,pages\my\my.js,wx.showLoading,32,API:return-value,false,false,unlabel
pages\streamImages\streamImages.js,wx.getStorageSync,70&78&89&123&173&187,utils\util.js,wx.request,62,API:return-value,true,true,unlabel
pages\streamImages\streamImages.js,wx.getStorageSync,70&78&89&123&173&187,utils\util.js,wx.request,62,API:return-value,true,true,unlabel
pages\streamImages\streamImages.js,wx.getStorageSync,70&78&89&123&173&187,utils\util.js,wx.request,62,API:return-value,true,true,unlabel
pages\streamImages\streamImages.js,wx.getStorageSync,70&78&89&123&173&187,utils\util.js,wx.request,62,API:return-value,true,true,unlabel
