{"source":{"wx.getStorageSync":{"count":76},"wx.login":{"count":1},"wx.getSetting":{"count":2},"wx.getUserInfo":{"count":1},"wx.getNetworkType":{"count":1},"wx.getSystemInfoSync":{"count":5},"wx.request":{"count":4},"wx.downloadFile":{"count":6},"wx.getSystemInfo":{"count":1},"wx.chooseImage":{"count":1},"wx.getStorage":{"count":3}},"sink":{"wx.showModal":3,"wx.showToast":25,"wx.setStorageSync":27,"console.log":4,"wx.request":4,"wx.saveImageToPhotosAlbum":1,"wx.showLoading":11,"wx.showActionSheet":1,"wx.setStorage":3,"wx.uploadFile":1,"wx.setClipboardData":1}}