{"fromUI":[{"file":"/components/activity-win/activity-win.wxml","infoType":[]},{"file":"/components/authorise/authorise.wxml","infoType":[]},{"file":"/components/banner/banner.wxml","infoType":[]},{"file":"/components/common-buttons/common-buttons.wxml","infoType":[]},{"file":"/components/go-wiki-button/go-wiki-button.wxml","infoType":[]},{"file":"/components/has-more-data/has-more-data.wxml","infoType":[]},{"file":"/components/image-pop/image-pop.wxml","infoType":[]},{"file":"/components/relate-recommend/relate-recommend.wxml","infoType":[]},{"file":"/components/search/search.wxml","infoType":[]},{"file":"/components/share-buttons/share-buttons.wxml","infoType":[]},{"file":"/components/stream-layout/stream-layout.wxml","infoType":[]},{"file":"/components/subscribe-button/subscribe-button.wxml","infoType":[]},{"file":"/components/tag/tag.wxml","infoType":[]},{"file":"/components/three-images/three-images.wxml","infoType":[]},{"file":"/components/title/title.wxml","infoType":[]},{"file":"/components/video-time/video-time.wxml","infoType":[]},{"file":"/components/video-volume/video-volume.wxml","infoType":[]},{"file":"/pages/activityList/activityList.wxml","infoType":[]},{"file":"/pages/addText/addText.wxml","infoType":[{"api":"PageInstance.getUserInfo","loc":{"line":208,"column":26},"text":["点击授权","getUserInfo"]},{"api":"PageInstance.changePhoto","text":["changePhoto"]},{"api":"PageInstance.inputBlur","loc":{"line":296,"column":24},"text":["inputBlur","focus","inputChange","{{inputFocus}}","{{!inputFocus}}","输入文字","clearText","{{!inputFocus||!inputText}}","textTaped"]},{"api":"PageInstance.focus","text":["inputBlur","focus","inputChange","{{inputFocus}}","{{!inputFocus}}","输入文字","clearText","{{!inputFocus||!inputText}}","textTaped"]},{"api":"PageInstance.inputChange","loc":{"line":339,"column":26},"text":["inputBlur","focus","inputChange","{{inputFocus}}","{{!inputFocus}}","输入文字","clearText","{{!inputFocus||!inputText}}","textTaped"]}]},{"file":"/pages/authorise/authorise.wxml","infoType":[]},{"file":"/pages/bindPhone/bindPhone.wxml","infoType":[{"api":"PageInstance.inputPhone","loc":{"line":55,"column":25},"text":["{{isHideTip}}","inputPhone","点击输入手机号","bind-phone-holder","inputCode","点击输入验证码","confirm","{{tipText}}","你的手机号码","接收到的验证码","sendCode","确认","{{codeText}}"]},{"api":"PageInstance.inputCode","loc":{"line":66,"column":24},"text":["{{isHideTip}}","inputPhone","点击输入手机号","bind-phone-holder","inputCode","点击输入验证码","confirm","{{tipText}}","你的手机号码","接收到的验证码","sendCode","确认","{{codeText}}"]},{"api":"PageInstance.confirm","text":["确认","confirm"]},{"api":"PageInstance.sendCode","text":["{{codeText}}","sendCode"]}]},{"file":"/pages/dtyz/dtyz.wxml","infoType":[]},{"file":"/pages/dtyzAll/dtyzAll.wxml","infoType":[]},{"file":"/pages/dynamicWiki/dynamicWiki.wxml","infoType":[]},{"file":"/pages/gifnewsList/gifnewsList.wxml","infoType":[]},{"file":"/pages/guide/guide.wxml","infoType":[{"api":"PageInstance.getUserInfo","loc":{"line":23,"column":26},"text":["马上开始","getUserInfo","toStart"]},{"api":"PageInstance.toStart","text":["马上开始","getUserInfo","toStart"]}]},{"file":"/pages/imageDetail/imageDetail.wxml","infoType":[{"api":"PageInstance.changeImg","loc":{"line":164,"column":24},"text":["submit","上一张","changeImg"]},{"api":"PageInstance.changeImg","loc":{"line":164,"column":24},"text":["submit","下一张","changeImg"]},{"api":"PageInstance.fun","loc":{"line":118,"column":18},"text":["submit","{{item.type||''}}","{{item.text}}","fun"]}]},{"file":"/pages/index/index.wxml","infoType":[]},{"file":"/pages/ipEvent/ipEvent.wxml","infoType":[{"api":"PageInstance.formSubmit","loc":{"line":51,"column":25},"text":["submit","share","转发","formSubmit"]}]},{"file":"/pages/ipEventDisclaimer/ipEventDisclaimer.wxml","infoType":[]},{"file":"/pages/my/my.wxml","infoType":[{"api":"PageInstance.goPage","loc":{"line":135,"column":21},"text":["{{item.text}}","goPage"]},{"api":"PageInstance.goPageIndex","text":["去动图头条看看","goPageIndex"]}]},{"file":"/pages/searchPage/searchPage.wxml","infoType":[]},{"file":"/pages/streamImages/streamImages.wxml","infoType":[{"api":"PageInstance.switchPop","text":["关闭详情","switchPop"]}]},{"file":"/pages/subjectDetail/subjectDetail.wxml","infoType":[]},{"file":"/pages/webview/webview.wxml","infoType":[]},{"file":"/components/article-list/article-lines/article-lines.wxml","infoType":[]},{"file":"/components/article-list/article-subscribe/article-subscribe.wxml","infoType":[]},{"file":"/components/article-list/story-big-image/story-big-image.wxml","infoType":[]},{"file":"/components/article-list/story-content/story-content.wxml","infoType":[]},{"file":"/components/article-list/story-content-many/story-content-many.wxml","infoType":[]},{"file":"/components/article-list/story-many-image/story-many-image.wxml","infoType":[]},{"file":"/components/article-list/story-one-image/story-one-image.wxml","infoType":[]},{"file":"/components/article-list/story-slideshow/story-slideshow.wxml","infoType":[]},{"file":"/components/article-list/story-video/story-video.wxml","infoType":[]},{"file":"/components/article-list/subject-images/subject-images.wxml","infoType":[]},{"file":"/components/article-list/wiki-module/wiki-module.wxml","infoType":[]},{"file":"/pages/dtyz/components/subscribe-container/subscribe-container.wxml","infoType":[]},{"file":"/pages/dtyz/components/subscribe-core/subscribe-core.wxml","infoType":[]},{"file":"/pages/dtyz/components/subscribe-top/subscribe-top.wxml","infoType":[]},{"file":"/pages/dtyzAll/components/dtyz-all-item/dtyz-all-item.wxml","infoType":[]},{"file":"/pages/dynamicWiki/components/many-images/many-images.wxml","infoType":[]},{"file":"/pages/dynamicWiki/components/wiki-top/wiki-top.wxml","infoType":[]},{"file":"/pages/my/components/my-products/my-products.wxml","infoType":[]},{"file":"/pages/searchPage/components/search-data/search-data.wxml","infoType":[]},{"file":"/pages/searchPage/components/search-default/search-default.wxml","infoType":[]},{"file":"/pages/searchPage/components/search-no-data/search-no-data.wxml","infoType":[]},{"file":"/pages/searchPage/components/search-top/search-top.wxml","infoType":[]},{"file":"/pages/subjectDetail/components/slideshow/slideshow.wxml","infoType":[]}],"fromAPI":{"wx.getStorageSync":{"ill":"存储数据","ocr":[{"id":62,"file":"/app.js","loc":{"line":13,"column":18}},{"id":78,"file":"/app.js","loc":{"line":17,"column":19}},{"id":5414,"file":"/utils/mta_analysis.js","loc":{"line":24,"column":15}},{"id":5458,"file":"/utils/mta_analysis.js","loc":{"line":37,"column":15}},{"id":5746,"file":"/utils/mta_analysis.js","loc":{"line":89,"column":15}},{"id":7339,"file":"/utils/util.js","loc":{"line":28,"column":16}},{"id":7948,"file":"/utils/util.js","loc":{"line":96,"column":16}},{"id":7702,"file":"/utils/util.js","loc":{"line":61,"column":96}},{"id":8488,"file":"/utils/util.js","loc":{"line":191,"column":16}},{"id":8496,"file":"/utils/util.js","loc":{"line":192,"column":15}},{"id":8524,"file":"/utils/util.js","loc":{"line":196,"column":8}},{"id":8773,"file":"/utils/util.js","loc":{"line":242,"column":16}},{"id":8960,"file":"/utils/util.js","loc":{"line":265,"column":16}},{"id":9012,"file":"/utils/util.js","loc":{"line":274,"column":17}},{"id":9027,"file":"/utils/util.js","loc":{"line":276,"column":21}},{"id":8994,"file":"/utils/util.js","loc":{"line":270,"column":12}},{"id":9450,"file":"/utils/util.js","loc":{"line":344,"column":42}},{"id":9468,"file":"/utils/util.js","loc":{"line":347,"column":24}},{"id":10993,"file":"/utils/util.js","loc":{"line":555,"column":29}},{"id":11014,"file":"/utils/util.js","loc":{"line":557,"column":41}},{"id":11923,"file":"/utils/util.js","loc":{"line":700,"column":19}},{"id":11994,"file":"/utils/util.js","loc":{"line":711,"column":20}},{"id":12257,"file":"/components/activity-win/activity-win.js","loc":{"line":18,"column":12}},{"id":12346,"file":"/components/activity-win/activity-win.js","loc":{"line":40,"column":35}},{"id":12723,"file":"/components/common-buttons/common-buttons.js","loc":{"line":18,"column":42}},{"id":12838,"file":"/components/go-wiki-button/go-wiki-button.js","loc":{"line":17,"column":20}},{"id":13036,"file":"/components/go-wiki-button/go-wiki-button.js","loc":{"line":33,"column":47}},{"id":13486,"file":"/components/relate-recommend/relate-recommend.js","loc":{"line":54,"column":30}},{"id":14185,"file":"/components/subscribe-button/subscribe-button.js","loc":{"line":10,"column":21}},{"id":14211,"file":"/components/subscribe-button/subscribe-button.js","loc":{"line":13,"column":24}},{"id":14244,"file":"/components/subscribe-button/subscribe-button.js","loc":{"line":16,"column":24}},{"id":14277,"file":"/components/subscribe-button/subscribe-button.js","loc":{"line":19,"column":28}},{"id":14454,"file":"/components/tag/tag.js","loc":{"line":25,"column":24}},{"id":14669,"file":"/components/three-images/three-images.js","loc":{"line":34,"column":20}},{"id":20376,"file":"/pages/addText/addText.js","loc":{"line":199,"column":8}},{"id":23420,"file":"/pages/addText/addText.js","loc":{"line":585,"column":41}},{"id":23559,"file":"/pages/addText/addText.js","loc":{"line":622,"column":17}},{"id":23955,"file":"/pages/addText/addText.js","loc":{"line":654,"column":32}},{"id":24113,"file":"/pages/addText/addText.js","loc":{"line":685,"column":8}},{"id":24214,"file":"/pages/bindPhone/bindPhone.js","loc":{"line":17,"column":16}},{"id":24803,"file":"/pages/dtyz/dtyz.js","loc":{"line":19,"column":32}},{"id":24836,"file":"/pages/dtyz/dtyz.js","loc":{"line":21,"column":16}},{"id":24865,"file":"/pages/dtyz/dtyz.js","loc":{"line":25,"column":48}},{"id":25455,"file":"/pages/dynamicWiki/dynamicWiki.js","loc":{"line":26,"column":48}},{"id":25480,"file":"/pages/dynamicWiki/dynamicWiki.js","loc":{"line":30,"column":16}},{"id":25542,"file":"/pages/dynamicWiki/dynamicWiki.js","loc":{"line":35,"column":20}},{"id":26200,"file":"/pages/guide/guide.js","loc":{"line":26,"column":20}},{"id":26620,"file":"/pages/imageDetail/imageDetail.js","loc":{"line":67,"column":42}},{"id":27196,"file":"/pages/imageDetail/imageDetail.js","loc":{"line":129,"column":8}},{"id":27238,"file":"/pages/imageDetail/imageDetail.js","loc":{"line":134,"column":60}},{"id":27781,"file":"/pages/index/index.js","loc":{"line":38,"column":13}},{"id":27872,"file":"/pages/index/index.js","loc":{"line":53,"column":57}},{"id":27913,"file":"/pages/index/index.js","loc":{"line":59,"column":50}},{"id":28146,"file":"/pages/index/index.js","loc":{"line":97,"column":16}},{"id":28182,"file":"/pages/index/index.js","loc":{"line":102,"column":48}},{"id":29069,"file":"/pages/ipEvent/ipEvent.js","loc":{"line":36,"column":16}},{"id":29327,"file":"/pages/my/my.js","loc":{"line":34,"column":19}},{"id":29529,"file":"/pages/my/my.js","loc":{"line":65,"column":16}},{"id":29639,"file":"/pages/my/my.js","loc":{"line":79,"column":48}},{"id":29940,"file":"/pages/my/my.js","loc":{"line":136,"column":51}},{"id":31220,"file":"/pages/streamImages/streamImages.js","loc":{"line":70,"column":16}},{"id":31310,"file":"/pages/streamImages/streamImages.js","loc":{"line":78,"column":48}},{"id":31464,"file":"/pages/streamImages/streamImages.js","loc":{"line":89,"column":36}},{"id":31664,"file":"/pages/streamImages/streamImages.js","loc":{"line":123,"column":99}},{"id":31905,"file":"/pages/streamImages/streamImages.js","loc":{"line":173,"column":15}},{"id":32060,"file":"/pages/streamImages/streamImages.js","loc":{"line":187,"column":81}},{"id":33254,"file":"/pages/subjectDetail/subjectDetail.js","loc":{"line":20,"column":16}},{"id":33289,"file":"/pages/subjectDetail/subjectDetail.js","loc":{"line":24,"column":16}},{"id":33755,"file":"/pages/webview/webview.js","loc":{"line":22,"column":20}},{"id":33801,"file":"/pages/webview/webview.js","loc":{"line":28,"column":52}},{"id":34606,"file":"/components/article-list/story-video/story-video.js","loc":{"line":38,"column":24}},{"id":35067,"file":"/components/article-list/wiki-module/wiki-module.js","loc":{"line":48,"column":74}},{"id":35270,"file":"/pages/dtyz/components/subscribe-core/subscribe-core.js","loc":{"line":9,"column":40}},{"id":35564,"file":"/pages/dynamicWiki/components/many-images/many-images.js","loc":{"line":51,"column":19}},{"id":35653,"file":"/pages/dynamicWiki/components/many-images/many-images.js","loc":{"line":62,"column":20}},{"id":36173,"file":"/pages/my/components/my-products/my-products.js","loc":{"line":44,"column":24}}]},"wx.login":{"ill":"登录凭证","ocr":[{"id":209,"file":"/app.js","loc":{"line":34,"column":8}}]},"wx.getSetting":{"ill":"用户授权结果","ocr":[{"id":315,"file":"/app.js","loc":{"line":62,"column":8}},{"id":8066,"file":"/utils/util.js","loc":{"line":115,"column":4}}]},"wx.getUserInfo":{"ill":"用户基本信息","ocr":[{"id":398,"file":"/app.js","loc":{"line":80,"column":8}}]},"wx.getNetworkType":{"ill":"网络连接类型","ocr":[{"id":5333,"file":"/utils/mta_analysis.js","loc":{"line":2,"column":4}}]},"wx.getSystemInfoSync":{"ill":"系统信息，包括设备品牌、设备型号等","ocr":[{"id":5355,"file":"/utils/mta_analysis.js","loc":{"line":10,"column":12}},{"id":7519,"file":"/utils/util.js","loc":{"line":49,"column":191}},{"id":9659,"file":"/utils/util.js","loc":{"line":366,"column":17}},{"id":27801,"file":"/pages/index/index.js","loc":{"line":40,"column":18}},{"id":27798,"file":"/pages/index/index.js","loc":{"line":40,"column":18}}]},"wx.request":{"ill":"请求数据","ocr":[{"id":6346,"file":"/utils/mta_analysis.js","loc":{"line":165,"column":16}},{"id":6533,"file":"/utils/mta_analysis.js","loc":{"line":181,"column":16}},{"id":7719,"file":"/utils/util.js","loc":{"line":62,"column":40}},{"id":20513,"file":"/pages/addText/addText.js","loc":{"line":222,"column":12}}]},"wx.downloadFile":{"ill":"请求数据","ocr":[{"id":8236,"file":"/utils/util.js","loc":{"line":154,"column":16},"targetUrls":["https://newsapi.dongtu.com/wx/getwxacodeunlimit?page="]},{"id":9292,"file":"/utils/util.js","loc":{"line":321,"column":8}},{"id":9329,"file":"/utils/util.js","loc":{"line":325,"column":16},"targetUrls":["&page=pages/streamImages/streamImages"]},{"id":11089,"file":"/utils/util.js","loc":{"line":580,"column":8}},{"id":24000,"file":"/pages/addText/addText.js","loc":{"line":663,"column":43}},{"id":27405,"file":"/pages/imageDetail/imageDetail.js","loc":{"line":148,"column":37}}]},"wx.getSystemInfo":{"ill":"系统信息，包括设备品牌、设备型号等","ocr":[{"id":19789,"file":"/pages/addText/addText.js","loc":{"line":25,"column":0}}]},"wx.chooseImage":{"ill":"本地相册图片或相机拍照","ocr":[{"id":20833,"file":"/pages/addText/addText.js","loc":{"line":271,"column":16}}]},"wx.getStorage":{"ill":"存储数据","ocr":[{"id":25407,"file":"/pages/dynamicWiki/dynamicWiki.js","loc":{"line":17,"column":8}},{"id":29586,"file":"/pages/my/my.js","loc":{"line":68,"column":8}},{"id":35009,"file":"/components/article-list/wiki-module/wiki-module.js","loc":{"line":40,"column":12}}]}},"fromVar":{"wx.login":[{"id":221,"file":"/app.js","loc":{"line":36,"column":24},"codeText":"n.code","ill":"用户登录凭证（有效期五分钟）。开发者需要在开发者服务器后台调用 auth.code2Session，使用 code 换取 openid 和 session_key 等信息"}],"wx.getUserInfo":[{"id":410,"file":"/app.js","loc":{"line":82,"column":24},"codeText":"n.userInfo","ill":"用户信息对象，不包含 openid 等敏感信息"},{"id":451,"file":"/app.js","loc":{"line":88,"column":32},"codeText":"o.gender","ill":"用户性别"},{"id":456,"file":"/app.js","loc":{"line":89,"column":32},"codeText":"o.avatarUrl","ill":"用户头像图片的 URL。URL 最后一个数值代表正方形头像大小（有 0、46、64、96、132 数值可选，0 代表 640x640 的正方形头像，46 表示 46x46 的正方形头像，剩余数值以此类推。默认132），用户没有头像时该项为空。若用户更换头像，原有头像 URL 将失效"},{"id":461,"file":"/app.js","loc":{"line":90,"column":30},"codeText":"o.nickName","ill":"用户昵称"}],"wx.getNetworkType":[{"id":5345,"file":"/utils/mta_analysis.js","loc":{"line":4,"column":14},"codeText":"n.networkType","ill":"网络类型"}],"wx.getSystemInfoSync":[{"id":5364,"file":"/utils/mta_analysis.js","loc":{"line":12,"column":32},"codeText":"t.model","ill":"设备型号"},{"id":5369,"file":"/utils/mta_analysis.js","loc":{"line":13,"column":13},"codeText":"t.pixelRatio","ill":"设备像素比"},{"id":5376,"file":"/utils/mta_analysis.js","loc":{"line":14,"column":13},"codeText":"t.windowWidth","ill":"可使用窗口宽度，单位px"},{"id":5380,"file":"/utils/mta_analysis.js","loc":{"line":14,"column":35},"codeText":"t.windowHeight","ill":"可使用窗口高度，单位px"},{"id":5385,"file":"/utils/mta_analysis.js","loc":{"line":15,"column":12},"codeText":"t.language","ill":"微信设置的语言"},{"id":5390,"file":"/utils/mta_analysis.js","loc":{"line":16,"column":12},"codeText":"t.version","ill":"微信版本号"},{"id":5397,"file":"/utils/mta_analysis.js","loc":{"line":17,"column":31},"codeText":"t.system","ill":"操作系统及版本"},{"id":7517,"file":"/utils/util.js","loc":{"line":49,"column":191},"codeText":"wx.getSystemInfoSync().platform","ill":"客户端平台"}],"wx.request":[{"id":7743,"file":"/utils/util.js","loc":{"line":68,"column":27},"codeText":"e.statusCode","ill":"开发者服务器返回的 HTTP 状态码"},{"id":7750,"file":"/utils/util.js","loc":{"line":69,"column":28},"codeText":"e.data","ill":"开发者服务器返回的数据"},{"id":20531,"file":"/pages/addText/addText.js","loc":{"line":226,"column":24},"codeText":"e.data","ill":"开发者服务器返回的数据"}],"wx.downloadFile":[{"id":8252,"file":"/utils/util.js","loc":{"line":157,"column":27},"codeText":"e.statusCode","ill":"开发者服务器返回的 HTTP 状态码"},{"id":8275,"file":"/utils/util.js","loc":{"line":160,"column":28},"codeText":"e.tempFilePath","ill":"临时文件路径 (本地路径)。没传入 filePath 指定文件存储路径时会返回，下载后的文件会存储到一个临时文件"},{"id":9308,"file":"/utils/util.js","loc":{"line":324,"column":24},"codeText":"e.statusCode","ill":"开发者服务器返回的 HTTP 状态码"},{"id":9316,"file":"/utils/util.js","loc":{"line":324,"column":52},"codeText":"e.tempFilePath","ill":"临时文件路径 (本地路径)。没传入 filePath 指定文件存储路径时会返回，下载后的文件会存储到一个临时文件"},{"id":9345,"file":"/utils/util.js","loc":{"line":328,"column":32},"codeText":"e.statusCode","ill":"开发者服务器返回的 HTTP 状态码"},{"id":9353,"file":"/utils/util.js","loc":{"line":328,"column":60},"codeText":"e.tempFilePath","ill":"临时文件路径 (本地路径)。没传入 filePath 指定文件存储路径时会返回，下载后的文件会存储到一个临时文件"},{"id":11105,"file":"/utils/util.js","loc":{"line":583,"column":24},"codeText":"e.statusCode","ill":"开发者服务器返回的 HTTP 状态码"},{"id":11110,"file":"/utils/util.js","loc":{"line":583,"column":41},"codeText":"e.tempFilePath","ill":"临时文件路径 (本地路径)。没传入 filePath 指定文件存储路径时会返回，下载后的文件会存储到一个临时文件"},{"id":24018,"file":"/pages/addText/addText.js","loc":{"line":666,"column":28},"codeText":"e.statusCode","ill":"开发者服务器返回的 HTTP 状态码"},{"id":24029,"file":"/pages/addText/addText.js","loc":{"line":667,"column":39},"codeText":"e.tempFilePath","ill":"临时文件路径 (本地路径)。没传入 filePath 指定文件存储路径时会返回，下载后的文件会存储到一个临时文件"},{"id":27427,"file":"/pages/imageDetail/imageDetail.js","loc":{"line":151,"column":23},"codeText":"e.statusCode","ill":"开发者服务器返回的 HTTP 状态码"},{"id":27454,"file":"/pages/imageDetail/imageDetail.js","loc":{"line":154,"column":45},"codeText":"e.tempFilePath","ill":"临时文件路径 (本地路径)。没传入 filePath 指定文件存储路径时会返回，下载后的文件会存储到一个临时文件"}],"wx.getSystemInfo":[{"id":19802,"file":"/pages/addText/addText.js","loc":{"line":27,"column":12},"codeText":"t.screenWidth","ill":"屏幕宽度，单位px"}],"wx.getStorage":[{"id":25422,"file":"/pages/dynamicWiki/dynamicWiki.js","loc":{"line":20,"column":24},"codeText":"t.data","ill":"key对应的内容"},{"id":35027,"file":"/components/article-list/wiki-module/wiki-module.js","loc":{"line":43,"column":47},"codeText":"t.data","ill":"key对应的内容"}]},"timeCost":1561}