[{"id": 0, "type": "[document]", "string": null, "attribute": {}, "referenceVariable": [], "referenceFunction": [], "style": [], "inheritClass": null, "wxss": [], "page": null, "path": "D:\\WORK\\2021\\MPDF\\baseline\\ui\\芬香\\index.wxml", "child": [1], "parent": null, "matchString": [{"type": "relation", "string": "请输入手机号"}, {"type": "relation", "string": "input-placeholder"}, {"type": "relation", "string": "请输入验证码"}, {"type": "relation", "string": "{{suffix}}"}, {"type": "relation", "string": "手机号登录"}, {"type": "relation", "string": " 用户协议"}, {"type": "relation", "string": " 隐私协议"}]}, {"id": 1, "type": "view", "string": null, "attribute": {"class": ["container"]}, "referenceVariable": [], "referenceFunction": [], "style": [], "inheritClass": null, "wxss": [], "page": null, "path": "D:\\WORK\\2021\\MPDF\\baseline\\ui\\芬香\\index.wxml", "child": [2, 4], "parent": 0, "matchString": [{"type": "relation", "string": "请输入手机号"}, {"type": "relation", "string": "input-placeholder"}, {"type": "relation", "string": "请输入验证码"}, {"type": "relation", "string": "{{suffix}}"}, {"type": "relation", "string": "手机号登录"}, {"type": "relation", "string": " 用户协议"}, {"type": "relation", "string": " 隐私协议"}]}, {"id": 2, "type": "view", "string": null, "attribute": {"class": ["login-input-logo"]}, "referenceVariable": [], "referenceFunction": [], "style": [], "inheritClass": null, "wxss": [], "page": null, "path": "D:\\WORK\\2021\\MPDF\\baseline\\ui\\芬香\\index.wxml", "child": [3], "parent": 1, "matchString": [{"type": "relation", "string": " 隐私协议"}]}, {"id": 3, "type": "image", "string": null, "attribute": {"class": ["new-img"], "mode": "widthFix", "src": "https://img.ixiaocong.com/image/activity/871058a3093848bc9c2badd06c474f1b.svg"}, "referenceVariable": [], "referenceFunction": [], "style": [], "inheritClass": null, "wxss": [], "page": null, "path": "D:\\WORK\\2021\\MPDF\\baseline\\ui\\芬香\\index.wxml", "child": [], "parent": 2, "matchString": []}, {"id": 4, "type": "view", "string": null, "attribute": {"class": ["login-input-container"]}, "referenceVariable": [], "referenceFunction": [], "style": [], "inheritClass": null, "wxss": [], "page": null, "path": "D:\\WORK\\2021\\MPDF\\baseline\\ui\\芬香\\index.wxml", "child": [5, 7, 11, 13], "parent": 1, "matchString": [{"type": "relation", "string": "请输入手机号"}, {"type": "relation", "string": "input-placeholder"}, {"type": "relation", "string": "请输入验证码"}, {"type": "relation", "string": "{{suffix}}"}, {"type": "relation", "string": "手机号登录"}, {"type": "relation", "string": " 用户协议"}, {"type": "relation", "string": " 隐私协议"}]}, {"id": 5, "type": "view", "string": null, "attribute": {"class": ["form_group"]}, "referenceVariable": [], "referenceFunction": [], "style": [], "inheritClass": null, "wxss": [], "page": null, "path": "D:\\WORK\\2021\\MPDF\\baseline\\ui\\芬香\\index.wxml", "child": [6], "parent": 4, "matchString": [{"type": "relation", "string": "请输入手机号"}, {"type": "relation", "string": "input-placeholder"}]}, {"id": 6, "type": "input", "string": null, "attribute": {"bindinput": "phoneOnChange", "class": ["login-input"], "placeholder": "请输入手机号", "placeholderclass": "input-placeholder", "type": "number"}, "referenceVariable": [], "referenceFunction": ["phoneOnChange"], "style": [], "inheritClass": null, "wxss": [], "page": null, "path": "D:\\WORK\\2021\\MPDF\\baseline\\ui\\芬香\\index.wxml", "child": [], "parent": 5, "matchString": [{"type": "attr", "string": "请输入手机号"}, {"type": "attr", "string": "input-placeholder"}]}, {"id": 7, "type": "view", "string": null, "attribute": {"class": ["form_group"]}, "referenceVariable": [], "referenceFunction": [], "style": [], "inheritClass": null, "wxss": [], "page": null, "path": "D:\\WORK\\2021\\MPDF\\baseline\\ui\\芬香\\index.wxml", "child": [8, 9], "parent": 4, "matchString": [{"type": "relation", "string": "请输入验证码"}, {"type": "relation", "string": "input-placeholder"}, {"type": "relation", "string": "{{suffix}}"}]}, {"id": 8, "type": "input", "string": null, "attribute": {"bindinput": "smsCodeChange", "class": ["login-input"], "placeholder": "请输入验证码", "placeholderclass": "input-placeholder", "type": "number", "value": "{{smsCode}}"}, "referenceVariable": ["smsCode"], "referenceFunction": ["smsCodeChange"], "style": [], "inheritClass": null, "wxss": [], "page": null, "path": "D:\\WORK\\2021\\MPDF\\baseline\\ui\\芬香\\index.wxml", "child": [], "parent": 7, "matchString": [{"type": "attr", "string": "请输入验证码"}, {"type": "attr", "string": "input-placeholder"}]}, {"id": 9, "type": "view", "string": null, "attribute": {"bindtap": "getVerificationCode", "class": ["vertificate"]}, "referenceVariable": [], "referenceFunction": ["getVerificationCode"], "style": [], "inheritClass": null, "wxss": [], "page": null, "path": "D:\\WORK\\2021\\MPDF\\baseline\\ui\\芬香\\index.wxml", "child": [10], "parent": 7, "matchString": [{"type": "relation", "string": "{{suffix}}"}]}, {"id": 10, "type": "text", "string": "{{suffix}}", "attribute": {}, "referenceVariable": [], "referenceFunction": [], "style": [], "inheritClass": null, "wxss": [], "page": null, "path": "D:\\WORK\\2021\\MPDF\\baseline\\ui\\芬香\\index.wxml", "child": [], "parent": 9, "matchString": [{"type": "self", "string": "{{suffix}}"}]}, {"id": 11, "type": "view", "string": null, "attribute": {"class": ["login-btn-container"]}, "referenceVariable": [], "referenceFunction": [], "style": [], "inheritClass": null, "wxss": [], "page": null, "path": "D:\\WORK\\2021\\MPDF\\baseline\\ui\\芬香\\index.wxml", "child": [12], "parent": 4, "matchString": [{"type": "relation", "string": "手机号登录"}]}, {"id": 12, "type": "view", "string": "手机号登录", "attribute": {"bind:tap": "loginByPhone", "class": ["login-phone-btn"]}, "referenceVariable": [], "referenceFunction": ["loginByPhone"], "style": [], "inheritClass": null, "wxss": [], "page": null, "path": "D:\\WORK\\2021\\MPDF\\baseline\\ui\\芬香\\index.wxml", "child": [], "parent": 11, "matchString": [{"type": "self", "string": "手机号登录"}]}, {"id": 13, "type": "view", "string": null, "attribute": {"class": ["login-title"]}, "referenceVariable": [], "referenceFunction": [], "style": [], "inheritClass": null, "wxss": [], "page": null, "path": "D:\\WORK\\2021\\MPDF\\baseline\\ui\\芬香\\index.wxml", "child": [14, 15], "parent": 4, "matchString": [{"type": "relation", "string": " 用户协议"}, {"type": "relation", "string": " 隐私协议"}]}, {"id": 14, "type": "text", "string": " 用户协议", "attribute": {"bind:tap": "toUserAggreement", "class": ["href-title"]}, "referenceVariable": [], "referenceFunction": ["toUserAggreement"], "style": [], "inheritClass": null, "wxss": [], "page": null, "path": "D:\\WORK\\2021\\MPDF\\baseline\\ui\\芬香\\index.wxml", "child": [], "parent": 13, "matchString": [{"type": "self", "string": " 用户协议"}]}, {"id": 15, "type": "text", "string": " 隐私协议", "attribute": {"bind:tap": "toPrivacyAggreement", "class": ["href-title"]}, "referenceVariable": [], "referenceFunction": ["toPrivacyAggreement"], "style": [], "inheritClass": null, "wxss": [], "page": null, "path": "D:\\WORK\\2021\\MPDF\\baseline\\ui\\芬香\\index.wxml", "child": [], "parent": 13, "matchString": [{"type": "self", "string": " 隐私协议"}]}]