[{"id": 0, "type": "[document]", "string": null, "attribute": {}, "referenceVariable": [], "referenceFunction": [], "style": [], "inheritClass": null, "wxss": [], "page": null, "path": "D:\\WORK\\2021\\MPDF\\baseline\\ui\\嘀嘀P图\\index.wxml", "child": [1, 2], "parent": null, "matchString": [{"type": "relation", "string": "{{false}}"}, {"type": "relation", "string": "输入支付密码"}, {"type": "relation", "string": "使用会员卡余额支付需要验证身份，验证通过后才可进行支付。"}, {"type": "relation", "string": "忘记密码"}]}, {"id": 1, "type": "input", "string": null, "attribute": {"adjustposition": "{{false}}", "bindfocus": "getBoardHeight", "bindinput": "setPayPass", "class": ["hiddenInput"], "focus": "{{focus}}", "maxlength": "6", "type": "number", "value": "{{password}}"}, "referenceVariable": ["false", "focus", "password"], "referenceFunction": ["getBoardHeight", "setPayPass"], "style": [], "inheritClass": null, "wxss": [], "page": null, "path": "D:\\WORK\\2021\\MPDF\\baseline\\ui\\嘀嘀P图\\index.wxml", "child": [], "parent": 0, "matchString": [{"type": "attr", "string": "{{false}}"}]}, {"id": 2, "type": "view", "string": null, "attribute": {"class": ["pay-input-dialog"], "wx:if": "{{isShowPayInput}}"}, "referenceVariable": ["isShowPayInput"], "referenceFunction": [], "style": [], "inheritClass": null, "wxss": [], "page": null, "path": "D:\\WORK\\2021\\MPDF\\baseline\\ui\\嘀嘀P图\\index.wxml", "child": [3, 4], "parent": 0, "matchString": [{"type": "relation", "string": "输入支付密码"}, {"type": "relation", "string": "使用会员卡余额支付需要验证身份，验证通过后才可进行支付。"}, {"type": "relation", "string": "忘记密码"}]}, {"id": 3, "type": "view", "string": null, "attribute": {"catchtouchmove": "true", "class": ["pay-input-modal"]}, "referenceVariable": [], "referenceFunction": [], "style": [], "inheritClass": null, "wxss": [], "page": null, "path": "D:\\WORK\\2021\\MPDF\\baseline\\ui\\嘀嘀P图\\index.wxml", "child": [], "parent": 2, "matchString": [{"type": "relation", "string": "忘记密码"}]}, {"id": 4, "type": "view", "string": null, "attribute": {"class": ["pay-input-body"], "style": "transform:translateY(calc({{translateY}}px - 100%));"}, "referenceVariable": ["translateY"], "referenceFunction": [], "style": [], "inheritClass": null, "wxss": [], "page": null, "path": "D:\\WORK\\2021\\MPDF\\baseline\\ui\\嘀嘀P图\\index.wxml", "child": [5, 9], "parent": 2, "matchString": [{"type": "relation", "string": "输入支付密码"}, {"type": "relation", "string": "使用会员卡余额支付需要验证身份，验证通过后才可进行支付。"}, {"type": "relation", "string": "忘记密码"}]}, {"id": 5, "type": "view", "string": null, "attribute": {"class": ["body-header"]}, "referenceVariable": [], "referenceFunction": [], "style": [], "inheritClass": null, "wxss": [], "page": null, "path": "D:\\WORK\\2021\\MPDF\\baseline\\ui\\嘀嘀P图\\index.wxml", "child": [6, 8], "parent": 4, "matchString": [{"type": "relation", "string": "输入支付密码"}]}, {"id": 6, "type": "view", "string": null, "attribute": {"catchtap": "emptyBoardHeight", "class": ["back-icon"]}, "referenceVariable": [], "referenceFunction": [], "style": [], "inheritClass": null, "wxss": [], "page": null, "path": "D:\\WORK\\2021\\MPDF\\baseline\\ui\\嘀嘀P图\\index.wxml", "child": [7], "parent": 5, "matchString": []}, {"id": 7, "type": "text", "string": null, "attribute": {}, "referenceVariable": [], "referenceFunction": [], "style": [], "inheritClass": null, "wxss": [], "page": null, "path": "D:\\WORK\\2021\\MPDF\\baseline\\ui\\嘀嘀P图\\index.wxml", "child": [], "parent": 6, "matchString": []}, {"id": 8, "type": "text", "string": "输入支付密码", "attribute": {}, "referenceVariable": [], "referenceFunction": [], "style": [], "inheritClass": null, "wxss": [], "page": null, "path": "D:\\WORK\\2021\\MPDF\\baseline\\ui\\嘀嘀P图\\index.wxml", "child": [], "parent": 5, "matchString": [{"type": "self", "string": "输入支付密码"}]}, {"id": 9, "type": "view", "string": null, "attribute": {"bindtap": "setFocus", "class": ["body-content"]}, "referenceVariable": [], "referenceFunction": ["setFocus"], "style": [], "inheritClass": null, "wxss": [], "page": null, "path": "D:\\WORK\\2021\\MPDF\\baseline\\ui\\嘀嘀P图\\index.wxml", "child": [10, 11, 14], "parent": 4, "matchString": [{"type": "relation", "string": "使用会员卡余额支付需要验证身份，验证通过后才可进行支付。"}, {"type": "relation", "string": "忘记密码"}]}, {"id": 10, "type": "view", "string": "使用会员卡余额支付需要验证身份，验证通过后才可进行支付。", "attribute": {"class": ["body-content-tip"]}, "referenceVariable": [], "referenceFunction": [], "style": [], "inheritClass": null, "wxss": [], "page": null, "path": "D:\\WORK\\2021\\MPDF\\baseline\\ui\\嘀嘀P图\\index.wxml", "child": [], "parent": 9, "matchString": [{"type": "self", "string": "使用会员卡余额支付需要验证身份，验证通过后才可进行支付。"}]}, {"id": 11, "type": "view", "string": null, "attribute": {"class": ["password-container"]}, "referenceVariable": [], "referenceFunction": [], "style": [], "inheritClass": null, "wxss": [], "page": null, "path": "D:\\WORK\\2021\\MPDF\\baseline\\ui\\嘀嘀P图\\index.wxml", "child": [12], "parent": 9, "matchString": []}, {"id": 12, "type": "view", "string": null, "attribute": {"class": ["password-item"], "wx:for": "{{6}}", "wx:key": "{{index}}"}, "referenceVariable": ["6", "index"], "referenceFunction": [], "style": [], "inheritClass": null, "wxss": [], "page": null, "path": "D:\\WORK\\2021\\MPDF\\baseline\\ui\\嘀嘀P图\\index.wxml", "child": [13], "parent": 11, "matchString": []}, {"id": 13, "type": "view", "string": null, "attribute": {"class": ["pass-fill-point"], "wx:if": "{{index<password.length}}"}, "referenceVariable": ["index<password.length"], "referenceFunction": [], "style": [], "inheritClass": null, "wxss": [], "page": null, "path": "D:\\WORK\\2021\\MPDF\\baseline\\ui\\嘀嘀P图\\index.wxml", "child": [], "parent": 12, "matchString": []}, {"id": 14, "type": "text", "string": null, "attribute": {"catchtap": "forgetPass", "class": ["forget-pass"]}, "referenceVariable": [], "referenceFunction": [], "style": [], "inheritClass": null, "wxss": [], "page": null, "path": "D:\\WORK\\2021\\MPDF\\baseline\\ui\\嘀嘀P图\\index.wxml", "child": [15], "parent": 9, "matchString": [{"type": "relation", "string": "忘记密码"}]}, {"id": 15, "type": "text", "string": "忘记密码", "attribute": {}, "referenceVariable": [], "referenceFunction": [], "style": [], "inheritClass": null, "wxss": [], "page": null, "path": "D:\\WORK\\2021\\MPDF\\baseline\\ui\\嘀嘀P图\\index.wxml", "child": [], "parent": 14, "matchString": [{"type": "self", "string": "忘记密码"}]}]