[{"id": 0, "type": "[document]", "string": null, "attribute": {}, "referenceVariable": [], "referenceFunction": [], "style": [], "inheritClass": null, "wxss": [], "page": null, "path": "D:\\WORK\\2021\\MPDF\\baseline\\ui\\八戒财税公司注册代理记账办资质\\ask.wxml", "child": [1, 2], "parent": null, "matchString": [{"type": "relation", "string": "10秒提交，享受无忧服务"}, {"type": "relation", "string": "请输入您的手机号"}, {"type": "relation", "string": "请描述您的具体需求..."}, {"type": "relation", "string": "《隐私保护政策》"}, {"type": "relation", "string": "navigate"}, {"type": "relation", "string": "/pages/article/article"}, {"type": "relation", "string": "立即咨询"}, {"type": "relation", "string": "咨询热线：400-023-3766"}, {"type": "relation", "string": "toast"}, {"type": "relation", "string": "{{toastText:toastText,isShow:isShow,iconType:iconType}}"}]}, {"id": 1, "type": "import", "string": null, "attribute": {"src": "toast.wxml"}, "referenceVariable": [], "referenceFunction": [], "style": [], "inheritClass": null, "wxss": [], "page": null, "path": "D:\\WORK\\2021\\MPDF\\baseline\\ui\\八戒财税公司注册代理记账办资质\\ask.wxml", "child": [], "parent": 0, "matchString": []}, {"id": 2, "type": "view", "string": null, "attribute": {"class": ["container"]}, "referenceVariable": [], "referenceFunction": [], "style": [], "inheritClass": null, "wxss": [], "page": null, "path": "D:\\WORK\\2021\\MPDF\\baseline\\ui\\八戒财税公司注册代理记账办资质\\ask.wxml", "child": [3, 19], "parent": 0, "matchString": [{"type": "relation", "string": "10秒提交，享受无忧服务"}, {"type": "relation", "string": "请输入您的手机号"}, {"type": "relation", "string": "请描述您的具体需求..."}, {"type": "relation", "string": "《隐私保护政策》"}, {"type": "relation", "string": "navigate"}, {"type": "relation", "string": "/pages/article/article"}, {"type": "relation", "string": "立即咨询"}, {"type": "relation", "string": "咨询热线：400-023-3766"}, {"type": "relation", "string": "toast"}, {"type": "relation", "string": "{{toastText:toastText,isShow:isShow,iconType:iconType}}"}]}, {"id": 3, "type": "view", "string": null, "attribute": {"class": ["ask"]}, "referenceVariable": [], "referenceFunction": [], "style": [], "inheritClass": null, "wxss": [], "page": null, "path": "D:\\WORK\\2021\\MPDF\\baseline\\ui\\八戒财税公司注册代理记账办资质\\ask.wxml", "child": [4, 5], "parent": 2, "matchString": [{"type": "relation", "string": "10秒提交，享受无忧服务"}, {"type": "relation", "string": "请输入您的手机号"}, {"type": "relation", "string": "请描述您的具体需求..."}, {"type": "relation", "string": "《隐私保护政策》"}, {"type": "relation", "string": "navigate"}, {"type": "relation", "string": "/pages/article/article"}, {"type": "relation", "string": "立即咨询"}, {"type": "relation", "string": "咨询热线：400-023-3766"}]}, {"id": 4, "type": "view", "string": "10秒提交，享受无忧服务", "attribute": {"class": ["ask-title"]}, "referenceVariable": [], "referenceFunction": [], "style": [], "inheritClass": null, "wxss": [], "page": null, "path": "D:\\WORK\\2021\\MPDF\\baseline\\ui\\八戒财税公司注册代理记账办资质\\ask.wxml", "child": [], "parent": 3, "matchString": [{"type": "self", "string": "10秒提交，享受无忧服务"}]}, {"id": 5, "type": "form", "string": null, "attribute": {}, "referenceVariable": [], "referenceFunction": [], "style": [], "inheritClass": null, "wxss": [], "page": null, "path": "D:\\WORK\\2021\\MPDF\\baseline\\ui\\八戒财税公司注册代理记账办资质\\ask.wxml", "child": [6, 9, 11, 15, 16], "parent": 3, "matchString": [{"type": "relation", "string": "请输入您的手机号"}, {"type": "relation", "string": "请描述您的具体需求..."}, {"type": "relation", "string": "《隐私保护政策》"}, {"type": "relation", "string": "navigate"}, {"type": "relation", "string": "/pages/article/article"}, {"type": "relation", "string": "立即咨询"}, {"type": "relation", "string": "咨询热线：400-023-3766"}]}, {"id": 6, "type": "view", "string": null, "attribute": {"class": ["ask-item"]}, "referenceVariable": [], "referenceFunction": [], "style": [], "inheritClass": null, "wxss": [], "page": null, "path": "D:\\WORK\\2021\\MPDF\\baseline\\ui\\八戒财税公司注册代理记账办资质\\ask.wxml", "child": [7, 8], "parent": 5, "matchString": [{"type": "relation", "string": "请输入您的手机号"}]}, {"id": 7, "type": "image", "string": null, "attribute": {"class": ["phone-image"], "src": "/image/phone.png"}, "referenceVariable": [], "referenceFunction": [], "style": [], "inheritClass": null, "wxss": [], "page": null, "path": "D:\\WORK\\2021\\MPDF\\baseline\\ui\\八戒财税公司注册代理记账办资质\\ask.wxml", "child": [], "parent": 6, "matchString": []}, {"id": 8, "type": "input", "string": null, "attribute": {"bindblur": "blur", "bindfocus": "focus", "bindinput": "mobileInput", "class": ["{{status?'ask-num", "ask-active':'ask-num", "ask-normal'}}"], "maxlength": "11", "placeholder": "请输入您的手机号", "type": "number", "value": "{{mobile}}"}, "referenceVariable": ["mobile"], "referenceFunction": ["blur", "focus", "mobileInput"], "style": [], "inheritClass": null, "wxss": [], "page": null, "path": "D:\\WORK\\2021\\MPDF\\baseline\\ui\\八戒财税公司注册代理记账办资质\\ask.wxml", "child": [], "parent": 6, "matchString": [{"type": "attr", "string": "请输入您的手机号"}]}, {"id": 9, "type": "view", "string": null, "attribute": {"class": ["ask-item"]}, "referenceVariable": [], "referenceFunction": [], "style": [], "inheritClass": null, "wxss": [], "page": null, "path": "D:\\WORK\\2021\\MPDF\\baseline\\ui\\八戒财税公司注册代理记账办资质\\ask.wxml", "child": [10], "parent": 5, "matchString": [{"type": "relation", "string": "请描述您的具体需求..."}]}, {"id": 10, "type": "textarea", "string": null, "attribute": {"bindblur": "desBlur", "bindfocus": "desFocus", "bindinput": "desInput", "class": ["{{desStatue?'ask-des", "ask-active':'ask-des", "ask-normal'}}"], "maxlength": "200", "placeholder": "请描述您的具体需求...", "value": "{{description}}"}, "referenceVariable": ["description"], "referenceFunction": ["desBlur", "desFocus", "desInput"], "style": [], "inheritClass": null, "wxss": [], "page": null, "path": "D:\\WORK\\2021\\MPDF\\baseline\\ui\\八戒财税公司注册代理记账办资质\\ask.wxml", "child": [], "parent": 9, "matchString": [{"type": "attr", "string": "请描述您的具体需求..."}]}, {"id": 11, "type": "view", "string": null, "attribute": {"class": ["ask-item", "private-policy"], "wx:if": "{{!userPolicyChecked}}"}, "referenceVariable": ["!userPolicyChecked"], "referenceFunction": [], "style": [], "inheritClass": null, "wxss": [], "page": null, "path": "D:\\WORK\\2021\\MPDF\\baseline\\ui\\八戒财税公司注册代理记账办资质\\ask.wxml", "child": [12, 13], "parent": 5, "matchString": [{"type": "relation", "string": "《隐私保护政策》"}, {"type": "relation", "string": "navigate"}, {"type": "relation", "string": "/pages/article/article"}]}, {"id": 12, "type": "checkbox", "string": null, "attribute": {"bindtap": "checkboxFocus", "checked": "{{isPolicyChecked}}", "class": ["private-policy-checkbox"]}, "referenceVariable": ["isPolicyChecked"], "referenceFunction": ["checkboxFocus"], "style": [], "inheritClass": null, "wxss": [], "page": null, "path": "D:\\WORK\\2021\\MPDF\\baseline\\ui\\八戒财税公司注册代理记账办资质\\ask.wxml", "child": [], "parent": 11, "matchString": []}, {"id": 13, "type": "view", "string": null, "attribute": {"class": ["private-policy-content"]}, "referenceVariable": [], "referenceFunction": [], "style": [], "inheritClass": null, "wxss": [], "page": null, "path": "D:\\WORK\\2021\\MPDF\\baseline\\ui\\八戒财税公司注册代理记账办资质\\ask.wxml", "child": [14], "parent": 11, "matchString": [{"type": "relation", "string": "《隐私保护政策》"}, {"type": "relation", "string": "navigate"}, {"type": "relation", "string": "/pages/article/article"}]}, {"id": 14, "type": "navigator", "string": "《隐私保护政策》", "attribute": {"class": ["private-policy-link"], "opentype": "navigate", "url": "/pages/article/article"}, "referenceVariable": [], "referenceFunction": [], "style": [], "inheritClass": null, "wxss": [], "page": null, "path": "D:\\WORK\\2021\\MPDF\\baseline\\ui\\八戒财税公司注册代理记账办资质\\ask.wxml", "child": [], "parent": 13, "matchString": [{"type": "self", "string": "《隐私保护政策》"}, {"type": "attr", "string": "navigate"}, {"type": "attr", "string": "/pages/article/article"}]}, {"id": 15, "type": "button", "string": "立即咨询", "attribute": {"bindtap": "goAsk", "class": ["ask-button"]}, "referenceVariable": [], "referenceFunction": ["goAsk"], "style": [], "inheritClass": null, "wxss": [], "page": null, "path": "D:\\WORK\\2021\\MPDF\\baseline\\ui\\八戒财税公司注册代理记账办资质\\ask.wxml", "child": [], "parent": 5, "matchString": [{"type": "self", "string": "立即咨询"}]}, {"id": 16, "type": "button", "string": null, "attribute": {"bindtap": "goCall", "class": ["ask-call"]}, "referenceVariable": [], "referenceFunction": ["goCall"], "style": [], "inheritClass": null, "wxss": [], "page": null, "path": "D:\\WORK\\2021\\MPDF\\baseline\\ui\\八戒财税公司注册代理记账办资质\\ask.wxml", "child": [17, 18], "parent": 5, "matchString": [{"type": "relation", "string": "咨询热线：400-023-3766"}]}, {"id": 17, "type": "image", "string": null, "attribute": {"class": ["call-image"], "src": "/image/call.png"}, "referenceVariable": [], "referenceFunction": [], "style": [], "inheritClass": null, "wxss": [], "page": null, "path": "D:\\WORK\\2021\\MPDF\\baseline\\ui\\八戒财税公司注册代理记账办资质\\ask.wxml", "child": [], "parent": 16, "matchString": []}, {"id": 18, "type": "text", "string": "咨询热线：400-023-3766", "attribute": {}, "referenceVariable": [], "referenceFunction": [], "style": [], "inheritClass": null, "wxss": [], "page": null, "path": "D:\\WORK\\2021\\MPDF\\baseline\\ui\\八戒财税公司注册代理记账办资质\\ask.wxml", "child": [], "parent": 16, "matchString": [{"type": "self", "string": "咨询热线：400-023-3766"}]}, {"id": 19, "type": "template", "string": null, "attribute": {"is": "toast", "data": "{{toastText:toastText,isShow:isShow,iconType:iconType}}"}, "referenceVariable": ["toastText:toastText,isShow:isShow,iconType:iconType"], "referenceFunction": [], "style": [], "inheritClass": null, "wxss": [], "page": null, "path": "D:\\WORK\\2021\\MPDF\\baseline\\ui\\八戒财税公司注册代理记账办资质\\ask.wxml", "child": [], "parent": 2, "matchString": [{"type": "attr", "string": "toast"}, {"type": "attr", "string": "{{toastText:toastText,isShow:isShow,iconType:iconType}}"}, {"type": "relation", "string": "{{toastText:toastText,isShow:isShow,iconType:iconType}}"}]}]