[{"id": 0, "type": "[document]", "string": null, "attribute": {}, "referenceVariable": [], "referenceFunction": [], "style": [], "inheritClass": null, "wxss": [], "page": null, "path": "D:\\WORK\\2021\\MPDF\\baseline\\ui\\封面新闻+\\login.wxml", "child": [1], "parent": null, "matchString": [{"type": "relation", "string": "登录后才能发布内容~"}, {"type": "relation", "string": "3d36e1e8-1"}, {"type": "relation", "string": "点击登录，探索更多精彩！"}, {"type": "relation", "string": "手机号登录"}, {"type": "relation", "string": ""}, {"type": "relation", "string": "getPhoneNumber"}, {"type": "relation", "string": "未注册用户登录时将自动创建新账号"}, {"type": "relation", "string": "《封面新闻用户协议》"}, {"type": "relation", "string": "/pages/index/webview?url=https%3A%2F%2Fm.thecover.cn%2Fpact.html"}]}, {"id": 1, "type": "view", "string": null, "attribute": {"class": ["data-v-a17651fc"]}, "referenceVariable": [], "referenceFunction": [], "style": [], "inheritClass": null, "wxss": [], "page": null, "path": "D:\\WORK\\2021\\MPDF\\baseline\\ui\\封面新闻+\\login.wxml", "child": [2, 3, 4, 5, 6, 10], "parent": 0, "matchString": [{"type": "relation", "string": "登录后才能发布内容~"}, {"type": "relation", "string": "3d36e1e8-1"}, {"type": "relation", "string": "点击登录，探索更多精彩！"}, {"type": "relation", "string": "手机号登录"}, {"type": "relation", "string": ""}, {"type": "relation", "string": "getPhoneNumber"}, {"type": "relation", "string": "未注册用户登录时将自动创建新账号"}, {"type": "relation", "string": "《封面新闻用户协议》"}, {"type": "relation", "string": "/pages/index/webview?url=https%3A%2F%2Fm.thecover.cn%2Fpact.html"}]}, {"id": 2, "type": "login-modal", "string": null, "attribute": {"bind:__l": "__l", "bind:onclose": "__e", "class": ["data-v-a17651fc"], "data-event-opts": "{{[ [ '^onClose',[ ['onCloseLogin'] ] ] ]}}", "title": "登录后才能发布内容~", "vueid": "3d36e1e8-1", "wx:if": "{{isShowLogin}}"}, "referenceVariable": ["[ [ '^onClose',[ ['onCloseLogin'] ] ] ]", "isShowLogin"], "referenceFunction": ["__l", "__e"], "style": [], "inheritClass": null, "wxss": [], "page": null, "path": "D:\\WORK\\2021\\MPDF\\baseline\\ui\\封面新闻+\\login.wxml", "child": [], "parent": 1, "matchString": [{"type": "attr", "string": "登录后才能发布内容~"}, {"type": "attr", "string": "3d36e1e8-1"}, {"type": "relation", "string": "3d36e1e8-1"}]}, {"id": 3, "type": "image", "string": null, "attribute": {"mode": "", "class": ["avatar", "data-v-a17651fc"], "src": "../../static/user_default.png"}, "referenceVariable": [], "referenceFunction": [], "style": [], "inheritClass": null, "wxss": [], "page": null, "path": "D:\\WORK\\2021\\MPDF\\baseline\\ui\\封面新闻+\\login.wxml", "child": [], "parent": 1, "matchString": [{"type": "relation", "string": "3d36e1e8-1"}]}, {"id": 4, "type": "view", "string": "点击登录，探索更多精彩！", "attribute": {"class": ["title", "data-v-a17651fc"]}, "referenceVariable": [], "referenceFunction": [], "style": [], "inheritClass": null, "wxss": [], "page": null, "path": "D:\\WORK\\2021\\MPDF\\baseline\\ui\\封面新闻+\\login.wxml", "child": [], "parent": 1, "matchString": [{"type": "self", "string": "点击登录，探索更多精彩！"}, {"type": "relation", "string": "点击登录，探索更多精彩！"}]}, {"id": 5, "type": "button", "string": "手机号登录", "attribute": {"plain": "", "bindgetphonenumber": "__e", "class": ["login-btn", "data-v-a17651fc"], "data-event-opts": "{{[ [ 'getphonenumber',[ [ 'handlePhone',['$event'] ] ] ] ]}}", "opentype": "getPhoneNumber"}, "referenceVariable": ["[ [ 'getphonenumber',[ [ 'handlePhone',['$event'] ] ] ] ]"], "referenceFunction": ["__e"], "style": [], "inheritClass": null, "wxss": [], "page": null, "path": "D:\\WORK\\2021\\MPDF\\baseline\\ui\\封面新闻+\\login.wxml", "child": [], "parent": 1, "matchString": [{"type": "self", "string": "手机号登录"}, {"type": "attr", "string": ""}, {"type": "attr", "string": "getPhoneNumber"}, {"type": "relation", "string": "getPhoneNumber"}]}, {"id": 6, "type": "view", "string": null, "attribute": {"class": ["login-agreement", "data-v-a17651fc"]}, "referenceVariable": [], "referenceFunction": [], "style": [], "inheritClass": null, "wxss": [], "page": null, "path": "D:\\WORK\\2021\\MPDF\\baseline\\ui\\封面新闻+\\login.wxml", "child": [7, 8], "parent": 1, "matchString": [{"type": "relation", "string": "未注册用户登录时将自动创建新账号"}, {"type": "relation", "string": "《封面新闻用户协议》"}, {"type": "relation", "string": "/pages/index/webview?url=https%3A%2F%2Fm.thecover.cn%2Fpact.html"}]}, {"id": 7, "type": "view", "string": "未注册用户登录时将自动创建新账号", "attribute": {"class": ["data-v-a17651fc"]}, "referenceVariable": [], "referenceFunction": [], "style": [], "inheritClass": null, "wxss": [], "page": null, "path": "D:\\WORK\\2021\\MPDF\\baseline\\ui\\封面新闻+\\login.wxml", "child": [], "parent": 6, "matchString": [{"type": "self", "string": "未注册用户登录时将自动创建新账号"}]}, {"id": 8, "type": "view", "string": null, "attribute": {"class": ["data-v-a17651fc"], "style": "display:flex;"}, "referenceVariable": [], "referenceFunction": [], "style": [], "inheritClass": null, "wxss": [], "page": null, "path": "D:\\WORK\\2021\\MPDF\\baseline\\ui\\封面新闻+\\login.wxml", "child": [9], "parent": 6, "matchString": [{"type": "relation", "string": "《封面新闻用户协议》"}, {"type": "relation", "string": "/pages/index/webview?url=https%3A%2F%2Fm.thecover.cn%2Fpact.html"}]}, {"id": 9, "type": "navigator", "string": "《封面新闻用户协议》", "attribute": {"class": ["data-v-a17651fc"], "url": "/pages/index/webview?url=https%3A%2F%2Fm.thecover.cn%2Fpact.html"}, "referenceVariable": [], "referenceFunction": [], "style": [], "inheritClass": null, "wxss": [], "page": null, "path": "D:\\WORK\\2021\\MPDF\\baseline\\ui\\封面新闻+\\login.wxml", "child": [], "parent": 8, "matchString": [{"type": "self", "string": "《封面新闻用户协议》"}, {"type": "attr", "string": "/pages/index/webview?url=https%3A%2F%2Fm.thecover.cn%2Fpact.html"}]}, {"id": 10, "type": "image", "string": null, "attribute": {"mode": "", "class": ["foot-logo", "data-v-a17651fc"], "src": "../../static/foot_logo.png"}, "referenceVariable": [], "referenceFunction": [], "style": [], "inheritClass": null, "wxss": [], "page": null, "path": "D:\\WORK\\2021\\MPDF\\baseline\\ui\\封面新闻+\\login.wxml", "child": [], "parent": 1, "matchString": []}]