{"definedData":[],"dynamicDefinedData":[{"shadowObjectVar":"__object__4","dynamicDefinedProps":[{"propName":".question","readShadows":[{"shadowVar":{"declaredName":"__object__4.question","declaredLoc":{"line":5,"column":8},"file":"D:\\WORK\\2022\\论文相关\\benchmark\\miniapp\\998二手挖机圈\\_-1965603458_27\\pages\\question\\question.js"},"readAccess":[{"leftVar":[{"declaredName":"__object__3.data","declaredLoc":{"line":4,"column":4},"file":"D:\\WORK\\2022\\论文相关\\benchmark\\miniapp\\998二手挖机圈\\_-1965603458_27\\pages\\question\\question.js"}],"readFlow":[{"type":"assign to","from":{"name":"question","loc":{"line":5,"column":8},"id":28862,"file":"D:\\WORK\\2022\\论文相关\\benchmark\\miniapp\\998二手挖机圈\\_-1965603458_27\\pages\\question\\question.js"},"to":{"name":"data","loc":{"line":4,"column":4},"id":28859,"file":"D:\\WORK\\2022\\论文相关\\benchmark\\miniapp\\998二手挖机圈\\_-1965603458_27\\pages\\question\\question.js"}},{"type":"to callee","from":{"name":"data","loc":{"line":4,"column":4},"id":28859,"file":"D:\\WORK\\2022\\论文相关\\benchmark\\miniapp\\998二手挖机圈\\_-1965603458_27\\pages\\question\\question.js"},"to":{"name":"Page","loc":{"line":3,"column":0},"id":28856,"file":"D:\\WORK\\2022\\论文相关\\benchmark\\miniapp\\998二手挖机圈\\_-1965603458_27\\pages\\question\\question.js"}}]}]}],"writeShadows":[{"shadowVar":{"declaredName":"__object__4.question","declaredLoc":{"line":5,"column":8},"file":"D:\\WORK\\2022\\论文相关\\benchmark\\miniapp\\998二手挖机圈\\_-1965603458_27\\pages\\question\\question.js"},"writeAccess":[]}]}]},{"shadowObjectVar":"__object__5","dynamicDefinedProps":[{"propName":".title","readShadows":[{"shadowVar":{"declaredName":"__object__5.title","declaredLoc":{"line":6,"column":12},"file":"D:\\WORK\\2022\\论文相关\\benchmark\\miniapp\\998二手挖机圈\\_-1965603458_27\\pages\\question\\question.js"},"readAccess":[{"leftVar":[{"declaredName":"__object__4.question","declaredLoc":{"line":5,"column":8},"file":"D:\\WORK\\2022\\论文相关\\benchmark\\miniapp\\998二手挖机圈\\_-1965603458_27\\pages\\question\\question.js"},{"declaredName":"__object__3.data","declaredLoc":{"line":4,"column":4},"file":"D:\\WORK\\2022\\论文相关\\benchmark\\miniapp\\998二手挖机圈\\_-1965603458_27\\pages\\question\\question.js"}],"readFlow":[{"type":"assign to","from":{"name":"title","loc":{"line":6,"column":12},"id":28866,"file":"D:\\WORK\\2022\\论文相关\\benchmark\\miniapp\\998二手挖机圈\\_-1965603458_27\\pages\\question\\question.js"},"to":{"name":"question","loc":{"line":5,"column":8},"id":28862,"file":"D:\\WORK\\2022\\论文相关\\benchmark\\miniapp\\998二手挖机圈\\_-1965603458_27\\pages\\question\\question.js"}},{"type":"assign to","from":{"name":"question","loc":{"line":5,"column":8},"id":28862,"file":"D:\\WORK\\2022\\论文相关\\benchmark\\miniapp\\998二手挖机圈\\_-1965603458_27\\pages\\question\\question.js"},"to":{"name":"data","loc":{"line":4,"column":4},"id":28859,"file":"D:\\WORK\\2022\\论文相关\\benchmark\\miniapp\\998二手挖机圈\\_-1965603458_27\\pages\\question\\question.js"}},{"type":"to callee","from":{"name":"question","loc":{"line":5,"column":8},"id":28862,"file":"D:\\WORK\\2022\\论文相关\\benchmark\\miniapp\\998二手挖机圈\\_-1965603458_27\\pages\\question\\question.js"},"to":{"name":"Page","loc":{"line":3,"column":0},"id":28856,"file":"D:\\WORK\\2022\\论文相关\\benchmark\\miniapp\\998二手挖机圈\\_-1965603458_27\\pages\\question\\question.js"}},{"type":"to callee","from":{"name":"data","loc":{"line":4,"column":4},"id":28859,"file":"D:\\WORK\\2022\\论文相关\\benchmark\\miniapp\\998二手挖机圈\\_-1965603458_27\\pages\\question\\question.js"},"to":{"name":"Page","loc":{"line":3,"column":0},"id":28856,"file":"D:\\WORK\\2022\\论文相关\\benchmark\\miniapp\\998二手挖机圈\\_-1965603458_27\\pages\\question\\question.js"}}]},{"leftVar":[{"declaredName":"__object__4.question","declaredLoc":{"line":5,"column":8},"file":"D:\\WORK\\2022\\论文相关\\benchmark\\miniapp\\998二手挖机圈\\_-1965603458_27\\pages\\question\\question.js"},{"declaredName":"__object__3.data","declaredLoc":{"line":4,"column":4},"file":"D:\\WORK\\2022\\论文相关\\benchmark\\miniapp\\998二手挖机圈\\_-1965603458_27\\pages\\question\\question.js"}],"readFlow":[{"type":"assign to","from":{"name":"title","loc":{"line":6,"column":12},"id":28866,"file":"D:\\WORK\\2022\\论文相关\\benchmark\\miniapp\\998二手挖机圈\\_-1965603458_27\\pages\\question\\question.js"},"to":{"name":"data","loc":{"line":4,"column":4},"id":28859,"file":"D:\\WORK\\2022\\论文相关\\benchmark\\miniapp\\998二手挖机圈\\_-1965603458_27\\pages\\question\\question.js"}},{"type":"to callee","from":{"name":"data","loc":{"line":4,"column":4},"id":28859,"file":"D:\\WORK\\2022\\论文相关\\benchmark\\miniapp\\998二手挖机圈\\_-1965603458_27\\pages\\question\\question.js"},"to":{"name":"Page","loc":{"line":3,"column":0},"id":28856,"file":"D:\\WORK\\2022\\论文相关\\benchmark\\miniapp\\998二手挖机圈\\_-1965603458_27\\pages\\question\\question.js"}}]}]}],"writeShadows":[{"shadowVar":{"declaredName":"__object__5.title","declaredLoc":{"line":6,"column":12},"file":"D:\\WORK\\2022\\论文相关\\benchmark\\miniapp\\998二手挖机圈\\_-1965603458_27\\pages\\question\\question.js"},"writeAccess":[]}]},{"propName":".content","readShadows":[{"shadowVar":{"declaredName":"__object__5.content","declaredLoc":{"line":7,"column":12},"file":"D:\\WORK\\2022\\论文相关\\benchmark\\miniapp\\998二手挖机圈\\_-1965603458_27\\pages\\question\\question.js"},"readAccess":[{"leftVar":[{"declaredName":"__object__4.question","declaredLoc":{"line":5,"column":8},"file":"D:\\WORK\\2022\\论文相关\\benchmark\\miniapp\\998二手挖机圈\\_-1965603458_27\\pages\\question\\question.js"},{"declaredName":"__object__3.data","declaredLoc":{"line":4,"column":4},"file":"D:\\WORK\\2022\\论文相关\\benchmark\\miniapp\\998二手挖机圈\\_-1965603458_27\\pages\\question\\question.js"}],"readFlow":[{"type":"assign to","from":{"name":"content","loc":{"line":7,"column":12},"id":28869,"file":"D:\\WORK\\2022\\论文相关\\benchmark\\miniapp\\998二手挖机圈\\_-1965603458_27\\pages\\question\\question.js"},"to":{"name":"question","loc":{"line":5,"column":8},"id":28862,"file":"D:\\WORK\\2022\\论文相关\\benchmark\\miniapp\\998二手挖机圈\\_-1965603458_27\\pages\\question\\question.js"}},{"type":"assign to","from":{"name":"question","loc":{"line":5,"column":8},"id":28862,"file":"D:\\WORK\\2022\\论文相关\\benchmark\\miniapp\\998二手挖机圈\\_-1965603458_27\\pages\\question\\question.js"},"to":{"name":"data","loc":{"line":4,"column":4},"id":28859,"file":"D:\\WORK\\2022\\论文相关\\benchmark\\miniapp\\998二手挖机圈\\_-1965603458_27\\pages\\question\\question.js"}},{"type":"to callee","from":{"name":"question","loc":{"line":5,"column":8},"id":28862,"file":"D:\\WORK\\2022\\论文相关\\benchmark\\miniapp\\998二手挖机圈\\_-1965603458_27\\pages\\question\\question.js"},"to":{"name":"Page","loc":{"line":3,"column":0},"id":28856,"file":"D:\\WORK\\2022\\论文相关\\benchmark\\miniapp\\998二手挖机圈\\_-1965603458_27\\pages\\question\\question.js"}},{"type":"to callee","from":{"name":"data","loc":{"line":4,"column":4},"id":28859,"file":"D:\\WORK\\2022\\论文相关\\benchmark\\miniapp\\998二手挖机圈\\_-1965603458_27\\pages\\question\\question.js"},"to":{"name":"Page","loc":{"line":3,"column":0},"id":28856,"file":"D:\\WORK\\2022\\论文相关\\benchmark\\miniapp\\998二手挖机圈\\_-1965603458_27\\pages\\question\\question.js"}}]},{"leftVar":[{"declaredName":"__object__4.question","declaredLoc":{"line":5,"column":8},"file":"D:\\WORK\\2022\\论文相关\\benchmark\\miniapp\\998二手挖机圈\\_-1965603458_27\\pages\\question\\question.js"},{"declaredName":"__object__3.data","declaredLoc":{"line":4,"column":4},"file":"D:\\WORK\\2022\\论文相关\\benchmark\\miniapp\\998二手挖机圈\\_-1965603458_27\\pages\\question\\question.js"}],"readFlow":[{"type":"assign to","from":{"name":"content","loc":{"line":7,"column":12},"id":28869,"file":"D:\\WORK\\2022\\论文相关\\benchmark\\miniapp\\998二手挖机圈\\_-1965603458_27\\pages\\question\\question.js"},"to":{"name":"data","loc":{"line":4,"column":4},"id":28859,"file":"D:\\WORK\\2022\\论文相关\\benchmark\\miniapp\\998二手挖机圈\\_-1965603458_27\\pages\\question\\question.js"}},{"type":"to callee","from":{"name":"data","loc":{"line":4,"column":4},"id":28859,"file":"D:\\WORK\\2022\\论文相关\\benchmark\\miniapp\\998二手挖机圈\\_-1965603458_27\\pages\\question\\question.js"},"to":{"name":"Page","loc":{"line":3,"column":0},"id":28856,"file":"D:\\WORK\\2022\\论文相关\\benchmark\\miniapp\\998二手挖机圈\\_-1965603458_27\\pages\\question\\question.js"}}]}]}],"writeShadows":[{"shadowVar":{"declaredName":"__object__5.content","declaredLoc":{"line":7,"column":12},"file":"D:\\WORK\\2022\\论文相关\\benchmark\\miniapp\\998二手挖机圈\\_-1965603458_27\\pages\\question\\question.js"},"writeAccess":[]}]}]},{"shadowObjectVar":"__object__8","dynamicDefinedProps":[{"propName":".title","readShadows":[{"shadowVar":{"declaredName":"__object__8.title","declaredLoc":{"line":9,"column":12},"file":"D:\\WORK\\2022\\论文相关\\benchmark\\miniapp\\998二手挖机圈\\_-1965603458_27\\pages\\question\\question.js"},"readAccess":[{"leftVar":[{"declaredName":"__object__4.question","declaredLoc":{"line":5,"column":8},"file":"D:\\WORK\\2022\\论文相关\\benchmark\\miniapp\\998二手挖机圈\\_-1965603458_27\\pages\\question\\question.js"},{"declaredName":"__object__3.data","declaredLoc":{"line":4,"column":4},"file":"D:\\WORK\\2022\\论文相关\\benchmark\\miniapp\\998二手挖机圈\\_-1965603458_27\\pages\\question\\question.js"}],"readFlow":[{"type":"assign to","from":{"name":"title","loc":{"line":9,"column":12},"id":28873,"file":"D:\\WORK\\2022\\论文相关\\benchmark\\miniapp\\998二手挖机圈\\_-1965603458_27\\pages\\question\\question.js"},"to":{"name":"question","loc":{"line":5,"column":8},"id":28862,"file":"D:\\WORK\\2022\\论文相关\\benchmark\\miniapp\\998二手挖机圈\\_-1965603458_27\\pages\\question\\question.js"}},{"type":"assign to","from":{"name":"question","loc":{"line":5,"column":8},"id":28862,"file":"D:\\WORK\\2022\\论文相关\\benchmark\\miniapp\\998二手挖机圈\\_-1965603458_27\\pages\\question\\question.js"},"to":{"name":"data","loc":{"line":4,"column":4},"id":28859,"file":"D:\\WORK\\2022\\论文相关\\benchmark\\miniapp\\998二手挖机圈\\_-1965603458_27\\pages\\question\\question.js"}},{"type":"to callee","from":{"name":"question","loc":{"line":5,"column":8},"id":28862,"file":"D:\\WORK\\2022\\论文相关\\benchmark\\miniapp\\998二手挖机圈\\_-1965603458_27\\pages\\question\\question.js"},"to":{"name":"Page","loc":{"line":3,"column":0},"id":28856,"file":"D:\\WORK\\2022\\论文相关\\benchmark\\miniapp\\998二手挖机圈\\_-1965603458_27\\pages\\question\\question.js"}},{"type":"to callee","from":{"name":"data","loc":{"line":4,"column":4},"id":28859,"file":"D:\\WORK\\2022\\论文相关\\benchmark\\miniapp\\998二手挖机圈\\_-1965603458_27\\pages\\question\\question.js"},"to":{"name":"Page","loc":{"line":3,"column":0},"id":28856,"file":"D:\\WORK\\2022\\论文相关\\benchmark\\miniapp\\998二手挖机圈\\_-1965603458_27\\pages\\question\\question.js"}}]},{"leftVar":[{"declaredName":"__object__4.question","declaredLoc":{"line":5,"column":8},"file":"D:\\WORK\\2022\\论文相关\\benchmark\\miniapp\\998二手挖机圈\\_-1965603458_27\\pages\\question\\question.js"},{"declaredName":"__object__3.data","declaredLoc":{"line":4,"column":4},"file":"D:\\WORK\\2022\\论文相关\\benchmark\\miniapp\\998二手挖机圈\\_-1965603458_27\\pages\\question\\question.js"}],"readFlow":[{"type":"assign to","from":{"name":"title","loc":{"line":9,"column":12},"id":28873,"file":"D:\\WORK\\2022\\论文相关\\benchmark\\miniapp\\998二手挖机圈\\_-1965603458_27\\pages\\question\\question.js"},"to":{"name":"data","loc":{"line":4,"column":4},"id":28859,"file":"D:\\WORK\\2022\\论文相关\\benchmark\\miniapp\\998二手挖机圈\\_-1965603458_27\\pages\\question\\question.js"}},{"type":"to callee","from":{"name":"data","loc":{"line":4,"column":4},"id":28859,"file":"D:\\WORK\\2022\\论文相关\\benchmark\\miniapp\\998二手挖机圈\\_-1965603458_27\\pages\\question\\question.js"},"to":{"name":"Page","loc":{"line":3,"column":0},"id":28856,"file":"D:\\WORK\\2022\\论文相关\\benchmark\\miniapp\\998二手挖机圈\\_-1965603458_27\\pages\\question\\question.js"}}]}]}],"writeShadows":[{"shadowVar":{"declaredName":"__object__8.title","declaredLoc":{"line":9,"column":12},"file":"D:\\WORK\\2022\\论文相关\\benchmark\\miniapp\\998二手挖机圈\\_-1965603458_27\\pages\\question\\question.js"},"writeAccess":[]}]},{"propName":".content","readShadows":[{"shadowVar":{"declaredName":"__object__8.content","declaredLoc":{"line":10,"column":12},"file":"D:\\WORK\\2022\\论文相关\\benchmark\\miniapp\\998二手挖机圈\\_-1965603458_27\\pages\\question\\question.js"},"readAccess":[{"leftVar":[{"declaredName":"__object__4.question","declaredLoc":{"line":5,"column":8},"file":"D:\\WORK\\2022\\论文相关\\benchmark\\miniapp\\998二手挖机圈\\_-1965603458_27\\pages\\question\\question.js"},{"declaredName":"__object__3.data","declaredLoc":{"line":4,"column":4},"file":"D:\\WORK\\2022\\论文相关\\benchmark\\miniapp\\998二手挖机圈\\_-1965603458_27\\pages\\question\\question.js"}],"readFlow":[{"type":"assign to","from":{"name":"content","loc":{"line":10,"column":12},"id":28876,"file":"D:\\WORK\\2022\\论文相关\\benchmark\\miniapp\\998二手挖机圈\\_-1965603458_27\\pages\\question\\question.js"},"to":{"name":"question","loc":{"line":5,"column":8},"id":28862,"file":"D:\\WORK\\2022\\论文相关\\benchmark\\miniapp\\998二手挖机圈\\_-1965603458_27\\pages\\question\\question.js"}},{"type":"assign to","from":{"name":"question","loc":{"line":5,"column":8},"id":28862,"file":"D:\\WORK\\2022\\论文相关\\benchmark\\miniapp\\998二手挖机圈\\_-1965603458_27\\pages\\question\\question.js"},"to":{"name":"data","loc":{"line":4,"column":4},"id":28859,"file":"D:\\WORK\\2022\\论文相关\\benchmark\\miniapp\\998二手挖机圈\\_-1965603458_27\\pages\\question\\question.js"}},{"type":"to callee","from":{"name":"question","loc":{"line":5,"column":8},"id":28862,"file":"D:\\WORK\\2022\\论文相关\\benchmark\\miniapp\\998二手挖机圈\\_-1965603458_27\\pages\\question\\question.js"},"to":{"name":"Page","loc":{"line":3,"column":0},"id":28856,"file":"D:\\WORK\\2022\\论文相关\\benchmark\\miniapp\\998二手挖机圈\\_-1965603458_27\\pages\\question\\question.js"}},{"type":"to callee","from":{"name":"data","loc":{"line":4,"column":4},"id":28859,"file":"D:\\WORK\\2022\\论文相关\\benchmark\\miniapp\\998二手挖机圈\\_-1965603458_27\\pages\\question\\question.js"},"to":{"name":"Page","loc":{"line":3,"column":0},"id":28856,"file":"D:\\WORK\\2022\\论文相关\\benchmark\\miniapp\\998二手挖机圈\\_-1965603458_27\\pages\\question\\question.js"}}]},{"leftVar":[{"declaredName":"__object__4.question","declaredLoc":{"line":5,"column":8},"file":"D:\\WORK\\2022\\论文相关\\benchmark\\miniapp\\998二手挖机圈\\_-1965603458_27\\pages\\question\\question.js"},{"declaredName":"__object__3.data","declaredLoc":{"line":4,"column":4},"file":"D:\\WORK\\2022\\论文相关\\benchmark\\miniapp\\998二手挖机圈\\_-1965603458_27\\pages\\question\\question.js"}],"readFlow":[{"type":"assign to","from":{"name":"content","loc":{"line":10,"column":12},"id":28876,"file":"D:\\WORK\\2022\\论文相关\\benchmark\\miniapp\\998二手挖机圈\\_-1965603458_27\\pages\\question\\question.js"},"to":{"name":"data","loc":{"line":4,"column":4},"id":28859,"file":"D:\\WORK\\2022\\论文相关\\benchmark\\miniapp\\998二手挖机圈\\_-1965603458_27\\pages\\question\\question.js"}},{"type":"to callee","from":{"name":"data","loc":{"line":4,"column":4},"id":28859,"file":"D:\\WORK\\2022\\论文相关\\benchmark\\miniapp\\998二手挖机圈\\_-1965603458_27\\pages\\question\\question.js"},"to":{"name":"Page","loc":{"line":3,"column":0},"id":28856,"file":"D:\\WORK\\2022\\论文相关\\benchmark\\miniapp\\998二手挖机圈\\_-1965603458_27\\pages\\question\\question.js"}}]}]}],"writeShadows":[{"shadowVar":{"declaredName":"__object__8.content","declaredLoc":{"line":10,"column":12},"file":"D:\\WORK\\2022\\论文相关\\benchmark\\miniapp\\998二手挖机圈\\_-1965603458_27\\pages\\question\\question.js"},"writeAccess":[]}]}]},{"shadowObjectVar":"__object__11","dynamicDefinedProps":[{"propName":".title","readShadows":[{"shadowVar":{"declaredName":"__object__11.title","declaredLoc":{"line":12,"column":12},"file":"D:\\WORK\\2022\\论文相关\\benchmark\\miniapp\\998二手挖机圈\\_-1965603458_27\\pages\\question\\question.js"},"readAccess":[{"leftVar":[{"declaredName":"__object__4.question","declaredLoc":{"line":5,"column":8},"file":"D:\\WORK\\2022\\论文相关\\benchmark\\miniapp\\998二手挖机圈\\_-1965603458_27\\pages\\question\\question.js"},{"declaredName":"__object__3.data","declaredLoc":{"line":4,"column":4},"file":"D:\\WORK\\2022\\论文相关\\benchmark\\miniapp\\998二手挖机圈\\_-1965603458_27\\pages\\question\\question.js"}],"readFlow":[{"type":"assign to","from":{"name":"title","loc":{"line":12,"column":12},"id":28880,"file":"D:\\WORK\\2022\\论文相关\\benchmark\\miniapp\\998二手挖机圈\\_-1965603458_27\\pages\\question\\question.js"},"to":{"name":"question","loc":{"line":5,"column":8},"id":28862,"file":"D:\\WORK\\2022\\论文相关\\benchmark\\miniapp\\998二手挖机圈\\_-1965603458_27\\pages\\question\\question.js"}},{"type":"assign to","from":{"name":"question","loc":{"line":5,"column":8},"id":28862,"file":"D:\\WORK\\2022\\论文相关\\benchmark\\miniapp\\998二手挖机圈\\_-1965603458_27\\pages\\question\\question.js"},"to":{"name":"data","loc":{"line":4,"column":4},"id":28859,"file":"D:\\WORK\\2022\\论文相关\\benchmark\\miniapp\\998二手挖机圈\\_-1965603458_27\\pages\\question\\question.js"}},{"type":"to callee","from":{"name":"question","loc":{"line":5,"column":8},"id":28862,"file":"D:\\WORK\\2022\\论文相关\\benchmark\\miniapp\\998二手挖机圈\\_-1965603458_27\\pages\\question\\question.js"},"to":{"name":"Page","loc":{"line":3,"column":0},"id":28856,"file":"D:\\WORK\\2022\\论文相关\\benchmark\\miniapp\\998二手挖机圈\\_-1965603458_27\\pages\\question\\question.js"}},{"type":"to callee","from":{"name":"data","loc":{"line":4,"column":4},"id":28859,"file":"D:\\WORK\\2022\\论文相关\\benchmark\\miniapp\\998二手挖机圈\\_-1965603458_27\\pages\\question\\question.js"},"to":{"name":"Page","loc":{"line":3,"column":0},"id":28856,"file":"D:\\WORK\\2022\\论文相关\\benchmark\\miniapp\\998二手挖机圈\\_-1965603458_27\\pages\\question\\question.js"}}]},{"leftVar":[{"declaredName":"__object__4.question","declaredLoc":{"line":5,"column":8},"file":"D:\\WORK\\2022\\论文相关\\benchmark\\miniapp\\998二手挖机圈\\_-1965603458_27\\pages\\question\\question.js"},{"declaredName":"__object__3.data","declaredLoc":{"line":4,"column":4},"file":"D:\\WORK\\2022\\论文相关\\benchmark\\miniapp\\998二手挖机圈\\_-1965603458_27\\pages\\question\\question.js"}],"readFlow":[{"type":"assign to","from":{"name":"title","loc":{"line":12,"column":12},"id":28880,"file":"D:\\WORK\\2022\\论文相关\\benchmark\\miniapp\\998二手挖机圈\\_-1965603458_27\\pages\\question\\question.js"},"to":{"name":"data","loc":{"line":4,"column":4},"id":28859,"file":"D:\\WORK\\2022\\论文相关\\benchmark\\miniapp\\998二手挖机圈\\_-1965603458_27\\pages\\question\\question.js"}},{"type":"to callee","from":{"name":"data","loc":{"line":4,"column":4},"id":28859,"file":"D:\\WORK\\2022\\论文相关\\benchmark\\miniapp\\998二手挖机圈\\_-1965603458_27\\pages\\question\\question.js"},"to":{"name":"Page","loc":{"line":3,"column":0},"id":28856,"file":"D:\\WORK\\2022\\论文相关\\benchmark\\miniapp\\998二手挖机圈\\_-1965603458_27\\pages\\question\\question.js"}}]}]}],"writeShadows":[{"shadowVar":{"declaredName":"__object__11.title","declaredLoc":{"line":12,"column":12},"file":"D:\\WORK\\2022\\论文相关\\benchmark\\miniapp\\998二手挖机圈\\_-1965603458_27\\pages\\question\\question.js"},"writeAccess":[]}]},{"propName":".content","readShadows":[{"shadowVar":{"declaredName":"__object__11.content","declaredLoc":{"line":13,"column":12},"file":"D:\\WORK\\2022\\论文相关\\benchmark\\miniapp\\998二手挖机圈\\_-1965603458_27\\pages\\question\\question.js"},"readAccess":[{"leftVar":[{"declaredName":"__object__4.question","declaredLoc":{"line":5,"column":8},"file":"D:\\WORK\\2022\\论文相关\\benchmark\\miniapp\\998二手挖机圈\\_-1965603458_27\\pages\\question\\question.js"},{"declaredName":"__object__3.data","declaredLoc":{"line":4,"column":4},"file":"D:\\WORK\\2022\\论文相关\\benchmark\\miniapp\\998二手挖机圈\\_-1965603458_27\\pages\\question\\question.js"}],"readFlow":[{"type":"assign to","from":{"name":"content","loc":{"line":13,"column":12},"id":28883,"file":"D:\\WORK\\2022\\论文相关\\benchmark\\miniapp\\998二手挖机圈\\_-1965603458_27\\pages\\question\\question.js"},"to":{"name":"question","loc":{"line":5,"column":8},"id":28862,"file":"D:\\WORK\\2022\\论文相关\\benchmark\\miniapp\\998二手挖机圈\\_-1965603458_27\\pages\\question\\question.js"}},{"type":"assign to","from":{"name":"question","loc":{"line":5,"column":8},"id":28862,"file":"D:\\WORK\\2022\\论文相关\\benchmark\\miniapp\\998二手挖机圈\\_-1965603458_27\\pages\\question\\question.js"},"to":{"name":"data","loc":{"line":4,"column":4},"id":28859,"file":"D:\\WORK\\2022\\论文相关\\benchmark\\miniapp\\998二手挖机圈\\_-1965603458_27\\pages\\question\\question.js"}},{"type":"to callee","from":{"name":"question","loc":{"line":5,"column":8},"id":28862,"file":"D:\\WORK\\2022\\论文相关\\benchmark\\miniapp\\998二手挖机圈\\_-1965603458_27\\pages\\question\\question.js"},"to":{"name":"Page","loc":{"line":3,"column":0},"id":28856,"file":"D:\\WORK\\2022\\论文相关\\benchmark\\miniapp\\998二手挖机圈\\_-1965603458_27\\pages\\question\\question.js"}},{"type":"to callee","from":{"name":"data","loc":{"line":4,"column":4},"id":28859,"file":"D:\\WORK\\2022\\论文相关\\benchmark\\miniapp\\998二手挖机圈\\_-1965603458_27\\pages\\question\\question.js"},"to":{"name":"Page","loc":{"line":3,"column":0},"id":28856,"file":"D:\\WORK\\2022\\论文相关\\benchmark\\miniapp\\998二手挖机圈\\_-1965603458_27\\pages\\question\\question.js"}}]},{"leftVar":[{"declaredName":"__object__4.question","declaredLoc":{"line":5,"column":8},"file":"D:\\WORK\\2022\\论文相关\\benchmark\\miniapp\\998二手挖机圈\\_-1965603458_27\\pages\\question\\question.js"},{"declaredName":"__object__3.data","declaredLoc":{"line":4,"column":4},"file":"D:\\WORK\\2022\\论文相关\\benchmark\\miniapp\\998二手挖机圈\\_-1965603458_27\\pages\\question\\question.js"}],"readFlow":[{"type":"assign to","from":{"name":"content","loc":{"line":13,"column":12},"id":28883,"file":"D:\\WORK\\2022\\论文相关\\benchmark\\miniapp\\998二手挖机圈\\_-1965603458_27\\pages\\question\\question.js"},"to":{"name":"data","loc":{"line":4,"column":4},"id":28859,"file":"D:\\WORK\\2022\\论文相关\\benchmark\\miniapp\\998二手挖机圈\\_-1965603458_27\\pages\\question\\question.js"}},{"type":"to callee","from":{"name":"data","loc":{"line":4,"column":4},"id":28859,"file":"D:\\WORK\\2022\\论文相关\\benchmark\\miniapp\\998二手挖机圈\\_-1965603458_27\\pages\\question\\question.js"},"to":{"name":"Page","loc":{"line":3,"column":0},"id":28856,"file":"D:\\WORK\\2022\\论文相关\\benchmark\\miniapp\\998二手挖机圈\\_-1965603458_27\\pages\\question\\question.js"}}]}]}],"writeShadows":[{"shadowVar":{"declaredName":"__object__11.content","declaredLoc":{"line":13,"column":12},"file":"D:\\WORK\\2022\\论文相关\\benchmark\\miniapp\\998二手挖机圈\\_-1965603458_27\\pages\\question\\question.js"},"writeAccess":[]}]}]},{"shadowObjectVar":"__object__14","dynamicDefinedProps":[{"propName":".title","readShadows":[{"shadowVar":{"declaredName":"__object__14.title","declaredLoc":{"line":15,"column":12},"file":"D:\\WORK\\2022\\论文相关\\benchmark\\miniapp\\998二手挖机圈\\_-1965603458_27\\pages\\question\\question.js"},"readAccess":[{"leftVar":[{"declaredName":"__object__4.question","declaredLoc":{"line":5,"column":8},"file":"D:\\WORK\\2022\\论文相关\\benchmark\\miniapp\\998二手挖机圈\\_-1965603458_27\\pages\\question\\question.js"},{"declaredName":"__object__3.data","declaredLoc":{"line":4,"column":4},"file":"D:\\WORK\\2022\\论文相关\\benchmark\\miniapp\\998二手挖机圈\\_-1965603458_27\\pages\\question\\question.js"}],"readFlow":[{"type":"assign to","from":{"name":"title","loc":{"line":15,"column":12},"id":28887,"file":"D:\\WORK\\2022\\论文相关\\benchmark\\miniapp\\998二手挖机圈\\_-1965603458_27\\pages\\question\\question.js"},"to":{"name":"question","loc":{"line":5,"column":8},"id":28862,"file":"D:\\WORK\\2022\\论文相关\\benchmark\\miniapp\\998二手挖机圈\\_-1965603458_27\\pages\\question\\question.js"}},{"type":"assign to","from":{"name":"question","loc":{"line":5,"column":8},"id":28862,"file":"D:\\WORK\\2022\\论文相关\\benchmark\\miniapp\\998二手挖机圈\\_-1965603458_27\\pages\\question\\question.js"},"to":{"name":"data","loc":{"line":4,"column":4},"id":28859,"file":"D:\\WORK\\2022\\论文相关\\benchmark\\miniapp\\998二手挖机圈\\_-1965603458_27\\pages\\question\\question.js"}},{"type":"to callee","from":{"name":"question","loc":{"line":5,"column":8},"id":28862,"file":"D:\\WORK\\2022\\论文相关\\benchmark\\miniapp\\998二手挖机圈\\_-1965603458_27\\pages\\question\\question.js"},"to":{"name":"Page","loc":{"line":3,"column":0},"id":28856,"file":"D:\\WORK\\2022\\论文相关\\benchmark\\miniapp\\998二手挖机圈\\_-1965603458_27\\pages\\question\\question.js"}},{"type":"to callee","from":{"name":"data","loc":{"line":4,"column":4},"id":28859,"file":"D:\\WORK\\2022\\论文相关\\benchmark\\miniapp\\998二手挖机圈\\_-1965603458_27\\pages\\question\\question.js"},"to":{"name":"Page","loc":{"line":3,"column":0},"id":28856,"file":"D:\\WORK\\2022\\论文相关\\benchmark\\miniapp\\998二手挖机圈\\_-1965603458_27\\pages\\question\\question.js"}}]},{"leftVar":[{"declaredName":"__object__4.question","declaredLoc":{"line":5,"column":8},"file":"D:\\WORK\\2022\\论文相关\\benchmark\\miniapp\\998二手挖机圈\\_-1965603458_27\\pages\\question\\question.js"},{"declaredName":"__object__3.data","declaredLoc":{"line":4,"column":4},"file":"D:\\WORK\\2022\\论文相关\\benchmark\\miniapp\\998二手挖机圈\\_-1965603458_27\\pages\\question\\question.js"}],"readFlow":[{"type":"assign to","from":{"name":"title","loc":{"line":15,"column":12},"id":28887,"file":"D:\\WORK\\2022\\论文相关\\benchmark\\miniapp\\998二手挖机圈\\_-1965603458_27\\pages\\question\\question.js"},"to":{"name":"data","loc":{"line":4,"column":4},"id":28859,"file":"D:\\WORK\\2022\\论文相关\\benchmark\\miniapp\\998二手挖机圈\\_-1965603458_27\\pages\\question\\question.js"}},{"type":"to callee","from":{"name":"data","loc":{"line":4,"column":4},"id":28859,"file":"D:\\WORK\\2022\\论文相关\\benchmark\\miniapp\\998二手挖机圈\\_-1965603458_27\\pages\\question\\question.js"},"to":{"name":"Page","loc":{"line":3,"column":0},"id":28856,"file":"D:\\WORK\\2022\\论文相关\\benchmark\\miniapp\\998二手挖机圈\\_-1965603458_27\\pages\\question\\question.js"}}]}]}],"writeShadows":[{"shadowVar":{"declaredName":"__object__14.title","declaredLoc":{"line":15,"column":12},"file":"D:\\WORK\\2022\\论文相关\\benchmark\\miniapp\\998二手挖机圈\\_-1965603458_27\\pages\\question\\question.js"},"writeAccess":[]}]},{"propName":".content","readShadows":[{"shadowVar":{"declaredName":"__object__14.content","declaredLoc":{"line":16,"column":12},"file":"D:\\WORK\\2022\\论文相关\\benchmark\\miniapp\\998二手挖机圈\\_-1965603458_27\\pages\\question\\question.js"},"readAccess":[{"leftVar":[{"declaredName":"__object__4.question","declaredLoc":{"line":5,"column":8},"file":"D:\\WORK\\2022\\论文相关\\benchmark\\miniapp\\998二手挖机圈\\_-1965603458_27\\pages\\question\\question.js"},{"declaredName":"__object__3.data","declaredLoc":{"line":4,"column":4},"file":"D:\\WORK\\2022\\论文相关\\benchmark\\miniapp\\998二手挖机圈\\_-1965603458_27\\pages\\question\\question.js"}],"readFlow":[{"type":"assign to","from":{"name":"content","loc":{"line":16,"column":12},"id":28890,"file":"D:\\WORK\\2022\\论文相关\\benchmark\\miniapp\\998二手挖机圈\\_-1965603458_27\\pages\\question\\question.js"},"to":{"name":"question","loc":{"line":5,"column":8},"id":28862,"file":"D:\\WORK\\2022\\论文相关\\benchmark\\miniapp\\998二手挖机圈\\_-1965603458_27\\pages\\question\\question.js"}},{"type":"assign to","from":{"name":"question","loc":{"line":5,"column":8},"id":28862,"file":"D:\\WORK\\2022\\论文相关\\benchmark\\miniapp\\998二手挖机圈\\_-1965603458_27\\pages\\question\\question.js"},"to":{"name":"data","loc":{"line":4,"column":4},"id":28859,"file":"D:\\WORK\\2022\\论文相关\\benchmark\\miniapp\\998二手挖机圈\\_-1965603458_27\\pages\\question\\question.js"}},{"type":"to callee","from":{"name":"question","loc":{"line":5,"column":8},"id":28862,"file":"D:\\WORK\\2022\\论文相关\\benchmark\\miniapp\\998二手挖机圈\\_-1965603458_27\\pages\\question\\question.js"},"to":{"name":"Page","loc":{"line":3,"column":0},"id":28856,"file":"D:\\WORK\\2022\\论文相关\\benchmark\\miniapp\\998二手挖机圈\\_-1965603458_27\\pages\\question\\question.js"}},{"type":"to callee","from":{"name":"data","loc":{"line":4,"column":4},"id":28859,"file":"D:\\WORK\\2022\\论文相关\\benchmark\\miniapp\\998二手挖机圈\\_-1965603458_27\\pages\\question\\question.js"},"to":{"name":"Page","loc":{"line":3,"column":0},"id":28856,"file":"D:\\WORK\\2022\\论文相关\\benchmark\\miniapp\\998二手挖机圈\\_-1965603458_27\\pages\\question\\question.js"}}]},{"leftVar":[{"declaredName":"__object__4.question","declaredLoc":{"line":5,"column":8},"file":"D:\\WORK\\2022\\论文相关\\benchmark\\miniapp\\998二手挖机圈\\_-1965603458_27\\pages\\question\\question.js"},{"declaredName":"__object__3.data","declaredLoc":{"line":4,"column":4},"file":"D:\\WORK\\2022\\论文相关\\benchmark\\miniapp\\998二手挖机圈\\_-1965603458_27\\pages\\question\\question.js"}],"readFlow":[{"type":"assign to","from":{"name":"content","loc":{"line":16,"column":12},"id":28890,"file":"D:\\WORK\\2022\\论文相关\\benchmark\\miniapp\\998二手挖机圈\\_-1965603458_27\\pages\\question\\question.js"},"to":{"name":"data","loc":{"line":4,"column":4},"id":28859,"file":"D:\\WORK\\2022\\论文相关\\benchmark\\miniapp\\998二手挖机圈\\_-1965603458_27\\pages\\question\\question.js"}},{"type":"to callee","from":{"name":"data","loc":{"line":4,"column":4},"id":28859,"file":"D:\\WORK\\2022\\论文相关\\benchmark\\miniapp\\998二手挖机圈\\_-1965603458_27\\pages\\question\\question.js"},"to":{"name":"Page","loc":{"line":3,"column":0},"id":28856,"file":"D:\\WORK\\2022\\论文相关\\benchmark\\miniapp\\998二手挖机圈\\_-1965603458_27\\pages\\question\\question.js"}}]}]}],"writeShadows":[{"shadowVar":{"declaredName":"__object__14.content","declaredLoc":{"line":16,"column":12},"file":"D:\\WORK\\2022\\论文相关\\benchmark\\miniapp\\998二手挖机圈\\_-1965603458_27\\pages\\question\\question.js"},"writeAccess":[]}]}]},{"shadowObjectVar":"__object__17","dynamicDefinedProps":[{"propName":".title","readShadows":[{"shadowVar":{"declaredName":"__object__17.title","declaredLoc":{"line":18,"column":12},"file":"D:\\WORK\\2022\\论文相关\\benchmark\\miniapp\\998二手挖机圈\\_-1965603458_27\\pages\\question\\question.js"},"readAccess":[{"leftVar":[{"declaredName":"__object__4.question","declaredLoc":{"line":5,"column":8},"file":"D:\\WORK\\2022\\论文相关\\benchmark\\miniapp\\998二手挖机圈\\_-1965603458_27\\pages\\question\\question.js"},{"declaredName":"__object__3.data","declaredLoc":{"line":4,"column":4},"file":"D:\\WORK\\2022\\论文相关\\benchmark\\miniapp\\998二手挖机圈\\_-1965603458_27\\pages\\question\\question.js"}],"readFlow":[{"type":"assign to","from":{"name":"title","loc":{"line":18,"column":12},"id":28894,"file":"D:\\WORK\\2022\\论文相关\\benchmark\\miniapp\\998二手挖机圈\\_-1965603458_27\\pages\\question\\question.js"},"to":{"name":"question","loc":{"line":5,"column":8},"id":28862,"file":"D:\\WORK\\2022\\论文相关\\benchmark\\miniapp\\998二手挖机圈\\_-1965603458_27\\pages\\question\\question.js"}},{"type":"assign to","from":{"name":"question","loc":{"line":5,"column":8},"id":28862,"file":"D:\\WORK\\2022\\论文相关\\benchmark\\miniapp\\998二手挖机圈\\_-1965603458_27\\pages\\question\\question.js"},"to":{"name":"data","loc":{"line":4,"column":4},"id":28859,"file":"D:\\WORK\\2022\\论文相关\\benchmark\\miniapp\\998二手挖机圈\\_-1965603458_27\\pages\\question\\question.js"}},{"type":"to callee","from":{"name":"question","loc":{"line":5,"column":8},"id":28862,"file":"D:\\WORK\\2022\\论文相关\\benchmark\\miniapp\\998二手挖机圈\\_-1965603458_27\\pages\\question\\question.js"},"to":{"name":"Page","loc":{"line":3,"column":0},"id":28856,"file":"D:\\WORK\\2022\\论文相关\\benchmark\\miniapp\\998二手挖机圈\\_-1965603458_27\\pages\\question\\question.js"}},{"type":"to callee","from":{"name":"data","loc":{"line":4,"column":4},"id":28859,"file":"D:\\WORK\\2022\\论文相关\\benchmark\\miniapp\\998二手挖机圈\\_-1965603458_27\\pages\\question\\question.js"},"to":{"name":"Page","loc":{"line":3,"column":0},"id":28856,"file":"D:\\WORK\\2022\\论文相关\\benchmark\\miniapp\\998二手挖机圈\\_-1965603458_27\\pages\\question\\question.js"}}]},{"leftVar":[{"declaredName":"__object__4.question","declaredLoc":{"line":5,"column":8},"file":"D:\\WORK\\2022\\论文相关\\benchmark\\miniapp\\998二手挖机圈\\_-1965603458_27\\pages\\question\\question.js"},{"declaredName":"__object__3.data","declaredLoc":{"line":4,"column":4},"file":"D:\\WORK\\2022\\论文相关\\benchmark\\miniapp\\998二手挖机圈\\_-1965603458_27\\pages\\question\\question.js"}],"readFlow":[{"type":"assign to","from":{"name":"title","loc":{"line":18,"column":12},"id":28894,"file":"D:\\WORK\\2022\\论文相关\\benchmark\\miniapp\\998二手挖机圈\\_-1965603458_27\\pages\\question\\question.js"},"to":{"name":"data","loc":{"line":4,"column":4},"id":28859,"file":"D:\\WORK\\2022\\论文相关\\benchmark\\miniapp\\998二手挖机圈\\_-1965603458_27\\pages\\question\\question.js"}},{"type":"to callee","from":{"name":"data","loc":{"line":4,"column":4},"id":28859,"file":"D:\\WORK\\2022\\论文相关\\benchmark\\miniapp\\998二手挖机圈\\_-1965603458_27\\pages\\question\\question.js"},"to":{"name":"Page","loc":{"line":3,"column":0},"id":28856,"file":"D:\\WORK\\2022\\论文相关\\benchmark\\miniapp\\998二手挖机圈\\_-1965603458_27\\pages\\question\\question.js"}}]}]}],"writeShadows":[{"shadowVar":{"declaredName":"__object__17.title","declaredLoc":{"line":18,"column":12},"file":"D:\\WORK\\2022\\论文相关\\benchmark\\miniapp\\998二手挖机圈\\_-1965603458_27\\pages\\question\\question.js"},"writeAccess":[]}]},{"propName":".content","readShadows":[{"shadowVar":{"declaredName":"__object__17.content","declaredLoc":{"line":19,"column":12},"file":"D:\\WORK\\2022\\论文相关\\benchmark\\miniapp\\998二手挖机圈\\_-1965603458_27\\pages\\question\\question.js"},"readAccess":[{"leftVar":[{"declaredName":"__object__4.question","declaredLoc":{"line":5,"column":8},"file":"D:\\WORK\\2022\\论文相关\\benchmark\\miniapp\\998二手挖机圈\\_-1965603458_27\\pages\\question\\question.js"},{"declaredName":"__object__3.data","declaredLoc":{"line":4,"column":4},"file":"D:\\WORK\\2022\\论文相关\\benchmark\\miniapp\\998二手挖机圈\\_-1965603458_27\\pages\\question\\question.js"}],"readFlow":[{"type":"assign to","from":{"name":"content","loc":{"line":19,"column":12},"id":28897,"file":"D:\\WORK\\2022\\论文相关\\benchmark\\miniapp\\998二手挖机圈\\_-1965603458_27\\pages\\question\\question.js"},"to":{"name":"question","loc":{"line":5,"column":8},"id":28862,"file":"D:\\WORK\\2022\\论文相关\\benchmark\\miniapp\\998二手挖机圈\\_-1965603458_27\\pages\\question\\question.js"}},{"type":"assign to","from":{"name":"question","loc":{"line":5,"column":8},"id":28862,"file":"D:\\WORK\\2022\\论文相关\\benchmark\\miniapp\\998二手挖机圈\\_-1965603458_27\\pages\\question\\question.js"},"to":{"name":"data","loc":{"line":4,"column":4},"id":28859,"file":"D:\\WORK\\2022\\论文相关\\benchmark\\miniapp\\998二手挖机圈\\_-1965603458_27\\pages\\question\\question.js"}},{"type":"to callee","from":{"name":"question","loc":{"line":5,"column":8},"id":28862,"file":"D:\\WORK\\2022\\论文相关\\benchmark\\miniapp\\998二手挖机圈\\_-1965603458_27\\pages\\question\\question.js"},"to":{"name":"Page","loc":{"line":3,"column":0},"id":28856,"file":"D:\\WORK\\2022\\论文相关\\benchmark\\miniapp\\998二手挖机圈\\_-1965603458_27\\pages\\question\\question.js"}},{"type":"to callee","from":{"name":"data","loc":{"line":4,"column":4},"id":28859,"file":"D:\\WORK\\2022\\论文相关\\benchmark\\miniapp\\998二手挖机圈\\_-1965603458_27\\pages\\question\\question.js"},"to":{"name":"Page","loc":{"line":3,"column":0},"id":28856,"file":"D:\\WORK\\2022\\论文相关\\benchmark\\miniapp\\998二手挖机圈\\_-1965603458_27\\pages\\question\\question.js"}}]},{"leftVar":[{"declaredName":"__object__4.question","declaredLoc":{"line":5,"column":8},"file":"D:\\WORK\\2022\\论文相关\\benchmark\\miniapp\\998二手挖机圈\\_-1965603458_27\\pages\\question\\question.js"},{"declaredName":"__object__3.data","declaredLoc":{"line":4,"column":4},"file":"D:\\WORK\\2022\\论文相关\\benchmark\\miniapp\\998二手挖机圈\\_-1965603458_27\\pages\\question\\question.js"}],"readFlow":[{"type":"assign to","from":{"name":"content","loc":{"line":19,"column":12},"id":28897,"file":"D:\\WORK\\2022\\论文相关\\benchmark\\miniapp\\998二手挖机圈\\_-1965603458_27\\pages\\question\\question.js"},"to":{"name":"data","loc":{"line":4,"column":4},"id":28859,"file":"D:\\WORK\\2022\\论文相关\\benchmark\\miniapp\\998二手挖机圈\\_-1965603458_27\\pages\\question\\question.js"}},{"type":"to callee","from":{"name":"data","loc":{"line":4,"column":4},"id":28859,"file":"D:\\WORK\\2022\\论文相关\\benchmark\\miniapp\\998二手挖机圈\\_-1965603458_27\\pages\\question\\question.js"},"to":{"name":"Page","loc":{"line":3,"column":0},"id":28856,"file":"D:\\WORK\\2022\\论文相关\\benchmark\\miniapp\\998二手挖机圈\\_-1965603458_27\\pages\\question\\question.js"}}]}]}],"writeShadows":[{"shadowVar":{"declaredName":"__object__17.content","declaredLoc":{"line":19,"column":12},"file":"D:\\WORK\\2022\\论文相关\\benchmark\\miniapp\\998二手挖机圈\\_-1965603458_27\\pages\\question\\question.js"},"writeAccess":[]}]}]},{"shadowObjectVar":"__object__20","dynamicDefinedProps":[{"propName":".title","readShadows":[{"shadowVar":{"declaredName":"__object__20.title","declaredLoc":{"line":21,"column":12},"file":"D:\\WORK\\2022\\论文相关\\benchmark\\miniapp\\998二手挖机圈\\_-1965603458_27\\pages\\question\\question.js"},"readAccess":[{"leftVar":[{"declaredName":"__object__4.question","declaredLoc":{"line":5,"column":8},"file":"D:\\WORK\\2022\\论文相关\\benchmark\\miniapp\\998二手挖机圈\\_-1965603458_27\\pages\\question\\question.js"},{"declaredName":"__object__3.data","declaredLoc":{"line":4,"column":4},"file":"D:\\WORK\\2022\\论文相关\\benchmark\\miniapp\\998二手挖机圈\\_-1965603458_27\\pages\\question\\question.js"}],"readFlow":[{"type":"assign to","from":{"name":"title","loc":{"line":21,"column":12},"id":28901,"file":"D:\\WORK\\2022\\论文相关\\benchmark\\miniapp\\998二手挖机圈\\_-1965603458_27\\pages\\question\\question.js"},"to":{"name":"question","loc":{"line":5,"column":8},"id":28862,"file":"D:\\WORK\\2022\\论文相关\\benchmark\\miniapp\\998二手挖机圈\\_-1965603458_27\\pages\\question\\question.js"}},{"type":"assign to","from":{"name":"question","loc":{"line":5,"column":8},"id":28862,"file":"D:\\WORK\\2022\\论文相关\\benchmark\\miniapp\\998二手挖机圈\\_-1965603458_27\\pages\\question\\question.js"},"to":{"name":"data","loc":{"line":4,"column":4},"id":28859,"file":"D:\\WORK\\2022\\论文相关\\benchmark\\miniapp\\998二手挖机圈\\_-1965603458_27\\pages\\question\\question.js"}},{"type":"to callee","from":{"name":"question","loc":{"line":5,"column":8},"id":28862,"file":"D:\\WORK\\2022\\论文相关\\benchmark\\miniapp\\998二手挖机圈\\_-1965603458_27\\pages\\question\\question.js"},"to":{"name":"Page","loc":{"line":3,"column":0},"id":28856,"file":"D:\\WORK\\2022\\论文相关\\benchmark\\miniapp\\998二手挖机圈\\_-1965603458_27\\pages\\question\\question.js"}},{"type":"to callee","from":{"name":"data","loc":{"line":4,"column":4},"id":28859,"file":"D:\\WORK\\2022\\论文相关\\benchmark\\miniapp\\998二手挖机圈\\_-1965603458_27\\pages\\question\\question.js"},"to":{"name":"Page","loc":{"line":3,"column":0},"id":28856,"file":"D:\\WORK\\2022\\论文相关\\benchmark\\miniapp\\998二手挖机圈\\_-1965603458_27\\pages\\question\\question.js"}}]},{"leftVar":[{"declaredName":"__object__4.question","declaredLoc":{"line":5,"column":8},"file":"D:\\WORK\\2022\\论文相关\\benchmark\\miniapp\\998二手挖机圈\\_-1965603458_27\\pages\\question\\question.js"},{"declaredName":"__object__3.data","declaredLoc":{"line":4,"column":4},"file":"D:\\WORK\\2022\\论文相关\\benchmark\\miniapp\\998二手挖机圈\\_-1965603458_27\\pages\\question\\question.js"}],"readFlow":[{"type":"assign to","from":{"name":"title","loc":{"line":21,"column":12},"id":28901,"file":"D:\\WORK\\2022\\论文相关\\benchmark\\miniapp\\998二手挖机圈\\_-1965603458_27\\pages\\question\\question.js"},"to":{"name":"data","loc":{"line":4,"column":4},"id":28859,"file":"D:\\WORK\\2022\\论文相关\\benchmark\\miniapp\\998二手挖机圈\\_-1965603458_27\\pages\\question\\question.js"}},{"type":"to callee","from":{"name":"data","loc":{"line":4,"column":4},"id":28859,"file":"D:\\WORK\\2022\\论文相关\\benchmark\\miniapp\\998二手挖机圈\\_-1965603458_27\\pages\\question\\question.js"},"to":{"name":"Page","loc":{"line":3,"column":0},"id":28856,"file":"D:\\WORK\\2022\\论文相关\\benchmark\\miniapp\\998二手挖机圈\\_-1965603458_27\\pages\\question\\question.js"}}]}]}],"writeShadows":[{"shadowVar":{"declaredName":"__object__20.title","declaredLoc":{"line":21,"column":12},"file":"D:\\WORK\\2022\\论文相关\\benchmark\\miniapp\\998二手挖机圈\\_-1965603458_27\\pages\\question\\question.js"},"writeAccess":[]}]},{"propName":".content","readShadows":[{"shadowVar":{"declaredName":"__object__20.content","declaredLoc":{"line":22,"column":12},"file":"D:\\WORK\\2022\\论文相关\\benchmark\\miniapp\\998二手挖机圈\\_-1965603458_27\\pages\\question\\question.js"},"readAccess":[{"leftVar":[{"declaredName":"__object__4.question","declaredLoc":{"line":5,"column":8},"file":"D:\\WORK\\2022\\论文相关\\benchmark\\miniapp\\998二手挖机圈\\_-1965603458_27\\pages\\question\\question.js"},{"declaredName":"__object__3.data","declaredLoc":{"line":4,"column":4},"file":"D:\\WORK\\2022\\论文相关\\benchmark\\miniapp\\998二手挖机圈\\_-1965603458_27\\pages\\question\\question.js"}],"readFlow":[{"type":"assign to","from":{"name":"content","loc":{"line":22,"column":12},"id":28904,"file":"D:\\WORK\\2022\\论文相关\\benchmark\\miniapp\\998二手挖机圈\\_-1965603458_27\\pages\\question\\question.js"},"to":{"name":"question","loc":{"line":5,"column":8},"id":28862,"file":"D:\\WORK\\2022\\论文相关\\benchmark\\miniapp\\998二手挖机圈\\_-1965603458_27\\pages\\question\\question.js"}},{"type":"assign to","from":{"name":"question","loc":{"line":5,"column":8},"id":28862,"file":"D:\\WORK\\2022\\论文相关\\benchmark\\miniapp\\998二手挖机圈\\_-1965603458_27\\pages\\question\\question.js"},"to":{"name":"data","loc":{"line":4,"column":4},"id":28859,"file":"D:\\WORK\\2022\\论文相关\\benchmark\\miniapp\\998二手挖机圈\\_-1965603458_27\\pages\\question\\question.js"}},{"type":"to callee","from":{"name":"question","loc":{"line":5,"column":8},"id":28862,"file":"D:\\WORK\\2022\\论文相关\\benchmark\\miniapp\\998二手挖机圈\\_-1965603458_27\\pages\\question\\question.js"},"to":{"name":"Page","loc":{"line":3,"column":0},"id":28856,"file":"D:\\WORK\\2022\\论文相关\\benchmark\\miniapp\\998二手挖机圈\\_-1965603458_27\\pages\\question\\question.js"}},{"type":"to callee","from":{"name":"data","loc":{"line":4,"column":4},"id":28859,"file":"D:\\WORK\\2022\\论文相关\\benchmark\\miniapp\\998二手挖机圈\\_-1965603458_27\\pages\\question\\question.js"},"to":{"name":"Page","loc":{"line":3,"column":0},"id":28856,"file":"D:\\WORK\\2022\\论文相关\\benchmark\\miniapp\\998二手挖机圈\\_-1965603458_27\\pages\\question\\question.js"}}]},{"leftVar":[{"declaredName":"__object__4.question","declaredLoc":{"line":5,"column":8},"file":"D:\\WORK\\2022\\论文相关\\benchmark\\miniapp\\998二手挖机圈\\_-1965603458_27\\pages\\question\\question.js"},{"declaredName":"__object__3.data","declaredLoc":{"line":4,"column":4},"file":"D:\\WORK\\2022\\论文相关\\benchmark\\miniapp\\998二手挖机圈\\_-1965603458_27\\pages\\question\\question.js"}],"readFlow":[{"type":"assign to","from":{"name":"content","loc":{"line":22,"column":12},"id":28904,"file":"D:\\WORK\\2022\\论文相关\\benchmark\\miniapp\\998二手挖机圈\\_-1965603458_27\\pages\\question\\question.js"},"to":{"name":"data","loc":{"line":4,"column":4},"id":28859,"file":"D:\\WORK\\2022\\论文相关\\benchmark\\miniapp\\998二手挖机圈\\_-1965603458_27\\pages\\question\\question.js"}},{"type":"to callee","from":{"name":"data","loc":{"line":4,"column":4},"id":28859,"file":"D:\\WORK\\2022\\论文相关\\benchmark\\miniapp\\998二手挖机圈\\_-1965603458_27\\pages\\question\\question.js"},"to":{"name":"Page","loc":{"line":3,"column":0},"id":28856,"file":"D:\\WORK\\2022\\论文相关\\benchmark\\miniapp\\998二手挖机圈\\_-1965603458_27\\pages\\question\\question.js"}}]}]}],"writeShadows":[{"shadowVar":{"declaredName":"__object__20.content","declaredLoc":{"line":22,"column":12},"file":"D:\\WORK\\2022\\论文相关\\benchmark\\miniapp\\998二手挖机圈\\_-1965603458_27\\pages\\question\\question.js"},"writeAccess":[]}]}]},{"shadowObjectVar":"__object__23","dynamicDefinedProps":[{"propName":".title","readShadows":[{"shadowVar":{"declaredName":"__object__23.title","declaredLoc":{"line":24,"column":12},"file":"D:\\WORK\\2022\\论文相关\\benchmark\\miniapp\\998二手挖机圈\\_-1965603458_27\\pages\\question\\question.js"},"readAccess":[{"leftVar":[{"declaredName":"__object__4.question","declaredLoc":{"line":5,"column":8},"file":"D:\\WORK\\2022\\论文相关\\benchmark\\miniapp\\998二手挖机圈\\_-1965603458_27\\pages\\question\\question.js"},{"declaredName":"__object__3.data","declaredLoc":{"line":4,"column":4},"file":"D:\\WORK\\2022\\论文相关\\benchmark\\miniapp\\998二手挖机圈\\_-1965603458_27\\pages\\question\\question.js"}],"readFlow":[{"type":"assign to","from":{"name":"title","loc":{"line":24,"column":12},"id":28908,"file":"D:\\WORK\\2022\\论文相关\\benchmark\\miniapp\\998二手挖机圈\\_-1965603458_27\\pages\\question\\question.js"},"to":{"name":"question","loc":{"line":5,"column":8},"id":28862,"file":"D:\\WORK\\2022\\论文相关\\benchmark\\miniapp\\998二手挖机圈\\_-1965603458_27\\pages\\question\\question.js"}},{"type":"assign to","from":{"name":"question","loc":{"line":5,"column":8},"id":28862,"file":"D:\\WORK\\2022\\论文相关\\benchmark\\miniapp\\998二手挖机圈\\_-1965603458_27\\pages\\question\\question.js"},"to":{"name":"data","loc":{"line":4,"column":4},"id":28859,"file":"D:\\WORK\\2022\\论文相关\\benchmark\\miniapp\\998二手挖机圈\\_-1965603458_27\\pages\\question\\question.js"}},{"type":"to callee","from":{"name":"question","loc":{"line":5,"column":8},"id":28862,"file":"D:\\WORK\\2022\\论文相关\\benchmark\\miniapp\\998二手挖机圈\\_-1965603458_27\\pages\\question\\question.js"},"to":{"name":"Page","loc":{"line":3,"column":0},"id":28856,"file":"D:\\WORK\\2022\\论文相关\\benchmark\\miniapp\\998二手挖机圈\\_-1965603458_27\\pages\\question\\question.js"}},{"type":"to callee","from":{"name":"data","loc":{"line":4,"column":4},"id":28859,"file":"D:\\WORK\\2022\\论文相关\\benchmark\\miniapp\\998二手挖机圈\\_-1965603458_27\\pages\\question\\question.js"},"to":{"name":"Page","loc":{"line":3,"column":0},"id":28856,"file":"D:\\WORK\\2022\\论文相关\\benchmark\\miniapp\\998二手挖机圈\\_-1965603458_27\\pages\\question\\question.js"}}]},{"leftVar":[{"declaredName":"__object__4.question","declaredLoc":{"line":5,"column":8},"file":"D:\\WORK\\2022\\论文相关\\benchmark\\miniapp\\998二手挖机圈\\_-1965603458_27\\pages\\question\\question.js"},{"declaredName":"__object__3.data","declaredLoc":{"line":4,"column":4},"file":"D:\\WORK\\2022\\论文相关\\benchmark\\miniapp\\998二手挖机圈\\_-1965603458_27\\pages\\question\\question.js"}],"readFlow":[{"type":"assign to","from":{"name":"title","loc":{"line":24,"column":12},"id":28908,"file":"D:\\WORK\\2022\\论文相关\\benchmark\\miniapp\\998二手挖机圈\\_-1965603458_27\\pages\\question\\question.js"},"to":{"name":"data","loc":{"line":4,"column":4},"id":28859,"file":"D:\\WORK\\2022\\论文相关\\benchmark\\miniapp\\998二手挖机圈\\_-1965603458_27\\pages\\question\\question.js"}},{"type":"to callee","from":{"name":"data","loc":{"line":4,"column":4},"id":28859,"file":"D:\\WORK\\2022\\论文相关\\benchmark\\miniapp\\998二手挖机圈\\_-1965603458_27\\pages\\question\\question.js"},"to":{"name":"Page","loc":{"line":3,"column":0},"id":28856,"file":"D:\\WORK\\2022\\论文相关\\benchmark\\miniapp\\998二手挖机圈\\_-1965603458_27\\pages\\question\\question.js"}}]}]}],"writeShadows":[{"shadowVar":{"declaredName":"__object__23.title","declaredLoc":{"line":24,"column":12},"file":"D:\\WORK\\2022\\论文相关\\benchmark\\miniapp\\998二手挖机圈\\_-1965603458_27\\pages\\question\\question.js"},"writeAccess":[]}]},{"propName":".content","readShadows":[{"shadowVar":{"declaredName":"__object__23.content","declaredLoc":{"line":25,"column":12},"file":"D:\\WORK\\2022\\论文相关\\benchmark\\miniapp\\998二手挖机圈\\_-1965603458_27\\pages\\question\\question.js"},"readAccess":[{"leftVar":[{"declaredName":"__object__4.question","declaredLoc":{"line":5,"column":8},"file":"D:\\WORK\\2022\\论文相关\\benchmark\\miniapp\\998二手挖机圈\\_-1965603458_27\\pages\\question\\question.js"},{"declaredName":"__object__3.data","declaredLoc":{"line":4,"column":4},"file":"D:\\WORK\\2022\\论文相关\\benchmark\\miniapp\\998二手挖机圈\\_-1965603458_27\\pages\\question\\question.js"}],"readFlow":[{"type":"assign to","from":{"name":"content","loc":{"line":25,"column":12},"id":28911,"file":"D:\\WORK\\2022\\论文相关\\benchmark\\miniapp\\998二手挖机圈\\_-1965603458_27\\pages\\question\\question.js"},"to":{"name":"question","loc":{"line":5,"column":8},"id":28862,"file":"D:\\WORK\\2022\\论文相关\\benchmark\\miniapp\\998二手挖机圈\\_-1965603458_27\\pages\\question\\question.js"}},{"type":"assign to","from":{"name":"question","loc":{"line":5,"column":8},"id":28862,"file":"D:\\WORK\\2022\\论文相关\\benchmark\\miniapp\\998二手挖机圈\\_-1965603458_27\\pages\\question\\question.js"},"to":{"name":"data","loc":{"line":4,"column":4},"id":28859,"file":"D:\\WORK\\2022\\论文相关\\benchmark\\miniapp\\998二手挖机圈\\_-1965603458_27\\pages\\question\\question.js"}},{"type":"to callee","from":{"name":"question","loc":{"line":5,"column":8},"id":28862,"file":"D:\\WORK\\2022\\论文相关\\benchmark\\miniapp\\998二手挖机圈\\_-1965603458_27\\pages\\question\\question.js"},"to":{"name":"Page","loc":{"line":3,"column":0},"id":28856,"file":"D:\\WORK\\2022\\论文相关\\benchmark\\miniapp\\998二手挖机圈\\_-1965603458_27\\pages\\question\\question.js"}},{"type":"to callee","from":{"name":"data","loc":{"line":4,"column":4},"id":28859,"file":"D:\\WORK\\2022\\论文相关\\benchmark\\miniapp\\998二手挖机圈\\_-1965603458_27\\pages\\question\\question.js"},"to":{"name":"Page","loc":{"line":3,"column":0},"id":28856,"file":"D:\\WORK\\2022\\论文相关\\benchmark\\miniapp\\998二手挖机圈\\_-1965603458_27\\pages\\question\\question.js"}}]},{"leftVar":[{"declaredName":"__object__4.question","declaredLoc":{"line":5,"column":8},"file":"D:\\WORK\\2022\\论文相关\\benchmark\\miniapp\\998二手挖机圈\\_-1965603458_27\\pages\\question\\question.js"},{"declaredName":"__object__3.data","declaredLoc":{"line":4,"column":4},"file":"D:\\WORK\\2022\\论文相关\\benchmark\\miniapp\\998二手挖机圈\\_-1965603458_27\\pages\\question\\question.js"}],"readFlow":[{"type":"assign to","from":{"name":"content","loc":{"line":25,"column":12},"id":28911,"file":"D:\\WORK\\2022\\论文相关\\benchmark\\miniapp\\998二手挖机圈\\_-1965603458_27\\pages\\question\\question.js"},"to":{"name":"data","loc":{"line":4,"column":4},"id":28859,"file":"D:\\WORK\\2022\\论文相关\\benchmark\\miniapp\\998二手挖机圈\\_-1965603458_27\\pages\\question\\question.js"}},{"type":"to callee","from":{"name":"data","loc":{"line":4,"column":4},"id":28859,"file":"D:\\WORK\\2022\\论文相关\\benchmark\\miniapp\\998二手挖机圈\\_-1965603458_27\\pages\\question\\question.js"},"to":{"name":"Page","loc":{"line":3,"column":0},"id":28856,"file":"D:\\WORK\\2022\\论文相关\\benchmark\\miniapp\\998二手挖机圈\\_-1965603458_27\\pages\\question\\question.js"}}]}]}],"writeShadows":[{"shadowVar":{"declaredName":"__object__23.content","declaredLoc":{"line":25,"column":12},"file":"D:\\WORK\\2022\\论文相关\\benchmark\\miniapp\\998二手挖机圈\\_-1965603458_27\\pages\\question\\question.js"},"writeAccess":[]}]}]},{"shadowObjectVar":"__object__26","dynamicDefinedProps":[{"propName":".title","readShadows":[{"shadowVar":{"declaredName":"__object__26.title","declaredLoc":{"line":27,"column":12},"file":"D:\\WORK\\2022\\论文相关\\benchmark\\miniapp\\998二手挖机圈\\_-1965603458_27\\pages\\question\\question.js"},"readAccess":[{"leftVar":[{"declaredName":"__object__4.question","declaredLoc":{"line":5,"column":8},"file":"D:\\WORK\\2022\\论文相关\\benchmark\\miniapp\\998二手挖机圈\\_-1965603458_27\\pages\\question\\question.js"},{"declaredName":"__object__3.data","declaredLoc":{"line":4,"column":4},"file":"D:\\WORK\\2022\\论文相关\\benchmark\\miniapp\\998二手挖机圈\\_-1965603458_27\\pages\\question\\question.js"}],"readFlow":[{"type":"assign to","from":{"name":"title","loc":{"line":27,"column":12},"id":28915,"file":"D:\\WORK\\2022\\论文相关\\benchmark\\miniapp\\998二手挖机圈\\_-1965603458_27\\pages\\question\\question.js"},"to":{"name":"question","loc":{"line":5,"column":8},"id":28862,"file":"D:\\WORK\\2022\\论文相关\\benchmark\\miniapp\\998二手挖机圈\\_-1965603458_27\\pages\\question\\question.js"}},{"type":"assign to","from":{"name":"question","loc":{"line":5,"column":8},"id":28862,"file":"D:\\WORK\\2022\\论文相关\\benchmark\\miniapp\\998二手挖机圈\\_-1965603458_27\\pages\\question\\question.js"},"to":{"name":"data","loc":{"line":4,"column":4},"id":28859,"file":"D:\\WORK\\2022\\论文相关\\benchmark\\miniapp\\998二手挖机圈\\_-1965603458_27\\pages\\question\\question.js"}},{"type":"to callee","from":{"name":"question","loc":{"line":5,"column":8},"id":28862,"file":"D:\\WORK\\2022\\论文相关\\benchmark\\miniapp\\998二手挖机圈\\_-1965603458_27\\pages\\question\\question.js"},"to":{"name":"Page","loc":{"line":3,"column":0},"id":28856,"file":"D:\\WORK\\2022\\论文相关\\benchmark\\miniapp\\998二手挖机圈\\_-1965603458_27\\pages\\question\\question.js"}},{"type":"to callee","from":{"name":"data","loc":{"line":4,"column":4},"id":28859,"file":"D:\\WORK\\2022\\论文相关\\benchmark\\miniapp\\998二手挖机圈\\_-1965603458_27\\pages\\question\\question.js"},"to":{"name":"Page","loc":{"line":3,"column":0},"id":28856,"file":"D:\\WORK\\2022\\论文相关\\benchmark\\miniapp\\998二手挖机圈\\_-1965603458_27\\pages\\question\\question.js"}}]},{"leftVar":[{"declaredName":"__object__4.question","declaredLoc":{"line":5,"column":8},"file":"D:\\WORK\\2022\\论文相关\\benchmark\\miniapp\\998二手挖机圈\\_-1965603458_27\\pages\\question\\question.js"},{"declaredName":"__object__3.data","declaredLoc":{"line":4,"column":4},"file":"D:\\WORK\\2022\\论文相关\\benchmark\\miniapp\\998二手挖机圈\\_-1965603458_27\\pages\\question\\question.js"}],"readFlow":[{"type":"assign to","from":{"name":"title","loc":{"line":27,"column":12},"id":28915,"file":"D:\\WORK\\2022\\论文相关\\benchmark\\miniapp\\998二手挖机圈\\_-1965603458_27\\pages\\question\\question.js"},"to":{"name":"data","loc":{"line":4,"column":4},"id":28859,"file":"D:\\WORK\\2022\\论文相关\\benchmark\\miniapp\\998二手挖机圈\\_-1965603458_27\\pages\\question\\question.js"}},{"type":"to callee","from":{"name":"data","loc":{"line":4,"column":4},"id":28859,"file":"D:\\WORK\\2022\\论文相关\\benchmark\\miniapp\\998二手挖机圈\\_-1965603458_27\\pages\\question\\question.js"},"to":{"name":"Page","loc":{"line":3,"column":0},"id":28856,"file":"D:\\WORK\\2022\\论文相关\\benchmark\\miniapp\\998二手挖机圈\\_-1965603458_27\\pages\\question\\question.js"}}]}]}],"writeShadows":[{"shadowVar":{"declaredName":"__object__26.title","declaredLoc":{"line":27,"column":12},"file":"D:\\WORK\\2022\\论文相关\\benchmark\\miniapp\\998二手挖机圈\\_-1965603458_27\\pages\\question\\question.js"},"writeAccess":[]}]},{"propName":".content","readShadows":[{"shadowVar":{"declaredName":"__object__26.content","declaredLoc":{"line":28,"column":12},"file":"D:\\WORK\\2022\\论文相关\\benchmark\\miniapp\\998二手挖机圈\\_-1965603458_27\\pages\\question\\question.js"},"readAccess":[{"leftVar":[{"declaredName":"__object__4.question","declaredLoc":{"line":5,"column":8},"file":"D:\\WORK\\2022\\论文相关\\benchmark\\miniapp\\998二手挖机圈\\_-1965603458_27\\pages\\question\\question.js"},{"declaredName":"__object__3.data","declaredLoc":{"line":4,"column":4},"file":"D:\\WORK\\2022\\论文相关\\benchmark\\miniapp\\998二手挖机圈\\_-1965603458_27\\pages\\question\\question.js"}],"readFlow":[{"type":"assign to","from":{"name":"content","loc":{"line":28,"column":12},"id":28918,"file":"D:\\WORK\\2022\\论文相关\\benchmark\\miniapp\\998二手挖机圈\\_-1965603458_27\\pages\\question\\question.js"},"to":{"name":"question","loc":{"line":5,"column":8},"id":28862,"file":"D:\\WORK\\2022\\论文相关\\benchmark\\miniapp\\998二手挖机圈\\_-1965603458_27\\pages\\question\\question.js"}},{"type":"assign to","from":{"name":"question","loc":{"line":5,"column":8},"id":28862,"file":"D:\\WORK\\2022\\论文相关\\benchmark\\miniapp\\998二手挖机圈\\_-1965603458_27\\pages\\question\\question.js"},"to":{"name":"data","loc":{"line":4,"column":4},"id":28859,"file":"D:\\WORK\\2022\\论文相关\\benchmark\\miniapp\\998二手挖机圈\\_-1965603458_27\\pages\\question\\question.js"}},{"type":"to callee","from":{"name":"question","loc":{"line":5,"column":8},"id":28862,"file":"D:\\WORK\\2022\\论文相关\\benchmark\\miniapp\\998二手挖机圈\\_-1965603458_27\\pages\\question\\question.js"},"to":{"name":"Page","loc":{"line":3,"column":0},"id":28856,"file":"D:\\WORK\\2022\\论文相关\\benchmark\\miniapp\\998二手挖机圈\\_-1965603458_27\\pages\\question\\question.js"}},{"type":"to callee","from":{"name":"data","loc":{"line":4,"column":4},"id":28859,"file":"D:\\WORK\\2022\\论文相关\\benchmark\\miniapp\\998二手挖机圈\\_-1965603458_27\\pages\\question\\question.js"},"to":{"name":"Page","loc":{"line":3,"column":0},"id":28856,"file":"D:\\WORK\\2022\\论文相关\\benchmark\\miniapp\\998二手挖机圈\\_-1965603458_27\\pages\\question\\question.js"}}]},{"leftVar":[{"declaredName":"__object__4.question","declaredLoc":{"line":5,"column":8},"file":"D:\\WORK\\2022\\论文相关\\benchmark\\miniapp\\998二手挖机圈\\_-1965603458_27\\pages\\question\\question.js"},{"declaredName":"__object__3.data","declaredLoc":{"line":4,"column":4},"file":"D:\\WORK\\2022\\论文相关\\benchmark\\miniapp\\998二手挖机圈\\_-1965603458_27\\pages\\question\\question.js"}],"readFlow":[{"type":"assign to","from":{"name":"content","loc":{"line":28,"column":12},"id":28918,"file":"D:\\WORK\\2022\\论文相关\\benchmark\\miniapp\\998二手挖机圈\\_-1965603458_27\\pages\\question\\question.js"},"to":{"name":"data","loc":{"line":4,"column":4},"id":28859,"file":"D:\\WORK\\2022\\论文相关\\benchmark\\miniapp\\998二手挖机圈\\_-1965603458_27\\pages\\question\\question.js"}},{"type":"to callee","from":{"name":"data","loc":{"line":4,"column":4},"id":28859,"file":"D:\\WORK\\2022\\论文相关\\benchmark\\miniapp\\998二手挖机圈\\_-1965603458_27\\pages\\question\\question.js"},"to":{"name":"Page","loc":{"line":3,"column":0},"id":28856,"file":"D:\\WORK\\2022\\论文相关\\benchmark\\miniapp\\998二手挖机圈\\_-1965603458_27\\pages\\question\\question.js"}}]}]}],"writeShadows":[{"shadowVar":{"declaredName":"__object__26.content","declaredLoc":{"line":28,"column":12},"file":"D:\\WORK\\2022\\论文相关\\benchmark\\miniapp\\998二手挖机圈\\_-1965603458_27\\pages\\question\\question.js"},"writeAccess":[]}]}]},{"shadowObjectVar":"__object__29","dynamicDefinedProps":[{"propName":".title","readShadows":[{"shadowVar":{"declaredName":"__object__29.title","declaredLoc":{"line":30,"column":12},"file":"D:\\WORK\\2022\\论文相关\\benchmark\\miniapp\\998二手挖机圈\\_-1965603458_27\\pages\\question\\question.js"},"readAccess":[{"leftVar":[{"declaredName":"__object__4.question","declaredLoc":{"line":5,"column":8},"file":"D:\\WORK\\2022\\论文相关\\benchmark\\miniapp\\998二手挖机圈\\_-1965603458_27\\pages\\question\\question.js"},{"declaredName":"__object__3.data","declaredLoc":{"line":4,"column":4},"file":"D:\\WORK\\2022\\论文相关\\benchmark\\miniapp\\998二手挖机圈\\_-1965603458_27\\pages\\question\\question.js"}],"readFlow":[{"type":"assign to","from":{"name":"title","loc":{"line":30,"column":12},"id":28922,"file":"D:\\WORK\\2022\\论文相关\\benchmark\\miniapp\\998二手挖机圈\\_-1965603458_27\\pages\\question\\question.js"},"to":{"name":"question","loc":{"line":5,"column":8},"id":28862,"file":"D:\\WORK\\2022\\论文相关\\benchmark\\miniapp\\998二手挖机圈\\_-1965603458_27\\pages\\question\\question.js"}},{"type":"assign to","from":{"name":"question","loc":{"line":5,"column":8},"id":28862,"file":"D:\\WORK\\2022\\论文相关\\benchmark\\miniapp\\998二手挖机圈\\_-1965603458_27\\pages\\question\\question.js"},"to":{"name":"data","loc":{"line":4,"column":4},"id":28859,"file":"D:\\WORK\\2022\\论文相关\\benchmark\\miniapp\\998二手挖机圈\\_-1965603458_27\\pages\\question\\question.js"}},{"type":"to callee","from":{"name":"question","loc":{"line":5,"column":8},"id":28862,"file":"D:\\WORK\\2022\\论文相关\\benchmark\\miniapp\\998二手挖机圈\\_-1965603458_27\\pages\\question\\question.js"},"to":{"name":"Page","loc":{"line":3,"column":0},"id":28856,"file":"D:\\WORK\\2022\\论文相关\\benchmark\\miniapp\\998二手挖机圈\\_-1965603458_27\\pages\\question\\question.js"}},{"type":"to callee","from":{"name":"data","loc":{"line":4,"column":4},"id":28859,"file":"D:\\WORK\\2022\\论文相关\\benchmark\\miniapp\\998二手挖机圈\\_-1965603458_27\\pages\\question\\question.js"},"to":{"name":"Page","loc":{"line":3,"column":0},"id":28856,"file":"D:\\WORK\\2022\\论文相关\\benchmark\\miniapp\\998二手挖机圈\\_-1965603458_27\\pages\\question\\question.js"}}]},{"leftVar":[{"declaredName":"__object__4.question","declaredLoc":{"line":5,"column":8},"file":"D:\\WORK\\2022\\论文相关\\benchmark\\miniapp\\998二手挖机圈\\_-1965603458_27\\pages\\question\\question.js"},{"declaredName":"__object__3.data","declaredLoc":{"line":4,"column":4},"file":"D:\\WORK\\2022\\论文相关\\benchmark\\miniapp\\998二手挖机圈\\_-1965603458_27\\pages\\question\\question.js"}],"readFlow":[{"type":"assign to","from":{"name":"title","loc":{"line":30,"column":12},"id":28922,"file":"D:\\WORK\\2022\\论文相关\\benchmark\\miniapp\\998二手挖机圈\\_-1965603458_27\\pages\\question\\question.js"},"to":{"name":"data","loc":{"line":4,"column":4},"id":28859,"file":"D:\\WORK\\2022\\论文相关\\benchmark\\miniapp\\998二手挖机圈\\_-1965603458_27\\pages\\question\\question.js"}},{"type":"to callee","from":{"name":"data","loc":{"line":4,"column":4},"id":28859,"file":"D:\\WORK\\2022\\论文相关\\benchmark\\miniapp\\998二手挖机圈\\_-1965603458_27\\pages\\question\\question.js"},"to":{"name":"Page","loc":{"line":3,"column":0},"id":28856,"file":"D:\\WORK\\2022\\论文相关\\benchmark\\miniapp\\998二手挖机圈\\_-1965603458_27\\pages\\question\\question.js"}}]}]}],"writeShadows":[{"shadowVar":{"declaredName":"__object__29.title","declaredLoc":{"line":30,"column":12},"file":"D:\\WORK\\2022\\论文相关\\benchmark\\miniapp\\998二手挖机圈\\_-1965603458_27\\pages\\question\\question.js"},"writeAccess":[]}]},{"propName":".content","readShadows":[{"shadowVar":{"declaredName":"__object__29.content","declaredLoc":{"line":31,"column":12},"file":"D:\\WORK\\2022\\论文相关\\benchmark\\miniapp\\998二手挖机圈\\_-1965603458_27\\pages\\question\\question.js"},"readAccess":[{"leftVar":[{"declaredName":"__object__4.question","declaredLoc":{"line":5,"column":8},"file":"D:\\WORK\\2022\\论文相关\\benchmark\\miniapp\\998二手挖机圈\\_-1965603458_27\\pages\\question\\question.js"},{"declaredName":"__object__3.data","declaredLoc":{"line":4,"column":4},"file":"D:\\WORK\\2022\\论文相关\\benchmark\\miniapp\\998二手挖机圈\\_-1965603458_27\\pages\\question\\question.js"}],"readFlow":[{"type":"assign to","from":{"name":"content","loc":{"line":31,"column":12},"id":28925,"file":"D:\\WORK\\2022\\论文相关\\benchmark\\miniapp\\998二手挖机圈\\_-1965603458_27\\pages\\question\\question.js"},"to":{"name":"question","loc":{"line":5,"column":8},"id":28862,"file":"D:\\WORK\\2022\\论文相关\\benchmark\\miniapp\\998二手挖机圈\\_-1965603458_27\\pages\\question\\question.js"}},{"type":"assign to","from":{"name":"question","loc":{"line":5,"column":8},"id":28862,"file":"D:\\WORK\\2022\\论文相关\\benchmark\\miniapp\\998二手挖机圈\\_-1965603458_27\\pages\\question\\question.js"},"to":{"name":"data","loc":{"line":4,"column":4},"id":28859,"file":"D:\\WORK\\2022\\论文相关\\benchmark\\miniapp\\998二手挖机圈\\_-1965603458_27\\pages\\question\\question.js"}},{"type":"to callee","from":{"name":"question","loc":{"line":5,"column":8},"id":28862,"file":"D:\\WORK\\2022\\论文相关\\benchmark\\miniapp\\998二手挖机圈\\_-1965603458_27\\pages\\question\\question.js"},"to":{"name":"Page","loc":{"line":3,"column":0},"id":28856,"file":"D:\\WORK\\2022\\论文相关\\benchmark\\miniapp\\998二手挖机圈\\_-1965603458_27\\pages\\question\\question.js"}},{"type":"to callee","from":{"name":"data","loc":{"line":4,"column":4},"id":28859,"file":"D:\\WORK\\2022\\论文相关\\benchmark\\miniapp\\998二手挖机圈\\_-1965603458_27\\pages\\question\\question.js"},"to":{"name":"Page","loc":{"line":3,"column":0},"id":28856,"file":"D:\\WORK\\2022\\论文相关\\benchmark\\miniapp\\998二手挖机圈\\_-1965603458_27\\pages\\question\\question.js"}}]},{"leftVar":[{"declaredName":"__object__4.question","declaredLoc":{"line":5,"column":8},"file":"D:\\WORK\\2022\\论文相关\\benchmark\\miniapp\\998二手挖机圈\\_-1965603458_27\\pages\\question\\question.js"},{"declaredName":"__object__3.data","declaredLoc":{"line":4,"column":4},"file":"D:\\WORK\\2022\\论文相关\\benchmark\\miniapp\\998二手挖机圈\\_-1965603458_27\\pages\\question\\question.js"}],"readFlow":[{"type":"assign to","from":{"name":"content","loc":{"line":31,"column":12},"id":28925,"file":"D:\\WORK\\2022\\论文相关\\benchmark\\miniapp\\998二手挖机圈\\_-1965603458_27\\pages\\question\\question.js"},"to":{"name":"data","loc":{"line":4,"column":4},"id":28859,"file":"D:\\WORK\\2022\\论文相关\\benchmark\\miniapp\\998二手挖机圈\\_-1965603458_27\\pages\\question\\question.js"}},{"type":"to callee","from":{"name":"data","loc":{"line":4,"column":4},"id":28859,"file":"D:\\WORK\\2022\\论文相关\\benchmark\\miniapp\\998二手挖机圈\\_-1965603458_27\\pages\\question\\question.js"},"to":{"name":"Page","loc":{"line":3,"column":0},"id":28856,"file":"D:\\WORK\\2022\\论文相关\\benchmark\\miniapp\\998二手挖机圈\\_-1965603458_27\\pages\\question\\question.js"}}]}]}],"writeShadows":[{"shadowVar":{"declaredName":"__object__29.content","declaredLoc":{"line":31,"column":12},"file":"D:\\WORK\\2022\\论文相关\\benchmark\\miniapp\\998二手挖机圈\\_-1965603458_27\\pages\\question\\question.js"},"writeAccess":[]}]}]}]}