{
    "navigationBarTitleText": "登录",
    "usingComponents": {
        "w-input": "/components/watch-login/watch-input",
        "w-button": "/components/watch-login/watch-button",
        "add-tip": "/components/struggler-uniapp-add-tip/struggler-uniapp-add-tip",
        "auth": "/components/card/Auth",
        "cu-custom": "/colorui/components/cu-custom",
        "float-nav": "/components/card/FloatNav",
        "kefu": "/components/card/Kefu",
        "u-parse": "/components/u-parse/u-parse"
    }
}