[{"id": 0, "type": "[document]", "string": null, "attribute": {}, "referenceVariable": [], "referenceFunction": [], "style": [], "inheritClass": null, "wxss": [], "page": null, "path": "D:\\WORK\\2021\\MPDF\\baseline\\ui\\冰雨恋爱助手\\codelogin.wxml", "child": [1], "parent": null, "matchString": [{"type": "relation", "string": "手机号"}, {"type": "relation", "string": "208293df-1"}, {"type": "relation", "string": "runCode"}, {"type": "relation", "string": "{{true}}"}, {"type": "relation", "string": "验证码"}, {"type": "relation", "string": "208293df-2"}, {"type": "relation", "string": "{{isRotate}}"}, {"type": "relation", "string": "登 录"}, {"type": "relation", "string": "208293df-3"}, {"type": "relation", "string": "同意"}, {"type": "relation", "string": "《隐私政策》"}, {"type": "relation", "string": "navigate"}, {"type": "relation", "string": "{{urlForSessionPrivacy}}"}]}, {"id": 1, "type": "view", "string": null, "attribute": {"class": ["mengweiapp", "_div"]}, "referenceVariable": [], "referenceFunction": [], "style": [], "inheritClass": null, "wxss": [], "page": null, "path": "D:\\WORK\\2021\\MPDF\\baseline\\ui\\冰雨恋爱助手\\codelogin.wxml", "child": [2], "parent": 0, "matchString": [{"type": "relation", "string": "手机号"}, {"type": "relation", "string": "208293df-1"}, {"type": "relation", "string": "runCode"}, {"type": "relation", "string": "{{true}}"}, {"type": "relation", "string": "验证码"}, {"type": "relation", "string": "208293df-2"}, {"type": "relation", "string": "{{isRotate}}"}, {"type": "relation", "string": "登 录"}, {"type": "relation", "string": "208293df-3"}, {"type": "relation", "string": "同意"}, {"type": "relation", "string": "《隐私政策》"}, {"type": "relation", "string": "navigate"}, {"type": "relation", "string": "{{urlForSessionPrivacy}}"}]}, {"id": 2, "type": "view", "string": null, "attribute": {"class": ["section", "section-card", "card-50", "_div"]}, "referenceVariable": [], "referenceFunction": [], "style": [], "inheritClass": null, "wxss": [], "page": null, "path": "D:\\WORK\\2021\\MPDF\\baseline\\ui\\冰雨恋爱助手\\codelogin.wxml", "child": [3], "parent": 1, "matchString": [{"type": "relation", "string": "手机号"}, {"type": "relation", "string": "208293df-1"}, {"type": "relation", "string": "runCode"}, {"type": "relation", "string": "{{true}}"}, {"type": "relation", "string": "验证码"}, {"type": "relation", "string": "208293df-2"}, {"type": "relation", "string": "{{isRotate}}"}, {"type": "relation", "string": "登 录"}, {"type": "relation", "string": "208293df-3"}, {"type": "relation", "string": "同意"}, {"type": "relation", "string": "《隐私政策》"}, {"type": "relation", "string": "navigate"}, {"type": "relation", "string": "{{urlForSessionPrivacy}}"}]}, {"id": 3, "type": "view", "string": null, "attribute": {"class": ["register"]}, "referenceVariable": [], "referenceFunction": [], "style": [], "inheritClass": null, "wxss": [], "page": null, "path": "D:\\WORK\\2021\\MPDF\\baseline\\ui\\冰雨恋爱助手\\codelogin.wxml", "child": [4], "parent": 2, "matchString": [{"type": "relation", "string": "手机号"}, {"type": "relation", "string": "208293df-1"}, {"type": "relation", "string": "runCode"}, {"type": "relation", "string": "{{true}}"}, {"type": "relation", "string": "验证码"}, {"type": "relation", "string": "208293df-2"}, {"type": "relation", "string": "{{isRotate}}"}, {"type": "relation", "string": "登 录"}, {"type": "relation", "string": "208293df-3"}, {"type": "relation", "string": "同意"}, {"type": "relation", "string": "《隐私政策》"}, {"type": "relation", "string": "navigate"}, {"type": "relation", "string": "{{urlForSessionPrivacy}}"}]}, {"id": 4, "type": "view", "string": null, "attribute": {"class": ["content"]}, "referenceVariable": [], "referenceFunction": [], "style": [], "inheritClass": null, "wxss": [], "page": null, "path": "D:\\WORK\\2021\\MPDF\\baseline\\ui\\冰雨恋爱助手\\codelogin.wxml", "child": [5, 7, 10, 11], "parent": 3, "matchString": [{"type": "relation", "string": "手机号"}, {"type": "relation", "string": "208293df-1"}, {"type": "relation", "string": "runCode"}, {"type": "relation", "string": "{{true}}"}, {"type": "relation", "string": "验证码"}, {"type": "relation", "string": "208293df-2"}, {"type": "relation", "string": "{{isRotate}}"}, {"type": "relation", "string": "登 录"}, {"type": "relation", "string": "208293df-3"}, {"type": "relation", "string": "同意"}, {"type": "relation", "string": "《隐私政策》"}, {"type": "relation", "string": "navigate"}, {"type": "relation", "string": "{{urlForSessionPrivacy}}"}]}, {"id": 5, "type": "view", "string": null, "attribute": {"class": ["header"]}, "referenceVariable": [], "referenceFunction": [], "style": [], "inheritClass": null, "wxss": [], "page": null, "path": "D:\\WORK\\2021\\MPDF\\baseline\\ui\\冰雨恋爱助手\\codelogin.wxml", "child": [6], "parent": 4, "matchString": []}, {"id": 6, "type": "image", "string": null, "attribute": {"src": "{{mplogo}}"}, "referenceVariable": ["mplogo"], "referenceFunction": [], "style": [], "inheritClass": null, "wxss": [], "page": null, "path": "D:\\WORK\\2021\\MPDF\\baseline\\ui\\冰雨恋爱助手\\codelogin.wxml", "child": [], "parent": 5, "matchString": []}, {"id": 7, "type": "view", "string": null, "attribute": {"class": ["main"]}, "referenceVariable": [], "referenceFunction": [], "style": [], "inheritClass": null, "wxss": [], "page": null, "path": "D:\\WORK\\2021\\MPDF\\baseline\\ui\\冰雨恋爱助手\\codelogin.wxml", "child": [8, 9], "parent": 4, "matchString": [{"type": "relation", "string": "手机号"}, {"type": "relation", "string": "208293df-1"}, {"type": "relation", "string": "runCode"}, {"type": "relation", "string": "{{true}}"}, {"type": "relation", "string": "验证码"}, {"type": "relation", "string": "208293df-2"}]}, {"id": 8, "type": "w-input", "string": null, "attribute": {"bind:__l": "__l", "bind:input": "__e", "data-event-opts": "{{[ [ '^input',[ [ '__set_model',[ '','phoneData','$event',[] ] ] ] ] ]}}", "maxlength": "11", "placeholder": "手机号", "type": "number", "value": "{{phoneData}}", "vueid": "208293df-1"}, "referenceVariable": ["[ [ '^input',[ [ '__set_model',[ '','phoneData','$event',[] ] ] ] ] ]", "phoneData"], "referenceFunction": ["__l", "__e"], "style": [], "inheritClass": null, "wxss": [], "page": null, "path": "D:\\WORK\\2021\\MPDF\\baseline\\ui\\冰雨恋爱助手\\codelogin.wxml", "child": [], "parent": 7, "matchString": [{"type": "attr", "string": "手机号"}, {"type": "attr", "string": "208293df-1"}]}, {"id": 9, "type": "w-input", "string": null, "attribute": {"bind:__l": "__l", "bind:input": "__e", "bind:setcode": "__e", "class": ["vue-ref"], "data-event-opts": "{{[ [ '^setCode',[ ['getVerCode'] ] ],[ '^input',[ [ '__set_model',[ '','verCode','$event',[] ] ] ] ] ]}}", "data-ref": "runCode", "isshowcode": "{{true}}", "maxlength": "4", "placeholder": "验证码", "type": "number", "value": "{{verCode}}", "vueid": "208293df-2"}, "referenceVariable": ["[ [ '^setCode',[ ['getVerCode'] ] ],[ '^input',[ [ '__set_model',[ '','verCode','$event',[] ] ] ] ] ]", "true", "verCode"], "referenceFunction": ["__l", "__e"], "style": [], "inheritClass": null, "wxss": [], "page": null, "path": "D:\\WORK\\2021\\MPDF\\baseline\\ui\\冰雨恋爱助手\\codelogin.wxml", "child": [], "parent": 7, "matchString": [{"type": "attr", "string": "runCode"}, {"type": "attr", "string": "{{true}}"}, {"type": "attr", "string": "验证码"}, {"type": "attr", "string": "208293df-2"}]}, {"id": 10, "type": "w-button", "string": null, "attribute": {"bind:__l": "__l", "bind:startreg": "__e", "data-event-opts": "{{[ [ '^startReg',[ ['startReg'] ] ] ]}}", "rotate": "{{isRotate}}", "text": "登 录", "vueid": "208293df-3"}, "referenceVariable": ["[ [ '^startReg',[ ['startReg'] ] ] ]", "isRotate"], "referenceFunction": ["__l", "__e"], "style": [], "inheritClass": null, "wxss": [], "page": null, "path": "D:\\WORK\\2021\\MPDF\\baseline\\ui\\冰雨恋爱助手\\codelogin.wxml", "child": [], "parent": 4, "matchString": [{"type": "attr", "string": "{{isRotate}}"}, {"type": "attr", "string": "登 录"}, {"type": "attr", "string": "208293df-3"}]}, {"id": 11, "type": "view", "string": null, "attribute": {"class": ["footer"]}, "referenceVariable": [], "referenceFunction": [], "style": [], "inheritClass": null, "wxss": [], "page": null, "path": "D:\\WORK\\2021\\MPDF\\baseline\\ui\\冰雨恋爱助手\\codelogin.wxml", "child": [12, 13], "parent": 4, "matchString": [{"type": "relation", "string": "同意"}, {"type": "relation", "string": "《隐私政策》"}, {"type": "relation", "string": "navigate"}, {"type": "relation", "string": "{{urlForSessionPrivacy}}"}]}, {"id": 12, "type": "text", "string": "同意", "attribute": {"bindtap": "__e", "class": ["{{['cuIcon',showAgree?'cuIcon-radiobox':'cuIcon-round']}}"], "data-event-opts": "{{[ [ 'tap',[ [ 'isShowAgree',['$event'] ] ] ] ]}}"}, "referenceVariable": ["['cuIcon',showAgree?'cuIcon-radiobox':'cuIcon-round']", "[ [ 'tap',[ [ 'isShowAgree',['$event'] ] ] ] ]"], "referenceFunction": ["__e"], "style": [], "inheritClass": null, "wxss": [], "page": null, "path": "D:\\WORK\\2021\\MPDF\\baseline\\ui\\冰雨恋爱助手\\codelogin.wxml", "child": [], "parent": 11, "matchString": [{"type": "self", "string": "同意"}]}, {"id": 13, "type": "navigator", "string": "《隐私政策》", "attribute": {"opentype": "navigate", "url": "{{urlForSessionPrivacy}}"}, "referenceVariable": ["urlForSessionPrivacy"], "referenceFunction": [], "style": [], "inheritClass": null, "wxss": [], "page": null, "path": "D:\\WORK\\2021\\MPDF\\baseline\\ui\\冰雨恋爱助手\\codelogin.wxml", "child": [], "parent": 11, "matchString": [{"type": "self", "string": "《隐私政策》"}, {"type": "attr", "string": "navigate"}, {"type": "attr", "string": "{{urlForSessionPrivacy}}"}]}]