{"definedData":[],"dynamicDefinedData":[{"shadowObjectVar":"__object__4","dynamicDefinedProps":[{"propName":".list","readShadows":[{"shadowVar":{"declaredName":"__object__4.list","declaredLoc":{"line":5,"column":8},"file":"D:\\WORK\\2021\\MPDF\\white_paper\\json\\dataset2.3wxapkg\\动图宇宙\\_431774825_38\\pages\\guide\\guide.js"},"readAccess":[{"leftVar":[{"declaredName":"__object__3.data","declaredLoc":{"line":4,"column":4},"file":"D:\\WORK\\2021\\MPDF\\white_paper\\json\\dataset2.3wxapkg\\动图宇宙\\_431774825_38\\pages\\guide\\guide.js"}],"readFlow":[{"type":"assign to","from":{"name":"list","loc":{"line":5,"column":8},"id":12232948,"file":"D:\\WORK\\2021\\MPDF\\white_paper\\json\\dataset2.3wxapkg\\动图宇宙\\_431774825_38\\pages\\guide\\guide.js"},"to":{"name":"data","loc":{"line":4,"column":4},"id":12232945,"file":"D:\\WORK\\2021\\MPDF\\white_paper\\json\\dataset2.3wxapkg\\动图宇宙\\_431774825_38\\pages\\guide\\guide.js"}},{"type":"to callee","from":{"name":"data","loc":{"line":4,"column":4},"id":12232945,"file":"D:\\WORK\\2021\\MPDF\\white_paper\\json\\dataset2.3wxapkg\\动图宇宙\\_431774825_38\\pages\\guide\\guide.js"},"to":{"name":"Page","loc":{"line":3,"column":0},"id":12232942,"file":"D:\\WORK\\2021\\MPDF\\white_paper\\json\\dataset2.3wxapkg\\动图宇宙\\_431774825_38\\pages\\guide\\guide.js"}}]}]}],"writeShadows":[{"shadowVar":{"declaredName":"__object__4.list","declaredLoc":{"line":5,"column":8},"file":"D:\\WORK\\2021\\MPDF\\white_paper\\json\\dataset2.3wxapkg\\动图宇宙\\_431774825_38\\pages\\guide\\guide.js"},"writeAccess":[]}]}]},{"shadowObjectVar":"__object__5","dynamicDefinedProps":[{"propName":".url","readShadows":[{"shadowVar":{"declaredName":"__object__5.url","declaredLoc":{"line":6,"column":12},"file":"D:\\WORK\\2021\\MPDF\\white_paper\\json\\dataset2.3wxapkg\\动图宇宙\\_431774825_38\\pages\\guide\\guide.js"},"readAccess":[{"leftVar":[{"declaredName":"__object__4.list","declaredLoc":{"line":5,"column":8},"file":"D:\\WORK\\2021\\MPDF\\white_paper\\json\\dataset2.3wxapkg\\动图宇宙\\_431774825_38\\pages\\guide\\guide.js"},{"declaredName":"__object__3.data","declaredLoc":{"line":4,"column":4},"file":"D:\\WORK\\2021\\MPDF\\white_paper\\json\\dataset2.3wxapkg\\动图宇宙\\_431774825_38\\pages\\guide\\guide.js"}],"readFlow":[{"type":"assign to","from":{"name":"url","loc":{"line":6,"column":12},"id":12232952,"file":"D:\\WORK\\2021\\MPDF\\white_paper\\json\\dataset2.3wxapkg\\动图宇宙\\_431774825_38\\pages\\guide\\guide.js"},"to":{"name":"list","loc":{"line":5,"column":8},"id":12232948,"file":"D:\\WORK\\2021\\MPDF\\white_paper\\json\\dataset2.3wxapkg\\动图宇宙\\_431774825_38\\pages\\guide\\guide.js"}},{"type":"assign to","from":{"name":"list","loc":{"line":5,"column":8},"id":12232948,"file":"D:\\WORK\\2021\\MPDF\\white_paper\\json\\dataset2.3wxapkg\\动图宇宙\\_431774825_38\\pages\\guide\\guide.js"},"to":{"name":"data","loc":{"line":4,"column":4},"id":12232945,"file":"D:\\WORK\\2021\\MPDF\\white_paper\\json\\dataset2.3wxapkg\\动图宇宙\\_431774825_38\\pages\\guide\\guide.js"}},{"type":"to callee","from":{"name":"list","loc":{"line":5,"column":8},"id":12232948,"file":"D:\\WORK\\2021\\MPDF\\white_paper\\json\\dataset2.3wxapkg\\动图宇宙\\_431774825_38\\pages\\guide\\guide.js"},"to":{"name":"Page","loc":{"line":3,"column":0},"id":12232942,"file":"D:\\WORK\\2021\\MPDF\\white_paper\\json\\dataset2.3wxapkg\\动图宇宙\\_431774825_38\\pages\\guide\\guide.js"}},{"type":"to callee","from":{"name":"data","loc":{"line":4,"column":4},"id":12232945,"file":"D:\\WORK\\2021\\MPDF\\white_paper\\json\\dataset2.3wxapkg\\动图宇宙\\_431774825_38\\pages\\guide\\guide.js"},"to":{"name":"Page","loc":{"line":3,"column":0},"id":12232942,"file":"D:\\WORK\\2021\\MPDF\\white_paper\\json\\dataset2.3wxapkg\\动图宇宙\\_431774825_38\\pages\\guide\\guide.js"}}]},{"leftVar":[{"declaredName":"__object__4.list","declaredLoc":{"line":5,"column":8},"file":"D:\\WORK\\2021\\MPDF\\white_paper\\json\\dataset2.3wxapkg\\动图宇宙\\_431774825_38\\pages\\guide\\guide.js"},{"declaredName":"__object__3.data","declaredLoc":{"line":4,"column":4},"file":"D:\\WORK\\2021\\MPDF\\white_paper\\json\\dataset2.3wxapkg\\动图宇宙\\_431774825_38\\pages\\guide\\guide.js"}],"readFlow":[{"type":"assign to","from":{"name":"url","loc":{"line":6,"column":12},"id":12232952,"file":"D:\\WORK\\2021\\MPDF\\white_paper\\json\\dataset2.3wxapkg\\动图宇宙\\_431774825_38\\pages\\guide\\guide.js"},"to":{"name":"data","loc":{"line":4,"column":4},"id":12232945,"file":"D:\\WORK\\2021\\MPDF\\white_paper\\json\\dataset2.3wxapkg\\动图宇宙\\_431774825_38\\pages\\guide\\guide.js"}},{"type":"to callee","from":{"name":"data","loc":{"line":4,"column":4},"id":12232945,"file":"D:\\WORK\\2021\\MPDF\\white_paper\\json\\dataset2.3wxapkg\\动图宇宙\\_431774825_38\\pages\\guide\\guide.js"},"to":{"name":"Page","loc":{"line":3,"column":0},"id":12232942,"file":"D:\\WORK\\2021\\MPDF\\white_paper\\json\\dataset2.3wxapkg\\动图宇宙\\_431774825_38\\pages\\guide\\guide.js"}}]}]}],"writeShadows":[{"shadowVar":{"declaredName":"__object__5.url","declaredLoc":{"line":6,"column":12},"file":"D:\\WORK\\2021\\MPDF\\white_paper\\json\\dataset2.3wxapkg\\动图宇宙\\_431774825_38\\pages\\guide\\guide.js"},"writeAccess":[]}]},{"propName":".text1","readShadows":[{"shadowVar":{"declaredName":"__object__5.text1","declaredLoc":{"line":7,"column":12},"file":"D:\\WORK\\2021\\MPDF\\white_paper\\json\\dataset2.3wxapkg\\动图宇宙\\_431774825_38\\pages\\guide\\guide.js"},"readAccess":[{"leftVar":[{"declaredName":"__object__4.list","declaredLoc":{"line":5,"column":8},"file":"D:\\WORK\\2021\\MPDF\\white_paper\\json\\dataset2.3wxapkg\\动图宇宙\\_431774825_38\\pages\\guide\\guide.js"},{"declaredName":"__object__3.data","declaredLoc":{"line":4,"column":4},"file":"D:\\WORK\\2021\\MPDF\\white_paper\\json\\dataset2.3wxapkg\\动图宇宙\\_431774825_38\\pages\\guide\\guide.js"}],"readFlow":[{"type":"assign to","from":{"name":"text1","loc":{"line":7,"column":12},"id":12232955,"file":"D:\\WORK\\2021\\MPDF\\white_paper\\json\\dataset2.3wxapkg\\动图宇宙\\_431774825_38\\pages\\guide\\guide.js"},"to":{"name":"list","loc":{"line":5,"column":8},"id":12232948,"file":"D:\\WORK\\2021\\MPDF\\white_paper\\json\\dataset2.3wxapkg\\动图宇宙\\_431774825_38\\pages\\guide\\guide.js"}},{"type":"assign to","from":{"name":"list","loc":{"line":5,"column":8},"id":12232948,"file":"D:\\WORK\\2021\\MPDF\\white_paper\\json\\dataset2.3wxapkg\\动图宇宙\\_431774825_38\\pages\\guide\\guide.js"},"to":{"name":"data","loc":{"line":4,"column":4},"id":12232945,"file":"D:\\WORK\\2021\\MPDF\\white_paper\\json\\dataset2.3wxapkg\\动图宇宙\\_431774825_38\\pages\\guide\\guide.js"}},{"type":"to callee","from":{"name":"list","loc":{"line":5,"column":8},"id":12232948,"file":"D:\\WORK\\2021\\MPDF\\white_paper\\json\\dataset2.3wxapkg\\动图宇宙\\_431774825_38\\pages\\guide\\guide.js"},"to":{"name":"Page","loc":{"line":3,"column":0},"id":12232942,"file":"D:\\WORK\\2021\\MPDF\\white_paper\\json\\dataset2.3wxapkg\\动图宇宙\\_431774825_38\\pages\\guide\\guide.js"}},{"type":"to callee","from":{"name":"data","loc":{"line":4,"column":4},"id":12232945,"file":"D:\\WORK\\2021\\MPDF\\white_paper\\json\\dataset2.3wxapkg\\动图宇宙\\_431774825_38\\pages\\guide\\guide.js"},"to":{"name":"Page","loc":{"line":3,"column":0},"id":12232942,"file":"D:\\WORK\\2021\\MPDF\\white_paper\\json\\dataset2.3wxapkg\\动图宇宙\\_431774825_38\\pages\\guide\\guide.js"}}]},{"leftVar":[{"declaredName":"__object__4.list","declaredLoc":{"line":5,"column":8},"file":"D:\\WORK\\2021\\MPDF\\white_paper\\json\\dataset2.3wxapkg\\动图宇宙\\_431774825_38\\pages\\guide\\guide.js"},{"declaredName":"__object__3.data","declaredLoc":{"line":4,"column":4},"file":"D:\\WORK\\2021\\MPDF\\white_paper\\json\\dataset2.3wxapkg\\动图宇宙\\_431774825_38\\pages\\guide\\guide.js"}],"readFlow":[{"type":"assign to","from":{"name":"text1","loc":{"line":7,"column":12},"id":12232955,"file":"D:\\WORK\\2021\\MPDF\\white_paper\\json\\dataset2.3wxapkg\\动图宇宙\\_431774825_38\\pages\\guide\\guide.js"},"to":{"name":"data","loc":{"line":4,"column":4},"id":12232945,"file":"D:\\WORK\\2021\\MPDF\\white_paper\\json\\dataset2.3wxapkg\\动图宇宙\\_431774825_38\\pages\\guide\\guide.js"}},{"type":"to callee","from":{"name":"data","loc":{"line":4,"column":4},"id":12232945,"file":"D:\\WORK\\2021\\MPDF\\white_paper\\json\\dataset2.3wxapkg\\动图宇宙\\_431774825_38\\pages\\guide\\guide.js"},"to":{"name":"Page","loc":{"line":3,"column":0},"id":12232942,"file":"D:\\WORK\\2021\\MPDF\\white_paper\\json\\dataset2.3wxapkg\\动图宇宙\\_431774825_38\\pages\\guide\\guide.js"}}]}]}],"writeShadows":[{"shadowVar":{"declaredName":"__object__5.text1","declaredLoc":{"line":7,"column":12},"file":"D:\\WORK\\2021\\MPDF\\white_paper\\json\\dataset2.3wxapkg\\动图宇宙\\_431774825_38\\pages\\guide\\guide.js"},"writeAccess":[]}]},{"propName":".text2","readShadows":[{"shadowVar":{"declaredName":"__object__5.text2","declaredLoc":{"line":8,"column":12},"file":"D:\\WORK\\2021\\MPDF\\white_paper\\json\\dataset2.3wxapkg\\动图宇宙\\_431774825_38\\pages\\guide\\guide.js"},"readAccess":[{"leftVar":[{"declaredName":"__object__4.list","declaredLoc":{"line":5,"column":8},"file":"D:\\WORK\\2021\\MPDF\\white_paper\\json\\dataset2.3wxapkg\\动图宇宙\\_431774825_38\\pages\\guide\\guide.js"},{"declaredName":"__object__3.data","declaredLoc":{"line":4,"column":4},"file":"D:\\WORK\\2021\\MPDF\\white_paper\\json\\dataset2.3wxapkg\\动图宇宙\\_431774825_38\\pages\\guide\\guide.js"}],"readFlow":[{"type":"assign to","from":{"name":"text2","loc":{"line":8,"column":12},"id":12232958,"file":"D:\\WORK\\2021\\MPDF\\white_paper\\json\\dataset2.3wxapkg\\动图宇宙\\_431774825_38\\pages\\guide\\guide.js"},"to":{"name":"list","loc":{"line":5,"column":8},"id":12232948,"file":"D:\\WORK\\2021\\MPDF\\white_paper\\json\\dataset2.3wxapkg\\动图宇宙\\_431774825_38\\pages\\guide\\guide.js"}},{"type":"assign to","from":{"name":"list","loc":{"line":5,"column":8},"id":12232948,"file":"D:\\WORK\\2021\\MPDF\\white_paper\\json\\dataset2.3wxapkg\\动图宇宙\\_431774825_38\\pages\\guide\\guide.js"},"to":{"name":"data","loc":{"line":4,"column":4},"id":12232945,"file":"D:\\WORK\\2021\\MPDF\\white_paper\\json\\dataset2.3wxapkg\\动图宇宙\\_431774825_38\\pages\\guide\\guide.js"}},{"type":"to callee","from":{"name":"list","loc":{"line":5,"column":8},"id":12232948,"file":"D:\\WORK\\2021\\MPDF\\white_paper\\json\\dataset2.3wxapkg\\动图宇宙\\_431774825_38\\pages\\guide\\guide.js"},"to":{"name":"Page","loc":{"line":3,"column":0},"id":12232942,"file":"D:\\WORK\\2021\\MPDF\\white_paper\\json\\dataset2.3wxapkg\\动图宇宙\\_431774825_38\\pages\\guide\\guide.js"}},{"type":"to callee","from":{"name":"data","loc":{"line":4,"column":4},"id":12232945,"file":"D:\\WORK\\2021\\MPDF\\white_paper\\json\\dataset2.3wxapkg\\动图宇宙\\_431774825_38\\pages\\guide\\guide.js"},"to":{"name":"Page","loc":{"line":3,"column":0},"id":12232942,"file":"D:\\WORK\\2021\\MPDF\\white_paper\\json\\dataset2.3wxapkg\\动图宇宙\\_431774825_38\\pages\\guide\\guide.js"}}]},{"leftVar":[{"declaredName":"__object__4.list","declaredLoc":{"line":5,"column":8},"file":"D:\\WORK\\2021\\MPDF\\white_paper\\json\\dataset2.3wxapkg\\动图宇宙\\_431774825_38\\pages\\guide\\guide.js"},{"declaredName":"__object__3.data","declaredLoc":{"line":4,"column":4},"file":"D:\\WORK\\2021\\MPDF\\white_paper\\json\\dataset2.3wxapkg\\动图宇宙\\_431774825_38\\pages\\guide\\guide.js"}],"readFlow":[{"type":"assign to","from":{"name":"text2","loc":{"line":8,"column":12},"id":12232958,"file":"D:\\WORK\\2021\\MPDF\\white_paper\\json\\dataset2.3wxapkg\\动图宇宙\\_431774825_38\\pages\\guide\\guide.js"},"to":{"name":"data","loc":{"line":4,"column":4},"id":12232945,"file":"D:\\WORK\\2021\\MPDF\\white_paper\\json\\dataset2.3wxapkg\\动图宇宙\\_431774825_38\\pages\\guide\\guide.js"}},{"type":"to callee","from":{"name":"data","loc":{"line":4,"column":4},"id":12232945,"file":"D:\\WORK\\2021\\MPDF\\white_paper\\json\\dataset2.3wxapkg\\动图宇宙\\_431774825_38\\pages\\guide\\guide.js"},"to":{"name":"Page","loc":{"line":3,"column":0},"id":12232942,"file":"D:\\WORK\\2021\\MPDF\\white_paper\\json\\dataset2.3wxapkg\\动图宇宙\\_431774825_38\\pages\\guide\\guide.js"}}]}]}],"writeShadows":[{"shadowVar":{"declaredName":"__object__5.text2","declaredLoc":{"line":8,"column":12},"file":"D:\\WORK\\2021\\MPDF\\white_paper\\json\\dataset2.3wxapkg\\动图宇宙\\_431774825_38\\pages\\guide\\guide.js"},"writeAccess":[]}]}]},{"shadowObjectVar":"__object__9","dynamicDefinedProps":[{"propName":".url","readShadows":[{"shadowVar":{"declaredName":"__object__9.url","declaredLoc":{"line":10,"column":12},"file":"D:\\WORK\\2021\\MPDF\\white_paper\\json\\dataset2.3wxapkg\\动图宇宙\\_431774825_38\\pages\\guide\\guide.js"},"readAccess":[{"leftVar":[{"declaredName":"__object__4.list","declaredLoc":{"line":5,"column":8},"file":"D:\\WORK\\2021\\MPDF\\white_paper\\json\\dataset2.3wxapkg\\动图宇宙\\_431774825_38\\pages\\guide\\guide.js"},{"declaredName":"__object__3.data","declaredLoc":{"line":4,"column":4},"file":"D:\\WORK\\2021\\MPDF\\white_paper\\json\\dataset2.3wxapkg\\动图宇宙\\_431774825_38\\pages\\guide\\guide.js"}],"readFlow":[{"type":"assign to","from":{"name":"url","loc":{"line":10,"column":12},"id":12232962,"file":"D:\\WORK\\2021\\MPDF\\white_paper\\json\\dataset2.3wxapkg\\动图宇宙\\_431774825_38\\pages\\guide\\guide.js"},"to":{"name":"list","loc":{"line":5,"column":8},"id":12232948,"file":"D:\\WORK\\2021\\MPDF\\white_paper\\json\\dataset2.3wxapkg\\动图宇宙\\_431774825_38\\pages\\guide\\guide.js"}},{"type":"assign to","from":{"name":"list","loc":{"line":5,"column":8},"id":12232948,"file":"D:\\WORK\\2021\\MPDF\\white_paper\\json\\dataset2.3wxapkg\\动图宇宙\\_431774825_38\\pages\\guide\\guide.js"},"to":{"name":"data","loc":{"line":4,"column":4},"id":12232945,"file":"D:\\WORK\\2021\\MPDF\\white_paper\\json\\dataset2.3wxapkg\\动图宇宙\\_431774825_38\\pages\\guide\\guide.js"}},{"type":"to callee","from":{"name":"list","loc":{"line":5,"column":8},"id":12232948,"file":"D:\\WORK\\2021\\MPDF\\white_paper\\json\\dataset2.3wxapkg\\动图宇宙\\_431774825_38\\pages\\guide\\guide.js"},"to":{"name":"Page","loc":{"line":3,"column":0},"id":12232942,"file":"D:\\WORK\\2021\\MPDF\\white_paper\\json\\dataset2.3wxapkg\\动图宇宙\\_431774825_38\\pages\\guide\\guide.js"}},{"type":"to callee","from":{"name":"data","loc":{"line":4,"column":4},"id":12232945,"file":"D:\\WORK\\2021\\MPDF\\white_paper\\json\\dataset2.3wxapkg\\动图宇宙\\_431774825_38\\pages\\guide\\guide.js"},"to":{"name":"Page","loc":{"line":3,"column":0},"id":12232942,"file":"D:\\WORK\\2021\\MPDF\\white_paper\\json\\dataset2.3wxapkg\\动图宇宙\\_431774825_38\\pages\\guide\\guide.js"}}]},{"leftVar":[{"declaredName":"__object__4.list","declaredLoc":{"line":5,"column":8},"file":"D:\\WORK\\2021\\MPDF\\white_paper\\json\\dataset2.3wxapkg\\动图宇宙\\_431774825_38\\pages\\guide\\guide.js"},{"declaredName":"__object__3.data","declaredLoc":{"line":4,"column":4},"file":"D:\\WORK\\2021\\MPDF\\white_paper\\json\\dataset2.3wxapkg\\动图宇宙\\_431774825_38\\pages\\guide\\guide.js"}],"readFlow":[{"type":"assign to","from":{"name":"url","loc":{"line":10,"column":12},"id":12232962,"file":"D:\\WORK\\2021\\MPDF\\white_paper\\json\\dataset2.3wxapkg\\动图宇宙\\_431774825_38\\pages\\guide\\guide.js"},"to":{"name":"data","loc":{"line":4,"column":4},"id":12232945,"file":"D:\\WORK\\2021\\MPDF\\white_paper\\json\\dataset2.3wxapkg\\动图宇宙\\_431774825_38\\pages\\guide\\guide.js"}},{"type":"to callee","from":{"name":"data","loc":{"line":4,"column":4},"id":12232945,"file":"D:\\WORK\\2021\\MPDF\\white_paper\\json\\dataset2.3wxapkg\\动图宇宙\\_431774825_38\\pages\\guide\\guide.js"},"to":{"name":"Page","loc":{"line":3,"column":0},"id":12232942,"file":"D:\\WORK\\2021\\MPDF\\white_paper\\json\\dataset2.3wxapkg\\动图宇宙\\_431774825_38\\pages\\guide\\guide.js"}}]}]}],"writeShadows":[{"shadowVar":{"declaredName":"__object__9.url","declaredLoc":{"line":10,"column":12},"file":"D:\\WORK\\2021\\MPDF\\white_paper\\json\\dataset2.3wxapkg\\动图宇宙\\_431774825_38\\pages\\guide\\guide.js"},"writeAccess":[]}]},{"propName":".text1","readShadows":[{"shadowVar":{"declaredName":"__object__9.text1","declaredLoc":{"line":11,"column":12},"file":"D:\\WORK\\2021\\MPDF\\white_paper\\json\\dataset2.3wxapkg\\动图宇宙\\_431774825_38\\pages\\guide\\guide.js"},"readAccess":[{"leftVar":[{"declaredName":"__object__4.list","declaredLoc":{"line":5,"column":8},"file":"D:\\WORK\\2021\\MPDF\\white_paper\\json\\dataset2.3wxapkg\\动图宇宙\\_431774825_38\\pages\\guide\\guide.js"},{"declaredName":"__object__3.data","declaredLoc":{"line":4,"column":4},"file":"D:\\WORK\\2021\\MPDF\\white_paper\\json\\dataset2.3wxapkg\\动图宇宙\\_431774825_38\\pages\\guide\\guide.js"}],"readFlow":[{"type":"assign to","from":{"name":"text1","loc":{"line":11,"column":12},"id":12232965,"file":"D:\\WORK\\2021\\MPDF\\white_paper\\json\\dataset2.3wxapkg\\动图宇宙\\_431774825_38\\pages\\guide\\guide.js"},"to":{"name":"list","loc":{"line":5,"column":8},"id":12232948,"file":"D:\\WORK\\2021\\MPDF\\white_paper\\json\\dataset2.3wxapkg\\动图宇宙\\_431774825_38\\pages\\guide\\guide.js"}},{"type":"assign to","from":{"name":"list","loc":{"line":5,"column":8},"id":12232948,"file":"D:\\WORK\\2021\\MPDF\\white_paper\\json\\dataset2.3wxapkg\\动图宇宙\\_431774825_38\\pages\\guide\\guide.js"},"to":{"name":"data","loc":{"line":4,"column":4},"id":12232945,"file":"D:\\WORK\\2021\\MPDF\\white_paper\\json\\dataset2.3wxapkg\\动图宇宙\\_431774825_38\\pages\\guide\\guide.js"}},{"type":"to callee","from":{"name":"list","loc":{"line":5,"column":8},"id":12232948,"file":"D:\\WORK\\2021\\MPDF\\white_paper\\json\\dataset2.3wxapkg\\动图宇宙\\_431774825_38\\pages\\guide\\guide.js"},"to":{"name":"Page","loc":{"line":3,"column":0},"id":12232942,"file":"D:\\WORK\\2021\\MPDF\\white_paper\\json\\dataset2.3wxapkg\\动图宇宙\\_431774825_38\\pages\\guide\\guide.js"}},{"type":"to callee","from":{"name":"data","loc":{"line":4,"column":4},"id":12232945,"file":"D:\\WORK\\2021\\MPDF\\white_paper\\json\\dataset2.3wxapkg\\动图宇宙\\_431774825_38\\pages\\guide\\guide.js"},"to":{"name":"Page","loc":{"line":3,"column":0},"id":12232942,"file":"D:\\WORK\\2021\\MPDF\\white_paper\\json\\dataset2.3wxapkg\\动图宇宙\\_431774825_38\\pages\\guide\\guide.js"}}]},{"leftVar":[{"declaredName":"__object__4.list","declaredLoc":{"line":5,"column":8},"file":"D:\\WORK\\2021\\MPDF\\white_paper\\json\\dataset2.3wxapkg\\动图宇宙\\_431774825_38\\pages\\guide\\guide.js"},{"declaredName":"__object__3.data","declaredLoc":{"line":4,"column":4},"file":"D:\\WORK\\2021\\MPDF\\white_paper\\json\\dataset2.3wxapkg\\动图宇宙\\_431774825_38\\pages\\guide\\guide.js"}],"readFlow":[{"type":"assign to","from":{"name":"text1","loc":{"line":11,"column":12},"id":12232965,"file":"D:\\WORK\\2021\\MPDF\\white_paper\\json\\dataset2.3wxapkg\\动图宇宙\\_431774825_38\\pages\\guide\\guide.js"},"to":{"name":"data","loc":{"line":4,"column":4},"id":12232945,"file":"D:\\WORK\\2021\\MPDF\\white_paper\\json\\dataset2.3wxapkg\\动图宇宙\\_431774825_38\\pages\\guide\\guide.js"}},{"type":"to callee","from":{"name":"data","loc":{"line":4,"column":4},"id":12232945,"file":"D:\\WORK\\2021\\MPDF\\white_paper\\json\\dataset2.3wxapkg\\动图宇宙\\_431774825_38\\pages\\guide\\guide.js"},"to":{"name":"Page","loc":{"line":3,"column":0},"id":12232942,"file":"D:\\WORK\\2021\\MPDF\\white_paper\\json\\dataset2.3wxapkg\\动图宇宙\\_431774825_38\\pages\\guide\\guide.js"}}]}]}],"writeShadows":[{"shadowVar":{"declaredName":"__object__9.text1","declaredLoc":{"line":11,"column":12},"file":"D:\\WORK\\2021\\MPDF\\white_paper\\json\\dataset2.3wxapkg\\动图宇宙\\_431774825_38\\pages\\guide\\guide.js"},"writeAccess":[]}]},{"propName":".text2","readShadows":[{"shadowVar":{"declaredName":"__object__9.text2","declaredLoc":{"line":12,"column":12},"file":"D:\\WORK\\2021\\MPDF\\white_paper\\json\\dataset2.3wxapkg\\动图宇宙\\_431774825_38\\pages\\guide\\guide.js"},"readAccess":[{"leftVar":[{"declaredName":"__object__4.list","declaredLoc":{"line":5,"column":8},"file":"D:\\WORK\\2021\\MPDF\\white_paper\\json\\dataset2.3wxapkg\\动图宇宙\\_431774825_38\\pages\\guide\\guide.js"},{"declaredName":"__object__3.data","declaredLoc":{"line":4,"column":4},"file":"D:\\WORK\\2021\\MPDF\\white_paper\\json\\dataset2.3wxapkg\\动图宇宙\\_431774825_38\\pages\\guide\\guide.js"}],"readFlow":[{"type":"assign to","from":{"name":"text2","loc":{"line":12,"column":12},"id":12232968,"file":"D:\\WORK\\2021\\MPDF\\white_paper\\json\\dataset2.3wxapkg\\动图宇宙\\_431774825_38\\pages\\guide\\guide.js"},"to":{"name":"list","loc":{"line":5,"column":8},"id":12232948,"file":"D:\\WORK\\2021\\MPDF\\white_paper\\json\\dataset2.3wxapkg\\动图宇宙\\_431774825_38\\pages\\guide\\guide.js"}},{"type":"assign to","from":{"name":"list","loc":{"line":5,"column":8},"id":12232948,"file":"D:\\WORK\\2021\\MPDF\\white_paper\\json\\dataset2.3wxapkg\\动图宇宙\\_431774825_38\\pages\\guide\\guide.js"},"to":{"name":"data","loc":{"line":4,"column":4},"id":12232945,"file":"D:\\WORK\\2021\\MPDF\\white_paper\\json\\dataset2.3wxapkg\\动图宇宙\\_431774825_38\\pages\\guide\\guide.js"}},{"type":"to callee","from":{"name":"list","loc":{"line":5,"column":8},"id":12232948,"file":"D:\\WORK\\2021\\MPDF\\white_paper\\json\\dataset2.3wxapkg\\动图宇宙\\_431774825_38\\pages\\guide\\guide.js"},"to":{"name":"Page","loc":{"line":3,"column":0},"id":12232942,"file":"D:\\WORK\\2021\\MPDF\\white_paper\\json\\dataset2.3wxapkg\\动图宇宙\\_431774825_38\\pages\\guide\\guide.js"}},{"type":"to callee","from":{"name":"data","loc":{"line":4,"column":4},"id":12232945,"file":"D:\\WORK\\2021\\MPDF\\white_paper\\json\\dataset2.3wxapkg\\动图宇宙\\_431774825_38\\pages\\guide\\guide.js"},"to":{"name":"Page","loc":{"line":3,"column":0},"id":12232942,"file":"D:\\WORK\\2021\\MPDF\\white_paper\\json\\dataset2.3wxapkg\\动图宇宙\\_431774825_38\\pages\\guide\\guide.js"}}]},{"leftVar":[{"declaredName":"__object__4.list","declaredLoc":{"line":5,"column":8},"file":"D:\\WORK\\2021\\MPDF\\white_paper\\json\\dataset2.3wxapkg\\动图宇宙\\_431774825_38\\pages\\guide\\guide.js"},{"declaredName":"__object__3.data","declaredLoc":{"line":4,"column":4},"file":"D:\\WORK\\2021\\MPDF\\white_paper\\json\\dataset2.3wxapkg\\动图宇宙\\_431774825_38\\pages\\guide\\guide.js"}],"readFlow":[{"type":"assign to","from":{"name":"text2","loc":{"line":12,"column":12},"id":12232968,"file":"D:\\WORK\\2021\\MPDF\\white_paper\\json\\dataset2.3wxapkg\\动图宇宙\\_431774825_38\\pages\\guide\\guide.js"},"to":{"name":"data","loc":{"line":4,"column":4},"id":12232945,"file":"D:\\WORK\\2021\\MPDF\\white_paper\\json\\dataset2.3wxapkg\\动图宇宙\\_431774825_38\\pages\\guide\\guide.js"}},{"type":"to callee","from":{"name":"data","loc":{"line":4,"column":4},"id":12232945,"file":"D:\\WORK\\2021\\MPDF\\white_paper\\json\\dataset2.3wxapkg\\动图宇宙\\_431774825_38\\pages\\guide\\guide.js"},"to":{"name":"Page","loc":{"line":3,"column":0},"id":12232942,"file":"D:\\WORK\\2021\\MPDF\\white_paper\\json\\dataset2.3wxapkg\\动图宇宙\\_431774825_38\\pages\\guide\\guide.js"}}]}]}],"writeShadows":[{"shadowVar":{"declaredName":"__object__9.text2","declaredLoc":{"line":12,"column":12},"file":"D:\\WORK\\2021\\MPDF\\white_paper\\json\\dataset2.3wxapkg\\动图宇宙\\_431774825_38\\pages\\guide\\guide.js"},"writeAccess":[]}]}]},{"shadowObjectVar":"__object__13","dynamicDefinedProps":[{"propName":".url","readShadows":[{"shadowVar":{"declaredName":"__object__13.url","declaredLoc":{"line":14,"column":12},"file":"D:\\WORK\\2021\\MPDF\\white_paper\\json\\dataset2.3wxapkg\\动图宇宙\\_431774825_38\\pages\\guide\\guide.js"},"readAccess":[{"leftVar":[{"declaredName":"__object__4.list","declaredLoc":{"line":5,"column":8},"file":"D:\\WORK\\2021\\MPDF\\white_paper\\json\\dataset2.3wxapkg\\动图宇宙\\_431774825_38\\pages\\guide\\guide.js"},{"declaredName":"__object__3.data","declaredLoc":{"line":4,"column":4},"file":"D:\\WORK\\2021\\MPDF\\white_paper\\json\\dataset2.3wxapkg\\动图宇宙\\_431774825_38\\pages\\guide\\guide.js"}],"readFlow":[{"type":"assign to","from":{"name":"url","loc":{"line":14,"column":12},"id":12232972,"file":"D:\\WORK\\2021\\MPDF\\white_paper\\json\\dataset2.3wxapkg\\动图宇宙\\_431774825_38\\pages\\guide\\guide.js"},"to":{"name":"list","loc":{"line":5,"column":8},"id":12232948,"file":"D:\\WORK\\2021\\MPDF\\white_paper\\json\\dataset2.3wxapkg\\动图宇宙\\_431774825_38\\pages\\guide\\guide.js"}},{"type":"assign to","from":{"name":"list","loc":{"line":5,"column":8},"id":12232948,"file":"D:\\WORK\\2021\\MPDF\\white_paper\\json\\dataset2.3wxapkg\\动图宇宙\\_431774825_38\\pages\\guide\\guide.js"},"to":{"name":"data","loc":{"line":4,"column":4},"id":12232945,"file":"D:\\WORK\\2021\\MPDF\\white_paper\\json\\dataset2.3wxapkg\\动图宇宙\\_431774825_38\\pages\\guide\\guide.js"}},{"type":"to callee","from":{"name":"list","loc":{"line":5,"column":8},"id":12232948,"file":"D:\\WORK\\2021\\MPDF\\white_paper\\json\\dataset2.3wxapkg\\动图宇宙\\_431774825_38\\pages\\guide\\guide.js"},"to":{"name":"Page","loc":{"line":3,"column":0},"id":12232942,"file":"D:\\WORK\\2021\\MPDF\\white_paper\\json\\dataset2.3wxapkg\\动图宇宙\\_431774825_38\\pages\\guide\\guide.js"}},{"type":"to callee","from":{"name":"data","loc":{"line":4,"column":4},"id":12232945,"file":"D:\\WORK\\2021\\MPDF\\white_paper\\json\\dataset2.3wxapkg\\动图宇宙\\_431774825_38\\pages\\guide\\guide.js"},"to":{"name":"Page","loc":{"line":3,"column":0},"id":12232942,"file":"D:\\WORK\\2021\\MPDF\\white_paper\\json\\dataset2.3wxapkg\\动图宇宙\\_431774825_38\\pages\\guide\\guide.js"}}]},{"leftVar":[{"declaredName":"__object__4.list","declaredLoc":{"line":5,"column":8},"file":"D:\\WORK\\2021\\MPDF\\white_paper\\json\\dataset2.3wxapkg\\动图宇宙\\_431774825_38\\pages\\guide\\guide.js"},{"declaredName":"__object__3.data","declaredLoc":{"line":4,"column":4},"file":"D:\\WORK\\2021\\MPDF\\white_paper\\json\\dataset2.3wxapkg\\动图宇宙\\_431774825_38\\pages\\guide\\guide.js"}],"readFlow":[{"type":"assign to","from":{"name":"url","loc":{"line":14,"column":12},"id":12232972,"file":"D:\\WORK\\2021\\MPDF\\white_paper\\json\\dataset2.3wxapkg\\动图宇宙\\_431774825_38\\pages\\guide\\guide.js"},"to":{"name":"data","loc":{"line":4,"column":4},"id":12232945,"file":"D:\\WORK\\2021\\MPDF\\white_paper\\json\\dataset2.3wxapkg\\动图宇宙\\_431774825_38\\pages\\guide\\guide.js"}},{"type":"to callee","from":{"name":"data","loc":{"line":4,"column":4},"id":12232945,"file":"D:\\WORK\\2021\\MPDF\\white_paper\\json\\dataset2.3wxapkg\\动图宇宙\\_431774825_38\\pages\\guide\\guide.js"},"to":{"name":"Page","loc":{"line":3,"column":0},"id":12232942,"file":"D:\\WORK\\2021\\MPDF\\white_paper\\json\\dataset2.3wxapkg\\动图宇宙\\_431774825_38\\pages\\guide\\guide.js"}}]}]}],"writeShadows":[{"shadowVar":{"declaredName":"__object__13.url","declaredLoc":{"line":14,"column":12},"file":"D:\\WORK\\2021\\MPDF\\white_paper\\json\\dataset2.3wxapkg\\动图宇宙\\_431774825_38\\pages\\guide\\guide.js"},"writeAccess":[]}]},{"propName":".text1","readShadows":[{"shadowVar":{"declaredName":"__object__13.text1","declaredLoc":{"line":15,"column":12},"file":"D:\\WORK\\2021\\MPDF\\white_paper\\json\\dataset2.3wxapkg\\动图宇宙\\_431774825_38\\pages\\guide\\guide.js"},"readAccess":[{"leftVar":[{"declaredName":"__object__4.list","declaredLoc":{"line":5,"column":8},"file":"D:\\WORK\\2021\\MPDF\\white_paper\\json\\dataset2.3wxapkg\\动图宇宙\\_431774825_38\\pages\\guide\\guide.js"},{"declaredName":"__object__3.data","declaredLoc":{"line":4,"column":4},"file":"D:\\WORK\\2021\\MPDF\\white_paper\\json\\dataset2.3wxapkg\\动图宇宙\\_431774825_38\\pages\\guide\\guide.js"}],"readFlow":[{"type":"assign to","from":{"name":"text1","loc":{"line":15,"column":12},"id":12232975,"file":"D:\\WORK\\2021\\MPDF\\white_paper\\json\\dataset2.3wxapkg\\动图宇宙\\_431774825_38\\pages\\guide\\guide.js"},"to":{"name":"list","loc":{"line":5,"column":8},"id":12232948,"file":"D:\\WORK\\2021\\MPDF\\white_paper\\json\\dataset2.3wxapkg\\动图宇宙\\_431774825_38\\pages\\guide\\guide.js"}},{"type":"assign to","from":{"name":"list","loc":{"line":5,"column":8},"id":12232948,"file":"D:\\WORK\\2021\\MPDF\\white_paper\\json\\dataset2.3wxapkg\\动图宇宙\\_431774825_38\\pages\\guide\\guide.js"},"to":{"name":"data","loc":{"line":4,"column":4},"id":12232945,"file":"D:\\WORK\\2021\\MPDF\\white_paper\\json\\dataset2.3wxapkg\\动图宇宙\\_431774825_38\\pages\\guide\\guide.js"}},{"type":"to callee","from":{"name":"list","loc":{"line":5,"column":8},"id":12232948,"file":"D:\\WORK\\2021\\MPDF\\white_paper\\json\\dataset2.3wxapkg\\动图宇宙\\_431774825_38\\pages\\guide\\guide.js"},"to":{"name":"Page","loc":{"line":3,"column":0},"id":12232942,"file":"D:\\WORK\\2021\\MPDF\\white_paper\\json\\dataset2.3wxapkg\\动图宇宙\\_431774825_38\\pages\\guide\\guide.js"}},{"type":"to callee","from":{"name":"data","loc":{"line":4,"column":4},"id":12232945,"file":"D:\\WORK\\2021\\MPDF\\white_paper\\json\\dataset2.3wxapkg\\动图宇宙\\_431774825_38\\pages\\guide\\guide.js"},"to":{"name":"Page","loc":{"line":3,"column":0},"id":12232942,"file":"D:\\WORK\\2021\\MPDF\\white_paper\\json\\dataset2.3wxapkg\\动图宇宙\\_431774825_38\\pages\\guide\\guide.js"}}]},{"leftVar":[{"declaredName":"__object__4.list","declaredLoc":{"line":5,"column":8},"file":"D:\\WORK\\2021\\MPDF\\white_paper\\json\\dataset2.3wxapkg\\动图宇宙\\_431774825_38\\pages\\guide\\guide.js"},{"declaredName":"__object__3.data","declaredLoc":{"line":4,"column":4},"file":"D:\\WORK\\2021\\MPDF\\white_paper\\json\\dataset2.3wxapkg\\动图宇宙\\_431774825_38\\pages\\guide\\guide.js"}],"readFlow":[{"type":"assign to","from":{"name":"text1","loc":{"line":15,"column":12},"id":12232975,"file":"D:\\WORK\\2021\\MPDF\\white_paper\\json\\dataset2.3wxapkg\\动图宇宙\\_431774825_38\\pages\\guide\\guide.js"},"to":{"name":"data","loc":{"line":4,"column":4},"id":12232945,"file":"D:\\WORK\\2021\\MPDF\\white_paper\\json\\dataset2.3wxapkg\\动图宇宙\\_431774825_38\\pages\\guide\\guide.js"}},{"type":"to callee","from":{"name":"data","loc":{"line":4,"column":4},"id":12232945,"file":"D:\\WORK\\2021\\MPDF\\white_paper\\json\\dataset2.3wxapkg\\动图宇宙\\_431774825_38\\pages\\guide\\guide.js"},"to":{"name":"Page","loc":{"line":3,"column":0},"id":12232942,"file":"D:\\WORK\\2021\\MPDF\\white_paper\\json\\dataset2.3wxapkg\\动图宇宙\\_431774825_38\\pages\\guide\\guide.js"}}]}]}],"writeShadows":[{"shadowVar":{"declaredName":"__object__13.text1","declaredLoc":{"line":15,"column":12},"file":"D:\\WORK\\2021\\MPDF\\white_paper\\json\\dataset2.3wxapkg\\动图宇宙\\_431774825_38\\pages\\guide\\guide.js"},"writeAccess":[]}]},{"propName":".text2","readShadows":[{"shadowVar":{"declaredName":"__object__13.text2","declaredLoc":{"line":16,"column":12},"file":"D:\\WORK\\2021\\MPDF\\white_paper\\json\\dataset2.3wxapkg\\动图宇宙\\_431774825_38\\pages\\guide\\guide.js"},"readAccess":[{"leftVar":[{"declaredName":"__object__4.list","declaredLoc":{"line":5,"column":8},"file":"D:\\WORK\\2021\\MPDF\\white_paper\\json\\dataset2.3wxapkg\\动图宇宙\\_431774825_38\\pages\\guide\\guide.js"},{"declaredName":"__object__3.data","declaredLoc":{"line":4,"column":4},"file":"D:\\WORK\\2021\\MPDF\\white_paper\\json\\dataset2.3wxapkg\\动图宇宙\\_431774825_38\\pages\\guide\\guide.js"}],"readFlow":[{"type":"assign to","from":{"name":"text2","loc":{"line":16,"column":12},"id":12232978,"file":"D:\\WORK\\2021\\MPDF\\white_paper\\json\\dataset2.3wxapkg\\动图宇宙\\_431774825_38\\pages\\guide\\guide.js"},"to":{"name":"list","loc":{"line":5,"column":8},"id":12232948,"file":"D:\\WORK\\2021\\MPDF\\white_paper\\json\\dataset2.3wxapkg\\动图宇宙\\_431774825_38\\pages\\guide\\guide.js"}},{"type":"assign to","from":{"name":"list","loc":{"line":5,"column":8},"id":12232948,"file":"D:\\WORK\\2021\\MPDF\\white_paper\\json\\dataset2.3wxapkg\\动图宇宙\\_431774825_38\\pages\\guide\\guide.js"},"to":{"name":"data","loc":{"line":4,"column":4},"id":12232945,"file":"D:\\WORK\\2021\\MPDF\\white_paper\\json\\dataset2.3wxapkg\\动图宇宙\\_431774825_38\\pages\\guide\\guide.js"}},{"type":"to callee","from":{"name":"list","loc":{"line":5,"column":8},"id":12232948,"file":"D:\\WORK\\2021\\MPDF\\white_paper\\json\\dataset2.3wxapkg\\动图宇宙\\_431774825_38\\pages\\guide\\guide.js"},"to":{"name":"Page","loc":{"line":3,"column":0},"id":12232942,"file":"D:\\WORK\\2021\\MPDF\\white_paper\\json\\dataset2.3wxapkg\\动图宇宙\\_431774825_38\\pages\\guide\\guide.js"}},{"type":"to callee","from":{"name":"data","loc":{"line":4,"column":4},"id":12232945,"file":"D:\\WORK\\2021\\MPDF\\white_paper\\json\\dataset2.3wxapkg\\动图宇宙\\_431774825_38\\pages\\guide\\guide.js"},"to":{"name":"Page","loc":{"line":3,"column":0},"id":12232942,"file":"D:\\WORK\\2021\\MPDF\\white_paper\\json\\dataset2.3wxapkg\\动图宇宙\\_431774825_38\\pages\\guide\\guide.js"}}]},{"leftVar":[{"declaredName":"__object__4.list","declaredLoc":{"line":5,"column":8},"file":"D:\\WORK\\2021\\MPDF\\white_paper\\json\\dataset2.3wxapkg\\动图宇宙\\_431774825_38\\pages\\guide\\guide.js"},{"declaredName":"__object__3.data","declaredLoc":{"line":4,"column":4},"file":"D:\\WORK\\2021\\MPDF\\white_paper\\json\\dataset2.3wxapkg\\动图宇宙\\_431774825_38\\pages\\guide\\guide.js"}],"readFlow":[{"type":"assign to","from":{"name":"text2","loc":{"line":16,"column":12},"id":12232978,"file":"D:\\WORK\\2021\\MPDF\\white_paper\\json\\dataset2.3wxapkg\\动图宇宙\\_431774825_38\\pages\\guide\\guide.js"},"to":{"name":"data","loc":{"line":4,"column":4},"id":12232945,"file":"D:\\WORK\\2021\\MPDF\\white_paper\\json\\dataset2.3wxapkg\\动图宇宙\\_431774825_38\\pages\\guide\\guide.js"}},{"type":"to callee","from":{"name":"data","loc":{"line":4,"column":4},"id":12232945,"file":"D:\\WORK\\2021\\MPDF\\white_paper\\json\\dataset2.3wxapkg\\动图宇宙\\_431774825_38\\pages\\guide\\guide.js"},"to":{"name":"Page","loc":{"line":3,"column":0},"id":12232942,"file":"D:\\WORK\\2021\\MPDF\\white_paper\\json\\dataset2.3wxapkg\\动图宇宙\\_431774825_38\\pages\\guide\\guide.js"}}]}]}],"writeShadows":[{"shadowVar":{"declaredName":"__object__13.text2","declaredLoc":{"line":16,"column":12},"file":"D:\\WORK\\2021\\MPDF\\white_paper\\json\\dataset2.3wxapkg\\动图宇宙\\_431774825_38\\pages\\guide\\guide.js"},"writeAccess":[]}]}]},{"shadowObjectVar":"__object__17","dynamicDefinedProps":[{"propName":".url","readShadows":[{"shadowVar":{"declaredName":"__object__17.url","declaredLoc":{"line":18,"column":12},"file":"D:\\WORK\\2021\\MPDF\\white_paper\\json\\dataset2.3wxapkg\\动图宇宙\\_431774825_38\\pages\\guide\\guide.js"},"readAccess":[{"leftVar":[{"declaredName":"__object__4.list","declaredLoc":{"line":5,"column":8},"file":"D:\\WORK\\2021\\MPDF\\white_paper\\json\\dataset2.3wxapkg\\动图宇宙\\_431774825_38\\pages\\guide\\guide.js"},{"declaredName":"__object__3.data","declaredLoc":{"line":4,"column":4},"file":"D:\\WORK\\2021\\MPDF\\white_paper\\json\\dataset2.3wxapkg\\动图宇宙\\_431774825_38\\pages\\guide\\guide.js"}],"readFlow":[{"type":"assign to","from":{"name":"url","loc":{"line":18,"column":12},"id":12232982,"file":"D:\\WORK\\2021\\MPDF\\white_paper\\json\\dataset2.3wxapkg\\动图宇宙\\_431774825_38\\pages\\guide\\guide.js"},"to":{"name":"list","loc":{"line":5,"column":8},"id":12232948,"file":"D:\\WORK\\2021\\MPDF\\white_paper\\json\\dataset2.3wxapkg\\动图宇宙\\_431774825_38\\pages\\guide\\guide.js"}},{"type":"assign to","from":{"name":"list","loc":{"line":5,"column":8},"id":12232948,"file":"D:\\WORK\\2021\\MPDF\\white_paper\\json\\dataset2.3wxapkg\\动图宇宙\\_431774825_38\\pages\\guide\\guide.js"},"to":{"name":"data","loc":{"line":4,"column":4},"id":12232945,"file":"D:\\WORK\\2021\\MPDF\\white_paper\\json\\dataset2.3wxapkg\\动图宇宙\\_431774825_38\\pages\\guide\\guide.js"}},{"type":"to callee","from":{"name":"list","loc":{"line":5,"column":8},"id":12232948,"file":"D:\\WORK\\2021\\MPDF\\white_paper\\json\\dataset2.3wxapkg\\动图宇宙\\_431774825_38\\pages\\guide\\guide.js"},"to":{"name":"Page","loc":{"line":3,"column":0},"id":12232942,"file":"D:\\WORK\\2021\\MPDF\\white_paper\\json\\dataset2.3wxapkg\\动图宇宙\\_431774825_38\\pages\\guide\\guide.js"}},{"type":"to callee","from":{"name":"data","loc":{"line":4,"column":4},"id":12232945,"file":"D:\\WORK\\2021\\MPDF\\white_paper\\json\\dataset2.3wxapkg\\动图宇宙\\_431774825_38\\pages\\guide\\guide.js"},"to":{"name":"Page","loc":{"line":3,"column":0},"id":12232942,"file":"D:\\WORK\\2021\\MPDF\\white_paper\\json\\dataset2.3wxapkg\\动图宇宙\\_431774825_38\\pages\\guide\\guide.js"}}]},{"leftVar":[{"declaredName":"__object__4.list","declaredLoc":{"line":5,"column":8},"file":"D:\\WORK\\2021\\MPDF\\white_paper\\json\\dataset2.3wxapkg\\动图宇宙\\_431774825_38\\pages\\guide\\guide.js"},{"declaredName":"__object__3.data","declaredLoc":{"line":4,"column":4},"file":"D:\\WORK\\2021\\MPDF\\white_paper\\json\\dataset2.3wxapkg\\动图宇宙\\_431774825_38\\pages\\guide\\guide.js"}],"readFlow":[{"type":"assign to","from":{"name":"url","loc":{"line":18,"column":12},"id":12232982,"file":"D:\\WORK\\2021\\MPDF\\white_paper\\json\\dataset2.3wxapkg\\动图宇宙\\_431774825_38\\pages\\guide\\guide.js"},"to":{"name":"data","loc":{"line":4,"column":4},"id":12232945,"file":"D:\\WORK\\2021\\MPDF\\white_paper\\json\\dataset2.3wxapkg\\动图宇宙\\_431774825_38\\pages\\guide\\guide.js"}},{"type":"to callee","from":{"name":"data","loc":{"line":4,"column":4},"id":12232945,"file":"D:\\WORK\\2021\\MPDF\\white_paper\\json\\dataset2.3wxapkg\\动图宇宙\\_431774825_38\\pages\\guide\\guide.js"},"to":{"name":"Page","loc":{"line":3,"column":0},"id":12232942,"file":"D:\\WORK\\2021\\MPDF\\white_paper\\json\\dataset2.3wxapkg\\动图宇宙\\_431774825_38\\pages\\guide\\guide.js"}}]}]}],"writeShadows":[{"shadowVar":{"declaredName":"__object__17.url","declaredLoc":{"line":18,"column":12},"file":"D:\\WORK\\2021\\MPDF\\white_paper\\json\\dataset2.3wxapkg\\动图宇宙\\_431774825_38\\pages\\guide\\guide.js"},"writeAccess":[]}]},{"propName":".text1","readShadows":[{"shadowVar":{"declaredName":"__object__17.text1","declaredLoc":{"line":19,"column":12},"file":"D:\\WORK\\2021\\MPDF\\white_paper\\json\\dataset2.3wxapkg\\动图宇宙\\_431774825_38\\pages\\guide\\guide.js"},"readAccess":[{"leftVar":[{"declaredName":"__object__4.list","declaredLoc":{"line":5,"column":8},"file":"D:\\WORK\\2021\\MPDF\\white_paper\\json\\dataset2.3wxapkg\\动图宇宙\\_431774825_38\\pages\\guide\\guide.js"},{"declaredName":"__object__3.data","declaredLoc":{"line":4,"column":4},"file":"D:\\WORK\\2021\\MPDF\\white_paper\\json\\dataset2.3wxapkg\\动图宇宙\\_431774825_38\\pages\\guide\\guide.js"}],"readFlow":[{"type":"assign to","from":{"name":"text1","loc":{"line":19,"column":12},"id":12232985,"file":"D:\\WORK\\2021\\MPDF\\white_paper\\json\\dataset2.3wxapkg\\动图宇宙\\_431774825_38\\pages\\guide\\guide.js"},"to":{"name":"list","loc":{"line":5,"column":8},"id":12232948,"file":"D:\\WORK\\2021\\MPDF\\white_paper\\json\\dataset2.3wxapkg\\动图宇宙\\_431774825_38\\pages\\guide\\guide.js"}},{"type":"assign to","from":{"name":"list","loc":{"line":5,"column":8},"id":12232948,"file":"D:\\WORK\\2021\\MPDF\\white_paper\\json\\dataset2.3wxapkg\\动图宇宙\\_431774825_38\\pages\\guide\\guide.js"},"to":{"name":"data","loc":{"line":4,"column":4},"id":12232945,"file":"D:\\WORK\\2021\\MPDF\\white_paper\\json\\dataset2.3wxapkg\\动图宇宙\\_431774825_38\\pages\\guide\\guide.js"}},{"type":"to callee","from":{"name":"list","loc":{"line":5,"column":8},"id":12232948,"file":"D:\\WORK\\2021\\MPDF\\white_paper\\json\\dataset2.3wxapkg\\动图宇宙\\_431774825_38\\pages\\guide\\guide.js"},"to":{"name":"Page","loc":{"line":3,"column":0},"id":12232942,"file":"D:\\WORK\\2021\\MPDF\\white_paper\\json\\dataset2.3wxapkg\\动图宇宙\\_431774825_38\\pages\\guide\\guide.js"}},{"type":"to callee","from":{"name":"data","loc":{"line":4,"column":4},"id":12232945,"file":"D:\\WORK\\2021\\MPDF\\white_paper\\json\\dataset2.3wxapkg\\动图宇宙\\_431774825_38\\pages\\guide\\guide.js"},"to":{"name":"Page","loc":{"line":3,"column":0},"id":12232942,"file":"D:\\WORK\\2021\\MPDF\\white_paper\\json\\dataset2.3wxapkg\\动图宇宙\\_431774825_38\\pages\\guide\\guide.js"}}]},{"leftVar":[{"declaredName":"__object__4.list","declaredLoc":{"line":5,"column":8},"file":"D:\\WORK\\2021\\MPDF\\white_paper\\json\\dataset2.3wxapkg\\动图宇宙\\_431774825_38\\pages\\guide\\guide.js"},{"declaredName":"__object__3.data","declaredLoc":{"line":4,"column":4},"file":"D:\\WORK\\2021\\MPDF\\white_paper\\json\\dataset2.3wxapkg\\动图宇宙\\_431774825_38\\pages\\guide\\guide.js"}],"readFlow":[{"type":"assign to","from":{"name":"text1","loc":{"line":19,"column":12},"id":12232985,"file":"D:\\WORK\\2021\\MPDF\\white_paper\\json\\dataset2.3wxapkg\\动图宇宙\\_431774825_38\\pages\\guide\\guide.js"},"to":{"name":"data","loc":{"line":4,"column":4},"id":12232945,"file":"D:\\WORK\\2021\\MPDF\\white_paper\\json\\dataset2.3wxapkg\\动图宇宙\\_431774825_38\\pages\\guide\\guide.js"}},{"type":"to callee","from":{"name":"data","loc":{"line":4,"column":4},"id":12232945,"file":"D:\\WORK\\2021\\MPDF\\white_paper\\json\\dataset2.3wxapkg\\动图宇宙\\_431774825_38\\pages\\guide\\guide.js"},"to":{"name":"Page","loc":{"line":3,"column":0},"id":12232942,"file":"D:\\WORK\\2021\\MPDF\\white_paper\\json\\dataset2.3wxapkg\\动图宇宙\\_431774825_38\\pages\\guide\\guide.js"}}]}]}],"writeShadows":[{"shadowVar":{"declaredName":"__object__17.text1","declaredLoc":{"line":19,"column":12},"file":"D:\\WORK\\2021\\MPDF\\white_paper\\json\\dataset2.3wxapkg\\动图宇宙\\_431774825_38\\pages\\guide\\guide.js"},"writeAccess":[]}]},{"propName":".text2","readShadows":[{"shadowVar":{"declaredName":"__object__17.text2","declaredLoc":{"line":20,"column":12},"file":"D:\\WORK\\2021\\MPDF\\white_paper\\json\\dataset2.3wxapkg\\动图宇宙\\_431774825_38\\pages\\guide\\guide.js"},"readAccess":[{"leftVar":[{"declaredName":"__object__4.list","declaredLoc":{"line":5,"column":8},"file":"D:\\WORK\\2021\\MPDF\\white_paper\\json\\dataset2.3wxapkg\\动图宇宙\\_431774825_38\\pages\\guide\\guide.js"},{"declaredName":"__object__3.data","declaredLoc":{"line":4,"column":4},"file":"D:\\WORK\\2021\\MPDF\\white_paper\\json\\dataset2.3wxapkg\\动图宇宙\\_431774825_38\\pages\\guide\\guide.js"}],"readFlow":[{"type":"assign to","from":{"name":"text2","loc":{"line":20,"column":12},"id":12232988,"file":"D:\\WORK\\2021\\MPDF\\white_paper\\json\\dataset2.3wxapkg\\动图宇宙\\_431774825_38\\pages\\guide\\guide.js"},"to":{"name":"list","loc":{"line":5,"column":8},"id":12232948,"file":"D:\\WORK\\2021\\MPDF\\white_paper\\json\\dataset2.3wxapkg\\动图宇宙\\_431774825_38\\pages\\guide\\guide.js"}},{"type":"assign to","from":{"name":"list","loc":{"line":5,"column":8},"id":12232948,"file":"D:\\WORK\\2021\\MPDF\\white_paper\\json\\dataset2.3wxapkg\\动图宇宙\\_431774825_38\\pages\\guide\\guide.js"},"to":{"name":"data","loc":{"line":4,"column":4},"id":12232945,"file":"D:\\WORK\\2021\\MPDF\\white_paper\\json\\dataset2.3wxapkg\\动图宇宙\\_431774825_38\\pages\\guide\\guide.js"}},{"type":"to callee","from":{"name":"list","loc":{"line":5,"column":8},"id":12232948,"file":"D:\\WORK\\2021\\MPDF\\white_paper\\json\\dataset2.3wxapkg\\动图宇宙\\_431774825_38\\pages\\guide\\guide.js"},"to":{"name":"Page","loc":{"line":3,"column":0},"id":12232942,"file":"D:\\WORK\\2021\\MPDF\\white_paper\\json\\dataset2.3wxapkg\\动图宇宙\\_431774825_38\\pages\\guide\\guide.js"}},{"type":"to callee","from":{"name":"data","loc":{"line":4,"column":4},"id":12232945,"file":"D:\\WORK\\2021\\MPDF\\white_paper\\json\\dataset2.3wxapkg\\动图宇宙\\_431774825_38\\pages\\guide\\guide.js"},"to":{"name":"Page","loc":{"line":3,"column":0},"id":12232942,"file":"D:\\WORK\\2021\\MPDF\\white_paper\\json\\dataset2.3wxapkg\\动图宇宙\\_431774825_38\\pages\\guide\\guide.js"}}]},{"leftVar":[{"declaredName":"__object__4.list","declaredLoc":{"line":5,"column":8},"file":"D:\\WORK\\2021\\MPDF\\white_paper\\json\\dataset2.3wxapkg\\动图宇宙\\_431774825_38\\pages\\guide\\guide.js"},{"declaredName":"__object__3.data","declaredLoc":{"line":4,"column":4},"file":"D:\\WORK\\2021\\MPDF\\white_paper\\json\\dataset2.3wxapkg\\动图宇宙\\_431774825_38\\pages\\guide\\guide.js"}],"readFlow":[{"type":"assign to","from":{"name":"text2","loc":{"line":20,"column":12},"id":12232988,"file":"D:\\WORK\\2021\\MPDF\\white_paper\\json\\dataset2.3wxapkg\\动图宇宙\\_431774825_38\\pages\\guide\\guide.js"},"to":{"name":"data","loc":{"line":4,"column":4},"id":12232945,"file":"D:\\WORK\\2021\\MPDF\\white_paper\\json\\dataset2.3wxapkg\\动图宇宙\\_431774825_38\\pages\\guide\\guide.js"}},{"type":"to callee","from":{"name":"data","loc":{"line":4,"column":4},"id":12232945,"file":"D:\\WORK\\2021\\MPDF\\white_paper\\json\\dataset2.3wxapkg\\动图宇宙\\_431774825_38\\pages\\guide\\guide.js"},"to":{"name":"Page","loc":{"line":3,"column":0},"id":12232942,"file":"D:\\WORK\\2021\\MPDF\\white_paper\\json\\dataset2.3wxapkg\\动图宇宙\\_431774825_38\\pages\\guide\\guide.js"}}]}]}],"writeShadows":[{"shadowVar":{"declaredName":"__object__17.text2","declaredLoc":{"line":20,"column":12},"file":"D:\\WORK\\2021\\MPDF\\white_paper\\json\\dataset2.3wxapkg\\动图宇宙\\_431774825_38\\pages\\guide\\guide.js"},"writeAccess":[]}]}]}]}