[{"id": 0, "type": "[document]", "string": null, "attribute": {}, "referenceVariable": [], "referenceFunction": [], "style": [], "inheritClass": null, "wxss": [], "page": null, "path": "D:\\WORK\\2021\\MPDF\\baseline\\ui\\得到\\give.wxml", "child": [1], "parent": null, "matchString": [{"type": "relation", "string": "lazy-load"}, {"type": "relation", "string": "{{details.product_name}}"}, {"type": "relation", "string": "{{details.intro}}"}, {"type": "relation", "string": "{{isCourse?details.price_desc:'¥'+details.price}}"}, {"type": "relation", "string": "none"}, {"type": "relation", "string": "{{details.share_msg}}"}, {"type": "relation", "string": "得到App"}, {"type": "relation", "string": "{{details.name}}"}, {"type": "relation", "string": ""}, {"type": "relation", "string": "领取"}, {"type": "relation", "string": "getPhoneNumber"}, {"type": "relation", "string": "未注册得到的手机号将为你自动注册"}, {"type": "relation", "string": "晚了一步"}, {"type": "relation", "string": "{{details.total_count}}份礼物已被他人领取"}, {"type": "relation", "string": "礼物收到啦"}, {"type": "relation", "string": "已放入得到账号「{{phoneNum}}」中"}, {"type": "relation", "string": "使用说明"}, {"type": "relation", "string": "1"}, {"type": "relation", "string": "{{phoneNum}}"}, {"type": "relation", "string": "登录得到App"}, {"type": "relation", "string": "2"}, {"type": "relation", "string": "已购"}, {"type": "relation", "string": "3"}, {"type": "relation", "string": "点击发现-电子书/听书/锦囊，即可使用会员权益"}, {"type": "relation", "string": "礼品已过期"}, {"type": "relation", "string": "共{{details.total_count}}份，暂未被领取"}, {"type": "relation", "string": "共{{details.total_count}}份，{{details.received_counts===details.total_count?'已领完':'已领取'+details.received_counts+'份'}}"}, {"type": "relation", "string": "领取有效期至：{{details.expire_date}}"}, {"type": "relation", "string": "{{item.receive_user_name}}"}, {"type": "relation", "string": "{{item.receive_time}}"}, {"type": "relation", "string": "欢迎来得到App和我做同学"}, {"type": "relation", "string": "未安装得到APP，请前往应用商店下载。"}, {"type": "relation", "string": "返回"}, {"type": "relation", "string": "{{$error$error.errorText}}"}]}, {"id": 1, "type": "view", "string": null, "attribute": {"class": ["pages", "flex-col"]}, "referenceVariable": [], "referenceFunction": [], "style": [], "inheritClass": null, "wxss": [], "page": null, "path": "D:\\WORK\\2021\\MPDF\\baseline\\ui\\得到\\give.wxml", "child": [2, 89, 96, 101], "parent": 0, "matchString": [{"type": "relation", "string": "lazy-load"}, {"type": "relation", "string": "{{details.product_name}}"}, {"type": "relation", "string": "{{details.intro}}"}, {"type": "relation", "string": "{{isCourse?details.price_desc:'¥'+details.price}}"}, {"type": "relation", "string": "none"}, {"type": "relation", "string": "{{details.share_msg}}"}, {"type": "relation", "string": "得到App"}, {"type": "relation", "string": "{{details.name}}"}, {"type": "relation", "string": ""}, {"type": "relation", "string": "领取"}, {"type": "relation", "string": "getPhoneNumber"}, {"type": "relation", "string": "未注册得到的手机号将为你自动注册"}, {"type": "relation", "string": "晚了一步"}, {"type": "relation", "string": "{{details.total_count}}份礼物已被他人领取"}, {"type": "relation", "string": "礼物收到啦"}, {"type": "relation", "string": "已放入得到账号「{{phoneNum}}」中"}, {"type": "relation", "string": "使用说明"}, {"type": "relation", "string": "1"}, {"type": "relation", "string": "{{phoneNum}}"}, {"type": "relation", "string": "登录得到App"}, {"type": "relation", "string": "2"}, {"type": "relation", "string": "已购"}, {"type": "relation", "string": "3"}, {"type": "relation", "string": "点击发现-电子书/听书/锦囊，即可使用会员权益"}, {"type": "relation", "string": "礼品已过期"}, {"type": "relation", "string": "共{{details.total_count}}份，暂未被领取"}, {"type": "relation", "string": "共{{details.total_count}}份，{{details.received_counts===details.total_count?'已领完':'已领取'+details.received_counts+'份'}}"}, {"type": "relation", "string": "领取有效期至：{{details.expire_date}}"}, {"type": "relation", "string": "{{item.receive_user_name}}"}, {"type": "relation", "string": "{{item.receive_time}}"}, {"type": "relation", "string": "欢迎来得到App和我做同学"}, {"type": "relation", "string": "未安装得到APP，请前往应用商店下载。"}, {"type": "relation", "string": "返回"}, {"type": "relation", "string": "{{$error$error.errorText}}"}]}, {"id": 2, "type": "view", "string": null, "attribute": {"class": ["main", "flex1", "{{status==='1'?'havebg':''}}"], "wx:if": "{{status&&details}}"}, "referenceVariable": ["status==='1'?'havebg':''", "status&&details"], "referenceFunction": [], "style": [], "inheritClass": null, "wxss": [], "page": null, "path": "D:\\WORK\\2021\\MPDF\\baseline\\ui\\得到\\give.wxml", "child": [3, 26, 39, 66, 78], "parent": 1, "matchString": [{"type": "relation", "string": "lazy-load"}, {"type": "relation", "string": "{{details.product_name}}"}, {"type": "relation", "string": "{{details.intro}}"}, {"type": "relation", "string": "{{isCourse?details.price_desc:'¥'+details.price}}"}, {"type": "relation", "string": "none"}, {"type": "relation", "string": "{{details.share_msg}}"}, {"type": "relation", "string": "得到App"}, {"type": "relation", "string": "{{details.name}}"}, {"type": "relation", "string": ""}, {"type": "relation", "string": "领取"}, {"type": "relation", "string": "getPhoneNumber"}, {"type": "relation", "string": "未注册得到的手机号将为你自动注册"}, {"type": "relation", "string": "晚了一步"}, {"type": "relation", "string": "{{details.total_count}}份礼物已被他人领取"}, {"type": "relation", "string": "礼物收到啦"}, {"type": "relation", "string": "已放入得到账号「{{phoneNum}}」中"}, {"type": "relation", "string": "使用说明"}, {"type": "relation", "string": "1"}, {"type": "relation", "string": "{{phoneNum}}"}, {"type": "relation", "string": "登录得到App"}, {"type": "relation", "string": "2"}, {"type": "relation", "string": "已购"}, {"type": "relation", "string": "3"}, {"type": "relation", "string": "点击发现-电子书/听书/锦囊，即可使用会员权益"}, {"type": "relation", "string": "礼品已过期"}, {"type": "relation", "string": "共{{details.total_count}}份，暂未被领取"}, {"type": "relation", "string": "共{{details.total_count}}份，{{details.received_counts===details.total_count?'已领完':'已领取'+details.received_counts+'份'}}"}, {"type": "relation", "string": "领取有效期至：{{details.expire_date}}"}, {"type": "relation", "string": "{{item.receive_user_name}}"}, {"type": "relation", "string": "{{item.receive_time}}"}]}, {"id": 3, "type": "view", "string": null, "attribute": {"wx:if": "{{status==='1'}}"}, "referenceVariable": ["status==='1'"], "referenceFunction": [], "style": [], "inheritClass": null, "wxss": [], "page": null, "path": "D:\\WORK\\2021\\MPDF\\baseline\\ui\\得到\\give.wxml", "child": [4, 21], "parent": 2, "matchString": [{"type": "relation", "string": "lazy-load"}, {"type": "relation", "string": "{{details.product_name}}"}, {"type": "relation", "string": "{{details.intro}}"}, {"type": "relation", "string": "{{isCourse?details.price_desc:'¥'+details.price}}"}, {"type": "relation", "string": "none"}, {"type": "relation", "string": "{{details.share_msg}}"}, {"type": "relation", "string": "得到App"}, {"type": "relation", "string": "{{details.name}}"}, {"type": "relation", "string": ""}, {"type": "relation", "string": "领取"}, {"type": "relation", "string": "getPhoneNumber"}, {"type": "relation", "string": "未注册得到的手机号将为你自动注册"}]}, {"id": 4, "type": "view", "string": null, "attribute": {"class": ["details"]}, "referenceVariable": [], "referenceFunction": [], "style": [], "inheritClass": null, "wxss": [], "page": null, "path": "D:\\WORK\\2021\\MPDF\\baseline\\ui\\得到\\give.wxml", "child": [5], "parent": 3, "matchString": [{"type": "relation", "string": "lazy-load"}, {"type": "relation", "string": "{{details.product_name}}"}, {"type": "relation", "string": "{{details.intro}}"}, {"type": "relation", "string": "{{isCourse?details.price_desc:'¥'+details.price}}"}, {"type": "relation", "string": "none"}, {"type": "relation", "string": "{{details.share_msg}}"}, {"type": "relation", "string": "得到App"}, {"type": "relation", "string": "{{details.name}}"}]}, {"id": 5, "type": "view", "string": null, "attribute": {"class": ["orange_border", "flex-col"]}, "referenceVariable": [], "referenceFunction": [], "style": [], "inheritClass": null, "wxss": [], "page": null, "path": "D:\\WORK\\2021\\MPDF\\baseline\\ui\\得到\\give.wxml", "child": [6, 16, 18], "parent": 4, "matchString": [{"type": "relation", "string": "lazy-load"}, {"type": "relation", "string": "{{details.product_name}}"}, {"type": "relation", "string": "{{details.intro}}"}, {"type": "relation", "string": "{{isCourse?details.price_desc:'¥'+details.price}}"}, {"type": "relation", "string": "none"}, {"type": "relation", "string": "{{details.share_msg}}"}, {"type": "relation", "string": "得到App"}, {"type": "relation", "string": "{{details.name}}"}]}, {"id": 6, "type": "view", "string": null, "attribute": {"bindtap": "courseDetail", "class": ["card"]}, "referenceVariable": [], "referenceFunction": ["courseDetail"], "style": [], "inheritClass": null, "wxss": [], "page": null, "path": "D:\\WORK\\2021\\MPDF\\baseline\\ui\\得到\\give.wxml", "child": [7, 9, 30, 32, 69, 71], "parent": 5, "matchString": [{"type": "relation", "string": "lazy-load"}, {"type": "relation", "string": "{{details.product_name}}"}, {"type": "relation", "string": "{{details.intro}}"}, {"type": "relation", "string": "{{isCourse?details.price_desc:'¥'+details.price}}"}, {"type": "relation", "string": "none"}]}, {"id": 7, "type": "view", "string": null, "attribute": {"class": ["cardimg"]}, "referenceVariable": [], "referenceFunction": [], "style": [], "inheritClass": null, "wxss": [], "page": null, "path": "D:\\WORK\\2021\\MPDF\\baseline\\ui\\得到\\give.wxml", "child": [8, 31, 70], "parent": 6, "matchString": [{"type": "relation", "string": "lazy-load"}]}, {"id": 8, "type": "image", "string": null, "attribute": {"lazyload": "lazy-load", "mode": "scaleToFill", "src": "{{details.product_img}}"}, "referenceVariable": ["details.product_img"], "referenceFunction": [], "style": [], "inheritClass": null, "wxss": [], "page": null, "path": "D:\\WORK\\2021\\MPDF\\baseline\\ui\\得到\\give.wxml", "child": [], "parent": 7, "matchString": [{"type": "attr", "string": "lazy-load"}]}, {"id": 9, "type": "view", "string": null, "attribute": {"class": ["cardinfo", "flex-col"]}, "referenceVariable": [], "referenceFunction": [], "style": [], "inheritClass": null, "wxss": [], "page": null, "path": "D:\\WORK\\2021\\MPDF\\baseline\\ui\\得到\\give.wxml", "child": [10, 11, 12, 33, 34, 35, 72, 73, 74], "parent": 6, "matchString": [{"type": "relation", "string": "{{details.product_name}}"}, {"type": "relation", "string": "{{details.intro}}"}, {"type": "relation", "string": "{{isCourse?details.price_desc:'¥'+details.price}}"}, {"type": "relation", "string": "none"}]}, {"id": 10, "type": "view", "string": "{{details.product_name}}", "attribute": {"class": ["name"]}, "referenceVariable": [], "referenceFunction": [], "style": [], "inheritClass": null, "wxss": [], "page": null, "path": "D:\\WORK\\2021\\MPDF\\baseline\\ui\\得到\\give.wxml", "child": [], "parent": 9, "matchString": [{"type": "self", "string": "{{details.product_name}}"}]}, {"id": 11, "type": "view", "string": "{{details.intro}}", "attribute": {"class": ["intro"]}, "referenceVariable": [], "referenceFunction": [], "style": [], "inheritClass": null, "wxss": [], "page": null, "path": "D:\\WORK\\2021\\MPDF\\baseline\\ui\\得到\\give.wxml", "child": [], "parent": 9, "matchString": [{"type": "self", "string": "{{details.intro}}"}]}, {"id": 12, "type": "view", "string": null, "attribute": {"class": ["price", "flex"]}, "referenceVariable": [], "referenceFunction": [], "style": [], "inheritClass": null, "wxss": [], "page": null, "path": "D:\\WORK\\2021\\MPDF\\baseline\\ui\\得到\\give.wxml", "child": [13, 14, 36, 37, 75, 76], "parent": 9, "matchString": [{"type": "relation", "string": "{{isCourse?details.price_desc:'¥'+details.price}}"}, {"type": "relation", "string": "none"}]}, {"id": 13, "type": "view", "string": "{{isCourse?details.price_desc:'¥'+details.price}}", "attribute": {"class": ["num"]}, "referenceVariable": [], "referenceFunction": [], "style": [], "inheritClass": null, "wxss": [], "page": null, "path": "D:\\WORK\\2021\\MPDF\\baseline\\ui\\得到\\give.wxml", "child": [], "parent": 12, "matchString": [{"type": "self", "string": "{{isCourse?details.price_desc:'¥'+details.price}}"}]}, {"id": 14, "type": "view", "string": null, "attribute": {"class": ["todetail", "flex"], "hoverclass": "none", "wx:if": "{{isCourse}}"}, "referenceVariable": ["isCourse"], "referenceFunction": [], "style": [], "inheritClass": null, "wxss": [], "page": null, "path": "D:\\WORK\\2021\\MPDF\\baseline\\ui\\得到\\give.wxml", "child": [15, 38, 77], "parent": 12, "matchString": [{"type": "attr", "string": "none"}]}, {"id": 15, "type": "i", "string": null, "attribute": {"class": ["iconfont", "icon-youjiantou"]}, "referenceVariable": [], "referenceFunction": [], "style": [], "inheritClass": null, "wxss": [], "page": null, "path": "D:\\WORK\\2021\\MPDF\\baseline\\ui\\得到\\give.wxml", "child": [], "parent": 14, "matchString": []}, {"id": 16, "type": "view", "string": null, "attribute": {"class": ["sharetitle"]}, "referenceVariable": [], "referenceFunction": [], "style": [], "inheritClass": null, "wxss": [], "page": null, "path": "D:\\WORK\\2021\\MPDF\\baseline\\ui\\得到\\give.wxml", "child": [17], "parent": 5, "matchString": [{"type": "relation", "string": "{{details.share_msg}}"}]}, {"id": 17, "type": "text", "string": "{{details.share_msg}}", "attribute": {}, "referenceVariable": [], "referenceFunction": [], "style": [], "inheritClass": null, "wxss": [], "page": null, "path": "D:\\WORK\\2021\\MPDF\\baseline\\ui\\得到\\give.wxml", "child": [], "parent": 16, "matchString": [{"type": "self", "string": "{{details.share_msg}}"}]}, {"id": 18, "type": "view", "string": null, "attribute": {"class": ["icons", "flex"]}, "referenceVariable": [], "referenceFunction": [], "style": [], "inheritClass": null, "wxss": [], "page": null, "path": "D:\\WORK\\2021\\MPDF\\baseline\\ui\\得到\\give.wxml", "child": [19, 20], "parent": 5, "matchString": [{"type": "relation", "string": "得到App"}, {"type": "relation", "string": "{{details.name}}"}]}, {"id": 19, "type": "view", "string": "得到App", "attribute": {"class": ["logo", "flex"]}, "referenceVariable": [], "referenceFunction": [], "style": [], "inheritClass": null, "wxss": [], "page": null, "path": "D:\\WORK\\2021\\MPDF\\baseline\\ui\\得到\\give.wxml", "child": [], "parent": 18, "matchString": [{"type": "self", "string": "得到App"}]}, {"id": 20, "type": "view", "string": "{{details.name}}", "attribute": {"class": ["nickname", "flex"]}, "referenceVariable": [], "referenceFunction": [], "style": [], "inheritClass": null, "wxss": [], "page": null, "path": "D:\\WORK\\2021\\MPDF\\baseline\\ui\\得到\\give.wxml", "child": [], "parent": 18, "matchString": [{"type": "self", "string": "{{details.name}}"}]}, {"id": 21, "type": "view", "string": null, "attribute": {"class": ["account"]}, "referenceVariable": [], "referenceFunction": [], "style": [], "inheritClass": null, "wxss": [], "page": null, "path": "D:\\WORK\\2021\\MPDF\\baseline\\ui\\得到\\give.wxml", "child": [22], "parent": 3, "matchString": [{"type": "relation", "string": ""}, {"type": "relation", "string": "领取"}, {"type": "relation", "string": "getPhoneNumber"}, {"type": "relation", "string": "未注册得到的手机号将为你自动注册"}]}, {"id": 22, "type": "form", "string": null, "attribute": {"reportsubmit": "", "bindsubmit": "bindsubmit"}, "referenceVariable": [], "referenceFunction": ["bindsubmit"], "style": [], "inheritClass": null, "wxss": [], "page": null, "path": "D:\\WORK\\2021\\MPDF\\baseline\\ui\\得到\\give.wxml", "child": [23, 25], "parent": 21, "matchString": [{"type": "attr", "string": ""}, {"type": "relation", "string": "领取"}, {"type": "relation", "string": "getPhoneNumber"}, {"type": "relation", "string": "未注册得到的手机号将为你自动注册"}]}, {"id": 23, "type": "view", "string": null, "attribute": {"class": ["submit_warp", "subAnimation"]}, "referenceVariable": [], "referenceFunction": [], "style": [], "inheritClass": null, "wxss": [], "page": null, "path": "D:\\WORK\\2021\\MPDF\\baseline\\ui\\得到\\give.wxml", "child": [24], "parent": 22, "matchString": [{"type": "relation", "string": "领取"}, {"type": "relation", "string": "getPhoneNumber"}]}, {"id": 24, "type": "button", "string": "领取", "attribute": {"bindgetphonenumber": "onGetPhoneNumber", "class": ["getproduct", "flex", "{{phoneNum?'havephone':''}}", "{{issubmit?'animation':''}}"], "opentype": "getPhoneNumber", "type": "primary"}, "referenceVariable": ["phoneNum?'havephone':''", "issubmit?'animation':''"], "referenceFunction": ["onGetPhoneNumber"], "style": [], "inheritClass": null, "wxss": [], "page": null, "path": "D:\\WORK\\2021\\MPDF\\baseline\\ui\\得到\\give.wxml", "child": [], "parent": 23, "matchString": [{"type": "self", "string": "领取"}, {"type": "attr", "string": "getPhoneNumber"}]}, {"id": 25, "type": "view", "string": "未注册得到的手机号将为你自动注册", "attribute": {"class": ["tips", "textAnimation"]}, "referenceVariable": [], "referenceFunction": [], "style": [], "inheritClass": null, "wxss": [], "page": null, "path": "D:\\WORK\\2021\\MPDF\\baseline\\ui\\得到\\give.wxml", "child": [], "parent": 22, "matchString": [{"type": "self", "string": "未注册得到的手机号将为你自动注册"}]}, {"id": 26, "type": "view", "string": null, "attribute": {"class": ["islater", "flex-col"], "wx:if": "{{status==='3'}}"}, "referenceVariable": ["status==='3'"], "referenceFunction": [], "style": [], "inheritClass": null, "wxss": [], "page": null, "path": "D:\\WORK\\2021\\MPDF\\baseline\\ui\\得到\\give.wxml", "child": [27, 28, 29], "parent": 2, "matchString": [{"type": "relation", "string": "晚了一步"}, {"type": "relation", "string": "{{details.total_count}}份礼物已被他人领取"}, {"type": "relation", "string": "lazy-load"}, {"type": "relation", "string": "{{details.product_name}}"}, {"type": "relation", "string": "{{details.intro}}"}, {"type": "relation", "string": "{{isCourse?details.price_desc:'¥'+details.price}}"}, {"type": "relation", "string": "none"}]}, {"id": 27, "type": "view", "string": "晚了一步", "attribute": {"class": ["errormain"]}, "referenceVariable": [], "referenceFunction": [], "style": [], "inheritClass": null, "wxss": [], "page": null, "path": "D:\\WORK\\2021\\MPDF\\baseline\\ui\\得到\\give.wxml", "child": [], "parent": 26, "matchString": [{"type": "self", "string": "晚了一步"}]}, {"id": 28, "type": "view", "string": "{{details.total_count}}份礼物已被他人领取", "attribute": {"class": ["desc"]}, "referenceVariable": [], "referenceFunction": [], "style": [], "inheritClass": null, "wxss": [], "page": null, "path": "D:\\WORK\\2021\\MPDF\\baseline\\ui\\得到\\give.wxml", "child": [], "parent": 26, "matchString": [{"type": "self", "string": "{{details.total_count}}份礼物已被他人领取"}]}, {"id": 29, "type": "view", "string": null, "attribute": {"bindtap": "courseDetail", "class": ["card"]}, "referenceVariable": [], "referenceFunction": ["courseDetail"], "style": [], "inheritClass": null, "wxss": [], "page": null, "path": "D:\\WORK\\2021\\MPDF\\baseline\\ui\\得到\\give.wxml", "child": [7, 9, 30, 32, 69, 71], "parent": 26, "matchString": [{"type": "relation", "string": "lazy-load"}, {"type": "relation", "string": "{{details.product_name}}"}, {"type": "relation", "string": "{{details.intro}}"}, {"type": "relation", "string": "{{isCourse?details.price_desc:'¥'+details.price}}"}, {"type": "relation", "string": "none"}]}, {"id": 30, "type": "view", "string": null, "attribute": {"class": ["cardimg"]}, "referenceVariable": [], "referenceFunction": [], "style": [], "inheritClass": null, "wxss": [], "page": null, "path": "D:\\WORK\\2021\\MPDF\\baseline\\ui\\得到\\give.wxml", "child": [8, 31, 70], "parent": 6, "matchString": [{"type": "relation", "string": "lazy-load"}]}, {"id": 31, "type": "image", "string": null, "attribute": {"lazyload": "lazy-load", "mode": "scaleToFill", "src": "{{details.product_img}}"}, "referenceVariable": ["details.product_img"], "referenceFunction": [], "style": [], "inheritClass": null, "wxss": [], "page": null, "path": "D:\\WORK\\2021\\MPDF\\baseline\\ui\\得到\\give.wxml", "child": [], "parent": 7, "matchString": [{"type": "attr", "string": "lazy-load"}]}, {"id": 32, "type": "view", "string": null, "attribute": {"class": ["cardinfo", "flex-col"]}, "referenceVariable": [], "referenceFunction": [], "style": [], "inheritClass": null, "wxss": [], "page": null, "path": "D:\\WORK\\2021\\MPDF\\baseline\\ui\\得到\\give.wxml", "child": [10, 11, 12, 33, 34, 35, 72, 73, 74], "parent": 6, "matchString": [{"type": "relation", "string": "{{details.product_name}}"}, {"type": "relation", "string": "{{details.intro}}"}, {"type": "relation", "string": "{{isCourse?details.price_desc:'¥'+details.price}}"}, {"type": "relation", "string": "none"}]}, {"id": 33, "type": "view", "string": "{{details.product_name}}", "attribute": {"class": ["name"]}, "referenceVariable": [], "referenceFunction": [], "style": [], "inheritClass": null, "wxss": [], "page": null, "path": "D:\\WORK\\2021\\MPDF\\baseline\\ui\\得到\\give.wxml", "child": [], "parent": 9, "matchString": [{"type": "self", "string": "{{details.product_name}}"}]}, {"id": 34, "type": "view", "string": "{{details.intro}}", "attribute": {"class": ["intro"]}, "referenceVariable": [], "referenceFunction": [], "style": [], "inheritClass": null, "wxss": [], "page": null, "path": "D:\\WORK\\2021\\MPDF\\baseline\\ui\\得到\\give.wxml", "child": [], "parent": 9, "matchString": [{"type": "self", "string": "{{details.intro}}"}]}, {"id": 35, "type": "view", "string": null, "attribute": {"class": ["price", "flex"]}, "referenceVariable": [], "referenceFunction": [], "style": [], "inheritClass": null, "wxss": [], "page": null, "path": "D:\\WORK\\2021\\MPDF\\baseline\\ui\\得到\\give.wxml", "child": [13, 14, 36, 37, 75, 76], "parent": 9, "matchString": [{"type": "relation", "string": "{{isCourse?details.price_desc:'¥'+details.price}}"}, {"type": "relation", "string": "none"}]}, {"id": 36, "type": "view", "string": "{{isCourse?details.price_desc:'¥'+details.price}}", "attribute": {"class": ["num"]}, "referenceVariable": [], "referenceFunction": [], "style": [], "inheritClass": null, "wxss": [], "page": null, "path": "D:\\WORK\\2021\\MPDF\\baseline\\ui\\得到\\give.wxml", "child": [], "parent": 12, "matchString": [{"type": "self", "string": "{{isCourse?details.price_desc:'¥'+details.price}}"}]}, {"id": 37, "type": "view", "string": null, "attribute": {"class": ["todetail", "flex"], "hoverclass": "none", "wx:if": "{{isCourse}}"}, "referenceVariable": ["isCourse"], "referenceFunction": [], "style": [], "inheritClass": null, "wxss": [], "page": null, "path": "D:\\WORK\\2021\\MPDF\\baseline\\ui\\得到\\give.wxml", "child": [15, 38, 77], "parent": 12, "matchString": [{"type": "attr", "string": "none"}]}, {"id": 38, "type": "i", "string": null, "attribute": {"class": ["iconfont", "icon-youjiantou"]}, "referenceVariable": [], "referenceFunction": [], "style": [], "inheritClass": null, "wxss": [], "page": null, "path": "D:\\WORK\\2021\\MPDF\\baseline\\ui\\得到\\give.wxml", "child": [], "parent": 14, "matchString": []}, {"id": 39, "type": "view", "string": null, "attribute": {"class": ["success", "flex-col"], "wx:if": "{{status==='4'}}"}, "referenceVariable": ["status==='4'"], "referenceFunction": [], "style": [], "inheritClass": null, "wxss": [], "page": null, "path": "D:\\WORK\\2021\\MPDF\\baseline\\ui\\得到\\give.wxml", "child": [40, 43, 46], "parent": 2, "matchString": [{"type": "relation", "string": "礼物收到啦"}, {"type": "relation", "string": "已放入得到账号「{{phoneNum}}」中"}, {"type": "relation", "string": "使用说明"}, {"type": "relation", "string": "1"}, {"type": "relation", "string": "{{phoneNum}}"}, {"type": "relation", "string": "登录得到App"}, {"type": "relation", "string": "2"}, {"type": "relation", "string": "已购"}, {"type": "relation", "string": "3"}, {"type": "relation", "string": "点击发现-电子书/听书/锦囊，即可使用会员权益"}]}, {"id": 40, "type": "view", "string": null, "attribute": {"class": ["success_head", "{{status==='4'&&isReceive?'animation':''}}"]}, "referenceVariable": ["status==='4'&&isReceive?'animation':''"], "referenceFunction": [], "style": [], "inheritClass": null, "wxss": [], "page": null, "path": "D:\\WORK\\2021\\MPDF\\baseline\\ui\\得到\\give.wxml", "child": [41, 42], "parent": 39, "matchString": [{"type": "relation", "string": "礼物收到啦"}, {"type": "relation", "string": "已放入得到账号「{{phoneNum}}」中"}]}, {"id": 41, "type": "view", "string": "礼物收到啦", "attribute": {"class": ["errormain"]}, "referenceVariable": [], "referenceFunction": [], "style": [], "inheritClass": null, "wxss": [], "page": null, "path": "D:\\WORK\\2021\\MPDF\\baseline\\ui\\得到\\give.wxml", "child": [], "parent": 40, "matchString": [{"type": "self", "string": "礼物收到啦"}]}, {"id": 42, "type": "view", "string": "已放入得到账号「{{phoneNum}}」中", "attribute": {"class": ["desc"]}, "referenceVariable": [], "referenceFunction": [], "style": [], "inheritClass": null, "wxss": [], "page": null, "path": "D:\\WORK\\2021\\MPDF\\baseline\\ui\\得到\\give.wxml", "child": [], "parent": 40, "matchString": [{"type": "self", "string": "已放入得到账号「{{phoneNum}}」中"}]}, {"id": 43, "type": "view", "string": null, "attribute": {"class": ["linetitle", "flex", "{{status==='4'&&isReceive?'animation':''}}"]}, "referenceVariable": ["status==='4'&&isReceive?'animation':''"], "referenceFunction": [], "style": [], "inheritClass": null, "wxss": [], "page": null, "path": "D:\\WORK\\2021\\MPDF\\baseline\\ui\\得到\\give.wxml", "child": [44, 45], "parent": 39, "matchString": [{"type": "relation", "string": "使用说明"}]}, {"id": 44, "type": "view", "string": null, "attribute": {"class": ["line"]}, "referenceVariable": [], "referenceFunction": [], "style": [], "inheritClass": null, "wxss": [], "page": null, "path": "D:\\WORK\\2021\\MPDF\\baseline\\ui\\得到\\give.wxml", "child": [], "parent": 43, "matchString": []}, {"id": 45, "type": "view", "string": "使用说明", "attribute": {"class": ["text"]}, "referenceVariable": [], "referenceFunction": [], "style": [], "inheritClass": null, "wxss": [], "page": null, "path": "D:\\WORK\\2021\\MPDF\\baseline\\ui\\得到\\give.wxml", "child": [], "parent": 43, "matchString": [{"type": "self", "string": "使用说明"}]}, {"id": 46, "type": "view", "string": null, "attribute": {"class": ["usetype", "{{status==='4'&&isReceive?'animation':''}}"]}, "referenceVariable": ["status==='4'&&isReceive?'animation':''"], "referenceFunction": [], "style": [], "inheritClass": null, "wxss": [], "page": null, "path": "D:\\WORK\\2021\\MPDF\\baseline\\ui\\得到\\give.wxml", "child": [47, 53, 60], "parent": 39, "matchString": [{"type": "relation", "string": "1"}, {"type": "relation", "string": "{{phoneNum}}"}, {"type": "relation", "string": "登录得到App"}, {"type": "relation", "string": "2"}, {"type": "relation", "string": "已购"}, {"type": "relation", "string": "3"}, {"type": "relation", "string": "点击发现-电子书/听书/锦囊，即可使用会员权益"}]}, {"id": 47, "type": "view", "string": null, "attribute": {"class": ["list", "flex"]}, "referenceVariable": [], "referenceFunction": [], "style": [], "inheritClass": null, "wxss": [], "page": null, "path": "D:\\WORK\\2021\\MPDF\\baseline\\ui\\得到\\give.wxml", "child": [48, 49], "parent": 46, "matchString": [{"type": "relation", "string": "1"}, {"type": "relation", "string": "{{phoneNum}}"}, {"type": "relation", "string": "登录得到App"}]}, {"id": 48, "type": "view", "string": "1", "attribute": {"class": ["listnumber", "flex"]}, "referenceVariable": [], "referenceFunction": [], "style": [], "inheritClass": null, "wxss": [], "page": null, "path": "D:\\WORK\\2021\\MPDF\\baseline\\ui\\得到\\give.wxml", "child": [], "parent": 47, "matchString": [{"type": "self", "string": "1"}]}, {"id": 49, "type": "view", "string": null, "attribute": {"class": ["listmain", "flex1", "list1", "flex-col"]}, "referenceVariable": [], "referenceFunction": [], "style": [], "inheritClass": null, "wxss": [], "page": null, "path": "D:\\WORK\\2021\\MPDF\\baseline\\ui\\得到\\give.wxml", "child": [50, 52], "parent": 47, "matchString": [{"type": "relation", "string": "{{phoneNum}}"}, {"type": "relation", "string": "登录得到App"}]}, {"id": 50, "type": "view", "string": null, "attribute": {}, "referenceVariable": [], "referenceFunction": [], "style": [], "inheritClass": null, "wxss": [], "page": null, "path": "D:\\WORK\\2021\\MPDF\\baseline\\ui\\得到\\give.wxml", "child": [51], "parent": 49, "matchString": [{"type": "relation", "string": "{{phoneNum}}"}]}, {"id": 51, "type": "span", "string": "{{phoneNum}}", "attribute": {}, "referenceVariable": [], "referenceFunction": [], "style": [], "inheritClass": null, "wxss": [], "page": null, "path": "D:\\WORK\\2021\\MPDF\\baseline\\ui\\得到\\give.wxml", "child": [], "parent": 50, "matchString": [{"type": "self", "string": "{{phoneNum}}"}]}, {"id": 52, "type": "view", "string": "登录得到App", "attribute": {}, "referenceVariable": [], "referenceFunction": [], "style": [], "inheritClass": null, "wxss": [], "page": null, "path": "D:\\WORK\\2021\\MPDF\\baseline\\ui\\得到\\give.wxml", "child": [], "parent": 49, "matchString": [{"type": "self", "string": "登录得到App"}]}, {"id": 53, "type": "view", "string": null, "attribute": {"class": ["list", "list2"]}, "referenceVariable": [], "referenceFunction": [], "style": [], "inheritClass": null, "wxss": [], "page": null, "path": "D:\\WORK\\2021\\MPDF\\baseline\\ui\\得到\\give.wxml", "child": [54, 58], "parent": 46, "matchString": [{"type": "relation", "string": "2"}, {"type": "relation", "string": "已购"}]}, {"id": 54, "type": "view", "string": null, "attribute": {"class": ["list-top", "flex"]}, "referenceVariable": [], "referenceFunction": [], "style": [], "inheritClass": null, "wxss": [], "page": null, "path": "D:\\WORK\\2021\\MPDF\\baseline\\ui\\得到\\give.wxml", "child": [55, 56], "parent": 53, "matchString": [{"type": "relation", "string": "2"}]}, {"id": 55, "type": "view", "string": "2", "attribute": {"class": ["listnumber", "flex"]}, "referenceVariable": [], "referenceFunction": [], "style": [], "inheritClass": null, "wxss": [], "page": null, "path": "D:\\WORK\\2021\\MPDF\\baseline\\ui\\得到\\give.wxml", "child": [], "parent": 54, "matchString": [{"type": "self", "string": "2"}]}, {"id": 56, "type": "view", "string": null, "attribute": {"class": ["img-warp", "flex1"]}, "referenceVariable": [], "referenceFunction": [], "style": [], "inheritClass": null, "wxss": [], "page": null, "path": "D:\\WORK\\2021\\MPDF\\baseline\\ui\\得到\\give.wxml", "child": [57], "parent": 54, "matchString": []}, {"id": 57, "type": "image", "string": null, "attribute": {"class": ["list-img"], "mode": "widthFix", "src": "https://piccdn2.umiwi.com/fe-oss/default/MTU5NzEyNjA1Mzc2.png"}, "referenceVariable": [], "referenceFunction": [], "style": [], "inheritClass": null, "wxss": [], "page": null, "path": "D:\\WORK\\2021\\MPDF\\baseline\\ui\\得到\\give.wxml", "child": [], "parent": 56, "matchString": []}, {"id": 58, "type": "view", "string": null, "attribute": {"class": ["list-text"]}, "referenceVariable": [], "referenceFunction": [], "style": [], "inheritClass": null, "wxss": [], "page": null, "path": "D:\\WORK\\2021\\MPDF\\baseline\\ui\\得到\\give.wxml", "child": [59], "parent": 53, "matchString": [{"type": "relation", "string": "已购"}]}, {"id": 59, "type": "span", "string": "已购", "attribute": {}, "referenceVariable": [], "referenceFunction": [], "style": [], "inheritClass": null, "wxss": [], "page": null, "path": "D:\\WORK\\2021\\MPDF\\baseline\\ui\\得到\\give.wxml", "child": [], "parent": 58, "matchString": [{"type": "self", "string": "已购"}]}, {"id": 60, "type": "view", "string": null, "attribute": {"class": ["list"]}, "referenceVariable": [], "referenceFunction": [], "style": [], "inheritClass": null, "wxss": [], "page": null, "path": "D:\\WORK\\2021\\MPDF\\baseline\\ui\\得到\\give.wxml", "child": [61, 65], "parent": 46, "matchString": [{"type": "relation", "string": "3"}, {"type": "relation", "string": "点击发现-电子书/听书/锦囊，即可使用会员权益"}]}, {"id": 61, "type": "view", "string": null, "attribute": {"class": ["list-top", "flex"]}, "referenceVariable": [], "referenceFunction": [], "style": [], "inheritClass": null, "wxss": [], "page": null, "path": "D:\\WORK\\2021\\MPDF\\baseline\\ui\\得到\\give.wxml", "child": [62, 63], "parent": 60, "matchString": [{"type": "relation", "string": "3"}]}, {"id": 62, "type": "view", "string": "3", "attribute": {"class": ["listnumber", "flex"]}, "referenceVariable": [], "referenceFunction": [], "style": [], "inheritClass": null, "wxss": [], "page": null, "path": "D:\\WORK\\2021\\MPDF\\baseline\\ui\\得到\\give.wxml", "child": [], "parent": 61, "matchString": [{"type": "self", "string": "3"}]}, {"id": 63, "type": "view", "string": null, "attribute": {"class": ["img-warp"]}, "referenceVariable": [], "referenceFunction": [], "style": [], "inheritClass": null, "wxss": [], "page": null, "path": "D:\\WORK\\2021\\MPDF\\baseline\\ui\\得到\\give.wxml", "child": [64], "parent": 61, "matchString": []}, {"id": 64, "type": "image", "string": null, "attribute": {"class": ["list-img"], "mode": "widthFix", "src": "https://piccdn2.umiwi.com/fe-oss/default/MTU5NzEyODU3Mjcz.png"}, "referenceVariable": [], "referenceFunction": [], "style": [], "inheritClass": null, "wxss": [], "page": null, "path": "D:\\WORK\\2021\\MPDF\\baseline\\ui\\得到\\give.wxml", "child": [], "parent": 63, "matchString": []}, {"id": 65, "type": "view", "string": "点击发现-电子书/听书/锦囊，即可使用会员权益", "attribute": {"class": ["list-text"]}, "referenceVariable": [], "referenceFunction": [], "style": [], "inheritClass": null, "wxss": [], "page": null, "path": "D:\\WORK\\2021\\MPDF\\baseline\\ui\\得到\\give.wxml", "child": [], "parent": 60, "matchString": [{"type": "self", "string": "点击发现-电子书/听书/锦囊，即可使用会员权益"}]}, {"id": 66, "type": "view", "string": null, "attribute": {"class": ["timeout", "flex-col", "flex1"], "wx:if": "{{status==='2'}}"}, "referenceVariable": ["status==='2'"], "referenceFunction": [], "style": [], "inheritClass": null, "wxss": [], "page": null, "path": "D:\\WORK\\2021\\MPDF\\baseline\\ui\\得到\\give.wxml", "child": [67, 68], "parent": 2, "matchString": [{"type": "relation", "string": "礼品已过期"}, {"type": "relation", "string": "lazy-load"}, {"type": "relation", "string": "{{details.product_name}}"}, {"type": "relation", "string": "{{details.intro}}"}, {"type": "relation", "string": "{{isCourse?details.price_desc:'¥'+details.price}}"}, {"type": "relation", "string": "none"}]}, {"id": 67, "type": "view", "string": "礼品已过期", "attribute": {"class": ["errormain"]}, "referenceVariable": [], "referenceFunction": [], "style": [], "inheritClass": null, "wxss": [], "page": null, "path": "D:\\WORK\\2021\\MPDF\\baseline\\ui\\得到\\give.wxml", "child": [], "parent": 66, "matchString": [{"type": "self", "string": "礼品已过期"}]}, {"id": 68, "type": "view", "string": null, "attribute": {"bindtap": "courseDetail", "class": ["card"]}, "referenceVariable": [], "referenceFunction": ["courseDetail"], "style": [], "inheritClass": null, "wxss": [], "page": null, "path": "D:\\WORK\\2021\\MPDF\\baseline\\ui\\得到\\give.wxml", "child": [7, 9, 30, 32, 69, 71], "parent": 66, "matchString": [{"type": "relation", "string": "lazy-load"}, {"type": "relation", "string": "{{details.product_name}}"}, {"type": "relation", "string": "{{details.intro}}"}, {"type": "relation", "string": "{{isCourse?details.price_desc:'¥'+details.price}}"}, {"type": "relation", "string": "none"}]}, {"id": 69, "type": "view", "string": null, "attribute": {"class": ["cardimg"]}, "referenceVariable": [], "referenceFunction": [], "style": [], "inheritClass": null, "wxss": [], "page": null, "path": "D:\\WORK\\2021\\MPDF\\baseline\\ui\\得到\\give.wxml", "child": [8, 31, 70], "parent": 6, "matchString": [{"type": "relation", "string": "lazy-load"}]}, {"id": 70, "type": "image", "string": null, "attribute": {"lazyload": "lazy-load", "mode": "scaleToFill", "src": "{{details.product_img}}"}, "referenceVariable": ["details.product_img"], "referenceFunction": [], "style": [], "inheritClass": null, "wxss": [], "page": null, "path": "D:\\WORK\\2021\\MPDF\\baseline\\ui\\得到\\give.wxml", "child": [], "parent": 7, "matchString": [{"type": "attr", "string": "lazy-load"}]}, {"id": 71, "type": "view", "string": null, "attribute": {"class": ["cardinfo", "flex-col"]}, "referenceVariable": [], "referenceFunction": [], "style": [], "inheritClass": null, "wxss": [], "page": null, "path": "D:\\WORK\\2021\\MPDF\\baseline\\ui\\得到\\give.wxml", "child": [10, 11, 12, 33, 34, 35, 72, 73, 74], "parent": 6, "matchString": [{"type": "relation", "string": "{{details.product_name}}"}, {"type": "relation", "string": "{{details.intro}}"}, {"type": "relation", "string": "{{isCourse?details.price_desc:'¥'+details.price}}"}, {"type": "relation", "string": "none"}]}, {"id": 72, "type": "view", "string": "{{details.product_name}}", "attribute": {"class": ["name"]}, "referenceVariable": [], "referenceFunction": [], "style": [], "inheritClass": null, "wxss": [], "page": null, "path": "D:\\WORK\\2021\\MPDF\\baseline\\ui\\得到\\give.wxml", "child": [], "parent": 9, "matchString": [{"type": "self", "string": "{{details.product_name}}"}]}, {"id": 73, "type": "view", "string": "{{details.intro}}", "attribute": {"class": ["intro"]}, "referenceVariable": [], "referenceFunction": [], "style": [], "inheritClass": null, "wxss": [], "page": null, "path": "D:\\WORK\\2021\\MPDF\\baseline\\ui\\得到\\give.wxml", "child": [], "parent": 9, "matchString": [{"type": "self", "string": "{{details.intro}}"}]}, {"id": 74, "type": "view", "string": null, "attribute": {"class": ["price", "flex"]}, "referenceVariable": [], "referenceFunction": [], "style": [], "inheritClass": null, "wxss": [], "page": null, "path": "D:\\WORK\\2021\\MPDF\\baseline\\ui\\得到\\give.wxml", "child": [13, 14, 36, 37, 75, 76], "parent": 9, "matchString": [{"type": "relation", "string": "{{isCourse?details.price_desc:'¥'+details.price}}"}, {"type": "relation", "string": "none"}]}, {"id": 75, "type": "view", "string": "{{isCourse?details.price_desc:'¥'+details.price}}", "attribute": {"class": ["num"]}, "referenceVariable": [], "referenceFunction": [], "style": [], "inheritClass": null, "wxss": [], "page": null, "path": "D:\\WORK\\2021\\MPDF\\baseline\\ui\\得到\\give.wxml", "child": [], "parent": 12, "matchString": [{"type": "self", "string": "{{isCourse?details.price_desc:'¥'+details.price}}"}]}, {"id": 76, "type": "view", "string": null, "attribute": {"class": ["todetail", "flex"], "hoverclass": "none", "wx:if": "{{isCourse}}"}, "referenceVariable": ["isCourse"], "referenceFunction": [], "style": [], "inheritClass": null, "wxss": [], "page": null, "path": "D:\\WORK\\2021\\MPDF\\baseline\\ui\\得到\\give.wxml", "child": [15, 38, 77], "parent": 12, "matchString": [{"type": "attr", "string": "none"}]}, {"id": 77, "type": "i", "string": null, "attribute": {"class": ["iconfont", "icon-youjiantou"]}, "referenceVariable": [], "referenceFunction": [], "style": [], "inheritClass": null, "wxss": [], "page": null, "path": "D:\\WORK\\2021\\MPDF\\baseline\\ui\\得到\\give.wxml", "child": [], "parent": 14, "matchString": []}, {"id": 78, "type": "view", "string": null, "attribute": {"class": ["getdetails", "{{status==='1'?'animation':''}}", "{{status==='4'&&isReceive?'animation2':''}}"]}, "referenceVariable": ["status==='1'?'animation':''", "status==='4'&&isReceive?'animation2':''"], "referenceFunction": [], "style": [], "inheritClass": null, "wxss": [], "page": null, "path": "D:\\WORK\\2021\\MPDF\\baseline\\ui\\得到\\give.wxml", "child": [79, 83, 84], "parent": 2, "matchString": [{"type": "relation", "string": "共{{details.total_count}}份，暂未被领取"}, {"type": "relation", "string": "共{{details.total_count}}份，{{details.received_counts===details.total_count?'已领完':'已领取'+details.received_counts+'份'}}"}, {"type": "relation", "string": "领取有效期至：{{details.expire_date}}"}, {"type": "relation", "string": "{{item.receive_user_name}}"}, {"type": "relation", "string": "{{item.receive_time}}"}]}, {"id": 79, "type": "view", "string": null, "attribute": {"class": ["linetitle", "flex"]}, "referenceVariable": [], "referenceFunction": [], "style": [], "inheritClass": null, "wxss": [], "page": null, "path": "D:\\WORK\\2021\\MPDF\\baseline\\ui\\得到\\give.wxml", "child": [80, 81, 82], "parent": 78, "matchString": [{"type": "relation", "string": "共{{details.total_count}}份，暂未被领取"}, {"type": "relation", "string": "共{{details.total_count}}份，{{details.received_counts===details.total_count?'已领完':'已领取'+details.received_counts+'份'}}"}]}, {"id": 80, "type": "view", "string": null, "attribute": {"class": ["line"]}, "referenceVariable": [], "referenceFunction": [], "style": [], "inheritClass": null, "wxss": [], "page": null, "path": "D:\\WORK\\2021\\MPDF\\baseline\\ui\\得到\\give.wxml", "child": [], "parent": 79, "matchString": []}, {"id": 81, "type": "view", "string": "共{{details.total_count}}份，暂未被领取", "attribute": {"class": ["text"], "wx:if": "{{details.received_counts===0}}"}, "referenceVariable": ["details.received_counts===0"], "referenceFunction": [], "style": [], "inheritClass": null, "wxss": [], "page": null, "path": "D:\\WORK\\2021\\MPDF\\baseline\\ui\\得到\\give.wxml", "child": [], "parent": 79, "matchString": [{"type": "self", "string": "共{{details.total_count}}份，暂未被领取"}]}, {"id": 82, "type": "view", "string": "共{{details.total_count}}份，{{details.received_counts===details.total_count?'已领完':'已领取'+details.received_counts+'份'}}", "attribute": {"class": ["text"], "wx:if": "{{details.received_counts>0}}"}, "referenceVariable": ["details.received_counts>0"], "referenceFunction": [], "style": [], "inheritClass": null, "wxss": [], "page": null, "path": "D:\\WORK\\2021\\MPDF\\baseline\\ui\\得到\\give.wxml", "child": [], "parent": 79, "matchString": [{"type": "self", "string": "共{{details.total_count}}份，{{details.received_counts===details.total_count?'已领完':'已领取'+details.received_counts+'份'}}"}]}, {"id": 83, "type": "view", "string": "领取有效期至：{{details.expire_date}}", "attribute": {"class": ["effective"]}, "referenceVariable": [], "referenceFunction": [], "style": [], "inheritClass": null, "wxss": [], "page": null, "path": "D:\\WORK\\2021\\MPDF\\baseline\\ui\\得到\\give.wxml", "child": [], "parent": 78, "matchString": [{"type": "self", "string": "领取有效期至：{{details.expire_date}}"}]}, {"id": 84, "type": "view", "string": null, "attribute": {"class": ["item", "flex"], "wx:if": "{{gift_receive_map}}", "wx:for": "{{gift_receive_map}}", "wx:key": "item"}, "referenceVariable": ["gift_receive_map", "gift_receive_map"], "referenceFunction": [], "style": [], "inheritClass": null, "wxss": [], "page": null, "path": "D:\\WORK\\2021\\MPDF\\baseline\\ui\\得到\\give.wxml", "child": [85, 87, 88], "parent": 78, "matchString": [{"type": "relation", "string": "{{item.receive_user_name}}"}, {"type": "relation", "string": "{{item.receive_time}}"}]}, {"id": 85, "type": "view", "string": null, "attribute": {"class": ["userhead"]}, "referenceVariable": [], "referenceFunction": [], "style": [], "inheritClass": null, "wxss": [], "page": null, "path": "D:\\WORK\\2021\\MPDF\\baseline\\ui\\得到\\give.wxml", "child": [86], "parent": 84, "matchString": []}, {"id": 86, "type": "image", "string": null, "attribute": {"src": "{{item.user_img?item.user_img:'https://piccdn.luojilab.com/iget/avatar/default.png'}}"}, "referenceVariable": ["item.user_img?item.user_img:'https://piccdn.luojilab.com/iget/avatar/default.png'"], "referenceFunction": [], "style": [], "inheritClass": null, "wxss": [], "page": null, "path": "D:\\WORK\\2021\\MPDF\\baseline\\ui\\得到\\give.wxml", "child": [], "parent": 85, "matchString": []}, {"id": 87, "type": "view", "string": "{{item.receive_user_name}}", "attribute": {"class": ["username"]}, "referenceVariable": [], "referenceFunction": [], "style": [], "inheritClass": null, "wxss": [], "page": null, "path": "D:\\WORK\\2021\\MPDF\\baseline\\ui\\得到\\give.wxml", "child": [], "parent": 84, "matchString": [{"type": "self", "string": "{{item.receive_user_name}}"}]}, {"id": 88, "type": "view", "string": "{{item.receive_time}}", "attribute": {"class": ["gettime"]}, "referenceVariable": [], "referenceFunction": [], "style": [], "inheritClass": null, "wxss": [], "page": null, "path": "D:\\WORK\\2021\\MPDF\\baseline\\ui\\得到\\give.wxml", "child": [], "parent": 84, "matchString": [{"type": "self", "string": "{{item.receive_time}}"}]}, {"id": 89, "type": "view", "string": null, "attribute": {"class": ["toapp", "flex"], "wx:if": "{{appShare&&status&&details}}"}, "referenceVariable": ["appShare&&status&&details"], "referenceFunction": [], "style": [], "inheritClass": null, "wxss": [], "page": null, "path": "D:\\WORK\\2021\\MPDF\\baseline\\ui\\得到\\give.wxml", "child": [90], "parent": 1, "matchString": [{"type": "relation", "string": "{{details.name}}"}, {"type": "relation", "string": "欢迎来得到App和我做同学"}]}, {"id": 90, "type": "view", "string": null, "attribute": {"class": ["userinfo", "flex", "flex1"]}, "referenceVariable": [], "referenceFunction": [], "style": [], "inheritClass": null, "wxss": [], "page": null, "path": "D:\\WORK\\2021\\MPDF\\baseline\\ui\\得到\\give.wxml", "child": [91, 93], "parent": 89, "matchString": [{"type": "relation", "string": "{{details.name}}"}, {"type": "relation", "string": "欢迎来得到App和我做同学"}]}, {"id": 91, "type": "view", "string": null, "attribute": {"class": ["userhead"]}, "referenceVariable": [], "referenceFunction": [], "style": [], "inheritClass": null, "wxss": [], "page": null, "path": "D:\\WORK\\2021\\MPDF\\baseline\\ui\\得到\\give.wxml", "child": [92], "parent": 90, "matchString": []}, {"id": 92, "type": "image", "string": null, "attribute": {"mode": "scaleToFill", "src": "{{details.avatar?details.avatar:'https://piccdn.luojilab.com/iget/avatar/default.png'}}"}, "referenceVariable": ["details.avatar?details.avatar:'https://piccdn.luojilab.com/iget/avatar/default.png'"], "referenceFunction": [], "style": [], "inheritClass": null, "wxss": [], "page": null, "path": "D:\\WORK\\2021\\MPDF\\baseline\\ui\\得到\\give.wxml", "child": [], "parent": 91, "matchString": []}, {"id": 93, "type": "view", "string": null, "attribute": {"class": ["names", "flex-col", "flex1"]}, "referenceVariable": [], "referenceFunction": [], "style": [], "inheritClass": null, "wxss": [], "page": null, "path": "D:\\WORK\\2021\\MPDF\\baseline\\ui\\得到\\give.wxml", "child": [94, 95], "parent": 90, "matchString": [{"type": "relation", "string": "{{details.name}}"}, {"type": "relation", "string": "欢迎来得到App和我做同学"}]}, {"id": 94, "type": "view", "string": "{{details.name}}", "attribute": {"class": ["nickname"]}, "referenceVariable": [], "referenceFunction": [], "style": [], "inheritClass": null, "wxss": [], "page": null, "path": "D:\\WORK\\2021\\MPDF\\baseline\\ui\\得到\\give.wxml", "child": [], "parent": 93, "matchString": [{"type": "self", "string": "{{details.name}}"}]}, {"id": 95, "type": "view", "string": "欢迎来得到App和我做同学", "attribute": {"class": ["welcome"]}, "referenceVariable": [], "referenceFunction": [], "style": [], "inheritClass": null, "wxss": [], "page": null, "path": "D:\\WORK\\2021\\MPDF\\baseline\\ui\\得到\\give.wxml", "child": [], "parent": 93, "matchString": [{"type": "self", "string": "欢迎来得到App和我做同学"}]}, {"id": 96, "type": "view", "string": null, "attribute": {"class": ["open_app_fail", "flex", "_63122e5"], "wx:if": "{{$openappfail$openFailed}}"}, "referenceVariable": ["$openappfail$openFailed"], "referenceFunction": [], "style": [], "inheritClass": null, "wxss": [], "page": null, "path": "D:\\WORK\\2021\\MPDF\\baseline\\ui\\得到\\give.wxml", "child": [97], "parent": 1, "matchString": [{"type": "relation", "string": "未安装得到APP，请前往应用商店下载。"}, {"type": "relation", "string": "返回"}]}, {"id": 97, "type": "view", "string": null, "attribute": {"class": ["layer-frame", "_63122e5"]}, "referenceVariable": [], "referenceFunction": [], "style": [], "inheritClass": null, "wxss": [], "page": null, "path": "D:\\WORK\\2021\\MPDF\\baseline\\ui\\得到\\give.wxml", "child": [98, 99], "parent": 96, "matchString": [{"type": "relation", "string": "未安装得到APP，请前往应用商店下载。"}, {"type": "relation", "string": "返回"}]}, {"id": 98, "type": "h2", "string": "未安装得到APP，请前往应用商店下载。", "attribute": {"class": ["layer-title", "_63122e5"]}, "referenceVariable": [], "referenceFunction": [], "style": [], "inheritClass": null, "wxss": [], "page": null, "path": "D:\\WORK\\2021\\MPDF\\baseline\\ui\\得到\\give.wxml", "child": [], "parent": 97, "matchString": [{"type": "self", "string": "未安装得到APP，请前往应用商店下载。"}]}, {"id": 99, "type": "view", "string": null, "attribute": {"class": ["layer-button", "_63122e5"]}, "referenceVariable": [], "referenceFunction": [], "style": [], "inheritClass": null, "wxss": [], "page": null, "path": "D:\\WORK\\2021\\MPDF\\baseline\\ui\\得到\\give.wxml", "child": [100], "parent": 97, "matchString": [{"type": "relation", "string": "返回"}]}, {"id": 100, "type": "button", "string": "返回", "attribute": {"bindtap": "$openappfail$goBack", "class": ["back-btn", "theme-bg-color", "_63122e5"]}, "referenceVariable": [], "referenceFunction": ["$openappfail$goBack"], "style": [], "inheritClass": null, "wxss": [], "page": null, "path": "D:\\WORK\\2021\\MPDF\\baseline\\ui\\得到\\give.wxml", "child": [], "parent": 99, "matchString": [{"type": "self", "string": "返回"}]}, {"id": 101, "type": "view", "string": null, "attribute": {"class": ["errormsg", "flex", "_c7a1ba6"], "wx:if": "{{$error$error.iserror}}"}, "referenceVariable": ["$error$error.iserror"], "referenceFunction": [], "style": [], "inheritClass": null, "wxss": [], "page": null, "path": "D:\\WORK\\2021\\MPDF\\baseline\\ui\\得到\\give.wxml", "child": [102], "parent": 1, "matchString": [{"type": "relation", "string": "{{$error$error.errorText}}"}]}, {"id": 102, "type": "view", "string": null, "attribute": {"class": ["container", "flex-col", "_c7a1ba6"]}, "referenceVariable": [], "referenceFunction": [], "style": [], "inheritClass": null, "wxss": [], "page": null, "path": "D:\\WORK\\2021\\MPDF\\baseline\\ui\\得到\\give.wxml", "child": [103], "parent": 101, "matchString": [{"type": "relation", "string": "{{$error$error.errorText}}"}]}, {"id": 103, "type": "p", "string": "{{$error$error.errorText}}", "attribute": {"class": ["text", "_c7a1ba6"]}, "referenceVariable": [], "referenceFunction": [], "style": [], "inheritClass": null, "wxss": [], "page": null, "path": "D:\\WORK\\2021\\MPDF\\baseline\\ui\\得到\\give.wxml", "child": [], "parent": 102, "matchString": [{"type": "self", "string": "{{$error$error.errorText}}"}]}]