[{"id": 0, "type": "[document]", "string": null, "attribute": {}, "referenceVariable": [], "referenceFunction": [], "style": [], "inheritClass": null, "wxss": [], "page": null, "path": "D:\\WORK\\2021\\MPDF\\baseline\\ui\\HIPC\\inputCode.wxml", "child": [1, 2, 3, 9, 10], "parent": null, "matchString": [{"type": "relation", "string": "输入短信验证码"}, {"type": "relation", "string": "已发送验证码至 (+86){{phone}}"}, {"type": "relation", "string": "{{codeValue[0]}}"}, {"type": "relation", "string": "{{codeValue[1]}}"}, {"type": "relation", "string": "{{codeValue[2]}}"}, {"type": "relation", "string": "{{codeValue[3]}}"}, {"type": "relation", "string": "重新获取"}, {"type": "relation", "string": "重新获取({{countdown}})"}]}, {"id": 1, "type": "view", "string": "输入短信验证码", "attribute": {"class": ["input-code"]}, "referenceVariable": [], "referenceFunction": [], "style": [], "inheritClass": null, "wxss": [], "page": null, "path": "D:\\WORK\\2021\\MPDF\\baseline\\ui\\HIPC\\inputCode.wxml", "child": [], "parent": 0, "matchString": [{"type": "self", "string": "输入短信验证码"}]}, {"id": 2, "type": "view", "string": "已发送验证码至 (+86){{phone}}", "attribute": {"class": ["send"]}, "referenceVariable": [], "referenceFunction": [], "style": [], "inheritClass": null, "wxss": [], "page": null, "path": "D:\\WORK\\2021\\MPDF\\baseline\\ui\\HIPC\\inputCode.wxml", "child": [], "parent": 0, "matchString": [{"type": "self", "string": "已发送验证码至 (+86){{phone}}"}]}, {"id": 3, "type": "view", "string": null, "attribute": {"class": ["inp-group"]}, "referenceVariable": [], "referenceFunction": [], "style": [], "inheritClass": null, "wxss": [], "page": null, "path": "D:\\WORK\\2021\\MPDF\\baseline\\ui\\HIPC\\inputCode.wxml", "child": [4, 5, 6, 7, 8], "parent": 0, "matchString": [{"type": "relation", "string": "{{codeValue[0]}}"}, {"type": "relation", "string": "{{codeValue[1]}}"}, {"type": "relation", "string": "{{codeValue[2]}}"}, {"type": "relation", "string": "{{codeValue[3]}}"}]}, {"id": 4, "type": "view", "string": "{{codeValue[0]}}", "attribute": {"class": ["inp-border-bottom"], "style": "border-bottom: {{codeValue.length}}>=1?'2rpx solid #008866':''"}, "referenceVariable": ["codeValue.length"], "referenceFunction": [], "style": [], "inheritClass": null, "wxss": [], "page": null, "path": "D:\\WORK\\2021\\MPDF\\baseline\\ui\\HIPC\\inputCode.wxml", "child": [], "parent": 3, "matchString": [{"type": "self", "string": "{{codeValue[0]}}"}, {"type": "relation", "string": "{{codeValue[0]}}"}]}, {"id": 5, "type": "view", "string": "{{codeValue[1]}}", "attribute": {"class": ["inp-border-bottom"], "style": "border-bottom: {{codeValue.length}}>=2?'2rpx solid #008866':''"}, "referenceVariable": ["codeValue.length"], "referenceFunction": [], "style": [], "inheritClass": null, "wxss": [], "page": null, "path": "D:\\WORK\\2021\\MPDF\\baseline\\ui\\HIPC\\inputCode.wxml", "child": [], "parent": 3, "matchString": [{"type": "self", "string": "{{codeValue[1]}}"}, {"type": "relation", "string": "{{codeValue[1]}}"}]}, {"id": 6, "type": "view", "string": "{{codeValue[2]}}", "attribute": {"class": ["inp-border-bottom"], "style": "border-bottom: {{codeValue.length}}>=3?'2rpx solid #008866':''"}, "referenceVariable": ["codeValue.length"], "referenceFunction": [], "style": [], "inheritClass": null, "wxss": [], "page": null, "path": "D:\\WORK\\2021\\MPDF\\baseline\\ui\\HIPC\\inputCode.wxml", "child": [], "parent": 3, "matchString": [{"type": "self", "string": "{{codeValue[2]}}"}, {"type": "relation", "string": "{{codeValue[2]}}"}]}, {"id": 7, "type": "view", "string": "{{codeValue[3]}}", "attribute": {"class": ["inp-border-bottom"], "style": "border-bottom: {{codeValue.length}}>=4?'2rpx solid #008866':''"}, "referenceVariable": ["codeValue.length"], "referenceFunction": [], "style": [], "inheritClass": null, "wxss": [], "page": null, "path": "D:\\WORK\\2021\\MPDF\\baseline\\ui\\HIPC\\inputCode.wxml", "child": [], "parent": 3, "matchString": [{"type": "self", "string": "{{codeValue[3]}}"}, {"type": "relation", "string": "{{codeValue[3]}}"}]}, {"id": 8, "type": "input", "string": null, "attribute": {"bindinput": "inputCode", "class": ["inp-value"], "maxlength": "4", "type": "number", "value": "{{codeValue}}"}, "referenceVariable": ["codeValue"], "referenceFunction": ["inputCode"], "style": [], "inheritClass": null, "wxss": [], "page": null, "path": "D:\\WORK\\2021\\MPDF\\baseline\\ui\\HIPC\\inputCode.wxml", "child": [], "parent": 3, "matchString": [{"type": "relation", "string": "{{codeValue[3]}}"}]}, {"id": 9, "type": "view", "string": "重新获取", "attribute": {"catchtap": "retrieve", "class": ["again"], "wx:if": "{{countdown==0}}"}, "referenceVariable": ["countdown==0"], "referenceFunction": [], "style": [], "inheritClass": null, "wxss": [], "page": null, "path": "D:\\WORK\\2021\\MPDF\\baseline\\ui\\HIPC\\inputCode.wxml", "child": [], "parent": 0, "matchString": [{"type": "self", "string": "重新获取"}]}, {"id": 10, "type": "view", "string": "重新获取({{countdown}})", "attribute": {"class": ["again-interval"], "wx:else": ""}, "referenceVariable": [], "referenceFunction": [], "style": [], "inheritClass": null, "wxss": [], "page": null, "path": "D:\\WORK\\2021\\MPDF\\baseline\\ui\\HIPC\\inputCode.wxml", "child": [], "parent": 0, "matchString": [{"type": "self", "string": "重新获取({{countdown}})"}]}]