[{"id": 0, "type": "[document]", "string": null, "attribute": {}, "referenceVariable": [], "referenceFunction": [], "style": [], "inheritClass": null, "wxss": [], "page": null, "path": "D:\\WORK\\2021\\MPDF\\baseline\\ui\\樊登读书\\register.wxml", "child": [1, 20], "parent": null, "matchString": [{"type": "relation", "string": "{{loginText}}"}, {"type": "relation", "string": "+{{areaCode}}"}, {"type": "relation", "string": "手机号码"}, {"type": "relation", "string": "font-l2-color"}, {"type": "relation", "string": "{{deleteInputVal}}"}, {"type": "relation", "string": "{{loginType?false:true}}"}, {"type": "relation", "string": "验证码"}, {"type": "relation", "string": "{{codeText}}"}, {"type": "relation", "string": "{{loginType?true:false}}"}, {"type": "relation", "string": "密码"}, {"type": "relation", "string": "登 录"}, {"type": "relation", "string": "登录表示您已同意"}, {"type": "relation", "string": "用户服务协议"}, {"type": "relation", "string": "{{modal}}"}]}, {"id": 1, "type": "view", "string": null, "attribute": {"class": ["d-flex", "flex-column", "bg-white", "border-top"]}, "referenceVariable": [], "referenceFunction": [], "style": [], "inheritClass": null, "wxss": [], "page": null, "path": "D:\\WORK\\2021\\MPDF\\baseline\\ui\\樊登读书\\register.wxml", "child": [2, 4, 16, 17], "parent": 0, "matchString": [{"type": "relation", "string": "{{loginText}}"}, {"type": "relation", "string": "+{{areaCode}}"}, {"type": "relation", "string": "手机号码"}, {"type": "relation", "string": "font-l2-color"}, {"type": "relation", "string": "{{deleteInputVal}}"}, {"type": "relation", "string": "{{loginType?false:true}}"}, {"type": "relation", "string": "验证码"}, {"type": "relation", "string": "{{codeText}}"}, {"type": "relation", "string": "{{loginType?true:false}}"}, {"type": "relation", "string": "密码"}, {"type": "relation", "string": "登 录"}, {"type": "relation", "string": "登录表示您已同意"}, {"type": "relation", "string": "用户服务协议"}]}, {"id": 2, "type": "view", "string": null, "attribute": {"class": ["d-flex", "justify-content-end", "margin-t-40", "margin-r-30"]}, "referenceVariable": [], "referenceFunction": [], "style": [], "inheritClass": null, "wxss": [], "page": null, "path": "D:\\WORK\\2021\\MPDF\\baseline\\ui\\樊登读书\\register.wxml", "child": [3], "parent": 1, "matchString": [{"type": "relation", "string": "{{loginText}}"}]}, {"id": 3, "type": "view", "string": "{{loginText}}", "attribute": {"bindtap": "cutLoginType", "class": ["password-login", "font-l2-color", "font-size-26"]}, "referenceVariable": [], "referenceFunction": ["cutLoginType"], "style": [], "inheritClass": null, "wxss": [], "page": null, "path": "D:\\WORK\\2021\\MPDF\\baseline\\ui\\樊登读书\\register.wxml", "child": [], "parent": 2, "matchString": [{"type": "self", "string": "{{loginText}}"}]}, {"id": 4, "type": "view", "string": null, "attribute": {"class": ["d-flex", "flex-column", "margin-t-60", "margin-l-70", "margin-r-70", "font-size-40"]}, "referenceVariable": [], "referenceFunction": [], "style": [], "inheritClass": null, "wxss": [], "page": null, "path": "D:\\WORK\\2021\\MPDF\\baseline\\ui\\樊登读书\\register.wxml", "child": [5, 10, 13], "parent": 1, "matchString": [{"type": "relation", "string": "+{{areaCode}}"}, {"type": "relation", "string": "手机号码"}, {"type": "relation", "string": "font-l2-color"}, {"type": "relation", "string": "{{deleteInputVal}}"}, {"type": "relation", "string": "{{loginType?false:true}}"}, {"type": "relation", "string": "验证码"}, {"type": "relation", "string": "{{codeText}}"}, {"type": "relation", "string": "{{loginType?true:false}}"}, {"type": "relation", "string": "密码"}]}, {"id": 5, "type": "view", "string": null, "attribute": {"class": ["d-flex", "align-items-center", "border-bottom", "padding-b-20"]}, "referenceVariable": [], "referenceFunction": [], "style": [], "inheritClass": null, "wxss": [], "page": null, "path": "D:\\WORK\\2021\\MPDF\\baseline\\ui\\樊登读书\\register.wxml", "child": [6, 7, 8, 9], "parent": 4, "matchString": [{"type": "relation", "string": "+{{areaCode}}"}, {"type": "relation", "string": "手机号码"}, {"type": "relation", "string": "font-l2-color"}, {"type": "relation", "string": "{{deleteInputVal}}"}]}, {"id": 6, "type": "view", "string": "+{{areaCode}}", "attribute": {"bindtap": "getAreaCode", "class": ["picker"]}, "referenceVariable": [], "referenceFunction": ["getAreaCode"], "style": [], "inheritClass": null, "wxss": [], "page": null, "path": "D:\\WORK\\2021\\MPDF\\baseline\\ui\\樊登读书\\register.wxml", "child": [], "parent": 5, "matchString": [{"type": "self", "string": "+{{areaCode}}"}]}, {"id": 7, "type": "view", "string": null, "attribute": {"class": ["line"]}, "referenceVariable": [], "referenceFunction": [], "style": [], "inheritClass": null, "wxss": [], "page": null, "path": "D:\\WORK\\2021\\MPDF\\baseline\\ui\\樊登读书\\register.wxml", "child": [], "parent": 5, "matchString": []}, {"id": 8, "type": "input", "string": null, "attribute": {"bindinput": "phoneVal", "class": ["flex-auto", "phone-num"], "placeholder": "手机号码", "placeholderclass": "font-l2-color", "type": "number", "value": "{{phoneNum}}"}, "referenceVariable": ["phoneNum"], "referenceFunction": ["phoneVal"], "style": [], "inheritClass": null, "wxss": [], "page": null, "path": "D:\\WORK\\2021\\MPDF\\baseline\\ui\\樊登读书\\register.wxml", "child": [], "parent": 5, "matchString": [{"type": "attr", "string": "手机号码"}, {"type": "attr", "string": "font-l2-color"}]}, {"id": 9, "type": "image", "string": null, "attribute": {"bindtap": "cancel", "class": ["cannel"], "hidden": "{{deleteInputVal}}", "src": "../../public/images/closed_icon.png"}, "referenceVariable": ["deleteInputVal"], "referenceFunction": ["cancel"], "style": [], "inheritClass": null, "wxss": [], "page": null, "path": "D:\\WORK\\2021\\MPDF\\baseline\\ui\\樊登读书\\register.wxml", "child": [], "parent": 5, "matchString": [{"type": "attr", "string": "{{deleteInputVal}}"}]}, {"id": 10, "type": "view", "string": null, "attribute": {"class": ["d-flex", "align-items-center", "border-bottom", "padding-b-20", "padding-t-20", "fixed-height"], "hidden": "{{loginType?false:true}}"}, "referenceVariable": ["loginType?false:true"], "referenceFunction": [], "style": [], "inheritClass": null, "wxss": [], "page": null, "path": "D:\\WORK\\2021\\MPDF\\baseline\\ui\\樊登读书\\register.wxml", "child": [11, 12], "parent": 4, "matchString": [{"type": "attr", "string": "{{loginType?false:true}}"}, {"type": "relation", "string": "验证码"}, {"type": "relation", "string": "font-l2-color"}, {"type": "relation", "string": "{{codeText}}"}]}, {"id": 11, "type": "input", "string": null, "attribute": {"bindinput": "codeVal", "class": ["flex-auto"], "placeholder": "验证码", "placeholderclass": "font-l2-color", "type": "number"}, "referenceVariable": [], "referenceFunction": ["codeVal"], "style": [], "inheritClass": null, "wxss": [], "page": null, "path": "D:\\WORK\\2021\\MPDF\\baseline\\ui\\樊登读书\\register.wxml", "child": [], "parent": 10, "matchString": [{"type": "attr", "string": "验证码"}, {"type": "attr", "string": "font-l2-color"}]}, {"id": 12, "type": "view", "string": "{{codeText}}", "attribute": {"bindtap": "getCode", "class": ["font-size-28", "margin-r-20", "{{codeStyle}}"]}, "referenceVariable": ["codeStyle"], "referenceFunction": ["getCode"], "style": [], "inheritClass": null, "wxss": [], "page": null, "path": "D:\\WORK\\2021\\MPDF\\baseline\\ui\\樊登读书\\register.wxml", "child": [], "parent": 10, "matchString": [{"type": "self", "string": "{{codeText}}"}]}, {"id": 13, "type": "view", "string": null, "attribute": {"class": ["d-flex", "align-items-center", "border-bottom", "padding-b-20", "padding-t-20", "fixed-height"], "hidden": "{{loginType?true:false}}"}, "referenceVariable": ["loginType?true:false"], "referenceFunction": [], "style": [], "inheritClass": null, "wxss": [], "page": null, "path": "D:\\WORK\\2021\\MPDF\\baseline\\ui\\樊登读书\\register.wxml", "child": [14, 15], "parent": 4, "matchString": [{"type": "attr", "string": "{{loginType?true:false}}"}, {"type": "relation", "string": "密码"}]}, {"id": 14, "type": "view", "string": "密码", "attribute": {"class": ["picker", "margin-r-50"]}, "referenceVariable": [], "referenceFunction": [], "style": [], "inheritClass": null, "wxss": [], "page": null, "path": "D:\\WORK\\2021\\MPDF\\baseline\\ui\\樊登读书\\register.wxml", "child": [], "parent": 13, "matchString": [{"type": "self", "string": "密码"}]}, {"id": 15, "type": "input", "string": null, "attribute": {"bindinput": "passwordVal", "class": ["flex-auto"], "type": "password"}, "referenceVariable": [], "referenceFunction": ["passwordVal"], "style": [], "inheritClass": null, "wxss": [], "page": null, "path": "D:\\WORK\\2021\\MPDF\\baseline\\ui\\樊登读书\\register.wxml", "child": [], "parent": 13, "matchString": []}, {"id": 16, "type": "view", "string": "登 录", "attribute": {"bindtap": "login", "class": ["d-flex", "justify-content-center", "margin-t-100", "margin-l-80", "margin-r-80", "font-size-40", "{{loginStyle}}"]}, "referenceVariable": ["loginStyle"], "referenceFunction": ["login"], "style": [], "inheritClass": null, "wxss": [], "page": null, "path": "D:\\WORK\\2021\\MPDF\\baseline\\ui\\樊登读书\\register.wxml", "child": [], "parent": 1, "matchString": [{"type": "self", "string": "登 录"}, {"type": "relation", "string": "登 录"}]}, {"id": 17, "type": "view", "string": null, "attribute": {"class": ["d-flex", "justify-content-center", "margin-t-30", "font-l2-color", "font-size-26"]}, "referenceVariable": [], "referenceFunction": [], "style": [], "inheritClass": null, "wxss": [], "page": null, "path": "D:\\WORK\\2021\\MPDF\\baseline\\ui\\樊登读书\\register.wxml", "child": [18, 19], "parent": 1, "matchString": [{"type": "relation", "string": "登录表示您已同意"}, {"type": "relation", "string": "用户服务协议"}]}, {"id": 18, "type": "view", "string": "登录表示您已同意", "attribute": {}, "referenceVariable": [], "referenceFunction": [], "style": [], "inheritClass": null, "wxss": [], "page": null, "path": "D:\\WORK\\2021\\MPDF\\baseline\\ui\\樊登读书\\register.wxml", "child": [], "parent": 17, "matchString": [{"type": "self", "string": "登录表示您已同意"}]}, {"id": 19, "type": "view", "string": "用户服务协议", "attribute": {"bindtap": "agreeMent", "class": ["agreement"]}, "referenceVariable": [], "referenceFunction": ["agreeMent"], "style": [], "inheritClass": null, "wxss": [], "page": null, "path": "D:\\WORK\\2021\\MPDF\\baseline\\ui\\樊登读书\\register.wxml", "child": [], "parent": 17, "matchString": [{"type": "self", "string": "用户服务协议"}]}, {"id": 20, "type": "agreement", "string": null, "attribute": {"modal": "{{modal}}"}, "referenceVariable": ["modal"], "referenceFunction": [], "style": [], "inheritClass": null, "wxss": [], "page": null, "path": "D:\\WORK\\2021\\MPDF\\baseline\\ui\\樊登读书\\register.wxml", "child": [], "parent": 0, "matchString": [{"type": "attr", "string": "{{modal}}"}]}]