{"definedData":[],"dynamicDefinedData":[{"shadowObjectVar":"__object__3","dynamicDefinedProps":[{"propName":".setData","readShadows":[{"shadowVar":{"id":-773,"declaredName":"__object__3.setData","file":"/pages/activities/detail.js","type":"normal"},"readAccess":[{"leftVar":[{"id":26556,"declaredName":"a","declaredLoc":{"line":19,"column":12},"file":"/pages/activities/detail.js","type":"normal"}],"readFlow":[{"type":"assign to","from":{"name":"this","loc":{"line":19,"column":16},"id":26557,"file":"D:\\WORK\\2022\\论文相关\\TOSEM\\MiniApp-review\\flow-baseline\\datasetPopular\\if试用\\__APP__/pages/activities/detail.js"},"to":{"name":"a","loc":{"line":19,"column":12},"id":26556,"file":"D:\\WORK\\2022\\论文相关\\TOSEM\\MiniApp-review\\flow-baseline\\datasetPopular\\if试用\\__APP__/pages/activities/detail.js"}}]},{"leftVar":[{"id":26602,"declaredName":"a","declaredLoc":{"line":30,"column":12},"file":"/pages/activities/detail.js","type":"normal"}],"readFlow":[{"type":"assign to","from":{"name":"this","loc":{"line":30,"column":16},"id":26603,"file":"D:\\WORK\\2022\\论文相关\\TOSEM\\MiniApp-review\\flow-baseline\\datasetPopular\\if试用\\__APP__/pages/activities/detail.js"},"to":{"name":"a","loc":{"line":30,"column":12},"id":26602,"file":"D:\\WORK\\2022\\论文相关\\TOSEM\\MiniApp-review\\flow-baseline\\datasetPopular\\if试用\\__APP__/pages/activities/detail.js"}}]},{"leftVar":[{"id":26935,"declaredName":"a","declaredLoc":{"line":75,"column":12},"file":"/pages/activities/detail.js","type":"normal"}],"readFlow":[{"type":"assign to","from":{"name":"this","loc":{"line":75,"column":16},"id":26936,"file":"D:\\WORK\\2022\\论文相关\\TOSEM\\MiniApp-review\\flow-baseline\\datasetPopular\\if试用\\__APP__/pages/activities/detail.js"},"to":{"name":"a","loc":{"line":75,"column":12},"id":26935,"file":"D:\\WORK\\2022\\论文相关\\TOSEM\\MiniApp-review\\flow-baseline\\datasetPopular\\if试用\\__APP__/pages/activities/detail.js"}}]},{"leftVar":[{"id":27012,"declaredName":"t","declaredLoc":{"line":85,"column":12},"file":"/pages/activities/detail.js","type":"normal"}],"readFlow":[{"type":"assign to","from":{"name":"this","loc":{"line":85,"column":16},"id":27013,"file":"D:\\WORK\\2022\\论文相关\\TOSEM\\MiniApp-review\\flow-baseline\\datasetPopular\\if试用\\__APP__/pages/activities/detail.js"},"to":{"name":"t","loc":{"line":85,"column":12},"id":27012,"file":"D:\\WORK\\2022\\论文相关\\TOSEM\\MiniApp-review\\flow-baseline\\datasetPopular\\if试用\\__APP__/pages/activities/detail.js"}}]},{"leftVar":[{"id":27072,"declaredName":"s","declaredLoc":{"line":97,"column":12},"file":"/pages/activities/detail.js","type":"normal"}],"readFlow":[{"type":"assign to","from":{"name":"this","loc":{"line":97,"column":16},"id":27073,"file":"D:\\WORK\\2022\\论文相关\\TOSEM\\MiniApp-review\\flow-baseline\\datasetPopular\\if试用\\__APP__/pages/activities/detail.js"},"to":{"name":"s","loc":{"line":97,"column":12},"id":27072,"file":"D:\\WORK\\2022\\论文相关\\TOSEM\\MiniApp-review\\flow-baseline\\datasetPopular\\if试用\\__APP__/pages/activities/detail.js"}}]},{"leftVar":[{"id":27239,"declaredName":"a","declaredLoc":{"line":115,"column":12},"file":"/pages/activities/detail.js","type":"normal"}],"readFlow":[{"type":"assign to","from":{"name":"this","loc":{"line":115,"column":16},"id":27240,"file":"D:\\WORK\\2022\\论文相关\\TOSEM\\MiniApp-review\\flow-baseline\\datasetPopular\\if试用\\__APP__/pages/activities/detail.js"},"to":{"name":"a","loc":{"line":115,"column":12},"id":27239,"file":"D:\\WORK\\2022\\论文相关\\TOSEM\\MiniApp-review\\flow-baseline\\datasetPopular\\if试用\\__APP__/pages/activities/detail.js"}}]},{"leftVar":[{"id":27296,"declaredName":"a","declaredLoc":{"line":123,"column":12},"file":"/pages/activities/detail.js","type":"normal"}],"readFlow":[{"type":"assign to","from":{"name":"this","loc":{"line":123,"column":16},"id":27297,"file":"D:\\WORK\\2022\\论文相关\\TOSEM\\MiniApp-review\\flow-baseline\\datasetPopular\\if试用\\__APP__/pages/activities/detail.js"},"to":{"name":"a","loc":{"line":123,"column":12},"id":27296,"file":"D:\\WORK\\2022\\论文相关\\TOSEM\\MiniApp-review\\flow-baseline\\datasetPopular\\if试用\\__APP__/pages/activities/detail.js"}}]},{"leftVar":[{"id":27406,"declaredName":"t","declaredLoc":{"line":143,"column":12},"file":"/pages/activities/detail.js","type":"normal"}],"readFlow":[{"type":"assign to","from":{"name":"this","loc":{"line":143,"column":16},"id":27407,"file":"D:\\WORK\\2022\\论文相关\\TOSEM\\MiniApp-review\\flow-baseline\\datasetPopular\\if试用\\__APP__/pages/activities/detail.js"},"to":{"name":"t","loc":{"line":143,"column":12},"id":27406,"file":"D:\\WORK\\2022\\论文相关\\TOSEM\\MiniApp-review\\flow-baseline\\datasetPopular\\if试用\\__APP__/pages/activities/detail.js"}}]},{"leftVar":[{"id":27443,"declaredName":"t","declaredLoc":{"line":152,"column":12},"file":"/pages/activities/detail.js","type":"normal"}],"readFlow":[{"type":"assign to","from":{"name":"this","loc":{"line":152,"column":16},"id":27444,"file":"D:\\WORK\\2022\\论文相关\\TOSEM\\MiniApp-review\\flow-baseline\\datasetPopular\\if试用\\__APP__/pages/activities/detail.js"},"to":{"name":"t","loc":{"line":152,"column":12},"id":27443,"file":"D:\\WORK\\2022\\论文相关\\TOSEM\\MiniApp-review\\flow-baseline\\datasetPopular\\if试用\\__APP__/pages/activities/detail.js"}}]}]}],"writeShadows":[{"shadowVar":{"id":-773,"declaredName":"__object__3.setData","file":"/pages/activities/detail.js","type":"normal"},"writeAccess":[]}]},{"propName":".canvertData","readShadows":[{"shadowVar":{"id":26742,"declaredName":"__object__3.canvertData","declaredLoc":{"line":56,"column":4},"file":"/pages/activities/detail.js","type":"normal"},"readAccess":[{"leftVar":[{"id":27557,"declaredName":"a","declaredLoc":{"line":177,"column":20},"file":"/pages/activities/detail.js","type":"normal"}],"readFlow":[{"type":"assign to","from":{"name":"t.canvertData","loc":{"line":177,"column":24},"id":27559,"file":"D:\\WORK\\2022\\论文相关\\TOSEM\\MiniApp-review\\flow-baseline\\datasetPopular\\if试用\\__APP__/pages/activities/detail.js"},"to":{"name":"a","loc":{"line":177,"column":20},"id":27557,"file":"D:\\WORK\\2022\\论文相关\\TOSEM\\MiniApp-review\\flow-baseline\\datasetPopular\\if试用\\__APP__/pages/activities/detail.js"}},{"type":"read","from":{"name":"a","loc":{"line":177,"column":20},"id":27557,"file":"D:\\WORK\\2022\\论文相关\\TOSEM\\MiniApp-review\\flow-baseline\\datasetPopular\\if试用\\__APP__/pages/activities/detail.js"},"to":{"name":"a","loc":{"line":179,"column":33},"id":27573,"file":"D:\\WORK\\2022\\论文相关\\TOSEM\\MiniApp-review\\flow-baseline\\datasetPopular\\if试用\\__APP__/pages/activities/detail.js"}},{"type":"assign to","from":{"name":"a","loc":{"line":179,"column":33},"id":27573,"file":"D:\\WORK\\2022\\论文相关\\TOSEM\\MiniApp-review\\flow-baseline\\datasetPopular\\if试用\\__APP__/pages/activities/detail.js"},"to":{"name":"collectInfo","loc":{"line":179,"column":20},"id":27572,"file":"D:\\WORK\\2022\\论文相关\\TOSEM\\MiniApp-review\\flow-baseline\\datasetPopular\\if试用\\__APP__/pages/activities/detail.js"}},{"type":"read","from":{"name":"a","loc":{"line":179,"column":33},"id":27573,"file":"D:\\WORK\\2022\\论文相关\\TOSEM\\MiniApp-review\\flow-baseline\\datasetPopular\\if试用\\__APP__/pages/activities/detail.js"},"to":{"name":"a","loc":{"line":180,"column":71},"id":27582,"file":"D:\\WORK\\2022\\论文相关\\TOSEM\\MiniApp-review\\flow-baseline\\datasetPopular\\if试用\\__APP__/pages/activities/detail.js"}},{"type":"to callee","from":{"name":"collectInfo","loc":{"line":179,"column":20},"id":27572,"file":"D:\\WORK\\2022\\论文相关\\TOSEM\\MiniApp-review\\flow-baseline\\datasetPopular\\if试用\\__APP__/pages/activities/detail.js"},"to":{"name":"t.setData","loc":{"line":178,"column":16},"id":27567,"file":"D:\\WORK\\2022\\论文相关\\TOSEM\\MiniApp-review\\flow-baseline\\datasetPopular\\if试用\\__APP__/pages/activities/detail.js"}}]}]}],"writeShadows":[{"shadowVar":{"id":26742,"declaredName":"__object__3.canvertData","declaredLoc":{"line":56,"column":4},"file":"/pages/activities/detail.js","type":"normal"},"writeAccess":[]}]}]}]}