{"definedData":[],"dynamicDefinedData":[{"shadowObjectVar":"__object__3","dynamicDefinedProps":[{"propName":".setData","readShadows":[{"shadowVar":{"id":-814,"declaredName":"__object__3.setData","file":"/pages/activities/index.js","type":"normal"},"readAccess":[{"leftVar":[{"id":27685,"declaredName":"e","declaredLoc":{"line":20,"column":87},"file":"/pages/activities/index.js","type":"normal"}],"readFlow":[{"type":"assign to","from":{"name":"this","loc":{"line":20,"column":91},"id":27686,"file":"D:\\WORK\\2022\\论文相关\\TOSEM\\MiniApp-review\\flow-baseline\\datasetPopular\\if试用\\__APP__/pages/activities/index.js"},"to":{"name":"e","loc":{"line":20,"column":87},"id":27685,"file":"D:\\WORK\\2022\\论文相关\\TOSEM\\MiniApp-review\\flow-baseline\\datasetPopular\\if试用\\__APP__/pages/activities/index.js"}}]}]}],"writeShadows":[{"shadowVar":{"id":-814,"declaredName":"__object__3.setData","file":"/pages/activities/index.js","type":"normal"},"writeAccess":[]}]},{"propName":".canvertData","readShadows":[{"shadowVar":{"id":27829,"declaredName":"__object__3.canvertData","declaredLoc":{"line":45,"column":4},"file":"/pages/activities/index.js","type":"normal"},"readAccess":[{"leftVar":[{"id":27744,"declaredName":"n","declaredLoc":{"line":29,"column":20},"file":"/pages/activities/index.js","type":"normal"}],"readFlow":[{"type":"assign to","from":{"name":"e.canvertData","loc":{"line":29,"column":24},"id":27746,"file":"D:\\WORK\\2022\\论文相关\\TOSEM\\MiniApp-review\\flow-baseline\\datasetPopular\\if试用\\__APP__/pages/activities/index.js"},"to":{"name":"n","loc":{"line":29,"column":20},"id":27744,"file":"D:\\WORK\\2022\\论文相关\\TOSEM\\MiniApp-review\\flow-baseline\\datasetPopular\\if试用\\__APP__/pages/activities/index.js"}},{"type":"read","from":{"name":"n","loc":{"line":29,"column":20},"id":27744,"file":"D:\\WORK\\2022\\论文相关\\TOSEM\\MiniApp-review\\flow-baseline\\datasetPopular\\if试用\\__APP__/pages/activities/index.js"},"to":{"name":"n.list.length","loc":{"line":30,"column":21},"id":27756,"file":"D:\\WORK\\2022\\论文相关\\TOSEM\\MiniApp-review\\flow-baseline\\datasetPopular\\if试用\\__APP__/pages/activities/index.js"}},{"type":"read","from":{"name":"n.list.length","loc":{"line":30,"column":21},"id":27756,"file":"D:\\WORK\\2022\\论文相关\\TOSEM\\MiniApp-review\\flow-baseline\\datasetPopular\\if试用\\__APP__/pages/activities/index.js"},"to":{"name":"n.list","loc":{"line":33,"column":24},"id":27773,"file":"D:\\WORK\\2022\\论文相关\\TOSEM\\MiniApp-review\\flow-baseline\\datasetPopular\\if试用\\__APP__/pages/activities/index.js"}},{"type":"read","from":{"name":"n.list","loc":{"line":33,"column":24},"id":27773,"file":"D:\\WORK\\2022\\论文相关\\TOSEM\\MiniApp-review\\flow-baseline\\datasetPopular\\if试用\\__APP__/pages/activities/index.js"},"to":{"name":"n.users","loc":{"line":36,"column":49},"id":27812,"file":"D:\\WORK\\2022\\论文相关\\TOSEM\\MiniApp-review\\flow-baseline\\datasetPopular\\if试用\\__APP__/pages/activities/index.js"}},{"type":"assign to","from":{"name":"n.list","loc":{"line":33,"column":24},"id":27773,"file":"D:\\WORK\\2022\\论文相关\\TOSEM\\MiniApp-review\\flow-baseline\\datasetPopular\\if试用\\__APP__/pages/activities/index.js"},"to":{"name":"s","loc":{"line":33,"column":20},"id":27772,"file":"D:\\WORK\\2022\\论文相关\\TOSEM\\MiniApp-review\\flow-baseline\\datasetPopular\\if试用\\__APP__/pages/activities/index.js"}},{"type":"read","from":{"name":"s","loc":{"line":33,"column":20},"id":27772,"file":"D:\\WORK\\2022\\论文相关\\TOSEM\\MiniApp-review\\flow-baseline\\datasetPopular\\if试用\\__APP__/pages/activities/index.js"},"to":{"name":"s","loc":{"line":34,"column":50},"id":27792,"file":"D:\\WORK\\2022\\论文相关\\TOSEM\\MiniApp-review\\flow-baseline\\datasetPopular\\if试用\\__APP__/pages/activities/index.js"}},{"type":"to callee","from":{"name":"n.users","loc":{"line":36,"column":49},"id":27812,"file":"D:\\WORK\\2022\\论文相关\\TOSEM\\MiniApp-review\\flow-baseline\\datasetPopular\\if试用\\__APP__/pages/activities/index.js"},"to":{"name":"t.merge","loc":{"line":36,"column":27},"id":27804,"file":"D:\\WORK\\2022\\论文相关\\TOSEM\\MiniApp-review\\flow-baseline\\datasetPopular\\if试用\\__APP__/pages/activities/index.js"}}]}]}],"writeShadows":[{"shadowVar":{"id":27829,"declaredName":"__object__3.canvertData","declaredLoc":{"line":45,"column":4},"file":"/pages/activities/index.js","type":"normal"},"writeAccess":[]}]}]}]}