{"definedData":[],"dynamicDefinedData":[{"shadowObjectVar":"__object__3","dynamicDefinedProps":[{"propName":".setData","readShadows":[{"shadowVar":{"id":-974,"declaredName":"__object__3.setData","file":"/pages/demo/detail.js","type":"normal"},"readAccess":[{"leftVar":[{"id":28376,"declaredName":"s","declaredLoc":{"line":17,"column":12},"file":"/pages/demo/detail.js","type":"normal"}],"readFlow":[{"type":"assign to","from":{"name":"this","loc":{"line":17,"column":16},"id":28377,"file":"D:\\WORK\\2022\\论文相关\\TOSEM\\MiniApp-review\\flow-baseline\\datasetPopular\\if试用\\__APP__/pages/demo/detail.js"},"to":{"name":"s","loc":{"line":17,"column":12},"id":28376,"file":"D:\\WORK\\2022\\论文相关\\TOSEM\\MiniApp-review\\flow-baseline\\datasetPopular\\if试用\\__APP__/pages/demo/detail.js"}}]}]}],"writeShadows":[{"shadowVar":{"id":-974,"declaredName":"__object__3.setData","file":"/pages/demo/detail.js","type":"normal"},"writeAccess":[]}]},{"propName":".canvertData","readShadows":[{"shadowVar":{"id":28482,"declaredName":"__object__3.canvertData","declaredLoc":{"line":39,"column":4},"file":"/pages/demo/detail.js","type":"normal"},"readAccess":[{"leftVar":[{"id":28411,"declaredName":"e","declaredLoc":{"line":25,"column":20},"file":"/pages/demo/detail.js","type":"normal"}],"readFlow":[{"type":"assign to","from":{"name":"s.canvertData","loc":{"line":25,"column":24},"id":28413,"file":"D:\\WORK\\2022\\论文相关\\TOSEM\\MiniApp-review\\flow-baseline\\datasetPopular\\if试用\\__APP__/pages/demo/detail.js"},"to":{"name":"e","loc":{"line":25,"column":20},"id":28411,"file":"D:\\WORK\\2022\\论文相关\\TOSEM\\MiniApp-review\\flow-baseline\\datasetPopular\\if试用\\__APP__/pages/demo/detail.js"}},{"type":"read","from":{"name":"e","loc":{"line":25,"column":20},"id":28411,"file":"D:\\WORK\\2022\\论文相关\\TOSEM\\MiniApp-review\\flow-baseline\\datasetPopular\\if试用\\__APP__/pages/demo/detail.js"},"to":{"name":"e","loc":{"line":27,"column":29},"id":28427,"file":"D:\\WORK\\2022\\论文相关\\TOSEM\\MiniApp-review\\flow-baseline\\datasetPopular\\if试用\\__APP__/pages/demo/detail.js"}},{"type":"assign to","from":{"name":"e","loc":{"line":27,"column":29},"id":28427,"file":"D:\\WORK\\2022\\论文相关\\TOSEM\\MiniApp-review\\flow-baseline\\datasetPopular\\if试用\\__APP__/pages/demo/detail.js"},"to":{"name":"content","loc":{"line":27,"column":20},"id":28426,"file":"D:\\WORK\\2022\\论文相关\\TOSEM\\MiniApp-review\\flow-baseline\\datasetPopular\\if试用\\__APP__/pages/demo/detail.js"}},{"type":"to callee","from":{"name":"content","loc":{"line":27,"column":20},"id":28426,"file":"D:\\WORK\\2022\\论文相关\\TOSEM\\MiniApp-review\\flow-baseline\\datasetPopular\\if试用\\__APP__/pages/demo/detail.js"},"to":{"name":"s.setData","loc":{"line":26,"column":16},"id":28421,"file":"D:\\WORK\\2022\\论文相关\\TOSEM\\MiniApp-review\\flow-baseline\\datasetPopular\\if试用\\__APP__/pages/demo/detail.js"}}]}]}],"writeShadows":[{"shadowVar":{"id":28482,"declaredName":"__object__3.canvertData","declaredLoc":{"line":39,"column":4},"file":"/pages/demo/detail.js","type":"normal"},"writeAccess":[]}]}]}]}