{"definedData":[],"dynamicDefinedData":[{"shadowObjectVar":"__object__5","dynamicDefinedProps":[{"propName":".setData","readShadows":[{"shadowVar":{"id":-46,"declaredName":"__object__5.setData","file":"/pages/login.js","type":"normal"},"readAccess":[{"leftVar":[{"id":584,"declaredName":"o","declaredLoc":{"line":11,"column":12},"file":"/pages/login.js","type":"normal"}],"readFlow":[{"type":"assign to","from":{"name":"this","loc":{"line":11,"column":16},"id":585,"file":"D:\\WORK\\2022\\论文相关\\TOSEM\\MiniApp-review\\flow-baseline\\datasetPopular\\if试用\\__APP__/pages/login.js"},"to":{"name":"o","loc":{"line":11,"column":12},"id":584,"file":"D:\\WORK\\2022\\论文相关\\TOSEM\\MiniApp-review\\flow-baseline\\datasetPopular\\if试用\\__APP__/pages/login.js"}}]},{"leftVar":[{"id":648,"declaredName":"e","declaredLoc":{"line":28,"column":12},"file":"/pages/login.js","type":"normal"}],"readFlow":[{"type":"assign to","from":{"name":"this","loc":{"line":28,"column":16},"id":649,"file":"D:\\WORK\\2022\\论文相关\\TOSEM\\MiniApp-review\\flow-baseline\\datasetPopular\\if试用\\__APP__/pages/login.js"},"to":{"name":"e","loc":{"line":28,"column":12},"id":648,"file":"D:\\WORK\\2022\\论文相关\\TOSEM\\MiniApp-review\\flow-baseline\\datasetPopular\\if试用\\__APP__/pages/login.js"}}]},{"leftVar":[{"id":947,"declaredName":"o","declaredLoc":{"line":92,"column":12},"file":"/pages/login.js","type":"normal"}],"readFlow":[{"type":"assign to","from":{"name":"this","loc":{"line":92,"column":16},"id":948,"file":"D:\\WORK\\2022\\论文相关\\TOSEM\\MiniApp-review\\flow-baseline\\datasetPopular\\if试用\\__APP__/pages/login.js"},"to":{"name":"o","loc":{"line":92,"column":12},"id":947,"file":"D:\\WORK\\2022\\论文相关\\TOSEM\\MiniApp-review\\flow-baseline\\datasetPopular\\if试用\\__APP__/pages/login.js"}}]},{"leftVar":[{"id":1030,"declaredName":"t","declaredLoc":{"line":103,"column":12},"file":"/pages/login.js","type":"normal"}],"readFlow":[{"type":"assign to","from":{"name":"this","loc":{"line":103,"column":16},"id":1031,"file":"D:\\WORK\\2022\\论文相关\\TOSEM\\MiniApp-review\\flow-baseline\\datasetPopular\\if试用\\__APP__/pages/login.js"},"to":{"name":"t","loc":{"line":103,"column":12},"id":1030,"file":"D:\\WORK\\2022\\论文相关\\TOSEM\\MiniApp-review\\flow-baseline\\datasetPopular\\if试用\\__APP__/pages/login.js"}}]}]}],"writeShadows":[{"shadowVar":{"id":-46,"declaredName":"__object__5.setData","file":"/pages/login.js","type":"normal"},"writeAccess":[]}]}]}]}