{"definedData":[],"dynamicDefinedData":[{"shadowObjectVar":"__object__3","dynamicDefinedProps":[{"propName":".setData","readShadows":[{"shadowVar":{"id":-1059,"declaredName":"__object__3.setData","file":"/pages/demo/mytry.js","type":"normal"},"readAccess":[{"leftVar":[{"id":28763,"declaredName":"a","declaredLoc":{"line":17,"column":12},"file":"/pages/demo/mytry.js","type":"normal"}],"readFlow":[{"type":"assign to","from":{"name":"this","loc":{"line":17,"column":16},"id":28764,"file":"D:\\WORK\\2022\\论文相关\\TOSEM\\MiniApp-review\\flow-baseline\\datasetPopular\\if试用\\__APP__/pages/demo/mytry.js"},"to":{"name":"a","loc":{"line":17,"column":12},"id":28763,"file":"D:\\WORK\\2022\\论文相关\\TOSEM\\MiniApp-review\\flow-baseline\\datasetPopular\\if试用\\__APP__/pages/demo/mytry.js"}}]},{"leftVar":[{"id":28933,"declaredName":"a","declaredLoc":{"line":40,"column":87},"file":"/pages/demo/mytry.js","type":"normal"}],"readFlow":[{"type":"assign to","from":{"name":"this","loc":{"line":40,"column":91},"id":28934,"file":"D:\\WORK\\2022\\论文相关\\TOSEM\\MiniApp-review\\flow-baseline\\datasetPopular\\if试用\\__APP__/pages/demo/mytry.js"},"to":{"name":"a","loc":{"line":40,"column":87},"id":28933,"file":"D:\\WORK\\2022\\论文相关\\TOSEM\\MiniApp-review\\flow-baseline\\datasetPopular\\if试用\\__APP__/pages/demo/mytry.js"}}]},{"leftVar":[{"id":28979,"declaredName":"n","declaredLoc":{"line":44,"column":87},"file":"/pages/demo/mytry.js","type":"normal"}],"readFlow":[{"type":"assign to","from":{"name":"this","loc":{"line":44,"column":91},"id":28980,"file":"D:\\WORK\\2022\\论文相关\\TOSEM\\MiniApp-review\\flow-baseline\\datasetPopular\\if试用\\__APP__/pages/demo/mytry.js"},"to":{"name":"n","loc":{"line":44,"column":87},"id":28979,"file":"D:\\WORK\\2022\\论文相关\\TOSEM\\MiniApp-review\\flow-baseline\\datasetPopular\\if试用\\__APP__/pages/demo/mytry.js"}}]},{"leftVar":[{"id":29110,"declaredName":"n","declaredLoc":{"line":66,"column":87},"file":"/pages/demo/mytry.js","type":"normal"}],"readFlow":[{"type":"assign to","from":{"name":"this","loc":{"line":66,"column":91},"id":29111,"file":"D:\\WORK\\2022\\论文相关\\TOSEM\\MiniApp-review\\flow-baseline\\datasetPopular\\if试用\\__APP__/pages/demo/mytry.js"},"to":{"name":"n","loc":{"line":66,"column":87},"id":29110,"file":"D:\\WORK\\2022\\论文相关\\TOSEM\\MiniApp-review\\flow-baseline\\datasetPopular\\if试用\\__APP__/pages/demo/mytry.js"}}]}]}],"writeShadows":[{"shadowVar":{"id":-1059,"declaredName":"__object__3.setData","file":"/pages/demo/mytry.js","type":"normal"},"writeAccess":[]}]},{"propName":".canvertData","readShadows":[{"shadowVar":{"id":29217,"declaredName":"__object__3.canvertData","declaredLoc":{"line":87,"column":4},"file":"/pages/demo/mytry.js","type":"normal"},"readAccess":[{"leftVar":[{"id":29020,"declaredName":"a","declaredLoc":{"line":52,"column":20},"file":"/pages/demo/mytry.js","type":"normal"}],"readFlow":[{"type":"assign to","from":{"name":"n.canvertData","loc":{"line":52,"column":24},"id":29022,"file":"D:\\WORK\\2022\\论文相关\\TOSEM\\MiniApp-review\\flow-baseline\\datasetPopular\\if试用\\__APP__/pages/demo/mytry.js"},"to":{"name":"a","loc":{"line":52,"column":20},"id":29020,"file":"D:\\WORK\\2022\\论文相关\\TOSEM\\MiniApp-review\\flow-baseline\\datasetPopular\\if试用\\__APP__/pages/demo/mytry.js"}},{"type":"read","from":{"name":"a","loc":{"line":52,"column":20},"id":29020,"file":"D:\\WORK\\2022\\论文相关\\TOSEM\\MiniApp-review\\flow-baseline\\datasetPopular\\if试用\\__APP__/pages/demo/mytry.js"},"to":{"name":"a.list.length","loc":{"line":53,"column":21},"id":29032,"file":"D:\\WORK\\2022\\论文相关\\TOSEM\\MiniApp-review\\flow-baseline\\datasetPopular\\if试用\\__APP__/pages/demo/mytry.js"}},{"type":"read","from":{"name":"a.list.length","loc":{"line":53,"column":21},"id":29032,"file":"D:\\WORK\\2022\\论文相关\\TOSEM\\MiniApp-review\\flow-baseline\\datasetPopular\\if试用\\__APP__/pages/demo/mytry.js"},"to":{"name":"a.list","loc":{"line":56,"column":24},"id":29049,"file":"D:\\WORK\\2022\\论文相关\\TOSEM\\MiniApp-review\\flow-baseline\\datasetPopular\\if试用\\__APP__/pages/demo/mytry.js"}},{"type":"assign to","from":{"name":"a.list","loc":{"line":56,"column":24},"id":29049,"file":"D:\\WORK\\2022\\论文相关\\TOSEM\\MiniApp-review\\flow-baseline\\datasetPopular\\if试用\\__APP__/pages/demo/mytry.js"},"to":{"name":"i","loc":{"line":56,"column":20},"id":29048,"file":"D:\\WORK\\2022\\论文相关\\TOSEM\\MiniApp-review\\flow-baseline\\datasetPopular\\if试用\\__APP__/pages/demo/mytry.js"}},{"type":"read","from":{"name":"i","loc":{"line":56,"column":20},"id":29048,"file":"D:\\WORK\\2022\\论文相关\\TOSEM\\MiniApp-review\\flow-baseline\\datasetPopular\\if试用\\__APP__/pages/demo/mytry.js"},"to":{"name":"i","loc":{"line":57,"column":59},"id":29068,"file":"D:\\WORK\\2022\\论文相关\\TOSEM\\MiniApp-review\\flow-baseline\\datasetPopular\\if试用\\__APP__/pages/demo/mytry.js"}}]},{"leftVar":[{"id":29151,"declaredName":"a","declaredLoc":{"line":74,"column":20},"file":"/pages/demo/mytry.js","type":"normal"}],"readFlow":[{"type":"assign to","from":{"name":"n.canvertData","loc":{"line":74,"column":24},"id":29153,"file":"D:\\WORK\\2022\\论文相关\\TOSEM\\MiniApp-review\\flow-baseline\\datasetPopular\\if试用\\__APP__/pages/demo/mytry.js"},"to":{"name":"a","loc":{"line":74,"column":20},"id":29151,"file":"D:\\WORK\\2022\\论文相关\\TOSEM\\MiniApp-review\\flow-baseline\\datasetPopular\\if试用\\__APP__/pages/demo/mytry.js"}},{"type":"read","from":{"name":"a","loc":{"line":74,"column":20},"id":29151,"file":"D:\\WORK\\2022\\论文相关\\TOSEM\\MiniApp-review\\flow-baseline\\datasetPopular\\if试用\\__APP__/pages/demo/mytry.js"},"to":{"name":"a.list.length","loc":{"line":75,"column":21},"id":29163,"file":"D:\\WORK\\2022\\论文相关\\TOSEM\\MiniApp-review\\flow-baseline\\datasetPopular\\if试用\\__APP__/pages/demo/mytry.js"}},{"type":"read","from":{"name":"a.list.length","loc":{"line":75,"column":21},"id":29163,"file":"D:\\WORK\\2022\\论文相关\\TOSEM\\MiniApp-review\\flow-baseline\\datasetPopular\\if试用\\__APP__/pages/demo/mytry.js"},"to":{"name":"a.list","loc":{"line":78,"column":24},"id":29180,"file":"D:\\WORK\\2022\\论文相关\\TOSEM\\MiniApp-review\\flow-baseline\\datasetPopular\\if试用\\__APP__/pages/demo/mytry.js"}},{"type":"assign to","from":{"name":"a.list","loc":{"line":78,"column":24},"id":29180,"file":"D:\\WORK\\2022\\论文相关\\TOSEM\\MiniApp-review\\flow-baseline\\datasetPopular\\if试用\\__APP__/pages/demo/mytry.js"},"to":{"name":"i","loc":{"line":78,"column":20},"id":29179,"file":"D:\\WORK\\2022\\论文相关\\TOSEM\\MiniApp-review\\flow-baseline\\datasetPopular\\if试用\\__APP__/pages/demo/mytry.js"}},{"type":"read","from":{"name":"i","loc":{"line":78,"column":20},"id":29179,"file":"D:\\WORK\\2022\\论文相关\\TOSEM\\MiniApp-review\\flow-baseline\\datasetPopular\\if试用\\__APP__/pages/demo/mytry.js"},"to":{"name":"i","loc":{"line":79,"column":54},"id":29199,"file":"D:\\WORK\\2022\\论文相关\\TOSEM\\MiniApp-review\\flow-baseline\\datasetPopular\\if试用\\__APP__/pages/demo/mytry.js"}}]}]}],"writeShadows":[{"shadowVar":{"id":29217,"declaredName":"__object__3.canvertData","declaredLoc":{"line":87,"column":4},"file":"/pages/demo/mytry.js","type":"normal"},"writeAccess":[]}]}]}]}