{"definedData":[],"dynamicDefinedData":[{"shadowObjectVar":"__object__3","dynamicDefinedProps":[{"propName":".setData","readShadows":[{"shadowVar":{"id":-1233,"declaredName":"__object__3.setData","file":"/pages/experience/expDetail.js","type":"normal"},"readAccess":[{"leftVar":[{"id":29908,"declaredName":"a","declaredLoc":{"line":17,"column":12},"file":"/pages/experience/expDetail.js","type":"normal"}],"readFlow":[{"type":"assign to","from":{"name":"this","loc":{"line":17,"column":16},"id":29909,"file":"D:\\WORK\\2022\\论文相关\\TOSEM\\MiniApp-review\\flow-baseline\\datasetPopular\\if试用\\__APP__/pages/experience/expDetail.js"},"to":{"name":"a","loc":{"line":17,"column":12},"id":29908,"file":"D:\\WORK\\2022\\论文相关\\TOSEM\\MiniApp-review\\flow-baseline\\datasetPopular\\if试用\\__APP__/pages/experience/expDetail.js"}}]},{"leftVar":[{"id":30014,"declaredName":"e","declaredLoc":{"line":37,"column":12},"file":"/pages/experience/expDetail.js","type":"normal"}],"readFlow":[{"type":"assign to","from":{"name":"this","loc":{"line":37,"column":16},"id":30015,"file":"D:\\WORK\\2022\\论文相关\\TOSEM\\MiniApp-review\\flow-baseline\\datasetPopular\\if试用\\__APP__/pages/experience/expDetail.js"},"to":{"name":"e","loc":{"line":37,"column":12},"id":30014,"file":"D:\\WORK\\2022\\论文相关\\TOSEM\\MiniApp-review\\flow-baseline\\datasetPopular\\if试用\\__APP__/pages/experience/expDetail.js"}}]},{"leftVar":[{"id":30143,"declaredName":"t","declaredLoc":{"line":61,"column":12},"file":"/pages/experience/expDetail.js","type":"normal"}],"readFlow":[{"type":"assign to","from":{"name":"this","loc":{"line":61,"column":16},"id":30144,"file":"D:\\WORK\\2022\\论文相关\\TOSEM\\MiniApp-review\\flow-baseline\\datasetPopular\\if试用\\__APP__/pages/experience/expDetail.js"},"to":{"name":"t","loc":{"line":61,"column":12},"id":30143,"file":"D:\\WORK\\2022\\论文相关\\TOSEM\\MiniApp-review\\flow-baseline\\datasetPopular\\if试用\\__APP__/pages/experience/expDetail.js"}}]},{"leftVar":[{"id":30213,"declaredName":"e","declaredLoc":{"line":74,"column":16},"file":"/pages/experience/expDetail.js","type":"normal"}],"readFlow":[{"type":"assign to","from":{"name":"this","loc":{"line":74,"column":20},"id":30214,"file":"D:\\WORK\\2022\\论文相关\\TOSEM\\MiniApp-review\\flow-baseline\\datasetPopular\\if试用\\__APP__/pages/experience/expDetail.js"},"to":{"name":"e","loc":{"line":74,"column":16},"id":30213,"file":"D:\\WORK\\2022\\论文相关\\TOSEM\\MiniApp-review\\flow-baseline\\datasetPopular\\if试用\\__APP__/pages/experience/expDetail.js"}}]},{"leftVar":[{"id":30311,"declaredName":"e","declaredLoc":{"line":93,"column":12},"file":"/pages/experience/expDetail.js","type":"normal"}],"readFlow":[{"type":"assign to","from":{"name":"this","loc":{"line":93,"column":16},"id":30312,"file":"D:\\WORK\\2022\\论文相关\\TOSEM\\MiniApp-review\\flow-baseline\\datasetPopular\\if试用\\__APP__/pages/experience/expDetail.js"},"to":{"name":"e","loc":{"line":93,"column":12},"id":30311,"file":"D:\\WORK\\2022\\论文相关\\TOSEM\\MiniApp-review\\flow-baseline\\datasetPopular\\if试用\\__APP__/pages/experience/expDetail.js"}}]},{"leftVar":[{"id":30365,"declaredName":"a","declaredLoc":{"line":101,"column":12},"file":"/pages/experience/expDetail.js","type":"normal"}],"readFlow":[{"type":"assign to","from":{"name":"this","loc":{"line":101,"column":16},"id":30366,"file":"D:\\WORK\\2022\\论文相关\\TOSEM\\MiniApp-review\\flow-baseline\\datasetPopular\\if试用\\__APP__/pages/experience/expDetail.js"},"to":{"name":"a","loc":{"line":101,"column":12},"id":30365,"file":"D:\\WORK\\2022\\论文相关\\TOSEM\\MiniApp-review\\flow-baseline\\datasetPopular\\if试用\\__APP__/pages/experience/expDetail.js"}}]}]}],"writeShadows":[{"shadowVar":{"id":-1233,"declaredName":"__object__3.setData","file":"/pages/experience/expDetail.js","type":"normal"},"writeAccess":[]}]}]}]}