{"definedData":[],"dynamicDefinedData":[{"shadowObjectVar":"__object__3","dynamicDefinedProps":[{"propName":".setData","readShadows":[{"shadowVar":{"id":-1262,"declaredName":"__object__3.setData","file":"/pages/experience/expEvaluate.js","type":"normal"},"readAccess":[{"leftVar":[{"id":30604,"declaredName":"e","declaredLoc":{"line":17,"column":12},"file":"/pages/experience/expEvaluate.js","type":"normal"}],"readFlow":[{"type":"assign to","from":{"name":"this","loc":{"line":17,"column":16},"id":30605,"file":"D:\\WORK\\2022\\论文相关\\TOSEM\\MiniApp-review\\flow-baseline\\datasetPopular\\if试用\\__APP__/pages/experience/expEvaluate.js"},"to":{"name":"e","loc":{"line":17,"column":12},"id":30604,"file":"D:\\WORK\\2022\\论文相关\\TOSEM\\MiniApp-review\\flow-baseline\\datasetPopular\\if试用\\__APP__/pages/experience/expEvaluate.js"}},{"type":"read","from":{"name":"e","loc":{"line":17,"column":12},"id":30604,"file":"D:\\WORK\\2022\\论文相关\\TOSEM\\MiniApp-review\\flow-baseline\\datasetPopular\\if试用\\__APP__/pages/experience/expEvaluate.js"},"to":{"name":"e","loc":{"line":18,"column":104},"id":30620,"file":"D:\\WORK\\2022\\论文相关\\TOSEM\\MiniApp-review\\flow-baseline\\datasetPopular\\if试用\\__APP__/pages/experience/expEvaluate.js"}},{"type":"to callee","from":{"name":"e","loc":{"line":18,"column":104},"id":30620,"file":"D:\\WORK\\2022\\论文相关\\TOSEM\\MiniApp-review\\flow-baseline\\datasetPopular\\if试用\\__APP__/pages/experience/expEvaluate.js"},"to":{"name":"s.addNotification","loc":{"line":18,"column":29},"id":30613,"file":"D:\\WORK\\2022\\论文相关\\TOSEM\\MiniApp-review\\flow-baseline\\datasetPopular\\if试用\\__APP__/pages/experience/expEvaluate.js"}}]},{"leftVar":[{"id":30628,"declaredName":"e","declaredLoc":{"line":21,"column":12},"file":"/pages/experience/expEvaluate.js","type":"normal"}],"readFlow":[{"type":"assign to","from":{"name":"this","loc":{"line":21,"column":16},"id":30629,"file":"D:\\WORK\\2022\\论文相关\\TOSEM\\MiniApp-review\\flow-baseline\\datasetPopular\\if试用\\__APP__/pages/experience/expEvaluate.js"},"to":{"name":"e","loc":{"line":21,"column":12},"id":30628,"file":"D:\\WORK\\2022\\论文相关\\TOSEM\\MiniApp-review\\flow-baseline\\datasetPopular\\if试用\\__APP__/pages/experience/expEvaluate.js"}}]},{"leftVar":[{"id":30677,"declaredName":"a","declaredLoc":{"line":28,"column":12},"file":"/pages/experience/expEvaluate.js","type":"normal"}],"readFlow":[{"type":"assign to","from":{"name":"this","loc":{"line":28,"column":16},"id":30678,"file":"D:\\WORK\\2022\\论文相关\\TOSEM\\MiniApp-review\\flow-baseline\\datasetPopular\\if试用\\__APP__/pages/experience/expEvaluate.js"},"to":{"name":"a","loc":{"line":28,"column":12},"id":30677,"file":"D:\\WORK\\2022\\论文相关\\TOSEM\\MiniApp-review\\flow-baseline\\datasetPopular\\if试用\\__APP__/pages/experience/expEvaluate.js"}}]},{"leftVar":[{"id":30773,"declaredName":"a","declaredLoc":{"line":40,"column":12},"file":"/pages/experience/expEvaluate.js","type":"normal"}],"readFlow":[{"type":"assign to","from":{"name":"this","loc":{"line":40,"column":16},"id":30774,"file":"D:\\WORK\\2022\\论文相关\\TOSEM\\MiniApp-review\\flow-baseline\\datasetPopular\\if试用\\__APP__/pages/experience/expEvaluate.js"},"to":{"name":"a","loc":{"line":40,"column":12},"id":30773,"file":"D:\\WORK\\2022\\论文相关\\TOSEM\\MiniApp-review\\flow-baseline\\datasetPopular\\if试用\\__APP__/pages/experience/expEvaluate.js"}}]},{"leftVar":[{"id":30848,"declaredName":"a","declaredLoc":{"line":48,"column":17},"file":"/pages/experience/expEvaluate.js","type":"normal"}],"readFlow":[{"type":"assign to","from":{"name":"this","loc":{"line":48,"column":21},"id":30849,"file":"D:\\WORK\\2022\\论文相关\\TOSEM\\MiniApp-review\\flow-baseline\\datasetPopular\\if试用\\__APP__/pages/experience/expEvaluate.js"},"to":{"name":"a","loc":{"line":48,"column":17},"id":30848,"file":"D:\\WORK\\2022\\论文相关\\TOSEM\\MiniApp-review\\flow-baseline\\datasetPopular\\if试用\\__APP__/pages/experience/expEvaluate.js"}}]},{"leftVar":[{"id":30952,"declaredName":"t","declaredLoc":{"line":59,"column":12},"file":"/pages/experience/expEvaluate.js","type":"normal"}],"readFlow":[{"type":"assign to","from":{"name":"this","loc":{"line":59,"column":16},"id":30953,"file":"D:\\WORK\\2022\\论文相关\\TOSEM\\MiniApp-review\\flow-baseline\\datasetPopular\\if试用\\__APP__/pages/experience/expEvaluate.js"},"to":{"name":"t","loc":{"line":59,"column":12},"id":30952,"file":"D:\\WORK\\2022\\论文相关\\TOSEM\\MiniApp-review\\flow-baseline\\datasetPopular\\if试用\\__APP__/pages/experience/expEvaluate.js"}}]},{"leftVar":[{"id":31001,"declaredName":"t","declaredLoc":{"line":67,"column":12},"file":"/pages/experience/expEvaluate.js","type":"normal"}],"readFlow":[{"type":"assign to","from":{"name":"this","loc":{"line":67,"column":16},"id":31002,"file":"D:\\WORK\\2022\\论文相关\\TOSEM\\MiniApp-review\\flow-baseline\\datasetPopular\\if试用\\__APP__/pages/experience/expEvaluate.js"},"to":{"name":"t","loc":{"line":67,"column":12},"id":31001,"file":"D:\\WORK\\2022\\论文相关\\TOSEM\\MiniApp-review\\flow-baseline\\datasetPopular\\if试用\\__APP__/pages/experience/expEvaluate.js"}}]},{"leftVar":[{"id":31062,"declaredName":"a","declaredLoc":{"line":80,"column":12},"file":"/pages/experience/expEvaluate.js","type":"normal"}],"readFlow":[{"type":"assign to","from":{"name":"this","loc":{"line":80,"column":16},"id":31063,"file":"D:\\WORK\\2022\\论文相关\\TOSEM\\MiniApp-review\\flow-baseline\\datasetPopular\\if试用\\__APP__/pages/experience/expEvaluate.js"},"to":{"name":"a","loc":{"line":80,"column":12},"id":31062,"file":"D:\\WORK\\2022\\论文相关\\TOSEM\\MiniApp-review\\flow-baseline\\datasetPopular\\if试用\\__APP__/pages/experience/expEvaluate.js"}}]},{"leftVar":[{"id":31178,"declaredName":"i","declaredLoc":{"line":105,"column":12},"file":"/pages/experience/expEvaluate.js","type":"normal"}],"readFlow":[{"type":"assign to","from":{"name":"this","loc":{"line":105,"column":16},"id":31179,"file":"D:\\WORK\\2022\\论文相关\\TOSEM\\MiniApp-review\\flow-baseline\\datasetPopular\\if试用\\__APP__/pages/experience/expEvaluate.js"},"to":{"name":"i","loc":{"line":105,"column":12},"id":31178,"file":"D:\\WORK\\2022\\论文相关\\TOSEM\\MiniApp-review\\flow-baseline\\datasetPopular\\if试用\\__APP__/pages/experience/expEvaluate.js"}}]},{"leftVar":[{"id":31406,"declaredName":"s","declaredLoc":{"line":147,"column":12},"file":"/pages/experience/expEvaluate.js","type":"normal"}],"readFlow":[{"type":"assign to","from":{"name":"this","loc":{"line":147,"column":16},"id":31407,"file":"D:\\WORK\\2022\\论文相关\\TOSEM\\MiniApp-review\\flow-baseline\\datasetPopular\\if试用\\__APP__/pages/experience/expEvaluate.js"},"to":{"name":"s","loc":{"line":147,"column":12},"id":31406,"file":"D:\\WORK\\2022\\论文相关\\TOSEM\\MiniApp-review\\flow-baseline\\datasetPopular\\if试用\\__APP__/pages/experience/expEvaluate.js"}}]},{"leftVar":[{"id":31646,"declaredName":"t","declaredLoc":{"line":185,"column":12},"file":"/pages/experience/expEvaluate.js","type":"normal"}],"readFlow":[{"type":"assign to","from":{"name":"this","loc":{"line":185,"column":16},"id":31647,"file":"D:\\WORK\\2022\\论文相关\\TOSEM\\MiniApp-review\\flow-baseline\\datasetPopular\\if试用\\__APP__/pages/experience/expEvaluate.js"},"to":{"name":"t","loc":{"line":185,"column":12},"id":31646,"file":"D:\\WORK\\2022\\论文相关\\TOSEM\\MiniApp-review\\flow-baseline\\datasetPopular\\if试用\\__APP__/pages/experience/expEvaluate.js"}}]},{"leftVar":[{"id":31670,"declaredName":"e","declaredLoc":{"line":189,"column":12},"file":"/pages/experience/expEvaluate.js","type":"normal"}],"readFlow":[{"type":"assign to","from":{"name":"this","loc":{"line":189,"column":16},"id":31671,"file":"D:\\WORK\\2022\\论文相关\\TOSEM\\MiniApp-review\\flow-baseline\\datasetPopular\\if试用\\__APP__/pages/experience/expEvaluate.js"},"to":{"name":"e","loc":{"line":189,"column":12},"id":31670,"file":"D:\\WORK\\2022\\论文相关\\TOSEM\\MiniApp-review\\flow-baseline\\datasetPopular\\if试用\\__APP__/pages/experience/expEvaluate.js"}}]}]}],"writeShadows":[{"shadowVar":{"id":-1262,"declaredName":"__object__3.setData","file":"/pages/experience/expEvaluate.js","type":"normal"},"writeAccess":[]}]}]}]}