{"definedData":[],"dynamicDefinedData":[{"shadowObjectVar":"__object__5","dynamicDefinedProps":[{"propName":".setData","readShadows":[{"shadowVar":{"id":-1299,"declaredName":"__object__5.setData","file":"/pages/experience/trailDetail.js","type":"normal"},"readAccess":[{"leftVar":[{"id":31843,"declaredName":"e","declaredLoc":{"line":11,"column":12},"file":"/pages/experience/trailDetail.js","type":"normal"}],"readFlow":[{"type":"assign to","from":{"name":"this","loc":{"line":11,"column":16},"id":31844,"file":"D:\\WORK\\2022\\论文相关\\TOSEM\\MiniApp-review\\flow-baseline\\datasetPopular\\if试用\\__APP__/pages/experience/trailDetail.js"},"to":{"name":"e","loc":{"line":11,"column":12},"id":31843,"file":"D:\\WORK\\2022\\论文相关\\TOSEM\\MiniApp-review\\flow-baseline\\datasetPopular\\if试用\\__APP__/pages/experience/trailDetail.js"}}]},{"leftVar":[{"id":31893,"declaredName":"r","declaredLoc":{"line":22,"column":12},"file":"/pages/experience/trailDetail.js","type":"normal"}],"readFlow":[{"type":"assign to","from":{"name":"this","loc":{"line":22,"column":16},"id":31894,"file":"D:\\WORK\\2022\\论文相关\\TOSEM\\MiniApp-review\\flow-baseline\\datasetPopular\\if试用\\__APP__/pages/experience/trailDetail.js"},"to":{"name":"r","loc":{"line":22,"column":12},"id":31893,"file":"D:\\WORK\\2022\\论文相关\\TOSEM\\MiniApp-review\\flow-baseline\\datasetPopular\\if试用\\__APP__/pages/experience/trailDetail.js"}},{"type":"read","from":{"name":"r","loc":{"line":22,"column":12},"id":31893,"file":"D:\\WORK\\2022\\论文相关\\TOSEM\\MiniApp-review\\flow-baseline\\datasetPopular\\if试用\\__APP__/pages/experience/trailDetail.js"},"to":{"name":"r","loc":{"line":33,"column":65},"id":31947,"file":"D:\\WORK\\2022\\论文相关\\TOSEM\\MiniApp-review\\flow-baseline\\datasetPopular\\if试用\\__APP__/pages/experience/trailDetail.js"}},{"type":"to callee","from":{"name":"r","loc":{"line":33,"column":65},"id":31947,"file":"D:\\WORK\\2022\\论文相关\\TOSEM\\MiniApp-review\\flow-baseline\\datasetPopular\\if试用\\__APP__/pages/experience/trailDetail.js"},"to":{"name":"e.wxParse","loc":{"line":33,"column":20},"id":31937,"file":"D:\\WORK\\2022\\论文相关\\TOSEM\\MiniApp-review\\flow-baseline\\datasetPopular\\if试用\\__APP__/pages/experience/trailDetail.js"}}]}]}],"writeShadows":[{"shadowVar":{"id":-1299,"declaredName":"__object__5.setData","file":"/pages/experience/trailDetail.js","type":"normal"},"writeAccess":[]}]}]}]}