{"definedData":[],"dynamicDefinedData":[{"shadowObjectVar":"__object__5","dynamicDefinedProps":[{"propName":".setData","readShadows":[{"shadowVar":{"id":-1343,"declaredName":"__object__5.setData","file":"/pages/home/index.js","type":"normal"},"readAccess":[{"leftVar":[{"id":32094,"declaredName":"s","declaredLoc":{"line":12,"column":12},"file":"/pages/home/index.js","type":"normal"}],"readFlow":[{"type":"assign to","from":{"name":"this","loc":{"line":12,"column":16},"id":32095,"file":"D:\\WORK\\2022\\论文相关\\TOSEM\\MiniApp-review\\flow-baseline\\datasetPopular\\if试用\\__APP__/pages/home/index.js"},"to":{"name":"s","loc":{"line":12,"column":12},"id":32094,"file":"D:\\WORK\\2022\\论文相关\\TOSEM\\MiniApp-review\\flow-baseline\\datasetPopular\\if试用\\__APP__/pages/home/index.js"}}]},{"leftVar":[{"id":32152,"declaredName":"e","declaredLoc":{"line":25,"column":12},"file":"/pages/home/index.js","type":"normal"}],"readFlow":[{"type":"assign to","from":{"name":"this","loc":{"line":25,"column":16},"id":32153,"file":"D:\\WORK\\2022\\论文相关\\TOSEM\\MiniApp-review\\flow-baseline\\datasetPopular\\if试用\\__APP__/pages/home/index.js"},"to":{"name":"e","loc":{"line":25,"column":12},"id":32152,"file":"D:\\WORK\\2022\\论文相关\\TOSEM\\MiniApp-review\\flow-baseline\\datasetPopular\\if试用\\__APP__/pages/home/index.js"}}]},{"leftVar":[{"id":32263,"declaredName":"s","declaredLoc":{"line":44,"column":12},"file":"/pages/home/index.js","type":"normal"}],"readFlow":[{"type":"assign to","from":{"name":"this","loc":{"line":44,"column":16},"id":32264,"file":"D:\\WORK\\2022\\论文相关\\TOSEM\\MiniApp-review\\flow-baseline\\datasetPopular\\if试用\\__APP__/pages/home/index.js"},"to":{"name":"s","loc":{"line":44,"column":12},"id":32263,"file":"D:\\WORK\\2022\\论文相关\\TOSEM\\MiniApp-review\\flow-baseline\\datasetPopular\\if试用\\__APP__/pages/home/index.js"}}]},{"leftVar":[{"id":32316,"declaredName":"e","declaredLoc":{"line":58,"column":12},"file":"/pages/home/index.js","type":"normal"}],"readFlow":[{"type":"assign to","from":{"name":"this","loc":{"line":58,"column":16},"id":32317,"file":"D:\\WORK\\2022\\论文相关\\TOSEM\\MiniApp-review\\flow-baseline\\datasetPopular\\if试用\\__APP__/pages/home/index.js"},"to":{"name":"e","loc":{"line":58,"column":12},"id":32316,"file":"D:\\WORK\\2022\\论文相关\\TOSEM\\MiniApp-review\\flow-baseline\\datasetPopular\\if试用\\__APP__/pages/home/index.js"}}]},{"leftVar":[{"id":32378,"declaredName":"e","declaredLoc":{"line":74,"column":12},"file":"/pages/home/index.js","type":"normal"}],"readFlow":[{"type":"assign to","from":{"name":"this","loc":{"line":74,"column":16},"id":32379,"file":"D:\\WORK\\2022\\论文相关\\TOSEM\\MiniApp-review\\flow-baseline\\datasetPopular\\if试用\\__APP__/pages/home/index.js"},"to":{"name":"e","loc":{"line":74,"column":12},"id":32378,"file":"D:\\WORK\\2022\\论文相关\\TOSEM\\MiniApp-review\\flow-baseline\\datasetPopular\\if试用\\__APP__/pages/home/index.js"}}]},{"leftVar":[{"id":32449,"declaredName":"s","declaredLoc":{"line":92,"column":12},"file":"/pages/home/index.js","type":"normal"}],"readFlow":[{"type":"assign to","from":{"name":"this","loc":{"line":92,"column":16},"id":32450,"file":"D:\\WORK\\2022\\论文相关\\TOSEM\\MiniApp-review\\flow-baseline\\datasetPopular\\if试用\\__APP__/pages/home/index.js"},"to":{"name":"s","loc":{"line":92,"column":12},"id":32449,"file":"D:\\WORK\\2022\\论文相关\\TOSEM\\MiniApp-review\\flow-baseline\\datasetPopular\\if试用\\__APP__/pages/home/index.js"}}]},{"leftVar":[{"id":32475,"declaredName":"e","declaredLoc":{"line":98,"column":12},"file":"/pages/home/index.js","type":"normal"}],"readFlow":[{"type":"assign to","from":{"name":"this","loc":{"line":98,"column":16},"id":32476,"file":"D:\\WORK\\2022\\论文相关\\TOSEM\\MiniApp-review\\flow-baseline\\datasetPopular\\if试用\\__APP__/pages/home/index.js"},"to":{"name":"e","loc":{"line":98,"column":12},"id":32475,"file":"D:\\WORK\\2022\\论文相关\\TOSEM\\MiniApp-review\\flow-baseline\\datasetPopular\\if试用\\__APP__/pages/home/index.js"}}]}]}],"writeShadows":[{"shadowVar":{"id":-1343,"declaredName":"__object__5.setData","file":"/pages/home/index.js","type":"normal"},"writeAccess":[]}]}]}]}