{"definedData":[],"dynamicDefinedData":[{"shadowObjectVar":"__object__3","dynamicDefinedProps":[{"propName":".setData","readShadows":[{"shadowVar":{"id":-1368,"declaredName":"__object__3.setData","file":"/pages/home/myReports.js","type":"normal"},"readAccess":[{"leftVar":[{"id":32548,"declaredName":"e","declaredLoc":{"line":13,"column":12},"file":"/pages/home/myReports.js","type":"normal"}],"readFlow":[{"type":"assign to","from":{"name":"this","loc":{"line":13,"column":16},"id":32549,"file":"D:\\WORK\\2022\\论文相关\\TOSEM\\MiniApp-review\\flow-baseline\\datasetPopular\\if试用\\__APP__/pages/home/myReports.js"},"to":{"name":"e","loc":{"line":13,"column":12},"id":32548,"file":"D:\\WORK\\2022\\论文相关\\TOSEM\\MiniApp-review\\flow-baseline\\datasetPopular\\if试用\\__APP__/pages/home/myReports.js"}}]},{"leftVar":[{"id":32571,"declaredName":"t","declaredLoc":{"line":19,"column":12},"file":"/pages/home/myReports.js","type":"normal"}],"readFlow":[{"type":"assign to","from":{"name":"this","loc":{"line":19,"column":16},"id":32572,"file":"D:\\WORK\\2022\\论文相关\\TOSEM\\MiniApp-review\\flow-baseline\\datasetPopular\\if试用\\__APP__/pages/home/myReports.js"},"to":{"name":"t","loc":{"line":19,"column":12},"id":32571,"file":"D:\\WORK\\2022\\论文相关\\TOSEM\\MiniApp-review\\flow-baseline\\datasetPopular\\if试用\\__APP__/pages/home/myReports.js"}}]},{"leftVar":[{"id":32610,"declaredName":"s","declaredLoc":{"line":23,"column":81},"file":"/pages/home/myReports.js","type":"normal"}],"readFlow":[{"type":"assign to","from":{"name":"this","loc":{"line":23,"column":85},"id":32611,"file":"D:\\WORK\\2022\\论文相关\\TOSEM\\MiniApp-review\\flow-baseline\\datasetPopular\\if试用\\__APP__/pages/home/myReports.js"},"to":{"name":"s","loc":{"line":23,"column":81},"id":32610,"file":"D:\\WORK\\2022\\论文相关\\TOSEM\\MiniApp-review\\flow-baseline\\datasetPopular\\if试用\\__APP__/pages/home/myReports.js"}}]},{"leftVar":[{"id":32791,"declaredName":"a","declaredLoc":{"line":53,"column":12},"file":"/pages/home/myReports.js","type":"normal"}],"readFlow":[{"type":"assign to","from":{"name":"this","loc":{"line":53,"column":16},"id":32792,"file":"D:\\WORK\\2022\\论文相关\\TOSEM\\MiniApp-review\\flow-baseline\\datasetPopular\\if试用\\__APP__/pages/home/myReports.js"},"to":{"name":"a","loc":{"line":53,"column":12},"id":32791,"file":"D:\\WORK\\2022\\论文相关\\TOSEM\\MiniApp-review\\flow-baseline\\datasetPopular\\if试用\\__APP__/pages/home/myReports.js"}}]},{"leftVar":[{"id":32848,"declaredName":"e","declaredLoc":{"line":61,"column":12},"file":"/pages/home/myReports.js","type":"normal"}],"readFlow":[{"type":"assign to","from":{"name":"this","loc":{"line":61,"column":16},"id":32849,"file":"D:\\WORK\\2022\\论文相关\\TOSEM\\MiniApp-review\\flow-baseline\\datasetPopular\\if试用\\__APP__/pages/home/myReports.js"},"to":{"name":"e","loc":{"line":61,"column":12},"id":32848,"file":"D:\\WORK\\2022\\论文相关\\TOSEM\\MiniApp-review\\flow-baseline\\datasetPopular\\if试用\\__APP__/pages/home/myReports.js"}}]},{"leftVar":[{"id":32931,"declaredName":"a","declaredLoc":{"line":75,"column":12},"file":"/pages/home/myReports.js","type":"normal"}],"readFlow":[{"type":"assign to","from":{"name":"this","loc":{"line":75,"column":16},"id":32932,"file":"D:\\WORK\\2022\\论文相关\\TOSEM\\MiniApp-review\\flow-baseline\\datasetPopular\\if试用\\__APP__/pages/home/myReports.js"},"to":{"name":"a","loc":{"line":75,"column":12},"id":32931,"file":"D:\\WORK\\2022\\论文相关\\TOSEM\\MiniApp-review\\flow-baseline\\datasetPopular\\if试用\\__APP__/pages/home/myReports.js"}}]},{"leftVar":[{"id":33146,"declaredName":"e","declaredLoc":{"line":112,"column":12},"file":"/pages/home/myReports.js","type":"normal"}],"readFlow":[{"type":"assign to","from":{"name":"this","loc":{"line":112,"column":16},"id":33147,"file":"D:\\WORK\\2022\\论文相关\\TOSEM\\MiniApp-review\\flow-baseline\\datasetPopular\\if试用\\__APP__/pages/home/myReports.js"},"to":{"name":"e","loc":{"line":112,"column":12},"id":33146,"file":"D:\\WORK\\2022\\论文相关\\TOSEM\\MiniApp-review\\flow-baseline\\datasetPopular\\if试用\\__APP__/pages/home/myReports.js"}}]}]}],"writeShadows":[{"shadowVar":{"id":-1368,"declaredName":"__object__3.setData","file":"/pages/home/myReports.js","type":"normal"},"writeAccess":[]}]},{"propName":".canvertPostsData","readShadows":[{"shadowVar":{"id":33084,"declaredName":"__object__3.canvertPostsData","declaredLoc":{"line":103,"column":4},"file":"/pages/home/myReports.js","type":"normal"},"readAccess":[{"leftVar":[{"id":32680,"declaredName":"__object__33.posts","declaredLoc":{"line":34,"column":24},"file":"/pages/home/myReports.js","type":"normal"}],"readFlow":[{"type":"assign to","from":{"name":"s.canvertPostsData","loc":{"line":34,"column":31},"id":32682,"file":"D:\\WORK\\2022\\论文相关\\TOSEM\\MiniApp-review\\flow-baseline\\datasetPopular\\if试用\\__APP__/pages/home/myReports.js"},"to":{"name":"posts","loc":{"line":34,"column":24},"id":32680,"file":"D:\\WORK\\2022\\论文相关\\TOSEM\\MiniApp-review\\flow-baseline\\datasetPopular\\if试用\\__APP__/pages/home/myReports.js"}},{"type":"to callee","from":{"name":"posts","loc":{"line":34,"column":24},"id":32680,"file":"D:\\WORK\\2022\\论文相关\\TOSEM\\MiniApp-review\\flow-baseline\\datasetPopular\\if试用\\__APP__/pages/home/myReports.js"},"to":{"name":"s.setData","loc":{"line":33,"column":45},"id":32675,"file":"D:\\WORK\\2022\\论文相关\\TOSEM\\MiniApp-review\\flow-baseline\\datasetPopular\\if试用\\__APP__/pages/home/myReports.js"}}]}]}],"writeShadows":[{"shadowVar":{"id":33084,"declaredName":"__object__3.canvertPostsData","declaredLoc":{"line":103,"column":4},"file":"/pages/home/myReports.js","type":"normal"},"writeAccess":[]}]}]}]}