{"definedData":[],"dynamicDefinedData":[{"shadowObjectVar":"__object__3","dynamicDefinedProps":[{"propName":".setData","readShadows":[{"shadowVar":{"id":-1394,"declaredName":"__object__3.setData","file":"/pages/home/mytry.js","type":"normal"},"readAccess":[{"leftVar":[{"id":33289,"declaredName":"a","declaredLoc":{"line":17,"column":12},"file":"/pages/home/mytry.js","type":"normal"}],"readFlow":[{"type":"assign to","from":{"name":"this","loc":{"line":17,"column":16},"id":33290,"file":"D:\\WORK\\2022\\论文相关\\TOSEM\\MiniApp-review\\flow-baseline\\datasetPopular\\if试用\\__APP__/pages/home/mytry.js"},"to":{"name":"a","loc":{"line":17,"column":12},"id":33289,"file":"D:\\WORK\\2022\\论文相关\\TOSEM\\MiniApp-review\\flow-baseline\\datasetPopular\\if试用\\__APP__/pages/home/mytry.js"}}]},{"leftVar":[{"id":33359,"declaredName":"e","declaredLoc":{"line":29,"column":12},"file":"/pages/home/mytry.js","type":"normal"}],"readFlow":[{"type":"assign to","from":{"name":"this","loc":{"line":29,"column":16},"id":33360,"file":"D:\\WORK\\2022\\论文相关\\TOSEM\\MiniApp-review\\flow-baseline\\datasetPopular\\if试用\\__APP__/pages/home/mytry.js"},"to":{"name":"e","loc":{"line":29,"column":12},"id":33359,"file":"D:\\WORK\\2022\\论文相关\\TOSEM\\MiniApp-review\\flow-baseline\\datasetPopular\\if试用\\__APP__/pages/home/mytry.js"}}]},{"leftVar":[{"id":33580,"declaredName":"a","declaredLoc":{"line":56,"column":87},"file":"/pages/home/mytry.js","type":"normal"}],"readFlow":[{"type":"assign to","from":{"name":"this","loc":{"line":56,"column":91},"id":33581,"file":"D:\\WORK\\2022\\论文相关\\TOSEM\\MiniApp-review\\flow-baseline\\datasetPopular\\if试用\\__APP__/pages/home/mytry.js"},"to":{"name":"a","loc":{"line":56,"column":87},"id":33580,"file":"D:\\WORK\\2022\\论文相关\\TOSEM\\MiniApp-review\\flow-baseline\\datasetPopular\\if试用\\__APP__/pages/home/mytry.js"}}]},{"leftVar":[{"id":33626,"declaredName":"n","declaredLoc":{"line":60,"column":87},"file":"/pages/home/mytry.js","type":"normal"}],"readFlow":[{"type":"assign to","from":{"name":"this","loc":{"line":60,"column":91},"id":33627,"file":"D:\\WORK\\2022\\论文相关\\TOSEM\\MiniApp-review\\flow-baseline\\datasetPopular\\if试用\\__APP__/pages/home/mytry.js"},"to":{"name":"n","loc":{"line":60,"column":87},"id":33626,"file":"D:\\WORK\\2022\\论文相关\\TOSEM\\MiniApp-review\\flow-baseline\\datasetPopular\\if试用\\__APP__/pages/home/mytry.js"}}]},{"leftVar":[{"id":33757,"declaredName":"n","declaredLoc":{"line":82,"column":87},"file":"/pages/home/mytry.js","type":"normal"}],"readFlow":[{"type":"assign to","from":{"name":"this","loc":{"line":82,"column":91},"id":33758,"file":"D:\\WORK\\2022\\论文相关\\TOSEM\\MiniApp-review\\flow-baseline\\datasetPopular\\if试用\\__APP__/pages/home/mytry.js"},"to":{"name":"n","loc":{"line":82,"column":87},"id":33757,"file":"D:\\WORK\\2022\\论文相关\\TOSEM\\MiniApp-review\\flow-baseline\\datasetPopular\\if试用\\__APP__/pages/home/mytry.js"}}]}]}],"writeShadows":[{"shadowVar":{"id":-1394,"declaredName":"__object__3.setData","file":"/pages/home/mytry.js","type":"normal"},"writeAccess":[]}]},{"propName":".canvertData","readShadows":[{"shadowVar":{"id":33864,"declaredName":"__object__3.canvertData","declaredLoc":{"line":103,"column":4},"file":"/pages/home/mytry.js","type":"normal"},"readAccess":[{"leftVar":[{"id":33667,"declaredName":"a","declaredLoc":{"line":68,"column":20},"file":"/pages/home/mytry.js","type":"normal"}],"readFlow":[{"type":"assign to","from":{"name":"n.canvertData","loc":{"line":68,"column":24},"id":33669,"file":"D:\\WORK\\2022\\论文相关\\TOSEM\\MiniApp-review\\flow-baseline\\datasetPopular\\if试用\\__APP__/pages/home/mytry.js"},"to":{"name":"a","loc":{"line":68,"column":20},"id":33667,"file":"D:\\WORK\\2022\\论文相关\\TOSEM\\MiniApp-review\\flow-baseline\\datasetPopular\\if试用\\__APP__/pages/home/mytry.js"}},{"type":"read","from":{"name":"a","loc":{"line":68,"column":20},"id":33667,"file":"D:\\WORK\\2022\\论文相关\\TOSEM\\MiniApp-review\\flow-baseline\\datasetPopular\\if试用\\__APP__/pages/home/mytry.js"},"to":{"name":"a.list.length","loc":{"line":69,"column":21},"id":33679,"file":"D:\\WORK\\2022\\论文相关\\TOSEM\\MiniApp-review\\flow-baseline\\datasetPopular\\if试用\\__APP__/pages/home/mytry.js"}},{"type":"read","from":{"name":"a.list.length","loc":{"line":69,"column":21},"id":33679,"file":"D:\\WORK\\2022\\论文相关\\TOSEM\\MiniApp-review\\flow-baseline\\datasetPopular\\if试用\\__APP__/pages/home/mytry.js"},"to":{"name":"a.list","loc":{"line":72,"column":24},"id":33696,"file":"D:\\WORK\\2022\\论文相关\\TOSEM\\MiniApp-review\\flow-baseline\\datasetPopular\\if试用\\__APP__/pages/home/mytry.js"}},{"type":"assign to","from":{"name":"a.list","loc":{"line":72,"column":24},"id":33696,"file":"D:\\WORK\\2022\\论文相关\\TOSEM\\MiniApp-review\\flow-baseline\\datasetPopular\\if试用\\__APP__/pages/home/mytry.js"},"to":{"name":"i","loc":{"line":72,"column":20},"id":33695,"file":"D:\\WORK\\2022\\论文相关\\TOSEM\\MiniApp-review\\flow-baseline\\datasetPopular\\if试用\\__APP__/pages/home/mytry.js"}},{"type":"read","from":{"name":"i","loc":{"line":72,"column":20},"id":33695,"file":"D:\\WORK\\2022\\论文相关\\TOSEM\\MiniApp-review\\flow-baseline\\datasetPopular\\if试用\\__APP__/pages/home/mytry.js"},"to":{"name":"i","loc":{"line":73,"column":59},"id":33715,"file":"D:\\WORK\\2022\\论文相关\\TOSEM\\MiniApp-review\\flow-baseline\\datasetPopular\\if试用\\__APP__/pages/home/mytry.js"}}]},{"leftVar":[{"id":33798,"declaredName":"a","declaredLoc":{"line":90,"column":20},"file":"/pages/home/mytry.js","type":"normal"}],"readFlow":[{"type":"assign to","from":{"name":"n.canvertData","loc":{"line":90,"column":24},"id":33800,"file":"D:\\WORK\\2022\\论文相关\\TOSEM\\MiniApp-review\\flow-baseline\\datasetPopular\\if试用\\__APP__/pages/home/mytry.js"},"to":{"name":"a","loc":{"line":90,"column":20},"id":33798,"file":"D:\\WORK\\2022\\论文相关\\TOSEM\\MiniApp-review\\flow-baseline\\datasetPopular\\if试用\\__APP__/pages/home/mytry.js"}},{"type":"read","from":{"name":"a","loc":{"line":90,"column":20},"id":33798,"file":"D:\\WORK\\2022\\论文相关\\TOSEM\\MiniApp-review\\flow-baseline\\datasetPopular\\if试用\\__APP__/pages/home/mytry.js"},"to":{"name":"a.list.length","loc":{"line":91,"column":21},"id":33810,"file":"D:\\WORK\\2022\\论文相关\\TOSEM\\MiniApp-review\\flow-baseline\\datasetPopular\\if试用\\__APP__/pages/home/mytry.js"}},{"type":"read","from":{"name":"a.list.length","loc":{"line":91,"column":21},"id":33810,"file":"D:\\WORK\\2022\\论文相关\\TOSEM\\MiniApp-review\\flow-baseline\\datasetPopular\\if试用\\__APP__/pages/home/mytry.js"},"to":{"name":"a.list","loc":{"line":94,"column":24},"id":33827,"file":"D:\\WORK\\2022\\论文相关\\TOSEM\\MiniApp-review\\flow-baseline\\datasetPopular\\if试用\\__APP__/pages/home/mytry.js"}},{"type":"assign to","from":{"name":"a.list","loc":{"line":94,"column":24},"id":33827,"file":"D:\\WORK\\2022\\论文相关\\TOSEM\\MiniApp-review\\flow-baseline\\datasetPopular\\if试用\\__APP__/pages/home/mytry.js"},"to":{"name":"i","loc":{"line":94,"column":20},"id":33826,"file":"D:\\WORK\\2022\\论文相关\\TOSEM\\MiniApp-review\\flow-baseline\\datasetPopular\\if试用\\__APP__/pages/home/mytry.js"}},{"type":"read","from":{"name":"i","loc":{"line":94,"column":20},"id":33826,"file":"D:\\WORK\\2022\\论文相关\\TOSEM\\MiniApp-review\\flow-baseline\\datasetPopular\\if试用\\__APP__/pages/home/mytry.js"},"to":{"name":"i","loc":{"line":95,"column":54},"id":33846,"file":"D:\\WORK\\2022\\论文相关\\TOSEM\\MiniApp-review\\flow-baseline\\datasetPopular\\if试用\\__APP__/pages/home/mytry.js"}}]}]}],"writeShadows":[{"shadowVar":{"id":33864,"declaredName":"__object__3.canvertData","declaredLoc":{"line":103,"column":4},"file":"/pages/home/mytry.js","type":"normal"},"writeAccess":[]}]}]}]}