{"definedData":[],"dynamicDefinedData":[{"shadowObjectVar":"__object__3","dynamicDefinedProps":[{"propName":".setData","readShadows":[{"shadowVar":{"id":-1432,"declaredName":"__object__3.setData","file":"/pages/home/profile.js","type":"normal"},"readAccess":[{"leftVar":[{"id":34074,"declaredName":"e","declaredLoc":{"line":18,"column":12},"file":"/pages/home/profile.js","type":"normal"}],"readFlow":[{"type":"assign to","from":{"name":"this","loc":{"line":18,"column":16},"id":34075,"file":"D:\\WORK\\2022\\论文相关\\TOSEM\\MiniApp-review\\flow-baseline\\datasetPopular\\if试用\\__APP__/pages/home/profile.js"},"to":{"name":"e","loc":{"line":18,"column":12},"id":34074,"file":"D:\\WORK\\2022\\论文相关\\TOSEM\\MiniApp-review\\flow-baseline\\datasetPopular\\if试用\\__APP__/pages/home/profile.js"}}]},{"leftVar":[{"id":34145,"declaredName":"e","declaredLoc":{"line":35,"column":12},"file":"/pages/home/profile.js","type":"normal"}],"readFlow":[{"type":"assign to","from":{"name":"this","loc":{"line":35,"column":16},"id":34146,"file":"D:\\WORK\\2022\\论文相关\\TOSEM\\MiniApp-review\\flow-baseline\\datasetPopular\\if试用\\__APP__/pages/home/profile.js"},"to":{"name":"e","loc":{"line":35,"column":12},"id":34145,"file":"D:\\WORK\\2022\\论文相关\\TOSEM\\MiniApp-review\\flow-baseline\\datasetPopular\\if试用\\__APP__/pages/home/profile.js"}}]},{"leftVar":[{"id":34286,"declaredName":"t","declaredLoc":{"line":59,"column":12},"file":"/pages/home/profile.js","type":"normal"}],"readFlow":[{"type":"assign to","from":{"name":"this","loc":{"line":59,"column":16},"id":34287,"file":"D:\\WORK\\2022\\论文相关\\TOSEM\\MiniApp-review\\flow-baseline\\datasetPopular\\if试用\\__APP__/pages/home/profile.js"},"to":{"name":"t","loc":{"line":59,"column":12},"id":34286,"file":"D:\\WORK\\2022\\论文相关\\TOSEM\\MiniApp-review\\flow-baseline\\datasetPopular\\if试用\\__APP__/pages/home/profile.js"}}]},{"leftVar":[{"id":34320,"declaredName":"a","declaredLoc":{"line":65,"column":12},"file":"/pages/home/profile.js","type":"normal"}],"readFlow":[{"type":"assign to","from":{"name":"this","loc":{"line":65,"column":16},"id":34321,"file":"D:\\WORK\\2022\\论文相关\\TOSEM\\MiniApp-review\\flow-baseline\\datasetPopular\\if试用\\__APP__/pages/home/profile.js"},"to":{"name":"a","loc":{"line":65,"column":12},"id":34320,"file":"D:\\WORK\\2022\\论文相关\\TOSEM\\MiniApp-review\\flow-baseline\\datasetPopular\\if试用\\__APP__/pages/home/profile.js"}}]},{"leftVar":[{"id":34393,"declaredName":"a","declaredLoc":{"line":82,"column":12},"file":"/pages/home/profile.js","type":"normal"}],"readFlow":[{"type":"assign to","from":{"name":"this","loc":{"line":82,"column":16},"id":34394,"file":"D:\\WORK\\2022\\论文相关\\TOSEM\\MiniApp-review\\flow-baseline\\datasetPopular\\if试用\\__APP__/pages/home/profile.js"},"to":{"name":"a","loc":{"line":82,"column":12},"id":34393,"file":"D:\\WORK\\2022\\论文相关\\TOSEM\\MiniApp-review\\flow-baseline\\datasetPopular\\if试用\\__APP__/pages/home/profile.js"}}]},{"leftVar":[{"id":34424,"declaredName":"n","declaredLoc":{"line":88,"column":12},"file":"/pages/home/profile.js","type":"normal"}],"readFlow":[{"type":"assign to","from":{"name":"this","loc":{"line":88,"column":16},"id":34425,"file":"D:\\WORK\\2022\\论文相关\\TOSEM\\MiniApp-review\\flow-baseline\\datasetPopular\\if试用\\__APP__/pages/home/profile.js"},"to":{"name":"n","loc":{"line":88,"column":12},"id":34424,"file":"D:\\WORK\\2022\\论文相关\\TOSEM\\MiniApp-review\\flow-baseline\\datasetPopular\\if试用\\__APP__/pages/home/profile.js"}}]},{"leftVar":[{"id":34750,"declaredName":"e","declaredLoc":{"line":167,"column":12},"file":"/pages/home/profile.js","type":"normal"}],"readFlow":[{"type":"assign to","from":{"name":"this","loc":{"line":167,"column":16},"id":34751,"file":"D:\\WORK\\2022\\论文相关\\TOSEM\\MiniApp-review\\flow-baseline\\datasetPopular\\if试用\\__APP__/pages/home/profile.js"},"to":{"name":"e","loc":{"line":167,"column":12},"id":34750,"file":"D:\\WORK\\2022\\论文相关\\TOSEM\\MiniApp-review\\flow-baseline\\datasetPopular\\if试用\\__APP__/pages/home/profile.js"}}]},{"leftVar":[{"id":35096,"declaredName":"e","declaredLoc":{"line":207,"column":12},"file":"/pages/home/profile.js","type":"normal"}],"readFlow":[{"type":"assign to","from":{"name":"this","loc":{"line":207,"column":16},"id":35097,"file":"D:\\WORK\\2022\\论文相关\\TOSEM\\MiniApp-review\\flow-baseline\\datasetPopular\\if试用\\__APP__/pages/home/profile.js"},"to":{"name":"e","loc":{"line":207,"column":12},"id":35096,"file":"D:\\WORK\\2022\\论文相关\\TOSEM\\MiniApp-review\\flow-baseline\\datasetPopular\\if试用\\__APP__/pages/home/profile.js"}}]}]}],"writeShadows":[{"shadowVar":{"id":-1432,"declaredName":"__object__3.setData","file":"/pages/home/profile.js","type":"normal"},"writeAccess":[]}]},{"propName":"._getImageKey","readShadows":[{"shadowVar":{"id":34768,"declaredName":"__object__3._getImageKey","declaredLoc":{"line":170,"column":4},"file":"/pages/home/profile.js","type":"normal"},"readAccess":[{"leftVar":[{"id":34489,"declaredName":"__object__96.key","declaredLoc":{"line":98,"column":20},"file":"/pages/home/profile.js","type":"normal"}],"readFlow":[{"type":"assign to","from":{"name":"n._getImageKey","loc":{"line":98,"column":25},"id":34491,"file":"D:\\WORK\\2022\\论文相关\\TOSEM\\MiniApp-review\\flow-baseline\\datasetPopular\\if试用\\__APP__/pages/home/profile.js"},"to":{"name":"key","loc":{"line":98,"column":20},"id":34489,"file":"D:\\WORK\\2022\\论文相关\\TOSEM\\MiniApp-review\\flow-baseline\\datasetPopular\\if试用\\__APP__/pages/home/profile.js"}},{"type":"assign to","from":{"name":"key","loc":{"line":98,"column":20},"id":34489,"file":"D:\\WORK\\2022\\论文相关\\TOSEM\\MiniApp-review\\flow-baseline\\datasetPopular\\if试用\\__APP__/pages/home/profile.js"},"to":{"name":"d","loc":{"line":96,"column":20},"id":34479,"file":"D:\\WORK\\2022\\论文相关\\TOSEM\\MiniApp-review\\flow-baseline\\datasetPopular\\if试用\\__APP__/pages/home/profile.js"}},{"type":"read","from":{"name":"key","loc":{"line":98,"column":20},"id":34489,"file":"D:\\WORK\\2022\\论文相关\\TOSEM\\MiniApp-review\\flow-baseline\\datasetPopular\\if试用\\__APP__/pages/home/profile.js"},"to":{"name":"d","loc":{"line":107,"column":30},"id":34520,"file":"D:\\WORK\\2022\\论文相关\\TOSEM\\MiniApp-review\\flow-baseline\\datasetPopular\\if试用\\__APP__/pages/home/profile.js"}},{"type":"assign to","from":{"name":"d","loc":{"line":107,"column":30},"id":34520,"file":"D:\\WORK\\2022\\论文相关\\TOSEM\\MiniApp-review\\flow-baseline\\datasetPopular\\if试用\\__APP__/pages/home/profile.js"},"to":{"name":"formData","loc":{"line":107,"column":20},"id":34519,"file":"D:\\WORK\\2022\\论文相关\\TOSEM\\MiniApp-review\\flow-baseline\\datasetPopular\\if试用\\__APP__/pages/home/profile.js"}},{"type":"to callee","from":{"name":"formData","loc":{"line":107,"column":20},"id":34519,"file":"D:\\WORK\\2022\\论文相关\\TOSEM\\MiniApp-review\\flow-baseline\\datasetPopular\\if试用\\__APP__/pages/home/profile.js"},"to":{"name":"wx.uploadFile","loc":{"line":100,"column":16},"id":34497,"file":"D:\\WORK\\2022\\论文相关\\TOSEM\\MiniApp-review\\flow-baseline\\datasetPopular\\if试用\\__APP__/pages/home/profile.js","sink":true}},{"type":"read","from":{"name":"d","loc":{"line":96,"column":20},"id":34479,"file":"D:\\WORK\\2022\\论文相关\\TOSEM\\MiniApp-review\\flow-baseline\\datasetPopular\\if试用\\__APP__/pages/home/profile.js"},"to":{"name":"d","loc":{"line":107,"column":30},"id":34520,"file":"D:\\WORK\\2022\\论文相关\\TOSEM\\MiniApp-review\\flow-baseline\\datasetPopular\\if试用\\__APP__/pages/home/profile.js"}}]}]}],"writeShadows":[{"shadowVar":{"id":34768,"declaredName":"__object__3._getImageKey","declaredLoc":{"line":170,"column":4},"file":"/pages/home/profile.js","type":"normal"},"writeAccess":[]}]}]}]}