{"definedData":[],"dynamicDefinedData":[{"shadowObjectVar":"__object__3","dynamicDefinedProps":[{"propName":".setData","readShadows":[{"shadowVar":{"id":-1473,"declaredName":"__object__3.setData","file":"/pages/index/index.js","type":"normal"},"readAccess":[{"leftVar":[{"id":35394,"declaredName":"t","declaredLoc":{"line":14,"column":12},"file":"/pages/index/index.js","type":"normal"}],"readFlow":[{"type":"assign to","from":{"name":"this","loc":{"line":14,"column":16},"id":35395,"file":"D:\\WORK\\2022\\论文相关\\TOSEM\\MiniApp-review\\flow-baseline\\datasetPopular\\if试用\\__APP__/pages/index/index.js"},"to":{"name":"t","loc":{"line":14,"column":12},"id":35394,"file":"D:\\WORK\\2022\\论文相关\\TOSEM\\MiniApp-review\\flow-baseline\\datasetPopular\\if试用\\__APP__/pages/index/index.js"}}]},{"leftVar":[{"id":35455,"declaredName":"e","declaredLoc":{"line":32,"column":12},"file":"/pages/index/index.js","type":"normal"}],"readFlow":[{"type":"assign to","from":{"name":"this","loc":{"line":32,"column":16},"id":35456,"file":"D:\\WORK\\2022\\论文相关\\TOSEM\\MiniApp-review\\flow-baseline\\datasetPopular\\if试用\\__APP__/pages/index/index.js"},"to":{"name":"e","loc":{"line":32,"column":12},"id":35455,"file":"D:\\WORK\\2022\\论文相关\\TOSEM\\MiniApp-review\\flow-baseline\\datasetPopular\\if试用\\__APP__/pages/index/index.js"}}]},{"leftVar":[{"id":35679,"declaredName":"t","declaredLoc":{"line":81,"column":12},"file":"/pages/index/index.js","type":"normal"}],"readFlow":[{"type":"assign to","from":{"name":"this","loc":{"line":81,"column":16},"id":35680,"file":"D:\\WORK\\2022\\论文相关\\TOSEM\\MiniApp-review\\flow-baseline\\datasetPopular\\if试用\\__APP__/pages/index/index.js"},"to":{"name":"t","loc":{"line":81,"column":12},"id":35679,"file":"D:\\WORK\\2022\\论文相关\\TOSEM\\MiniApp-review\\flow-baseline\\datasetPopular\\if试用\\__APP__/pages/index/index.js"}}]},{"leftVar":[{"id":35722,"declaredName":"a","declaredLoc":{"line":95,"column":12},"file":"/pages/index/index.js","type":"normal"}],"readFlow":[{"type":"assign to","from":{"name":"this","loc":{"line":95,"column":16},"id":35723,"file":"D:\\WORK\\2022\\论文相关\\TOSEM\\MiniApp-review\\flow-baseline\\datasetPopular\\if试用\\__APP__/pages/index/index.js"},"to":{"name":"a","loc":{"line":95,"column":12},"id":35722,"file":"D:\\WORK\\2022\\论文相关\\TOSEM\\MiniApp-review\\flow-baseline\\datasetPopular\\if试用\\__APP__/pages/index/index.js"}}]},{"leftVar":[{"id":35892,"declaredName":"t","declaredLoc":{"line":125,"column":12},"file":"/pages/index/index.js","type":"normal"}],"readFlow":[{"type":"assign to","from":{"name":"this","loc":{"line":125,"column":16},"id":35893,"file":"D:\\WORK\\2022\\论文相关\\TOSEM\\MiniApp-review\\flow-baseline\\datasetPopular\\if试用\\__APP__/pages/index/index.js"},"to":{"name":"t","loc":{"line":125,"column":12},"id":35892,"file":"D:\\WORK\\2022\\论文相关\\TOSEM\\MiniApp-review\\flow-baseline\\datasetPopular\\if试用\\__APP__/pages/index/index.js"}}]},{"leftVar":[{"id":35913,"declaredName":"t","declaredLoc":{"line":129,"column":12},"file":"/pages/index/index.js","type":"normal"}],"readFlow":[{"type":"assign to","from":{"name":"this","loc":{"line":129,"column":16},"id":35914,"file":"D:\\WORK\\2022\\论文相关\\TOSEM\\MiniApp-review\\flow-baseline\\datasetPopular\\if试用\\__APP__/pages/index/index.js"},"to":{"name":"t","loc":{"line":129,"column":12},"id":35913,"file":"D:\\WORK\\2022\\论文相关\\TOSEM\\MiniApp-review\\flow-baseline\\datasetPopular\\if试用\\__APP__/pages/index/index.js"}}]},{"leftVar":[{"id":35976,"declaredName":"i","declaredLoc":{"line":135,"column":87},"file":"/pages/index/index.js","type":"normal"}],"readFlow":[{"type":"assign to","from":{"name":"this","loc":{"line":135,"column":91},"id":35977,"file":"D:\\WORK\\2022\\论文相关\\TOSEM\\MiniApp-review\\flow-baseline\\datasetPopular\\if试用\\__APP__/pages/index/index.js"},"to":{"name":"i","loc":{"line":135,"column":87},"id":35976,"file":"D:\\WORK\\2022\\论文相关\\TOSEM\\MiniApp-review\\flow-baseline\\datasetPopular\\if试用\\__APP__/pages/index/index.js"}}]},{"leftVar":[{"id":36334,"declaredName":"t","declaredLoc":{"line":176,"column":12},"file":"/pages/index/index.js","type":"normal"}],"readFlow":[{"type":"assign to","from":{"name":"this","loc":{"line":176,"column":16},"id":36335,"file":"D:\\WORK\\2022\\论文相关\\TOSEM\\MiniApp-review\\flow-baseline\\datasetPopular\\if试用\\__APP__/pages/index/index.js"},"to":{"name":"t","loc":{"line":176,"column":12},"id":36334,"file":"D:\\WORK\\2022\\论文相关\\TOSEM\\MiniApp-review\\flow-baseline\\datasetPopular\\if试用\\__APP__/pages/index/index.js"}}]},{"leftVar":[{"id":36403,"declaredName":"e","declaredLoc":{"line":194,"column":12},"file":"/pages/index/index.js","type":"normal"}],"readFlow":[{"type":"assign to","from":{"name":"this","loc":{"line":194,"column":16},"id":36404,"file":"D:\\WORK\\2022\\论文相关\\TOSEM\\MiniApp-review\\flow-baseline\\datasetPopular\\if试用\\__APP__/pages/index/index.js"},"to":{"name":"e","loc":{"line":194,"column":12},"id":36403,"file":"D:\\WORK\\2022\\论文相关\\TOSEM\\MiniApp-review\\flow-baseline\\datasetPopular\\if试用\\__APP__/pages/index/index.js"}}]},{"leftVar":[{"id":36429,"declaredName":"t","declaredLoc":{"line":200,"column":12},"file":"/pages/index/index.js","type":"normal"}],"readFlow":[{"type":"assign to","from":{"name":"this","loc":{"line":200,"column":16},"id":36430,"file":"D:\\WORK\\2022\\论文相关\\TOSEM\\MiniApp-review\\flow-baseline\\datasetPopular\\if试用\\__APP__/pages/index/index.js"},"to":{"name":"t","loc":{"line":200,"column":12},"id":36429,"file":"D:\\WORK\\2022\\论文相关\\TOSEM\\MiniApp-review\\flow-baseline\\datasetPopular\\if试用\\__APP__/pages/index/index.js"}}]}]}],"writeShadows":[{"shadowVar":{"id":-1473,"declaredName":"__object__3.setData","file":"/pages/index/index.js","type":"normal"},"writeAccess":[]}]},{"propName":".canvertData","readShadows":[{"shadowVar":{"id":36120,"declaredName":"__object__3.canvertData","declaredLoc":{"line":163,"column":4},"file":"/pages/index/index.js","type":"normal"},"readAccess":[{"leftVar":[{"id":36018,"declaredName":"a","declaredLoc":{"line":142,"column":20},"file":"/pages/index/index.js","type":"normal"}],"readFlow":[{"type":"assign to","from":{"name":"i.canvertData","loc":{"line":142,"column":24},"id":36020,"file":"D:\\WORK\\2022\\论文相关\\TOSEM\\MiniApp-review\\flow-baseline\\datasetPopular\\if试用\\__APP__/pages/index/index.js"},"to":{"name":"a","loc":{"line":142,"column":20},"id":36018,"file":"D:\\WORK\\2022\\论文相关\\TOSEM\\MiniApp-review\\flow-baseline\\datasetPopular\\if试用\\__APP__/pages/index/index.js"}},{"type":"read","from":{"name":"a","loc":{"line":142,"column":20},"id":36018,"file":"D:\\WORK\\2022\\论文相关\\TOSEM\\MiniApp-review\\flow-baseline\\datasetPopular\\if试用\\__APP__/pages/index/index.js"},"to":{"name":"a.list.length","loc":{"line":143,"column":21},"id":36030,"file":"D:\\WORK\\2022\\论文相关\\TOSEM\\MiniApp-review\\flow-baseline\\datasetPopular\\if试用\\__APP__/pages/index/index.js"}},{"type":"read","from":{"name":"a.list.length","loc":{"line":143,"column":21},"id":36030,"file":"D:\\WORK\\2022\\论文相关\\TOSEM\\MiniApp-review\\flow-baseline\\datasetPopular\\if试用\\__APP__/pages/index/index.js"},"to":{"name":"a.list","loc":{"line":146,"column":24},"id":36047,"file":"D:\\WORK\\2022\\论文相关\\TOSEM\\MiniApp-review\\flow-baseline\\datasetPopular\\if试用\\__APP__/pages/index/index.js"}},{"type":"assign to","from":{"name":"a.list","loc":{"line":146,"column":24},"id":36047,"file":"D:\\WORK\\2022\\论文相关\\TOSEM\\MiniApp-review\\flow-baseline\\datasetPopular\\if试用\\__APP__/pages/index/index.js"},"to":{"name":"n","loc":{"line":146,"column":20},"id":36046,"file":"D:\\WORK\\2022\\论文相关\\TOSEM\\MiniApp-review\\flow-baseline\\datasetPopular\\if试用\\__APP__/pages/index/index.js"}},{"type":"read","from":{"name":"n","loc":{"line":146,"column":20},"id":36046,"file":"D:\\WORK\\2022\\论文相关\\TOSEM\\MiniApp-review\\flow-baseline\\datasetPopular\\if试用\\__APP__/pages/index/index.js"},"to":{"name":"n","loc":{"line":147,"column":57},"id":36066,"file":"D:\\WORK\\2022\\论文相关\\TOSEM\\MiniApp-review\\flow-baseline\\datasetPopular\\if试用\\__APP__/pages/index/index.js"}}]}]}],"writeShadows":[{"shadowVar":{"id":36120,"declaredName":"__object__3.canvertData","declaredLoc":{"line":163,"column":4},"file":"/pages/index/index.js","type":"normal"},"writeAccess":[]}]}]}]}