{"definedData":[],"dynamicDefinedData":[{"shadowObjectVar":"__object__3","dynamicDefinedProps":[{"propName":".setData","readShadows":[{"shadowVar":{"id":-1520,"declaredName":"__object__3.setData","file":"/pages/message/index.js","type":"normal"},"readAccess":[{"leftVar":[{"id":36559,"declaredName":"t","declaredLoc":{"line":16,"column":12},"file":"/pages/message/index.js","type":"normal"}],"readFlow":[{"type":"assign to","from":{"name":"this","loc":{"line":16,"column":16},"id":36560,"file":"D:\\WORK\\2022\\论文相关\\TOSEM\\MiniApp-review\\flow-baseline\\datasetPopular\\if试用\\__APP__/pages/message/index.js"},"to":{"name":"t","loc":{"line":16,"column":12},"id":36559,"file":"D:\\WORK\\2022\\论文相关\\TOSEM\\MiniApp-review\\flow-baseline\\datasetPopular\\if试用\\__APP__/pages/message/index.js"}}]},{"leftVar":[{"id":36596,"declaredName":"i","declaredLoc":{"line":20,"column":81},"file":"/pages/message/index.js","type":"normal"}],"readFlow":[{"type":"assign to","from":{"name":"this","loc":{"line":20,"column":85},"id":36597,"file":"D:\\WORK\\2022\\论文相关\\TOSEM\\MiniApp-review\\flow-baseline\\datasetPopular\\if试用\\__APP__/pages/message/index.js"},"to":{"name":"i","loc":{"line":20,"column":81},"id":36596,"file":"D:\\WORK\\2022\\论文相关\\TOSEM\\MiniApp-review\\flow-baseline\\datasetPopular\\if试用\\__APP__/pages/message/index.js"}}]},{"leftVar":[{"id":36850,"declaredName":"a","declaredLoc":{"line":63,"column":12},"file":"/pages/message/index.js","type":"normal"}],"readFlow":[{"type":"assign to","from":{"name":"this","loc":{"line":63,"column":16},"id":36851,"file":"D:\\WORK\\2022\\论文相关\\TOSEM\\MiniApp-review\\flow-baseline\\datasetPopular\\if试用\\__APP__/pages/message/index.js"},"to":{"name":"a","loc":{"line":63,"column":12},"id":36850,"file":"D:\\WORK\\2022\\论文相关\\TOSEM\\MiniApp-review\\flow-baseline\\datasetPopular\\if试用\\__APP__/pages/message/index.js"}}]}]}],"writeShadows":[{"shadowVar":{"id":-1520,"declaredName":"__object__3.setData","file":"/pages/message/index.js","type":"normal"},"writeAccess":[]}]},{"propName":".convertData","readShadows":[{"shadowVar":{"id":36792,"declaredName":"__object__3.convertData","declaredLoc":{"line":55,"column":4},"file":"/pages/message/index.js","type":"normal"},"readAccess":[{"leftVar":[{"id":36701,"declaredName":"__object__37.list","declaredLoc":{"line":38,"column":24},"file":"/pages/message/index.js","type":"normal"}],"readFlow":[{"type":"assign to","from":{"name":"i.convertData","loc":{"line":38,"column":30},"id":36703,"file":"D:\\WORK\\2022\\论文相关\\TOSEM\\MiniApp-review\\flow-baseline\\datasetPopular\\if试用\\__APP__/pages/message/index.js"},"to":{"name":"list","loc":{"line":38,"column":24},"id":36701,"file":"D:\\WORK\\2022\\论文相关\\TOSEM\\MiniApp-review\\flow-baseline\\datasetPopular\\if试用\\__APP__/pages/message/index.js"}},{"type":"to callee","from":{"name":"list","loc":{"line":38,"column":24},"id":36701,"file":"D:\\WORK\\2022\\论文相关\\TOSEM\\MiniApp-review\\flow-baseline\\datasetPopular\\if试用\\__APP__/pages/message/index.js"},"to":{"name":"i.setData","loc":{"line":37,"column":28},"id":36696,"file":"D:\\WORK\\2022\\论文相关\\TOSEM\\MiniApp-review\\flow-baseline\\datasetPopular\\if试用\\__APP__/pages/message/index.js"}}]}]}],"writeShadows":[{"shadowVar":{"id":36792,"declaredName":"__object__3.convertData","declaredLoc":{"line":55,"column":4},"file":"/pages/message/index.js","type":"normal"},"writeAccess":[]}]}]}]}