{"definedData":[],"dynamicDefinedData":[{"shadowObjectVar":"__object__3","dynamicDefinedProps":[{"propName":".setData","readShadows":[{"shadowVar":{"id":-1557,"declaredName":"__object__3.setData","file":"/pages/try/applyBestieUsers.js","type":"normal"},"readAccess":[{"leftVar":[{"id":37292,"declaredName":"a","declaredLoc":{"line":15,"column":12},"file":"/pages/try/applyBestieUsers.js","type":"normal"}],"readFlow":[{"type":"assign to","from":{"name":"this","loc":{"line":15,"column":16},"id":37293,"file":"D:\\WORK\\2022\\论文相关\\TOSEM\\MiniApp-review\\flow-baseline\\datasetPopular\\if试用\\__APP__/pages/try/applyBestieUsers.js"},"to":{"name":"a","loc":{"line":15,"column":12},"id":37292,"file":"D:\\WORK\\2022\\论文相关\\TOSEM\\MiniApp-review\\flow-baseline\\datasetPopular\\if试用\\__APP__/pages/try/applyBestieUsers.js"}}]},{"leftVar":[{"id":37352,"declaredName":"e","declaredLoc":{"line":29,"column":12},"file":"/pages/try/applyBestieUsers.js","type":"normal"}],"readFlow":[{"type":"assign to","from":{"name":"this","loc":{"line":29,"column":16},"id":37353,"file":"D:\\WORK\\2022\\论文相关\\TOSEM\\MiniApp-review\\flow-baseline\\datasetPopular\\if试用\\__APP__/pages/try/applyBestieUsers.js"},"to":{"name":"e","loc":{"line":29,"column":12},"id":37352,"file":"D:\\WORK\\2022\\论文相关\\TOSEM\\MiniApp-review\\flow-baseline\\datasetPopular\\if试用\\__APP__/pages/try/applyBestieUsers.js"}}]}]}],"writeShadows":[{"shadowVar":{"id":-1557,"declaredName":"__object__3.setData","file":"/pages/try/applyBestieUsers.js","type":"normal"},"writeAccess":[]}]}]}]}