{"definedData":[],"dynamicDefinedData":[{"shadowObjectVar":"__object__3","dynamicDefinedProps":[{"propName":".setData","readShadows":[{"shadowVar":{"id":-1576,"declaredName":"__object__3.setData","file":"/pages/try/applyUsers.js","type":"normal"},"readAccess":[{"leftVar":[{"id":37602,"declaredName":"a","declaredLoc":{"line":15,"column":12},"file":"/pages/try/applyUsers.js","type":"normal"}],"readFlow":[{"type":"assign to","from":{"name":"this","loc":{"line":15,"column":16},"id":37603,"file":"D:\\WORK\\2022\\论文相关\\TOSEM\\MiniApp-review\\flow-baseline\\datasetPopular\\if试用\\__APP__/pages/try/applyUsers.js"},"to":{"name":"a","loc":{"line":15,"column":12},"id":37602,"file":"D:\\WORK\\2022\\论文相关\\TOSEM\\MiniApp-review\\flow-baseline\\datasetPopular\\if试用\\__APP__/pages/try/applyUsers.js"}}]},{"leftVar":[{"id":37698,"declaredName":"e","declaredLoc":{"line":34,"column":12},"file":"/pages/try/applyUsers.js","type":"normal"}],"readFlow":[{"type":"assign to","from":{"name":"this","loc":{"line":34,"column":16},"id":37699,"file":"D:\\WORK\\2022\\论文相关\\TOSEM\\MiniApp-review\\flow-baseline\\datasetPopular\\if试用\\__APP__/pages/try/applyUsers.js"},"to":{"name":"e","loc":{"line":34,"column":12},"id":37698,"file":"D:\\WORK\\2022\\论文相关\\TOSEM\\MiniApp-review\\flow-baseline\\datasetPopular\\if试用\\__APP__/pages/try/applyUsers.js"}}]}]}],"writeShadows":[{"shadowVar":{"id":-1576,"declaredName":"__object__3.setData","file":"/pages/try/applyUsers.js","type":"normal"},"writeAccess":[]}]}]}]}