{"definedData":[],"dynamicDefinedData":[{"shadowObjectVar":"__object__3","dynamicDefinedProps":[{"propName":".setData","readShadows":[{"shadowVar":{"id":-1596,"declaredName":"__object__3.setData","file":"/pages/try/detail.js","type":"normal"},"readAccess":[{"leftVar":[{"id":38026,"declaredName":"e","declaredLoc":{"line":35,"column":12},"file":"/pages/try/detail.js","type":"normal"}],"readFlow":[{"type":"assign to","from":{"name":"this","loc":{"line":35,"column":16},"id":38027,"file":"D:\\WORK\\2022\\论文相关\\TOSEM\\MiniApp-review\\flow-baseline\\datasetPopular\\if试用\\__APP__/pages/try/detail.js"},"to":{"name":"e","loc":{"line":35,"column":12},"id":38026,"file":"D:\\WORK\\2022\\论文相关\\TOSEM\\MiniApp-review\\flow-baseline\\datasetPopular\\if试用\\__APP__/pages/try/detail.js"}}]},{"leftVar":[{"id":38381,"declaredName":"a","declaredLoc":{"line":94,"column":12},"file":"/pages/try/detail.js","type":"normal"}],"readFlow":[{"type":"assign to","from":{"name":"this","loc":{"line":94,"column":16},"id":38382,"file":"D:\\WORK\\2022\\论文相关\\TOSEM\\MiniApp-review\\flow-baseline\\datasetPopular\\if试用\\__APP__/pages/try/detail.js"},"to":{"name":"a","loc":{"line":94,"column":12},"id":38381,"file":"D:\\WORK\\2022\\论文相关\\TOSEM\\MiniApp-review\\flow-baseline\\datasetPopular\\if试用\\__APP__/pages/try/detail.js"}}]},{"leftVar":[{"id":38501,"declaredName":"t","declaredLoc":{"line":116,"column":12},"file":"/pages/try/detail.js","type":"normal"}],"readFlow":[{"type":"assign to","from":{"name":"this","loc":{"line":116,"column":16},"id":38502,"file":"D:\\WORK\\2022\\论文相关\\TOSEM\\MiniApp-review\\flow-baseline\\datasetPopular\\if试用\\__APP__/pages/try/detail.js"},"to":{"name":"t","loc":{"line":116,"column":12},"id":38501,"file":"D:\\WORK\\2022\\论文相关\\TOSEM\\MiniApp-review\\flow-baseline\\datasetPopular\\if试用\\__APP__/pages/try/detail.js"}}]},{"leftVar":[{"id":38524,"declaredName":"o","declaredLoc":{"line":120,"column":12},"file":"/pages/try/detail.js","type":"normal"}],"readFlow":[{"type":"assign to","from":{"name":"this","loc":{"line":120,"column":16},"id":38525,"file":"D:\\WORK\\2022\\论文相关\\TOSEM\\MiniApp-review\\flow-baseline\\datasetPopular\\if试用\\__APP__/pages/try/detail.js"},"to":{"name":"o","loc":{"line":120,"column":12},"id":38524,"file":"D:\\WORK\\2022\\论文相关\\TOSEM\\MiniApp-review\\flow-baseline\\datasetPopular\\if试用\\__APP__/pages/try/detail.js"}},{"type":"read","from":{"name":"o","loc":{"line":120,"column":12},"id":38524,"file":"D:\\WORK\\2022\\论文相关\\TOSEM\\MiniApp-review\\flow-baseline\\datasetPopular\\if试用\\__APP__/pages/try/detail.js"},"to":{"name":"o","loc":{"line":143,"column":116},"id":38697,"file":"D:\\WORK\\2022\\论文相关\\TOSEM\\MiniApp-review\\flow-baseline\\datasetPopular\\if试用\\__APP__/pages/try/detail.js"}},{"type":"to callee","from":{"name":"o","loc":{"line":143,"column":116},"id":38697,"file":"D:\\WORK\\2022\\论文相关\\TOSEM\\MiniApp-review\\flow-baseline\\datasetPopular\\if试用\\__APP__/pages/try/detail.js"},"to":{"name":"e.wxParse","loc":{"line":143,"column":63},"id":38685,"file":"D:\\WORK\\2022\\论文相关\\TOSEM\\MiniApp-review\\flow-baseline\\datasetPopular\\if试用\\__APP__/pages/try/detail.js"}},{"type":"read","from":{"name":"o","loc":{"line":143,"column":116},"id":38697,"file":"D:\\WORK\\2022\\论文相关\\TOSEM\\MiniApp-review\\flow-baseline\\datasetPopular\\if试用\\__APP__/pages/try/detail.js"},"to":{"name":"o.setData","loc":{"line":145,"column":33},"id":38715,"file":"D:\\WORK\\2022\\论文相关\\TOSEM\\MiniApp-review\\flow-baseline\\datasetPopular\\if试用\\__APP__/pages/try/detail.js"}}]},{"leftVar":[{"id":38732,"declaredName":"o","declaredLoc":{"line":153,"column":12},"file":"/pages/try/detail.js","type":"normal"}],"readFlow":[{"type":"assign to","from":{"name":"this","loc":{"line":153,"column":16},"id":38733,"file":"D:\\WORK\\2022\\论文相关\\TOSEM\\MiniApp-review\\flow-baseline\\datasetPopular\\if试用\\__APP__/pages/try/detail.js"},"to":{"name":"o","loc":{"line":153,"column":12},"id":38732,"file":"D:\\WORK\\2022\\论文相关\\TOSEM\\MiniApp-review\\flow-baseline\\datasetPopular\\if试用\\__APP__/pages/try/detail.js"}}]},{"leftVar":[{"id":38919,"declaredName":"o","declaredLoc":{"line":184,"column":12},"file":"/pages/try/detail.js","type":"normal"}],"readFlow":[{"type":"assign to","from":{"name":"this","loc":{"line":184,"column":16},"id":38920,"file":"D:\\WORK\\2022\\论文相关\\TOSEM\\MiniApp-review\\flow-baseline\\datasetPopular\\if试用\\__APP__/pages/try/detail.js"},"to":{"name":"o","loc":{"line":184,"column":12},"id":38919,"file":"D:\\WORK\\2022\\论文相关\\TOSEM\\MiniApp-review\\flow-baseline\\datasetPopular\\if试用\\__APP__/pages/try/detail.js"}}]},{"leftVar":[{"id":39075,"declaredName":"o","declaredLoc":{"line":211,"column":12},"file":"/pages/try/detail.js","type":"normal"}],"readFlow":[{"type":"assign to","from":{"name":"this","loc":{"line":211,"column":16},"id":39076,"file":"D:\\WORK\\2022\\论文相关\\TOSEM\\MiniApp-review\\flow-baseline\\datasetPopular\\if试用\\__APP__/pages/try/detail.js"},"to":{"name":"o","loc":{"line":211,"column":12},"id":39075,"file":"D:\\WORK\\2022\\论文相关\\TOSEM\\MiniApp-review\\flow-baseline\\datasetPopular\\if试用\\__APP__/pages/try/detail.js"}}]},{"leftVar":[{"id":39182,"declaredName":"o","declaredLoc":{"line":234,"column":12},"file":"/pages/try/detail.js","type":"normal"}],"readFlow":[{"type":"assign to","from":{"name":"this","loc":{"line":234,"column":16},"id":39183,"file":"D:\\WORK\\2022\\论文相关\\TOSEM\\MiniApp-review\\flow-baseline\\datasetPopular\\if试用\\__APP__/pages/try/detail.js"},"to":{"name":"o","loc":{"line":234,"column":12},"id":39182,"file":"D:\\WORK\\2022\\论文相关\\TOSEM\\MiniApp-review\\flow-baseline\\datasetPopular\\if试用\\__APP__/pages/try/detail.js"}}]},{"leftVar":[{"id":39316,"declaredName":"a","declaredLoc":{"line":259,"column":12},"file":"/pages/try/detail.js","type":"normal"}],"readFlow":[{"type":"assign to","from":{"name":"this","loc":{"line":259,"column":16},"id":39317,"file":"D:\\WORK\\2022\\论文相关\\TOSEM\\MiniApp-review\\flow-baseline\\datasetPopular\\if试用\\__APP__/pages/try/detail.js"},"to":{"name":"a","loc":{"line":259,"column":12},"id":39316,"file":"D:\\WORK\\2022\\论文相关\\TOSEM\\MiniApp-review\\flow-baseline\\datasetPopular\\if试用\\__APP__/pages/try/detail.js"}}]},{"leftVar":[{"id":39522,"declaredName":"o","declaredLoc":{"line":278,"column":12},"file":"/pages/try/detail.js","type":"normal"}],"readFlow":[{"type":"assign to","from":{"name":"this","loc":{"line":278,"column":16},"id":39523,"file":"D:\\WORK\\2022\\论文相关\\TOSEM\\MiniApp-review\\flow-baseline\\datasetPopular\\if试用\\__APP__/pages/try/detail.js"},"to":{"name":"o","loc":{"line":278,"column":12},"id":39522,"file":"D:\\WORK\\2022\\论文相关\\TOSEM\\MiniApp-review\\flow-baseline\\datasetPopular\\if试用\\__APP__/pages/try/detail.js"}}]},{"leftVar":[{"id":39600,"declaredName":"t","declaredLoc":{"line":289,"column":12},"file":"/pages/try/detail.js","type":"normal"}],"readFlow":[{"type":"assign to","from":{"name":"this","loc":{"line":289,"column":16},"id":39601,"file":"D:\\WORK\\2022\\论文相关\\TOSEM\\MiniApp-review\\flow-baseline\\datasetPopular\\if试用\\__APP__/pages/try/detail.js"},"to":{"name":"t","loc":{"line":289,"column":12},"id":39600,"file":"D:\\WORK\\2022\\论文相关\\TOSEM\\MiniApp-review\\flow-baseline\\datasetPopular\\if试用\\__APP__/pages/try/detail.js"}}]},{"leftVar":[{"id":39637,"declaredName":"t","declaredLoc":{"line":298,"column":12},"file":"/pages/try/detail.js","type":"normal"}],"readFlow":[{"type":"assign to","from":{"name":"this","loc":{"line":298,"column":16},"id":39638,"file":"D:\\WORK\\2022\\论文相关\\TOSEM\\MiniApp-review\\flow-baseline\\datasetPopular\\if试用\\__APP__/pages/try/detail.js"},"to":{"name":"t","loc":{"line":298,"column":12},"id":39637,"file":"D:\\WORK\\2022\\论文相关\\TOSEM\\MiniApp-review\\flow-baseline\\datasetPopular\\if试用\\__APP__/pages/try/detail.js"}}]},{"leftVar":[{"id":39694,"declaredName":"a","declaredLoc":{"line":306,"column":12},"file":"/pages/try/detail.js","type":"normal"}],"readFlow":[{"type":"assign to","from":{"name":"this","loc":{"line":306,"column":16},"id":39695,"file":"D:\\WORK\\2022\\论文相关\\TOSEM\\MiniApp-review\\flow-baseline\\datasetPopular\\if试用\\__APP__/pages/try/detail.js"},"to":{"name":"a","loc":{"line":306,"column":12},"id":39694,"file":"D:\\WORK\\2022\\论文相关\\TOSEM\\MiniApp-review\\flow-baseline\\datasetPopular\\if试用\\__APP__/pages/try/detail.js"}}]},{"leftVar":[{"id":39788,"declaredName":"a","declaredLoc":{"line":324,"column":12},"file":"/pages/try/detail.js","type":"normal"}],"readFlow":[{"type":"assign to","from":{"name":"this","loc":{"line":324,"column":16},"id":39789,"file":"D:\\WORK\\2022\\论文相关\\TOSEM\\MiniApp-review\\flow-baseline\\datasetPopular\\if试用\\__APP__/pages/try/detail.js"},"to":{"name":"a","loc":{"line":324,"column":12},"id":39788,"file":"D:\\WORK\\2022\\论文相关\\TOSEM\\MiniApp-review\\flow-baseline\\datasetPopular\\if试用\\__APP__/pages/try/detail.js"}}]},{"leftVar":[{"id":39921,"declaredName":"o","declaredLoc":{"line":341,"column":12},"file":"/pages/try/detail.js","type":"normal"}],"readFlow":[{"type":"assign to","from":{"name":"this","loc":{"line":341,"column":16},"id":39922,"file":"D:\\WORK\\2022\\论文相关\\TOSEM\\MiniApp-review\\flow-baseline\\datasetPopular\\if试用\\__APP__/pages/try/detail.js"},"to":{"name":"o","loc":{"line":341,"column":12},"id":39921,"file":"D:\\WORK\\2022\\论文相关\\TOSEM\\MiniApp-review\\flow-baseline\\datasetPopular\\if试用\\__APP__/pages/try/detail.js"}}]},{"leftVar":[{"id":40114,"declaredName":"o","declaredLoc":{"line":365,"column":12},"file":"/pages/try/detail.js","type":"normal"}],"readFlow":[{"type":"assign to","from":{"name":"this","loc":{"line":365,"column":16},"id":40115,"file":"D:\\WORK\\2022\\论文相关\\TOSEM\\MiniApp-review\\flow-baseline\\datasetPopular\\if试用\\__APP__/pages/try/detail.js"},"to":{"name":"o","loc":{"line":365,"column":12},"id":40114,"file":"D:\\WORK\\2022\\论文相关\\TOSEM\\MiniApp-review\\flow-baseline\\datasetPopular\\if试用\\__APP__/pages/try/detail.js"}}]},{"leftVar":[{"id":40171,"declaredName":"o","declaredLoc":{"line":373,"column":12},"file":"/pages/try/detail.js","type":"normal"}],"readFlow":[{"type":"assign to","from":{"name":"this","loc":{"line":373,"column":16},"id":40172,"file":"D:\\WORK\\2022\\论文相关\\TOSEM\\MiniApp-review\\flow-baseline\\datasetPopular\\if试用\\__APP__/pages/try/detail.js"},"to":{"name":"o","loc":{"line":373,"column":12},"id":40171,"file":"D:\\WORK\\2022\\论文相关\\TOSEM\\MiniApp-review\\flow-baseline\\datasetPopular\\if试用\\__APP__/pages/try/detail.js"}}]},{"leftVar":[{"id":40410,"declaredName":"a","declaredLoc":{"line":406,"column":12},"file":"/pages/try/detail.js","type":"normal"}],"readFlow":[{"type":"assign to","from":{"name":"this","loc":{"line":406,"column":16},"id":40411,"file":"D:\\WORK\\2022\\论文相关\\TOSEM\\MiniApp-review\\flow-baseline\\datasetPopular\\if试用\\__APP__/pages/try/detail.js"},"to":{"name":"a","loc":{"line":406,"column":12},"id":40410,"file":"D:\\WORK\\2022\\论文相关\\TOSEM\\MiniApp-review\\flow-baseline\\datasetPopular\\if试用\\__APP__/pages/try/detail.js"}}]},{"leftVar":[{"id":40525,"declaredName":"t","declaredLoc":{"line":418,"column":12},"file":"/pages/try/detail.js","type":"normal"}],"readFlow":[{"type":"assign to","from":{"name":"this","loc":{"line":418,"column":16},"id":40526,"file":"D:\\WORK\\2022\\论文相关\\TOSEM\\MiniApp-review\\flow-baseline\\datasetPopular\\if试用\\__APP__/pages/try/detail.js"},"to":{"name":"t","loc":{"line":418,"column":12},"id":40525,"file":"D:\\WORK\\2022\\论文相关\\TOSEM\\MiniApp-review\\flow-baseline\\datasetPopular\\if试用\\__APP__/pages/try/detail.js"}}]},{"leftVar":[{"id":40562,"declaredName":"t","declaredLoc":{"line":427,"column":12},"file":"/pages/try/detail.js","type":"normal"}],"readFlow":[{"type":"assign to","from":{"name":"this","loc":{"line":427,"column":16},"id":40563,"file":"D:\\WORK\\2022\\论文相关\\TOSEM\\MiniApp-review\\flow-baseline\\datasetPopular\\if试用\\__APP__/pages/try/detail.js"},"to":{"name":"t","loc":{"line":427,"column":12},"id":40562,"file":"D:\\WORK\\2022\\论文相关\\TOSEM\\MiniApp-review\\flow-baseline\\datasetPopular\\if试用\\__APP__/pages/try/detail.js"}}]},{"leftVar":[{"id":40702,"declaredName":"t","declaredLoc":{"line":450,"column":12},"file":"/pages/try/detail.js","type":"normal"}],"readFlow":[{"type":"assign to","from":{"name":"this","loc":{"line":450,"column":16},"id":40703,"file":"D:\\WORK\\2022\\论文相关\\TOSEM\\MiniApp-review\\flow-baseline\\datasetPopular\\if试用\\__APP__/pages/try/detail.js"},"to":{"name":"t","loc":{"line":450,"column":12},"id":40702,"file":"D:\\WORK\\2022\\论文相关\\TOSEM\\MiniApp-review\\flow-baseline\\datasetPopular\\if试用\\__APP__/pages/try/detail.js"}}]},{"leftVar":[{"id":40755,"declaredName":"a","declaredLoc":{"line":463,"column":12},"file":"/pages/try/detail.js","type":"normal"}],"readFlow":[{"type":"assign to","from":{"name":"this","loc":{"line":463,"column":16},"id":40756,"file":"D:\\WORK\\2022\\论文相关\\TOSEM\\MiniApp-review\\flow-baseline\\datasetPopular\\if试用\\__APP__/pages/try/detail.js"},"to":{"name":"a","loc":{"line":463,"column":12},"id":40755,"file":"D:\\WORK\\2022\\论文相关\\TOSEM\\MiniApp-review\\flow-baseline\\datasetPopular\\if试用\\__APP__/pages/try/detail.js"}}]},{"leftVar":[{"id":40846,"declaredName":"t","declaredLoc":{"line":479,"column":12},"file":"/pages/try/detail.js","type":"normal"}],"readFlow":[{"type":"assign to","from":{"name":"this","loc":{"line":479,"column":16},"id":40847,"file":"D:\\WORK\\2022\\论文相关\\TOSEM\\MiniApp-review\\flow-baseline\\datasetPopular\\if试用\\__APP__/pages/try/detail.js"},"to":{"name":"t","loc":{"line":479,"column":12},"id":40846,"file":"D:\\WORK\\2022\\论文相关\\TOSEM\\MiniApp-review\\flow-baseline\\datasetPopular\\if试用\\__APP__/pages/try/detail.js"}}]},{"leftVar":[{"id":40891,"declaredName":"a","declaredLoc":{"line":485,"column":12},"file":"/pages/try/detail.js","type":"normal"}],"readFlow":[{"type":"assign to","from":{"name":"this","loc":{"line":485,"column":16},"id":40892,"file":"D:\\WORK\\2022\\论文相关\\TOSEM\\MiniApp-review\\flow-baseline\\datasetPopular\\if试用\\__APP__/pages/try/detail.js"},"to":{"name":"a","loc":{"line":485,"column":12},"id":40891,"file":"D:\\WORK\\2022\\论文相关\\TOSEM\\MiniApp-review\\flow-baseline\\datasetPopular\\if试用\\__APP__/pages/try/detail.js"}}]},{"leftVar":[{"id":40923,"declaredName":"t","declaredLoc":{"line":489,"column":12},"file":"/pages/try/detail.js","type":"normal"}],"readFlow":[{"type":"assign to","from":{"name":"this","loc":{"line":489,"column":16},"id":40924,"file":"D:\\WORK\\2022\\论文相关\\TOSEM\\MiniApp-review\\flow-baseline\\datasetPopular\\if试用\\__APP__/pages/try/detail.js"},"to":{"name":"t","loc":{"line":489,"column":12},"id":40923,"file":"D:\\WORK\\2022\\论文相关\\TOSEM\\MiniApp-review\\flow-baseline\\datasetPopular\\if试用\\__APP__/pages/try/detail.js"}}]},{"leftVar":[{"id":40956,"declaredName":"t","declaredLoc":{"line":495,"column":12},"file":"/pages/try/detail.js","type":"normal"}],"readFlow":[{"type":"assign to","from":{"name":"this","loc":{"line":495,"column":16},"id":40957,"file":"D:\\WORK\\2022\\论文相关\\TOSEM\\MiniApp-review\\flow-baseline\\datasetPopular\\if试用\\__APP__/pages/try/detail.js"},"to":{"name":"t","loc":{"line":495,"column":12},"id":40956,"file":"D:\\WORK\\2022\\论文相关\\TOSEM\\MiniApp-review\\flow-baseline\\datasetPopular\\if试用\\__APP__/pages/try/detail.js"}}]}]}],"writeShadows":[{"shadowVar":{"id":-1596,"declaredName":"__object__3.setData","file":"/pages/try/detail.js","type":"normal"},"writeAccess":[]}]},{"propName":".reverseArr","readShadows":[{"shadowVar":{"id":38882,"declaredName":"__object__3.reverseArr","declaredLoc":{"line":179,"column":4},"file":"/pages/try/detail.js","type":"normal"},"readAccess":[{"leftVar":[{"id":38595,"declaredName":"s","declaredLoc":{"line":131,"column":20},"file":"/pages/try/detail.js","type":"normal"}],"readFlow":[{"type":"assign to","from":{"name":"o.reverseArr","loc":{"line":131,"column":24},"id":38597,"file":"D:\\WORK\\2022\\论文相关\\TOSEM\\MiniApp-review\\flow-baseline\\datasetPopular\\if试用\\__APP__/pages/try/detail.js"},"to":{"name":"s","loc":{"line":131,"column":20},"id":38595,"file":"D:\\WORK\\2022\\论文相关\\TOSEM\\MiniApp-review\\flow-baseline\\datasetPopular\\if试用\\__APP__/pages/try/detail.js"}},{"type":"read","from":{"name":"s","loc":{"line":131,"column":20},"id":38595,"file":"D:\\WORK\\2022\\论文相关\\TOSEM\\MiniApp-review\\flow-baseline\\datasetPopular\\if试用\\__APP__/pages/try/detail.js"},"to":{"name":"s","loc":{"line":138,"column":39},"id":38652,"file":"D:\\WORK\\2022\\论文相关\\TOSEM\\MiniApp-review\\flow-baseline\\datasetPopular\\if试用\\__APP__/pages/try/detail.js"}},{"type":"assign to","from":{"name":"s","loc":{"line":138,"column":39},"id":38652,"file":"D:\\WORK\\2022\\论文相关\\TOSEM\\MiniApp-review\\flow-baseline\\datasetPopular\\if试用\\__APP__/pages/try/detail.js"},"to":{"name":"latest_apply_uids","loc":{"line":138,"column":20},"id":38651,"file":"D:\\WORK\\2022\\论文相关\\TOSEM\\MiniApp-review\\flow-baseline\\datasetPopular\\if试用\\__APP__/pages/try/detail.js"}},{"type":"to callee","from":{"name":"latest_apply_uids","loc":{"line":138,"column":20},"id":38651,"file":"D:\\WORK\\2022\\论文相关\\TOSEM\\MiniApp-review\\flow-baseline\\datasetPopular\\if试用\\__APP__/pages/try/detail.js"},"to":{"name":"o.setData","loc":{"line":136,"column":16},"id":38643,"file":"D:\\WORK\\2022\\论文相关\\TOSEM\\MiniApp-review\\flow-baseline\\datasetPopular\\if试用\\__APP__/pages/try/detail.js"}}]},{"leftVar":[{"id":38604,"declaredName":"n","declaredLoc":{"line":131,"column":59},"file":"/pages/try/detail.js","type":"normal"}],"readFlow":[{"type":"assign to","from":{"name":"o.reverseArr","loc":{"line":131,"column":63},"id":38606,"file":"D:\\WORK\\2022\\论文相关\\TOSEM\\MiniApp-review\\flow-baseline\\datasetPopular\\if试用\\__APP__/pages/try/detail.js"},"to":{"name":"n","loc":{"line":131,"column":59},"id":38604,"file":"D:\\WORK\\2022\\论文相关\\TOSEM\\MiniApp-review\\flow-baseline\\datasetPopular\\if试用\\__APP__/pages/try/detail.js"}},{"type":"read","from":{"name":"n","loc":{"line":131,"column":59},"id":38604,"file":"D:\\WORK\\2022\\论文相关\\TOSEM\\MiniApp-review\\flow-baseline\\datasetPopular\\if试用\\__APP__/pages/try/detail.js"},"to":{"name":"n","loc":{"line":139,"column":37},"id":38655,"file":"D:\\WORK\\2022\\论文相关\\TOSEM\\MiniApp-review\\flow-baseline\\datasetPopular\\if试用\\__APP__/pages/try/detail.js"}},{"type":"assign to","from":{"name":"n","loc":{"line":139,"column":37},"id":38655,"file":"D:\\WORK\\2022\\论文相关\\TOSEM\\MiniApp-review\\flow-baseline\\datasetPopular\\if试用\\__APP__/pages/try/detail.js"},"to":{"name":"latest_try_uids","loc":{"line":139,"column":20},"id":38654,"file":"D:\\WORK\\2022\\论文相关\\TOSEM\\MiniApp-review\\flow-baseline\\datasetPopular\\if试用\\__APP__/pages/try/detail.js"}},{"type":"to callee","from":{"name":"latest_try_uids","loc":{"line":139,"column":20},"id":38654,"file":"D:\\WORK\\2022\\论文相关\\TOSEM\\MiniApp-review\\flow-baseline\\datasetPopular\\if试用\\__APP__/pages/try/detail.js"},"to":{"name":"o.setData","loc":{"line":136,"column":16},"id":38643,"file":"D:\\WORK\\2022\\论文相关\\TOSEM\\MiniApp-review\\flow-baseline\\datasetPopular\\if试用\\__APP__/pages/try/detail.js"}}]}]}],"writeShadows":[{"shadowVar":{"id":38882,"declaredName":"__object__3.reverseArr","declaredLoc":{"line":179,"column":4},"file":"/pages/try/detail.js","type":"normal"},"writeAccess":[]}]},{"propName":".canvertData","readShadows":[{"shadowVar":{"id":40276,"declaredName":"__object__3.canvertData","declaredLoc":{"line":392,"column":4},"file":"/pages/try/detail.js","type":"normal"},"readAccess":[{"leftVar":[{"id":38564,"declaredName":"i","declaredLoc":{"line":129,"column":20},"file":"/pages/try/detail.js","type":"normal"}],"readFlow":[{"type":"assign to","from":{"name":"o.canvertData","loc":{"line":129,"column":24},"id":38566,"file":"D:\\WORK\\2022\\论文相关\\TOSEM\\MiniApp-review\\flow-baseline\\datasetPopular\\if试用\\__APP__/pages/try/detail.js"},"to":{"name":"i","loc":{"line":129,"column":20},"id":38564,"file":"D:\\WORK\\2022\\论文相关\\TOSEM\\MiniApp-review\\flow-baseline\\datasetPopular\\if试用\\__APP__/pages/try/detail.js"}},{"type":"read","from":{"name":"i","loc":{"line":129,"column":20},"id":38564,"file":"D:\\WORK\\2022\\论文相关\\TOSEM\\MiniApp-review\\flow-baseline\\datasetPopular\\if试用\\__APP__/pages/try/detail.js"},"to":{"name":"i.bestie","loc":{"line":130,"column":32},"id":38578,"file":"D:\\WORK\\2022\\论文相关\\TOSEM\\MiniApp-review\\flow-baseline\\datasetPopular\\if试用\\__APP__/pages/try/detail.js"}},{"type":"read","from":{"name":"i.bestie","loc":{"line":130,"column":32},"id":38578,"file":"D:\\WORK\\2022\\论文相关\\TOSEM\\MiniApp-review\\flow-baseline\\datasetPopular\\if试用\\__APP__/pages/try/detail.js"},"to":{"name":"i.hasBestie","loc":{"line":130,"column":44},"id":38582,"file":"D:\\WORK\\2022\\论文相关\\TOSEM\\MiniApp-review\\flow-baseline\\datasetPopular\\if试用\\__APP__/pages/try/detail.js"}},{"type":"read","from":{"name":"i.bestie","loc":{"line":130,"column":32},"id":38578,"file":"D:\\WORK\\2022\\论文相关\\TOSEM\\MiniApp-review\\flow-baseline\\datasetPopular\\if试用\\__APP__/pages/try/detail.js"},"to":{"name":"i.hasBestie","loc":{"line":130,"column":63},"id":38588,"file":"D:\\WORK\\2022\\论文相关\\TOSEM\\MiniApp-review\\flow-baseline\\datasetPopular\\if试用\\__APP__/pages/try/detail.js"}},{"type":"to callee","from":{"name":"i.bestie","loc":{"line":130,"column":32},"id":38578,"file":"D:\\WORK\\2022\\论文相关\\TOSEM\\MiniApp-review\\flow-baseline\\datasetPopular\\if试用\\__APP__/pages/try/detail.js"},"to":{"name":"t.isEmptyObject","loc":{"line":130,"column":16},"id":38575,"file":"D:\\WORK\\2022\\论文相关\\TOSEM\\MiniApp-review\\flow-baseline\\datasetPopular\\if试用\\__APP__/pages/try/detail.js"}},{"type":"read","from":{"name":"i.hasBestie","loc":{"line":130,"column":63},"id":38588,"file":"D:\\WORK\\2022\\论文相关\\TOSEM\\MiniApp-review\\flow-baseline\\datasetPopular\\if试用\\__APP__/pages/try/detail.js"},"to":{"name":"i.latest_apply_uids","loc":{"line":131,"column":37},"id":38600,"file":"D:\\WORK\\2022\\论文相关\\TOSEM\\MiniApp-review\\flow-baseline\\datasetPopular\\if试用\\__APP__/pages/try/detail.js"}},{"type":"to callee","from":{"name":"i.latest_apply_uids","loc":{"line":131,"column":37},"id":38600,"file":"D:\\WORK\\2022\\论文相关\\TOSEM\\MiniApp-review\\flow-baseline\\datasetPopular\\if试用\\__APP__/pages/try/detail.js"},"to":{"name":"o.reverseArr","loc":{"line":131,"column":24},"id":38597,"file":"D:\\WORK\\2022\\论文相关\\TOSEM\\MiniApp-review\\flow-baseline\\datasetPopular\\if试用\\__APP__/pages/try/detail.js"}},{"type":"read","from":{"name":"i.latest_apply_uids","loc":{"line":131,"column":37},"id":38600,"file":"D:\\WORK\\2022\\论文相关\\TOSEM\\MiniApp-review\\flow-baseline\\datasetPopular\\if试用\\__APP__/pages/try/detail.js"},"to":{"name":"i.latest_try_uids","loc":{"line":131,"column":76},"id":38609,"file":"D:\\WORK\\2022\\论文相关\\TOSEM\\MiniApp-review\\flow-baseline\\datasetPopular\\if试用\\__APP__/pages/try/detail.js"}},{"type":"to callee","from":{"name":"i.latest_try_uids","loc":{"line":131,"column":76},"id":38609,"file":"D:\\WORK\\2022\\论文相关\\TOSEM\\MiniApp-review\\flow-baseline\\datasetPopular\\if试用\\__APP__/pages/try/detail.js"},"to":{"name":"o.reverseArr","loc":{"line":131,"column":63},"id":38606,"file":"D:\\WORK\\2022\\论文相关\\TOSEM\\MiniApp-review\\flow-baseline\\datasetPopular\\if试用\\__APP__/pages/try/detail.js"}},{"type":"read","from":{"name":"i.latest_try_uids","loc":{"line":131,"column":76},"id":38609,"file":"D:\\WORK\\2022\\论文相关\\TOSEM\\MiniApp-review\\flow-baseline\\datasetPopular\\if试用\\__APP__/pages/try/detail.js"},"to":{"name":"i.label","loc":{"line":131,"column":125},"id":38617,"file":"D:\\WORK\\2022\\论文相关\\TOSEM\\MiniApp-review\\flow-baseline\\datasetPopular\\if试用\\__APP__/pages/try/detail.js"}},{"type":"read","from":{"name":"i.label","loc":{"line":131,"column":125},"id":38617,"file":"D:\\WORK\\2022\\论文相关\\TOSEM\\MiniApp-review\\flow-baseline\\datasetPopular\\if试用\\__APP__/pages/try/detail.js"},"to":{"name":"i.average_points","loc":{"line":135,"column":24},"id":38635,"file":"D:\\WORK\\2022\\论文相关\\TOSEM\\MiniApp-review\\flow-baseline\\datasetPopular\\if试用\\__APP__/pages/try/detail.js"}},{"type":"read","from":{"name":"i.average_points","loc":{"line":135,"column":24},"id":38635,"file":"D:\\WORK\\2022\\论文相关\\TOSEM\\MiniApp-review\\flow-baseline\\datasetPopular\\if试用\\__APP__/pages/try/detail.js"},"to":{"name":"i","loc":{"line":137,"column":29},"id":38649,"file":"D:\\WORK\\2022\\论文相关\\TOSEM\\MiniApp-review\\flow-baseline\\datasetPopular\\if试用\\__APP__/pages/try/detail.js"}},{"type":"assign to","from":{"name":"i","loc":{"line":137,"column":29},"id":38649,"file":"D:\\WORK\\2022\\论文相关\\TOSEM\\MiniApp-review\\flow-baseline\\datasetPopular\\if试用\\__APP__/pages/try/detail.js"},"to":{"name":"tryInfo","loc":{"line":137,"column":20},"id":38648,"file":"D:\\WORK\\2022\\论文相关\\TOSEM\\MiniApp-review\\flow-baseline\\datasetPopular\\if试用\\__APP__/pages/try/detail.js"}},{"type":"read","from":{"name":"i","loc":{"line":137,"column":29},"id":38649,"file":"D:\\WORK\\2022\\论文相关\\TOSEM\\MiniApp-review\\flow-baseline\\datasetPopular\\if试用\\__APP__/pages/try/detail.js"},"to":{"name":"i","loc":{"line":140,"column":67},"id":38664,"file":"D:\\WORK\\2022\\论文相关\\TOSEM\\MiniApp-review\\flow-baseline\\datasetPopular\\if试用\\__APP__/pages/try/detail.js"}},{"type":"read","from":{"name":"i","loc":{"line":140,"column":67},"id":38664,"file":"D:\\WORK\\2022\\论文相关\\TOSEM\\MiniApp-review\\flow-baseline\\datasetPopular\\if试用\\__APP__/pages/try/detail.js"},"to":{"name":"i.goods_info","loc":{"line":144,"column":24},"id":38702,"file":"D:\\WORK\\2022\\论文相关\\TOSEM\\MiniApp-review\\flow-baseline\\datasetPopular\\if试用\\__APP__/pages/try/detail.js"}},{"type":"read","from":{"name":"i.goods_info","loc":{"line":144,"column":24},"id":38702,"file":"D:\\WORK\\2022\\论文相关\\TOSEM\\MiniApp-review\\flow-baseline\\datasetPopular\\if试用\\__APP__/pages/try/detail.js"},"to":{"name":"p.id","loc":{"line":145,"column":21},"id":38710,"file":"D:\\WORK\\2022\\论文相关\\TOSEM\\MiniApp-review\\flow-baseline\\datasetPopular\\if试用\\__APP__/pages/try/detail.js"}},{"type":"assign to","from":{"name":"i.goods_info","loc":{"line":144,"column":24},"id":38702,"file":"D:\\WORK\\2022\\论文相关\\TOSEM\\MiniApp-review\\flow-baseline\\datasetPopular\\if试用\\__APP__/pages/try/detail.js"},"to":{"name":"p","loc":{"line":144,"column":20},"id":38701,"file":"D:\\WORK\\2022\\论文相关\\TOSEM\\MiniApp-review\\flow-baseline\\datasetPopular\\if试用\\__APP__/pages/try/detail.js"}},{"type":"read","from":{"name":"p","loc":{"line":144,"column":20},"id":38701,"file":"D:\\WORK\\2022\\论文相关\\TOSEM\\MiniApp-review\\flow-baseline\\datasetPopular\\if试用\\__APP__/pages/try/detail.js"},"to":{"name":"p","loc":{"line":145,"column":16},"id":38708,"file":"D:\\WORK\\2022\\论文相关\\TOSEM\\MiniApp-review\\flow-baseline\\datasetPopular\\if试用\\__APP__/pages/try/detail.js"}},{"type":"read","from":{"name":"p","loc":{"line":145,"column":16},"id":38708,"file":"D:\\WORK\\2022\\论文相关\\TOSEM\\MiniApp-review\\flow-baseline\\datasetPopular\\if试用\\__APP__/pages/try/detail.js"},"to":{"name":"p","loc":{"line":147,"column":31},"id":38725,"file":"D:\\WORK\\2022\\论文相关\\TOSEM\\MiniApp-review\\flow-baseline\\datasetPopular\\if试用\\__APP__/pages/try/detail.js"}},{"type":"assign to","from":{"name":"p","loc":{"line":147,"column":31},"id":38725,"file":"D:\\WORK\\2022\\论文相关\\TOSEM\\MiniApp-review\\flow-baseline\\datasetPopular\\if试用\\__APP__/pages/try/detail.js"},"to":{"name":"goodsInfo","loc":{"line":147,"column":20},"id":38724,"file":"D:\\WORK\\2022\\论文相关\\TOSEM\\MiniApp-review\\flow-baseline\\datasetPopular\\if试用\\__APP__/pages/try/detail.js"}},{"type":"to callee","from":{"name":"goodsInfo","loc":{"line":147,"column":20},"id":38724,"file":"D:\\WORK\\2022\\论文相关\\TOSEM\\MiniApp-review\\flow-baseline\\datasetPopular\\if试用\\__APP__/pages/try/detail.js"},"to":{"name":"o.setData","loc":{"line":145,"column":33},"id":38715,"file":"D:\\WORK\\2022\\论文相关\\TOSEM\\MiniApp-review\\flow-baseline\\datasetPopular\\if试用\\__APP__/pages/try/detail.js"}},{"type":"to callee","from":{"name":"tryInfo","loc":{"line":137,"column":20},"id":38648,"file":"D:\\WORK\\2022\\论文相关\\TOSEM\\MiniApp-review\\flow-baseline\\datasetPopular\\if试用\\__APP__/pages/try/detail.js"},"to":{"name":"o.setData","loc":{"line":136,"column":16},"id":38643,"file":"D:\\WORK\\2022\\论文相关\\TOSEM\\MiniApp-review\\flow-baseline\\datasetPopular\\if试用\\__APP__/pages/try/detail.js"}}]}]}],"writeShadows":[{"shadowVar":{"id":40276,"declaredName":"__object__3.canvertData","declaredLoc":{"line":392,"column":4},"file":"/pages/try/detail.js","type":"normal"},"writeAccess":[]}]}]}]}