{"definedData":[],"dynamicDefinedData":[{"shadowObjectVar":"__object__5","dynamicDefinedProps":[{"propName":".setData","readShadows":[{"shadowVar":{"id":-1669,"declaredName":"__object__5.setData","file":"/pages/try/detail_introduce.js","type":"normal"},"readAccess":[{"leftVar":[{"id":41052,"declaredName":"a","declaredLoc":{"line":12,"column":12},"file":"/pages/try/detail_introduce.js","type":"normal"}],"readFlow":[{"type":"assign to","from":{"name":"this","loc":{"line":12,"column":16},"id":41053,"file":"D:\\WORK\\2022\\论文相关\\TOSEM\\MiniApp-review\\flow-baseline\\datasetPopular\\if试用\\__APP__/pages/try/detail_introduce.js"},"to":{"name":"a","loc":{"line":12,"column":12},"id":41052,"file":"D:\\WORK\\2022\\论文相关\\TOSEM\\MiniApp-review\\flow-baseline\\datasetPopular\\if试用\\__APP__/pages/try/detail_introduce.js"}}]},{"leftVar":[{"id":41103,"declaredName":"e","declaredLoc":{"line":23,"column":12},"file":"/pages/try/detail_introduce.js","type":"normal"}],"readFlow":[{"type":"assign to","from":{"name":"this","loc":{"line":23,"column":16},"id":41104,"file":"D:\\WORK\\2022\\论文相关\\TOSEM\\MiniApp-review\\flow-baseline\\datasetPopular\\if试用\\__APP__/pages/try/detail_introduce.js"},"to":{"name":"e","loc":{"line":23,"column":12},"id":41103,"file":"D:\\WORK\\2022\\论文相关\\TOSEM\\MiniApp-review\\flow-baseline\\datasetPopular\\if试用\\__APP__/pages/try/detail_introduce.js"}},{"type":"read","from":{"name":"e","loc":{"line":23,"column":12},"id":41103,"file":"D:\\WORK\\2022\\论文相关\\TOSEM\\MiniApp-review\\flow-baseline\\datasetPopular\\if试用\\__APP__/pages/try/detail_introduce.js"},"to":{"name":"e","loc":{"line":33,"column":99},"id":41166,"file":"D:\\WORK\\2022\\论文相关\\TOSEM\\MiniApp-review\\flow-baseline\\datasetPopular\\if试用\\__APP__/pages/try/detail_introduce.js"}},{"type":"to callee","from":{"name":"e","loc":{"line":33,"column":99},"id":41166,"file":"D:\\WORK\\2022\\论文相关\\TOSEM\\MiniApp-review\\flow-baseline\\datasetPopular\\if试用\\__APP__/pages/try/detail_introduce.js"},"to":{"name":"a.wxParse","loc":{"line":33,"column":46},"id":41154,"file":"D:\\WORK\\2022\\论文相关\\TOSEM\\MiniApp-review\\flow-baseline\\datasetPopular\\if试用\\__APP__/pages/try/detail_introduce.js"}}]},{"leftVar":[{"id":41185,"declaredName":"t","declaredLoc":{"line":41,"column":12},"file":"/pages/try/detail_introduce.js","type":"normal"}],"readFlow":[{"type":"assign to","from":{"name":"this","loc":{"line":41,"column":16},"id":41186,"file":"D:\\WORK\\2022\\论文相关\\TOSEM\\MiniApp-review\\flow-baseline\\datasetPopular\\if试用\\__APP__/pages/try/detail_introduce.js"},"to":{"name":"t","loc":{"line":41,"column":12},"id":41185,"file":"D:\\WORK\\2022\\论文相关\\TOSEM\\MiniApp-review\\flow-baseline\\datasetPopular\\if试用\\__APP__/pages/try/detail_introduce.js"}}]},{"leftVar":[{"id":41216,"declaredName":"t","declaredLoc":{"line":47,"column":12},"file":"/pages/try/detail_introduce.js","type":"normal"}],"readFlow":[{"type":"assign to","from":{"name":"this","loc":{"line":47,"column":16},"id":41217,"file":"D:\\WORK\\2022\\论文相关\\TOSEM\\MiniApp-review\\flow-baseline\\datasetPopular\\if试用\\__APP__/pages/try/detail_introduce.js"},"to":{"name":"t","loc":{"line":47,"column":12},"id":41216,"file":"D:\\WORK\\2022\\论文相关\\TOSEM\\MiniApp-review\\flow-baseline\\datasetPopular\\if试用\\__APP__/pages/try/detail_introduce.js"}}]}]}],"writeShadows":[{"shadowVar":{"id":-1669,"declaredName":"__object__5.setData","file":"/pages/try/detail_introduce.js","type":"normal"},"writeAccess":[]}]}]}]}