{"definedData":[],"dynamicDefinedData":[{"shadowObjectVar":"__object__3","dynamicDefinedProps":[{"propName":".setData","readShadows":[{"shadowVar":{"id":-1684,"declaredName":"__object__3.setData","file":"/pages/try/formApply.js","type":"normal"},"readAccess":[{"leftVar":[{"id":41301,"declaredName":"a","declaredLoc":{"line":16,"column":12},"file":"/pages/try/formApply.js","type":"normal"}],"readFlow":[{"type":"assign to","from":{"name":"this","loc":{"line":16,"column":16},"id":41302,"file":"D:\\WORK\\2022\\论文相关\\TOSEM\\MiniApp-review\\flow-baseline\\datasetPopular\\if试用\\__APP__/pages/try/formApply.js"},"to":{"name":"a","loc":{"line":16,"column":12},"id":41301,"file":"D:\\WORK\\2022\\论文相关\\TOSEM\\MiniApp-review\\flow-baseline\\datasetPopular\\if试用\\__APP__/pages/try/formApply.js"}}]},{"leftVar":[{"id":41399,"declaredName":"s","declaredLoc":{"line":30,"column":12},"file":"/pages/try/formApply.js","type":"normal"}],"readFlow":[{"type":"assign to","from":{"name":"this","loc":{"line":30,"column":16},"id":41400,"file":"D:\\WORK\\2022\\论文相关\\TOSEM\\MiniApp-review\\flow-baseline\\datasetPopular\\if试用\\__APP__/pages/try/formApply.js"},"to":{"name":"s","loc":{"line":30,"column":12},"id":41399,"file":"D:\\WORK\\2022\\论文相关\\TOSEM\\MiniApp-review\\flow-baseline\\datasetPopular\\if试用\\__APP__/pages/try/formApply.js"}}]},{"leftVar":[{"id":41624,"declaredName":"d","declaredLoc":{"line":58,"column":12},"file":"/pages/try/formApply.js","type":"normal"}],"readFlow":[{"type":"assign to","from":{"name":"this","loc":{"line":58,"column":16},"id":41625,"file":"D:\\WORK\\2022\\论文相关\\TOSEM\\MiniApp-review\\flow-baseline\\datasetPopular\\if试用\\__APP__/pages/try/formApply.js"},"to":{"name":"d","loc":{"line":58,"column":12},"id":41624,"file":"D:\\WORK\\2022\\论文相关\\TOSEM\\MiniApp-review\\flow-baseline\\datasetPopular\\if试用\\__APP__/pages/try/formApply.js"}}]},{"leftVar":[{"id":41966,"declaredName":"s","declaredLoc":{"line":110,"column":12},"file":"/pages/try/formApply.js","type":"normal"}],"readFlow":[{"type":"assign to","from":{"name":"this","loc":{"line":110,"column":16},"id":41967,"file":"D:\\WORK\\2022\\论文相关\\TOSEM\\MiniApp-review\\flow-baseline\\datasetPopular\\if试用\\__APP__/pages/try/formApply.js"},"to":{"name":"s","loc":{"line":110,"column":12},"id":41966,"file":"D:\\WORK\\2022\\论文相关\\TOSEM\\MiniApp-review\\flow-baseline\\datasetPopular\\if试用\\__APP__/pages/try/formApply.js"}}]},{"leftVar":[{"id":41991,"declaredName":"s","declaredLoc":{"line":114,"column":12},"file":"/pages/try/formApply.js","type":"normal"}],"readFlow":[{"type":"assign to","from":{"name":"this","loc":{"line":114,"column":16},"id":41992,"file":"D:\\WORK\\2022\\论文相关\\TOSEM\\MiniApp-review\\flow-baseline\\datasetPopular\\if试用\\__APP__/pages/try/formApply.js"},"to":{"name":"s","loc":{"line":114,"column":12},"id":41991,"file":"D:\\WORK\\2022\\论文相关\\TOSEM\\MiniApp-review\\flow-baseline\\datasetPopular\\if试用\\__APP__/pages/try/formApply.js"}}]},{"leftVar":[{"id":42077,"declaredName":"a","declaredLoc":{"line":133,"column":12},"file":"/pages/try/formApply.js","type":"normal"}],"readFlow":[{"type":"assign to","from":{"name":"this","loc":{"line":133,"column":16},"id":42078,"file":"D:\\WORK\\2022\\论文相关\\TOSEM\\MiniApp-review\\flow-baseline\\datasetPopular\\if试用\\__APP__/pages/try/formApply.js"},"to":{"name":"a","loc":{"line":133,"column":12},"id":42077,"file":"D:\\WORK\\2022\\论文相关\\TOSEM\\MiniApp-review\\flow-baseline\\datasetPopular\\if试用\\__APP__/pages/try/formApply.js"}}]},{"leftVar":[{"id":42175,"declaredName":"d","declaredLoc":{"line":153,"column":12},"file":"/pages/try/formApply.js","type":"normal"}],"readFlow":[{"type":"assign to","from":{"name":"this","loc":{"line":153,"column":16},"id":42176,"file":"D:\\WORK\\2022\\论文相关\\TOSEM\\MiniApp-review\\flow-baseline\\datasetPopular\\if试用\\__APP__/pages/try/formApply.js"},"to":{"name":"d","loc":{"line":153,"column":12},"id":42175,"file":"D:\\WORK\\2022\\论文相关\\TOSEM\\MiniApp-review\\flow-baseline\\datasetPopular\\if试用\\__APP__/pages/try/formApply.js"}}]}]}],"writeShadows":[{"shadowVar":{"id":-1684,"declaredName":"__object__3.setData","file":"/pages/try/formApply.js","type":"normal"},"writeAccess":[]}]}]}]}