{"definedData":[],"dynamicDefinedData":[{"shadowObjectVar":"__object__3","dynamicDefinedProps":[{"propName":".setData","readShadows":[{"shadowVar":{"id":-1711,"declaredName":"__object__3.setData","file":"/pages/try/perfectInfo.js","type":"normal"},"readAccess":[{"leftVar":[{"id":42393,"declaredName":"t","declaredLoc":{"line":9,"column":12},"file":"/pages/try/perfectInfo.js","type":"normal"}],"readFlow":[{"type":"assign to","from":{"name":"this","loc":{"line":9,"column":16},"id":42394,"file":"D:\\WORK\\2022\\论文相关\\TOSEM\\MiniApp-review\\flow-baseline\\datasetPopular\\if试用\\__APP__/pages/try/perfectInfo.js"},"to":{"name":"t","loc":{"line":9,"column":12},"id":42393,"file":"D:\\WORK\\2022\\论文相关\\TOSEM\\MiniApp-review\\flow-baseline\\datasetPopular\\if试用\\__APP__/pages/try/perfectInfo.js"}}]},{"leftVar":[{"id":42442,"declaredName":"t","declaredLoc":{"line":16,"column":12},"file":"/pages/try/perfectInfo.js","type":"normal"}],"readFlow":[{"type":"assign to","from":{"name":"this","loc":{"line":16,"column":16},"id":42443,"file":"D:\\WORK\\2022\\论文相关\\TOSEM\\MiniApp-review\\flow-baseline\\datasetPopular\\if试用\\__APP__/pages/try/perfectInfo.js"},"to":{"name":"t","loc":{"line":16,"column":12},"id":42442,"file":"D:\\WORK\\2022\\论文相关\\TOSEM\\MiniApp-review\\flow-baseline\\datasetPopular\\if试用\\__APP__/pages/try/perfectInfo.js"}}]},{"leftVar":[{"id":42511,"declaredName":"e","declaredLoc":{"line":26,"column":12},"file":"/pages/try/perfectInfo.js","type":"normal"}],"readFlow":[{"type":"assign to","from":{"name":"this","loc":{"line":26,"column":16},"id":42512,"file":"D:\\WORK\\2022\\论文相关\\TOSEM\\MiniApp-review\\flow-baseline\\datasetPopular\\if试用\\__APP__/pages/try/perfectInfo.js"},"to":{"name":"e","loc":{"line":26,"column":12},"id":42511,"file":"D:\\WORK\\2022\\论文相关\\TOSEM\\MiniApp-review\\flow-baseline\\datasetPopular\\if试用\\__APP__/pages/try/perfectInfo.js"}}]},{"leftVar":[{"id":42620,"declaredName":"e","declaredLoc":{"line":37,"column":12},"file":"/pages/try/perfectInfo.js","type":"normal"}],"readFlow":[{"type":"assign to","from":{"name":"this","loc":{"line":37,"column":16},"id":42621,"file":"D:\\WORK\\2022\\论文相关\\TOSEM\\MiniApp-review\\flow-baseline\\datasetPopular\\if试用\\__APP__/pages/try/perfectInfo.js"},"to":{"name":"e","loc":{"line":37,"column":12},"id":42620,"file":"D:\\WORK\\2022\\论文相关\\TOSEM\\MiniApp-review\\flow-baseline\\datasetPopular\\if试用\\__APP__/pages/try/perfectInfo.js"}}]}]}],"writeShadows":[{"shadowVar":{"id":-1711,"declaredName":"__object__3.setData","file":"/pages/try/perfectInfo.js","type":"normal"},"writeAccess":[]}]}]}]}