{"definedData":[],"dynamicDefinedData":[{"shadowObjectVar":"__object__3","dynamicDefinedProps":[{"propName":".setData","readShadows":[{"shadowVar":{"id":-1730,"declaredName":"__object__3.setData","file":"/pages/try/submitReport.js","type":"normal"},"readAccess":[{"leftVar":[{"id":42871,"declaredName":"i","declaredLoc":{"line":34,"column":12},"file":"/pages/try/submitReport.js","type":"normal"}],"readFlow":[{"type":"assign to","from":{"name":"this","loc":{"line":34,"column":16},"id":42872,"file":"D:\\WORK\\2022\\论文相关\\TOSEM\\MiniApp-review\\flow-baseline\\datasetPopular\\if试用\\__APP__/pages/try/submitReport.js"},"to":{"name":"i","loc":{"line":34,"column":12},"id":42871,"file":"D:\\WORK\\2022\\论文相关\\TOSEM\\MiniApp-review\\flow-baseline\\datasetPopular\\if试用\\__APP__/pages/try/submitReport.js"}}]},{"leftVar":[{"id":43090,"declaredName":"t","declaredLoc":{"line":69,"column":12},"file":"/pages/try/submitReport.js","type":"normal"}],"readFlow":[{"type":"assign to","from":{"name":"this","loc":{"line":69,"column":16},"id":43091,"file":"D:\\WORK\\2022\\论文相关\\TOSEM\\MiniApp-review\\flow-baseline\\datasetPopular\\if试用\\__APP__/pages/try/submitReport.js"},"to":{"name":"t","loc":{"line":69,"column":12},"id":43090,"file":"D:\\WORK\\2022\\论文相关\\TOSEM\\MiniApp-review\\flow-baseline\\datasetPopular\\if试用\\__APP__/pages/try/submitReport.js"}}]},{"leftVar":[{"id":43169,"declaredName":"e","declaredLoc":{"line":84,"column":12},"file":"/pages/try/submitReport.js","type":"normal"}],"readFlow":[{"type":"assign to","from":{"name":"this","loc":{"line":84,"column":16},"id":43170,"file":"D:\\WORK\\2022\\论文相关\\TOSEM\\MiniApp-review\\flow-baseline\\datasetPopular\\if试用\\__APP__/pages/try/submitReport.js"},"to":{"name":"e","loc":{"line":84,"column":12},"id":43169,"file":"D:\\WORK\\2022\\论文相关\\TOSEM\\MiniApp-review\\flow-baseline\\datasetPopular\\if试用\\__APP__/pages/try/submitReport.js"}}]},{"leftVar":[{"id":43218,"declaredName":"e","declaredLoc":{"line":93,"column":12},"file":"/pages/try/submitReport.js","type":"normal"}],"readFlow":[{"type":"assign to","from":{"name":"this","loc":{"line":93,"column":16},"id":43219,"file":"D:\\WORK\\2022\\论文相关\\TOSEM\\MiniApp-review\\flow-baseline\\datasetPopular\\if试用\\__APP__/pages/try/submitReport.js"},"to":{"name":"e","loc":{"line":93,"column":12},"id":43218,"file":"D:\\WORK\\2022\\论文相关\\TOSEM\\MiniApp-review\\flow-baseline\\datasetPopular\\if试用\\__APP__/pages/try/submitReport.js"}}]},{"leftVar":[{"id":43245,"declaredName":"e","declaredLoc":{"line":99,"column":12},"file":"/pages/try/submitReport.js","type":"normal"}],"readFlow":[{"type":"assign to","from":{"name":"this","loc":{"line":99,"column":16},"id":43246,"file":"D:\\WORK\\2022\\论文相关\\TOSEM\\MiniApp-review\\flow-baseline\\datasetPopular\\if试用\\__APP__/pages/try/submitReport.js"},"to":{"name":"e","loc":{"line":99,"column":12},"id":43245,"file":"D:\\WORK\\2022\\论文相关\\TOSEM\\MiniApp-review\\flow-baseline\\datasetPopular\\if试用\\__APP__/pages/try/submitReport.js"}}]},{"leftVar":[{"id":43272,"declaredName":"e","declaredLoc":{"line":105,"column":12},"file":"/pages/try/submitReport.js","type":"normal"}],"readFlow":[{"type":"assign to","from":{"name":"this","loc":{"line":105,"column":16},"id":43273,"file":"D:\\WORK\\2022\\论文相关\\TOSEM\\MiniApp-review\\flow-baseline\\datasetPopular\\if试用\\__APP__/pages/try/submitReport.js"},"to":{"name":"e","loc":{"line":105,"column":12},"id":43272,"file":"D:\\WORK\\2022\\论文相关\\TOSEM\\MiniApp-review\\flow-baseline\\datasetPopular\\if试用\\__APP__/pages/try/submitReport.js"}}]},{"leftVar":[{"id":43331,"declaredName":"a","declaredLoc":{"line":121,"column":12},"file":"/pages/try/submitReport.js","type":"normal"}],"readFlow":[{"type":"assign to","from":{"name":"this","loc":{"line":121,"column":16},"id":43332,"file":"D:\\WORK\\2022\\论文相关\\TOSEM\\MiniApp-review\\flow-baseline\\datasetPopular\\if试用\\__APP__/pages/try/submitReport.js"},"to":{"name":"a","loc":{"line":121,"column":12},"id":43331,"file":"D:\\WORK\\2022\\论文相关\\TOSEM\\MiniApp-review\\flow-baseline\\datasetPopular\\if试用\\__APP__/pages/try/submitReport.js"}}]},{"leftVar":[{"id":43401,"declaredName":"t","declaredLoc":{"line":131,"column":12},"file":"/pages/try/submitReport.js","type":"normal"}],"readFlow":[{"type":"assign to","from":{"name":"this","loc":{"line":131,"column":16},"id":43402,"file":"D:\\WORK\\2022\\论文相关\\TOSEM\\MiniApp-review\\flow-baseline\\datasetPopular\\if试用\\__APP__/pages/try/submitReport.js"},"to":{"name":"t","loc":{"line":131,"column":12},"id":43401,"file":"D:\\WORK\\2022\\论文相关\\TOSEM\\MiniApp-review\\flow-baseline\\datasetPopular\\if试用\\__APP__/pages/try/submitReport.js"}}]},{"leftVar":[{"id":43465,"declaredName":"e","declaredLoc":{"line":138,"column":12},"file":"/pages/try/submitReport.js","type":"normal"}],"readFlow":[{"type":"assign to","from":{"name":"this","loc":{"line":138,"column":16},"id":43466,"file":"D:\\WORK\\2022\\论文相关\\TOSEM\\MiniApp-review\\flow-baseline\\datasetPopular\\if试用\\__APP__/pages/try/submitReport.js"},"to":{"name":"e","loc":{"line":138,"column":12},"id":43465,"file":"D:\\WORK\\2022\\论文相关\\TOSEM\\MiniApp-review\\flow-baseline\\datasetPopular\\if试用\\__APP__/pages/try/submitReport.js"}}]},{"leftVar":[{"id":43546,"declaredName":"a","declaredLoc":{"line":155,"column":12},"file":"/pages/try/submitReport.js","type":"normal"}],"readFlow":[{"type":"assign to","from":{"name":"this","loc":{"line":155,"column":16},"id":43547,"file":"D:\\WORK\\2022\\论文相关\\TOSEM\\MiniApp-review\\flow-baseline\\datasetPopular\\if试用\\__APP__/pages/try/submitReport.js"},"to":{"name":"a","loc":{"line":155,"column":12},"id":43546,"file":"D:\\WORK\\2022\\论文相关\\TOSEM\\MiniApp-review\\flow-baseline\\datasetPopular\\if试用\\__APP__/pages/try/submitReport.js"}}]},{"leftVar":[{"id":43741,"declaredName":"s","declaredLoc":{"line":188,"column":12},"file":"/pages/try/submitReport.js","type":"normal"}],"readFlow":[{"type":"assign to","from":{"name":"this","loc":{"line":188,"column":16},"id":43742,"file":"D:\\WORK\\2022\\论文相关\\TOSEM\\MiniApp-review\\flow-baseline\\datasetPopular\\if试用\\__APP__/pages/try/submitReport.js"},"to":{"name":"s","loc":{"line":188,"column":12},"id":43741,"file":"D:\\WORK\\2022\\论文相关\\TOSEM\\MiniApp-review\\flow-baseline\\datasetPopular\\if试用\\__APP__/pages/try/submitReport.js"}}]},{"leftVar":[{"id":44283,"declaredName":"t","declaredLoc":{"line":267,"column":12},"file":"/pages/try/submitReport.js","type":"normal"}],"readFlow":[{"type":"assign to","from":{"name":"this","loc":{"line":267,"column":16},"id":44284,"file":"D:\\WORK\\2022\\论文相关\\TOSEM\\MiniApp-review\\flow-baseline\\datasetPopular\\if试用\\__APP__/pages/try/submitReport.js"},"to":{"name":"t","loc":{"line":267,"column":12},"id":44283,"file":"D:\\WORK\\2022\\论文相关\\TOSEM\\MiniApp-review\\flow-baseline\\datasetPopular\\if试用\\__APP__/pages/try/submitReport.js"}}]},{"leftVar":[{"id":44307,"declaredName":"a","declaredLoc":{"line":273,"column":12},"file":"/pages/try/submitReport.js","type":"normal"}],"readFlow":[{"type":"assign to","from":{"name":"this","loc":{"line":273,"column":16},"id":44308,"file":"D:\\WORK\\2022\\论文相关\\TOSEM\\MiniApp-review\\flow-baseline\\datasetPopular\\if试用\\__APP__/pages/try/submitReport.js"},"to":{"name":"a","loc":{"line":273,"column":12},"id":44307,"file":"D:\\WORK\\2022\\论文相关\\TOSEM\\MiniApp-review\\flow-baseline\\datasetPopular\\if试用\\__APP__/pages/try/submitReport.js"}}]}]}],"writeShadows":[{"shadowVar":{"id":-1730,"declaredName":"__object__3.setData","file":"/pages/try/submitReport.js","type":"normal"},"writeAccess":[]}]},{"propName":"._getImageKey","readShadows":[{"shadowVar":{"id":44013,"declaredName":"__object__3._getImageKey","declaredLoc":{"line":239,"column":4},"file":"/pages/try/submitReport.js","type":"normal"},"readAccess":[{"leftVar":[{"id":43772,"declaredName":"__object__190.key","declaredLoc":{"line":192,"column":16},"file":"/pages/try/submitReport.js","type":"normal"}],"readFlow":[{"type":"assign to","from":{"name":"s._getImageKey","loc":{"line":192,"column":21},"id":43774,"file":"D:\\WORK\\2022\\论文相关\\TOSEM\\MiniApp-review\\flow-baseline\\datasetPopular\\if试用\\__APP__/pages/try/submitReport.js"},"to":{"name":"key","loc":{"line":192,"column":16},"id":43772,"file":"D:\\WORK\\2022\\论文相关\\TOSEM\\MiniApp-review\\flow-baseline\\datasetPopular\\if试用\\__APP__/pages/try/submitReport.js"}},{"type":"assign to","from":{"name":"key","loc":{"line":192,"column":16},"id":43772,"file":"D:\\WORK\\2022\\论文相关\\TOSEM\\MiniApp-review\\flow-baseline\\datasetPopular\\if试用\\__APP__/pages/try/submitReport.js"},"to":{"name":"n","loc":{"line":190,"column":26},"id":43762,"file":"D:\\WORK\\2022\\论文相关\\TOSEM\\MiniApp-review\\flow-baseline\\datasetPopular\\if试用\\__APP__/pages/try/submitReport.js"}},{"type":"read","from":{"name":"key","loc":{"line":192,"column":16},"id":43772,"file":"D:\\WORK\\2022\\论文相关\\TOSEM\\MiniApp-review\\flow-baseline\\datasetPopular\\if试用\\__APP__/pages/try/submitReport.js"},"to":{"name":"n","loc":{"line":214,"column":26},"id":43891,"file":"D:\\WORK\\2022\\论文相关\\TOSEM\\MiniApp-review\\flow-baseline\\datasetPopular\\if试用\\__APP__/pages/try/submitReport.js"}},{"type":"assign to","from":{"name":"n","loc":{"line":214,"column":26},"id":43891,"file":"D:\\WORK\\2022\\论文相关\\TOSEM\\MiniApp-review\\flow-baseline\\datasetPopular\\if试用\\__APP__/pages/try/submitReport.js"},"to":{"name":"formData","loc":{"line":214,"column":16},"id":43890,"file":"D:\\WORK\\2022\\论文相关\\TOSEM\\MiniApp-review\\flow-baseline\\datasetPopular\\if试用\\__APP__/pages/try/submitReport.js"}},{"type":"to callee","from":{"name":"formData","loc":{"line":214,"column":16},"id":43890,"file":"D:\\WORK\\2022\\论文相关\\TOSEM\\MiniApp-review\\flow-baseline\\datasetPopular\\if试用\\__APP__/pages/try/submitReport.js"},"to":{"name":"wx.uploadFile","loc":{"line":207,"column":12},"id":43868,"file":"D:\\WORK\\2022\\论文相关\\TOSEM\\MiniApp-review\\flow-baseline\\datasetPopular\\if试用\\__APP__/pages/try/submitReport.js","sink":true}},{"type":"read","from":{"name":"n","loc":{"line":190,"column":26},"id":43762,"file":"D:\\WORK\\2022\\论文相关\\TOSEM\\MiniApp-review\\flow-baseline\\datasetPopular\\if试用\\__APP__/pages/try/submitReport.js"},"to":{"name":"n","loc":{"line":214,"column":26},"id":43891,"file":"D:\\WORK\\2022\\论文相关\\TOSEM\\MiniApp-review\\flow-baseline\\datasetPopular\\if试用\\__APP__/pages/try/submitReport.js"}}]}]}],"writeShadows":[{"shadowVar":{"id":44013,"declaredName":"__object__3._getImageKey","declaredLoc":{"line":239,"column":4},"file":"/pages/try/submitReport.js","type":"normal"},"writeAccess":[]}]}]}]}