{"definedData":[],"dynamicDefinedData":[{"shadowObjectVar":"__object__3","dynamicDefinedProps":[{"propName":".setData","readShadows":[{"shadowVar":{"id":-1768,"declaredName":"__object__3.setData","file":"/pages/try/submitVideoReport.js","type":"normal"},"readAccess":[{"leftVar":[{"id":44475,"declaredName":"i","declaredLoc":{"line":29,"column":12},"file":"/pages/try/submitVideoReport.js","type":"normal"}],"readFlow":[{"type":"assign to","from":{"name":"this","loc":{"line":29,"column":16},"id":44476,"file":"D:\\WORK\\2022\\论文相关\\TOSEM\\MiniApp-review\\flow-baseline\\datasetPopular\\if试用\\__APP__/pages/try/submitVideoReport.js"},"to":{"name":"i","loc":{"line":29,"column":12},"id":44475,"file":"D:\\WORK\\2022\\论文相关\\TOSEM\\MiniApp-review\\flow-baseline\\datasetPopular\\if试用\\__APP__/pages/try/submitVideoReport.js"}}]},{"leftVar":[{"id":44556,"declaredName":"t","declaredLoc":{"line":41,"column":12},"file":"/pages/try/submitVideoReport.js","type":"normal"}],"readFlow":[{"type":"assign to","from":{"name":"this","loc":{"line":41,"column":16},"id":44557,"file":"D:\\WORK\\2022\\论文相关\\TOSEM\\MiniApp-review\\flow-baseline\\datasetPopular\\if试用\\__APP__/pages/try/submitVideoReport.js"},"to":{"name":"t","loc":{"line":41,"column":12},"id":44556,"file":"D:\\WORK\\2022\\论文相关\\TOSEM\\MiniApp-review\\flow-baseline\\datasetPopular\\if试用\\__APP__/pages/try/submitVideoReport.js"}}]},{"leftVar":[{"id":44595,"declaredName":"e","declaredLoc":{"line":54,"column":12},"file":"/pages/try/submitVideoReport.js","type":"normal"}],"readFlow":[{"type":"assign to","from":{"name":"this","loc":{"line":54,"column":16},"id":44596,"file":"D:\\WORK\\2022\\论文相关\\TOSEM\\MiniApp-review\\flow-baseline\\datasetPopular\\if试用\\__APP__/pages/try/submitVideoReport.js"},"to":{"name":"e","loc":{"line":54,"column":12},"id":44595,"file":"D:\\WORK\\2022\\论文相关\\TOSEM\\MiniApp-review\\flow-baseline\\datasetPopular\\if试用\\__APP__/pages/try/submitVideoReport.js"}}]},{"leftVar":[{"id":44631,"declaredName":"e","declaredLoc":{"line":60,"column":12},"file":"/pages/try/submitVideoReport.js","type":"normal"}],"readFlow":[{"type":"assign to","from":{"name":"this","loc":{"line":60,"column":16},"id":44632,"file":"D:\\WORK\\2022\\论文相关\\TOSEM\\MiniApp-review\\flow-baseline\\datasetPopular\\if试用\\__APP__/pages/try/submitVideoReport.js"},"to":{"name":"e","loc":{"line":60,"column":12},"id":44631,"file":"D:\\WORK\\2022\\论文相关\\TOSEM\\MiniApp-review\\flow-baseline\\datasetPopular\\if试用\\__APP__/pages/try/submitVideoReport.js"}}]},{"leftVar":[{"id":44666,"declaredName":"t","declaredLoc":{"line":66,"column":12},"file":"/pages/try/submitVideoReport.js","type":"normal"}],"readFlow":[{"type":"assign to","from":{"name":"this","loc":{"line":66,"column":16},"id":44667,"file":"D:\\WORK\\2022\\论文相关\\TOSEM\\MiniApp-review\\flow-baseline\\datasetPopular\\if试用\\__APP__/pages/try/submitVideoReport.js"},"to":{"name":"t","loc":{"line":66,"column":12},"id":44666,"file":"D:\\WORK\\2022\\论文相关\\TOSEM\\MiniApp-review\\flow-baseline\\datasetPopular\\if试用\\__APP__/pages/try/submitVideoReport.js"}}]},{"leftVar":[{"id":44744,"declaredName":"t","declaredLoc":{"line":76,"column":12},"file":"/pages/try/submitVideoReport.js","type":"normal"}],"readFlow":[{"type":"assign to","from":{"name":"this","loc":{"line":76,"column":16},"id":44745,"file":"D:\\WORK\\2022\\论文相关\\TOSEM\\MiniApp-review\\flow-baseline\\datasetPopular\\if试用\\__APP__/pages/try/submitVideoReport.js"},"to":{"name":"t","loc":{"line":76,"column":12},"id":44744,"file":"D:\\WORK\\2022\\论文相关\\TOSEM\\MiniApp-review\\flow-baseline\\datasetPopular\\if试用\\__APP__/pages/try/submitVideoReport.js"}}]},{"leftVar":[{"id":44900,"declaredName":"t","declaredLoc":{"line":109,"column":12},"file":"/pages/try/submitVideoReport.js","type":"normal"}],"readFlow":[{"type":"assign to","from":{"name":"this","loc":{"line":109,"column":16},"id":44901,"file":"D:\\WORK\\2022\\论文相关\\TOSEM\\MiniApp-review\\flow-baseline\\datasetPopular\\if试用\\__APP__/pages/try/submitVideoReport.js"},"to":{"name":"t","loc":{"line":109,"column":12},"id":44900,"file":"D:\\WORK\\2022\\论文相关\\TOSEM\\MiniApp-review\\flow-baseline\\datasetPopular\\if试用\\__APP__/pages/try/submitVideoReport.js"}}]},{"leftVar":[{"id":45287,"declaredName":"i","declaredLoc":{"line":153,"column":12},"file":"/pages/try/submitVideoReport.js","type":"normal"}],"readFlow":[{"type":"assign to","from":{"name":"this","loc":{"line":153,"column":16},"id":45288,"file":"D:\\WORK\\2022\\论文相关\\TOSEM\\MiniApp-review\\flow-baseline\\datasetPopular\\if试用\\__APP__/pages/try/submitVideoReport.js"},"to":{"name":"i","loc":{"line":153,"column":12},"id":45287,"file":"D:\\WORK\\2022\\论文相关\\TOSEM\\MiniApp-review\\flow-baseline\\datasetPopular\\if试用\\__APP__/pages/try/submitVideoReport.js"}}]}]}],"writeShadows":[{"shadowVar":{"id":-1768,"declaredName":"__object__3.setData","file":"/pages/try/submitVideoReport.js","type":"normal"},"writeAccess":[]}]},{"propName":"._getVedioKey","readShadows":[{"shadowVar":{"id":45045,"declaredName":"__object__3._getVedioKey","declaredLoc":{"line":133,"column":4},"file":"/pages/try/submitVideoReport.js","type":"normal"},"readAccess":[{"leftVar":[{"id":44757,"declaredName":"__object__76.key","declaredLoc":{"line":78,"column":12},"file":"/pages/try/submitVideoReport.js","type":"normal"}],"readFlow":[{"type":"assign to","from":{"name":"t._getVedioKey","loc":{"line":78,"column":17},"id":44759,"file":"D:\\WORK\\2022\\论文相关\\TOSEM\\MiniApp-review\\flow-baseline\\datasetPopular\\if试用\\__APP__/pages/try/submitVideoReport.js"},"to":{"name":"key","loc":{"line":78,"column":12},"id":44757,"file":"D:\\WORK\\2022\\论文相关\\TOSEM\\MiniApp-review\\flow-baseline\\datasetPopular\\if试用\\__APP__/pages/try/submitVideoReport.js"}},{"type":"assign to","from":{"name":"key","loc":{"line":78,"column":12},"id":44757,"file":"D:\\WORK\\2022\\论文相关\\TOSEM\\MiniApp-review\\flow-baseline\\datasetPopular\\if试用\\__APP__/pages/try/submitVideoReport.js"},"to":{"name":"e","loc":{"line":76,"column":22},"id":44747,"file":"D:\\WORK\\2022\\论文相关\\TOSEM\\MiniApp-review\\flow-baseline\\datasetPopular\\if试用\\__APP__/pages/try/submitVideoReport.js"}},{"type":"read","from":{"name":"key","loc":{"line":78,"column":12},"id":44757,"file":"D:\\WORK\\2022\\论文相关\\TOSEM\\MiniApp-review\\flow-baseline\\datasetPopular\\if试用\\__APP__/pages/try/submitVideoReport.js"},"to":{"name":"e","loc":{"line":93,"column":22},"id":44821,"file":"D:\\WORK\\2022\\论文相关\\TOSEM\\MiniApp-review\\flow-baseline\\datasetPopular\\if试用\\__APP__/pages/try/submitVideoReport.js"}},{"type":"assign to","from":{"name":"e","loc":{"line":93,"column":22},"id":44821,"file":"D:\\WORK\\2022\\论文相关\\TOSEM\\MiniApp-review\\flow-baseline\\datasetPopular\\if试用\\__APP__/pages/try/submitVideoReport.js"},"to":{"name":"formData","loc":{"line":93,"column":12},"id":44820,"file":"D:\\WORK\\2022\\论文相关\\TOSEM\\MiniApp-review\\flow-baseline\\datasetPopular\\if试用\\__APP__/pages/try/submitVideoReport.js"}},{"type":"to callee","from":{"name":"formData","loc":{"line":93,"column":12},"id":44820,"file":"D:\\WORK\\2022\\论文相关\\TOSEM\\MiniApp-review\\flow-baseline\\datasetPopular\\if试用\\__APP__/pages/try/submitVideoReport.js"},"to":{"name":"wx.uploadFile","loc":{"line":86,"column":12},"id":44794,"file":"D:\\WORK\\2022\\论文相关\\TOSEM\\MiniApp-review\\flow-baseline\\datasetPopular\\if试用\\__APP__/pages/try/submitVideoReport.js","sink":true}},{"type":"read","from":{"name":"e","loc":{"line":76,"column":22},"id":44747,"file":"D:\\WORK\\2022\\论文相关\\TOSEM\\MiniApp-review\\flow-baseline\\datasetPopular\\if试用\\__APP__/pages/try/submitVideoReport.js"},"to":{"name":"e","loc":{"line":93,"column":22},"id":44821,"file":"D:\\WORK\\2022\\论文相关\\TOSEM\\MiniApp-review\\flow-baseline\\datasetPopular\\if试用\\__APP__/pages/try/submitVideoReport.js"}}]}]}],"writeShadows":[{"shadowVar":{"id":45045,"declaredName":"__object__3._getVedioKey","declaredLoc":{"line":133,"column":4},"file":"/pages/try/submitVideoReport.js","type":"normal"},"writeAccess":[]}]}]}]}