{"definedData":[],"dynamicDefinedData":[{"shadowObjectVar":"__object__3","dynamicDefinedProps":[{"propName":".setData","readShadows":[{"shadowVar":{"id":-1795,"declaredName":"__object__3.setData","file":"/pages/welfare/index.js","type":"normal"},"readAccess":[{"leftVar":[{"id":45447,"declaredName":"i","declaredLoc":{"line":21,"column":87},"file":"/pages/welfare/index.js","type":"normal"}],"readFlow":[{"type":"assign to","from":{"name":"this","loc":{"line":21,"column":91},"id":45448,"file":"D:\\WORK\\2022\\论文相关\\TOSEM\\MiniApp-review\\flow-baseline\\datasetPopular\\if试用\\__APP__/pages/welfare/index.js"},"to":{"name":"i","loc":{"line":21,"column":87},"id":45447,"file":"D:\\WORK\\2022\\论文相关\\TOSEM\\MiniApp-review\\flow-baseline\\datasetPopular\\if试用\\__APP__/pages/welfare/index.js"}}]},{"leftVar":[{"id":45789,"declaredName":"a","declaredLoc":{"line":61,"column":12},"file":"/pages/welfare/index.js","type":"normal"}],"readFlow":[{"type":"assign to","from":{"name":"this","loc":{"line":61,"column":16},"id":45790,"file":"D:\\WORK\\2022\\论文相关\\TOSEM\\MiniApp-review\\flow-baseline\\datasetPopular\\if试用\\__APP__/pages/welfare/index.js"},"to":{"name":"a","loc":{"line":61,"column":12},"id":45789,"file":"D:\\WORK\\2022\\论文相关\\TOSEM\\MiniApp-review\\flow-baseline\\datasetPopular\\if试用\\__APP__/pages/welfare/index.js"}}]},{"leftVar":[{"id":45937,"declaredName":"t","declaredLoc":{"line":86,"column":12},"file":"/pages/welfare/index.js","type":"normal"}],"readFlow":[{"type":"assign to","from":{"name":"this","loc":{"line":86,"column":16},"id":45938,"file":"D:\\WORK\\2022\\论文相关\\TOSEM\\MiniApp-review\\flow-baseline\\datasetPopular\\if试用\\__APP__/pages/welfare/index.js"},"to":{"name":"t","loc":{"line":86,"column":12},"id":45937,"file":"D:\\WORK\\2022\\论文相关\\TOSEM\\MiniApp-review\\flow-baseline\\datasetPopular\\if试用\\__APP__/pages/welfare/index.js"}}]},{"leftVar":[{"id":46008,"declaredName":"e","declaredLoc":{"line":104,"column":12},"file":"/pages/welfare/index.js","type":"normal"}],"readFlow":[{"type":"assign to","from":{"name":"this","loc":{"line":104,"column":16},"id":46009,"file":"D:\\WORK\\2022\\论文相关\\TOSEM\\MiniApp-review\\flow-baseline\\datasetPopular\\if试用\\__APP__/pages/welfare/index.js"},"to":{"name":"e","loc":{"line":104,"column":12},"id":46008,"file":"D:\\WORK\\2022\\论文相关\\TOSEM\\MiniApp-review\\flow-baseline\\datasetPopular\\if试用\\__APP__/pages/welfare/index.js"}}]},{"leftVar":[{"id":46034,"declaredName":"t","declaredLoc":{"line":110,"column":12},"file":"/pages/welfare/index.js","type":"normal"}],"readFlow":[{"type":"assign to","from":{"name":"this","loc":{"line":110,"column":16},"id":46035,"file":"D:\\WORK\\2022\\论文相关\\TOSEM\\MiniApp-review\\flow-baseline\\datasetPopular\\if试用\\__APP__/pages/welfare/index.js"},"to":{"name":"t","loc":{"line":110,"column":12},"id":46034,"file":"D:\\WORK\\2022\\论文相关\\TOSEM\\MiniApp-review\\flow-baseline\\datasetPopular\\if试用\\__APP__/pages/welfare/index.js"}}]}]}],"writeShadows":[{"shadowVar":{"id":-1795,"declaredName":"__object__3.setData","file":"/pages/welfare/index.js","type":"normal"},"writeAccess":[]}]},{"propName":".canvertData","readShadows":[{"shadowVar":{"id":45591,"declaredName":"__object__3.canvertData","declaredLoc":{"line":46,"column":4},"file":"/pages/welfare/index.js","type":"normal"},"readAccess":[{"leftVar":[{"id":45506,"declaredName":"s","declaredLoc":{"line":30,"column":20},"file":"/pages/welfare/index.js","type":"normal"}],"readFlow":[{"type":"assign to","from":{"name":"i.canvertData","loc":{"line":30,"column":24},"id":45508,"file":"D:\\WORK\\2022\\论文相关\\TOSEM\\MiniApp-review\\flow-baseline\\datasetPopular\\if试用\\__APP__/pages/welfare/index.js"},"to":{"name":"s","loc":{"line":30,"column":20},"id":45506,"file":"D:\\WORK\\2022\\论文相关\\TOSEM\\MiniApp-review\\flow-baseline\\datasetPopular\\if试用\\__APP__/pages/welfare/index.js"}},{"type":"read","from":{"name":"s","loc":{"line":30,"column":20},"id":45506,"file":"D:\\WORK\\2022\\论文相关\\TOSEM\\MiniApp-review\\flow-baseline\\datasetPopular\\if试用\\__APP__/pages/welfare/index.js"},"to":{"name":"s.list.length","loc":{"line":31,"column":21},"id":45518,"file":"D:\\WORK\\2022\\论文相关\\TOSEM\\MiniApp-review\\flow-baseline\\datasetPopular\\if试用\\__APP__/pages/welfare/index.js"}},{"type":"read","from":{"name":"s.list.length","loc":{"line":31,"column":21},"id":45518,"file":"D:\\WORK\\2022\\论文相关\\TOSEM\\MiniApp-review\\flow-baseline\\datasetPopular\\if试用\\__APP__/pages/welfare/index.js"},"to":{"name":"s.list","loc":{"line":34,"column":24},"id":45535,"file":"D:\\WORK\\2022\\论文相关\\TOSEM\\MiniApp-review\\flow-baseline\\datasetPopular\\if试用\\__APP__/pages/welfare/index.js"}},{"type":"read","from":{"name":"s.list","loc":{"line":34,"column":24},"id":45535,"file":"D:\\WORK\\2022\\论文相关\\TOSEM\\MiniApp-review\\flow-baseline\\datasetPopular\\if试用\\__APP__/pages/welfare/index.js"},"to":{"name":"s.users","loc":{"line":37,"column":49},"id":45574,"file":"D:\\WORK\\2022\\论文相关\\TOSEM\\MiniApp-review\\flow-baseline\\datasetPopular\\if试用\\__APP__/pages/welfare/index.js"}},{"type":"assign to","from":{"name":"s.list","loc":{"line":34,"column":24},"id":45535,"file":"D:\\WORK\\2022\\论文相关\\TOSEM\\MiniApp-review\\flow-baseline\\datasetPopular\\if试用\\__APP__/pages/welfare/index.js"},"to":{"name":"n","loc":{"line":34,"column":20},"id":45534,"file":"D:\\WORK\\2022\\论文相关\\TOSEM\\MiniApp-review\\flow-baseline\\datasetPopular\\if试用\\__APP__/pages/welfare/index.js"}},{"type":"read","from":{"name":"n","loc":{"line":34,"column":20},"id":45534,"file":"D:\\WORK\\2022\\论文相关\\TOSEM\\MiniApp-review\\flow-baseline\\datasetPopular\\if试用\\__APP__/pages/welfare/index.js"},"to":{"name":"n","loc":{"line":35,"column":50},"id":45554,"file":"D:\\WORK\\2022\\论文相关\\TOSEM\\MiniApp-review\\flow-baseline\\datasetPopular\\if试用\\__APP__/pages/welfare/index.js"}},{"type":"to callee","from":{"name":"s.users","loc":{"line":37,"column":49},"id":45574,"file":"D:\\WORK\\2022\\论文相关\\TOSEM\\MiniApp-review\\flow-baseline\\datasetPopular\\if试用\\__APP__/pages/welfare/index.js"},"to":{"name":"e.merge","loc":{"line":37,"column":27},"id":45566,"file":"D:\\WORK\\2022\\论文相关\\TOSEM\\MiniApp-review\\flow-baseline\\datasetPopular\\if试用\\__APP__/pages/welfare/index.js"}}]}]}],"writeShadows":[{"shadowVar":{"id":45591,"declaredName":"__object__3.canvertData","declaredLoc":{"line":46,"column":4},"file":"/pages/welfare/index.js","type":"normal"},"writeAccess":[]}]}]}]}