{"definedData":[],"dynamicDefinedData":[{"shadowObjectVar":"__object__3","dynamicDefinedProps":[{"propName":".setData","readShadows":[{"shadowVar":{"id":-1827,"declaredName":"__object__3.setData","file":"/pages/home/address/add.js","type":"normal"},"readAccess":[{"leftVar":[{"id":46196,"declaredName":"n","declaredLoc":{"line":27,"column":12},"file":"/pages/home/address/add.js","type":"normal"}],"readFlow":[{"type":"assign to","from":{"name":"this","loc":{"line":27,"column":16},"id":46197,"file":"D:\\WORK\\2022\\论文相关\\TOSEM\\MiniApp-review\\flow-baseline\\datasetPopular\\if试用\\__APP__/pages/home/address/add.js"},"to":{"name":"n","loc":{"line":27,"column":12},"id":46196,"file":"D:\\WORK\\2022\\论文相关\\TOSEM\\MiniApp-review\\flow-baseline\\datasetPopular\\if试用\\__APP__/pages/home/address/add.js"}}]},{"leftVar":[{"id":46286,"declaredName":"t","declaredLoc":{"line":48,"column":12},"file":"/pages/home/address/add.js","type":"normal"}],"readFlow":[{"type":"assign to","from":{"name":"this","loc":{"line":48,"column":16},"id":46287,"file":"D:\\WORK\\2022\\论文相关\\TOSEM\\MiniApp-review\\flow-baseline\\datasetPopular\\if试用\\__APP__/pages/home/address/add.js"},"to":{"name":"t","loc":{"line":48,"column":12},"id":46286,"file":"D:\\WORK\\2022\\论文相关\\TOSEM\\MiniApp-review\\flow-baseline\\datasetPopular\\if试用\\__APP__/pages/home/address/add.js"}}]},{"leftVar":[{"id":46399,"declaredName":"t","declaredLoc":{"line":66,"column":12},"file":"/pages/home/address/add.js","type":"normal"}],"readFlow":[{"type":"assign to","from":{"name":"this","loc":{"line":66,"column":16},"id":46400,"file":"D:\\WORK\\2022\\论文相关\\TOSEM\\MiniApp-review\\flow-baseline\\datasetPopular\\if试用\\__APP__/pages/home/address/add.js"},"to":{"name":"t","loc":{"line":66,"column":12},"id":46399,"file":"D:\\WORK\\2022\\论文相关\\TOSEM\\MiniApp-review\\flow-baseline\\datasetPopular\\if试用\\__APP__/pages/home/address/add.js"}}]},{"leftVar":[{"id":46487,"declaredName":"t","declaredLoc":{"line":79,"column":12},"file":"/pages/home/address/add.js","type":"normal"}],"readFlow":[{"type":"assign to","from":{"name":"this","loc":{"line":79,"column":16},"id":46488,"file":"D:\\WORK\\2022\\论文相关\\TOSEM\\MiniApp-review\\flow-baseline\\datasetPopular\\if试用\\__APP__/pages/home/address/add.js"},"to":{"name":"t","loc":{"line":79,"column":12},"id":46487,"file":"D:\\WORK\\2022\\论文相关\\TOSEM\\MiniApp-review\\flow-baseline\\datasetPopular\\if试用\\__APP__/pages/home/address/add.js"}}]},{"leftVar":[{"id":46632,"declaredName":"i","declaredLoc":{"line":102,"column":12},"file":"/pages/home/address/add.js","type":"normal"}],"readFlow":[{"type":"assign to","from":{"name":"this","loc":{"line":102,"column":16},"id":46633,"file":"D:\\WORK\\2022\\论文相关\\TOSEM\\MiniApp-review\\flow-baseline\\datasetPopular\\if试用\\__APP__/pages/home/address/add.js"},"to":{"name":"i","loc":{"line":102,"column":12},"id":46632,"file":"D:\\WORK\\2022\\论文相关\\TOSEM\\MiniApp-review\\flow-baseline\\datasetPopular\\if试用\\__APP__/pages/home/address/add.js"}}]},{"leftVar":[{"id":46690,"declaredName":"n","declaredLoc":{"line":110,"column":12},"file":"/pages/home/address/add.js","type":"normal"}],"readFlow":[{"type":"assign to","from":{"name":"this","loc":{"line":110,"column":16},"id":46691,"file":"D:\\WORK\\2022\\论文相关\\TOSEM\\MiniApp-review\\flow-baseline\\datasetPopular\\if试用\\__APP__/pages/home/address/add.js"},"to":{"name":"n","loc":{"line":110,"column":12},"id":46690,"file":"D:\\WORK\\2022\\论文相关\\TOSEM\\MiniApp-review\\flow-baseline\\datasetPopular\\if试用\\__APP__/pages/home/address/add.js"}}]},{"leftVar":[{"id":46906,"declaredName":"t","declaredLoc":{"line":149,"column":12},"file":"/pages/home/address/add.js","type":"normal"}],"readFlow":[{"type":"assign to","from":{"name":"this","loc":{"line":149,"column":16},"id":46907,"file":"D:\\WORK\\2022\\论文相关\\TOSEM\\MiniApp-review\\flow-baseline\\datasetPopular\\if试用\\__APP__/pages/home/address/add.js"},"to":{"name":"t","loc":{"line":149,"column":12},"id":46906,"file":"D:\\WORK\\2022\\论文相关\\TOSEM\\MiniApp-review\\flow-baseline\\datasetPopular\\if试用\\__APP__/pages/home/address/add.js"}}]}]}],"writeShadows":[{"shadowVar":{"id":-1827,"declaredName":"__object__3.setData","file":"/pages/home/address/add.js","type":"normal"},"writeAccess":[]}]}]}]}