{"definedData":[],"dynamicDefinedData":[{"shadowObjectVar":"__object__3","dynamicDefinedProps":[{"propName":".setData","readShadows":[{"shadowVar":{"id":-1855,"declaredName":"__object__3.setData","file":"/pages/home/address/edit.js","type":"normal"},"readAccess":[{"leftVar":[{"id":47087,"declaredName":"i","declaredLoc":{"line":29,"column":12},"file":"/pages/home/address/edit.js","type":"normal"}],"readFlow":[{"type":"assign to","from":{"name":"this","loc":{"line":29,"column":16},"id":47088,"file":"D:\\WORK\\2022\\论文相关\\TOSEM\\MiniApp-review\\flow-baseline\\datasetPopular\\if试用\\__APP__/pages/home/address/edit.js"},"to":{"name":"i","loc":{"line":29,"column":12},"id":47087,"file":"D:\\WORK\\2022\\论文相关\\TOSEM\\MiniApp-review\\flow-baseline\\datasetPopular\\if试用\\__APP__/pages/home/address/edit.js"}}]},{"leftVar":[{"id":47334,"declaredName":"d","declaredLoc":{"line":64,"column":12},"file":"/pages/home/address/edit.js","type":"normal"}],"readFlow":[{"type":"assign to","from":{"name":"this","loc":{"line":64,"column":16},"id":47335,"file":"D:\\WORK\\2022\\论文相关\\TOSEM\\MiniApp-review\\flow-baseline\\datasetPopular\\if试用\\__APP__/pages/home/address/edit.js"},"to":{"name":"d","loc":{"line":64,"column":12},"id":47334,"file":"D:\\WORK\\2022\\论文相关\\TOSEM\\MiniApp-review\\flow-baseline\\datasetPopular\\if试用\\__APP__/pages/home/address/edit.js"}}]},{"leftVar":[{"id":47544,"declaredName":"i","declaredLoc":{"line":109,"column":12},"file":"/pages/home/address/edit.js","type":"normal"}],"readFlow":[{"type":"assign to","from":{"name":"this","loc":{"line":109,"column":16},"id":47545,"file":"D:\\WORK\\2022\\论文相关\\TOSEM\\MiniApp-review\\flow-baseline\\datasetPopular\\if试用\\__APP__/pages/home/address/edit.js"},"to":{"name":"i","loc":{"line":109,"column":12},"id":47544,"file":"D:\\WORK\\2022\\论文相关\\TOSEM\\MiniApp-review\\flow-baseline\\datasetPopular\\if试用\\__APP__/pages/home/address/edit.js"}}]},{"leftVar":[{"id":47649,"declaredName":"i","declaredLoc":{"line":127,"column":12},"file":"/pages/home/address/edit.js","type":"normal"}],"readFlow":[{"type":"assign to","from":{"name":"this","loc":{"line":127,"column":16},"id":47650,"file":"D:\\WORK\\2022\\论文相关\\TOSEM\\MiniApp-review\\flow-baseline\\datasetPopular\\if试用\\__APP__/pages/home/address/edit.js"},"to":{"name":"i","loc":{"line":127,"column":12},"id":47649,"file":"D:\\WORK\\2022\\论文相关\\TOSEM\\MiniApp-review\\flow-baseline\\datasetPopular\\if试用\\__APP__/pages/home/address/edit.js"}}]},{"leftVar":[{"id":47737,"declaredName":"i","declaredLoc":{"line":140,"column":12},"file":"/pages/home/address/edit.js","type":"normal"}],"readFlow":[{"type":"assign to","from":{"name":"this","loc":{"line":140,"column":16},"id":47738,"file":"D:\\WORK\\2022\\论文相关\\TOSEM\\MiniApp-review\\flow-baseline\\datasetPopular\\if试用\\__APP__/pages/home/address/edit.js"},"to":{"name":"i","loc":{"line":140,"column":12},"id":47737,"file":"D:\\WORK\\2022\\论文相关\\TOSEM\\MiniApp-review\\flow-baseline\\datasetPopular\\if试用\\__APP__/pages/home/address/edit.js"}}]},{"leftVar":[{"id":47891,"declaredName":"e","declaredLoc":{"line":163,"column":12},"file":"/pages/home/address/edit.js","type":"normal"}],"readFlow":[{"type":"assign to","from":{"name":"this","loc":{"line":163,"column":16},"id":47892,"file":"D:\\WORK\\2022\\论文相关\\TOSEM\\MiniApp-review\\flow-baseline\\datasetPopular\\if试用\\__APP__/pages/home/address/edit.js"},"to":{"name":"e","loc":{"line":163,"column":12},"id":47891,"file":"D:\\WORK\\2022\\论文相关\\TOSEM\\MiniApp-review\\flow-baseline\\datasetPopular\\if试用\\__APP__/pages/home/address/edit.js"}}]},{"leftVar":[{"id":47961,"declaredName":"d","declaredLoc":{"line":171,"column":12},"file":"/pages/home/address/edit.js","type":"normal"}],"readFlow":[{"type":"assign to","from":{"name":"this","loc":{"line":171,"column":16},"id":47962,"file":"D:\\WORK\\2022\\论文相关\\TOSEM\\MiniApp-review\\flow-baseline\\datasetPopular\\if试用\\__APP__/pages/home/address/edit.js"},"to":{"name":"d","loc":{"line":171,"column":12},"id":47961,"file":"D:\\WORK\\2022\\论文相关\\TOSEM\\MiniApp-review\\flow-baseline\\datasetPopular\\if试用\\__APP__/pages/home/address/edit.js"}}]}]}],"writeShadows":[{"shadowVar":{"id":-1855,"declaredName":"__object__3.setData","file":"/pages/home/address/edit.js","type":"normal"},"writeAccess":[]}]}]}]}