{"definedData":[],"dynamicDefinedData":[{"shadowObjectVar":"__object__3","dynamicDefinedProps":[{"propName":".setData","readShadows":[{"shadowVar":{"id":-1879,"declaredName":"__object__3.setData","file":"/pages/home/address/list.js","type":"normal"},"readAccess":[{"leftVar":[{"id":48192,"declaredName":"s","declaredLoc":{"line":12,"column":12},"file":"/pages/home/address/list.js","type":"normal"}],"readFlow":[{"type":"assign to","from":{"name":"this","loc":{"line":12,"column":16},"id":48193,"file":"D:\\WORK\\2022\\论文相关\\TOSEM\\MiniApp-review\\flow-baseline\\datasetPopular\\if试用\\__APP__/pages/home/address/list.js"},"to":{"name":"s","loc":{"line":12,"column":12},"id":48192,"file":"D:\\WORK\\2022\\论文相关\\TOSEM\\MiniApp-review\\flow-baseline\\datasetPopular\\if试用\\__APP__/pages/home/address/list.js"}}]},{"leftVar":[{"id":48288,"declaredName":"e","declaredLoc":{"line":21,"column":12},"file":"/pages/home/address/list.js","type":"normal"}],"readFlow":[{"type":"assign to","from":{"name":"this","loc":{"line":21,"column":16},"id":48289,"file":"D:\\WORK\\2022\\论文相关\\TOSEM\\MiniApp-review\\flow-baseline\\datasetPopular\\if试用\\__APP__/pages/home/address/list.js"},"to":{"name":"e","loc":{"line":21,"column":12},"id":48288,"file":"D:\\WORK\\2022\\论文相关\\TOSEM\\MiniApp-review\\flow-baseline\\datasetPopular\\if试用\\__APP__/pages/home/address/list.js"}}]},{"leftVar":[{"id":48327,"declaredName":"s","declaredLoc":{"line":34,"column":12},"file":"/pages/home/address/list.js","type":"normal"}],"readFlow":[{"type":"assign to","from":{"name":"this","loc":{"line":34,"column":16},"id":48328,"file":"D:\\WORK\\2022\\论文相关\\TOSEM\\MiniApp-review\\flow-baseline\\datasetPopular\\if试用\\__APP__/pages/home/address/list.js"},"to":{"name":"s","loc":{"line":34,"column":12},"id":48327,"file":"D:\\WORK\\2022\\论文相关\\TOSEM\\MiniApp-review\\flow-baseline\\datasetPopular\\if试用\\__APP__/pages/home/address/list.js"}}]},{"leftVar":[{"id":48405,"declaredName":"i","declaredLoc":{"line":50,"column":12},"file":"/pages/home/address/list.js","type":"normal"}],"readFlow":[{"type":"assign to","from":{"name":"this","loc":{"line":50,"column":16},"id":48406,"file":"D:\\WORK\\2022\\论文相关\\TOSEM\\MiniApp-review\\flow-baseline\\datasetPopular\\if试用\\__APP__/pages/home/address/list.js"},"to":{"name":"i","loc":{"line":50,"column":12},"id":48405,"file":"D:\\WORK\\2022\\论文相关\\TOSEM\\MiniApp-review\\flow-baseline\\datasetPopular\\if试用\\__APP__/pages/home/address/list.js"}}]},{"leftVar":[{"id":48472,"declaredName":"s","declaredLoc":{"line":69,"column":12},"file":"/pages/home/address/list.js","type":"normal"}],"readFlow":[{"type":"assign to","from":{"name":"this","loc":{"line":69,"column":16},"id":48473,"file":"D:\\WORK\\2022\\论文相关\\TOSEM\\MiniApp-review\\flow-baseline\\datasetPopular\\if试用\\__APP__/pages/home/address/list.js"},"to":{"name":"s","loc":{"line":69,"column":12},"id":48472,"file":"D:\\WORK\\2022\\论文相关\\TOSEM\\MiniApp-review\\flow-baseline\\datasetPopular\\if试用\\__APP__/pages/home/address/list.js"}}]},{"leftVar":[{"id":48638,"declaredName":"i","declaredLoc":{"line":83,"column":12},"file":"/pages/home/address/list.js","type":"normal"}],"readFlow":[{"type":"assign to","from":{"name":"this","loc":{"line":83,"column":16},"id":48639,"file":"D:\\WORK\\2022\\论文相关\\TOSEM\\MiniApp-review\\flow-baseline\\datasetPopular\\if试用\\__APP__/pages/home/address/list.js"},"to":{"name":"i","loc":{"line":83,"column":12},"id":48638,"file":"D:\\WORK\\2022\\论文相关\\TOSEM\\MiniApp-review\\flow-baseline\\datasetPopular\\if试用\\__APP__/pages/home/address/list.js"}}]}]}],"writeShadows":[{"shadowVar":{"id":-1879,"declaredName":"__object__3.setData","file":"/pages/home/address/list.js","type":"normal"},"writeAccess":[]}]}]}]}