{"definedData":[],"dynamicDefinedData":[{"shadowObjectVar":"__object__3","dynamicDefinedProps":[{"propName":".setData","readShadows":[{"shadowVar":{"declaredName":"__object__3.setData","file":"D:\\WORK\\2021\\MPDF\\white_paper\\json\\dataset2.3wxapkg\\动图宇宙\\_431774825_38\\pages\\dtyz\\dtyz.js"},"readAccess":[{"leftVar":[{"declaredName":"e","declaredLoc":{"line":41,"column":12},"file":"D:\\WORK\\2021\\MPDF\\white_paper\\json\\dataset2.3wxapkg\\动图宇宙\\_431774825_38\\pages\\dtyz\\dtyz.js"}],"readFlow":[{"type":"assign to","from":{"name":"this","loc":{"line":41,"column":16},"id":12231759,"file":"D:\\WORK\\2021\\MPDF\\white_paper\\json\\dataset2.3wxapkg\\动图宇宙\\_431774825_38\\pages\\dtyz\\dtyz.js"},"to":{"name":"e","loc":{"line":41,"column":12},"id":12231758,"file":"D:\\WORK\\2021\\MPDF\\white_paper\\json\\dataset2.3wxapkg\\动图宇宙\\_431774825_38\\pages\\dtyz\\dtyz.js"}}]}]}],"writeShadows":[{"shadowVar":{"declaredName":"__object__3.setData","file":"D:\\WORK\\2021\\MPDF\\white_paper\\json\\dataset2.3wxapkg\\动图宇宙\\_431774825_38\\pages\\dtyz\\dtyz.js"},"writeAccess":[]}]},{"propName":".data","readShadows":[{"shadowVar":{"declaredName":"__object__3.data","declaredLoc":{"line":4,"column":4},"file":"D:\\WORK\\2021\\MPDF\\white_paper\\json\\dataset2.3wxapkg\\动图宇宙\\_431774825_38\\pages\\dtyz\\dtyz.js"},"readAccess":[{"leftVar":[{"declaredName":"e","declaredLoc":{"line":41,"column":12},"file":"D:\\WORK\\2021\\MPDF\\white_paper\\json\\dataset2.3wxapkg\\动图宇宙\\_431774825_38\\pages\\dtyz\\dtyz.js"}],"readFlow":[{"type":"assign to","from":{"name":"this","loc":{"line":41,"column":16},"id":12231759,"file":"D:\\WORK\\2021\\MPDF\\white_paper\\json\\dataset2.3wxapkg\\动图宇宙\\_431774825_38\\pages\\dtyz\\dtyz.js"},"to":{"name":"e","loc":{"line":41,"column":12},"id":12231758,"file":"D:\\WORK\\2021\\MPDF\\white_paper\\json\\dataset2.3wxapkg\\动图宇宙\\_431774825_38\\pages\\dtyz\\dtyz.js"}}]}]}],"writeShadows":[{"shadowVar":{"declaredName":"__object__3.data","declaredLoc":{"line":4,"column":4},"file":"D:\\WORK\\2021\\MPDF\\white_paper\\json\\dataset2.3wxapkg\\动图宇宙\\_431774825_38\\pages\\dtyz\\dtyz.js"},"writeAccess":[]}]},{"propName":".goIndex","readShadows":[{"shadowVar":{"declaredName":"__object__3.goIndex","declaredLoc":{"line":13,"column":4},"file":"D:\\WORK\\2021\\MPDF\\white_paper\\json\\dataset2.3wxapkg\\动图宇宙\\_431774825_38\\pages\\dtyz\\dtyz.js"},"readAccess":[{"leftVar":[{"declaredName":"e","declaredLoc":{"line":41,"column":12},"file":"D:\\WORK\\2021\\MPDF\\white_paper\\json\\dataset2.3wxapkg\\动图宇宙\\_431774825_38\\pages\\dtyz\\dtyz.js"}],"readFlow":[{"type":"assign to","from":{"name":"this","loc":{"line":41,"column":16},"id":12231759,"file":"D:\\WORK\\2021\\MPDF\\white_paper\\json\\dataset2.3wxapkg\\动图宇宙\\_431774825_38\\pages\\dtyz\\dtyz.js"},"to":{"name":"e","loc":{"line":41,"column":12},"id":12231758,"file":"D:\\WORK\\2021\\MPDF\\white_paper\\json\\dataset2.3wxapkg\\动图宇宙\\_431774825_38\\pages\\dtyz\\dtyz.js"}}]}]}],"writeShadows":[{"shadowVar":{"declaredName":"__object__3.goIndex","declaredLoc":{"line":13,"column":4},"file":"D:\\WORK\\2021\\MPDF\\white_paper\\json\\dataset2.3wxapkg\\动图宇宙\\_431774825_38\\pages\\dtyz\\dtyz.js"},"writeAccess":[]}]},{"propName":".onShow","readShadows":[{"shadowVar":{"declaredName":"__object__3.onShow","declaredLoc":{"line":18,"column":4},"file":"D:\\WORK\\2021\\MPDF\\white_paper\\json\\dataset2.3wxapkg\\动图宇宙\\_431774825_38\\pages\\dtyz\\dtyz.js"},"readAccess":[{"leftVar":[{"declaredName":"e","declaredLoc":{"line":41,"column":12},"file":"D:\\WORK\\2021\\MPDF\\white_paper\\json\\dataset2.3wxapkg\\动图宇宙\\_431774825_38\\pages\\dtyz\\dtyz.js"}],"readFlow":[{"type":"assign to","from":{"name":"this","loc":{"line":41,"column":16},"id":12231759,"file":"D:\\WORK\\2021\\MPDF\\white_paper\\json\\dataset2.3wxapkg\\动图宇宙\\_431774825_38\\pages\\dtyz\\dtyz.js"},"to":{"name":"e","loc":{"line":41,"column":12},"id":12231758,"file":"D:\\WORK\\2021\\MPDF\\white_paper\\json\\dataset2.3wxapkg\\动图宇宙\\_431774825_38\\pages\\dtyz\\dtyz.js"}}]}]}],"writeShadows":[{"shadowVar":{"declaredName":"__object__3.onShow","declaredLoc":{"line":18,"column":4},"file":"D:\\WORK\\2021\\MPDF\\white_paper\\json\\dataset2.3wxapkg\\动图宇宙\\_431774825_38\\pages\\dtyz\\dtyz.js"},"writeAccess":[]}]},{"propName":".onHide","readShadows":[{"shadowVar":{"declaredName":"__object__3.onHide","declaredLoc":{"line":24,"column":4},"file":"D:\\WORK\\2021\\MPDF\\white_paper\\json\\dataset2.3wxapkg\\动图宇宙\\_431774825_38\\pages\\dtyz\\dtyz.js"},"readAccess":[{"leftVar":[{"declaredName":"e","declaredLoc":{"line":41,"column":12},"file":"D:\\WORK\\2021\\MPDF\\white_paper\\json\\dataset2.3wxapkg\\动图宇宙\\_431774825_38\\pages\\dtyz\\dtyz.js"}],"readFlow":[{"type":"assign to","from":{"name":"this","loc":{"line":41,"column":16},"id":12231759,"file":"D:\\WORK\\2021\\MPDF\\white_paper\\json\\dataset2.3wxapkg\\动图宇宙\\_431774825_38\\pages\\dtyz\\dtyz.js"},"to":{"name":"e","loc":{"line":41,"column":12},"id":12231758,"file":"D:\\WORK\\2021\\MPDF\\white_paper\\json\\dataset2.3wxapkg\\动图宇宙\\_431774825_38\\pages\\dtyz\\dtyz.js"}}]}]}],"writeShadows":[{"shadowVar":{"declaredName":"__object__3.onHide","declaredLoc":{"line":24,"column":4},"file":"D:\\WORK\\2021\\MPDF\\white_paper\\json\\dataset2.3wxapkg\\动图宇宙\\_431774825_38\\pages\\dtyz\\dtyz.js"},"writeAccess":[]}]},{"propName":".onPullDownRefresh","readShadows":[{"shadowVar":{"declaredName":"__object__3.onPullDownRefresh","declaredLoc":{"line":28,"column":4},"file":"D:\\WORK\\2021\\MPDF\\white_paper\\json\\dataset2.3wxapkg\\动图宇宙\\_431774825_38\\pages\\dtyz\\dtyz.js"},"readAccess":[{"leftVar":[{"declaredName":"e","declaredLoc":{"line":41,"column":12},"file":"D:\\WORK\\2021\\MPDF\\white_paper\\json\\dataset2.3wxapkg\\动图宇宙\\_431774825_38\\pages\\dtyz\\dtyz.js"}],"readFlow":[{"type":"assign to","from":{"name":"this","loc":{"line":41,"column":16},"id":12231759,"file":"D:\\WORK\\2021\\MPDF\\white_paper\\json\\dataset2.3wxapkg\\动图宇宙\\_431774825_38\\pages\\dtyz\\dtyz.js"},"to":{"name":"e","loc":{"line":41,"column":12},"id":12231758,"file":"D:\\WORK\\2021\\MPDF\\white_paper\\json\\dataset2.3wxapkg\\动图宇宙\\_431774825_38\\pages\\dtyz\\dtyz.js"}}]}]}],"writeShadows":[{"shadowVar":{"declaredName":"__object__3.onPullDownRefresh","declaredLoc":{"line":28,"column":4},"file":"D:\\WORK\\2021\\MPDF\\white_paper\\json\\dataset2.3wxapkg\\动图宇宙\\_431774825_38\\pages\\dtyz\\dtyz.js"},"writeAccess":[]}]},{"propName":".onLoad","readShadows":[{"shadowVar":{"declaredName":"__object__3.onLoad","declaredLoc":{"line":31,"column":4},"file":"D:\\WORK\\2021\\MPDF\\white_paper\\json\\dataset2.3wxapkg\\动图宇宙\\_431774825_38\\pages\\dtyz\\dtyz.js"},"readAccess":[{"leftVar":[{"declaredName":"e","declaredLoc":{"line":41,"column":12},"file":"D:\\WORK\\2021\\MPDF\\white_paper\\json\\dataset2.3wxapkg\\动图宇宙\\_431774825_38\\pages\\dtyz\\dtyz.js"}],"readFlow":[{"type":"assign to","from":{"name":"this","loc":{"line":41,"column":16},"id":12231759,"file":"D:\\WORK\\2021\\MPDF\\white_paper\\json\\dataset2.3wxapkg\\动图宇宙\\_431774825_38\\pages\\dtyz\\dtyz.js"},"to":{"name":"e","loc":{"line":41,"column":12},"id":12231758,"file":"D:\\WORK\\2021\\MPDF\\white_paper\\json\\dataset2.3wxapkg\\动图宇宙\\_431774825_38\\pages\\dtyz\\dtyz.js"}}]}]}],"writeShadows":[{"shadowVar":{"declaredName":"__object__3.onLoad","declaredLoc":{"line":31,"column":4},"file":"D:\\WORK\\2021\\MPDF\\white_paper\\json\\dataset2.3wxapkg\\动图宇宙\\_431774825_38\\pages\\dtyz\\dtyz.js"},"writeAccess":[]}]},{"propName":".onPageScroll","readShadows":[{"shadowVar":{"declaredName":"__object__3.onPageScroll","declaredLoc":{"line":36,"column":4},"file":"D:\\WORK\\2021\\MPDF\\white_paper\\json\\dataset2.3wxapkg\\动图宇宙\\_431774825_38\\pages\\dtyz\\dtyz.js"},"readAccess":[{"leftVar":[{"declaredName":"e","declaredLoc":{"line":41,"column":12},"file":"D:\\WORK\\2021\\MPDF\\white_paper\\json\\dataset2.3wxapkg\\动图宇宙\\_431774825_38\\pages\\dtyz\\dtyz.js"}],"readFlow":[{"type":"assign to","from":{"name":"this","loc":{"line":41,"column":16},"id":12231759,"file":"D:\\WORK\\2021\\MPDF\\white_paper\\json\\dataset2.3wxapkg\\动图宇宙\\_431774825_38\\pages\\dtyz\\dtyz.js"},"to":{"name":"e","loc":{"line":41,"column":12},"id":12231758,"file":"D:\\WORK\\2021\\MPDF\\white_paper\\json\\dataset2.3wxapkg\\动图宇宙\\_431774825_38\\pages\\dtyz\\dtyz.js"}}]}]}],"writeShadows":[{"shadowVar":{"declaredName":"__object__3.onPageScroll","declaredLoc":{"line":36,"column":4},"file":"D:\\WORK\\2021\\MPDF\\white_paper\\json\\dataset2.3wxapkg\\动图宇宙\\_431774825_38\\pages\\dtyz\\dtyz.js"},"writeAccess":[]}]},{"propName":".loadData","readShadows":[{"shadowVar":{"declaredName":"__object__3.loadData","declaredLoc":{"line":39,"column":4},"file":"D:\\WORK\\2021\\MPDF\\white_paper\\json\\dataset2.3wxapkg\\动图宇宙\\_431774825_38\\pages\\dtyz\\dtyz.js"},"readAccess":[{"leftVar":[{"declaredName":"e","declaredLoc":{"line":41,"column":12},"file":"D:\\WORK\\2021\\MPDF\\white_paper\\json\\dataset2.3wxapkg\\动图宇宙\\_431774825_38\\pages\\dtyz\\dtyz.js"}],"readFlow":[{"type":"assign to","from":{"name":"this","loc":{"line":41,"column":16},"id":12231759,"file":"D:\\WORK\\2021\\MPDF\\white_paper\\json\\dataset2.3wxapkg\\动图宇宙\\_431774825_38\\pages\\dtyz\\dtyz.js"},"to":{"name":"e","loc":{"line":41,"column":12},"id":12231758,"file":"D:\\WORK\\2021\\MPDF\\white_paper\\json\\dataset2.3wxapkg\\动图宇宙\\_431774825_38\\pages\\dtyz\\dtyz.js"}}]}]}],"writeShadows":[{"shadowVar":{"declaredName":"__object__3.loadData","declaredLoc":{"line":39,"column":4},"file":"D:\\WORK\\2021\\MPDF\\white_paper\\json\\dataset2.3wxapkg\\动图宇宙\\_431774825_38\\pages\\dtyz\\dtyz.js"},"writeAccess":[]}]}]},{"shadowObjectVar":"__object__4","dynamicDefinedProps":[{"propName":".list","readShadows":[{"shadowVar":{"declaredName":"__object__4.list","declaredLoc":{"line":5,"column":8},"file":"D:\\WORK\\2021\\MPDF\\white_paper\\json\\dataset2.3wxapkg\\动图宇宙\\_431774825_38\\pages\\dtyz\\dtyz.js"},"readAccess":[{"leftVar":[{"declaredName":"__object__3.data","declaredLoc":{"line":4,"column":4},"file":"D:\\WORK\\2021\\MPDF\\white_paper\\json\\dataset2.3wxapkg\\动图宇宙\\_431774825_38\\pages\\dtyz\\dtyz.js"}],"readFlow":[{"type":"assign to","from":{"name":"list","loc":{"line":5,"column":8},"id":12231561,"file":"D:\\WORK\\2021\\MPDF\\white_paper\\json\\dataset2.3wxapkg\\动图宇宙\\_431774825_38\\pages\\dtyz\\dtyz.js"},"to":{"name":"data","loc":{"line":4,"column":4},"id":12231558,"file":"D:\\WORK\\2021\\MPDF\\white_paper\\json\\dataset2.3wxapkg\\动图宇宙\\_431774825_38\\pages\\dtyz\\dtyz.js"}},{"type":"to callee","from":{"name":"data","loc":{"line":4,"column":4},"id":12231558,"file":"D:\\WORK\\2021\\MPDF\\white_paper\\json\\dataset2.3wxapkg\\动图宇宙\\_431774825_38\\pages\\dtyz\\dtyz.js"},"to":{"name":"Page","loc":{"line":3,"column":0},"id":12231555,"file":"D:\\WORK\\2021\\MPDF\\white_paper\\json\\dataset2.3wxapkg\\动图宇宙\\_431774825_38\\pages\\dtyz\\dtyz.js"}},{"type":"read","from":{"name":"data","loc":{"line":4,"column":4},"id":12231558,"file":"D:\\WORK\\2021\\MPDF\\white_paper\\json\\dataset2.3wxapkg\\动图宇宙\\_431774825_38\\pages\\dtyz\\dtyz.js"},"to":{"name":"this","loc":{"line":37,"column":33},"id":12231740,"file":"D:\\WORK\\2021\\MPDF\\white_paper\\json\\dataset2.3wxapkg\\动图宇宙\\_431774825_38\\pages\\dtyz\\dtyz.js"}},{"type":"read","from":{"name":"data","loc":{"line":4,"column":4},"id":12231558,"file":"D:\\WORK\\2021\\MPDF\\white_paper\\json\\dataset2.3wxapkg\\动图宇宙\\_431774825_38\\pages\\dtyz\\dtyz.js"},"to":{"name":"this","loc":{"line":41,"column":16},"id":12231759,"file":"D:\\WORK\\2021\\MPDF\\white_paper\\json\\dataset2.3wxapkg\\动图宇宙\\_431774825_38\\pages\\dtyz\\dtyz.js"}},{"type":"assign to","from":{"name":"this","loc":{"line":41,"column":16},"id":12231759,"file":"D:\\WORK\\2021\\MPDF\\white_paper\\json\\dataset2.3wxapkg\\动图宇宙\\_431774825_38\\pages\\dtyz\\dtyz.js"},"to":{"name":"e","loc":{"line":41,"column":12},"id":12231758,"file":"D:\\WORK\\2021\\MPDF\\white_paper\\json\\dataset2.3wxapkg\\动图宇宙\\_431774825_38\\pages\\dtyz\\dtyz.js"}},{"type":"to callee","from":{"name":"this","loc":{"line":37,"column":33},"id":12231740,"file":"D:\\WORK\\2021\\MPDF\\white_paper\\json\\dataset2.3wxapkg\\动图宇宙\\_431774825_38\\pages\\dtyz\\dtyz.js"},"to":{"name":"a.pageFun.switchTitle","loc":{"line":37,"column":8},"id":12231734,"file":"D:\\WORK\\2021\\MPDF\\white_paper\\json\\dataset2.3wxapkg\\动图宇宙\\_431774825_38\\pages\\dtyz\\dtyz.js"}}]}]}],"writeShadows":[{"shadowVar":{"declaredName":"__object__4.list","declaredLoc":{"line":5,"column":8},"file":"D:\\WORK\\2021\\MPDF\\white_paper\\json\\dataset2.3wxapkg\\动图宇宙\\_431774825_38\\pages\\dtyz\\dtyz.js"},"writeAccess":[]}]},{"propName":".isLoadData","readShadows":[{"shadowVar":{"declaredName":"__object__4.isLoadData","declaredLoc":{"line":6,"column":8},"file":"D:\\WORK\\2021\\MPDF\\white_paper\\json\\dataset2.3wxapkg\\动图宇宙\\_431774825_38\\pages\\dtyz\\dtyz.js"},"readAccess":[{"leftVar":[{"declaredName":"__object__3.data","declaredLoc":{"line":4,"column":4},"file":"D:\\WORK\\2021\\MPDF\\white_paper\\json\\dataset2.3wxapkg\\动图宇宙\\_431774825_38\\pages\\dtyz\\dtyz.js"}],"readFlow":[{"type":"assign to","from":{"name":"isLoadData","loc":{"line":6,"column":8},"id":12231564,"file":"D:\\WORK\\2021\\MPDF\\white_paper\\json\\dataset2.3wxapkg\\动图宇宙\\_431774825_38\\pages\\dtyz\\dtyz.js"},"to":{"name":"data","loc":{"line":4,"column":4},"id":12231558,"file":"D:\\WORK\\2021\\MPDF\\white_paper\\json\\dataset2.3wxapkg\\动图宇宙\\_431774825_38\\pages\\dtyz\\dtyz.js"}},{"type":"to callee","from":{"name":"data","loc":{"line":4,"column":4},"id":12231558,"file":"D:\\WORK\\2021\\MPDF\\white_paper\\json\\dataset2.3wxapkg\\动图宇宙\\_431774825_38\\pages\\dtyz\\dtyz.js"},"to":{"name":"Page","loc":{"line":3,"column":0},"id":12231555,"file":"D:\\WORK\\2021\\MPDF\\white_paper\\json\\dataset2.3wxapkg\\动图宇宙\\_431774825_38\\pages\\dtyz\\dtyz.js"}},{"type":"read","from":{"name":"data","loc":{"line":4,"column":4},"id":12231558,"file":"D:\\WORK\\2021\\MPDF\\white_paper\\json\\dataset2.3wxapkg\\动图宇宙\\_431774825_38\\pages\\dtyz\\dtyz.js"},"to":{"name":"this","loc":{"line":37,"column":33},"id":12231740,"file":"D:\\WORK\\2021\\MPDF\\white_paper\\json\\dataset2.3wxapkg\\动图宇宙\\_431774825_38\\pages\\dtyz\\dtyz.js"}},{"type":"read","from":{"name":"data","loc":{"line":4,"column":4},"id":12231558,"file":"D:\\WORK\\2021\\MPDF\\white_paper\\json\\dataset2.3wxapkg\\动图宇宙\\_431774825_38\\pages\\dtyz\\dtyz.js"},"to":{"name":"this","loc":{"line":41,"column":16},"id":12231759,"file":"D:\\WORK\\2021\\MPDF\\white_paper\\json\\dataset2.3wxapkg\\动图宇宙\\_431774825_38\\pages\\dtyz\\dtyz.js"}},{"type":"assign to","from":{"name":"this","loc":{"line":41,"column":16},"id":12231759,"file":"D:\\WORK\\2021\\MPDF\\white_paper\\json\\dataset2.3wxapkg\\动图宇宙\\_431774825_38\\pages\\dtyz\\dtyz.js"},"to":{"name":"e","loc":{"line":41,"column":12},"id":12231758,"file":"D:\\WORK\\2021\\MPDF\\white_paper\\json\\dataset2.3wxapkg\\动图宇宙\\_431774825_38\\pages\\dtyz\\dtyz.js"}},{"type":"to callee","from":{"name":"this","loc":{"line":37,"column":33},"id":12231740,"file":"D:\\WORK\\2021\\MPDF\\white_paper\\json\\dataset2.3wxapkg\\动图宇宙\\_431774825_38\\pages\\dtyz\\dtyz.js"},"to":{"name":"a.pageFun.switchTitle","loc":{"line":37,"column":8},"id":12231734,"file":"D:\\WORK\\2021\\MPDF\\white_paper\\json\\dataset2.3wxapkg\\动图宇宙\\_431774825_38\\pages\\dtyz\\dtyz.js"}}]}]}],"writeShadows":[{"shadowVar":{"declaredName":"__object__4.isLoadData","declaredLoc":{"line":6,"column":8},"file":"D:\\WORK\\2021\\MPDF\\white_paper\\json\\dataset2.3wxapkg\\动图宇宙\\_431774825_38\\pages\\dtyz\\dtyz.js"},"writeAccess":[]}]},{"propName":".topDesc","readShadows":[{"shadowVar":{"declaredName":"__object__4.topDesc","declaredLoc":{"line":7,"column":8},"file":"D:\\WORK\\2021\\MPDF\\white_paper\\json\\dataset2.3wxapkg\\动图宇宙\\_431774825_38\\pages\\dtyz\\dtyz.js"},"readAccess":[{"leftVar":[{"declaredName":"__object__3.data","declaredLoc":{"line":4,"column":4},"file":"D:\\WORK\\2021\\MPDF\\white_paper\\json\\dataset2.3wxapkg\\动图宇宙\\_431774825_38\\pages\\dtyz\\dtyz.js"}],"readFlow":[{"type":"assign to","from":{"name":"topDesc","loc":{"line":7,"column":8},"id":12231568,"file":"D:\\WORK\\2021\\MPDF\\white_paper\\json\\dataset2.3wxapkg\\动图宇宙\\_431774825_38\\pages\\dtyz\\dtyz.js"},"to":{"name":"data","loc":{"line":4,"column":4},"id":12231558,"file":"D:\\WORK\\2021\\MPDF\\white_paper\\json\\dataset2.3wxapkg\\动图宇宙\\_431774825_38\\pages\\dtyz\\dtyz.js"}},{"type":"to callee","from":{"name":"data","loc":{"line":4,"column":4},"id":12231558,"file":"D:\\WORK\\2021\\MPDF\\white_paper\\json\\dataset2.3wxapkg\\动图宇宙\\_431774825_38\\pages\\dtyz\\dtyz.js"},"to":{"name":"Page","loc":{"line":3,"column":0},"id":12231555,"file":"D:\\WORK\\2021\\MPDF\\white_paper\\json\\dataset2.3wxapkg\\动图宇宙\\_431774825_38\\pages\\dtyz\\dtyz.js"}},{"type":"read","from":{"name":"data","loc":{"line":4,"column":4},"id":12231558,"file":"D:\\WORK\\2021\\MPDF\\white_paper\\json\\dataset2.3wxapkg\\动图宇宙\\_431774825_38\\pages\\dtyz\\dtyz.js"},"to":{"name":"this","loc":{"line":37,"column":33},"id":12231740,"file":"D:\\WORK\\2021\\MPDF\\white_paper\\json\\dataset2.3wxapkg\\动图宇宙\\_431774825_38\\pages\\dtyz\\dtyz.js"}},{"type":"read","from":{"name":"data","loc":{"line":4,"column":4},"id":12231558,"file":"D:\\WORK\\2021\\MPDF\\white_paper\\json\\dataset2.3wxapkg\\动图宇宙\\_431774825_38\\pages\\dtyz\\dtyz.js"},"to":{"name":"this","loc":{"line":41,"column":16},"id":12231759,"file":"D:\\WORK\\2021\\MPDF\\white_paper\\json\\dataset2.3wxapkg\\动图宇宙\\_431774825_38\\pages\\dtyz\\dtyz.js"}},{"type":"assign to","from":{"name":"this","loc":{"line":41,"column":16},"id":12231759,"file":"D:\\WORK\\2021\\MPDF\\white_paper\\json\\dataset2.3wxapkg\\动图宇宙\\_431774825_38\\pages\\dtyz\\dtyz.js"},"to":{"name":"e","loc":{"line":41,"column":12},"id":12231758,"file":"D:\\WORK\\2021\\MPDF\\white_paper\\json\\dataset2.3wxapkg\\动图宇宙\\_431774825_38\\pages\\dtyz\\dtyz.js"}},{"type":"to callee","from":{"name":"this","loc":{"line":37,"column":33},"id":12231740,"file":"D:\\WORK\\2021\\MPDF\\white_paper\\json\\dataset2.3wxapkg\\动图宇宙\\_431774825_38\\pages\\dtyz\\dtyz.js"},"to":{"name":"a.pageFun.switchTitle","loc":{"line":37,"column":8},"id":12231734,"file":"D:\\WORK\\2021\\MPDF\\white_paper\\json\\dataset2.3wxapkg\\动图宇宙\\_431774825_38\\pages\\dtyz\\dtyz.js"}}]}]}],"writeShadows":[{"shadowVar":{"declaredName":"__object__4.topDesc","declaredLoc":{"line":7,"column":8},"file":"D:\\WORK\\2021\\MPDF\\white_paper\\json\\dataset2.3wxapkg\\动图宇宙\\_431774825_38\\pages\\dtyz\\dtyz.js"},"writeAccess":[]}]},{"propName":".titleState","readShadows":[{"shadowVar":{"declaredName":"__object__4.titleState","declaredLoc":{"line":11,"column":8},"file":"D:\\WORK\\2021\\MPDF\\white_paper\\json\\dataset2.3wxapkg\\动图宇宙\\_431774825_38\\pages\\dtyz\\dtyz.js"},"readAccess":[{"leftVar":[{"declaredName":"__object__3.data","declaredLoc":{"line":4,"column":4},"file":"D:\\WORK\\2021\\MPDF\\white_paper\\json\\dataset2.3wxapkg\\动图宇宙\\_431774825_38\\pages\\dtyz\\dtyz.js"}],"readFlow":[{"type":"assign to","from":{"name":"titleState","loc":{"line":11,"column":8},"id":12231577,"file":"D:\\WORK\\2021\\MPDF\\white_paper\\json\\dataset2.3wxapkg\\动图宇宙\\_431774825_38\\pages\\dtyz\\dtyz.js"},"to":{"name":"data","loc":{"line":4,"column":4},"id":12231558,"file":"D:\\WORK\\2021\\MPDF\\white_paper\\json\\dataset2.3wxapkg\\动图宇宙\\_431774825_38\\pages\\dtyz\\dtyz.js"}},{"type":"to callee","from":{"name":"data","loc":{"line":4,"column":4},"id":12231558,"file":"D:\\WORK\\2021\\MPDF\\white_paper\\json\\dataset2.3wxapkg\\动图宇宙\\_431774825_38\\pages\\dtyz\\dtyz.js"},"to":{"name":"Page","loc":{"line":3,"column":0},"id":12231555,"file":"D:\\WORK\\2021\\MPDF\\white_paper\\json\\dataset2.3wxapkg\\动图宇宙\\_431774825_38\\pages\\dtyz\\dtyz.js"}},{"type":"read","from":{"name":"data","loc":{"line":4,"column":4},"id":12231558,"file":"D:\\WORK\\2021\\MPDF\\white_paper\\json\\dataset2.3wxapkg\\动图宇宙\\_431774825_38\\pages\\dtyz\\dtyz.js"},"to":{"name":"this","loc":{"line":37,"column":33},"id":12231740,"file":"D:\\WORK\\2021\\MPDF\\white_paper\\json\\dataset2.3wxapkg\\动图宇宙\\_431774825_38\\pages\\dtyz\\dtyz.js"}},{"type":"read","from":{"name":"data","loc":{"line":4,"column":4},"id":12231558,"file":"D:\\WORK\\2021\\MPDF\\white_paper\\json\\dataset2.3wxapkg\\动图宇宙\\_431774825_38\\pages\\dtyz\\dtyz.js"},"to":{"name":"this","loc":{"line":41,"column":16},"id":12231759,"file":"D:\\WORK\\2021\\MPDF\\white_paper\\json\\dataset2.3wxapkg\\动图宇宙\\_431774825_38\\pages\\dtyz\\dtyz.js"}},{"type":"assign to","from":{"name":"this","loc":{"line":41,"column":16},"id":12231759,"file":"D:\\WORK\\2021\\MPDF\\white_paper\\json\\dataset2.3wxapkg\\动图宇宙\\_431774825_38\\pages\\dtyz\\dtyz.js"},"to":{"name":"e","loc":{"line":41,"column":12},"id":12231758,"file":"D:\\WORK\\2021\\MPDF\\white_paper\\json\\dataset2.3wxapkg\\动图宇宙\\_431774825_38\\pages\\dtyz\\dtyz.js"}},{"type":"to callee","from":{"name":"this","loc":{"line":37,"column":33},"id":12231740,"file":"D:\\WORK\\2021\\MPDF\\white_paper\\json\\dataset2.3wxapkg\\动图宇宙\\_431774825_38\\pages\\dtyz\\dtyz.js"},"to":{"name":"a.pageFun.switchTitle","loc":{"line":37,"column":8},"id":12231734,"file":"D:\\WORK\\2021\\MPDF\\white_paper\\json\\dataset2.3wxapkg\\动图宇宙\\_431774825_38\\pages\\dtyz\\dtyz.js"}}]}]}],"writeShadows":[{"shadowVar":{"declaredName":"__object__4.titleState","declaredLoc":{"line":11,"column":8},"file":"D:\\WORK\\2021\\MPDF\\white_paper\\json\\dataset2.3wxapkg\\动图宇宙\\_431774825_38\\pages\\dtyz\\dtyz.js"},"writeAccess":[]}]}]},{"shadowObjectVar":"__object__7","dynamicDefinedProps":[{"propName":".firstText","readShadows":[{"shadowVar":{"declaredName":"__object__7.firstText","declaredLoc":{"line":8,"column":12},"file":"D:\\WORK\\2021\\MPDF\\white_paper\\json\\dataset2.3wxapkg\\动图宇宙\\_431774825_38\\pages\\dtyz\\dtyz.js"},"readAccess":[{"leftVar":[{"declaredName":"__object__4.topDesc","declaredLoc":{"line":7,"column":8},"file":"D:\\WORK\\2021\\MPDF\\white_paper\\json\\dataset2.3wxapkg\\动图宇宙\\_431774825_38\\pages\\dtyz\\dtyz.js"},{"declaredName":"__object__3.data","declaredLoc":{"line":4,"column":4},"file":"D:\\WORK\\2021\\MPDF\\white_paper\\json\\dataset2.3wxapkg\\动图宇宙\\_431774825_38\\pages\\dtyz\\dtyz.js"}],"readFlow":[{"type":"assign to","from":{"name":"firstText","loc":{"line":8,"column":12},"id":12231571,"file":"D:\\WORK\\2021\\MPDF\\white_paper\\json\\dataset2.3wxapkg\\动图宇宙\\_431774825_38\\pages\\dtyz\\dtyz.js"},"to":{"name":"topDesc","loc":{"line":7,"column":8},"id":12231568,"file":"D:\\WORK\\2021\\MPDF\\white_paper\\json\\dataset2.3wxapkg\\动图宇宙\\_431774825_38\\pages\\dtyz\\dtyz.js"}},{"type":"assign to","from":{"name":"topDesc","loc":{"line":7,"column":8},"id":12231568,"file":"D:\\WORK\\2021\\MPDF\\white_paper\\json\\dataset2.3wxapkg\\动图宇宙\\_431774825_38\\pages\\dtyz\\dtyz.js"},"to":{"name":"data","loc":{"line":4,"column":4},"id":12231558,"file":"D:\\WORK\\2021\\MPDF\\white_paper\\json\\dataset2.3wxapkg\\动图宇宙\\_431774825_38\\pages\\dtyz\\dtyz.js"}},{"type":"to callee","from":{"name":"topDesc","loc":{"line":7,"column":8},"id":12231568,"file":"D:\\WORK\\2021\\MPDF\\white_paper\\json\\dataset2.3wxapkg\\动图宇宙\\_431774825_38\\pages\\dtyz\\dtyz.js"},"to":{"name":"Page","loc":{"line":3,"column":0},"id":12231555,"file":"D:\\WORK\\2021\\MPDF\\white_paper\\json\\dataset2.3wxapkg\\动图宇宙\\_431774825_38\\pages\\dtyz\\dtyz.js"}},{"type":"to callee","from":{"name":"data","loc":{"line":4,"column":4},"id":12231558,"file":"D:\\WORK\\2021\\MPDF\\white_paper\\json\\dataset2.3wxapkg\\动图宇宙\\_431774825_38\\pages\\dtyz\\dtyz.js"},"to":{"name":"Page","loc":{"line":3,"column":0},"id":12231555,"file":"D:\\WORK\\2021\\MPDF\\white_paper\\json\\dataset2.3wxapkg\\动图宇宙\\_431774825_38\\pages\\dtyz\\dtyz.js"}},{"type":"read","from":{"name":"data","loc":{"line":4,"column":4},"id":12231558,"file":"D:\\WORK\\2021\\MPDF\\white_paper\\json\\dataset2.3wxapkg\\动图宇宙\\_431774825_38\\pages\\dtyz\\dtyz.js"},"to":{"name":"this","loc":{"line":37,"column":33},"id":12231740,"file":"D:\\WORK\\2021\\MPDF\\white_paper\\json\\dataset2.3wxapkg\\动图宇宙\\_431774825_38\\pages\\dtyz\\dtyz.js"}},{"type":"read","from":{"name":"data","loc":{"line":4,"column":4},"id":12231558,"file":"D:\\WORK\\2021\\MPDF\\white_paper\\json\\dataset2.3wxapkg\\动图宇宙\\_431774825_38\\pages\\dtyz\\dtyz.js"},"to":{"name":"this","loc":{"line":41,"column":16},"id":12231759,"file":"D:\\WORK\\2021\\MPDF\\white_paper\\json\\dataset2.3wxapkg\\动图宇宙\\_431774825_38\\pages\\dtyz\\dtyz.js"}},{"type":"assign to","from":{"name":"this","loc":{"line":41,"column":16},"id":12231759,"file":"D:\\WORK\\2021\\MPDF\\white_paper\\json\\dataset2.3wxapkg\\动图宇宙\\_431774825_38\\pages\\dtyz\\dtyz.js"},"to":{"name":"e","loc":{"line":41,"column":12},"id":12231758,"file":"D:\\WORK\\2021\\MPDF\\white_paper\\json\\dataset2.3wxapkg\\动图宇宙\\_431774825_38\\pages\\dtyz\\dtyz.js"}},{"type":"to callee","from":{"name":"this","loc":{"line":37,"column":33},"id":12231740,"file":"D:\\WORK\\2021\\MPDF\\white_paper\\json\\dataset2.3wxapkg\\动图宇宙\\_431774825_38\\pages\\dtyz\\dtyz.js"},"to":{"name":"a.pageFun.switchTitle","loc":{"line":37,"column":8},"id":12231734,"file":"D:\\WORK\\2021\\MPDF\\white_paper\\json\\dataset2.3wxapkg\\动图宇宙\\_431774825_38\\pages\\dtyz\\dtyz.js"}}]},{"leftVar":[{"declaredName":"__object__4.topDesc","declaredLoc":{"line":7,"column":8},"file":"D:\\WORK\\2021\\MPDF\\white_paper\\json\\dataset2.3wxapkg\\动图宇宙\\_431774825_38\\pages\\dtyz\\dtyz.js"},{"declaredName":"__object__3.data","declaredLoc":{"line":4,"column":4},"file":"D:\\WORK\\2021\\MPDF\\white_paper\\json\\dataset2.3wxapkg\\动图宇宙\\_431774825_38\\pages\\dtyz\\dtyz.js"}],"readFlow":[{"type":"assign to","from":{"name":"firstText","loc":{"line":8,"column":12},"id":12231571,"file":"D:\\WORK\\2021\\MPDF\\white_paper\\json\\dataset2.3wxapkg\\动图宇宙\\_431774825_38\\pages\\dtyz\\dtyz.js"},"to":{"name":"data","loc":{"line":4,"column":4},"id":12231558,"file":"D:\\WORK\\2021\\MPDF\\white_paper\\json\\dataset2.3wxapkg\\动图宇宙\\_431774825_38\\pages\\dtyz\\dtyz.js"}},{"type":"to callee","from":{"name":"data","loc":{"line":4,"column":4},"id":12231558,"file":"D:\\WORK\\2021\\MPDF\\white_paper\\json\\dataset2.3wxapkg\\动图宇宙\\_431774825_38\\pages\\dtyz\\dtyz.js"},"to":{"name":"Page","loc":{"line":3,"column":0},"id":12231555,"file":"D:\\WORK\\2021\\MPDF\\white_paper\\json\\dataset2.3wxapkg\\动图宇宙\\_431774825_38\\pages\\dtyz\\dtyz.js"}},{"type":"read","from":{"name":"data","loc":{"line":4,"column":4},"id":12231558,"file":"D:\\WORK\\2021\\MPDF\\white_paper\\json\\dataset2.3wxapkg\\动图宇宙\\_431774825_38\\pages\\dtyz\\dtyz.js"},"to":{"name":"this","loc":{"line":37,"column":33},"id":12231740,"file":"D:\\WORK\\2021\\MPDF\\white_paper\\json\\dataset2.3wxapkg\\动图宇宙\\_431774825_38\\pages\\dtyz\\dtyz.js"}},{"type":"read","from":{"name":"data","loc":{"line":4,"column":4},"id":12231558,"file":"D:\\WORK\\2021\\MPDF\\white_paper\\json\\dataset2.3wxapkg\\动图宇宙\\_431774825_38\\pages\\dtyz\\dtyz.js"},"to":{"name":"this","loc":{"line":41,"column":16},"id":12231759,"file":"D:\\WORK\\2021\\MPDF\\white_paper\\json\\dataset2.3wxapkg\\动图宇宙\\_431774825_38\\pages\\dtyz\\dtyz.js"}},{"type":"assign to","from":{"name":"this","loc":{"line":41,"column":16},"id":12231759,"file":"D:\\WORK\\2021\\MPDF\\white_paper\\json\\dataset2.3wxapkg\\动图宇宙\\_431774825_38\\pages\\dtyz\\dtyz.js"},"to":{"name":"e","loc":{"line":41,"column":12},"id":12231758,"file":"D:\\WORK\\2021\\MPDF\\white_paper\\json\\dataset2.3wxapkg\\动图宇宙\\_431774825_38\\pages\\dtyz\\dtyz.js"}},{"type":"to callee","from":{"name":"this","loc":{"line":37,"column":33},"id":12231740,"file":"D:\\WORK\\2021\\MPDF\\white_paper\\json\\dataset2.3wxapkg\\动图宇宙\\_431774825_38\\pages\\dtyz\\dtyz.js"},"to":{"name":"a.pageFun.switchTitle","loc":{"line":37,"column":8},"id":12231734,"file":"D:\\WORK\\2021\\MPDF\\white_paper\\json\\dataset2.3wxapkg\\动图宇宙\\_431774825_38\\pages\\dtyz\\dtyz.js"}}]}]}],"writeShadows":[{"shadowVar":{"declaredName":"__object__7.firstText","declaredLoc":{"line":8,"column":12},"file":"D:\\WORK\\2021\\MPDF\\white_paper\\json\\dataset2.3wxapkg\\动图宇宙\\_431774825_38\\pages\\dtyz\\dtyz.js"},"writeAccess":[]}]},{"propName":".secondText","readShadows":[{"shadowVar":{"declaredName":"__object__7.secondText","declaredLoc":{"line":9,"column":12},"file":"D:\\WORK\\2021\\MPDF\\white_paper\\json\\dataset2.3wxapkg\\动图宇宙\\_431774825_38\\pages\\dtyz\\dtyz.js"},"readAccess":[{"leftVar":[{"declaredName":"__object__4.topDesc","declaredLoc":{"line":7,"column":8},"file":"D:\\WORK\\2021\\MPDF\\white_paper\\json\\dataset2.3wxapkg\\动图宇宙\\_431774825_38\\pages\\dtyz\\dtyz.js"},{"declaredName":"__object__3.data","declaredLoc":{"line":4,"column":4},"file":"D:\\WORK\\2021\\MPDF\\white_paper\\json\\dataset2.3wxapkg\\动图宇宙\\_431774825_38\\pages\\dtyz\\dtyz.js"}],"readFlow":[{"type":"assign to","from":{"name":"secondText","loc":{"line":9,"column":12},"id":12231574,"file":"D:\\WORK\\2021\\MPDF\\white_paper\\json\\dataset2.3wxapkg\\动图宇宙\\_431774825_38\\pages\\dtyz\\dtyz.js"},"to":{"name":"topDesc","loc":{"line":7,"column":8},"id":12231568,"file":"D:\\WORK\\2021\\MPDF\\white_paper\\json\\dataset2.3wxapkg\\动图宇宙\\_431774825_38\\pages\\dtyz\\dtyz.js"}},{"type":"assign to","from":{"name":"topDesc","loc":{"line":7,"column":8},"id":12231568,"file":"D:\\WORK\\2021\\MPDF\\white_paper\\json\\dataset2.3wxapkg\\动图宇宙\\_431774825_38\\pages\\dtyz\\dtyz.js"},"to":{"name":"data","loc":{"line":4,"column":4},"id":12231558,"file":"D:\\WORK\\2021\\MPDF\\white_paper\\json\\dataset2.3wxapkg\\动图宇宙\\_431774825_38\\pages\\dtyz\\dtyz.js"}},{"type":"to callee","from":{"name":"topDesc","loc":{"line":7,"column":8},"id":12231568,"file":"D:\\WORK\\2021\\MPDF\\white_paper\\json\\dataset2.3wxapkg\\动图宇宙\\_431774825_38\\pages\\dtyz\\dtyz.js"},"to":{"name":"Page","loc":{"line":3,"column":0},"id":12231555,"file":"D:\\WORK\\2021\\MPDF\\white_paper\\json\\dataset2.3wxapkg\\动图宇宙\\_431774825_38\\pages\\dtyz\\dtyz.js"}},{"type":"to callee","from":{"name":"data","loc":{"line":4,"column":4},"id":12231558,"file":"D:\\WORK\\2021\\MPDF\\white_paper\\json\\dataset2.3wxapkg\\动图宇宙\\_431774825_38\\pages\\dtyz\\dtyz.js"},"to":{"name":"Page","loc":{"line":3,"column":0},"id":12231555,"file":"D:\\WORK\\2021\\MPDF\\white_paper\\json\\dataset2.3wxapkg\\动图宇宙\\_431774825_38\\pages\\dtyz\\dtyz.js"}},{"type":"read","from":{"name":"data","loc":{"line":4,"column":4},"id":12231558,"file":"D:\\WORK\\2021\\MPDF\\white_paper\\json\\dataset2.3wxapkg\\动图宇宙\\_431774825_38\\pages\\dtyz\\dtyz.js"},"to":{"name":"this","loc":{"line":37,"column":33},"id":12231740,"file":"D:\\WORK\\2021\\MPDF\\white_paper\\json\\dataset2.3wxapkg\\动图宇宙\\_431774825_38\\pages\\dtyz\\dtyz.js"}},{"type":"read","from":{"name":"data","loc":{"line":4,"column":4},"id":12231558,"file":"D:\\WORK\\2021\\MPDF\\white_paper\\json\\dataset2.3wxapkg\\动图宇宙\\_431774825_38\\pages\\dtyz\\dtyz.js"},"to":{"name":"this","loc":{"line":41,"column":16},"id":12231759,"file":"D:\\WORK\\2021\\MPDF\\white_paper\\json\\dataset2.3wxapkg\\动图宇宙\\_431774825_38\\pages\\dtyz\\dtyz.js"}},{"type":"assign to","from":{"name":"this","loc":{"line":41,"column":16},"id":12231759,"file":"D:\\WORK\\2021\\MPDF\\white_paper\\json\\dataset2.3wxapkg\\动图宇宙\\_431774825_38\\pages\\dtyz\\dtyz.js"},"to":{"name":"e","loc":{"line":41,"column":12},"id":12231758,"file":"D:\\WORK\\2021\\MPDF\\white_paper\\json\\dataset2.3wxapkg\\动图宇宙\\_431774825_38\\pages\\dtyz\\dtyz.js"}},{"type":"to callee","from":{"name":"this","loc":{"line":37,"column":33},"id":12231740,"file":"D:\\WORK\\2021\\MPDF\\white_paper\\json\\dataset2.3wxapkg\\动图宇宙\\_431774825_38\\pages\\dtyz\\dtyz.js"},"to":{"name":"a.pageFun.switchTitle","loc":{"line":37,"column":8},"id":12231734,"file":"D:\\WORK\\2021\\MPDF\\white_paper\\json\\dataset2.3wxapkg\\动图宇宙\\_431774825_38\\pages\\dtyz\\dtyz.js"}}]},{"leftVar":[{"declaredName":"__object__4.topDesc","declaredLoc":{"line":7,"column":8},"file":"D:\\WORK\\2021\\MPDF\\white_paper\\json\\dataset2.3wxapkg\\动图宇宙\\_431774825_38\\pages\\dtyz\\dtyz.js"},{"declaredName":"__object__3.data","declaredLoc":{"line":4,"column":4},"file":"D:\\WORK\\2021\\MPDF\\white_paper\\json\\dataset2.3wxapkg\\动图宇宙\\_431774825_38\\pages\\dtyz\\dtyz.js"}],"readFlow":[{"type":"assign to","from":{"name":"secondText","loc":{"line":9,"column":12},"id":12231574,"file":"D:\\WORK\\2021\\MPDF\\white_paper\\json\\dataset2.3wxapkg\\动图宇宙\\_431774825_38\\pages\\dtyz\\dtyz.js"},"to":{"name":"data","loc":{"line":4,"column":4},"id":12231558,"file":"D:\\WORK\\2021\\MPDF\\white_paper\\json\\dataset2.3wxapkg\\动图宇宙\\_431774825_38\\pages\\dtyz\\dtyz.js"}},{"type":"to callee","from":{"name":"data","loc":{"line":4,"column":4},"id":12231558,"file":"D:\\WORK\\2021\\MPDF\\white_paper\\json\\dataset2.3wxapkg\\动图宇宙\\_431774825_38\\pages\\dtyz\\dtyz.js"},"to":{"name":"Page","loc":{"line":3,"column":0},"id":12231555,"file":"D:\\WORK\\2021\\MPDF\\white_paper\\json\\dataset2.3wxapkg\\动图宇宙\\_431774825_38\\pages\\dtyz\\dtyz.js"}},{"type":"read","from":{"name":"data","loc":{"line":4,"column":4},"id":12231558,"file":"D:\\WORK\\2021\\MPDF\\white_paper\\json\\dataset2.3wxapkg\\动图宇宙\\_431774825_38\\pages\\dtyz\\dtyz.js"},"to":{"name":"this","loc":{"line":37,"column":33},"id":12231740,"file":"D:\\WORK\\2021\\MPDF\\white_paper\\json\\dataset2.3wxapkg\\动图宇宙\\_431774825_38\\pages\\dtyz\\dtyz.js"}},{"type":"read","from":{"name":"data","loc":{"line":4,"column":4},"id":12231558,"file":"D:\\WORK\\2021\\MPDF\\white_paper\\json\\dataset2.3wxapkg\\动图宇宙\\_431774825_38\\pages\\dtyz\\dtyz.js"},"to":{"name":"this","loc":{"line":41,"column":16},"id":12231759,"file":"D:\\WORK\\2021\\MPDF\\white_paper\\json\\dataset2.3wxapkg\\动图宇宙\\_431774825_38\\pages\\dtyz\\dtyz.js"}},{"type":"assign to","from":{"name":"this","loc":{"line":41,"column":16},"id":12231759,"file":"D:\\WORK\\2021\\MPDF\\white_paper\\json\\dataset2.3wxapkg\\动图宇宙\\_431774825_38\\pages\\dtyz\\dtyz.js"},"to":{"name":"e","loc":{"line":41,"column":12},"id":12231758,"file":"D:\\WORK\\2021\\MPDF\\white_paper\\json\\dataset2.3wxapkg\\动图宇宙\\_431774825_38\\pages\\dtyz\\dtyz.js"}},{"type":"to callee","from":{"name":"this","loc":{"line":37,"column":33},"id":12231740,"file":"D:\\WORK\\2021\\MPDF\\white_paper\\json\\dataset2.3wxapkg\\动图宇宙\\_431774825_38\\pages\\dtyz\\dtyz.js"},"to":{"name":"a.pageFun.switchTitle","loc":{"line":37,"column":8},"id":12231734,"file":"D:\\WORK\\2021\\MPDF\\white_paper\\json\\dataset2.3wxapkg\\动图宇宙\\_431774825_38\\pages\\dtyz\\dtyz.js"}}]}]}],"writeShadows":[{"shadowVar":{"declaredName":"__object__7.secondText","declaredLoc":{"line":9,"column":12},"file":"D:\\WORK\\2021\\MPDF\\white_paper\\json\\dataset2.3wxapkg\\动图宇宙\\_431774825_38\\pages\\dtyz\\dtyz.js"},"writeAccess":[]}]}]}]}