[{"id": 0, "type": "[document]", "string": null, "attribute": {}, "referenceVariable": [], "referenceFunction": [], "style": [], "inheritClass": null, "wxss": [], "page": null, "path": "D:\\WORK\\2021\\MPDF\\baseline\\ui\\豆瓣评分\\index.wxml", "child": [1], "parent": null, "matchString": [{"type": "relation", "string": "name"}, {"type": "relation", "string": "手机号/邮箱"}, {"type": "relation", "string": "input-placeholder"}, {"type": "relation", "string": "password"}, {"type": "relation", "string": "{{true}}"}, {"type": "relation", "string": "密码"}, {"type": "relation", "string": "{{$compid__107}}"}, {"type": "relation", "string": "{{statusText}}"}, {"type": "relation", "string": "{{isLoginDisabled}}"}, {"type": "relation", "string": "{{$compid__108}}"}, {"type": "relation", "string": "{{$compid__109}}"}]}, {"id": 1, "type": "view", "string": null, "attribute": {"wx:if": "{{$taroCompReady}}"}, "referenceVariable": ["$taroCompReady"], "referenceFunction": [], "style": [], "inheritClass": null, "wxss": [], "page": null, "path": "D:\\WORK\\2021\\MPDF\\baseline\\ui\\豆瓣评分\\index.wxml", "child": [2, 14], "parent": 0, "matchString": [{"type": "relation", "string": "name"}, {"type": "relation", "string": "手机号/邮箱"}, {"type": "relation", "string": "input-placeholder"}, {"type": "relation", "string": "password"}, {"type": "relation", "string": "{{true}}"}, {"type": "relation", "string": "密码"}, {"type": "relation", "string": "{{$compid__107}}"}, {"type": "relation", "string": "{{statusText}}"}, {"type": "relation", "string": "{{isLoginDisabled}}"}, {"type": "relation", "string": "{{$compid__108}}"}, {"type": "relation", "string": "{{$compid__109}}"}]}, {"id": 2, "type": "view", "string": null, "attribute": {"class": ["basic"]}, "referenceVariable": [], "referenceFunction": [], "style": [], "inheritClass": null, "wxss": [], "page": null, "path": "D:\\WORK\\2021\\MPDF\\baseline\\ui\\豆瓣评分\\index.wxml", "child": [3], "parent": 1, "matchString": [{"type": "relation", "string": "name"}, {"type": "relation", "string": "手机号/邮箱"}, {"type": "relation", "string": "input-placeholder"}, {"type": "relation", "string": "password"}, {"type": "relation", "string": "{{true}}"}, {"type": "relation", "string": "密码"}, {"type": "relation", "string": "{{$compid__107}}"}, {"type": "relation", "string": "{{statusText}}"}, {"type": "relation", "string": "{{isLoginDisabled}}"}]}, {"id": 3, "type": "form", "string": null, "attribute": {"class": ["basic-form"]}, "referenceVariable": [], "referenceFunction": [], "style": [], "inheritClass": null, "wxss": [], "page": null, "path": "D:\\WORK\\2021\\MPDF\\baseline\\ui\\豆瓣评分\\index.wxml", "child": [4, 11, 12], "parent": 2, "matchString": [{"type": "relation", "string": "name"}, {"type": "relation", "string": "手机号/邮箱"}, {"type": "relation", "string": "input-placeholder"}, {"type": "relation", "string": "password"}, {"type": "relation", "string": "{{true}}"}, {"type": "relation", "string": "密码"}, {"type": "relation", "string": "{{$compid__107}}"}, {"type": "relation", "string": "{{statusText}}"}, {"type": "relation", "string": "{{isLoginDisabled}}"}]}, {"id": 4, "type": "view", "string": null, "attribute": {"class": ["field-group"]}, "referenceVariable": [], "referenceFunction": [], "style": [], "inheritClass": null, "wxss": [], "page": null, "path": "D:\\WORK\\2021\\MPDF\\baseline\\ui\\豆瓣评分\\index.wxml", "child": [5, 8], "parent": 3, "matchString": [{"type": "relation", "string": "name"}, {"type": "relation", "string": "手机号/邮箱"}, {"type": "relation", "string": "input-placeholder"}, {"type": "relation", "string": "password"}, {"type": "relation", "string": "{{true}}"}, {"type": "relation", "string": "密码"}]}, {"id": 5, "type": "view", "string": null, "attribute": {"class": ["field"]}, "referenceVariable": [], "referenceFunction": [], "style": [], "inheritClass": null, "wxss": [], "page": null, "path": "D:\\WORK\\2021\\MPDF\\baseline\\ui\\豆瓣评分\\index.wxml", "child": [6], "parent": 4, "matchString": [{"type": "relation", "string": "name"}, {"type": "relation", "string": "手机号/邮箱"}, {"type": "relation", "string": "input-placeholder"}]}, {"id": 6, "type": "view", "string": null, "attribute": {"class": ["input"]}, "referenceVariable": [], "referenceFunction": [], "style": [], "inheritClass": null, "wxss": [], "page": null, "path": "D:\\WORK\\2021\\MPDF\\baseline\\ui\\豆瓣评分\\index.wxml", "child": [7], "parent": 5, "matchString": [{"type": "relation", "string": "name"}, {"type": "relation", "string": "手机号/邮箱"}, {"type": "relation", "string": "input-placeholder"}]}, {"id": 7, "type": "input", "string": null, "attribute": {"bindinput": "setName", "class": ["name"], "name": "name", "placeholder": "手机号/邮箱", "placeholderclass": "input-placeholder", "value": "{{name}}"}, "referenceVariable": ["name"], "referenceFunction": ["setName"], "style": [], "inheritClass": null, "wxss": [], "page": null, "path": "D:\\WORK\\2021\\MPDF\\baseline\\ui\\豆瓣评分\\index.wxml", "child": [], "parent": 6, "matchString": [{"type": "attr", "string": "name"}, {"type": "attr", "string": "手机号/邮箱"}, {"type": "attr", "string": "input-placeholder"}]}, {"id": 8, "type": "view", "string": null, "attribute": {"class": ["field"]}, "referenceVariable": [], "referenceFunction": [], "style": [], "inheritClass": null, "wxss": [], "page": null, "path": "D:\\WORK\\2021\\MPDF\\baseline\\ui\\豆瓣评分\\index.wxml", "child": [9], "parent": 4, "matchString": [{"type": "relation", "string": "password"}, {"type": "relation", "string": "{{true}}"}, {"type": "relation", "string": "密码"}, {"type": "relation", "string": "input-placeholder"}]}, {"id": 9, "type": "view", "string": null, "attribute": {"class": ["input"]}, "referenceVariable": [], "referenceFunction": [], "style": [], "inheritClass": null, "wxss": [], "page": null, "path": "D:\\WORK\\2021\\MPDF\\baseline\\ui\\豆瓣评分\\index.wxml", "child": [10], "parent": 8, "matchString": [{"type": "relation", "string": "password"}, {"type": "relation", "string": "{{true}}"}, {"type": "relation", "string": "密码"}, {"type": "relation", "string": "input-placeholder"}]}, {"id": 10, "type": "input", "string": null, "attribute": {"bindinput": "setPwd", "class": ["password"], "name": "password", "password": "{{true}}", "placeholder": "密码", "placeholderclass": "input-placeholder", "value": "{{password}}"}, "referenceVariable": ["true", "password"], "referenceFunction": ["setPwd"], "style": [], "inheritClass": null, "wxss": [], "page": null, "path": "D:\\WORK\\2021\\MPDF\\baseline\\ui\\豆瓣评分\\index.wxml", "child": [], "parent": 9, "matchString": [{"type": "attr", "string": "password"}, {"type": "attr", "string": "{{true}}"}, {"type": "attr", "string": "密码"}, {"type": "attr", "string": "input-placeholder"}]}, {"id": 11, "type": "captcha", "string": null, "attribute": {"compid": "{{$compid__107}}", "wx:if": "{{captchaModalVisible&&!useTCaptcha}}"}, "referenceVariable": ["$compid__107", "captchaModalVisible&&!useTCaptcha"], "referenceFunction": [], "style": [], "inheritClass": null, "wxss": [], "page": null, "path": "D:\\WORK\\2021\\MPDF\\baseline\\ui\\豆瓣评分\\index.wxml", "child": [], "parent": 3, "matchString": [{"type": "attr", "string": "{{$compid__107}}"}]}, {"id": 12, "type": "view", "string": null, "attribute": {"class": ["btn-wrapper"]}, "referenceVariable": [], "referenceFunction": [], "style": [], "inheritClass": null, "wxss": [], "page": null, "path": "D:\\WORK\\2021\\MPDF\\baseline\\ui\\豆瓣评分\\index.wxml", "child": [13], "parent": 3, "matchString": [{"type": "relation", "string": "{{statusText}}"}, {"type": "relation", "string": "{{isLoginDisabled}}"}]}, {"id": 13, "type": "button", "string": "{{statusText}}", "attribute": {"bindtap": "handleLoginClick", "class": ["{{'global-btn", "'+(isLoginDisabled&&'global-btn-disabled')}}"], "disable": "{{isLoginDisabled}}"}, "referenceVariable": ["isLoginDisabled"], "referenceFunction": ["handleLoginClick"], "style": [], "inheritClass": null, "wxss": [], "page": null, "path": "D:\\WORK\\2021\\MPDF\\baseline\\ui\\豆瓣评分\\index.wxml", "child": [], "parent": 12, "matchString": [{"type": "self", "string": "{{statusText}}"}, {"type": "attr", "string": "{{isLoginDisabled}}"}]}, {"id": 14, "type": "confirm-modal", "string": null, "attribute": {"compid": "{{$compid__108}}", "wx:if": "{{captchaModalVisible&&useTCaptcha}}"}, "referenceVariable": ["$compid__108", "captchaModalVisible&&useTCaptcha"], "referenceFunction": [], "style": [], "inheritClass": null, "wxss": [], "page": null, "path": "D:\\WORK\\2021\\MPDF\\baseline\\ui\\豆瓣评分\\index.wxml", "child": [15], "parent": 1, "matchString": [{"type": "attr", "string": "{{$compid__108}}"}, {"type": "relation", "string": "{{$compid__109}}"}]}, {"id": 15, "type": "view", "string": null, "attribute": {"class": ["content"]}, "referenceVariable": [], "referenceFunction": [], "style": [], "inheritClass": null, "wxss": [], "page": null, "path": "D:\\WORK\\2021\\MPDF\\baseline\\ui\\豆瓣评分\\index.wxml", "child": [16], "parent": 14, "matchString": [{"type": "relation", "string": "{{$compid__109}}"}]}, {"id": 16, "type": "captcha", "string": null, "attribute": {"compid": "{{$compid__109}}"}, "referenceVariable": ["$compid__109"], "referenceFunction": [], "style": [], "inheritClass": null, "wxss": [], "page": null, "path": "D:\\WORK\\2021\\MPDF\\baseline\\ui\\豆瓣评分\\index.wxml", "child": [], "parent": 15, "matchString": [{"type": "attr", "string": "{{$compid__109}}"}]}]