[{"id": 0, "type": "[document]", "string": null, "attribute": {}, "referenceVariable": [], "referenceFunction": [], "style": [], "inheritClass": null, "wxss": [], "page": null, "path": "D:\\WORK\\2021\\MPDF\\baseline\\ui\\爸妈营好物\\index.wxml", "child": [1, 11, 12], "parent": null, "matchString": [{"type": "relation", "string": "none"}, {"type": "relation", "string": "false"}, {"type": "relation", "string": "{{title}}"}, {"type": "relation", "string": "中国 {{formData.countryCode}}"}, {"type": "relation", "string": "请输入手机号"}, {"type": "relation", "string": "请输入密码"}, {"type": "relation", "string": "{{agreement.text}}"}, {"type": "relation", "string": "{{loginBtn.text}}"}, {"type": "relation", "string": "van-dialog"}, {"type": "relation", "string": "login-loading-van-toast"}]}, {"id": 1, "type": "view", "string": null, "attribute": {"class": ["container"], "hoverclass": "none", "hoverstoppropagation": "false"}, "referenceVariable": [], "referenceFunction": [], "style": [], "inheritClass": null, "wxss": [], "page": null, "path": "D:\\WORK\\2021\\MPDF\\baseline\\ui\\爸妈营好物\\index.wxml", "child": [2, 3, 6, 8, 10], "parent": 0, "matchString": [{"type": "attr", "string": "none"}, {"type": "attr", "string": "false"}, {"type": "relation", "string": "{{title}}"}, {"type": "relation", "string": "中国 {{formData.countryCode}}"}, {"type": "relation", "string": "请输入手机号"}, {"type": "relation", "string": "请输入密码"}, {"type": "relation", "string": "{{agreement.text}}"}, {"type": "relation", "string": "{{loginBtn.text}}"}]}, {"id": 2, "type": "view", "string": "{{title}}", "attribute": {"class": ["title"]}, "referenceVariable": [], "referenceFunction": [], "style": [], "inheritClass": null, "wxss": [], "page": null, "path": "D:\\WORK\\2021\\MPDF\\baseline\\ui\\爸妈营好物\\index.wxml", "child": [], "parent": 1, "matchString": [{"type": "self", "string": "{{title}}"}, {"type": "relation", "string": "{{title}}"}]}, {"id": 3, "type": "view", "string": null, "attribute": {"class": ["section"]}, "referenceVariable": [], "referenceFunction": [], "style": [], "inheritClass": null, "wxss": [], "page": null, "path": "D:\\WORK\\2021\\MPDF\\baseline\\ui\\爸妈营好物\\index.wxml", "child": [4, 5], "parent": 1, "matchString": [{"type": "relation", "string": "中国 {{formData.countryCode}}"}, {"type": "relation", "string": "请输入手机号"}]}, {"id": 4, "type": "view", "string": "中国 {{formData.countryCode}}", "attribute": {"catchtap": "selectCountry", "class": ["country"]}, "referenceVariable": [], "referenceFunction": [], "style": [], "inheritClass": null, "wxss": [], "page": null, "path": "D:\\WORK\\2021\\MPDF\\baseline\\ui\\爸妈营好物\\index.wxml", "child": [], "parent": 3, "matchString": [{"type": "self", "string": "中国 {{formData.countryCode}}"}]}, {"id": 5, "type": "van-field", "string": null, "attribute": {"bind:input": "bindMobileInput", "border": "{{false}}", "clearable": "{{true}}", "cursorspacing": "{{200}}", "maxlength": "11", "placeholder": "请输入手机号", "type": "number", "value": "{{formData.mobile}}"}, "referenceVariable": ["false", "true", "200", "formData.mobile"], "referenceFunction": ["bindMobileInput"], "style": [], "inheritClass": null, "wxss": [], "page": null, "path": "D:\\WORK\\2021\\MPDF\\baseline\\ui\\爸妈营好物\\index.wxml", "child": [], "parent": 3, "matchString": [{"type": "attr", "string": "请输入手机号"}]}, {"id": 6, "type": "view", "string": null, "attribute": {"class": ["section"]}, "referenceVariable": [], "referenceFunction": [], "style": [], "inheritClass": null, "wxss": [], "page": null, "path": "D:\\WORK\\2021\\MPDF\\baseline\\ui\\爸妈营好物\\index.wxml", "child": [7], "parent": 1, "matchString": [{"type": "relation", "string": "请输入密码"}]}, {"id": 7, "type": "van-field", "string": null, "attribute": {"bind:input": "bindPasswordInput", "border": "{{false}}", "clearable": "{{true}}", "cursorspacing": "{{200}}", "customstyle": "padding-left:0px !important;", "maxlength": "30", "placeholder": "请输入密码", "placeholderstyle": "", "type": "password", "value": "{{formData.password}}"}, "referenceVariable": ["false", "true", "200", "formData.password"], "referenceFunction": ["bindPasswordInput"], "style": [], "inheritClass": null, "wxss": [], "page": null, "path": "D:\\WORK\\2021\\MPDF\\baseline\\ui\\爸妈营好物\\index.wxml", "child": [], "parent": 6, "matchString": [{"type": "attr", "string": "请输入密码"}]}, {"id": 8, "type": "view", "string": null, "attribute": {"class": ["agreement"]}, "referenceVariable": [], "referenceFunction": [], "style": [], "inheritClass": null, "wxss": [], "page": null, "path": "D:\\WORK\\2021\\MPDF\\baseline\\ui\\爸妈营好物\\index.wxml", "child": [9], "parent": 1, "matchString": [{"type": "relation", "string": "{{agreement.text}}"}]}, {"id": 9, "type": "view", "string": "{{agreement.text}}", "attribute": {"catchtap": "readAgreement", "class": ["agreement-link"]}, "referenceVariable": [], "referenceFunction": [], "style": [], "inheritClass": null, "wxss": [], "page": null, "path": "D:\\WORK\\2021\\MPDF\\baseline\\ui\\爸妈营好物\\index.wxml", "child": [], "parent": 8, "matchString": [{"type": "self", "string": "{{agreement.text}}"}]}, {"id": 10, "type": "van-button", "string": "{{loginBtn.text}}", "attribute": {"block": "{{true}}", "catchtap": "login", "class": ["button"], "customclass": "login-btn", "disabled": "{{loginBtn.disabled}}", "type": "primary"}, "referenceVariable": ["true", "loginBtn.disabled"], "referenceFunction": [], "style": [], "inheritClass": null, "wxss": [], "page": null, "path": "D:\\WORK\\2021\\MPDF\\baseline\\ui\\爸妈营好物\\index.wxml", "child": [], "parent": 1, "matchString": [{"type": "self", "string": "{{loginBtn.text}}"}, {"type": "relation", "string": "{{loginBtn.text}}"}]}, {"id": 11, "type": "van-dialog", "string": null, "attribute": {"id": "van-dialog"}, "referenceVariable": [], "referenceFunction": [], "style": [], "inheritClass": null, "wxss": [], "page": null, "path": "D:\\WORK\\2021\\MPDF\\baseline\\ui\\爸妈营好物\\index.wxml", "child": [], "parent": 0, "matchString": [{"type": "attr", "string": "van-dialog"}]}, {"id": 12, "type": "van-toast", "string": null, "attribute": {"id": "login-loading-van-toast"}, "referenceVariable": [], "referenceFunction": [], "style": [], "inheritClass": null, "wxss": [], "page": null, "path": "D:\\WORK\\2021\\MPDF\\baseline\\ui\\爸妈营好物\\index.wxml", "child": [], "parent": 0, "matchString": [{"type": "attr", "string": "login-loading-van-toast"}]}]