[{"file":"/app.js","source2sink":{"source":["wx.getStorageSync"],"sink":["wx.setStorageSync"],"pairsOfSource2Sink":[{"source":"wx.getStorageSync","sink":"wx.setStorageSync","visitedContent":["wx.getStorageSync","wx.getStorageSync","e","a","a.configTs","a"],"uiString":[]}]}},{"file":"/common/common.js","source2sink":{"source":["wx.getStorageSync","wx.request"],"sink":["wx.request","wx.uploadFile","wx.setStorageSync"],"pairsOfSource2Sink":[{"source":"wx.getStorageSync","sink":"wx.request","visitedContent":["wx.getStorageSync","wx.getStorageSync","wx.getStorageSync","wx.getStorageSync","wx.getStorageSync","wx.getStorageSync","m","l","u","m","l","x","m","l","u","m","l","x","m","m","e","e","e","e","n","n","x","o.uid","l","s.uid","g","x","x","n","n","n","n","s","s","s","r","r","r","r","o","o","l","s","s","g","o","s","o","s","data","formData"],"uiString":[]},{"source":"wx.getStorageSync","sink":"wx.uploadFile","visitedContent":["wx.getStorageSync","wx.getStorageSync","wx.getStorageSync","wx.getStorageSync","wx.getStorageSync","wx.getStorageSync","m","l","u","m","l","x","m","l","u","m","l","x","m","m","e","e","e","e","n","n","x","o.uid","l","s.uid","g","x","x","n","n","n","n","s","s","s","r","r","r","r","o","o","l","s","s","g","o","s","o","s","data","formData"],"uiString":[]},{"source":"wx.request","sink":"wx.setStorageSync","visitedContent":["e","e.data.state","e.data.state","e.data.appHdbId","e.data.appHdbId","e.data.error","e.data.serverTime","e.data.serverTime","d","e.data.result","d"],"uiString":[]},{"source":"wx.request","sink":"wx.setStorageSync","visitedContent":["e","e.data.state","e.data.state","e.data.appHdbId","e.data.appHdbId","e.data.error","e.data.serverTime","e.data.serverTime","d","e.data.result","d"],"uiString":[]},{"source":"wx.request","sink":"wx.setStorageSync","visitedContent":["e","e.data.state","e.data.state","e.data.app_hdb_id","e.data.app_hdb_id","e.data.error","e.data.serverTime","e.data.serverTime","d","e.data.result","d"],"uiString":[]},{"source":"wx.request","sink":"wx.setStorageSync","visitedContent":["e","e.data.state","e.data.state","e.data.app_hdb_id","e.data.app_hdb_id","e.data.error","e.data.serverTime","e.data.serverTime","d","e.data.result","d"],"uiString":[]}]}},{"file":"/utils/ald-stat.js","source2sink":{"source":["wx.getAccountInfoSync","wx.getAccountInfoSync.miniProgram.appId.split","wx.getAccountInfoSync.miniProgram.appId.split.map.join","wx.request","wx.getSystemInfoSync","wx.getNetworkType","wx.getSetting","wx.getUserInfo","wx.getStorageSync","wx.getLocation"],"sink":["wx.request","console.warn","console.error"],"pairsOfSource2Sink":[{"source":"wx.getAccountInfoSync","sink":"wx.request","visitedContent":["wx.getAccountInfoSync().miniProgram.appId.split('').map(function (t) {\n    return t.charCodeAt(0) + 9;\n}).join","R","R","R","o.ai","o","header"],"uiString":[]},{"source":"wx.getAccountInfoSync.miniProgram.appId.split","sink":"wx.request","visitedContent":["wx.getAccountInfoSync().miniProgram.appId.split('').map(function (t) {\n    return t.charCodeAt(0) + 9;\n}).join","R","R","R","o.ai","o","header"],"uiString":[]},{"source":"wx.getAccountInfoSync.miniProgram.appId.split.map.join","sink":"wx.request","visitedContent":["wx.getAccountInfoSync().miniProgram.appId.split('').map(function (t) {\n    return t.charCodeAt(0) + 9;\n}).join","R","R","R","o.ai","o","header"],"uiString":[]},{"source":"wx.request","sink":"console.warn","visitedContent":["t","t.statusCode","t.data.version","t.data.warn","t.data.warn","t.data.warn","t.data.error","t.data.error"],"uiString":[]},{"source":"wx.request","sink":"console.error","visitedContent":["t","t.statusCode","t.data.version","t.data.warn","t.data.warn","t.data.warn","t.data.error","t.data.error"],"uiString":[]}]}},{"file":"/wxParse/wxParse.js","source2sink":{"source":["wx.getSystemInfo"],"sink":[],"pairsOfSource2Sink":[]}},{"file":"/components/adverItem/index.js","source2sink":{"source":["wx.getStorageSync","wx.getSystemInfoSync"],"sink":["wx.request"],"pairsOfSource2Sink":[{"source":"wx.getStorageSync","sink":"wx.request","visitedContent":["wx.getStorageSync","wx.getStorageSync","wx.getStorageSync","wx.getStorageSync","e","e","e","e","n","n","value","areaId","areaId","r","r","r","a","a.timestamp","a.appKey","a.version","a.level","a.appHdbId","a.userId36","a","a","t","t","t","t[a]","c","c","c","e","e","e","c","c","a","a.sign","a","a[h]","a[h]","a[h]","v","a","data","areaId","properties","properties","this","this"],"uiString":[]}]}},{"file":"/components/cityList/citylist.js","source2sink":{"source":["wx.getLocation","wx.request","wx.openSetting"],"sink":["wx.setStorageSync","wx.request"],"pairsOfSource2Sink":[{"source":"wx.getLocation","sink":"wx.setStorageSync","visitedContent":["a","a.latitude","a.latitude","a.longitude","e","i","e","e","i","i","e","i","url"],"uiString":[]},{"source":"wx.getLocation","sink":"wx.setStorageSync","visitedContent":["a","a.latitude","a.latitude","a.longitude","e","i","e","e","i","i","e","i","url"],"uiString":[]},{"source":"wx.getLocation","sink":"wx.request","visitedContent":["a","a.latitude","a.latitude","a.longitude","e","i","e","e","i","i","e","i","url"],"uiString":[]}]}},{"file":"/components/foucus/index.js","source2sink":{"source":["wx.getStorageSync","wx.login","wx.getUserInfo","wx.openSetting"],"sink":["wx.request"],"pairsOfSource2Sink":[{"source":"wx.getStorageSync","sink":"wx.request","visitedContent":["wx.getStorageSync","wx.getStorageSync","wx.getStorageSync","e","e","e","e","e.length","wx.getStorageSync","wx.getStorageSync","wx.getStorageSync","wx.getStorageSync","e","e","e","e","n","n","i","value","areaId","areaId","r","r","r","a","a.timestamp","a.appKey","a.version","a.level","a.appHdbId","a.userId36","a","a","t","t","t","t[a]","c","c","c","e","e","e","c","c","a","a.sign","a","a[h]","a[h]","a[h]","v","a","data","i","areaId","properties","properties","properties","properties","properties","properties","properties","properties","properties","properties","this","this","this","this","this","this","this","this","this","this"],"uiString":[]}]}},{"file":"/components/goods/index.js","source2sink":{"source":["wx.getStorageSync"],"sink":[],"pairsOfSource2Sink":[]}},{"file":"/components/groupItem/index.js","source2sink":{"source":["wx.getStorageSync"],"sink":["wx.request"],"pairsOfSource2Sink":[{"source":"wx.getStorageSync","sink":"wx.request","visitedContent":["wx.getStorageSync","wx.getStorageSync","wx.getStorageSync","e","e","e","e","n","n","areaId","areaId","r","r","r","a","a.timestamp","a.appKey","a.version","a.level","a.appHdbId","a.userId36","a","a","t","t","t","t[a]","c","c","c","e","e","e","c","c","a","a.sign","a","a[h]","a[h]","a[h]","v","a","data"],"uiString":[]}]}},{"file":"/components/near/index.js","source2sink":{"source":["wx.getSystemInfoSync","wx.getLocation","wx.request","wx.getStorageSync","wx.openSetting"],"sink":["wx.setStorageSync","wx.request"],"pairsOfSource2Sink":[{"source":"wx.getLocation","sink":"wx.setStorageSync","visitedContent":["t","t.latitude","t.latitude","t.longitude","a","e","a","a","e","e","a","e","url"],"uiString":[]},{"source":"wx.getLocation","sink":"wx.setStorageSync","visitedContent":["t","t.latitude","t.latitude","t.longitude","a","e","a","a","e","e","a","e","url"],"uiString":[]},{"source":"wx.getLocation","sink":"wx.request","visitedContent":["t","t.latitude","t.latitude","t.longitude","a","e","a","a","e","e","a","e","url"],"uiString":[]},{"source":"wx.getStorageSync","sink":"wx.request","visitedContent":["wx.getStorageSync","wx.getStorageSync","e","e","e","wx.getStorageSync","wx.getStorageSync","wx.getStorageSync","wx.getStorageSync","wx.getStorageSync","wx.getStorageSync","wx.getStorageSync","wx.getStorageSync","wx.getStorageSync","location_lat","location_lat","location_lon","location_lon","o","o","o","o","o.method","o.timestamp","o.app_key","o.app_key","o.app_key","o.v","o.level","o.app_hdb_id","o.uid","o","o","t","t","t","t[a]","c","c","c","e","e","e","c","c","o","o.sign","o","o[g]","o[g]","o[g]","h","o","data"],"uiString":[]},{"source":"wx.getLocation","sink":"wx.setStorageSync","visitedContent":["a","a.latitude","a.latitude","a.longitude","e","o","e","e","o","o","e","o","url"],"uiString":[]},{"source":"wx.getLocation","sink":"wx.setStorageSync","visitedContent":["a","a.latitude","a.latitude","a.longitude","e","o","e","e","o","o","e","o","url"],"uiString":[]},{"source":"wx.getLocation","sink":"wx.request","visitedContent":["a","a.latitude","a.latitude","a.longitude","e","o","e","e","o","o","e","o","url"],"uiString":[]}]}},{"file":"/components/organizerItem/index.js","source2sink":{"source":["wx.getStorageSync"],"sink":["wx.request"],"pairsOfSource2Sink":[{"source":"wx.getStorageSync","sink":"wx.request","visitedContent":["wx.getStorageSync","wx.getStorageSync","wx.getStorageSync","wx.getStorageSync","e","e","e","e","e.length","wx.getStorageSync","wx.getStorageSync","wx.getStorageSync","e","e","e","e","n","n","wx.getStorageSync","wx.getStorageSync","value","e","areaId","areaId","r","r","r","a","a.timestamp","a.appKey","a.version","a.level","a.appHdbId","a.userId36","a","a","t","t","t","t[a]","c","c","c","e","e","e","c","c","a","a.sign","a","a[h]","a[h]","a[h]","v","a","data","e","s","areaId","e","e","e","e","s","properties","properties","properties","e.shopId36","e.shopId36","vipShopList","goodShopList","this","this","this"],"uiString":[]}]}},{"file":"/components/plusVip/index.js","source2sink":{"source":["wx.getStorageSync","wx.getSystemInfoSync"],"sink":[],"pairsOfSource2Sink":[]}},{"file":"/components/recommend/index.js","source2sink":{"source":["wx.getStorageSync"],"sink":["wx.request","wx.setStorageSync"],"pairsOfSource2Sink":[{"source":"wx.getStorageSync","sink":"wx.request","visitedContent":["wx.getStorageSync","wx.getStorageSync","e","e","e","e","e.length","wx.getStorageSync","wx.getStorageSync","wx.getStorageSync","wx.getStorageSync","wx.getStorageSync","value","t","s","i","area_id","area_id","o","o.method","o.timestamp","o.app_key","o.app_key","o.app_key","o.v","o.level","o.app_hdb_id","o.uid","o","o","t","t","t","t[a]","c","c","c","e","e","e","c","c","o","o.sign","o","o[g]","o[g]","o[g]","h","o","data","areaId","t","s","s","i.length","properties","properties","properties","s","i[r]","i[r]","this","this","this","s.info_id","s.info_id","t","t","s.info_id","s","s.info_id","s.info_id","s","e.data.ids","e.data.recommendList.push","e.data.ids","e.data.ids","e.data.recommendList","e.data.recommendList","recommendList","e.data.recommendList","e.data.recommendList","e.data.recommendList","recommendList"],"uiString":[]},{"source":"wx.getStorageSync","sink":"wx.setStorageSync","visitedContent":["wx.getStorageSync","wx.getStorageSync","e","e","e","e","e.length","wx.getStorageSync","wx.getStorageSync","wx.getStorageSync","wx.getStorageSync","wx.getStorageSync","value","t","s","i","area_id","area_id","o","o.method","o.timestamp","o.app_key","o.app_key","o.app_key","o.v","o.level","o.app_hdb_id","o.uid","o","o","t","t","t","t[a]","c","c","c","e","e","e","c","c","o","o.sign","o","o[g]","o[g]","o[g]","h","o","data","areaId","t","s","s","i.length","properties","properties","properties","s","i[r]","i[r]","this","this","this","s.info_id","s.info_id","t","t","s.info_id","s","s.info_id","s.info_id","s","e.data.ids","e.data.recommendList.push","e.data.ids","e.data.ids","e.data.recommendList","e.data.recommendList","recommendList","e.data.recommendList","e.data.recommendList","e.data.recommendList","recommendList"],"uiString":[]}]}},{"file":"/components/recommendItem/index.js","source2sink":{"source":["wx.getStorageSync","wx.getSystemInfoSync"],"sink":["wx.request"],"pairsOfSource2Sink":[{"source":"wx.getStorageSync","sink":"wx.request","visitedContent":["wx.getStorageSync","wx.getStorageSync","wx.getStorageSync","wx.getStorageSync","wx.getStorageSync","e","e","e","e","n","n","wx.getStorageSync","wx.getStorageSync","wx.getStorageSync","value","e","areaId","areaId","r","r","r","a","a.timestamp","a.appKey","a.version","a.level","a.appHdbId","a.userId36","a","a","t","t","t","t[a]","c","c","c","e","e","e","c","c","a","a.sign","a","a[h]","a[h]","a[h]","v","a","data","areaId","area_id","area_id","o","o.method","o.timestamp","o.app_key","o.app_key","o.app_key","o.v","o.level","o.app_hdb_id","o.uid","o","o","t","t","t","t[a]","c","c","c","e","e","e","c","c","o","o.sign","o","o[g]","o[g]","o[g]","h","o","data","areaId","e","properties","properties","properties","properties","properties","properties","e.length","this","this","this","this","this","this","e[d].infoId36","e[d].infoId36","t","t","e[d].infoId36","e[d].infoId36","e[d].infoId36","e[d]","i.push"],"uiString":[]},{"source":"wx.getStorageSync","sink":"wx.request","visitedContent":["wx.getStorageSync","wx.getStorageSync","wx.getStorageSync","wx.getStorageSync","wx.getStorageSync","e","e","e","e","n","n","wx.getStorageSync","wx.getStorageSync","wx.getStorageSync","value","e","areaId","areaId","r","r","r","a","a.timestamp","a.appKey","a.version","a.level","a.appHdbId","a.userId36","a","a","t","t","t","t[a]","c","c","c","e","e","e","c","c","a","a.sign","a","a[h]","a[h]","a[h]","v","a","data","areaId","area_id","area_id","o","o.method","o.timestamp","o.app_key","o.app_key","o.app_key","o.v","o.level","o.app_hdb_id","o.uid","o","o","t","t","t","t[a]","c","c","c","e","e","e","c","c","o","o.sign","o","o[g]","o[g]","o[g]","h","o","data","areaId","e","properties","properties","properties","properties","properties","properties","e.length","this","this","this","this","this","this","e[d].infoId36","e[d].infoId36","t","t","e[d].infoId36","e[d].infoId36","e[d].infoId36","e[d]","i.push"],"uiString":[]}]}},{"file":"/components/weekend/index.js","source2sink":{"source":["wx.getStorageSync"],"sink":["wx.request"],"pairsOfSource2Sink":[{"source":"wx.getStorageSync","sink":"wx.request","visitedContent":["wx.getStorageSync","areaId","areaId","i","i","i","r","r","r","a","a.timestamp","a.appKey","a.version","a.level","a.appHdbId","a.userId36","a","a","t","t","t","t[a]","c","c","c","e","e","e","c","c","a","a.sign","a","a[h]","a[h]","a[h]","v","a","data"],"uiString":[]}]}},{"file":"/pages/commitOrder/commitOrder.js","source2sink":{"source":["wx.getStorageSync"],"sink":[],"pairsOfSource2Sink":[]}},{"file":"/pages/detail/detail.js","source2sink":{"source":["wx.getStorageSync","wx.getSystemInfoSync","wx.downloadFile","wx.getClipboardData","wx.request"],"sink":[],"pairsOfSource2Sink":[]}},{"file":"/pages/foucusCard/foucusCard.js","source2sink":{"source":["wx.downloadFile","wx.getSystemInfoSync"],"sink":[],"pairsOfSource2Sink":[]}},{"file":"/pages/foucusShare/foucusShare.js","source2sink":{"source":["wx.downloadFile","wx.getSystemInfoSync"],"sink":[],"pairsOfSource2Sink":[]}},{"file":"/pages/hostPage/hostPage.js","source2sink":{"source":["wx.getStorageSync","wx.getSystemInfoSync"],"sink":[],"pairsOfSource2Sink":[]}},{"file":"/pages/index/index.js","source2sink":{"source":["wx.getStorageSync","wx.getSystemInfoSync","wx.getLocation"],"sink":["wx.request","wx.setStorageSync"],"pairsOfSource2Sink":[{"source":"wx.getStorageSync","sink":"wx.request","visitedContent":["wx.getStorageSync","wx.getStorageSync","wx.getStorageSync","wx.getStorageSync","e","e","e","e","e.length","wx.getStorageSync","wx.getStorageSync","wx.getStorageSync","wx.getStorageSync","wx.getStorageSync","wx.getStorageSync","wx.getStorageSync","wx.getStorageSync","wx.getStorageSync","wx.getStorageSync","wx.getStorageSync","wx.getStorageSync","wx.getStorageSync","wx.getStorageSync","wx.getStorageSync","wx.getStorageSync","areaId","areaId","cityName","id","name","head","secret","sign","openid","t","oldCityName","areaId","cityName","areaId","cityName","data","data","data","data","t.data.areaId","t.data.areaId","t","this","this","this","areaId","areaId","r","r","r","a","a.timestamp","a.appKey","a.version","a.level","a.appHdbId","a.userId36","a","a","t","t","t","t[a]","c","c","c","e","e","e","c","c","a","a.sign","a","a[h]","a[h]","a[h]","v","a","data","t.data.areaId","t.data.areaId","e","e","e","e","n","n"],"uiString":[]},{"source":"wx.getLocation","sink":"wx.setStorageSync","visitedContent":["t","t.latitude","t.latitude","t.longitude","e","a","e","a"],"uiString":[]},{"source":"wx.getLocation","sink":"wx.setStorageSync","visitedContent":["t","t.latitude","t.latitude","t.longitude","e","a","e","a"],"uiString":[]}]}},{"file":"/pages/infosearch/infosearch.js","source2sink":{"source":["wx.getStorageSync"],"sink":["wx.request"],"pairsOfSource2Sink":[{"source":"wx.getStorageSync","sink":"wx.request","visitedContent":["wx.getStorageSync","wx.getStorageSync","wx.getStorageSync","wx.getStorageSync","wx.getStorageSync","o","location_lat","location_lat","location_lon","location_lon","location_lat","location_lat","location_lon","location_lon","o","i","i","i","o","o.method","o.timestamp","o.app_key","o.app_key","o.app_key","o.v","o.level","o.app_hdb_id","o.uid","o","o","t","t","t","t[a]","c","c","c","e","e","e","c","c","o","o.sign","o","o[g]","o[g]","o[g]","h","o","data","n","n","n","r","r","r","a","a.timestamp","a.appKey","a.version","a.level","a.appHdbId","a.userId36","a","a","t","t","t","t[a]","c","c","c","e","e","e","c","c","a","a.sign","a","a[h]","a[h]","a[h]","v","a","data"],"uiString":[]},{"source":"wx.getStorageSync","sink":"wx.request","visitedContent":["wx.getStorageSync","wx.getStorageSync","wx.getStorageSync","wx.getStorageSync","wx.getStorageSync","o","location_lat","location_lat","location_lon","location_lon","location_lat","location_lat","location_lon","location_lon","o","i","i","i","o","o.method","o.timestamp","o.app_key","o.app_key","o.app_key","o.v","o.level","o.app_hdb_id","o.uid","o","o","t","t","t","t[a]","c","c","c","e","e","e","c","c","o","o.sign","o","o[g]","o[g]","o[g]","h","o","data","n","n","n","r","r","r","a","a.timestamp","a.appKey","a.version","a.level","a.appHdbId","a.userId36","a","a","t","t","t","t[a]","c","c","c","e","e","e","c","c","a","a.sign","a","a[h]","a[h]","a[h]","v","a","data"],"uiString":[]}]}},{"file":"/pages/login/login.js","source2sink":{"source":["wx.login","wx.getUserInfo","wx.openSetting"],"sink":[],"pairsOfSource2Sink":[]}},{"file":"/pages/me/me.js","source2sink":{"source":["wx.getStorageSync","wx.login","wx.getUserInfo","wx.openSetting"],"sink":["wx.request"],"pairsOfSource2Sink":[{"source":"wx.getStorageSync","sink":"wx.request","visitedContent":["wx.getStorageSync","wx.getStorageSync","wx.getStorageSync","wx.getStorageSync","wx.getStorageSync","wx.getStorageSync","wx.getStorageSync","wx.getStorageSync","wx.getStorageSync","wx.getStorageSync","wx.getStorageSync","wx.getStorageSync","id","name","head","secret","sign","openid","openid","manaHead","manaName","getApp().loginUser.openid","openId","openId","r","r","r","a","a.timestamp","a.appKey","a.version","a.level","a.appHdbId","a.userId36","a","a","t","t","t","t[a]","c","c","c","e","e","e","c","c","a","a.sign","a","a[h]","a[h]","a[h]","v","a","data"],"uiString":[]}]}},{"file":"/pages/more/more.js","source2sink":{"source":["wx.getStorageSync"],"sink":["wx.request"],"pairsOfSource2Sink":[{"source":"wx.getStorageSync","sink":"wx.request","visitedContent":["wx.getStorageSync","wx.getStorageSync","wx.getStorageSync","wx.getStorageSync","wx.getStorageSync","e","e","e","e","n","n","wx.getStorageSync","wx.getStorageSync","wx.getStorageSync","wx.getStorageSync","wx.getStorageSync","areaId","areaId","areaId","areaId","areaId","areaId","areaId","areaId","areaId","areaId","areaId","areaId","location_lat","location_lat","location_lon","location_lon","r","r","r","r","r","r","a","a.timestamp","a.appKey","a.version","a.level","a.appHdbId","a.userId36","a","a","t","t","t","t[a]","c","c","c","e","e","e","c","c","a","a.sign","a","a[h]","a[h]","a[h]","v","a","data","r","r","r","r","r","r","r","r","r","r","r","o","o.method","o.timestamp","o.app_key","o.app_key","o.app_key","o.v","o.level","o.app_hdb_id","o.uid","o","o","t","t","t","t[a]","c","c","c","e","e","e","c","c","o","o.sign","o","o[g]","o[g]","o[g]","h","o","data"],"uiString":[]},{"source":"wx.getStorageSync","sink":"wx.request","visitedContent":["wx.getStorageSync","wx.getStorageSync","wx.getStorageSync","wx.getStorageSync","wx.getStorageSync","e","e","e","e","n","n","wx.getStorageSync","wx.getStorageSync","wx.getStorageSync","wx.getStorageSync","wx.getStorageSync","areaId","areaId","areaId","areaId","areaId","areaId","areaId","areaId","areaId","areaId","areaId","areaId","location_lat","location_lat","location_lon","location_lon","r","r","r","r","r","r","a","a.timestamp","a.appKey","a.version","a.level","a.appHdbId","a.userId36","a","a","t","t","t","t[a]","c","c","c","e","e","e","c","c","a","a.sign","a","a[h]","a[h]","a[h]","v","a","data","r","r","r","r","r","r","r","r","r","r","r","o","o.method","o.timestamp","o.app_key","o.app_key","o.app_key","o.v","o.level","o.app_hdb_id","o.uid","o","o","t","t","t","t[a]","c","c","c","e","e","e","c","c","o","o.sign","o","o[g]","o[g]","o[g]","h","o","data"],"uiString":[]}]}},{"file":"/pages/orderconfirm/orderconfirm.js","source2sink":{"source":["wx.getStorageSync"],"sink":[],"pairsOfSource2Sink":[]}},{"file":"/pages/orderDetail/orderDetail.js","source2sink":{"source":["wx.getStorageSync"],"sink":[],"pairsOfSource2Sink":[]}},{"file":"/pages/postsuccess/postsuccess.js","source2sink":{"source":["wx.getSystemInfoSync","wx.downloadFile","wx.getClipboardData"],"sink":[],"pairsOfSource2Sink":[]}},{"file":"/pages/profile/profile.js","source2sink":{"source":["wx.chooseImage"],"sink":["wx.uploadFile"],"pairsOfSource2Sink":[{"source":"wx.chooseImage","sink":"wx.uploadFile","visitedContent":["e","e.tempFilePaths","e.tempFilePaths","a.length","a[0]","a[0]","e","e","e","o","o","filePath"],"uiString":[]}]}},{"file":"/pages/searchallparty/searchallparty.js","source2sink":{"source":["wx.getStorageSync"],"sink":["wx.request"],"pairsOfSource2Sink":[{"source":"wx.getStorageSync","sink":"wx.request","visitedContent":["wx.getStorageSync","wx.getStorageSync","wx.getStorageSync","s","location_lat","location_lat","location_lon","location_lon","s","s","s","s","r","r","r","a","a.timestamp","a.appKey","a.version","a.level","a.appHdbId","a.userId36","a","a","t","t","t","t[a]","c","c","c","e","e","e","c","c","a","a.sign","a","a[h]","a[h]","a[h]","v","a","data","s","s","t","t","t.constructor","t","s","s"],"uiString":[]}]}},{"file":"/pages/selectCity/selectCity.js","source2sink":{"source":["wx.getStorageSync"],"sink":["wx.setStorageSync"],"pairsOfSource2Sink":[{"source":"wx.getStorageSync","sink":"wx.setStorageSync","visitedContent":["wx.getStorageSync","wx.getStorageSync","wx.getStorageSync","wx.getStorageSync","wx.getStorageSync","a","i","myCity","myCity","v","a.length","i.length","v.cityTs","a.length","i","v","a[o]","cityValue","cityValue","cityValue","s","s","s","r.push","r","allCityList"],"uiString":[]}]}},{"file":"/pages/sharecard/sharecard.js","source2sink":{"source":["wx.downloadFile"],"sink":[],"pairsOfSource2Sink":[]}},{"file":"/pages/tabsearch/tabsearch.js","source2sink":{"source":["wx.getSystemInfo","wx.getStorageSync"],"sink":["wx.setStorageSync"],"pairsOfSource2Sink":[{"source":"wx.getStorageSync","sink":"wx.setStorageSync","visitedContent":["wx.getStorageSync","wx.getStorageSync","wx.getStorageSync","wx.getStorageSync","wx.getStorageSync","e","i","s","n","u","e","i","i","e","e","e","s.length","n.length","u.cityTs","e","s.length","n","u","s[o]","s[o]","hotCityList","y.cityKey","y.cityKey","s","c.push","allCityList","c","letterCityList"],"uiString":[]}]}},{"file":"/pages/vipPay/vipPay.js","source2sink":{"source":["wx.getStorageSync"],"sink":[],"pairsOfSource2Sink":[]}},{"file":"/pages/vipPaySuccess/vipPaySuccess.js","source2sink":{"source":["wx.getStorageSync"],"sink":[],"pairsOfSource2Sink":[]}}]