[{"id": 0, "type": "[document]", "string": null, "attribute": {}, "referenceVariable": [], "referenceFunction": [], "style": [], "inheritClass": null, "wxss": [], "page": null, "path": "D:\\WORK\\2021\\MPDF\\baseline\\ui\\畅途汽车票\\login.wxml", "child": [1], "parent": null, "matchString": [{"type": "relation", "string": "有效手机号"}, {"type": "relation", "string": "placeholder_input"}, {"type": "relation", "string": "动态密码"}, {"type": "relation", "string": "smb"}, {"type": "relation", "string": "{{mobileInput}}"}, {"type": "relation", "string": "1"}, {"type": "relation", "string": "确定"}, {"type": "relation", "string": "w1804"}, {"type": "relation", "string": "{{checkFlag}}"}, {"type": "relation", "string": "畅途服务协议"}, {"type": "relation", "string": "w1805"}]}, {"id": 1, "type": "view", "string": null, "attribute": {"class": ["login_container"]}, "referenceVariable": [], "referenceFunction": [], "style": [], "inheritClass": null, "wxss": [], "page": null, "path": "D:\\WORK\\2021\\MPDF\\baseline\\ui\\畅途汽车票\\login.wxml", "child": [2, 6, 12, 14], "parent": 0, "matchString": [{"type": "relation", "string": "有效手机号"}, {"type": "relation", "string": "placeholder_input"}, {"type": "relation", "string": "动态密码"}, {"type": "relation", "string": "smb"}, {"type": "relation", "string": "{{mobileInput}}"}, {"type": "relation", "string": "1"}, {"type": "relation", "string": "确定"}, {"type": "relation", "string": "w1804"}, {"type": "relation", "string": "{{checkFlag}}"}, {"type": "relation", "string": "畅途服务协议"}, {"type": "relation", "string": "w1805"}]}, {"id": 2, "type": "view", "string": null, "attribute": {"class": ["bindImgDiv"]}, "referenceVariable": [], "referenceFunction": [], "style": [], "inheritClass": null, "wxss": [], "page": null, "path": "D:\\WORK\\2021\\MPDF\\baseline\\ui\\畅途汽车票\\login.wxml", "child": [3, 4, 5], "parent": 1, "matchString": [{"type": "relation", "string": "w1805"}]}, {"id": 3, "type": "image", "string": null, "attribute": {"class": ["bindImg"], "src": "{{staticResourceBase}}img/login/weixin_img.png"}, "referenceVariable": ["staticResourceBase"], "referenceFunction": [], "style": [], "inheritClass": null, "wxss": [], "page": null, "path": "D:\\WORK\\2021\\MPDF\\baseline\\ui\\畅途汽车票\\login.wxml", "child": [], "parent": 2, "matchString": []}, {"id": 4, "type": "image", "string": null, "attribute": {"class": ["linkImg"], "src": "{{staticResourceBase}}img/login/link_img.png"}, "referenceVariable": ["staticResourceBase"], "referenceFunction": [], "style": [], "inheritClass": null, "wxss": [], "page": null, "path": "D:\\WORK\\2021\\MPDF\\baseline\\ui\\畅途汽车票\\login.wxml", "child": [], "parent": 2, "matchString": []}, {"id": 5, "type": "image", "string": null, "attribute": {"class": ["bindImg"], "src": "{{staticResourceBase}}img/login/sina_img.png"}, "referenceVariable": ["staticResourceBase"], "referenceFunction": [], "style": [], "inheritClass": null, "wxss": [], "page": null, "path": "D:\\WORK\\2021\\MPDF\\baseline\\ui\\畅途汽车票\\login.wxml", "child": [], "parent": 2, "matchString": []}, {"id": 6, "type": "view", "string": null, "attribute": {"class": ["input_container"]}, "referenceVariable": [], "referenceFunction": [], "style": [], "inheritClass": null, "wxss": [], "page": null, "path": "D:\\WORK\\2021\\MPDF\\baseline\\ui\\畅途汽车票\\login.wxml", "child": [7, 9], "parent": 1, "matchString": [{"type": "relation", "string": "有效手机号"}, {"type": "relation", "string": "placeholder_input"}, {"type": "relation", "string": "动态密码"}, {"type": "relation", "string": "smb"}, {"type": "relation", "string": "{{mobileInput}}"}, {"type": "relation", "string": "1"}]}, {"id": 7, "type": "view", "string": null, "attribute": {"class": ["inputDiv"]}, "referenceVariable": [], "referenceFunction": [], "style": [], "inheritClass": null, "wxss": [], "page": null, "path": "D:\\WORK\\2021\\MPDF\\baseline\\ui\\畅途汽车票\\login.wxml", "child": [8], "parent": 6, "matchString": [{"type": "relation", "string": "有效手机号"}, {"type": "relation", "string": "placeholder_input"}]}, {"id": 8, "type": "input", "string": null, "attribute": {"bindinput": "getInputMobile", "class": ["input"], "maxlength": "11", "placeholder": "有效手机号", "placeholderclass": "placeholder_input", "type": "number"}, "referenceVariable": [], "referenceFunction": ["getInputMobile"], "style": [], "inheritClass": null, "wxss": [], "page": null, "path": "D:\\WORK\\2021\\MPDF\\baseline\\ui\\畅途汽车票\\login.wxml", "child": [], "parent": 7, "matchString": [{"type": "attr", "string": "有效手机号"}, {"type": "attr", "string": "placeholder_input"}]}, {"id": 9, "type": "view", "string": null, "attribute": {"class": ["inputDiv"]}, "referenceVariable": [], "referenceFunction": [], "style": [], "inheritClass": null, "wxss": [], "page": null, "path": "D:\\WORK\\2021\\MPDF\\baseline\\ui\\畅途汽车票\\login.wxml", "child": [10, 11], "parent": 6, "matchString": [{"type": "relation", "string": "动态密码"}, {"type": "relation", "string": "placeholder_input"}, {"type": "relation", "string": "smb"}, {"type": "relation", "string": "{{mobileInput}}"}, {"type": "relation", "string": "1"}]}, {"id": 10, "type": "input", "string": null, "attribute": {"bindinput": "getInputMsgCode", "class": ["dypsd_input"], "maxlength": "6", "placeholder": "动态密码", "placeholderclass": "placeholder_input", "type": "text"}, "referenceVariable": [], "referenceFunction": ["getInputMsgCode"], "style": [], "inheritClass": null, "wxss": [], "page": null, "path": "D:\\WORK\\2021\\MPDF\\baseline\\ui\\畅途汽车票\\login.wxml", "child": [], "parent": 9, "matchString": [{"type": "attr", "string": "动态密码"}, {"type": "attr", "string": "placeholder_input"}]}, {"id": 11, "type": "send-msg-btn", "string": null, "attribute": {"class": ["btn_div"], "id": "smb", "mobile": "{{mobileInput}}", "sendmsgtype": "1"}, "referenceVariable": ["mobileInput"], "referenceFunction": [], "style": [], "inheritClass": null, "wxss": [], "page": null, "path": "D:\\WORK\\2021\\MPDF\\baseline\\ui\\畅途汽车票\\login.wxml", "child": [], "parent": 9, "matchString": [{"type": "attr", "string": "smb"}, {"type": "attr", "string": "{{mobileInput}}"}, {"type": "attr", "string": "1"}]}, {"id": 12, "type": "view", "string": null, "attribute": {"class": ["btn_sure_div"]}, "referenceVariable": [], "referenceFunction": [], "style": [], "inheritClass": null, "wxss": [], "page": null, "path": "D:\\WORK\\2021\\MPDF\\baseline\\ui\\畅途汽车票\\login.wxml", "child": [13], "parent": 1, "matchString": [{"type": "relation", "string": "确定"}, {"type": "relation", "string": "w1804"}]}, {"id": 13, "type": "view", "string": "确定", "attribute": {"bindtap": "unionMemberBind", "class": ["btn_sure", "{{mobileFlag&&msgCodeFlag&&checkFlag?'btn_sure_confirm':'btn_sure_disabled'}}"], "data-tts": "w1804"}, "referenceVariable": ["mobileFlag&&msgCodeFlag&&checkFlag?'btn_sure_confirm':'btn_sure_disabled'"], "referenceFunction": ["unionMemberBind"], "style": [], "inheritClass": null, "wxss": [], "page": null, "path": "D:\\WORK\\2021\\MPDF\\baseline\\ui\\畅途汽车票\\login.wxml", "child": [], "parent": 12, "matchString": [{"type": "self", "string": "确定"}, {"type": "attr", "string": "w1804"}]}, {"id": 14, "type": "view", "string": null, "attribute": {"class": ["tips_div"]}, "referenceVariable": [], "referenceFunction": [], "style": [], "inheritClass": null, "wxss": [], "page": null, "path": "D:\\WORK\\2021\\MPDF\\baseline\\ui\\畅途汽车票\\login.wxml", "child": [15], "parent": 1, "matchString": [{"type": "relation", "string": "{{checkFlag}}"}, {"type": "relation", "string": "畅途服务协议"}, {"type": "relation", "string": "w1805"}]}, {"id": 15, "type": "checkbox-group", "string": null, "attribute": {"bindchange": "checkboxChange", "data-check": "{{checkFlag}}"}, "referenceVariable": ["checkFlag"], "referenceFunction": ["checkboxChange"], "style": [], "inheritClass": null, "wxss": [], "page": null, "path": "D:\\WORK\\2021\\MPDF\\baseline\\ui\\畅途汽车票\\login.wxml", "child": [16], "parent": 14, "matchString": [{"type": "attr", "string": "{{checkFlag}}"}, {"type": "relation", "string": "畅途服务协议"}, {"type": "relation", "string": "w1805"}]}, {"id": 16, "type": "label", "string": null, "attribute": {"class": ["checkbox"]}, "referenceVariable": [], "referenceFunction": [], "style": [], "inheritClass": null, "wxss": [], "page": null, "path": "D:\\WORK\\2021\\MPDF\\baseline\\ui\\畅途汽车票\\login.wxml", "child": [17], "parent": 15, "matchString": [{"type": "relation", "string": "畅途服务协议"}, {"type": "relation", "string": "w1805"}]}, {"id": 17, "type": "checkbox", "string": null, "attribute": {"checked": "{{checkFlag}}"}, "referenceVariable": ["checkFlag"], "referenceFunction": [], "style": [], "inheritClass": null, "wxss": [], "page": null, "path": "D:\\WORK\\2021\\MPDF\\baseline\\ui\\畅途汽车票\\login.wxml", "child": [18], "parent": 16, "matchString": [{"type": "relation", "string": "畅途服务协议"}, {"type": "relation", "string": "w1805"}]}, {"id": 18, "type": "text", "string": "畅途服务协议", "attribute": {"catchtap": "toCtServicePage", "class": ["colorOrange"], "data-tts": "w1805"}, "referenceVariable": [], "referenceFunction": [], "style": [], "inheritClass": null, "wxss": [], "page": null, "path": "D:\\WORK\\2021\\MPDF\\baseline\\ui\\畅途汽车票\\login.wxml", "child": [], "parent": 17, "matchString": [{"type": "self", "string": "畅途服务协议"}, {"type": "attr", "string": "w1805"}]}]