{"definedData":[],"dynamicDefinedData":[{"shadowObjectVar":"__object__3","dynamicDefinedProps":[{"propName":".setData","readShadows":[{"shadowVar":{"id":-13825,"declaredName":"__object__3.setData","file":"/pages/chartsHome/chartsHome.js","type":"normal"},"readAccess":[{"leftVar":[{"id":202413,"declaredName":"e","declaredLoc":{"line":365,"column":12},"file":"/pages/chartsHome/chartsHome.js","type":"normal"}],"readFlow":[{"type":"assign to","from":{"name":"this","loc":{"line":365,"column":16},"id":202414,"file":"D:\\WORK\\2022\\论文相关\\TOSEM\\MiniApp-review\\flow-baseline\\datasetPopular\\PPP有例\\__APP__/pages/chartsHome/chartsHome.js"},"to":{"name":"e","loc":{"line":365,"column":12},"id":202413,"file":"D:\\WORK\\2022\\论文相关\\TOSEM\\MiniApp-review\\flow-baseline\\datasetPopular\\PPP有例\\__APP__/pages/chartsHome/chartsHome.js"}}]},{"leftVar":[{"id":202482,"declaredName":"e","declaredLoc":{"line":376,"column":12},"file":"/pages/chartsHome/chartsHome.js","type":"normal"}],"readFlow":[{"type":"assign to","from":{"name":"this","loc":{"line":376,"column":16},"id":202483,"file":"D:\\WORK\\2022\\论文相关\\TOSEM\\MiniApp-review\\flow-baseline\\datasetPopular\\PPP有例\\__APP__/pages/chartsHome/chartsHome.js"},"to":{"name":"e","loc":{"line":376,"column":12},"id":202482,"file":"D:\\WORK\\2022\\论文相关\\TOSEM\\MiniApp-review\\flow-baseline\\datasetPopular\\PPP有例\\__APP__/pages/chartsHome/chartsHome.js"}}]},{"leftVar":[{"id":202682,"declaredName":"a","declaredLoc":{"line":409,"column":12},"file":"/pages/chartsHome/chartsHome.js","type":"normal"}],"readFlow":[{"type":"assign to","from":{"name":"this","loc":{"line":409,"column":16},"id":202683,"file":"D:\\WORK\\2022\\论文相关\\TOSEM\\MiniApp-review\\flow-baseline\\datasetPopular\\PPP有例\\__APP__/pages/chartsHome/chartsHome.js"},"to":{"name":"a","loc":{"line":409,"column":12},"id":202682,"file":"D:\\WORK\\2022\\论文相关\\TOSEM\\MiniApp-review\\flow-baseline\\datasetPopular\\PPP有例\\__APP__/pages/chartsHome/chartsHome.js"}}]},{"leftVar":[{"id":203092,"declaredName":"a","declaredLoc":{"line":460,"column":12},"file":"/pages/chartsHome/chartsHome.js","type":"normal"}],"readFlow":[{"type":"assign to","from":{"name":"this","loc":{"line":460,"column":16},"id":203093,"file":"D:\\WORK\\2022\\论文相关\\TOSEM\\MiniApp-review\\flow-baseline\\datasetPopular\\PPP有例\\__APP__/pages/chartsHome/chartsHome.js"},"to":{"name":"a","loc":{"line":460,"column":12},"id":203092,"file":"D:\\WORK\\2022\\论文相关\\TOSEM\\MiniApp-review\\flow-baseline\\datasetPopular\\PPP有例\\__APP__/pages/chartsHome/chartsHome.js"}}]},{"leftVar":[{"id":203502,"declaredName":"a","declaredLoc":{"line":511,"column":12},"file":"/pages/chartsHome/chartsHome.js","type":"normal"}],"readFlow":[{"type":"assign to","from":{"name":"this","loc":{"line":511,"column":16},"id":203503,"file":"D:\\WORK\\2022\\论文相关\\TOSEM\\MiniApp-review\\flow-baseline\\datasetPopular\\PPP有例\\__APP__/pages/chartsHome/chartsHome.js"},"to":{"name":"a","loc":{"line":511,"column":12},"id":203502,"file":"D:\\WORK\\2022\\论文相关\\TOSEM\\MiniApp-review\\flow-baseline\\datasetPopular\\PPP有例\\__APP__/pages/chartsHome/chartsHome.js"}}]},{"leftVar":[{"id":203987,"declaredName":"e","declaredLoc":{"line":596,"column":12},"file":"/pages/chartsHome/chartsHome.js","type":"normal"}],"readFlow":[{"type":"assign to","from":{"name":"this","loc":{"line":596,"column":16},"id":203988,"file":"D:\\WORK\\2022\\论文相关\\TOSEM\\MiniApp-review\\flow-baseline\\datasetPopular\\PPP有例\\__APP__/pages/chartsHome/chartsHome.js"},"to":{"name":"e","loc":{"line":596,"column":12},"id":203987,"file":"D:\\WORK\\2022\\论文相关\\TOSEM\\MiniApp-review\\flow-baseline\\datasetPopular\\PPP有例\\__APP__/pages/chartsHome/chartsHome.js"}}]},{"leftVar":[{"id":204088,"declaredName":"e","declaredLoc":{"line":620,"column":12},"file":"/pages/chartsHome/chartsHome.js","type":"normal"}],"readFlow":[{"type":"assign to","from":{"name":"this","loc":{"line":620,"column":16},"id":204089,"file":"D:\\WORK\\2022\\论文相关\\TOSEM\\MiniApp-review\\flow-baseline\\datasetPopular\\PPP有例\\__APP__/pages/chartsHome/chartsHome.js"},"to":{"name":"e","loc":{"line":620,"column":12},"id":204088,"file":"D:\\WORK\\2022\\论文相关\\TOSEM\\MiniApp-review\\flow-baseline\\datasetPopular\\PPP有例\\__APP__/pages/chartsHome/chartsHome.js"}}]}]}],"writeShadows":[{"shadowVar":{"id":-13825,"declaredName":"__object__3.setData","file":"/pages/chartsHome/chartsHome.js","type":"normal"},"writeAccess":[]}]}]}]}