{"definedData":[],"dynamicDefinedData":[{"shadowObjectVar":"__object__6","dynamicDefinedProps":[{"propName":".setData","readShadows":[{"shadowVar":{"id":-13888,"declaredName":"__object__6.setData","file":"/pages/companyHome/companyHome.js","type":"normal"},"readAccess":[{"leftVar":[{"id":204334,"declaredName":"a","declaredLoc":{"line":31,"column":12},"file":"/pages/companyHome/companyHome.js","type":"normal"}],"readFlow":[{"type":"assign to","from":{"name":"this","loc":{"line":31,"column":16},"id":204335,"file":"D:\\WORK\\2022\\论文相关\\TOSEM\\MiniApp-review\\flow-baseline\\datasetPopular\\PPP有例\\__APP__/pages/companyHome/companyHome.js"},"to":{"name":"a","loc":{"line":31,"column":12},"id":204334,"file":"D:\\WORK\\2022\\论文相关\\TOSEM\\MiniApp-review\\flow-baseline\\datasetPopular\\PPP有例\\__APP__/pages/companyHome/companyHome.js"}}]},{"leftVar":[{"id":204587,"declaredName":"o","declaredLoc":{"line":71,"column":16},"file":"/pages/companyHome/companyHome.js","type":"normal"}],"readFlow":[{"type":"assign to","from":{"name":"this","loc":{"line":35,"column":12},"id":204358,"file":"D:\\WORK\\2022\\论文相关\\TOSEM\\MiniApp-review\\flow-baseline\\datasetPopular\\PPP有例\\__APP__/pages/companyHome/companyHome.js"},"to":{"name":"o","loc":{"line":35,"column":8},"id":204357,"file":"D:\\WORK\\2022\\论文相关\\TOSEM\\MiniApp-review\\flow-baseline\\datasetPopular\\PPP有例\\__APP__/pages/companyHome/companyHome.js"}},{"type":"read","from":{"name":"o","loc":{"line":35,"column":8},"id":204357,"file":"D:\\WORK\\2022\\论文相关\\TOSEM\\MiniApp-review\\flow-baseline\\datasetPopular\\PPP有例\\__APP__/pages/companyHome/companyHome.js"},"to":{"name":"o","loc":{"line":50,"column":23},"id":204429,"file":"D:\\WORK\\2022\\论文相关\\TOSEM\\MiniApp-review\\flow-baseline\\datasetPopular\\PPP有例\\__APP__/pages/companyHome/companyHome.js"}},{"type":"read","from":{"name":"o","loc":{"line":35,"column":8},"id":204357,"file":"D:\\WORK\\2022\\论文相关\\TOSEM\\MiniApp-review\\flow-baseline\\datasetPopular\\PPP有例\\__APP__/pages/companyHome/companyHome.js"},"to":{"name":"o","loc":{"line":71,"column":16},"id":204587,"file":"D:\\WORK\\2022\\论文相关\\TOSEM\\MiniApp-review\\flow-baseline\\datasetPopular\\PPP有例\\__APP__/pages/companyHome/companyHome.js"}},{"type":"read","from":{"name":"o","loc":{"line":71,"column":16},"id":204587,"file":"D:\\WORK\\2022\\论文相关\\TOSEM\\MiniApp-review\\flow-baseline\\datasetPopular\\PPP有例\\__APP__/pages/companyHome/companyHome.js"},"to":{"name":"o","loc":{"line":72,"column":19},"id":204594,"file":"D:\\WORK\\2022\\论文相关\\TOSEM\\MiniApp-review\\flow-baseline\\datasetPopular\\PPP有例\\__APP__/pages/companyHome/companyHome.js"}},{"type":"to callee","from":{"name":"o","loc":{"line":72,"column":19},"id":204594,"file":"D:\\WORK\\2022\\论文相关\\TOSEM\\MiniApp-review\\flow-baseline\\datasetPopular\\PPP有例\\__APP__/pages/companyHome/companyHome.js"},"to":{"name":"e.init","loc":{"line":72,"column":12},"id":204591,"file":"D:\\WORK\\2022\\论文相关\\TOSEM\\MiniApp-review\\flow-baseline\\datasetPopular\\PPP有例\\__APP__/pages/companyHome/companyHome.js"}},{"type":"read","from":{"name":"o","loc":{"line":72,"column":19},"id":204594,"file":"D:\\WORK\\2022\\论文相关\\TOSEM\\MiniApp-review\\flow-baseline\\datasetPopular\\PPP有例\\__APP__/pages/companyHome/companyHome.js"},"to":{"name":"o.setData","loc":{"line":61,"column":41},"id":204551,"file":"D:\\WORK\\2022\\论文相关\\TOSEM\\MiniApp-review\\flow-baseline\\datasetPopular\\PPP有例\\__APP__/pages/companyHome/companyHome.js"}},{"type":"read","from":{"name":"o","loc":{"line":72,"column":19},"id":204594,"file":"D:\\WORK\\2022\\论文相关\\TOSEM\\MiniApp-review\\flow-baseline\\datasetPopular\\PPP有例\\__APP__/pages/companyHome/companyHome.js"},"to":{"name":"o.setData","loc":{"line":77,"column":16},"id":204663,"file":"D:\\WORK\\2022\\论文相关\\TOSEM\\MiniApp-review\\flow-baseline\\datasetPopular\\PPP有例\\__APP__/pages/companyHome/companyHome.js"}},{"type":"read","from":{"name":"o","loc":{"line":50,"column":23},"id":204429,"file":"D:\\WORK\\2022\\论文相关\\TOSEM\\MiniApp-review\\flow-baseline\\datasetPopular\\PPP有例\\__APP__/pages/companyHome/companyHome.js"},"to":{"name":"o.setData","loc":{"line":55,"column":16},"id":204458,"file":"D:\\WORK\\2022\\论文相关\\TOSEM\\MiniApp-review\\flow-baseline\\datasetPopular\\PPP有例\\__APP__/pages/companyHome/companyHome.js"}},{"type":"to callee","from":{"name":"o","loc":{"line":50,"column":23},"id":204429,"file":"D:\\WORK\\2022\\论文相关\\TOSEM\\MiniApp-review\\flow-baseline\\datasetPopular\\PPP有例\\__APP__/pages/companyHome/companyHome.js"},"to":{"name":"e.init","loc":{"line":50,"column":16},"id":204426,"file":"D:\\WORK\\2022\\论文相关\\TOSEM\\MiniApp-review\\flow-baseline\\datasetPopular\\PPP有例\\__APP__/pages/companyHome/companyHome.js"}}]},{"leftVar":[{"id":204682,"declaredName":"e","declaredLoc":{"line":84,"column":12},"file":"/pages/companyHome/companyHome.js","type":"normal"}],"readFlow":[{"type":"assign to","from":{"name":"this","loc":{"line":84,"column":16},"id":204683,"file":"D:\\WORK\\2022\\论文相关\\TOSEM\\MiniApp-review\\flow-baseline\\datasetPopular\\PPP有例\\__APP__/pages/companyHome/companyHome.js"},"to":{"name":"e","loc":{"line":84,"column":12},"id":204682,"file":"D:\\WORK\\2022\\论文相关\\TOSEM\\MiniApp-review\\flow-baseline\\datasetPopular\\PPP有例\\__APP__/pages/companyHome/companyHome.js"}}]},{"leftVar":[{"id":204865,"declaredName":"n","declaredLoc":{"line":118,"column":12},"file":"/pages/companyHome/companyHome.js","type":"normal"}],"readFlow":[{"type":"assign to","from":{"name":"this","loc":{"line":118,"column":16},"id":204866,"file":"D:\\WORK\\2022\\论文相关\\TOSEM\\MiniApp-review\\flow-baseline\\datasetPopular\\PPP有例\\__APP__/pages/companyHome/companyHome.js"},"to":{"name":"n","loc":{"line":118,"column":12},"id":204865,"file":"D:\\WORK\\2022\\论文相关\\TOSEM\\MiniApp-review\\flow-baseline\\datasetPopular\\PPP有例\\__APP__/pages/companyHome/companyHome.js"}},{"type":"read","from":{"name":"n","loc":{"line":118,"column":12},"id":204865,"file":"D:\\WORK\\2022\\论文相关\\TOSEM\\MiniApp-review\\flow-baseline\\datasetPopular\\PPP有例\\__APP__/pages/companyHome/companyHome.js"},"to":{"name":"n","loc":{"line":184,"column":67},"id":205254,"file":"D:\\WORK\\2022\\论文相关\\TOSEM\\MiniApp-review\\flow-baseline\\datasetPopular\\PPP有例\\__APP__/pages/companyHome/companyHome.js"}},{"type":"to callee","from":{"name":"n","loc":{"line":184,"column":67},"id":205254,"file":"D:\\WORK\\2022\\论文相关\\TOSEM\\MiniApp-review\\flow-baseline\\datasetPopular\\PPP有例\\__APP__/pages/companyHome/companyHome.js"},"to":{"name":"e.wxSearchAddHisKey","loc":{"line":184,"column":47},"id":205251,"file":"D:\\WORK\\2022\\论文相关\\TOSEM\\MiniApp-review\\flow-baseline\\datasetPopular\\PPP有例\\__APP__/pages/companyHome/companyHome.js"}},{"type":"read","from":{"name":"n","loc":{"line":184,"column":67},"id":205254,"file":"D:\\WORK\\2022\\论文相关\\TOSEM\\MiniApp-review\\flow-baseline\\datasetPopular\\PPP有例\\__APP__/pages/companyHome/companyHome.js"},"to":{"name":"n.setData","loc":{"line":148,"column":58},"id":205038,"file":"D:\\WORK\\2022\\论文相关\\TOSEM\\MiniApp-review\\flow-baseline\\datasetPopular\\PPP有例\\__APP__/pages/companyHome/companyHome.js"}},{"type":"read","from":{"name":"n","loc":{"line":184,"column":67},"id":205254,"file":"D:\\WORK\\2022\\论文相关\\TOSEM\\MiniApp-review\\flow-baseline\\datasetPopular\\PPP有例\\__APP__/pages/companyHome/companyHome.js"},"to":{"name":"n.setData","loc":{"line":153,"column":25},"id":205065,"file":"D:\\WORK\\2022\\论文相关\\TOSEM\\MiniApp-review\\flow-baseline\\datasetPopular\\PPP有例\\__APP__/pages/companyHome/companyHome.js"}},{"type":"read","from":{"name":"n","loc":{"line":184,"column":67},"id":205254,"file":"D:\\WORK\\2022\\论文相关\\TOSEM\\MiniApp-review\\flow-baseline\\datasetPopular\\PPP有例\\__APP__/pages/companyHome/companyHome.js"},"to":{"name":"n.setData","loc":{"line":143,"column":35},"id":205008,"file":"D:\\WORK\\2022\\论文相关\\TOSEM\\MiniApp-review\\flow-baseline\\datasetPopular\\PPP有例\\__APP__/pages/companyHome/companyHome.js"}},{"type":"read","from":{"name":"n.setData","loc":{"line":153,"column":25},"id":205065,"file":"D:\\WORK\\2022\\论文相关\\TOSEM\\MiniApp-review\\flow-baseline\\datasetPopular\\PPP有例\\__APP__/pages/companyHome/companyHome.js"},"to":{"name":"n.setData","loc":{"line":158,"column":24},"id":205092,"file":"D:\\WORK\\2022\\论文相关\\TOSEM\\MiniApp-review\\flow-baseline\\datasetPopular\\PPP有例\\__APP__/pages/companyHome/companyHome.js"}},{"type":"read","from":{"name":"n.setData","loc":{"line":158,"column":24},"id":205092,"file":"D:\\WORK\\2022\\论文相关\\TOSEM\\MiniApp-review\\flow-baseline\\datasetPopular\\PPP有例\\__APP__/pages/companyHome/companyHome.js"},"to":{"name":"n.setData","loc":{"line":165,"column":24},"id":205175,"file":"D:\\WORK\\2022\\论文相关\\TOSEM\\MiniApp-review\\flow-baseline\\datasetPopular\\PPP有例\\__APP__/pages/companyHome/companyHome.js"}}]},{"leftVar":[{"id":205262,"declaredName":"t","declaredLoc":{"line":188,"column":12},"file":"/pages/companyHome/companyHome.js","type":"normal"}],"readFlow":[{"type":"assign to","from":{"name":"this","loc":{"line":188,"column":16},"id":205263,"file":"D:\\WORK\\2022\\论文相关\\TOSEM\\MiniApp-review\\flow-baseline\\datasetPopular\\PPP有例\\__APP__/pages/companyHome/companyHome.js"},"to":{"name":"t","loc":{"line":188,"column":12},"id":205262,"file":"D:\\WORK\\2022\\论文相关\\TOSEM\\MiniApp-review\\flow-baseline\\datasetPopular\\PPP有例\\__APP__/pages/companyHome/companyHome.js"}},{"type":"read","from":{"name":"t","loc":{"line":188,"column":12},"id":205262,"file":"D:\\WORK\\2022\\论文相关\\TOSEM\\MiniApp-review\\flow-baseline\\datasetPopular\\PPP有例\\__APP__/pages/companyHome/companyHome.js"},"to":{"name":"t","loc":{"line":189,"column":27},"id":205270,"file":"D:\\WORK\\2022\\论文相关\\TOSEM\\MiniApp-review\\flow-baseline\\datasetPopular\\PPP有例\\__APP__/pages/companyHome/companyHome.js"}},{"type":"to callee","from":{"name":"t","loc":{"line":189,"column":27},"id":205270,"file":"D:\\WORK\\2022\\论文相关\\TOSEM\\MiniApp-review\\flow-baseline\\datasetPopular\\PPP有例\\__APP__/pages/companyHome/companyHome.js"},"to":{"name":"e.wxSearchFocus","loc":{"line":189,"column":8},"id":205266,"file":"D:\\WORK\\2022\\论文相关\\TOSEM\\MiniApp-review\\flow-baseline\\datasetPopular\\PPP有例\\__APP__/pages/companyHome/companyHome.js"}}]},{"leftVar":[{"id":205278,"declaredName":"t","declaredLoc":{"line":192,"column":12},"file":"/pages/companyHome/companyHome.js","type":"normal"}],"readFlow":[{"type":"assign to","from":{"name":"this","loc":{"line":192,"column":16},"id":205279,"file":"D:\\WORK\\2022\\论文相关\\TOSEM\\MiniApp-review\\flow-baseline\\datasetPopular\\PPP有例\\__APP__/pages/companyHome/companyHome.js"},"to":{"name":"t","loc":{"line":192,"column":12},"id":205278,"file":"D:\\WORK\\2022\\论文相关\\TOSEM\\MiniApp-review\\flow-baseline\\datasetPopular\\PPP有例\\__APP__/pages/companyHome/companyHome.js"}},{"type":"read","from":{"name":"t","loc":{"line":192,"column":12},"id":205278,"file":"D:\\WORK\\2022\\论文相关\\TOSEM\\MiniApp-review\\flow-baseline\\datasetPopular\\PPP有例\\__APP__/pages/companyHome/companyHome.js"},"to":{"name":"t","loc":{"line":193,"column":26},"id":205286,"file":"D:\\WORK\\2022\\论文相关\\TOSEM\\MiniApp-review\\flow-baseline\\datasetPopular\\PPP有例\\__APP__/pages/companyHome/companyHome.js"}},{"type":"read","from":{"name":"t","loc":{"line":193,"column":26},"id":205286,"file":"D:\\WORK\\2022\\论文相关\\TOSEM\\MiniApp-review\\flow-baseline\\datasetPopular\\PPP有例\\__APP__/pages/companyHome/companyHome.js"},"to":{"name":"t.setData","loc":{"line":196,"column":18},"id":205307,"file":"D:\\WORK\\2022\\论文相关\\TOSEM\\MiniApp-review\\flow-baseline\\datasetPopular\\PPP有例\\__APP__/pages/companyHome/companyHome.js"}},{"type":"read","from":{"name":"t","loc":{"line":193,"column":26},"id":205286,"file":"D:\\WORK\\2022\\论文相关\\TOSEM\\MiniApp-review\\flow-baseline\\datasetPopular\\PPP有例\\__APP__/pages/companyHome/companyHome.js"},"to":{"name":"t.setData","loc":{"line":198,"column":13},"id":205315,"file":"D:\\WORK\\2022\\论文相关\\TOSEM\\MiniApp-review\\flow-baseline\\datasetPopular\\PPP有例\\__APP__/pages/companyHome/companyHome.js"}},{"type":"to callee","from":{"name":"t","loc":{"line":193,"column":26},"id":205286,"file":"D:\\WORK\\2022\\论文相关\\TOSEM\\MiniApp-review\\flow-baseline\\datasetPopular\\PPP有例\\__APP__/pages/companyHome/companyHome.js"},"to":{"name":"e.wxSearchBlur","loc":{"line":193,"column":8},"id":205282,"file":"D:\\WORK\\2022\\论文相关\\TOSEM\\MiniApp-review\\flow-baseline\\datasetPopular\\PPP有例\\__APP__/pages/companyHome/companyHome.js"}}]},{"leftVar":[{"id":205329,"declaredName":"t","declaredLoc":{"line":203,"column":12},"file":"/pages/companyHome/companyHome.js","type":"normal"}],"readFlow":[{"type":"assign to","from":{"name":"this","loc":{"line":203,"column":16},"id":205330,"file":"D:\\WORK\\2022\\论文相关\\TOSEM\\MiniApp-review\\flow-baseline\\datasetPopular\\PPP有例\\__APP__/pages/companyHome/companyHome.js"},"to":{"name":"t","loc":{"line":203,"column":12},"id":205329,"file":"D:\\WORK\\2022\\论文相关\\TOSEM\\MiniApp-review\\flow-baseline\\datasetPopular\\PPP有例\\__APP__/pages/companyHome/companyHome.js"}},{"type":"read","from":{"name":"t","loc":{"line":203,"column":12},"id":205329,"file":"D:\\WORK\\2022\\论文相关\\TOSEM\\MiniApp-review\\flow-baseline\\datasetPopular\\PPP有例\\__APP__/pages/companyHome/companyHome.js"},"to":{"name":"t","loc":{"line":204,"column":28},"id":205337,"file":"D:\\WORK\\2022\\论文相关\\TOSEM\\MiniApp-review\\flow-baseline\\datasetPopular\\PPP有例\\__APP__/pages/companyHome/companyHome.js"}},{"type":"to callee","from":{"name":"t","loc":{"line":204,"column":28},"id":205337,"file":"D:\\WORK\\2022\\论文相关\\TOSEM\\MiniApp-review\\flow-baseline\\datasetPopular\\PPP有例\\__APP__/pages/companyHome/companyHome.js"},"to":{"name":"e.wxSearchKeyTap","loc":{"line":204,"column":8},"id":205333,"file":"D:\\WORK\\2022\\论文相关\\TOSEM\\MiniApp-review\\flow-baseline\\datasetPopular\\PPP有例\\__APP__/pages/companyHome/companyHome.js"}}]},{"leftVar":[{"id":205345,"declaredName":"t","declaredLoc":{"line":207,"column":12},"file":"/pages/companyHome/companyHome.js","type":"normal"}],"readFlow":[{"type":"assign to","from":{"name":"this","loc":{"line":207,"column":16},"id":205346,"file":"D:\\WORK\\2022\\论文相关\\TOSEM\\MiniApp-review\\flow-baseline\\datasetPopular\\PPP有例\\__APP__/pages/companyHome/companyHome.js"},"to":{"name":"t","loc":{"line":207,"column":12},"id":205345,"file":"D:\\WORK\\2022\\论文相关\\TOSEM\\MiniApp-review\\flow-baseline\\datasetPopular\\PPP有例\\__APP__/pages/companyHome/companyHome.js"}},{"type":"read","from":{"name":"t","loc":{"line":207,"column":12},"id":205345,"file":"D:\\WORK\\2022\\论文相关\\TOSEM\\MiniApp-review\\flow-baseline\\datasetPopular\\PPP有例\\__APP__/pages/companyHome/companyHome.js"},"to":{"name":"t","loc":{"line":208,"column":31},"id":205353,"file":"D:\\WORK\\2022\\论文相关\\TOSEM\\MiniApp-review\\flow-baseline\\datasetPopular\\PPP有例\\__APP__/pages/companyHome/companyHome.js"}},{"type":"to callee","from":{"name":"t","loc":{"line":208,"column":31},"id":205353,"file":"D:\\WORK\\2022\\论文相关\\TOSEM\\MiniApp-review\\flow-baseline\\datasetPopular\\PPP有例\\__APP__/pages/companyHome/companyHome.js"},"to":{"name":"e.wxSearchDeleteKey","loc":{"line":208,"column":8},"id":205349,"file":"D:\\WORK\\2022\\论文相关\\TOSEM\\MiniApp-review\\flow-baseline\\datasetPopular\\PPP有例\\__APP__/pages/companyHome/companyHome.js"}}]},{"leftVar":[{"id":205361,"declaredName":"t","declaredLoc":{"line":211,"column":12},"file":"/pages/companyHome/companyHome.js","type":"normal"}],"readFlow":[{"type":"assign to","from":{"name":"this","loc":{"line":211,"column":16},"id":205362,"file":"D:\\WORK\\2022\\论文相关\\TOSEM\\MiniApp-review\\flow-baseline\\datasetPopular\\PPP有例\\__APP__/pages/companyHome/companyHome.js"},"to":{"name":"t","loc":{"line":211,"column":12},"id":205361,"file":"D:\\WORK\\2022\\论文相关\\TOSEM\\MiniApp-review\\flow-baseline\\datasetPopular\\PPP有例\\__APP__/pages/companyHome/companyHome.js"}},{"type":"read","from":{"name":"t","loc":{"line":211,"column":12},"id":205361,"file":"D:\\WORK\\2022\\论文相关\\TOSEM\\MiniApp-review\\flow-baseline\\datasetPopular\\PPP有例\\__APP__/pages/companyHome/companyHome.js"},"to":{"name":"t","loc":{"line":212,"column":28},"id":205368,"file":"D:\\WORK\\2022\\论文相关\\TOSEM\\MiniApp-review\\flow-baseline\\datasetPopular\\PPP有例\\__APP__/pages/companyHome/companyHome.js"}},{"type":"to callee","from":{"name":"t","loc":{"line":212,"column":28},"id":205368,"file":"D:\\WORK\\2022\\论文相关\\TOSEM\\MiniApp-review\\flow-baseline\\datasetPopular\\PPP有例\\__APP__/pages/companyHome/companyHome.js"},"to":{"name":"e.wxSearchDeleteAll","loc":{"line":212,"column":8},"id":205365,"file":"D:\\WORK\\2022\\论文相关\\TOSEM\\MiniApp-review\\flow-baseline\\datasetPopular\\PPP有例\\__APP__/pages/companyHome/companyHome.js"}}]},{"leftVar":[{"id":205376,"declaredName":"t","declaredLoc":{"line":215,"column":12},"file":"/pages/companyHome/companyHome.js","type":"normal"}],"readFlow":[{"type":"assign to","from":{"name":"this","loc":{"line":215,"column":16},"id":205377,"file":"D:\\WORK\\2022\\论文相关\\TOSEM\\MiniApp-review\\flow-baseline\\datasetPopular\\PPP有例\\__APP__/pages/companyHome/companyHome.js"},"to":{"name":"t","loc":{"line":215,"column":12},"id":205376,"file":"D:\\WORK\\2022\\论文相关\\TOSEM\\MiniApp-review\\flow-baseline\\datasetPopular\\PPP有例\\__APP__/pages/companyHome/companyHome.js"}},{"type":"read","from":{"name":"t","loc":{"line":215,"column":12},"id":205376,"file":"D:\\WORK\\2022\\论文相关\\TOSEM\\MiniApp-review\\flow-baseline\\datasetPopular\\PPP有例\\__APP__/pages/companyHome/companyHome.js"},"to":{"name":"t","loc":{"line":216,"column":31},"id":205383,"file":"D:\\WORK\\2022\\论文相关\\TOSEM\\MiniApp-review\\flow-baseline\\datasetPopular\\PPP有例\\__APP__/pages/companyHome/companyHome.js"}},{"type":"read","from":{"name":"t","loc":{"line":216,"column":31},"id":205383,"file":"D:\\WORK\\2022\\论文相关\\TOSEM\\MiniApp-review\\flow-baseline\\datasetPopular\\PPP有例\\__APP__/pages/companyHome/companyHome.js"},"to":{"name":"t.setData","loc":{"line":219,"column":18},"id":205404,"file":"D:\\WORK\\2022\\论文相关\\TOSEM\\MiniApp-review\\flow-baseline\\datasetPopular\\PPP有例\\__APP__/pages/companyHome/companyHome.js"}},{"type":"read","from":{"name":"t","loc":{"line":216,"column":31},"id":205383,"file":"D:\\WORK\\2022\\论文相关\\TOSEM\\MiniApp-review\\flow-baseline\\datasetPopular\\PPP有例\\__APP__/pages/companyHome/companyHome.js"},"to":{"name":"t.setData","loc":{"line":221,"column":13},"id":205412,"file":"D:\\WORK\\2022\\论文相关\\TOSEM\\MiniApp-review\\flow-baseline\\datasetPopular\\PPP有例\\__APP__/pages/companyHome/companyHome.js"}},{"type":"to callee","from":{"name":"t","loc":{"line":216,"column":31},"id":205383,"file":"D:\\WORK\\2022\\论文相关\\TOSEM\\MiniApp-review\\flow-baseline\\datasetPopular\\PPP有例\\__APP__/pages/companyHome/companyHome.js"},"to":{"name":"e.wxSearchHiddenPancel","loc":{"line":216,"column":8},"id":205380,"file":"D:\\WORK\\2022\\论文相关\\TOSEM\\MiniApp-review\\flow-baseline\\datasetPopular\\PPP有例\\__APP__/pages/companyHome/companyHome.js"}}]},{"leftVar":[{"id":205425,"declaredName":"e","declaredLoc":{"line":226,"column":12},"file":"/pages/companyHome/companyHome.js","type":"normal"}],"readFlow":[{"type":"assign to","from":{"name":"this","loc":{"line":226,"column":16},"id":205426,"file":"D:\\WORK\\2022\\论文相关\\TOSEM\\MiniApp-review\\flow-baseline\\datasetPopular\\PPP有例\\__APP__/pages/companyHome/companyHome.js"},"to":{"name":"e","loc":{"line":226,"column":12},"id":205425,"file":"D:\\WORK\\2022\\论文相关\\TOSEM\\MiniApp-review\\flow-baseline\\datasetPopular\\PPP有例\\__APP__/pages/companyHome/companyHome.js"}}]},{"leftVar":[{"id":205466,"declaredName":"e","declaredLoc":{"line":233,"column":12},"file":"/pages/companyHome/companyHome.js","type":"normal"}],"readFlow":[{"type":"assign to","from":{"name":"this","loc":{"line":233,"column":16},"id":205467,"file":"D:\\WORK\\2022\\论文相关\\TOSEM\\MiniApp-review\\flow-baseline\\datasetPopular\\PPP有例\\__APP__/pages/companyHome/companyHome.js"},"to":{"name":"e","loc":{"line":233,"column":12},"id":205466,"file":"D:\\WORK\\2022\\论文相关\\TOSEM\\MiniApp-review\\flow-baseline\\datasetPopular\\PPP有例\\__APP__/pages/companyHome/companyHome.js"}}]},{"leftVar":[{"id":205771,"declaredName":"e","declaredLoc":{"line":299,"column":12},"file":"/pages/companyHome/companyHome.js","type":"normal"}],"readFlow":[{"type":"assign to","from":{"name":"this","loc":{"line":299,"column":16},"id":205772,"file":"D:\\WORK\\2022\\论文相关\\TOSEM\\MiniApp-review\\flow-baseline\\datasetPopular\\PPP有例\\__APP__/pages/companyHome/companyHome.js"},"to":{"name":"e","loc":{"line":299,"column":12},"id":205771,"file":"D:\\WORK\\2022\\论文相关\\TOSEM\\MiniApp-review\\flow-baseline\\datasetPopular\\PPP有例\\__APP__/pages/companyHome/companyHome.js"}}]}]}],"writeShadows":[{"shadowVar":{"id":-13888,"declaredName":"__object__6.setData","file":"/pages/companyHome/companyHome.js","type":"normal"},"writeAccess":[]}]}]}]}