{"definedData":[],"dynamicDefinedData":[{"shadowObjectVar":"__object__4","dynamicDefinedProps":[{"propName":".setData","readShadows":[{"shadowVar":{"id":-13930,"declaredName":"__object__4.setData","file":"/pages/logFail/logFail.js","type":"normal"},"readAccess":[{"leftVar":[{"id":206003,"declaredName":"n","declaredLoc":{"line":25,"column":12},"file":"/pages/logFail/logFail.js","type":"normal"}],"readFlow":[{"type":"assign to","from":{"name":"this","loc":{"line":25,"column":16},"id":206004,"file":"D:\\WORK\\2022\\论文相关\\TOSEM\\MiniApp-review\\flow-baseline\\datasetPopular\\PPP有例\\__APP__/pages/logFail/logFail.js"},"to":{"name":"n","loc":{"line":25,"column":12},"id":206003,"file":"D:\\WORK\\2022\\论文相关\\TOSEM\\MiniApp-review\\flow-baseline\\datasetPopular\\PPP有例\\__APP__/pages/logFail/logFail.js"}}]}]}],"writeShadows":[{"shadowVar":{"id":-13930,"declaredName":"__object__4.setData","file":"/pages/logFail/logFail.js","type":"normal"},"writeAccess":[]}]},{"propName":".data","readShadows":[{"shadowVar":{"id":205923,"declaredName":"__object__4.data","declaredLoc":{"line":5,"column":4},"file":"/pages/logFail/logFail.js","type":"normal"},"readAccess":[{"leftVar":[{"id":206053,"declaredName":"i","declaredLoc":{"line":30,"column":20},"file":"/pages/logFail/logFail.js","type":"normal"}],"readFlow":[{"type":"assign to","from":{"name":"n.data","loc":{"line":30,"column":24},"id":206054,"file":"D:\\WORK\\2022\\论文相关\\TOSEM\\MiniApp-review\\flow-baseline\\datasetPopular\\PPP有例\\__APP__/pages/logFail/logFail.js"},"to":{"name":"i","loc":{"line":30,"column":20},"id":206053,"file":"D:\\WORK\\2022\\论文相关\\TOSEM\\MiniApp-review\\flow-baseline\\datasetPopular\\PPP有例\\__APP__/pages/logFail/logFail.js"}},{"type":"read","from":{"name":"i","loc":{"line":30,"column":20},"id":206053,"file":"D:\\WORK\\2022\\论文相关\\TOSEM\\MiniApp-review\\flow-baseline\\datasetPopular\\PPP有例\\__APP__/pages/logFail/logFail.js"},"to":{"name":"i","loc":{"line":31,"column":29},"id":206064,"file":"D:\\WORK\\2022\\论文相关\\TOSEM\\MiniApp-review\\flow-baseline\\datasetPopular\\PPP有例\\__APP__/pages/logFail/logFail.js"}},{"type":"to callee","from":{"name":"i","loc":{"line":31,"column":29},"id":206064,"file":"D:\\WORK\\2022\\论文相关\\TOSEM\\MiniApp-review\\flow-baseline\\datasetPopular\\PPP有例\\__APP__/pages/logFail/logFail.js"},"to":{"name":"n.getInfo","loc":{"line":31,"column":16},"id":206060,"file":"D:\\WORK\\2022\\论文相关\\TOSEM\\MiniApp-review\\flow-baseline\\datasetPopular\\PPP有例\\__APP__/pages/logFail/logFail.js"}}]}]}],"writeShadows":[{"shadowVar":{"id":205923,"declaredName":"__object__4.data","declaredLoc":{"line":5,"column":4},"file":"/pages/logFail/logFail.js","type":"normal"},"writeAccess":[]}]}]}]}