{"definedData":[],"dynamicDefinedData":[{"shadowObjectVar":"__object__5","dynamicDefinedProps":[{"propName":".setData","readShadows":[{"shadowVar":{"id":-13952,"declaredName":"__object__5.setData","file":"/pages/personalCenterHome/personalCenterHome.js","type":"normal"},"readAccess":[{"leftVar":[{"id":206402,"declaredName":"t","declaredLoc":{"line":20,"column":12},"file":"/pages/personalCenterHome/personalCenterHome.js","type":"normal"}],"readFlow":[{"type":"assign to","from":{"name":"this","loc":{"line":20,"column":16},"id":206403,"file":"D:\\WORK\\2022\\论文相关\\TOSEM\\MiniApp-review\\flow-baseline\\datasetPopular\\PPP有例\\__APP__/pages/personalCenterHome/personalCenterHome.js"},"to":{"name":"t","loc":{"line":20,"column":12},"id":206402,"file":"D:\\WORK\\2022\\论文相关\\TOSEM\\MiniApp-review\\flow-baseline\\datasetPopular\\PPP有例\\__APP__/pages/personalCenterHome/personalCenterHome.js"}}]},{"leftVar":[{"id":206466,"declaredName":"t","declaredLoc":{"line":36,"column":12},"file":"/pages/personalCenterHome/personalCenterHome.js","type":"normal"}],"readFlow":[{"type":"assign to","from":{"name":"this","loc":{"line":36,"column":16},"id":206467,"file":"D:\\WORK\\2022\\论文相关\\TOSEM\\MiniApp-review\\flow-baseline\\datasetPopular\\PPP有例\\__APP__/pages/personalCenterHome/personalCenterHome.js"},"to":{"name":"t","loc":{"line":36,"column":12},"id":206466,"file":"D:\\WORK\\2022\\论文相关\\TOSEM\\MiniApp-review\\flow-baseline\\datasetPopular\\PPP有例\\__APP__/pages/personalCenterHome/personalCenterHome.js"}}]},{"leftVar":[{"id":206564,"declaredName":"a","declaredLoc":{"line":58,"column":12},"file":"/pages/personalCenterHome/personalCenterHome.js","type":"normal"}],"readFlow":[{"type":"assign to","from":{"name":"this","loc":{"line":58,"column":16},"id":206565,"file":"D:\\WORK\\2022\\论文相关\\TOSEM\\MiniApp-review\\flow-baseline\\datasetPopular\\PPP有例\\__APP__/pages/personalCenterHome/personalCenterHome.js"},"to":{"name":"a","loc":{"line":58,"column":12},"id":206564,"file":"D:\\WORK\\2022\\论文相关\\TOSEM\\MiniApp-review\\flow-baseline\\datasetPopular\\PPP有例\\__APP__/pages/personalCenterHome/personalCenterHome.js"}}]},{"leftVar":[{"id":206606,"declaredName":"t","declaredLoc":{"line":69,"column":12},"file":"/pages/personalCenterHome/personalCenterHome.js","type":"normal"}],"readFlow":[{"type":"assign to","from":{"name":"this","loc":{"line":69,"column":16},"id":206607,"file":"D:\\WORK\\2022\\论文相关\\TOSEM\\MiniApp-review\\flow-baseline\\datasetPopular\\PPP有例\\__APP__/pages/personalCenterHome/personalCenterHome.js"},"to":{"name":"t","loc":{"line":69,"column":12},"id":206606,"file":"D:\\WORK\\2022\\论文相关\\TOSEM\\MiniApp-review\\flow-baseline\\datasetPopular\\PPP有例\\__APP__/pages/personalCenterHome/personalCenterHome.js"}}]},{"leftVar":[{"id":207043,"declaredName":"t","declaredLoc":{"line":168,"column":12},"file":"/pages/personalCenterHome/personalCenterHome.js","type":"normal"}],"readFlow":[{"type":"assign to","from":{"name":"this","loc":{"line":168,"column":16},"id":207044,"file":"D:\\WORK\\2022\\论文相关\\TOSEM\\MiniApp-review\\flow-baseline\\datasetPopular\\PPP有例\\__APP__/pages/personalCenterHome/personalCenterHome.js"},"to":{"name":"t","loc":{"line":168,"column":12},"id":207043,"file":"D:\\WORK\\2022\\论文相关\\TOSEM\\MiniApp-review\\flow-baseline\\datasetPopular\\PPP有例\\__APP__/pages/personalCenterHome/personalCenterHome.js"}}]},{"leftVar":[{"id":207184,"declaredName":"a","declaredLoc":{"line":192,"column":12},"file":"/pages/personalCenterHome/personalCenterHome.js","type":"normal"}],"readFlow":[{"type":"assign to","from":{"name":"this","loc":{"line":192,"column":16},"id":207185,"file":"D:\\WORK\\2022\\论文相关\\TOSEM\\MiniApp-review\\flow-baseline\\datasetPopular\\PPP有例\\__APP__/pages/personalCenterHome/personalCenterHome.js"},"to":{"name":"a","loc":{"line":192,"column":12},"id":207184,"file":"D:\\WORK\\2022\\论文相关\\TOSEM\\MiniApp-review\\flow-baseline\\datasetPopular\\PPP有例\\__APP__/pages/personalCenterHome/personalCenterHome.js"}}]}]}],"writeShadows":[{"shadowVar":{"id":-13952,"declaredName":"__object__5.setData","file":"/pages/personalCenterHome/personalCenterHome.js","type":"normal"},"writeAccess":[]}]},{"propName":".data","readShadows":[{"shadowVar":{"id":206356,"declaredName":"__object__5.data","declaredLoc":{"line":6,"column":4},"file":"/pages/personalCenterHome/personalCenterHome.js","type":"normal"},"readAccess":[{"leftVar":[{"id":207234,"declaredName":"o","declaredLoc":{"line":197,"column":20},"file":"/pages/personalCenterHome/personalCenterHome.js","type":"normal"}],"readFlow":[{"type":"assign to","from":{"name":"a.data","loc":{"line":197,"column":24},"id":207235,"file":"D:\\WORK\\2022\\论文相关\\TOSEM\\MiniApp-review\\flow-baseline\\datasetPopular\\PPP有例\\__APP__/pages/personalCenterHome/personalCenterHome.js"},"to":{"name":"o","loc":{"line":197,"column":20},"id":207234,"file":"D:\\WORK\\2022\\论文相关\\TOSEM\\MiniApp-review\\flow-baseline\\datasetPopular\\PPP有例\\__APP__/pages/personalCenterHome/personalCenterHome.js"}},{"type":"read","from":{"name":"o","loc":{"line":197,"column":20},"id":207234,"file":"D:\\WORK\\2022\\论文相关\\TOSEM\\MiniApp-review\\flow-baseline\\datasetPopular\\PPP有例\\__APP__/pages/personalCenterHome/personalCenterHome.js"},"to":{"name":"o","loc":{"line":198,"column":29},"id":207245,"file":"D:\\WORK\\2022\\论文相关\\TOSEM\\MiniApp-review\\flow-baseline\\datasetPopular\\PPP有例\\__APP__/pages/personalCenterHome/personalCenterHome.js"}},{"type":"to callee","from":{"name":"o","loc":{"line":198,"column":29},"id":207245,"file":"D:\\WORK\\2022\\论文相关\\TOSEM\\MiniApp-review\\flow-baseline\\datasetPopular\\PPP有例\\__APP__/pages/personalCenterHome/personalCenterHome.js"},"to":{"name":"a.getInfo","loc":{"line":198,"column":16},"id":207241,"file":"D:\\WORK\\2022\\论文相关\\TOSEM\\MiniApp-review\\flow-baseline\\datasetPopular\\PPP有例\\__APP__/pages/personalCenterHome/personalCenterHome.js"}}]}]}],"writeShadows":[{"shadowVar":{"id":206356,"declaredName":"__object__5.data","declaredLoc":{"line":6,"column":4},"file":"/pages/personalCenterHome/personalCenterHome.js","type":"normal"},"writeAccess":[]}]}]}]}