{"definedData":[],"dynamicDefinedData":[{"shadowObjectVar":"__object__5","dynamicDefinedProps":[{"propName":".setData","readShadows":[{"shadowVar":{"id":-14000,"declaredName":"__object__5.setData","file":"/pages/projectHome/projectHome.js","type":"normal"},"readAccess":[{"leftVar":[{"id":207708,"declaredName":"t","declaredLoc":{"line":48,"column":12},"file":"/pages/projectHome/projectHome.js","type":"normal"}],"readFlow":[{"type":"assign to","from":{"name":"this","loc":{"line":48,"column":16},"id":207709,"file":"D:\\WORK\\2022\\论文相关\\TOSEM\\MiniApp-review\\flow-baseline\\datasetPopular\\PPP有例\\__APP__/pages/projectHome/projectHome.js"},"to":{"name":"t","loc":{"line":48,"column":12},"id":207708,"file":"D:\\WORK\\2022\\论文相关\\TOSEM\\MiniApp-review\\flow-baseline\\datasetPopular\\PPP有例\\__APP__/pages/projectHome/projectHome.js"}}]}]}],"writeShadows":[{"shadowVar":{"id":-14000,"declaredName":"__object__5.setData","file":"/pages/projectHome/projectHome.js","type":"normal"},"writeAccess":[]}]}]}]}