{"definedData":[],"dynamicDefinedData":[{"shadowObjectVar":"__object__15","dynamicDefinedProps":[{"propName":".setData","readShadows":[{"shadowVar":{"id":-14031,"declaredName":"__object__15.setData","file":"/pages/recentProjectsHome/recentProjectsHome.js","type":"normal"},"readAccess":[{"leftVar":[{"id":208374,"declaredName":"t","declaredLoc":{"line":119,"column":12},"file":"/pages/recentProjectsHome/recentProjectsHome.js","type":"normal"}],"readFlow":[{"type":"assign to","from":{"name":"this","loc":{"line":119,"column":16},"id":208375,"file":"D:\\WORK\\2022\\论文相关\\TOSEM\\MiniApp-review\\flow-baseline\\datasetPopular\\PPP有例\\__APP__/pages/recentProjectsHome/recentProjectsHome.js"},"to":{"name":"t","loc":{"line":119,"column":12},"id":208374,"file":"D:\\WORK\\2022\\论文相关\\TOSEM\\MiniApp-review\\flow-baseline\\datasetPopular\\PPP有例\\__APP__/pages/recentProjectsHome/recentProjectsHome.js"}}]},{"leftVar":[{"id":208544,"declaredName":"t","declaredLoc":{"line":150,"column":12},"file":"/pages/recentProjectsHome/recentProjectsHome.js","type":"normal"}],"readFlow":[{"type":"assign to","from":{"name":"this","loc":{"line":150,"column":16},"id":208545,"file":"D:\\WORK\\2022\\论文相关\\TOSEM\\MiniApp-review\\flow-baseline\\datasetPopular\\PPP有例\\__APP__/pages/recentProjectsHome/recentProjectsHome.js"},"to":{"name":"t","loc":{"line":150,"column":12},"id":208544,"file":"D:\\WORK\\2022\\论文相关\\TOSEM\\MiniApp-review\\flow-baseline\\datasetPopular\\PPP有例\\__APP__/pages/recentProjectsHome/recentProjectsHome.js"}}]},{"leftVar":[{"id":208577,"declaredName":"t","declaredLoc":{"line":157,"column":12},"file":"/pages/recentProjectsHome/recentProjectsHome.js","type":"normal"}],"readFlow":[{"type":"assign to","from":{"name":"this","loc":{"line":157,"column":16},"id":208578,"file":"D:\\WORK\\2022\\论文相关\\TOSEM\\MiniApp-review\\flow-baseline\\datasetPopular\\PPP有例\\__APP__/pages/recentProjectsHome/recentProjectsHome.js"},"to":{"name":"t","loc":{"line":157,"column":12},"id":208577,"file":"D:\\WORK\\2022\\论文相关\\TOSEM\\MiniApp-review\\flow-baseline\\datasetPopular\\PPP有例\\__APP__/pages/recentProjectsHome/recentProjectsHome.js"}}]},{"leftVar":[{"id":208827,"declaredName":"t","declaredLoc":{"line":202,"column":12},"file":"/pages/recentProjectsHome/recentProjectsHome.js","type":"normal"}],"readFlow":[{"type":"assign to","from":{"name":"this","loc":{"line":202,"column":16},"id":208828,"file":"D:\\WORK\\2022\\论文相关\\TOSEM\\MiniApp-review\\flow-baseline\\datasetPopular\\PPP有例\\__APP__/pages/recentProjectsHome/recentProjectsHome.js"},"to":{"name":"t","loc":{"line":202,"column":12},"id":208827,"file":"D:\\WORK\\2022\\论文相关\\TOSEM\\MiniApp-review\\flow-baseline\\datasetPopular\\PPP有例\\__APP__/pages/recentProjectsHome/recentProjectsHome.js"}}]},{"leftVar":[{"id":209504,"declaredName":"t","declaredLoc":{"line":299,"column":12},"file":"/pages/recentProjectsHome/recentProjectsHome.js","type":"normal"}],"readFlow":[{"type":"assign to","from":{"name":"this","loc":{"line":299,"column":16},"id":209505,"file":"D:\\WORK\\2022\\论文相关\\TOSEM\\MiniApp-review\\flow-baseline\\datasetPopular\\PPP有例\\__APP__/pages/recentProjectsHome/recentProjectsHome.js"},"to":{"name":"t","loc":{"line":299,"column":12},"id":209504,"file":"D:\\WORK\\2022\\论文相关\\TOSEM\\MiniApp-review\\flow-baseline\\datasetPopular\\PPP有例\\__APP__/pages/recentProjectsHome/recentProjectsHome.js"}}]},{"leftVar":[{"id":210286,"declaredName":"t","declaredLoc":{"line":418,"column":12},"file":"/pages/recentProjectsHome/recentProjectsHome.js","type":"normal"}],"readFlow":[{"type":"assign to","from":{"name":"this","loc":{"line":418,"column":16},"id":210287,"file":"D:\\WORK\\2022\\论文相关\\TOSEM\\MiniApp-review\\flow-baseline\\datasetPopular\\PPP有例\\__APP__/pages/recentProjectsHome/recentProjectsHome.js"},"to":{"name":"t","loc":{"line":418,"column":12},"id":210286,"file":"D:\\WORK\\2022\\论文相关\\TOSEM\\MiniApp-review\\flow-baseline\\datasetPopular\\PPP有例\\__APP__/pages/recentProjectsHome/recentProjectsHome.js"}}]},{"leftVar":[{"id":210479,"declaredName":"i","declaredLoc":{"line":430,"column":12},"file":"/pages/recentProjectsHome/recentProjectsHome.js","type":"normal"}],"readFlow":[{"type":"assign to","from":{"name":"this","loc":{"line":430,"column":16},"id":210480,"file":"D:\\WORK\\2022\\论文相关\\TOSEM\\MiniApp-review\\flow-baseline\\datasetPopular\\PPP有例\\__APP__/pages/recentProjectsHome/recentProjectsHome.js"},"to":{"name":"i","loc":{"line":430,"column":12},"id":210479,"file":"D:\\WORK\\2022\\论文相关\\TOSEM\\MiniApp-review\\flow-baseline\\datasetPopular\\PPP有例\\__APP__/pages/recentProjectsHome/recentProjectsHome.js"}}]},{"leftVar":[{"id":212460,"declaredName":"e","declaredLoc":{"line":678,"column":12},"file":"/pages/recentProjectsHome/recentProjectsHome.js","type":"normal"}],"readFlow":[{"type":"assign to","from":{"name":"this","loc":{"line":678,"column":16},"id":212461,"file":"D:\\WORK\\2022\\论文相关\\TOSEM\\MiniApp-review\\flow-baseline\\datasetPopular\\PPP有例\\__APP__/pages/recentProjectsHome/recentProjectsHome.js"},"to":{"name":"e","loc":{"line":678,"column":12},"id":212460,"file":"D:\\WORK\\2022\\论文相关\\TOSEM\\MiniApp-review\\flow-baseline\\datasetPopular\\PPP有例\\__APP__/pages/recentProjectsHome/recentProjectsHome.js"}}]},{"leftVar":[{"id":212701,"declaredName":"e","declaredLoc":{"line":729,"column":12},"file":"/pages/recentProjectsHome/recentProjectsHome.js","type":"normal"}],"readFlow":[{"type":"assign to","from":{"name":"this","loc":{"line":729,"column":16},"id":212702,"file":"D:\\WORK\\2022\\论文相关\\TOSEM\\MiniApp-review\\flow-baseline\\datasetPopular\\PPP有例\\__APP__/pages/recentProjectsHome/recentProjectsHome.js"},"to":{"name":"e","loc":{"line":729,"column":12},"id":212701,"file":"D:\\WORK\\2022\\论文相关\\TOSEM\\MiniApp-review\\flow-baseline\\datasetPopular\\PPP有例\\__APP__/pages/recentProjectsHome/recentProjectsHome.js"}}]},{"leftVar":[{"id":212974,"declaredName":"e","declaredLoc":{"line":774,"column":12},"file":"/pages/recentProjectsHome/recentProjectsHome.js","type":"normal"}],"readFlow":[{"type":"assign to","from":{"name":"this","loc":{"line":774,"column":16},"id":212975,"file":"D:\\WORK\\2022\\论文相关\\TOSEM\\MiniApp-review\\flow-baseline\\datasetPopular\\PPP有例\\__APP__/pages/recentProjectsHome/recentProjectsHome.js"},"to":{"name":"e","loc":{"line":774,"column":12},"id":212974,"file":"D:\\WORK\\2022\\论文相关\\TOSEM\\MiniApp-review\\flow-baseline\\datasetPopular\\PPP有例\\__APP__/pages/recentProjectsHome/recentProjectsHome.js"}}]},{"leftVar":[{"id":213213,"declaredName":"t","declaredLoc":{"line":795,"column":12},"file":"/pages/recentProjectsHome/recentProjectsHome.js","type":"normal"}],"readFlow":[{"type":"assign to","from":{"name":"this","loc":{"line":795,"column":16},"id":213214,"file":"D:\\WORK\\2022\\论文相关\\TOSEM\\MiniApp-review\\flow-baseline\\datasetPopular\\PPP有例\\__APP__/pages/recentProjectsHome/recentProjectsHome.js"},"to":{"name":"t","loc":{"line":795,"column":12},"id":213213,"file":"D:\\WORK\\2022\\论文相关\\TOSEM\\MiniApp-review\\flow-baseline\\datasetPopular\\PPP有例\\__APP__/pages/recentProjectsHome/recentProjectsHome.js"}}]},{"leftVar":[{"id":214201,"declaredName":"e","declaredLoc":{"line":938,"column":12},"file":"/pages/recentProjectsHome/recentProjectsHome.js","type":"normal"}],"readFlow":[{"type":"assign to","from":{"name":"this","loc":{"line":938,"column":16},"id":214202,"file":"D:\\WORK\\2022\\论文相关\\TOSEM\\MiniApp-review\\flow-baseline\\datasetPopular\\PPP有例\\__APP__/pages/recentProjectsHome/recentProjectsHome.js"},"to":{"name":"e","loc":{"line":938,"column":12},"id":214201,"file":"D:\\WORK\\2022\\论文相关\\TOSEM\\MiniApp-review\\flow-baseline\\datasetPopular\\PPP有例\\__APP__/pages/recentProjectsHome/recentProjectsHome.js"}}]}]}],"writeShadows":[{"shadowVar":{"id":-14031,"declaredName":"__object__15.setData","file":"/pages/recentProjectsHome/recentProjectsHome.js","type":"normal"},"writeAccess":[]}]}]}]}