{"definedData":[],"dynamicDefinedData":[{"shadowObjectVar":"__object__4","dynamicDefinedProps":[{"propName":".setData","readShadows":[{"shadowVar":{"id":-14168,"declaredName":"__object__4.setData","file":"/pages/charts/chartsDeal/chartsDeal.js","type":"normal"},"readAccess":[{"leftVar":[{"id":215816,"declaredName":"e","declaredLoc":{"line":54,"column":12},"file":"/pages/charts/chartsDeal/chartsDeal.js","type":"normal"}],"readFlow":[{"type":"assign to","from":{"name":"this","loc":{"line":54,"column":16},"id":215817,"file":"D:\\WORK\\2022\\论文相关\\TOSEM\\MiniApp-review\\flow-baseline\\datasetPopular\\PPP有例\\__APP__/pages/charts/chartsDeal/chartsDeal.js"},"to":{"name":"e","loc":{"line":54,"column":12},"id":215816,"file":"D:\\WORK\\2022\\论文相关\\TOSEM\\MiniApp-review\\flow-baseline\\datasetPopular\\PPP有例\\__APP__/pages/charts/chartsDeal/chartsDeal.js"}}]},{"leftVar":[{"id":216400,"declaredName":"n","declaredLoc":{"line":185,"column":12},"file":"/pages/charts/chartsDeal/chartsDeal.js","type":"normal"}],"readFlow":[{"type":"assign to","from":{"name":"this","loc":{"line":185,"column":16},"id":216401,"file":"D:\\WORK\\2022\\论文相关\\TOSEM\\MiniApp-review\\flow-baseline\\datasetPopular\\PPP有例\\__APP__/pages/charts/chartsDeal/chartsDeal.js"},"to":{"name":"n","loc":{"line":185,"column":12},"id":216400,"file":"D:\\WORK\\2022\\论文相关\\TOSEM\\MiniApp-review\\flow-baseline\\datasetPopular\\PPP有例\\__APP__/pages/charts/chartsDeal/chartsDeal.js"}}]},{"leftVar":[{"id":216414,"declaredName":"o","declaredLoc":{"line":189,"column":12},"file":"/pages/charts/chartsDeal/chartsDeal.js","type":"normal"}],"readFlow":[{"type":"assign to","from":{"name":"this","loc":{"line":189,"column":16},"id":216415,"file":"D:\\WORK\\2022\\论文相关\\TOSEM\\MiniApp-review\\flow-baseline\\datasetPopular\\PPP有例\\__APP__/pages/charts/chartsDeal/chartsDeal.js"},"to":{"name":"o","loc":{"line":189,"column":12},"id":216414,"file":"D:\\WORK\\2022\\论文相关\\TOSEM\\MiniApp-review\\flow-baseline\\datasetPopular\\PPP有例\\__APP__/pages/charts/chartsDeal/chartsDeal.js"}},{"type":"read","from":{"name":"o","loc":{"line":189,"column":12},"id":216414,"file":"D:\\WORK\\2022\\论文相关\\TOSEM\\MiniApp-review\\flow-baseline\\datasetPopular\\PPP有例\\__APP__/pages/charts/chartsDeal/chartsDeal.js"},"to":{"name":"o","loc":{"line":250,"column":18},"id":216924,"file":"D:\\WORK\\2022\\论文相关\\TOSEM\\MiniApp-review\\flow-baseline\\datasetPopular\\PPP有例\\__APP__/pages/charts/chartsDeal/chartsDeal.js"}},{"type":"to callee","from":{"name":"o","loc":{"line":250,"column":18},"id":216924,"file":"D:\\WORK\\2022\\论文相关\\TOSEM\\MiniApp-review\\flow-baseline\\datasetPopular\\PPP有例\\__APP__/pages/charts/chartsDeal/chartsDeal.js"},"to":{"name":"i","loc":{"line":250,"column":16},"id":216923,"file":"D:\\WORK\\2022\\论文相关\\TOSEM\\MiniApp-review\\flow-baseline\\datasetPopular\\PPP有例\\__APP__/pages/charts/chartsDeal/chartsDeal.js"}},{"type":"read","from":{"name":"o","loc":{"line":250,"column":18},"id":216924,"file":"D:\\WORK\\2022\\论文相关\\TOSEM\\MiniApp-review\\flow-baseline\\datasetPopular\\PPP有例\\__APP__/pages/charts/chartsDeal/chartsDeal.js"},"to":{"name":"o","loc":{"line":212,"column":18},"id":216568,"file":"D:\\WORK\\2022\\论文相关\\TOSEM\\MiniApp-review\\flow-baseline\\datasetPopular\\PPP有例\\__APP__/pages/charts/chartsDeal/chartsDeal.js"}},{"type":"read","from":{"name":"o","loc":{"line":250,"column":18},"id":216924,"file":"D:\\WORK\\2022\\论文相关\\TOSEM\\MiniApp-review\\flow-baseline\\datasetPopular\\PPP有例\\__APP__/pages/charts/chartsDeal/chartsDeal.js"},"to":{"name":"n.setData","loc":{"line":201,"column":16},"id":216519,"file":"D:\\WORK\\2022\\论文相关\\TOSEM\\MiniApp-review\\flow-baseline\\datasetPopular\\PPP有例\\__APP__/pages/charts/chartsDeal/chartsDeal.js"}},{"type":"read","from":{"name":"o","loc":{"line":250,"column":18},"id":216924,"file":"D:\\WORK\\2022\\论文相关\\TOSEM\\MiniApp-review\\flow-baseline\\datasetPopular\\PPP有例\\__APP__/pages/charts/chartsDeal/chartsDeal.js"},"to":{"name":"o.setData","loc":{"line":255,"column":16},"id":217012,"file":"D:\\WORK\\2022\\论文相关\\TOSEM\\MiniApp-review\\flow-baseline\\datasetPopular\\PPP有例\\__APP__/pages/charts/chartsDeal/chartsDeal.js"}},{"type":"read","from":{"name":"n.setData","loc":{"line":201,"column":16},"id":216519,"file":"D:\\WORK\\2022\\论文相关\\TOSEM\\MiniApp-review\\flow-baseline\\datasetPopular\\PPP有例\\__APP__/pages/charts/chartsDeal/chartsDeal.js"},"to":{"name":"n.setData","loc":{"line":203,"column":20},"id":216527,"file":"D:\\WORK\\2022\\论文相关\\TOSEM\\MiniApp-review\\flow-baseline\\datasetPopular\\PPP有例\\__APP__/pages/charts/chartsDeal/chartsDeal.js"}},{"type":"to callee","from":{"name":"o","loc":{"line":212,"column":18},"id":216568,"file":"D:\\WORK\\2022\\论文相关\\TOSEM\\MiniApp-review\\flow-baseline\\datasetPopular\\PPP有例\\__APP__/pages/charts/chartsDeal/chartsDeal.js"},"to":{"name":"i","loc":{"line":212,"column":16},"id":216567,"file":"D:\\WORK\\2022\\论文相关\\TOSEM\\MiniApp-review\\flow-baseline\\datasetPopular\\PPP有例\\__APP__/pages/charts/chartsDeal/chartsDeal.js"}}]},{"leftVar":[{"id":217032,"declaredName":"t","declaredLoc":{"line":262,"column":12},"file":"/pages/charts/chartsDeal/chartsDeal.js","type":"normal"}],"readFlow":[{"type":"assign to","from":{"name":"this","loc":{"line":262,"column":16},"id":217033,"file":"D:\\WORK\\2022\\论文相关\\TOSEM\\MiniApp-review\\flow-baseline\\datasetPopular\\PPP有例\\__APP__/pages/charts/chartsDeal/chartsDeal.js"},"to":{"name":"t","loc":{"line":262,"column":12},"id":217032,"file":"D:\\WORK\\2022\\论文相关\\TOSEM\\MiniApp-review\\flow-baseline\\datasetPopular\\PPP有例\\__APP__/pages/charts/chartsDeal/chartsDeal.js"}}]}]}],"writeShadows":[{"shadowVar":{"id":-14168,"declaredName":"__object__4.setData","file":"/pages/charts/chartsDeal/chartsDeal.js","type":"normal"},"writeAccess":[]}]}]}]}