{"definedData":[],"dynamicDefinedData":[{"shadowObjectVar":"__object__4","dynamicDefinedProps":[{"propName":".setData","readShadows":[{"shadowVar":{"id":-14203,"declaredName":"__object__4.setData","file":"/pages/charts/chartsDistribute/chartsDistribute.js","type":"normal"},"readAccess":[{"leftVar":[{"id":217197,"declaredName":"e","declaredLoc":{"line":21,"column":12},"file":"/pages/charts/chartsDistribute/chartsDistribute.js","type":"normal"}],"readFlow":[{"type":"assign to","from":{"name":"this","loc":{"line":21,"column":16},"id":217198,"file":"D:\\WORK\\2022\\论文相关\\TOSEM\\MiniApp-review\\flow-baseline\\datasetPopular\\PPP有例\\__APP__/pages/charts/chartsDistribute/chartsDistribute.js"},"to":{"name":"e","loc":{"line":21,"column":12},"id":217197,"file":"D:\\WORK\\2022\\论文相关\\TOSEM\\MiniApp-review\\flow-baseline\\datasetPopular\\PPP有例\\__APP__/pages/charts/chartsDistribute/chartsDistribute.js"}}]},{"leftVar":[{"id":217285,"declaredName":"t","declaredLoc":{"line":43,"column":12},"file":"/pages/charts/chartsDistribute/chartsDistribute.js","type":"normal"}],"readFlow":[{"type":"assign to","from":{"name":"this","loc":{"line":43,"column":16},"id":217286,"file":"D:\\WORK\\2022\\论文相关\\TOSEM\\MiniApp-review\\flow-baseline\\datasetPopular\\PPP有例\\__APP__/pages/charts/chartsDistribute/chartsDistribute.js"},"to":{"name":"t","loc":{"line":43,"column":12},"id":217285,"file":"D:\\WORK\\2022\\论文相关\\TOSEM\\MiniApp-review\\flow-baseline\\datasetPopular\\PPP有例\\__APP__/pages/charts/chartsDistribute/chartsDistribute.js"}}]},{"leftVar":[{"id":217299,"declaredName":"r","declaredLoc":{"line":47,"column":12},"file":"/pages/charts/chartsDistribute/chartsDistribute.js","type":"normal"}],"readFlow":[{"type":"assign to","from":{"name":"this","loc":{"line":47,"column":16},"id":217300,"file":"D:\\WORK\\2022\\论文相关\\TOSEM\\MiniApp-review\\flow-baseline\\datasetPopular\\PPP有例\\__APP__/pages/charts/chartsDistribute/chartsDistribute.js"},"to":{"name":"r","loc":{"line":47,"column":12},"id":217299,"file":"D:\\WORK\\2022\\论文相关\\TOSEM\\MiniApp-review\\flow-baseline\\datasetPopular\\PPP有例\\__APP__/pages/charts/chartsDistribute/chartsDistribute.js"}},{"type":"read","from":{"name":"r","loc":{"line":47,"column":12},"id":217299,"file":"D:\\WORK\\2022\\论文相关\\TOSEM\\MiniApp-review\\flow-baseline\\datasetPopular\\PPP有例\\__APP__/pages/charts/chartsDistribute/chartsDistribute.js"},"to":{"name":"r","loc":{"line":101,"column":25},"id":217784,"file":"D:\\WORK\\2022\\论文相关\\TOSEM\\MiniApp-review\\flow-baseline\\datasetPopular\\PPP有例\\__APP__/pages/charts/chartsDistribute/chartsDistribute.js"}},{"type":"to callee","from":{"name":"r","loc":{"line":101,"column":25},"id":217784,"file":"D:\\WORK\\2022\\论文相关\\TOSEM\\MiniApp-review\\flow-baseline\\datasetPopular\\PPP有例\\__APP__/pages/charts/chartsDistribute/chartsDistribute.js"},"to":{"name":"r.canvas","loc":{"line":101,"column":16},"id":217781,"file":"D:\\WORK\\2022\\论文相关\\TOSEM\\MiniApp-review\\flow-baseline\\datasetPopular\\PPP有例\\__APP__/pages/charts/chartsDistribute/chartsDistribute.js"}},{"type":"read","from":{"name":"r","loc":{"line":101,"column":25},"id":217784,"file":"D:\\WORK\\2022\\论文相关\\TOSEM\\MiniApp-review\\flow-baseline\\datasetPopular\\PPP有例\\__APP__/pages/charts/chartsDistribute/chartsDistribute.js"},"to":{"name":"r","loc":{"line":69,"column":25},"id":217467,"file":"D:\\WORK\\2022\\论文相关\\TOSEM\\MiniApp-review\\flow-baseline\\datasetPopular\\PPP有例\\__APP__/pages/charts/chartsDistribute/chartsDistribute.js"}},{"type":"read","from":{"name":"r","loc":{"line":101,"column":25},"id":217784,"file":"D:\\WORK\\2022\\论文相关\\TOSEM\\MiniApp-review\\flow-baseline\\datasetPopular\\PPP有例\\__APP__/pages/charts/chartsDistribute/chartsDistribute.js"},"to":{"name":"t.setData","loc":{"line":60,"column":16},"id":217424,"file":"D:\\WORK\\2022\\论文相关\\TOSEM\\MiniApp-review\\flow-baseline\\datasetPopular\\PPP有例\\__APP__/pages/charts/chartsDistribute/chartsDistribute.js"}},{"type":"read","from":{"name":"r","loc":{"line":101,"column":25},"id":217784,"file":"D:\\WORK\\2022\\论文相关\\TOSEM\\MiniApp-review\\flow-baseline\\datasetPopular\\PPP有例\\__APP__/pages/charts/chartsDistribute/chartsDistribute.js"},"to":{"name":"r.setData","loc":{"line":98,"column":16},"id":217767,"file":"D:\\WORK\\2022\\论文相关\\TOSEM\\MiniApp-review\\flow-baseline\\datasetPopular\\PPP有例\\__APP__/pages/charts/chartsDistribute/chartsDistribute.js"}},{"type":"to callee","from":{"name":"r","loc":{"line":69,"column":25},"id":217467,"file":"D:\\WORK\\2022\\论文相关\\TOSEM\\MiniApp-review\\flow-baseline\\datasetPopular\\PPP有例\\__APP__/pages/charts/chartsDistribute/chartsDistribute.js"},"to":{"name":"r.canvas","loc":{"line":69,"column":16},"id":217464,"file":"D:\\WORK\\2022\\论文相关\\TOSEM\\MiniApp-review\\flow-baseline\\datasetPopular\\PPP有例\\__APP__/pages/charts/chartsDistribute/chartsDistribute.js"}}]}]}],"writeShadows":[{"shadowVar":{"id":-14203,"declaredName":"__object__4.setData","file":"/pages/charts/chartsDistribute/chartsDistribute.js","type":"normal"},"writeAccess":[]}]}]}]}