{"definedData":[],"dynamicDefinedData":[{"shadowObjectVar":"__object__4","dynamicDefinedProps":[{"propName":".setData","readShadows":[{"shadowVar":{"id":-14221,"declaredName":"__object__4.setData","file":"/pages/charts/chartsEarnings/chartsEarnings.js","type":"normal"},"readAccess":[{"leftVar":[{"id":218029,"declaredName":"e","declaredLoc":{"line":39,"column":12},"file":"/pages/charts/chartsEarnings/chartsEarnings.js","type":"normal"}],"readFlow":[{"type":"assign to","from":{"name":"this","loc":{"line":39,"column":16},"id":218030,"file":"D:\\WORK\\2022\\论文相关\\TOSEM\\MiniApp-review\\flow-baseline\\datasetPopular\\PPP有例\\__APP__/pages/charts/chartsEarnings/chartsEarnings.js"},"to":{"name":"e","loc":{"line":39,"column":12},"id":218029,"file":"D:\\WORK\\2022\\论文相关\\TOSEM\\MiniApp-review\\flow-baseline\\datasetPopular\\PPP有例\\__APP__/pages/charts/chartsEarnings/chartsEarnings.js"}}]},{"leftVar":[{"id":218255,"declaredName":"t","declaredLoc":{"line":84,"column":12},"file":"/pages/charts/chartsEarnings/chartsEarnings.js","type":"normal"}],"readFlow":[{"type":"assign to","from":{"name":"this","loc":{"line":84,"column":16},"id":218256,"file":"D:\\WORK\\2022\\论文相关\\TOSEM\\MiniApp-review\\flow-baseline\\datasetPopular\\PPP有例\\__APP__/pages/charts/chartsEarnings/chartsEarnings.js"},"to":{"name":"t","loc":{"line":84,"column":12},"id":218255,"file":"D:\\WORK\\2022\\论文相关\\TOSEM\\MiniApp-review\\flow-baseline\\datasetPopular\\PPP有例\\__APP__/pages/charts/chartsEarnings/chartsEarnings.js"}}]},{"leftVar":[{"id":218269,"declaredName":"r","declaredLoc":{"line":88,"column":12},"file":"/pages/charts/chartsEarnings/chartsEarnings.js","type":"normal"}],"readFlow":[{"type":"assign to","from":{"name":"this","loc":{"line":88,"column":16},"id":218270,"file":"D:\\WORK\\2022\\论文相关\\TOSEM\\MiniApp-review\\flow-baseline\\datasetPopular\\PPP有例\\__APP__/pages/charts/chartsEarnings/chartsEarnings.js"},"to":{"name":"r","loc":{"line":88,"column":12},"id":218269,"file":"D:\\WORK\\2022\\论文相关\\TOSEM\\MiniApp-review\\flow-baseline\\datasetPopular\\PPP有例\\__APP__/pages/charts/chartsEarnings/chartsEarnings.js"}},{"type":"read","from":{"name":"r","loc":{"line":88,"column":12},"id":218269,"file":"D:\\WORK\\2022\\论文相关\\TOSEM\\MiniApp-review\\flow-baseline\\datasetPopular\\PPP有例\\__APP__/pages/charts/chartsEarnings/chartsEarnings.js"},"to":{"name":"r","loc":{"line":150,"column":28},"id":218879,"file":"D:\\WORK\\2022\\论文相关\\TOSEM\\MiniApp-review\\flow-baseline\\datasetPopular\\PPP有例\\__APP__/pages/charts/chartsEarnings/chartsEarnings.js"}},{"type":"read","from":{"name":"r","loc":{"line":150,"column":28},"id":218879,"file":"D:\\WORK\\2022\\论文相关\\TOSEM\\MiniApp-review\\flow-baseline\\datasetPopular\\PPP有例\\__APP__/pages/charts/chartsEarnings/chartsEarnings.js"},"to":{"name":"r","loc":{"line":112,"column":25},"id":218436,"file":"D:\\WORK\\2022\\论文相关\\TOSEM\\MiniApp-review\\flow-baseline\\datasetPopular\\PPP有例\\__APP__/pages/charts/chartsEarnings/chartsEarnings.js"}},{"type":"read","from":{"name":"r","loc":{"line":150,"column":28},"id":218879,"file":"D:\\WORK\\2022\\论文相关\\TOSEM\\MiniApp-review\\flow-baseline\\datasetPopular\\PPP有例\\__APP__/pages/charts/chartsEarnings/chartsEarnings.js"},"to":{"name":"t.setData","loc":{"line":100,"column":16},"id":218380,"file":"D:\\WORK\\2022\\论文相关\\TOSEM\\MiniApp-review\\flow-baseline\\datasetPopular\\PPP有例\\__APP__/pages/charts/chartsEarnings/chartsEarnings.js"}},{"type":"read","from":{"name":"r","loc":{"line":150,"column":28},"id":218879,"file":"D:\\WORK\\2022\\论文相关\\TOSEM\\MiniApp-review\\flow-baseline\\datasetPopular\\PPP有例\\__APP__/pages/charts/chartsEarnings/chartsEarnings.js"},"to":{"name":"r.setData","loc":{"line":155,"column":16},"id":218976,"file":"D:\\WORK\\2022\\论文相关\\TOSEM\\MiniApp-review\\flow-baseline\\datasetPopular\\PPP有例\\__APP__/pages/charts/chartsEarnings/chartsEarnings.js"}},{"type":"read","from":{"name":"t.setData","loc":{"line":100,"column":16},"id":218380,"file":"D:\\WORK\\2022\\论文相关\\TOSEM\\MiniApp-review\\flow-baseline\\datasetPopular\\PPP有例\\__APP__/pages/charts/chartsEarnings/chartsEarnings.js"},"to":{"name":"r.setData","loc":{"line":102,"column":20},"id":218388,"file":"D:\\WORK\\2022\\论文相关\\TOSEM\\MiniApp-review\\flow-baseline\\datasetPopular\\PPP有例\\__APP__/pages/charts/chartsEarnings/chartsEarnings.js"}},{"type":"to callee","from":{"name":"r","loc":{"line":112,"column":25},"id":218436,"file":"D:\\WORK\\2022\\论文相关\\TOSEM\\MiniApp-review\\flow-baseline\\datasetPopular\\PPP有例\\__APP__/pages/charts/chartsEarnings/chartsEarnings.js"},"to":{"name":"r.canvas","loc":{"line":112,"column":16},"id":218433,"file":"D:\\WORK\\2022\\论文相关\\TOSEM\\MiniApp-review\\flow-baseline\\datasetPopular\\PPP有例\\__APP__/pages/charts/chartsEarnings/chartsEarnings.js"}}]}]}],"writeShadows":[{"shadowVar":{"id":-14221,"declaredName":"__object__4.setData","file":"/pages/charts/chartsEarnings/chartsEarnings.js","type":"normal"},"writeAccess":[]}]}]}]}