{"definedData":[],"dynamicDefinedData":[{"shadowObjectVar":"__object__3","dynamicDefinedProps":[{"propName":".setData","readShadows":[{"shadowVar":{"id":-14246,"declaredName":"__object__3.setData","file":"/pages/charts/chartsOccupancy/chartsOccupancy.js","type":"normal"},"readAccess":[{"leftVar":[{"id":219263,"declaredName":"t","declaredLoc":{"line":30,"column":12},"file":"/pages/charts/chartsOccupancy/chartsOccupancy.js","type":"normal"}],"readFlow":[{"type":"assign to","from":{"name":"this","loc":{"line":30,"column":16},"id":219264,"file":"D:\\WORK\\2022\\论文相关\\TOSEM\\MiniApp-review\\flow-baseline\\datasetPopular\\PPP有例\\__APP__/pages/charts/chartsOccupancy/chartsOccupancy.js"},"to":{"name":"t","loc":{"line":30,"column":12},"id":219263,"file":"D:\\WORK\\2022\\论文相关\\TOSEM\\MiniApp-review\\flow-baseline\\datasetPopular\\PPP有例\\__APP__/pages/charts/chartsOccupancy/chartsOccupancy.js"}}]},{"leftVar":[{"id":219621,"declaredName":"h","declaredLoc":{"line":87,"column":118},"file":"/pages/charts/chartsOccupancy/chartsOccupancy.js","type":"normal"}],"readFlow":[{"type":"assign to","from":{"name":"this","loc":{"line":87,"column":122},"id":219622,"file":"D:\\WORK\\2022\\论文相关\\TOSEM\\MiniApp-review\\flow-baseline\\datasetPopular\\PPP有例\\__APP__/pages/charts/chartsOccupancy/chartsOccupancy.js"},"to":{"name":"h","loc":{"line":87,"column":118},"id":219621,"file":"D:\\WORK\\2022\\论文相关\\TOSEM\\MiniApp-review\\flow-baseline\\datasetPopular\\PPP有例\\__APP__/pages/charts/chartsOccupancy/chartsOccupancy.js"}}]},{"leftVar":[{"id":219374,"declaredName":"t","declaredLoc":{"line":56,"column":12},"file":"/pages/charts/chartsOccupancy/chartsOccupancy.js","type":"normal"}],"readFlow":[{"type":"assign to","from":{"name":"this","loc":{"line":56,"column":16},"id":219375,"file":"D:\\WORK\\2022\\论文相关\\TOSEM\\MiniApp-review\\flow-baseline\\datasetPopular\\PPP有例\\__APP__/pages/charts/chartsOccupancy/chartsOccupancy.js"},"to":{"name":"t","loc":{"line":56,"column":12},"id":219374,"file":"D:\\WORK\\2022\\论文相关\\TOSEM\\MiniApp-review\\flow-baseline\\datasetPopular\\PPP有例\\__APP__/pages/charts/chartsOccupancy/chartsOccupancy.js"}}]}]}],"writeShadows":[{"shadowVar":{"id":-14246,"declaredName":"__object__3.setData","file":"/pages/charts/chartsOccupancy/chartsOccupancy.js","type":"normal"},"writeAccess":[]}]}]}]}