{"definedData":[],"dynamicDefinedData":[{"shadowObjectVar":"__object__3","dynamicDefinedProps":[{"propName":".setData","readShadows":[{"shadowVar":{"id":-14268,"declaredName":"__object__3.setData","file":"/pages/company/companyCollectionList/companyCollectionList.js","type":"normal"},"readAccess":[{"leftVar":[{"id":220366,"declaredName":"e","declaredLoc":{"line":19,"column":12},"file":"/pages/company/companyCollectionList/companyCollectionList.js","type":"normal"}],"readFlow":[{"type":"assign to","from":{"name":"this","loc":{"line":19,"column":16},"id":220367,"file":"D:\\WORK\\2022\\论文相关\\TOSEM\\MiniApp-review\\flow-baseline\\datasetPopular\\PPP有例\\__APP__/pages/company/companyCollectionList/companyCollectionList.js"},"to":{"name":"e","loc":{"line":19,"column":12},"id":220366,"file":"D:\\WORK\\2022\\论文相关\\TOSEM\\MiniApp-review\\flow-baseline\\datasetPopular\\PPP有例\\__APP__/pages/company/companyCollectionList/companyCollectionList.js"}}]},{"leftVar":[{"id":220401,"declaredName":"a","declaredLoc":{"line":29,"column":12},"file":"/pages/company/companyCollectionList/companyCollectionList.js","type":"normal"}],"readFlow":[{"type":"assign to","from":{"name":"this","loc":{"line":29,"column":16},"id":220402,"file":"D:\\WORK\\2022\\论文相关\\TOSEM\\MiniApp-review\\flow-baseline\\datasetPopular\\PPP有例\\__APP__/pages/company/companyCollectionList/companyCollectionList.js"},"to":{"name":"a","loc":{"line":29,"column":12},"id":220401,"file":"D:\\WORK\\2022\\论文相关\\TOSEM\\MiniApp-review\\flow-baseline\\datasetPopular\\PPP有例\\__APP__/pages/company/companyCollectionList/companyCollectionList.js"}}]},{"leftVar":[{"id":220471,"declaredName":"e","declaredLoc":{"line":47,"column":12},"file":"/pages/company/companyCollectionList/companyCollectionList.js","type":"normal"}],"readFlow":[{"type":"assign to","from":{"name":"this","loc":{"line":47,"column":16},"id":220472,"file":"D:\\WORK\\2022\\论文相关\\TOSEM\\MiniApp-review\\flow-baseline\\datasetPopular\\PPP有例\\__APP__/pages/company/companyCollectionList/companyCollectionList.js"},"to":{"name":"e","loc":{"line":47,"column":12},"id":220471,"file":"D:\\WORK\\2022\\论文相关\\TOSEM\\MiniApp-review\\flow-baseline\\datasetPopular\\PPP有例\\__APP__/pages/company/companyCollectionList/companyCollectionList.js"}}]}]}],"writeShadows":[{"shadowVar":{"id":-14268,"declaredName":"__object__3.setData","file":"/pages/company/companyCollectionList/companyCollectionList.js","type":"normal"},"writeAccess":[]}]}]}]}