{"definedData":[],"dynamicDefinedData":[{"shadowObjectVar":"__object__4","dynamicDefinedProps":[{"propName":".setData","readShadows":[{"shadowVar":{"id":-14288,"declaredName":"__object__4.setData","file":"/pages/company/companyDetails/companyDetails.js","type":"normal"},"readAccess":[{"leftVar":[{"id":220944,"declaredName":"e","declaredLoc":{"line":30,"column":12},"file":"/pages/company/companyDetails/companyDetails.js","type":"normal"}],"readFlow":[{"type":"assign to","from":{"name":"this","loc":{"line":30,"column":16},"id":220945,"file":"D:\\WORK\\2022\\论文相关\\TOSEM\\MiniApp-review\\flow-baseline\\datasetPopular\\PPP有例\\__APP__/pages/company/companyDetails/companyDetails.js"},"to":{"name":"e","loc":{"line":30,"column":12},"id":220944,"file":"D:\\WORK\\2022\\论文相关\\TOSEM\\MiniApp-review\\flow-baseline\\datasetPopular\\PPP有例\\__APP__/pages/company/companyDetails/companyDetails.js"}}]},{"leftVar":[{"id":220967,"declaredName":"e","declaredLoc":{"line":34,"column":12},"file":"/pages/company/companyDetails/companyDetails.js","type":"normal"}],"readFlow":[{"type":"assign to","from":{"name":"this","loc":{"line":34,"column":16},"id":220968,"file":"D:\\WORK\\2022\\论文相关\\TOSEM\\MiniApp-review\\flow-baseline\\datasetPopular\\PPP有例\\__APP__/pages/company/companyDetails/companyDetails.js"},"to":{"name":"e","loc":{"line":34,"column":12},"id":220967,"file":"D:\\WORK\\2022\\论文相关\\TOSEM\\MiniApp-review\\flow-baseline\\datasetPopular\\PPP有例\\__APP__/pages/company/companyDetails/companyDetails.js"}}]},{"leftVar":[{"id":221771,"declaredName":"e","declaredLoc":{"line":139,"column":12},"file":"/pages/company/companyDetails/companyDetails.js","type":"normal"}],"readFlow":[{"type":"assign to","from":{"name":"this","loc":{"line":139,"column":16},"id":221772,"file":"D:\\WORK\\2022\\论文相关\\TOSEM\\MiniApp-review\\flow-baseline\\datasetPopular\\PPP有例\\__APP__/pages/company/companyDetails/companyDetails.js"},"to":{"name":"e","loc":{"line":139,"column":12},"id":221771,"file":"D:\\WORK\\2022\\论文相关\\TOSEM\\MiniApp-review\\flow-baseline\\datasetPopular\\PPP有例\\__APP__/pages/company/companyDetails/companyDetails.js"}}]},{"leftVar":[{"id":221980,"declaredName":"e","declaredLoc":{"line":157,"column":12},"file":"/pages/company/companyDetails/companyDetails.js","type":"normal"}],"readFlow":[{"type":"assign to","from":{"name":"this","loc":{"line":157,"column":16},"id":221981,"file":"D:\\WORK\\2022\\论文相关\\TOSEM\\MiniApp-review\\flow-baseline\\datasetPopular\\PPP有例\\__APP__/pages/company/companyDetails/companyDetails.js"},"to":{"name":"e","loc":{"line":157,"column":12},"id":221980,"file":"D:\\WORK\\2022\\论文相关\\TOSEM\\MiniApp-review\\flow-baseline\\datasetPopular\\PPP有例\\__APP__/pages/company/companyDetails/companyDetails.js"}}]},{"leftVar":[{"id":221983,"declaredName":"o","declaredLoc":{"line":157,"column":22},"file":"/pages/company/companyDetails/companyDetails.js","type":"normal"}],"readFlow":[{"type":"assign to","from":{"name":"this","loc":{"line":157,"column":26},"id":221984,"file":"D:\\WORK\\2022\\论文相关\\TOSEM\\MiniApp-review\\flow-baseline\\datasetPopular\\PPP有例\\__APP__/pages/company/companyDetails/companyDetails.js"},"to":{"name":"o","loc":{"line":157,"column":22},"id":221983,"file":"D:\\WORK\\2022\\论文相关\\TOSEM\\MiniApp-review\\flow-baseline\\datasetPopular\\PPP有例\\__APP__/pages/company/companyDetails/companyDetails.js"}}]},{"leftVar":[{"id":222101,"declaredName":"a","declaredLoc":{"line":176,"column":12},"file":"/pages/company/companyDetails/companyDetails.js","type":"normal"}],"readFlow":[{"type":"assign to","from":{"name":"this","loc":{"line":176,"column":16},"id":222102,"file":"D:\\WORK\\2022\\论文相关\\TOSEM\\MiniApp-review\\flow-baseline\\datasetPopular\\PPP有例\\__APP__/pages/company/companyDetails/companyDetails.js"},"to":{"name":"a","loc":{"line":176,"column":12},"id":222101,"file":"D:\\WORK\\2022\\论文相关\\TOSEM\\MiniApp-review\\flow-baseline\\datasetPopular\\PPP有例\\__APP__/pages/company/companyDetails/companyDetails.js"}}]}]}],"writeShadows":[{"shadowVar":{"id":-14288,"declaredName":"__object__4.setData","file":"/pages/company/companyDetails/companyDetails.js","type":"normal"},"writeAccess":[]}]}]}]}