{"definedData":[],"dynamicDefinedData":[{"shadowObjectVar":"__object__3","dynamicDefinedProps":[{"propName":".setData","readShadows":[{"shadowVar":{"id":-14315,"declaredName":"__object__3.setData","file":"/pages/company/companyProjectList/companyProjectList.js","type":"normal"},"readAccess":[{"leftVar":[{"id":222290,"declaredName":"t","declaredLoc":{"line":31,"column":12},"file":"/pages/company/companyProjectList/companyProjectList.js","type":"normal"}],"readFlow":[{"type":"assign to","from":{"name":"this","loc":{"line":31,"column":16},"id":222291,"file":"D:\\WORK\\2022\\论文相关\\TOSEM\\MiniApp-review\\flow-baseline\\datasetPopular\\PPP有例\\__APP__/pages/company/companyProjectList/companyProjectList.js"},"to":{"name":"t","loc":{"line":31,"column":12},"id":222290,"file":"D:\\WORK\\2022\\论文相关\\TOSEM\\MiniApp-review\\flow-baseline\\datasetPopular\\PPP有例\\__APP__/pages/company/companyProjectList/companyProjectList.js"}}]},{"leftVar":[{"id":222323,"declaredName":"a","declaredLoc":{"line":38,"column":12},"file":"/pages/company/companyProjectList/companyProjectList.js","type":"normal"}],"readFlow":[{"type":"assign to","from":{"name":"this","loc":{"line":38,"column":16},"id":222324,"file":"D:\\WORK\\2022\\论文相关\\TOSEM\\MiniApp-review\\flow-baseline\\datasetPopular\\PPP有例\\__APP__/pages/company/companyProjectList/companyProjectList.js"},"to":{"name":"a","loc":{"line":38,"column":12},"id":222323,"file":"D:\\WORK\\2022\\论文相关\\TOSEM\\MiniApp-review\\flow-baseline\\datasetPopular\\PPP有例\\__APP__/pages/company/companyProjectList/companyProjectList.js"}}]},{"leftVar":[{"id":222899,"declaredName":"t","declaredLoc":{"line":127,"column":12},"file":"/pages/company/companyProjectList/companyProjectList.js","type":"normal"}],"readFlow":[{"type":"assign to","from":{"name":"this","loc":{"line":127,"column":16},"id":222900,"file":"D:\\WORK\\2022\\论文相关\\TOSEM\\MiniApp-review\\flow-baseline\\datasetPopular\\PPP有例\\__APP__/pages/company/companyProjectList/companyProjectList.js"},"to":{"name":"t","loc":{"line":127,"column":12},"id":222899,"file":"D:\\WORK\\2022\\论文相关\\TOSEM\\MiniApp-review\\flow-baseline\\datasetPopular\\PPP有例\\__APP__/pages/company/companyProjectList/companyProjectList.js"}}]},{"leftVar":[{"id":223111,"declaredName":"t","declaredLoc":{"line":162,"column":12},"file":"/pages/company/companyProjectList/companyProjectList.js","type":"normal"}],"readFlow":[{"type":"assign to","from":{"name":"this","loc":{"line":162,"column":16},"id":223112,"file":"D:\\WORK\\2022\\论文相关\\TOSEM\\MiniApp-review\\flow-baseline\\datasetPopular\\PPP有例\\__APP__/pages/company/companyProjectList/companyProjectList.js"},"to":{"name":"t","loc":{"line":162,"column":12},"id":223111,"file":"D:\\WORK\\2022\\论文相关\\TOSEM\\MiniApp-review\\flow-baseline\\datasetPopular\\PPP有例\\__APP__/pages/company/companyProjectList/companyProjectList.js"}}]},{"leftVar":[{"id":223426,"declaredName":"o","declaredLoc":{"line":216,"column":12},"file":"/pages/company/companyProjectList/companyProjectList.js","type":"normal"}],"readFlow":[{"type":"assign to","from":{"name":"this","loc":{"line":216,"column":16},"id":223427,"file":"D:\\WORK\\2022\\论文相关\\TOSEM\\MiniApp-review\\flow-baseline\\datasetPopular\\PPP有例\\__APP__/pages/company/companyProjectList/companyProjectList.js"},"to":{"name":"o","loc":{"line":216,"column":12},"id":223426,"file":"D:\\WORK\\2022\\论文相关\\TOSEM\\MiniApp-review\\flow-baseline\\datasetPopular\\PPP有例\\__APP__/pages/company/companyProjectList/companyProjectList.js"}}]}]}],"writeShadows":[{"shadowVar":{"id":-14315,"declaredName":"__object__3.setData","file":"/pages/company/companyProjectList/companyProjectList.js","type":"normal"},"writeAccess":[]}]}]}]}