{"definedData":[],"dynamicDefinedData":[{"shadowObjectVar":"__object__7","dynamicDefinedProps":[{"propName":".setData","readShadows":[{"shadowVar":{"id":-14346,"declaredName":"__object__7.setData","file":"/pages/personalCenter/billPage/billPage.js","type":"normal"},"readAccess":[{"leftVar":[{"id":223972,"declaredName":"a","declaredLoc":{"line":21,"column":12},"file":"/pages/personalCenter/billPage/billPage.js","type":"normal"}],"readFlow":[{"type":"assign to","from":{"name":"this","loc":{"line":21,"column":16},"id":223973,"file":"D:\\WORK\\2022\\论文相关\\TOSEM\\MiniApp-review\\flow-baseline\\datasetPopular\\PPP有例\\__APP__/pages/personalCenter/billPage/billPage.js"},"to":{"name":"a","loc":{"line":21,"column":12},"id":223972,"file":"D:\\WORK\\2022\\论文相关\\TOSEM\\MiniApp-review\\flow-baseline\\datasetPopular\\PPP有例\\__APP__/pages/personalCenter/billPage/billPage.js"}}]},{"leftVar":[{"id":223975,"declaredName":"t","declaredLoc":{"line":21,"column":22},"file":"/pages/personalCenter/billPage/billPage.js","type":"normal"}],"readFlow":[{"type":"assign to","from":{"name":"this","loc":{"line":21,"column":26},"id":223976,"file":"D:\\WORK\\2022\\论文相关\\TOSEM\\MiniApp-review\\flow-baseline\\datasetPopular\\PPP有例\\__APP__/pages/personalCenter/billPage/billPage.js"},"to":{"name":"t","loc":{"line":21,"column":22},"id":223975,"file":"D:\\WORK\\2022\\论文相关\\TOSEM\\MiniApp-review\\flow-baseline\\datasetPopular\\PPP有例\\__APP__/pages/personalCenter/billPage/billPage.js"}}]}]}],"writeShadows":[{"shadowVar":{"id":-14346,"declaredName":"__object__7.setData","file":"/pages/personalCenter/billPage/billPage.js","type":"normal"},"writeAccess":[]}]}]}]}