{"definedData":[],"dynamicDefinedData":[{"shadowObjectVar":"__object__7","dynamicDefinedProps":[{"propName":".setData","readShadows":[{"shadowVar":{"id":-14359,"declaredName":"__object__7.setData","file":"/pages/personalCenter/companyInvite/companyInvite.js","type":"normal"},"readAccess":[{"leftVar":[{"id":224085,"declaredName":"i","declaredLoc":{"line":15,"column":12},"file":"/pages/personalCenter/companyInvite/companyInvite.js","type":"normal"}],"readFlow":[{"type":"assign to","from":{"name":"this","loc":{"line":15,"column":16},"id":224086,"file":"D:\\WORK\\2022\\论文相关\\TOSEM\\MiniApp-review\\flow-baseline\\datasetPopular\\PPP有例\\__APP__/pages/personalCenter/companyInvite/companyInvite.js"},"to":{"name":"i","loc":{"line":15,"column":12},"id":224085,"file":"D:\\WORK\\2022\\论文相关\\TOSEM\\MiniApp-review\\flow-baseline\\datasetPopular\\PPP有例\\__APP__/pages/personalCenter/companyInvite/companyInvite.js"}}]}]}],"writeShadows":[{"shadowVar":{"id":-14359,"declaredName":"__object__7.setData","file":"/pages/personalCenter/companyInvite/companyInvite.js","type":"normal"},"writeAccess":[]}]}]}]}