{"definedData":[],"dynamicDefinedData":[{"shadowObjectVar":"__object__5","dynamicDefinedProps":[{"propName":".setData","readShadows":[{"shadowVar":{"id":-14396,"declaredName":"__object__5.setData","file":"/pages/personalCenter/groupPay/groupPay.js","type":"normal"},"readAccess":[{"leftVar":[{"id":224439,"declaredName":"t","declaredLoc":{"line":26,"column":16},"file":"/pages/personalCenter/groupPay/groupPay.js","type":"normal"}],"readFlow":[{"type":"assign to","from":{"name":"this","loc":{"line":26,"column":20},"id":224440,"file":"D:\\WORK\\2022\\论文相关\\TOSEM\\MiniApp-review\\flow-baseline\\datasetPopular\\PPP有例\\__APP__/pages/personalCenter/groupPay/groupPay.js"},"to":{"name":"t","loc":{"line":26,"column":16},"id":224439,"file":"D:\\WORK\\2022\\论文相关\\TOSEM\\MiniApp-review\\flow-baseline\\datasetPopular\\PPP有例\\__APP__/pages/personalCenter/groupPay/groupPay.js"}}]},{"leftVar":[{"id":224427,"declaredName":"a","declaredLoc":{"line":24,"column":12},"file":"/pages/personalCenter/groupPay/groupPay.js","type":"normal"}],"readFlow":[{"type":"assign to","from":{"name":"this","loc":{"line":24,"column":16},"id":224428,"file":"D:\\WORK\\2022\\论文相关\\TOSEM\\MiniApp-review\\flow-baseline\\datasetPopular\\PPP有例\\__APP__/pages/personalCenter/groupPay/groupPay.js"},"to":{"name":"a","loc":{"line":24,"column":12},"id":224427,"file":"D:\\WORK\\2022\\论文相关\\TOSEM\\MiniApp-review\\flow-baseline\\datasetPopular\\PPP有例\\__APP__/pages/personalCenter/groupPay/groupPay.js"}}]},{"leftVar":[{"id":224540,"declaredName":"a","declaredLoc":{"line":44,"column":12},"file":"/pages/personalCenter/groupPay/groupPay.js","type":"normal"}],"readFlow":[{"type":"assign to","from":{"name":"this","loc":{"line":44,"column":16},"id":224541,"file":"D:\\WORK\\2022\\论文相关\\TOSEM\\MiniApp-review\\flow-baseline\\datasetPopular\\PPP有例\\__APP__/pages/personalCenter/groupPay/groupPay.js"},"to":{"name":"a","loc":{"line":44,"column":12},"id":224540,"file":"D:\\WORK\\2022\\论文相关\\TOSEM\\MiniApp-review\\flow-baseline\\datasetPopular\\PPP有例\\__APP__/pages/personalCenter/groupPay/groupPay.js"}}]},{"leftVar":[{"id":224767,"declaredName":"t","declaredLoc":{"line":79,"column":12},"file":"/pages/personalCenter/groupPay/groupPay.js","type":"normal"}],"readFlow":[{"type":"assign to","from":{"name":"this","loc":{"line":79,"column":16},"id":224768,"file":"D:\\WORK\\2022\\论文相关\\TOSEM\\MiniApp-review\\flow-baseline\\datasetPopular\\PPP有例\\__APP__/pages/personalCenter/groupPay/groupPay.js"},"to":{"name":"t","loc":{"line":79,"column":12},"id":224767,"file":"D:\\WORK\\2022\\论文相关\\TOSEM\\MiniApp-review\\flow-baseline\\datasetPopular\\PPP有例\\__APP__/pages/personalCenter/groupPay/groupPay.js"}}]},{"leftVar":[{"id":225098,"declaredName":"t","declaredLoc":{"line":141,"column":12},"file":"/pages/personalCenter/groupPay/groupPay.js","type":"normal"}],"readFlow":[{"type":"assign to","from":{"name":"this","loc":{"line":141,"column":16},"id":225099,"file":"D:\\WORK\\2022\\论文相关\\TOSEM\\MiniApp-review\\flow-baseline\\datasetPopular\\PPP有例\\__APP__/pages/personalCenter/groupPay/groupPay.js"},"to":{"name":"t","loc":{"line":141,"column":12},"id":225098,"file":"D:\\WORK\\2022\\论文相关\\TOSEM\\MiniApp-review\\flow-baseline\\datasetPopular\\PPP有例\\__APP__/pages/personalCenter/groupPay/groupPay.js"}}]},{"leftVar":[{"id":225347,"declaredName":"a","declaredLoc":{"line":193,"column":12},"file":"/pages/personalCenter/groupPay/groupPay.js","type":"normal"}],"readFlow":[{"type":"assign to","from":{"name":"this","loc":{"line":193,"column":16},"id":225348,"file":"D:\\WORK\\2022\\论文相关\\TOSEM\\MiniApp-review\\flow-baseline\\datasetPopular\\PPP有例\\__APP__/pages/personalCenter/groupPay/groupPay.js"},"to":{"name":"a","loc":{"line":193,"column":12},"id":225347,"file":"D:\\WORK\\2022\\论文相关\\TOSEM\\MiniApp-review\\flow-baseline\\datasetPopular\\PPP有例\\__APP__/pages/personalCenter/groupPay/groupPay.js"}}]},{"leftVar":[{"id":225350,"declaredName":"t","declaredLoc":{"line":193,"column":22},"file":"/pages/personalCenter/groupPay/groupPay.js","type":"normal"}],"readFlow":[{"type":"assign to","from":{"name":"this","loc":{"line":193,"column":26},"id":225351,"file":"D:\\WORK\\2022\\论文相关\\TOSEM\\MiniApp-review\\flow-baseline\\datasetPopular\\PPP有例\\__APP__/pages/personalCenter/groupPay/groupPay.js"},"to":{"name":"t","loc":{"line":193,"column":22},"id":225350,"file":"D:\\WORK\\2022\\论文相关\\TOSEM\\MiniApp-review\\flow-baseline\\datasetPopular\\PPP有例\\__APP__/pages/personalCenter/groupPay/groupPay.js"}}]}]}],"writeShadows":[{"shadowVar":{"id":-14396,"declaredName":"__object__5.setData","file":"/pages/personalCenter/groupPay/groupPay.js","type":"normal"},"writeAccess":[]}]}]}]}