{"definedData":[],"dynamicDefinedData":[{"shadowObjectVar":"__object__7","dynamicDefinedProps":[{"propName":".setData","readShadows":[{"shadowVar":{"id":-14439,"declaredName":"__object__7.setData","file":"/pages/personalCenter/invoicePage/invoicePage.js","type":"normal"},"readAccess":[{"leftVar":[{"id":225588,"declaredName":"t","declaredLoc":{"line":30,"column":12},"file":"/pages/personalCenter/invoicePage/invoicePage.js","type":"normal"}],"readFlow":[{"type":"assign to","from":{"name":"this","loc":{"line":30,"column":16},"id":225589,"file":"D:\\WORK\\2022\\论文相关\\TOSEM\\MiniApp-review\\flow-baseline\\datasetPopular\\PPP有例\\__APP__/pages/personalCenter/invoicePage/invoicePage.js"},"to":{"name":"t","loc":{"line":30,"column":12},"id":225588,"file":"D:\\WORK\\2022\\论文相关\\TOSEM\\MiniApp-review\\flow-baseline\\datasetPopular\\PPP有例\\__APP__/pages/personalCenter/invoicePage/invoicePage.js"}}]},{"leftVar":[{"id":225694,"declaredName":"a","declaredLoc":{"line":45,"column":12},"file":"/pages/personalCenter/invoicePage/invoicePage.js","type":"normal"}],"readFlow":[{"type":"assign to","from":{"name":"this","loc":{"line":45,"column":16},"id":225695,"file":"D:\\WORK\\2022\\论文相关\\TOSEM\\MiniApp-review\\flow-baseline\\datasetPopular\\PPP有例\\__APP__/pages/personalCenter/invoicePage/invoicePage.js"},"to":{"name":"a","loc":{"line":45,"column":12},"id":225694,"file":"D:\\WORK\\2022\\论文相关\\TOSEM\\MiniApp-review\\flow-baseline\\datasetPopular\\PPP有例\\__APP__/pages/personalCenter/invoicePage/invoicePage.js"}}]},{"leftVar":[{"id":225697,"declaredName":"i","declaredLoc":{"line":45,"column":22},"file":"/pages/personalCenter/invoicePage/invoicePage.js","type":"normal"}],"readFlow":[{"type":"assign to","from":{"name":"this","loc":{"line":45,"column":26},"id":225698,"file":"D:\\WORK\\2022\\论文相关\\TOSEM\\MiniApp-review\\flow-baseline\\datasetPopular\\PPP有例\\__APP__/pages/personalCenter/invoicePage/invoicePage.js"},"to":{"name":"i","loc":{"line":45,"column":22},"id":225697,"file":"D:\\WORK\\2022\\论文相关\\TOSEM\\MiniApp-review\\flow-baseline\\datasetPopular\\PPP有例\\__APP__/pages/personalCenter/invoicePage/invoicePage.js"}}]},{"leftVar":[{"id":225957,"declaredName":"t","declaredLoc":{"line":93,"column":12},"file":"/pages/personalCenter/invoicePage/invoicePage.js","type":"normal"}],"readFlow":[{"type":"assign to","from":{"name":"this","loc":{"line":93,"column":16},"id":225958,"file":"D:\\WORK\\2022\\论文相关\\TOSEM\\MiniApp-review\\flow-baseline\\datasetPopular\\PPP有例\\__APP__/pages/personalCenter/invoicePage/invoicePage.js"},"to":{"name":"t","loc":{"line":93,"column":12},"id":225957,"file":"D:\\WORK\\2022\\论文相关\\TOSEM\\MiniApp-review\\flow-baseline\\datasetPopular\\PPP有例\\__APP__/pages/personalCenter/invoicePage/invoicePage.js"}}]},{"leftVar":[{"id":226096,"declaredName":"e","declaredLoc":{"line":105,"column":12},"file":"/pages/personalCenter/invoicePage/invoicePage.js","type":"normal"}],"readFlow":[{"type":"assign to","from":{"name":"this","loc":{"line":105,"column":16},"id":226097,"file":"D:\\WORK\\2022\\论文相关\\TOSEM\\MiniApp-review\\flow-baseline\\datasetPopular\\PPP有例\\__APP__/pages/personalCenter/invoicePage/invoicePage.js"},"to":{"name":"e","loc":{"line":105,"column":12},"id":226096,"file":"D:\\WORK\\2022\\论文相关\\TOSEM\\MiniApp-review\\flow-baseline\\datasetPopular\\PPP有例\\__APP__/pages/personalCenter/invoicePage/invoicePage.js"}}]}]}],"writeShadows":[{"shadowVar":{"id":-14439,"declaredName":"__object__7.setData","file":"/pages/personalCenter/invoicePage/invoicePage.js","type":"normal"},"writeAccess":[]}]}]}]}