{"definedData":[],"dynamicDefinedData":[{"shadowObjectVar":"__object__7","dynamicDefinedProps":[{"propName":".setData","readShadows":[{"shadowVar":{"id":-14461,"declaredName":"__object__7.setData","file":"/pages/personalCenter/invoicetypePage/invoicetypePage.js","type":"normal"},"readAccess":[{"leftVar":[{"id":226499,"declaredName":"i","declaredLoc":{"line":33,"column":12},"file":"/pages/personalCenter/invoicetypePage/invoicetypePage.js","type":"normal"}],"readFlow":[{"type":"assign to","from":{"name":"this","loc":{"line":33,"column":16},"id":226500,"file":"D:\\WORK\\2022\\论文相关\\TOSEM\\MiniApp-review\\flow-baseline\\datasetPopular\\PPP有例\\__APP__/pages/personalCenter/invoicetypePage/invoicetypePage.js"},"to":{"name":"i","loc":{"line":33,"column":12},"id":226499,"file":"D:\\WORK\\2022\\论文相关\\TOSEM\\MiniApp-review\\flow-baseline\\datasetPopular\\PPP有例\\__APP__/pages/personalCenter/invoicetypePage/invoicetypePage.js"}}]}]}],"writeShadows":[{"shadowVar":{"id":-14461,"declaredName":"__object__7.setData","file":"/pages/personalCenter/invoicetypePage/invoicetypePage.js","type":"normal"},"writeAccess":[]}]}]}]}