{"definedData":[],"dynamicDefinedData":[{"shadowObjectVar":"__object__19","dynamicDefinedProps":[{"propName":".setData","readShadows":[{"shadowVar":{"id":-14486,"declaredName":"__object__19.setData","file":"/pages/personalCenter/personalPage/personalPage.js","type":"normal"},"readAccess":[{"leftVar":[{"id":227245,"declaredName":"n","declaredLoc":{"line":52,"column":12},"file":"/pages/personalCenter/personalPage/personalPage.js","type":"normal"}],"readFlow":[{"type":"assign to","from":{"name":"this","loc":{"line":52,"column":16},"id":227246,"file":"D:\\WORK\\2022\\论文相关\\TOSEM\\MiniApp-review\\flow-baseline\\datasetPopular\\PPP有例\\__APP__/pages/personalCenter/personalPage/personalPage.js"},"to":{"name":"n","loc":{"line":52,"column":12},"id":227245,"file":"D:\\WORK\\2022\\论文相关\\TOSEM\\MiniApp-review\\flow-baseline\\datasetPopular\\PPP有例\\__APP__/pages/personalCenter/personalPage/personalPage.js"}},{"type":"read","from":{"name":"n","loc":{"line":52,"column":12},"id":227245,"file":"D:\\WORK\\2022\\论文相关\\TOSEM\\MiniApp-review\\flow-baseline\\datasetPopular\\PPP有例\\__APP__/pages/personalCenter/personalPage/personalPage.js"},"to":{"name":"n","loc":{"line":56,"column":18},"id":227274,"file":"D:\\WORK\\2022\\论文相关\\TOSEM\\MiniApp-review\\flow-baseline\\datasetPopular\\PPP有例\\__APP__/pages/personalCenter/personalPage/personalPage.js"}},{"type":"to callee","from":{"name":"n","loc":{"line":56,"column":18},"id":227274,"file":"D:\\WORK\\2022\\论文相关\\TOSEM\\MiniApp-review\\flow-baseline\\datasetPopular\\PPP有例\\__APP__/pages/personalCenter/personalPage/personalPage.js"},"to":{"name":"e","loc":{"line":56,"column":16},"id":227273,"file":"D:\\WORK\\2022\\论文相关\\TOSEM\\MiniApp-review\\flow-baseline\\datasetPopular\\PPP有例\\__APP__/pages/personalCenter/personalPage/personalPage.js"}}]},{"leftVar":[{"id":227366,"declaredName":"e","declaredLoc":{"line":81,"column":12},"file":"/pages/personalCenter/personalPage/personalPage.js","type":"normal"}],"readFlow":[{"type":"assign to","from":{"name":"this","loc":{"line":81,"column":16},"id":227367,"file":"D:\\WORK\\2022\\论文相关\\TOSEM\\MiniApp-review\\flow-baseline\\datasetPopular\\PPP有例\\__APP__/pages/personalCenter/personalPage/personalPage.js"},"to":{"name":"e","loc":{"line":81,"column":12},"id":227366,"file":"D:\\WORK\\2022\\论文相关\\TOSEM\\MiniApp-review\\flow-baseline\\datasetPopular\\PPP有例\\__APP__/pages/personalCenter/personalPage/personalPage.js"}}]},{"leftVar":[{"id":227369,"declaredName":"a","declaredLoc":{"line":81,"column":22},"file":"/pages/personalCenter/personalPage/personalPage.js","type":"normal"}],"readFlow":[{"type":"assign to","from":{"name":"this","loc":{"line":81,"column":26},"id":227370,"file":"D:\\WORK\\2022\\论文相关\\TOSEM\\MiniApp-review\\flow-baseline\\datasetPopular\\PPP有例\\__APP__/pages/personalCenter/personalPage/personalPage.js"},"to":{"name":"a","loc":{"line":81,"column":22},"id":227369,"file":"D:\\WORK\\2022\\论文相关\\TOSEM\\MiniApp-review\\flow-baseline\\datasetPopular\\PPP有例\\__APP__/pages/personalCenter/personalPage/personalPage.js"}}]}]}],"writeShadows":[{"shadowVar":{"id":-14486,"declaredName":"__object__19.setData","file":"/pages/personalCenter/personalPage/personalPage.js","type":"normal"},"writeAccess":[]}]}]}]}