{"definedData":[],"dynamicDefinedData":[{"shadowObjectVar":"__object__7","dynamicDefinedProps":[{"propName":".setData","readShadows":[{"shadowVar":{"id":-14510,"declaredName":"__object__7.setData","file":"/pages/personalCenter/rechargePage/rechargePage.js","type":"normal"},"readAccess":[{"leftVar":[{"id":227711,"declaredName":"a","declaredLoc":{"line":34,"column":12},"file":"/pages/personalCenter/rechargePage/rechargePage.js","type":"normal"}],"readFlow":[{"type":"assign to","from":{"name":"this","loc":{"line":34,"column":16},"id":227712,"file":"D:\\WORK\\2022\\论文相关\\TOSEM\\MiniApp-review\\flow-baseline\\datasetPopular\\PPP有例\\__APP__/pages/personalCenter/rechargePage/rechargePage.js"},"to":{"name":"a","loc":{"line":34,"column":12},"id":227711,"file":"D:\\WORK\\2022\\论文相关\\TOSEM\\MiniApp-review\\flow-baseline\\datasetPopular\\PPP有例\\__APP__/pages/personalCenter/rechargePage/rechargePage.js"}}]},{"leftVar":[{"id":227742,"declaredName":"t","declaredLoc":{"line":41,"column":12},"file":"/pages/personalCenter/rechargePage/rechargePage.js","type":"normal"}],"readFlow":[{"type":"assign to","from":{"name":"this","loc":{"line":41,"column":16},"id":227743,"file":"D:\\WORK\\2022\\论文相关\\TOSEM\\MiniApp-review\\flow-baseline\\datasetPopular\\PPP有例\\__APP__/pages/personalCenter/rechargePage/rechargePage.js"},"to":{"name":"t","loc":{"line":41,"column":12},"id":227742,"file":"D:\\WORK\\2022\\论文相关\\TOSEM\\MiniApp-review\\flow-baseline\\datasetPopular\\PPP有例\\__APP__/pages/personalCenter/rechargePage/rechargePage.js"}},{"type":"read","from":{"name":"t","loc":{"line":41,"column":12},"id":227742,"file":"D:\\WORK\\2022\\论文相关\\TOSEM\\MiniApp-review\\flow-baseline\\datasetPopular\\PPP有例\\__APP__/pages/personalCenter/rechargePage/rechargePage.js"},"to":{"name":"t","loc":{"line":58,"column":44},"id":227872,"file":"D:\\WORK\\2022\\论文相关\\TOSEM\\MiniApp-review\\flow-baseline\\datasetPopular\\PPP有例\\__APP__/pages/personalCenter/rechargePage/rechargePage.js"}},{"type":"read","from":{"name":"t","loc":{"line":41,"column":12},"id":227742,"file":"D:\\WORK\\2022\\论文相关\\TOSEM\\MiniApp-review\\flow-baseline\\datasetPopular\\PPP有例\\__APP__/pages/personalCenter/rechargePage/rechargePage.js"},"to":{"name":"t","loc":{"line":66,"column":48},"id":227954,"file":"D:\\WORK\\2022\\论文相关\\TOSEM\\MiniApp-review\\flow-baseline\\datasetPopular\\PPP有例\\__APP__/pages/personalCenter/rechargePage/rechargePage.js"}},{"type":"to callee","from":{"name":"t","loc":{"line":66,"column":48},"id":227954,"file":"D:\\WORK\\2022\\论文相关\\TOSEM\\MiniApp-review\\flow-baseline\\datasetPopular\\PPP有例\\__APP__/pages/personalCenter/rechargePage/rechargePage.js"},"to":{"name":"t.timeJudge","loc":{"line":66,"column":36},"id":227951,"file":"D:\\WORK\\2022\\论文相关\\TOSEM\\MiniApp-review\\flow-baseline\\datasetPopular\\PPP有例\\__APP__/pages/personalCenter/rechargePage/rechargePage.js"}},{"type":"to callee","from":{"name":"t","loc":{"line":58,"column":44},"id":227872,"file":"D:\\WORK\\2022\\论文相关\\TOSEM\\MiniApp-review\\flow-baseline\\datasetPopular\\PPP有例\\__APP__/pages/personalCenter/rechargePage/rechargePage.js"},"to":{"name":"t.timeJudge","loc":{"line":58,"column":32},"id":227869,"file":"D:\\WORK\\2022\\论文相关\\TOSEM\\MiniApp-review\\flow-baseline\\datasetPopular\\PPP有例\\__APP__/pages/personalCenter/rechargePage/rechargePage.js"}}]},{"leftVar":[{"id":228080,"declaredName":"a","declaredLoc":{"line":92,"column":17},"file":"/pages/personalCenter/rechargePage/rechargePage.js","type":"normal"}],"readFlow":[{"type":"assign to","from":{"name":"this","loc":{"line":92,"column":21},"id":228081,"file":"D:\\WORK\\2022\\论文相关\\TOSEM\\MiniApp-review\\flow-baseline\\datasetPopular\\PPP有例\\__APP__/pages/personalCenter/rechargePage/rechargePage.js"},"to":{"name":"a","loc":{"line":92,"column":17},"id":228080,"file":"D:\\WORK\\2022\\论文相关\\TOSEM\\MiniApp-review\\flow-baseline\\datasetPopular\\PPP有例\\__APP__/pages/personalCenter/rechargePage/rechargePage.js"}}]},{"leftVar":[{"id":228220,"declaredName":"t","declaredLoc":{"line":114,"column":12},"file":"/pages/personalCenter/rechargePage/rechargePage.js","type":"normal"}],"readFlow":[{"type":"assign to","from":{"name":"this","loc":{"line":114,"column":16},"id":228221,"file":"D:\\WORK\\2022\\论文相关\\TOSEM\\MiniApp-review\\flow-baseline\\datasetPopular\\PPP有例\\__APP__/pages/personalCenter/rechargePage/rechargePage.js"},"to":{"name":"t","loc":{"line":114,"column":12},"id":228220,"file":"D:\\WORK\\2022\\论文相关\\TOSEM\\MiniApp-review\\flow-baseline\\datasetPopular\\PPP有例\\__APP__/pages/personalCenter/rechargePage/rechargePage.js"}}]},{"leftVar":[{"id":228490,"declaredName":"a","declaredLoc":{"line":162,"column":12},"file":"/pages/personalCenter/rechargePage/rechargePage.js","type":"normal"}],"readFlow":[{"type":"assign to","from":{"name":"this","loc":{"line":162,"column":16},"id":228491,"file":"D:\\WORK\\2022\\论文相关\\TOSEM\\MiniApp-review\\flow-baseline\\datasetPopular\\PPP有例\\__APP__/pages/personalCenter/rechargePage/rechargePage.js"},"to":{"name":"a","loc":{"line":162,"column":12},"id":228490,"file":"D:\\WORK\\2022\\论文相关\\TOSEM\\MiniApp-review\\flow-baseline\\datasetPopular\\PPP有例\\__APP__/pages/personalCenter/rechargePage/rechargePage.js"}}]},{"leftVar":[{"id":228616,"declaredName":"a","declaredLoc":{"line":184,"column":12},"file":"/pages/personalCenter/rechargePage/rechargePage.js","type":"normal"}],"readFlow":[{"type":"assign to","from":{"name":"this","loc":{"line":184,"column":16},"id":228617,"file":"D:\\WORK\\2022\\论文相关\\TOSEM\\MiniApp-review\\flow-baseline\\datasetPopular\\PPP有例\\__APP__/pages/personalCenter/rechargePage/rechargePage.js"},"to":{"name":"a","loc":{"line":184,"column":12},"id":228616,"file":"D:\\WORK\\2022\\论文相关\\TOSEM\\MiniApp-review\\flow-baseline\\datasetPopular\\PPP有例\\__APP__/pages/personalCenter/rechargePage/rechargePage.js"}}]}]}],"writeShadows":[{"shadowVar":{"id":-14510,"declaredName":"__object__7.setData","file":"/pages/personalCenter/rechargePage/rechargePage.js","type":"normal"},"writeAccess":[]}]}]}]}