{"definedData":[],"dynamicDefinedData":[{"shadowObjectVar":"__object__7","dynamicDefinedProps":[{"propName":".setData","readShadows":[{"shadowVar":{"id":-14581,"declaredName":"__object__7.setData","file":"/pages/personalCenter/userSet/userSet.js","type":"normal"},"readAccess":[{"leftVar":[{"id":228992,"declaredName":"n","declaredLoc":{"line":35,"column":12},"file":"/pages/personalCenter/userSet/userSet.js","type":"normal"}],"readFlow":[{"type":"assign to","from":{"name":"this","loc":{"line":35,"column":16},"id":228993,"file":"D:\\WORK\\2022\\论文相关\\TOSEM\\MiniApp-review\\flow-baseline\\datasetPopular\\PPP有例\\__APP__/pages/personalCenter/userSet/userSet.js"},"to":{"name":"n","loc":{"line":35,"column":12},"id":228992,"file":"D:\\WORK\\2022\\论文相关\\TOSEM\\MiniApp-review\\flow-baseline\\datasetPopular\\PPP有例\\__APP__/pages/personalCenter/userSet/userSet.js"}},{"type":"read","from":{"name":"n","loc":{"line":35,"column":12},"id":228992,"file":"D:\\WORK\\2022\\论文相关\\TOSEM\\MiniApp-review\\flow-baseline\\datasetPopular\\PPP有例\\__APP__/pages/personalCenter/userSet/userSet.js"},"to":{"name":"n","loc":{"line":45,"column":19},"id":229095,"file":"D:\\WORK\\2022\\论文相关\\TOSEM\\MiniApp-review\\flow-baseline\\datasetPopular\\PPP有例\\__APP__/pages/personalCenter/userSet/userSet.js"}},{"type":"to callee","from":{"name":"n","loc":{"line":45,"column":19},"id":229095,"file":"D:\\WORK\\2022\\论文相关\\TOSEM\\MiniApp-review\\flow-baseline\\datasetPopular\\PPP有例\\__APP__/pages/personalCenter/userSet/userSet.js"},"to":{"name":"n.open","loc":{"line":45,"column":12},"id":229092,"file":"D:\\WORK\\2022\\论文相关\\TOSEM\\MiniApp-review\\flow-baseline\\datasetPopular\\PPP有例\\__APP__/pages/personalCenter/userSet/userSet.js"}}]},{"leftVar":[{"id":229110,"declaredName":"e","declaredLoc":{"line":50,"column":16},"file":"/pages/personalCenter/userSet/userSet.js","type":"normal"}],"readFlow":[{"type":"assign to","from":{"name":"this","loc":{"line":50,"column":20},"id":229111,"file":"D:\\WORK\\2022\\论文相关\\TOSEM\\MiniApp-review\\flow-baseline\\datasetPopular\\PPP有例\\__APP__/pages/personalCenter/userSet/userSet.js"},"to":{"name":"e","loc":{"line":50,"column":16},"id":229110,"file":"D:\\WORK\\2022\\论文相关\\TOSEM\\MiniApp-review\\flow-baseline\\datasetPopular\\PPP有例\\__APP__/pages/personalCenter/userSet/userSet.js"}},{"type":"read","from":{"name":"e","loc":{"line":50,"column":16},"id":229110,"file":"D:\\WORK\\2022\\论文相关\\TOSEM\\MiniApp-review\\flow-baseline\\datasetPopular\\PPP有例\\__APP__/pages/personalCenter/userSet/userSet.js"},"to":{"name":"e","loc":{"line":55,"column":23},"id":229135,"file":"D:\\WORK\\2022\\论文相关\\TOSEM\\MiniApp-review\\flow-baseline\\datasetPopular\\PPP有例\\__APP__/pages/personalCenter/userSet/userSet.js"}},{"type":"to callee","from":{"name":"e","loc":{"line":55,"column":23},"id":229135,"file":"D:\\WORK\\2022\\论文相关\\TOSEM\\MiniApp-review\\flow-baseline\\datasetPopular\\PPP有例\\__APP__/pages/personalCenter/userSet/userSet.js"},"to":{"name":"e.open","loc":{"line":55,"column":16},"id":229132,"file":"D:\\WORK\\2022\\论文相关\\TOSEM\\MiniApp-review\\flow-baseline\\datasetPopular\\PPP有例\\__APP__/pages/personalCenter/userSet/userSet.js"}}]},{"leftVar":[{"id":229149,"declaredName":"e","declaredLoc":{"line":60,"column":16},"file":"/pages/personalCenter/userSet/userSet.js","type":"normal"}],"readFlow":[{"type":"assign to","from":{"name":"this","loc":{"line":60,"column":20},"id":229150,"file":"D:\\WORK\\2022\\论文相关\\TOSEM\\MiniApp-review\\flow-baseline\\datasetPopular\\PPP有例\\__APP__/pages/personalCenter/userSet/userSet.js"},"to":{"name":"e","loc":{"line":60,"column":16},"id":229149,"file":"D:\\WORK\\2022\\论文相关\\TOSEM\\MiniApp-review\\flow-baseline\\datasetPopular\\PPP有例\\__APP__/pages/personalCenter/userSet/userSet.js"}},{"type":"read","from":{"name":"e","loc":{"line":60,"column":16},"id":229149,"file":"D:\\WORK\\2022\\论文相关\\TOSEM\\MiniApp-review\\flow-baseline\\datasetPopular\\PPP有例\\__APP__/pages/personalCenter/userSet/userSet.js"},"to":{"name":"e","loc":{"line":65,"column":26},"id":229174,"file":"D:\\WORK\\2022\\论文相关\\TOSEM\\MiniApp-review\\flow-baseline\\datasetPopular\\PPP有例\\__APP__/pages/personalCenter/userSet/userSet.js"}},{"type":"to callee","from":{"name":"e","loc":{"line":65,"column":26},"id":229174,"file":"D:\\WORK\\2022\\论文相关\\TOSEM\\MiniApp-review\\flow-baseline\\datasetPopular\\PPP有例\\__APP__/pages/personalCenter/userSet/userSet.js"},"to":{"name":"e.notOpen","loc":{"line":65,"column":16},"id":229171,"file":"D:\\WORK\\2022\\论文相关\\TOSEM\\MiniApp-review\\flow-baseline\\datasetPopular\\PPP有例\\__APP__/pages/personalCenter/userSet/userSet.js"}}]},{"leftVar":[{"id":229359,"declaredName":"n","declaredLoc":{"line":93,"column":12},"file":"/pages/personalCenter/userSet/userSet.js","type":"normal"}],"readFlow":[{"type":"assign to","from":{"name":"this","loc":{"line":93,"column":16},"id":229360,"file":"D:\\WORK\\2022\\论文相关\\TOSEM\\MiniApp-review\\flow-baseline\\datasetPopular\\PPP有例\\__APP__/pages/personalCenter/userSet/userSet.js"},"to":{"name":"n","loc":{"line":93,"column":12},"id":229359,"file":"D:\\WORK\\2022\\论文相关\\TOSEM\\MiniApp-review\\flow-baseline\\datasetPopular\\PPP有例\\__APP__/pages/personalCenter/userSet/userSet.js"}},{"type":"read","from":{"name":"n","loc":{"line":93,"column":12},"id":229359,"file":"D:\\WORK\\2022\\论文相关\\TOSEM\\MiniApp-review\\flow-baseline\\datasetPopular\\PPP有例\\__APP__/pages/personalCenter/userSet/userSet.js"},"to":{"name":"n","loc":{"line":106,"column":27},"id":229439,"file":"D:\\WORK\\2022\\论文相关\\TOSEM\\MiniApp-review\\flow-baseline\\datasetPopular\\PPP有例\\__APP__/pages/personalCenter/userSet/userSet.js"}},{"type":"to callee","from":{"name":"n","loc":{"line":106,"column":27},"id":229439,"file":"D:\\WORK\\2022\\论文相关\\TOSEM\\MiniApp-review\\flow-baseline\\datasetPopular\\PPP有例\\__APP__/pages/personalCenter/userSet/userSet.js"},"to":{"name":"n.open","loc":{"line":106,"column":20},"id":229436,"file":"D:\\WORK\\2022\\论文相关\\TOSEM\\MiniApp-review\\flow-baseline\\datasetPopular\\PPP有例\\__APP__/pages/personalCenter/userSet/userSet.js"}}]},{"leftVar":[{"id":229762,"declaredName":"t","declaredLoc":{"line":160,"column":12},"file":"/pages/personalCenter/userSet/userSet.js","type":"normal"}],"readFlow":[{"type":"assign to","from":{"name":"this","loc":{"line":160,"column":16},"id":229763,"file":"D:\\WORK\\2022\\论文相关\\TOSEM\\MiniApp-review\\flow-baseline\\datasetPopular\\PPP有例\\__APP__/pages/personalCenter/userSet/userSet.js"},"to":{"name":"t","loc":{"line":160,"column":12},"id":229762,"file":"D:\\WORK\\2022\\论文相关\\TOSEM\\MiniApp-review\\flow-baseline\\datasetPopular\\PPP有例\\__APP__/pages/personalCenter/userSet/userSet.js"}},{"type":"read","from":{"name":"t","loc":{"line":160,"column":12},"id":229762,"file":"D:\\WORK\\2022\\论文相关\\TOSEM\\MiniApp-review\\flow-baseline\\datasetPopular\\PPP有例\\__APP__/pages/personalCenter/userSet/userSet.js"},"to":{"name":"t","loc":{"line":180,"column":38},"id":229883,"file":"D:\\WORK\\2022\\论文相关\\TOSEM\\MiniApp-review\\flow-baseline\\datasetPopular\\PPP有例\\__APP__/pages/personalCenter/userSet/userSet.js"}},{"type":"to callee","from":{"name":"t","loc":{"line":180,"column":38},"id":229883,"file":"D:\\WORK\\2022\\论文相关\\TOSEM\\MiniApp-review\\flow-baseline\\datasetPopular\\PPP有例\\__APP__/pages/personalCenter/userSet/userSet.js"},"to":{"name":"t.notOpen","loc":{"line":180,"column":28},"id":229880,"file":"D:\\WORK\\2022\\论文相关\\TOSEM\\MiniApp-review\\flow-baseline\\datasetPopular\\PPP有例\\__APP__/pages/personalCenter/userSet/userSet.js"}},{"type":"read","from":{"name":"t","loc":{"line":180,"column":38},"id":229883,"file":"D:\\WORK\\2022\\论文相关\\TOSEM\\MiniApp-review\\flow-baseline\\datasetPopular\\PPP有例\\__APP__/pages/personalCenter/userSet/userSet.js"},"to":{"name":"t","loc":{"line":180,"column":49},"id":229888,"file":"D:\\WORK\\2022\\论文相关\\TOSEM\\MiniApp-review\\flow-baseline\\datasetPopular\\PPP有例\\__APP__/pages/personalCenter/userSet/userSet.js"}},{"type":"to callee","from":{"name":"t","loc":{"line":180,"column":49},"id":229888,"file":"D:\\WORK\\2022\\论文相关\\TOSEM\\MiniApp-review\\flow-baseline\\datasetPopular\\PPP有例\\__APP__/pages/personalCenter/userSet/userSet.js"},"to":{"name":"t.open","loc":{"line":180,"column":42},"id":229885,"file":"D:\\WORK\\2022\\论文相关\\TOSEM\\MiniApp-review\\flow-baseline\\datasetPopular\\PPP有例\\__APP__/pages/personalCenter/userSet/userSet.js"}}]},{"leftVar":[{"id":229895,"declaredName":"t","declaredLoc":{"line":188,"column":12},"file":"/pages/personalCenter/userSet/userSet.js","type":"normal"}],"readFlow":[{"type":"assign to","from":{"name":"this","loc":{"line":188,"column":16},"id":229896,"file":"D:\\WORK\\2022\\论文相关\\TOSEM\\MiniApp-review\\flow-baseline\\datasetPopular\\PPP有例\\__APP__/pages/personalCenter/userSet/userSet.js"},"to":{"name":"t","loc":{"line":188,"column":12},"id":229895,"file":"D:\\WORK\\2022\\论文相关\\TOSEM\\MiniApp-review\\flow-baseline\\datasetPopular\\PPP有例\\__APP__/pages/personalCenter/userSet/userSet.js"}},{"type":"read","from":{"name":"t","loc":{"line":188,"column":12},"id":229895,"file":"D:\\WORK\\2022\\论文相关\\TOSEM\\MiniApp-review\\flow-baseline\\datasetPopular\\PPP有例\\__APP__/pages/personalCenter/userSet/userSet.js"},"to":{"name":"t","loc":{"line":221,"column":30},"id":230091,"file":"D:\\WORK\\2022\\论文相关\\TOSEM\\MiniApp-review\\flow-baseline\\datasetPopular\\PPP有例\\__APP__/pages/personalCenter/userSet/userSet.js"}},{"type":"to callee","from":{"name":"t","loc":{"line":221,"column":30},"id":230091,"file":"D:\\WORK\\2022\\论文相关\\TOSEM\\MiniApp-review\\flow-baseline\\datasetPopular\\PPP有例\\__APP__/pages/personalCenter/userSet/userSet.js"},"to":{"name":"t.notOpen","loc":{"line":221,"column":20},"id":230088,"file":"D:\\WORK\\2022\\论文相关\\TOSEM\\MiniApp-review\\flow-baseline\\datasetPopular\\PPP有例\\__APP__/pages/personalCenter/userSet/userSet.js"}},{"type":"read","from":{"name":"t","loc":{"line":221,"column":30},"id":230091,"file":"D:\\WORK\\2022\\论文相关\\TOSEM\\MiniApp-review\\flow-baseline\\datasetPopular\\PPP有例\\__APP__/pages/personalCenter/userSet/userSet.js"},"to":{"name":"t","loc":{"line":221,"column":41},"id":230096,"file":"D:\\WORK\\2022\\论文相关\\TOSEM\\MiniApp-review\\flow-baseline\\datasetPopular\\PPP有例\\__APP__/pages/personalCenter/userSet/userSet.js"}},{"type":"to callee","from":{"name":"t","loc":{"line":221,"column":41},"id":230096,"file":"D:\\WORK\\2022\\论文相关\\TOSEM\\MiniApp-review\\flow-baseline\\datasetPopular\\PPP有例\\__APP__/pages/personalCenter/userSet/userSet.js"},"to":{"name":"t.open","loc":{"line":221,"column":34},"id":230093,"file":"D:\\WORK\\2022\\论文相关\\TOSEM\\MiniApp-review\\flow-baseline\\datasetPopular\\PPP有例\\__APP__/pages/personalCenter/userSet/userSet.js"}}]},{"leftVar":[{"id":230316,"declaredName":"e","declaredLoc":{"line":264,"column":12},"file":"/pages/personalCenter/userSet/userSet.js","type":"normal"}],"readFlow":[{"type":"assign to","from":{"name":"this","loc":{"line":264,"column":16},"id":230317,"file":"D:\\WORK\\2022\\论文相关\\TOSEM\\MiniApp-review\\flow-baseline\\datasetPopular\\PPP有例\\__APP__/pages/personalCenter/userSet/userSet.js"},"to":{"name":"e","loc":{"line":264,"column":12},"id":230316,"file":"D:\\WORK\\2022\\论文相关\\TOSEM\\MiniApp-review\\flow-baseline\\datasetPopular\\PPP有例\\__APP__/pages/personalCenter/userSet/userSet.js"}},{"type":"read","from":{"name":"e","loc":{"line":264,"column":12},"id":230316,"file":"D:\\WORK\\2022\\论文相关\\TOSEM\\MiniApp-review\\flow-baseline\\datasetPopular\\PPP有例\\__APP__/pages/personalCenter/userSet/userSet.js"},"to":{"name":"e","loc":{"line":265,"column":18},"id":230324,"file":"D:\\WORK\\2022\\论文相关\\TOSEM\\MiniApp-review\\flow-baseline\\datasetPopular\\PPP有例\\__APP__/pages/personalCenter/userSet/userSet.js"}},{"type":"to callee","from":{"name":"e","loc":{"line":265,"column":18},"id":230324,"file":"D:\\WORK\\2022\\论文相关\\TOSEM\\MiniApp-review\\flow-baseline\\datasetPopular\\PPP有例\\__APP__/pages/personalCenter/userSet/userSet.js"},"to":{"name":"e.notOpen","loc":{"line":265,"column":8},"id":230321,"file":"D:\\WORK\\2022\\论文相关\\TOSEM\\MiniApp-review\\flow-baseline\\datasetPopular\\PPP有例\\__APP__/pages/personalCenter/userSet/userSet.js"}},{"type":"read","from":{"name":"e","loc":{"line":265,"column":18},"id":230324,"file":"D:\\WORK\\2022\\论文相关\\TOSEM\\MiniApp-review\\flow-baseline\\datasetPopular\\PPP有例\\__APP__/pages/personalCenter/userSet/userSet.js"},"to":{"name":"e","loc":{"line":265,"column":29},"id":230329,"file":"D:\\WORK\\2022\\论文相关\\TOSEM\\MiniApp-review\\flow-baseline\\datasetPopular\\PPP有例\\__APP__/pages/personalCenter/userSet/userSet.js"}},{"type":"to callee","from":{"name":"e","loc":{"line":265,"column":29},"id":230329,"file":"D:\\WORK\\2022\\论文相关\\TOSEM\\MiniApp-review\\flow-baseline\\datasetPopular\\PPP有例\\__APP__/pages/personalCenter/userSet/userSet.js"},"to":{"name":"e.open","loc":{"line":265,"column":22},"id":230326,"file":"D:\\WORK\\2022\\论文相关\\TOSEM\\MiniApp-review\\flow-baseline\\datasetPopular\\PPP有例\\__APP__/pages/personalCenter/userSet/userSet.js"}}]}]}],"writeShadows":[{"shadowVar":{"id":-14581,"declaredName":"__object__7.setData","file":"/pages/personalCenter/userSet/userSet.js","type":"normal"},"writeAccess":[]}]}]}]}