{"definedData":[],"dynamicDefinedData":[{"shadowObjectVar":"__object__5","dynamicDefinedProps":[{"propName":".setData","readShadows":[{"shadowVar":{"id":-14622,"declaredName":"__object__5.setData","file":"/pages/project/details/details.js","type":"normal"},"readAccess":[{"leftVar":[{"id":230832,"declaredName":"a","declaredLoc":{"line":41,"column":12},"file":"/pages/project/details/details.js","type":"normal"}],"readFlow":[{"type":"assign to","from":{"name":"this","loc":{"line":41,"column":16},"id":230833,"file":"D:\\WORK\\2022\\论文相关\\TOSEM\\MiniApp-review\\flow-baseline\\datasetPopular\\PPP有例\\__APP__/pages/project/details/details.js"},"to":{"name":"a","loc":{"line":41,"column":12},"id":230832,"file":"D:\\WORK\\2022\\论文相关\\TOSEM\\MiniApp-review\\flow-baseline\\datasetPopular\\PPP有例\\__APP__/pages/project/details/details.js"}}]},{"leftVar":[{"id":230886,"declaredName":"o","declaredLoc":{"line":55,"column":12},"file":"/pages/project/details/details.js","type":"normal"}],"readFlow":[{"type":"assign to","from":{"name":"this","loc":{"line":55,"column":16},"id":230887,"file":"D:\\WORK\\2022\\论文相关\\TOSEM\\MiniApp-review\\flow-baseline\\datasetPopular\\PPP有例\\__APP__/pages/project/details/details.js"},"to":{"name":"o","loc":{"line":55,"column":12},"id":230886,"file":"D:\\WORK\\2022\\论文相关\\TOSEM\\MiniApp-review\\flow-baseline\\datasetPopular\\PPP有例\\__APP__/pages/project/details/details.js"}},{"type":"read","from":{"name":"o","loc":{"line":55,"column":12},"id":230886,"file":"D:\\WORK\\2022\\论文相关\\TOSEM\\MiniApp-review\\flow-baseline\\datasetPopular\\PPP有例\\__APP__/pages/project/details/details.js"},"to":{"name":"o","loc":{"line":87,"column":62},"id":231128,"file":"D:\\WORK\\2022\\论文相关\\TOSEM\\MiniApp-review\\flow-baseline\\datasetPopular\\PPP有例\\__APP__/pages/project/details/details.js"}},{"type":"read","from":{"name":"o","loc":{"line":55,"column":12},"id":230886,"file":"D:\\WORK\\2022\\论文相关\\TOSEM\\MiniApp-review\\flow-baseline\\datasetPopular\\PPP有例\\__APP__/pages/project/details/details.js"},"to":{"name":"o","loc":{"line":93,"column":68},"id":231166,"file":"D:\\WORK\\2022\\论文相关\\TOSEM\\MiniApp-review\\flow-baseline\\datasetPopular\\PPP有例\\__APP__/pages/project/details/details.js"}},{"type":"read","from":{"name":"o","loc":{"line":55,"column":12},"id":230886,"file":"D:\\WORK\\2022\\论文相关\\TOSEM\\MiniApp-review\\flow-baseline\\datasetPopular\\PPP有例\\__APP__/pages/project/details/details.js"},"to":{"name":"o","loc":{"line":99,"column":62},"id":231204,"file":"D:\\WORK\\2022\\论文相关\\TOSEM\\MiniApp-review\\flow-baseline\\datasetPopular\\PPP有例\\__APP__/pages/project/details/details.js"}},{"type":"read","from":{"name":"o","loc":{"line":55,"column":12},"id":230886,"file":"D:\\WORK\\2022\\论文相关\\TOSEM\\MiniApp-review\\flow-baseline\\datasetPopular\\PPP有例\\__APP__/pages/project/details/details.js"},"to":{"name":"o","loc":{"line":133,"column":66},"id":231509,"file":"D:\\WORK\\2022\\论文相关\\TOSEM\\MiniApp-review\\flow-baseline\\datasetPopular\\PPP有例\\__APP__/pages/project/details/details.js"}},{"type":"read","from":{"name":"o","loc":{"line":55,"column":12},"id":230886,"file":"D:\\WORK\\2022\\论文相关\\TOSEM\\MiniApp-review\\flow-baseline\\datasetPopular\\PPP有例\\__APP__/pages/project/details/details.js"},"to":{"name":"o","loc":{"line":139,"column":72},"id":231549,"file":"D:\\WORK\\2022\\论文相关\\TOSEM\\MiniApp-review\\flow-baseline\\datasetPopular\\PPP有例\\__APP__/pages/project/details/details.js"}},{"type":"read","from":{"name":"o","loc":{"line":55,"column":12},"id":230886,"file":"D:\\WORK\\2022\\论文相关\\TOSEM\\MiniApp-review\\flow-baseline\\datasetPopular\\PPP有例\\__APP__/pages/project/details/details.js"},"to":{"name":"o","loc":{"line":145,"column":66},"id":231589,"file":"D:\\WORK\\2022\\论文相关\\TOSEM\\MiniApp-review\\flow-baseline\\datasetPopular\\PPP有例\\__APP__/pages/project/details/details.js"}},{"type":"read","from":{"name":"o","loc":{"line":55,"column":12},"id":230886,"file":"D:\\WORK\\2022\\论文相关\\TOSEM\\MiniApp-review\\flow-baseline\\datasetPopular\\PPP有例\\__APP__/pages/project/details/details.js"},"to":{"name":"o","loc":{"line":238,"column":58},"id":232897,"file":"D:\\WORK\\2022\\论文相关\\TOSEM\\MiniApp-review\\flow-baseline\\datasetPopular\\PPP有例\\__APP__/pages/project/details/details.js"}},{"type":"to callee","from":{"name":"o","loc":{"line":238,"column":58},"id":232897,"file":"D:\\WORK\\2022\\论文相关\\TOSEM\\MiniApp-review\\flow-baseline\\datasetPopular\\PPP有例\\__APP__/pages/project/details/details.js"},"to":{"name":"a.wxParse","loc":{"line":238,"column":24},"id":232891,"file":"D:\\WORK\\2022\\论文相关\\TOSEM\\MiniApp-review\\flow-baseline\\datasetPopular\\PPP有例\\__APP__/pages/project/details/details.js"}},{"type":"read","from":{"name":"o","loc":{"line":238,"column":58},"id":232897,"file":"D:\\WORK\\2022\\论文相关\\TOSEM\\MiniApp-review\\flow-baseline\\datasetPopular\\PPP有例\\__APP__/pages/project/details/details.js"},"to":{"name":"o","loc":{"line":240,"column":53},"id":232917,"file":"D:\\WORK\\2022\\论文相关\\TOSEM\\MiniApp-review\\flow-baseline\\datasetPopular\\PPP有例\\__APP__/pages/project/details/details.js"}},{"type":"to callee","from":{"name":"o","loc":{"line":240,"column":53},"id":232917,"file":"D:\\WORK\\2022\\论文相关\\TOSEM\\MiniApp-review\\flow-baseline\\datasetPopular\\PPP有例\\__APP__/pages/project/details/details.js"},"to":{"name":"a.wxParse","loc":{"line":240,"column":24},"id":232911,"file":"D:\\WORK\\2022\\论文相关\\TOSEM\\MiniApp-review\\flow-baseline\\datasetPopular\\PPP有例\\__APP__/pages/project/details/details.js"}},{"type":"read","from":{"name":"o","loc":{"line":240,"column":53},"id":232917,"file":"D:\\WORK\\2022\\论文相关\\TOSEM\\MiniApp-review\\flow-baseline\\datasetPopular\\PPP有例\\__APP__/pages/project/details/details.js"},"to":{"name":"o.setData","loc":{"line":243,"column":16},"id":232922,"file":"D:\\WORK\\2022\\论文相关\\TOSEM\\MiniApp-review\\flow-baseline\\datasetPopular\\PPP有例\\__APP__/pages/project/details/details.js"}},{"type":"read","from":{"name":"o.setData","loc":{"line":243,"column":16},"id":232922,"file":"D:\\WORK\\2022\\论文相关\\TOSEM\\MiniApp-review\\flow-baseline\\datasetPopular\\PPP有例\\__APP__/pages/project/details/details.js"},"to":{"name":"o.setData","loc":{"line":249,"column":20},"id":232998,"file":"D:\\WORK\\2022\\论文相关\\TOSEM\\MiniApp-review\\flow-baseline\\datasetPopular\\PPP有例\\__APP__/pages/project/details/details.js"}},{"type":"to callee","from":{"name":"o","loc":{"line":145,"column":66},"id":231589,"file":"D:\\WORK\\2022\\论文相关\\TOSEM\\MiniApp-review\\flow-baseline\\datasetPopular\\PPP有例\\__APP__/pages/project/details/details.js"},"to":{"name":"a.wxParse","loc":{"line":145,"column":24},"id":231583,"file":"D:\\WORK\\2022\\论文相关\\TOSEM\\MiniApp-review\\flow-baseline\\datasetPopular\\PPP有例\\__APP__/pages/project/details/details.js"}},{"type":"read","from":{"name":"o","loc":{"line":145,"column":66},"id":231589,"file":"D:\\WORK\\2022\\论文相关\\TOSEM\\MiniApp-review\\flow-baseline\\datasetPopular\\PPP有例\\__APP__/pages/project/details/details.js"},"to":{"name":"o","loc":{"line":147,"column":69},"id":231609,"file":"D:\\WORK\\2022\\论文相关\\TOSEM\\MiniApp-review\\flow-baseline\\datasetPopular\\PPP有例\\__APP__/pages/project/details/details.js"}},{"type":"to callee","from":{"name":"o","loc":{"line":147,"column":69},"id":231609,"file":"D:\\WORK\\2022\\论文相关\\TOSEM\\MiniApp-review\\flow-baseline\\datasetPopular\\PPP有例\\__APP__/pages/project/details/details.js"},"to":{"name":"a.wxParse","loc":{"line":147,"column":24},"id":231603,"file":"D:\\WORK\\2022\\论文相关\\TOSEM\\MiniApp-review\\flow-baseline\\datasetPopular\\PPP有例\\__APP__/pages/project/details/details.js"}},{"type":"to callee","from":{"name":"o","loc":{"line":139,"column":72},"id":231549,"file":"D:\\WORK\\2022\\论文相关\\TOSEM\\MiniApp-review\\flow-baseline\\datasetPopular\\PPP有例\\__APP__/pages/project/details/details.js"},"to":{"name":"a.wxParse","loc":{"line":139,"column":24},"id":231543,"file":"D:\\WORK\\2022\\论文相关\\TOSEM\\MiniApp-review\\flow-baseline\\datasetPopular\\PPP有例\\__APP__/pages/project/details/details.js"}},{"type":"to callee","from":{"name":"o","loc":{"line":133,"column":66},"id":231509,"file":"D:\\WORK\\2022\\论文相关\\TOSEM\\MiniApp-review\\flow-baseline\\datasetPopular\\PPP有例\\__APP__/pages/project/details/details.js"},"to":{"name":"a.wxParse","loc":{"line":133,"column":24},"id":231503,"file":"D:\\WORK\\2022\\论文相关\\TOSEM\\MiniApp-review\\flow-baseline\\datasetPopular\\PPP有例\\__APP__/pages/project/details/details.js"}},{"type":"to callee","from":{"name":"o","loc":{"line":99,"column":62},"id":231204,"file":"D:\\WORK\\2022\\论文相关\\TOSEM\\MiniApp-review\\flow-baseline\\datasetPopular\\PPP有例\\__APP__/pages/project/details/details.js"},"to":{"name":"a.wxParse","loc":{"line":99,"column":20},"id":231198,"file":"D:\\WORK\\2022\\论文相关\\TOSEM\\MiniApp-review\\flow-baseline\\datasetPopular\\PPP有例\\__APP__/pages/project/details/details.js"}},{"type":"read","from":{"name":"o","loc":{"line":99,"column":62},"id":231204,"file":"D:\\WORK\\2022\\论文相关\\TOSEM\\MiniApp-review\\flow-baseline\\datasetPopular\\PPP有例\\__APP__/pages/project/details/details.js"},"to":{"name":"o","loc":{"line":101,"column":65},"id":231226,"file":"D:\\WORK\\2022\\论文相关\\TOSEM\\MiniApp-review\\flow-baseline\\datasetPopular\\PPP有例\\__APP__/pages/project/details/details.js"}},{"type":"to callee","from":{"name":"o","loc":{"line":101,"column":65},"id":231226,"file":"D:\\WORK\\2022\\论文相关\\TOSEM\\MiniApp-review\\flow-baseline\\datasetPopular\\PPP有例\\__APP__/pages/project/details/details.js"},"to":{"name":"a.wxParse","loc":{"line":101,"column":20},"id":231220,"file":"D:\\WORK\\2022\\论文相关\\TOSEM\\MiniApp-review\\flow-baseline\\datasetPopular\\PPP有例\\__APP__/pages/project/details/details.js"}},{"type":"read","from":{"name":"o","loc":{"line":101,"column":65},"id":231226,"file":"D:\\WORK\\2022\\论文相关\\TOSEM\\MiniApp-review\\flow-baseline\\datasetPopular\\PPP有例\\__APP__/pages/project/details/details.js"},"to":{"name":"o","loc":{"line":104,"column":50},"id":231248,"file":"D:\\WORK\\2022\\论文相关\\TOSEM\\MiniApp-review\\flow-baseline\\datasetPopular\\PPP有例\\__APP__/pages/project/details/details.js"}},{"type":"to callee","from":{"name":"o","loc":{"line":104,"column":50},"id":231248,"file":"D:\\WORK\\2022\\论文相关\\TOSEM\\MiniApp-review\\flow-baseline\\datasetPopular\\PPP有例\\__APP__/pages/project/details/details.js"},"to":{"name":"a.wxParse","loc":{"line":104,"column":16},"id":231242,"file":"D:\\WORK\\2022\\论文相关\\TOSEM\\MiniApp-review\\flow-baseline\\datasetPopular\\PPP有例\\__APP__/pages/project/details/details.js"}},{"type":"read","from":{"name":"o","loc":{"line":104,"column":50},"id":231248,"file":"D:\\WORK\\2022\\论文相关\\TOSEM\\MiniApp-review\\flow-baseline\\datasetPopular\\PPP有例\\__APP__/pages/project/details/details.js"},"to":{"name":"o","loc":{"line":106,"column":45},"id":231270,"file":"D:\\WORK\\2022\\论文相关\\TOSEM\\MiniApp-review\\flow-baseline\\datasetPopular\\PPP有例\\__APP__/pages/project/details/details.js"}},{"type":"to callee","from":{"name":"o","loc":{"line":106,"column":45},"id":231270,"file":"D:\\WORK\\2022\\论文相关\\TOSEM\\MiniApp-review\\flow-baseline\\datasetPopular\\PPP有例\\__APP__/pages/project/details/details.js"},"to":{"name":"a.wxParse","loc":{"line":106,"column":16},"id":231264,"file":"D:\\WORK\\2022\\论文相关\\TOSEM\\MiniApp-review\\flow-baseline\\datasetPopular\\PPP有例\\__APP__/pages/project/details/details.js"}},{"type":"to callee","from":{"name":"o","loc":{"line":93,"column":68},"id":231166,"file":"D:\\WORK\\2022\\论文相关\\TOSEM\\MiniApp-review\\flow-baseline\\datasetPopular\\PPP有例\\__APP__/pages/project/details/details.js"},"to":{"name":"a.wxParse","loc":{"line":93,"column":20},"id":231160,"file":"D:\\WORK\\2022\\论文相关\\TOSEM\\MiniApp-review\\flow-baseline\\datasetPopular\\PPP有例\\__APP__/pages/project/details/details.js"}},{"type":"to callee","from":{"name":"o","loc":{"line":87,"column":62},"id":231128,"file":"D:\\WORK\\2022\\论文相关\\TOSEM\\MiniApp-review\\flow-baseline\\datasetPopular\\PPP有例\\__APP__/pages/project/details/details.js"},"to":{"name":"a.wxParse","loc":{"line":87,"column":20},"id":231122,"file":"D:\\WORK\\2022\\论文相关\\TOSEM\\MiniApp-review\\flow-baseline\\datasetPopular\\PPP有例\\__APP__/pages/project/details/details.js"}}]},{"leftVar":[{"id":233072,"declaredName":"o","declaredLoc":{"line":272,"column":12},"file":"/pages/project/details/details.js","type":"normal"}],"readFlow":[{"type":"assign to","from":{"name":"this","loc":{"line":272,"column":16},"id":233073,"file":"D:\\WORK\\2022\\论文相关\\TOSEM\\MiniApp-review\\flow-baseline\\datasetPopular\\PPP有例\\__APP__/pages/project/details/details.js"},"to":{"name":"o","loc":{"line":272,"column":12},"id":233072,"file":"D:\\WORK\\2022\\论文相关\\TOSEM\\MiniApp-review\\flow-baseline\\datasetPopular\\PPP有例\\__APP__/pages/project/details/details.js"}}]},{"leftVar":[{"id":233249,"declaredName":"a","declaredLoc":{"line":306,"column":12},"file":"/pages/project/details/details.js","type":"normal"}],"readFlow":[{"type":"assign to","from":{"name":"this","loc":{"line":306,"column":16},"id":233250,"file":"D:\\WORK\\2022\\论文相关\\TOSEM\\MiniApp-review\\flow-baseline\\datasetPopular\\PPP有例\\__APP__/pages/project/details/details.js"},"to":{"name":"a","loc":{"line":306,"column":12},"id":233249,"file":"D:\\WORK\\2022\\论文相关\\TOSEM\\MiniApp-review\\flow-baseline\\datasetPopular\\PPP有例\\__APP__/pages/project/details/details.js"}}]},{"leftVar":[{"id":233252,"declaredName":"o","declaredLoc":{"line":306,"column":22},"file":"/pages/project/details/details.js","type":"normal"}],"readFlow":[{"type":"assign to","from":{"name":"this","loc":{"line":306,"column":26},"id":233253,"file":"D:\\WORK\\2022\\论文相关\\TOSEM\\MiniApp-review\\flow-baseline\\datasetPopular\\PPP有例\\__APP__/pages/project/details/details.js"},"to":{"name":"o","loc":{"line":306,"column":22},"id":233252,"file":"D:\\WORK\\2022\\论文相关\\TOSEM\\MiniApp-review\\flow-baseline\\datasetPopular\\PPP有例\\__APP__/pages/project/details/details.js"}}]},{"leftVar":[{"id":233424,"declaredName":"e","declaredLoc":{"line":336,"column":12},"file":"/pages/project/details/details.js","type":"normal"}],"readFlow":[{"type":"assign to","from":{"name":"this","loc":{"line":336,"column":16},"id":233425,"file":"D:\\WORK\\2022\\论文相关\\TOSEM\\MiniApp-review\\flow-baseline\\datasetPopular\\PPP有例\\__APP__/pages/project/details/details.js"},"to":{"name":"e","loc":{"line":336,"column":12},"id":233424,"file":"D:\\WORK\\2022\\论文相关\\TOSEM\\MiniApp-review\\flow-baseline\\datasetPopular\\PPP有例\\__APP__/pages/project/details/details.js"}}]}]}],"writeShadows":[{"shadowVar":{"id":-14622,"declaredName":"__object__5.setData","file":"/pages/project/details/details.js","type":"normal"},"writeAccess":[]}]}]}]}