{"definedData":[],"dynamicDefinedData":[{"shadowObjectVar":"__object__3","dynamicDefinedProps":[{"propName":".setData","readShadows":[{"shadowVar":{"id":-14651,"declaredName":"__object__3.setData","file":"/pages/project/proCollectionList/proCollectionList.js","type":"normal"},"readAccess":[{"leftVar":[{"id":233551,"declaredName":"e","declaredLoc":{"line":21,"column":12},"file":"/pages/project/proCollectionList/proCollectionList.js","type":"normal"}],"readFlow":[{"type":"assign to","from":{"name":"this","loc":{"line":21,"column":16},"id":233552,"file":"D:\\WORK\\2022\\论文相关\\TOSEM\\MiniApp-review\\flow-baseline\\datasetPopular\\PPP有例\\__APP__/pages/project/proCollectionList/proCollectionList.js"},"to":{"name":"e","loc":{"line":21,"column":12},"id":233551,"file":"D:\\WORK\\2022\\论文相关\\TOSEM\\MiniApp-review\\flow-baseline\\datasetPopular\\PPP有例\\__APP__/pages/project/proCollectionList/proCollectionList.js"}}]},{"leftVar":[{"id":233586,"declaredName":"a","declaredLoc":{"line":31,"column":12},"file":"/pages/project/proCollectionList/proCollectionList.js","type":"normal"}],"readFlow":[{"type":"assign to","from":{"name":"this","loc":{"line":31,"column":16},"id":233587,"file":"D:\\WORK\\2022\\论文相关\\TOSEM\\MiniApp-review\\flow-baseline\\datasetPopular\\PPP有例\\__APP__/pages/project/proCollectionList/proCollectionList.js"},"to":{"name":"a","loc":{"line":31,"column":12},"id":233586,"file":"D:\\WORK\\2022\\论文相关\\TOSEM\\MiniApp-review\\flow-baseline\\datasetPopular\\PPP有例\\__APP__/pages/project/proCollectionList/proCollectionList.js"}}]},{"leftVar":[{"id":233652,"declaredName":"a","declaredLoc":{"line":48,"column":12},"file":"/pages/project/proCollectionList/proCollectionList.js","type":"normal"}],"readFlow":[{"type":"assign to","from":{"name":"this","loc":{"line":48,"column":16},"id":233653,"file":"D:\\WORK\\2022\\论文相关\\TOSEM\\MiniApp-review\\flow-baseline\\datasetPopular\\PPP有例\\__APP__/pages/project/proCollectionList/proCollectionList.js"},"to":{"name":"a","loc":{"line":48,"column":12},"id":233652,"file":"D:\\WORK\\2022\\论文相关\\TOSEM\\MiniApp-review\\flow-baseline\\datasetPopular\\PPP有例\\__APP__/pages/project/proCollectionList/proCollectionList.js"}}]}]}],"writeShadows":[{"shadowVar":{"id":-14651,"declaredName":"__object__3.setData","file":"/pages/project/proCollectionList/proCollectionList.js","type":"normal"},"writeAccess":[]}]}]}]}