{"definedData":[],"dynamicDefinedData":[{"shadowObjectVar":"__object__6","dynamicDefinedProps":[{"propName":".setData","readShadows":[{"shadowVar":{"id":-14671,"declaredName":"__object__6.setData","file":"/pages/project/proList/proList.js","type":"normal"},"readAccess":[{"leftVar":[{"id":234897,"declaredName":"t","declaredLoc":{"line":279,"column":12},"file":"/pages/project/proList/proList.js","type":"normal"}],"readFlow":[{"type":"assign to","from":{"name":"this","loc":{"line":279,"column":16},"id":234898,"file":"D:\\WORK\\2022\\论文相关\\TOSEM\\MiniApp-review\\flow-baseline\\datasetPopular\\PPP有例\\__APP__/pages/project/proList/proList.js"},"to":{"name":"t","loc":{"line":279,"column":12},"id":234897,"file":"D:\\WORK\\2022\\论文相关\\TOSEM\\MiniApp-review\\flow-baseline\\datasetPopular\\PPP有例\\__APP__/pages/project/proList/proList.js"}}]},{"leftVar":[{"id":234943,"declaredName":"t","declaredLoc":{"line":289,"column":12},"file":"/pages/project/proList/proList.js","type":"normal"}],"readFlow":[{"type":"assign to","from":{"name":"this","loc":{"line":289,"column":16},"id":234944,"file":"D:\\WORK\\2022\\论文相关\\TOSEM\\MiniApp-review\\flow-baseline\\datasetPopular\\PPP有例\\__APP__/pages/project/proList/proList.js"},"to":{"name":"t","loc":{"line":289,"column":12},"id":234943,"file":"D:\\WORK\\2022\\论文相关\\TOSEM\\MiniApp-review\\flow-baseline\\datasetPopular\\PPP有例\\__APP__/pages/project/proList/proList.js"}}]},{"leftVar":[{"id":235291,"declaredName":"e","declaredLoc":{"line":347,"column":12},"file":"/pages/project/proList/proList.js","type":"normal"}],"readFlow":[{"type":"assign to","from":{"name":"this","loc":{"line":347,"column":16},"id":235292,"file":"D:\\WORK\\2022\\论文相关\\TOSEM\\MiniApp-review\\flow-baseline\\datasetPopular\\PPP有例\\__APP__/pages/project/proList/proList.js"},"to":{"name":"e","loc":{"line":347,"column":12},"id":235291,"file":"D:\\WORK\\2022\\论文相关\\TOSEM\\MiniApp-review\\flow-baseline\\datasetPopular\\PPP有例\\__APP__/pages/project/proList/proList.js"}}]},{"leftVar":[{"id":235655,"declaredName":"t","declaredLoc":{"line":404,"column":12},"file":"/pages/project/proList/proList.js","type":"normal"}],"readFlow":[{"type":"assign to","from":{"name":"this","loc":{"line":404,"column":16},"id":235656,"file":"D:\\WORK\\2022\\论文相关\\TOSEM\\MiniApp-review\\flow-baseline\\datasetPopular\\PPP有例\\__APP__/pages/project/proList/proList.js"},"to":{"name":"t","loc":{"line":404,"column":12},"id":235655,"file":"D:\\WORK\\2022\\论文相关\\TOSEM\\MiniApp-review\\flow-baseline\\datasetPopular\\PPP有例\\__APP__/pages/project/proList/proList.js"}}]},{"leftVar":[{"id":236049,"declaredName":"e","declaredLoc":{"line":438,"column":12},"file":"/pages/project/proList/proList.js","type":"normal"}],"readFlow":[{"type":"assign to","from":{"name":"this","loc":{"line":438,"column":16},"id":236050,"file":"D:\\WORK\\2022\\论文相关\\TOSEM\\MiniApp-review\\flow-baseline\\datasetPopular\\PPP有例\\__APP__/pages/project/proList/proList.js"},"to":{"name":"e","loc":{"line":438,"column":12},"id":236049,"file":"D:\\WORK\\2022\\论文相关\\TOSEM\\MiniApp-review\\flow-baseline\\datasetPopular\\PPP有例\\__APP__/pages/project/proList/proList.js"}}]},{"leftVar":[{"id":236137,"declaredName":"t","declaredLoc":{"line":450,"column":12},"file":"/pages/project/proList/proList.js","type":"normal"}],"readFlow":[{"type":"assign to","from":{"name":"this","loc":{"line":450,"column":16},"id":236138,"file":"D:\\WORK\\2022\\论文相关\\TOSEM\\MiniApp-review\\flow-baseline\\datasetPopular\\PPP有例\\__APP__/pages/project/proList/proList.js"},"to":{"name":"t","loc":{"line":450,"column":12},"id":236137,"file":"D:\\WORK\\2022\\论文相关\\TOSEM\\MiniApp-review\\flow-baseline\\datasetPopular\\PPP有例\\__APP__/pages/project/proList/proList.js"}}]},{"leftVar":[{"id":237070,"declaredName":"t","declaredLoc":{"line":561,"column":12},"file":"/pages/project/proList/proList.js","type":"normal"}],"readFlow":[{"type":"assign to","from":{"name":"this","loc":{"line":561,"column":16},"id":237071,"file":"D:\\WORK\\2022\\论文相关\\TOSEM\\MiniApp-review\\flow-baseline\\datasetPopular\\PPP有例\\__APP__/pages/project/proList/proList.js"},"to":{"name":"t","loc":{"line":561,"column":12},"id":237070,"file":"D:\\WORK\\2022\\论文相关\\TOSEM\\MiniApp-review\\flow-baseline\\datasetPopular\\PPP有例\\__APP__/pages/project/proList/proList.js"}}]},{"leftVar":[{"id":238096,"declaredName":"t","declaredLoc":{"line":675,"column":12},"file":"/pages/project/proList/proList.js","type":"normal"}],"readFlow":[{"type":"assign to","from":{"name":"this","loc":{"line":675,"column":16},"id":238097,"file":"D:\\WORK\\2022\\论文相关\\TOSEM\\MiniApp-review\\flow-baseline\\datasetPopular\\PPP有例\\__APP__/pages/project/proList/proList.js"},"to":{"name":"t","loc":{"line":675,"column":12},"id":238096,"file":"D:\\WORK\\2022\\论文相关\\TOSEM\\MiniApp-review\\flow-baseline\\datasetPopular\\PPP有例\\__APP__/pages/project/proList/proList.js"}}]},{"leftVar":[{"id":241508,"declaredName":"e","declaredLoc":{"line":1079,"column":12},"file":"/pages/project/proList/proList.js","type":"normal"}],"readFlow":[{"type":"assign to","from":{"name":"this","loc":{"line":1079,"column":16},"id":241509,"file":"D:\\WORK\\2022\\论文相关\\TOSEM\\MiniApp-review\\flow-baseline\\datasetPopular\\PPP有例\\__APP__/pages/project/proList/proList.js"},"to":{"name":"e","loc":{"line":1079,"column":12},"id":241508,"file":"D:\\WORK\\2022\\论文相关\\TOSEM\\MiniApp-review\\flow-baseline\\datasetPopular\\PPP有例\\__APP__/pages/project/proList/proList.js"}}]},{"leftVar":[{"id":241749,"declaredName":"e","declaredLoc":{"line":1130,"column":12},"file":"/pages/project/proList/proList.js","type":"normal"}],"readFlow":[{"type":"assign to","from":{"name":"this","loc":{"line":1130,"column":16},"id":241750,"file":"D:\\WORK\\2022\\论文相关\\TOSEM\\MiniApp-review\\flow-baseline\\datasetPopular\\PPP有例\\__APP__/pages/project/proList/proList.js"},"to":{"name":"e","loc":{"line":1130,"column":12},"id":241749,"file":"D:\\WORK\\2022\\论文相关\\TOSEM\\MiniApp-review\\flow-baseline\\datasetPopular\\PPP有例\\__APP__/pages/project/proList/proList.js"}}]},{"leftVar":[{"id":242371,"declaredName":"t","declaredLoc":{"line":1231,"column":12},"file":"/pages/project/proList/proList.js","type":"normal"}],"readFlow":[{"type":"assign to","from":{"name":"this","loc":{"line":1231,"column":16},"id":242372,"file":"D:\\WORK\\2022\\论文相关\\TOSEM\\MiniApp-review\\flow-baseline\\datasetPopular\\PPP有例\\__APP__/pages/project/proList/proList.js"},"to":{"name":"t","loc":{"line":1231,"column":12},"id":242371,"file":"D:\\WORK\\2022\\论文相关\\TOSEM\\MiniApp-review\\flow-baseline\\datasetPopular\\PPP有例\\__APP__/pages/project/proList/proList.js"}}]},{"leftVar":[{"id":242715,"declaredName":"t","declaredLoc":{"line":1282,"column":12},"file":"/pages/project/proList/proList.js","type":"normal"}],"readFlow":[{"type":"assign to","from":{"name":"this","loc":{"line":1282,"column":16},"id":242716,"file":"D:\\WORK\\2022\\论文相关\\TOSEM\\MiniApp-review\\flow-baseline\\datasetPopular\\PPP有例\\__APP__/pages/project/proList/proList.js"},"to":{"name":"t","loc":{"line":1282,"column":12},"id":242715,"file":"D:\\WORK\\2022\\论文相关\\TOSEM\\MiniApp-review\\flow-baseline\\datasetPopular\\PPP有例\\__APP__/pages/project/proList/proList.js"}}]},{"leftVar":[{"id":243100,"declaredName":"e","declaredLoc":{"line":1333,"column":12},"file":"/pages/project/proList/proList.js","type":"normal"}],"readFlow":[{"type":"assign to","from":{"name":"this","loc":{"line":1333,"column":16},"id":243101,"file":"D:\\WORK\\2022\\论文相关\\TOSEM\\MiniApp-review\\flow-baseline\\datasetPopular\\PPP有例\\__APP__/pages/project/proList/proList.js"},"to":{"name":"e","loc":{"line":1333,"column":12},"id":243100,"file":"D:\\WORK\\2022\\论文相关\\TOSEM\\MiniApp-review\\flow-baseline\\datasetPopular\\PPP有例\\__APP__/pages/project/proList/proList.js"}}]},{"leftVar":[{"id":243721,"declaredName":"t","declaredLoc":{"line":1420,"column":12},"file":"/pages/project/proList/proList.js","type":"normal"}],"readFlow":[{"type":"assign to","from":{"name":"this","loc":{"line":1420,"column":16},"id":243722,"file":"D:\\WORK\\2022\\论文相关\\TOSEM\\MiniApp-review\\flow-baseline\\datasetPopular\\PPP有例\\__APP__/pages/project/proList/proList.js"},"to":{"name":"t","loc":{"line":1420,"column":12},"id":243721,"file":"D:\\WORK\\2022\\论文相关\\TOSEM\\MiniApp-review\\flow-baseline\\datasetPopular\\PPP有例\\__APP__/pages/project/proList/proList.js"}}]},{"leftVar":[{"id":244853,"declaredName":"e","declaredLoc":{"line":1603,"column":12},"file":"/pages/project/proList/proList.js","type":"normal"}],"readFlow":[{"type":"assign to","from":{"name":"this","loc":{"line":1603,"column":16},"id":244854,"file":"D:\\WORK\\2022\\论文相关\\TOSEM\\MiniApp-review\\flow-baseline\\datasetPopular\\PPP有例\\__APP__/pages/project/proList/proList.js"},"to":{"name":"e","loc":{"line":1603,"column":12},"id":244853,"file":"D:\\WORK\\2022\\论文相关\\TOSEM\\MiniApp-review\\flow-baseline\\datasetPopular\\PPP有例\\__APP__/pages/project/proList/proList.js"}}]}]}],"writeShadows":[{"shadowVar":{"id":-14671,"declaredName":"__object__6.setData","file":"/pages/project/proList/proList.js","type":"normal"},"writeAccess":[]}]}]}]}