[{"id": 0, "type": "[document]", "string": null, "attribute": {}, "referenceVariable": [], "referenceFunction": [], "style": [], "inheritClass": null, "wxss": [], "page": null, "path": "D:\\WORK\\2021\\MPDF\\baseline\\ui\\八角星服务网\\userinfo.wxml", "child": [1], "parent": null, "matchString": [{"type": "relation", "string": "uForm"}, {"type": "relation", "string": "{{form}}"}, {"type": "relation", "string": "b67cda88-1"}, {"type": "relation", "string": "{{['default']}}"}, {"type": "relation", "string": "账号"}, {"type": "relation", "string": "90px"}, {"type": "relation", "string": "username"}, {"type": "relation", "string": "{{'b67cda88-2'+','+'b67cda88-1'}}"}, {"type": "relation", "string": "{{'b67cda88-3'+','+'b67cda88-2'}}"}, {"type": "relation", "string": "电话"}, {"type": "relation", "string": "infoTel"}, {"type": "relation", "string": "{{'b67cda88-4'+','+'b67cda88-1'}}"}, {"type": "relation", "string": "请填写电话"}, {"type": "relation", "string": "{{'b67cda88-5'+','+'b67cda88-4'}}"}, {"type": "relation", "string": "姓名"}, {"type": "relation", "string": "infoName"}, {"type": "relation", "string": "{{'b67cda88-6'+','+'b67cda88-1'}}"}, {"type": "relation", "string": "请填写姓名"}, {"type": "relation", "string": "{{'b67cda88-7'+','+'b67cda88-6'}}"}, {"type": "relation", "string": "身份证"}, {"type": "relation", "string": "infoCard"}, {"type": "relation", "string": "{{'b67cda88-8'+','+'b67cda88-1'}}"}, {"type": "relation", "string": "请填写身份证"}, {"type": "relation", "string": "{{'b67cda88-9'+','+'b67cda88-8'}}"}, {"type": "relation", "string": "修改"}, {"type": "relation", "string": "{{'b67cda88-10'+','+'b67cda88-1'}}"}, {"type": "relation", "string": "b67cda88-11"}, {"type": "relation", "string": "绑定微信账号"}, {"type": "relation", "string": "解绑"}, {"type": "relation", "string": "getUserInfo"}, {"type": "relation", "string": "b67cda88-12"}, {"type": "relation", "string": "绑定"}, {"type": "relation", "string": "b67cda88-13"}]}, {"id": 1, "type": "view", "string": null, "attribute": {"class": ["p15"]}, "referenceVariable": [], "referenceFunction": [], "style": [], "inheritClass": null, "wxss": [], "page": null, "path": "D:\\WORK\\2021\\MPDF\\baseline\\ui\\八角星服务网\\userinfo.wxml", "child": [2, 13], "parent": 0, "matchString": [{"type": "relation", "string": "uForm"}, {"type": "relation", "string": "{{form}}"}, {"type": "relation", "string": "b67cda88-1"}, {"type": "relation", "string": "{{['default']}}"}, {"type": "relation", "string": "账号"}, {"type": "relation", "string": "90px"}, {"type": "relation", "string": "username"}, {"type": "relation", "string": "{{'b67cda88-2'+','+'b67cda88-1'}}"}, {"type": "relation", "string": "{{'b67cda88-3'+','+'b67cda88-2'}}"}, {"type": "relation", "string": "电话"}, {"type": "relation", "string": "infoTel"}, {"type": "relation", "string": "{{'b67cda88-4'+','+'b67cda88-1'}}"}, {"type": "relation", "string": "请填写电话"}, {"type": "relation", "string": "{{'b67cda88-5'+','+'b67cda88-4'}}"}, {"type": "relation", "string": "姓名"}, {"type": "relation", "string": "infoName"}, {"type": "relation", "string": "{{'b67cda88-6'+','+'b67cda88-1'}}"}, {"type": "relation", "string": "请填写姓名"}, {"type": "relation", "string": "{{'b67cda88-7'+','+'b67cda88-6'}}"}, {"type": "relation", "string": "身份证"}, {"type": "relation", "string": "infoCard"}, {"type": "relation", "string": "{{'b67cda88-8'+','+'b67cda88-1'}}"}, {"type": "relation", "string": "请填写身份证"}, {"type": "relation", "string": "{{'b67cda88-9'+','+'b67cda88-8'}}"}, {"type": "relation", "string": "修改"}, {"type": "relation", "string": "{{'b67cda88-10'+','+'b67cda88-1'}}"}, {"type": "relation", "string": "b67cda88-11"}, {"type": "relation", "string": "绑定微信账号"}, {"type": "relation", "string": "解绑"}, {"type": "relation", "string": "getUserInfo"}, {"type": "relation", "string": "b67cda88-12"}, {"type": "relation", "string": "绑定"}, {"type": "relation", "string": "b67cda88-13"}]}, {"id": 2, "type": "u-form", "string": null, "attribute": {"bind:__l": "__l", "class": ["vue-ref"], "data-ref": "uForm", "model": "{{form}}", "vueid": "b67cda88-1", "vueslots": "{{['default']}}"}, "referenceVariable": ["form", "['default']"], "referenceFunction": ["__l"], "style": [], "inheritClass": null, "wxss": [], "page": null, "path": "D:\\WORK\\2021\\MPDF\\baseline\\ui\\八角星服务网\\userinfo.wxml", "child": [3, 5, 7, 9, 11], "parent": 1, "matchString": [{"type": "attr", "string": "uForm"}, {"type": "attr", "string": "{{form}}"}, {"type": "attr", "string": "b67cda88-1"}, {"type": "attr", "string": "{{['default']}}"}, {"type": "relation", "string": "账号"}, {"type": "relation", "string": "90px"}, {"type": "relation", "string": "username"}, {"type": "relation", "string": "{{'b67cda88-2'+','+'b67cda88-1'}}"}, {"type": "relation", "string": "{{'b67cda88-3'+','+'b67cda88-2'}}"}, {"type": "relation", "string": "电话"}, {"type": "relation", "string": "infoTel"}, {"type": "relation", "string": "{{'b67cda88-4'+','+'b67cda88-1'}}"}, {"type": "relation", "string": "请填写电话"}, {"type": "relation", "string": "{{'b67cda88-5'+','+'b67cda88-4'}}"}, {"type": "relation", "string": "姓名"}, {"type": "relation", "string": "infoName"}, {"type": "relation", "string": "{{'b67cda88-6'+','+'b67cda88-1'}}"}, {"type": "relation", "string": "请填写姓名"}, {"type": "relation", "string": "{{'b67cda88-7'+','+'b67cda88-6'}}"}, {"type": "relation", "string": "身份证"}, {"type": "relation", "string": "infoCard"}, {"type": "relation", "string": "{{'b67cda88-8'+','+'b67cda88-1'}}"}, {"type": "relation", "string": "请填写身份证"}, {"type": "relation", "string": "{{'b67cda88-9'+','+'b67cda88-8'}}"}, {"type": "relation", "string": "修改"}, {"type": "relation", "string": "{{'b67cda88-10'+','+'b67cda88-1'}}"}, {"type": "relation", "string": "{{['default']}}"}]}, {"id": 3, "type": "u-form-item", "string": null, "attribute": {"bind:__l": "__l", "label": "账号", "labelwidth": "90px", "prop": "username", "vueid": "{{'b67cda88-2'+','+'b67cda88-1'}}", "vueslots": "{{['default']}}"}, "referenceVariable": ["'b67cda88-2'+','+'b67cda88-1'", "['default']"], "referenceFunction": ["__l"], "style": [], "inheritClass": null, "wxss": [], "page": null, "path": "D:\\WORK\\2021\\MPDF\\baseline\\ui\\八角星服务网\\userinfo.wxml", "child": [4], "parent": 2, "matchString": [{"type": "attr", "string": "账号"}, {"type": "attr", "string": "90px"}, {"type": "attr", "string": "username"}, {"type": "attr", "string": "{{'b67cda88-2'+','+'b67cda88-1'}}"}, {"type": "attr", "string": "{{['default']}}"}, {"type": "relation", "string": "{{'b67cda88-3'+','+'b67cda88-2'}}"}]}, {"id": 4, "type": "u-input", "string": null, "attribute": {"bind:__l": "__l", "bind:input": "__e", "data-event-opts": "{{[ [ '^input',[ [ '__set_model',[ '','username','$event',[] ] ] ] ] ]}}", "disabled": "{{true}}", "value": "{{username}}", "vueid": "{{'b67cda88-3'+','+'b67cda88-2'}}"}, "referenceVariable": ["[ [ '^input',[ [ '__set_model',[ '','username','$event',[] ] ] ] ] ]", "true", "username", "'b67cda88-3'+','+'b67cda88-2'"], "referenceFunction": ["__l", "__e"], "style": [], "inheritClass": null, "wxss": [], "page": null, "path": "D:\\WORK\\2021\\MPDF\\baseline\\ui\\八角星服务网\\userinfo.wxml", "child": [], "parent": 3, "matchString": [{"type": "attr", "string": "{{'b67cda88-3'+','+'b67cda88-2'}}"}]}, {"id": 5, "type": "u-form-item", "string": null, "attribute": {"bind:__l": "__l", "label": "电话", "labelwidth": "90px", "prop": "infoTel", "vueid": "{{'b67cda88-4'+','+'b67cda88-1'}}", "vueslots": "{{['default']}}"}, "referenceVariable": ["'b67cda88-4'+','+'b67cda88-1'", "['default']"], "referenceFunction": ["__l"], "style": [], "inheritClass": null, "wxss": [], "page": null, "path": "D:\\WORK\\2021\\MPDF\\baseline\\ui\\八角星服务网\\userinfo.wxml", "child": [6], "parent": 2, "matchString": [{"type": "attr", "string": "电话"}, {"type": "attr", "string": "90px"}, {"type": "attr", "string": "infoTel"}, {"type": "attr", "string": "{{'b67cda88-4'+','+'b67cda88-1'}}"}, {"type": "attr", "string": "{{['default']}}"}, {"type": "relation", "string": "请填写电话"}, {"type": "relation", "string": "{{'b67cda88-5'+','+'b67cda88-4'}}"}]}, {"id": 6, "type": "u-input", "string": null, "attribute": {"bind:__l": "__l", "bind:input": "__e", "data-event-opts": "{{[ [ '^input',[ [ '__set_model',[ '$0','infoTel','$event',[] ],['form'] ] ] ] ]}}", "maxlength": "11", "placeholder": "请填写电话", "value": "{{form.infoTel}}", "vueid": "{{'b67cda88-5'+','+'b67cda88-4'}}"}, "referenceVariable": ["[ [ '^input',[ [ '__set_model',[ '$0','infoTel','$event',[] ],['form'] ] ] ] ]", "form.infoTel", "'b67cda88-5'+','+'b67cda88-4'"], "referenceFunction": ["__l", "__e"], "style": [], "inheritClass": null, "wxss": [], "page": null, "path": "D:\\WORK\\2021\\MPDF\\baseline\\ui\\八角星服务网\\userinfo.wxml", "child": [], "parent": 5, "matchString": [{"type": "attr", "string": "请填写电话"}, {"type": "attr", "string": "{{'b67cda88-5'+','+'b67cda88-4'}}"}]}, {"id": 7, "type": "u-form-item", "string": null, "attribute": {"bind:__l": "__l", "label": "姓名", "labelwidth": "90px", "prop": "infoName", "vueid": "{{'b67cda88-6'+','+'b67cda88-1'}}", "vueslots": "{{['default']}}"}, "referenceVariable": ["'b67cda88-6'+','+'b67cda88-1'", "['default']"], "referenceFunction": ["__l"], "style": [], "inheritClass": null, "wxss": [], "page": null, "path": "D:\\WORK\\2021\\MPDF\\baseline\\ui\\八角星服务网\\userinfo.wxml", "child": [8], "parent": 2, "matchString": [{"type": "attr", "string": "姓名"}, {"type": "attr", "string": "90px"}, {"type": "attr", "string": "infoName"}, {"type": "attr", "string": "{{'b67cda88-6'+','+'b67cda88-1'}}"}, {"type": "attr", "string": "{{['default']}}"}, {"type": "relation", "string": "请填写姓名"}, {"type": "relation", "string": "{{'b67cda88-7'+','+'b67cda88-6'}}"}]}, {"id": 8, "type": "u-input", "string": null, "attribute": {"bind:__l": "__l", "bind:input": "__e", "data-event-opts": "{{[ [ '^input',[ [ '__set_model',[ '$0','infoName','$event',[] ],['form'] ] ] ] ]}}", "maxlength": "10", "placeholder": "请填写姓名", "value": "{{form.infoName}}", "vueid": "{{'b67cda88-7'+','+'b67cda88-6'}}"}, "referenceVariable": ["[ [ '^input',[ [ '__set_model',[ '$0','infoName','$event',[] ],['form'] ] ] ] ]", "form.infoName", "'b67cda88-7'+','+'b67cda88-6'"], "referenceFunction": ["__l", "__e"], "style": [], "inheritClass": null, "wxss": [], "page": null, "path": "D:\\WORK\\2021\\MPDF\\baseline\\ui\\八角星服务网\\userinfo.wxml", "child": [], "parent": 7, "matchString": [{"type": "attr", "string": "请填写姓名"}, {"type": "attr", "string": "{{'b67cda88-7'+','+'b67cda88-6'}}"}]}, {"id": 9, "type": "u-form-item", "string": null, "attribute": {"bind:__l": "__l", "label": "身份证", "labelwidth": "90px", "prop": "infoCard", "vueid": "{{'b67cda88-8'+','+'b67cda88-1'}}", "vueslots": "{{['default']}}"}, "referenceVariable": ["'b67cda88-8'+','+'b67cda88-1'", "['default']"], "referenceFunction": ["__l"], "style": [], "inheritClass": null, "wxss": [], "page": null, "path": "D:\\WORK\\2021\\MPDF\\baseline\\ui\\八角星服务网\\userinfo.wxml", "child": [10], "parent": 2, "matchString": [{"type": "attr", "string": "身份证"}, {"type": "attr", "string": "90px"}, {"type": "attr", "string": "infoCard"}, {"type": "attr", "string": "{{'b67cda88-8'+','+'b67cda88-1'}}"}, {"type": "attr", "string": "{{['default']}}"}, {"type": "relation", "string": "请填写身份证"}, {"type": "relation", "string": "{{'b67cda88-9'+','+'b67cda88-8'}}"}]}, {"id": 10, "type": "u-input", "string": null, "attribute": {"bind:__l": "__l", "bind:input": "__e", "data-event-opts": "{{[ [ '^input',[ [ '__set_model',[ '$0','infoCard','$event',[] ],['form'] ] ] ] ]}}", "maxlength": "18", "placeholder": "请填写身份证", "value": "{{form.infoCard}}", "vueid": "{{'b67cda88-9'+','+'b67cda88-8'}}"}, "referenceVariable": ["[ [ '^input',[ [ '__set_model',[ '$0','infoCard','$event',[] ],['form'] ] ] ] ]", "form.infoCard", "'b67cda88-9'+','+'b67cda88-8'"], "referenceFunction": ["__l", "__e"], "style": [], "inheritClass": null, "wxss": [], "page": null, "path": "D:\\WORK\\2021\\MPDF\\baseline\\ui\\八角星服务网\\userinfo.wxml", "child": [], "parent": 9, "matchString": [{"type": "attr", "string": "请填写身份证"}, {"type": "attr", "string": "{{'b67cda88-9'+','+'b67cda88-8'}}"}]}, {"id": 11, "type": "view", "string": null, "attribute": {"style": "margin-top:50px;margin-left:35%;"}, "referenceVariable": [], "referenceFunction": [], "style": [], "inheritClass": null, "wxss": [], "page": null, "path": "D:\\WORK\\2021\\MPDF\\baseline\\ui\\八角星服务网\\userinfo.wxml", "child": [12], "parent": 2, "matchString": [{"type": "relation", "string": "修改"}, {"type": "relation", "string": "{{'b67cda88-10'+','+'b67cda88-1'}}"}, {"type": "relation", "string": "{{['default']}}"}]}, {"id": 12, "type": "u-button", "string": "修改", "attribute": {"bind:__l": "__l", "bind:click": "__e", "data-event-opts": "{{[ [ '^click',[ ['submit'] ] ] ]}}", "size": "medium", "type": "primary", "vueid": "{{'b67cda88-10'+','+'b67cda88-1'}}", "vueslots": "{{['default']}}"}, "referenceVariable": ["[ [ '^click',[ ['submit'] ] ] ]", "'b67cda88-10'+','+'b67cda88-1'", "['default']"], "referenceFunction": ["__l", "__e"], "style": [], "inheritClass": null, "wxss": [], "page": null, "path": "D:\\WORK\\2021\\MPDF\\baseline\\ui\\八角星服务网\\userinfo.wxml", "child": [], "parent": 11, "matchString": [{"type": "self", "string": "修改"}, {"type": "attr", "string": "{{'b67cda88-10'+','+'b67cda88-1'}}"}, {"type": "attr", "string": "{{['default']}}"}]}, {"id": 13, "type": "view", "string": null, "attribute": {"class": ["u-margin-top-50"]}, "referenceVariable": [], "referenceFunction": [], "style": [], "inheritClass": null, "wxss": [], "page": null, "path": "D:\\WORK\\2021\\MPDF\\baseline\\ui\\八角星服务网\\userinfo.wxml", "child": [14, 16], "parent": 1, "matchString": [{"type": "relation", "string": "b67cda88-11"}, {"type": "relation", "string": "绑定微信账号"}, {"type": "relation", "string": "解绑"}, {"type": "relation", "string": "getUserInfo"}, {"type": "relation", "string": "b67cda88-12"}, {"type": "relation", "string": "{{['default']}}"}, {"type": "relation", "string": "绑定"}, {"type": "relation", "string": "b67cda88-13"}]}, {"id": 14, "type": "view", "string": null, "attribute": {"class": ["u-flex", "u-padding-50"]}, "referenceVariable": [], "referenceFunction": [], "style": [], "inheritClass": null, "wxss": [], "page": null, "path": "D:\\WORK\\2021\\MPDF\\baseline\\ui\\八角星服务网\\userinfo.wxml", "child": [15], "parent": 13, "matchString": [{"type": "relation", "string": "b67cda88-11"}]}, {"id": 15, "type": "u-line", "string": null, "attribute": {"bind:__l": "__l", "color": "#e4e7ed", "vueid": "b67cda88-11"}, "referenceVariable": [], "referenceFunction": ["__l"], "style": [], "inheritClass": null, "wxss": [], "page": null, "path": "D:\\WORK\\2021\\MPDF\\baseline\\ui\\八角星服务网\\userinfo.wxml", "child": [], "parent": 14, "matchString": [{"type": "attr", "string": "b67cda88-11"}]}, {"id": 16, "type": "view", "string": null, "attribute": {"class": ["u-flex"]}, "referenceVariable": [], "referenceFunction": [], "style": [], "inheritClass": null, "wxss": [], "page": null, "path": "D:\\WORK\\2021\\MPDF\\baseline\\ui\\八角星服务网\\userinfo.wxml", "child": [17, 18, 20], "parent": 13, "matchString": [{"type": "relation", "string": "绑定微信账号"}, {"type": "relation", "string": "解绑"}, {"type": "relation", "string": "getUserInfo"}, {"type": "relation", "string": "b67cda88-12"}, {"type": "relation", "string": "{{['default']}}"}, {"type": "relation", "string": "绑定"}, {"type": "relation", "string": "b67cda88-13"}]}, {"id": 17, "type": "view", "string": "绑定微信账号", "attribute": {"class": ["u-flex-10"]}, "referenceVariable": [], "referenceFunction": [], "style": [], "inheritClass": null, "wxss": [], "page": null, "path": "D:\\WORK\\2021\\MPDF\\baseline\\ui\\八角星服务网\\userinfo.wxml", "child": [], "parent": 16, "matchString": [{"type": "self", "string": "绑定微信账号"}]}, {"id": 18, "type": "view", "string": null, "attribute": {"class": ["u-flex-2"], "wx:if": "{{wxBinded}}"}, "referenceVariable": ["wxBinded"], "referenceFunction": [], "style": [], "inheritClass": null, "wxss": [], "page": null, "path": "D:\\WORK\\2021\\MPDF\\baseline\\ui\\八角星服务网\\userinfo.wxml", "child": [19], "parent": 16, "matchString": [{"type": "relation", "string": "解绑"}, {"type": "relation", "string": "getUserInfo"}, {"type": "relation", "string": "b67cda88-12"}, {"type": "relation", "string": "{{['default']}}"}]}, {"id": 19, "type": "u-button", "string": "解绑", "attribute": {"bind:__l": "__l", "bind:getuserinfo": "__e", "data-event-opts": "{{[ [ '^getuserinfo',[ ['getWxUserInfo'] ] ] ]}}", "opentype": "getUserInfo", "size": "mini", "type": "error", "vueid": "b67cda88-12", "vueslots": "{{['default']}}"}, "referenceVariable": ["[ [ '^getuserinfo',[ ['getWxUserInfo'] ] ] ]", "['default']"], "referenceFunction": ["__l", "__e"], "style": [], "inheritClass": null, "wxss": [], "page": null, "path": "D:\\WORK\\2021\\MPDF\\baseline\\ui\\八角星服务网\\userinfo.wxml", "child": [], "parent": 18, "matchString": [{"type": "self", "string": "解绑"}, {"type": "attr", "string": "getUserInfo"}, {"type": "attr", "string": "b67cda88-12"}, {"type": "attr", "string": "{{['default']}}"}]}, {"id": 20, "type": "view", "string": null, "attribute": {"class": ["u-flex-2"], "wx:else": ""}, "referenceVariable": [], "referenceFunction": [], "style": [], "inheritClass": null, "wxss": [], "page": null, "path": "D:\\WORK\\2021\\MPDF\\baseline\\ui\\八角星服务网\\userinfo.wxml", "child": [21], "parent": 16, "matchString": [{"type": "relation", "string": "绑定"}, {"type": "relation", "string": "getUserInfo"}, {"type": "relation", "string": "b67cda88-13"}, {"type": "relation", "string": "{{['default']}}"}]}, {"id": 21, "type": "u-button", "string": "绑定", "attribute": {"bind:__l": "__l", "bind:getuserinfo": "__e", "data-event-opts": "{{[ [ '^getuserinfo',[ ['getWxUserInfo'] ] ] ]}}", "opentype": "getUserInfo", "size": "mini", "type": "primary", "vueid": "b67cda88-13", "vueslots": "{{['default']}}"}, "referenceVariable": ["[ [ '^getuserinfo',[ ['getWxUserInfo'] ] ] ]", "['default']"], "referenceFunction": ["__l", "__e"], "style": [], "inheritClass": null, "wxss": [], "page": null, "path": "D:\\WORK\\2021\\MPDF\\baseline\\ui\\八角星服务网\\userinfo.wxml", "child": [], "parent": 20, "matchString": [{"type": "self", "string": "绑定"}, {"type": "attr", "string": "getUserInfo"}, {"type": "attr", "string": "b67cda88-13"}, {"type": "attr", "string": "{{['default']}}"}]}]