[{"id": 0, "type": "[document]", "string": null, "attribute": {}, "referenceVariable": [], "referenceFunction": [], "style": [], "inheritClass": null, "wxss": [], "page": null, "path": "D:\\WORK\\2021\\MPDF\\baseline\\ui\\房发现\\room_search.wxml", "child": [1], "parent": null, "matchString": [{"type": "relation", "string": "true"}, {"type": "relation", "string": "back"}, {"type": "relation", "string": "175b2fe2-1"}, {"type": "relation", "string": "{{['default','right']}}"}, {"type": "relation", "string": "right"}, {"type": "relation", "string": "定制需求"}, {"type": "relation", "string": "我们将为您找到满意的房源"}, {"type": "relation", "string": "总价预算"}, {"type": "relation", "string": "{{''+price+'万'}}"}, {"type": "relation", "string": "#FE4E3E"}, {"type": "relation", "string": "{{slideBlockSize}}"}, {"type": "relation", "string": "{{slideHeight}}"}, {"type": "relation", "string": "{{slideMax}}"}, {"type": "relation", "string": "{{slideMin}}"}, {"type": "relation", "string": "{{rangeValues2}}"}, {"type": "relation", "string": "175b2fe2-2"}, {"type": "relation", "string": "{{['minBlock','maxBlock']}}"}, {"type": "relation", "string": "{{slideWidth}}"}, {"type": "relation", "string": "minBlock"}, {"type": "relation", "string": "maxBlock"}, {"type": "relation", "string": "理想区域"}, {"type": "relation", "string": "{{dresName}}"}, {"type": "relation", "string": "理想类型"}, {"type": "relation", "string": "{{''+item.name+''}}"}, {"type": "relation", "string": "理想面积"}, {"type": "relation", "string": "您的联系方式"}, {"type": "relation", "string": "请输入手机号"}, {"type": "relation", "string": "*温馨提示"}, {"type": "relation", "string": "提交需求后将由房发现顾问为您提供专业服务"}, {"type": "relation", "string": "提交"}, {"type": "relation", "string": "{{true}}"}, {"type": "relation", "string": "share"}, {"type": "relation", "string": "175b2fe2-3"}, {"type": "relation", "string": "{{['default']}}"}, {"type": "relation", "string": "×"}, {"type": "relation", "string": "修改总价预算"}, {"type": "relation", "string": "万"}, {"type": "relation", "string": "-"}, {"type": "relation", "string": "确定"}, {"type": "relation", "string": "idealShare"}, {"type": "relation", "string": "175b2fe2-4"}, {"type": "relation", "string": "取消"}, {"type": "relation", "string": "{{item.name}}"}]}, {"id": 1, "type": "view", "string": null, "attribute": {"class": ["content"]}, "referenceVariable": [], "referenceFunction": [], "style": [], "inheritClass": null, "wxss": [], "page": null, "path": "D:\\WORK\\2021\\MPDF\\baseline\\ui\\房发现\\room_search.wxml", "child": [2, 6, 41, 54], "parent": 0, "matchString": [{"type": "relation", "string": "true"}, {"type": "relation", "string": "back"}, {"type": "relation", "string": "175b2fe2-1"}, {"type": "relation", "string": "{{['default','right']}}"}, {"type": "relation", "string": "right"}, {"type": "relation", "string": "定制需求"}, {"type": "relation", "string": "我们将为您找到满意的房源"}, {"type": "relation", "string": "总价预算"}, {"type": "relation", "string": "{{''+price+'万'}}"}, {"type": "relation", "string": "#FE4E3E"}, {"type": "relation", "string": "{{slideBlockSize}}"}, {"type": "relation", "string": "{{slideHeight}}"}, {"type": "relation", "string": "{{slideMax}}"}, {"type": "relation", "string": "{{slideMin}}"}, {"type": "relation", "string": "{{rangeValues2}}"}, {"type": "relation", "string": "175b2fe2-2"}, {"type": "relation", "string": "{{['minBlock','maxBlock']}}"}, {"type": "relation", "string": "{{slideWidth}}"}, {"type": "relation", "string": "minBlock"}, {"type": "relation", "string": "maxBlock"}, {"type": "relation", "string": "理想区域"}, {"type": "relation", "string": "{{dresName}}"}, {"type": "relation", "string": "理想类型"}, {"type": "relation", "string": "{{''+item.name+''}}"}, {"type": "relation", "string": "理想面积"}, {"type": "relation", "string": "您的联系方式"}, {"type": "relation", "string": "请输入手机号"}, {"type": "relation", "string": "*温馨提示"}, {"type": "relation", "string": "提交需求后将由房发现顾问为您提供专业服务"}, {"type": "relation", "string": "提交"}, {"type": "relation", "string": "{{true}}"}, {"type": "relation", "string": "share"}, {"type": "relation", "string": "175b2fe2-3"}, {"type": "relation", "string": "{{['default']}}"}, {"type": "relation", "string": "×"}, {"type": "relation", "string": "修改总价预算"}, {"type": "relation", "string": "万"}, {"type": "relation", "string": "-"}, {"type": "relation", "string": "确定"}, {"type": "relation", "string": "idealShare"}, {"type": "relation", "string": "175b2fe2-4"}, {"type": "relation", "string": "取消"}, {"type": "relation", "string": "{{item.name}}"}]}, {"id": 2, "type": "uni-nav-bar", "string": null, "attribute": {"bind:__l": "__l", "bind:clickleft": "__e", "color": "#F03A21", "data-event-opts": "{{[ [ '^clickLeft',[ ['backGo'] ] ] ]}}", "fixed": "true", "lefticon": "back", "statusbar": "true", "vueid": "175b2fe2-1", "vueslots": "{{['default','right']}}"}, "referenceVariable": ["[ [ '^clickLeft',[ ['backGo'] ] ] ]", "['default','right']"], "referenceFunction": ["__l", "__e"], "style": [], "inheritClass": null, "wxss": [], "page": null, "path": "D:\\WORK\\2021\\MPDF\\baseline\\ui\\房发现\\room_search.wxml", "child": [3, 4], "parent": 1, "matchString": [{"type": "attr", "string": "true"}, {"type": "attr", "string": "back"}, {"type": "attr", "string": "175b2fe2-1"}, {"type": "attr", "string": "{{['default','right']}}"}, {"type": "relation", "string": "right"}]}, {"id": 3, "type": "image", "string": null, "attribute": {"class": ["centertimg"], "mode": "aspectFit", "src": "/static/ShopsSelling/logo.png"}, "referenceVariable": [], "referenceFunction": [], "style": [], "inheritClass": null, "wxss": [], "page": null, "path": "D:\\WORK\\2021\\MPDF\\baseline\\ui\\房发现\\room_search.wxml", "child": [], "parent": 2, "matchString": []}, {"id": 4, "type": "view", "string": null, "attribute": {"slot": "right"}, "referenceVariable": [], "referenceFunction": [], "style": [], "inheritClass": null, "wxss": [], "page": null, "path": "D:\\WORK\\2021\\MPDF\\baseline\\ui\\房发现\\room_search.wxml", "child": [5], "parent": 2, "matchString": [{"type": "attr", "string": "right"}]}, {"id": 5, "type": "image", "string": null, "attribute": {"class": ["rightimg"], "mode": "aspectFit", "src": "/static/ShopsSelling/user.png"}, "referenceVariable": [], "referenceFunction": [], "style": [], "inheritClass": null, "wxss": [], "page": null, "path": "D:\\WORK\\2021\\MPDF\\baseline\\ui\\房发现\\room_search.wxml", "child": [], "parent": 4, "matchString": []}, {"id": 6, "type": "view", "string": null, "attribute": {"class": ["contt"]}, "referenceVariable": [], "referenceFunction": [], "style": [], "inheritClass": null, "wxss": [], "page": null, "path": "D:\\WORK\\2021\\MPDF\\baseline\\ui\\房发现\\room_search.wxml", "child": [7, 12, 19, 24, 28, 32, 36, 39], "parent": 1, "matchString": [{"type": "relation", "string": "定制需求"}, {"type": "relation", "string": "我们将为您找到满意的房源"}, {"type": "relation", "string": "总价预算"}, {"type": "relation", "string": "{{''+price+'万'}}"}, {"type": "relation", "string": "#FE4E3E"}, {"type": "relation", "string": "{{slideBlockSize}}"}, {"type": "relation", "string": "{{slideHeight}}"}, {"type": "relation", "string": "{{slideMax}}"}, {"type": "relation", "string": "{{slideMin}}"}, {"type": "relation", "string": "{{rangeValues2}}"}, {"type": "relation", "string": "175b2fe2-2"}, {"type": "relation", "string": "{{['minBlock','maxBlock']}}"}, {"type": "relation", "string": "{{slideWidth}}"}, {"type": "relation", "string": "minBlock"}, {"type": "relation", "string": "maxBlock"}, {"type": "relation", "string": "理想区域"}, {"type": "relation", "string": "{{dresName}}"}, {"type": "relation", "string": "理想类型"}, {"type": "relation", "string": "{{''+item.name+''}}"}, {"type": "relation", "string": "理想面积"}, {"type": "relation", "string": "您的联系方式"}, {"type": "relation", "string": "请输入手机号"}, {"type": "relation", "string": "*温馨提示"}, {"type": "relation", "string": "提交需求后将由房发现顾问为您提供专业服务"}, {"type": "relation", "string": "提交"}]}, {"id": 7, "type": "view", "string": null, "attribute": {"class": ["demand"]}, "referenceVariable": [], "referenceFunction": [], "style": [], "inheritClass": null, "wxss": [], "page": null, "path": "D:\\WORK\\2021\\MPDF\\baseline\\ui\\房发现\\room_search.wxml", "child": [8, 9], "parent": 6, "matchString": [{"type": "relation", "string": "定制需求"}, {"type": "relation", "string": "我们将为您找到满意的房源"}]}, {"id": 8, "type": "image", "string": null, "attribute": {"mode": "", "class": ["helping"], "src": "/static/img/home/banners.png"}, "referenceVariable": [], "referenceFunction": [], "style": [], "inheritClass": null, "wxss": [], "page": null, "path": "D:\\WORK\\2021\\MPDF\\baseline\\ui\\房发现\\room_search.wxml", "child": [], "parent": 7, "matchString": []}, {"id": 9, "type": "view", "string": null, "attribute": {"class": ["demandCont"]}, "referenceVariable": [], "referenceFunction": [], "style": [], "inheritClass": null, "wxss": [], "page": null, "path": "D:\\WORK\\2021\\MPDF\\baseline\\ui\\房发现\\room_search.wxml", "child": [10, 11], "parent": 7, "matchString": [{"type": "relation", "string": "定制需求"}, {"type": "relation", "string": "我们将为您找到满意的房源"}]}, {"id": 10, "type": "text", "string": "定制需求", "attribute": {"class": ["customMade"]}, "referenceVariable": [], "referenceFunction": [], "style": [], "inheritClass": null, "wxss": [], "page": null, "path": "D:\\WORK\\2021\\MPDF\\baseline\\ui\\房发现\\room_search.wxml", "child": [], "parent": 9, "matchString": [{"type": "self", "string": "定制需求"}]}, {"id": 11, "type": "text", "string": "我们将为您找到满意的房源", "attribute": {"class": ["custom"]}, "referenceVariable": [], "referenceFunction": [], "style": [], "inheritClass": null, "wxss": [], "page": null, "path": "D:\\WORK\\2021\\MPDF\\baseline\\ui\\房发现\\room_search.wxml", "child": [], "parent": 9, "matchString": [{"type": "self", "string": "我们将为您找到满意的房源"}]}, {"id": 12, "type": "view", "string": null, "attribute": {"class": ["Total_price"]}, "referenceVariable": [], "referenceFunction": [], "style": [], "inheritClass": null, "wxss": [], "page": null, "path": "D:\\WORK\\2021\\MPDF\\baseline\\ui\\房发现\\room_search.wxml", "child": [13, 16], "parent": 6, "matchString": [{"type": "relation", "string": "总价预算"}, {"type": "relation", "string": "{{''+price+'万'}}"}, {"type": "relation", "string": "#FE4E3E"}, {"type": "relation", "string": "{{slideBlockSize}}"}, {"type": "relation", "string": "{{slideHeight}}"}, {"type": "relation", "string": "{{slideMax}}"}, {"type": "relation", "string": "{{slideMin}}"}, {"type": "relation", "string": "{{rangeValues2}}"}, {"type": "relation", "string": "175b2fe2-2"}, {"type": "relation", "string": "{{['minBlock','maxBlock']}}"}, {"type": "relation", "string": "{{slideWidth}}"}, {"type": "relation", "string": "minBlock"}, {"type": "relation", "string": "maxBlock"}]}, {"id": 13, "type": "view", "string": null, "attribute": {"class": ["title_cont"]}, "referenceVariable": [], "referenceFunction": [], "style": [], "inheritClass": null, "wxss": [], "page": null, "path": "D:\\WORK\\2021\\MPDF\\baseline\\ui\\房发现\\room_search.wxml", "child": [14, 15], "parent": 12, "matchString": [{"type": "relation", "string": "总价预算"}, {"type": "relation", "string": "{{''+price+'万'}}"}]}, {"id": 14, "type": "view", "string": "总价预算", "attribute": {"class": ["title"]}, "referenceVariable": [], "referenceFunction": [], "style": [], "inheritClass": null, "wxss": [], "page": null, "path": "D:\\WORK\\2021\\MPDF\\baseline\\ui\\房发现\\room_search.wxml", "child": [], "parent": 13, "matchString": [{"type": "self", "string": "总价预算"}]}, {"id": 15, "type": "view", "string": "{{''+price+'万'}}", "attribute": {"bindtap": "__e", "class": ["more"], "data-event-opts": "{{[ [ 'tap',[ [ 'togglePopup',['bottom','share'] ] ] ] ]}}", "type": "{{type}}"}, "referenceVariable": ["[ [ 'tap',[ [ 'togglePopup',['bottom','share'] ] ] ] ]", "type"], "referenceFunction": ["__e"], "style": [], "inheritClass": null, "wxss": [], "page": null, "path": "D:\\WORK\\2021\\MPDF\\baseline\\ui\\房发现\\room_search.wxml", "child": [], "parent": 13, "matchString": [{"type": "self", "string": "{{''+price+'万'}}"}]}, {"id": 16, "type": "range-slider", "string": null, "attribute": {"activecolor": "#FE4E3E", "bind:__l": "__l", "bind:rangechange": "__e", "blocksize": "{{slideBlockSize}}", "data-event-opts": "{{[ [ '^rangechange',[ ['onRangeChange2'] ] ] ]}}", "height": "{{slideHeight}}", "max": "{{slideMax}}", "min": "{{slideMin}}", "values": "{{rangeValues2}}", "vueid": "175b2fe2-2", "vueslots": "{{['minBlock','maxBlock']}}", "width": "{{slideWidth}}"}, "referenceVariable": ["slideBlockSize", "[ [ '^rangechange',[ ['onRangeChange2'] ] ] ]", "slideHeight", "slideMax", "slideMin", "rangeValues2", "['minBlock','maxBlock']", "slideWidth"], "referenceFunction": ["__l", "__e"], "style": [], "inheritClass": null, "wxss": [], "page": null, "path": "D:\\WORK\\2021\\MPDF\\baseline\\ui\\房发现\\room_search.wxml", "child": [17, 18], "parent": 12, "matchString": [{"type": "attr", "string": "#FE4E3E"}, {"type": "attr", "string": "{{slideBlockSize}}"}, {"type": "attr", "string": "{{slideHeight}}"}, {"type": "attr", "string": "{{slideMax}}"}, {"type": "attr", "string": "{{slideMin}}"}, {"type": "attr", "string": "{{rangeValues2}}"}, {"type": "attr", "string": "175b2fe2-2"}, {"type": "attr", "string": "{{['minBlock','maxBlock']}}"}, {"type": "attr", "string": "{{slideWidth}}"}, {"type": "relation", "string": "minBlock"}, {"type": "relation", "string": "maxBlock"}]}, {"id": 17, "type": "view", "string": null, "attribute": {"class": ["range-slider-block"], "slot": "minBlock"}, "referenceVariable": [], "referenceFunction": [], "style": [], "inheritClass": null, "wxss": [], "page": null, "path": "D:\\WORK\\2021\\MPDF\\baseline\\ui\\房发现\\room_search.wxml", "child": [], "parent": 16, "matchString": [{"type": "attr", "string": "minBlock"}]}, {"id": 18, "type": "view", "string": null, "attribute": {"class": ["range-slider-block"], "slot": "maxBlock"}, "referenceVariable": [], "referenceFunction": [], "style": [], "inheritClass": null, "wxss": [], "page": null, "path": "D:\\WORK\\2021\\MPDF\\baseline\\ui\\房发现\\room_search.wxml", "child": [], "parent": 16, "matchString": [{"type": "attr", "string": "maxBlock"}]}, {"id": 19, "type": "view", "string": null, "attribute": {"class": ["ideal_region"]}, "referenceVariable": [], "referenceFunction": [], "style": [], "inheritClass": null, "wxss": [], "page": null, "path": "D:\\WORK\\2021\\MPDF\\baseline\\ui\\房发现\\room_search.wxml", "child": [20, 21], "parent": 6, "matchString": [{"type": "relation", "string": "理想区域"}, {"type": "relation", "string": "{{dresName}}"}]}, {"id": 20, "type": "view", "string": "理想区域", "attribute": {"class": ["title"]}, "referenceVariable": [], "referenceFunction": [], "style": [], "inheritClass": null, "wxss": [], "page": null, "path": "D:\\WORK\\2021\\MPDF\\baseline\\ui\\房发现\\room_search.wxml", "child": [], "parent": 19, "matchString": [{"type": "self", "string": "理想区域"}]}, {"id": 21, "type": "view", "string": null, "attribute": {"bindtap": "__e", "class": ["Choice"], "data-event-opts": "{{[ [ 'tap',[ [ 'areaPopup',['bottom','idealShare'] ] ] ] ]}}"}, "referenceVariable": ["[ [ 'tap',[ [ 'areaPopup',['bottom','idealShare'] ] ] ] ]"], "referenceFunction": ["__e"], "style": [], "inheritClass": null, "wxss": [], "page": null, "path": "D:\\WORK\\2021\\MPDF\\baseline\\ui\\房发现\\room_search.wxml", "child": [22, 23], "parent": 19, "matchString": [{"type": "relation", "string": "{{dresName}}"}]}, {"id": 22, "type": "text", "string": "{{dresName}}", "attribute": {}, "referenceVariable": [], "referenceFunction": [], "style": [], "inheritClass": null, "wxss": [], "page": null, "path": "D:\\WORK\\2021\\MPDF\\baseline\\ui\\房发现\\room_search.wxml", "child": [], "parent": 21, "matchString": [{"type": "self", "string": "{{dresName}}"}]}, {"id": 23, "type": "image", "string": null, "attribute": {"mode": "widthFix", "src": "/static/img/home/Choice.png"}, "referenceVariable": [], "referenceFunction": [], "style": [], "inheritClass": null, "wxss": [], "page": null, "path": "D:\\WORK\\2021\\MPDF\\baseline\\ui\\房发现\\room_search.wxml", "child": [], "parent": 21, "matchString": []}, {"id": 24, "type": "view", "string": null, "attribute": {"class": ["ideal_region"]}, "referenceVariable": [], "referenceFunction": [], "style": [], "inheritClass": null, "wxss": [], "page": null, "path": "D:\\WORK\\2021\\MPDF\\baseline\\ui\\房发现\\room_search.wxml", "child": [25, 26], "parent": 6, "matchString": [{"type": "relation", "string": "理想类型"}, {"type": "relation", "string": "{{''+item.name+''}}"}]}, {"id": 25, "type": "view", "string": "理想类型", "attribute": {"class": ["title"]}, "referenceVariable": [], "referenceFunction": [], "style": [], "inheritClass": null, "wxss": [], "page": null, "path": "D:\\WORK\\2021\\MPDF\\baseline\\ui\\房发现\\room_search.wxml", "child": [], "parent": 24, "matchString": [{"type": "self", "string": "理想类型"}]}, {"id": 26, "type": "view", "string": null, "attribute": {"class": ["ideal"]}, "referenceVariable": [], "referenceFunction": [], "style": [], "inheritClass": null, "wxss": [], "page": null, "path": "D:\\WORK\\2021\\MPDF\\baseline\\ui\\房发现\\room_search.wxml", "child": [27], "parent": 24, "matchString": [{"type": "relation", "string": "{{''+item.name+''}}"}]}, {"id": 27, "type": "view", "string": "{{''+item.name+''}}", "attribute": {"bindtap": "__e", "class": ["{{[activeClass==index?'active':'']}}"], "data-event-opts": "{{[ [ 'tap',[ [ 'getType',[index,'$0'],[ [ ['idealType','',index,'name'] ] ] ] ] ] ]}}", "wx:for": "{{idealType}}", "wx:key": "index"}, "referenceVariable": ["[activeClass==index?'active':'']", "[ [ 'tap',[ [ 'getType',[index,'$0'],[ [ ['idealType','',index,'name'] ] ] ] ] ] ]", "idealType"], "referenceFunction": ["__e"], "style": [], "inheritClass": null, "wxss": [], "page": null, "path": "D:\\WORK\\2021\\MPDF\\baseline\\ui\\房发现\\room_search.wxml", "child": [], "parent": 26, "matchString": [{"type": "self", "string": "{{''+item.name+''}}"}]}, {"id": 28, "type": "view", "string": null, "attribute": {"class": ["ideal_region"]}, "referenceVariable": [], "referenceFunction": [], "style": [], "inheritClass": null, "wxss": [], "page": null, "path": "D:\\WORK\\2021\\MPDF\\baseline\\ui\\房发现\\room_search.wxml", "child": [29, 30], "parent": 6, "matchString": [{"type": "relation", "string": "理想面积"}, {"type": "relation", "string": "{{''+item.name+''}}"}]}, {"id": 29, "type": "view", "string": "理想面积", "attribute": {"class": ["title"]}, "referenceVariable": [], "referenceFunction": [], "style": [], "inheritClass": null, "wxss": [], "page": null, "path": "D:\\WORK\\2021\\MPDF\\baseline\\ui\\房发现\\room_search.wxml", "child": [], "parent": 28, "matchString": [{"type": "self", "string": "理想面积"}]}, {"id": 30, "type": "view", "string": null, "attribute": {"class": ["ideal"]}, "referenceVariable": [], "referenceFunction": [], "style": [], "inheritClass": null, "wxss": [], "page": null, "path": "D:\\WORK\\2021\\MPDF\\baseline\\ui\\房发现\\room_search.wxml", "child": [31], "parent": 28, "matchString": [{"type": "relation", "string": "{{''+item.name+''}}"}]}, {"id": 31, "type": "view", "string": "{{''+item.name+''}}", "attribute": {"bindtap": "__e", "class": ["{{[activeCls==index?'active':'']}}"], "data-event-opts": "{{[ [ 'tap',[ [ 'getArea',[index,'$0'],[ [ ['idealArea','',index,'val'] ] ] ] ] ] ]}}", "wx:for": "{{idealArea}}", "wx:key": "index"}, "referenceVariable": ["[activeCls==index?'active':'']", "[ [ 'tap',[ [ 'getArea',[index,'$0'],[ [ ['idealArea','',index,'val'] ] ] ] ] ] ]", "idealArea"], "referenceFunction": ["__e"], "style": [], "inheritClass": null, "wxss": [], "page": null, "path": "D:\\WORK\\2021\\MPDF\\baseline\\ui\\房发现\\room_search.wxml", "child": [], "parent": 30, "matchString": [{"type": "self", "string": "{{''+item.name+''}}"}]}, {"id": 32, "type": "view", "string": null, "attribute": {"class": ["ideal_region"], "wx:if": "{{tabbar}}"}, "referenceVariable": ["tabbar"], "referenceFunction": [], "style": [], "inheritClass": null, "wxss": [], "page": null, "path": "D:\\WORK\\2021\\MPDF\\baseline\\ui\\房发现\\room_search.wxml", "child": [33, 34], "parent": 6, "matchString": [{"type": "relation", "string": "您的联系方式"}, {"type": "relation", "string": "请输入手机号"}]}, {"id": 33, "type": "view", "string": "您的联系方式", "attribute": {"class": ["title"]}, "referenceVariable": [], "referenceFunction": [], "style": [], "inheritClass": null, "wxss": [], "page": null, "path": "D:\\WORK\\2021\\MPDF\\baseline\\ui\\房发现\\room_search.wxml", "child": [], "parent": 32, "matchString": [{"type": "self", "string": "您的联系方式"}]}, {"id": 34, "type": "view", "string": null, "attribute": {"bindtap": "__e", "class": ["Choice"], "data-event-opts": "{{[ [ 'tap',[ [ 'hideTabbar',['$event'] ] ] ] ]}}"}, "referenceVariable": ["[ [ 'tap',[ [ 'hideTabbar',['$event'] ] ] ] ]"], "referenceFunction": ["__e"], "style": [], "inheritClass": null, "wxss": [], "page": null, "path": "D:\\WORK\\2021\\MPDF\\baseline\\ui\\房发现\\room_search.wxml", "child": [35], "parent": 32, "matchString": [{"type": "relation", "string": "请输入手机号"}]}, {"id": 35, "type": "input", "string": null, "attribute": {"bindblur": "__e", "bindfocus": "__e", "bindinput": "__e", "cursorspacing": "{{120}}", "data-event-opts": "{{[ [ 'focus',[ [ 'hideTabbar',['$event'] ] ] ],[ 'blur',[ [ 'showTabbar',['$event'] ] ] ],[ 'input',[ [ '__set_model',[ '','phon','$event',[] ] ] ] ] ]}}", "placeholder": "请输入手机号", "type": "text", "value": "{{phon}}"}, "referenceVariable": ["120", "[ [ 'focus',[ [ 'hideTabbar',['$event'] ] ] ],[ 'blur',[ [ 'showTabbar',['$event'] ] ] ],[ 'input',[ [ '__set_model',[ '','phon','$event',[] ] ] ] ] ]", "phon"], "referenceFunction": ["__e"], "style": [], "inheritClass": null, "wxss": [], "page": null, "path": "D:\\WORK\\2021\\MPDF\\baseline\\ui\\房发现\\room_search.wxml", "child": [], "parent": 34, "matchString": [{"type": "attr", "string": "请输入手机号"}]}, {"id": 36, "type": "view", "string": null, "attribute": {"class": ["ideal_region"]}, "referenceVariable": [], "referenceFunction": [], "style": [], "inheritClass": null, "wxss": [], "page": null, "path": "D:\\WORK\\2021\\MPDF\\baseline\\ui\\房发现\\room_search.wxml", "child": [37, 38], "parent": 6, "matchString": [{"type": "relation", "string": "*温馨提示"}, {"type": "relation", "string": "提交需求后将由房发现顾问为您提供专业服务"}]}, {"id": 37, "type": "view", "string": "*温馨提示", "attribute": {"class": ["tips"]}, "referenceVariable": [], "referenceFunction": [], "style": [], "inheritClass": null, "wxss": [], "page": null, "path": "D:\\WORK\\2021\\MPDF\\baseline\\ui\\房发现\\room_search.wxml", "child": [], "parent": 36, "matchString": [{"type": "self", "string": "*温馨提示"}]}, {"id": 38, "type": "view", "string": "提交需求后将由房发现顾问为您提供专业服务", "attribute": {"class": ["tipsCont"]}, "referenceVariable": [], "referenceFunction": [], "style": [], "inheritClass": null, "wxss": [], "page": null, "path": "D:\\WORK\\2021\\MPDF\\baseline\\ui\\房发现\\room_search.wxml", "child": [], "parent": 36, "matchString": [{"type": "self", "string": "提交需求后将由房发现顾问为您提供专业服务"}]}, {"id": 39, "type": "view", "string": null, "attribute": {"class": ["ideal_region"]}, "referenceVariable": [], "referenceFunction": [], "style": [], "inheritClass": null, "wxss": [], "page": null, "path": "D:\\WORK\\2021\\MPDF\\baseline\\ui\\房发现\\room_search.wxml", "child": [40], "parent": 6, "matchString": [{"type": "relation", "string": "提交"}]}, {"id": 40, "type": "button", "string": "提交", "attribute": {"bindtap": "__e", "data-event-opts": "{{[ [ 'tap',[ [ 'submit',['$event'] ] ] ] ]}}", "type": "warn"}, "referenceVariable": ["[ [ 'tap',[ [ 'submit',['$event'] ] ] ] ]"], "referenceFunction": ["__e"], "style": [], "inheritClass": null, "wxss": [], "page": null, "path": "D:\\WORK\\2021\\MPDF\\baseline\\ui\\房发现\\room_search.wxml", "child": [], "parent": 39, "matchString": [{"type": "self", "string": "提交"}]}, {"id": 41, "type": "uni-popup", "string": null, "attribute": {"bind:__l": "__l", "class": ["vue-ref"], "custom": "{{true}}", "data-ref": "share", "type": "{{type}}", "vueid": "175b2fe2-3", "vueslots": "{{['default']}}"}, "referenceVariable": ["true", "type", "['default']"], "referenceFunction": ["__l"], "style": [], "inheritClass": null, "wxss": [], "page": null, "path": "D:\\WORK\\2021\\MPDF\\baseline\\ui\\房发现\\room_search.wxml", "child": [42], "parent": 1, "matchString": [{"type": "attr", "string": "{{true}}"}, {"type": "attr", "string": "share"}, {"type": "attr", "string": "175b2fe2-3"}, {"type": "attr", "string": "{{['default']}}"}, {"type": "relation", "string": "×"}, {"type": "relation", "string": "修改总价预算"}, {"type": "relation", "string": "万"}, {"type": "relation", "string": "-"}, {"type": "relation", "string": "确定"}]}, {"id": 42, "type": "view", "string": null, "attribute": {"class": ["uni-share"]}, "referenceVariable": [], "referenceFunction": [], "style": [], "inheritClass": null, "wxss": [], "page": null, "path": "D:\\WORK\\2021\\MPDF\\baseline\\ui\\房发现\\room_search.wxml", "child": [43, 44, 45, 53], "parent": 41, "matchString": [{"type": "relation", "string": "×"}, {"type": "relation", "string": "修改总价预算"}, {"type": "relation", "string": "万"}, {"type": "relation", "string": "-"}, {"type": "relation", "string": "确定"}]}, {"id": 43, "type": "view", "string": "×", "attribute": {"bindtap": "__e", "class": ["cancel"], "data-event-opts": "{{[ [ 'tap',[ [ 'cancel',['share'] ] ] ] ]}}"}, "referenceVariable": ["[ [ 'tap',[ [ 'cancel',['share'] ] ] ] ]"], "referenceFunction": ["__e"], "style": [], "inheritClass": null, "wxss": [], "page": null, "path": "D:\\WORK\\2021\\MPDF\\baseline\\ui\\房发现\\room_search.wxml", "child": [], "parent": 42, "matchString": [{"type": "self", "string": "×"}]}, {"id": 44, "type": "view", "string": "修改总价预算", "attribute": {"class": ["uni-share-title"]}, "referenceVariable": [], "referenceFunction": [], "style": [], "inheritClass": null, "wxss": [], "page": null, "path": "D:\\WORK\\2021\\MPDF\\baseline\\ui\\房发现\\room_search.wxml", "child": [], "parent": 42, "matchString": [{"type": "self", "string": "修改总价预算"}]}, {"id": 45, "type": "view", "string": null, "attribute": {"class": ["uni-share-content"]}, "referenceVariable": [], "referenceFunction": [], "style": [], "inheritClass": null, "wxss": [], "page": null, "path": "D:\\WORK\\2021\\MPDF\\baseline\\ui\\房发现\\room_search.wxml", "child": [46, 49, 50], "parent": 42, "matchString": [{"type": "relation", "string": "万"}, {"type": "relation", "string": "-"}]}, {"id": 46, "type": "view", "string": null, "attribute": {"class": ["uni-share-content-box"]}, "referenceVariable": [], "referenceFunction": [], "style": [], "inheritClass": null, "wxss": [], "page": null, "path": "D:\\WORK\\2021\\MPDF\\baseline\\ui\\房发现\\room_search.wxml", "child": [47, 48], "parent": 45, "matchString": [{"type": "relation", "string": "万"}]}, {"id": 47, "type": "input", "string": null, "attribute": {"bindinput": "__e", "data-event-opts": "{{[ [ 'input',[ [ '__set_model',[ '','minP','$event',[] ] ] ] ] ]}}", "type": "text", "value": "{{minP}}"}, "referenceVariable": ["[ [ 'input',[ [ '__set_model',[ '','minP','$event',[] ] ] ] ] ]", "minP"], "referenceFunction": ["__e"], "style": [], "inheritClass": null, "wxss": [], "page": null, "path": "D:\\WORK\\2021\\MPDF\\baseline\\ui\\房发现\\room_search.wxml", "child": [], "parent": 46, "matchString": []}, {"id": 48, "type": "text", "string": "万", "attribute": {}, "referenceVariable": [], "referenceFunction": [], "style": [], "inheritClass": null, "wxss": [], "page": null, "path": "D:\\WORK\\2021\\MPDF\\baseline\\ui\\房发现\\room_search.wxml", "child": [], "parent": 46, "matchString": [{"type": "self", "string": "万"}]}, {"id": 49, "type": "view", "string": "-", "attribute": {}, "referenceVariable": [], "referenceFunction": [], "style": [], "inheritClass": null, "wxss": [], "page": null, "path": "D:\\WORK\\2021\\MPDF\\baseline\\ui\\房发现\\room_search.wxml", "child": [], "parent": 45, "matchString": [{"type": "self", "string": "-"}]}, {"id": 50, "type": "view", "string": null, "attribute": {"class": ["uni-share-content-box"]}, "referenceVariable": [], "referenceFunction": [], "style": [], "inheritClass": null, "wxss": [], "page": null, "path": "D:\\WORK\\2021\\MPDF\\baseline\\ui\\房发现\\room_search.wxml", "child": [51, 52], "parent": 45, "matchString": [{"type": "relation", "string": "万"}]}, {"id": 51, "type": "input", "string": null, "attribute": {"bindinput": "__e", "data-event-opts": "{{[ [ 'input',[ [ '__set_model',[ '','maxP','$event',[] ] ] ] ] ]}}", "type": "text", "value": "{{maxP}}"}, "referenceVariable": ["[ [ 'input',[ [ '__set_model',[ '','maxP','$event',[] ] ] ] ] ]", "maxP"], "referenceFunction": ["__e"], "style": [], "inheritClass": null, "wxss": [], "page": null, "path": "D:\\WORK\\2021\\MPDF\\baseline\\ui\\房发现\\room_search.wxml", "child": [], "parent": 50, "matchString": []}, {"id": 52, "type": "text", "string": "万", "attribute": {}, "referenceVariable": [], "referenceFunction": [], "style": [], "inheritClass": null, "wxss": [], "page": null, "path": "D:\\WORK\\2021\\MPDF\\baseline\\ui\\房发现\\room_search.wxml", "child": [], "parent": 50, "matchString": [{"type": "self", "string": "万"}]}, {"id": 53, "type": "view", "string": "确定", "attribute": {"bindtap": "__e", "class": ["uni-share-btn"], "data-event-opts": "{{[ [ 'tap',[ [ 'determine',['share'] ] ] ] ]}}"}, "referenceVariable": ["[ [ 'tap',[ [ 'determine',['share'] ] ] ] ]"], "referenceFunction": ["__e"], "style": [], "inheritClass": null, "wxss": [], "page": null, "path": "D:\\WORK\\2021\\MPDF\\baseline\\ui\\房发现\\room_search.wxml", "child": [], "parent": 42, "matchString": [{"type": "self", "string": "确定"}]}, {"id": 54, "type": "uni-popup", "string": null, "attribute": {"bind:__l": "__l", "class": ["vue-ref"], "custom": "{{true}}", "data-ref": "idealShare", "type": "{{type}}", "vueid": "175b2fe2-4", "vueslots": "{{['default']}}"}, "referenceVariable": ["true", "type", "['default']"], "referenceFunction": ["__l"], "style": [], "inheritClass": null, "wxss": [], "page": null, "path": "D:\\WORK\\2021\\MPDF\\baseline\\ui\\房发现\\room_search.wxml", "child": [55], "parent": 1, "matchString": [{"type": "attr", "string": "{{true}}"}, {"type": "attr", "string": "idealShare"}, {"type": "attr", "string": "175b2fe2-4"}, {"type": "attr", "string": "{{['default']}}"}, {"type": "relation", "string": "取消"}, {"type": "relation", "string": "确定"}, {"type": "relation", "string": "{{dresName}}"}, {"type": "relation", "string": "{{item.name}}"}]}, {"id": 55, "type": "view", "string": null, "attribute": {"class": ["uni-idealShare"]}, "referenceVariable": [], "referenceFunction": [], "style": [], "inheritClass": null, "wxss": [], "page": null, "path": "D:\\WORK\\2021\\MPDF\\baseline\\ui\\房发现\\room_search.wxml", "child": [56, 59], "parent": 54, "matchString": [{"type": "relation", "string": "取消"}, {"type": "relation", "string": "确定"}, {"type": "relation", "string": "{{dresName}}"}, {"type": "relation", "string": "{{item.name}}"}]}, {"id": 56, "type": "view", "string": null, "attribute": {"class": ["uni-idealShare-head"]}, "referenceVariable": [], "referenceFunction": [], "style": [], "inheritClass": null, "wxss": [], "page": null, "path": "D:\\WORK\\2021\\MPDF\\baseline\\ui\\房发现\\room_search.wxml", "child": [57, 58], "parent": 55, "matchString": [{"type": "relation", "string": "取消"}, {"type": "relation", "string": "确定"}]}, {"id": 57, "type": "text", "string": "取消", "attribute": {"bindtap": "__e", "class": ["remove"], "data-event-opts": "{{[ [ 'tap',[ [ 'BindCli',['idealShare'] ] ] ] ]}}"}, "referenceVariable": ["[ [ 'tap',[ [ 'BindCli',['idealShare'] ] ] ] ]"], "referenceFunction": ["__e"], "style": [], "inheritClass": null, "wxss": [], "page": null, "path": "D:\\WORK\\2021\\MPDF\\baseline\\ui\\房发现\\room_search.wxml", "child": [], "parent": 56, "matchString": [{"type": "self", "string": "取消"}]}, {"id": 58, "type": "text", "string": "确定", "attribute": {"bindtap": "__e", "class": ["ok"], "data-event-opts": "{{[ [ 'tap',[ [ 'BindSure',['idealShare'] ] ] ] ]}}"}, "referenceVariable": ["[ [ 'tap',[ [ 'BindSure',['idealShare'] ] ] ] ]"], "referenceFunction": ["__e"], "style": [], "inheritClass": null, "wxss": [], "page": null, "path": "D:\\WORK\\2021\\MPDF\\baseline\\ui\\房发现\\room_search.wxml", "child": [], "parent": 56, "matchString": [{"type": "self", "string": "确定"}]}, {"id": 59, "type": "view", "string": null, "attribute": {"class": ["uni-idealShare-cont"]}, "referenceVariable": [], "referenceFunction": [], "style": [], "inheritClass": null, "wxss": [], "page": null, "path": "D:\\WORK\\2021\\MPDF\\baseline\\ui\\房发现\\room_search.wxml", "child": [60, 61], "parent": 55, "matchString": [{"type": "relation", "string": "{{dresName}}"}, {"type": "relation", "string": "{{item.name}}"}]}, {"id": 60, "type": "view", "string": "{{dresName}}", "attribute": {"class": ["Unlimited"]}, "referenceVariable": [], "referenceFunction": [], "style": [], "inheritClass": null, "wxss": [], "page": null, "path": "D:\\WORK\\2021\\MPDF\\baseline\\ui\\房发现\\room_search.wxml", "child": [], "parent": 59, "matchString": [{"type": "self", "string": "{{dresName}}"}]}, {"id": 61, "type": "view", "string": null, "attribute": {"class": ["region"]}, "referenceVariable": [], "referenceFunction": [], "style": [], "inheritClass": null, "wxss": [], "page": null, "path": "D:\\WORK\\2021\\MPDF\\baseline\\ui\\房发现\\room_search.wxml", "child": [62], "parent": 59, "matchString": [{"type": "relation", "string": "{{item.name}}"}]}, {"id": 62, "type": "view", "string": null, "attribute": {"bindtap": "__e", "class": ["{{[dresStyle==index?'Pubactive':'']}}"], "data-event-opts": "{{[ [ 'tap',[ [ 'dresclick',[index,'$0'],[ [ ['dress','',index,'name'] ] ] ] ] ] ]}}", "wx:for": "{{dress}}", "wx:key": "index"}, "referenceVariable": ["[dresStyle==index?'Pubactive':'']", "[ [ 'tap',[ [ 'dresclick',[index,'$0'],[ [ ['dress','',index,'name'] ] ] ] ] ] ]", "dress"], "referenceFunction": ["__e"], "style": [], "inheritClass": null, "wxss": [], "page": null, "path": "D:\\WORK\\2021\\MPDF\\baseline\\ui\\房发现\\room_search.wxml", "child": [63], "parent": 61, "matchString": [{"type": "relation", "string": "{{item.name}}"}]}, {"id": 63, "type": "text", "string": "{{item.name}}", "attribute": {}, "referenceVariable": [], "referenceFunction": [], "style": [], "inheritClass": null, "wxss": [], "page": null, "path": "D:\\WORK\\2021\\MPDF\\baseline\\ui\\房发现\\room_search.wxml", "child": [], "parent": 62, "matchString": [{"type": "self", "string": "{{item.name}}"}]}]