[{"id": 0, "type": "[document]", "string": null, "attribute": {}, "referenceVariable": [], "referenceFunction": [], "style": [], "inheritClass": null, "wxss": [], "page": null, "path": "D:\\WORK\\2021\\MPDF\\baseline\\ui\\爱逛\\index.wxml", "child": [1], "parent": null, "matchString": [{"type": "relation", "string": "bottom"}, {"type": "relation", "string": "{{false}}"}, {"type": "relation", "string": "{{popupVisible}}"}, {"type": "relation", "string": "爱逛"}, {"type": "relation", "string": "申请"}, {"type": "relation", "string": "获取以下权限为你提供服务"}, {"type": "relation", "string": "获取你的手机号提供更好的账户安全，物流等服务（在接下来微信授权手机号的弹窗中选择“允许”）"}, {"type": "relation", "string": "使用有赞的相关服务，需要将你的手机号授权给有赞和商家"}, {"type": "relation", "string": "取消"}, {"type": "relation", "string": "hover-mask"}, {"type": "relation", "string": "确定"}, {"type": "relation", "string": "getPhoneNumber"}]}, {"id": 1, "type": "van-popup", "string": null, "attribute": {"bind:close": "hidePopup", "customclass": "popup", "position": "bottom", "safeareainsetbottom": "{{false}}", "show": "{{popupVisible}}"}, "referenceVariable": ["false", "popupVisible"], "referenceFunction": ["hidePopup"], "style": [], "inheritClass": null, "wxss": [], "page": null, "path": "D:\\WORK\\2021\\MPDF\\baseline\\ui\\爱逛\\index.wxml", "child": [2, 6, 7, 10], "parent": 0, "matchString": [{"type": "attr", "string": "bottom"}, {"type": "attr", "string": "{{false}}"}, {"type": "attr", "string": "{{popupVisible}}"}, {"type": "relation", "string": "爱逛"}, {"type": "relation", "string": "申请"}, {"type": "relation", "string": "获取以下权限为你提供服务"}, {"type": "relation", "string": "获取你的手机号提供更好的账户安全，物流等服务（在接下来微信授权手机号的弹窗中选择“允许”）"}, {"type": "relation", "string": "使用有赞的相关服务，需要将你的手机号授权给有赞和商家"}, {"type": "relation", "string": "取消"}, {"type": "relation", "string": "hover-mask"}, {"type": "relation", "string": "确定"}, {"type": "relation", "string": "getPhoneNumber"}]}, {"id": 2, "type": "view", "string": null, "attribute": {"class": ["header"]}, "referenceVariable": [], "referenceFunction": [], "style": [], "inheritClass": null, "wxss": [], "page": null, "path": "D:\\WORK\\2021\\MPDF\\baseline\\ui\\爱逛\\index.wxml", "child": [3, 4, 5], "parent": 1, "matchString": [{"type": "relation", "string": "爱逛"}, {"type": "relation", "string": "申请"}]}, {"id": 3, "type": "image", "string": null, "attribute": {"class": ["logo"], "src": "https://img01.yzcdn.cn/guang/intro/20200410/logo@3x.png"}, "referenceVariable": [], "referenceFunction": [], "style": [], "inheritClass": null, "wxss": [], "page": null, "path": "D:\\WORK\\2021\\MPDF\\baseline\\ui\\爱逛\\index.wxml", "child": [], "parent": 2, "matchString": []}, {"id": 4, "type": "view", "string": "爱逛", "attribute": {"class": ["aiguang"]}, "referenceVariable": [], "referenceFunction": [], "style": [], "inheritClass": null, "wxss": [], "page": null, "path": "D:\\WORK\\2021\\MPDF\\baseline\\ui\\爱逛\\index.wxml", "child": [], "parent": 2, "matchString": [{"type": "self", "string": "爱逛"}]}, {"id": 5, "type": "view", "string": "申请", "attribute": {"class": ["shenqing"]}, "referenceVariable": [], "referenceFunction": [], "style": [], "inheritClass": null, "wxss": [], "page": null, "path": "D:\\WORK\\2021\\MPDF\\baseline\\ui\\爱逛\\index.wxml", "child": [], "parent": 2, "matchString": [{"type": "self", "string": "申请"}]}, {"id": 6, "type": "view", "string": "获取以下权限为你提供服务", "attribute": {"class": ["title"]}, "referenceVariable": [], "referenceFunction": [], "style": [], "inheritClass": null, "wxss": [], "page": null, "path": "D:\\WORK\\2021\\MPDF\\baseline\\ui\\爱逛\\index.wxml", "child": [], "parent": 1, "matchString": [{"type": "self", "string": "获取以下权限为你提供服务"}, {"type": "relation", "string": "获取以下权限为你提供服务"}]}, {"id": 7, "type": "view", "string": null, "attribute": {"class": ["content"]}, "referenceVariable": [], "referenceFunction": [], "style": [], "inheritClass": null, "wxss": [], "page": null, "path": "D:\\WORK\\2021\\MPDF\\baseline\\ui\\爱逛\\index.wxml", "child": [8, 9], "parent": 1, "matchString": [{"type": "relation", "string": "获取你的手机号提供更好的账户安全，物流等服务（在接下来微信授权手机号的弹窗中选择“允许”）"}, {"type": "relation", "string": "使用有赞的相关服务，需要将你的手机号授权给有赞和商家"}]}, {"id": 8, "type": "view", "string": "获取你的手机号提供更好的账户安全，物流等服务（在接下来微信授权手机号的弹窗中选择“允许”）", "attribute": {"class": ["text"]}, "referenceVariable": [], "referenceFunction": [], "style": [], "inheritClass": null, "wxss": [], "page": null, "path": "D:\\WORK\\2021\\MPDF\\baseline\\ui\\爱逛\\index.wxml", "child": [], "parent": 7, "matchString": [{"type": "self", "string": "获取你的手机号提供更好的账户安全，物流等服务（在接下来微信授权手机号的弹窗中选择“允许”）"}]}, {"id": 9, "type": "view", "string": "使用有赞的相关服务，需要将你的手机号授权给有赞和商家", "attribute": {"class": ["text"]}, "referenceVariable": [], "referenceFunction": [], "style": [], "inheritClass": null, "wxss": [], "page": null, "path": "D:\\WORK\\2021\\MPDF\\baseline\\ui\\爱逛\\index.wxml", "child": [], "parent": 7, "matchString": [{"type": "self", "string": "使用有赞的相关服务，需要将你的手机号授权给有赞和商家"}]}, {"id": 10, "type": "view", "string": null, "attribute": {"class": ["footer", "~safe-area-padding-bottom"]}, "referenceVariable": [], "referenceFunction": [], "style": [], "inheritClass": null, "wxss": [], "page": null, "path": "D:\\WORK\\2021\\MPDF\\baseline\\ui\\爱逛\\index.wxml", "child": [11, 12], "parent": 1, "matchString": [{"type": "relation", "string": "取消"}, {"type": "relation", "string": "hover-mask"}, {"type": "relation", "string": "确定"}, {"type": "relation", "string": "getPhoneNumber"}]}, {"id": 11, "type": "button", "string": "取消", "attribute": {"bind:tap": "hidePopup", "class": ["btn", "btn-cancel"], "disabled": "{{confirmButtonDisabled}}", "hoverclass": "hover-mask"}, "referenceVariable": ["confirmButtonDisabled"], "referenceFunction": ["hidePopup"], "style": [], "inheritClass": null, "wxss": [], "page": null, "path": "D:\\WORK\\2021\\MPDF\\baseline\\ui\\爱逛\\index.wxml", "child": [], "parent": 10, "matchString": [{"type": "self", "string": "取消"}, {"type": "attr", "string": "hover-mask"}]}, {"id": 12, "type": "button", "string": "确定", "attribute": {"bind:getphonenumber": "handleGetPhoneNumber", "bind:tap": "handleConfirmButtonClick", "class": ["btn", "btn-confirm"], "disabled": "{{confirmButtonDisabled}}", "hoverclass": "hover-mask", "opentype": "getPhoneNumber"}, "referenceVariable": ["confirmButtonDisabled"], "referenceFunction": ["handleGetPhoneNumber", "handleConfirmButtonClick"], "style": [], "inheritClass": null, "wxss": [], "page": null, "path": "D:\\WORK\\2021\\MPDF\\baseline\\ui\\爱逛\\index.wxml", "child": [], "parent": 10, "matchString": [{"type": "self", "string": "确定"}, {"type": "attr", "string": "hover-mask"}, {"type": "attr", "string": "getPhoneNumber"}]}]