[{"id": 0, "type": "[document]", "string": null, "attribute": {}, "referenceVariable": [], "referenceFunction": [], "style": [], "inheritClass": null, "wxss": [], "page": null, "path": "D:\\WORK\\2021\\MPDF\\baseline\\ui\\LOHO眼镜生活旗舰店\\editAddress.wxml", "child": [1, 23], "parent": null, "matchString": [{"type": "relation", "string": "收件人姓名"}, {"type": "relation", "string": "consignee"}, {"type": "relation", "string": "请输入收件人姓名"}, {"type": "relation", "string": "手机号码"}, {"type": "relation", "string": "mobile"}, {"type": "relation", "string": "请输入收件人电话"}, {"type": "relation", "string": "选择地址"}, {"type": "relation", "string": "{{provinceTip}} {{cityTip}} {{districtTip}}"}, {"type": "relation", "string": "address"}, {"type": "relation", "string": "请输入详细地址"}, {"type": "relation", "string": "df"}, {"type": "relation", "string": "设为默认地址"}, {"type": "relation", "string": "提交"}, {"type": "relation", "string": "0"}]}, {"id": 1, "type": "view", "string": null, "attribute": {"class": ["edit-wrap"]}, "referenceVariable": [], "referenceFunction": [], "style": [], "inheritClass": null, "wxss": [], "page": null, "path": "D:\\WORK\\2021\\MPDF\\baseline\\ui\\LOHO眼镜生活旗舰店\\editAddress.wxml", "child": [2, 6, 10, 15, 18], "parent": 0, "matchString": [{"type": "relation", "string": "收件人姓名"}, {"type": "relation", "string": "consignee"}, {"type": "relation", "string": "请输入收件人姓名"}, {"type": "relation", "string": "手机号码"}, {"type": "relation", "string": "mobile"}, {"type": "relation", "string": "请输入收件人电话"}, {"type": "relation", "string": "选择地址"}, {"type": "relation", "string": "{{provinceTip}} {{cityTip}} {{districtTip}}"}, {"type": "relation", "string": "address"}, {"type": "relation", "string": "请输入详细地址"}, {"type": "relation", "string": "df"}, {"type": "relation", "string": "设为默认地址"}]}, {"id": 2, "type": "view", "string": null, "attribute": {"class": ["edit-list", "bdr-btm"]}, "referenceVariable": [], "referenceFunction": [], "style": [], "inheritClass": null, "wxss": [], "page": null, "path": "D:\\WORK\\2021\\MPDF\\baseline\\ui\\LOHO眼镜生活旗舰店\\editAddress.wxml", "child": [3, 4], "parent": 1, "matchString": [{"type": "relation", "string": "收件人姓名"}, {"type": "relation", "string": "consignee"}, {"type": "relation", "string": "请输入收件人姓名"}]}, {"id": 3, "type": "view", "string": "收件人姓名", "attribute": {"class": ["list-label"]}, "referenceVariable": [], "referenceFunction": [], "style": [], "inheritClass": null, "wxss": [], "page": null, "path": "D:\\WORK\\2021\\MPDF\\baseline\\ui\\LOHO眼镜生活旗舰店\\editAddress.wxml", "child": [], "parent": 2, "matchString": [{"type": "self", "string": "收件人姓名"}]}, {"id": 4, "type": "view", "string": null, "attribute": {"class": ["list-item"]}, "referenceVariable": [], "referenceFunction": [], "style": [], "inheritClass": null, "wxss": [], "page": null, "path": "D:\\WORK\\2021\\MPDF\\baseline\\ui\\LOHO眼镜生活旗舰店\\editAddress.wxml", "child": [5], "parent": 2, "matchString": [{"type": "relation", "string": "consignee"}, {"type": "relation", "string": "请输入收件人姓名"}]}, {"id": 5, "type": "input", "string": null, "attribute": {"bindinput": "setFormData", "class": ["ipt"], "data-key": "consignee", "placeholder": "请输入收件人姓名", "type": "text", "value": "{{consignee}}"}, "referenceVariable": ["consignee"], "referenceFunction": ["setFormData"], "style": [], "inheritClass": null, "wxss": [], "page": null, "path": "D:\\WORK\\2021\\MPDF\\baseline\\ui\\LOHO眼镜生活旗舰店\\editAddress.wxml", "child": [], "parent": 4, "matchString": [{"type": "attr", "string": "consignee"}, {"type": "attr", "string": "请输入收件人姓名"}]}, {"id": 6, "type": "view", "string": null, "attribute": {"class": ["edit-list", "bdr-btm"]}, "referenceVariable": [], "referenceFunction": [], "style": [], "inheritClass": null, "wxss": [], "page": null, "path": "D:\\WORK\\2021\\MPDF\\baseline\\ui\\LOHO眼镜生活旗舰店\\editAddress.wxml", "child": [7, 8], "parent": 1, "matchString": [{"type": "relation", "string": "手机号码"}, {"type": "relation", "string": "mobile"}, {"type": "relation", "string": "请输入收件人电话"}]}, {"id": 7, "type": "view", "string": "手机号码", "attribute": {"class": ["list-label"]}, "referenceVariable": [], "referenceFunction": [], "style": [], "inheritClass": null, "wxss": [], "page": null, "path": "D:\\WORK\\2021\\MPDF\\baseline\\ui\\LOHO眼镜生活旗舰店\\editAddress.wxml", "child": [], "parent": 6, "matchString": [{"type": "self", "string": "手机号码"}]}, {"id": 8, "type": "view", "string": null, "attribute": {"class": ["list-item"]}, "referenceVariable": [], "referenceFunction": [], "style": [], "inheritClass": null, "wxss": [], "page": null, "path": "D:\\WORK\\2021\\MPDF\\baseline\\ui\\LOHO眼镜生活旗舰店\\editAddress.wxml", "child": [9], "parent": 6, "matchString": [{"type": "relation", "string": "mobile"}, {"type": "relation", "string": "请输入收件人电话"}]}, {"id": 9, "type": "input", "string": null, "attribute": {"bindinput": "setFormData", "class": ["ipt"], "data-key": "mobile", "maxlength": "11", "placeholder": "请输入收件人电话", "type": "number", "value": "{{mobile}}"}, "referenceVariable": ["mobile"], "referenceFunction": ["setFormData"], "style": [], "inheritClass": null, "wxss": [], "page": null, "path": "D:\\WORK\\2021\\MPDF\\baseline\\ui\\LOHO眼镜生活旗舰店\\editAddress.wxml", "child": [], "parent": 8, "matchString": [{"type": "attr", "string": "mobile"}, {"type": "attr", "string": "请输入收件人电话"}]}, {"id": 10, "type": "view", "string": null, "attribute": {"class": ["edit-list", "bdr-btm"]}, "referenceVariable": [], "referenceFunction": [], "style": [], "inheritClass": null, "wxss": [], "page": null, "path": "D:\\WORK\\2021\\MPDF\\baseline\\ui\\LOHO眼镜生活旗舰店\\editAddress.wxml", "child": [11, 12], "parent": 1, "matchString": [{"type": "relation", "string": "选择地址"}, {"type": "relation", "string": "{{provinceTip}} {{cityTip}} {{districtTip}}"}]}, {"id": 11, "type": "view", "string": "选择地址", "attribute": {"class": ["list-label"]}, "referenceVariable": [], "referenceFunction": [], "style": [], "inheritClass": null, "wxss": [], "page": null, "path": "D:\\WORK\\2021\\MPDF\\baseline\\ui\\LOHO眼镜生活旗舰店\\editAddress.wxml", "child": [], "parent": 10, "matchString": [{"type": "self", "string": "选择地址"}]}, {"id": 12, "type": "view", "string": null, "attribute": {"class": ["picker-wrap"]}, "referenceVariable": [], "referenceFunction": [], "style": [], "inheritClass": null, "wxss": [], "page": null, "path": "D:\\WORK\\2021\\MPDF\\baseline\\ui\\LOHO眼镜生活旗舰店\\editAddress.wxml", "child": [13], "parent": 10, "matchString": [{"type": "relation", "string": "{{provinceTip}} {{cityTip}} {{districtTip}}"}]}, {"id": 13, "type": "picker", "string": null, "attribute": {"bindchange": "pickerRegion", "class": ["picker"], "mode": "region"}, "referenceVariable": [], "referenceFunction": ["pickerRegion"], "style": [], "inheritClass": null, "wxss": [], "page": null, "path": "D:\\WORK\\2021\\MPDF\\baseline\\ui\\LOHO眼镜生活旗舰店\\editAddress.wxml", "child": [14], "parent": 12, "matchString": [{"type": "relation", "string": "{{provinceTip}} {{cityTip}} {{districtTip}}"}]}, {"id": 14, "type": "view", "string": "{{provinceTip}} {{cityTip}} {{districtTip}}", "attribute": {"class": ["p"]}, "referenceVariable": [], "referenceFunction": [], "style": [], "inheritClass": null, "wxss": [], "page": null, "path": "D:\\WORK\\2021\\MPDF\\baseline\\ui\\LOHO眼镜生活旗舰店\\editAddress.wxml", "child": [], "parent": 13, "matchString": [{"type": "self", "string": "{{provinceTip}} {{cityTip}} {{districtTip}}"}]}, {"id": 15, "type": "view", "string": null, "attribute": {"class": ["edit-list", "bdr-btm"]}, "referenceVariable": [], "referenceFunction": [], "style": [], "inheritClass": null, "wxss": [], "page": null, "path": "D:\\WORK\\2021\\MPDF\\baseline\\ui\\LOHO眼镜生活旗舰店\\editAddress.wxml", "child": [16], "parent": 1, "matchString": [{"type": "relation", "string": "address"}, {"type": "relation", "string": "请输入详细地址"}]}, {"id": 16, "type": "view", "string": null, "attribute": {"class": ["list-item"]}, "referenceVariable": [], "referenceFunction": [], "style": [], "inheritClass": null, "wxss": [], "page": null, "path": "D:\\WORK\\2021\\MPDF\\baseline\\ui\\LOHO眼镜生活旗舰店\\editAddress.wxml", "child": [17], "parent": 15, "matchString": [{"type": "relation", "string": "address"}, {"type": "relation", "string": "请输入详细地址"}]}, {"id": 17, "type": "textarea", "string": null, "attribute": {"bindinput": "setFormData", "class": ["txt-area"], "data-key": "address", "maxlength": "-1", "placeholder": "请输入详细地址", "value": "{{address}}"}, "referenceVariable": ["address"], "referenceFunction": ["setFormData"], "style": [], "inheritClass": null, "wxss": [], "page": null, "path": "D:\\WORK\\2021\\MPDF\\baseline\\ui\\LOHO眼镜生活旗舰店\\editAddress.wxml", "child": [], "parent": 16, "matchString": [{"type": "attr", "string": "address"}, {"type": "attr", "string": "请输入详细地址"}]}, {"id": 18, "type": "view", "string": null, "attribute": {"class": ["edit-list", "bdr-btm"]}, "referenceVariable": [], "referenceFunction": [], "style": [], "inheritClass": null, "wxss": [], "page": null, "path": "D:\\WORK\\2021\\MPDF\\baseline\\ui\\LOHO眼镜生活旗舰店\\editAddress.wxml", "child": [19, 21], "parent": 1, "matchString": [{"type": "relation", "string": "df"}, {"type": "relation", "string": "设为默认地址"}]}, {"id": 19, "type": "view", "string": null, "attribute": {"class": ["list-label"]}, "referenceVariable": [], "referenceFunction": [], "style": [], "inheritClass": null, "wxss": [], "page": null, "path": "D:\\WORK\\2021\\MPDF\\baseline\\ui\\LOHO眼镜生活旗舰店\\editAddress.wxml", "child": [20], "parent": 18, "matchString": [{"type": "relation", "string": "df"}]}, {"id": 20, "type": "radio", "string": null, "attribute": {"bindtap": "setDefaultAddress", "checked": "{{is_default}}", "color": "#F7404D", "id": "df"}, "referenceVariable": ["is_default"], "referenceFunction": ["setDefaultAddress"], "style": [], "inheritClass": null, "wxss": [], "page": null, "path": "D:\\WORK\\2021\\MPDF\\baseline\\ui\\LOHO眼镜生活旗舰店\\editAddress.wxml", "child": [], "parent": 19, "matchString": [{"type": "attr", "string": "df"}]}, {"id": 21, "type": "view", "string": null, "attribute": {"class": ["list-item"]}, "referenceVariable": [], "referenceFunction": [], "style": [], "inheritClass": null, "wxss": [], "page": null, "path": "D:\\WORK\\2021\\MPDF\\baseline\\ui\\LOHO眼镜生活旗舰店\\editAddress.wxml", "child": [22], "parent": 18, "matchString": [{"type": "relation", "string": "设为默认地址"}, {"type": "relation", "string": "df"}]}, {"id": 22, "type": "label", "string": "设为默认地址", "attribute": {"bindtap": "setDefaultAddress", "for": "df"}, "referenceVariable": [], "referenceFunction": ["setDefaultAddress"], "style": [], "inheritClass": null, "wxss": [], "page": null, "path": "D:\\WORK\\2021\\MPDF\\baseline\\ui\\LOHO眼镜生活旗舰店\\editAddress.wxml", "child": [], "parent": 21, "matchString": [{"type": "self", "string": "设为默认地址"}, {"type": "attr", "string": "df"}]}, {"id": 23, "type": "view", "string": null, "attribute": {"class": ["footer"]}, "referenceVariable": [], "referenceFunction": [], "style": [], "inheritClass": null, "wxss": [], "page": null, "path": "D:\\WORK\\2021\\MPDF\\baseline\\ui\\LOHO眼镜生活旗舰店\\editAddress.wxml", "child": [24], "parent": 0, "matchString": [{"type": "relation", "string": "提交"}, {"type": "relation", "string": "0"}]}, {"id": 24, "type": "button", "string": "提交", "attribute": {"bindtap": "addAddress", "class": ["add-btn"], "data-addressid": "0"}, "referenceVariable": [], "referenceFunction": ["addAddress"], "style": [], "inheritClass": null, "wxss": [], "page": null, "path": "D:\\WORK\\2021\\MPDF\\baseline\\ui\\LOHO眼镜生活旗舰店\\editAddress.wxml", "child": [], "parent": 23, "matchString": [{"type": "self", "string": "提交"}, {"type": "attr", "string": "0"}, {"type": "relation", "string": "0"}]}]