[{"id": 0, "type": "[document]", "string": null, "attribute": {}, "referenceVariable": [], "referenceFunction": [], "style": [], "inheritClass": null, "wxss": [], "page": null, "path": "D:\\WORK\\2021\\MPDF\\baseline\\ui\\防丢码\\index.wxml", "child": [1], "parent": null, "matchString": [{"type": "relation", "string": "我的地址"}, {"type": "relation", "string": "true"}, {"type": "relation", "string": "收件人"}, {"type": "relation", "string": "name"}, {"type": "relation", "string": "请填您的姓名"}, {"type": "relation", "string": "placType"}, {"type": "relation", "string": "联系方式"}, {"type": "relation", "string": "mobile"}, {"type": "relation", "string": "请填写您的手机号"}, {"type": "relation", "string": "邮寄地址"}, {"type": "relation", "string": "address"}, {"type": "relation", "string": "请填写您的详细地址"}, {"type": "relation", "string": "0"}, {"type": "relation", "string": "确认"}, {"type": "relation", "string": "submit"}]}, {"id": 1, "type": "view", "string": null, "attribute": {"class": ["container"]}, "referenceVariable": [], "referenceFunction": [], "style": [], "inheritClass": null, "wxss": [], "page": null, "path": "D:\\WORK\\2021\\MPDF\\baseline\\ui\\防丢码\\index.wxml", "child": [2, 3, 4], "parent": 0, "matchString": [{"type": "relation", "string": "我的地址"}, {"type": "relation", "string": "true"}, {"type": "relation", "string": "收件人"}, {"type": "relation", "string": "name"}, {"type": "relation", "string": "请填您的姓名"}, {"type": "relation", "string": "placType"}, {"type": "relation", "string": "联系方式"}, {"type": "relation", "string": "mobile"}, {"type": "relation", "string": "请填写您的手机号"}, {"type": "relation", "string": "邮寄地址"}, {"type": "relation", "string": "address"}, {"type": "relation", "string": "请填写您的详细地址"}, {"type": "relation", "string": "0"}, {"type": "relation", "string": "确认"}, {"type": "relation", "string": "submit"}]}, {"id": 2, "type": "image", "string": null, "attribute": {"class": ["top_index"], "mode": "scaleToFill", "src": "/images/address_top.png"}, "referenceVariable": [], "referenceFunction": [], "style": [], "inheritClass": null, "wxss": [], "page": null, "path": "D:\\WORK\\2021\\MPDF\\baseline\\ui\\防丢码\\index.wxml", "child": [], "parent": 1, "matchString": [{"type": "relation", "string": "submit"}]}, {"id": 3, "type": "text", "string": "我的地址", "attribute": {"class": ["top_text"]}, "referenceVariable": [], "referenceFunction": [], "style": [], "inheritClass": null, "wxss": [], "page": null, "path": "D:\\WORK\\2021\\MPDF\\baseline\\ui\\防丢码\\index.wxml", "child": [], "parent": 1, "matchString": [{"type": "self", "string": "我的地址"}, {"type": "relation", "string": "我的地址"}]}, {"id": 4, "type": "view", "string": null, "attribute": {"class": ["form"]}, "referenceVariable": [], "referenceFunction": [], "style": [], "inheritClass": null, "wxss": [], "page": null, "path": "D:\\WORK\\2021\\MPDF\\baseline\\ui\\防丢码\\index.wxml", "child": [5], "parent": 1, "matchString": [{"type": "relation", "string": "true"}, {"type": "relation", "string": "收件人"}, {"type": "relation", "string": "name"}, {"type": "relation", "string": "请填您的姓名"}, {"type": "relation", "string": "placType"}, {"type": "relation", "string": "联系方式"}, {"type": "relation", "string": "mobile"}, {"type": "relation", "string": "请填写您的手机号"}, {"type": "relation", "string": "邮寄地址"}, {"type": "relation", "string": "address"}, {"type": "relation", "string": "请填写您的详细地址"}, {"type": "relation", "string": "0"}, {"type": "relation", "string": "确认"}, {"type": "relation", "string": "submit"}]}, {"id": 5, "type": "form", "string": null, "attribute": {"bindsubmit": "formSubmit", "reportsubmit": "true"}, "referenceVariable": [], "referenceFunction": ["formSubmit"], "style": [], "inheritClass": null, "wxss": [], "page": null, "path": "D:\\WORK\\2021\\MPDF\\baseline\\ui\\防丢码\\index.wxml", "child": [6, 9, 12, 15], "parent": 4, "matchString": [{"type": "attr", "string": "true"}, {"type": "relation", "string": "收件人"}, {"type": "relation", "string": "name"}, {"type": "relation", "string": "请填您的姓名"}, {"type": "relation", "string": "placType"}, {"type": "relation", "string": "联系方式"}, {"type": "relation", "string": "mobile"}, {"type": "relation", "string": "请填写您的手机号"}, {"type": "relation", "string": "邮寄地址"}, {"type": "relation", "string": "address"}, {"type": "relation", "string": "请填写您的详细地址"}, {"type": "relation", "string": "0"}, {"type": "relation", "string": "确认"}, {"type": "relation", "string": "submit"}]}, {"id": 6, "type": "view", "string": null, "attribute": {"class": ["desc"]}, "referenceVariable": [], "referenceFunction": [], "style": [], "inheritClass": null, "wxss": [], "page": null, "path": "D:\\WORK\\2021\\MPDF\\baseline\\ui\\防丢码\\index.wxml", "child": [7, 8], "parent": 5, "matchString": [{"type": "relation", "string": "收件人"}, {"type": "relation", "string": "name"}, {"type": "relation", "string": "请填您的姓名"}, {"type": "relation", "string": "placType"}]}, {"id": 7, "type": "text", "string": "收件人", "attribute": {"class": ["ititle"]}, "referenceVariable": [], "referenceFunction": [], "style": [], "inheritClass": null, "wxss": [], "page": null, "path": "D:\\WORK\\2021\\MPDF\\baseline\\ui\\防丢码\\index.wxml", "child": [], "parent": 6, "matchString": [{"type": "self", "string": "收件人"}]}, {"id": 8, "type": "input", "string": null, "attribute": {"focus": "true", "id": "name", "name": "name", "placeholder": "请填您的姓名", "placeholderclass": "placType", "value": "{{name}}"}, "referenceVariable": ["name"], "referenceFunction": [], "style": [], "inheritClass": null, "wxss": [], "page": null, "path": "D:\\WORK\\2021\\MPDF\\baseline\\ui\\防丢码\\index.wxml", "child": [], "parent": 6, "matchString": [{"type": "attr", "string": "name"}, {"type": "attr", "string": "请填您的姓名"}, {"type": "attr", "string": "placType"}]}, {"id": 9, "type": "view", "string": null, "attribute": {"class": ["desc"]}, "referenceVariable": [], "referenceFunction": [], "style": [], "inheritClass": null, "wxss": [], "page": null, "path": "D:\\WORK\\2021\\MPDF\\baseline\\ui\\防丢码\\index.wxml", "child": [10, 11], "parent": 5, "matchString": [{"type": "relation", "string": "联系方式"}, {"type": "relation", "string": "mobile"}, {"type": "relation", "string": "请填写您的手机号"}, {"type": "relation", "string": "placType"}]}, {"id": 10, "type": "text", "string": "联系方式", "attribute": {"class": ["ititle"]}, "referenceVariable": [], "referenceFunction": [], "style": [], "inheritClass": null, "wxss": [], "page": null, "path": "D:\\WORK\\2021\\MPDF\\baseline\\ui\\防丢码\\index.wxml", "child": [], "parent": 9, "matchString": [{"type": "self", "string": "联系方式"}]}, {"id": 11, "type": "input", "string": null, "attribute": {"id": "mobile", "name": "mobile", "placeholder": "请填写您的手机号", "placeholderclass": "placType", "value": "{{mobile}}"}, "referenceVariable": ["mobile"], "referenceFunction": [], "style": [], "inheritClass": null, "wxss": [], "page": null, "path": "D:\\WORK\\2021\\MPDF\\baseline\\ui\\防丢码\\index.wxml", "child": [], "parent": 9, "matchString": [{"type": "attr", "string": "mobile"}, {"type": "attr", "string": "请填写您的手机号"}, {"type": "attr", "string": "placType"}]}, {"id": 12, "type": "view", "string": null, "attribute": {"class": ["desc"]}, "referenceVariable": [], "referenceFunction": [], "style": [], "inheritClass": null, "wxss": [], "page": null, "path": "D:\\WORK\\2021\\MPDF\\baseline\\ui\\防丢码\\index.wxml", "child": [13, 14], "parent": 5, "matchString": [{"type": "relation", "string": "邮寄地址"}, {"type": "relation", "string": "address"}, {"type": "relation", "string": "请填写您的详细地址"}, {"type": "relation", "string": "placType"}, {"type": "relation", "string": "0"}]}, {"id": 13, "type": "text", "string": "邮寄地址", "attribute": {"class": ["ititle"]}, "referenceVariable": [], "referenceFunction": [], "style": [], "inheritClass": null, "wxss": [], "page": null, "path": "D:\\WORK\\2021\\MPDF\\baseline\\ui\\防丢码\\index.wxml", "child": [], "parent": 12, "matchString": [{"type": "self", "string": "邮寄地址"}]}, {"id": 14, "type": "textarea", "string": null, "attribute": {"id": "address", "name": "address", "placeholder": "请填写您的详细地址", "placeholderclass": "placType", "showconfirmbar": "0", "style": "height:60px;", "value": "{{address}}"}, "referenceVariable": ["address"], "referenceFunction": [], "style": [], "inheritClass": null, "wxss": [], "page": null, "path": "D:\\WORK\\2021\\MPDF\\baseline\\ui\\防丢码\\index.wxml", "child": [], "parent": 12, "matchString": [{"type": "attr", "string": "address"}, {"type": "attr", "string": "请填写您的详细地址"}, {"type": "attr", "string": "placType"}, {"type": "attr", "string": "0"}]}, {"id": 15, "type": "button", "string": "确认", "attribute": {"class": ["submit_btn"], "formtype": "submit"}, "referenceVariable": [], "referenceFunction": [], "style": [], "inheritClass": null, "wxss": [], "page": null, "path": "D:\\WORK\\2021\\MPDF\\baseline\\ui\\防丢码\\index.wxml", "child": [], "parent": 5, "matchString": [{"type": "self", "string": "确认"}, {"type": "attr", "string": "submit"}]}]