[{"id": 0, "type": "[document]", "string": null, "attribute": {}, "referenceVariable": [], "referenceFunction": [], "style": [], "inheritClass": null, "wxss": [], "page": null, "path": "D:\\WORK\\2021\\MPDF\\baseline\\ui\\Levis京东官方旗舰店\\passwordModal.wxml", "child": [1], "parent": null, "matchString": [{"type": "relation", "string": "passwordModal"}, {"type": "relation", "string": "请输入支付密码"}, {"type": "relation", "string": "您使用了虚拟资产，为了保障安全请输入京东支付密码"}, {"type": "relation", "string": "请输入密码"}, {"type": "relation", "string": "placeholder"}, {"type": "relation", "string": "{{mondalHint}}"}, {"type": "relation", "string": "忘记密码？"}, {"type": "relation", "string": "取消"}, {"type": "relation", "string": "确定"}, {"type": "relation", "string": "submit"}]}, {"id": 1, "type": "template", "string": null, "attribute": {"name": "passwordModal"}, "referenceVariable": [], "referenceFunction": [], "style": [], "inheritClass": null, "wxss": [], "page": null, "path": "D:\\WORK\\2021\\MPDF\\baseline\\ui\\Levis京东官方旗舰店\\passwordModal.wxml", "child": [2], "parent": 0, "matchString": [{"type": "attr", "string": "passwordModal"}, {"type": "relation", "string": "请输入支付密码"}, {"type": "relation", "string": "您使用了虚拟资产，为了保障安全请输入京东支付密码"}, {"type": "relation", "string": "请输入密码"}, {"type": "relation", "string": "placeholder"}, {"type": "relation", "string": "{{mondalHint}}"}, {"type": "relation", "string": "忘记密码？"}, {"type": "relation", "string": "取消"}, {"type": "relation", "string": "确定"}, {"type": "relation", "string": "submit"}]}, {"id": 2, "type": "view", "string": null, "attribute": {"class": ["wallets-password", "{{modalDisplay?'modal-block':'modal-none'}}"], "wx:if": "{{modalDisplay}}"}, "referenceVariable": ["modalDisplay?'modal-block':'modal-none'", "modalDisplay"], "referenceFunction": [], "style": [], "inheritClass": null, "wxss": [], "page": null, "path": "D:\\WORK\\2021\\MPDF\\baseline\\ui\\Levis京东官方旗舰店\\passwordModal.wxml", "child": [3], "parent": 1, "matchString": [{"type": "relation", "string": "请输入支付密码"}, {"type": "relation", "string": "您使用了虚拟资产，为了保障安全请输入京东支付密码"}, {"type": "relation", "string": "请输入密码"}, {"type": "relation", "string": "placeholder"}, {"type": "relation", "string": "{{mondalHint}}"}, {"type": "relation", "string": "忘记密码？"}, {"type": "relation", "string": "取消"}, {"type": "relation", "string": "确定"}, {"type": "relation", "string": "submit"}]}, {"id": 3, "type": "view", "string": null, "attribute": {"class": ["coupon-modal", "input-content-wrap"]}, "referenceVariable": [], "referenceFunction": [], "style": [], "inheritClass": null, "wxss": [], "page": null, "path": "D:\\WORK\\2021\\MPDF\\baseline\\ui\\Levis京东官方旗舰店\\passwordModal.wxml", "child": [4, 7, 21, 23], "parent": 2, "matchString": [{"type": "relation", "string": "请输入支付密码"}, {"type": "relation", "string": "您使用了虚拟资产，为了保障安全请输入京东支付密码"}, {"type": "relation", "string": "请输入密码"}, {"type": "relation", "string": "placeholder"}, {"type": "relation", "string": "{{mondalHint}}"}, {"type": "relation", "string": "忘记密码？"}, {"type": "relation", "string": "取消"}, {"type": "relation", "string": "确定"}, {"type": "relation", "string": "submit"}]}, {"id": 4, "type": "view", "string": null, "attribute": {"catchtap": "setShortPassWord"}, "referenceVariable": [], "referenceFunction": [], "style": [], "inheritClass": null, "wxss": [], "page": null, "path": "D:\\WORK\\2021\\MPDF\\baseline\\ui\\Levis京东官方旗舰店\\passwordModal.wxml", "child": [5, 6], "parent": 3, "matchString": [{"type": "relation", "string": "请输入支付密码"}, {"type": "relation", "string": "您使用了虚拟资产，为了保障安全请输入京东支付密码"}]}, {"id": 5, "type": "view", "string": "请输入支付密码", "attribute": {"class": ["coupon-modal-title"]}, "referenceVariable": [], "referenceFunction": [], "style": [], "inheritClass": null, "wxss": [], "page": null, "path": "D:\\WORK\\2021\\MPDF\\baseline\\ui\\Levis京东官方旗舰店\\passwordModal.wxml", "child": [], "parent": 4, "matchString": [{"type": "self", "string": "请输入支付密码"}]}, {"id": 6, "type": "view", "string": "您使用了虚拟资产，为了保障安全请输入京东支付密码", "attribute": {"class": ["coupon-modal-hint"]}, "referenceVariable": [], "referenceFunction": [], "style": [], "inheritClass": null, "wxss": [], "page": null, "path": "D:\\WORK\\2021\\MPDF\\baseline\\ui\\Levis京东官方旗舰店\\passwordModal.wxml", "child": [], "parent": 4, "matchString": [{"type": "self", "string": "您使用了虚拟资产，为了保障安全请输入京东支付密码"}]}, {"id": 7, "type": "view", "string": null, "attribute": {"catchtap": "passwordListClick", "class": ["input-password-wrap"], "wx:if": "{{passwordShort}}"}, "referenceVariable": ["passwordShort"], "referenceFunction": [], "style": [], "inheritClass": null, "wxss": [], "page": null, "path": "D:\\WORK\\2021\\MPDF\\baseline\\ui\\Levis京东官方旗舰店\\passwordModal.wxml", "child": [8, 10, 12, 14, 16, 18, 20], "parent": 3, "matchString": []}, {"id": 8, "type": "view", "string": null, "attribute": {"class": ["password-dot"]}, "referenceVariable": [], "referenceFunction": [], "style": [], "inheritClass": null, "wxss": [], "page": null, "path": "D:\\WORK\\2021\\MPDF\\baseline\\ui\\Levis京东官方旗舰店\\passwordModal.wxml", "child": [9], "parent": 7, "matchString": []}, {"id": 9, "type": "i", "string": null, "attribute": {"wx:if": "{{passWordValue.length>=1}}"}, "referenceVariable": ["passWordValue.length>=1"], "referenceFunction": [], "style": [], "inheritClass": null, "wxss": [], "page": null, "path": "D:\\WORK\\2021\\MPDF\\baseline\\ui\\Levis京东官方旗舰店\\passwordModal.wxml", "child": [], "parent": 8, "matchString": []}, {"id": 10, "type": "view", "string": null, "attribute": {"class": ["password-dot"]}, "referenceVariable": [], "referenceFunction": [], "style": [], "inheritClass": null, "wxss": [], "page": null, "path": "D:\\WORK\\2021\\MPDF\\baseline\\ui\\Levis京东官方旗舰店\\passwordModal.wxml", "child": [11], "parent": 7, "matchString": []}, {"id": 11, "type": "i", "string": null, "attribute": {"wx:if": "{{passWordValue.length>=2}}"}, "referenceVariable": ["passWordValue.length>=2"], "referenceFunction": [], "style": [], "inheritClass": null, "wxss": [], "page": null, "path": "D:\\WORK\\2021\\MPDF\\baseline\\ui\\Levis京东官方旗舰店\\passwordModal.wxml", "child": [], "parent": 10, "matchString": []}, {"id": 12, "type": "view", "string": null, "attribute": {"class": ["password-dot"]}, "referenceVariable": [], "referenceFunction": [], "style": [], "inheritClass": null, "wxss": [], "page": null, "path": "D:\\WORK\\2021\\MPDF\\baseline\\ui\\Levis京东官方旗舰店\\passwordModal.wxml", "child": [13], "parent": 7, "matchString": []}, {"id": 13, "type": "i", "string": null, "attribute": {"wx:if": "{{passWordValue.length>=3}}"}, "referenceVariable": ["passWordValue.length>=3"], "referenceFunction": [], "style": [], "inheritClass": null, "wxss": [], "page": null, "path": "D:\\WORK\\2021\\MPDF\\baseline\\ui\\Levis京东官方旗舰店\\passwordModal.wxml", "child": [], "parent": 12, "matchString": []}, {"id": 14, "type": "view", "string": null, "attribute": {"class": ["password-dot"]}, "referenceVariable": [], "referenceFunction": [], "style": [], "inheritClass": null, "wxss": [], "page": null, "path": "D:\\WORK\\2021\\MPDF\\baseline\\ui\\Levis京东官方旗舰店\\passwordModal.wxml", "child": [15], "parent": 7, "matchString": []}, {"id": 15, "type": "i", "string": null, "attribute": {"wx:if": "{{passWordValue.length>=4}}"}, "referenceVariable": ["passWordValue.length>=4"], "referenceFunction": [], "style": [], "inheritClass": null, "wxss": [], "page": null, "path": "D:\\WORK\\2021\\MPDF\\baseline\\ui\\Levis京东官方旗舰店\\passwordModal.wxml", "child": [], "parent": 14, "matchString": []}, {"id": 16, "type": "view", "string": null, "attribute": {"class": ["password-dot"]}, "referenceVariable": [], "referenceFunction": [], "style": [], "inheritClass": null, "wxss": [], "page": null, "path": "D:\\WORK\\2021\\MPDF\\baseline\\ui\\Levis京东官方旗舰店\\passwordModal.wxml", "child": [17], "parent": 7, "matchString": []}, {"id": 17, "type": "i", "string": null, "attribute": {"wx:if": "{{passWordValue.length>=5}}"}, "referenceVariable": ["passWordValue.length>=5"], "referenceFunction": [], "style": [], "inheritClass": null, "wxss": [], "page": null, "path": "D:\\WORK\\2021\\MPDF\\baseline\\ui\\Levis京东官方旗舰店\\passwordModal.wxml", "child": [], "parent": 16, "matchString": []}, {"id": 18, "type": "view", "string": null, "attribute": {"class": ["password-dot"]}, "referenceVariable": [], "referenceFunction": [], "style": [], "inheritClass": null, "wxss": [], "page": null, "path": "D:\\WORK\\2021\\MPDF\\baseline\\ui\\Levis京东官方旗舰店\\passwordModal.wxml", "child": [19], "parent": 7, "matchString": []}, {"id": 19, "type": "i", "string": null, "attribute": {"wx:if": "{{passWordValue.length>=6}}"}, "referenceVariable": ["passWordValue.length>=6"], "referenceFunction": [], "style": [], "inheritClass": null, "wxss": [], "page": null, "path": "D:\\WORK\\2021\\MPDF\\baseline\\ui\\Levis京东官方旗舰店\\passwordModal.wxml", "child": [], "parent": 18, "matchString": []}, {"id": 20, "type": "input", "string": null, "attribute": {"bindfocus": "shortpwdfocus", "bindinput": "setPasswordValue", "class": ["input-content"], "cursorspacing": "-60", "focus": "{{passwordFocus}}", "maxlength": "6", "type": "number", "value": "{{passWordValue}}"}, "referenceVariable": ["passwordFocus", "passWordValue"], "referenceFunction": ["shortpwdfocus", "setPasswordValue"], "style": [], "inheritClass": null, "wxss": [], "page": null, "path": "D:\\WORK\\2021\\MPDF\\baseline\\ui\\Levis京东官方旗舰店\\passwordModal.wxml", "child": [], "parent": 7, "matchString": []}, {"id": 21, "type": "view", "string": null, "attribute": {"class": ["coupon-modal-passWorld"], "wx:else": ""}, "referenceVariable": [], "referenceFunction": [], "style": [], "inheritClass": null, "wxss": [], "page": null, "path": "D:\\WORK\\2021\\MPDF\\baseline\\ui\\Levis京东官方旗舰店\\passwordModal.wxml", "child": [22], "parent": 3, "matchString": [{"type": "relation", "string": "请输入密码"}, {"type": "relation", "string": "placeholder"}]}, {"id": 22, "type": "input", "string": null, "attribute": {"bindfocus": "longpwdfocus", "bindinput": "setPasswordValue", "cursorspacing": "100", "focus": "{{passwordFocus}}", "maxlength": "20", "placeholder": "请输入密码", "placeholderclass": "placeholder", "type": "password", "value": "{{passWordValue}}"}, "referenceVariable": ["passwordFocus", "passWordValue"], "referenceFunction": ["longpwdfocus", "setPasswordValue"], "style": [], "inheritClass": null, "wxss": [], "page": null, "path": "D:\\WORK\\2021\\MPDF\\baseline\\ui\\Levis京东官方旗舰店\\passwordModal.wxml", "child": [], "parent": 21, "matchString": [{"type": "attr", "string": "请输入密码"}, {"type": "attr", "string": "placeholder"}]}, {"id": 23, "type": "view", "string": null, "attribute": {"catchtap": "setShortPassWord"}, "referenceVariable": [], "referenceFunction": [], "style": [], "inheritClass": null, "wxss": [], "page": null, "path": "D:\\WORK\\2021\\MPDF\\baseline\\ui\\Levis京东官方旗舰店\\passwordModal.wxml", "child": [24, 27], "parent": 3, "matchString": [{"type": "relation", "string": "{{mondalHint}}"}, {"type": "relation", "string": "忘记密码？"}, {"type": "relation", "string": "取消"}, {"type": "relation", "string": "确定"}, {"type": "relation", "string": "submit"}]}, {"id": 24, "type": "view", "string": null, "attribute": {"class": ["coupon-modal-removePassword"]}, "referenceVariable": [], "referenceFunction": [], "style": [], "inheritClass": null, "wxss": [], "page": null, "path": "D:\\WORK\\2021\\MPDF\\baseline\\ui\\Levis京东官方旗舰店\\passwordModal.wxml", "child": [25, 26], "parent": 23, "matchString": [{"type": "relation", "string": "{{mondalHint}}"}, {"type": "relation", "string": "忘记密码？"}]}, {"id": 25, "type": "view", "string": "{{mondalHint}}", "attribute": {"class": ["modal-err-msg", "left"]}, "referenceVariable": [], "referenceFunction": [], "style": [], "inheritClass": null, "wxss": [], "page": null, "path": "D:\\WORK\\2021\\MPDF\\baseline\\ui\\Levis京东官方旗舰店\\passwordModal.wxml", "child": [], "parent": 24, "matchString": [{"type": "self", "string": "{{mondalHint}}"}]}, {"id": 26, "type": "view", "string": "忘记密码？", "attribute": {"bindtap": "forgetPassword", "class": ["modal-removePassword-button", "right"]}, "referenceVariable": [], "referenceFunction": ["forgetPassword"], "style": [], "inheritClass": null, "wxss": [], "page": null, "path": "D:\\WORK\\2021\\MPDF\\baseline\\ui\\Levis京东官方旗舰店\\passwordModal.wxml", "child": [], "parent": 24, "matchString": [{"type": "self", "string": "忘记密码？"}]}, {"id": 27, "type": "view", "string": null, "attribute": {"class": ["coupon-modal-button"]}, "referenceVariable": [], "referenceFunction": [], "style": [], "inheritClass": null, "wxss": [], "page": null, "path": "D:\\WORK\\2021\\MPDF\\baseline\\ui\\Levis京东官方旗舰店\\passwordModal.wxml", "child": [28, 29], "parent": 23, "matchString": [{"type": "relation", "string": "取消"}, {"type": "relation", "string": "确定"}, {"type": "relation", "string": "submit"}]}, {"id": 28, "type": "view", "string": "取消", "attribute": {"bindtap": "passWordModalClose", "class": ["coupon-modal-button-cancel", "public-style"]}, "referenceVariable": [], "referenceFunction": ["passWordModalClose"], "style": [], "inheritClass": null, "wxss": [], "page": null, "path": "D:\\WORK\\2021\\MPDF\\baseline\\ui\\Levis京东官方旗舰店\\passwordModal.wxml", "child": [], "parent": 27, "matchString": [{"type": "self", "string": "取消"}]}, {"id": 29, "type": "form", "string": null, "attribute": {"bindsubmit": "passwordConfirm", "class": ["coupon-modal-button-notarize", "public-style"]}, "referenceVariable": [], "referenceFunction": ["passwordConfirm"], "style": [], "inheritClass": null, "wxss": [], "page": null, "path": "D:\\WORK\\2021\\MPDF\\baseline\\ui\\Levis京东官方旗舰店\\passwordModal.wxml", "child": [30], "parent": 27, "matchString": [{"type": "relation", "string": "确定"}, {"type": "relation", "string": "submit"}]}, {"id": 30, "type": "button", "string": "确定", "attribute": {"class": ["message-push-btn"], "formtype": "submit"}, "referenceVariable": [], "referenceFunction": [], "style": [], "inheritClass": null, "wxss": [], "page": null, "path": "D:\\WORK\\2021\\MPDF\\baseline\\ui\\Levis京东官方旗舰店\\passwordModal.wxml", "child": [], "parent": 29, "matchString": [{"type": "self", "string": "确定"}, {"type": "attr", "string": "submit"}]}]