﻿source_file,source,source_loc,sink_file,sink,sink_loc,type,cross_field,cross_file,correct
app.js,wx.login,91,app.js,console.log,106,API:callback,FALSE,FALSE,Right
app.js,wx.login,91,utils\io.js,wx.request,44,API:callback,TRUE,TRUE,Right
pages\login.js,wx.login,31,pages\login.js,console.log,80,API:callback,FALSE,FALSE,Right
pages\login.js,wx.login,31,utils\io.js,wx.request,44,API:callback,TRUE,TRUE,Right
pages\login.js,wx.getUserInfo,35,utils\io.js,wx.request,44,API:callback,TRUE,TRUE,Right
pages\login.js,wx.login,104,pages\login.js,console.log,106,API:callback,FALSE,FALSE,Right
pages\login.js,getUserInfo,91,utils\io.js,wx.request,44,UI,FALSE,FALSE,Right
utils\ald-stat.js,wx.getStorageSync,9&140&160&177&185&192&229&249&260&307&310&314&322,utils\ald-stat.js,wx.request,67,API:return-value,FALSE,FALSE,Right
utils\ald-stat.js,wx.getStorageSync,9&140&160&177&185&192&229&249&260&307&310&314&322,utils\ald-stat.js,wx.setStorageSync,320,API:return-value,FALSE,FALSE,Right
utils\ald-stat.js,wx.getStorageSync,9&140&160&177&185&192&229&249&260&307&310&314&322,utils\ald-stat.js,wx.setStorageSync,321,API:return-value,FALSE,FALSE,Right
utils\ald-stat.js,wx.request,14,utils\ald-stat.js,wx.setStorageSync,21,API:callback,FALSE,FALSE,Right
utils\ald-stat.js,wx.getSystemInfoSync,188,utils\ald-stat.js,wx.request,67,API:return-value,FALSE,FALSE,Right
pages\demo\detail.js,wx.getSystemInfo,33,pages\demo\detail.js,console.log,35,API:callback,FALSE,FALSE,Right
pages\demo\detail.js,wx.getSystemInfo,33,pages\demo\detail.js,console.log,35,API:callback,FALSE,FALSE,Right
pages\demo\detail.js,wx.getSystemInfo,33,pages\demo\detail.js,console.log,35,API:callback,FALSE,FALSE,Right
pages\demo\detail.js,wx.getSystemInfo,33,pages\demo\detail.js,console.log,35,API:callback,FALSE,FALSE,Right
pages\experience\expEvaluate.js,formSubmit,199,utils\util.js,console.log,27,UI,TRUE,TRUE,Right
pages\experience\expEvaluate.js,formSubmit,199,utils\io.js,wx.request,44,UI,TRUE,TRUE,Right
pages\experience\expEvaluate.js,formSubmit,199,pages\experience\expEvaluate.js,console.log,201,UI,FALSE,FALSE,Right
pages\experience\expEvaluate.js,bindItemClick,188,pages\experience\expEvaluate.js,console.log,197,UI,FALSE,FALSE,Right
pages\home\index.js,wx.getStorageSync,25,pages\home\index.js,console.log,26,API:return-value,FALSE,FALSE,Right
pages\home\profile.js,formSubmit,87,pages\home\profile.js,wx.uploadFile,100,UI,FALSE,FALSE,Right
pages\home\profile.js,formSubmit,87,utils\io.js,wx.request,44,UI,FALSE,FALSE,Right
pages\index\index.js,wx.login,48,utils\io.js,wx.request,44,API:callback,TRUE,TRUE,Right
pages\index\index.js,wx.getUserInfo,52,utils\io.js,wx.request,44,API:callback,TRUE,TRUE,Right
pages\index\index.js,formSubmit,117,utils\util.js,console.log,27,UI,FALSE,FALSE,Right
pages\index\index.js,formSubmit,117,utils\io.js,wx.request,44,UI,TRUE,FALSE,Right
pages\index\index.js,formSubmit,117,pages\index\index.js,console.log,119,UI,FALSE,FALSE,Right
pages\index\index.js,onDetailClick,94,pages\index\index.js,console.log,113,UI,FALSE,FALSE,Right
pages\try\detail.js,wx.getStorageSync,66&75,pages\try\detail.js,console.log,76,API:return-value,FALSE,FALSE,Right
pages\try\detail.js,wx.chooseVideo,325,pages\try\detail.js,console.log,330,API:callback,FALSE,FALSE,Right
pages\try\detail.js,wx.chooseVideo,325,pages\try\detail.js,console.log,330,API:callback,FALSE,FALSE,Right
pages\try\formApply.js,wx.getStorageSync,20&30&45&52,pages\try\formApply.js,console.log,36,API:return-value,FALSE,FALSE,Right
pages\try\formApply.js,formSubmit,132&132&132,utils\io.js,wx.request,44,UI,FALSE,FALSE,Right
pages\try\submitVideoReport.js,bindSubjectInput,53,pages\try\submitVideoReport.js,console.log,55,UI,FALSE,FALSE,Right
pages\try\submitVideoReport.js,bindTextInput,59,pages\try\submitVideoReport.js,console.log,61,UI,FALSE,FALSE,Right
pages\welfare\index.js,formSubmit,81,utils\util.js,console.log,27,UI,FALSE,FALSE,Right
pages\welfare\index.js,formSubmit,81,utils\io.js,wx.request,44,UI,FALSE,FALSE,Right
pages\welfare\index.js,formSubmit,81,pages\welfare\index.js,console.log,83,UI,FALSE,FALSE,Right
pages\home\address\add.js,formSubmit,109,utils\io.js,wx.request,44,UI,FALSE,FALSE,Right
pages\home\address\edit.js,formSubmit,170,utils\io.js,wx.request,44,UI,FALSE,FALSE,Right
utils\io.js,wx.request,44,app.js,wx.setStorageSync,102,API:callback,TRUE,TRUE,Broken: Nested Function
utils\io.js,wx.request,44,app.js,wx.setStorageSync,78,API:callback,TRUE,TRUE,Broken: Nested Function
utils\io.js,wx.request,44,app.js,console.log,83,API:callback,TRUE,TRUE,Broken: Nested Function
utils\io.js,wx.getStorageSync,9,utils\io.js,wx.request,44,API:callback,TRUE,FALSE,Broken: Nested Function
utils\io.js,wx.request,44,pages\login.js,wx.setStorageSync,46,API:callback,TRUE,TRUE,Broken: Nested Function
utils\io.js,wx.getStorageSync,9,utils\io.js,wx.request,44,API:return-value,TRUE,FALSE,Broken: Undefined or Built-In Function
utils\io.js,wx.request,44,pages\home\index.js,console.log,68,API:callback,TRUE,TRUE,Broken: Nested Function
utils\io.js,wx.request,44,pages\home\index.js,console.log,83,API:callback,TRUE,TRUE,Broken: Nested Function
utils\io.js,wx.request,44,pages\index\index.js,wx.setStorageSync,63,API:callback,TRUE,TRUE,Broken: Nested Function
utils\io.js,wx.request,44,pages\try\detail.js,console.log,240,API:callback,TRUE,TRUE,Broken: Nested Function
utils\io.js,wx.request,44,pages\try\detail.js,wx.previewImage,279,API:callback,TRUE,TRUE,Broken: Nested Function
pages\try\submitReport.js,wx.chooseImage,70,pages\try\submitReport.js,wx.uploadFile,207,API:callback,TRUE,FALSE,Broken: Not Perfect setData Transfer
pages\home\address\add.js,bindPickerChangeProvince,47,utils\kissy.js,console.log,55,UI,TRUE,TRUE,Broken: Dynamic Address
pages\home\address\add.js,bindPickerChangeCity,65,utils\kissy.js,console.log,55,UI,TRUE,TRUE,Broken: Dynamic Address
pages\home\address\add.js,bindPickerChangeArea,78,utils\kissy.js,console.log,55,UI,TRUE,TRUE,Broken: Dynamic Address
pages\home\address\edit.js,bindNameInput,147,utils\kissy.js,console.log,55,UI,TRUE,TRUE,Broken: Dynamic Address
pages\home\address\edit.js,bindPickerChangeProvince,108,utils\kissy.js,console.log,55,UI,TRUE,TRUE,Broken: Dynamic Address
pages\home\address\edit.js,bindPickerChangeCity,126,utils\kissy.js,console.log,55,UI,TRUE,TRUE,Broken: Dynamic Address
pages\home\address\edit.js,bindPickerChangeArea,139,utils\kissy.js,console.log,55,UI,TRUE,TRUE,Broken: Dynamic Address
