[{"id": 0, "type": "[document]", "string": null, "attribute": {}, "referenceVariable": [], "referenceFunction": [], "style": [], "inheritClass": null, "wxss": [], "page": null, "path": "D:\\WORK\\2021\\MPDF\\baseline\\ui\\布克船长\\storeDetail.wxml", "child": [1], "parent": null, "matchString": [{"type": "relation", "string": "商家名称"}, {"type": "relation", "string": "{{store.name}}"}, {"type": "relation", "string": "商家位置"}, {"type": "relation", "string": "{{store.address}}"}, {"type": "relation", "string": "详细地址"}, {"type": "relation", "string": "{{store.address_detail?store.address_detail:'暂无'}}"}, {"type": "relation", "string": "商家电话"}, {"type": "relation", "string": "{{store.phone}}"}, {"type": "relation", "string": "商家服务"}, {"type": "relation", "string": "· 支持客户上门自提"}, {"type": "relation", "string": "· 支持送书上门"}, {"type": "relation", "string": "· {{sendWay[store.send_way]}}"}, {"type": "relation", "string": "· 承诺{{store.send_hours}}内送达"}]}, {"id": 1, "type": "view", "string": null, "attribute": {"class": ["box"]}, "referenceVariable": [], "referenceFunction": [], "style": [], "inheritClass": null, "wxss": [], "page": null, "path": "D:\\WORK\\2021\\MPDF\\baseline\\ui\\布克船长\\storeDetail.wxml", "child": [2, 25], "parent": 0, "matchString": [{"type": "relation", "string": "商家名称"}, {"type": "relation", "string": "{{store.name}}"}, {"type": "relation", "string": "商家位置"}, {"type": "relation", "string": "{{store.address}}"}, {"type": "relation", "string": "详细地址"}, {"type": "relation", "string": "{{store.address_detail?store.address_detail:'暂无'}}"}, {"type": "relation", "string": "商家电话"}, {"type": "relation", "string": "{{store.phone}}"}, {"type": "relation", "string": "商家服务"}, {"type": "relation", "string": "· 支持客户上门自提"}, {"type": "relation", "string": "· 支持送书上门"}, {"type": "relation", "string": "· {{sendWay[store.send_way]}}"}, {"type": "relation", "string": "· 承诺{{store.send_hours}}内送达"}]}, {"id": 2, "type": "view", "string": null, "attribute": {"class": ["items"]}, "referenceVariable": [], "referenceFunction": [], "style": [], "inheritClass": null, "wxss": [], "page": null, "path": "D:\\WORK\\2021\\MPDF\\baseline\\ui\\布克船长\\storeDetail.wxml", "child": [3, 8, 14, 19], "parent": 1, "matchString": [{"type": "relation", "string": "商家名称"}, {"type": "relation", "string": "{{store.name}}"}, {"type": "relation", "string": "商家位置"}, {"type": "relation", "string": "{{store.address}}"}, {"type": "relation", "string": "详细地址"}, {"type": "relation", "string": "{{store.address_detail?store.address_detail:'暂无'}}"}, {"type": "relation", "string": "商家电话"}, {"type": "relation", "string": "{{store.phone}}"}]}, {"id": 3, "type": "view", "string": null, "attribute": {"class": ["item"]}, "referenceVariable": [], "referenceFunction": [], "style": [], "inheritClass": null, "wxss": [], "page": null, "path": "D:\\WORK\\2021\\MPDF\\baseline\\ui\\布克船长\\storeDetail.wxml", "child": [4, 6], "parent": 2, "matchString": [{"type": "relation", "string": "商家名称"}, {"type": "relation", "string": "{{store.name}}"}]}, {"id": 4, "type": "view", "string": null, "attribute": {"class": ["left"]}, "referenceVariable": [], "referenceFunction": [], "style": [], "inheritClass": null, "wxss": [], "page": null, "path": "D:\\WORK\\2021\\MPDF\\baseline\\ui\\布克船长\\storeDetail.wxml", "child": [5], "parent": 3, "matchString": [{"type": "relation", "string": "商家名称"}]}, {"id": 5, "type": "view", "string": "商家名称", "attribute": {"class": ["label"]}, "referenceVariable": [], "referenceFunction": [], "style": [], "inheritClass": null, "wxss": [], "page": null, "path": "D:\\WORK\\2021\\MPDF\\baseline\\ui\\布克船长\\storeDetail.wxml", "child": [], "parent": 4, "matchString": [{"type": "self", "string": "商家名称"}]}, {"id": 6, "type": "view", "string": null, "attribute": {"class": ["right"]}, "referenceVariable": [], "referenceFunction": [], "style": [], "inheritClass": null, "wxss": [], "page": null, "path": "D:\\WORK\\2021\\MPDF\\baseline\\ui\\布克船长\\storeDetail.wxml", "child": [7], "parent": 3, "matchString": [{"type": "relation", "string": "{{store.name}}"}]}, {"id": 7, "type": "view", "string": "{{store.name}}", "attribute": {"class": ["text"]}, "referenceVariable": [], "referenceFunction": [], "style": [], "inheritClass": null, "wxss": [], "page": null, "path": "D:\\WORK\\2021\\MPDF\\baseline\\ui\\布克船长\\storeDetail.wxml", "child": [], "parent": 6, "matchString": [{"type": "self", "string": "{{store.name}}"}]}, {"id": 8, "type": "view", "string": null, "attribute": {"class": ["item"]}, "referenceVariable": [], "referenceFunction": [], "style": [], "inheritClass": null, "wxss": [], "page": null, "path": "D:\\WORK\\2021\\MPDF\\baseline\\ui\\布克船长\\storeDetail.wxml", "child": [9, 11], "parent": 2, "matchString": [{"type": "relation", "string": "商家位置"}, {"type": "relation", "string": "{{store.address}}"}]}, {"id": 9, "type": "view", "string": null, "attribute": {"class": ["left"]}, "referenceVariable": [], "referenceFunction": [], "style": [], "inheritClass": null, "wxss": [], "page": null, "path": "D:\\WORK\\2021\\MPDF\\baseline\\ui\\布克船长\\storeDetail.wxml", "child": [10], "parent": 8, "matchString": [{"type": "relation", "string": "商家位置"}]}, {"id": 10, "type": "view", "string": "商家位置", "attribute": {"class": ["label"]}, "referenceVariable": [], "referenceFunction": [], "style": [], "inheritClass": null, "wxss": [], "page": null, "path": "D:\\WORK\\2021\\MPDF\\baseline\\ui\\布克船长\\storeDetail.wxml", "child": [], "parent": 9, "matchString": [{"type": "self", "string": "商家位置"}]}, {"id": 11, "type": "view", "string": null, "attribute": {"bindtap": "openLocation", "class": ["right"]}, "referenceVariable": [], "referenceFunction": ["openLocation"], "style": [], "inheritClass": null, "wxss": [], "page": null, "path": "D:\\WORK\\2021\\MPDF\\baseline\\ui\\布克船长\\storeDetail.wxml", "child": [12, 13], "parent": 8, "matchString": [{"type": "relation", "string": "{{store.address}}"}]}, {"id": 12, "type": "view", "string": "{{store.address}}", "attribute": {"class": ["text"]}, "referenceVariable": [], "referenceFunction": [], "style": [], "inheritClass": null, "wxss": [], "page": null, "path": "D:\\WORK\\2021\\MPDF\\baseline\\ui\\布克船长\\storeDetail.wxml", "child": [], "parent": 11, "matchString": [{"type": "self", "string": "{{store.address}}"}]}, {"id": 13, "type": "image", "string": null, "attribute": {"class": ["icon-arrow"], "src": "https://image.bookcapt.com/images/rent_online/icon_arrow.png"}, "referenceVariable": [], "referenceFunction": [], "style": [], "inheritClass": null, "wxss": [], "page": null, "path": "D:\\WORK\\2021\\MPDF\\baseline\\ui\\布克船长\\storeDetail.wxml", "child": [], "parent": 11, "matchString": []}, {"id": 14, "type": "view", "string": null, "attribute": {"class": ["item"]}, "referenceVariable": [], "referenceFunction": [], "style": [], "inheritClass": null, "wxss": [], "page": null, "path": "D:\\WORK\\2021\\MPDF\\baseline\\ui\\布克船长\\storeDetail.wxml", "child": [15, 17], "parent": 2, "matchString": [{"type": "relation", "string": "详细地址"}, {"type": "relation", "string": "{{store.address_detail?store.address_detail:'暂无'}}"}]}, {"id": 15, "type": "view", "string": null, "attribute": {"class": ["left"]}, "referenceVariable": [], "referenceFunction": [], "style": [], "inheritClass": null, "wxss": [], "page": null, "path": "D:\\WORK\\2021\\MPDF\\baseline\\ui\\布克船长\\storeDetail.wxml", "child": [16], "parent": 14, "matchString": [{"type": "relation", "string": "详细地址"}]}, {"id": 16, "type": "view", "string": "详细地址", "attribute": {"class": ["label"]}, "referenceVariable": [], "referenceFunction": [], "style": [], "inheritClass": null, "wxss": [], "page": null, "path": "D:\\WORK\\2021\\MPDF\\baseline\\ui\\布克船长\\storeDetail.wxml", "child": [], "parent": 15, "matchString": [{"type": "self", "string": "详细地址"}]}, {"id": 17, "type": "view", "string": null, "attribute": {"class": ["right"]}, "referenceVariable": [], "referenceFunction": [], "style": [], "inheritClass": null, "wxss": [], "page": null, "path": "D:\\WORK\\2021\\MPDF\\baseline\\ui\\布克船长\\storeDetail.wxml", "child": [18], "parent": 14, "matchString": [{"type": "relation", "string": "{{store.address_detail?store.address_detail:'暂无'}}"}]}, {"id": 18, "type": "view", "string": "{{store.address_detail?store.address_detail:'暂无'}}", "attribute": {"class": ["text"]}, "referenceVariable": [], "referenceFunction": [], "style": [], "inheritClass": null, "wxss": [], "page": null, "path": "D:\\WORK\\2021\\MPDF\\baseline\\ui\\布克船长\\storeDetail.wxml", "child": [], "parent": 17, "matchString": [{"type": "self", "string": "{{store.address_detail?store.address_detail:'暂无'}}"}]}, {"id": 19, "type": "view", "string": null, "attribute": {"class": ["item"]}, "referenceVariable": [], "referenceFunction": [], "style": [], "inheritClass": null, "wxss": [], "page": null, "path": "D:\\WORK\\2021\\MPDF\\baseline\\ui\\布克船长\\storeDetail.wxml", "child": [20, 22], "parent": 2, "matchString": [{"type": "relation", "string": "商家电话"}, {"type": "relation", "string": "{{store.phone}}"}]}, {"id": 20, "type": "view", "string": null, "attribute": {"class": ["left"]}, "referenceVariable": [], "referenceFunction": [], "style": [], "inheritClass": null, "wxss": [], "page": null, "path": "D:\\WORK\\2021\\MPDF\\baseline\\ui\\布克船长\\storeDetail.wxml", "child": [21], "parent": 19, "matchString": [{"type": "relation", "string": "商家电话"}]}, {"id": 21, "type": "view", "string": "商家电话", "attribute": {"class": ["label"]}, "referenceVariable": [], "referenceFunction": [], "style": [], "inheritClass": null, "wxss": [], "page": null, "path": "D:\\WORK\\2021\\MPDF\\baseline\\ui\\布克船长\\storeDetail.wxml", "child": [], "parent": 20, "matchString": [{"type": "self", "string": "商家电话"}]}, {"id": 22, "type": "view", "string": null, "attribute": {"bindtap": "phoneCall", "class": ["right"]}, "referenceVariable": [], "referenceFunction": ["phoneCall"], "style": [], "inheritClass": null, "wxss": [], "page": null, "path": "D:\\WORK\\2021\\MPDF\\baseline\\ui\\布克船长\\storeDetail.wxml", "child": [23, 24], "parent": 19, "matchString": [{"type": "relation", "string": "{{store.phone}}"}]}, {"id": 23, "type": "view", "string": "{{store.phone}}", "attribute": {"class": ["text"]}, "referenceVariable": [], "referenceFunction": [], "style": [], "inheritClass": null, "wxss": [], "page": null, "path": "D:\\WORK\\2021\\MPDF\\baseline\\ui\\布克船长\\storeDetail.wxml", "child": [], "parent": 22, "matchString": [{"type": "self", "string": "{{store.phone}}"}]}, {"id": 24, "type": "image", "string": null, "attribute": {"class": ["icon-arrow"], "src": "https://image.bookcapt.com/images/rent_online/icon_arrow.png"}, "referenceVariable": [], "referenceFunction": [], "style": [], "inheritClass": null, "wxss": [], "page": null, "path": "D:\\WORK\\2021\\MPDF\\baseline\\ui\\布克船长\\storeDetail.wxml", "child": [], "parent": 22, "matchString": []}, {"id": 25, "type": "view", "string": null, "attribute": {"class": ["items"]}, "referenceVariable": [], "referenceFunction": [], "style": [], "inheritClass": null, "wxss": [], "page": null, "path": "D:\\WORK\\2021\\MPDF\\baseline\\ui\\布克船长\\storeDetail.wxml", "child": [26, 30], "parent": 1, "matchString": [{"type": "relation", "string": "商家服务"}, {"type": "relation", "string": "· 支持客户上门自提"}, {"type": "relation", "string": "· 支持送书上门"}, {"type": "relation", "string": "· {{sendWay[store.send_way]}}"}, {"type": "relation", "string": "· 承诺{{store.send_hours}}内送达"}]}, {"id": 26, "type": "view", "string": null, "attribute": {"class": ["item"]}, "referenceVariable": [], "referenceFunction": [], "style": [], "inheritClass": null, "wxss": [], "page": null, "path": "D:\\WORK\\2021\\MPDF\\baseline\\ui\\布克船长\\storeDetail.wxml", "child": [27, 29], "parent": 25, "matchString": [{"type": "relation", "string": "商家服务"}]}, {"id": 27, "type": "view", "string": null, "attribute": {"class": ["left"]}, "referenceVariable": [], "referenceFunction": [], "style": [], "inheritClass": null, "wxss": [], "page": null, "path": "D:\\WORK\\2021\\MPDF\\baseline\\ui\\布克船长\\storeDetail.wxml", "child": [28], "parent": 26, "matchString": [{"type": "relation", "string": "商家服务"}]}, {"id": 28, "type": "view", "string": "商家服务", "attribute": {"class": ["label"]}, "referenceVariable": [], "referenceFunction": [], "style": [], "inheritClass": null, "wxss": [], "page": null, "path": "D:\\WORK\\2021\\MPDF\\baseline\\ui\\布克船长\\storeDetail.wxml", "child": [], "parent": 27, "matchString": [{"type": "self", "string": "商家服务"}]}, {"id": 29, "type": "view", "string": null, "attribute": {"class": ["right"]}, "referenceVariable": [], "referenceFunction": [], "style": [], "inheritClass": null, "wxss": [], "page": null, "path": "D:\\WORK\\2021\\MPDF\\baseline\\ui\\布克船长\\storeDetail.wxml", "child": [], "parent": 26, "matchString": []}, {"id": 30, "type": "view", "string": null, "attribute": {"class": ["service-box"]}, "referenceVariable": [], "referenceFunction": [], "style": [], "inheritClass": null, "wxss": [], "page": null, "path": "D:\\WORK\\2021\\MPDF\\baseline\\ui\\布克船长\\storeDetail.wxml", "child": [31, 32, 33, 34], "parent": 25, "matchString": [{"type": "relation", "string": "· 支持客户上门自提"}, {"type": "relation", "string": "· 支持送书上门"}, {"type": "relation", "string": "· {{sendWay[store.send_way]}}"}, {"type": "relation", "string": "· 承诺{{store.send_hours}}内送达"}]}, {"id": 31, "type": "view", "string": "· 支持客户上门自提", "attribute": {"class": ["service"]}, "referenceVariable": [], "referenceFunction": [], "style": [], "inheritClass": null, "wxss": [], "page": null, "path": "D:\\WORK\\2021\\MPDF\\baseline\\ui\\布克船长\\storeDetail.wxml", "child": [], "parent": 30, "matchString": [{"type": "self", "string": "· 支持客户上门自提"}]}, {"id": 32, "type": "view", "string": "· 支持送书上门", "attribute": {"class": ["service"], "wx:if": "{{store.send_home}}"}, "referenceVariable": ["store.send_home"], "referenceFunction": [], "style": [], "inheritClass": null, "wxss": [], "page": null, "path": "D:\\WORK\\2021\\MPDF\\baseline\\ui\\布克船长\\storeDetail.wxml", "child": [], "parent": 30, "matchString": [{"type": "self", "string": "· 支持送书上门"}]}, {"id": 33, "type": "view", "string": "· {{sendWay[store.send_way]}}", "attribute": {"class": ["service"], "wx:if": "{{store.send_home}}"}, "referenceVariable": ["store.send_home"], "referenceFunction": [], "style": [], "inheritClass": null, "wxss": [], "page": null, "path": "D:\\WORK\\2021\\MPDF\\baseline\\ui\\布克船长\\storeDetail.wxml", "child": [], "parent": 30, "matchString": [{"type": "self", "string": "· {{sendWay[store.send_way]}}"}]}, {"id": 34, "type": "view", "string": "· 承诺{{store.send_hours}}内送达", "attribute": {"class": ["service"], "wx:if": "{{store.send_home}}"}, "referenceVariable": ["store.send_home"], "referenceFunction": [], "style": [], "inheritClass": null, "wxss": [], "page": null, "path": "D:\\WORK\\2021\\MPDF\\baseline\\ui\\布克船长\\storeDetail.wxml", "child": [], "parent": 30, "matchString": [{"type": "self", "string": "· 承诺{{store.send_hours}}内送达"}]}]