[{"id": 0, "type": "[document]", "string": null, "attribute": {}, "referenceVariable": [], "referenceFunction": [], "style": [], "inheritClass": null, "wxss": [], "page": null, "path": "D:\\WORK\\2021\\MPDF\\baseline\\ui\\instabolt闪充吧\\order.wxml", "child": [1], "parent": null, "matchString": [{"type": "relation", "string": "您还没有一个订单哦"}, {"type": "relation", "string": "true"}, {"type": "relation", "string": "-50"}, {"type": "relation", "string": "{{item.uuid}}"}, {"type": "relation", "string": "使用中"}, {"type": "relation", "string": "已取消"}, {"type": "relation", "string": "已完成"}, {"type": "relation", "string": "租借时长"}, {"type": "relation", "string": "{{item.useTime}}"}, {"type": "relation", "string": "租借套餐"}, {"type": "relation", "string": "{{item.remark}}"}, {"type": "relation", "string": "租借时间"}, {"type": "relation", "string": "{{item.stime}}"}, {"type": "relation", "string": "商家名称"}, {"type": "relation", "string": "{{item.merchantName}}"}, {"type": "relation", "string": "租借地点"}, {"type": "relation", "string": "{{item.merchantAddress}}"}, {"type": "relation", "string": "{{'£'+item.totalAmount}}"}, {"type": "relation", "string": "重新获取密码"}, {"type": "relation", "string": "{{!(item.status==1)}}"}, {"type": "relation", "string": "充电宝丢了？"}, {"type": "relation", "string": "订单异常"}, {"type": "relation", "string": "请输入以下密码充电"}, {"type": "relation", "string": "{{item}}"}, {"type": "relation", "string": "确定"}]}, {"id": 1, "type": "view", "string": null, "attribute": {"class": ["main"]}, "referenceVariable": [], "referenceFunction": [], "style": [], "inheritClass": null, "wxss": [], "page": null, "path": "D:\\WORK\\2021\\MPDF\\baseline\\ui\\instabolt闪充吧\\order.wxml", "child": [2, 5], "parent": 0, "matchString": [{"type": "relation", "string": "您还没有一个订单哦"}, {"type": "relation", "string": "true"}, {"type": "relation", "string": "-50"}, {"type": "relation", "string": "{{item.uuid}}"}, {"type": "relation", "string": "使用中"}, {"type": "relation", "string": "已取消"}, {"type": "relation", "string": "已完成"}, {"type": "relation", "string": "租借时长"}, {"type": "relation", "string": "{{item.useTime}}"}, {"type": "relation", "string": "租借套餐"}, {"type": "relation", "string": "{{item.remark}}"}, {"type": "relation", "string": "租借时间"}, {"type": "relation", "string": "{{item.stime}}"}, {"type": "relation", "string": "商家名称"}, {"type": "relation", "string": "{{item.merchantName}}"}, {"type": "relation", "string": "租借地点"}, {"type": "relation", "string": "{{item.merchantAddress}}"}, {"type": "relation", "string": "{{'£'+item.totalAmount}}"}, {"type": "relation", "string": "重新获取密码"}, {"type": "relation", "string": "{{!(item.status==1)}}"}, {"type": "relation", "string": "充电宝丢了？"}, {"type": "relation", "string": "订单异常"}, {"type": "relation", "string": "请输入以下密码充电"}, {"type": "relation", "string": "{{item}}"}, {"type": "relation", "string": "确定"}]}, {"id": 2, "type": "view", "string": null, "attribute": {"class": ["tc"], "wx:if": "{{ifNull}}"}, "referenceVariable": ["ifNull"], "referenceFunction": [], "style": [], "inheritClass": null, "wxss": [], "page": null, "path": "D:\\WORK\\2021\\MPDF\\baseline\\ui\\instabolt闪充吧\\order.wxml", "child": [3, 4], "parent": 1, "matchString": [{"type": "relation", "string": "您还没有一个订单哦"}]}, {"id": 3, "type": "image", "string": null, "attribute": {"src": "../../static/pic/empty.png", "style": "width:315rpx;height:240rpx;margin-top:330rpx;"}, "referenceVariable": [], "referenceFunction": [], "style": [], "inheritClass": null, "wxss": [], "page": null, "path": "D:\\WORK\\2021\\MPDF\\baseline\\ui\\instabolt闪充吧\\order.wxml", "child": [], "parent": 2, "matchString": []}, {"id": 4, "type": "view", "string": "您还没有一个订单哦", "attribute": {"class": ["f14", "c-33", "mt10"]}, "referenceVariable": [], "referenceFunction": [], "style": [], "inheritClass": null, "wxss": [], "page": null, "path": "D:\\WORK\\2021\\MPDF\\baseline\\ui\\instabolt闪充吧\\order.wxml", "child": [], "parent": 2, "matchString": [{"type": "self", "string": "您还没有一个订单哦"}]}, {"id": 5, "type": "scroll-view", "string": null, "attribute": {"bindscrolltolower": "__e", "bindscrolltoupper": "__e", "class": ["bg-white"], "data-event-opts": "{{[ [ 'scrolltoupper',[ [ 'getList',[1] ] ] ],[ 'scrolltolower',[ [ 'loadNext',['$event'] ] ] ] ]}}", "scrolly": "true", "style": "height:100%;", "upperthreshold": "-50"}, "referenceVariable": ["[ [ 'scrolltoupper',[ [ 'getList',[1] ] ] ],[ 'scrolltolower',[ [ 'loadNext',['$event'] ] ] ] ]"], "referenceFunction": ["__e"], "style": [], "inheritClass": null, "wxss": [], "page": null, "path": "D:\\WORK\\2021\\MPDF\\baseline\\ui\\instabolt闪充吧\\order.wxml", "child": [6], "parent": 1, "matchString": [{"type": "attr", "string": "true"}, {"type": "attr", "string": "-50"}, {"type": "relation", "string": "{{item.uuid}}"}, {"type": "relation", "string": "使用中"}, {"type": "relation", "string": "已取消"}, {"type": "relation", "string": "已完成"}, {"type": "relation", "string": "租借时长"}, {"type": "relation", "string": "{{item.useTime}}"}, {"type": "relation", "string": "租借套餐"}, {"type": "relation", "string": "{{item.remark}}"}, {"type": "relation", "string": "租借时间"}, {"type": "relation", "string": "{{item.stime}}"}, {"type": "relation", "string": "商家名称"}, {"type": "relation", "string": "{{item.merchantName}}"}, {"type": "relation", "string": "租借地点"}, {"type": "relation", "string": "{{item.merchantAddress}}"}, {"type": "relation", "string": "{{'£'+item.totalAmount}}"}, {"type": "relation", "string": "重新获取密码"}, {"type": "relation", "string": "{{!(item.status==1)}}"}, {"type": "relation", "string": "充电宝丢了？"}, {"type": "relation", "string": "订单异常"}, {"type": "relation", "string": "请输入以下密码充电"}, {"type": "relation", "string": "{{item}}"}, {"type": "relation", "string": "确定"}]}, {"id": 6, "type": "view", "string": null, "attribute": {"class": ["order-items"], "wx:for": "{{orderList}}", "wx:key": "index"}, "referenceVariable": ["orderList"], "referenceFunction": [], "style": [], "inheritClass": null, "wxss": [], "page": null, "path": "D:\\WORK\\2021\\MPDF\\baseline\\ui\\instabolt闪充吧\\order.wxml", "child": [7, 20, 46, 51], "parent": 5, "matchString": [{"type": "relation", "string": "{{item.uuid}}"}, {"type": "relation", "string": "使用中"}, {"type": "relation", "string": "已取消"}, {"type": "relation", "string": "已完成"}, {"type": "relation", "string": "租借时长"}, {"type": "relation", "string": "{{item.useTime}}"}, {"type": "relation", "string": "租借套餐"}, {"type": "relation", "string": "{{item.remark}}"}, {"type": "relation", "string": "租借时间"}, {"type": "relation", "string": "{{item.stime}}"}, {"type": "relation", "string": "商家名称"}, {"type": "relation", "string": "{{item.merchantName}}"}, {"type": "relation", "string": "租借地点"}, {"type": "relation", "string": "{{item.merchantAddress}}"}, {"type": "relation", "string": "{{'£'+item.totalAmount}}"}, {"type": "relation", "string": "重新获取密码"}, {"type": "relation", "string": "{{!(item.status==1)}}"}, {"type": "relation", "string": "充电宝丢了？"}, {"type": "relation", "string": "订单异常"}, {"type": "relation", "string": "请输入以下密码充电"}, {"type": "relation", "string": "{{item}}"}, {"type": "relation", "string": "确定"}]}, {"id": 7, "type": "view", "string": null, "attribute": {"class": ["justbetween", "bt1", "center-item", "p10"]}, "referenceVariable": [], "referenceFunction": [], "style": [], "inheritClass": null, "wxss": [], "page": null, "path": "D:\\WORK\\2021\\MPDF\\baseline\\ui\\instabolt闪充吧\\order.wxml", "child": [8, 16, 17], "parent": 6, "matchString": [{"type": "relation", "string": "{{item.uuid}}"}, {"type": "relation", "string": "使用中"}, {"type": "relation", "string": "已取消"}, {"type": "relation", "string": "已完成"}]}, {"id": 8, "type": "view", "string": null, "attribute": {"class": ["flexBox", "center-item"]}, "referenceVariable": [], "referenceFunction": [], "style": [], "inheritClass": null, "wxss": [], "page": null, "path": "D:\\WORK\\2021\\MPDF\\baseline\\ui\\instabolt闪充吧\\order.wxml", "child": [9, 12, 15], "parent": 7, "matchString": [{"type": "relation", "string": "{{item.uuid}}"}]}, {"id": 9, "type": "block", "string": null, "attribute": {"wx:if": "{{item.type==1}}"}, "referenceVariable": ["item.type==1"], "referenceFunction": [], "style": [], "inheritClass": null, "wxss": [], "page": null, "path": "D:\\WORK\\2021\\MPDF\\baseline\\ui\\instabolt闪充吧\\order.wxml", "child": [10, 11], "parent": 8, "matchString": []}, {"id": 10, "type": "image", "string": null, "attribute": {"class": ["type-tip"], "src": "../../static/pic/icon_por.png", "wx:if": "{{item.status==2||item.status==10}}"}, "referenceVariable": ["item.status==2||item.status==10"], "referenceFunction": [], "style": [], "inheritClass": null, "wxss": [], "page": null, "path": "D:\\WORK\\2021\\MPDF\\baseline\\ui\\instabolt闪充吧\\order.wxml", "child": [], "parent": 9, "matchString": []}, {"id": 11, "type": "image", "string": null, "attribute": {"class": ["type-tip"], "src": "../../static/pic/icon_por_active.png", "wx:else": ""}, "referenceVariable": [], "referenceFunction": [], "style": [], "inheritClass": null, "wxss": [], "page": null, "path": "D:\\WORK\\2021\\MPDF\\baseline\\ui\\instabolt闪充吧\\order.wxml", "child": [], "parent": 9, "matchString": []}, {"id": 12, "type": "block", "string": null, "attribute": {"wx:if": "{{item.type==2}}"}, "referenceVariable": ["item.type==2"], "referenceFunction": [], "style": [], "inheritClass": null, "wxss": [], "page": null, "path": "D:\\WORK\\2021\\MPDF\\baseline\\ui\\instabolt闪充吧\\order.wxml", "child": [13, 14], "parent": 8, "matchString": []}, {"id": 13, "type": "image", "string": null, "attribute": {"class": ["type-tip"], "src": "../../static/pic/icon_line.png", "wx:if": "{{item.status==2||item.status==10}}"}, "referenceVariable": ["item.status==2||item.status==10"], "referenceFunction": [], "style": [], "inheritClass": null, "wxss": [], "page": null, "path": "D:\\WORK\\2021\\MPDF\\baseline\\ui\\instabolt闪充吧\\order.wxml", "child": [], "parent": 12, "matchString": []}, {"id": 14, "type": "image", "string": null, "attribute": {"class": ["type-tip"], "src": "../../static/pic/icon_line_active.png", "wx:else": ""}, "referenceVariable": [], "referenceFunction": [], "style": [], "inheritClass": null, "wxss": [], "page": null, "path": "D:\\WORK\\2021\\MPDF\\baseline\\ui\\instabolt闪充吧\\order.wxml", "child": [], "parent": 12, "matchString": []}, {"id": 15, "type": "text", "string": "{{item.uuid}}", "attribute": {"class": ["f16", "c-33", "plr10"]}, "referenceVariable": [], "referenceFunction": [], "style": [], "inheritClass": null, "wxss": [], "page": null, "path": "D:\\WORK\\2021\\MPDF\\baseline\\ui\\instabolt闪充吧\\order.wxml", "child": [], "parent": 8, "matchString": [{"type": "self", "string": "{{item.uuid}}"}]}, {"id": 16, "type": "view", "string": "使用中", "attribute": {"class": ["f14", "c-118EEA"], "wx:if": "{{item.status==1}}"}, "referenceVariable": ["item.status==1"], "referenceFunction": [], "style": [], "inheritClass": null, "wxss": [], "page": null, "path": "D:\\WORK\\2021\\MPDF\\baseline\\ui\\instabolt闪充吧\\order.wxml", "child": [], "parent": 7, "matchString": [{"type": "self", "string": "使用中"}]}, {"id": 17, "type": "block", "string": null, "attribute": {"wx:else": ""}, "referenceVariable": [], "referenceFunction": [], "style": [], "inheritClass": null, "wxss": [], "page": null, "path": "D:\\WORK\\2021\\MPDF\\baseline\\ui\\instabolt闪充吧\\order.wxml", "child": [18, 19], "parent": 7, "matchString": [{"type": "relation", "string": "已取消"}, {"type": "relation", "string": "已完成"}]}, {"id": 18, "type": "view", "string": "已取消", "attribute": {"class": ["f14"], "wx:if": "{{item.status==10}}"}, "referenceVariable": ["item.status==10"], "referenceFunction": [], "style": [], "inheritClass": null, "wxss": [], "page": null, "path": "D:\\WORK\\2021\\MPDF\\baseline\\ui\\instabolt闪充吧\\order.wxml", "child": [], "parent": 17, "matchString": [{"type": "self", "string": "已取消"}]}, {"id": 19, "type": "view", "string": "已完成", "attribute": {"class": ["f14"], "wx:else": ""}, "referenceVariable": [], "referenceFunction": [], "style": [], "inheritClass": null, "wxss": [], "page": null, "path": "D:\\WORK\\2021\\MPDF\\baseline\\ui\\instabolt闪充吧\\order.wxml", "child": [], "parent": 17, "matchString": [{"type": "self", "string": "已完成"}]}, {"id": 20, "type": "view", "string": null, "attribute": {"class": ["f12", "p10", "bt1"]}, "referenceVariable": [], "referenceFunction": [], "style": [], "inheritClass": null, "wxss": [], "page": null, "path": "D:\\WORK\\2021\\MPDF\\baseline\\ui\\instabolt闪充吧\\order.wxml", "child": [21, 24, 27, 30, 33, 36, 42], "parent": 6, "matchString": [{"type": "relation", "string": "租借时长"}, {"type": "relation", "string": "{{item.useTime}}"}, {"type": "relation", "string": "租借套餐"}, {"type": "relation", "string": "{{item.remark}}"}, {"type": "relation", "string": "租借时间"}, {"type": "relation", "string": "{{item.stime}}"}, {"type": "relation", "string": "商家名称"}, {"type": "relation", "string": "{{item.merchantName}}"}, {"type": "relation", "string": "租借地点"}, {"type": "relation", "string": "{{item.merchantAddress}}"}, {"type": "relation", "string": "{{'£'+item.totalAmount}}"}, {"type": "relation", "string": "重新获取密码"}, {"type": "relation", "string": "{{!(item.status==1)}}"}]}, {"id": 21, "type": "view", "string": null, "attribute": {"class": ["justbetween"], "wx:if": "{{item.type==1}}"}, "referenceVariable": ["item.type==1"], "referenceFunction": [], "style": [], "inheritClass": null, "wxss": [], "page": null, "path": "D:\\WORK\\2021\\MPDF\\baseline\\ui\\instabolt闪充吧\\order.wxml", "child": [22, 23], "parent": 20, "matchString": [{"type": "relation", "string": "租借时长"}, {"type": "relation", "string": "{{item.useTime}}"}]}, {"id": 22, "type": "text", "string": "租借时长", "attribute": {"class": ["c-99"]}, "referenceVariable": [], "referenceFunction": [], "style": [], "inheritClass": null, "wxss": [], "page": null, "path": "D:\\WORK\\2021\\MPDF\\baseline\\ui\\instabolt闪充吧\\order.wxml", "child": [], "parent": 21, "matchString": [{"type": "self", "string": "租借时长"}]}, {"id": 23, "type": "text", "string": "{{item.useTime}}", "attribute": {"class": ["c-66"]}, "referenceVariable": [], "referenceFunction": [], "style": [], "inheritClass": null, "wxss": [], "page": null, "path": "D:\\WORK\\2021\\MPDF\\baseline\\ui\\instabolt闪充吧\\order.wxml", "child": [], "parent": 21, "matchString": [{"type": "self", "string": "{{item.useTime}}"}]}, {"id": 24, "type": "view", "string": null, "attribute": {"class": ["justbetween"], "wx:else": ""}, "referenceVariable": [], "referenceFunction": [], "style": [], "inheritClass": null, "wxss": [], "page": null, "path": "D:\\WORK\\2021\\MPDF\\baseline\\ui\\instabolt闪充吧\\order.wxml", "child": [25, 26], "parent": 20, "matchString": [{"type": "relation", "string": "租借套餐"}, {"type": "relation", "string": "{{item.remark}}"}]}, {"id": 25, "type": "text", "string": "租借套餐", "attribute": {"class": ["c-99"]}, "referenceVariable": [], "referenceFunction": [], "style": [], "inheritClass": null, "wxss": [], "page": null, "path": "D:\\WORK\\2021\\MPDF\\baseline\\ui\\instabolt闪充吧\\order.wxml", "child": [], "parent": 24, "matchString": [{"type": "self", "string": "租借套餐"}]}, {"id": 26, "type": "text", "string": "{{item.remark}}", "attribute": {"class": ["c-66"]}, "referenceVariable": [], "referenceFunction": [], "style": [], "inheritClass": null, "wxss": [], "page": null, "path": "D:\\WORK\\2021\\MPDF\\baseline\\ui\\instabolt闪充吧\\order.wxml", "child": [], "parent": 24, "matchString": [{"type": "self", "string": "{{item.remark}}"}]}, {"id": 27, "type": "view", "string": null, "attribute": {"class": ["justbetween", "mt10"]}, "referenceVariable": [], "referenceFunction": [], "style": [], "inheritClass": null, "wxss": [], "page": null, "path": "D:\\WORK\\2021\\MPDF\\baseline\\ui\\instabolt闪充吧\\order.wxml", "child": [28, 29], "parent": 20, "matchString": [{"type": "relation", "string": "租借时间"}, {"type": "relation", "string": "{{item.stime}}"}]}, {"id": 28, "type": "text", "string": "租借时间", "attribute": {"class": ["c-99"]}, "referenceVariable": [], "referenceFunction": [], "style": [], "inheritClass": null, "wxss": [], "page": null, "path": "D:\\WORK\\2021\\MPDF\\baseline\\ui\\instabolt闪充吧\\order.wxml", "child": [], "parent": 27, "matchString": [{"type": "self", "string": "租借时间"}]}, {"id": 29, "type": "text", "string": "{{item.stime}}", "attribute": {"class": ["c-66"]}, "referenceVariable": [], "referenceFunction": [], "style": [], "inheritClass": null, "wxss": [], "page": null, "path": "D:\\WORK\\2021\\MPDF\\baseline\\ui\\instabolt闪充吧\\order.wxml", "child": [], "parent": 27, "matchString": [{"type": "self", "string": "{{item.stime}}"}]}, {"id": 30, "type": "view", "string": null, "attribute": {"class": ["justbetween", "mt10"]}, "referenceVariable": [], "referenceFunction": [], "style": [], "inheritClass": null, "wxss": [], "page": null, "path": "D:\\WORK\\2021\\MPDF\\baseline\\ui\\instabolt闪充吧\\order.wxml", "child": [31, 32], "parent": 20, "matchString": [{"type": "relation", "string": "商家名称"}, {"type": "relation", "string": "{{item.merchantName}}"}]}, {"id": 31, "type": "text", "string": "商家名称", "attribute": {"class": ["c-99"]}, "referenceVariable": [], "referenceFunction": [], "style": [], "inheritClass": null, "wxss": [], "page": null, "path": "D:\\WORK\\2021\\MPDF\\baseline\\ui\\instabolt闪充吧\\order.wxml", "child": [], "parent": 30, "matchString": [{"type": "self", "string": "商家名称"}]}, {"id": 32, "type": "text", "string": "{{item.merchantName}}", "attribute": {"class": ["c-66"]}, "referenceVariable": [], "referenceFunction": [], "style": [], "inheritClass": null, "wxss": [], "page": null, "path": "D:\\WORK\\2021\\MPDF\\baseline\\ui\\instabolt闪充吧\\order.wxml", "child": [], "parent": 30, "matchString": [{"type": "self", "string": "{{item.merchantName}}"}]}, {"id": 33, "type": "view", "string": null, "attribute": {"class": ["justbetween", "mt10"]}, "referenceVariable": [], "referenceFunction": [], "style": [], "inheritClass": null, "wxss": [], "page": null, "path": "D:\\WORK\\2021\\MPDF\\baseline\\ui\\instabolt闪充吧\\order.wxml", "child": [34, 35], "parent": 20, "matchString": [{"type": "relation", "string": "租借地点"}, {"type": "relation", "string": "{{item.merchantAddress}}"}]}, {"id": 34, "type": "text", "string": "租借地点", "attribute": {"class": ["c-99"]}, "referenceVariable": [], "referenceFunction": [], "style": [], "inheritClass": null, "wxss": [], "page": null, "path": "D:\\WORK\\2021\\MPDF\\baseline\\ui\\instabolt闪充吧\\order.wxml", "child": [], "parent": 33, "matchString": [{"type": "self", "string": "租借地点"}]}, {"id": 35, "type": "text", "string": "{{item.merchantAddress}}", "attribute": {"class": ["c-66"]}, "referenceVariable": [], "referenceFunction": [], "style": [], "inheritClass": null, "wxss": [], "page": null, "path": "D:\\WORK\\2021\\MPDF\\baseline\\ui\\instabolt闪充吧\\order.wxml", "child": [], "parent": 33, "matchString": [{"type": "self", "string": "{{item.merchantAddress}}"}]}, {"id": 36, "type": "view", "string": null, "attribute": {"class": ["justbetween", "mt10"], "wx:if": "{{item.type==1}}"}, "referenceVariable": ["item.type==1"], "referenceFunction": [], "style": [], "inheritClass": null, "wxss": [], "page": null, "path": "D:\\WORK\\2021\\MPDF\\baseline\\ui\\instabolt闪充吧\\order.wxml", "child": [37, 38, 40], "parent": 20, "matchString": [{"type": "relation", "string": "{{'£'+item.totalAmount}}"}]}, {"id": 37, "type": "view", "string": null, "attribute": {}, "referenceVariable": [], "referenceFunction": [], "style": [], "inheritClass": null, "wxss": [], "page": null, "path": "D:\\WORK\\2021\\MPDF\\baseline\\ui\\instabolt闪充吧\\order.wxml", "child": [], "parent": 36, "matchString": []}, {"id": 38, "type": "view", "string": null, "attribute": {"class": ["f14", "c-33"], "wx:if": "{{item.status!=2}}"}, "referenceVariable": ["item.status!=2"], "referenceFunction": [], "style": [], "inheritClass": null, "wxss": [], "page": null, "path": "D:\\WORK\\2021\\MPDF\\baseline\\ui\\instabolt闪充吧\\order.wxml", "child": [39], "parent": 36, "matchString": [{"type": "relation", "string": "{{'£'+item.totalAmount}}"}]}, {"id": 39, "type": "text", "string": "{{'£'+item.totalAmount}}", "attribute": {"class": ["order-cash"]}, "referenceVariable": [], "referenceFunction": [], "style": [], "inheritClass": null, "wxss": [], "page": null, "path": "D:\\WORK\\2021\\MPDF\\baseline\\ui\\instabolt闪充吧\\order.wxml", "child": [], "parent": 38, "matchString": [{"type": "self", "string": "{{'£'+item.totalAmount}}"}]}, {"id": 40, "type": "view", "string": null, "attribute": {"class": ["f14", "c-33"], "wx:else": ""}, "referenceVariable": [], "referenceFunction": [], "style": [], "inheritClass": null, "wxss": [], "page": null, "path": "D:\\WORK\\2021\\MPDF\\baseline\\ui\\instabolt闪充吧\\order.wxml", "child": [41], "parent": 36, "matchString": [{"type": "relation", "string": "{{'£'+item.totalAmount}}"}]}, {"id": 41, "type": "text", "string": "{{'£'+item.totalAmount}}", "attribute": {"class": ["order-cash"]}, "referenceVariable": [], "referenceFunction": [], "style": [], "inheritClass": null, "wxss": [], "page": null, "path": "D:\\WORK\\2021\\MPDF\\baseline\\ui\\instabolt闪充吧\\order.wxml", "child": [], "parent": 40, "matchString": [{"type": "self", "string": "{{'£'+item.totalAmount}}"}]}, {"id": 42, "type": "view", "string": null, "attribute": {"class": ["justbetween", "mt10", "center-item"], "wx:if": "{{item.type==2}}"}, "referenceVariable": ["item.type==2"], "referenceFunction": [], "style": [], "inheritClass": null, "wxss": [], "page": null, "path": "D:\\WORK\\2021\\MPDF\\baseline\\ui\\instabolt闪充吧\\order.wxml", "child": [43, 45], "parent": 20, "matchString": [{"type": "relation", "string": "{{'£'+item.totalAmount}}"}, {"type": "relation", "string": "重新获取密码"}, {"type": "relation", "string": "{{!(item.status==1)}}"}]}, {"id": 43, "type": "view", "string": null, "attribute": {"class": ["f14", "c-33"]}, "referenceVariable": [], "referenceFunction": [], "style": [], "inheritClass": null, "wxss": [], "page": null, "path": "D:\\WORK\\2021\\MPDF\\baseline\\ui\\instabolt闪充吧\\order.wxml", "child": [44], "parent": 42, "matchString": [{"type": "relation", "string": "{{'£'+item.totalAmount}}"}]}, {"id": 44, "type": "text", "string": "{{'£'+item.totalAmount}}", "attribute": {"class": ["order-cash"]}, "referenceVariable": [], "referenceFunction": [], "style": [], "inheritClass": null, "wxss": [], "page": null, "path": "D:\\WORK\\2021\\MPDF\\baseline\\ui\\instabolt闪充吧\\order.wxml", "child": [], "parent": 43, "matchString": [{"type": "self", "string": "{{'£'+item.totalAmount}}"}]}, {"id": 45, "type": "view", "string": "重新获取密码", "attribute": {"bindtap": "__e", "class": ["plr10", "ptb5", "order-border", "f12"], "data-event-opts": "{{[ [ 'tap',[ [ 'reget',['$0'],[ [ ['orderList','',index,'uuid'] ] ] ] ] ] ]}}", "hidden": "{{!(item.status==1)}}"}, "referenceVariable": ["[ [ 'tap',[ [ 'reget',['$0'],[ [ ['orderList','',index,'uuid'] ] ] ] ] ] ]", "!(item.status==1)"], "referenceFunction": ["__e"], "style": [], "inheritClass": null, "wxss": [], "page": null, "path": "D:\\WORK\\2021\\MPDF\\baseline\\ui\\instabolt闪充吧\\order.wxml", "child": [], "parent": 42, "matchString": [{"type": "self", "string": "重新获取密码"}, {"type": "attr", "string": "{{!(item.status==1)}}"}]}, {"id": 46, "type": "view", "string": null, "attribute": {"class": ["p10", "justbetween", "f11", "c-33", "center-item"], "wx:if": "{{item.type==1}}"}, "referenceVariable": ["item.type==1"], "referenceFunction": [], "style": [], "inheritClass": null, "wxss": [], "page": null, "path": "D:\\WORK\\2021\\MPDF\\baseline\\ui\\instabolt闪充吧\\order.wxml", "child": [47, 48], "parent": 6, "matchString": [{"type": "relation", "string": "充电宝丢了？"}, {"type": "relation", "string": "订单异常"}]}, {"id": 47, "type": "view", "string": null, "attribute": {}, "referenceVariable": [], "referenceFunction": [], "style": [], "inheritClass": null, "wxss": [], "page": null, "path": "D:\\WORK\\2021\\MPDF\\baseline\\ui\\instabolt闪充吧\\order.wxml", "child": [], "parent": 46, "matchString": []}, {"id": 48, "type": "view", "string": null, "attribute": {"class": ["justbetween"], "wx:if": "{{item.status!=2&&item.status!=10}}"}, "referenceVariable": ["item.status!=2&&item.status!=10"], "referenceFunction": [], "style": [], "inheritClass": null, "wxss": [], "page": null, "path": "D:\\WORK\\2021\\MPDF\\baseline\\ui\\instabolt闪充吧\\order.wxml", "child": [49, 50], "parent": 46, "matchString": [{"type": "relation", "string": "充电宝丢了？"}, {"type": "relation", "string": "订单异常"}]}, {"id": 49, "type": "view", "string": "充电宝丢了？", "attribute": {"bindtap": "__e", "class": ["plr10", "ptb5", "f12"], "data-event-opts": "{{[ [ 'tap',[ [ 'loseMachine',['$0'],[ [ ['orderList','',index,'uuid'] ] ] ] ] ] ]}}"}, "referenceVariable": ["[ [ 'tap',[ [ 'loseMachine',['$0'],[ [ ['orderList','',index,'uuid'] ] ] ] ] ] ]"], "referenceFunction": ["__e"], "style": [], "inheritClass": null, "wxss": [], "page": null, "path": "D:\\WORK\\2021\\MPDF\\baseline\\ui\\instabolt闪充吧\\order.wxml", "child": [], "parent": 48, "matchString": [{"type": "self", "string": "充电宝丢了？"}]}, {"id": 50, "type": "view", "string": "订单异常", "attribute": {"bindtap": "__e", "class": ["plr10", "ptb5", "order-border", "f12"], "data-event-opts": "{{[ [ 'tap',[ [ 'mistakeOrder',['$0'],[ [ ['orderList','',index,'uuid'] ] ] ] ] ] ]}}"}, "referenceVariable": ["[ [ 'tap',[ [ 'mistakeOrder',['$0'],[ [ ['orderList','',index,'uuid'] ] ] ] ] ] ]"], "referenceFunction": ["__e"], "style": [], "inheritClass": null, "wxss": [], "page": null, "path": "D:\\WORK\\2021\\MPDF\\baseline\\ui\\instabolt闪充吧\\order.wxml", "child": [], "parent": 48, "matchString": [{"type": "self", "string": "订单异常"}]}, {"id": 51, "type": "block", "string": null, "attribute": {"wx:if": "{{showPwd}}"}, "referenceVariable": ["showPwd"], "referenceFunction": [], "style": [], "inheritClass": null, "wxss": [], "page": null, "path": "D:\\WORK\\2021\\MPDF\\baseline\\ui\\instabolt闪充吧\\order.wxml", "child": [52, 53], "parent": 6, "matchString": [{"type": "relation", "string": "请输入以下密码充电"}, {"type": "relation", "string": "{{item}}"}, {"type": "relation", "string": "确定"}]}, {"id": 52, "type": "view", "string": null, "attribute": {"class": ["bg-meng"]}, "referenceVariable": [], "referenceFunction": [], "style": [], "inheritClass": null, "wxss": [], "page": null, "path": "D:\\WORK\\2021\\MPDF\\baseline\\ui\\instabolt闪充吧\\order.wxml", "child": [], "parent": 51, "matchString": []}, {"id": 53, "type": "view", "string": null, "attribute": {"class": ["psd-box", "bg-white", "tc", "border-box", "plr20", "ptb30"]}, "referenceVariable": [], "referenceFunction": [], "style": [], "inheritClass": null, "wxss": [], "page": null, "path": "D:\\WORK\\2021\\MPDF\\baseline\\ui\\instabolt闪充吧\\order.wxml", "child": [54, 55, 56, 58], "parent": 51, "matchString": [{"type": "relation", "string": "请输入以下密码充电"}, {"type": "relation", "string": "{{item}}"}, {"type": "relation", "string": "确定"}]}, {"id": 54, "type": "image", "string": null, "attribute": {"src": "../../static/pic/logo_nav.png", "style": "width:210rpx;height:92rpx;"}, "referenceVariable": [], "referenceFunction": [], "style": [], "inheritClass": null, "wxss": [], "page": null, "path": "D:\\WORK\\2021\\MPDF\\baseline\\ui\\instabolt闪充吧\\order.wxml", "child": [], "parent": 53, "matchString": []}, {"id": 55, "type": "view", "string": "请输入以下密码充电", "attribute": {"class": ["f18", "c-33", "mt10"]}, "referenceVariable": [], "referenceFunction": [], "style": [], "inheritClass": null, "wxss": [], "page": null, "path": "D:\\WORK\\2021\\MPDF\\baseline\\ui\\instabolt闪充吧\\order.wxml", "child": [], "parent": 53, "matchString": [{"type": "self", "string": "请输入以下密码充电"}]}, {"id": 56, "type": "view", "string": null, "attribute": {"class": ["justbetween", "mt15"]}, "referenceVariable": [], "referenceFunction": [], "style": [], "inheritClass": null, "wxss": [], "page": null, "path": "D:\\WORK\\2021\\MPDF\\baseline\\ui\\instabolt闪充吧\\order.wxml", "child": [57], "parent": 53, "matchString": [{"type": "relation", "string": "{{item}}"}]}, {"id": 57, "type": "view", "string": "{{item}}", "attribute": {"class": ["psd-border", "border-box", "tc"], "wx:for": "{{pwd}}", "wx:key": "index"}, "referenceVariable": ["pwd"], "referenceFunction": [], "style": [], "inheritClass": null, "wxss": [], "page": null, "path": "D:\\WORK\\2021\\MPDF\\baseline\\ui\\instabolt闪充吧\\order.wxml", "child": [], "parent": 56, "matchString": [{"type": "self", "string": "{{item}}"}]}, {"id": 58, "type": "view", "string": "确定", "attribute": {"bindtap": "__e", "class": ["sure-btn", "c-white", "f16", "tc", "mt10", "dib", "mt30"], "data-event-opts": "{{[ [ 'tap',[ [ 'hidePwd',['$event'] ] ] ] ]}}"}, "referenceVariable": ["[ [ 'tap',[ [ 'hidePwd',['$event'] ] ] ] ]"], "referenceFunction": ["__e"], "style": [], "inheritClass": null, "wxss": [], "page": null, "path": "D:\\WORK\\2021\\MPDF\\baseline\\ui\\instabolt闪充吧\\order.wxml", "child": [], "parent": 53, "matchString": [{"type": "self", "string": "确定"}]}]