{"definedData":[],"dynamicDefinedData":[{"shadowObjectVar":"__object__3","dynamicDefinedProps":[{"propName":".setData","readShadows":[{"shadowVar":{"declaredName":"__object__3.setData","file":"D:\\WORK\\2021\\MPDF\\white_paper\\json\\dataset2.3wxapkg\\动图宇宙\\_431774825_38\\pages\\dtyzAll\\dtyzAll.js"},"readAccess":[{"leftVar":[{"declaredName":"s","declaredLoc":{"line":15,"column":12},"file":"D:\\WORK\\2021\\MPDF\\white_paper\\json\\dataset2.3wxapkg\\动图宇宙\\_431774825_38\\pages\\dtyzAll\\dtyzAll.js"}],"readFlow":[{"type":"assign to","from":{"name":"this","loc":{"line":15,"column":16},"id":12232031,"file":"D:\\WORK\\2021\\MPDF\\white_paper\\json\\dataset2.3wxapkg\\动图宇宙\\_431774825_38\\pages\\dtyzAll\\dtyzAll.js"},"to":{"name":"s","loc":{"line":15,"column":12},"id":12232030,"file":"D:\\WORK\\2021\\MPDF\\white_paper\\json\\dataset2.3wxapkg\\动图宇宙\\_431774825_38\\pages\\dtyzAll\\dtyzAll.js"}}]}]}],"writeShadows":[{"shadowVar":{"declaredName":"__object__3.setData","file":"D:\\WORK\\2021\\MPDF\\white_paper\\json\\dataset2.3wxapkg\\动图宇宙\\_431774825_38\\pages\\dtyzAll\\dtyzAll.js"},"writeAccess":[]}]},{"propName":".data","readShadows":[{"shadowVar":{"declaredName":"__object__3.data","declaredLoc":{"line":4,"column":4},"file":"D:\\WORK\\2021\\MPDF\\white_paper\\json\\dataset2.3wxapkg\\动图宇宙\\_431774825_38\\pages\\dtyzAll\\dtyzAll.js"},"readAccess":[{"leftVar":[{"declaredName":"s","declaredLoc":{"line":15,"column":12},"file":"D:\\WORK\\2021\\MPDF\\white_paper\\json\\dataset2.3wxapkg\\动图宇宙\\_431774825_38\\pages\\dtyzAll\\dtyzAll.js"}],"readFlow":[{"type":"assign to","from":{"name":"this","loc":{"line":15,"column":16},"id":12232031,"file":"D:\\WORK\\2021\\MPDF\\white_paper\\json\\dataset2.3wxapkg\\动图宇宙\\_431774825_38\\pages\\dtyzAll\\dtyzAll.js"},"to":{"name":"s","loc":{"line":15,"column":12},"id":12232030,"file":"D:\\WORK\\2021\\MPDF\\white_paper\\json\\dataset2.3wxapkg\\动图宇宙\\_431774825_38\\pages\\dtyzAll\\dtyzAll.js"}}]}]}],"writeShadows":[{"shadowVar":{"declaredName":"__object__3.data","declaredLoc":{"line":4,"column":4},"file":"D:\\WORK\\2021\\MPDF\\white_paper\\json\\dataset2.3wxapkg\\动图宇宙\\_431774825_38\\pages\\dtyzAll\\dtyzAll.js"},"writeAccess":[]}]},{"propName":".change","readShadows":[{"shadowVar":{"declaredName":"__object__3.change","declaredLoc":{"line":9,"column":4},"file":"D:\\WORK\\2021\\MPDF\\white_paper\\json\\dataset2.3wxapkg\\动图宇宙\\_431774825_38\\pages\\dtyzAll\\dtyzAll.js"},"readAccess":[{"leftVar":[{"declaredName":"s","declaredLoc":{"line":15,"column":12},"file":"D:\\WORK\\2021\\MPDF\\white_paper\\json\\dataset2.3wxapkg\\动图宇宙\\_431774825_38\\pages\\dtyzAll\\dtyzAll.js"}],"readFlow":[{"type":"assign to","from":{"name":"this","loc":{"line":15,"column":16},"id":12232031,"file":"D:\\WORK\\2021\\MPDF\\white_paper\\json\\dataset2.3wxapkg\\动图宇宙\\_431774825_38\\pages\\dtyzAll\\dtyzAll.js"},"to":{"name":"s","loc":{"line":15,"column":12},"id":12232030,"file":"D:\\WORK\\2021\\MPDF\\white_paper\\json\\dataset2.3wxapkg\\动图宇宙\\_431774825_38\\pages\\dtyzAll\\dtyzAll.js"}}]}]}],"writeShadows":[{"shadowVar":{"declaredName":"__object__3.change","declaredLoc":{"line":9,"column":4},"file":"D:\\WORK\\2021\\MPDF\\white_paper\\json\\dataset2.3wxapkg\\动图宇宙\\_431774825_38\\pages\\dtyzAll\\dtyzAll.js"},"writeAccess":[]}]},{"propName":".onLoad","readShadows":[{"shadowVar":{"declaredName":"__object__3.onLoad","declaredLoc":{"line":14,"column":4},"file":"D:\\WORK\\2021\\MPDF\\white_paper\\json\\dataset2.3wxapkg\\动图宇宙\\_431774825_38\\pages\\dtyzAll\\dtyzAll.js"},"readAccess":[{"leftVar":[{"declaredName":"s","declaredLoc":{"line":15,"column":12},"file":"D:\\WORK\\2021\\MPDF\\white_paper\\json\\dataset2.3wxapkg\\动图宇宙\\_431774825_38\\pages\\dtyzAll\\dtyzAll.js"}],"readFlow":[{"type":"assign to","from":{"name":"this","loc":{"line":15,"column":16},"id":12232031,"file":"D:\\WORK\\2021\\MPDF\\white_paper\\json\\dataset2.3wxapkg\\动图宇宙\\_431774825_38\\pages\\dtyzAll\\dtyzAll.js"},"to":{"name":"s","loc":{"line":15,"column":12},"id":12232030,"file":"D:\\WORK\\2021\\MPDF\\white_paper\\json\\dataset2.3wxapkg\\动图宇宙\\_431774825_38\\pages\\dtyzAll\\dtyzAll.js"}}]}]}],"writeShadows":[{"shadowVar":{"declaredName":"__object__3.onLoad","declaredLoc":{"line":14,"column":4},"file":"D:\\WORK\\2021\\MPDF\\white_paper\\json\\dataset2.3wxapkg\\动图宇宙\\_431774825_38\\pages\\dtyzAll\\dtyzAll.js"},"writeAccess":[]}]}]},{"shadowObjectVar":"__object__4","dynamicDefinedProps":[{"propName":".activeIndex","readShadows":[{"shadowVar":{"declaredName":"__object__4.activeIndex","declaredLoc":{"line":5,"column":8},"file":"D:\\WORK\\2021\\MPDF\\white_paper\\json\\dataset2.3wxapkg\\动图宇宙\\_431774825_38\\pages\\dtyzAll\\dtyzAll.js"},"readAccess":[{"leftVar":[{"declaredName":"__object__3.data","declaredLoc":{"line":4,"column":4},"file":"D:\\WORK\\2021\\MPDF\\white_paper\\json\\dataset2.3wxapkg\\动图宇宙\\_431774825_38\\pages\\dtyzAll\\dtyzAll.js"}],"readFlow":[{"type":"assign to","from":{"name":"activeIndex","loc":{"line":5,"column":8},"id":12231995,"file":"D:\\WORK\\2021\\MPDF\\white_paper\\json\\dataset2.3wxapkg\\动图宇宙\\_431774825_38\\pages\\dtyzAll\\dtyzAll.js"},"to":{"name":"data","loc":{"line":4,"column":4},"id":12231992,"file":"D:\\WORK\\2021\\MPDF\\white_paper\\json\\dataset2.3wxapkg\\动图宇宙\\_431774825_38\\pages\\dtyzAll\\dtyzAll.js"}},{"type":"to callee","from":{"name":"data","loc":{"line":4,"column":4},"id":12231992,"file":"D:\\WORK\\2021\\MPDF\\white_paper\\json\\dataset2.3wxapkg\\动图宇宙\\_431774825_38\\pages\\dtyzAll\\dtyzAll.js"},"to":{"name":"Page","loc":{"line":3,"column":0},"id":12231989,"file":"D:\\WORK\\2021\\MPDF\\white_paper\\json\\dataset2.3wxapkg\\动图宇宙\\_431774825_38\\pages\\dtyzAll\\dtyzAll.js"}},{"type":"read","from":{"name":"data","loc":{"line":4,"column":4},"id":12231992,"file":"D:\\WORK\\2021\\MPDF\\white_paper\\json\\dataset2.3wxapkg\\动图宇宙\\_431774825_38\\pages\\dtyzAll\\dtyzAll.js"},"to":{"name":"this","loc":{"line":15,"column":16},"id":12232031,"file":"D:\\WORK\\2021\\MPDF\\white_paper\\json\\dataset2.3wxapkg\\动图宇宙\\_431774825_38\\pages\\dtyzAll\\dtyzAll.js"}},{"type":"assign to","from":{"name":"this","loc":{"line":15,"column":16},"id":12232031,"file":"D:\\WORK\\2021\\MPDF\\white_paper\\json\\dataset2.3wxapkg\\动图宇宙\\_431774825_38\\pages\\dtyzAll\\dtyzAll.js"},"to":{"name":"s","loc":{"line":15,"column":12},"id":12232030,"file":"D:\\WORK\\2021\\MPDF\\white_paper\\json\\dataset2.3wxapkg\\动图宇宙\\_431774825_38\\pages\\dtyzAll\\dtyzAll.js"}}]}]}],"writeShadows":[{"shadowVar":{"declaredName":"__object__4.activeIndex","declaredLoc":{"line":5,"column":8},"file":"D:\\WORK\\2021\\MPDF\\white_paper\\json\\dataset2.3wxapkg\\动图宇宙\\_431774825_38\\pages\\dtyzAll\\dtyzAll.js"},"writeAccess":[]}]},{"propName":".banner","readShadows":[{"shadowVar":{"declaredName":"__object__4.banner","declaredLoc":{"line":6,"column":8},"file":"D:\\WORK\\2021\\MPDF\\white_paper\\json\\dataset2.3wxapkg\\动图宇宙\\_431774825_38\\pages\\dtyzAll\\dtyzAll.js"},"readAccess":[{"leftVar":[{"declaredName":"__object__3.data","declaredLoc":{"line":4,"column":4},"file":"D:\\WORK\\2021\\MPDF\\white_paper\\json\\dataset2.3wxapkg\\动图宇宙\\_431774825_38\\pages\\dtyzAll\\dtyzAll.js"}],"readFlow":[{"type":"assign to","from":{"name":"banner","loc":{"line":6,"column":8},"id":12231998,"file":"D:\\WORK\\2021\\MPDF\\white_paper\\json\\dataset2.3wxapkg\\动图宇宙\\_431774825_38\\pages\\dtyzAll\\dtyzAll.js"},"to":{"name":"data","loc":{"line":4,"column":4},"id":12231992,"file":"D:\\WORK\\2021\\MPDF\\white_paper\\json\\dataset2.3wxapkg\\动图宇宙\\_431774825_38\\pages\\dtyzAll\\dtyzAll.js"}},{"type":"to callee","from":{"name":"data","loc":{"line":4,"column":4},"id":12231992,"file":"D:\\WORK\\2021\\MPDF\\white_paper\\json\\dataset2.3wxapkg\\动图宇宙\\_431774825_38\\pages\\dtyzAll\\dtyzAll.js"},"to":{"name":"Page","loc":{"line":3,"column":0},"id":12231989,"file":"D:\\WORK\\2021\\MPDF\\white_paper\\json\\dataset2.3wxapkg\\动图宇宙\\_431774825_38\\pages\\dtyzAll\\dtyzAll.js"}},{"type":"read","from":{"name":"data","loc":{"line":4,"column":4},"id":12231992,"file":"D:\\WORK\\2021\\MPDF\\white_paper\\json\\dataset2.3wxapkg\\动图宇宙\\_431774825_38\\pages\\dtyzAll\\dtyzAll.js"},"to":{"name":"this","loc":{"line":15,"column":16},"id":12232031,"file":"D:\\WORK\\2021\\MPDF\\white_paper\\json\\dataset2.3wxapkg\\动图宇宙\\_431774825_38\\pages\\dtyzAll\\dtyzAll.js"}},{"type":"assign to","from":{"name":"this","loc":{"line":15,"column":16},"id":12232031,"file":"D:\\WORK\\2021\\MPDF\\white_paper\\json\\dataset2.3wxapkg\\动图宇宙\\_431774825_38\\pages\\dtyzAll\\dtyzAll.js"},"to":{"name":"s","loc":{"line":15,"column":12},"id":12232030,"file":"D:\\WORK\\2021\\MPDF\\white_paper\\json\\dataset2.3wxapkg\\动图宇宙\\_431774825_38\\pages\\dtyzAll\\dtyzAll.js"}}]}]}],"writeShadows":[{"shadowVar":{"declaredName":"__object__4.banner","declaredLoc":{"line":6,"column":8},"file":"D:\\WORK\\2021\\MPDF\\white_paper\\json\\dataset2.3wxapkg\\动图宇宙\\_431774825_38\\pages\\dtyzAll\\dtyzAll.js"},"writeAccess":[]}]},{"propName":".theme_list","readShadows":[{"shadowVar":{"declaredName":"__object__4.theme_list","declaredLoc":{"line":7,"column":8},"file":"D:\\WORK\\2021\\MPDF\\white_paper\\json\\dataset2.3wxapkg\\动图宇宙\\_431774825_38\\pages\\dtyzAll\\dtyzAll.js"},"readAccess":[{"leftVar":[{"declaredName":"__object__3.data","declaredLoc":{"line":4,"column":4},"file":"D:\\WORK\\2021\\MPDF\\white_paper\\json\\dataset2.3wxapkg\\动图宇宙\\_431774825_38\\pages\\dtyzAll\\dtyzAll.js"}],"readFlow":[{"type":"assign to","from":{"name":"theme_list","loc":{"line":7,"column":8},"id":12232001,"file":"D:\\WORK\\2021\\MPDF\\white_paper\\json\\dataset2.3wxapkg\\动图宇宙\\_431774825_38\\pages\\dtyzAll\\dtyzAll.js"},"to":{"name":"data","loc":{"line":4,"column":4},"id":12231992,"file":"D:\\WORK\\2021\\MPDF\\white_paper\\json\\dataset2.3wxapkg\\动图宇宙\\_431774825_38\\pages\\dtyzAll\\dtyzAll.js"}},{"type":"to callee","from":{"name":"data","loc":{"line":4,"column":4},"id":12231992,"file":"D:\\WORK\\2021\\MPDF\\white_paper\\json\\dataset2.3wxapkg\\动图宇宙\\_431774825_38\\pages\\dtyzAll\\dtyzAll.js"},"to":{"name":"Page","loc":{"line":3,"column":0},"id":12231989,"file":"D:\\WORK\\2021\\MPDF\\white_paper\\json\\dataset2.3wxapkg\\动图宇宙\\_431774825_38\\pages\\dtyzAll\\dtyzAll.js"}},{"type":"read","from":{"name":"data","loc":{"line":4,"column":4},"id":12231992,"file":"D:\\WORK\\2021\\MPDF\\white_paper\\json\\dataset2.3wxapkg\\动图宇宙\\_431774825_38\\pages\\dtyzAll\\dtyzAll.js"},"to":{"name":"this","loc":{"line":15,"column":16},"id":12232031,"file":"D:\\WORK\\2021\\MPDF\\white_paper\\json\\dataset2.3wxapkg\\动图宇宙\\_431774825_38\\pages\\dtyzAll\\dtyzAll.js"}},{"type":"assign to","from":{"name":"this","loc":{"line":15,"column":16},"id":12232031,"file":"D:\\WORK\\2021\\MPDF\\white_paper\\json\\dataset2.3wxapkg\\动图宇宙\\_431774825_38\\pages\\dtyzAll\\dtyzAll.js"},"to":{"name":"s","loc":{"line":15,"column":12},"id":12232030,"file":"D:\\WORK\\2021\\MPDF\\white_paper\\json\\dataset2.3wxapkg\\动图宇宙\\_431774825_38\\pages\\dtyzAll\\dtyzAll.js"}}]}]}],"writeShadows":[{"shadowVar":{"declaredName":"__object__4.theme_list","declaredLoc":{"line":7,"column":8},"file":"D:\\WORK\\2021\\MPDF\\white_paper\\json\\dataset2.3wxapkg\\动图宇宙\\_431774825_38\\pages\\dtyzAll\\dtyzAll.js"},"writeAccess":[]}]}]}]}