{"definedData":[],"dynamicDefinedData":[{"shadowObjectVar":"__object__3","dynamicDefinedProps":[{"propName":".setData","readShadows":[{"shadowVar":{"declaredName":"__object__3.setData","file":"D:\\WORK\\2022\\论文相关\\benchmark\\miniapp\\998二手挖机圈\\_-1965603458_27\\pages\\login\\login.js"},"readAccess":[{"leftVar":[{"declaredName":"t","declaredLoc":{"line":12,"column":12},"file":"D:\\WORK\\2022\\论文相关\\benchmark\\miniapp\\998二手挖机圈\\_-1965603458_27\\pages\\login\\login.js"}],"readFlow":[{"type":"assign to","from":{"name":"this","loc":{"line":12,"column":16},"id":26598,"file":"D:\\WORK\\2022\\论文相关\\benchmark\\miniapp\\998二手挖机圈\\_-1965603458_27\\pages\\login\\login.js"},"to":{"name":"t","loc":{"line":12,"column":12},"id":26597,"file":"D:\\WORK\\2022\\论文相关\\benchmark\\miniapp\\998二手挖机圈\\_-1965603458_27\\pages\\login\\login.js"}}]},{"leftVar":[{"declaredName":"a","declaredLoc":{"line":32,"column":12},"file":"D:\\WORK\\2022\\论文相关\\benchmark\\miniapp\\998二手挖机圈\\_-1965603458_27\\pages\\login\\login.js"}],"readFlow":[{"type":"assign to","from":{"name":"this","loc":{"line":32,"column":16},"id":26695,"file":"D:\\WORK\\2022\\论文相关\\benchmark\\miniapp\\998二手挖机圈\\_-1965603458_27\\pages\\login\\login.js"},"to":{"name":"a","loc":{"line":32,"column":12},"id":26694,"file":"D:\\WORK\\2022\\论文相关\\benchmark\\miniapp\\998二手挖机圈\\_-1965603458_27\\pages\\login\\login.js"}}]},{"leftVar":[{"declaredName":"t","declaredLoc":{"line":36,"column":12},"file":"D:\\WORK\\2022\\论文相关\\benchmark\\miniapp\\998二手挖机圈\\_-1965603458_27\\pages\\login\\login.js"}],"readFlow":[{"type":"assign to","from":{"name":"this","loc":{"line":36,"column":16},"id":26732,"file":"D:\\WORK\\2022\\论文相关\\benchmark\\miniapp\\998二手挖机圈\\_-1965603458_27\\pages\\login\\login.js"},"to":{"name":"t","loc":{"line":36,"column":12},"id":26731,"file":"D:\\WORK\\2022\\论文相关\\benchmark\\miniapp\\998二手挖机圈\\_-1965603458_27\\pages\\login\\login.js"}}]}]}],"writeShadows":[{"shadowVar":{"declaredName":"__object__3.setData","file":"D:\\WORK\\2022\\论文相关\\benchmark\\miniapp\\998二手挖机圈\\_-1965603458_27\\pages\\login\\login.js"},"writeAccess":[]}]},{"propName":".data","readShadows":[{"shadowVar":{"declaredName":"__object__3.data","declaredLoc":{"line":4,"column":4},"file":"D:\\WORK\\2022\\论文相关\\benchmark\\miniapp\\998二手挖机圈\\_-1965603458_27\\pages\\login\\login.js"},"readAccess":[{"leftVar":[{"declaredName":"t","declaredLoc":{"line":12,"column":12},"file":"D:\\WORK\\2022\\论文相关\\benchmark\\miniapp\\998二手挖机圈\\_-1965603458_27\\pages\\login\\login.js"}],"readFlow":[{"type":"assign to","from":{"name":"this","loc":{"line":12,"column":16},"id":26598,"file":"D:\\WORK\\2022\\论文相关\\benchmark\\miniapp\\998二手挖机圈\\_-1965603458_27\\pages\\login\\login.js"},"to":{"name":"t","loc":{"line":12,"column":12},"id":26597,"file":"D:\\WORK\\2022\\论文相关\\benchmark\\miniapp\\998二手挖机圈\\_-1965603458_27\\pages\\login\\login.js"}}]},{"leftVar":[{"declaredName":"a","declaredLoc":{"line":32,"column":12},"file":"D:\\WORK\\2022\\论文相关\\benchmark\\miniapp\\998二手挖机圈\\_-1965603458_27\\pages\\login\\login.js"}],"readFlow":[{"type":"assign to","from":{"name":"this","loc":{"line":32,"column":16},"id":26695,"file":"D:\\WORK\\2022\\论文相关\\benchmark\\miniapp\\998二手挖机圈\\_-1965603458_27\\pages\\login\\login.js"},"to":{"name":"a","loc":{"line":32,"column":12},"id":26694,"file":"D:\\WORK\\2022\\论文相关\\benchmark\\miniapp\\998二手挖机圈\\_-1965603458_27\\pages\\login\\login.js"}}]},{"leftVar":[{"declaredName":"t","declaredLoc":{"line":36,"column":12},"file":"D:\\WORK\\2022\\论文相关\\benchmark\\miniapp\\998二手挖机圈\\_-1965603458_27\\pages\\login\\login.js"}],"readFlow":[{"type":"assign to","from":{"name":"this","loc":{"line":36,"column":16},"id":26732,"file":"D:\\WORK\\2022\\论文相关\\benchmark\\miniapp\\998二手挖机圈\\_-1965603458_27\\pages\\login\\login.js"},"to":{"name":"t","loc":{"line":36,"column":12},"id":26731,"file":"D:\\WORK\\2022\\论文相关\\benchmark\\miniapp\\998二手挖机圈\\_-1965603458_27\\pages\\login\\login.js"}}]}]}],"writeShadows":[{"shadowVar":{"declaredName":"__object__3.data","declaredLoc":{"line":4,"column":4},"file":"D:\\WORK\\2022\\论文相关\\benchmark\\miniapp\\998二手挖机圈\\_-1965603458_27\\pages\\login\\login.js"},"writeAccess":[]}]},{"propName":".onLoad","readShadows":[{"shadowVar":{"declaredName":"__object__3.onLoad","declaredLoc":{"line":8,"column":4},"file":"D:\\WORK\\2022\\论文相关\\benchmark\\miniapp\\998二手挖机圈\\_-1965603458_27\\pages\\login\\login.js"},"readAccess":[{"leftVar":[{"declaredName":"t","declaredLoc":{"line":12,"column":12},"file":"D:\\WORK\\2022\\论文相关\\benchmark\\miniapp\\998二手挖机圈\\_-1965603458_27\\pages\\login\\login.js"}],"readFlow":[{"type":"assign to","from":{"name":"this","loc":{"line":12,"column":16},"id":26598,"file":"D:\\WORK\\2022\\论文相关\\benchmark\\miniapp\\998二手挖机圈\\_-1965603458_27\\pages\\login\\login.js"},"to":{"name":"t","loc":{"line":12,"column":12},"id":26597,"file":"D:\\WORK\\2022\\论文相关\\benchmark\\miniapp\\998二手挖机圈\\_-1965603458_27\\pages\\login\\login.js"}}]},{"leftVar":[{"declaredName":"a","declaredLoc":{"line":32,"column":12},"file":"D:\\WORK\\2022\\论文相关\\benchmark\\miniapp\\998二手挖机圈\\_-1965603458_27\\pages\\login\\login.js"}],"readFlow":[{"type":"assign to","from":{"name":"this","loc":{"line":32,"column":16},"id":26695,"file":"D:\\WORK\\2022\\论文相关\\benchmark\\miniapp\\998二手挖机圈\\_-1965603458_27\\pages\\login\\login.js"},"to":{"name":"a","loc":{"line":32,"column":12},"id":26694,"file":"D:\\WORK\\2022\\论文相关\\benchmark\\miniapp\\998二手挖机圈\\_-1965603458_27\\pages\\login\\login.js"}}]},{"leftVar":[{"declaredName":"t","declaredLoc":{"line":36,"column":12},"file":"D:\\WORK\\2022\\论文相关\\benchmark\\miniapp\\998二手挖机圈\\_-1965603458_27\\pages\\login\\login.js"}],"readFlow":[{"type":"assign to","from":{"name":"this","loc":{"line":36,"column":16},"id":26732,"file":"D:\\WORK\\2022\\论文相关\\benchmark\\miniapp\\998二手挖机圈\\_-1965603458_27\\pages\\login\\login.js"},"to":{"name":"t","loc":{"line":36,"column":12},"id":26731,"file":"D:\\WORK\\2022\\论文相关\\benchmark\\miniapp\\998二手挖机圈\\_-1965603458_27\\pages\\login\\login.js"}}]}]}],"writeShadows":[{"shadowVar":{"declaredName":"__object__3.onLoad","declaredLoc":{"line":8,"column":4},"file":"D:\\WORK\\2022\\论文相关\\benchmark\\miniapp\\998二手挖机圈\\_-1965603458_27\\pages\\login\\login.js"},"writeAccess":[]}]},{"propName":".getPhoneNumber","readShadows":[{"shadowVar":{"declaredName":"__object__3.getPhoneNumber","declaredLoc":{"line":11,"column":4},"file":"D:\\WORK\\2022\\论文相关\\benchmark\\miniapp\\998二手挖机圈\\_-1965603458_27\\pages\\login\\login.js"},"readAccess":[{"leftVar":[{"declaredName":"t","declaredLoc":{"line":12,"column":12},"file":"D:\\WORK\\2022\\论文相关\\benchmark\\miniapp\\998二手挖机圈\\_-1965603458_27\\pages\\login\\login.js"}],"readFlow":[{"type":"assign to","from":{"name":"this","loc":{"line":12,"column":16},"id":26598,"file":"D:\\WORK\\2022\\论文相关\\benchmark\\miniapp\\998二手挖机圈\\_-1965603458_27\\pages\\login\\login.js"},"to":{"name":"t","loc":{"line":12,"column":12},"id":26597,"file":"D:\\WORK\\2022\\论文相关\\benchmark\\miniapp\\998二手挖机圈\\_-1965603458_27\\pages\\login\\login.js"}}]},{"leftVar":[{"declaredName":"a","declaredLoc":{"line":32,"column":12},"file":"D:\\WORK\\2022\\论文相关\\benchmark\\miniapp\\998二手挖机圈\\_-1965603458_27\\pages\\login\\login.js"}],"readFlow":[{"type":"assign to","from":{"name":"this","loc":{"line":32,"column":16},"id":26695,"file":"D:\\WORK\\2022\\论文相关\\benchmark\\miniapp\\998二手挖机圈\\_-1965603458_27\\pages\\login\\login.js"},"to":{"name":"a","loc":{"line":32,"column":12},"id":26694,"file":"D:\\WORK\\2022\\论文相关\\benchmark\\miniapp\\998二手挖机圈\\_-1965603458_27\\pages\\login\\login.js"}}]},{"leftVar":[{"declaredName":"t","declaredLoc":{"line":36,"column":12},"file":"D:\\WORK\\2022\\论文相关\\benchmark\\miniapp\\998二手挖机圈\\_-1965603458_27\\pages\\login\\login.js"}],"readFlow":[{"type":"assign to","from":{"name":"this","loc":{"line":36,"column":16},"id":26732,"file":"D:\\WORK\\2022\\论文相关\\benchmark\\miniapp\\998二手挖机圈\\_-1965603458_27\\pages\\login\\login.js"},"to":{"name":"t","loc":{"line":36,"column":12},"id":26731,"file":"D:\\WORK\\2022\\论文相关\\benchmark\\miniapp\\998二手挖机圈\\_-1965603458_27\\pages\\login\\login.js"}}]}]}],"writeShadows":[{"shadowVar":{"declaredName":"__object__3.getPhoneNumber","declaredLoc":{"line":11,"column":4},"file":"D:\\WORK\\2022\\论文相关\\benchmark\\miniapp\\998二手挖机圈\\_-1965603458_27\\pages\\login\\login.js"},"writeAccess":[]}]},{"propName":".formSubmit","readShadows":[{"shadowVar":{"declaredName":"__object__3.formSubmit","declaredLoc":{"line":31,"column":4},"file":"D:\\WORK\\2022\\论文相关\\benchmark\\miniapp\\998二手挖机圈\\_-1965603458_27\\pages\\login\\login.js"},"readAccess":[{"leftVar":[{"declaredName":"t","declaredLoc":{"line":12,"column":12},"file":"D:\\WORK\\2022\\论文相关\\benchmark\\miniapp\\998二手挖机圈\\_-1965603458_27\\pages\\login\\login.js"}],"readFlow":[{"type":"assign to","from":{"name":"this","loc":{"line":12,"column":16},"id":26598,"file":"D:\\WORK\\2022\\论文相关\\benchmark\\miniapp\\998二手挖机圈\\_-1965603458_27\\pages\\login\\login.js"},"to":{"name":"t","loc":{"line":12,"column":12},"id":26597,"file":"D:\\WORK\\2022\\论文相关\\benchmark\\miniapp\\998二手挖机圈\\_-1965603458_27\\pages\\login\\login.js"}}]},{"leftVar":[{"declaredName":"a","declaredLoc":{"line":32,"column":12},"file":"D:\\WORK\\2022\\论文相关\\benchmark\\miniapp\\998二手挖机圈\\_-1965603458_27\\pages\\login\\login.js"}],"readFlow":[{"type":"assign to","from":{"name":"this","loc":{"line":32,"column":16},"id":26695,"file":"D:\\WORK\\2022\\论文相关\\benchmark\\miniapp\\998二手挖机圈\\_-1965603458_27\\pages\\login\\login.js"},"to":{"name":"a","loc":{"line":32,"column":12},"id":26694,"file":"D:\\WORK\\2022\\论文相关\\benchmark\\miniapp\\998二手挖机圈\\_-1965603458_27\\pages\\login\\login.js"}}]},{"leftVar":[{"declaredName":"t","declaredLoc":{"line":36,"column":12},"file":"D:\\WORK\\2022\\论文相关\\benchmark\\miniapp\\998二手挖机圈\\_-1965603458_27\\pages\\login\\login.js"}],"readFlow":[{"type":"assign to","from":{"name":"this","loc":{"line":36,"column":16},"id":26732,"file":"D:\\WORK\\2022\\论文相关\\benchmark\\miniapp\\998二手挖机圈\\_-1965603458_27\\pages\\login\\login.js"},"to":{"name":"t","loc":{"line":36,"column":12},"id":26731,"file":"D:\\WORK\\2022\\论文相关\\benchmark\\miniapp\\998二手挖机圈\\_-1965603458_27\\pages\\login\\login.js"}}]}]}],"writeShadows":[{"shadowVar":{"declaredName":"__object__3.formSubmit","declaredLoc":{"line":31,"column":4},"file":"D:\\WORK\\2022\\论文相关\\benchmark\\miniapp\\998二手挖机圈\\_-1965603458_27\\pages\\login\\login.js"},"writeAccess":[]}]},{"propName":".register","readShadows":[{"shadowVar":{"declaredName":"__object__3.register","declaredLoc":{"line":35,"column":4},"file":"D:\\WORK\\2022\\论文相关\\benchmark\\miniapp\\998二手挖机圈\\_-1965603458_27\\pages\\login\\login.js"},"readAccess":[{"leftVar":[{"declaredName":"t","declaredLoc":{"line":12,"column":12},"file":"D:\\WORK\\2022\\论文相关\\benchmark\\miniapp\\998二手挖机圈\\_-1965603458_27\\pages\\login\\login.js"}],"readFlow":[{"type":"assign to","from":{"name":"this","loc":{"line":12,"column":16},"id":26598,"file":"D:\\WORK\\2022\\论文相关\\benchmark\\miniapp\\998二手挖机圈\\_-1965603458_27\\pages\\login\\login.js"},"to":{"name":"t","loc":{"line":12,"column":12},"id":26597,"file":"D:\\WORK\\2022\\论文相关\\benchmark\\miniapp\\998二手挖机圈\\_-1965603458_27\\pages\\login\\login.js"}}]},{"leftVar":[{"declaredName":"a","declaredLoc":{"line":32,"column":12},"file":"D:\\WORK\\2022\\论文相关\\benchmark\\miniapp\\998二手挖机圈\\_-1965603458_27\\pages\\login\\login.js"}],"readFlow":[{"type":"assign to","from":{"name":"this","loc":{"line":32,"column":16},"id":26695,"file":"D:\\WORK\\2022\\论文相关\\benchmark\\miniapp\\998二手挖机圈\\_-1965603458_27\\pages\\login\\login.js"},"to":{"name":"a","loc":{"line":32,"column":12},"id":26694,"file":"D:\\WORK\\2022\\论文相关\\benchmark\\miniapp\\998二手挖机圈\\_-1965603458_27\\pages\\login\\login.js"}}]},{"leftVar":[{"declaredName":"t","declaredLoc":{"line":36,"column":12},"file":"D:\\WORK\\2022\\论文相关\\benchmark\\miniapp\\998二手挖机圈\\_-1965603458_27\\pages\\login\\login.js"}],"readFlow":[{"type":"assign to","from":{"name":"this","loc":{"line":36,"column":16},"id":26732,"file":"D:\\WORK\\2022\\论文相关\\benchmark\\miniapp\\998二手挖机圈\\_-1965603458_27\\pages\\login\\login.js"},"to":{"name":"t","loc":{"line":36,"column":12},"id":26731,"file":"D:\\WORK\\2022\\论文相关\\benchmark\\miniapp\\998二手挖机圈\\_-1965603458_27\\pages\\login\\login.js"}}]}]}],"writeShadows":[{"shadowVar":{"declaredName":"__object__3.register","declaredLoc":{"line":35,"column":4},"file":"D:\\WORK\\2022\\论文相关\\benchmark\\miniapp\\998二手挖机圈\\_-1965603458_27\\pages\\login\\login.js"},"writeAccess":[]}]}]},{"shadowObjectVar":"__object__4","dynamicDefinedProps":[{"propName":".contact_name","readShadows":[{"shadowVar":{"declaredName":"__object__4.contact_name","declaredLoc":{"line":5,"column":8},"file":"D:\\WORK\\2022\\论文相关\\benchmark\\miniapp\\998二手挖机圈\\_-1965603458_27\\pages\\login\\login.js"},"readAccess":[{"leftVar":[{"declaredName":"__object__3.data","declaredLoc":{"line":4,"column":4},"file":"D:\\WORK\\2022\\论文相关\\benchmark\\miniapp\\998二手挖机圈\\_-1965603458_27\\pages\\login\\login.js"}],"readFlow":[{"type":"assign to","from":{"name":"contact_name","loc":{"line":5,"column":8},"id":26572,"file":"D:\\WORK\\2022\\论文相关\\benchmark\\miniapp\\998二手挖机圈\\_-1965603458_27\\pages\\login\\login.js"},"to":{"name":"data","loc":{"line":4,"column":4},"id":26569,"file":"D:\\WORK\\2022\\论文相关\\benchmark\\miniapp\\998二手挖机圈\\_-1965603458_27\\pages\\login\\login.js"}},{"type":"to callee","from":{"name":"data","loc":{"line":4,"column":4},"id":26569,"file":"D:\\WORK\\2022\\论文相关\\benchmark\\miniapp\\998二手挖机圈\\_-1965603458_27\\pages\\login\\login.js"},"to":{"name":"Page","loc":{"line":3,"column":0},"id":26566,"file":"D:\\WORK\\2022\\论文相关\\benchmark\\miniapp\\998二手挖机圈\\_-1965603458_27\\pages\\login\\login.js"}},{"type":"read","from":{"name":"data","loc":{"line":4,"column":4},"id":26569,"file":"D:\\WORK\\2022\\论文相关\\benchmark\\miniapp\\998二手挖机圈\\_-1965603458_27\\pages\\login\\login.js"},"to":{"name":"this","loc":{"line":12,"column":16},"id":26598,"file":"D:\\WORK\\2022\\论文相关\\benchmark\\miniapp\\998二手挖机圈\\_-1965603458_27\\pages\\login\\login.js"}},{"type":"read","from":{"name":"data","loc":{"line":4,"column":4},"id":26569,"file":"D:\\WORK\\2022\\论文相关\\benchmark\\miniapp\\998二手挖机圈\\_-1965603458_27\\pages\\login\\login.js"},"to":{"name":"this","loc":{"line":32,"column":16},"id":26695,"file":"D:\\WORK\\2022\\论文相关\\benchmark\\miniapp\\998二手挖机圈\\_-1965603458_27\\pages\\login\\login.js"}},{"type":"read","from":{"name":"data","loc":{"line":4,"column":4},"id":26569,"file":"D:\\WORK\\2022\\论文相关\\benchmark\\miniapp\\998二手挖机圈\\_-1965603458_27\\pages\\login\\login.js"},"to":{"name":"this","loc":{"line":36,"column":16},"id":26732,"file":"D:\\WORK\\2022\\论文相关\\benchmark\\miniapp\\998二手挖机圈\\_-1965603458_27\\pages\\login\\login.js"}},{"type":"assign to","from":{"name":"this","loc":{"line":36,"column":16},"id":26732,"file":"D:\\WORK\\2022\\论文相关\\benchmark\\miniapp\\998二手挖机圈\\_-1965603458_27\\pages\\login\\login.js"},"to":{"name":"t","loc":{"line":36,"column":12},"id":26731,"file":"D:\\WORK\\2022\\论文相关\\benchmark\\miniapp\\998二手挖机圈\\_-1965603458_27\\pages\\login\\login.js"}},{"type":"assign to","from":{"name":"this","loc":{"line":32,"column":16},"id":26695,"file":"D:\\WORK\\2022\\论文相关\\benchmark\\miniapp\\998二手挖机圈\\_-1965603458_27\\pages\\login\\login.js"},"to":{"name":"a","loc":{"line":32,"column":12},"id":26694,"file":"D:\\WORK\\2022\\论文相关\\benchmark\\miniapp\\998二手挖机圈\\_-1965603458_27\\pages\\login\\login.js"}},{"type":"assign to","from":{"name":"this","loc":{"line":12,"column":16},"id":26598,"file":"D:\\WORK\\2022\\论文相关\\benchmark\\miniapp\\998二手挖机圈\\_-1965603458_27\\pages\\login\\login.js"},"to":{"name":"t","loc":{"line":12,"column":12},"id":26597,"file":"D:\\WORK\\2022\\论文相关\\benchmark\\miniapp\\998二手挖机圈\\_-1965603458_27\\pages\\login\\login.js"}}]},{"leftVar":[{"declaredName":"__object__42.contact_name","declaredLoc":{"line":46,"column":16},"file":"D:\\WORK\\2022\\论文相关\\benchmark\\miniapp\\998二手挖机圈\\_-1965603458_27\\pages\\login\\login.js"}],"readFlow":[{"type":"assign to","from":{"name":"t.data.contact_name","loc":{"line":46,"column":30},"id":26841,"file":"D:\\WORK\\2022\\论文相关\\benchmark\\miniapp\\998二手挖机圈\\_-1965603458_27\\pages\\login\\login.js"},"to":{"name":"contact_name","loc":{"line":46,"column":16},"id":26840,"file":"D:\\WORK\\2022\\论文相关\\benchmark\\miniapp\\998二手挖机圈\\_-1965603458_27\\pages\\login\\login.js"}},{"type":"assign to","from":{"name":"contact_name","loc":{"line":46,"column":16},"id":26840,"file":"D:\\WORK\\2022\\论文相关\\benchmark\\miniapp\\998二手挖机圈\\_-1965603458_27\\pages\\login\\login.js"},"to":{"name":"c","loc":{"line":42,"column":16},"id":26814,"file":"D:\\WORK\\2022\\论文相关\\benchmark\\miniapp\\998二手挖机圈\\_-1965603458_27\\pages\\login\\login.js"}},{"type":"read","from":{"name":"contact_name","loc":{"line":46,"column":16},"id":26840,"file":"D:\\WORK\\2022\\论文相关\\benchmark\\miniapp\\998二手挖机圈\\_-1965603458_27\\pages\\login\\login.js"},"to":{"name":"c","loc":{"line":55,"column":22},"id":26873,"file":"D:\\WORK\\2022\\论文相关\\benchmark\\miniapp\\998二手挖机圈\\_-1965603458_27\\pages\\login\\login.js"}},{"type":"assign to","from":{"name":"c","loc":{"line":55,"column":22},"id":26873,"file":"D:\\WORK\\2022\\论文相关\\benchmark\\miniapp\\998二手挖机圈\\_-1965603458_27\\pages\\login\\login.js"},"to":{"name":"data","loc":{"line":55,"column":16},"id":26872,"file":"D:\\WORK\\2022\\论文相关\\benchmark\\miniapp\\998二手挖机圈\\_-1965603458_27\\pages\\login\\login.js"}},{"type":"to callee","from":{"name":"c","loc":{"line":55,"column":22},"id":26873,"file":"D:\\WORK\\2022\\论文相关\\benchmark\\miniapp\\998二手挖机圈\\_-1965603458_27\\pages\\login\\login.js"},"to":{"name":"wx.request","loc":{"line":49,"column":12},"id":26855,"file":"D:\\WORK\\2022\\论文相关\\benchmark\\miniapp\\998二手挖机圈\\_-1965603458_27\\pages\\login\\login.js","sink":true}},{"type":"to callee","from":{"name":"data","loc":{"line":55,"column":16},"id":26872,"file":"D:\\WORK\\2022\\论文相关\\benchmark\\miniapp\\998二手挖机圈\\_-1965603458_27\\pages\\login\\login.js"},"to":{"name":"wx.request","loc":{"line":49,"column":12},"id":26855,"file":"D:\\WORK\\2022\\论文相关\\benchmark\\miniapp\\998二手挖机圈\\_-1965603458_27\\pages\\login\\login.js","sink":true}},{"type":"read","from":{"name":"c","loc":{"line":42,"column":16},"id":26814,"file":"D:\\WORK\\2022\\论文相关\\benchmark\\miniapp\\998二手挖机圈\\_-1965603458_27\\pages\\login\\login.js"},"to":{"name":"c","loc":{"line":55,"column":22},"id":26873,"file":"D:\\WORK\\2022\\论文相关\\benchmark\\miniapp\\998二手挖机圈\\_-1965603458_27\\pages\\login\\login.js"}},{"type":"assign to","from":{"name":"c","loc":{"line":55,"column":22},"id":26873,"file":"D:\\WORK\\2022\\论文相关\\benchmark\\miniapp\\998二手挖机圈\\_-1965603458_27\\pages\\login\\login.js"},"to":{"name":"data","loc":{"line":55,"column":16},"id":26872,"file":"D:\\WORK\\2022\\论文相关\\benchmark\\miniapp\\998二手挖机圈\\_-1965603458_27\\pages\\login\\login.js"}},{"type":"to callee","from":{"name":"c","loc":{"line":55,"column":22},"id":26873,"file":"D:\\WORK\\2022\\论文相关\\benchmark\\miniapp\\998二手挖机圈\\_-1965603458_27\\pages\\login\\login.js"},"to":{"name":"wx.request","loc":{"line":49,"column":12},"id":26855,"file":"D:\\WORK\\2022\\论文相关\\benchmark\\miniapp\\998二手挖机圈\\_-1965603458_27\\pages\\login\\login.js","sink":true}},{"type":"to callee","from":{"name":"data","loc":{"line":55,"column":16},"id":26872,"file":"D:\\WORK\\2022\\论文相关\\benchmark\\miniapp\\998二手挖机圈\\_-1965603458_27\\pages\\login\\login.js"},"to":{"name":"wx.request","loc":{"line":49,"column":12},"id":26855,"file":"D:\\WORK\\2022\\论文相关\\benchmark\\miniapp\\998二手挖机圈\\_-1965603458_27\\pages\\login\\login.js","sink":true}}]}]}],"writeShadows":[{"shadowVar":{"declaredName":"__object__4.contact_name","declaredLoc":{"line":5,"column":8},"file":"D:\\WORK\\2022\\论文相关\\benchmark\\miniapp\\998二手挖机圈\\_-1965603458_27\\pages\\login\\login.js"},"writeAccess":[]}]},{"propName":".mobile","readShadows":[{"shadowVar":{"declaredName":"__object__4.mobile","declaredLoc":{"line":6,"column":8},"file":"D:\\WORK\\2022\\论文相关\\benchmark\\miniapp\\998二手挖机圈\\_-1965603458_27\\pages\\login\\login.js"},"readAccess":[{"leftVar":[{"declaredName":"__object__3.data","declaredLoc":{"line":4,"column":4},"file":"D:\\WORK\\2022\\论文相关\\benchmark\\miniapp\\998二手挖机圈\\_-1965603458_27\\pages\\login\\login.js"}],"readFlow":[{"type":"assign to","from":{"name":"mobile","loc":{"line":6,"column":8},"id":26575,"file":"D:\\WORK\\2022\\论文相关\\benchmark\\miniapp\\998二手挖机圈\\_-1965603458_27\\pages\\login\\login.js"},"to":{"name":"data","loc":{"line":4,"column":4},"id":26569,"file":"D:\\WORK\\2022\\论文相关\\benchmark\\miniapp\\998二手挖机圈\\_-1965603458_27\\pages\\login\\login.js"}},{"type":"to callee","from":{"name":"data","loc":{"line":4,"column":4},"id":26569,"file":"D:\\WORK\\2022\\论文相关\\benchmark\\miniapp\\998二手挖机圈\\_-1965603458_27\\pages\\login\\login.js"},"to":{"name":"Page","loc":{"line":3,"column":0},"id":26566,"file":"D:\\WORK\\2022\\论文相关\\benchmark\\miniapp\\998二手挖机圈\\_-1965603458_27\\pages\\login\\login.js"}},{"type":"read","from":{"name":"data","loc":{"line":4,"column":4},"id":26569,"file":"D:\\WORK\\2022\\论文相关\\benchmark\\miniapp\\998二手挖机圈\\_-1965603458_27\\pages\\login\\login.js"},"to":{"name":"this","loc":{"line":12,"column":16},"id":26598,"file":"D:\\WORK\\2022\\论文相关\\benchmark\\miniapp\\998二手挖机圈\\_-1965603458_27\\pages\\login\\login.js"}},{"type":"read","from":{"name":"data","loc":{"line":4,"column":4},"id":26569,"file":"D:\\WORK\\2022\\论文相关\\benchmark\\miniapp\\998二手挖机圈\\_-1965603458_27\\pages\\login\\login.js"},"to":{"name":"this","loc":{"line":32,"column":16},"id":26695,"file":"D:\\WORK\\2022\\论文相关\\benchmark\\miniapp\\998二手挖机圈\\_-1965603458_27\\pages\\login\\login.js"}},{"type":"read","from":{"name":"data","loc":{"line":4,"column":4},"id":26569,"file":"D:\\WORK\\2022\\论文相关\\benchmark\\miniapp\\998二手挖机圈\\_-1965603458_27\\pages\\login\\login.js"},"to":{"name":"this","loc":{"line":36,"column":16},"id":26732,"file":"D:\\WORK\\2022\\论文相关\\benchmark\\miniapp\\998二手挖机圈\\_-1965603458_27\\pages\\login\\login.js"}},{"type":"assign to","from":{"name":"this","loc":{"line":36,"column":16},"id":26732,"file":"D:\\WORK\\2022\\论文相关\\benchmark\\miniapp\\998二手挖机圈\\_-1965603458_27\\pages\\login\\login.js"},"to":{"name":"t","loc":{"line":36,"column":12},"id":26731,"file":"D:\\WORK\\2022\\论文相关\\benchmark\\miniapp\\998二手挖机圈\\_-1965603458_27\\pages\\login\\login.js"}},{"type":"assign to","from":{"name":"this","loc":{"line":32,"column":16},"id":26695,"file":"D:\\WORK\\2022\\论文相关\\benchmark\\miniapp\\998二手挖机圈\\_-1965603458_27\\pages\\login\\login.js"},"to":{"name":"a","loc":{"line":32,"column":12},"id":26694,"file":"D:\\WORK\\2022\\论文相关\\benchmark\\miniapp\\998二手挖机圈\\_-1965603458_27\\pages\\login\\login.js"}},{"type":"assign to","from":{"name":"this","loc":{"line":12,"column":16},"id":26598,"file":"D:\\WORK\\2022\\论文相关\\benchmark\\miniapp\\998二手挖机圈\\_-1965603458_27\\pages\\login\\login.js"},"to":{"name":"t","loc":{"line":12,"column":12},"id":26597,"file":"D:\\WORK\\2022\\论文相关\\benchmark\\miniapp\\998二手挖机圈\\_-1965603458_27\\pages\\login\\login.js"}}]},{"leftVar":[{"declaredName":"__object__42.mobile","declaredLoc":{"line":47,"column":16},"file":"D:\\WORK\\2022\\论文相关\\benchmark\\miniapp\\998二手挖机圈\\_-1965603458_27\\pages\\login\\login.js"}],"readFlow":[{"type":"assign to","from":{"name":"t.data.mobile","loc":{"line":47,"column":24},"id":26848,"file":"D:\\WORK\\2022\\论文相关\\benchmark\\miniapp\\998二手挖机圈\\_-1965603458_27\\pages\\login\\login.js"},"to":{"name":"mobile","loc":{"line":47,"column":16},"id":26847,"file":"D:\\WORK\\2022\\论文相关\\benchmark\\miniapp\\998二手挖机圈\\_-1965603458_27\\pages\\login\\login.js"}},{"type":"assign to","from":{"name":"mobile","loc":{"line":47,"column":16},"id":26847,"file":"D:\\WORK\\2022\\论文相关\\benchmark\\miniapp\\998二手挖机圈\\_-1965603458_27\\pages\\login\\login.js"},"to":{"name":"c","loc":{"line":42,"column":16},"id":26814,"file":"D:\\WORK\\2022\\论文相关\\benchmark\\miniapp\\998二手挖机圈\\_-1965603458_27\\pages\\login\\login.js"}},{"type":"read","from":{"name":"mobile","loc":{"line":47,"column":16},"id":26847,"file":"D:\\WORK\\2022\\论文相关\\benchmark\\miniapp\\998二手挖机圈\\_-1965603458_27\\pages\\login\\login.js"},"to":{"name":"c","loc":{"line":55,"column":22},"id":26873,"file":"D:\\WORK\\2022\\论文相关\\benchmark\\miniapp\\998二手挖机圈\\_-1965603458_27\\pages\\login\\login.js"}},{"type":"assign to","from":{"name":"c","loc":{"line":55,"column":22},"id":26873,"file":"D:\\WORK\\2022\\论文相关\\benchmark\\miniapp\\998二手挖机圈\\_-1965603458_27\\pages\\login\\login.js"},"to":{"name":"data","loc":{"line":55,"column":16},"id":26872,"file":"D:\\WORK\\2022\\论文相关\\benchmark\\miniapp\\998二手挖机圈\\_-1965603458_27\\pages\\login\\login.js"}},{"type":"to callee","from":{"name":"c","loc":{"line":55,"column":22},"id":26873,"file":"D:\\WORK\\2022\\论文相关\\benchmark\\miniapp\\998二手挖机圈\\_-1965603458_27\\pages\\login\\login.js"},"to":{"name":"wx.request","loc":{"line":49,"column":12},"id":26855,"file":"D:\\WORK\\2022\\论文相关\\benchmark\\miniapp\\998二手挖机圈\\_-1965603458_27\\pages\\login\\login.js","sink":true}},{"type":"to callee","from":{"name":"data","loc":{"line":55,"column":16},"id":26872,"file":"D:\\WORK\\2022\\论文相关\\benchmark\\miniapp\\998二手挖机圈\\_-1965603458_27\\pages\\login\\login.js"},"to":{"name":"wx.request","loc":{"line":49,"column":12},"id":26855,"file":"D:\\WORK\\2022\\论文相关\\benchmark\\miniapp\\998二手挖机圈\\_-1965603458_27\\pages\\login\\login.js","sink":true}},{"type":"read","from":{"name":"c","loc":{"line":42,"column":16},"id":26814,"file":"D:\\WORK\\2022\\论文相关\\benchmark\\miniapp\\998二手挖机圈\\_-1965603458_27\\pages\\login\\login.js"},"to":{"name":"c","loc":{"line":55,"column":22},"id":26873,"file":"D:\\WORK\\2022\\论文相关\\benchmark\\miniapp\\998二手挖机圈\\_-1965603458_27\\pages\\login\\login.js"}},{"type":"assign to","from":{"name":"c","loc":{"line":55,"column":22},"id":26873,"file":"D:\\WORK\\2022\\论文相关\\benchmark\\miniapp\\998二手挖机圈\\_-1965603458_27\\pages\\login\\login.js"},"to":{"name":"data","loc":{"line":55,"column":16},"id":26872,"file":"D:\\WORK\\2022\\论文相关\\benchmark\\miniapp\\998二手挖机圈\\_-1965603458_27\\pages\\login\\login.js"}},{"type":"to callee","from":{"name":"c","loc":{"line":55,"column":22},"id":26873,"file":"D:\\WORK\\2022\\论文相关\\benchmark\\miniapp\\998二手挖机圈\\_-1965603458_27\\pages\\login\\login.js"},"to":{"name":"wx.request","loc":{"line":49,"column":12},"id":26855,"file":"D:\\WORK\\2022\\论文相关\\benchmark\\miniapp\\998二手挖机圈\\_-1965603458_27\\pages\\login\\login.js","sink":true}},{"type":"to callee","from":{"name":"data","loc":{"line":55,"column":16},"id":26872,"file":"D:\\WORK\\2022\\论文相关\\benchmark\\miniapp\\998二手挖机圈\\_-1965603458_27\\pages\\login\\login.js"},"to":{"name":"wx.request","loc":{"line":49,"column":12},"id":26855,"file":"D:\\WORK\\2022\\论文相关\\benchmark\\miniapp\\998二手挖机圈\\_-1965603458_27\\pages\\login\\login.js","sink":true}}]}]}],"writeShadows":[{"shadowVar":{"declaredName":"__object__4.mobile","declaredLoc":{"line":6,"column":8},"file":"D:\\WORK\\2022\\论文相关\\benchmark\\miniapp\\998二手挖机圈\\_-1965603458_27\\pages\\login\\login.js"},"writeAccess":[]}]}]}]}