{"definedData":[],"dynamicDefinedData":[{"shadowObjectVar":"__object__3","dynamicDefinedProps":[{"propName":".setData","readShadows":[{"shadowVar":{"declaredName":"__object__3.setData","file":"D:\\WORK\\2022\\论文相关\\benchmark\\miniapp\\998二手挖机圈\\_-1965603458_27\\pages\\upgrade\\index.js"},"readAccess":[{"leftVar":[{"declaredName":"e","declaredLoc":{"line":12,"column":12},"file":"D:\\WORK\\2022\\论文相关\\benchmark\\miniapp\\998二手挖机圈\\_-1965603458_27\\pages\\upgrade\\index.js"}],"readFlow":[{"type":"assign to","from":{"name":"this","loc":{"line":12,"column":16},"id":31895,"file":"D:\\WORK\\2022\\论文相关\\benchmark\\miniapp\\998二手挖机圈\\_-1965603458_27\\pages\\upgrade\\index.js"},"to":{"name":"e","loc":{"line":12,"column":12},"id":31894,"file":"D:\\WORK\\2022\\论文相关\\benchmark\\miniapp\\998二手挖机圈\\_-1965603458_27\\pages\\upgrade\\index.js"}}]},{"leftVar":[{"declaredName":"e","declaredLoc":{"line":35,"column":12},"file":"D:\\WORK\\2022\\论文相关\\benchmark\\miniapp\\998二手挖机圈\\_-1965603458_27\\pages\\upgrade\\index.js"}],"readFlow":[{"type":"assign to","from":{"name":"this","loc":{"line":35,"column":16},"id":31977,"file":"D:\\WORK\\2022\\论文相关\\benchmark\\miniapp\\998二手挖机圈\\_-1965603458_27\\pages\\upgrade\\index.js"},"to":{"name":"e","loc":{"line":35,"column":12},"id":31976,"file":"D:\\WORK\\2022\\论文相关\\benchmark\\miniapp\\998二手挖机圈\\_-1965603458_27\\pages\\upgrade\\index.js"}}]},{"leftVar":[{"declaredName":"e","declaredLoc":{"line":41,"column":12},"file":"D:\\WORK\\2022\\论文相关\\benchmark\\miniapp\\998二手挖机圈\\_-1965603458_27\\pages\\upgrade\\index.js"}],"readFlow":[{"type":"assign to","from":{"name":"this","loc":{"line":41,"column":16},"id":32013,"file":"D:\\WORK\\2022\\论文相关\\benchmark\\miniapp\\998二手挖机圈\\_-1965603458_27\\pages\\upgrade\\index.js"},"to":{"name":"e","loc":{"line":41,"column":12},"id":32012,"file":"D:\\WORK\\2022\\论文相关\\benchmark\\miniapp\\998二手挖机圈\\_-1965603458_27\\pages\\upgrade\\index.js"}}]},{"leftVar":[{"declaredName":"e","declaredLoc":{"line":47,"column":12},"file":"D:\\WORK\\2022\\论文相关\\benchmark\\miniapp\\998二手挖机圈\\_-1965603458_27\\pages\\upgrade\\index.js"}],"readFlow":[{"type":"assign to","from":{"name":"this","loc":{"line":47,"column":16},"id":32039,"file":"D:\\WORK\\2022\\论文相关\\benchmark\\miniapp\\998二手挖机圈\\_-1965603458_27\\pages\\upgrade\\index.js"},"to":{"name":"e","loc":{"line":47,"column":12},"id":32038,"file":"D:\\WORK\\2022\\论文相关\\benchmark\\miniapp\\998二手挖机圈\\_-1965603458_27\\pages\\upgrade\\index.js"}}]}]}],"writeShadows":[{"shadowVar":{"declaredName":"__object__3.setData","file":"D:\\WORK\\2022\\论文相关\\benchmark\\miniapp\\998二手挖机圈\\_-1965603458_27\\pages\\upgrade\\index.js"},"writeAccess":[]}]},{"propName":".data","readShadows":[{"shadowVar":{"declaredName":"__object__3.data","declaredLoc":{"line":4,"column":4},"file":"D:\\WORK\\2022\\论文相关\\benchmark\\miniapp\\998二手挖机圈\\_-1965603458_27\\pages\\upgrade\\index.js"},"readAccess":[{"leftVar":[{"declaredName":"e","declaredLoc":{"line":12,"column":12},"file":"D:\\WORK\\2022\\论文相关\\benchmark\\miniapp\\998二手挖机圈\\_-1965603458_27\\pages\\upgrade\\index.js"}],"readFlow":[{"type":"assign to","from":{"name":"this","loc":{"line":12,"column":16},"id":31895,"file":"D:\\WORK\\2022\\论文相关\\benchmark\\miniapp\\998二手挖机圈\\_-1965603458_27\\pages\\upgrade\\index.js"},"to":{"name":"e","loc":{"line":12,"column":12},"id":31894,"file":"D:\\WORK\\2022\\论文相关\\benchmark\\miniapp\\998二手挖机圈\\_-1965603458_27\\pages\\upgrade\\index.js"}}]},{"leftVar":[{"declaredName":"e","declaredLoc":{"line":35,"column":12},"file":"D:\\WORK\\2022\\论文相关\\benchmark\\miniapp\\998二手挖机圈\\_-1965603458_27\\pages\\upgrade\\index.js"}],"readFlow":[{"type":"assign to","from":{"name":"this","loc":{"line":35,"column":16},"id":31977,"file":"D:\\WORK\\2022\\论文相关\\benchmark\\miniapp\\998二手挖机圈\\_-1965603458_27\\pages\\upgrade\\index.js"},"to":{"name":"e","loc":{"line":35,"column":12},"id":31976,"file":"D:\\WORK\\2022\\论文相关\\benchmark\\miniapp\\998二手挖机圈\\_-1965603458_27\\pages\\upgrade\\index.js"}}]},{"leftVar":[{"declaredName":"e","declaredLoc":{"line":41,"column":12},"file":"D:\\WORK\\2022\\论文相关\\benchmark\\miniapp\\998二手挖机圈\\_-1965603458_27\\pages\\upgrade\\index.js"}],"readFlow":[{"type":"assign to","from":{"name":"this","loc":{"line":41,"column":16},"id":32013,"file":"D:\\WORK\\2022\\论文相关\\benchmark\\miniapp\\998二手挖机圈\\_-1965603458_27\\pages\\upgrade\\index.js"},"to":{"name":"e","loc":{"line":41,"column":12},"id":32012,"file":"D:\\WORK\\2022\\论文相关\\benchmark\\miniapp\\998二手挖机圈\\_-1965603458_27\\pages\\upgrade\\index.js"}}]},{"leftVar":[{"declaredName":"e","declaredLoc":{"line":47,"column":12},"file":"D:\\WORK\\2022\\论文相关\\benchmark\\miniapp\\998二手挖机圈\\_-1965603458_27\\pages\\upgrade\\index.js"}],"readFlow":[{"type":"assign to","from":{"name":"this","loc":{"line":47,"column":16},"id":32039,"file":"D:\\WORK\\2022\\论文相关\\benchmark\\miniapp\\998二手挖机圈\\_-1965603458_27\\pages\\upgrade\\index.js"},"to":{"name":"e","loc":{"line":47,"column":12},"id":32038,"file":"D:\\WORK\\2022\\论文相关\\benchmark\\miniapp\\998二手挖机圈\\_-1965603458_27\\pages\\upgrade\\index.js"}}]}]}],"writeShadows":[{"shadowVar":{"declaredName":"__object__3.data","declaredLoc":{"line":4,"column":4},"file":"D:\\WORK\\2022\\论文相关\\benchmark\\miniapp\\998二手挖机圈\\_-1965603458_27\\pages\\upgrade\\index.js"},"writeAccess":[]}]},{"propName":".onLoad","readShadows":[{"shadowVar":{"declaredName":"__object__3.onLoad","declaredLoc":{"line":11,"column":4},"file":"D:\\WORK\\2022\\论文相关\\benchmark\\miniapp\\998二手挖机圈\\_-1965603458_27\\pages\\upgrade\\index.js"},"readAccess":[{"leftVar":[{"declaredName":"e","declaredLoc":{"line":12,"column":12},"file":"D:\\WORK\\2022\\论文相关\\benchmark\\miniapp\\998二手挖机圈\\_-1965603458_27\\pages\\upgrade\\index.js"}],"readFlow":[{"type":"assign to","from":{"name":"this","loc":{"line":12,"column":16},"id":31895,"file":"D:\\WORK\\2022\\论文相关\\benchmark\\miniapp\\998二手挖机圈\\_-1965603458_27\\pages\\upgrade\\index.js"},"to":{"name":"e","loc":{"line":12,"column":12},"id":31894,"file":"D:\\WORK\\2022\\论文相关\\benchmark\\miniapp\\998二手挖机圈\\_-1965603458_27\\pages\\upgrade\\index.js"}}]},{"leftVar":[{"declaredName":"e","declaredLoc":{"line":35,"column":12},"file":"D:\\WORK\\2022\\论文相关\\benchmark\\miniapp\\998二手挖机圈\\_-1965603458_27\\pages\\upgrade\\index.js"}],"readFlow":[{"type":"assign to","from":{"name":"this","loc":{"line":35,"column":16},"id":31977,"file":"D:\\WORK\\2022\\论文相关\\benchmark\\miniapp\\998二手挖机圈\\_-1965603458_27\\pages\\upgrade\\index.js"},"to":{"name":"e","loc":{"line":35,"column":12},"id":31976,"file":"D:\\WORK\\2022\\论文相关\\benchmark\\miniapp\\998二手挖机圈\\_-1965603458_27\\pages\\upgrade\\index.js"}}]},{"leftVar":[{"declaredName":"e","declaredLoc":{"line":41,"column":12},"file":"D:\\WORK\\2022\\论文相关\\benchmark\\miniapp\\998二手挖机圈\\_-1965603458_27\\pages\\upgrade\\index.js"}],"readFlow":[{"type":"assign to","from":{"name":"this","loc":{"line":41,"column":16},"id":32013,"file":"D:\\WORK\\2022\\论文相关\\benchmark\\miniapp\\998二手挖机圈\\_-1965603458_27\\pages\\upgrade\\index.js"},"to":{"name":"e","loc":{"line":41,"column":12},"id":32012,"file":"D:\\WORK\\2022\\论文相关\\benchmark\\miniapp\\998二手挖机圈\\_-1965603458_27\\pages\\upgrade\\index.js"}}]},{"leftVar":[{"declaredName":"e","declaredLoc":{"line":47,"column":12},"file":"D:\\WORK\\2022\\论文相关\\benchmark\\miniapp\\998二手挖机圈\\_-1965603458_27\\pages\\upgrade\\index.js"}],"readFlow":[{"type":"assign to","from":{"name":"this","loc":{"line":47,"column":16},"id":32039,"file":"D:\\WORK\\2022\\论文相关\\benchmark\\miniapp\\998二手挖机圈\\_-1965603458_27\\pages\\upgrade\\index.js"},"to":{"name":"e","loc":{"line":47,"column":12},"id":32038,"file":"D:\\WORK\\2022\\论文相关\\benchmark\\miniapp\\998二手挖机圈\\_-1965603458_27\\pages\\upgrade\\index.js"}}]}]}],"writeShadows":[{"shadowVar":{"declaredName":"__object__3.onLoad","declaredLoc":{"line":11,"column":4},"file":"D:\\WORK\\2022\\论文相关\\benchmark\\miniapp\\998二手挖机圈\\_-1965603458_27\\pages\\upgrade\\index.js"},"writeAccess":[]}]},{"propName":".checkboxChange","readShadows":[{"shadowVar":{"declaredName":"__object__3.checkboxChange","declaredLoc":{"line":34,"column":4},"file":"D:\\WORK\\2022\\论文相关\\benchmark\\miniapp\\998二手挖机圈\\_-1965603458_27\\pages\\upgrade\\index.js"},"readAccess":[{"leftVar":[{"declaredName":"e","declaredLoc":{"line":12,"column":12},"file":"D:\\WORK\\2022\\论文相关\\benchmark\\miniapp\\998二手挖机圈\\_-1965603458_27\\pages\\upgrade\\index.js"}],"readFlow":[{"type":"assign to","from":{"name":"this","loc":{"line":12,"column":16},"id":31895,"file":"D:\\WORK\\2022\\论文相关\\benchmark\\miniapp\\998二手挖机圈\\_-1965603458_27\\pages\\upgrade\\index.js"},"to":{"name":"e","loc":{"line":12,"column":12},"id":31894,"file":"D:\\WORK\\2022\\论文相关\\benchmark\\miniapp\\998二手挖机圈\\_-1965603458_27\\pages\\upgrade\\index.js"}}]},{"leftVar":[{"declaredName":"e","declaredLoc":{"line":35,"column":12},"file":"D:\\WORK\\2022\\论文相关\\benchmark\\miniapp\\998二手挖机圈\\_-1965603458_27\\pages\\upgrade\\index.js"}],"readFlow":[{"type":"assign to","from":{"name":"this","loc":{"line":35,"column":16},"id":31977,"file":"D:\\WORK\\2022\\论文相关\\benchmark\\miniapp\\998二手挖机圈\\_-1965603458_27\\pages\\upgrade\\index.js"},"to":{"name":"e","loc":{"line":35,"column":12},"id":31976,"file":"D:\\WORK\\2022\\论文相关\\benchmark\\miniapp\\998二手挖机圈\\_-1965603458_27\\pages\\upgrade\\index.js"}}]},{"leftVar":[{"declaredName":"e","declaredLoc":{"line":41,"column":12},"file":"D:\\WORK\\2022\\论文相关\\benchmark\\miniapp\\998二手挖机圈\\_-1965603458_27\\pages\\upgrade\\index.js"}],"readFlow":[{"type":"assign to","from":{"name":"this","loc":{"line":41,"column":16},"id":32013,"file":"D:\\WORK\\2022\\论文相关\\benchmark\\miniapp\\998二手挖机圈\\_-1965603458_27\\pages\\upgrade\\index.js"},"to":{"name":"e","loc":{"line":41,"column":12},"id":32012,"file":"D:\\WORK\\2022\\论文相关\\benchmark\\miniapp\\998二手挖机圈\\_-1965603458_27\\pages\\upgrade\\index.js"}}]},{"leftVar":[{"declaredName":"e","declaredLoc":{"line":47,"column":12},"file":"D:\\WORK\\2022\\论文相关\\benchmark\\miniapp\\998二手挖机圈\\_-1965603458_27\\pages\\upgrade\\index.js"}],"readFlow":[{"type":"assign to","from":{"name":"this","loc":{"line":47,"column":16},"id":32039,"file":"D:\\WORK\\2022\\论文相关\\benchmark\\miniapp\\998二手挖机圈\\_-1965603458_27\\pages\\upgrade\\index.js"},"to":{"name":"e","loc":{"line":47,"column":12},"id":32038,"file":"D:\\WORK\\2022\\论文相关\\benchmark\\miniapp\\998二手挖机圈\\_-1965603458_27\\pages\\upgrade\\index.js"}}]}]}],"writeShadows":[{"shadowVar":{"declaredName":"__object__3.checkboxChange","declaredLoc":{"line":34,"column":4},"file":"D:\\WORK\\2022\\论文相关\\benchmark\\miniapp\\998二手挖机圈\\_-1965603458_27\\pages\\upgrade\\index.js"},"writeAccess":[]}]},{"propName":".changelevel","readShadows":[{"shadowVar":{"declaredName":"__object__3.changelevel","declaredLoc":{"line":40,"column":4},"file":"D:\\WORK\\2022\\论文相关\\benchmark\\miniapp\\998二手挖机圈\\_-1965603458_27\\pages\\upgrade\\index.js"},"readAccess":[{"leftVar":[{"declaredName":"e","declaredLoc":{"line":12,"column":12},"file":"D:\\WORK\\2022\\论文相关\\benchmark\\miniapp\\998二手挖机圈\\_-1965603458_27\\pages\\upgrade\\index.js"}],"readFlow":[{"type":"assign to","from":{"name":"this","loc":{"line":12,"column":16},"id":31895,"file":"D:\\WORK\\2022\\论文相关\\benchmark\\miniapp\\998二手挖机圈\\_-1965603458_27\\pages\\upgrade\\index.js"},"to":{"name":"e","loc":{"line":12,"column":12},"id":31894,"file":"D:\\WORK\\2022\\论文相关\\benchmark\\miniapp\\998二手挖机圈\\_-1965603458_27\\pages\\upgrade\\index.js"}}]},{"leftVar":[{"declaredName":"e","declaredLoc":{"line":35,"column":12},"file":"D:\\WORK\\2022\\论文相关\\benchmark\\miniapp\\998二手挖机圈\\_-1965603458_27\\pages\\upgrade\\index.js"}],"readFlow":[{"type":"assign to","from":{"name":"this","loc":{"line":35,"column":16},"id":31977,"file":"D:\\WORK\\2022\\论文相关\\benchmark\\miniapp\\998二手挖机圈\\_-1965603458_27\\pages\\upgrade\\index.js"},"to":{"name":"e","loc":{"line":35,"column":12},"id":31976,"file":"D:\\WORK\\2022\\论文相关\\benchmark\\miniapp\\998二手挖机圈\\_-1965603458_27\\pages\\upgrade\\index.js"}}]},{"leftVar":[{"declaredName":"e","declaredLoc":{"line":41,"column":12},"file":"D:\\WORK\\2022\\论文相关\\benchmark\\miniapp\\998二手挖机圈\\_-1965603458_27\\pages\\upgrade\\index.js"}],"readFlow":[{"type":"assign to","from":{"name":"this","loc":{"line":41,"column":16},"id":32013,"file":"D:\\WORK\\2022\\论文相关\\benchmark\\miniapp\\998二手挖机圈\\_-1965603458_27\\pages\\upgrade\\index.js"},"to":{"name":"e","loc":{"line":41,"column":12},"id":32012,"file":"D:\\WORK\\2022\\论文相关\\benchmark\\miniapp\\998二手挖机圈\\_-1965603458_27\\pages\\upgrade\\index.js"}}]},{"leftVar":[{"declaredName":"e","declaredLoc":{"line":47,"column":12},"file":"D:\\WORK\\2022\\论文相关\\benchmark\\miniapp\\998二手挖机圈\\_-1965603458_27\\pages\\upgrade\\index.js"}],"readFlow":[{"type":"assign to","from":{"name":"this","loc":{"line":47,"column":16},"id":32039,"file":"D:\\WORK\\2022\\论文相关\\benchmark\\miniapp\\998二手挖机圈\\_-1965603458_27\\pages\\upgrade\\index.js"},"to":{"name":"e","loc":{"line":47,"column":12},"id":32038,"file":"D:\\WORK\\2022\\论文相关\\benchmark\\miniapp\\998二手挖机圈\\_-1965603458_27\\pages\\upgrade\\index.js"}}]}]}],"writeShadows":[{"shadowVar":{"declaredName":"__object__3.changelevel","declaredLoc":{"line":40,"column":4},"file":"D:\\WORK\\2022\\论文相关\\benchmark\\miniapp\\998二手挖机圈\\_-1965603458_27\\pages\\upgrade\\index.js"},"writeAccess":[]}]},{"propName":".paynow","readShadows":[{"shadowVar":{"declaredName":"__object__3.paynow","declaredLoc":{"line":46,"column":4},"file":"D:\\WORK\\2022\\论文相关\\benchmark\\miniapp\\998二手挖机圈\\_-1965603458_27\\pages\\upgrade\\index.js"},"readAccess":[{"leftVar":[{"declaredName":"e","declaredLoc":{"line":12,"column":12},"file":"D:\\WORK\\2022\\论文相关\\benchmark\\miniapp\\998二手挖机圈\\_-1965603458_27\\pages\\upgrade\\index.js"}],"readFlow":[{"type":"assign to","from":{"name":"this","loc":{"line":12,"column":16},"id":31895,"file":"D:\\WORK\\2022\\论文相关\\benchmark\\miniapp\\998二手挖机圈\\_-1965603458_27\\pages\\upgrade\\index.js"},"to":{"name":"e","loc":{"line":12,"column":12},"id":31894,"file":"D:\\WORK\\2022\\论文相关\\benchmark\\miniapp\\998二手挖机圈\\_-1965603458_27\\pages\\upgrade\\index.js"}}]},{"leftVar":[{"declaredName":"e","declaredLoc":{"line":35,"column":12},"file":"D:\\WORK\\2022\\论文相关\\benchmark\\miniapp\\998二手挖机圈\\_-1965603458_27\\pages\\upgrade\\index.js"}],"readFlow":[{"type":"assign to","from":{"name":"this","loc":{"line":35,"column":16},"id":31977,"file":"D:\\WORK\\2022\\论文相关\\benchmark\\miniapp\\998二手挖机圈\\_-1965603458_27\\pages\\upgrade\\index.js"},"to":{"name":"e","loc":{"line":35,"column":12},"id":31976,"file":"D:\\WORK\\2022\\论文相关\\benchmark\\miniapp\\998二手挖机圈\\_-1965603458_27\\pages\\upgrade\\index.js"}}]},{"leftVar":[{"declaredName":"e","declaredLoc":{"line":41,"column":12},"file":"D:\\WORK\\2022\\论文相关\\benchmark\\miniapp\\998二手挖机圈\\_-1965603458_27\\pages\\upgrade\\index.js"}],"readFlow":[{"type":"assign to","from":{"name":"this","loc":{"line":41,"column":16},"id":32013,"file":"D:\\WORK\\2022\\论文相关\\benchmark\\miniapp\\998二手挖机圈\\_-1965603458_27\\pages\\upgrade\\index.js"},"to":{"name":"e","loc":{"line":41,"column":12},"id":32012,"file":"D:\\WORK\\2022\\论文相关\\benchmark\\miniapp\\998二手挖机圈\\_-1965603458_27\\pages\\upgrade\\index.js"}}]},{"leftVar":[{"declaredName":"e","declaredLoc":{"line":47,"column":12},"file":"D:\\WORK\\2022\\论文相关\\benchmark\\miniapp\\998二手挖机圈\\_-1965603458_27\\pages\\upgrade\\index.js"}],"readFlow":[{"type":"assign to","from":{"name":"this","loc":{"line":47,"column":16},"id":32039,"file":"D:\\WORK\\2022\\论文相关\\benchmark\\miniapp\\998二手挖机圈\\_-1965603458_27\\pages\\upgrade\\index.js"},"to":{"name":"e","loc":{"line":47,"column":12},"id":32038,"file":"D:\\WORK\\2022\\论文相关\\benchmark\\miniapp\\998二手挖机圈\\_-1965603458_27\\pages\\upgrade\\index.js"}}]}]}],"writeShadows":[{"shadowVar":{"declaredName":"__object__3.paynow","declaredLoc":{"line":46,"column":4},"file":"D:\\WORK\\2022\\论文相关\\benchmark\\miniapp\\998二手挖机圈\\_-1965603458_27\\pages\\upgrade\\index.js"},"writeAccess":[]}]}]},{"shadowObjectVar":"__object__4","dynamicDefinedProps":[{"propName":".group_level","readShadows":[{"shadowVar":{"declaredName":"__object__4.group_level","declaredLoc":{"line":5,"column":8},"file":"D:\\WORK\\2022\\论文相关\\benchmark\\miniapp\\998二手挖机圈\\_-1965603458_27\\pages\\upgrade\\index.js"},"readAccess":[{"leftVar":[{"declaredName":"__object__3.data","declaredLoc":{"line":4,"column":4},"file":"D:\\WORK\\2022\\论文相关\\benchmark\\miniapp\\998二手挖机圈\\_-1965603458_27\\pages\\upgrade\\index.js"}],"readFlow":[{"type":"assign to","from":{"name":"group_level","loc":{"line":5,"column":8},"id":31873,"file":"D:\\WORK\\2022\\论文相关\\benchmark\\miniapp\\998二手挖机圈\\_-1965603458_27\\pages\\upgrade\\index.js"},"to":{"name":"data","loc":{"line":4,"column":4},"id":31870,"file":"D:\\WORK\\2022\\论文相关\\benchmark\\miniapp\\998二手挖机圈\\_-1965603458_27\\pages\\upgrade\\index.js"}},{"type":"to callee","from":{"name":"data","loc":{"line":4,"column":4},"id":31870,"file":"D:\\WORK\\2022\\论文相关\\benchmark\\miniapp\\998二手挖机圈\\_-1965603458_27\\pages\\upgrade\\index.js"},"to":{"name":"Page","loc":{"line":3,"column":0},"id":31867,"file":"D:\\WORK\\2022\\论文相关\\benchmark\\miniapp\\998二手挖机圈\\_-1965603458_27\\pages\\upgrade\\index.js"}},{"type":"read","from":{"name":"data","loc":{"line":4,"column":4},"id":31870,"file":"D:\\WORK\\2022\\论文相关\\benchmark\\miniapp\\998二手挖机圈\\_-1965603458_27\\pages\\upgrade\\index.js"},"to":{"name":"this","loc":{"line":12,"column":16},"id":31895,"file":"D:\\WORK\\2022\\论文相关\\benchmark\\miniapp\\998二手挖机圈\\_-1965603458_27\\pages\\upgrade\\index.js"}},{"type":"read","from":{"name":"data","loc":{"line":4,"column":4},"id":31870,"file":"D:\\WORK\\2022\\论文相关\\benchmark\\miniapp\\998二手挖机圈\\_-1965603458_27\\pages\\upgrade\\index.js"},"to":{"name":"this","loc":{"line":35,"column":16},"id":31977,"file":"D:\\WORK\\2022\\论文相关\\benchmark\\miniapp\\998二手挖机圈\\_-1965603458_27\\pages\\upgrade\\index.js"}},{"type":"read","from":{"name":"data","loc":{"line":4,"column":4},"id":31870,"file":"D:\\WORK\\2022\\论文相关\\benchmark\\miniapp\\998二手挖机圈\\_-1965603458_27\\pages\\upgrade\\index.js"},"to":{"name":"this","loc":{"line":41,"column":16},"id":32013,"file":"D:\\WORK\\2022\\论文相关\\benchmark\\miniapp\\998二手挖机圈\\_-1965603458_27\\pages\\upgrade\\index.js"}},{"type":"read","from":{"name":"data","loc":{"line":4,"column":4},"id":31870,"file":"D:\\WORK\\2022\\论文相关\\benchmark\\miniapp\\998二手挖机圈\\_-1965603458_27\\pages\\upgrade\\index.js"},"to":{"name":"this","loc":{"line":47,"column":16},"id":32039,"file":"D:\\WORK\\2022\\论文相关\\benchmark\\miniapp\\998二手挖机圈\\_-1965603458_27\\pages\\upgrade\\index.js"}},{"type":"assign to","from":{"name":"this","loc":{"line":47,"column":16},"id":32039,"file":"D:\\WORK\\2022\\论文相关\\benchmark\\miniapp\\998二手挖机圈\\_-1965603458_27\\pages\\upgrade\\index.js"},"to":{"name":"e","loc":{"line":47,"column":12},"id":32038,"file":"D:\\WORK\\2022\\论文相关\\benchmark\\miniapp\\998二手挖机圈\\_-1965603458_27\\pages\\upgrade\\index.js"}},{"type":"assign to","from":{"name":"this","loc":{"line":41,"column":16},"id":32013,"file":"D:\\WORK\\2022\\论文相关\\benchmark\\miniapp\\998二手挖机圈\\_-1965603458_27\\pages\\upgrade\\index.js"},"to":{"name":"e","loc":{"line":41,"column":12},"id":32012,"file":"D:\\WORK\\2022\\论文相关\\benchmark\\miniapp\\998二手挖机圈\\_-1965603458_27\\pages\\upgrade\\index.js"}},{"type":"assign to","from":{"name":"this","loc":{"line":35,"column":16},"id":31977,"file":"D:\\WORK\\2022\\论文相关\\benchmark\\miniapp\\998二手挖机圈\\_-1965603458_27\\pages\\upgrade\\index.js"},"to":{"name":"e","loc":{"line":35,"column":12},"id":31976,"file":"D:\\WORK\\2022\\论文相关\\benchmark\\miniapp\\998二手挖机圈\\_-1965603458_27\\pages\\upgrade\\index.js"}},{"type":"assign to","from":{"name":"this","loc":{"line":12,"column":16},"id":31895,"file":"D:\\WORK\\2022\\论文相关\\benchmark\\miniapp\\998二手挖机圈\\_-1965603458_27\\pages\\upgrade\\index.js"},"to":{"name":"e","loc":{"line":12,"column":12},"id":31894,"file":"D:\\WORK\\2022\\论文相关\\benchmark\\miniapp\\998二手挖机圈\\_-1965603458_27\\pages\\upgrade\\index.js"}}]}]}],"writeShadows":[{"shadowVar":{"declaredName":"__object__4.group_level","declaredLoc":{"line":5,"column":8},"file":"D:\\WORK\\2022\\论文相关\\benchmark\\miniapp\\998二手挖机圈\\_-1965603458_27\\pages\\upgrade\\index.js"},"writeAccess":[]}]},{"propName":".call_fee","readShadows":[{"shadowVar":{"declaredName":"__object__4.call_fee","declaredLoc":{"line":6,"column":8},"file":"D:\\WORK\\2022\\论文相关\\benchmark\\miniapp\\998二手挖机圈\\_-1965603458_27\\pages\\upgrade\\index.js"},"readAccess":[{"leftVar":[{"declaredName":"__object__3.data","declaredLoc":{"line":4,"column":4},"file":"D:\\WORK\\2022\\论文相关\\benchmark\\miniapp\\998二手挖机圈\\_-1965603458_27\\pages\\upgrade\\index.js"}],"readFlow":[{"type":"assign to","from":{"name":"call_fee","loc":{"line":6,"column":8},"id":31876,"file":"D:\\WORK\\2022\\论文相关\\benchmark\\miniapp\\998二手挖机圈\\_-1965603458_27\\pages\\upgrade\\index.js"},"to":{"name":"data","loc":{"line":4,"column":4},"id":31870,"file":"D:\\WORK\\2022\\论文相关\\benchmark\\miniapp\\998二手挖机圈\\_-1965603458_27\\pages\\upgrade\\index.js"}},{"type":"to callee","from":{"name":"data","loc":{"line":4,"column":4},"id":31870,"file":"D:\\WORK\\2022\\论文相关\\benchmark\\miniapp\\998二手挖机圈\\_-1965603458_27\\pages\\upgrade\\index.js"},"to":{"name":"Page","loc":{"line":3,"column":0},"id":31867,"file":"D:\\WORK\\2022\\论文相关\\benchmark\\miniapp\\998二手挖机圈\\_-1965603458_27\\pages\\upgrade\\index.js"}},{"type":"read","from":{"name":"data","loc":{"line":4,"column":4},"id":31870,"file":"D:\\WORK\\2022\\论文相关\\benchmark\\miniapp\\998二手挖机圈\\_-1965603458_27\\pages\\upgrade\\index.js"},"to":{"name":"this","loc":{"line":12,"column":16},"id":31895,"file":"D:\\WORK\\2022\\论文相关\\benchmark\\miniapp\\998二手挖机圈\\_-1965603458_27\\pages\\upgrade\\index.js"}},{"type":"read","from":{"name":"data","loc":{"line":4,"column":4},"id":31870,"file":"D:\\WORK\\2022\\论文相关\\benchmark\\miniapp\\998二手挖机圈\\_-1965603458_27\\pages\\upgrade\\index.js"},"to":{"name":"this","loc":{"line":35,"column":16},"id":31977,"file":"D:\\WORK\\2022\\论文相关\\benchmark\\miniapp\\998二手挖机圈\\_-1965603458_27\\pages\\upgrade\\index.js"}},{"type":"read","from":{"name":"data","loc":{"line":4,"column":4},"id":31870,"file":"D:\\WORK\\2022\\论文相关\\benchmark\\miniapp\\998二手挖机圈\\_-1965603458_27\\pages\\upgrade\\index.js"},"to":{"name":"this","loc":{"line":41,"column":16},"id":32013,"file":"D:\\WORK\\2022\\论文相关\\benchmark\\miniapp\\998二手挖机圈\\_-1965603458_27\\pages\\upgrade\\index.js"}},{"type":"read","from":{"name":"data","loc":{"line":4,"column":4},"id":31870,"file":"D:\\WORK\\2022\\论文相关\\benchmark\\miniapp\\998二手挖机圈\\_-1965603458_27\\pages\\upgrade\\index.js"},"to":{"name":"this","loc":{"line":47,"column":16},"id":32039,"file":"D:\\WORK\\2022\\论文相关\\benchmark\\miniapp\\998二手挖机圈\\_-1965603458_27\\pages\\upgrade\\index.js"}},{"type":"assign to","from":{"name":"this","loc":{"line":47,"column":16},"id":32039,"file":"D:\\WORK\\2022\\论文相关\\benchmark\\miniapp\\998二手挖机圈\\_-1965603458_27\\pages\\upgrade\\index.js"},"to":{"name":"e","loc":{"line":47,"column":12},"id":32038,"file":"D:\\WORK\\2022\\论文相关\\benchmark\\miniapp\\998二手挖机圈\\_-1965603458_27\\pages\\upgrade\\index.js"}},{"type":"assign to","from":{"name":"this","loc":{"line":41,"column":16},"id":32013,"file":"D:\\WORK\\2022\\论文相关\\benchmark\\miniapp\\998二手挖机圈\\_-1965603458_27\\pages\\upgrade\\index.js"},"to":{"name":"e","loc":{"line":41,"column":12},"id":32012,"file":"D:\\WORK\\2022\\论文相关\\benchmark\\miniapp\\998二手挖机圈\\_-1965603458_27\\pages\\upgrade\\index.js"}},{"type":"assign to","from":{"name":"this","loc":{"line":35,"column":16},"id":31977,"file":"D:\\WORK\\2022\\论文相关\\benchmark\\miniapp\\998二手挖机圈\\_-1965603458_27\\pages\\upgrade\\index.js"},"to":{"name":"e","loc":{"line":35,"column":12},"id":31976,"file":"D:\\WORK\\2022\\论文相关\\benchmark\\miniapp\\998二手挖机圈\\_-1965603458_27\\pages\\upgrade\\index.js"}},{"type":"assign to","from":{"name":"this","loc":{"line":12,"column":16},"id":31895,"file":"D:\\WORK\\2022\\论文相关\\benchmark\\miniapp\\998二手挖机圈\\_-1965603458_27\\pages\\upgrade\\index.js"},"to":{"name":"e","loc":{"line":12,"column":12},"id":31894,"file":"D:\\WORK\\2022\\论文相关\\benchmark\\miniapp\\998二手挖机圈\\_-1965603458_27\\pages\\upgrade\\index.js"}}]}]}],"writeShadows":[{"shadowVar":{"declaredName":"__object__4.call_fee","declaredLoc":{"line":6,"column":8},"file":"D:\\WORK\\2022\\论文相关\\benchmark\\miniapp\\998二手挖机圈\\_-1965603458_27\\pages\\upgrade\\index.js"},"writeAccess":[]}]},{"propName":".active_level","readShadows":[{"shadowVar":{"declaredName":"__object__4.active_level","declaredLoc":{"line":7,"column":8},"file":"D:\\WORK\\2022\\论文相关\\benchmark\\miniapp\\998二手挖机圈\\_-1965603458_27\\pages\\upgrade\\index.js"},"readAccess":[{"leftVar":[{"declaredName":"__object__3.data","declaredLoc":{"line":4,"column":4},"file":"D:\\WORK\\2022\\论文相关\\benchmark\\miniapp\\998二手挖机圈\\_-1965603458_27\\pages\\upgrade\\index.js"}],"readFlow":[{"type":"assign to","from":{"name":"active_level","loc":{"line":7,"column":8},"id":31879,"file":"D:\\WORK\\2022\\论文相关\\benchmark\\miniapp\\998二手挖机圈\\_-1965603458_27\\pages\\upgrade\\index.js"},"to":{"name":"data","loc":{"line":4,"column":4},"id":31870,"file":"D:\\WORK\\2022\\论文相关\\benchmark\\miniapp\\998二手挖机圈\\_-1965603458_27\\pages\\upgrade\\index.js"}},{"type":"to callee","from":{"name":"data","loc":{"line":4,"column":4},"id":31870,"file":"D:\\WORK\\2022\\论文相关\\benchmark\\miniapp\\998二手挖机圈\\_-1965603458_27\\pages\\upgrade\\index.js"},"to":{"name":"Page","loc":{"line":3,"column":0},"id":31867,"file":"D:\\WORK\\2022\\论文相关\\benchmark\\miniapp\\998二手挖机圈\\_-1965603458_27\\pages\\upgrade\\index.js"}},{"type":"read","from":{"name":"data","loc":{"line":4,"column":4},"id":31870,"file":"D:\\WORK\\2022\\论文相关\\benchmark\\miniapp\\998二手挖机圈\\_-1965603458_27\\pages\\upgrade\\index.js"},"to":{"name":"this","loc":{"line":12,"column":16},"id":31895,"file":"D:\\WORK\\2022\\论文相关\\benchmark\\miniapp\\998二手挖机圈\\_-1965603458_27\\pages\\upgrade\\index.js"}},{"type":"read","from":{"name":"data","loc":{"line":4,"column":4},"id":31870,"file":"D:\\WORK\\2022\\论文相关\\benchmark\\miniapp\\998二手挖机圈\\_-1965603458_27\\pages\\upgrade\\index.js"},"to":{"name":"this","loc":{"line":35,"column":16},"id":31977,"file":"D:\\WORK\\2022\\论文相关\\benchmark\\miniapp\\998二手挖机圈\\_-1965603458_27\\pages\\upgrade\\index.js"}},{"type":"read","from":{"name":"data","loc":{"line":4,"column":4},"id":31870,"file":"D:\\WORK\\2022\\论文相关\\benchmark\\miniapp\\998二手挖机圈\\_-1965603458_27\\pages\\upgrade\\index.js"},"to":{"name":"this","loc":{"line":41,"column":16},"id":32013,"file":"D:\\WORK\\2022\\论文相关\\benchmark\\miniapp\\998二手挖机圈\\_-1965603458_27\\pages\\upgrade\\index.js"}},{"type":"read","from":{"name":"data","loc":{"line":4,"column":4},"id":31870,"file":"D:\\WORK\\2022\\论文相关\\benchmark\\miniapp\\998二手挖机圈\\_-1965603458_27\\pages\\upgrade\\index.js"},"to":{"name":"this","loc":{"line":47,"column":16},"id":32039,"file":"D:\\WORK\\2022\\论文相关\\benchmark\\miniapp\\998二手挖机圈\\_-1965603458_27\\pages\\upgrade\\index.js"}},{"type":"assign to","from":{"name":"this","loc":{"line":47,"column":16},"id":32039,"file":"D:\\WORK\\2022\\论文相关\\benchmark\\miniapp\\998二手挖机圈\\_-1965603458_27\\pages\\upgrade\\index.js"},"to":{"name":"e","loc":{"line":47,"column":12},"id":32038,"file":"D:\\WORK\\2022\\论文相关\\benchmark\\miniapp\\998二手挖机圈\\_-1965603458_27\\pages\\upgrade\\index.js"}},{"type":"assign to","from":{"name":"this","loc":{"line":41,"column":16},"id":32013,"file":"D:\\WORK\\2022\\论文相关\\benchmark\\miniapp\\998二手挖机圈\\_-1965603458_27\\pages\\upgrade\\index.js"},"to":{"name":"e","loc":{"line":41,"column":12},"id":32012,"file":"D:\\WORK\\2022\\论文相关\\benchmark\\miniapp\\998二手挖机圈\\_-1965603458_27\\pages\\upgrade\\index.js"}},{"type":"assign to","from":{"name":"this","loc":{"line":35,"column":16},"id":31977,"file":"D:\\WORK\\2022\\论文相关\\benchmark\\miniapp\\998二手挖机圈\\_-1965603458_27\\pages\\upgrade\\index.js"},"to":{"name":"e","loc":{"line":35,"column":12},"id":31976,"file":"D:\\WORK\\2022\\论文相关\\benchmark\\miniapp\\998二手挖机圈\\_-1965603458_27\\pages\\upgrade\\index.js"}},{"type":"assign to","from":{"name":"this","loc":{"line":12,"column":16},"id":31895,"file":"D:\\WORK\\2022\\论文相关\\benchmark\\miniapp\\998二手挖机圈\\_-1965603458_27\\pages\\upgrade\\index.js"},"to":{"name":"e","loc":{"line":12,"column":12},"id":31894,"file":"D:\\WORK\\2022\\论文相关\\benchmark\\miniapp\\998二手挖机圈\\_-1965603458_27\\pages\\upgrade\\index.js"}}]},{"leftVar":[{"declaredName":"__object__56.doid","declaredLoc":{"line":60,"column":20},"file":"D:\\WORK\\2022\\论文相关\\benchmark\\miniapp\\998二手挖机圈\\_-1965603458_27\\pages\\upgrade\\index.js"}],"readFlow":[{"type":"assign to","from":{"name":"e.data.active_level","loc":{"line":60,"column":34},"id":32134,"file":"D:\\WORK\\2022\\论文相关\\benchmark\\miniapp\\998二手挖机圈\\_-1965603458_27\\pages\\upgrade\\index.js"},"to":{"name":"doid","loc":{"line":60,"column":20},"id":32131,"file":"D:\\WORK\\2022\\论文相关\\benchmark\\miniapp\\998二手挖机圈\\_-1965603458_27\\pages\\upgrade\\index.js"}},{"type":"assign to","from":{"name":"doid","loc":{"line":60,"column":20},"id":32131,"file":"D:\\WORK\\2022\\论文相关\\benchmark\\miniapp\\998二手挖机圈\\_-1965603458_27\\pages\\upgrade\\index.js"},"to":{"name":"data","loc":{"line":56,"column":16},"id":32113,"file":"D:\\WORK\\2022\\论文相关\\benchmark\\miniapp\\998二手挖机圈\\_-1965603458_27\\pages\\upgrade\\index.js"}},{"type":"to callee","from":{"name":"doid","loc":{"line":60,"column":20},"id":32131,"file":"D:\\WORK\\2022\\论文相关\\benchmark\\miniapp\\998二手挖机圈\\_-1965603458_27\\pages\\upgrade\\index.js"},"to":{"name":"wx.request","loc":{"line":50,"column":12},"id":32096,"file":"D:\\WORK\\2022\\论文相关\\benchmark\\miniapp\\998二手挖机圈\\_-1965603458_27\\pages\\upgrade\\index.js","sink":true}},{"type":"to callee","from":{"name":"data","loc":{"line":56,"column":16},"id":32113,"file":"D:\\WORK\\2022\\论文相关\\benchmark\\miniapp\\998二手挖机圈\\_-1965603458_27\\pages\\upgrade\\index.js"},"to":{"name":"wx.request","loc":{"line":50,"column":12},"id":32096,"file":"D:\\WORK\\2022\\论文相关\\benchmark\\miniapp\\998二手挖机圈\\_-1965603458_27\\pages\\upgrade\\index.js","sink":true}}]}]}],"writeShadows":[{"shadowVar":{"declaredName":"__object__4.active_level","declaredLoc":{"line":7,"column":8},"file":"D:\\WORK\\2022\\论文相关\\benchmark\\miniapp\\998二手挖机圈\\_-1965603458_27\\pages\\upgrade\\index.js"},"writeAccess":[]}]},{"propName":".userInfo","readShadows":[{"shadowVar":{"declaredName":"__object__4.userInfo","declaredLoc":{"line":8,"column":8},"file":"D:\\WORK\\2022\\论文相关\\benchmark\\miniapp\\998二手挖机圈\\_-1965603458_27\\pages\\upgrade\\index.js"},"readAccess":[{"leftVar":[{"declaredName":"__object__3.data","declaredLoc":{"line":4,"column":4},"file":"D:\\WORK\\2022\\论文相关\\benchmark\\miniapp\\998二手挖机圈\\_-1965603458_27\\pages\\upgrade\\index.js"}],"readFlow":[{"type":"assign to","from":{"name":"userInfo","loc":{"line":8,"column":8},"id":31882,"file":"D:\\WORK\\2022\\论文相关\\benchmark\\miniapp\\998二手挖机圈\\_-1965603458_27\\pages\\upgrade\\index.js"},"to":{"name":"data","loc":{"line":4,"column":4},"id":31870,"file":"D:\\WORK\\2022\\论文相关\\benchmark\\miniapp\\998二手挖机圈\\_-1965603458_27\\pages\\upgrade\\index.js"}},{"type":"to callee","from":{"name":"data","loc":{"line":4,"column":4},"id":31870,"file":"D:\\WORK\\2022\\论文相关\\benchmark\\miniapp\\998二手挖机圈\\_-1965603458_27\\pages\\upgrade\\index.js"},"to":{"name":"Page","loc":{"line":3,"column":0},"id":31867,"file":"D:\\WORK\\2022\\论文相关\\benchmark\\miniapp\\998二手挖机圈\\_-1965603458_27\\pages\\upgrade\\index.js"}},{"type":"read","from":{"name":"data","loc":{"line":4,"column":4},"id":31870,"file":"D:\\WORK\\2022\\论文相关\\benchmark\\miniapp\\998二手挖机圈\\_-1965603458_27\\pages\\upgrade\\index.js"},"to":{"name":"this","loc":{"line":12,"column":16},"id":31895,"file":"D:\\WORK\\2022\\论文相关\\benchmark\\miniapp\\998二手挖机圈\\_-1965603458_27\\pages\\upgrade\\index.js"}},{"type":"read","from":{"name":"data","loc":{"line":4,"column":4},"id":31870,"file":"D:\\WORK\\2022\\论文相关\\benchmark\\miniapp\\998二手挖机圈\\_-1965603458_27\\pages\\upgrade\\index.js"},"to":{"name":"this","loc":{"line":35,"column":16},"id":31977,"file":"D:\\WORK\\2022\\论文相关\\benchmark\\miniapp\\998二手挖机圈\\_-1965603458_27\\pages\\upgrade\\index.js"}},{"type":"read","from":{"name":"data","loc":{"line":4,"column":4},"id":31870,"file":"D:\\WORK\\2022\\论文相关\\benchmark\\miniapp\\998二手挖机圈\\_-1965603458_27\\pages\\upgrade\\index.js"},"to":{"name":"this","loc":{"line":41,"column":16},"id":32013,"file":"D:\\WORK\\2022\\论文相关\\benchmark\\miniapp\\998二手挖机圈\\_-1965603458_27\\pages\\upgrade\\index.js"}},{"type":"read","from":{"name":"data","loc":{"line":4,"column":4},"id":31870,"file":"D:\\WORK\\2022\\论文相关\\benchmark\\miniapp\\998二手挖机圈\\_-1965603458_27\\pages\\upgrade\\index.js"},"to":{"name":"this","loc":{"line":47,"column":16},"id":32039,"file":"D:\\WORK\\2022\\论文相关\\benchmark\\miniapp\\998二手挖机圈\\_-1965603458_27\\pages\\upgrade\\index.js"}},{"type":"assign to","from":{"name":"this","loc":{"line":47,"column":16},"id":32039,"file":"D:\\WORK\\2022\\论文相关\\benchmark\\miniapp\\998二手挖机圈\\_-1965603458_27\\pages\\upgrade\\index.js"},"to":{"name":"e","loc":{"line":47,"column":12},"id":32038,"file":"D:\\WORK\\2022\\论文相关\\benchmark\\miniapp\\998二手挖机圈\\_-1965603458_27\\pages\\upgrade\\index.js"}},{"type":"assign to","from":{"name":"this","loc":{"line":41,"column":16},"id":32013,"file":"D:\\WORK\\2022\\论文相关\\benchmark\\miniapp\\998二手挖机圈\\_-1965603458_27\\pages\\upgrade\\index.js"},"to":{"name":"e","loc":{"line":41,"column":12},"id":32012,"file":"D:\\WORK\\2022\\论文相关\\benchmark\\miniapp\\998二手挖机圈\\_-1965603458_27\\pages\\upgrade\\index.js"}},{"type":"assign to","from":{"name":"this","loc":{"line":35,"column":16},"id":31977,"file":"D:\\WORK\\2022\\论文相关\\benchmark\\miniapp\\998二手挖机圈\\_-1965603458_27\\pages\\upgrade\\index.js"},"to":{"name":"e","loc":{"line":35,"column":12},"id":31976,"file":"D:\\WORK\\2022\\论文相关\\benchmark\\miniapp\\998二手挖机圈\\_-1965603458_27\\pages\\upgrade\\index.js"}},{"type":"assign to","from":{"name":"this","loc":{"line":12,"column":16},"id":31895,"file":"D:\\WORK\\2022\\论文相关\\benchmark\\miniapp\\998二手挖机圈\\_-1965603458_27\\pages\\upgrade\\index.js"},"to":{"name":"e","loc":{"line":12,"column":12},"id":31894,"file":"D:\\WORK\\2022\\论文相关\\benchmark\\miniapp\\998二手挖机圈\\_-1965603458_27\\pages\\upgrade\\index.js"}}]}]}],"writeShadows":[{"shadowVar":{"declaredName":"__object__4.userInfo","declaredLoc":{"line":8,"column":8},"file":"D:\\WORK\\2022\\论文相关\\benchmark\\miniapp\\998二手挖机圈\\_-1965603458_27\\pages\\upgrade\\index.js"},"writeAccess":[]}]},{"propName":".accept","readShadows":[{"shadowVar":{"declaredName":"__object__4.accept","declaredLoc":{"line":9,"column":8},"file":"D:\\WORK\\2022\\论文相关\\benchmark\\miniapp\\998二手挖机圈\\_-1965603458_27\\pages\\upgrade\\index.js"},"readAccess":[{"leftVar":[{"declaredName":"__object__3.data","declaredLoc":{"line":4,"column":4},"file":"D:\\WORK\\2022\\论文相关\\benchmark\\miniapp\\998二手挖机圈\\_-1965603458_27\\pages\\upgrade\\index.js"}],"readFlow":[{"type":"assign to","from":{"name":"accept","loc":{"line":9,"column":8},"id":31885,"file":"D:\\WORK\\2022\\论文相关\\benchmark\\miniapp\\998二手挖机圈\\_-1965603458_27\\pages\\upgrade\\index.js"},"to":{"name":"data","loc":{"line":4,"column":4},"id":31870,"file":"D:\\WORK\\2022\\论文相关\\benchmark\\miniapp\\998二手挖机圈\\_-1965603458_27\\pages\\upgrade\\index.js"}},{"type":"to callee","from":{"name":"data","loc":{"line":4,"column":4},"id":31870,"file":"D:\\WORK\\2022\\论文相关\\benchmark\\miniapp\\998二手挖机圈\\_-1965603458_27\\pages\\upgrade\\index.js"},"to":{"name":"Page","loc":{"line":3,"column":0},"id":31867,"file":"D:\\WORK\\2022\\论文相关\\benchmark\\miniapp\\998二手挖机圈\\_-1965603458_27\\pages\\upgrade\\index.js"}},{"type":"read","from":{"name":"data","loc":{"line":4,"column":4},"id":31870,"file":"D:\\WORK\\2022\\论文相关\\benchmark\\miniapp\\998二手挖机圈\\_-1965603458_27\\pages\\upgrade\\index.js"},"to":{"name":"this","loc":{"line":12,"column":16},"id":31895,"file":"D:\\WORK\\2022\\论文相关\\benchmark\\miniapp\\998二手挖机圈\\_-1965603458_27\\pages\\upgrade\\index.js"}},{"type":"read","from":{"name":"data","loc":{"line":4,"column":4},"id":31870,"file":"D:\\WORK\\2022\\论文相关\\benchmark\\miniapp\\998二手挖机圈\\_-1965603458_27\\pages\\upgrade\\index.js"},"to":{"name":"this","loc":{"line":35,"column":16},"id":31977,"file":"D:\\WORK\\2022\\论文相关\\benchmark\\miniapp\\998二手挖机圈\\_-1965603458_27\\pages\\upgrade\\index.js"}},{"type":"read","from":{"name":"data","loc":{"line":4,"column":4},"id":31870,"file":"D:\\WORK\\2022\\论文相关\\benchmark\\miniapp\\998二手挖机圈\\_-1965603458_27\\pages\\upgrade\\index.js"},"to":{"name":"this","loc":{"line":41,"column":16},"id":32013,"file":"D:\\WORK\\2022\\论文相关\\benchmark\\miniapp\\998二手挖机圈\\_-1965603458_27\\pages\\upgrade\\index.js"}},{"type":"read","from":{"name":"data","loc":{"line":4,"column":4},"id":31870,"file":"D:\\WORK\\2022\\论文相关\\benchmark\\miniapp\\998二手挖机圈\\_-1965603458_27\\pages\\upgrade\\index.js"},"to":{"name":"this","loc":{"line":47,"column":16},"id":32039,"file":"D:\\WORK\\2022\\论文相关\\benchmark\\miniapp\\998二手挖机圈\\_-1965603458_27\\pages\\upgrade\\index.js"}},{"type":"assign to","from":{"name":"this","loc":{"line":47,"column":16},"id":32039,"file":"D:\\WORK\\2022\\论文相关\\benchmark\\miniapp\\998二手挖机圈\\_-1965603458_27\\pages\\upgrade\\index.js"},"to":{"name":"e","loc":{"line":47,"column":12},"id":32038,"file":"D:\\WORK\\2022\\论文相关\\benchmark\\miniapp\\998二手挖机圈\\_-1965603458_27\\pages\\upgrade\\index.js"}},{"type":"assign to","from":{"name":"this","loc":{"line":41,"column":16},"id":32013,"file":"D:\\WORK\\2022\\论文相关\\benchmark\\miniapp\\998二手挖机圈\\_-1965603458_27\\pages\\upgrade\\index.js"},"to":{"name":"e","loc":{"line":41,"column":12},"id":32012,"file":"D:\\WORK\\2022\\论文相关\\benchmark\\miniapp\\998二手挖机圈\\_-1965603458_27\\pages\\upgrade\\index.js"}},{"type":"assign to","from":{"name":"this","loc":{"line":35,"column":16},"id":31977,"file":"D:\\WORK\\2022\\论文相关\\benchmark\\miniapp\\998二手挖机圈\\_-1965603458_27\\pages\\upgrade\\index.js"},"to":{"name":"e","loc":{"line":35,"column":12},"id":31976,"file":"D:\\WORK\\2022\\论文相关\\benchmark\\miniapp\\998二手挖机圈\\_-1965603458_27\\pages\\upgrade\\index.js"}},{"type":"assign to","from":{"name":"this","loc":{"line":12,"column":16},"id":31895,"file":"D:\\WORK\\2022\\论文相关\\benchmark\\miniapp\\998二手挖机圈\\_-1965603458_27\\pages\\upgrade\\index.js"},"to":{"name":"e","loc":{"line":12,"column":12},"id":31894,"file":"D:\\WORK\\2022\\论文相关\\benchmark\\miniapp\\998二手挖机圈\\_-1965603458_27\\pages\\upgrade\\index.js"}}]},{"leftVar":[{"declaredName":"__object__36.accept","declaredLoc":{"line":37,"column":12},"file":"D:\\WORK\\2022\\论文相关\\benchmark\\miniapp\\998二手挖机圈\\_-1965603458_27\\pages\\upgrade\\index.js"}],"readFlow":[{"type":"assign to","from":{"name":"e.data.accept","loc":{"line":37,"column":20},"id":32000,"file":"D:\\WORK\\2022\\论文相关\\benchmark\\miniapp\\998二手挖机圈\\_-1965603458_27\\pages\\upgrade\\index.js"},"to":{"name":"accept","loc":{"line":37,"column":12},"id":31999,"file":"D:\\WORK\\2022\\论文相关\\benchmark\\miniapp\\998二手挖机圈\\_-1965603458_27\\pages\\upgrade\\index.js"}},{"type":"to callee","from":{"name":"accept","loc":{"line":37,"column":12},"id":31999,"file":"D:\\WORK\\2022\\论文相关\\benchmark\\miniapp\\998二手挖机圈\\_-1965603458_27\\pages\\upgrade\\index.js"},"to":{"name":"e.setData","loc":{"line":36,"column":47},"id":31994,"file":"D:\\WORK\\2022\\论文相关\\benchmark\\miniapp\\998二手挖机圈\\_-1965603458_27\\pages\\upgrade\\index.js"}}]}]}],"writeShadows":[{"shadowVar":{"declaredName":"__object__4.accept","declaredLoc":{"line":9,"column":8},"file":"D:\\WORK\\2022\\论文相关\\benchmark\\miniapp\\998二手挖机圈\\_-1965603458_27\\pages\\upgrade\\index.js"},"writeAccess":[]}]}]}]}