[{"id": 0, "type": "[document]", "string": null, "attribute": {}, "referenceVariable": [], "referenceFunction": [], "style": [], "inheritClass": null, "wxss": [], "page": null, "path": "D:\\WORK\\2021\\MPDF\\baseline\\ui\\Feekr旅行商城\\index.wxml", "child": [1, 2, 3, 4, 76, 82, 83, 84], "parent": null, "matchString": [{"type": "relation", "string": "{{true}}"}, {"type": "relation", "string": "{{item.selected}}"}, {"type": "relation", "string": "{{item.id}}"}, {"type": "relation", "string": "{{item.renderTime}}"}, {"type": "relation", "string": "{{item.price}}"}, {"type": "relation", "string": "包含{{item.totalNum}}张券"}, {"type": "relation", "string": "详情"}, {"type": "relation", "string": "发票抬头"}, {"type": "relation", "string": "{{item.payer}}"}, {"type": "relation", "string": "税号"}, {"type": "relation", "string": "{{item.companInfo.u}}"}, {"type": "relation", "string": "发票内容"}, {"type": "relation", "string": "{{item.item}}"}, {"type": "relation", "string": "发票金额"}, {"type": "relation", "string": "元"}, {"type": "relation", "string": "收件人"}, {"type": "relation", "string": "{{item.receiver}}"}, {"type": "relation", "string": "联系方式"}, {"type": "relation", "string": "{{item.receivertel}}"}, {"type": "relation", "string": "{{item.isEmail?'邮箱地址':'收件地址'}}"}, {"type": "relation", "string": "{{item.receiveraddr}}"}, {"type": "relation", "string": "开户行"}, {"type": "relation", "string": "{{item.companInfo.b}}"}, {"type": "relation", "string": "银行账号"}, {"type": "relation", "string": "{{item.companInfo.a}}"}, {"type": "relation", "string": "公司地址"}, {"type": "relation", "string": "{{item.companInfo.t}}"}, {"type": "relation", "string": "公司电话"}, {"type": "relation", "string": "{{item.companInfo.d}}"}, {"type": "relation", "string": "包含券"}, {"type": "relation", "string": "{{item.item_name}}"}, {"type": "relation", "string": "x{{item.num}}"}, {"type": "relation", "string": "{{item.money<0?'-':''}}￥{{item.money}}"}, {"type": "relation", "string": "￥{{item.money}}"}, {"type": "relation", "string": "快递公司"}, {"type": "relation", "string": "{{item.expressCompany}}"}, {"type": "relation", "string": "快递单号"}, {"type": "relation", "string": "{{item.expressId}}"}, {"type": "relation", "string": "{{haseChecked}}"}, {"type": "relation", "string": "全选"}, {"type": "relation", "string": "重发电子发票\n    "}, {"type": "relation", "string": "invoiceModal"}, {"type": "relation", "string": "{{modalTitle:'重发电子发票',modalContent:modalContent,modalClose:modalClose,modalShow:modalShow}}"}, {"type": "relation", "string": "toast"}, {"type": "relation", "string": "{{toastShow:toastShow,msg:toastMsg,type:toastType}}"}, {"type": "relation", "string": "loader"}, {"type": "relation", "string": "{{title:'加载中...'}}"}]}, {"id": 1, "type": "import", "string": null, "attribute": {"src": "../../components/toast/index.wxml"}, "referenceVariable": [], "referenceFunction": [], "style": [], "inheritClass": null, "wxss": [], "page": null, "path": "D:\\WORK\\2021\\MPDF\\baseline\\ui\\Feekr旅行商城\\index.wxml", "child": [], "parent": 0, "matchString": []}, {"id": 2, "type": "import", "string": null, "attribute": {"src": "../../components/loading/index.wxml"}, "referenceVariable": [], "referenceFunction": [], "style": [], "inheritClass": null, "wxss": [], "page": null, "path": "D:\\WORK\\2021\\MPDF\\baseline\\ui\\Feekr旅行商城\\index.wxml", "child": [], "parent": 0, "matchString": []}, {"id": 3, "type": "import", "string": null, "attribute": {"src": "../../components/invoiceModal/index.wxml"}, "referenceVariable": [], "referenceFunction": [], "style": [], "inheritClass": null, "wxss": [], "page": null, "path": "D:\\WORK\\2021\\MPDF\\baseline\\ui\\Feekr旅行商城\\index.wxml", "child": [], "parent": 0, "matchString": []}, {"id": 4, "type": "scroll-view", "string": null, "attribute": {"class": ["invoice-apply", "{{isIphoneX?'iphoneX':''}}"], "scrolly": "{{true}}"}, "referenceVariable": ["isIphoneX?'iphoneX':''", "true"], "referenceFunction": [], "style": [], "inheritClass": null, "wxss": [], "page": null, "path": "D:\\WORK\\2021\\MPDF\\baseline\\ui\\Feekr旅行商城\\index.wxml", "child": [5], "parent": 0, "matchString": [{"type": "attr", "string": "{{true}}"}, {"type": "relation", "string": "{{item.selected}}"}, {"type": "relation", "string": "{{item.id}}"}, {"type": "relation", "string": "{{item.renderTime}}"}, {"type": "relation", "string": "{{item.price}}"}, {"type": "relation", "string": "包含{{item.totalNum}}张券"}, {"type": "relation", "string": "详情"}, {"type": "relation", "string": "发票抬头"}, {"type": "relation", "string": "{{item.payer}}"}, {"type": "relation", "string": "税号"}, {"type": "relation", "string": "{{item.companInfo.u}}"}, {"type": "relation", "string": "发票内容"}, {"type": "relation", "string": "{{item.item}}"}, {"type": "relation", "string": "发票金额"}, {"type": "relation", "string": "元"}, {"type": "relation", "string": "收件人"}, {"type": "relation", "string": "{{item.receiver}}"}, {"type": "relation", "string": "联系方式"}, {"type": "relation", "string": "{{item.receivertel}}"}, {"type": "relation", "string": "{{item.isEmail?'邮箱地址':'收件地址'}}"}, {"type": "relation", "string": "{{item.receiveraddr}}"}, {"type": "relation", "string": "开户行"}, {"type": "relation", "string": "{{item.companInfo.b}}"}, {"type": "relation", "string": "银行账号"}, {"type": "relation", "string": "{{item.companInfo.a}}"}, {"type": "relation", "string": "公司地址"}, {"type": "relation", "string": "{{item.companInfo.t}}"}, {"type": "relation", "string": "公司电话"}, {"type": "relation", "string": "{{item.companInfo.d}}"}, {"type": "relation", "string": "包含券"}, {"type": "relation", "string": "{{item.item_name}}"}, {"type": "relation", "string": "x{{item.num}}"}, {"type": "relation", "string": "{{item.money<0?'-':''}}￥{{item.money}}"}, {"type": "relation", "string": "￥{{item.money}}"}, {"type": "relation", "string": "快递公司"}, {"type": "relation", "string": "{{item.expressCompany}}"}, {"type": "relation", "string": "快递单号"}, {"type": "relation", "string": "{{item.expressId}}"}]}, {"id": 5, "type": "view", "string": null, "attribute": {"class": ["invoice-select-lis"]}, "referenceVariable": [], "referenceFunction": [], "style": [], "inheritClass": null, "wxss": [], "page": null, "path": "D:\\WORK\\2021\\MPDF\\baseline\\ui\\Feekr旅行商城\\index.wxml", "child": [6], "parent": 4, "matchString": [{"type": "relation", "string": "{{item.selected}}"}, {"type": "relation", "string": "{{item.id}}"}, {"type": "relation", "string": "{{item.renderTime}}"}, {"type": "relation", "string": "{{item.price}}"}, {"type": "relation", "string": "包含{{item.totalNum}}张券"}, {"type": "relation", "string": "详情"}, {"type": "relation", "string": "发票抬头"}, {"type": "relation", "string": "{{item.payer}}"}, {"type": "relation", "string": "税号"}, {"type": "relation", "string": "{{item.companInfo.u}}"}, {"type": "relation", "string": "发票内容"}, {"type": "relation", "string": "{{item.item}}"}, {"type": "relation", "string": "发票金额"}, {"type": "relation", "string": "元"}, {"type": "relation", "string": "收件人"}, {"type": "relation", "string": "{{item.receiver}}"}, {"type": "relation", "string": "联系方式"}, {"type": "relation", "string": "{{item.receivertel}}"}, {"type": "relation", "string": "{{item.isEmail?'邮箱地址':'收件地址'}}"}, {"type": "relation", "string": "{{item.receiveraddr}}"}, {"type": "relation", "string": "开户行"}, {"type": "relation", "string": "{{item.companInfo.b}}"}, {"type": "relation", "string": "银行账号"}, {"type": "relation", "string": "{{item.companInfo.a}}"}, {"type": "relation", "string": "公司地址"}, {"type": "relation", "string": "{{item.companInfo.t}}"}, {"type": "relation", "string": "公司电话"}, {"type": "relation", "string": "{{item.companInfo.d}}"}, {"type": "relation", "string": "包含券"}, {"type": "relation", "string": "{{item.item_name}}"}, {"type": "relation", "string": "x{{item.num}}"}, {"type": "relation", "string": "{{item.money<0?'-':''}}￥{{item.money}}"}, {"type": "relation", "string": "￥{{item.money}}"}, {"type": "relation", "string": "快递公司"}, {"type": "relation", "string": "{{item.expressCompany}}"}, {"type": "relation", "string": "快递单号"}, {"type": "relation", "string": "{{item.expressId}}"}]}, {"id": 6, "type": "view", "string": null, "attribute": {"class": ["invoice-select-ul"], "wx:for": "{{list}}", "wx:key": "{{index}}"}, "referenceVariable": ["list", "index"], "referenceFunction": [], "style": [], "inheritClass": null, "wxss": [], "page": null, "path": "D:\\WORK\\2021\\MPDF\\baseline\\ui\\Feekr旅行商城\\index.wxml", "child": [7, 15, 21], "parent": 5, "matchString": [{"type": "relation", "string": "{{item.selected}}"}, {"type": "relation", "string": "{{item.id}}"}, {"type": "relation", "string": "{{item.renderTime}}"}, {"type": "relation", "string": "{{item.price}}"}, {"type": "relation", "string": "包含{{item.totalNum}}张券"}, {"type": "relation", "string": "详情"}, {"type": "relation", "string": "发票抬头"}, {"type": "relation", "string": "{{item.payer}}"}, {"type": "relation", "string": "税号"}, {"type": "relation", "string": "{{item.companInfo.u}}"}, {"type": "relation", "string": "发票内容"}, {"type": "relation", "string": "{{item.item}}"}, {"type": "relation", "string": "发票金额"}, {"type": "relation", "string": "元"}, {"type": "relation", "string": "收件人"}, {"type": "relation", "string": "{{item.receiver}}"}, {"type": "relation", "string": "联系方式"}, {"type": "relation", "string": "{{item.receivertel}}"}, {"type": "relation", "string": "{{item.isEmail?'邮箱地址':'收件地址'}}"}, {"type": "relation", "string": "{{item.receiveraddr}}"}, {"type": "relation", "string": "开户行"}, {"type": "relation", "string": "{{item.companInfo.b}}"}, {"type": "relation", "string": "银行账号"}, {"type": "relation", "string": "{{item.companInfo.a}}"}, {"type": "relation", "string": "公司地址"}, {"type": "relation", "string": "{{item.companInfo.t}}"}, {"type": "relation", "string": "公司电话"}, {"type": "relation", "string": "{{item.companInfo.d}}"}, {"type": "relation", "string": "包含券"}, {"type": "relation", "string": "{{item.item_name}}"}, {"type": "relation", "string": "x{{item.num}}"}, {"type": "relation", "string": "{{item.money<0?'-':''}}￥{{item.money}}"}, {"type": "relation", "string": "￥{{item.money}}"}, {"type": "relation", "string": "快递公司"}, {"type": "relation", "string": "{{item.expressCompany}}"}, {"type": "relation", "string": "快递单号"}, {"type": "relation", "string": "{{item.expressId}}"}]}, {"id": 7, "type": "view", "string": null, "attribute": {"class": ["section", "btn", "font-md", "product-term"]}, "referenceVariable": [], "referenceFunction": [], "style": [], "inheritClass": null, "wxss": [], "page": null, "path": "D:\\WORK\\2021\\MPDF\\baseline\\ui\\Feekr旅行商城\\index.wxml", "child": [8, 11, 13], "parent": 6, "matchString": [{"type": "relation", "string": "{{item.selected}}"}, {"type": "relation", "string": "{{item.id}}"}, {"type": "relation", "string": "{{item.renderTime}}"}, {"type": "relation", "string": "{{item.price}}"}]}, {"id": 8, "type": "label", "string": null, "attribute": {"bindtap": "checkboxChangeLi", "data-checked": "{{item.selected}}", "data-sid": "{{item.id}}", "wx:if": "{{item.payer_type==1}}"}, "referenceVariable": ["item.selected", "item.id", "item.payer_type==1"], "referenceFunction": ["checkboxChangeLi"], "style": [], "inheritClass": null, "wxss": [], "page": null, "path": "D:\\WORK\\2021\\MPDF\\baseline\\ui\\Feekr旅行商城\\index.wxml", "child": [9, 10], "parent": 7, "matchString": [{"type": "attr", "string": "{{item.selected}}"}, {"type": "attr", "string": "{{item.id}}"}, {"type": "relation", "string": "{{item.renderTime}}"}]}, {"id": 9, "type": "checkbox", "string": null, "attribute": {"checked": "{{item.selected}}", "class": ["checkBox"]}, "referenceVariable": ["item.selected"], "referenceFunction": [], "style": [], "inheritClass": null, "wxss": [], "page": null, "path": "D:\\WORK\\2021\\MPDF\\baseline\\ui\\Feekr旅行商城\\index.wxml", "child": [], "parent": 8, "matchString": []}, {"id": 10, "type": "text", "string": "{{item.renderTime}}", "attribute": {"class": ["margin-left"]}, "referenceVariable": [], "referenceFunction": [], "style": [], "inheritClass": null, "wxss": [], "page": null, "path": "D:\\WORK\\2021\\MPDF\\baseline\\ui\\Feekr旅行商城\\index.wxml", "child": [], "parent": 8, "matchString": [{"type": "self", "string": "{{item.renderTime}}"}]}, {"id": 11, "type": "label", "string": null, "attribute": {"wx:else": ""}, "referenceVariable": [], "referenceFunction": [], "style": [], "inheritClass": null, "wxss": [], "page": null, "path": "D:\\WORK\\2021\\MPDF\\baseline\\ui\\Feekr旅行商城\\index.wxml", "child": [12], "parent": 7, "matchString": [{"type": "relation", "string": "{{item.renderTime}}"}]}, {"id": 12, "type": "text", "string": "{{item.renderTime}}", "attribute": {"class": ["margin-left"]}, "referenceVariable": [], "referenceFunction": [], "style": [], "inheritClass": null, "wxss": [], "page": null, "path": "D:\\WORK\\2021\\MPDF\\baseline\\ui\\Feekr旅行商城\\index.wxml", "child": [], "parent": 11, "matchString": [{"type": "self", "string": "{{item.renderTime}}"}]}, {"id": 13, "type": "view", "string": null, "attribute": {}, "referenceVariable": [], "referenceFunction": [], "style": [], "inheritClass": null, "wxss": [], "page": null, "path": "D:\\WORK\\2021\\MPDF\\baseline\\ui\\Feekr旅行商城\\index.wxml", "child": [14], "parent": 7, "matchString": [{"type": "relation", "string": "{{item.price}}"}]}, {"id": 14, "type": "text", "string": "{{item.price}}", "attribute": {"style": "font-size:15px;"}, "referenceVariable": [], "referenceFunction": [], "style": [], "inheritClass": null, "wxss": [], "page": null, "path": "D:\\WORK\\2021\\MPDF\\baseline\\ui\\Feekr旅行商城\\index.wxml", "child": [], "parent": 13, "matchString": [{"type": "self", "string": "{{item.price}}"}]}, {"id": 15, "type": "view", "string": null, "attribute": {"class": ["section", "btn", "font-md", "product-term"]}, "referenceVariable": [], "referenceFunction": [], "style": [], "inheritClass": null, "wxss": [], "page": null, "path": "D:\\WORK\\2021\\MPDF\\baseline\\ui\\Feekr旅行商城\\index.wxml", "child": [16, 18], "parent": 6, "matchString": [{"type": "relation", "string": "包含{{item.totalNum}}张券"}, {"type": "relation", "string": "{{item.id}}"}, {"type": "relation", "string": "详情"}]}, {"id": 16, "type": "view", "string": null, "attribute": {"style": "margin-left:{{item.payer_type==1?'42rpx;':''}};width:70%;"}, "referenceVariable": ["item.payer_type==1?'42rpx;':''"], "referenceFunction": [], "style": [], "inheritClass": null, "wxss": [], "page": null, "path": "D:\\WORK\\2021\\MPDF\\baseline\\ui\\Feekr旅行商城\\index.wxml", "child": [17], "parent": 15, "matchString": [{"type": "relation", "string": "包含{{item.totalNum}}张券"}]}, {"id": 17, "type": "text", "string": "包含{{item.totalNum}}张券", "attribute": {"class": ["font-sm"], "style": "color:#9B9B9B;margin-left:10px;", "wx:if": "{{item.totalNum>0}}"}, "referenceVariable": ["item.totalNum>0"], "referenceFunction": [], "style": [], "inheritClass": null, "wxss": [], "page": null, "path": "D:\\WORK\\2021\\MPDF\\baseline\\ui\\Feekr旅行商城\\index.wxml", "child": [], "parent": 16, "matchString": [{"type": "self", "string": "包含{{item.totalNum}}张券"}]}, {"id": 18, "type": "view", "string": null, "attribute": {"bindtap": "showAllInfo", "class": ["invoice-lookAll"], "data-sid": "{{item.id}}"}, "referenceVariable": ["item.id"], "referenceFunction": ["showAllInfo"], "style": [], "inheritClass": null, "wxss": [], "page": null, "path": "D:\\WORK\\2021\\MPDF\\baseline\\ui\\Feekr旅行商城\\index.wxml", "child": [19, 20], "parent": 15, "matchString": [{"type": "attr", "string": "{{item.id}}"}, {"type": "relation", "string": "详情"}]}, {"id": 19, "type": "span", "string": "详情", "attribute": {"data-sid": "{{item.id}}", "style": "margin-right:8rpx;"}, "referenceVariable": ["item.id"], "referenceFunction": [], "style": [], "inheritClass": null, "wxss": [], "page": null, "path": "D:\\WORK\\2021\\MPDF\\baseline\\ui\\Feekr旅行商城\\index.wxml", "child": [], "parent": 18, "matchString": [{"type": "self", "string": "详情"}, {"type": "attr", "string": "{{item.id}}"}]}, {"id": 20, "type": "image", "string": null, "attribute": {"class": ["anImg", "{{item.detailShow?'rotate':''}}"], "data-sid": "{{item.id}}", "src": "../../image/icon_more_2.png"}, "referenceVariable": ["item.detailShow?'rotate':''", "item.id"], "referenceFunction": [], "style": [], "inheritClass": null, "wxss": [], "page": null, "path": "D:\\WORK\\2021\\MPDF\\baseline\\ui\\Feekr旅行商城\\index.wxml", "child": [], "parent": 18, "matchString": [{"type": "attr", "string": "{{item.id}}"}]}, {"id": 21, "type": "view", "string": null, "attribute": {"class": ["invoice-detail-content"], "wx:if": "{{item.detailShow}}"}, "referenceVariable": ["item.detailShow"], "referenceFunction": [], "style": [], "inheritClass": null, "wxss": [], "page": null, "path": "D:\\WORK\\2021\\MPDF\\baseline\\ui\\Feekr旅行商城\\index.wxml", "child": [22, 25, 28, 31, 35, 38, 41, 44, 47, 50, 53, 56, 68, 70, 73], "parent": 6, "matchString": [{"type": "relation", "string": "发票抬头"}, {"type": "relation", "string": "{{item.payer}}"}, {"type": "relation", "string": "税号"}, {"type": "relation", "string": "{{item.companInfo.u}}"}, {"type": "relation", "string": "发票内容"}, {"type": "relation", "string": "{{item.item}}"}, {"type": "relation", "string": "发票金额"}, {"type": "relation", "string": "{{item.price}}"}, {"type": "relation", "string": "元"}, {"type": "relation", "string": "收件人"}, {"type": "relation", "string": "{{item.receiver}}"}, {"type": "relation", "string": "联系方式"}, {"type": "relation", "string": "{{item.receivertel}}"}, {"type": "relation", "string": "{{item.isEmail?'邮箱地址':'收件地址'}}"}, {"type": "relation", "string": "{{item.receiveraddr}}"}, {"type": "relation", "string": "开户行"}, {"type": "relation", "string": "{{item.companInfo.b}}"}, {"type": "relation", "string": "银行账号"}, {"type": "relation", "string": "{{item.companInfo.a}}"}, {"type": "relation", "string": "公司地址"}, {"type": "relation", "string": "{{item.companInfo.t}}"}, {"type": "relation", "string": "公司电话"}, {"type": "relation", "string": "{{item.companInfo.d}}"}, {"type": "relation", "string": "包含券"}, {"type": "relation", "string": "{{item.item_name}}"}, {"type": "relation", "string": "x{{item.num}}"}, {"type": "relation", "string": "{{item.money<0?'-':''}}￥{{item.money}}"}, {"type": "relation", "string": "￥{{item.money}}"}, {"type": "relation", "string": "快递公司"}, {"type": "relation", "string": "{{item.expressCompany}}"}, {"type": "relation", "string": "快递单号"}, {"type": "relation", "string": "{{item.expressId}}"}]}, {"id": 22, "type": "view", "string": null, "attribute": {"class": ["invoice_title"], "wx:if": "{{item.payer}}"}, "referenceVariable": ["item.payer"], "referenceFunction": [], "style": [], "inheritClass": null, "wxss": [], "page": null, "path": "D:\\WORK\\2021\\MPDF\\baseline\\ui\\Feekr旅行商城\\index.wxml", "child": [23, 24], "parent": 21, "matchString": [{"type": "relation", "string": "发票抬头"}, {"type": "relation", "string": "{{item.payer}}"}]}, {"id": 23, "type": "view", "string": "发票抬头", "attribute": {"class": ["invoice-bt"]}, "referenceVariable": [], "referenceFunction": [], "style": [], "inheritClass": null, "wxss": [], "page": null, "path": "D:\\WORK\\2021\\MPDF\\baseline\\ui\\Feekr旅行商城\\index.wxml", "child": [], "parent": 22, "matchString": [{"type": "self", "string": "发票抬头"}]}, {"id": 24, "type": "view", "string": "{{item.payer}}", "attribute": {"class": ["invoice-txt"]}, "referenceVariable": [], "referenceFunction": [], "style": [], "inheritClass": null, "wxss": [], "page": null, "path": "D:\\WORK\\2021\\MPDF\\baseline\\ui\\Feekr旅行商城\\index.wxml", "child": [], "parent": 22, "matchString": [{"type": "self", "string": "{{item.payer}}"}]}, {"id": 25, "type": "view", "string": null, "attribute": {"class": ["invoice_title"], "wx:if": "{{item.companInfo.u}}"}, "referenceVariable": ["item.companInfo.u"], "referenceFunction": [], "style": [], "inheritClass": null, "wxss": [], "page": null, "path": "D:\\WORK\\2021\\MPDF\\baseline\\ui\\Feekr旅行商城\\index.wxml", "child": [26, 27], "parent": 21, "matchString": [{"type": "relation", "string": "税号"}, {"type": "relation", "string": "{{item.companInfo.u}}"}]}, {"id": 26, "type": "view", "string": "税号", "attribute": {"class": ["invoice-bt"]}, "referenceVariable": [], "referenceFunction": [], "style": [], "inheritClass": null, "wxss": [], "page": null, "path": "D:\\WORK\\2021\\MPDF\\baseline\\ui\\Feekr旅行商城\\index.wxml", "child": [], "parent": 25, "matchString": [{"type": "self", "string": "税号"}]}, {"id": 27, "type": "view", "string": "{{item.companInfo.u}}", "attribute": {"class": ["invoice-txt"]}, "referenceVariable": [], "referenceFunction": [], "style": [], "inheritClass": null, "wxss": [], "page": null, "path": "D:\\WORK\\2021\\MPDF\\baseline\\ui\\Feekr旅行商城\\index.wxml", "child": [], "parent": 25, "matchString": [{"type": "self", "string": "{{item.companInfo.u}}"}]}, {"id": 28, "type": "view", "string": null, "attribute": {"class": ["invoice_title"], "wx:if": "{{item.item}}"}, "referenceVariable": ["item.item"], "referenceFunction": [], "style": [], "inheritClass": null, "wxss": [], "page": null, "path": "D:\\WORK\\2021\\MPDF\\baseline\\ui\\Feekr旅行商城\\index.wxml", "child": [29, 30], "parent": 21, "matchString": [{"type": "relation", "string": "发票内容"}, {"type": "relation", "string": "{{item.item}}"}]}, {"id": 29, "type": "view", "string": "发票内容", "attribute": {"class": ["invoice-bt"]}, "referenceVariable": [], "referenceFunction": [], "style": [], "inheritClass": null, "wxss": [], "page": null, "path": "D:\\WORK\\2021\\MPDF\\baseline\\ui\\Feekr旅行商城\\index.wxml", "child": [], "parent": 28, "matchString": [{"type": "self", "string": "发票内容"}]}, {"id": 30, "type": "view", "string": "{{item.item}}", "attribute": {"class": ["invoice-txt"]}, "referenceVariable": [], "referenceFunction": [], "style": [], "inheritClass": null, "wxss": [], "page": null, "path": "D:\\WORK\\2021\\MPDF\\baseline\\ui\\Feekr旅行商城\\index.wxml", "child": [], "parent": 28, "matchString": [{"type": "self", "string": "{{item.item}}"}]}, {"id": 31, "type": "view", "string": null, "attribute": {"class": ["invoice_title"], "wx:if": "{{item.price}}"}, "referenceVariable": ["item.price"], "referenceFunction": [], "style": [], "inheritClass": null, "wxss": [], "page": null, "path": "D:\\WORK\\2021\\MPDF\\baseline\\ui\\Feekr旅行商城\\index.wxml", "child": [32, 33, 34], "parent": 21, "matchString": [{"type": "relation", "string": "发票金额"}, {"type": "relation", "string": "{{item.price}}"}, {"type": "relation", "string": "元"}]}, {"id": 32, "type": "view", "string": "发票金额", "attribute": {"class": ["invoice-bt"]}, "referenceVariable": [], "referenceFunction": [], "style": [], "inheritClass": null, "wxss": [], "page": null, "path": "D:\\WORK\\2021\\MPDF\\baseline\\ui\\Feekr旅行商城\\index.wxml", "child": [], "parent": 31, "matchString": [{"type": "self", "string": "发票金额"}]}, {"id": 33, "type": "view", "string": "{{item.price}}", "attribute": {"class": ["invoice-txt", "base-color"], "style": "margin-top:2px;"}, "referenceVariable": [], "referenceFunction": [], "style": [], "inheritClass": null, "wxss": [], "page": null, "path": "D:\\WORK\\2021\\MPDF\\baseline\\ui\\Feekr旅行商城\\index.wxml", "child": [], "parent": 31, "matchString": [{"type": "self", "string": "{{item.price}}"}]}, {"id": 34, "type": "view", "string": "元", "attribute": {"class": ["font-md"]}, "referenceVariable": [], "referenceFunction": [], "style": [], "inheritClass": null, "wxss": [], "page": null, "path": "D:\\WORK\\2021\\MPDF\\baseline\\ui\\Feekr旅行商城\\index.wxml", "child": [], "parent": 31, "matchString": [{"type": "self", "string": "元"}]}, {"id": 35, "type": "view", "string": null, "attribute": {"class": ["invoice_title"], "wx:if": "{{item.receiver&&item.payer_type!=1}}"}, "referenceVariable": ["item.receiver&&item.payer_type!=1"], "referenceFunction": [], "style": [], "inheritClass": null, "wxss": [], "page": null, "path": "D:\\WORK\\2021\\MPDF\\baseline\\ui\\Feekr旅行商城\\index.wxml", "child": [36, 37], "parent": 21, "matchString": [{"type": "relation", "string": "收件人"}, {"type": "relation", "string": "{{item.receiver}}"}]}, {"id": 36, "type": "view", "string": "收件人", "attribute": {"class": ["invoice-bt"]}, "referenceVariable": [], "referenceFunction": [], "style": [], "inheritClass": null, "wxss": [], "page": null, "path": "D:\\WORK\\2021\\MPDF\\baseline\\ui\\Feekr旅行商城\\index.wxml", "child": [], "parent": 35, "matchString": [{"type": "self", "string": "收件人"}]}, {"id": 37, "type": "view", "string": "{{item.receiver}}", "attribute": {"class": ["invoice-txt"]}, "referenceVariable": [], "referenceFunction": [], "style": [], "inheritClass": null, "wxss": [], "page": null, "path": "D:\\WORK\\2021\\MPDF\\baseline\\ui\\Feekr旅行商城\\index.wxml", "child": [], "parent": 35, "matchString": [{"type": "self", "string": "{{item.receiver}}"}]}, {"id": 38, "type": "view", "string": null, "attribute": {"class": ["invoice_title"], "wx:if": "{{item.receivertel}}"}, "referenceVariable": ["item.receivertel"], "referenceFunction": [], "style": [], "inheritClass": null, "wxss": [], "page": null, "path": "D:\\WORK\\2021\\MPDF\\baseline\\ui\\Feekr旅行商城\\index.wxml", "child": [39, 40], "parent": 21, "matchString": [{"type": "relation", "string": "联系方式"}, {"type": "relation", "string": "{{item.receivertel}}"}]}, {"id": 39, "type": "view", "string": "联系方式", "attribute": {"class": ["invoice-bt"]}, "referenceVariable": [], "referenceFunction": [], "style": [], "inheritClass": null, "wxss": [], "page": null, "path": "D:\\WORK\\2021\\MPDF\\baseline\\ui\\Feekr旅行商城\\index.wxml", "child": [], "parent": 38, "matchString": [{"type": "self", "string": "联系方式"}]}, {"id": 40, "type": "view", "string": "{{item.receivertel}}", "attribute": {"class": ["invoice-txt"]}, "referenceVariable": [], "referenceFunction": [], "style": [], "inheritClass": null, "wxss": [], "page": null, "path": "D:\\WORK\\2021\\MPDF\\baseline\\ui\\Feekr旅行商城\\index.wxml", "child": [], "parent": 38, "matchString": [{"type": "self", "string": "{{item.receivertel}}"}]}, {"id": 41, "type": "view", "string": null, "attribute": {"class": ["invoice_title"], "wx:if": "{{item.receiveraddr}}"}, "referenceVariable": ["item.receiveraddr"], "referenceFunction": [], "style": [], "inheritClass": null, "wxss": [], "page": null, "path": "D:\\WORK\\2021\\MPDF\\baseline\\ui\\Feekr旅行商城\\index.wxml", "child": [42, 43], "parent": 21, "matchString": [{"type": "relation", "string": "{{item.isEmail?'邮箱地址':'收件地址'}}"}, {"type": "relation", "string": "{{item.receiveraddr}}"}]}, {"id": 42, "type": "view", "string": "{{item.isEmail?'邮箱地址':'收件地址'}}", "attribute": {"class": ["invoice-bt"]}, "referenceVariable": [], "referenceFunction": [], "style": [], "inheritClass": null, "wxss": [], "page": null, "path": "D:\\WORK\\2021\\MPDF\\baseline\\ui\\Feekr旅行商城\\index.wxml", "child": [], "parent": 41, "matchString": [{"type": "self", "string": "{{item.isEmail?'邮箱地址':'收件地址'}}"}]}, {"id": 43, "type": "view", "string": "{{item.receiveraddr}}", "attribute": {"class": ["invoice-txt"]}, "referenceVariable": [], "referenceFunction": [], "style": [], "inheritClass": null, "wxss": [], "page": null, "path": "D:\\WORK\\2021\\MPDF\\baseline\\ui\\Feekr旅行商城\\index.wxml", "child": [], "parent": 41, "matchString": [{"type": "self", "string": "{{item.receiveraddr}}"}]}, {"id": 44, "type": "view", "string": null, "attribute": {"class": ["invoice_title"], "wx:if": "{{item.companInfo.b}}"}, "referenceVariable": ["item.companInfo.b"], "referenceFunction": [], "style": [], "inheritClass": null, "wxss": [], "page": null, "path": "D:\\WORK\\2021\\MPDF\\baseline\\ui\\Feekr旅行商城\\index.wxml", "child": [45, 46], "parent": 21, "matchString": [{"type": "relation", "string": "开户行"}, {"type": "relation", "string": "{{item.companInfo.b}}"}]}, {"id": 45, "type": "view", "string": "开户行", "attribute": {"class": ["invoice-bt"]}, "referenceVariable": [], "referenceFunction": [], "style": [], "inheritClass": null, "wxss": [], "page": null, "path": "D:\\WORK\\2021\\MPDF\\baseline\\ui\\Feekr旅行商城\\index.wxml", "child": [], "parent": 44, "matchString": [{"type": "self", "string": "开户行"}]}, {"id": 46, "type": "view", "string": "{{item.companInfo.b}}", "attribute": {"class": ["invoice-txt"]}, "referenceVariable": [], "referenceFunction": [], "style": [], "inheritClass": null, "wxss": [], "page": null, "path": "D:\\WORK\\2021\\MPDF\\baseline\\ui\\Feekr旅行商城\\index.wxml", "child": [], "parent": 44, "matchString": [{"type": "self", "string": "{{item.companInfo.b}}"}]}, {"id": 47, "type": "view", "string": null, "attribute": {"class": ["invoice_title"], "wx:if": "{{item.companInfo.a}}"}, "referenceVariable": ["item.companInfo.a"], "referenceFunction": [], "style": [], "inheritClass": null, "wxss": [], "page": null, "path": "D:\\WORK\\2021\\MPDF\\baseline\\ui\\Feekr旅行商城\\index.wxml", "child": [48, 49], "parent": 21, "matchString": [{"type": "relation", "string": "银行账号"}, {"type": "relation", "string": "{{item.companInfo.a}}"}]}, {"id": 48, "type": "view", "string": "银行账号", "attribute": {"class": ["invoice-bt"]}, "referenceVariable": [], "referenceFunction": [], "style": [], "inheritClass": null, "wxss": [], "page": null, "path": "D:\\WORK\\2021\\MPDF\\baseline\\ui\\Feekr旅行商城\\index.wxml", "child": [], "parent": 47, "matchString": [{"type": "self", "string": "银行账号"}]}, {"id": 49, "type": "view", "string": "{{item.companInfo.a}}", "attribute": {"class": ["invoice-txt"]}, "referenceVariable": [], "referenceFunction": [], "style": [], "inheritClass": null, "wxss": [], "page": null, "path": "D:\\WORK\\2021\\MPDF\\baseline\\ui\\Feekr旅行商城\\index.wxml", "child": [], "parent": 47, "matchString": [{"type": "self", "string": "{{item.companInfo.a}}"}]}, {"id": 50, "type": "view", "string": null, "attribute": {"class": ["invoice_title"], "wx:if": "{{item.companInfo.t}}"}, "referenceVariable": ["item.companInfo.t"], "referenceFunction": [], "style": [], "inheritClass": null, "wxss": [], "page": null, "path": "D:\\WORK\\2021\\MPDF\\baseline\\ui\\Feekr旅行商城\\index.wxml", "child": [51, 52], "parent": 21, "matchString": [{"type": "relation", "string": "公司地址"}, {"type": "relation", "string": "{{item.companInfo.t}}"}]}, {"id": 51, "type": "view", "string": "公司地址", "attribute": {"class": ["invoice-bt"]}, "referenceVariable": [], "referenceFunction": [], "style": [], "inheritClass": null, "wxss": [], "page": null, "path": "D:\\WORK\\2021\\MPDF\\baseline\\ui\\Feekr旅行商城\\index.wxml", "child": [], "parent": 50, "matchString": [{"type": "self", "string": "公司地址"}]}, {"id": 52, "type": "view", "string": "{{item.companInfo.t}}", "attribute": {"class": ["invoice-txt"]}, "referenceVariable": [], "referenceFunction": [], "style": [], "inheritClass": null, "wxss": [], "page": null, "path": "D:\\WORK\\2021\\MPDF\\baseline\\ui\\Feekr旅行商城\\index.wxml", "child": [], "parent": 50, "matchString": [{"type": "self", "string": "{{item.companInfo.t}}"}]}, {"id": 53, "type": "view", "string": null, "attribute": {"class": ["invoice_title"], "wx:if": "{{item.companInfo.d}}"}, "referenceVariable": ["item.companInfo.d"], "referenceFunction": [], "style": [], "inheritClass": null, "wxss": [], "page": null, "path": "D:\\WORK\\2021\\MPDF\\baseline\\ui\\Feekr旅行商城\\index.wxml", "child": [54, 55], "parent": 21, "matchString": [{"type": "relation", "string": "公司电话"}, {"type": "relation", "string": "{{item.companInfo.d}}"}]}, {"id": 54, "type": "view", "string": "公司电话", "attribute": {"class": ["invoice-bt"]}, "referenceVariable": [], "referenceFunction": [], "style": [], "inheritClass": null, "wxss": [], "page": null, "path": "D:\\WORK\\2021\\MPDF\\baseline\\ui\\Feekr旅行商城\\index.wxml", "child": [], "parent": 53, "matchString": [{"type": "self", "string": "公司电话"}]}, {"id": 55, "type": "view", "string": "{{item.companInfo.d}}", "attribute": {"class": ["invoice-txt"]}, "referenceVariable": [], "referenceFunction": [], "style": [], "inheritClass": null, "wxss": [], "page": null, "path": "D:\\WORK\\2021\\MPDF\\baseline\\ui\\Feekr旅行商城\\index.wxml", "child": [], "parent": 53, "matchString": [{"type": "self", "string": "{{item.companInfo.d}}"}]}, {"id": 56, "type": "view", "string": null, "attribute": {"class": ["invoice-list-title"], "wx:if": "{{item.hotel.length}}"}, "referenceVariable": ["item.hotel.length"], "referenceFunction": [], "style": [], "inheritClass": null, "wxss": [], "page": null, "path": "D:\\WORK\\2021\\MPDF\\baseline\\ui\\Feekr旅行商城\\index.wxml", "child": [57, 58], "parent": 21, "matchString": [{"type": "relation", "string": "包含券"}, {"type": "relation", "string": "{{item.item_name}}"}, {"type": "relation", "string": "x{{item.num}}"}, {"type": "relation", "string": "{{item.money<0?'-':''}}￥{{item.money}}"}, {"type": "relation", "string": "￥{{item.money}}"}]}, {"id": 57, "type": "view", "string": "包含券", "attribute": {"class": ["invoice-bt"]}, "referenceVariable": [], "referenceFunction": [], "style": [], "inheritClass": null, "wxss": [], "page": null, "path": "D:\\WORK\\2021\\MPDF\\baseline\\ui\\Feekr旅行商城\\index.wxml", "child": [], "parent": 56, "matchString": [{"type": "self", "string": "包含券"}]}, {"id": 58, "type": "view", "string": null, "attribute": {"class": ["invoice-column"]}, "referenceVariable": [], "referenceFunction": [], "style": [], "inheritClass": null, "wxss": [], "page": null, "path": "D:\\WORK\\2021\\MPDF\\baseline\\ui\\Feekr旅行商城\\index.wxml", "child": [59, 64], "parent": 56, "matchString": [{"type": "relation", "string": "{{item.item_name}}"}, {"type": "relation", "string": "x{{item.num}}"}, {"type": "relation", "string": "{{item.money<0?'-':''}}￥{{item.money}}"}, {"type": "relation", "string": "￥{{item.money}}"}]}, {"id": 59, "type": "view", "string": null, "attribute": {"class": ["ticket-list"], "wx:for": "{{item.hotel}}", "wx:key": "index"}, "referenceVariable": ["item.hotel"], "referenceFunction": [], "style": [], "inheritClass": null, "wxss": [], "page": null, "path": "D:\\WORK\\2021\\MPDF\\baseline\\ui\\Feekr旅行商城\\index.wxml", "child": [60, 63], "parent": 58, "matchString": [{"type": "relation", "string": "{{item.item_name}}"}, {"type": "relation", "string": "x{{item.num}}"}, {"type": "relation", "string": "{{item.money<0?'-':''}}￥{{item.money}}"}]}, {"id": 60, "type": "view", "string": null, "attribute": {"class": ["ticket-list-name"]}, "referenceVariable": [], "referenceFunction": [], "style": [], "inheritClass": null, "wxss": [], "page": null, "path": "D:\\WORK\\2021\\MPDF\\baseline\\ui\\Feekr旅行商城\\index.wxml", "child": [61, 62], "parent": 59, "matchString": [{"type": "relation", "string": "{{item.item_name}}"}, {"type": "relation", "string": "x{{item.num}}"}]}, {"id": 61, "type": "view", "string": "{{item.item_name}}", "attribute": {}, "referenceVariable": [], "referenceFunction": [], "style": [], "inheritClass": null, "wxss": [], "page": null, "path": "D:\\WORK\\2021\\MPDF\\baseline\\ui\\Feekr旅行商城\\index.wxml", "child": [], "parent": 60, "matchString": [{"type": "self", "string": "{{item.item_name}}"}]}, {"id": 62, "type": "view", "string": "x{{item.num}}", "attribute": {"wx:if": "{{item.num>1}}"}, "referenceVariable": ["item.num>1"], "referenceFunction": [], "style": [], "inheritClass": null, "wxss": [], "page": null, "path": "D:\\WORK\\2021\\MPDF\\baseline\\ui\\Feekr旅行商城\\index.wxml", "child": [], "parent": 60, "matchString": [{"type": "self", "string": "x{{item.num}}"}]}, {"id": 63, "type": "view", "string": "{{item.money<0?'-':''}}￥{{item.money}}", "attribute": {"class": ["ticket-list-money"]}, "referenceVariable": [], "referenceFunction": [], "style": [], "inheritClass": null, "wxss": [], "page": null, "path": "D:\\WORK\\2021\\MPDF\\baseline\\ui\\Feekr旅行商城\\index.wxml", "child": [], "parent": 59, "matchString": [{"type": "self", "string": "{{item.money<0?'-':''}}￥{{item.money}}"}]}, {"id": 64, "type": "view", "string": null, "attribute": {"class": ["ticket-list"], "wx:for": "{{item.add_info}}", "wx:key": "index"}, "referenceVariable": ["item.add_info"], "referenceFunction": [], "style": [], "inheritClass": null, "wxss": [], "page": null, "path": "D:\\WORK\\2021\\MPDF\\baseline\\ui\\Feekr旅行商城\\index.wxml", "child": [65, 67], "parent": 58, "matchString": [{"type": "relation", "string": "{{item.item_name}}"}, {"type": "relation", "string": "￥{{item.money}}"}]}, {"id": 65, "type": "view", "string": null, "attribute": {"class": ["ticket-list-name"]}, "referenceVariable": [], "referenceFunction": [], "style": [], "inheritClass": null, "wxss": [], "page": null, "path": "D:\\WORK\\2021\\MPDF\\baseline\\ui\\Feekr旅行商城\\index.wxml", "child": [66], "parent": 64, "matchString": [{"type": "relation", "string": "{{item.item_name}}"}]}, {"id": 66, "type": "view", "string": "{{item.item_name}}", "attribute": {}, "referenceVariable": [], "referenceFunction": [], "style": [], "inheritClass": null, "wxss": [], "page": null, "path": "D:\\WORK\\2021\\MPDF\\baseline\\ui\\Feekr旅行商城\\index.wxml", "child": [], "parent": 65, "matchString": [{"type": "self", "string": "{{item.item_name}}"}]}, {"id": 67, "type": "view", "string": "￥{{item.money}}", "attribute": {"class": ["ticket-list-money"]}, "referenceVariable": [], "referenceFunction": [], "style": [], "inheritClass": null, "wxss": [], "page": null, "path": "D:\\WORK\\2021\\MPDF\\baseline\\ui\\Feekr旅行商城\\index.wxml", "child": [], "parent": 64, "matchString": [{"type": "self", "string": "￥{{item.money}}"}]}, {"id": 68, "type": "view", "string": null, "attribute": {"class": ["invoice_title"], "wx:if": "{{item.expressCompany}}"}, "referenceVariable": ["item.expressCompany"], "referenceFunction": [], "style": [], "inheritClass": null, "wxss": [], "page": null, "path": "D:\\WORK\\2021\\MPDF\\baseline\\ui\\Feekr旅行商城\\index.wxml", "child": [69], "parent": 21, "matchString": []}, {"id": 69, "type": "view", "string": null, "attribute": {"style": "width:100%;display:block;border-top:1px dashed #eee;"}, "referenceVariable": [], "referenceFunction": [], "style": [], "inheritClass": null, "wxss": [], "page": null, "path": "D:\\WORK\\2021\\MPDF\\baseline\\ui\\Feekr旅行商城\\index.wxml", "child": [], "parent": 68, "matchString": []}, {"id": 70, "type": "view", "string": null, "attribute": {"class": ["invoice_title"], "wx:if": "{{item.expressCompany}}"}, "referenceVariable": ["item.expressCompany"], "referenceFunction": [], "style": [], "inheritClass": null, "wxss": [], "page": null, "path": "D:\\WORK\\2021\\MPDF\\baseline\\ui\\Feekr旅行商城\\index.wxml", "child": [71, 72], "parent": 21, "matchString": [{"type": "relation", "string": "快递公司"}, {"type": "relation", "string": "{{item.expressCompany}}"}]}, {"id": 71, "type": "view", "string": "快递公司", "attribute": {"class": ["invoice-bt"]}, "referenceVariable": [], "referenceFunction": [], "style": [], "inheritClass": null, "wxss": [], "page": null, "path": "D:\\WORK\\2021\\MPDF\\baseline\\ui\\Feekr旅行商城\\index.wxml", "child": [], "parent": 70, "matchString": [{"type": "self", "string": "快递公司"}]}, {"id": 72, "type": "view", "string": "{{item.expressCompany}}", "attribute": {"class": ["invoice-txt"]}, "referenceVariable": [], "referenceFunction": [], "style": [], "inheritClass": null, "wxss": [], "page": null, "path": "D:\\WORK\\2021\\MPDF\\baseline\\ui\\Feekr旅行商城\\index.wxml", "child": [], "parent": 70, "matchString": [{"type": "self", "string": "{{item.expressCompany}}"}]}, {"id": 73, "type": "view", "string": null, "attribute": {"class": ["invoice_title"], "wx:if": "{{item.expressId}}"}, "referenceVariable": ["item.expressId"], "referenceFunction": [], "style": [], "inheritClass": null, "wxss": [], "page": null, "path": "D:\\WORK\\2021\\MPDF\\baseline\\ui\\Feekr旅行商城\\index.wxml", "child": [74, 75], "parent": 21, "matchString": [{"type": "relation", "string": "快递单号"}, {"type": "relation", "string": "{{item.expressId}}"}]}, {"id": 74, "type": "view", "string": "快递单号", "attribute": {"class": ["invoice-bt"]}, "referenceVariable": [], "referenceFunction": [], "style": [], "inheritClass": null, "wxss": [], "page": null, "path": "D:\\WORK\\2021\\MPDF\\baseline\\ui\\Feekr旅行商城\\index.wxml", "child": [], "parent": 73, "matchString": [{"type": "self", "string": "快递单号"}]}, {"id": 75, "type": "view", "string": "{{item.expressId}}", "attribute": {"class": ["invoice-txt"]}, "referenceVariable": [], "referenceFunction": [], "style": [], "inheritClass": null, "wxss": [], "page": null, "path": "D:\\WORK\\2021\\MPDF\\baseline\\ui\\Feekr旅行商城\\index.wxml", "child": [], "parent": 73, "matchString": [{"type": "self", "string": "{{item.expressId}}"}]}, {"id": 76, "type": "view", "string": null, "attribute": {"class": ["flex-wrap", "action-wrap", "text-center", "{{isIphoneX?'iphoneX':''}}"], "wx:if": "{{!isPaper}}"}, "referenceVariable": ["isIphoneX?'iphoneX':''", "!isPaper"], "referenceFunction": [], "style": [], "inheritClass": null, "wxss": [], "page": null, "path": "D:\\WORK\\2021\\MPDF\\baseline\\ui\\Feekr旅行商城\\index.wxml", "child": [77, 81], "parent": 0, "matchString": [{"type": "relation", "string": "{{haseChecked}}"}, {"type": "relation", "string": "全选"}, {"type": "relation", "string": "重发电子发票\n    "}]}, {"id": 77, "type": "view", "string": null, "attribute": {"class": ["section", "btn", "font-sm", "product-term"]}, "referenceVariable": [], "referenceFunction": [], "style": [], "inheritClass": null, "wxss": [], "page": null, "path": "D:\\WORK\\2021\\MPDF\\baseline\\ui\\Feekr旅行商城\\index.wxml", "child": [78], "parent": 76, "matchString": [{"type": "relation", "string": "{{haseChecked}}"}, {"type": "relation", "string": "全选"}]}, {"id": 78, "type": "label", "string": null, "attribute": {"bindtap": "checkboxChange", "data-checked": "{{haseChecked}}"}, "referenceVariable": ["haseChecked"], "referenceFunction": ["checkboxChange"], "style": [], "inheritClass": null, "wxss": [], "page": null, "path": "D:\\WORK\\2021\\MPDF\\baseline\\ui\\Feekr旅行商城\\index.wxml", "child": [79, 80], "parent": 77, "matchString": [{"type": "attr", "string": "{{haseChecked}}"}, {"type": "relation", "string": "全选"}]}, {"id": 79, "type": "checkbox", "string": null, "attribute": {"checked": "{{haseChecked}}"}, "referenceVariable": ["haseChecked"], "referenceFunction": [], "style": [], "inheritClass": null, "wxss": [], "page": null, "path": "D:\\WORK\\2021\\MPDF\\baseline\\ui\\Feekr旅行商城\\index.wxml", "child": [], "parent": 78, "matchString": []}, {"id": 80, "type": "text", "string": "全选", "attribute": {"class": ["font-lg"]}, "referenceVariable": [], "referenceFunction": [], "style": [], "inheritClass": null, "wxss": [], "page": null, "path": "D:\\WORK\\2021\\MPDF\\baseline\\ui\\Feekr旅行商城\\index.wxml", "child": [], "parent": 78, "matchString": [{"type": "self", "string": "全选"}]}, {"id": 81, "type": "button", "string": "重发电子发票\n    ", "attribute": {"bindtap": "nexTap", "class": ["flex-item", "strong-title", "font-lg", "base-bg", "next-btn"], "type": "default"}, "referenceVariable": [], "referenceFunction": ["nexTap"], "style": [], "inheritClass": null, "wxss": [], "page": null, "path": "D:\\WORK\\2021\\MPDF\\baseline\\ui\\Feekr旅行商城\\index.wxml", "child": [], "parent": 76, "matchString": [{"type": "self", "string": "重发电子发票\n    "}, {"type": "relation", "string": "重发电子发票\n    "}]}, {"id": 82, "type": "template", "string": null, "attribute": {"is": "invoiceModal", "data": "{{modalTitle:'重发电子发票',modalContent:modalContent,modalClose:modalClose,modalShow:modalShow}}"}, "referenceVariable": ["modalTitle:'重发电子发票',modalContent:modalContent,modalClose:modalClose,modalShow:modalShow"], "referenceFunction": [], "style": [], "inheritClass": null, "wxss": [], "page": null, "path": "D:\\WORK\\2021\\MPDF\\baseline\\ui\\Feekr旅行商城\\index.wxml", "child": [], "parent": 0, "matchString": [{"type": "attr", "string": "invoiceModal"}, {"type": "attr", "string": "{{modalTitle:'重发电子发票',modalContent:modalContent,modalClose:modalClose,modalShow:modalShow}}"}]}, {"id": 83, "type": "template", "string": null, "attribute": {"is": "toast", "data": "{{toastShow:toastShow,msg:toastMsg,type:toastType}}"}, "referenceVariable": ["toastShow:toastShow,msg:toastMsg,type:toastType"], "referenceFunction": [], "style": [], "inheritClass": null, "wxss": [], "page": null, "path": "D:\\WORK\\2021\\MPDF\\baseline\\ui\\Feekr旅行商城\\index.wxml", "child": [], "parent": 0, "matchString": [{"type": "attr", "string": "toast"}, {"type": "attr", "string": "{{toastShow:toastShow,msg:toastMsg,type:toastType}}"}]}, {"id": 84, "type": "template", "string": null, "attribute": {"is": "loader", "data": "{{title:'加载中...'}}", "wx:if": "{{loading}}"}, "referenceVariable": ["title:'加载中...'", "loading"], "referenceFunction": [], "style": [], "inheritClass": null, "wxss": [], "page": null, "path": "D:\\WORK\\2021\\MPDF\\baseline\\ui\\Feekr旅行商城\\index.wxml", "child": [], "parent": 0, "matchString": [{"type": "attr", "string": "loader"}, {"type": "attr", "string": "{{title:'加载中...'}}"}]}]