{"definedData":[],"dynamicDefinedData":[{"shadowObjectVar":"__object__3","dynamicDefinedProps":[{"propName":".setData","readShadows":[{"shadowVar":{"declaredName":"__object__3.setData","file":"D:\\WORK\\2022\\论文相关\\benchmark\\miniapp\\998二手挖机圈\\_-1965603458_27\\pages\\dealt\\dealt.js"},"readAccess":[{"leftVar":[{"declaredName":"e","declaredLoc":{"line":11,"column":12},"file":"D:\\WORK\\2022\\论文相关\\benchmark\\miniapp\\998二手挖机圈\\_-1965603458_27\\pages\\dealt\\dealt.js"}],"readFlow":[{"type":"assign to","from":{"name":"this","loc":{"line":11,"column":16},"id":8483,"file":"D:\\WORK\\2022\\论文相关\\benchmark\\miniapp\\998二手挖机圈\\_-1965603458_27\\pages\\dealt\\dealt.js"},"to":{"name":"e","loc":{"line":11,"column":12},"id":8482,"file":"D:\\WORK\\2022\\论文相关\\benchmark\\miniapp\\998二手挖机圈\\_-1965603458_27\\pages\\dealt\\dealt.js"}}]},{"leftVar":[{"declaredName":"t","declaredLoc":{"line":15,"column":12},"file":"D:\\WORK\\2022\\论文相关\\benchmark\\miniapp\\998二手挖机圈\\_-1965603458_27\\pages\\dealt\\dealt.js"}],"readFlow":[{"type":"assign to","from":{"name":"this","loc":{"line":15,"column":16},"id":8501,"file":"D:\\WORK\\2022\\论文相关\\benchmark\\miniapp\\998二手挖机圈\\_-1965603458_27\\pages\\dealt\\dealt.js"},"to":{"name":"t","loc":{"line":15,"column":12},"id":8500,"file":"D:\\WORK\\2022\\论文相关\\benchmark\\miniapp\\998二手挖机圈\\_-1965603458_27\\pages\\dealt\\dealt.js"}}]},{"leftVar":[{"declaredName":"a","declaredLoc":{"line":41,"column":12},"file":"D:\\WORK\\2022\\论文相关\\benchmark\\miniapp\\998二手挖机圈\\_-1965603458_27\\pages\\dealt\\dealt.js"}],"readFlow":[{"type":"assign to","from":{"name":"this","loc":{"line":41,"column":16},"id":8627,"file":"D:\\WORK\\2022\\论文相关\\benchmark\\miniapp\\998二手挖机圈\\_-1965603458_27\\pages\\dealt\\dealt.js"},"to":{"name":"a","loc":{"line":41,"column":12},"id":8626,"file":"D:\\WORK\\2022\\论文相关\\benchmark\\miniapp\\998二手挖机圈\\_-1965603458_27\\pages\\dealt\\dealt.js"}}]}]}],"writeShadows":[{"shadowVar":{"declaredName":"__object__3.setData","file":"D:\\WORK\\2022\\论文相关\\benchmark\\miniapp\\998二手挖机圈\\_-1965603458_27\\pages\\dealt\\dealt.js"},"writeAccess":[]}]},{"propName":".data","readShadows":[{"shadowVar":{"declaredName":"__object__3.data","declaredLoc":{"line":4,"column":4},"file":"D:\\WORK\\2022\\论文相关\\benchmark\\miniapp\\998二手挖机圈\\_-1965603458_27\\pages\\dealt\\dealt.js"},"readAccess":[{"leftVar":[{"declaredName":"e","declaredLoc":{"line":11,"column":12},"file":"D:\\WORK\\2022\\论文相关\\benchmark\\miniapp\\998二手挖机圈\\_-1965603458_27\\pages\\dealt\\dealt.js"}],"readFlow":[{"type":"assign to","from":{"name":"this","loc":{"line":11,"column":16},"id":8483,"file":"D:\\WORK\\2022\\论文相关\\benchmark\\miniapp\\998二手挖机圈\\_-1965603458_27\\pages\\dealt\\dealt.js"},"to":{"name":"e","loc":{"line":11,"column":12},"id":8482,"file":"D:\\WORK\\2022\\论文相关\\benchmark\\miniapp\\998二手挖机圈\\_-1965603458_27\\pages\\dealt\\dealt.js"}}]},{"leftVar":[{"declaredName":"t","declaredLoc":{"line":15,"column":12},"file":"D:\\WORK\\2022\\论文相关\\benchmark\\miniapp\\998二手挖机圈\\_-1965603458_27\\pages\\dealt\\dealt.js"}],"readFlow":[{"type":"assign to","from":{"name":"this","loc":{"line":15,"column":16},"id":8501,"file":"D:\\WORK\\2022\\论文相关\\benchmark\\miniapp\\998二手挖机圈\\_-1965603458_27\\pages\\dealt\\dealt.js"},"to":{"name":"t","loc":{"line":15,"column":12},"id":8500,"file":"D:\\WORK\\2022\\论文相关\\benchmark\\miniapp\\998二手挖机圈\\_-1965603458_27\\pages\\dealt\\dealt.js"}}]},{"leftVar":[{"declaredName":"a","declaredLoc":{"line":41,"column":12},"file":"D:\\WORK\\2022\\论文相关\\benchmark\\miniapp\\998二手挖机圈\\_-1965603458_27\\pages\\dealt\\dealt.js"}],"readFlow":[{"type":"assign to","from":{"name":"this","loc":{"line":41,"column":16},"id":8627,"file":"D:\\WORK\\2022\\论文相关\\benchmark\\miniapp\\998二手挖机圈\\_-1965603458_27\\pages\\dealt\\dealt.js"},"to":{"name":"a","loc":{"line":41,"column":12},"id":8626,"file":"D:\\WORK\\2022\\论文相关\\benchmark\\miniapp\\998二手挖机圈\\_-1965603458_27\\pages\\dealt\\dealt.js"}}]}]}],"writeShadows":[{"shadowVar":{"declaredName":"__object__3.data","declaredLoc":{"line":4,"column":4},"file":"D:\\WORK\\2022\\论文相关\\benchmark\\miniapp\\998二手挖机圈\\_-1965603458_27\\pages\\dealt\\dealt.js"},"writeAccess":[]}]},{"propName":".onLoad","readShadows":[{"shadowVar":{"declaredName":"__object__3.onLoad","declaredLoc":{"line":10,"column":4},"file":"D:\\WORK\\2022\\论文相关\\benchmark\\miniapp\\998二手挖机圈\\_-1965603458_27\\pages\\dealt\\dealt.js"},"readAccess":[{"leftVar":[{"declaredName":"e","declaredLoc":{"line":11,"column":12},"file":"D:\\WORK\\2022\\论文相关\\benchmark\\miniapp\\998二手挖机圈\\_-1965603458_27\\pages\\dealt\\dealt.js"}],"readFlow":[{"type":"assign to","from":{"name":"this","loc":{"line":11,"column":16},"id":8483,"file":"D:\\WORK\\2022\\论文相关\\benchmark\\miniapp\\998二手挖机圈\\_-1965603458_27\\pages\\dealt\\dealt.js"},"to":{"name":"e","loc":{"line":11,"column":12},"id":8482,"file":"D:\\WORK\\2022\\论文相关\\benchmark\\miniapp\\998二手挖机圈\\_-1965603458_27\\pages\\dealt\\dealt.js"}}]},{"leftVar":[{"declaredName":"t","declaredLoc":{"line":15,"column":12},"file":"D:\\WORK\\2022\\论文相关\\benchmark\\miniapp\\998二手挖机圈\\_-1965603458_27\\pages\\dealt\\dealt.js"}],"readFlow":[{"type":"assign to","from":{"name":"this","loc":{"line":15,"column":16},"id":8501,"file":"D:\\WORK\\2022\\论文相关\\benchmark\\miniapp\\998二手挖机圈\\_-1965603458_27\\pages\\dealt\\dealt.js"},"to":{"name":"t","loc":{"line":15,"column":12},"id":8500,"file":"D:\\WORK\\2022\\论文相关\\benchmark\\miniapp\\998二手挖机圈\\_-1965603458_27\\pages\\dealt\\dealt.js"}}]},{"leftVar":[{"declaredName":"a","declaredLoc":{"line":41,"column":12},"file":"D:\\WORK\\2022\\论文相关\\benchmark\\miniapp\\998二手挖机圈\\_-1965603458_27\\pages\\dealt\\dealt.js"}],"readFlow":[{"type":"assign to","from":{"name":"this","loc":{"line":41,"column":16},"id":8627,"file":"D:\\WORK\\2022\\论文相关\\benchmark\\miniapp\\998二手挖机圈\\_-1965603458_27\\pages\\dealt\\dealt.js"},"to":{"name":"a","loc":{"line":41,"column":12},"id":8626,"file":"D:\\WORK\\2022\\论文相关\\benchmark\\miniapp\\998二手挖机圈\\_-1965603458_27\\pages\\dealt\\dealt.js"}}]}]}],"writeShadows":[{"shadowVar":{"declaredName":"__object__3.onLoad","declaredLoc":{"line":10,"column":4},"file":"D:\\WORK\\2022\\论文相关\\benchmark\\miniapp\\998二手挖机圈\\_-1965603458_27\\pages\\dealt\\dealt.js"},"writeAccess":[]}]},{"propName":".get_selled","readShadows":[{"shadowVar":{"declaredName":"__object__3.get_selled","declaredLoc":{"line":14,"column":4},"file":"D:\\WORK\\2022\\论文相关\\benchmark\\miniapp\\998二手挖机圈\\_-1965603458_27\\pages\\dealt\\dealt.js"},"readAccess":[{"leftVar":[{"declaredName":"e","declaredLoc":{"line":11,"column":12},"file":"D:\\WORK\\2022\\论文相关\\benchmark\\miniapp\\998二手挖机圈\\_-1965603458_27\\pages\\dealt\\dealt.js"}],"readFlow":[{"type":"assign to","from":{"name":"this","loc":{"line":11,"column":16},"id":8483,"file":"D:\\WORK\\2022\\论文相关\\benchmark\\miniapp\\998二手挖机圈\\_-1965603458_27\\pages\\dealt\\dealt.js"},"to":{"name":"e","loc":{"line":11,"column":12},"id":8482,"file":"D:\\WORK\\2022\\论文相关\\benchmark\\miniapp\\998二手挖机圈\\_-1965603458_27\\pages\\dealt\\dealt.js"}}]},{"leftVar":[{"declaredName":"t","declaredLoc":{"line":15,"column":12},"file":"D:\\WORK\\2022\\论文相关\\benchmark\\miniapp\\998二手挖机圈\\_-1965603458_27\\pages\\dealt\\dealt.js"}],"readFlow":[{"type":"assign to","from":{"name":"this","loc":{"line":15,"column":16},"id":8501,"file":"D:\\WORK\\2022\\论文相关\\benchmark\\miniapp\\998二手挖机圈\\_-1965603458_27\\pages\\dealt\\dealt.js"},"to":{"name":"t","loc":{"line":15,"column":12},"id":8500,"file":"D:\\WORK\\2022\\论文相关\\benchmark\\miniapp\\998二手挖机圈\\_-1965603458_27\\pages\\dealt\\dealt.js"}}]},{"leftVar":[{"declaredName":"a","declaredLoc":{"line":41,"column":12},"file":"D:\\WORK\\2022\\论文相关\\benchmark\\miniapp\\998二手挖机圈\\_-1965603458_27\\pages\\dealt\\dealt.js"}],"readFlow":[{"type":"assign to","from":{"name":"this","loc":{"line":41,"column":16},"id":8627,"file":"D:\\WORK\\2022\\论文相关\\benchmark\\miniapp\\998二手挖机圈\\_-1965603458_27\\pages\\dealt\\dealt.js"},"to":{"name":"a","loc":{"line":41,"column":12},"id":8626,"file":"D:\\WORK\\2022\\论文相关\\benchmark\\miniapp\\998二手挖机圈\\_-1965603458_27\\pages\\dealt\\dealt.js"}}]}]}],"writeShadows":[{"shadowVar":{"declaredName":"__object__3.get_selled","declaredLoc":{"line":14,"column":4},"file":"D:\\WORK\\2022\\论文相关\\benchmark\\miniapp\\998二手挖机圈\\_-1965603458_27\\pages\\dealt\\dealt.js"},"writeAccess":[]}]},{"propName":".onReachBottom","readShadows":[{"shadowVar":{"declaredName":"__object__3.onReachBottom","declaredLoc":{"line":40,"column":4},"file":"D:\\WORK\\2022\\论文相关\\benchmark\\miniapp\\998二手挖机圈\\_-1965603458_27\\pages\\dealt\\dealt.js"},"readAccess":[{"leftVar":[{"declaredName":"e","declaredLoc":{"line":11,"column":12},"file":"D:\\WORK\\2022\\论文相关\\benchmark\\miniapp\\998二手挖机圈\\_-1965603458_27\\pages\\dealt\\dealt.js"}],"readFlow":[{"type":"assign to","from":{"name":"this","loc":{"line":11,"column":16},"id":8483,"file":"D:\\WORK\\2022\\论文相关\\benchmark\\miniapp\\998二手挖机圈\\_-1965603458_27\\pages\\dealt\\dealt.js"},"to":{"name":"e","loc":{"line":11,"column":12},"id":8482,"file":"D:\\WORK\\2022\\论文相关\\benchmark\\miniapp\\998二手挖机圈\\_-1965603458_27\\pages\\dealt\\dealt.js"}}]},{"leftVar":[{"declaredName":"t","declaredLoc":{"line":15,"column":12},"file":"D:\\WORK\\2022\\论文相关\\benchmark\\miniapp\\998二手挖机圈\\_-1965603458_27\\pages\\dealt\\dealt.js"}],"readFlow":[{"type":"assign to","from":{"name":"this","loc":{"line":15,"column":16},"id":8501,"file":"D:\\WORK\\2022\\论文相关\\benchmark\\miniapp\\998二手挖机圈\\_-1965603458_27\\pages\\dealt\\dealt.js"},"to":{"name":"t","loc":{"line":15,"column":12},"id":8500,"file":"D:\\WORK\\2022\\论文相关\\benchmark\\miniapp\\998二手挖机圈\\_-1965603458_27\\pages\\dealt\\dealt.js"}}]},{"leftVar":[{"declaredName":"a","declaredLoc":{"line":41,"column":12},"file":"D:\\WORK\\2022\\论文相关\\benchmark\\miniapp\\998二手挖机圈\\_-1965603458_27\\pages\\dealt\\dealt.js"}],"readFlow":[{"type":"assign to","from":{"name":"this","loc":{"line":41,"column":16},"id":8627,"file":"D:\\WORK\\2022\\论文相关\\benchmark\\miniapp\\998二手挖机圈\\_-1965603458_27\\pages\\dealt\\dealt.js"},"to":{"name":"a","loc":{"line":41,"column":12},"id":8626,"file":"D:\\WORK\\2022\\论文相关\\benchmark\\miniapp\\998二手挖机圈\\_-1965603458_27\\pages\\dealt\\dealt.js"}}]}]}],"writeShadows":[{"shadowVar":{"declaredName":"__object__3.onReachBottom","declaredLoc":{"line":40,"column":4},"file":"D:\\WORK\\2022\\论文相关\\benchmark\\miniapp\\998二手挖机圈\\_-1965603458_27\\pages\\dealt\\dealt.js"},"writeAccess":[]}]},{"propName":".release","readShadows":[{"shadowVar":{"declaredName":"__object__3.release","declaredLoc":{"line":44,"column":4},"file":"D:\\WORK\\2022\\论文相关\\benchmark\\miniapp\\998二手挖机圈\\_-1965603458_27\\pages\\dealt\\dealt.js"},"readAccess":[{"leftVar":[{"declaredName":"e","declaredLoc":{"line":11,"column":12},"file":"D:\\WORK\\2022\\论文相关\\benchmark\\miniapp\\998二手挖机圈\\_-1965603458_27\\pages\\dealt\\dealt.js"}],"readFlow":[{"type":"assign to","from":{"name":"this","loc":{"line":11,"column":16},"id":8483,"file":"D:\\WORK\\2022\\论文相关\\benchmark\\miniapp\\998二手挖机圈\\_-1965603458_27\\pages\\dealt\\dealt.js"},"to":{"name":"e","loc":{"line":11,"column":12},"id":8482,"file":"D:\\WORK\\2022\\论文相关\\benchmark\\miniapp\\998二手挖机圈\\_-1965603458_27\\pages\\dealt\\dealt.js"}}]},{"leftVar":[{"declaredName":"t","declaredLoc":{"line":15,"column":12},"file":"D:\\WORK\\2022\\论文相关\\benchmark\\miniapp\\998二手挖机圈\\_-1965603458_27\\pages\\dealt\\dealt.js"}],"readFlow":[{"type":"assign to","from":{"name":"this","loc":{"line":15,"column":16},"id":8501,"file":"D:\\WORK\\2022\\论文相关\\benchmark\\miniapp\\998二手挖机圈\\_-1965603458_27\\pages\\dealt\\dealt.js"},"to":{"name":"t","loc":{"line":15,"column":12},"id":8500,"file":"D:\\WORK\\2022\\论文相关\\benchmark\\miniapp\\998二手挖机圈\\_-1965603458_27\\pages\\dealt\\dealt.js"}}]},{"leftVar":[{"declaredName":"a","declaredLoc":{"line":41,"column":12},"file":"D:\\WORK\\2022\\论文相关\\benchmark\\miniapp\\998二手挖机圈\\_-1965603458_27\\pages\\dealt\\dealt.js"}],"readFlow":[{"type":"assign to","from":{"name":"this","loc":{"line":41,"column":16},"id":8627,"file":"D:\\WORK\\2022\\论文相关\\benchmark\\miniapp\\998二手挖机圈\\_-1965603458_27\\pages\\dealt\\dealt.js"},"to":{"name":"a","loc":{"line":41,"column":12},"id":8626,"file":"D:\\WORK\\2022\\论文相关\\benchmark\\miniapp\\998二手挖机圈\\_-1965603458_27\\pages\\dealt\\dealt.js"}}]}]}],"writeShadows":[{"shadowVar":{"declaredName":"__object__3.release","declaredLoc":{"line":44,"column":4},"file":"D:\\WORK\\2022\\论文相关\\benchmark\\miniapp\\998二手挖机圈\\_-1965603458_27\\pages\\dealt\\dealt.js"},"writeAccess":[]}]}]},{"shadowObjectVar":"__object__4","dynamicDefinedProps":[{"propName":".device_list","readShadows":[{"shadowVar":{"declaredName":"__object__4.device_list","declaredLoc":{"line":5,"column":8},"file":"D:\\WORK\\2022\\论文相关\\benchmark\\miniapp\\998二手挖机圈\\_-1965603458_27\\pages\\dealt\\dealt.js"},"readAccess":[{"leftVar":[{"declaredName":"__object__3.data","declaredLoc":{"line":4,"column":4},"file":"D:\\WORK\\2022\\论文相关\\benchmark\\miniapp\\998二手挖机圈\\_-1965603458_27\\pages\\dealt\\dealt.js"}],"readFlow":[{"type":"assign to","from":{"name":"device_list","loc":{"line":5,"column":8},"id":8462,"file":"D:\\WORK\\2022\\论文相关\\benchmark\\miniapp\\998二手挖机圈\\_-1965603458_27\\pages\\dealt\\dealt.js"},"to":{"name":"data","loc":{"line":4,"column":4},"id":8459,"file":"D:\\WORK\\2022\\论文相关\\benchmark\\miniapp\\998二手挖机圈\\_-1965603458_27\\pages\\dealt\\dealt.js"}},{"type":"to callee","from":{"name":"data","loc":{"line":4,"column":4},"id":8459,"file":"D:\\WORK\\2022\\论文相关\\benchmark\\miniapp\\998二手挖机圈\\_-1965603458_27\\pages\\dealt\\dealt.js"},"to":{"name":"Page","loc":{"line":3,"column":0},"id":8456,"file":"D:\\WORK\\2022\\论文相关\\benchmark\\miniapp\\998二手挖机圈\\_-1965603458_27\\pages\\dealt\\dealt.js"}},{"type":"read","from":{"name":"data","loc":{"line":4,"column":4},"id":8459,"file":"D:\\WORK\\2022\\论文相关\\benchmark\\miniapp\\998二手挖机圈\\_-1965603458_27\\pages\\dealt\\dealt.js"},"to":{"name":"this","loc":{"line":11,"column":16},"id":8483,"file":"D:\\WORK\\2022\\论文相关\\benchmark\\miniapp\\998二手挖机圈\\_-1965603458_27\\pages\\dealt\\dealt.js"}},{"type":"read","from":{"name":"data","loc":{"line":4,"column":4},"id":8459,"file":"D:\\WORK\\2022\\论文相关\\benchmark\\miniapp\\998二手挖机圈\\_-1965603458_27\\pages\\dealt\\dealt.js"},"to":{"name":"this","loc":{"line":15,"column":16},"id":8501,"file":"D:\\WORK\\2022\\论文相关\\benchmark\\miniapp\\998二手挖机圈\\_-1965603458_27\\pages\\dealt\\dealt.js"}},{"type":"read","from":{"name":"data","loc":{"line":4,"column":4},"id":8459,"file":"D:\\WORK\\2022\\论文相关\\benchmark\\miniapp\\998二手挖机圈\\_-1965603458_27\\pages\\dealt\\dealt.js"},"to":{"name":"this","loc":{"line":41,"column":16},"id":8627,"file":"D:\\WORK\\2022\\论文相关\\benchmark\\miniapp\\998二手挖机圈\\_-1965603458_27\\pages\\dealt\\dealt.js"}},{"type":"assign to","from":{"name":"this","loc":{"line":41,"column":16},"id":8627,"file":"D:\\WORK\\2022\\论文相关\\benchmark\\miniapp\\998二手挖机圈\\_-1965603458_27\\pages\\dealt\\dealt.js"},"to":{"name":"a","loc":{"line":41,"column":12},"id":8626,"file":"D:\\WORK\\2022\\论文相关\\benchmark\\miniapp\\998二手挖机圈\\_-1965603458_27\\pages\\dealt\\dealt.js"}},{"type":"assign to","from":{"name":"this","loc":{"line":15,"column":16},"id":8501,"file":"D:\\WORK\\2022\\论文相关\\benchmark\\miniapp\\998二手挖机圈\\_-1965603458_27\\pages\\dealt\\dealt.js"},"to":{"name":"t","loc":{"line":15,"column":12},"id":8500,"file":"D:\\WORK\\2022\\论文相关\\benchmark\\miniapp\\998二手挖机圈\\_-1965603458_27\\pages\\dealt\\dealt.js"}},{"type":"assign to","from":{"name":"this","loc":{"line":11,"column":16},"id":8483,"file":"D:\\WORK\\2022\\论文相关\\benchmark\\miniapp\\998二手挖机圈\\_-1965603458_27\\pages\\dealt\\dealt.js"},"to":{"name":"e","loc":{"line":11,"column":12},"id":8482,"file":"D:\\WORK\\2022\\论文相关\\benchmark\\miniapp\\998二手挖机圈\\_-1965603458_27\\pages\\dealt\\dealt.js"}}]},{"leftVar":[{"declaredName":"__object__29.device_list","declaredLoc":{"line":30,"column":24},"file":"D:\\WORK\\2022\\论文相关\\benchmark\\miniapp\\998二手挖机圈\\_-1965603458_27\\pages\\dealt\\dealt.js"}],"readFlow":[{"type":"assign to","from":{"name":"t.data.device_list","loc":{"line":30,"column":37},"id":8593,"file":"D:\\WORK\\2022\\论文相关\\benchmark\\miniapp\\998二手挖机圈\\_-1965603458_27\\pages\\dealt\\dealt.js"},"to":{"name":"device_list","loc":{"line":30,"column":24},"id":8592,"file":"D:\\WORK\\2022\\论文相关\\benchmark\\miniapp\\998二手挖机圈\\_-1965603458_27\\pages\\dealt\\dealt.js"}},{"type":"to callee","from":{"name":"device_list","loc":{"line":30,"column":24},"id":8592,"file":"D:\\WORK\\2022\\论文相关\\benchmark\\miniapp\\998二手挖机圈\\_-1965603458_27\\pages\\dealt\\dealt.js"},"to":{"name":"t.setData","loc":{"line":29,"column":20},"id":8587,"file":"D:\\WORK\\2022\\论文相关\\benchmark\\miniapp\\998二手挖机圈\\_-1965603458_27\\pages\\dealt\\dealt.js"}}]}]}],"writeShadows":[{"shadowVar":{"declaredName":"__object__4.device_list","declaredLoc":{"line":5,"column":8},"file":"D:\\WORK\\2022\\论文相关\\benchmark\\miniapp\\998二手挖机圈\\_-1965603458_27\\pages\\dealt\\dealt.js"},"writeAccess":[]}]},{"propName":".page","readShadows":[{"shadowVar":{"declaredName":"__object__4.page","declaredLoc":{"line":6,"column":8},"file":"D:\\WORK\\2022\\论文相关\\benchmark\\miniapp\\998二手挖机圈\\_-1965603458_27\\pages\\dealt\\dealt.js"},"readAccess":[{"leftVar":[{"declaredName":"__object__3.data","declaredLoc":{"line":4,"column":4},"file":"D:\\WORK\\2022\\论文相关\\benchmark\\miniapp\\998二手挖机圈\\_-1965603458_27\\pages\\dealt\\dealt.js"}],"readFlow":[{"type":"assign to","from":{"name":"page","loc":{"line":6,"column":8},"id":8465,"file":"D:\\WORK\\2022\\论文相关\\benchmark\\miniapp\\998二手挖机圈\\_-1965603458_27\\pages\\dealt\\dealt.js"},"to":{"name":"data","loc":{"line":4,"column":4},"id":8459,"file":"D:\\WORK\\2022\\论文相关\\benchmark\\miniapp\\998二手挖机圈\\_-1965603458_27\\pages\\dealt\\dealt.js"}},{"type":"to callee","from":{"name":"data","loc":{"line":4,"column":4},"id":8459,"file":"D:\\WORK\\2022\\论文相关\\benchmark\\miniapp\\998二手挖机圈\\_-1965603458_27\\pages\\dealt\\dealt.js"},"to":{"name":"Page","loc":{"line":3,"column":0},"id":8456,"file":"D:\\WORK\\2022\\论文相关\\benchmark\\miniapp\\998二手挖机圈\\_-1965603458_27\\pages\\dealt\\dealt.js"}},{"type":"read","from":{"name":"data","loc":{"line":4,"column":4},"id":8459,"file":"D:\\WORK\\2022\\论文相关\\benchmark\\miniapp\\998二手挖机圈\\_-1965603458_27\\pages\\dealt\\dealt.js"},"to":{"name":"this","loc":{"line":11,"column":16},"id":8483,"file":"D:\\WORK\\2022\\论文相关\\benchmark\\miniapp\\998二手挖机圈\\_-1965603458_27\\pages\\dealt\\dealt.js"}},{"type":"read","from":{"name":"data","loc":{"line":4,"column":4},"id":8459,"file":"D:\\WORK\\2022\\论文相关\\benchmark\\miniapp\\998二手挖机圈\\_-1965603458_27\\pages\\dealt\\dealt.js"},"to":{"name":"this","loc":{"line":15,"column":16},"id":8501,"file":"D:\\WORK\\2022\\论文相关\\benchmark\\miniapp\\998二手挖机圈\\_-1965603458_27\\pages\\dealt\\dealt.js"}},{"type":"read","from":{"name":"data","loc":{"line":4,"column":4},"id":8459,"file":"D:\\WORK\\2022\\论文相关\\benchmark\\miniapp\\998二手挖机圈\\_-1965603458_27\\pages\\dealt\\dealt.js"},"to":{"name":"this","loc":{"line":41,"column":16},"id":8627,"file":"D:\\WORK\\2022\\论文相关\\benchmark\\miniapp\\998二手挖机圈\\_-1965603458_27\\pages\\dealt\\dealt.js"}},{"type":"assign to","from":{"name":"this","loc":{"line":41,"column":16},"id":8627,"file":"D:\\WORK\\2022\\论文相关\\benchmark\\miniapp\\998二手挖机圈\\_-1965603458_27\\pages\\dealt\\dealt.js"},"to":{"name":"a","loc":{"line":41,"column":12},"id":8626,"file":"D:\\WORK\\2022\\论文相关\\benchmark\\miniapp\\998二手挖机圈\\_-1965603458_27\\pages\\dealt\\dealt.js"}},{"type":"assign to","from":{"name":"this","loc":{"line":15,"column":16},"id":8501,"file":"D:\\WORK\\2022\\论文相关\\benchmark\\miniapp\\998二手挖机圈\\_-1965603458_27\\pages\\dealt\\dealt.js"},"to":{"name":"t","loc":{"line":15,"column":12},"id":8500,"file":"D:\\WORK\\2022\\论文相关\\benchmark\\miniapp\\998二手挖机圈\\_-1965603458_27\\pages\\dealt\\dealt.js"}},{"type":"assign to","from":{"name":"this","loc":{"line":11,"column":16},"id":8483,"file":"D:\\WORK\\2022\\论文相关\\benchmark\\miniapp\\998二手挖机圈\\_-1965603458_27\\pages\\dealt\\dealt.js"},"to":{"name":"e","loc":{"line":11,"column":12},"id":8482,"file":"D:\\WORK\\2022\\论文相关\\benchmark\\miniapp\\998二手挖机圈\\_-1965603458_27\\pages\\dealt\\dealt.js"}}]},{"leftVar":[{"declaredName":"__object__22.page","declaredLoc":{"line":24,"column":16},"file":"D:\\WORK\\2022\\论文相关\\benchmark\\miniapp\\998二手挖机圈\\_-1965603458_27\\pages\\dealt\\dealt.js"}],"readFlow":[{"type":"assign to","from":{"name":"t.data.page","loc":{"line":24,"column":22},"id":8534,"file":"D:\\WORK\\2022\\论文相关\\benchmark\\miniapp\\998二手挖机圈\\_-1965603458_27\\pages\\dealt\\dealt.js"},"to":{"name":"page","loc":{"line":24,"column":16},"id":8533,"file":"D:\\WORK\\2022\\论文相关\\benchmark\\miniapp\\998二手挖机圈\\_-1965603458_27\\pages\\dealt\\dealt.js"}},{"type":"assign to","from":{"name":"page","loc":{"line":24,"column":16},"id":8533,"file":"D:\\WORK\\2022\\论文相关\\benchmark\\miniapp\\998二手挖机圈\\_-1965603458_27\\pages\\dealt\\dealt.js"},"to":{"name":"data","loc":{"line":22,"column":12},"id":8521,"file":"D:\\WORK\\2022\\论文相关\\benchmark\\miniapp\\998二手挖机圈\\_-1965603458_27\\pages\\dealt\\dealt.js"}},{"type":"to callee","from":{"name":"page","loc":{"line":24,"column":16},"id":8533,"file":"D:\\WORK\\2022\\论文相关\\benchmark\\miniapp\\998二手挖机圈\\_-1965603458_27\\pages\\dealt\\dealt.js"},"to":{"name":"wx.request","loc":{"line":16,"column":8},"id":8504,"file":"D:\\WORK\\2022\\论文相关\\benchmark\\miniapp\\998二手挖机圈\\_-1965603458_27\\pages\\dealt\\dealt.js","sink":true}},{"type":"to callee","from":{"name":"data","loc":{"line":22,"column":12},"id":8521,"file":"D:\\WORK\\2022\\论文相关\\benchmark\\miniapp\\998二手挖机圈\\_-1965603458_27\\pages\\dealt\\dealt.js"},"to":{"name":"wx.request","loc":{"line":16,"column":8},"id":8504,"file":"D:\\WORK\\2022\\论文相关\\benchmark\\miniapp\\998二手挖机圈\\_-1965603458_27\\pages\\dealt\\dealt.js","sink":true}}]}]}],"writeShadows":[{"shadowVar":{"declaredName":"__object__4.page","declaredLoc":{"line":6,"column":8},"file":"D:\\WORK\\2022\\论文相关\\benchmark\\miniapp\\998二手挖机圈\\_-1965603458_27\\pages\\dealt\\dealt.js"},"writeAccess":[]}]},{"propName":".show_foot","readShadows":[{"shadowVar":{"declaredName":"__object__4.show_foot","declaredLoc":{"line":7,"column":8},"file":"D:\\WORK\\2022\\论文相关\\benchmark\\miniapp\\998二手挖机圈\\_-1965603458_27\\pages\\dealt\\dealt.js"},"readAccess":[{"leftVar":[{"declaredName":"__object__3.data","declaredLoc":{"line":4,"column":4},"file":"D:\\WORK\\2022\\论文相关\\benchmark\\miniapp\\998二手挖机圈\\_-1965603458_27\\pages\\dealt\\dealt.js"}],"readFlow":[{"type":"assign to","from":{"name":"show_foot","loc":{"line":7,"column":8},"id":8468,"file":"D:\\WORK\\2022\\论文相关\\benchmark\\miniapp\\998二手挖机圈\\_-1965603458_27\\pages\\dealt\\dealt.js"},"to":{"name":"data","loc":{"line":4,"column":4},"id":8459,"file":"D:\\WORK\\2022\\论文相关\\benchmark\\miniapp\\998二手挖机圈\\_-1965603458_27\\pages\\dealt\\dealt.js"}},{"type":"to callee","from":{"name":"data","loc":{"line":4,"column":4},"id":8459,"file":"D:\\WORK\\2022\\论文相关\\benchmark\\miniapp\\998二手挖机圈\\_-1965603458_27\\pages\\dealt\\dealt.js"},"to":{"name":"Page","loc":{"line":3,"column":0},"id":8456,"file":"D:\\WORK\\2022\\论文相关\\benchmark\\miniapp\\998二手挖机圈\\_-1965603458_27\\pages\\dealt\\dealt.js"}},{"type":"read","from":{"name":"data","loc":{"line":4,"column":4},"id":8459,"file":"D:\\WORK\\2022\\论文相关\\benchmark\\miniapp\\998二手挖机圈\\_-1965603458_27\\pages\\dealt\\dealt.js"},"to":{"name":"this","loc":{"line":11,"column":16},"id":8483,"file":"D:\\WORK\\2022\\论文相关\\benchmark\\miniapp\\998二手挖机圈\\_-1965603458_27\\pages\\dealt\\dealt.js"}},{"type":"read","from":{"name":"data","loc":{"line":4,"column":4},"id":8459,"file":"D:\\WORK\\2022\\论文相关\\benchmark\\miniapp\\998二手挖机圈\\_-1965603458_27\\pages\\dealt\\dealt.js"},"to":{"name":"this","loc":{"line":15,"column":16},"id":8501,"file":"D:\\WORK\\2022\\论文相关\\benchmark\\miniapp\\998二手挖机圈\\_-1965603458_27\\pages\\dealt\\dealt.js"}},{"type":"read","from":{"name":"data","loc":{"line":4,"column":4},"id":8459,"file":"D:\\WORK\\2022\\论文相关\\benchmark\\miniapp\\998二手挖机圈\\_-1965603458_27\\pages\\dealt\\dealt.js"},"to":{"name":"this","loc":{"line":41,"column":16},"id":8627,"file":"D:\\WORK\\2022\\论文相关\\benchmark\\miniapp\\998二手挖机圈\\_-1965603458_27\\pages\\dealt\\dealt.js"}},{"type":"assign to","from":{"name":"this","loc":{"line":41,"column":16},"id":8627,"file":"D:\\WORK\\2022\\论文相关\\benchmark\\miniapp\\998二手挖机圈\\_-1965603458_27\\pages\\dealt\\dealt.js"},"to":{"name":"a","loc":{"line":41,"column":12},"id":8626,"file":"D:\\WORK\\2022\\论文相关\\benchmark\\miniapp\\998二手挖机圈\\_-1965603458_27\\pages\\dealt\\dealt.js"}},{"type":"assign to","from":{"name":"this","loc":{"line":15,"column":16},"id":8501,"file":"D:\\WORK\\2022\\论文相关\\benchmark\\miniapp\\998二手挖机圈\\_-1965603458_27\\pages\\dealt\\dealt.js"},"to":{"name":"t","loc":{"line":15,"column":12},"id":8500,"file":"D:\\WORK\\2022\\论文相关\\benchmark\\miniapp\\998二手挖机圈\\_-1965603458_27\\pages\\dealt\\dealt.js"}},{"type":"assign to","from":{"name":"this","loc":{"line":11,"column":16},"id":8483,"file":"D:\\WORK\\2022\\论文相关\\benchmark\\miniapp\\998二手挖机圈\\_-1965603458_27\\pages\\dealt\\dealt.js"},"to":{"name":"e","loc":{"line":11,"column":12},"id":8482,"file":"D:\\WORK\\2022\\论文相关\\benchmark\\miniapp\\998二手挖机圈\\_-1965603458_27\\pages\\dealt\\dealt.js"}}]}]}],"writeShadows":[{"shadowVar":{"declaredName":"__object__4.show_foot","declaredLoc":{"line":7,"column":8},"file":"D:\\WORK\\2022\\论文相关\\benchmark\\miniapp\\998二手挖机圈\\_-1965603458_27\\pages\\dealt\\dealt.js"},"writeAccess":[]}]},{"propName":".show_loading","readShadows":[{"shadowVar":{"declaredName":"__object__4.show_loading","declaredLoc":{"line":8,"column":8},"file":"D:\\WORK\\2022\\论文相关\\benchmark\\miniapp\\998二手挖机圈\\_-1965603458_27\\pages\\dealt\\dealt.js"},"readAccess":[{"leftVar":[{"declaredName":"__object__3.data","declaredLoc":{"line":4,"column":4},"file":"D:\\WORK\\2022\\论文相关\\benchmark\\miniapp\\998二手挖机圈\\_-1965603458_27\\pages\\dealt\\dealt.js"}],"readFlow":[{"type":"assign to","from":{"name":"show_loading","loc":{"line":8,"column":8},"id":8472,"file":"D:\\WORK\\2022\\论文相关\\benchmark\\miniapp\\998二手挖机圈\\_-1965603458_27\\pages\\dealt\\dealt.js"},"to":{"name":"data","loc":{"line":4,"column":4},"id":8459,"file":"D:\\WORK\\2022\\论文相关\\benchmark\\miniapp\\998二手挖机圈\\_-1965603458_27\\pages\\dealt\\dealt.js"}},{"type":"to callee","from":{"name":"data","loc":{"line":4,"column":4},"id":8459,"file":"D:\\WORK\\2022\\论文相关\\benchmark\\miniapp\\998二手挖机圈\\_-1965603458_27\\pages\\dealt\\dealt.js"},"to":{"name":"Page","loc":{"line":3,"column":0},"id":8456,"file":"D:\\WORK\\2022\\论文相关\\benchmark\\miniapp\\998二手挖机圈\\_-1965603458_27\\pages\\dealt\\dealt.js"}},{"type":"read","from":{"name":"data","loc":{"line":4,"column":4},"id":8459,"file":"D:\\WORK\\2022\\论文相关\\benchmark\\miniapp\\998二手挖机圈\\_-1965603458_27\\pages\\dealt\\dealt.js"},"to":{"name":"this","loc":{"line":11,"column":16},"id":8483,"file":"D:\\WORK\\2022\\论文相关\\benchmark\\miniapp\\998二手挖机圈\\_-1965603458_27\\pages\\dealt\\dealt.js"}},{"type":"read","from":{"name":"data","loc":{"line":4,"column":4},"id":8459,"file":"D:\\WORK\\2022\\论文相关\\benchmark\\miniapp\\998二手挖机圈\\_-1965603458_27\\pages\\dealt\\dealt.js"},"to":{"name":"this","loc":{"line":15,"column":16},"id":8501,"file":"D:\\WORK\\2022\\论文相关\\benchmark\\miniapp\\998二手挖机圈\\_-1965603458_27\\pages\\dealt\\dealt.js"}},{"type":"read","from":{"name":"data","loc":{"line":4,"column":4},"id":8459,"file":"D:\\WORK\\2022\\论文相关\\benchmark\\miniapp\\998二手挖机圈\\_-1965603458_27\\pages\\dealt\\dealt.js"},"to":{"name":"this","loc":{"line":41,"column":16},"id":8627,"file":"D:\\WORK\\2022\\论文相关\\benchmark\\miniapp\\998二手挖机圈\\_-1965603458_27\\pages\\dealt\\dealt.js"}},{"type":"assign to","from":{"name":"this","loc":{"line":41,"column":16},"id":8627,"file":"D:\\WORK\\2022\\论文相关\\benchmark\\miniapp\\998二手挖机圈\\_-1965603458_27\\pages\\dealt\\dealt.js"},"to":{"name":"a","loc":{"line":41,"column":12},"id":8626,"file":"D:\\WORK\\2022\\论文相关\\benchmark\\miniapp\\998二手挖机圈\\_-1965603458_27\\pages\\dealt\\dealt.js"}},{"type":"assign to","from":{"name":"this","loc":{"line":15,"column":16},"id":8501,"file":"D:\\WORK\\2022\\论文相关\\benchmark\\miniapp\\998二手挖机圈\\_-1965603458_27\\pages\\dealt\\dealt.js"},"to":{"name":"t","loc":{"line":15,"column":12},"id":8500,"file":"D:\\WORK\\2022\\论文相关\\benchmark\\miniapp\\998二手挖机圈\\_-1965603458_27\\pages\\dealt\\dealt.js"}},{"type":"assign to","from":{"name":"this","loc":{"line":11,"column":16},"id":8483,"file":"D:\\WORK\\2022\\论文相关\\benchmark\\miniapp\\998二手挖机圈\\_-1965603458_27\\pages\\dealt\\dealt.js"},"to":{"name":"e","loc":{"line":11,"column":12},"id":8482,"file":"D:\\WORK\\2022\\论文相关\\benchmark\\miniapp\\998二手挖机圈\\_-1965603458_27\\pages\\dealt\\dealt.js"}}]}]}],"writeShadows":[{"shadowVar":{"declaredName":"__object__4.show_loading","declaredLoc":{"line":8,"column":8},"file":"D:\\WORK\\2022\\论文相关\\benchmark\\miniapp\\998二手挖机圈\\_-1965603458_27\\pages\\dealt\\dealt.js"},"writeAccess":[]}]},{"propName":".device_list.push","readShadows":[{"shadowVar":{"declaredName":"__object__4.device_list.push","file":"D:\\WORK\\2022\\论文相关\\benchmark\\miniapp\\998二手挖机圈\\_-1965603458_27\\pages\\dealt\\dealt.js"},"readAccess":[{"leftVar":[{"declaredName":"__object__29.device_list","declaredLoc":{"line":30,"column":24},"file":"D:\\WORK\\2022\\论文相关\\benchmark\\miniapp\\998二手挖机圈\\_-1965603458_27\\pages\\dealt\\dealt.js"}],"readFlow":[{"type":"assign to","from":{"name":"t.data.device_list","loc":{"line":30,"column":37},"id":8593,"file":"D:\\WORK\\2022\\论文相关\\benchmark\\miniapp\\998二手挖机圈\\_-1965603458_27\\pages\\dealt\\dealt.js"},"to":{"name":"device_list","loc":{"line":30,"column":24},"id":8592,"file":"D:\\WORK\\2022\\论文相关\\benchmark\\miniapp\\998二手挖机圈\\_-1965603458_27\\pages\\dealt\\dealt.js"}},{"type":"to callee","from":{"name":"device_list","loc":{"line":30,"column":24},"id":8592,"file":"D:\\WORK\\2022\\论文相关\\benchmark\\miniapp\\998二手挖机圈\\_-1965603458_27\\pages\\dealt\\dealt.js"},"to":{"name":"t.setData","loc":{"line":29,"column":20},"id":8587,"file":"D:\\WORK\\2022\\论文相关\\benchmark\\miniapp\\998二手挖机圈\\_-1965603458_27\\pages\\dealt\\dealt.js"}}]}]}],"writeShadows":[{"shadowVar":{"declaredName":"__object__4.device_list.push","file":"D:\\WORK\\2022\\论文相关\\benchmark\\miniapp\\998二手挖机圈\\_-1965603458_27\\pages\\dealt\\dealt.js"},"writeAccess":[]}]}]}]}