{
    "component": true,
    "usingComponents": {
        "swiper-case": "/dist/public/swiper/index",
        "wux-tabs": "/dist/wux-weapp/tabs/index",
        "load-more": "/dist/public/storecell/loading",
        "r-text": "/dist/public/h-title/richtext",
        "at-form": "/dist/public/agreebox/form",
        "wux-cell-group": "/dist/wux-weapp/cell-group/index",
        "wux-cell": "/dist/wux-weapp/cell/index",
        "wux-grids": "/dist/wux-weapp/grids/index",
        "wux-grid": "/dist/wux-weapp/grid/index",
        "i-action-sheet": "/dist/iview-weapp/action-sheet/index",
        "i-button": "/dist/iview-weapp/button/index",
        "show-pay": "/dist/public/showpay/index",
        "van-popup": "/dist/vant-w/popup/index",
        "tree-select": "/dist/vant-w/tree-select/index",
        "top-select": "/dist/public/components/top-select/index",
        "i-modal": "/dist/iview-weapp/modal/index",
        "agree-box": "/dist/public/agreebox/index",
        "h-title": "/dist/public/h-title/index",
        "text-area": "/dist/public/textarea/index",
        "wux-upload": "/dist/wux-weapp/upload/index",
        "ts-info": "/dist/public/tsinfo/index",
        "wux-radio-group": "/dist/wux-weapp/radio-group/index",
        "dd-radio": "/dist/public/components/form/dd-radio",
        "dd-time-picker": "/dist/public/components/form/dd-time-picker",
        "dd-label": "/dist/public/components/form/dd-label",
        "upload-video": "/dist/public/uploadvideo/index",
        "wux-popup": "/dist/wux-weapp/popup/index",
        "type-swiper": "/dist/public/typeswiper/index",
        "custom-title": "/dist/public/h-title/customtitle",
        "white-space": "/dist/public/h-title/whitespace",
        "segment-line": "/dist/public/h-title/segmentline",
        "postinfo": "/dist/public/postinfo/index",
        "submenu": "/dist/public/submenu/index",
        "store-cell": "/dist/public/storecell/index",
        "message-postinfo": "/dist/public/message-postinfo/index",
        "notice": "/dist/public/notice/index",
        "headline": "/dist/public/headline/index",
        "hotstore-index": "/dist/public/hotstore/index",
        "hotstore-store": "/dist/public/hotstore/store",
        "hotproperty-property": "/dist/public/hotproperty/property",
        "cardlist": "/dist/public/cardlist/index",
        "picmagic": "/dist/public/picmagic/index",
        "text-and-image": "/dist/public/cardlist/text-and-image",
        "information": "/dist/public/message-postinfo/information",
        "search": "/dist/public/search/index",
        "wux-search-bar": "/dist/wux-weapp/search-bar/index",
        "wux-input-number": "/dist/wux-weapp/input-number/index",
        "i-tag": "/dist/iview-weapp/tag/index",
        "share": "/dist/public/share/index",
        "footer": "/dist/public/foot_menu/footer",
        "foot-nav": "/dist/public/foot_menu/foot-nav",
        "foot-dl": "/dist/public/foot_menu/foot-dl",
        "t-modal": "/dist/iview-weapp/modal/modal",
        "wux-floating-button": "/dist/wux-weapp/floating-button/index",
        "goods-cell": "/dist/public/components/goods-cell/index",
        "goods-card": "/dist/public/components/common/goods-card",
        "choose-address": "/dist/public/components/goods-cell/choose-address",
        "choose-ztd": "/dist/public/components/goods-cell/choose-ztd",
        "block-text": "/dist/public/components/common/block-text",
        "record-cell": "/dist/public/record-cell/index",
        "freeride-cell": "/dist/public/auxiliary/freeride/freeride-cell",
        "job-hunt": "/dist/public/auxiliary/jobhunt/job-hunt",
        "mall-cell": "/dist/public/auxiliary/mall/mall-cell",
        "mall-com": "/dist/public/auxiliary/mall/mall-com",
        "order-cell": "/dist/public/components/common/order-cell",
        "layout-one": "/dist/public/components/common/layout-one",
        "header-dl": "/dist/public/components/common/header-dl",
        "hous-cell": "/dist/public/auxiliary/housingdeal/hous-cell",
        "activity-cell": "/dist/public/auxiliary/activity/activity-cell",
        "activity-com": "/dist/public/auxiliary/activity/activity-com",
        "coupon-cell": "/dist/public/auxiliary/coupon/coupon-cell",
        "privilege-cell": "/dist/public/auxiliary/privilege/privilege-cell",
        "assemble-cell": "/dist/public/auxiliary/assemble/assemble-cell",
        "assemble-com": "/dist/public/auxiliary/assemble/assemble-com",
        "bargain-cell": "/dist/public/auxiliary/bargain/bargain-cell",
        "bargain-com": "/dist/public/auxiliary/bargain/bargain-com",
        "rushbuy-cell": "/dist/public/auxiliary/rushbuy/rushbuy-cell",
        "rushbuy-com": "/dist/public/auxiliary/rushbuy/rushbuy-com"
    }
}