[{"id": 0, "type": "[document]", "string": null, "attribute": {}, "referenceVariable": [], "referenceFunction": [], "style": [], "inheritClass": null, "wxss": [], "page": null, "path": "D:\\WORK\\2021\\MPDF\\baseline\\ui\\餐帮\\choose-address.wxml", "child": [1, 22], "parent": null, "matchString": [{"type": "relation", "string": "收货人：{{addInfo.linkName}}"}, {"type": "relation", "string": "{{addInfo.linkTel}}"}, {"type": "relation", "string": "收货地址："}, {"type": "relation", "string": "{{addInfo.address+addInfo.detailedAddress}}"}, {"type": "relation", "string": "请选择收货地址"}, {"type": "relation", "string": "收货人：{{renderInfo.linkName}}"}, {"type": "relation", "string": "{{renderInfo.linkTel}}"}, {"type": "relation", "string": "{{renderInfo.address+renderInfo.detailedAddress}}"}]}, {"id": 1, "type": "block", "string": null, "attribute": {"wx:if": "{{!renderInfo}}"}, "referenceVariable": ["!renderInfo"], "referenceFunction": [], "style": [], "inheritClass": null, "wxss": [], "page": null, "path": "D:\\WORK\\2021\\MPDF\\baseline\\ui\\餐帮\\choose-address.wxml", "child": [2, 14], "parent": 0, "matchString": [{"type": "relation", "string": "收货人：{{addInfo.linkName}}"}, {"type": "relation", "string": "{{addInfo.linkTel}}"}, {"type": "relation", "string": "收货地址："}, {"type": "relation", "string": "{{addInfo.address+addInfo.detailedAddress}}"}, {"type": "relation", "string": "请选择收货地址"}]}, {"id": 2, "type": "view", "string": null, "attribute": {"bindtap": "tzdzlb", "class": ["flex-y-center", "bor-top", "ba_f", "pad_20", "rel"], "wx:if": "{{addInfo}}"}, "referenceVariable": ["addInfo"], "referenceFunction": ["tzdzlb"], "style": [], "inheritClass": null, "wxss": [], "page": null, "path": "D:\\WORK\\2021\\MPDF\\baseline\\ui\\餐帮\\choose-address.wxml", "child": [3, 4], "parent": 1, "matchString": [{"type": "relation", "string": "收货人：{{addInfo.linkName}}"}, {"type": "relation", "string": "{{addInfo.linkTel}}"}, {"type": "relation", "string": "收货地址："}, {"type": "relation", "string": "{{addInfo.address+addInfo.detailedAddress}}"}]}, {"id": 3, "type": "view", "string": null, "attribute": {"class": ["flex-grow-0", "iconfont", "icon-icon-", "fon_34", "site"]}, "referenceVariable": [], "referenceFunction": [], "style": [], "inheritClass": null, "wxss": [], "page": null, "path": "D:\\WORK\\2021\\MPDF\\baseline\\ui\\餐帮\\choose-address.wxml", "child": [], "parent": 2, "matchString": []}, {"id": 4, "type": "view", "string": null, "attribute": {"class": ["flex-grow-1", "mar_l"]}, "referenceVariable": [], "referenceFunction": [], "style": [], "inheritClass": null, "wxss": [], "page": null, "path": "D:\\WORK\\2021\\MPDF\\baseline\\ui\\餐帮\\choose-address.wxml", "child": [5, 8, 12], "parent": 2, "matchString": [{"type": "relation", "string": "收货人：{{addInfo.linkName}}"}, {"type": "relation", "string": "{{addInfo.linkTel}}"}, {"type": "relation", "string": "收货地址："}, {"type": "relation", "string": "{{addInfo.address+addInfo.detailedAddress}}"}]}, {"id": 5, "type": "view", "string": null, "attribute": {"class": ["flex-row", "flex-bet", "fon_32"]}, "referenceVariable": [], "referenceFunction": [], "style": [], "inheritClass": null, "wxss": [], "page": null, "path": "D:\\WORK\\2021\\MPDF\\baseline\\ui\\餐帮\\choose-address.wxml", "child": [6, 7], "parent": 4, "matchString": [{"type": "relation", "string": "收货人：{{addInfo.linkName}}"}, {"type": "relation", "string": "{{addInfo.linkTel}}"}]}, {"id": 6, "type": "view", "string": "收货人：{{addInfo.linkName}}", "attribute": {"class": ["letter"]}, "referenceVariable": [], "referenceFunction": [], "style": [], "inheritClass": null, "wxss": [], "page": null, "path": "D:\\WORK\\2021\\MPDF\\baseline\\ui\\餐帮\\choose-address.wxml", "child": [], "parent": 5, "matchString": [{"type": "self", "string": "收货人：{{addInfo.linkName}}"}]}, {"id": 7, "type": "view", "string": "{{addInfo.linkTel}}", "attribute": {"class": ["fon_30"]}, "referenceVariable": [], "referenceFunction": [], "style": [], "inheritClass": null, "wxss": [], "page": null, "path": "D:\\WORK\\2021\\MPDF\\baseline\\ui\\餐帮\\choose-address.wxml", "child": [], "parent": 5, "matchString": [{"type": "self", "string": "{{addInfo.linkTel}}"}]}, {"id": 8, "type": "view", "string": null, "attribute": {"class": ["flex-grow-1", "flex-row", "fon_26", "mar_t_10"]}, "referenceVariable": [], "referenceFunction": [], "style": [], "inheritClass": null, "wxss": [], "page": null, "path": "D:\\WORK\\2021\\MPDF\\baseline\\ui\\餐帮\\choose-address.wxml", "child": [9, 10, 11], "parent": 4, "matchString": [{"type": "relation", "string": "收货地址："}, {"type": "relation", "string": "{{addInfo.address+addInfo.detailedAddress}}"}]}, {"id": 9, "type": "view", "string": "收货地址：", "attribute": {"class": ["flex-grow-0"]}, "referenceVariable": [], "referenceFunction": [], "style": [], "inheritClass": null, "wxss": [], "page": null, "path": "D:\\WORK\\2021\\MPDF\\baseline\\ui\\餐帮\\choose-address.wxml", "child": [], "parent": 8, "matchString": [{"type": "self", "string": "收货地址："}]}, {"id": 10, "type": "view", "string": "{{addInfo.address+addInfo.detailedAddress}}", "attribute": {"class": ["flex-grow-1"]}, "referenceVariable": [], "referenceFunction": [], "style": [], "inheritClass": null, "wxss": [], "page": null, "path": "D:\\WORK\\2021\\MPDF\\baseline\\ui\\餐帮\\choose-address.wxml", "child": [], "parent": 8, "matchString": [{"type": "self", "string": "{{addInfo.address+addInfo.detailedAddress}}"}]}, {"id": 11, "type": "view", "string": null, "attribute": {"class": ["flex-grow-0", "iconfont", "icon-you", "fon_26", "more"]}, "referenceVariable": [], "referenceFunction": [], "style": [], "inheritClass": null, "wxss": [], "page": null, "path": "D:\\WORK\\2021\\MPDF\\baseline\\ui\\餐帮\\choose-address.wxml", "child": [], "parent": 8, "matchString": []}, {"id": 12, "type": "view", "string": null, "attribute": {"class": ["adbox", "ab", "gobyndsingle"]}, "referenceVariable": [], "referenceFunction": [], "style": [], "inheritClass": null, "wxss": [], "page": null, "path": "D:\\WORK\\2021\\MPDF\\baseline\\ui\\餐帮\\choose-address.wxml", "child": [13, 21, 32], "parent": 4, "matchString": []}, {"id": 13, "type": "image", "string": null, "attribute": {"class": ["adress"], "mode": "aspectFit", "src": "/assets/images/integral/address.png", "wx:for": "123456789"}, "referenceVariable": [], "referenceFunction": [], "style": [], "inheritClass": null, "wxss": [], "page": null, "path": "D:\\WORK\\2021\\MPDF\\baseline\\ui\\餐帮\\choose-address.wxml", "child": [], "parent": 12, "matchString": []}, {"id": 14, "type": "view", "string": null, "attribute": {"bindtap": "tzdzlb", "class": ["flex-y-center", "bor-top", "ba_f", "pad_20", "rel"], "wx:else": ""}, "referenceVariable": [], "referenceFunction": ["tzdzlb"], "style": [], "inheritClass": null, "wxss": [], "page": null, "path": "D:\\WORK\\2021\\MPDF\\baseline\\ui\\餐帮\\choose-address.wxml", "child": [15, 16, 20], "parent": 1, "matchString": [{"type": "relation", "string": "请选择收货地址"}]}, {"id": 15, "type": "view", "string": null, "attribute": {"class": ["flex-grow-0", "iconfont", "icon-icon-", "fon_34", "site"]}, "referenceVariable": [], "referenceFunction": [], "style": [], "inheritClass": null, "wxss": [], "page": null, "path": "D:\\WORK\\2021\\MPDF\\baseline\\ui\\餐帮\\choose-address.wxml", "child": [], "parent": 14, "matchString": []}, {"id": 16, "type": "view", "string": null, "attribute": {"class": ["flex-grow-1", "mar_l"]}, "referenceVariable": [], "referenceFunction": [], "style": [], "inheritClass": null, "wxss": [], "page": null, "path": "D:\\WORK\\2021\\MPDF\\baseline\\ui\\餐帮\\choose-address.wxml", "child": [17], "parent": 14, "matchString": [{"type": "relation", "string": "请选择收货地址"}]}, {"id": 17, "type": "view", "string": null, "attribute": {"class": ["flex-grow-1", "flex-row", "fon_26"]}, "referenceVariable": [], "referenceFunction": [], "style": [], "inheritClass": null, "wxss": [], "page": null, "path": "D:\\WORK\\2021\\MPDF\\baseline\\ui\\餐帮\\choose-address.wxml", "child": [18, 19], "parent": 16, "matchString": [{"type": "relation", "string": "请选择收货地址"}]}, {"id": 18, "type": "view", "string": "请选择收货地址", "attribute": {"class": ["flex-grow-1"]}, "referenceVariable": [], "referenceFunction": [], "style": [], "inheritClass": null, "wxss": [], "page": null, "path": "D:\\WORK\\2021\\MPDF\\baseline\\ui\\餐帮\\choose-address.wxml", "child": [], "parent": 17, "matchString": [{"type": "self", "string": "请选择收货地址"}]}, {"id": 19, "type": "view", "string": null, "attribute": {"class": ["flex-grow-0", "iconfont", "icon-you", "fon_26", "more"]}, "referenceVariable": [], "referenceFunction": [], "style": [], "inheritClass": null, "wxss": [], "page": null, "path": "D:\\WORK\\2021\\MPDF\\baseline\\ui\\餐帮\\choose-address.wxml", "child": [], "parent": 17, "matchString": []}, {"id": 20, "type": "view", "string": null, "attribute": {"class": ["adbox", "ab", "gobyndsingle"]}, "referenceVariable": [], "referenceFunction": [], "style": [], "inheritClass": null, "wxss": [], "page": null, "path": "D:\\WORK\\2021\\MPDF\\baseline\\ui\\餐帮\\choose-address.wxml", "child": [13, 21, 32], "parent": 14, "matchString": []}, {"id": 21, "type": "image", "string": null, "attribute": {"class": ["adress"], "mode": "aspectFit", "src": "/assets/images/integral/address.png", "wx:for": "123456789"}, "referenceVariable": [], "referenceFunction": [], "style": [], "inheritClass": null, "wxss": [], "page": null, "path": "D:\\WORK\\2021\\MPDF\\baseline\\ui\\餐帮\\choose-address.wxml", "child": [], "parent": 12, "matchString": []}, {"id": 22, "type": "view", "string": null, "attribute": {"class": ["flex-y-center", "bor-top", "ba_f", "pad_20", "rel"], "wx:else": ""}, "referenceVariable": [], "referenceFunction": [], "style": [], "inheritClass": null, "wxss": [], "page": null, "path": "D:\\WORK\\2021\\MPDF\\baseline\\ui\\餐帮\\choose-address.wxml", "child": [23, 24], "parent": 0, "matchString": [{"type": "relation", "string": "收货人：{{renderInfo.linkName}}"}, {"type": "relation", "string": "{{renderInfo.linkTel}}"}, {"type": "relation", "string": "收货地址："}, {"type": "relation", "string": "{{renderInfo.address+renderInfo.detailedAddress}}"}]}, {"id": 23, "type": "view", "string": null, "attribute": {"class": ["flex-grow-0", "iconfont", "icon-icon-", "fon_34", "site"]}, "referenceVariable": [], "referenceFunction": [], "style": [], "inheritClass": null, "wxss": [], "page": null, "path": "D:\\WORK\\2021\\MPDF\\baseline\\ui\\餐帮\\choose-address.wxml", "child": [], "parent": 22, "matchString": [{"type": "relation", "string": "请选择收货地址"}]}, {"id": 24, "type": "view", "string": null, "attribute": {"class": ["flex-grow-1", "mar_l"]}, "referenceVariable": [], "referenceFunction": [], "style": [], "inheritClass": null, "wxss": [], "page": null, "path": "D:\\WORK\\2021\\MPDF\\baseline\\ui\\餐帮\\choose-address.wxml", "child": [25, 28, 31], "parent": 22, "matchString": [{"type": "relation", "string": "收货人：{{renderInfo.linkName}}"}, {"type": "relation", "string": "{{renderInfo.linkTel}}"}, {"type": "relation", "string": "收货地址："}, {"type": "relation", "string": "{{renderInfo.address+renderInfo.detailedAddress}}"}]}, {"id": 25, "type": "view", "string": null, "attribute": {"class": ["flex-row", "flex-bet", "fon_32"]}, "referenceVariable": [], "referenceFunction": [], "style": [], "inheritClass": null, "wxss": [], "page": null, "path": "D:\\WORK\\2021\\MPDF\\baseline\\ui\\餐帮\\choose-address.wxml", "child": [26, 27], "parent": 24, "matchString": [{"type": "relation", "string": "收货人：{{renderInfo.linkName}}"}, {"type": "relation", "string": "{{renderInfo.linkTel}}"}]}, {"id": 26, "type": "view", "string": "收货人：{{renderInfo.linkName}}", "attribute": {"class": ["letter"]}, "referenceVariable": [], "referenceFunction": [], "style": [], "inheritClass": null, "wxss": [], "page": null, "path": "D:\\WORK\\2021\\MPDF\\baseline\\ui\\餐帮\\choose-address.wxml", "child": [], "parent": 25, "matchString": [{"type": "self", "string": "收货人：{{renderInfo.linkName}}"}]}, {"id": 27, "type": "view", "string": "{{renderInfo.linkTel}}", "attribute": {"class": ["fon_30"]}, "referenceVariable": [], "referenceFunction": [], "style": [], "inheritClass": null, "wxss": [], "page": null, "path": "D:\\WORK\\2021\\MPDF\\baseline\\ui\\餐帮\\choose-address.wxml", "child": [], "parent": 25, "matchString": [{"type": "self", "string": "{{renderInfo.linkTel}}"}]}, {"id": 28, "type": "view", "string": null, "attribute": {"class": ["flex-grow-1", "flex-row", "fon_26", "mar_t_10"]}, "referenceVariable": [], "referenceFunction": [], "style": [], "inheritClass": null, "wxss": [], "page": null, "path": "D:\\WORK\\2021\\MPDF\\baseline\\ui\\餐帮\\choose-address.wxml", "child": [29, 30], "parent": 24, "matchString": [{"type": "relation", "string": "收货地址："}, {"type": "relation", "string": "{{renderInfo.address+renderInfo.detailedAddress}}"}]}, {"id": 29, "type": "view", "string": "收货地址：", "attribute": {"class": ["flex-grow-0"]}, "referenceVariable": [], "referenceFunction": [], "style": [], "inheritClass": null, "wxss": [], "page": null, "path": "D:\\WORK\\2021\\MPDF\\baseline\\ui\\餐帮\\choose-address.wxml", "child": [], "parent": 28, "matchString": [{"type": "self", "string": "收货地址："}]}, {"id": 30, "type": "view", "string": "{{renderInfo.address+renderInfo.detailedAddress}}", "attribute": {"class": ["flex-grow-1"]}, "referenceVariable": [], "referenceFunction": [], "style": [], "inheritClass": null, "wxss": [], "page": null, "path": "D:\\WORK\\2021\\MPDF\\baseline\\ui\\餐帮\\choose-address.wxml", "child": [], "parent": 28, "matchString": [{"type": "self", "string": "{{renderInfo.address+renderInfo.detailedAddress}}"}]}, {"id": 31, "type": "view", "string": null, "attribute": {"class": ["adbox", "ab", "gobyndsingle"]}, "referenceVariable": [], "referenceFunction": [], "style": [], "inheritClass": null, "wxss": [], "page": null, "path": "D:\\WORK\\2021\\MPDF\\baseline\\ui\\餐帮\\choose-address.wxml", "child": [13, 21, 32], "parent": 24, "matchString": []}, {"id": 32, "type": "image", "string": null, "attribute": {"class": ["adress"], "mode": "aspectFit", "src": "/assets/images/integral/address.png", "wx:for": "123456789"}, "referenceVariable": [], "referenceFunction": [], "style": [], "inheritClass": null, "wxss": [], "page": null, "path": "D:\\WORK\\2021\\MPDF\\baseline\\ui\\餐帮\\choose-address.wxml", "child": [], "parent": 12, "matchString": []}]