{"definedData":[],"dynamicDefinedData":[{"shadowObjectVar":"__object__3","dynamicDefinedProps":[{"propName":".setData","readShadows":[{"shadowVar":{"declaredName":"__object__3.setData","file":"D:\\WORK\\2022\\论文相关\\benchmark\\miniapp\\998二手挖机圈\\_-1965603458_27\\pages\\answer\\start.js"},"readAccess":[{"leftVar":[{"declaredName":"e","declaredLoc":{"line":10,"column":12},"file":"D:\\WORK\\2022\\论文相关\\benchmark\\miniapp\\998二手挖机圈\\_-1965603458_27\\pages\\answer\\start.js"}],"readFlow":[{"type":"assign to","from":{"name":"this","loc":{"line":10,"column":16},"id":5739,"file":"D:\\WORK\\2022\\论文相关\\benchmark\\miniapp\\998二手挖机圈\\_-1965603458_27\\pages\\answer\\start.js"},"to":{"name":"e","loc":{"line":10,"column":12},"id":5738,"file":"D:\\WORK\\2022\\论文相关\\benchmark\\miniapp\\998二手挖机圈\\_-1965603458_27\\pages\\answer\\start.js"}}]}]}],"writeShadows":[{"shadowVar":{"declaredName":"__object__3.setData","file":"D:\\WORK\\2022\\论文相关\\benchmark\\miniapp\\998二手挖机圈\\_-1965603458_27\\pages\\answer\\start.js"},"writeAccess":[]}]},{"propName":".data","readShadows":[{"shadowVar":{"declaredName":"__object__3.data","declaredLoc":{"line":4,"column":4},"file":"D:\\WORK\\2022\\论文相关\\benchmark\\miniapp\\998二手挖机圈\\_-1965603458_27\\pages\\answer\\start.js"},"readAccess":[{"leftVar":[{"declaredName":"e","declaredLoc":{"line":10,"column":12},"file":"D:\\WORK\\2022\\论文相关\\benchmark\\miniapp\\998二手挖机圈\\_-1965603458_27\\pages\\answer\\start.js"}],"readFlow":[{"type":"assign to","from":{"name":"this","loc":{"line":10,"column":16},"id":5739,"file":"D:\\WORK\\2022\\论文相关\\benchmark\\miniapp\\998二手挖机圈\\_-1965603458_27\\pages\\answer\\start.js"},"to":{"name":"e","loc":{"line":10,"column":12},"id":5738,"file":"D:\\WORK\\2022\\论文相关\\benchmark\\miniapp\\998二手挖机圈\\_-1965603458_27\\pages\\answer\\start.js"}}]}]}],"writeShadows":[{"shadowVar":{"declaredName":"__object__3.data","declaredLoc":{"line":4,"column":4},"file":"D:\\WORK\\2022\\论文相关\\benchmark\\miniapp\\998二手挖机圈\\_-1965603458_27\\pages\\answer\\start.js"},"writeAccess":[]}]},{"propName":".onLoad","readShadows":[{"shadowVar":{"declaredName":"__object__3.onLoad","declaredLoc":{"line":9,"column":4},"file":"D:\\WORK\\2022\\论文相关\\benchmark\\miniapp\\998二手挖机圈\\_-1965603458_27\\pages\\answer\\start.js"},"readAccess":[{"leftVar":[{"declaredName":"e","declaredLoc":{"line":10,"column":12},"file":"D:\\WORK\\2022\\论文相关\\benchmark\\miniapp\\998二手挖机圈\\_-1965603458_27\\pages\\answer\\start.js"}],"readFlow":[{"type":"assign to","from":{"name":"this","loc":{"line":10,"column":16},"id":5739,"file":"D:\\WORK\\2022\\论文相关\\benchmark\\miniapp\\998二手挖机圈\\_-1965603458_27\\pages\\answer\\start.js"},"to":{"name":"e","loc":{"line":10,"column":12},"id":5738,"file":"D:\\WORK\\2022\\论文相关\\benchmark\\miniapp\\998二手挖机圈\\_-1965603458_27\\pages\\answer\\start.js"}}]}]}],"writeShadows":[{"shadowVar":{"declaredName":"__object__3.onLoad","declaredLoc":{"line":9,"column":4},"file":"D:\\WORK\\2022\\论文相关\\benchmark\\miniapp\\998二手挖机圈\\_-1965603458_27\\pages\\answer\\start.js"},"writeAccess":[]}]},{"propName":".gohome","readShadows":[{"shadowVar":{"declaredName":"__object__3.gohome","declaredLoc":{"line":32,"column":4},"file":"D:\\WORK\\2022\\论文相关\\benchmark\\miniapp\\998二手挖机圈\\_-1965603458_27\\pages\\answer\\start.js"},"readAccess":[{"leftVar":[{"declaredName":"e","declaredLoc":{"line":10,"column":12},"file":"D:\\WORK\\2022\\论文相关\\benchmark\\miniapp\\998二手挖机圈\\_-1965603458_27\\pages\\answer\\start.js"}],"readFlow":[{"type":"assign to","from":{"name":"this","loc":{"line":10,"column":16},"id":5739,"file":"D:\\WORK\\2022\\论文相关\\benchmark\\miniapp\\998二手挖机圈\\_-1965603458_27\\pages\\answer\\start.js"},"to":{"name":"e","loc":{"line":10,"column":12},"id":5738,"file":"D:\\WORK\\2022\\论文相关\\benchmark\\miniapp\\998二手挖机圈\\_-1965603458_27\\pages\\answer\\start.js"}}]}]}],"writeShadows":[{"shadowVar":{"declaredName":"__object__3.gohome","declaredLoc":{"line":32,"column":4},"file":"D:\\WORK\\2022\\论文相关\\benchmark\\miniapp\\998二手挖机圈\\_-1965603458_27\\pages\\answer\\start.js"},"writeAccess":[]}]},{"propName":".register","readShadows":[{"shadowVar":{"declaredName":"__object__3.register","declaredLoc":{"line":37,"column":4},"file":"D:\\WORK\\2022\\论文相关\\benchmark\\miniapp\\998二手挖机圈\\_-1965603458_27\\pages\\answer\\start.js"},"readAccess":[{"leftVar":[{"declaredName":"e","declaredLoc":{"line":10,"column":12},"file":"D:\\WORK\\2022\\论文相关\\benchmark\\miniapp\\998二手挖机圈\\_-1965603458_27\\pages\\answer\\start.js"}],"readFlow":[{"type":"assign to","from":{"name":"this","loc":{"line":10,"column":16},"id":5739,"file":"D:\\WORK\\2022\\论文相关\\benchmark\\miniapp\\998二手挖机圈\\_-1965603458_27\\pages\\answer\\start.js"},"to":{"name":"e","loc":{"line":10,"column":12},"id":5738,"file":"D:\\WORK\\2022\\论文相关\\benchmark\\miniapp\\998二手挖机圈\\_-1965603458_27\\pages\\answer\\start.js"}}]}]}],"writeShadows":[{"shadowVar":{"declaredName":"__object__3.register","declaredLoc":{"line":37,"column":4},"file":"D:\\WORK\\2022\\论文相关\\benchmark\\miniapp\\998二手挖机圈\\_-1965603458_27\\pages\\answer\\start.js"},"writeAccess":[]}]},{"propName":".startgame","readShadows":[{"shadowVar":{"declaredName":"__object__3.startgame","declaredLoc":{"line":60,"column":4},"file":"D:\\WORK\\2022\\论文相关\\benchmark\\miniapp\\998二手挖机圈\\_-1965603458_27\\pages\\answer\\start.js"},"readAccess":[{"leftVar":[{"declaredName":"e","declaredLoc":{"line":10,"column":12},"file":"D:\\WORK\\2022\\论文相关\\benchmark\\miniapp\\998二手挖机圈\\_-1965603458_27\\pages\\answer\\start.js"}],"readFlow":[{"type":"assign to","from":{"name":"this","loc":{"line":10,"column":16},"id":5739,"file":"D:\\WORK\\2022\\论文相关\\benchmark\\miniapp\\998二手挖机圈\\_-1965603458_27\\pages\\answer\\start.js"},"to":{"name":"e","loc":{"line":10,"column":12},"id":5738,"file":"D:\\WORK\\2022\\论文相关\\benchmark\\miniapp\\998二手挖机圈\\_-1965603458_27\\pages\\answer\\start.js"}}]}]}],"writeShadows":[{"shadowVar":{"declaredName":"__object__3.startgame","declaredLoc":{"line":60,"column":4},"file":"D:\\WORK\\2022\\论文相关\\benchmark\\miniapp\\998二手挖机圈\\_-1965603458_27\\pages\\answer\\start.js"},"writeAccess":[]}]},{"propName":".paihang","readShadows":[{"shadowVar":{"declaredName":"__object__3.paihang","declaredLoc":{"line":65,"column":4},"file":"D:\\WORK\\2022\\论文相关\\benchmark\\miniapp\\998二手挖机圈\\_-1965603458_27\\pages\\answer\\start.js"},"readAccess":[{"leftVar":[{"declaredName":"e","declaredLoc":{"line":10,"column":12},"file":"D:\\WORK\\2022\\论文相关\\benchmark\\miniapp\\998二手挖机圈\\_-1965603458_27\\pages\\answer\\start.js"}],"readFlow":[{"type":"assign to","from":{"name":"this","loc":{"line":10,"column":16},"id":5739,"file":"D:\\WORK\\2022\\论文相关\\benchmark\\miniapp\\998二手挖机圈\\_-1965603458_27\\pages\\answer\\start.js"},"to":{"name":"e","loc":{"line":10,"column":12},"id":5738,"file":"D:\\WORK\\2022\\论文相关\\benchmark\\miniapp\\998二手挖机圈\\_-1965603458_27\\pages\\answer\\start.js"}}]}]}],"writeShadows":[{"shadowVar":{"declaredName":"__object__3.paihang","declaredLoc":{"line":65,"column":4},"file":"D:\\WORK\\2022\\论文相关\\benchmark\\miniapp\\998二手挖机圈\\_-1965603458_27\\pages\\answer\\start.js"},"writeAccess":[]}]},{"propName":".tiaozhan","readShadows":[{"shadowVar":{"declaredName":"__object__3.tiaozhan","declaredLoc":{"line":70,"column":4},"file":"D:\\WORK\\2022\\论文相关\\benchmark\\miniapp\\998二手挖机圈\\_-1965603458_27\\pages\\answer\\start.js"},"readAccess":[{"leftVar":[{"declaredName":"e","declaredLoc":{"line":10,"column":12},"file":"D:\\WORK\\2022\\论文相关\\benchmark\\miniapp\\998二手挖机圈\\_-1965603458_27\\pages\\answer\\start.js"}],"readFlow":[{"type":"assign to","from":{"name":"this","loc":{"line":10,"column":16},"id":5739,"file":"D:\\WORK\\2022\\论文相关\\benchmark\\miniapp\\998二手挖机圈\\_-1965603458_27\\pages\\answer\\start.js"},"to":{"name":"e","loc":{"line":10,"column":12},"id":5738,"file":"D:\\WORK\\2022\\论文相关\\benchmark\\miniapp\\998二手挖机圈\\_-1965603458_27\\pages\\answer\\start.js"}}]}]}],"writeShadows":[{"shadowVar":{"declaredName":"__object__3.tiaozhan","declaredLoc":{"line":70,"column":4},"file":"D:\\WORK\\2022\\论文相关\\benchmark\\miniapp\\998二手挖机圈\\_-1965603458_27\\pages\\answer\\start.js"},"writeAccess":[]}]},{"propName":".playsound","readShadows":[{"shadowVar":{"declaredName":"__object__3.playsound","declaredLoc":{"line":73,"column":4},"file":"D:\\WORK\\2022\\论文相关\\benchmark\\miniapp\\998二手挖机圈\\_-1965603458_27\\pages\\answer\\start.js"},"readAccess":[{"leftVar":[{"declaredName":"e","declaredLoc":{"line":10,"column":12},"file":"D:\\WORK\\2022\\论文相关\\benchmark\\miniapp\\998二手挖机圈\\_-1965603458_27\\pages\\answer\\start.js"}],"readFlow":[{"type":"assign to","from":{"name":"this","loc":{"line":10,"column":16},"id":5739,"file":"D:\\WORK\\2022\\论文相关\\benchmark\\miniapp\\998二手挖机圈\\_-1965603458_27\\pages\\answer\\start.js"},"to":{"name":"e","loc":{"line":10,"column":12},"id":5738,"file":"D:\\WORK\\2022\\论文相关\\benchmark\\miniapp\\998二手挖机圈\\_-1965603458_27\\pages\\answer\\start.js"}}]}]}],"writeShadows":[{"shadowVar":{"declaredName":"__object__3.playsound","declaredLoc":{"line":73,"column":4},"file":"D:\\WORK\\2022\\论文相关\\benchmark\\miniapp\\998二手挖机圈\\_-1965603458_27\\pages\\answer\\start.js"},"writeAccess":[]}]},{"propName":".onReady","readShadows":[{"shadowVar":{"declaredName":"__object__3.onReady","declaredLoc":{"line":76,"column":4},"file":"D:\\WORK\\2022\\论文相关\\benchmark\\miniapp\\998二手挖机圈\\_-1965603458_27\\pages\\answer\\start.js"},"readAccess":[{"leftVar":[{"declaredName":"e","declaredLoc":{"line":10,"column":12},"file":"D:\\WORK\\2022\\论文相关\\benchmark\\miniapp\\998二手挖机圈\\_-1965603458_27\\pages\\answer\\start.js"}],"readFlow":[{"type":"assign to","from":{"name":"this","loc":{"line":10,"column":16},"id":5739,"file":"D:\\WORK\\2022\\论文相关\\benchmark\\miniapp\\998二手挖机圈\\_-1965603458_27\\pages\\answer\\start.js"},"to":{"name":"e","loc":{"line":10,"column":12},"id":5738,"file":"D:\\WORK\\2022\\论文相关\\benchmark\\miniapp\\998二手挖机圈\\_-1965603458_27\\pages\\answer\\start.js"}}]}]}],"writeShadows":[{"shadowVar":{"declaredName":"__object__3.onReady","declaredLoc":{"line":76,"column":4},"file":"D:\\WORK\\2022\\论文相关\\benchmark\\miniapp\\998二手挖机圈\\_-1965603458_27\\pages\\answer\\start.js"},"writeAccess":[]}]},{"propName":".choujiang","readShadows":[{"shadowVar":{"declaredName":"__object__3.choujiang","declaredLoc":{"line":79,"column":4},"file":"D:\\WORK\\2022\\论文相关\\benchmark\\miniapp\\998二手挖机圈\\_-1965603458_27\\pages\\answer\\start.js"},"readAccess":[{"leftVar":[{"declaredName":"e","declaredLoc":{"line":10,"column":12},"file":"D:\\WORK\\2022\\论文相关\\benchmark\\miniapp\\998二手挖机圈\\_-1965603458_27\\pages\\answer\\start.js"}],"readFlow":[{"type":"assign to","from":{"name":"this","loc":{"line":10,"column":16},"id":5739,"file":"D:\\WORK\\2022\\论文相关\\benchmark\\miniapp\\998二手挖机圈\\_-1965603458_27\\pages\\answer\\start.js"},"to":{"name":"e","loc":{"line":10,"column":12},"id":5738,"file":"D:\\WORK\\2022\\论文相关\\benchmark\\miniapp\\998二手挖机圈\\_-1965603458_27\\pages\\answer\\start.js"}}]}]}],"writeShadows":[{"shadowVar":{"declaredName":"__object__3.choujiang","declaredLoc":{"line":79,"column":4},"file":"D:\\WORK\\2022\\论文相关\\benchmark\\miniapp\\998二手挖机圈\\_-1965603458_27\\pages\\answer\\start.js"},"writeAccess":[]}]},{"propName":".onShow","readShadows":[{"shadowVar":{"declaredName":"__object__3.onShow","declaredLoc":{"line":84,"column":4},"file":"D:\\WORK\\2022\\论文相关\\benchmark\\miniapp\\998二手挖机圈\\_-1965603458_27\\pages\\answer\\start.js"},"readAccess":[{"leftVar":[{"declaredName":"e","declaredLoc":{"line":10,"column":12},"file":"D:\\WORK\\2022\\论文相关\\benchmark\\miniapp\\998二手挖机圈\\_-1965603458_27\\pages\\answer\\start.js"}],"readFlow":[{"type":"assign to","from":{"name":"this","loc":{"line":10,"column":16},"id":5739,"file":"D:\\WORK\\2022\\论文相关\\benchmark\\miniapp\\998二手挖机圈\\_-1965603458_27\\pages\\answer\\start.js"},"to":{"name":"e","loc":{"line":10,"column":12},"id":5738,"file":"D:\\WORK\\2022\\论文相关\\benchmark\\miniapp\\998二手挖机圈\\_-1965603458_27\\pages\\answer\\start.js"}}]}]}],"writeShadows":[{"shadowVar":{"declaredName":"__object__3.onShow","declaredLoc":{"line":84,"column":4},"file":"D:\\WORK\\2022\\论文相关\\benchmark\\miniapp\\998二手挖机圈\\_-1965603458_27\\pages\\answer\\start.js"},"writeAccess":[]}]},{"propName":".onShareAppMessage","readShadows":[{"shadowVar":{"declaredName":"__object__3.onShareAppMessage","declaredLoc":{"line":89,"column":4},"file":"D:\\WORK\\2022\\论文相关\\benchmark\\miniapp\\998二手挖机圈\\_-1965603458_27\\pages\\answer\\start.js"},"readAccess":[{"leftVar":[{"declaredName":"e","declaredLoc":{"line":10,"column":12},"file":"D:\\WORK\\2022\\论文相关\\benchmark\\miniapp\\998二手挖机圈\\_-1965603458_27\\pages\\answer\\start.js"}],"readFlow":[{"type":"assign to","from":{"name":"this","loc":{"line":10,"column":16},"id":5739,"file":"D:\\WORK\\2022\\论文相关\\benchmark\\miniapp\\998二手挖机圈\\_-1965603458_27\\pages\\answer\\start.js"},"to":{"name":"e","loc":{"line":10,"column":12},"id":5738,"file":"D:\\WORK\\2022\\论文相关\\benchmark\\miniapp\\998二手挖机圈\\_-1965603458_27\\pages\\answer\\start.js"}}]}]}],"writeShadows":[{"shadowVar":{"declaredName":"__object__3.onShareAppMessage","declaredLoc":{"line":89,"column":4},"file":"D:\\WORK\\2022\\论文相关\\benchmark\\miniapp\\998二手挖机圈\\_-1965603458_27\\pages\\answer\\start.js"},"writeAccess":[]}]}]},{"shadowObjectVar":"__object__4","dynamicDefinedProps":[{"propName":".userInfo","readShadows":[{"shadowVar":{"declaredName":"__object__4.userInfo","declaredLoc":{"line":5,"column":8},"file":"D:\\WORK\\2022\\论文相关\\benchmark\\miniapp\\998二手挖机圈\\_-1965603458_27\\pages\\answer\\start.js"},"readAccess":[{"leftVar":[{"declaredName":"__object__3.data","declaredLoc":{"line":4,"column":4},"file":"D:\\WORK\\2022\\论文相关\\benchmark\\miniapp\\998二手挖机圈\\_-1965603458_27\\pages\\answer\\start.js"}],"readFlow":[{"type":"assign to","from":{"name":"userInfo","loc":{"line":5,"column":8},"id":5722,"file":"D:\\WORK\\2022\\论文相关\\benchmark\\miniapp\\998二手挖机圈\\_-1965603458_27\\pages\\answer\\start.js"},"to":{"name":"data","loc":{"line":4,"column":4},"id":5719,"file":"D:\\WORK\\2022\\论文相关\\benchmark\\miniapp\\998二手挖机圈\\_-1965603458_27\\pages\\answer\\start.js"}},{"type":"to callee","from":{"name":"data","loc":{"line":4,"column":4},"id":5719,"file":"D:\\WORK\\2022\\论文相关\\benchmark\\miniapp\\998二手挖机圈\\_-1965603458_27\\pages\\answer\\start.js"},"to":{"name":"Page","loc":{"line":3,"column":0},"id":5716,"file":"D:\\WORK\\2022\\论文相关\\benchmark\\miniapp\\998二手挖机圈\\_-1965603458_27\\pages\\answer\\start.js"}},{"type":"read","from":{"name":"data","loc":{"line":4,"column":4},"id":5719,"file":"D:\\WORK\\2022\\论文相关\\benchmark\\miniapp\\998二手挖机圈\\_-1965603458_27\\pages\\answer\\start.js"},"to":{"name":"this","loc":{"line":10,"column":16},"id":5739,"file":"D:\\WORK\\2022\\论文相关\\benchmark\\miniapp\\998二手挖机圈\\_-1965603458_27\\pages\\answer\\start.js"}},{"type":"assign to","from":{"name":"this","loc":{"line":10,"column":16},"id":5739,"file":"D:\\WORK\\2022\\论文相关\\benchmark\\miniapp\\998二手挖机圈\\_-1965603458_27\\pages\\answer\\start.js"},"to":{"name":"e","loc":{"line":10,"column":12},"id":5738,"file":"D:\\WORK\\2022\\论文相关\\benchmark\\miniapp\\998二手挖机圈\\_-1965603458_27\\pages\\answer\\start.js"}}]}]}],"writeShadows":[{"shadowVar":{"declaredName":"__object__4.userInfo","declaredLoc":{"line":5,"column":8},"file":"D:\\WORK\\2022\\论文相关\\benchmark\\miniapp\\998二手挖机圈\\_-1965603458_27\\pages\\answer\\start.js"},"writeAccess":[]}]},{"propName":".misc_time","readShadows":[{"shadowVar":{"declaredName":"__object__4.misc_time","declaredLoc":{"line":6,"column":8},"file":"D:\\WORK\\2022\\论文相关\\benchmark\\miniapp\\998二手挖机圈\\_-1965603458_27\\pages\\answer\\start.js"},"readAccess":[{"leftVar":[{"declaredName":"__object__3.data","declaredLoc":{"line":4,"column":4},"file":"D:\\WORK\\2022\\论文相关\\benchmark\\miniapp\\998二手挖机圈\\_-1965603458_27\\pages\\answer\\start.js"}],"readFlow":[{"type":"assign to","from":{"name":"misc_time","loc":{"line":6,"column":8},"id":5725,"file":"D:\\WORK\\2022\\论文相关\\benchmark\\miniapp\\998二手挖机圈\\_-1965603458_27\\pages\\answer\\start.js"},"to":{"name":"data","loc":{"line":4,"column":4},"id":5719,"file":"D:\\WORK\\2022\\论文相关\\benchmark\\miniapp\\998二手挖机圈\\_-1965603458_27\\pages\\answer\\start.js"}},{"type":"to callee","from":{"name":"data","loc":{"line":4,"column":4},"id":5719,"file":"D:\\WORK\\2022\\论文相关\\benchmark\\miniapp\\998二手挖机圈\\_-1965603458_27\\pages\\answer\\start.js"},"to":{"name":"Page","loc":{"line":3,"column":0},"id":5716,"file":"D:\\WORK\\2022\\论文相关\\benchmark\\miniapp\\998二手挖机圈\\_-1965603458_27\\pages\\answer\\start.js"}},{"type":"read","from":{"name":"data","loc":{"line":4,"column":4},"id":5719,"file":"D:\\WORK\\2022\\论文相关\\benchmark\\miniapp\\998二手挖机圈\\_-1965603458_27\\pages\\answer\\start.js"},"to":{"name":"this","loc":{"line":10,"column":16},"id":5739,"file":"D:\\WORK\\2022\\论文相关\\benchmark\\miniapp\\998二手挖机圈\\_-1965603458_27\\pages\\answer\\start.js"}},{"type":"assign to","from":{"name":"this","loc":{"line":10,"column":16},"id":5739,"file":"D:\\WORK\\2022\\论文相关\\benchmark\\miniapp\\998二手挖机圈\\_-1965603458_27\\pages\\answer\\start.js"},"to":{"name":"e","loc":{"line":10,"column":12},"id":5738,"file":"D:\\WORK\\2022\\论文相关\\benchmark\\miniapp\\998二手挖机圈\\_-1965603458_27\\pages\\answer\\start.js"}}]}]}],"writeShadows":[{"shadowVar":{"declaredName":"__object__4.misc_time","declaredLoc":{"line":6,"column":8},"file":"D:\\WORK\\2022\\论文相关\\benchmark\\miniapp\\998二手挖机圈\\_-1965603458_27\\pages\\answer\\start.js"},"writeAccess":[]}]},{"propName":".popbox","readShadows":[{"shadowVar":{"declaredName":"__object__4.popbox","declaredLoc":{"line":7,"column":8},"file":"D:\\WORK\\2022\\论文相关\\benchmark\\miniapp\\998二手挖机圈\\_-1965603458_27\\pages\\answer\\start.js"},"readAccess":[{"leftVar":[{"declaredName":"__object__3.data","declaredLoc":{"line":4,"column":4},"file":"D:\\WORK\\2022\\论文相关\\benchmark\\miniapp\\998二手挖机圈\\_-1965603458_27\\pages\\answer\\start.js"}],"readFlow":[{"type":"assign to","from":{"name":"popbox","loc":{"line":7,"column":8},"id":5728,"file":"D:\\WORK\\2022\\论文相关\\benchmark\\miniapp\\998二手挖机圈\\_-1965603458_27\\pages\\answer\\start.js"},"to":{"name":"data","loc":{"line":4,"column":4},"id":5719,"file":"D:\\WORK\\2022\\论文相关\\benchmark\\miniapp\\998二手挖机圈\\_-1965603458_27\\pages\\answer\\start.js"}},{"type":"to callee","from":{"name":"data","loc":{"line":4,"column":4},"id":5719,"file":"D:\\WORK\\2022\\论文相关\\benchmark\\miniapp\\998二手挖机圈\\_-1965603458_27\\pages\\answer\\start.js"},"to":{"name":"Page","loc":{"line":3,"column":0},"id":5716,"file":"D:\\WORK\\2022\\论文相关\\benchmark\\miniapp\\998二手挖机圈\\_-1965603458_27\\pages\\answer\\start.js"}},{"type":"read","from":{"name":"data","loc":{"line":4,"column":4},"id":5719,"file":"D:\\WORK\\2022\\论文相关\\benchmark\\miniapp\\998二手挖机圈\\_-1965603458_27\\pages\\answer\\start.js"},"to":{"name":"this","loc":{"line":10,"column":16},"id":5739,"file":"D:\\WORK\\2022\\论文相关\\benchmark\\miniapp\\998二手挖机圈\\_-1965603458_27\\pages\\answer\\start.js"}},{"type":"assign to","from":{"name":"this","loc":{"line":10,"column":16},"id":5739,"file":"D:\\WORK\\2022\\论文相关\\benchmark\\miniapp\\998二手挖机圈\\_-1965603458_27\\pages\\answer\\start.js"},"to":{"name":"e","loc":{"line":10,"column":12},"id":5738,"file":"D:\\WORK\\2022\\论文相关\\benchmark\\miniapp\\998二手挖机圈\\_-1965603458_27\\pages\\answer\\start.js"}}]}]}],"writeShadows":[{"shadowVar":{"declaredName":"__object__4.popbox","declaredLoc":{"line":7,"column":8},"file":"D:\\WORK\\2022\\论文相关\\benchmark\\miniapp\\998二手挖机圈\\_-1965603458_27\\pages\\answer\\start.js"},"writeAccess":[]}]}]}]}