[{"id": 0, "type": "[document]", "string": null, "attribute": {}, "referenceVariable": [], "referenceFunction": [], "style": [], "inheritClass": null, "wxss": [], "page": null, "path": "D:\\WORK\\2021\\MPDF\\baseline\\ui\\宝宝树孕育\\index.wxml", "child": [1], "parent": null, "matchString": [{"type": "relation", "string": "true"}, {"type": "relation", "string": "normal"}, {"type": "relation", "string": "宝宝树登录"}, {"type": "relation", "string": "logo"}, {"type": "relation", "string": "登录后可以使用宝宝树更多服务"}, {"type": "relation", "string": "phone"}, {"type": "relation", "string": "请输入手机号"}, {"type": "relation", "string": "input-placeholder"}, {"type": "relation", "string": "smsCode"}, {"type": "relation", "string": "请输入验证码"}, {"type": "relation", "string": "{{btnText}}"}, {"type": "relation", "string": "{{challenge}}"}, {"type": "relation", "string": "{{gt}}"}, {"type": "relation", "string": "captcha"}, {"type": "relation", "string": "{{offline}}"}, {"type": "relation", "string": "van-dialog"}, {"type": "relation", "string": ""}, {"type": "relation", "string": "绑定"}, {"type": "relation", "string": "{{showConflictModal}}"}, {"type": "relation", "string": "请选择希望绑定的账号数据"}, {"type": "relation", "string": "手机号{{phone}}将与选中的账号进行绑定"}, {"type": "relation", "string": "{{item}}"}, {"type": "relation", "string": "{{item.nickname}}"}, {"type": "relation", "string": "{{item.timestamp}}创建"}, {"type": "relation", "string": "登录"}, {"type": "relation", "string": "绑定成功后，您可以使用微信或手机号登录宝宝树孕育APP"}]}, {"id": 1, "type": "view", "string": null, "attribute": {"class": ["bind-phone"]}, "referenceVariable": [], "referenceFunction": [], "style": [], "inheritClass": null, "wxss": [], "page": null, "path": "D:\\WORK\\2021\\MPDF\\baseline\\ui\\宝宝树孕育\\index.wxml", "child": [2, 3, 6], "parent": 0, "matchString": [{"type": "relation", "string": "true"}, {"type": "relation", "string": "normal"}, {"type": "relation", "string": "宝宝树登录"}, {"type": "relation", "string": "logo"}, {"type": "relation", "string": "登录后可以使用宝宝树更多服务"}, {"type": "relation", "string": "phone"}, {"type": "relation", "string": "请输入手机号"}, {"type": "relation", "string": "input-placeholder"}, {"type": "relation", "string": "smsCode"}, {"type": "relation", "string": "请输入验证码"}, {"type": "relation", "string": "{{btnText}}"}, {"type": "relation", "string": "{{challenge}}"}, {"type": "relation", "string": "{{gt}}"}, {"type": "relation", "string": "captcha"}, {"type": "relation", "string": "{{offline}}"}, {"type": "relation", "string": "van-dialog"}, {"type": "relation", "string": ""}, {"type": "relation", "string": "绑定"}, {"type": "relation", "string": "{{showConflictModal}}"}, {"type": "relation", "string": "请选择希望绑定的账号数据"}, {"type": "relation", "string": "手机号{{phone}}将与选中的账号进行绑定"}, {"type": "relation", "string": "{{item}}"}, {"type": "relation", "string": "{{item.nickname}}"}, {"type": "relation", "string": "{{item.timestamp}}创建"}, {"type": "relation", "string": "登录"}, {"type": "relation", "string": "绑定成功后，您可以使用微信或手机号登录宝宝树孕育APP"}]}, {"id": 2, "type": "navbar", "string": null, "attribute": {"forceback": "true", "modtype": "normal", "pagename": "宝宝树登录"}, "referenceVariable": [], "referenceFunction": [], "style": [], "inheritClass": null, "wxss": [], "page": null, "path": "D:\\WORK\\2021\\MPDF\\baseline\\ui\\宝宝树孕育\\index.wxml", "child": [], "parent": 1, "matchString": [{"type": "attr", "string": "true"}, {"type": "attr", "string": "normal"}, {"type": "attr", "string": "宝宝树登录"}, {"type": "relation", "string": "宝宝树登录"}]}, {"id": 3, "type": "view", "string": null, "attribute": {"class": ["logo"]}, "referenceVariable": [], "referenceFunction": [], "style": [], "inheritClass": null, "wxss": [], "page": null, "path": "D:\\WORK\\2021\\MPDF\\baseline\\ui\\宝宝树孕育\\index.wxml", "child": [4, 5], "parent": 1, "matchString": [{"type": "relation", "string": "logo"}, {"type": "relation", "string": "登录后可以使用宝宝树更多服务"}]}, {"id": 4, "type": "image", "string": null, "attribute": {"alt": "logo", "class": ["img"], "src": "https://pic09.babytreeimg.com/common_photo/original/2019/0920/FtIzG87U29AAqztsn31rRRRyaNJo"}, "referenceVariable": [], "referenceFunction": [], "style": [], "inheritClass": null, "wxss": [], "page": null, "path": "D:\\WORK\\2021\\MPDF\\baseline\\ui\\宝宝树孕育\\index.wxml", "child": [], "parent": 3, "matchString": [{"type": "attr", "string": "logo"}]}, {"id": 5, "type": "view", "string": "登录后可以使用宝宝树更多服务", "attribute": {"class": ["title"]}, "referenceVariable": [], "referenceFunction": [], "style": [], "inheritClass": null, "wxss": [], "page": null, "path": "D:\\WORK\\2021\\MPDF\\baseline\\ui\\宝宝树孕育\\index.wxml", "child": [], "parent": 3, "matchString": [{"type": "self", "string": "登录后可以使用宝宝树更多服务"}]}, {"id": 6, "type": "view", "string": null, "attribute": {"class": ["form-panel"]}, "referenceVariable": [], "referenceFunction": [], "style": [], "inheritClass": null, "wxss": [], "page": null, "path": "D:\\WORK\\2021\\MPDF\\baseline\\ui\\宝宝树孕育\\index.wxml", "child": [7, 9, 12, 14, 15, 26, 27], "parent": 1, "matchString": [{"type": "relation", "string": "phone"}, {"type": "relation", "string": "请输入手机号"}, {"type": "relation", "string": "input-placeholder"}, {"type": "relation", "string": "smsCode"}, {"type": "relation", "string": "请输入验证码"}, {"type": "relation", "string": "{{btnText}}"}, {"type": "relation", "string": "{{challenge}}"}, {"type": "relation", "string": "{{gt}}"}, {"type": "relation", "string": "captcha"}, {"type": "relation", "string": "{{offline}}"}, {"type": "relation", "string": "van-dialog"}, {"type": "relation", "string": ""}, {"type": "relation", "string": "绑定"}, {"type": "relation", "string": "{{showConflictModal}}"}, {"type": "relation", "string": "请选择希望绑定的账号数据"}, {"type": "relation", "string": "手机号{{phone}}将与选中的账号进行绑定"}, {"type": "relation", "string": "{{item}}"}, {"type": "relation", "string": "{{item.nickname}}"}, {"type": "relation", "string": "{{item.timestamp}}创建"}, {"type": "relation", "string": "登录"}, {"type": "relation", "string": "绑定成功后，您可以使用微信或手机号登录宝宝树孕育APP"}]}, {"id": 7, "type": "view", "string": null, "attribute": {"class": ["form-field"]}, "referenceVariable": [], "referenceFunction": [], "style": [], "inheritClass": null, "wxss": [], "page": null, "path": "D:\\WORK\\2021\\MPDF\\baseline\\ui\\宝宝树孕育\\index.wxml", "child": [8], "parent": 6, "matchString": [{"type": "relation", "string": "phone"}, {"type": "relation", "string": "请输入手机号"}, {"type": "relation", "string": "input-placeholder"}]}, {"id": 8, "type": "input", "string": null, "attribute": {"bindinput": "inputHandler", "data-type": "phone", "maxlength": "11", "placeholder": "请输入手机号", "placeholderclass": "input-placeholder", "type": "number", "value": "{{phone}}"}, "referenceVariable": ["phone"], "referenceFunction": ["inputHandler"], "style": [], "inheritClass": null, "wxss": [], "page": null, "path": "D:\\WORK\\2021\\MPDF\\baseline\\ui\\宝宝树孕育\\index.wxml", "child": [], "parent": 7, "matchString": [{"type": "attr", "string": "phone"}, {"type": "attr", "string": "请输入手机号"}, {"type": "attr", "string": "input-placeholder"}]}, {"id": 9, "type": "view", "string": null, "attribute": {"class": ["form-field"]}, "referenceVariable": [], "referenceFunction": [], "style": [], "inheritClass": null, "wxss": [], "page": null, "path": "D:\\WORK\\2021\\MPDF\\baseline\\ui\\宝宝树孕育\\index.wxml", "child": [10, 11], "parent": 6, "matchString": [{"type": "relation", "string": "smsCode"}, {"type": "relation", "string": "请输入验证码"}, {"type": "relation", "string": "input-placeholder"}, {"type": "relation", "string": "{{btnText}}"}]}, {"id": 10, "type": "input", "string": null, "attribute": {"bindinput": "inputHandler", "data-type": "smsCode", "maxlength": "6", "placeholder": "请输入验证码", "placeholderclass": "input-placeholder", "type": "text", "value": "{{smsCode}}"}, "referenceVariable": ["smsCode"], "referenceFunction": ["inputHandler"], "style": [], "inheritClass": null, "wxss": [], "page": null, "path": "D:\\WORK\\2021\\MPDF\\baseline\\ui\\宝宝树孕育\\index.wxml", "child": [], "parent": 9, "matchString": [{"type": "attr", "string": "smsCode"}, {"type": "attr", "string": "请输入验证码"}, {"type": "attr", "string": "input-placeholder"}]}, {"id": 11, "type": "view", "string": "{{btnText}}", "attribute": {"bind:tap": "sendCodeHandler", "class": ["captcha-btn"]}, "referenceVariable": [], "referenceFunction": ["sendCodeHandler"], "style": [], "inheritClass": null, "wxss": [], "page": null, "path": "D:\\WORK\\2021\\MPDF\\baseline\\ui\\宝宝树孕育\\index.wxml", "child": [], "parent": 9, "matchString": [{"type": "self", "string": "{{btnText}}"}]}, {"id": 12, "type": "view", "string": null, "attribute": {"class": ["form-field", "border-none"], "wx:if": "{{loadCaptcha}}"}, "referenceVariable": ["loadCaptcha"], "referenceFunction": [], "style": [], "inheritClass": null, "wxss": [], "page": null, "path": "D:\\WORK\\2021\\MPDF\\baseline\\ui\\宝宝树孕育\\index.wxml", "child": [13], "parent": 6, "matchString": [{"type": "relation", "string": "{{challenge}}"}, {"type": "relation", "string": "{{gt}}"}, {"type": "relation", "string": "captcha"}, {"type": "relation", "string": "{{offline}}"}]}, {"id": 13, "type": "captcha", "string": null, "attribute": {"bindonclos": "geetClose", "bindonerror": "geetError", "bindonsuccess": "geetSuccess", "challenge": "{{challenge}}", "gt": "{{gt}}", "id": "captcha", "offline": "{{offline}}", "styleconfig": "{{styleConfig}}", "wx:if": "{{loadCaptcha}}"}, "referenceVariable": ["challenge", "gt", "offline", "styleConfig", "loadCaptcha"], "referenceFunction": ["geetClose", "geetError", "geetSuccess"], "style": [], "inheritClass": null, "wxss": [], "page": null, "path": "D:\\WORK\\2021\\MPDF\\baseline\\ui\\宝宝树孕育\\index.wxml", "child": [], "parent": 12, "matchString": [{"type": "attr", "string": "{{challenge}}"}, {"type": "attr", "string": "{{gt}}"}, {"type": "attr", "string": "captcha"}, {"type": "attr", "string": "{{offline}}"}]}, {"id": 14, "type": "dialog", "string": null, "attribute": {"id": "van-dialog"}, "referenceVariable": [], "referenceFunction": [], "style": [], "inheritClass": null, "wxss": [], "page": null, "path": "D:\\WORK\\2021\\MPDF\\baseline\\ui\\宝宝树孕育\\index.wxml", "child": [], "parent": 6, "matchString": [{"type": "attr", "string": "van-dialog"}]}, {"id": 15, "type": "dialog", "string": null, "attribute": {"asyncclose": "", "useslot": "", "bind:confirm": "confirmConflictAccount", "confirmbuttontext": "绑定", "show": "{{showConflictModal}}", "wx:if": "{{conflictUserInfos.length>0}}"}, "referenceVariable": ["showConflictModal", "conflictUserInfos.length>0"], "referenceFunction": ["confirmConflictAccount"], "style": [], "inheritClass": null, "wxss": [], "page": null, "path": "D:\\WORK\\2021\\MPDF\\baseline\\ui\\宝宝树孕育\\index.wxml", "child": [16], "parent": 6, "matchString": [{"type": "attr", "string": ""}, {"type": "attr", "string": "绑定"}, {"type": "attr", "string": "{{showConflictModal}}"}, {"type": "relation", "string": "请选择希望绑定的账号数据"}, {"type": "relation", "string": "手机号{{phone}}将与选中的账号进行绑定"}, {"type": "relation", "string": "{{item}}"}, {"type": "relation", "string": "{{item.nickname}}"}, {"type": "relation", "string": "{{item.timestamp}}创建"}]}, {"id": 16, "type": "view", "string": null, "attribute": {"class": ["conflict-dialog"]}, "referenceVariable": [], "referenceFunction": [], "style": [], "inheritClass": null, "wxss": [], "page": null, "path": "D:\\WORK\\2021\\MPDF\\baseline\\ui\\宝宝树孕育\\index.wxml", "child": [17, 18, 19], "parent": 15, "matchString": [{"type": "relation", "string": "请选择希望绑定的账号数据"}, {"type": "relation", "string": "手机号{{phone}}将与选中的账号进行绑定"}, {"type": "relation", "string": "{{item}}"}, {"type": "relation", "string": "{{item.nickname}}"}, {"type": "relation", "string": "{{item.timestamp}}创建"}]}, {"id": 17, "type": "view", "string": "请选择希望绑定的账号数据", "attribute": {"class": ["dialog-title"]}, "referenceVariable": [], "referenceFunction": [], "style": [], "inheritClass": null, "wxss": [], "page": null, "path": "D:\\WORK\\2021\\MPDF\\baseline\\ui\\宝宝树孕育\\index.wxml", "child": [], "parent": 16, "matchString": [{"type": "self", "string": "请选择希望绑定的账号数据"}]}, {"id": 18, "type": "view", "string": "手机号{{phone}}将与选中的账号进行绑定", "attribute": {"class": ["sub-title"]}, "referenceVariable": [], "referenceFunction": [], "style": [], "inheritClass": null, "wxss": [], "page": null, "path": "D:\\WORK\\2021\\MPDF\\baseline\\ui\\宝宝树孕育\\index.wxml", "child": [], "parent": 16, "matchString": [{"type": "self", "string": "手机号{{phone}}将与选中的账号进行绑定"}]}, {"id": 19, "type": "view", "string": null, "attribute": {"class": ["list"]}, "referenceVariable": [], "referenceFunction": [], "style": [], "inheritClass": null, "wxss": [], "page": null, "path": "D:\\WORK\\2021\\MPDF\\baseline\\ui\\宝宝树孕育\\index.wxml", "child": [20], "parent": 16, "matchString": [{"type": "relation", "string": "{{item}}"}, {"type": "relation", "string": "{{item.nickname}}"}, {"type": "relation", "string": "{{item.timestamp}}创建"}]}, {"id": 20, "type": "view", "string": null, "attribute": {"bind:tap": "selectConflictAccount", "class": ["list-item", "{{item.token===selectToken?'selected':''}}"], "data-item": "{{item}}", "wx:for": "{{conflictUserInfos}}", "wx:key": "*this"}, "referenceVariable": ["item.token===selectToken?'selected':''", "item", "conflictUserInfos"], "referenceFunction": ["selectConflictAccount"], "style": [], "inheritClass": null, "wxss": [], "page": null, "path": "D:\\WORK\\2021\\MPDF\\baseline\\ui\\宝宝树孕育\\index.wxml", "child": [21, 23], "parent": 19, "matchString": [{"type": "attr", "string": "{{item}}"}, {"type": "relation", "string": "{{item.nickname}}"}, {"type": "relation", "string": "{{item.timestamp}}创建"}]}, {"id": 21, "type": "view", "string": null, "attribute": {"class": ["avatar"]}, "referenceVariable": [], "referenceFunction": [], "style": [], "inheritClass": null, "wxss": [], "page": null, "path": "D:\\WORK\\2021\\MPDF\\baseline\\ui\\宝宝树孕育\\index.wxml", "child": [22], "parent": 20, "matchString": []}, {"id": 22, "type": "image", "string": null, "attribute": {"mode": "aspectFit", "src": "{{item.photo_path}}"}, "referenceVariable": ["item.photo_path"], "referenceFunction": [], "style": [], "inheritClass": null, "wxss": [], "page": null, "path": "D:\\WORK\\2021\\MPDF\\baseline\\ui\\宝宝树孕育\\index.wxml", "child": [], "parent": 21, "matchString": []}, {"id": 23, "type": "view", "string": null, "attribute": {"class": ["info"]}, "referenceVariable": [], "referenceFunction": [], "style": [], "inheritClass": null, "wxss": [], "page": null, "path": "D:\\WORK\\2021\\MPDF\\baseline\\ui\\宝宝树孕育\\index.wxml", "child": [24, 25], "parent": 20, "matchString": [{"type": "relation", "string": "{{item.nickname}}"}, {"type": "relation", "string": "{{item.timestamp}}创建"}]}, {"id": 24, "type": "view", "string": "{{item.nickname}}", "attribute": {"class": ["nick-name"]}, "referenceVariable": [], "referenceFunction": [], "style": [], "inheritClass": null, "wxss": [], "page": null, "path": "D:\\WORK\\2021\\MPDF\\baseline\\ui\\宝宝树孕育\\index.wxml", "child": [], "parent": 23, "matchString": [{"type": "self", "string": "{{item.nickname}}"}]}, {"id": 25, "type": "view", "string": "{{item.timestamp}}创建", "attribute": {"class": ["date"]}, "referenceVariable": [], "referenceFunction": [], "style": [], "inheritClass": null, "wxss": [], "page": null, "path": "D:\\WORK\\2021\\MPDF\\baseline\\ui\\宝宝树孕育\\index.wxml", "child": [], "parent": 23, "matchString": [{"type": "self", "string": "{{item.timestamp}}创建"}]}, {"id": 26, "type": "view", "string": "登录", "attribute": {"bind:tap": "formSubmitHandler", "class": ["submit-btn"]}, "referenceVariable": [], "referenceFunction": ["formSubmitHandler"], "style": [], "inheritClass": null, "wxss": [], "page": null, "path": "D:\\WORK\\2021\\MPDF\\baseline\\ui\\宝宝树孕育\\index.wxml", "child": [], "parent": 6, "matchString": [{"type": "self", "string": "登录"}]}, {"id": 27, "type": "view", "string": "绑定成功后，您可以使用微信或手机号登录宝宝树孕育APP", "attribute": {"class": ["tips"]}, "referenceVariable": [], "referenceFunction": [], "style": [], "inheritClass": null, "wxss": [], "page": null, "path": "D:\\WORK\\2021\\MPDF\\baseline\\ui\\宝宝树孕育\\index.wxml", "child": [], "parent": 6, "matchString": [{"type": "self", "string": "绑定成功后，您可以使用微信或手机号登录宝宝树孕育APP"}]}]