{
    "navigationBarTitleText": "收书地址",
    "navigationBarTextStyle": "black",
    "navigationBarBackgroundColor": "#fff",
    "navigationStyle": "custom",
    "usingComponents": {
        "f-header": "/components/header0c3ef0a2/header",
        "f-input-cell-v2": "/components/input-cell-v26efc6a50/input-cell-v2",
        "f-cell": "/components/cell0ee7d6c4/cell",
        "wux-spin": "/components/wux-weappa9273072/spin/index",
        "f-opacity-btn": "/components/opacity-btna91a4334/opacity-btn",
        "f-form-btn": "/components/form-button406feeb2/form-button",
        "f-button": "/components/buttoncd3e1c58/button",
        "wux-toast": "/components/wux-weappa9273072/toast/index",
        "f-avatar": "/components/avatar6bfa207b/avatar"
    }
}