[{"id": 0, "type": "[document]", "string": null, "attribute": {}, "referenceVariable": [], "referenceFunction": [], "style": [], "inheritClass": null, "wxss": [], "page": null, "path": "D:\\WORK\\2021\\MPDF\\baseline\\ui\\番薯借阅\\order-address.wxml", "child": [1], "parent": null, "matchString": [{"type": "relation", "string": "{{mpxPageStatus}}"}, {"type": "relation", "string": "收件地址"}, {"type": "relation", "string": "{{ change:[ ['changeValue','name','__mpx_event__'] ] }}"}, {"type": "relation", "string": "姓名"}, {"type": "relation", "string": "96"}, {"type": "relation", "string": "{{ change:[ ['changeValue','tel','__mpx_event__'] ] }}"}, {"type": "relation", "string": "手机"}, {"type": "relation", "string": "{{ change:[ ['changeValue','address','__mpx_event__'] ] }}"}, {"type": "relation", "string": "地址"}, {"type": "relation", "string": "44"}, {"type": "relation", "string": "{{true}}"}, {"type": "relation", "string": "保存"}, {"type": "relation", "string": "16"}, {"type": "relation", "string": "335"}, {"type": "relation", "string": "wux-toast"}]}, {"id": 1, "type": "view", "string": null, "attribute": {"class": ["main-container"]}, "referenceVariable": [], "referenceFunction": [], "style": [], "inheritClass": null, "wxss": [], "page": null, "path": "D:\\WORK\\2021\\MPDF\\baseline\\ui\\番薯借阅\\order-address.wxml", "child": [2, 3, 7, 10, 11], "parent": 0, "matchString": [{"type": "relation", "string": "{{mpxPageStatus}}"}, {"type": "relation", "string": "收件地址"}, {"type": "relation", "string": "{{ change:[ ['changeValue','name','__mpx_event__'] ] }}"}, {"type": "relation", "string": "姓名"}, {"type": "relation", "string": "96"}, {"type": "relation", "string": "{{ change:[ ['changeValue','tel','__mpx_event__'] ] }}"}, {"type": "relation", "string": "手机"}, {"type": "relation", "string": "{{ change:[ ['changeValue','address','__mpx_event__'] ] }}"}, {"type": "relation", "string": "地址"}, {"type": "relation", "string": "44"}, {"type": "relation", "string": "{{true}}"}, {"type": "relation", "string": "保存"}, {"type": "relation", "string": "16"}, {"type": "relation", "string": "335"}, {"type": "relation", "string": "wux-toast"}]}, {"id": 2, "type": "f-header", "string": null, "attribute": {"bind:back": "goBack", "mode": "2", "mpxpagestatus": "{{mpxPageStatus}}", "title": "收件地址"}, "referenceVariable": ["mpxPageStatus"], "referenceFunction": ["goBack"], "style": [], "inheritClass": null, "wxss": [], "page": null, "path": "D:\\WORK\\2021\\MPDF\\baseline\\ui\\番薯借阅\\order-address.wxml", "child": [], "parent": 1, "matchString": [{"type": "attr", "string": "{{mpxPageStatus}}"}, {"type": "attr", "string": "收件地址"}, {"type": "relation", "string": "收件地址"}]}, {"id": 3, "type": "view", "string": null, "attribute": {"class": ["input-container"]}, "referenceVariable": [], "referenceFunction": [], "style": [], "inheritClass": null, "wxss": [], "page": null, "path": "D:\\WORK\\2021\\MPDF\\baseline\\ui\\番薯借阅\\order-address.wxml", "child": [4, 5, 6], "parent": 1, "matchString": [{"type": "relation", "string": "{{ change:[ ['changeValue','name','__mpx_event__'] ] }}"}, {"type": "relation", "string": "{{mpxPageStatus}}"}, {"type": "relation", "string": "姓名"}, {"type": "relation", "string": "96"}, {"type": "relation", "string": "{{ change:[ ['changeValue','tel','__mpx_event__'] ] }}"}, {"type": "relation", "string": "手机"}, {"type": "relation", "string": "{{ change:[ ['changeValue','address','__mpx_event__'] ] }}"}, {"type": "relation", "string": "地址"}]}, {"id": 4, "type": "f-input-cell-v2", "string": null, "attribute": {"bind:change": "__invoke", "data-eventconfigs": "{{ change:[ ['changeValue','name','__mpx_event__'] ] }}", "mpxpagestatus": "{{mpxPageStatus}}", "title": "姓名", "titlewidth": "96", "value": "{{name}}"}, "referenceVariable": [" change:[ ['changeValue','name','__mpx_event__'] ] ", "mpxPageStatus", "name"], "referenceFunction": ["__invoke"], "style": [], "inheritClass": null, "wxss": [], "page": null, "path": "D:\\WORK\\2021\\MPDF\\baseline\\ui\\番薯借阅\\order-address.wxml", "child": [], "parent": 3, "matchString": [{"type": "attr", "string": "{{ change:[ ['changeValue','name','__mpx_event__'] ] }}"}, {"type": "attr", "string": "{{mpxPageStatus}}"}, {"type": "attr", "string": "姓名"}, {"type": "attr", "string": "96"}]}, {"id": 5, "type": "f-input-cell-v2", "string": null, "attribute": {"bind:change": "__invoke", "data-eventconfigs": "{{ change:[ ['changeValue','tel','__mpx_event__'] ] }}", "mpxpagestatus": "{{mpxPageStatus}}", "title": "手机", "titlewidth": "96", "value": "{{tel}}"}, "referenceVariable": [" change:[ ['changeValue','tel','__mpx_event__'] ] ", "mpxPageStatus", "tel"], "referenceFunction": ["__invoke"], "style": [], "inheritClass": null, "wxss": [], "page": null, "path": "D:\\WORK\\2021\\MPDF\\baseline\\ui\\番薯借阅\\order-address.wxml", "child": [], "parent": 3, "matchString": [{"type": "attr", "string": "{{ change:[ ['changeValue','tel','__mpx_event__'] ] }}"}, {"type": "attr", "string": "{{mpxPageStatus}}"}, {"type": "attr", "string": "手机"}, {"type": "attr", "string": "96"}]}, {"id": 6, "type": "f-input-cell-v2", "string": null, "attribute": {"bind:change": "__invoke", "data-eventconfigs": "{{ change:[ ['changeValue','address','__mpx_event__'] ] }}", "mpxpagestatus": "{{mpxPageStatus}}", "title": "地址", "titlewidth": "96", "value": "{{address}}"}, "referenceVariable": [" change:[ ['changeValue','address','__mpx_event__'] ] ", "mpxPageStatus", "address"], "referenceFunction": ["__invoke"], "style": [], "inheritClass": null, "wxss": [], "page": null, "path": "D:\\WORK\\2021\\MPDF\\baseline\\ui\\番薯借阅\\order-address.wxml", "child": [], "parent": 3, "matchString": [{"type": "attr", "string": "{{ change:[ ['changeValue','address','__mpx_event__'] ] }}"}, {"type": "attr", "string": "{{mpxPageStatus}}"}, {"type": "attr", "string": "地址"}, {"type": "attr", "string": "96"}]}, {"id": 7, "type": "view", "string": null, "attribute": {"class": ["bottom-btn-container"]}, "referenceVariable": [], "referenceFunction": [], "style": [], "inheritClass": null, "wxss": [], "page": null, "path": "D:\\WORK\\2021\\MPDF\\baseline\\ui\\番薯借阅\\order-address.wxml", "child": [8, 9], "parent": 1, "matchString": [{"type": "relation", "string": "44"}, {"type": "relation", "string": "{{true}}"}, {"type": "relation", "string": "{{mpxPageStatus}}"}, {"type": "relation", "string": "保存"}, {"type": "relation", "string": "16"}, {"type": "relation", "string": "335"}]}, {"id": 8, "type": "f-button", "string": null, "attribute": {"bind:click": "addAddress", "disabled": "{{disabledBtn}}", "height": "44", "isblod": "{{true}}", "mpxpagestatus": "{{mpxPageStatus}}", "text": "保存", "textsize": "16", "type": "primaryRound", "width": "335"}, "referenceVariable": ["disabledBtn", "true", "mpxPageStatus"], "referenceFunction": ["addAddress"], "style": [], "inheritClass": null, "wxss": [], "page": null, "path": "D:\\WORK\\2021\\MPDF\\baseline\\ui\\番薯借阅\\order-address.wxml", "child": [], "parent": 7, "matchString": [{"type": "attr", "string": "44"}, {"type": "attr", "string": "{{true}}"}, {"type": "attr", "string": "{{mpxPageStatus}}"}, {"type": "attr", "string": "保存"}, {"type": "attr", "string": "16"}, {"type": "attr", "string": "335"}]}, {"id": 9, "type": "view", "string": null, "attribute": {"class": ["iphone-x"], "wx:if": "{{isIphoneX}}"}, "referenceVariable": ["isIphoneX"], "referenceFunction": [], "style": [], "inheritClass": null, "wxss": [], "page": null, "path": "D:\\WORK\\2021\\MPDF\\baseline\\ui\\番薯借阅\\order-address.wxml", "child": [], "parent": 7, "matchString": []}, {"id": 10, "type": "wux-spin", "string": null, "attribute": {"class": ["spin-loading"], "mpxpagestatus": "{{mpxPageStatus}}", "size": "default", "wx:if": "{{showLoading}}"}, "referenceVariable": ["mpxPageStatus", "showLoading"], "referenceFunction": [], "style": [], "inheritClass": null, "wxss": [], "page": null, "path": "D:\\WORK\\2021\\MPDF\\baseline\\ui\\番薯借阅\\order-address.wxml", "child": [], "parent": 1, "matchString": [{"type": "attr", "string": "{{mpxPageStatus}}"}, {"type": "relation", "string": "{{mpxPageStatus}}"}]}, {"id": 11, "type": "wux-toast", "string": null, "attribute": {"id": "wux-toast", "mpxpagestatus": "{{mpxPageStatus}}"}, "referenceVariable": ["mpxPageStatus"], "referenceFunction": [], "style": [], "inheritClass": null, "wxss": [], "page": null, "path": "D:\\WORK\\2021\\MPDF\\baseline\\ui\\番薯借阅\\order-address.wxml", "child": [], "parent": 1, "matchString": [{"type": "attr", "string": "wux-toast"}, {"type": "attr", "string": "{{mpxPageStatus}}"}, {"type": "relation", "string": "{{mpxPageStatus}}"}]}]