[{"id": 0, "type": "[document]", "string": null, "attribute": {}, "referenceVariable": [], "referenceFunction": [], "style": [], "inheritClass": null, "wxss": [], "page": null, "path": "D:\\WORK\\2021\\MPDF\\baseline\\ui\\拉钩校园\\register.wxml", "child": [1], "parent": null, "matchString": [{"type": "relation", "string": "请输入手机号"}, {"type": "relation", "string": "请输入6位手机验证码"}, {"type": "relation", "string": "{{codeStr}}"}, {"type": "relation", "string": "true"}, {"type": "relation", "string": "密码为6-18位，数字、英文或组合"}, {"type": "relation", "string": "请输入确认密码"}, {"type": "relation", "string": "注册邀请码（选填）"}, {"type": "relation", "string": "注册"}, {"type": "relation", "string": "\n    {{message}}\n  "}]}, {"id": 1, "type": "view", "string": null, "attribute": {"class": ["page"]}, "referenceVariable": [], "referenceFunction": [], "style": [], "inheritClass": null, "wxss": [], "page": null, "path": "D:\\WORK\\2021\\MPDF\\baseline\\ui\\拉钩校园\\register.wxml", "child": [2, 31, 34], "parent": 0, "matchString": [{"type": "relation", "string": "请输入手机号"}, {"type": "relation", "string": "请输入6位手机验证码"}, {"type": "relation", "string": "{{codeStr}}"}, {"type": "relation", "string": "true"}, {"type": "relation", "string": "密码为6-18位，数字、英文或组合"}, {"type": "relation", "string": "请输入确认密码"}, {"type": "relation", "string": "注册邀请码（选填）"}, {"type": "relation", "string": "注册"}, {"type": "relation", "string": "\n    {{message}}\n  "}]}, {"id": 2, "type": "view", "string": null, "attribute": {"class": ["ui-tab"]}, "referenceVariable": [], "referenceFunction": [], "style": [], "inheritClass": null, "wxss": [], "page": null, "path": "D:\\WORK\\2021\\MPDF\\baseline\\ui\\拉钩校园\\register.wxml", "child": [3], "parent": 1, "matchString": [{"type": "relation", "string": "请输入手机号"}, {"type": "relation", "string": "请输入6位手机验证码"}, {"type": "relation", "string": "{{codeStr}}"}, {"type": "relation", "string": "true"}, {"type": "relation", "string": "密码为6-18位，数字、英文或组合"}, {"type": "relation", "string": "请输入确认密码"}, {"type": "relation", "string": "注册邀请码（选填）"}]}, {"id": 3, "type": "view", "string": null, "attribute": {"class": ["bd"]}, "referenceVariable": [], "referenceFunction": [], "style": [], "inheritClass": null, "wxss": [], "page": null, "path": "D:\\WORK\\2021\\MPDF\\baseline\\ui\\拉钩校园\\register.wxml", "child": [4, 9, 16, 21, 26], "parent": 2, "matchString": [{"type": "relation", "string": "请输入手机号"}, {"type": "relation", "string": "请输入6位手机验证码"}, {"type": "relation", "string": "{{codeStr}}"}, {"type": "relation", "string": "true"}, {"type": "relation", "string": "密码为6-18位，数字、英文或组合"}, {"type": "relation", "string": "请输入确认密码"}, {"type": "relation", "string": "注册邀请码（选填）"}]}, {"id": 4, "type": "view", "string": null, "attribute": {"class": ["phone", "ui-flex", "align-center"]}, "referenceVariable": [], "referenceFunction": [], "style": [], "inheritClass": null, "wxss": [], "page": null, "path": "D:\\WORK\\2021\\MPDF\\baseline\\ui\\拉钩校园\\register.wxml", "child": [5, 7], "parent": 3, "matchString": [{"type": "relation", "string": "请输入手机号"}]}, {"id": 5, "type": "view", "string": null, "attribute": {"class": ["icon"]}, "referenceVariable": [], "referenceFunction": [], "style": [], "inheritClass": null, "wxss": [], "page": null, "path": "D:\\WORK\\2021\\MPDF\\baseline\\ui\\拉钩校园\\register.wxml", "child": [6], "parent": 4, "matchString": []}, {"id": 6, "type": "image", "string": null, "attribute": {"mode": "widthFix", "src": "../../../images/phone_grey.png"}, "referenceVariable": [], "referenceFunction": [], "style": [], "inheritClass": null, "wxss": [], "page": null, "path": "D:\\WORK\\2021\\MPDF\\baseline\\ui\\拉钩校园\\register.wxml", "child": [], "parent": 5, "matchString": []}, {"id": 7, "type": "getformid", "string": null, "attribute": {"class": ["formbox"]}, "referenceVariable": [], "referenceFunction": [], "style": [], "inheritClass": null, "wxss": [], "page": null, "path": "D:\\WORK\\2021\\MPDF\\baseline\\ui\\拉钩校园\\register.wxml", "child": [8], "parent": 4, "matchString": [{"type": "relation", "string": "请输入手机号"}]}, {"id": 8, "type": "input", "string": null, "attribute": {"bindinput": "regPhoneInput", "class": ["cell"], "maxlength": "15", "placeholder": "请输入手机号", "type": "number", "value": "{{regPhone}}"}, "referenceVariable": ["regPhone"], "referenceFunction": ["regPhoneInput"], "style": [], "inheritClass": null, "wxss": [], "page": null, "path": "D:\\WORK\\2021\\MPDF\\baseline\\ui\\拉钩校园\\register.wxml", "child": [], "parent": 7, "matchString": [{"type": "attr", "string": "请输入手机号"}]}, {"id": 9, "type": "view", "string": null, "attribute": {"class": ["code", "ui-flex", "align-center"]}, "referenceVariable": [], "referenceFunction": [], "style": [], "inheritClass": null, "wxss": [], "page": null, "path": "D:\\WORK\\2021\\MPDF\\baseline\\ui\\拉钩校园\\register.wxml", "child": [10, 12, 14, 15], "parent": 3, "matchString": [{"type": "relation", "string": "请输入6位手机验证码"}, {"type": "relation", "string": "{{codeStr}}"}]}, {"id": 10, "type": "view", "string": null, "attribute": {"class": ["icon"]}, "referenceVariable": [], "referenceFunction": [], "style": [], "inheritClass": null, "wxss": [], "page": null, "path": "D:\\WORK\\2021\\MPDF\\baseline\\ui\\拉钩校园\\register.wxml", "child": [11], "parent": 9, "matchString": []}, {"id": 11, "type": "image", "string": null, "attribute": {"mode": "widthFix", "src": "../../../images/code_grey.png"}, "referenceVariable": [], "referenceFunction": [], "style": [], "inheritClass": null, "wxss": [], "page": null, "path": "D:\\WORK\\2021\\MPDF\\baseline\\ui\\拉钩校园\\register.wxml", "child": [], "parent": 10, "matchString": []}, {"id": 12, "type": "getformid", "string": null, "attribute": {"class": ["formbox"]}, "referenceVariable": [], "referenceFunction": [], "style": [], "inheritClass": null, "wxss": [], "page": null, "path": "D:\\WORK\\2021\\MPDF\\baseline\\ui\\拉钩校园\\register.wxml", "child": [13], "parent": 9, "matchString": [{"type": "relation", "string": "请输入6位手机验证码"}]}, {"id": 13, "type": "input", "string": null, "attribute": {"bindinput": "regCodeInput", "class": ["cell"], "maxlength": "6", "placeholder": "请输入6位手机验证码", "type": "number", "value": "{{regCode}}"}, "referenceVariable": ["regCode"], "referenceFunction": ["regCodeInput"], "style": [], "inheritClass": null, "wxss": [], "page": null, "path": "D:\\WORK\\2021\\MPDF\\baseline\\ui\\拉钩校园\\register.wxml", "child": [], "parent": 12, "matchString": [{"type": "attr", "string": "请输入6位手机验证码"}]}, {"id": 14, "type": "view", "string": "{{codeStr}}", "attribute": {"bindtap": "getVerityCode", "class": ["ui-btn", "btn-xs", "btn-primary", "hide", "{{verityButton=='get'?'show':''}}"]}, "referenceVariable": ["verityButton=='get'?'show':''"], "referenceFunction": ["getVerityCode"], "style": [], "inheritClass": null, "wxss": [], "page": null, "path": "D:\\WORK\\2021\\MPDF\\baseline\\ui\\拉钩校园\\register.wxml", "child": [], "parent": 9, "matchString": [{"type": "self", "string": "{{codeStr}}"}]}, {"id": 15, "type": "view", "string": "{{codeStr}}", "attribute": {"class": ["ui-btn", "btn-xs", "btn-default", "hide", "{{verityButton=='countDown'?'show':''}}"]}, "referenceVariable": ["verityButton=='countDown'?'show':''"], "referenceFunction": [], "style": [], "inheritClass": null, "wxss": [], "page": null, "path": "D:\\WORK\\2021\\MPDF\\baseline\\ui\\拉钩校园\\register.wxml", "child": [], "parent": 9, "matchString": [{"type": "self", "string": "{{codeStr}}"}]}, {"id": 16, "type": "view", "string": null, "attribute": {"class": ["phone", "ui-flex", "align-center"]}, "referenceVariable": [], "referenceFunction": [], "style": [], "inheritClass": null, "wxss": [], "page": null, "path": "D:\\WORK\\2021\\MPDF\\baseline\\ui\\拉钩校园\\register.wxml", "child": [17, 19], "parent": 3, "matchString": [{"type": "relation", "string": "true"}, {"type": "relation", "string": "密码为6-18位，数字、英文或组合"}]}, {"id": 17, "type": "view", "string": null, "attribute": {"class": ["icon"]}, "referenceVariable": [], "referenceFunction": [], "style": [], "inheritClass": null, "wxss": [], "page": null, "path": "D:\\WORK\\2021\\MPDF\\baseline\\ui\\拉钩校园\\register.wxml", "child": [18, 23], "parent": 16, "matchString": []}, {"id": 18, "type": "image", "string": null, "attribute": {"mode": "widthFix", "src": "../../../images/pass_grey.png"}, "referenceVariable": [], "referenceFunction": [], "style": [], "inheritClass": null, "wxss": [], "page": null, "path": "D:\\WORK\\2021\\MPDF\\baseline\\ui\\拉钩校园\\register.wxml", "child": [], "parent": 17, "matchString": []}, {"id": 19, "type": "getformid", "string": null, "attribute": {"class": ["formbox"]}, "referenceVariable": [], "referenceFunction": [], "style": [], "inheritClass": null, "wxss": [], "page": null, "path": "D:\\WORK\\2021\\MPDF\\baseline\\ui\\拉钩校园\\register.wxml", "child": [20], "parent": 16, "matchString": [{"type": "relation", "string": "true"}, {"type": "relation", "string": "密码为6-18位，数字、英文或组合"}]}, {"id": 20, "type": "input", "string": null, "attribute": {"bindinput": "regPasswordInput", "class": ["cell"], "maxlength": "18", "password": "true", "placeholder": "密码为6-18位，数字、英文或组合", "value": "{{regPassword}}"}, "referenceVariable": ["regPassword"], "referenceFunction": ["regPasswordInput"], "style": [], "inheritClass": null, "wxss": [], "page": null, "path": "D:\\WORK\\2021\\MPDF\\baseline\\ui\\拉钩校园\\register.wxml", "child": [], "parent": 19, "matchString": [{"type": "attr", "string": "true"}, {"type": "attr", "string": "密码为6-18位，数字、英文或组合"}]}, {"id": 21, "type": "view", "string": null, "attribute": {"class": ["phone", "ui-flex", "align-center"]}, "referenceVariable": [], "referenceFunction": [], "style": [], "inheritClass": null, "wxss": [], "page": null, "path": "D:\\WORK\\2021\\MPDF\\baseline\\ui\\拉钩校园\\register.wxml", "child": [22, 24], "parent": 3, "matchString": [{"type": "relation", "string": "true"}, {"type": "relation", "string": "请输入确认密码"}]}, {"id": 22, "type": "view", "string": null, "attribute": {"class": ["icon"]}, "referenceVariable": [], "referenceFunction": [], "style": [], "inheritClass": null, "wxss": [], "page": null, "path": "D:\\WORK\\2021\\MPDF\\baseline\\ui\\拉钩校园\\register.wxml", "child": [18, 23], "parent": 21, "matchString": []}, {"id": 23, "type": "image", "string": null, "attribute": {"mode": "widthFix", "src": "../../../images/pass_grey.png"}, "referenceVariable": [], "referenceFunction": [], "style": [], "inheritClass": null, "wxss": [], "page": null, "path": "D:\\WORK\\2021\\MPDF\\baseline\\ui\\拉钩校园\\register.wxml", "child": [], "parent": 17, "matchString": []}, {"id": 24, "type": "getformid", "string": null, "attribute": {"class": ["formbox"]}, "referenceVariable": [], "referenceFunction": [], "style": [], "inheritClass": null, "wxss": [], "page": null, "path": "D:\\WORK\\2021\\MPDF\\baseline\\ui\\拉钩校园\\register.wxml", "child": [25], "parent": 21, "matchString": [{"type": "relation", "string": "true"}, {"type": "relation", "string": "请输入确认密码"}]}, {"id": 25, "type": "input", "string": null, "attribute": {"bindinput": "confirmPasswordInput", "class": ["cell"], "maxlength": "18", "password": "true", "placeholder": "请输入确认密码", "value": "{{confirmPassword}}"}, "referenceVariable": ["confirmPassword"], "referenceFunction": ["confirmPasswordInput"], "style": [], "inheritClass": null, "wxss": [], "page": null, "path": "D:\\WORK\\2021\\MPDF\\baseline\\ui\\拉钩校园\\register.wxml", "child": [], "parent": 24, "matchString": [{"type": "attr", "string": "true"}, {"type": "attr", "string": "请输入确认密码"}]}, {"id": 26, "type": "view", "string": null, "attribute": {"class": ["phone", "ui-flex", "align-center"]}, "referenceVariable": [], "referenceFunction": [], "style": [], "inheritClass": null, "wxss": [], "page": null, "path": "D:\\WORK\\2021\\MPDF\\baseline\\ui\\拉钩校园\\register.wxml", "child": [27, 29], "parent": 3, "matchString": [{"type": "relation", "string": "注册邀请码（选填）"}]}, {"id": 27, "type": "view", "string": null, "attribute": {"class": ["icon"]}, "referenceVariable": [], "referenceFunction": [], "style": [], "inheritClass": null, "wxss": [], "page": null, "path": "D:\\WORK\\2021\\MPDF\\baseline\\ui\\拉钩校园\\register.wxml", "child": [28], "parent": 26, "matchString": []}, {"id": 28, "type": "image", "string": null, "attribute": {"mode": "widthFix", "src": "../../../images/invite_grey.png"}, "referenceVariable": [], "referenceFunction": [], "style": [], "inheritClass": null, "wxss": [], "page": null, "path": "D:\\WORK\\2021\\MPDF\\baseline\\ui\\拉钩校园\\register.wxml", "child": [], "parent": 27, "matchString": []}, {"id": 29, "type": "getformid", "string": null, "attribute": {"class": ["formbox"]}, "referenceVariable": [], "referenceFunction": [], "style": [], "inheritClass": null, "wxss": [], "page": null, "path": "D:\\WORK\\2021\\MPDF\\baseline\\ui\\拉钩校园\\register.wxml", "child": [30], "parent": 26, "matchString": [{"type": "relation", "string": "注册邀请码（选填）"}]}, {"id": 30, "type": "input", "string": null, "attribute": {"bindinput": "regInviteCodeInput", "class": ["cell"], "maxlength": "10", "placeholder": "注册邀请码（选填）", "type": "number", "value": "{{regInviteCode}}"}, "referenceVariable": ["regInviteCode"], "referenceFunction": ["regInviteCodeInput"], "style": [], "inheritClass": null, "wxss": [], "page": null, "path": "D:\\WORK\\2021\\MPDF\\baseline\\ui\\拉钩校园\\register.wxml", "child": [], "parent": 29, "matchString": [{"type": "attr", "string": "注册邀请码（选填）"}]}, {"id": 31, "type": "view", "string": null, "attribute": {"class": ["btn-lg-wrap"]}, "referenceVariable": [], "referenceFunction": [], "style": [], "inheritClass": null, "wxss": [], "page": null, "path": "D:\\WORK\\2021\\MPDF\\baseline\\ui\\拉钩校园\\register.wxml", "child": [32], "parent": 1, "matchString": [{"type": "relation", "string": "注册"}]}, {"id": 32, "type": "getformid", "string": null, "attribute": {}, "referenceVariable": [], "referenceFunction": [], "style": [], "inheritClass": null, "wxss": [], "page": null, "path": "D:\\WORK\\2021\\MPDF\\baseline\\ui\\拉钩校园\\register.wxml", "child": [33], "parent": 31, "matchString": [{"type": "relation", "string": "注册"}]}, {"id": 33, "type": "view", "string": "注册", "attribute": {"bindtap": "registerButton", "class": ["ui-btn", "btn-block", "btn-lg", "btn-primary"]}, "referenceVariable": [], "referenceFunction": ["registerButton"], "style": [], "inheritClass": null, "wxss": [], "page": null, "path": "D:\\WORK\\2021\\MPDF\\baseline\\ui\\拉钩校园\\register.wxml", "child": [], "parent": 32, "matchString": [{"type": "self", "string": "注册"}]}, {"id": 34, "type": "view", "string": "\n    {{message}}\n  ", "attribute": {"class": ["{{message_tips}}"]}, "referenceVariable": ["message_tips"], "referenceFunction": [], "style": [], "inheritClass": null, "wxss": [], "page": null, "path": "D:\\WORK\\2021\\MPDF\\baseline\\ui\\拉钩校园\\register.wxml", "child": [], "parent": 1, "matchString": [{"type": "self", "string": "\n    {{message}}\n  "}, {"type": "relation", "string": "\n    {{message}}\n  "}]}]