[{"id": 0, "type": "[document]", "string": null, "attribute": {}, "referenceVariable": [], "referenceFunction": [], "style": [], "inheritClass": null, "wxss": [], "page": null, "path": "D:\\WORK\\2021\\MPDF\\baseline\\ui\\车轮驾照通\\login.wxml", "child": [1], "parent": null, "matchString": [{"type": "relation", "string": "手机号"}, {"type": "relation", "string": "验证码"}, {"type": "relation", "string": "{{code}}"}, {"type": "relation", "string": "立即绑定"}, {"type": "relation", "string": "《服务协议》"}, {"type": "relation", "string": "提示"}, {"type": "relation", "string": "请输入图形验证码"}, {"type": "relation", "string": "重新获取"}, {"type": "relation", "string": "1"}, {"type": "relation", "string": "取消"}, {"type": "relation", "string": "0"}, {"type": "relation", "string": "确定"}, {"type": "relation", "string": "{{toptips_Message}}"}]}, {"id": 1, "type": "page", "string": null, "attribute": {"class": ["wraper"]}, "referenceVariable": [], "referenceFunction": [], "style": [], "inheritClass": null, "wxss": [], "page": null, "path": "D:\\WORK\\2021\\MPDF\\baseline\\ui\\车轮驾照通\\login.wxml", "child": [2, 8, 9, 11, 23], "parent": 0, "matchString": [{"type": "relation", "string": "手机号"}, {"type": "relation", "string": "验证码"}, {"type": "relation", "string": "{{code}}"}, {"type": "relation", "string": "立即绑定"}, {"type": "relation", "string": "《服务协议》"}, {"type": "relation", "string": "提示"}, {"type": "relation", "string": "请输入图形验证码"}, {"type": "relation", "string": "重新获取"}, {"type": "relation", "string": "1"}, {"type": "relation", "string": "取消"}, {"type": "relation", "string": "0"}, {"type": "relation", "string": "确定"}, {"type": "relation", "string": "{{toptips_Message}}"}]}, {"id": 2, "type": "view", "string": null, "attribute": {"class": ["login-wraper"]}, "referenceVariable": [], "referenceFunction": [], "style": [], "inheritClass": null, "wxss": [], "page": null, "path": "D:\\WORK\\2021\\MPDF\\baseline\\ui\\车轮驾照通\\login.wxml", "child": [3, 5], "parent": 1, "matchString": [{"type": "relation", "string": "手机号"}, {"type": "relation", "string": "验证码"}, {"type": "relation", "string": "{{code}}"}]}, {"id": 3, "type": "view", "string": null, "attribute": {"class": ["tel"]}, "referenceVariable": [], "referenceFunction": [], "style": [], "inheritClass": null, "wxss": [], "page": null, "path": "D:\\WORK\\2021\\MPDF\\baseline\\ui\\车轮驾照通\\login.wxml", "child": [4], "parent": 2, "matchString": [{"type": "relation", "string": "手机号"}]}, {"id": 4, "type": "input", "string": null, "attribute": {"bindinput": "getPhone", "maxlength": "11", "placeholder": "手机号", "placeholderstyle": "color:#a4b5c3", "type": "number"}, "referenceVariable": [], "referenceFunction": ["getPhone"], "style": [], "inheritClass": null, "wxss": [], "page": null, "path": "D:\\WORK\\2021\\MPDF\\baseline\\ui\\车轮驾照通\\login.wxml", "child": [], "parent": 3, "matchString": [{"type": "attr", "string": "手机号"}]}, {"id": 5, "type": "view", "string": null, "attribute": {"class": ["code"]}, "referenceVariable": [], "referenceFunction": [], "style": [], "inheritClass": null, "wxss": [], "page": null, "path": "D:\\WORK\\2021\\MPDF\\baseline\\ui\\车轮驾照通\\login.wxml", "child": [6, 7], "parent": 2, "matchString": [{"type": "relation", "string": "验证码"}, {"type": "relation", "string": "{{code}}"}]}, {"id": 6, "type": "input", "string": null, "attribute": {"bindinput": "getCode", "maxlength": "6", "placeholder": "验证码", "placeholderstyle": "color:#a4b5c3", "type": "number"}, "referenceVariable": [], "referenceFunction": ["getCode"], "style": [], "inheritClass": null, "wxss": [], "page": null, "path": "D:\\WORK\\2021\\MPDF\\baseline\\ui\\车轮驾照通\\login.wxml", "child": [], "parent": 5, "matchString": [{"type": "attr", "string": "验证码"}]}, {"id": 7, "type": "button", "string": "{{code}}", "attribute": {"bindtap": "testcode", "class": ["phonetrue"], "type": "button"}, "referenceVariable": [], "referenceFunction": ["testcode"], "style": [], "inheritClass": null, "wxss": [], "page": null, "path": "D:\\WORK\\2021\\MPDF\\baseline\\ui\\车轮驾照通\\login.wxml", "child": [], "parent": 5, "matchString": [{"type": "self", "string": "{{code}}"}]}, {"id": 8, "type": "view", "string": "立即绑定", "attribute": {"bindtap": "goLogin", "class": ["login-btn"]}, "referenceVariable": [], "referenceFunction": ["goLogin"], "style": [], "inheritClass": null, "wxss": [], "page": null, "path": "D:\\WORK\\2021\\MPDF\\baseline\\ui\\车轮驾照通\\login.wxml", "child": [], "parent": 1, "matchString": [{"type": "self", "string": "立即绑定"}, {"type": "relation", "string": "立即绑定"}]}, {"id": 9, "type": "view", "string": null, "attribute": {"bindtap": "goAgreement", "class": ["protocol"]}, "referenceVariable": [], "referenceFunction": ["goAgreement"], "style": [], "inheritClass": null, "wxss": [], "page": null, "path": "D:\\WORK\\2021\\MPDF\\baseline\\ui\\车轮驾照通\\login.wxml", "child": [10], "parent": 1, "matchString": [{"type": "relation", "string": "《服务协议》"}]}, {"id": 10, "type": "text", "string": "《服务协议》", "attribute": {}, "referenceVariable": [], "referenceFunction": [], "style": [], "inheritClass": null, "wxss": [], "page": null, "path": "D:\\WORK\\2021\\MPDF\\baseline\\ui\\车轮驾照通\\login.wxml", "child": [], "parent": 9, "matchString": [{"type": "self", "string": "《服务协议》"}]}, {"id": 11, "type": "view", "string": null, "attribute": {"class": ["imgcode-wrap"], "wx:if": "{{imgshow}}"}, "referenceVariable": ["imgshow"], "referenceFunction": [], "style": [], "inheritClass": null, "wxss": [], "page": null, "path": "D:\\WORK\\2021\\MPDF\\baseline\\ui\\车轮驾照通\\login.wxml", "child": [12], "parent": 1, "matchString": [{"type": "relation", "string": "提示"}, {"type": "relation", "string": "请输入图形验证码"}, {"type": "relation", "string": "重新获取"}, {"type": "relation", "string": "1"}, {"type": "relation", "string": "验证码"}, {"type": "relation", "string": "取消"}, {"type": "relation", "string": "0"}, {"type": "relation", "string": "确定"}]}, {"id": 12, "type": "view", "string": null, "attribute": {"class": ["imgcode"]}, "referenceVariable": [], "referenceFunction": [], "style": [], "inheritClass": null, "wxss": [], "page": null, "path": "D:\\WORK\\2021\\MPDF\\baseline\\ui\\车轮驾照通\\login.wxml", "child": [13, 14, 15, 19, 20], "parent": 11, "matchString": [{"type": "relation", "string": "提示"}, {"type": "relation", "string": "请输入图形验证码"}, {"type": "relation", "string": "重新获取"}, {"type": "relation", "string": "1"}, {"type": "relation", "string": "验证码"}, {"type": "relation", "string": "取消"}, {"type": "relation", "string": "0"}, {"type": "relation", "string": "确定"}]}, {"id": 13, "type": "view", "string": "提示", "attribute": {"class": ["img-title"]}, "referenceVariable": [], "referenceFunction": [], "style": [], "inheritClass": null, "wxss": [], "page": null, "path": "D:\\WORK\\2021\\MPDF\\baseline\\ui\\车轮驾照通\\login.wxml", "child": [], "parent": 12, "matchString": [{"type": "self", "string": "提示"}]}, {"id": 14, "type": "text", "string": "请输入图形验证码", "attribute": {"class": ["img-text"]}, "referenceVariable": [], "referenceFunction": [], "style": [], "inheritClass": null, "wxss": [], "page": null, "path": "D:\\WORK\\2021\\MPDF\\baseline\\ui\\车轮驾照通\\login.wxml", "child": [], "parent": 12, "matchString": [{"type": "self", "string": "请输入图形验证码"}]}, {"id": 15, "type": "view", "string": null, "attribute": {"class": ["img-cell"]}, "referenceVariable": [], "referenceFunction": [], "style": [], "inheritClass": null, "wxss": [], "page": null, "path": "D:\\WORK\\2021\\MPDF\\baseline\\ui\\车轮驾照通\\login.wxml", "child": [16, 18], "parent": 12, "matchString": [{"type": "relation", "string": "重新获取"}, {"type": "relation", "string": "1"}]}, {"id": 16, "type": "view", "string": null, "attribute": {"class": ["img-src"]}, "referenceVariable": [], "referenceFunction": [], "style": [], "inheritClass": null, "wxss": [], "page": null, "path": "D:\\WORK\\2021\\MPDF\\baseline\\ui\\车轮驾照通\\login.wxml", "child": [17], "parent": 15, "matchString": []}, {"id": 17, "type": "image", "string": null, "attribute": {"mode": "aspectFit", "src": "{{imageUrl}}"}, "referenceVariable": ["imageUrl"], "referenceFunction": [], "style": [], "inheritClass": null, "wxss": [], "page": null, "path": "D:\\WORK\\2021\\MPDF\\baseline\\ui\\车轮驾照通\\login.wxml", "child": [], "parent": 16, "matchString": []}, {"id": 18, "type": "view", "string": "重新获取", "attribute": {"bindtap": "testcode", "class": ["img-get"], "data-reload": "1"}, "referenceVariable": [], "referenceFunction": ["testcode"], "style": [], "inheritClass": null, "wxss": [], "page": null, "path": "D:\\WORK\\2021\\MPDF\\baseline\\ui\\车轮驾照通\\login.wxml", "child": [], "parent": 15, "matchString": [{"type": "self", "string": "重新获取"}, {"type": "attr", "string": "1"}]}, {"id": 19, "type": "input", "string": null, "attribute": {"bindinput": "getImgcode", "maxlength": "4", "placeholder": "验证码", "type": "text"}, "referenceVariable": [], "referenceFunction": ["getImgcode"], "style": [], "inheritClass": null, "wxss": [], "page": null, "path": "D:\\WORK\\2021\\MPDF\\baseline\\ui\\车轮驾照通\\login.wxml", "child": [], "parent": 12, "matchString": [{"type": "attr", "string": "验证码"}]}, {"id": 20, "type": "view", "string": null, "attribute": {"class": ["result-wrap"]}, "referenceVariable": [], "referenceFunction": [], "style": [], "inheritClass": null, "wxss": [], "page": null, "path": "D:\\WORK\\2021\\MPDF\\baseline\\ui\\车轮驾照通\\login.wxml", "child": [21, 22], "parent": 12, "matchString": [{"type": "relation", "string": "取消"}, {"type": "relation", "string": "0"}, {"type": "relation", "string": "确定"}, {"type": "relation", "string": "1"}]}, {"id": 21, "type": "view", "string": "取消", "attribute": {"bindtap": "delImgCode", "class": ["result-left"], "data-del": "0"}, "referenceVariable": [], "referenceFunction": ["delImgCode"], "style": [], "inheritClass": null, "wxss": [], "page": null, "path": "D:\\WORK\\2021\\MPDF\\baseline\\ui\\车轮驾照通\\login.wxml", "child": [], "parent": 20, "matchString": [{"type": "self", "string": "取消"}, {"type": "attr", "string": "0"}]}, {"id": 22, "type": "view", "string": "确定", "attribute": {"bindtap": "delImgCode", "class": ["result-right"], "data-del": "1"}, "referenceVariable": [], "referenceFunction": ["delImgCode"], "style": [], "inheritClass": null, "wxss": [], "page": null, "path": "D:\\WORK\\2021\\MPDF\\baseline\\ui\\车轮驾照通\\login.wxml", "child": [], "parent": 20, "matchString": [{"type": "self", "string": "确定"}, {"type": "attr", "string": "1"}]}, {"id": 23, "type": "components-tag-toptips", "string": null, "attribute": {"wx:if": "{{toptips_show}}"}, "referenceVariable": ["toptips_show"], "referenceFunction": [], "style": [], "inheritClass": null, "wxss": [], "page": null, "path": "D:\\WORK\\2021\\MPDF\\baseline\\ui\\车轮驾照通\\login.wxml", "child": [24], "parent": 1, "matchString": [{"type": "relation", "string": "{{toptips_Message}}"}]}, {"id": 24, "type": "view", "string": "{{toptips_Message}}", "attribute": {}, "referenceVariable": [], "referenceFunction": [], "style": [], "inheritClass": null, "wxss": [], "page": null, "path": "D:\\WORK\\2021\\MPDF\\baseline\\ui\\车轮驾照通\\login.wxml", "child": [], "parent": 23, "matchString": [{"type": "self", "string": "{{toptips_Message}}"}]}]