{"definedData":[],"dynamicDefinedData":[{"shadowObjectVar":"__object__3","dynamicDefinedProps":[{"propName":".setData","readShadows":[{"shadowVar":{"declaredName":"__object__3.setData","file":"D:\\WORK\\2021\\MPDF\\white_paper\\json\\dataset2.3wxapkg\\动图宇宙\\_431774825_38\\pages\\dynamicWiki\\dynamicWiki.js"},"readAccess":[{"leftVar":[{"declaredName":"e","declaredLoc":{"line":16,"column":12},"file":"D:\\WORK\\2021\\MPDF\\white_paper\\json\\dataset2.3wxapkg\\动图宇宙\\_431774825_38\\pages\\dynamicWiki\\dynamicWiki.js"}],"readFlow":[{"type":"assign to","from":{"name":"this","loc":{"line":16,"column":16},"id":12232215,"file":"D:\\WORK\\2021\\MPDF\\white_paper\\json\\dataset2.3wxapkg\\动图宇宙\\_431774825_38\\pages\\dynamicWiki\\dynamicWiki.js"},"to":{"name":"e","loc":{"line":16,"column":12},"id":12232214,"file":"D:\\WORK\\2021\\MPDF\\white_paper\\json\\dataset2.3wxapkg\\动图宇宙\\_431774825_38\\pages\\dynamicWiki\\dynamicWiki.js"}}]},{"leftVar":[{"declaredName":"t","declaredLoc":{"line":45,"column":12},"file":"D:\\WORK\\2021\\MPDF\\white_paper\\json\\dataset2.3wxapkg\\动图宇宙\\_431774825_38\\pages\\dynamicWiki\\dynamicWiki.js"}],"readFlow":[{"type":"assign to","from":{"name":"this","loc":{"line":45,"column":16},"id":12232393,"file":"D:\\WORK\\2021\\MPDF\\white_paper\\json\\dataset2.3wxapkg\\动图宇宙\\_431774825_38\\pages\\dynamicWiki\\dynamicWiki.js"},"to":{"name":"t","loc":{"line":45,"column":12},"id":12232392,"file":"D:\\WORK\\2021\\MPDF\\white_paper\\json\\dataset2.3wxapkg\\动图宇宙\\_431774825_38\\pages\\dynamicWiki\\dynamicWiki.js"}}]}]}],"writeShadows":[{"shadowVar":{"declaredName":"__object__3.setData","file":"D:\\WORK\\2021\\MPDF\\white_paper\\json\\dataset2.3wxapkg\\动图宇宙\\_431774825_38\\pages\\dynamicWiki\\dynamicWiki.js"},"writeAccess":[]}]},{"propName":".data","readShadows":[{"shadowVar":{"declaredName":"__object__3.data","declaredLoc":{"line":4,"column":4},"file":"D:\\WORK\\2021\\MPDF\\white_paper\\json\\dataset2.3wxapkg\\动图宇宙\\_431774825_38\\pages\\dynamicWiki\\dynamicWiki.js"},"readAccess":[{"leftVar":[{"declaredName":"e","declaredLoc":{"line":16,"column":12},"file":"D:\\WORK\\2021\\MPDF\\white_paper\\json\\dataset2.3wxapkg\\动图宇宙\\_431774825_38\\pages\\dynamicWiki\\dynamicWiki.js"}],"readFlow":[{"type":"assign to","from":{"name":"this","loc":{"line":16,"column":16},"id":12232215,"file":"D:\\WORK\\2021\\MPDF\\white_paper\\json\\dataset2.3wxapkg\\动图宇宙\\_431774825_38\\pages\\dynamicWiki\\dynamicWiki.js"},"to":{"name":"e","loc":{"line":16,"column":12},"id":12232214,"file":"D:\\WORK\\2021\\MPDF\\white_paper\\json\\dataset2.3wxapkg\\动图宇宙\\_431774825_38\\pages\\dynamicWiki\\dynamicWiki.js"}}]},{"leftVar":[{"declaredName":"t","declaredLoc":{"line":45,"column":12},"file":"D:\\WORK\\2021\\MPDF\\white_paper\\json\\dataset2.3wxapkg\\动图宇宙\\_431774825_38\\pages\\dynamicWiki\\dynamicWiki.js"}],"readFlow":[{"type":"assign to","from":{"name":"this","loc":{"line":45,"column":16},"id":12232393,"file":"D:\\WORK\\2021\\MPDF\\white_paper\\json\\dataset2.3wxapkg\\动图宇宙\\_431774825_38\\pages\\dynamicWiki\\dynamicWiki.js"},"to":{"name":"t","loc":{"line":45,"column":12},"id":12232392,"file":"D:\\WORK\\2021\\MPDF\\white_paper\\json\\dataset2.3wxapkg\\动图宇宙\\_431774825_38\\pages\\dynamicWiki\\dynamicWiki.js"}}]}]}],"writeShadows":[{"shadowVar":{"declaredName":"__object__3.data","declaredLoc":{"line":4,"column":4},"file":"D:\\WORK\\2021\\MPDF\\white_paper\\json\\dataset2.3wxapkg\\动图宇宙\\_431774825_38\\pages\\dynamicWiki\\dynamicWiki.js"},"writeAccess":[]}]},{"propName":".onLoad","readShadows":[{"shadowVar":{"declaredName":"__object__3.onLoad","declaredLoc":{"line":9,"column":4},"file":"D:\\WORK\\2021\\MPDF\\white_paper\\json\\dataset2.3wxapkg\\动图宇宙\\_431774825_38\\pages\\dynamicWiki\\dynamicWiki.js"},"readAccess":[{"leftVar":[{"declaredName":"e","declaredLoc":{"line":16,"column":12},"file":"D:\\WORK\\2021\\MPDF\\white_paper\\json\\dataset2.3wxapkg\\动图宇宙\\_431774825_38\\pages\\dynamicWiki\\dynamicWiki.js"}],"readFlow":[{"type":"assign to","from":{"name":"this","loc":{"line":16,"column":16},"id":12232215,"file":"D:\\WORK\\2021\\MPDF\\white_paper\\json\\dataset2.3wxapkg\\动图宇宙\\_431774825_38\\pages\\dynamicWiki\\dynamicWiki.js"},"to":{"name":"e","loc":{"line":16,"column":12},"id":12232214,"file":"D:\\WORK\\2021\\MPDF\\white_paper\\json\\dataset2.3wxapkg\\动图宇宙\\_431774825_38\\pages\\dynamicWiki\\dynamicWiki.js"}}]},{"leftVar":[{"declaredName":"t","declaredLoc":{"line":45,"column":12},"file":"D:\\WORK\\2021\\MPDF\\white_paper\\json\\dataset2.3wxapkg\\动图宇宙\\_431774825_38\\pages\\dynamicWiki\\dynamicWiki.js"}],"readFlow":[{"type":"assign to","from":{"name":"this","loc":{"line":45,"column":16},"id":12232393,"file":"D:\\WORK\\2021\\MPDF\\white_paper\\json\\dataset2.3wxapkg\\动图宇宙\\_431774825_38\\pages\\dynamicWiki\\dynamicWiki.js"},"to":{"name":"t","loc":{"line":45,"column":12},"id":12232392,"file":"D:\\WORK\\2021\\MPDF\\white_paper\\json\\dataset2.3wxapkg\\动图宇宙\\_431774825_38\\pages\\dynamicWiki\\dynamicWiki.js"}}]}]}],"writeShadows":[{"shadowVar":{"declaredName":"__object__3.onLoad","declaredLoc":{"line":9,"column":4},"file":"D:\\WORK\\2021\\MPDF\\white_paper\\json\\dataset2.3wxapkg\\动图宇宙\\_431774825_38\\pages\\dynamicWiki\\dynamicWiki.js"},"writeAccess":[]}]},{"propName":".onShow","readShadows":[{"shadowVar":{"declaredName":"__object__3.onShow","declaredLoc":{"line":14,"column":4},"file":"D:\\WORK\\2021\\MPDF\\white_paper\\json\\dataset2.3wxapkg\\动图宇宙\\_431774825_38\\pages\\dynamicWiki\\dynamicWiki.js"},"readAccess":[{"leftVar":[{"declaredName":"e","declaredLoc":{"line":16,"column":12},"file":"D:\\WORK\\2021\\MPDF\\white_paper\\json\\dataset2.3wxapkg\\动图宇宙\\_431774825_38\\pages\\dynamicWiki\\dynamicWiki.js"}],"readFlow":[{"type":"assign to","from":{"name":"this","loc":{"line":16,"column":16},"id":12232215,"file":"D:\\WORK\\2021\\MPDF\\white_paper\\json\\dataset2.3wxapkg\\动图宇宙\\_431774825_38\\pages\\dynamicWiki\\dynamicWiki.js"},"to":{"name":"e","loc":{"line":16,"column":12},"id":12232214,"file":"D:\\WORK\\2021\\MPDF\\white_paper\\json\\dataset2.3wxapkg\\动图宇宙\\_431774825_38\\pages\\dynamicWiki\\dynamicWiki.js"}}]},{"leftVar":[{"declaredName":"t","declaredLoc":{"line":45,"column":12},"file":"D:\\WORK\\2021\\MPDF\\white_paper\\json\\dataset2.3wxapkg\\动图宇宙\\_431774825_38\\pages\\dynamicWiki\\dynamicWiki.js"}],"readFlow":[{"type":"assign to","from":{"name":"this","loc":{"line":45,"column":16},"id":12232393,"file":"D:\\WORK\\2021\\MPDF\\white_paper\\json\\dataset2.3wxapkg\\动图宇宙\\_431774825_38\\pages\\dynamicWiki\\dynamicWiki.js"},"to":{"name":"t","loc":{"line":45,"column":12},"id":12232392,"file":"D:\\WORK\\2021\\MPDF\\white_paper\\json\\dataset2.3wxapkg\\动图宇宙\\_431774825_38\\pages\\dynamicWiki\\dynamicWiki.js"}}]}]}],"writeShadows":[{"shadowVar":{"declaredName":"__object__3.onShow","declaredLoc":{"line":14,"column":4},"file":"D:\\WORK\\2021\\MPDF\\white_paper\\json\\dataset2.3wxapkg\\动图宇宙\\_431774825_38\\pages\\dynamicWiki\\dynamicWiki.js"},"writeAccess":[]}]},{"propName":".onUnload","readShadows":[{"shadowVar":{"declaredName":"__object__3.onUnload","declaredLoc":{"line":25,"column":4},"file":"D:\\WORK\\2021\\MPDF\\white_paper\\json\\dataset2.3wxapkg\\动图宇宙\\_431774825_38\\pages\\dynamicWiki\\dynamicWiki.js"},"readAccess":[{"leftVar":[{"declaredName":"e","declaredLoc":{"line":16,"column":12},"file":"D:\\WORK\\2021\\MPDF\\white_paper\\json\\dataset2.3wxapkg\\动图宇宙\\_431774825_38\\pages\\dynamicWiki\\dynamicWiki.js"}],"readFlow":[{"type":"assign to","from":{"name":"this","loc":{"line":16,"column":16},"id":12232215,"file":"D:\\WORK\\2021\\MPDF\\white_paper\\json\\dataset2.3wxapkg\\动图宇宙\\_431774825_38\\pages\\dynamicWiki\\dynamicWiki.js"},"to":{"name":"e","loc":{"line":16,"column":12},"id":12232214,"file":"D:\\WORK\\2021\\MPDF\\white_paper\\json\\dataset2.3wxapkg\\动图宇宙\\_431774825_38\\pages\\dynamicWiki\\dynamicWiki.js"}}]},{"leftVar":[{"declaredName":"t","declaredLoc":{"line":45,"column":12},"file":"D:\\WORK\\2021\\MPDF\\white_paper\\json\\dataset2.3wxapkg\\动图宇宙\\_431774825_38\\pages\\dynamicWiki\\dynamicWiki.js"}],"readFlow":[{"type":"assign to","from":{"name":"this","loc":{"line":45,"column":16},"id":12232393,"file":"D:\\WORK\\2021\\MPDF\\white_paper\\json\\dataset2.3wxapkg\\动图宇宙\\_431774825_38\\pages\\dynamicWiki\\dynamicWiki.js"},"to":{"name":"t","loc":{"line":45,"column":12},"id":12232392,"file":"D:\\WORK\\2021\\MPDF\\white_paper\\json\\dataset2.3wxapkg\\动图宇宙\\_431774825_38\\pages\\dynamicWiki\\dynamicWiki.js"}}]}]}],"writeShadows":[{"shadowVar":{"declaredName":"__object__3.onUnload","declaredLoc":{"line":25,"column":4},"file":"D:\\WORK\\2021\\MPDF\\white_paper\\json\\dataset2.3wxapkg\\动图宇宙\\_431774825_38\\pages\\dynamicWiki\\dynamicWiki.js"},"writeAccess":[]}]},{"propName":".shareCicle","readShadows":[{"shadowVar":{"declaredName":"__object__3.shareCicle","declaredLoc":{"line":29,"column":4},"file":"D:\\WORK\\2021\\MPDF\\white_paper\\json\\dataset2.3wxapkg\\动图宇宙\\_431774825_38\\pages\\dynamicWiki\\dynamicWiki.js"},"readAccess":[{"leftVar":[{"declaredName":"e","declaredLoc":{"line":16,"column":12},"file":"D:\\WORK\\2021\\MPDF\\white_paper\\json\\dataset2.3wxapkg\\动图宇宙\\_431774825_38\\pages\\dynamicWiki\\dynamicWiki.js"}],"readFlow":[{"type":"assign to","from":{"name":"this","loc":{"line":16,"column":16},"id":12232215,"file":"D:\\WORK\\2021\\MPDF\\white_paper\\json\\dataset2.3wxapkg\\动图宇宙\\_431774825_38\\pages\\dynamicWiki\\dynamicWiki.js"},"to":{"name":"e","loc":{"line":16,"column":12},"id":12232214,"file":"D:\\WORK\\2021\\MPDF\\white_paper\\json\\dataset2.3wxapkg\\动图宇宙\\_431774825_38\\pages\\dynamicWiki\\dynamicWiki.js"}}]},{"leftVar":[{"declaredName":"t","declaredLoc":{"line":45,"column":12},"file":"D:\\WORK\\2021\\MPDF\\white_paper\\json\\dataset2.3wxapkg\\动图宇宙\\_431774825_38\\pages\\dynamicWiki\\dynamicWiki.js"}],"readFlow":[{"type":"assign to","from":{"name":"this","loc":{"line":45,"column":16},"id":12232393,"file":"D:\\WORK\\2021\\MPDF\\white_paper\\json\\dataset2.3wxapkg\\动图宇宙\\_431774825_38\\pages\\dynamicWiki\\dynamicWiki.js"},"to":{"name":"t","loc":{"line":45,"column":12},"id":12232392,"file":"D:\\WORK\\2021\\MPDF\\white_paper\\json\\dataset2.3wxapkg\\动图宇宙\\_431774825_38\\pages\\dynamicWiki\\dynamicWiki.js"}}]}]}],"writeShadows":[{"shadowVar":{"declaredName":"__object__3.shareCicle","declaredLoc":{"line":29,"column":4},"file":"D:\\WORK\\2021\\MPDF\\white_paper\\json\\dataset2.3wxapkg\\动图宇宙\\_431774825_38\\pages\\dynamicWiki\\dynamicWiki.js"},"writeAccess":[]}]},{"propName":".onShareAppMessage","readShadows":[{"shadowVar":{"declaredName":"__object__3.onShareAppMessage","declaredLoc":{"line":33,"column":4},"file":"D:\\WORK\\2021\\MPDF\\white_paper\\json\\dataset2.3wxapkg\\动图宇宙\\_431774825_38\\pages\\dynamicWiki\\dynamicWiki.js"},"readAccess":[{"leftVar":[{"declaredName":"e","declaredLoc":{"line":16,"column":12},"file":"D:\\WORK\\2021\\MPDF\\white_paper\\json\\dataset2.3wxapkg\\动图宇宙\\_431774825_38\\pages\\dynamicWiki\\dynamicWiki.js"}],"readFlow":[{"type":"assign to","from":{"name":"this","loc":{"line":16,"column":16},"id":12232215,"file":"D:\\WORK\\2021\\MPDF\\white_paper\\json\\dataset2.3wxapkg\\动图宇宙\\_431774825_38\\pages\\dynamicWiki\\dynamicWiki.js"},"to":{"name":"e","loc":{"line":16,"column":12},"id":12232214,"file":"D:\\WORK\\2021\\MPDF\\white_paper\\json\\dataset2.3wxapkg\\动图宇宙\\_431774825_38\\pages\\dynamicWiki\\dynamicWiki.js"}}]},{"leftVar":[{"declaredName":"t","declaredLoc":{"line":45,"column":12},"file":"D:\\WORK\\2021\\MPDF\\white_paper\\json\\dataset2.3wxapkg\\动图宇宙\\_431774825_38\\pages\\dynamicWiki\\dynamicWiki.js"}],"readFlow":[{"type":"assign to","from":{"name":"this","loc":{"line":45,"column":16},"id":12232393,"file":"D:\\WORK\\2021\\MPDF\\white_paper\\json\\dataset2.3wxapkg\\动图宇宙\\_431774825_38\\pages\\dynamicWiki\\dynamicWiki.js"},"to":{"name":"t","loc":{"line":45,"column":12},"id":12232392,"file":"D:\\WORK\\2021\\MPDF\\white_paper\\json\\dataset2.3wxapkg\\动图宇宙\\_431774825_38\\pages\\dynamicWiki\\dynamicWiki.js"}}]}]}],"writeShadows":[{"shadowVar":{"declaredName":"__object__3.onShareAppMessage","declaredLoc":{"line":33,"column":4},"file":"D:\\WORK\\2021\\MPDF\\white_paper\\json\\dataset2.3wxapkg\\动图宇宙\\_431774825_38\\pages\\dynamicWiki\\dynamicWiki.js"},"writeAccess":[]}]},{"propName":".loadData","readShadows":[{"shadowVar":{"declaredName":"__object__3.loadData","declaredLoc":{"line":44,"column":4},"file":"D:\\WORK\\2021\\MPDF\\white_paper\\json\\dataset2.3wxapkg\\动图宇宙\\_431774825_38\\pages\\dynamicWiki\\dynamicWiki.js"},"readAccess":[{"leftVar":[{"declaredName":"e","declaredLoc":{"line":16,"column":12},"file":"D:\\WORK\\2021\\MPDF\\white_paper\\json\\dataset2.3wxapkg\\动图宇宙\\_431774825_38\\pages\\dynamicWiki\\dynamicWiki.js"}],"readFlow":[{"type":"assign to","from":{"name":"this","loc":{"line":16,"column":16},"id":12232215,"file":"D:\\WORK\\2021\\MPDF\\white_paper\\json\\dataset2.3wxapkg\\动图宇宙\\_431774825_38\\pages\\dynamicWiki\\dynamicWiki.js"},"to":{"name":"e","loc":{"line":16,"column":12},"id":12232214,"file":"D:\\WORK\\2021\\MPDF\\white_paper\\json\\dataset2.3wxapkg\\动图宇宙\\_431774825_38\\pages\\dynamicWiki\\dynamicWiki.js"}}]},{"leftVar":[{"declaredName":"t","declaredLoc":{"line":45,"column":12},"file":"D:\\WORK\\2021\\MPDF\\white_paper\\json\\dataset2.3wxapkg\\动图宇宙\\_431774825_38\\pages\\dynamicWiki\\dynamicWiki.js"}],"readFlow":[{"type":"assign to","from":{"name":"this","loc":{"line":45,"column":16},"id":12232393,"file":"D:\\WORK\\2021\\MPDF\\white_paper\\json\\dataset2.3wxapkg\\动图宇宙\\_431774825_38\\pages\\dynamicWiki\\dynamicWiki.js"},"to":{"name":"t","loc":{"line":45,"column":12},"id":12232392,"file":"D:\\WORK\\2021\\MPDF\\white_paper\\json\\dataset2.3wxapkg\\动图宇宙\\_431774825_38\\pages\\dynamicWiki\\dynamicWiki.js"}}]}]}],"writeShadows":[{"shadowVar":{"declaredName":"__object__3.loadData","declaredLoc":{"line":44,"column":4},"file":"D:\\WORK\\2021\\MPDF\\white_paper\\json\\dataset2.3wxapkg\\动图宇宙\\_431774825_38\\pages\\dynamicWiki\\dynamicWiki.js"},"writeAccess":[]}]}]},{"shadowObjectVar":"__object__4","dynamicDefinedProps":[{"propName":".item","readShadows":[{"shadowVar":{"declaredName":"__object__4.item","declaredLoc":{"line":5,"column":8},"file":"D:\\WORK\\2021\\MPDF\\white_paper\\json\\dataset2.3wxapkg\\动图宇宙\\_431774825_38\\pages\\dynamicWiki\\dynamicWiki.js"},"readAccess":[{"leftVar":[{"declaredName":"__object__3.data","declaredLoc":{"line":4,"column":4},"file":"D:\\WORK\\2021\\MPDF\\white_paper\\json\\dataset2.3wxapkg\\动图宇宙\\_431774825_38\\pages\\dynamicWiki\\dynamicWiki.js"}],"readFlow":[{"type":"assign to","from":{"name":"item","loc":{"line":5,"column":8},"id":12232136,"file":"D:\\WORK\\2021\\MPDF\\white_paper\\json\\dataset2.3wxapkg\\动图宇宙\\_431774825_38\\pages\\dynamicWiki\\dynamicWiki.js"},"to":{"name":"data","loc":{"line":4,"column":4},"id":12232133,"file":"D:\\WORK\\2021\\MPDF\\white_paper\\json\\dataset2.3wxapkg\\动图宇宙\\_431774825_38\\pages\\dynamicWiki\\dynamicWiki.js"}},{"type":"to callee","from":{"name":"data","loc":{"line":4,"column":4},"id":12232133,"file":"D:\\WORK\\2021\\MPDF\\white_paper\\json\\dataset2.3wxapkg\\动图宇宙\\_431774825_38\\pages\\dynamicWiki\\dynamicWiki.js"},"to":{"name":"Page","loc":{"line":3,"column":0},"id":12232130,"file":"D:\\WORK\\2021\\MPDF\\white_paper\\json\\dataset2.3wxapkg\\动图宇宙\\_431774825_38\\pages\\dynamicWiki\\dynamicWiki.js"}},{"type":"read","from":{"name":"data","loc":{"line":4,"column":4},"id":12232133,"file":"D:\\WORK\\2021\\MPDF\\white_paper\\json\\dataset2.3wxapkg\\动图宇宙\\_431774825_38\\pages\\dynamicWiki\\dynamicWiki.js"},"to":{"name":"this","loc":{"line":16,"column":16},"id":12232215,"file":"D:\\WORK\\2021\\MPDF\\white_paper\\json\\dataset2.3wxapkg\\动图宇宙\\_431774825_38\\pages\\dynamicWiki\\dynamicWiki.js"}},{"type":"read","from":{"name":"data","loc":{"line":4,"column":4},"id":12232133,"file":"D:\\WORK\\2021\\MPDF\\white_paper\\json\\dataset2.3wxapkg\\动图宇宙\\_431774825_38\\pages\\dynamicWiki\\dynamicWiki.js"},"to":{"name":"this","loc":{"line":45,"column":16},"id":12232393,"file":"D:\\WORK\\2021\\MPDF\\white_paper\\json\\dataset2.3wxapkg\\动图宇宙\\_431774825_38\\pages\\dynamicWiki\\dynamicWiki.js"}},{"type":"assign to","from":{"name":"this","loc":{"line":45,"column":16},"id":12232393,"file":"D:\\WORK\\2021\\MPDF\\white_paper\\json\\dataset2.3wxapkg\\动图宇宙\\_431774825_38\\pages\\dynamicWiki\\dynamicWiki.js"},"to":{"name":"t","loc":{"line":45,"column":12},"id":12232392,"file":"D:\\WORK\\2021\\MPDF\\white_paper\\json\\dataset2.3wxapkg\\动图宇宙\\_431774825_38\\pages\\dynamicWiki\\dynamicWiki.js"}},{"type":"assign to","from":{"name":"this","loc":{"line":16,"column":16},"id":12232215,"file":"D:\\WORK\\2021\\MPDF\\white_paper\\json\\dataset2.3wxapkg\\动图宇宙\\_431774825_38\\pages\\dynamicWiki\\dynamicWiki.js"},"to":{"name":"e","loc":{"line":16,"column":12},"id":12232214,"file":"D:\\WORK\\2021\\MPDF\\white_paper\\json\\dataset2.3wxapkg\\动图宇宙\\_431774825_38\\pages\\dynamicWiki\\dynamicWiki.js"}}]}]}],"writeShadows":[{"shadowVar":{"declaredName":"__object__4.item","declaredLoc":{"line":5,"column":8},"file":"D:\\WORK\\2021\\MPDF\\white_paper\\json\\dataset2.3wxapkg\\动图宇宙\\_431774825_38\\pages\\dynamicWiki\\dynamicWiki.js"},"writeAccess":[]}]},{"propName":".result","readShadows":[{"shadowVar":{"declaredName":"__object__4.result","declaredLoc":{"line":6,"column":8},"file":"D:\\WORK\\2021\\MPDF\\white_paper\\json\\dataset2.3wxapkg\\动图宇宙\\_431774825_38\\pages\\dynamicWiki\\dynamicWiki.js"},"readAccess":[{"leftVar":[{"declaredName":"__object__3.data","declaredLoc":{"line":4,"column":4},"file":"D:\\WORK\\2021\\MPDF\\white_paper\\json\\dataset2.3wxapkg\\动图宇宙\\_431774825_38\\pages\\dynamicWiki\\dynamicWiki.js"}],"readFlow":[{"type":"assign to","from":{"name":"result","loc":{"line":6,"column":8},"id":12232139,"file":"D:\\WORK\\2021\\MPDF\\white_paper\\json\\dataset2.3wxapkg\\动图宇宙\\_431774825_38\\pages\\dynamicWiki\\dynamicWiki.js"},"to":{"name":"data","loc":{"line":4,"column":4},"id":12232133,"file":"D:\\WORK\\2021\\MPDF\\white_paper\\json\\dataset2.3wxapkg\\动图宇宙\\_431774825_38\\pages\\dynamicWiki\\dynamicWiki.js"}},{"type":"to callee","from":{"name":"data","loc":{"line":4,"column":4},"id":12232133,"file":"D:\\WORK\\2021\\MPDF\\white_paper\\json\\dataset2.3wxapkg\\动图宇宙\\_431774825_38\\pages\\dynamicWiki\\dynamicWiki.js"},"to":{"name":"Page","loc":{"line":3,"column":0},"id":12232130,"file":"D:\\WORK\\2021\\MPDF\\white_paper\\json\\dataset2.3wxapkg\\动图宇宙\\_431774825_38\\pages\\dynamicWiki\\dynamicWiki.js"}},{"type":"read","from":{"name":"data","loc":{"line":4,"column":4},"id":12232133,"file":"D:\\WORK\\2021\\MPDF\\white_paper\\json\\dataset2.3wxapkg\\动图宇宙\\_431774825_38\\pages\\dynamicWiki\\dynamicWiki.js"},"to":{"name":"this","loc":{"line":16,"column":16},"id":12232215,"file":"D:\\WORK\\2021\\MPDF\\white_paper\\json\\dataset2.3wxapkg\\动图宇宙\\_431774825_38\\pages\\dynamicWiki\\dynamicWiki.js"}},{"type":"read","from":{"name":"data","loc":{"line":4,"column":4},"id":12232133,"file":"D:\\WORK\\2021\\MPDF\\white_paper\\json\\dataset2.3wxapkg\\动图宇宙\\_431774825_38\\pages\\dynamicWiki\\dynamicWiki.js"},"to":{"name":"this","loc":{"line":45,"column":16},"id":12232393,"file":"D:\\WORK\\2021\\MPDF\\white_paper\\json\\dataset2.3wxapkg\\动图宇宙\\_431774825_38\\pages\\dynamicWiki\\dynamicWiki.js"}},{"type":"assign to","from":{"name":"this","loc":{"line":45,"column":16},"id":12232393,"file":"D:\\WORK\\2021\\MPDF\\white_paper\\json\\dataset2.3wxapkg\\动图宇宙\\_431774825_38\\pages\\dynamicWiki\\dynamicWiki.js"},"to":{"name":"t","loc":{"line":45,"column":12},"id":12232392,"file":"D:\\WORK\\2021\\MPDF\\white_paper\\json\\dataset2.3wxapkg\\动图宇宙\\_431774825_38\\pages\\dynamicWiki\\dynamicWiki.js"}},{"type":"assign to","from":{"name":"this","loc":{"line":16,"column":16},"id":12232215,"file":"D:\\WORK\\2021\\MPDF\\white_paper\\json\\dataset2.3wxapkg\\动图宇宙\\_431774825_38\\pages\\dynamicWiki\\dynamicWiki.js"},"to":{"name":"e","loc":{"line":16,"column":12},"id":12232214,"file":"D:\\WORK\\2021\\MPDF\\white_paper\\json\\dataset2.3wxapkg\\动图宇宙\\_431774825_38\\pages\\dynamicWiki\\dynamicWiki.js"}}]}]}],"writeShadows":[{"shadowVar":{"declaredName":"__object__4.result","declaredLoc":{"line":6,"column":8},"file":"D:\\WORK\\2021\\MPDF\\white_paper\\json\\dataset2.3wxapkg\\动图宇宙\\_431774825_38\\pages\\dynamicWiki\\dynamicWiki.js"},"writeAccess":[]}]},{"propName":".bk_id","readShadows":[{"shadowVar":{"declaredName":"__object__4.bk_id","declaredLoc":{"line":7,"column":8},"file":"D:\\WORK\\2021\\MPDF\\white_paper\\json\\dataset2.3wxapkg\\动图宇宙\\_431774825_38\\pages\\dynamicWiki\\dynamicWiki.js"},"readAccess":[{"leftVar":[{"declaredName":"__object__3.data","declaredLoc":{"line":4,"column":4},"file":"D:\\WORK\\2021\\MPDF\\white_paper\\json\\dataset2.3wxapkg\\动图宇宙\\_431774825_38\\pages\\dynamicWiki\\dynamicWiki.js"}],"readFlow":[{"type":"assign to","from":{"name":"bk_id","loc":{"line":7,"column":8},"id":12232142,"file":"D:\\WORK\\2021\\MPDF\\white_paper\\json\\dataset2.3wxapkg\\动图宇宙\\_431774825_38\\pages\\dynamicWiki\\dynamicWiki.js"},"to":{"name":"data","loc":{"line":4,"column":4},"id":12232133,"file":"D:\\WORK\\2021\\MPDF\\white_paper\\json\\dataset2.3wxapkg\\动图宇宙\\_431774825_38\\pages\\dynamicWiki\\dynamicWiki.js"}},{"type":"to callee","from":{"name":"data","loc":{"line":4,"column":4},"id":12232133,"file":"D:\\WORK\\2021\\MPDF\\white_paper\\json\\dataset2.3wxapkg\\动图宇宙\\_431774825_38\\pages\\dynamicWiki\\dynamicWiki.js"},"to":{"name":"Page","loc":{"line":3,"column":0},"id":12232130,"file":"D:\\WORK\\2021\\MPDF\\white_paper\\json\\dataset2.3wxapkg\\动图宇宙\\_431774825_38\\pages\\dynamicWiki\\dynamicWiki.js"}},{"type":"read","from":{"name":"data","loc":{"line":4,"column":4},"id":12232133,"file":"D:\\WORK\\2021\\MPDF\\white_paper\\json\\dataset2.3wxapkg\\动图宇宙\\_431774825_38\\pages\\dynamicWiki\\dynamicWiki.js"},"to":{"name":"this","loc":{"line":16,"column":16},"id":12232215,"file":"D:\\WORK\\2021\\MPDF\\white_paper\\json\\dataset2.3wxapkg\\动图宇宙\\_431774825_38\\pages\\dynamicWiki\\dynamicWiki.js"}},{"type":"read","from":{"name":"data","loc":{"line":4,"column":4},"id":12232133,"file":"D:\\WORK\\2021\\MPDF\\white_paper\\json\\dataset2.3wxapkg\\动图宇宙\\_431774825_38\\pages\\dynamicWiki\\dynamicWiki.js"},"to":{"name":"this","loc":{"line":45,"column":16},"id":12232393,"file":"D:\\WORK\\2021\\MPDF\\white_paper\\json\\dataset2.3wxapkg\\动图宇宙\\_431774825_38\\pages\\dynamicWiki\\dynamicWiki.js"}},{"type":"assign to","from":{"name":"this","loc":{"line":45,"column":16},"id":12232393,"file":"D:\\WORK\\2021\\MPDF\\white_paper\\json\\dataset2.3wxapkg\\动图宇宙\\_431774825_38\\pages\\dynamicWiki\\dynamicWiki.js"},"to":{"name":"t","loc":{"line":45,"column":12},"id":12232392,"file":"D:\\WORK\\2021\\MPDF\\white_paper\\json\\dataset2.3wxapkg\\动图宇宙\\_431774825_38\\pages\\dynamicWiki\\dynamicWiki.js"}},{"type":"assign to","from":{"name":"this","loc":{"line":16,"column":16},"id":12232215,"file":"D:\\WORK\\2021\\MPDF\\white_paper\\json\\dataset2.3wxapkg\\动图宇宙\\_431774825_38\\pages\\dynamicWiki\\dynamicWiki.js"},"to":{"name":"e","loc":{"line":16,"column":12},"id":12232214,"file":"D:\\WORK\\2021\\MPDF\\white_paper\\json\\dataset2.3wxapkg\\动图宇宙\\_431774825_38\\pages\\dynamicWiki\\dynamicWiki.js"}}]}]}],"writeShadows":[{"shadowVar":{"declaredName":"__object__4.bk_id","declaredLoc":{"line":7,"column":8},"file":"D:\\WORK\\2021\\MPDF\\white_paper\\json\\dataset2.3wxapkg\\动图宇宙\\_431774825_38\\pages\\dynamicWiki\\dynamicWiki.js"},"writeAccess":[]}]}]}]}