[{"id": 0, "type": "[document]", "string": null, "attribute": {}, "referenceVariable": [], "referenceFunction": [], "style": [], "inheritClass": null, "wxss": [], "page": null, "path": "D:\\WORK\\2021\\MPDF\\baseline\\ui\\4can福罐\\PhoneNumber.wxml", "child": [1], "parent": null, "matchString": [{"type": "relation", "string": "点击绑定"}, {"type": "relation", "string": "getPhoneNumber"}, {"type": "relation", "string": "根据相关法律法规，需要先绑定手机号"}]}, {"id": 1, "type": "cover-view", "string": null, "attribute": {"class": ["phone-mask"]}, "referenceVariable": [], "referenceFunction": [], "style": [], "inheritClass": null, "wxss": [], "page": null, "path": "D:\\WORK\\2021\\MPDF\\baseline\\ui\\4can福罐\\PhoneNumber.wxml", "child": [2], "parent": 0, "matchString": [{"type": "relation", "string": "点击绑定"}, {"type": "relation", "string": "getPhoneNumber"}, {"type": "relation", "string": "根据相关法律法规，需要先绑定手机号"}]}, {"id": 2, "type": "cover-view", "string": null, "attribute": {"class": ["phone-panel-wrap"]}, "referenceVariable": [], "referenceFunction": [], "style": [], "inheritClass": null, "wxss": [], "page": null, "path": "D:\\WORK\\2021\\MPDF\\baseline\\ui\\4can福罐\\PhoneNumber.wxml", "child": [3, 7], "parent": 1, "matchString": [{"type": "relation", "string": "点击绑定"}, {"type": "relation", "string": "getPhoneNumber"}, {"type": "relation", "string": "根据相关法律法规，需要先绑定手机号"}]}, {"id": 3, "type": "cover-view", "string": null, "attribute": {"class": ["phone-panel"]}, "referenceVariable": [], "referenceFunction": [], "style": [], "inheritClass": null, "wxss": [], "page": null, "path": "D:\\WORK\\2021\\MPDF\\baseline\\ui\\4can福罐\\PhoneNumber.wxml", "child": [4, 5, 6], "parent": 2, "matchString": [{"type": "relation", "string": "点击绑定"}, {"type": "relation", "string": "getPhoneNumber"}, {"type": "relation", "string": "根据相关法律法规，需要先绑定手机号"}]}, {"id": 4, "type": "cover-image", "string": null, "attribute": {"class": ["tip-image"], "mode": "widthFix", "src": "https://res.the4can.com/wx-mini-app/images/phone-bind.png"}, "referenceVariable": [], "referenceFunction": [], "style": [], "inheritClass": null, "wxss": [], "page": null, "path": "D:\\WORK\\2021\\MPDF\\baseline\\ui\\4can福罐\\PhoneNumber.wxml", "child": [], "parent": 3, "matchString": []}, {"id": 5, "type": "button", "string": "点击绑定", "attribute": {"bindgetphonenumber": "__e", "data-event-opts": "{{[ [ 'getphonenumber',[ [ 'getPhoneNumber',['$event'] ] ] ] ]}}", "opentype": "getPhoneNumber"}, "referenceVariable": ["[ [ 'getphonenumber',[ [ 'getPhoneNumber',['$event'] ] ] ] ]"], "referenceFunction": ["__e"], "style": [], "inheritClass": null, "wxss": [], "page": null, "path": "D:\\WORK\\2021\\MPDF\\baseline\\ui\\4can福罐\\PhoneNumber.wxml", "child": [], "parent": 3, "matchString": [{"type": "self", "string": "点击绑定"}, {"type": "attr", "string": "getPhoneNumber"}]}, {"id": 6, "type": "cover-view", "string": "根据相关法律法规，需要先绑定手机号", "attribute": {"class": ["tip"]}, "referenceVariable": [], "referenceFunction": [], "style": [], "inheritClass": null, "wxss": [], "page": null, "path": "D:\\WORK\\2021\\MPDF\\baseline\\ui\\4can福罐\\PhoneNumber.wxml", "child": [], "parent": 3, "matchString": [{"type": "self", "string": "根据相关法律法规，需要先绑定手机号"}]}, {"id": 7, "type": "cover-image", "string": null, "attribute": {"bindtap": "__e", "class": ["close"], "data-event-opts": "{{[ [ 'tap',[ [ 'close',['$event'] ] ] ] ]}}", "src": "/static/icons/button-close.png"}, "referenceVariable": ["[ [ 'tap',[ [ 'close',['$event'] ] ] ] ]"], "referenceFunction": ["__e"], "style": [], "inheritClass": null, "wxss": [], "page": null, "path": "D:\\WORK\\2021\\MPDF\\baseline\\ui\\4can福罐\\PhoneNumber.wxml", "child": [], "parent": 2, "matchString": []}]