[{"id": 0, "type": "[document]", "string": null, "attribute": {}, "referenceVariable": [], "referenceFunction": [], "style": [], "inheritClass": null, "wxss": [], "page": null, "path": "D:\\WORK\\2021\\MPDF\\baseline\\ui\\大学答案君\\book-ask.wxml", "child": [1], "parent": null, "matchString": [{"type": "relation", "string": "请填写您需要的答案信息"}, {"type": "relation", "string": "name"}, {"type": "relation", "string": "请填写书名"}, {"type": "relation", "string": "ask-form-placeholder"}, {"type": "relation", "string": "author"}, {"type": "relation", "string": "请填写作者"}, {"type": "relation", "string": "isbn"}, {"type": "relation", "string": "请填写ISBN"}, {"type": "relation", "string": "封面"}, {"type": "relation", "string": "上传"}, {"type": "relation", "string": "提交"}, {"type": "relation", "string": "submit"}, {"type": "relation", "string": "提交答案请求后，我们会尽快收集你需要的答案，这需要一些时间。你可以在提交请求后一段时间打开小程序查看答案。"}, {"type": "relation", "string": "你还可以在小程序的客服窗口里回复\"1“关注我们的公众号，或者回复\"撩一撩“添加全宇宙最美丽的客服小姐姐为微信好友，随时关注我们收录答案的最新进展哦\n      (*^▽^*)"}]}, {"id": 1, "type": "view", "string": null, "attribute": {"class": ["book-ask", "data-v-0cb3345c"]}, "referenceVariable": [], "referenceFunction": [], "style": [], "inheritClass": null, "wxss": [], "page": null, "path": "D:\\WORK\\2021\\MPDF\\baseline\\ui\\大学答案君\\book-ask.wxml", "child": [2, 13], "parent": 0, "matchString": [{"type": "relation", "string": "请填写您需要的答案信息"}, {"type": "relation", "string": "name"}, {"type": "relation", "string": "请填写书名"}, {"type": "relation", "string": "ask-form-placeholder"}, {"type": "relation", "string": "author"}, {"type": "relation", "string": "请填写作者"}, {"type": "relation", "string": "isbn"}, {"type": "relation", "string": "请填写ISBN"}, {"type": "relation", "string": "封面"}, {"type": "relation", "string": "上传"}, {"type": "relation", "string": "提交"}, {"type": "relation", "string": "submit"}, {"type": "relation", "string": "提交答案请求后，我们会尽快收集你需要的答案，这需要一些时间。你可以在提交请求后一段时间打开小程序查看答案。"}, {"type": "relation", "string": "你还可以在小程序的客服窗口里回复\"1“关注我们的公众号，或者回复\"撩一撩“添加全宇宙最美丽的客服小姐姐为微信好友，随时关注我们收录答案的最新进展哦\n      (*^▽^*)"}]}, {"id": 2, "type": "form", "string": null, "attribute": {"bindsubmit": "__e", "class": ["data-v-0cb3345c"], "data-event-opts": "{{[ [ 'submit',[ [ 'submitHandler',['$event'] ] ] ] ]}}"}, "referenceVariable": ["[ [ 'submit',[ [ 'submitHandler',['$event'] ] ] ] ]"], "referenceFunction": ["__e"], "style": [], "inheritClass": null, "wxss": [], "page": null, "path": "D:\\WORK\\2021\\MPDF\\baseline\\ui\\大学答案君\\book-ask.wxml", "child": [3, 4, 12], "parent": 1, "matchString": [{"type": "relation", "string": "请填写您需要的答案信息"}, {"type": "relation", "string": "name"}, {"type": "relation", "string": "请填写书名"}, {"type": "relation", "string": "ask-form-placeholder"}, {"type": "relation", "string": "author"}, {"type": "relation", "string": "请填写作者"}, {"type": "relation", "string": "isbn"}, {"type": "relation", "string": "请填写ISBN"}, {"type": "relation", "string": "封面"}, {"type": "relation", "string": "上传"}, {"type": "relation", "string": "提交"}, {"type": "relation", "string": "submit"}]}, {"id": 3, "type": "view", "string": "请填写您需要的答案信息", "attribute": {"class": ["ask-tip", "data-v-0cb3345c"]}, "referenceVariable": [], "referenceFunction": [], "style": [], "inheritClass": null, "wxss": [], "page": null, "path": "D:\\WORK\\2021\\MPDF\\baseline\\ui\\大学答案君\\book-ask.wxml", "child": [], "parent": 2, "matchString": [{"type": "self", "string": "请填写您需要的答案信息"}]}, {"id": 4, "type": "view", "string": null, "attribute": {"class": ["ask-form", "data-v-0cb3345c"]}, "referenceVariable": [], "referenceFunction": [], "style": [], "inheritClass": null, "wxss": [], "page": null, "path": "D:\\WORK\\2021\\MPDF\\baseline\\ui\\大学答案君\\book-ask.wxml", "child": [5, 6, 7, 8], "parent": 2, "matchString": [{"type": "relation", "string": "name"}, {"type": "relation", "string": "请填写书名"}, {"type": "relation", "string": "ask-form-placeholder"}, {"type": "relation", "string": "author"}, {"type": "relation", "string": "请填写作者"}, {"type": "relation", "string": "isbn"}, {"type": "relation", "string": "请填写ISBN"}, {"type": "relation", "string": "封面"}, {"type": "relation", "string": "上传"}]}, {"id": 5, "type": "input", "string": null, "attribute": {"bindinput": "__e", "class": ["data-v-0cb3345c"], "data-event-opts": "{{[ [ 'input',[ [ '__set_model',[ '','name','$event',[] ] ] ] ] ]}}", "name": "name", "placeholder": "请填写书名", "placeholderclass": "ask-form-placeholder", "value": "{{name}}"}, "referenceVariable": ["[ [ 'input',[ [ '__set_model',[ '','name','$event',[] ] ] ] ] ]", "name"], "referenceFunction": ["__e"], "style": [], "inheritClass": null, "wxss": [], "page": null, "path": "D:\\WORK\\2021\\MPDF\\baseline\\ui\\大学答案君\\book-ask.wxml", "child": [], "parent": 4, "matchString": [{"type": "attr", "string": "name"}, {"type": "attr", "string": "请填写书名"}, {"type": "attr", "string": "ask-form-placeholder"}]}, {"id": 6, "type": "input", "string": null, "attribute": {"bindinput": "__e", "class": ["data-v-0cb3345c"], "data-event-opts": "{{[ [ 'input',[ [ '__set_model',[ '','author','$event',[] ] ] ] ] ]}}", "name": "author", "placeholder": "请填写作者", "placeholderclass": "ask-form-placeholder", "value": "{{author}}"}, "referenceVariable": ["[ [ 'input',[ [ '__set_model',[ '','author','$event',[] ] ] ] ] ]", "author"], "referenceFunction": ["__e"], "style": [], "inheritClass": null, "wxss": [], "page": null, "path": "D:\\WORK\\2021\\MPDF\\baseline\\ui\\大学答案君\\book-ask.wxml", "child": [], "parent": 4, "matchString": [{"type": "attr", "string": "author"}, {"type": "attr", "string": "请填写作者"}, {"type": "attr", "string": "ask-form-placeholder"}]}, {"id": 7, "type": "input", "string": null, "attribute": {"bindinput": "__e", "class": ["data-v-0cb3345c"], "data-event-opts": "{{[ [ 'input',[ [ '__set_model',[ '','isbn','$event',[] ] ] ] ] ]}}", "name": "isbn", "placeholder": "请填写ISBN", "placeholderclass": "ask-form-placeholder", "value": "{{isbn}}"}, "referenceVariable": ["[ [ 'input',[ [ '__set_model',[ '','isbn','$event',[] ] ] ] ] ]", "isbn"], "referenceFunction": ["__e"], "style": [], "inheritClass": null, "wxss": [], "page": null, "path": "D:\\WORK\\2021\\MPDF\\baseline\\ui\\大学答案君\\book-ask.wxml", "child": [], "parent": 4, "matchString": [{"type": "attr", "string": "isbn"}, {"type": "attr", "string": "请填写ISBN"}, {"type": "attr", "string": "ask-form-placeholder"}]}, {"id": 8, "type": "view", "string": null, "attribute": {"class": ["data-v-0cb3345c"], "style": "display:flex;"}, "referenceVariable": [], "referenceFunction": [], "style": [], "inheritClass": null, "wxss": [], "page": null, "path": "D:\\WORK\\2021\\MPDF\\baseline\\ui\\大学答案君\\book-ask.wxml", "child": [9, 10, 11], "parent": 4, "matchString": [{"type": "relation", "string": "封面"}, {"type": "relation", "string": "上传"}]}, {"id": 9, "type": "text", "string": "封面", "attribute": {"class": ["data-v-0cb3345c"]}, "referenceVariable": [], "referenceFunction": [], "style": [], "inheritClass": null, "wxss": [], "page": null, "path": "D:\\WORK\\2021\\MPDF\\baseline\\ui\\大学答案君\\book-ask.wxml", "child": [], "parent": 8, "matchString": [{"type": "self", "string": "封面"}]}, {"id": 10, "type": "image", "string": null, "attribute": {"class": ["data-v-0cb3345c"], "src": "{{imgUrl}}", "style": "margin-left:50rpx;width:123rpx;height:172rpx;", "wx:if": "{{imgUrl}}"}, "referenceVariable": ["imgUrl", "imgUrl"], "referenceFunction": [], "style": [], "inheritClass": null, "wxss": [], "page": null, "path": "D:\\WORK\\2021\\MPDF\\baseline\\ui\\大学答案君\\book-ask.wxml", "child": [], "parent": 8, "matchString": []}, {"id": 11, "type": "button", "string": "上传", "attribute": {"bindtap": "__e", "class": ["data-v-0cb3345c"], "data-event-opts": "{{[ [ 'tap',[ [ 'uploadcover',['$event'] ] ] ] ]}}", "style": "width:200rpx;height:80rpx;margin-right:20rpx;line-height:80rpx;", "type": "primary"}, "referenceVariable": ["[ [ 'tap',[ [ 'uploadcover',['$event'] ] ] ] ]"], "referenceFunction": ["__e"], "style": [], "inheritClass": null, "wxss": [], "page": null, "path": "D:\\WORK\\2021\\MPDF\\baseline\\ui\\大学答案君\\book-ask.wxml", "child": [], "parent": 8, "matchString": [{"type": "self", "string": "上传"}]}, {"id": 12, "type": "button", "string": "提交", "attribute": {"class": ["button-submit", "data-v-0cb3345c"], "formtype": "submit", "type": "primary"}, "referenceVariable": [], "referenceFunction": [], "style": [], "inheritClass": null, "wxss": [], "page": null, "path": "D:\\WORK\\2021\\MPDF\\baseline\\ui\\大学答案君\\book-ask.wxml", "child": [], "parent": 2, "matchString": [{"type": "self", "string": "提交"}, {"type": "attr", "string": "submit"}]}, {"id": 13, "type": "view", "string": null, "attribute": {"class": ["bottom-tip", "data-v-0cb3345c"]}, "referenceVariable": [], "referenceFunction": [], "style": [], "inheritClass": null, "wxss": [], "page": null, "path": "D:\\WORK\\2021\\MPDF\\baseline\\ui\\大学答案君\\book-ask.wxml", "child": [14, 15], "parent": 1, "matchString": [{"type": "relation", "string": "提交答案请求后，我们会尽快收集你需要的答案，这需要一些时间。你可以在提交请求后一段时间打开小程序查看答案。"}, {"type": "relation", "string": "你还可以在小程序的客服窗口里回复\"1“关注我们的公众号，或者回复\"撩一撩“添加全宇宙最美丽的客服小姐姐为微信好友，随时关注我们收录答案的最新进展哦\n      (*^▽^*)"}]}, {"id": 14, "type": "view", "string": "提交答案请求后，我们会尽快收集你需要的答案，这需要一些时间。你可以在提交请求后一段时间打开小程序查看答案。", "attribute": {"class": ["data-v-0cb3345c"]}, "referenceVariable": [], "referenceFunction": [], "style": [], "inheritClass": null, "wxss": [], "page": null, "path": "D:\\WORK\\2021\\MPDF\\baseline\\ui\\大学答案君\\book-ask.wxml", "child": [], "parent": 13, "matchString": [{"type": "self", "string": "提交答案请求后，我们会尽快收集你需要的答案，这需要一些时间。你可以在提交请求后一段时间打开小程序查看答案。"}]}, {"id": 15, "type": "view", "string": "你还可以在小程序的客服窗口里回复\"1“关注我们的公众号，或者回复\"撩一撩“添加全宇宙最美丽的客服小姐姐为微信好友，随时关注我们收录答案的最新进展哦\n      (*^▽^*)", "attribute": {"class": ["data-v-0cb3345c"]}, "referenceVariable": [], "referenceFunction": [], "style": [], "inheritClass": null, "wxss": [], "page": null, "path": "D:\\WORK\\2021\\MPDF\\baseline\\ui\\大学答案君\\book-ask.wxml", "child": [], "parent": 13, "matchString": [{"type": "self", "string": "你还可以在小程序的客服窗口里回复\"1“关注我们的公众号，或者回复\"撩一撩“添加全宇宙最美丽的客服小姐姐为微信好友，随时关注我们收录答案的最新进展哦\n      (*^▽^*)"}]}]