[{"id": 0, "type": "[document]", "string": null, "attribute": {}, "referenceVariable": [], "referenceFunction": [], "style": [], "inheritClass": null, "wxss": [], "page": null, "path": "D:\\WORK\\2021\\MPDF\\baseline\\ui\\安居客买房新房二手房租房房价\\index.wxml", "child": [1], "parent": null, "matchString": [{"type": "relation", "string": "{{title}}"}, {"type": "relation", "string": "{{true}}"}, {"type": "relation", "string": "fczzz"}, {"type": "relation", "string": "请输入11位手机号"}, {"type": "relation", "string": "{{text}}"}, {"type": "relation", "string": "{{canClick}}"}, {"type": "relation", "string": "this"}, {"type": "relation", "string": "{{hintOne}}"}, {"type": "relation", "string": "请输入6位验证码"}, {"type": "relation", "string": "{{hintTwo}}"}, {"type": "relation", "string": "取消"}, {"type": "relation", "string": "确定"}, {"type": "relation", "string": "{{canConfirm}}"}]}, {"id": 1, "type": "block", "string": null, "attribute": {"wx:if": "{{$taroCompReady}}"}, "referenceVariable": ["$taroCompReady"], "referenceFunction": [], "style": [], "inheritClass": null, "wxss": [], "page": null, "path": "D:\\WORK\\2021\\MPDF\\baseline\\ui\\安居客买房新房二手房租房房价\\index.wxml", "child": [2, 3], "parent": 0, "matchString": [{"type": "relation", "string": "{{title}}"}, {"type": "relation", "string": "{{true}}"}, {"type": "relation", "string": "fczzz"}, {"type": "relation", "string": "请输入11位手机号"}, {"type": "relation", "string": "{{text}}"}, {"type": "relation", "string": "{{canClick}}"}, {"type": "relation", "string": "this"}, {"type": "relation", "string": "{{hintOne}}"}, {"type": "relation", "string": "请输入6位验证码"}, {"type": "relation", "string": "{{hintTwo}}"}, {"type": "relation", "string": "取消"}, {"type": "relation", "string": "确定"}, {"type": "relation", "string": "{{canConfirm}}"}]}, {"id": 2, "type": "view", "string": null, "attribute": {"bindtap": "onCoverClick", "catchtouchmove": "onTouchMove", "class": ["chagePhoneModal__cover"]}, "referenceVariable": [], "referenceFunction": ["onCoverClick"], "style": [], "inheritClass": null, "wxss": [], "page": null, "path": "D:\\WORK\\2021\\MPDF\\baseline\\ui\\安居客买房新房二手房租房房价\\index.wxml", "child": [], "parent": 1, "matchString": [{"type": "relation", "string": "{{canConfirm}}"}]}, {"id": 3, "type": "view", "string": null, "attribute": {"catchtouchmove": "onTouchMove", "class": ["chagePhoneModal"]}, "referenceVariable": [], "referenceFunction": [], "style": [], "inheritClass": null, "wxss": [], "page": null, "path": "D:\\WORK\\2021\\MPDF\\baseline\\ui\\安居客买房新房二手房租房房价\\index.wxml", "child": [4, 5, 10, 11, 14, 15], "parent": 1, "matchString": [{"type": "relation", "string": "{{title}}"}, {"type": "relation", "string": "{{true}}"}, {"type": "relation", "string": "fczzz"}, {"type": "relation", "string": "请输入11位手机号"}, {"type": "relation", "string": "{{text}}"}, {"type": "relation", "string": "{{canClick}}"}, {"type": "relation", "string": "this"}, {"type": "relation", "string": "{{hintOne}}"}, {"type": "relation", "string": "请输入6位验证码"}, {"type": "relation", "string": "{{hintTwo}}"}, {"type": "relation", "string": "取消"}, {"type": "relation", "string": "确定"}, {"type": "relation", "string": "{{canConfirm}}"}]}, {"id": 4, "type": "view", "string": "{{title}}", "attribute": {"class": ["chagePhoneModal__title"]}, "referenceVariable": [], "referenceFunction": [], "style": [], "inheritClass": null, "wxss": [], "page": null, "path": "D:\\WORK\\2021\\MPDF\\baseline\\ui\\安居客买房新房二手房租房房价\\index.wxml", "child": [], "parent": 3, "matchString": [{"type": "self", "string": "{{title}}"}]}, {"id": 5, "type": "view", "string": null, "attribute": {"class": ["chagePhoneModal__getverify"]}, "referenceVariable": [], "referenceFunction": [], "style": [], "inheritClass": null, "wxss": [], "page": null, "path": "D:\\WORK\\2021\\MPDF\\baseline\\ui\\安居客买房新房二手房租房房价\\index.wxml", "child": [6, 9], "parent": 3, "matchString": [{"type": "relation", "string": "{{true}}"}, {"type": "relation", "string": "fczzz"}, {"type": "relation", "string": "请输入11位手机号"}, {"type": "relation", "string": "{{text}}"}, {"type": "relation", "string": "{{canClick}}"}, {"type": "relation", "string": "this"}]}, {"id": 6, "type": "view", "string": null, "attribute": {"class": ["chagePhoneModal__getverify-input"]}, "referenceVariable": [], "referenceFunction": [], "style": [], "inheritClass": null, "wxss": [], "page": null, "path": "D:\\WORK\\2021\\MPDF\\baseline\\ui\\安居客买房新房二手房租房房价\\index.wxml", "child": [7, 8], "parent": 5, "matchString": [{"type": "relation", "string": "{{true}}"}, {"type": "relation", "string": "fczzz"}, {"type": "relation", "string": "请输入11位手机号"}]}, {"id": 7, "type": "input", "string": null, "attribute": {"bindinput": "onPhoneNumberInput", "focus": "{{true}}", "holdkeyboard": "{{true}}", "id": "fczzz", "placeholder": "请输入11位手机号", "placeholderstyle": "color:#979B9E", "type": "number", "value": "{{phoneNumber}}"}, "referenceVariable": ["true", "true", "phoneNumber"], "referenceFunction": ["onPhoneNumberInput"], "style": [], "inheritClass": null, "wxss": [], "page": null, "path": "D:\\WORK\\2021\\MPDF\\baseline\\ui\\安居客买房新房二手房租房房价\\index.wxml", "child": [], "parent": 6, "matchString": [{"type": "attr", "string": "{{true}}"}, {"type": "attr", "string": "fczzz"}, {"type": "attr", "string": "请输入11位手机号"}]}, {"id": 8, "type": "icon", "string": null, "attribute": {"bindtap": "clearPhoneNumberInput", "class": ["i-eaa9"], "wx:if": "{{phoneNumber.length>0}}"}, "referenceVariable": ["phoneNumber.length>0"], "referenceFunction": ["clearPhoneNumberInput"], "style": [], "inheritClass": null, "wxss": [], "page": null, "path": "D:\\WORK\\2021\\MPDF\\baseline\\ui\\安居客买房新房二手房租房房价\\index.wxml", "child": [], "parent": 6, "matchString": []}, {"id": 9, "type": "text", "string": "{{text}}", "attribute": {"bindtap": "clickGetVercode", "class": ["{{'chagePhoneModal__getverify-get", "'+(canClick?'chagePhoneModal__getverify-get_active':'')}}"], "data-e-tap-a-a": "{{canClick}}", "data-e-tap-so": "this"}, "referenceVariable": ["canClick"], "referenceFunction": ["clickGetVercode"], "style": [], "inheritClass": null, "wxss": [], "page": null, "path": "D:\\WORK\\2021\\MPDF\\baseline\\ui\\安居客买房新房二手房租房房价\\index.wxml", "child": [], "parent": 5, "matchString": [{"type": "self", "string": "{{text}}"}, {"type": "attr", "string": "{{canClick}}"}, {"type": "attr", "string": "this"}]}, {"id": 10, "type": "view", "string": "{{hintOne}}", "attribute": {"class": ["chagePhoneModal__hint"]}, "referenceVariable": [], "referenceFunction": [], "style": [], "inheritClass": null, "wxss": [], "page": null, "path": "D:\\WORK\\2021\\MPDF\\baseline\\ui\\安居客买房新房二手房租房房价\\index.wxml", "child": [], "parent": 3, "matchString": [{"type": "self", "string": "{{hintOne}}"}]}, {"id": 11, "type": "view", "string": null, "attribute": {"class": ["chagePhoneModal__inputcode"]}, "referenceVariable": [], "referenceFunction": [], "style": [], "inheritClass": null, "wxss": [], "page": null, "path": "D:\\WORK\\2021\\MPDF\\baseline\\ui\\安居客买房新房二手房租房房价\\index.wxml", "child": [12, 13], "parent": 3, "matchString": [{"type": "relation", "string": "{{true}}"}, {"type": "relation", "string": "请输入6位验证码"}]}, {"id": 12, "type": "input", "string": null, "attribute": {"bindinput": "onVerifyCodeInput", "holdkeyboard": "{{true}}", "placeholder": "请输入6位验证码", "placeholderstyle": "color:#979B9E", "type": "number", "value": "{{verifyCode}}"}, "referenceVariable": ["true", "verifyCode"], "referenceFunction": ["onVerifyCodeInput"], "style": [], "inheritClass": null, "wxss": [], "page": null, "path": "D:\\WORK\\2021\\MPDF\\baseline\\ui\\安居客买房新房二手房租房房价\\index.wxml", "child": [], "parent": 11, "matchString": [{"type": "attr", "string": "{{true}}"}, {"type": "attr", "string": "请输入6位验证码"}]}, {"id": 13, "type": "icon", "string": null, "attribute": {"bindtap": "clearVerfiyInput", "class": ["i-eaa9"], "wx:if": "{{verifyCode.length>0}}"}, "referenceVariable": ["verifyCode.length>0"], "referenceFunction": ["clearVerfiyInput"], "style": [], "inheritClass": null, "wxss": [], "page": null, "path": "D:\\WORK\\2021\\MPDF\\baseline\\ui\\安居客买房新房二手房租房房价\\index.wxml", "child": [], "parent": 11, "matchString": []}, {"id": 14, "type": "view", "string": "{{hintTwo}}", "attribute": {"class": ["chagePhoneModal__hint"]}, "referenceVariable": [], "referenceFunction": [], "style": [], "inheritClass": null, "wxss": [], "page": null, "path": "D:\\WORK\\2021\\MPDF\\baseline\\ui\\安居客买房新房二手房租房房价\\index.wxml", "child": [], "parent": 3, "matchString": [{"type": "self", "string": "{{hintTwo}}"}]}, {"id": 15, "type": "view", "string": null, "attribute": {"class": ["chagePhoneModal__button"]}, "referenceVariable": [], "referenceFunction": [], "style": [], "inheritClass": null, "wxss": [], "page": null, "path": "D:\\WORK\\2021\\MPDF\\baseline\\ui\\安居客买房新房二手房租房房价\\index.wxml", "child": [16, 17], "parent": 3, "matchString": [{"type": "relation", "string": "取消"}, {"type": "relation", "string": "确定"}, {"type": "relation", "string": "{{canConfirm}}"}, {"type": "relation", "string": "this"}]}, {"id": 16, "type": "view", "string": "取消", "attribute": {"bindtap": "funPrivatefdzzz", "class": ["chagePhoneModal__button-cancel"]}, "referenceVariable": [], "referenceFunction": ["funPrivatefdzzz"], "style": [], "inheritClass": null, "wxss": [], "page": null, "path": "D:\\WORK\\2021\\MPDF\\baseline\\ui\\安居客买房新房二手房租房房价\\index.wxml", "child": [], "parent": 15, "matchString": [{"type": "self", "string": "取消"}]}, {"id": 17, "type": "view", "string": "确定", "attribute": {"bindtap": "onVerifyConfirm", "class": ["{{'chagePhoneModal__button-confirm", "'+(canConfirm?'chagePhoneModal__button-confirm_active':'')}}"], "data-e-tap-a-a": "{{canConfirm}}", "data-e-tap-so": "this"}, "referenceVariable": ["canConfirm"], "referenceFunction": ["onVerifyConfirm"], "style": [], "inheritClass": null, "wxss": [], "page": null, "path": "D:\\WORK\\2021\\MPDF\\baseline\\ui\\安居客买房新房二手房租房房价\\index.wxml", "child": [], "parent": 15, "matchString": [{"type": "self", "string": "确定"}, {"type": "attr", "string": "{{canConfirm}}"}, {"type": "attr", "string": "this"}]}]