{"definedData":[],"dynamicDefinedData":[{"shadowObjectVar":"__object__3","dynamicDefinedProps":[{"propName":".setData","readShadows":[{"shadowVar":{"declaredName":"__object__3.setData","file":"D:\\WORK\\2022\\论文相关\\benchmark\\miniapp\\998二手挖机圈\\_-1965603458_27\\pages\\kanjia\\kanjia.js"},"readAccess":[{"leftVar":[{"declaredName":"e","declaredLoc":{"line":14,"column":12},"file":"D:\\WORK\\2022\\论文相关\\benchmark\\miniapp\\998二手挖机圈\\_-1965603458_27\\pages\\kanjia\\kanjia.js"}],"readFlow":[{"type":"assign to","from":{"name":"this","loc":{"line":14,"column":16},"id":26079,"file":"D:\\WORK\\2022\\论文相关\\benchmark\\miniapp\\998二手挖机圈\\_-1965603458_27\\pages\\kanjia\\kanjia.js"},"to":{"name":"e","loc":{"line":14,"column":12},"id":26078,"file":"D:\\WORK\\2022\\论文相关\\benchmark\\miniapp\\998二手挖机圈\\_-1965603458_27\\pages\\kanjia\\kanjia.js"}}]},{"leftVar":[{"declaredName":"a","declaredLoc":{"line":33,"column":12},"file":"D:\\WORK\\2022\\论文相关\\benchmark\\miniapp\\998二手挖机圈\\_-1965603458_27\\pages\\kanjia\\kanjia.js"}],"readFlow":[{"type":"assign to","from":{"name":"this","loc":{"line":33,"column":16},"id":26178,"file":"D:\\WORK\\2022\\论文相关\\benchmark\\miniapp\\998二手挖机圈\\_-1965603458_27\\pages\\kanjia\\kanjia.js"},"to":{"name":"a","loc":{"line":33,"column":12},"id":26177,"file":"D:\\WORK\\2022\\论文相关\\benchmark\\miniapp\\998二手挖机圈\\_-1965603458_27\\pages\\kanjia\\kanjia.js"}}]},{"leftVar":[{"declaredName":"a","declaredLoc":{"line":52,"column":12},"file":"D:\\WORK\\2022\\论文相关\\benchmark\\miniapp\\998二手挖机圈\\_-1965603458_27\\pages\\kanjia\\kanjia.js"}],"readFlow":[{"type":"assign to","from":{"name":"this","loc":{"line":52,"column":16},"id":26246,"file":"D:\\WORK\\2022\\论文相关\\benchmark\\miniapp\\998二手挖机圈\\_-1965603458_27\\pages\\kanjia\\kanjia.js"},"to":{"name":"a","loc":{"line":52,"column":12},"id":26245,"file":"D:\\WORK\\2022\\论文相关\\benchmark\\miniapp\\998二手挖机圈\\_-1965603458_27\\pages\\kanjia\\kanjia.js"}}]},{"leftVar":[{"declaredName":"e","declaredLoc":{"line":57,"column":16},"file":"D:\\WORK\\2022\\论文相关\\benchmark\\miniapp\\998二手挖机圈\\_-1965603458_27\\pages\\kanjia\\kanjia.js"}],"readFlow":[{"type":"assign to","from":{"name":"this","loc":{"line":57,"column":20},"id":26280,"file":"D:\\WORK\\2022\\论文相关\\benchmark\\miniapp\\998二手挖机圈\\_-1965603458_27\\pages\\kanjia\\kanjia.js"},"to":{"name":"e","loc":{"line":57,"column":16},"id":26279,"file":"D:\\WORK\\2022\\论文相关\\benchmark\\miniapp\\998二手挖机圈\\_-1965603458_27\\pages\\kanjia\\kanjia.js"}}]}]}],"writeShadows":[{"shadowVar":{"declaredName":"__object__3.setData","file":"D:\\WORK\\2022\\论文相关\\benchmark\\miniapp\\998二手挖机圈\\_-1965603458_27\\pages\\kanjia\\kanjia.js"},"writeAccess":[]}]},{"propName":".data","readShadows":[{"shadowVar":{"declaredName":"__object__3.data","declaredLoc":{"line":4,"column":4},"file":"D:\\WORK\\2022\\论文相关\\benchmark\\miniapp\\998二手挖机圈\\_-1965603458_27\\pages\\kanjia\\kanjia.js"},"readAccess":[{"leftVar":[{"declaredName":"e","declaredLoc":{"line":14,"column":12},"file":"D:\\WORK\\2022\\论文相关\\benchmark\\miniapp\\998二手挖机圈\\_-1965603458_27\\pages\\kanjia\\kanjia.js"}],"readFlow":[{"type":"assign to","from":{"name":"this","loc":{"line":14,"column":16},"id":26079,"file":"D:\\WORK\\2022\\论文相关\\benchmark\\miniapp\\998二手挖机圈\\_-1965603458_27\\pages\\kanjia\\kanjia.js"},"to":{"name":"e","loc":{"line":14,"column":12},"id":26078,"file":"D:\\WORK\\2022\\论文相关\\benchmark\\miniapp\\998二手挖机圈\\_-1965603458_27\\pages\\kanjia\\kanjia.js"}}]},{"leftVar":[{"declaredName":"a","declaredLoc":{"line":33,"column":12},"file":"D:\\WORK\\2022\\论文相关\\benchmark\\miniapp\\998二手挖机圈\\_-1965603458_27\\pages\\kanjia\\kanjia.js"}],"readFlow":[{"type":"assign to","from":{"name":"this","loc":{"line":33,"column":16},"id":26178,"file":"D:\\WORK\\2022\\论文相关\\benchmark\\miniapp\\998二手挖机圈\\_-1965603458_27\\pages\\kanjia\\kanjia.js"},"to":{"name":"a","loc":{"line":33,"column":12},"id":26177,"file":"D:\\WORK\\2022\\论文相关\\benchmark\\miniapp\\998二手挖机圈\\_-1965603458_27\\pages\\kanjia\\kanjia.js"}}]},{"leftVar":[{"declaredName":"a","declaredLoc":{"line":52,"column":12},"file":"D:\\WORK\\2022\\论文相关\\benchmark\\miniapp\\998二手挖机圈\\_-1965603458_27\\pages\\kanjia\\kanjia.js"}],"readFlow":[{"type":"assign to","from":{"name":"this","loc":{"line":52,"column":16},"id":26246,"file":"D:\\WORK\\2022\\论文相关\\benchmark\\miniapp\\998二手挖机圈\\_-1965603458_27\\pages\\kanjia\\kanjia.js"},"to":{"name":"a","loc":{"line":52,"column":12},"id":26245,"file":"D:\\WORK\\2022\\论文相关\\benchmark\\miniapp\\998二手挖机圈\\_-1965603458_27\\pages\\kanjia\\kanjia.js"}}]},{"leftVar":[{"declaredName":"e","declaredLoc":{"line":57,"column":16},"file":"D:\\WORK\\2022\\论文相关\\benchmark\\miniapp\\998二手挖机圈\\_-1965603458_27\\pages\\kanjia\\kanjia.js"}],"readFlow":[{"type":"assign to","from":{"name":"this","loc":{"line":57,"column":20},"id":26280,"file":"D:\\WORK\\2022\\论文相关\\benchmark\\miniapp\\998二手挖机圈\\_-1965603458_27\\pages\\kanjia\\kanjia.js"},"to":{"name":"e","loc":{"line":57,"column":16},"id":26279,"file":"D:\\WORK\\2022\\论文相关\\benchmark\\miniapp\\998二手挖机圈\\_-1965603458_27\\pages\\kanjia\\kanjia.js"}}]}]}],"writeShadows":[{"shadowVar":{"declaredName":"__object__3.data","declaredLoc":{"line":4,"column":4},"file":"D:\\WORK\\2022\\论文相关\\benchmark\\miniapp\\998二手挖机圈\\_-1965603458_27\\pages\\kanjia\\kanjia.js"},"writeAccess":[]}]},{"propName":".onLoad","readShadows":[{"shadowVar":{"declaredName":"__object__3.onLoad","declaredLoc":{"line":13,"column":4},"file":"D:\\WORK\\2022\\论文相关\\benchmark\\miniapp\\998二手挖机圈\\_-1965603458_27\\pages\\kanjia\\kanjia.js"},"readAccess":[{"leftVar":[{"declaredName":"e","declaredLoc":{"line":14,"column":12},"file":"D:\\WORK\\2022\\论文相关\\benchmark\\miniapp\\998二手挖机圈\\_-1965603458_27\\pages\\kanjia\\kanjia.js"}],"readFlow":[{"type":"assign to","from":{"name":"this","loc":{"line":14,"column":16},"id":26079,"file":"D:\\WORK\\2022\\论文相关\\benchmark\\miniapp\\998二手挖机圈\\_-1965603458_27\\pages\\kanjia\\kanjia.js"},"to":{"name":"e","loc":{"line":14,"column":12},"id":26078,"file":"D:\\WORK\\2022\\论文相关\\benchmark\\miniapp\\998二手挖机圈\\_-1965603458_27\\pages\\kanjia\\kanjia.js"}}]},{"leftVar":[{"declaredName":"a","declaredLoc":{"line":33,"column":12},"file":"D:\\WORK\\2022\\论文相关\\benchmark\\miniapp\\998二手挖机圈\\_-1965603458_27\\pages\\kanjia\\kanjia.js"}],"readFlow":[{"type":"assign to","from":{"name":"this","loc":{"line":33,"column":16},"id":26178,"file":"D:\\WORK\\2022\\论文相关\\benchmark\\miniapp\\998二手挖机圈\\_-1965603458_27\\pages\\kanjia\\kanjia.js"},"to":{"name":"a","loc":{"line":33,"column":12},"id":26177,"file":"D:\\WORK\\2022\\论文相关\\benchmark\\miniapp\\998二手挖机圈\\_-1965603458_27\\pages\\kanjia\\kanjia.js"}}]},{"leftVar":[{"declaredName":"a","declaredLoc":{"line":52,"column":12},"file":"D:\\WORK\\2022\\论文相关\\benchmark\\miniapp\\998二手挖机圈\\_-1965603458_27\\pages\\kanjia\\kanjia.js"}],"readFlow":[{"type":"assign to","from":{"name":"this","loc":{"line":52,"column":16},"id":26246,"file":"D:\\WORK\\2022\\论文相关\\benchmark\\miniapp\\998二手挖机圈\\_-1965603458_27\\pages\\kanjia\\kanjia.js"},"to":{"name":"a","loc":{"line":52,"column":12},"id":26245,"file":"D:\\WORK\\2022\\论文相关\\benchmark\\miniapp\\998二手挖机圈\\_-1965603458_27\\pages\\kanjia\\kanjia.js"}}]},{"leftVar":[{"declaredName":"e","declaredLoc":{"line":57,"column":16},"file":"D:\\WORK\\2022\\论文相关\\benchmark\\miniapp\\998二手挖机圈\\_-1965603458_27\\pages\\kanjia\\kanjia.js"}],"readFlow":[{"type":"assign to","from":{"name":"this","loc":{"line":57,"column":20},"id":26280,"file":"D:\\WORK\\2022\\论文相关\\benchmark\\miniapp\\998二手挖机圈\\_-1965603458_27\\pages\\kanjia\\kanjia.js"},"to":{"name":"e","loc":{"line":57,"column":16},"id":26279,"file":"D:\\WORK\\2022\\论文相关\\benchmark\\miniapp\\998二手挖机圈\\_-1965603458_27\\pages\\kanjia\\kanjia.js"}}]}]}],"writeShadows":[{"shadowVar":{"declaredName":"__object__3.onLoad","declaredLoc":{"line":13,"column":4},"file":"D:\\WORK\\2022\\论文相关\\benchmark\\miniapp\\998二手挖机圈\\_-1965603458_27\\pages\\kanjia\\kanjia.js"},"writeAccess":[]}]},{"propName":".tabClick","readShadows":[{"shadowVar":{"declaredName":"__object__3.tabClick","declaredLoc":{"line":26,"column":4},"file":"D:\\WORK\\2022\\论文相关\\benchmark\\miniapp\\998二手挖机圈\\_-1965603458_27\\pages\\kanjia\\kanjia.js"},"readAccess":[{"leftVar":[{"declaredName":"e","declaredLoc":{"line":14,"column":12},"file":"D:\\WORK\\2022\\论文相关\\benchmark\\miniapp\\998二手挖机圈\\_-1965603458_27\\pages\\kanjia\\kanjia.js"}],"readFlow":[{"type":"assign to","from":{"name":"this","loc":{"line":14,"column":16},"id":26079,"file":"D:\\WORK\\2022\\论文相关\\benchmark\\miniapp\\998二手挖机圈\\_-1965603458_27\\pages\\kanjia\\kanjia.js"},"to":{"name":"e","loc":{"line":14,"column":12},"id":26078,"file":"D:\\WORK\\2022\\论文相关\\benchmark\\miniapp\\998二手挖机圈\\_-1965603458_27\\pages\\kanjia\\kanjia.js"}}]},{"leftVar":[{"declaredName":"a","declaredLoc":{"line":33,"column":12},"file":"D:\\WORK\\2022\\论文相关\\benchmark\\miniapp\\998二手挖机圈\\_-1965603458_27\\pages\\kanjia\\kanjia.js"}],"readFlow":[{"type":"assign to","from":{"name":"this","loc":{"line":33,"column":16},"id":26178,"file":"D:\\WORK\\2022\\论文相关\\benchmark\\miniapp\\998二手挖机圈\\_-1965603458_27\\pages\\kanjia\\kanjia.js"},"to":{"name":"a","loc":{"line":33,"column":12},"id":26177,"file":"D:\\WORK\\2022\\论文相关\\benchmark\\miniapp\\998二手挖机圈\\_-1965603458_27\\pages\\kanjia\\kanjia.js"}}]},{"leftVar":[{"declaredName":"a","declaredLoc":{"line":52,"column":12},"file":"D:\\WORK\\2022\\论文相关\\benchmark\\miniapp\\998二手挖机圈\\_-1965603458_27\\pages\\kanjia\\kanjia.js"}],"readFlow":[{"type":"assign to","from":{"name":"this","loc":{"line":52,"column":16},"id":26246,"file":"D:\\WORK\\2022\\论文相关\\benchmark\\miniapp\\998二手挖机圈\\_-1965603458_27\\pages\\kanjia\\kanjia.js"},"to":{"name":"a","loc":{"line":52,"column":12},"id":26245,"file":"D:\\WORK\\2022\\论文相关\\benchmark\\miniapp\\998二手挖机圈\\_-1965603458_27\\pages\\kanjia\\kanjia.js"}}]},{"leftVar":[{"declaredName":"e","declaredLoc":{"line":57,"column":16},"file":"D:\\WORK\\2022\\论文相关\\benchmark\\miniapp\\998二手挖机圈\\_-1965603458_27\\pages\\kanjia\\kanjia.js"}],"readFlow":[{"type":"assign to","from":{"name":"this","loc":{"line":57,"column":20},"id":26280,"file":"D:\\WORK\\2022\\论文相关\\benchmark\\miniapp\\998二手挖机圈\\_-1965603458_27\\pages\\kanjia\\kanjia.js"},"to":{"name":"e","loc":{"line":57,"column":16},"id":26279,"file":"D:\\WORK\\2022\\论文相关\\benchmark\\miniapp\\998二手挖机圈\\_-1965603458_27\\pages\\kanjia\\kanjia.js"}}]}]}],"writeShadows":[{"shadowVar":{"declaredName":"__object__3.tabClick","declaredLoc":{"line":26,"column":4},"file":"D:\\WORK\\2022\\论文相关\\benchmark\\miniapp\\998二手挖机圈\\_-1965603458_27\\pages\\kanjia\\kanjia.js"},"writeAccess":[]}]},{"propName":".get_kanjia","readShadows":[{"shadowVar":{"declaredName":"__object__3.get_kanjia","declaredLoc":{"line":32,"column":4},"file":"D:\\WORK\\2022\\论文相关\\benchmark\\miniapp\\998二手挖机圈\\_-1965603458_27\\pages\\kanjia\\kanjia.js"},"readAccess":[{"leftVar":[{"declaredName":"e","declaredLoc":{"line":14,"column":12},"file":"D:\\WORK\\2022\\论文相关\\benchmark\\miniapp\\998二手挖机圈\\_-1965603458_27\\pages\\kanjia\\kanjia.js"}],"readFlow":[{"type":"assign to","from":{"name":"this","loc":{"line":14,"column":16},"id":26079,"file":"D:\\WORK\\2022\\论文相关\\benchmark\\miniapp\\998二手挖机圈\\_-1965603458_27\\pages\\kanjia\\kanjia.js"},"to":{"name":"e","loc":{"line":14,"column":12},"id":26078,"file":"D:\\WORK\\2022\\论文相关\\benchmark\\miniapp\\998二手挖机圈\\_-1965603458_27\\pages\\kanjia\\kanjia.js"}}]},{"leftVar":[{"declaredName":"a","declaredLoc":{"line":33,"column":12},"file":"D:\\WORK\\2022\\论文相关\\benchmark\\miniapp\\998二手挖机圈\\_-1965603458_27\\pages\\kanjia\\kanjia.js"}],"readFlow":[{"type":"assign to","from":{"name":"this","loc":{"line":33,"column":16},"id":26178,"file":"D:\\WORK\\2022\\论文相关\\benchmark\\miniapp\\998二手挖机圈\\_-1965603458_27\\pages\\kanjia\\kanjia.js"},"to":{"name":"a","loc":{"line":33,"column":12},"id":26177,"file":"D:\\WORK\\2022\\论文相关\\benchmark\\miniapp\\998二手挖机圈\\_-1965603458_27\\pages\\kanjia\\kanjia.js"}}]},{"leftVar":[{"declaredName":"a","declaredLoc":{"line":52,"column":12},"file":"D:\\WORK\\2022\\论文相关\\benchmark\\miniapp\\998二手挖机圈\\_-1965603458_27\\pages\\kanjia\\kanjia.js"}],"readFlow":[{"type":"assign to","from":{"name":"this","loc":{"line":52,"column":16},"id":26246,"file":"D:\\WORK\\2022\\论文相关\\benchmark\\miniapp\\998二手挖机圈\\_-1965603458_27\\pages\\kanjia\\kanjia.js"},"to":{"name":"a","loc":{"line":52,"column":12},"id":26245,"file":"D:\\WORK\\2022\\论文相关\\benchmark\\miniapp\\998二手挖机圈\\_-1965603458_27\\pages\\kanjia\\kanjia.js"}}]},{"leftVar":[{"declaredName":"e","declaredLoc":{"line":57,"column":16},"file":"D:\\WORK\\2022\\论文相关\\benchmark\\miniapp\\998二手挖机圈\\_-1965603458_27\\pages\\kanjia\\kanjia.js"}],"readFlow":[{"type":"assign to","from":{"name":"this","loc":{"line":57,"column":20},"id":26280,"file":"D:\\WORK\\2022\\论文相关\\benchmark\\miniapp\\998二手挖机圈\\_-1965603458_27\\pages\\kanjia\\kanjia.js"},"to":{"name":"e","loc":{"line":57,"column":16},"id":26279,"file":"D:\\WORK\\2022\\论文相关\\benchmark\\miniapp\\998二手挖机圈\\_-1965603458_27\\pages\\kanjia\\kanjia.js"}}]}]}],"writeShadows":[{"shadowVar":{"declaredName":"__object__3.get_kanjia","declaredLoc":{"line":32,"column":4},"file":"D:\\WORK\\2022\\论文相关\\benchmark\\miniapp\\998二手挖机圈\\_-1965603458_27\\pages\\kanjia\\kanjia.js"},"writeAccess":[]}]},{"propName":".call_number","readShadows":[{"shadowVar":{"declaredName":"__object__3.call_number","declaredLoc":{"line":51,"column":4},"file":"D:\\WORK\\2022\\论文相关\\benchmark\\miniapp\\998二手挖机圈\\_-1965603458_27\\pages\\kanjia\\kanjia.js"},"readAccess":[{"leftVar":[{"declaredName":"e","declaredLoc":{"line":14,"column":12},"file":"D:\\WORK\\2022\\论文相关\\benchmark\\miniapp\\998二手挖机圈\\_-1965603458_27\\pages\\kanjia\\kanjia.js"}],"readFlow":[{"type":"assign to","from":{"name":"this","loc":{"line":14,"column":16},"id":26079,"file":"D:\\WORK\\2022\\论文相关\\benchmark\\miniapp\\998二手挖机圈\\_-1965603458_27\\pages\\kanjia\\kanjia.js"},"to":{"name":"e","loc":{"line":14,"column":12},"id":26078,"file":"D:\\WORK\\2022\\论文相关\\benchmark\\miniapp\\998二手挖机圈\\_-1965603458_27\\pages\\kanjia\\kanjia.js"}}]},{"leftVar":[{"declaredName":"a","declaredLoc":{"line":33,"column":12},"file":"D:\\WORK\\2022\\论文相关\\benchmark\\miniapp\\998二手挖机圈\\_-1965603458_27\\pages\\kanjia\\kanjia.js"}],"readFlow":[{"type":"assign to","from":{"name":"this","loc":{"line":33,"column":16},"id":26178,"file":"D:\\WORK\\2022\\论文相关\\benchmark\\miniapp\\998二手挖机圈\\_-1965603458_27\\pages\\kanjia\\kanjia.js"},"to":{"name":"a","loc":{"line":33,"column":12},"id":26177,"file":"D:\\WORK\\2022\\论文相关\\benchmark\\miniapp\\998二手挖机圈\\_-1965603458_27\\pages\\kanjia\\kanjia.js"}}]},{"leftVar":[{"declaredName":"a","declaredLoc":{"line":52,"column":12},"file":"D:\\WORK\\2022\\论文相关\\benchmark\\miniapp\\998二手挖机圈\\_-1965603458_27\\pages\\kanjia\\kanjia.js"}],"readFlow":[{"type":"assign to","from":{"name":"this","loc":{"line":52,"column":16},"id":26246,"file":"D:\\WORK\\2022\\论文相关\\benchmark\\miniapp\\998二手挖机圈\\_-1965603458_27\\pages\\kanjia\\kanjia.js"},"to":{"name":"a","loc":{"line":52,"column":12},"id":26245,"file":"D:\\WORK\\2022\\论文相关\\benchmark\\miniapp\\998二手挖机圈\\_-1965603458_27\\pages\\kanjia\\kanjia.js"}}]},{"leftVar":[{"declaredName":"e","declaredLoc":{"line":57,"column":16},"file":"D:\\WORK\\2022\\论文相关\\benchmark\\miniapp\\998二手挖机圈\\_-1965603458_27\\pages\\kanjia\\kanjia.js"}],"readFlow":[{"type":"assign to","from":{"name":"this","loc":{"line":57,"column":20},"id":26280,"file":"D:\\WORK\\2022\\论文相关\\benchmark\\miniapp\\998二手挖机圈\\_-1965603458_27\\pages\\kanjia\\kanjia.js"},"to":{"name":"e","loc":{"line":57,"column":16},"id":26279,"file":"D:\\WORK\\2022\\论文相关\\benchmark\\miniapp\\998二手挖机圈\\_-1965603458_27\\pages\\kanjia\\kanjia.js"}}]}]}],"writeShadows":[{"shadowVar":{"declaredName":"__object__3.call_number","declaredLoc":{"line":51,"column":4},"file":"D:\\WORK\\2022\\论文相关\\benchmark\\miniapp\\998二手挖机圈\\_-1965603458_27\\pages\\kanjia\\kanjia.js"},"writeAccess":[]}]},{"propName":".callout","readShadows":[{"shadowVar":{"declaredName":"__object__3.callout","declaredLoc":{"line":55,"column":4},"file":"D:\\WORK\\2022\\论文相关\\benchmark\\miniapp\\998二手挖机圈\\_-1965603458_27\\pages\\kanjia\\kanjia.js"},"readAccess":[{"leftVar":[{"declaredName":"e","declaredLoc":{"line":14,"column":12},"file":"D:\\WORK\\2022\\论文相关\\benchmark\\miniapp\\998二手挖机圈\\_-1965603458_27\\pages\\kanjia\\kanjia.js"}],"readFlow":[{"type":"assign to","from":{"name":"this","loc":{"line":14,"column":16},"id":26079,"file":"D:\\WORK\\2022\\论文相关\\benchmark\\miniapp\\998二手挖机圈\\_-1965603458_27\\pages\\kanjia\\kanjia.js"},"to":{"name":"e","loc":{"line":14,"column":12},"id":26078,"file":"D:\\WORK\\2022\\论文相关\\benchmark\\miniapp\\998二手挖机圈\\_-1965603458_27\\pages\\kanjia\\kanjia.js"}}]},{"leftVar":[{"declaredName":"a","declaredLoc":{"line":33,"column":12},"file":"D:\\WORK\\2022\\论文相关\\benchmark\\miniapp\\998二手挖机圈\\_-1965603458_27\\pages\\kanjia\\kanjia.js"}],"readFlow":[{"type":"assign to","from":{"name":"this","loc":{"line":33,"column":16},"id":26178,"file":"D:\\WORK\\2022\\论文相关\\benchmark\\miniapp\\998二手挖机圈\\_-1965603458_27\\pages\\kanjia\\kanjia.js"},"to":{"name":"a","loc":{"line":33,"column":12},"id":26177,"file":"D:\\WORK\\2022\\论文相关\\benchmark\\miniapp\\998二手挖机圈\\_-1965603458_27\\pages\\kanjia\\kanjia.js"}}]},{"leftVar":[{"declaredName":"a","declaredLoc":{"line":52,"column":12},"file":"D:\\WORK\\2022\\论文相关\\benchmark\\miniapp\\998二手挖机圈\\_-1965603458_27\\pages\\kanjia\\kanjia.js"}],"readFlow":[{"type":"assign to","from":{"name":"this","loc":{"line":52,"column":16},"id":26246,"file":"D:\\WORK\\2022\\论文相关\\benchmark\\miniapp\\998二手挖机圈\\_-1965603458_27\\pages\\kanjia\\kanjia.js"},"to":{"name":"a","loc":{"line":52,"column":12},"id":26245,"file":"D:\\WORK\\2022\\论文相关\\benchmark\\miniapp\\998二手挖机圈\\_-1965603458_27\\pages\\kanjia\\kanjia.js"}}]},{"leftVar":[{"declaredName":"e","declaredLoc":{"line":57,"column":16},"file":"D:\\WORK\\2022\\论文相关\\benchmark\\miniapp\\998二手挖机圈\\_-1965603458_27\\pages\\kanjia\\kanjia.js"}],"readFlow":[{"type":"assign to","from":{"name":"this","loc":{"line":57,"column":20},"id":26280,"file":"D:\\WORK\\2022\\论文相关\\benchmark\\miniapp\\998二手挖机圈\\_-1965603458_27\\pages\\kanjia\\kanjia.js"},"to":{"name":"e","loc":{"line":57,"column":16},"id":26279,"file":"D:\\WORK\\2022\\论文相关\\benchmark\\miniapp\\998二手挖机圈\\_-1965603458_27\\pages\\kanjia\\kanjia.js"}}]}]}],"writeShadows":[{"shadowVar":{"declaredName":"__object__3.callout","declaredLoc":{"line":55,"column":4},"file":"D:\\WORK\\2022\\论文相关\\benchmark\\miniapp\\998二手挖机圈\\_-1965603458_27\\pages\\kanjia\\kanjia.js"},"writeAccess":[]}]},{"propName":".onCancel","readShadows":[{"shadowVar":{"declaredName":"__object__3.onCancel","declaredLoc":{"line":100,"column":4},"file":"D:\\WORK\\2022\\论文相关\\benchmark\\miniapp\\998二手挖机圈\\_-1965603458_27\\pages\\kanjia\\kanjia.js"},"readAccess":[{"leftVar":[{"declaredName":"e","declaredLoc":{"line":14,"column":12},"file":"D:\\WORK\\2022\\论文相关\\benchmark\\miniapp\\998二手挖机圈\\_-1965603458_27\\pages\\kanjia\\kanjia.js"}],"readFlow":[{"type":"assign to","from":{"name":"this","loc":{"line":14,"column":16},"id":26079,"file":"D:\\WORK\\2022\\论文相关\\benchmark\\miniapp\\998二手挖机圈\\_-1965603458_27\\pages\\kanjia\\kanjia.js"},"to":{"name":"e","loc":{"line":14,"column":12},"id":26078,"file":"D:\\WORK\\2022\\论文相关\\benchmark\\miniapp\\998二手挖机圈\\_-1965603458_27\\pages\\kanjia\\kanjia.js"}}]},{"leftVar":[{"declaredName":"a","declaredLoc":{"line":33,"column":12},"file":"D:\\WORK\\2022\\论文相关\\benchmark\\miniapp\\998二手挖机圈\\_-1965603458_27\\pages\\kanjia\\kanjia.js"}],"readFlow":[{"type":"assign to","from":{"name":"this","loc":{"line":33,"column":16},"id":26178,"file":"D:\\WORK\\2022\\论文相关\\benchmark\\miniapp\\998二手挖机圈\\_-1965603458_27\\pages\\kanjia\\kanjia.js"},"to":{"name":"a","loc":{"line":33,"column":12},"id":26177,"file":"D:\\WORK\\2022\\论文相关\\benchmark\\miniapp\\998二手挖机圈\\_-1965603458_27\\pages\\kanjia\\kanjia.js"}}]},{"leftVar":[{"declaredName":"a","declaredLoc":{"line":52,"column":12},"file":"D:\\WORK\\2022\\论文相关\\benchmark\\miniapp\\998二手挖机圈\\_-1965603458_27\\pages\\kanjia\\kanjia.js"}],"readFlow":[{"type":"assign to","from":{"name":"this","loc":{"line":52,"column":16},"id":26246,"file":"D:\\WORK\\2022\\论文相关\\benchmark\\miniapp\\998二手挖机圈\\_-1965603458_27\\pages\\kanjia\\kanjia.js"},"to":{"name":"a","loc":{"line":52,"column":12},"id":26245,"file":"D:\\WORK\\2022\\论文相关\\benchmark\\miniapp\\998二手挖机圈\\_-1965603458_27\\pages\\kanjia\\kanjia.js"}}]},{"leftVar":[{"declaredName":"e","declaredLoc":{"line":57,"column":16},"file":"D:\\WORK\\2022\\论文相关\\benchmark\\miniapp\\998二手挖机圈\\_-1965603458_27\\pages\\kanjia\\kanjia.js"}],"readFlow":[{"type":"assign to","from":{"name":"this","loc":{"line":57,"column":20},"id":26280,"file":"D:\\WORK\\2022\\论文相关\\benchmark\\miniapp\\998二手挖机圈\\_-1965603458_27\\pages\\kanjia\\kanjia.js"},"to":{"name":"e","loc":{"line":57,"column":16},"id":26279,"file":"D:\\WORK\\2022\\论文相关\\benchmark\\miniapp\\998二手挖机圈\\_-1965603458_27\\pages\\kanjia\\kanjia.js"}}]}]}],"writeShadows":[{"shadowVar":{"declaredName":"__object__3.onCancel","declaredLoc":{"line":100,"column":4},"file":"D:\\WORK\\2022\\论文相关\\benchmark\\miniapp\\998二手挖机圈\\_-1965603458_27\\pages\\kanjia\\kanjia.js"},"writeAccess":[]}]},{"propName":".onConfirm","readShadows":[{"shadowVar":{"declaredName":"__object__3.onConfirm","declaredLoc":{"line":107,"column":4},"file":"D:\\WORK\\2022\\论文相关\\benchmark\\miniapp\\998二手挖机圈\\_-1965603458_27\\pages\\kanjia\\kanjia.js"},"readAccess":[{"leftVar":[{"declaredName":"e","declaredLoc":{"line":14,"column":12},"file":"D:\\WORK\\2022\\论文相关\\benchmark\\miniapp\\998二手挖机圈\\_-1965603458_27\\pages\\kanjia\\kanjia.js"}],"readFlow":[{"type":"assign to","from":{"name":"this","loc":{"line":14,"column":16},"id":26079,"file":"D:\\WORK\\2022\\论文相关\\benchmark\\miniapp\\998二手挖机圈\\_-1965603458_27\\pages\\kanjia\\kanjia.js"},"to":{"name":"e","loc":{"line":14,"column":12},"id":26078,"file":"D:\\WORK\\2022\\论文相关\\benchmark\\miniapp\\998二手挖机圈\\_-1965603458_27\\pages\\kanjia\\kanjia.js"}}]},{"leftVar":[{"declaredName":"a","declaredLoc":{"line":33,"column":12},"file":"D:\\WORK\\2022\\论文相关\\benchmark\\miniapp\\998二手挖机圈\\_-1965603458_27\\pages\\kanjia\\kanjia.js"}],"readFlow":[{"type":"assign to","from":{"name":"this","loc":{"line":33,"column":16},"id":26178,"file":"D:\\WORK\\2022\\论文相关\\benchmark\\miniapp\\998二手挖机圈\\_-1965603458_27\\pages\\kanjia\\kanjia.js"},"to":{"name":"a","loc":{"line":33,"column":12},"id":26177,"file":"D:\\WORK\\2022\\论文相关\\benchmark\\miniapp\\998二手挖机圈\\_-1965603458_27\\pages\\kanjia\\kanjia.js"}}]},{"leftVar":[{"declaredName":"a","declaredLoc":{"line":52,"column":12},"file":"D:\\WORK\\2022\\论文相关\\benchmark\\miniapp\\998二手挖机圈\\_-1965603458_27\\pages\\kanjia\\kanjia.js"}],"readFlow":[{"type":"assign to","from":{"name":"this","loc":{"line":52,"column":16},"id":26246,"file":"D:\\WORK\\2022\\论文相关\\benchmark\\miniapp\\998二手挖机圈\\_-1965603458_27\\pages\\kanjia\\kanjia.js"},"to":{"name":"a","loc":{"line":52,"column":12},"id":26245,"file":"D:\\WORK\\2022\\论文相关\\benchmark\\miniapp\\998二手挖机圈\\_-1965603458_27\\pages\\kanjia\\kanjia.js"}}]},{"leftVar":[{"declaredName":"e","declaredLoc":{"line":57,"column":16},"file":"D:\\WORK\\2022\\论文相关\\benchmark\\miniapp\\998二手挖机圈\\_-1965603458_27\\pages\\kanjia\\kanjia.js"}],"readFlow":[{"type":"assign to","from":{"name":"this","loc":{"line":57,"column":20},"id":26280,"file":"D:\\WORK\\2022\\论文相关\\benchmark\\miniapp\\998二手挖机圈\\_-1965603458_27\\pages\\kanjia\\kanjia.js"},"to":{"name":"e","loc":{"line":57,"column":16},"id":26279,"file":"D:\\WORK\\2022\\论文相关\\benchmark\\miniapp\\998二手挖机圈\\_-1965603458_27\\pages\\kanjia\\kanjia.js"}}]}]}],"writeShadows":[{"shadowVar":{"declaredName":"__object__3.onConfirm","declaredLoc":{"line":107,"column":4},"file":"D:\\WORK\\2022\\论文相关\\benchmark\\miniapp\\998二手挖机圈\\_-1965603458_27\\pages\\kanjia\\kanjia.js"},"writeAccess":[]}]},{"propName":".delet_modal","readShadows":[{"shadowVar":{"declaredName":"__object__3.delet_modal","declaredLoc":{"line":114,"column":4},"file":"D:\\WORK\\2022\\论文相关\\benchmark\\miniapp\\998二手挖机圈\\_-1965603458_27\\pages\\kanjia\\kanjia.js"},"readAccess":[{"leftVar":[{"declaredName":"e","declaredLoc":{"line":14,"column":12},"file":"D:\\WORK\\2022\\论文相关\\benchmark\\miniapp\\998二手挖机圈\\_-1965603458_27\\pages\\kanjia\\kanjia.js"}],"readFlow":[{"type":"assign to","from":{"name":"this","loc":{"line":14,"column":16},"id":26079,"file":"D:\\WORK\\2022\\论文相关\\benchmark\\miniapp\\998二手挖机圈\\_-1965603458_27\\pages\\kanjia\\kanjia.js"},"to":{"name":"e","loc":{"line":14,"column":12},"id":26078,"file":"D:\\WORK\\2022\\论文相关\\benchmark\\miniapp\\998二手挖机圈\\_-1965603458_27\\pages\\kanjia\\kanjia.js"}}]},{"leftVar":[{"declaredName":"a","declaredLoc":{"line":33,"column":12},"file":"D:\\WORK\\2022\\论文相关\\benchmark\\miniapp\\998二手挖机圈\\_-1965603458_27\\pages\\kanjia\\kanjia.js"}],"readFlow":[{"type":"assign to","from":{"name":"this","loc":{"line":33,"column":16},"id":26178,"file":"D:\\WORK\\2022\\论文相关\\benchmark\\miniapp\\998二手挖机圈\\_-1965603458_27\\pages\\kanjia\\kanjia.js"},"to":{"name":"a","loc":{"line":33,"column":12},"id":26177,"file":"D:\\WORK\\2022\\论文相关\\benchmark\\miniapp\\998二手挖机圈\\_-1965603458_27\\pages\\kanjia\\kanjia.js"}}]},{"leftVar":[{"declaredName":"a","declaredLoc":{"line":52,"column":12},"file":"D:\\WORK\\2022\\论文相关\\benchmark\\miniapp\\998二手挖机圈\\_-1965603458_27\\pages\\kanjia\\kanjia.js"}],"readFlow":[{"type":"assign to","from":{"name":"this","loc":{"line":52,"column":16},"id":26246,"file":"D:\\WORK\\2022\\论文相关\\benchmark\\miniapp\\998二手挖机圈\\_-1965603458_27\\pages\\kanjia\\kanjia.js"},"to":{"name":"a","loc":{"line":52,"column":12},"id":26245,"file":"D:\\WORK\\2022\\论文相关\\benchmark\\miniapp\\998二手挖机圈\\_-1965603458_27\\pages\\kanjia\\kanjia.js"}}]},{"leftVar":[{"declaredName":"e","declaredLoc":{"line":57,"column":16},"file":"D:\\WORK\\2022\\论文相关\\benchmark\\miniapp\\998二手挖机圈\\_-1965603458_27\\pages\\kanjia\\kanjia.js"}],"readFlow":[{"type":"assign to","from":{"name":"this","loc":{"line":57,"column":20},"id":26280,"file":"D:\\WORK\\2022\\论文相关\\benchmark\\miniapp\\998二手挖机圈\\_-1965603458_27\\pages\\kanjia\\kanjia.js"},"to":{"name":"e","loc":{"line":57,"column":16},"id":26279,"file":"D:\\WORK\\2022\\论文相关\\benchmark\\miniapp\\998二手挖机圈\\_-1965603458_27\\pages\\kanjia\\kanjia.js"}}]}]}],"writeShadows":[{"shadowVar":{"declaredName":"__object__3.delet_modal","declaredLoc":{"line":114,"column":4},"file":"D:\\WORK\\2022\\论文相关\\benchmark\\miniapp\\998二手挖机圈\\_-1965603458_27\\pages\\kanjia\\kanjia.js"},"writeAccess":[]}]}]},{"shadowObjectVar":"__object__4","dynamicDefinedProps":[{"propName":".tabs","readShadows":[{"shadowVar":{"declaredName":"__object__4.tabs","declaredLoc":{"line":5,"column":8},"file":"D:\\WORK\\2022\\论文相关\\benchmark\\miniapp\\998二手挖机圈\\_-1965603458_27\\pages\\kanjia\\kanjia.js"},"readAccess":[{"leftVar":[{"declaredName":"__object__3.data","declaredLoc":{"line":4,"column":4},"file":"D:\\WORK\\2022\\论文相关\\benchmark\\miniapp\\998二手挖机圈\\_-1965603458_27\\pages\\kanjia\\kanjia.js"}],"readFlow":[{"type":"assign to","from":{"name":"tabs","loc":{"line":5,"column":8},"id":26049,"file":"D:\\WORK\\2022\\论文相关\\benchmark\\miniapp\\998二手挖机圈\\_-1965603458_27\\pages\\kanjia\\kanjia.js"},"to":{"name":"data","loc":{"line":4,"column":4},"id":26046,"file":"D:\\WORK\\2022\\论文相关\\benchmark\\miniapp\\998二手挖机圈\\_-1965603458_27\\pages\\kanjia\\kanjia.js"}},{"type":"to callee","from":{"name":"data","loc":{"line":4,"column":4},"id":26046,"file":"D:\\WORK\\2022\\论文相关\\benchmark\\miniapp\\998二手挖机圈\\_-1965603458_27\\pages\\kanjia\\kanjia.js"},"to":{"name":"Page","loc":{"line":3,"column":0},"id":26043,"file":"D:\\WORK\\2022\\论文相关\\benchmark\\miniapp\\998二手挖机圈\\_-1965603458_27\\pages\\kanjia\\kanjia.js"}},{"type":"read","from":{"name":"data","loc":{"line":4,"column":4},"id":26046,"file":"D:\\WORK\\2022\\论文相关\\benchmark\\miniapp\\998二手挖机圈\\_-1965603458_27\\pages\\kanjia\\kanjia.js"},"to":{"name":"this","loc":{"line":14,"column":16},"id":26079,"file":"D:\\WORK\\2022\\论文相关\\benchmark\\miniapp\\998二手挖机圈\\_-1965603458_27\\pages\\kanjia\\kanjia.js"}},{"type":"read","from":{"name":"data","loc":{"line":4,"column":4},"id":26046,"file":"D:\\WORK\\2022\\论文相关\\benchmark\\miniapp\\998二手挖机圈\\_-1965603458_27\\pages\\kanjia\\kanjia.js"},"to":{"name":"this","loc":{"line":33,"column":16},"id":26178,"file":"D:\\WORK\\2022\\论文相关\\benchmark\\miniapp\\998二手挖机圈\\_-1965603458_27\\pages\\kanjia\\kanjia.js"}},{"type":"read","from":{"name":"data","loc":{"line":4,"column":4},"id":26046,"file":"D:\\WORK\\2022\\论文相关\\benchmark\\miniapp\\998二手挖机圈\\_-1965603458_27\\pages\\kanjia\\kanjia.js"},"to":{"name":"this","loc":{"line":52,"column":16},"id":26246,"file":"D:\\WORK\\2022\\论文相关\\benchmark\\miniapp\\998二手挖机圈\\_-1965603458_27\\pages\\kanjia\\kanjia.js"}},{"type":"read","from":{"name":"data","loc":{"line":4,"column":4},"id":26046,"file":"D:\\WORK\\2022\\论文相关\\benchmark\\miniapp\\998二手挖机圈\\_-1965603458_27\\pages\\kanjia\\kanjia.js"},"to":{"name":"this","loc":{"line":57,"column":20},"id":26280,"file":"D:\\WORK\\2022\\论文相关\\benchmark\\miniapp\\998二手挖机圈\\_-1965603458_27\\pages\\kanjia\\kanjia.js"}},{"type":"assign to","from":{"name":"this","loc":{"line":57,"column":20},"id":26280,"file":"D:\\WORK\\2022\\论文相关\\benchmark\\miniapp\\998二手挖机圈\\_-1965603458_27\\pages\\kanjia\\kanjia.js"},"to":{"name":"e","loc":{"line":57,"column":16},"id":26279,"file":"D:\\WORK\\2022\\论文相关\\benchmark\\miniapp\\998二手挖机圈\\_-1965603458_27\\pages\\kanjia\\kanjia.js"}},{"type":"assign to","from":{"name":"this","loc":{"line":52,"column":16},"id":26246,"file":"D:\\WORK\\2022\\论文相关\\benchmark\\miniapp\\998二手挖机圈\\_-1965603458_27\\pages\\kanjia\\kanjia.js"},"to":{"name":"a","loc":{"line":52,"column":12},"id":26245,"file":"D:\\WORK\\2022\\论文相关\\benchmark\\miniapp\\998二手挖机圈\\_-1965603458_27\\pages\\kanjia\\kanjia.js"}},{"type":"assign to","from":{"name":"this","loc":{"line":33,"column":16},"id":26178,"file":"D:\\WORK\\2022\\论文相关\\benchmark\\miniapp\\998二手挖机圈\\_-1965603458_27\\pages\\kanjia\\kanjia.js"},"to":{"name":"a","loc":{"line":33,"column":12},"id":26177,"file":"D:\\WORK\\2022\\论文相关\\benchmark\\miniapp\\998二手挖机圈\\_-1965603458_27\\pages\\kanjia\\kanjia.js"}},{"type":"assign to","from":{"name":"this","loc":{"line":14,"column":16},"id":26079,"file":"D:\\WORK\\2022\\论文相关\\benchmark\\miniapp\\998二手挖机圈\\_-1965603458_27\\pages\\kanjia\\kanjia.js"},"to":{"name":"e","loc":{"line":14,"column":12},"id":26078,"file":"D:\\WORK\\2022\\论文相关\\benchmark\\miniapp\\998二手挖机圈\\_-1965603458_27\\pages\\kanjia\\kanjia.js"}}]}]}],"writeShadows":[{"shadowVar":{"declaredName":"__object__4.tabs","declaredLoc":{"line":5,"column":8},"file":"D:\\WORK\\2022\\论文相关\\benchmark\\miniapp\\998二手挖机圈\\_-1965603458_27\\pages\\kanjia\\kanjia.js"},"writeAccess":[]}]},{"propName":".activeIndex","readShadows":[{"shadowVar":{"declaredName":"__object__4.activeIndex","declaredLoc":{"line":6,"column":8},"file":"D:\\WORK\\2022\\论文相关\\benchmark\\miniapp\\998二手挖机圈\\_-1965603458_27\\pages\\kanjia\\kanjia.js"},"readAccess":[{"leftVar":[{"declaredName":"__object__3.data","declaredLoc":{"line":4,"column":4},"file":"D:\\WORK\\2022\\论文相关\\benchmark\\miniapp\\998二手挖机圈\\_-1965603458_27\\pages\\kanjia\\kanjia.js"}],"readFlow":[{"type":"assign to","from":{"name":"activeIndex","loc":{"line":6,"column":8},"id":26054,"file":"D:\\WORK\\2022\\论文相关\\benchmark\\miniapp\\998二手挖机圈\\_-1965603458_27\\pages\\kanjia\\kanjia.js"},"to":{"name":"data","loc":{"line":4,"column":4},"id":26046,"file":"D:\\WORK\\2022\\论文相关\\benchmark\\miniapp\\998二手挖机圈\\_-1965603458_27\\pages\\kanjia\\kanjia.js"}},{"type":"to callee","from":{"name":"data","loc":{"line":4,"column":4},"id":26046,"file":"D:\\WORK\\2022\\论文相关\\benchmark\\miniapp\\998二手挖机圈\\_-1965603458_27\\pages\\kanjia\\kanjia.js"},"to":{"name":"Page","loc":{"line":3,"column":0},"id":26043,"file":"D:\\WORK\\2022\\论文相关\\benchmark\\miniapp\\998二手挖机圈\\_-1965603458_27\\pages\\kanjia\\kanjia.js"}},{"type":"read","from":{"name":"data","loc":{"line":4,"column":4},"id":26046,"file":"D:\\WORK\\2022\\论文相关\\benchmark\\miniapp\\998二手挖机圈\\_-1965603458_27\\pages\\kanjia\\kanjia.js"},"to":{"name":"this","loc":{"line":14,"column":16},"id":26079,"file":"D:\\WORK\\2022\\论文相关\\benchmark\\miniapp\\998二手挖机圈\\_-1965603458_27\\pages\\kanjia\\kanjia.js"}},{"type":"read","from":{"name":"data","loc":{"line":4,"column":4},"id":26046,"file":"D:\\WORK\\2022\\论文相关\\benchmark\\miniapp\\998二手挖机圈\\_-1965603458_27\\pages\\kanjia\\kanjia.js"},"to":{"name":"this","loc":{"line":33,"column":16},"id":26178,"file":"D:\\WORK\\2022\\论文相关\\benchmark\\miniapp\\998二手挖机圈\\_-1965603458_27\\pages\\kanjia\\kanjia.js"}},{"type":"read","from":{"name":"data","loc":{"line":4,"column":4},"id":26046,"file":"D:\\WORK\\2022\\论文相关\\benchmark\\miniapp\\998二手挖机圈\\_-1965603458_27\\pages\\kanjia\\kanjia.js"},"to":{"name":"this","loc":{"line":52,"column":16},"id":26246,"file":"D:\\WORK\\2022\\论文相关\\benchmark\\miniapp\\998二手挖机圈\\_-1965603458_27\\pages\\kanjia\\kanjia.js"}},{"type":"read","from":{"name":"data","loc":{"line":4,"column":4},"id":26046,"file":"D:\\WORK\\2022\\论文相关\\benchmark\\miniapp\\998二手挖机圈\\_-1965603458_27\\pages\\kanjia\\kanjia.js"},"to":{"name":"this","loc":{"line":57,"column":20},"id":26280,"file":"D:\\WORK\\2022\\论文相关\\benchmark\\miniapp\\998二手挖机圈\\_-1965603458_27\\pages\\kanjia\\kanjia.js"}},{"type":"assign to","from":{"name":"this","loc":{"line":57,"column":20},"id":26280,"file":"D:\\WORK\\2022\\论文相关\\benchmark\\miniapp\\998二手挖机圈\\_-1965603458_27\\pages\\kanjia\\kanjia.js"},"to":{"name":"e","loc":{"line":57,"column":16},"id":26279,"file":"D:\\WORK\\2022\\论文相关\\benchmark\\miniapp\\998二手挖机圈\\_-1965603458_27\\pages\\kanjia\\kanjia.js"}},{"type":"assign to","from":{"name":"this","loc":{"line":52,"column":16},"id":26246,"file":"D:\\WORK\\2022\\论文相关\\benchmark\\miniapp\\998二手挖机圈\\_-1965603458_27\\pages\\kanjia\\kanjia.js"},"to":{"name":"a","loc":{"line":52,"column":12},"id":26245,"file":"D:\\WORK\\2022\\论文相关\\benchmark\\miniapp\\998二手挖机圈\\_-1965603458_27\\pages\\kanjia\\kanjia.js"}},{"type":"assign to","from":{"name":"this","loc":{"line":33,"column":16},"id":26178,"file":"D:\\WORK\\2022\\论文相关\\benchmark\\miniapp\\998二手挖机圈\\_-1965603458_27\\pages\\kanjia\\kanjia.js"},"to":{"name":"a","loc":{"line":33,"column":12},"id":26177,"file":"D:\\WORK\\2022\\论文相关\\benchmark\\miniapp\\998二手挖机圈\\_-1965603458_27\\pages\\kanjia\\kanjia.js"}},{"type":"assign to","from":{"name":"this","loc":{"line":14,"column":16},"id":26079,"file":"D:\\WORK\\2022\\论文相关\\benchmark\\miniapp\\998二手挖机圈\\_-1965603458_27\\pages\\kanjia\\kanjia.js"},"to":{"name":"e","loc":{"line":14,"column":12},"id":26078,"file":"D:\\WORK\\2022\\论文相关\\benchmark\\miniapp\\998二手挖机圈\\_-1965603458_27\\pages\\kanjia\\kanjia.js"}}]},{"leftVar":[{"declaredName":"__object__19.sliderOffset","declaredLoc":{"line":21,"column":20},"file":"D:\\WORK\\2022\\论文相关\\benchmark\\miniapp\\998二手挖机圈\\_-1965603458_27\\pages\\kanjia\\kanjia.js"}],"readFlow":[{"type":"assign to","from":{"name":"e.data.activeIndex","loc":{"line":21,"column":71},"id":26141,"file":"D:\\WORK\\2022\\论文相关\\benchmark\\miniapp\\998二手挖机圈\\_-1965603458_27\\pages\\kanjia\\kanjia.js"},"to":{"name":"sliderOffset","loc":{"line":21,"column":20},"id":26128,"file":"D:\\WORK\\2022\\论文相关\\benchmark\\miniapp\\998二手挖机圈\\_-1965603458_27\\pages\\kanjia\\kanjia.js"}},{"type":"to callee","from":{"name":"sliderOffset","loc":{"line":21,"column":20},"id":26128,"file":"D:\\WORK\\2022\\论文相关\\benchmark\\miniapp\\998二手挖机圈\\_-1965603458_27\\pages\\kanjia\\kanjia.js"},"to":{"name":"e.setData","loc":{"line":19,"column":16},"id":26106,"file":"D:\\WORK\\2022\\论文相关\\benchmark\\miniapp\\998二手挖机圈\\_-1965603458_27\\pages\\kanjia\\kanjia.js"}}]}]}],"writeShadows":[{"shadowVar":{"declaredName":"__object__4.activeIndex","declaredLoc":{"line":6,"column":8},"file":"D:\\WORK\\2022\\论文相关\\benchmark\\miniapp\\998二手挖机圈\\_-1965603458_27\\pages\\kanjia\\kanjia.js"},"writeAccess":[]}]},{"propName":".sliderOffset","readShadows":[{"shadowVar":{"declaredName":"__object__4.sliderOffset","declaredLoc":{"line":7,"column":8},"file":"D:\\WORK\\2022\\论文相关\\benchmark\\miniapp\\998二手挖机圈\\_-1965603458_27\\pages\\kanjia\\kanjia.js"},"readAccess":[{"leftVar":[{"declaredName":"__object__3.data","declaredLoc":{"line":4,"column":4},"file":"D:\\WORK\\2022\\论文相关\\benchmark\\miniapp\\998二手挖机圈\\_-1965603458_27\\pages\\kanjia\\kanjia.js"}],"readFlow":[{"type":"assign to","from":{"name":"sliderOffset","loc":{"line":7,"column":8},"id":26057,"file":"D:\\WORK\\2022\\论文相关\\benchmark\\miniapp\\998二手挖机圈\\_-1965603458_27\\pages\\kanjia\\kanjia.js"},"to":{"name":"data","loc":{"line":4,"column":4},"id":26046,"file":"D:\\WORK\\2022\\论文相关\\benchmark\\miniapp\\998二手挖机圈\\_-1965603458_27\\pages\\kanjia\\kanjia.js"}},{"type":"to callee","from":{"name":"data","loc":{"line":4,"column":4},"id":26046,"file":"D:\\WORK\\2022\\论文相关\\benchmark\\miniapp\\998二手挖机圈\\_-1965603458_27\\pages\\kanjia\\kanjia.js"},"to":{"name":"Page","loc":{"line":3,"column":0},"id":26043,"file":"D:\\WORK\\2022\\论文相关\\benchmark\\miniapp\\998二手挖机圈\\_-1965603458_27\\pages\\kanjia\\kanjia.js"}},{"type":"read","from":{"name":"data","loc":{"line":4,"column":4},"id":26046,"file":"D:\\WORK\\2022\\论文相关\\benchmark\\miniapp\\998二手挖机圈\\_-1965603458_27\\pages\\kanjia\\kanjia.js"},"to":{"name":"this","loc":{"line":14,"column":16},"id":26079,"file":"D:\\WORK\\2022\\论文相关\\benchmark\\miniapp\\998二手挖机圈\\_-1965603458_27\\pages\\kanjia\\kanjia.js"}},{"type":"read","from":{"name":"data","loc":{"line":4,"column":4},"id":26046,"file":"D:\\WORK\\2022\\论文相关\\benchmark\\miniapp\\998二手挖机圈\\_-1965603458_27\\pages\\kanjia\\kanjia.js"},"to":{"name":"this","loc":{"line":33,"column":16},"id":26178,"file":"D:\\WORK\\2022\\论文相关\\benchmark\\miniapp\\998二手挖机圈\\_-1965603458_27\\pages\\kanjia\\kanjia.js"}},{"type":"read","from":{"name":"data","loc":{"line":4,"column":4},"id":26046,"file":"D:\\WORK\\2022\\论文相关\\benchmark\\miniapp\\998二手挖机圈\\_-1965603458_27\\pages\\kanjia\\kanjia.js"},"to":{"name":"this","loc":{"line":52,"column":16},"id":26246,"file":"D:\\WORK\\2022\\论文相关\\benchmark\\miniapp\\998二手挖机圈\\_-1965603458_27\\pages\\kanjia\\kanjia.js"}},{"type":"read","from":{"name":"data","loc":{"line":4,"column":4},"id":26046,"file":"D:\\WORK\\2022\\论文相关\\benchmark\\miniapp\\998二手挖机圈\\_-1965603458_27\\pages\\kanjia\\kanjia.js"},"to":{"name":"this","loc":{"line":57,"column":20},"id":26280,"file":"D:\\WORK\\2022\\论文相关\\benchmark\\miniapp\\998二手挖机圈\\_-1965603458_27\\pages\\kanjia\\kanjia.js"}},{"type":"assign to","from":{"name":"this","loc":{"line":57,"column":20},"id":26280,"file":"D:\\WORK\\2022\\论文相关\\benchmark\\miniapp\\998二手挖机圈\\_-1965603458_27\\pages\\kanjia\\kanjia.js"},"to":{"name":"e","loc":{"line":57,"column":16},"id":26279,"file":"D:\\WORK\\2022\\论文相关\\benchmark\\miniapp\\998二手挖机圈\\_-1965603458_27\\pages\\kanjia\\kanjia.js"}},{"type":"assign to","from":{"name":"this","loc":{"line":52,"column":16},"id":26246,"file":"D:\\WORK\\2022\\论文相关\\benchmark\\miniapp\\998二手挖机圈\\_-1965603458_27\\pages\\kanjia\\kanjia.js"},"to":{"name":"a","loc":{"line":52,"column":12},"id":26245,"file":"D:\\WORK\\2022\\论文相关\\benchmark\\miniapp\\998二手挖机圈\\_-1965603458_27\\pages\\kanjia\\kanjia.js"}},{"type":"assign to","from":{"name":"this","loc":{"line":33,"column":16},"id":26178,"file":"D:\\WORK\\2022\\论文相关\\benchmark\\miniapp\\998二手挖机圈\\_-1965603458_27\\pages\\kanjia\\kanjia.js"},"to":{"name":"a","loc":{"line":33,"column":12},"id":26177,"file":"D:\\WORK\\2022\\论文相关\\benchmark\\miniapp\\998二手挖机圈\\_-1965603458_27\\pages\\kanjia\\kanjia.js"}},{"type":"assign to","from":{"name":"this","loc":{"line":14,"column":16},"id":26079,"file":"D:\\WORK\\2022\\论文相关\\benchmark\\miniapp\\998二手挖机圈\\_-1965603458_27\\pages\\kanjia\\kanjia.js"},"to":{"name":"e","loc":{"line":14,"column":12},"id":26078,"file":"D:\\WORK\\2022\\论文相关\\benchmark\\miniapp\\998二手挖机圈\\_-1965603458_27\\pages\\kanjia\\kanjia.js"}}]}]}],"writeShadows":[{"shadowVar":{"declaredName":"__object__4.sliderOffset","declaredLoc":{"line":7,"column":8},"file":"D:\\WORK\\2022\\论文相关\\benchmark\\miniapp\\998二手挖机圈\\_-1965603458_27\\pages\\kanjia\\kanjia.js"},"writeAccess":[]}]},{"propName":".sliderLeft","readShadows":[{"shadowVar":{"declaredName":"__object__4.sliderLeft","declaredLoc":{"line":8,"column":8},"file":"D:\\WORK\\2022\\论文相关\\benchmark\\miniapp\\998二手挖机圈\\_-1965603458_27\\pages\\kanjia\\kanjia.js"},"readAccess":[{"leftVar":[{"declaredName":"__object__3.data","declaredLoc":{"line":4,"column":4},"file":"D:\\WORK\\2022\\论文相关\\benchmark\\miniapp\\998二手挖机圈\\_-1965603458_27\\pages\\kanjia\\kanjia.js"}],"readFlow":[{"type":"assign to","from":{"name":"sliderLeft","loc":{"line":8,"column":8},"id":26060,"file":"D:\\WORK\\2022\\论文相关\\benchmark\\miniapp\\998二手挖机圈\\_-1965603458_27\\pages\\kanjia\\kanjia.js"},"to":{"name":"data","loc":{"line":4,"column":4},"id":26046,"file":"D:\\WORK\\2022\\论文相关\\benchmark\\miniapp\\998二手挖机圈\\_-1965603458_27\\pages\\kanjia\\kanjia.js"}},{"type":"to callee","from":{"name":"data","loc":{"line":4,"column":4},"id":26046,"file":"D:\\WORK\\2022\\论文相关\\benchmark\\miniapp\\998二手挖机圈\\_-1965603458_27\\pages\\kanjia\\kanjia.js"},"to":{"name":"Page","loc":{"line":3,"column":0},"id":26043,"file":"D:\\WORK\\2022\\论文相关\\benchmark\\miniapp\\998二手挖机圈\\_-1965603458_27\\pages\\kanjia\\kanjia.js"}},{"type":"read","from":{"name":"data","loc":{"line":4,"column":4},"id":26046,"file":"D:\\WORK\\2022\\论文相关\\benchmark\\miniapp\\998二手挖机圈\\_-1965603458_27\\pages\\kanjia\\kanjia.js"},"to":{"name":"this","loc":{"line":14,"column":16},"id":26079,"file":"D:\\WORK\\2022\\论文相关\\benchmark\\miniapp\\998二手挖机圈\\_-1965603458_27\\pages\\kanjia\\kanjia.js"}},{"type":"read","from":{"name":"data","loc":{"line":4,"column":4},"id":26046,"file":"D:\\WORK\\2022\\论文相关\\benchmark\\miniapp\\998二手挖机圈\\_-1965603458_27\\pages\\kanjia\\kanjia.js"},"to":{"name":"this","loc":{"line":33,"column":16},"id":26178,"file":"D:\\WORK\\2022\\论文相关\\benchmark\\miniapp\\998二手挖机圈\\_-1965603458_27\\pages\\kanjia\\kanjia.js"}},{"type":"read","from":{"name":"data","loc":{"line":4,"column":4},"id":26046,"file":"D:\\WORK\\2022\\论文相关\\benchmark\\miniapp\\998二手挖机圈\\_-1965603458_27\\pages\\kanjia\\kanjia.js"},"to":{"name":"this","loc":{"line":52,"column":16},"id":26246,"file":"D:\\WORK\\2022\\论文相关\\benchmark\\miniapp\\998二手挖机圈\\_-1965603458_27\\pages\\kanjia\\kanjia.js"}},{"type":"read","from":{"name":"data","loc":{"line":4,"column":4},"id":26046,"file":"D:\\WORK\\2022\\论文相关\\benchmark\\miniapp\\998二手挖机圈\\_-1965603458_27\\pages\\kanjia\\kanjia.js"},"to":{"name":"this","loc":{"line":57,"column":20},"id":26280,"file":"D:\\WORK\\2022\\论文相关\\benchmark\\miniapp\\998二手挖机圈\\_-1965603458_27\\pages\\kanjia\\kanjia.js"}},{"type":"assign to","from":{"name":"this","loc":{"line":57,"column":20},"id":26280,"file":"D:\\WORK\\2022\\论文相关\\benchmark\\miniapp\\998二手挖机圈\\_-1965603458_27\\pages\\kanjia\\kanjia.js"},"to":{"name":"e","loc":{"line":57,"column":16},"id":26279,"file":"D:\\WORK\\2022\\论文相关\\benchmark\\miniapp\\998二手挖机圈\\_-1965603458_27\\pages\\kanjia\\kanjia.js"}},{"type":"assign to","from":{"name":"this","loc":{"line":52,"column":16},"id":26246,"file":"D:\\WORK\\2022\\论文相关\\benchmark\\miniapp\\998二手挖机圈\\_-1965603458_27\\pages\\kanjia\\kanjia.js"},"to":{"name":"a","loc":{"line":52,"column":12},"id":26245,"file":"D:\\WORK\\2022\\论文相关\\benchmark\\miniapp\\998二手挖机圈\\_-1965603458_27\\pages\\kanjia\\kanjia.js"}},{"type":"assign to","from":{"name":"this","loc":{"line":33,"column":16},"id":26178,"file":"D:\\WORK\\2022\\论文相关\\benchmark\\miniapp\\998二手挖机圈\\_-1965603458_27\\pages\\kanjia\\kanjia.js"},"to":{"name":"a","loc":{"line":33,"column":12},"id":26177,"file":"D:\\WORK\\2022\\论文相关\\benchmark\\miniapp\\998二手挖机圈\\_-1965603458_27\\pages\\kanjia\\kanjia.js"}},{"type":"assign to","from":{"name":"this","loc":{"line":14,"column":16},"id":26079,"file":"D:\\WORK\\2022\\论文相关\\benchmark\\miniapp\\998二手挖机圈\\_-1965603458_27\\pages\\kanjia\\kanjia.js"},"to":{"name":"e","loc":{"line":14,"column":12},"id":26078,"file":"D:\\WORK\\2022\\论文相关\\benchmark\\miniapp\\998二手挖机圈\\_-1965603458_27\\pages\\kanjia\\kanjia.js"}}]}]}],"writeShadows":[{"shadowVar":{"declaredName":"__object__4.sliderLeft","declaredLoc":{"line":8,"column":8},"file":"D:\\WORK\\2022\\论文相关\\benchmark\\miniapp\\998二手挖机圈\\_-1965603458_27\\pages\\kanjia\\kanjia.js"},"writeAccess":[]}]},{"propName":".usepoint","readShadows":[{"shadowVar":{"declaredName":"__object__4.usepoint","declaredLoc":{"line":9,"column":8},"file":"D:\\WORK\\2022\\论文相关\\benchmark\\miniapp\\998二手挖机圈\\_-1965603458_27\\pages\\kanjia\\kanjia.js"},"readAccess":[{"leftVar":[{"declaredName":"__object__3.data","declaredLoc":{"line":4,"column":4},"file":"D:\\WORK\\2022\\论文相关\\benchmark\\miniapp\\998二手挖机圈\\_-1965603458_27\\pages\\kanjia\\kanjia.js"}],"readFlow":[{"type":"assign to","from":{"name":"usepoint","loc":{"line":9,"column":8},"id":26063,"file":"D:\\WORK\\2022\\论文相关\\benchmark\\miniapp\\998二手挖机圈\\_-1965603458_27\\pages\\kanjia\\kanjia.js"},"to":{"name":"data","loc":{"line":4,"column":4},"id":26046,"file":"D:\\WORK\\2022\\论文相关\\benchmark\\miniapp\\998二手挖机圈\\_-1965603458_27\\pages\\kanjia\\kanjia.js"}},{"type":"to callee","from":{"name":"data","loc":{"line":4,"column":4},"id":26046,"file":"D:\\WORK\\2022\\论文相关\\benchmark\\miniapp\\998二手挖机圈\\_-1965603458_27\\pages\\kanjia\\kanjia.js"},"to":{"name":"Page","loc":{"line":3,"column":0},"id":26043,"file":"D:\\WORK\\2022\\论文相关\\benchmark\\miniapp\\998二手挖机圈\\_-1965603458_27\\pages\\kanjia\\kanjia.js"}},{"type":"read","from":{"name":"data","loc":{"line":4,"column":4},"id":26046,"file":"D:\\WORK\\2022\\论文相关\\benchmark\\miniapp\\998二手挖机圈\\_-1965603458_27\\pages\\kanjia\\kanjia.js"},"to":{"name":"this","loc":{"line":14,"column":16},"id":26079,"file":"D:\\WORK\\2022\\论文相关\\benchmark\\miniapp\\998二手挖机圈\\_-1965603458_27\\pages\\kanjia\\kanjia.js"}},{"type":"read","from":{"name":"data","loc":{"line":4,"column":4},"id":26046,"file":"D:\\WORK\\2022\\论文相关\\benchmark\\miniapp\\998二手挖机圈\\_-1965603458_27\\pages\\kanjia\\kanjia.js"},"to":{"name":"this","loc":{"line":33,"column":16},"id":26178,"file":"D:\\WORK\\2022\\论文相关\\benchmark\\miniapp\\998二手挖机圈\\_-1965603458_27\\pages\\kanjia\\kanjia.js"}},{"type":"read","from":{"name":"data","loc":{"line":4,"column":4},"id":26046,"file":"D:\\WORK\\2022\\论文相关\\benchmark\\miniapp\\998二手挖机圈\\_-1965603458_27\\pages\\kanjia\\kanjia.js"},"to":{"name":"this","loc":{"line":52,"column":16},"id":26246,"file":"D:\\WORK\\2022\\论文相关\\benchmark\\miniapp\\998二手挖机圈\\_-1965603458_27\\pages\\kanjia\\kanjia.js"}},{"type":"read","from":{"name":"data","loc":{"line":4,"column":4},"id":26046,"file":"D:\\WORK\\2022\\论文相关\\benchmark\\miniapp\\998二手挖机圈\\_-1965603458_27\\pages\\kanjia\\kanjia.js"},"to":{"name":"this","loc":{"line":57,"column":20},"id":26280,"file":"D:\\WORK\\2022\\论文相关\\benchmark\\miniapp\\998二手挖机圈\\_-1965603458_27\\pages\\kanjia\\kanjia.js"}},{"type":"assign to","from":{"name":"this","loc":{"line":57,"column":20},"id":26280,"file":"D:\\WORK\\2022\\论文相关\\benchmark\\miniapp\\998二手挖机圈\\_-1965603458_27\\pages\\kanjia\\kanjia.js"},"to":{"name":"e","loc":{"line":57,"column":16},"id":26279,"file":"D:\\WORK\\2022\\论文相关\\benchmark\\miniapp\\998二手挖机圈\\_-1965603458_27\\pages\\kanjia\\kanjia.js"}},{"type":"assign to","from":{"name":"this","loc":{"line":52,"column":16},"id":26246,"file":"D:\\WORK\\2022\\论文相关\\benchmark\\miniapp\\998二手挖机圈\\_-1965603458_27\\pages\\kanjia\\kanjia.js"},"to":{"name":"a","loc":{"line":52,"column":12},"id":26245,"file":"D:\\WORK\\2022\\论文相关\\benchmark\\miniapp\\998二手挖机圈\\_-1965603458_27\\pages\\kanjia\\kanjia.js"}},{"type":"assign to","from":{"name":"this","loc":{"line":33,"column":16},"id":26178,"file":"D:\\WORK\\2022\\论文相关\\benchmark\\miniapp\\998二手挖机圈\\_-1965603458_27\\pages\\kanjia\\kanjia.js"},"to":{"name":"a","loc":{"line":33,"column":12},"id":26177,"file":"D:\\WORK\\2022\\论文相关\\benchmark\\miniapp\\998二手挖机圈\\_-1965603458_27\\pages\\kanjia\\kanjia.js"}},{"type":"assign to","from":{"name":"this","loc":{"line":14,"column":16},"id":26079,"file":"D:\\WORK\\2022\\论文相关\\benchmark\\miniapp\\998二手挖机圈\\_-1965603458_27\\pages\\kanjia\\kanjia.js"},"to":{"name":"e","loc":{"line":14,"column":12},"id":26078,"file":"D:\\WORK\\2022\\论文相关\\benchmark\\miniapp\\998二手挖机圈\\_-1965603458_27\\pages\\kanjia\\kanjia.js"}}]},{"leftVar":[{"declaredName":"__object__65.usepoint","declaredLoc":{"line":68,"column":24},"file":"D:\\WORK\\2022\\论文相关\\benchmark\\miniapp\\998二手挖机圈\\_-1965603458_27\\pages\\kanjia\\kanjia.js"}],"readFlow":[{"type":"assign to","from":{"name":"e.data.usepoint","loc":{"line":68,"column":34},"id":26328,"file":"D:\\WORK\\2022\\论文相关\\benchmark\\miniapp\\998二手挖机圈\\_-1965603458_27\\pages\\kanjia\\kanjia.js"},"to":{"name":"usepoint","loc":{"line":68,"column":24},"id":26327,"file":"D:\\WORK\\2022\\论文相关\\benchmark\\miniapp\\998二手挖机圈\\_-1965603458_27\\pages\\kanjia\\kanjia.js"}},{"type":"assign to","from":{"name":"usepoint","loc":{"line":68,"column":24},"id":26327,"file":"D:\\WORK\\2022\\论文相关\\benchmark\\miniapp\\998二手挖机圈\\_-1965603458_27\\pages\\kanjia\\kanjia.js"},"to":{"name":"data","loc":{"line":65,"column":20},"id":26308,"file":"D:\\WORK\\2022\\论文相关\\benchmark\\miniapp\\998二手挖机圈\\_-1965603458_27\\pages\\kanjia\\kanjia.js"}},{"type":"to callee","from":{"name":"usepoint","loc":{"line":68,"column":24},"id":26327,"file":"D:\\WORK\\2022\\论文相关\\benchmark\\miniapp\\998二手挖机圈\\_-1965603458_27\\pages\\kanjia\\kanjia.js"},"to":{"name":"wx.request","loc":{"line":59,"column":16},"id":26291,"file":"D:\\WORK\\2022\\论文相关\\benchmark\\miniapp\\998二手挖机圈\\_-1965603458_27\\pages\\kanjia\\kanjia.js","sink":true}},{"type":"to callee","from":{"name":"data","loc":{"line":65,"column":20},"id":26308,"file":"D:\\WORK\\2022\\论文相关\\benchmark\\miniapp\\998二手挖机圈\\_-1965603458_27\\pages\\kanjia\\kanjia.js"},"to":{"name":"wx.request","loc":{"line":59,"column":16},"id":26291,"file":"D:\\WORK\\2022\\论文相关\\benchmark\\miniapp\\998二手挖机圈\\_-1965603458_27\\pages\\kanjia\\kanjia.js","sink":true}}]}]}],"writeShadows":[{"shadowVar":{"declaredName":"__object__4.usepoint","declaredLoc":{"line":9,"column":8},"file":"D:\\WORK\\2022\\论文相关\\benchmark\\miniapp\\998二手挖机圈\\_-1965603458_27\\pages\\kanjia\\kanjia.js"},"writeAccess":[]}]},{"propName":".gave_list","readShadows":[{"shadowVar":{"declaredName":"__object__4.gave_list","declaredLoc":{"line":10,"column":8},"file":"D:\\WORK\\2022\\论文相关\\benchmark\\miniapp\\998二手挖机圈\\_-1965603458_27\\pages\\kanjia\\kanjia.js"},"readAccess":[{"leftVar":[{"declaredName":"__object__3.data","declaredLoc":{"line":4,"column":4},"file":"D:\\WORK\\2022\\论文相关\\benchmark\\miniapp\\998二手挖机圈\\_-1965603458_27\\pages\\kanjia\\kanjia.js"}],"readFlow":[{"type":"assign to","from":{"name":"gave_list","loc":{"line":10,"column":8},"id":26066,"file":"D:\\WORK\\2022\\论文相关\\benchmark\\miniapp\\998二手挖机圈\\_-1965603458_27\\pages\\kanjia\\kanjia.js"},"to":{"name":"data","loc":{"line":4,"column":4},"id":26046,"file":"D:\\WORK\\2022\\论文相关\\benchmark\\miniapp\\998二手挖机圈\\_-1965603458_27\\pages\\kanjia\\kanjia.js"}},{"type":"to callee","from":{"name":"data","loc":{"line":4,"column":4},"id":26046,"file":"D:\\WORK\\2022\\论文相关\\benchmark\\miniapp\\998二手挖机圈\\_-1965603458_27\\pages\\kanjia\\kanjia.js"},"to":{"name":"Page","loc":{"line":3,"column":0},"id":26043,"file":"D:\\WORK\\2022\\论文相关\\benchmark\\miniapp\\998二手挖机圈\\_-1965603458_27\\pages\\kanjia\\kanjia.js"}},{"type":"read","from":{"name":"data","loc":{"line":4,"column":4},"id":26046,"file":"D:\\WORK\\2022\\论文相关\\benchmark\\miniapp\\998二手挖机圈\\_-1965603458_27\\pages\\kanjia\\kanjia.js"},"to":{"name":"this","loc":{"line":14,"column":16},"id":26079,"file":"D:\\WORK\\2022\\论文相关\\benchmark\\miniapp\\998二手挖机圈\\_-1965603458_27\\pages\\kanjia\\kanjia.js"}},{"type":"read","from":{"name":"data","loc":{"line":4,"column":4},"id":26046,"file":"D:\\WORK\\2022\\论文相关\\benchmark\\miniapp\\998二手挖机圈\\_-1965603458_27\\pages\\kanjia\\kanjia.js"},"to":{"name":"this","loc":{"line":33,"column":16},"id":26178,"file":"D:\\WORK\\2022\\论文相关\\benchmark\\miniapp\\998二手挖机圈\\_-1965603458_27\\pages\\kanjia\\kanjia.js"}},{"type":"read","from":{"name":"data","loc":{"line":4,"column":4},"id":26046,"file":"D:\\WORK\\2022\\论文相关\\benchmark\\miniapp\\998二手挖机圈\\_-1965603458_27\\pages\\kanjia\\kanjia.js"},"to":{"name":"this","loc":{"line":52,"column":16},"id":26246,"file":"D:\\WORK\\2022\\论文相关\\benchmark\\miniapp\\998二手挖机圈\\_-1965603458_27\\pages\\kanjia\\kanjia.js"}},{"type":"read","from":{"name":"data","loc":{"line":4,"column":4},"id":26046,"file":"D:\\WORK\\2022\\论文相关\\benchmark\\miniapp\\998二手挖机圈\\_-1965603458_27\\pages\\kanjia\\kanjia.js"},"to":{"name":"this","loc":{"line":57,"column":20},"id":26280,"file":"D:\\WORK\\2022\\论文相关\\benchmark\\miniapp\\998二手挖机圈\\_-1965603458_27\\pages\\kanjia\\kanjia.js"}},{"type":"assign to","from":{"name":"this","loc":{"line":57,"column":20},"id":26280,"file":"D:\\WORK\\2022\\论文相关\\benchmark\\miniapp\\998二手挖机圈\\_-1965603458_27\\pages\\kanjia\\kanjia.js"},"to":{"name":"e","loc":{"line":57,"column":16},"id":26279,"file":"D:\\WORK\\2022\\论文相关\\benchmark\\miniapp\\998二手挖机圈\\_-1965603458_27\\pages\\kanjia\\kanjia.js"}},{"type":"assign to","from":{"name":"this","loc":{"line":52,"column":16},"id":26246,"file":"D:\\WORK\\2022\\论文相关\\benchmark\\miniapp\\998二手挖机圈\\_-1965603458_27\\pages\\kanjia\\kanjia.js"},"to":{"name":"a","loc":{"line":52,"column":12},"id":26245,"file":"D:\\WORK\\2022\\论文相关\\benchmark\\miniapp\\998二手挖机圈\\_-1965603458_27\\pages\\kanjia\\kanjia.js"}},{"type":"assign to","from":{"name":"this","loc":{"line":33,"column":16},"id":26178,"file":"D:\\WORK\\2022\\论文相关\\benchmark\\miniapp\\998二手挖机圈\\_-1965603458_27\\pages\\kanjia\\kanjia.js"},"to":{"name":"a","loc":{"line":33,"column":12},"id":26177,"file":"D:\\WORK\\2022\\论文相关\\benchmark\\miniapp\\998二手挖机圈\\_-1965603458_27\\pages\\kanjia\\kanjia.js"}},{"type":"assign to","from":{"name":"this","loc":{"line":14,"column":16},"id":26079,"file":"D:\\WORK\\2022\\论文相关\\benchmark\\miniapp\\998二手挖机圈\\_-1965603458_27\\pages\\kanjia\\kanjia.js"},"to":{"name":"e","loc":{"line":14,"column":12},"id":26078,"file":"D:\\WORK\\2022\\论文相关\\benchmark\\miniapp\\998二手挖机圈\\_-1965603458_27\\pages\\kanjia\\kanjia.js"}}]}]}],"writeShadows":[{"shadowVar":{"declaredName":"__object__4.gave_list","declaredLoc":{"line":10,"column":8},"file":"D:\\WORK\\2022\\论文相关\\benchmark\\miniapp\\998二手挖机圈\\_-1965603458_27\\pages\\kanjia\\kanjia.js"},"writeAccess":[]}]},{"propName":".receive_list","readShadows":[{"shadowVar":{"declaredName":"__object__4.receive_list","declaredLoc":{"line":11,"column":8},"file":"D:\\WORK\\2022\\论文相关\\benchmark\\miniapp\\998二手挖机圈\\_-1965603458_27\\pages\\kanjia\\kanjia.js"},"readAccess":[{"leftVar":[{"declaredName":"__object__3.data","declaredLoc":{"line":4,"column":4},"file":"D:\\WORK\\2022\\论文相关\\benchmark\\miniapp\\998二手挖机圈\\_-1965603458_27\\pages\\kanjia\\kanjia.js"}],"readFlow":[{"type":"assign to","from":{"name":"receive_list","loc":{"line":11,"column":8},"id":26069,"file":"D:\\WORK\\2022\\论文相关\\benchmark\\miniapp\\998二手挖机圈\\_-1965603458_27\\pages\\kanjia\\kanjia.js"},"to":{"name":"data","loc":{"line":4,"column":4},"id":26046,"file":"D:\\WORK\\2022\\论文相关\\benchmark\\miniapp\\998二手挖机圈\\_-1965603458_27\\pages\\kanjia\\kanjia.js"}},{"type":"to callee","from":{"name":"data","loc":{"line":4,"column":4},"id":26046,"file":"D:\\WORK\\2022\\论文相关\\benchmark\\miniapp\\998二手挖机圈\\_-1965603458_27\\pages\\kanjia\\kanjia.js"},"to":{"name":"Page","loc":{"line":3,"column":0},"id":26043,"file":"D:\\WORK\\2022\\论文相关\\benchmark\\miniapp\\998二手挖机圈\\_-1965603458_27\\pages\\kanjia\\kanjia.js"}},{"type":"read","from":{"name":"data","loc":{"line":4,"column":4},"id":26046,"file":"D:\\WORK\\2022\\论文相关\\benchmark\\miniapp\\998二手挖机圈\\_-1965603458_27\\pages\\kanjia\\kanjia.js"},"to":{"name":"this","loc":{"line":14,"column":16},"id":26079,"file":"D:\\WORK\\2022\\论文相关\\benchmark\\miniapp\\998二手挖机圈\\_-1965603458_27\\pages\\kanjia\\kanjia.js"}},{"type":"read","from":{"name":"data","loc":{"line":4,"column":4},"id":26046,"file":"D:\\WORK\\2022\\论文相关\\benchmark\\miniapp\\998二手挖机圈\\_-1965603458_27\\pages\\kanjia\\kanjia.js"},"to":{"name":"this","loc":{"line":33,"column":16},"id":26178,"file":"D:\\WORK\\2022\\论文相关\\benchmark\\miniapp\\998二手挖机圈\\_-1965603458_27\\pages\\kanjia\\kanjia.js"}},{"type":"read","from":{"name":"data","loc":{"line":4,"column":4},"id":26046,"file":"D:\\WORK\\2022\\论文相关\\benchmark\\miniapp\\998二手挖机圈\\_-1965603458_27\\pages\\kanjia\\kanjia.js"},"to":{"name":"this","loc":{"line":52,"column":16},"id":26246,"file":"D:\\WORK\\2022\\论文相关\\benchmark\\miniapp\\998二手挖机圈\\_-1965603458_27\\pages\\kanjia\\kanjia.js"}},{"type":"read","from":{"name":"data","loc":{"line":4,"column":4},"id":26046,"file":"D:\\WORK\\2022\\论文相关\\benchmark\\miniapp\\998二手挖机圈\\_-1965603458_27\\pages\\kanjia\\kanjia.js"},"to":{"name":"this","loc":{"line":57,"column":20},"id":26280,"file":"D:\\WORK\\2022\\论文相关\\benchmark\\miniapp\\998二手挖机圈\\_-1965603458_27\\pages\\kanjia\\kanjia.js"}},{"type":"assign to","from":{"name":"this","loc":{"line":57,"column":20},"id":26280,"file":"D:\\WORK\\2022\\论文相关\\benchmark\\miniapp\\998二手挖机圈\\_-1965603458_27\\pages\\kanjia\\kanjia.js"},"to":{"name":"e","loc":{"line":57,"column":16},"id":26279,"file":"D:\\WORK\\2022\\论文相关\\benchmark\\miniapp\\998二手挖机圈\\_-1965603458_27\\pages\\kanjia\\kanjia.js"}},{"type":"assign to","from":{"name":"this","loc":{"line":52,"column":16},"id":26246,"file":"D:\\WORK\\2022\\论文相关\\benchmark\\miniapp\\998二手挖机圈\\_-1965603458_27\\pages\\kanjia\\kanjia.js"},"to":{"name":"a","loc":{"line":52,"column":12},"id":26245,"file":"D:\\WORK\\2022\\论文相关\\benchmark\\miniapp\\998二手挖机圈\\_-1965603458_27\\pages\\kanjia\\kanjia.js"}},{"type":"assign to","from":{"name":"this","loc":{"line":33,"column":16},"id":26178,"file":"D:\\WORK\\2022\\论文相关\\benchmark\\miniapp\\998二手挖机圈\\_-1965603458_27\\pages\\kanjia\\kanjia.js"},"to":{"name":"a","loc":{"line":33,"column":12},"id":26177,"file":"D:\\WORK\\2022\\论文相关\\benchmark\\miniapp\\998二手挖机圈\\_-1965603458_27\\pages\\kanjia\\kanjia.js"}},{"type":"assign to","from":{"name":"this","loc":{"line":14,"column":16},"id":26079,"file":"D:\\WORK\\2022\\论文相关\\benchmark\\miniapp\\998二手挖机圈\\_-1965603458_27\\pages\\kanjia\\kanjia.js"},"to":{"name":"e","loc":{"line":14,"column":12},"id":26078,"file":"D:\\WORK\\2022\\论文相关\\benchmark\\miniapp\\998二手挖机圈\\_-1965603458_27\\pages\\kanjia\\kanjia.js"}}]}]}],"writeShadows":[{"shadowVar":{"declaredName":"__object__4.receive_list","declaredLoc":{"line":11,"column":8},"file":"D:\\WORK\\2022\\论文相关\\benchmark\\miniapp\\998二手挖机圈\\_-1965603458_27\\pages\\kanjia\\kanjia.js"},"writeAccess":[]}]},{"propName":".to_id","readShadows":[{"shadowVar":{"declaredName":"__object__4.to_id","file":"D:\\WORK\\2022\\论文相关\\benchmark\\miniapp\\998二手挖机圈\\_-1965603458_27\\pages\\kanjia\\kanjia.js"},"readAccess":[{"leftVar":[{"declaredName":"__object__65.toid","declaredLoc":{"line":67,"column":24},"file":"D:\\WORK\\2022\\论文相关\\benchmark\\miniapp\\998二手挖机圈\\_-1965603458_27\\pages\\kanjia\\kanjia.js"}],"readFlow":[{"type":"assign to","from":{"name":"e.data.to_id","loc":{"line":67,"column":30},"id":26321,"file":"D:\\WORK\\2022\\论文相关\\benchmark\\miniapp\\998二手挖机圈\\_-1965603458_27\\pages\\kanjia\\kanjia.js"},"to":{"name":"toid","loc":{"line":67,"column":24},"id":26320,"file":"D:\\WORK\\2022\\论文相关\\benchmark\\miniapp\\998二手挖机圈\\_-1965603458_27\\pages\\kanjia\\kanjia.js"}},{"type":"assign to","from":{"name":"toid","loc":{"line":67,"column":24},"id":26320,"file":"D:\\WORK\\2022\\论文相关\\benchmark\\miniapp\\998二手挖机圈\\_-1965603458_27\\pages\\kanjia\\kanjia.js"},"to":{"name":"data","loc":{"line":65,"column":20},"id":26308,"file":"D:\\WORK\\2022\\论文相关\\benchmark\\miniapp\\998二手挖机圈\\_-1965603458_27\\pages\\kanjia\\kanjia.js"}},{"type":"to callee","from":{"name":"toid","loc":{"line":67,"column":24},"id":26320,"file":"D:\\WORK\\2022\\论文相关\\benchmark\\miniapp\\998二手挖机圈\\_-1965603458_27\\pages\\kanjia\\kanjia.js"},"to":{"name":"wx.request","loc":{"line":59,"column":16},"id":26291,"file":"D:\\WORK\\2022\\论文相关\\benchmark\\miniapp\\998二手挖机圈\\_-1965603458_27\\pages\\kanjia\\kanjia.js","sink":true}},{"type":"to callee","from":{"name":"data","loc":{"line":65,"column":20},"id":26308,"file":"D:\\WORK\\2022\\论文相关\\benchmark\\miniapp\\998二手挖机圈\\_-1965603458_27\\pages\\kanjia\\kanjia.js"},"to":{"name":"wx.request","loc":{"line":59,"column":16},"id":26291,"file":"D:\\WORK\\2022\\论文相关\\benchmark\\miniapp\\998二手挖机圈\\_-1965603458_27\\pages\\kanjia\\kanjia.js","sink":true}}]}]}],"writeShadows":[{"shadowVar":{"declaredName":"__object__4.to_id","file":"D:\\WORK\\2022\\论文相关\\benchmark\\miniapp\\998二手挖机圈\\_-1965603458_27\\pages\\kanjia\\kanjia.js"},"writeAccess":[]}]}]},{"shadowObjectVar":"我出的价","dynamicDefinedProps":[{"propName":".length","readShadows":[{"shadowVar":{"declaredName":"我出的价.length","file":"D:\\WORK\\2022\\论文相关\\benchmark\\miniapp\\998二手挖机圈\\_-1965603458_27\\pages\\kanjia\\kanjia.js"},"readAccess":[{"leftVar":[{"declaredName":"__object__19.sliderLeft","declaredLoc":{"line":20,"column":20},"file":"D:\\WORK\\2022\\论文相关\\benchmark\\miniapp\\998二手挖机圈\\_-1965603458_27\\pages\\kanjia\\kanjia.js"}],"readFlow":[{"type":"assign to","from":{"name":"e.data.tabs.length","loc":{"line":20,"column":49},"id":26118,"file":"D:\\WORK\\2022\\论文相关\\benchmark\\miniapp\\998二手挖机圈\\_-1965603458_27\\pages\\kanjia\\kanjia.js"},"to":{"name":"sliderLeft","loc":{"line":20,"column":20},"id":26111,"file":"D:\\WORK\\2022\\论文相关\\benchmark\\miniapp\\998二手挖机圈\\_-1965603458_27\\pages\\kanjia\\kanjia.js"}},{"type":"to callee","from":{"name":"sliderLeft","loc":{"line":20,"column":20},"id":26111,"file":"D:\\WORK\\2022\\论文相关\\benchmark\\miniapp\\998二手挖机圈\\_-1965603458_27\\pages\\kanjia\\kanjia.js"},"to":{"name":"e.setData","loc":{"line":19,"column":16},"id":26106,"file":"D:\\WORK\\2022\\论文相关\\benchmark\\miniapp\\998二手挖机圈\\_-1965603458_27\\pages\\kanjia\\kanjia.js"}}]},{"leftVar":[{"declaredName":"__object__19.sliderOffset","declaredLoc":{"line":21,"column":20},"file":"D:\\WORK\\2022\\论文相关\\benchmark\\miniapp\\998二手挖机圈\\_-1965603458_27\\pages\\kanjia\\kanjia.js"}],"readFlow":[{"type":"assign to","from":{"name":"e.data.tabs.length","loc":{"line":21,"column":50},"id":26134,"file":"D:\\WORK\\2022\\论文相关\\benchmark\\miniapp\\998二手挖机圈\\_-1965603458_27\\pages\\kanjia\\kanjia.js"},"to":{"name":"sliderOffset","loc":{"line":21,"column":20},"id":26128,"file":"D:\\WORK\\2022\\论文相关\\benchmark\\miniapp\\998二手挖机圈\\_-1965603458_27\\pages\\kanjia\\kanjia.js"}},{"type":"to callee","from":{"name":"sliderOffset","loc":{"line":21,"column":20},"id":26128,"file":"D:\\WORK\\2022\\论文相关\\benchmark\\miniapp\\998二手挖机圈\\_-1965603458_27\\pages\\kanjia\\kanjia.js"},"to":{"name":"e.setData","loc":{"line":19,"column":16},"id":26106,"file":"D:\\WORK\\2022\\论文相关\\benchmark\\miniapp\\998二手挖机圈\\_-1965603458_27\\pages\\kanjia\\kanjia.js"}}]}]}],"writeShadows":[{"shadowVar":{"declaredName":"我出的价.length","file":"D:\\WORK\\2022\\论文相关\\benchmark\\miniapp\\998二手挖机圈\\_-1965603458_27\\pages\\kanjia\\kanjia.js"},"writeAccess":[]}]}]}]}