{"definedData":[],"dynamicDefinedData":[{"shadowObjectVar":"__object__12","dynamicDefinedProps":[{"propName":".userInfo","readShadows":[{"shadowVar":{"declaredName":"__object__12.userInfo","declaredLoc":{"line":13,"column":8},"file":"D:\\WORK\\2021\\MPDF\\white_paper\\json\\dataset2.3wxapkg\\动图宇宙\\_431774825_38\\app.js"},"readAccess":[{"leftVar":[{"declaredName":"__object__11.globalData","declaredLoc":{"line":12,"column":4},"file":"D:\\WORK\\2021\\MPDF\\white_paper\\json\\dataset2.3wxapkg\\动图宇宙\\_431774825_38\\app.js"}],"readFlow":[{"type":"assign to","from":{"name":"userInfo","loc":{"line":13,"column":8},"id":12206871,"file":"D:\\WORK\\2021\\MPDF\\white_paper\\json\\dataset2.3wxapkg\\动图宇宙\\_431774825_38\\app.js"},"to":{"name":"globalData","loc":{"line":12,"column":4},"id":12206868,"file":"D:\\WORK\\2021\\MPDF\\white_paper\\json\\dataset2.3wxapkg\\动图宇宙\\_431774825_38\\app.js"}},{"type":"to callee","from":{"name":"globalData","loc":{"line":12,"column":4},"id":12206868,"file":"D:\\WORK\\2021\\MPDF\\white_paper\\json\\dataset2.3wxapkg\\动图宇宙\\_431774825_38\\app.js"},"to":{"name":"App","loc":{"line":11,"column":4},"id":12206865,"file":"D:\\WORK\\2021\\MPDF\\white_paper\\json\\dataset2.3wxapkg\\动图宇宙\\_431774825_38\\app.js"}},{"type":"read","from":{"name":"globalData","loc":{"line":12,"column":4},"id":12206868,"file":"D:\\WORK\\2021\\MPDF\\white_paper\\json\\dataset2.3wxapkg\\动图宇宙\\_431774825_38\\app.js"},"to":{"name":"this","loc":{"line":33,"column":16},"id":12207017,"file":"D:\\WORK\\2021\\MPDF\\white_paper\\json\\dataset2.3wxapkg\\动图宇宙\\_431774825_38\\app.js"}},{"type":"read","from":{"name":"globalData","loc":{"line":12,"column":4},"id":12206868,"file":"D:\\WORK\\2021\\MPDF\\white_paper\\json\\dataset2.3wxapkg\\动图宇宙\\_431774825_38\\app.js"},"to":{"name":"this","loc":{"line":61,"column":16},"id":12207123,"file":"D:\\WORK\\2021\\MPDF\\white_paper\\json\\dataset2.3wxapkg\\动图宇宙\\_431774825_38\\app.js"}},{"type":"assign to","from":{"name":"this","loc":{"line":61,"column":16},"id":12207123,"file":"D:\\WORK\\2021\\MPDF\\white_paper\\json\\dataset2.3wxapkg\\动图宇宙\\_431774825_38\\app.js"},"to":{"name":"n","loc":{"line":61,"column":12},"id":12207122,"file":"D:\\WORK\\2021\\MPDF\\white_paper\\json\\dataset2.3wxapkg\\动图宇宙\\_431774825_38\\app.js"}},{"type":"assign to","from":{"name":"this","loc":{"line":33,"column":16},"id":12207017,"file":"D:\\WORK\\2021\\MPDF\\white_paper\\json\\dataset2.3wxapkg\\动图宇宙\\_431774825_38\\app.js"},"to":{"name":"a","loc":{"line":33,"column":12},"id":12207016,"file":"D:\\WORK\\2021\\MPDF\\white_paper\\json\\dataset2.3wxapkg\\动图宇宙\\_431774825_38\\app.js"}}]}]}],"writeShadows":[{"shadowVar":{"declaredName":"__object__12.userInfo","declaredLoc":{"line":13,"column":8},"file":"D:\\WORK\\2021\\MPDF\\white_paper\\json\\dataset2.3wxapkg\\动图宇宙\\_431774825_38\\app.js"},"writeAccess":[{"rightVar":[{"declaredName":"wx.getStorageSync","file":"D:\\WORK\\2021\\MPDF\\white_paper\\json\\dataset2.3wxapkg\\动图宇宙\\_431774825_38\\app.js"}],"writeFlow":[{"type":"assign to","from":{"name":"wx.getStorageSync","loc":{"line":13,"column":18},"id":12206873,"file":"D:\\WORK\\2021\\MPDF\\white_paper\\json\\dataset2.3wxapkg\\动图宇宙\\_431774825_38\\app.js","fromSource":{"api":"wx.getStorageSync","loc":{"line":13,"column":18},"type":"API:return-value","file":"D:\\WORK\\2021\\MPDF\\white_paper\\json\\dataset2.3wxapkg\\动图宇宙\\_431774825_38\\app.js"}},"to":{"name":"userInfo","loc":{"line":13,"column":8},"id":12206871,"file":"D:\\WORK\\2021\\MPDF\\white_paper\\json\\dataset2.3wxapkg\\动图宇宙\\_431774825_38\\app.js"}}]}]}]},{"propName":".openCount","readShadows":[{"shadowVar":{"declaredName":"__object__12.openCount","declaredLoc":{"line":17,"column":8},"file":"D:\\WORK\\2021\\MPDF\\white_paper\\json\\dataset2.3wxapkg\\动图宇宙\\_431774825_38\\app.js"},"readAccess":[{"leftVar":[{"declaredName":"__object__11.globalData","declaredLoc":{"line":12,"column":4},"file":"D:\\WORK\\2021\\MPDF\\white_paper\\json\\dataset2.3wxapkg\\动图宇宙\\_431774825_38\\app.js"}],"readFlow":[{"type":"assign to","from":{"name":"openCount","loc":{"line":17,"column":8},"id":12206887,"file":"D:\\WORK\\2021\\MPDF\\white_paper\\json\\dataset2.3wxapkg\\动图宇宙\\_431774825_38\\app.js"},"to":{"name":"globalData","loc":{"line":12,"column":4},"id":12206868,"file":"D:\\WORK\\2021\\MPDF\\white_paper\\json\\dataset2.3wxapkg\\动图宇宙\\_431774825_38\\app.js"}},{"type":"to callee","from":{"name":"globalData","loc":{"line":12,"column":4},"id":12206868,"file":"D:\\WORK\\2021\\MPDF\\white_paper\\json\\dataset2.3wxapkg\\动图宇宙\\_431774825_38\\app.js"},"to":{"name":"App","loc":{"line":11,"column":4},"id":12206865,"file":"D:\\WORK\\2021\\MPDF\\white_paper\\json\\dataset2.3wxapkg\\动图宇宙\\_431774825_38\\app.js"}},{"type":"read","from":{"name":"globalData","loc":{"line":12,"column":4},"id":12206868,"file":"D:\\WORK\\2021\\MPDF\\white_paper\\json\\dataset2.3wxapkg\\动图宇宙\\_431774825_38\\app.js"},"to":{"name":"this","loc":{"line":33,"column":16},"id":12207017,"file":"D:\\WORK\\2021\\MPDF\\white_paper\\json\\dataset2.3wxapkg\\动图宇宙\\_431774825_38\\app.js"}},{"type":"read","from":{"name":"globalData","loc":{"line":12,"column":4},"id":12206868,"file":"D:\\WORK\\2021\\MPDF\\white_paper\\json\\dataset2.3wxapkg\\动图宇宙\\_431774825_38\\app.js"},"to":{"name":"this","loc":{"line":61,"column":16},"id":12207123,"file":"D:\\WORK\\2021\\MPDF\\white_paper\\json\\dataset2.3wxapkg\\动图宇宙\\_431774825_38\\app.js"}},{"type":"assign to","from":{"name":"this","loc":{"line":61,"column":16},"id":12207123,"file":"D:\\WORK\\2021\\MPDF\\white_paper\\json\\dataset2.3wxapkg\\动图宇宙\\_431774825_38\\app.js"},"to":{"name":"n","loc":{"line":61,"column":12},"id":12207122,"file":"D:\\WORK\\2021\\MPDF\\white_paper\\json\\dataset2.3wxapkg\\动图宇宙\\_431774825_38\\app.js"}},{"type":"assign to","from":{"name":"this","loc":{"line":33,"column":16},"id":12207017,"file":"D:\\WORK\\2021\\MPDF\\white_paper\\json\\dataset2.3wxapkg\\动图宇宙\\_431774825_38\\app.js"},"to":{"name":"a","loc":{"line":33,"column":12},"id":12207016,"file":"D:\\WORK\\2021\\MPDF\\white_paper\\json\\dataset2.3wxapkg\\动图宇宙\\_431774825_38\\app.js"}}]}]}],"writeShadows":[{"shadowVar":{"declaredName":"__object__12.openCount","declaredLoc":{"line":17,"column":8},"file":"D:\\WORK\\2021\\MPDF\\white_paper\\json\\dataset2.3wxapkg\\动图宇宙\\_431774825_38\\app.js"},"writeAccess":[{"rightVar":[{"declaredName":"wx.getStorageSync","file":"D:\\WORK\\2021\\MPDF\\white_paper\\json\\dataset2.3wxapkg\\动图宇宙\\_431774825_38\\app.js"}],"writeFlow":[{"type":"assign to","from":{"name":"wx.getStorageSync","loc":{"line":17,"column":19},"id":12206889,"file":"D:\\WORK\\2021\\MPDF\\white_paper\\json\\dataset2.3wxapkg\\动图宇宙\\_431774825_38\\app.js","fromSource":{"api":"wx.getStorageSync","loc":{"line":17,"column":19},"type":"API:return-value","file":"D:\\WORK\\2021\\MPDF\\white_paper\\json\\dataset2.3wxapkg\\动图宇宙\\_431774825_38\\app.js"}},"to":{"name":"openCount","loc":{"line":17,"column":8},"id":12206887,"file":"D:\\WORK\\2021\\MPDF\\white_paper\\json\\dataset2.3wxapkg\\动图宇宙\\_431774825_38\\app.js"}}]}]}]},{"propName":".currentVedio","readShadows":[{"shadowVar":{"declaredName":"__object__12.currentVedio","declaredLoc":{"line":14,"column":8},"file":"D:\\WORK\\2021\\MPDF\\white_paper\\json\\dataset2.3wxapkg\\动图宇宙\\_431774825_38\\app.js"},"readAccess":[{"leftVar":[{"declaredName":"__object__11.globalData","declaredLoc":{"line":12,"column":4},"file":"D:\\WORK\\2021\\MPDF\\white_paper\\json\\dataset2.3wxapkg\\动图宇宙\\_431774825_38\\app.js"}],"readFlow":[{"type":"assign to","from":{"name":"currentVedio","loc":{"line":14,"column":8},"id":12206878,"file":"D:\\WORK\\2021\\MPDF\\white_paper\\json\\dataset2.3wxapkg\\动图宇宙\\_431774825_38\\app.js"},"to":{"name":"globalData","loc":{"line":12,"column":4},"id":12206868,"file":"D:\\WORK\\2021\\MPDF\\white_paper\\json\\dataset2.3wxapkg\\动图宇宙\\_431774825_38\\app.js"}},{"type":"to callee","from":{"name":"globalData","loc":{"line":12,"column":4},"id":12206868,"file":"D:\\WORK\\2021\\MPDF\\white_paper\\json\\dataset2.3wxapkg\\动图宇宙\\_431774825_38\\app.js"},"to":{"name":"App","loc":{"line":11,"column":4},"id":12206865,"file":"D:\\WORK\\2021\\MPDF\\white_paper\\json\\dataset2.3wxapkg\\动图宇宙\\_431774825_38\\app.js"}},{"type":"read","from":{"name":"globalData","loc":{"line":12,"column":4},"id":12206868,"file":"D:\\WORK\\2021\\MPDF\\white_paper\\json\\dataset2.3wxapkg\\动图宇宙\\_431774825_38\\app.js"},"to":{"name":"this","loc":{"line":33,"column":16},"id":12207017,"file":"D:\\WORK\\2021\\MPDF\\white_paper\\json\\dataset2.3wxapkg\\动图宇宙\\_431774825_38\\app.js"}},{"type":"read","from":{"name":"globalData","loc":{"line":12,"column":4},"id":12206868,"file":"D:\\WORK\\2021\\MPDF\\white_paper\\json\\dataset2.3wxapkg\\动图宇宙\\_431774825_38\\app.js"},"to":{"name":"this","loc":{"line":61,"column":16},"id":12207123,"file":"D:\\WORK\\2021\\MPDF\\white_paper\\json\\dataset2.3wxapkg\\动图宇宙\\_431774825_38\\app.js"}},{"type":"assign to","from":{"name":"this","loc":{"line":61,"column":16},"id":12207123,"file":"D:\\WORK\\2021\\MPDF\\white_paper\\json\\dataset2.3wxapkg\\动图宇宙\\_431774825_38\\app.js"},"to":{"name":"n","loc":{"line":61,"column":12},"id":12207122,"file":"D:\\WORK\\2021\\MPDF\\white_paper\\json\\dataset2.3wxapkg\\动图宇宙\\_431774825_38\\app.js"}},{"type":"assign to","from":{"name":"this","loc":{"line":33,"column":16},"id":12207017,"file":"D:\\WORK\\2021\\MPDF\\white_paper\\json\\dataset2.3wxapkg\\动图宇宙\\_431774825_38\\app.js"},"to":{"name":"a","loc":{"line":33,"column":12},"id":12207016,"file":"D:\\WORK\\2021\\MPDF\\white_paper\\json\\dataset2.3wxapkg\\动图宇宙\\_431774825_38\\app.js"}}]},{"leftVar":[{"declaredName":"t","declaredLoc":{"line":20,"column":12},"file":"D:\\WORK\\2021\\MPDF\\white_paper\\json\\dataset2.3wxapkg\\动图宇宙\\_431774825_38\\app.js"}],"readFlow":[{"type":"assign to","from":{"name":"this.globalData.currentVedio","loc":{"line":20,"column":16},"id":12206901,"file":"D:\\WORK\\2021\\MPDF\\white_paper\\json\\dataset2.3wxapkg\\动图宇宙\\_431774825_38\\app.js"},"to":{"name":"t","loc":{"line":20,"column":12},"id":12206900,"file":"D:\\WORK\\2021\\MPDF\\white_paper\\json\\dataset2.3wxapkg\\动图宇宙\\_431774825_38\\app.js"}},{"type":"read","from":{"name":"t","loc":{"line":20,"column":12},"id":12206900,"file":"D:\\WORK\\2021\\MPDF\\white_paper\\json\\dataset2.3wxapkg\\动图宇宙\\_431774825_38\\app.js"},"to":{"name":"t","loc":{"line":21,"column":8},"id":12206908,"file":"D:\\WORK\\2021\\MPDF\\white_paper\\json\\dataset2.3wxapkg\\动图宇宙\\_431774825_38\\app.js"}},{"type":"read","from":{"name":"t","loc":{"line":21,"column":8},"id":12206908,"file":"D:\\WORK\\2021\\MPDF\\white_paper\\json\\dataset2.3wxapkg\\动图宇宙\\_431774825_38\\app.js"},"to":{"name":"t","loc":{"line":25,"column":113},"id":12206959,"file":"D:\\WORK\\2021\\MPDF\\white_paper\\json\\dataset2.3wxapkg\\动图宇宙\\_431774825_38\\app.js"}},{"type":"read","from":{"name":"t","loc":{"line":25,"column":113},"id":12206959,"file":"D:\\WORK\\2021\\MPDF\\white_paper\\json\\dataset2.3wxapkg\\动图宇宙\\_431774825_38\\app.js"},"to":{"name":"t","loc":{"line":26,"column":43},"id":12206974,"file":"D:\\WORK\\2021\\MPDF\\white_paper\\json\\dataset2.3wxapkg\\动图宇宙\\_431774825_38\\app.js"}},{"type":"assign to","from":{"name":"t","loc":{"line":26,"column":43},"id":12206974,"file":"D:\\WORK\\2021\\MPDF\\white_paper\\json\\dataset2.3wxapkg\\动图宇宙\\_431774825_38\\app.js"},"to":{"name":"getApp().globalData.currentVedio","loc":{"line":26,"column":8},"id":12206968,"file":"D:\\WORK\\2021\\MPDF\\white_paper\\json\\dataset2.3wxapkg\\动图宇宙\\_431774825_38\\app.js"}}]}]}],"writeShadows":[{"shadowVar":{"declaredName":"__object__12.currentVedio","declaredLoc":{"line":14,"column":8},"file":"D:\\WORK\\2021\\MPDF\\white_paper\\json\\dataset2.3wxapkg\\动图宇宙\\_431774825_38\\app.js"},"writeAccess":[]}]},{"propName":".currentMe","readShadows":[{"shadowVar":{"declaredName":"__object__12.currentMe","declaredLoc":{"line":15,"column":8},"file":"D:\\WORK\\2021\\MPDF\\white_paper\\json\\dataset2.3wxapkg\\动图宇宙\\_431774825_38\\app.js"},"readAccess":[{"leftVar":[{"declaredName":"__object__11.globalData","declaredLoc":{"line":12,"column":4},"file":"D:\\WORK\\2021\\MPDF\\white_paper\\json\\dataset2.3wxapkg\\动图宇宙\\_431774825_38\\app.js"}],"readFlow":[{"type":"assign to","from":{"name":"currentMe","loc":{"line":15,"column":8},"id":12206881,"file":"D:\\WORK\\2021\\MPDF\\white_paper\\json\\dataset2.3wxapkg\\动图宇宙\\_431774825_38\\app.js"},"to":{"name":"globalData","loc":{"line":12,"column":4},"id":12206868,"file":"D:\\WORK\\2021\\MPDF\\white_paper\\json\\dataset2.3wxapkg\\动图宇宙\\_431774825_38\\app.js"}},{"type":"to callee","from":{"name":"globalData","loc":{"line":12,"column":4},"id":12206868,"file":"D:\\WORK\\2021\\MPDF\\white_paper\\json\\dataset2.3wxapkg\\动图宇宙\\_431774825_38\\app.js"},"to":{"name":"App","loc":{"line":11,"column":4},"id":12206865,"file":"D:\\WORK\\2021\\MPDF\\white_paper\\json\\dataset2.3wxapkg\\动图宇宙\\_431774825_38\\app.js"}},{"type":"read","from":{"name":"globalData","loc":{"line":12,"column":4},"id":12206868,"file":"D:\\WORK\\2021\\MPDF\\white_paper\\json\\dataset2.3wxapkg\\动图宇宙\\_431774825_38\\app.js"},"to":{"name":"this","loc":{"line":33,"column":16},"id":12207017,"file":"D:\\WORK\\2021\\MPDF\\white_paper\\json\\dataset2.3wxapkg\\动图宇宙\\_431774825_38\\app.js"}},{"type":"read","from":{"name":"globalData","loc":{"line":12,"column":4},"id":12206868,"file":"D:\\WORK\\2021\\MPDF\\white_paper\\json\\dataset2.3wxapkg\\动图宇宙\\_431774825_38\\app.js"},"to":{"name":"this","loc":{"line":61,"column":16},"id":12207123,"file":"D:\\WORK\\2021\\MPDF\\white_paper\\json\\dataset2.3wxapkg\\动图宇宙\\_431774825_38\\app.js"}},{"type":"assign to","from":{"name":"this","loc":{"line":61,"column":16},"id":12207123,"file":"D:\\WORK\\2021\\MPDF\\white_paper\\json\\dataset2.3wxapkg\\动图宇宙\\_431774825_38\\app.js"},"to":{"name":"n","loc":{"line":61,"column":12},"id":12207122,"file":"D:\\WORK\\2021\\MPDF\\white_paper\\json\\dataset2.3wxapkg\\动图宇宙\\_431774825_38\\app.js"}},{"type":"assign to","from":{"name":"this","loc":{"line":33,"column":16},"id":12207017,"file":"D:\\WORK\\2021\\MPDF\\white_paper\\json\\dataset2.3wxapkg\\动图宇宙\\_431774825_38\\app.js"},"to":{"name":"a","loc":{"line":33,"column":12},"id":12207016,"file":"D:\\WORK\\2021\\MPDF\\white_paper\\json\\dataset2.3wxapkg\\动图宇宙\\_431774825_38\\app.js"}}]},{"leftVar":[{"declaredName":"a","declaredLoc":{"line":22,"column":12},"file":"D:\\WORK\\2021\\MPDF\\white_paper\\json\\dataset2.3wxapkg\\动图宇宙\\_431774825_38\\app.js"}],"readFlow":[{"type":"assign to","from":{"name":"this.globalData.currentMe","loc":{"line":22,"column":16},"id":12206916,"file":"D:\\WORK\\2021\\MPDF\\white_paper\\json\\dataset2.3wxapkg\\动图宇宙\\_431774825_38\\app.js"},"to":{"name":"a","loc":{"line":22,"column":12},"id":12206915,"file":"D:\\WORK\\2021\\MPDF\\white_paper\\json\\dataset2.3wxapkg\\动图宇宙\\_431774825_38\\app.js"}},{"type":"read","from":{"name":"a","loc":{"line":22,"column":12},"id":12206915,"file":"D:\\WORK\\2021\\MPDF\\white_paper\\json\\dataset2.3wxapkg\\动图宇宙\\_431774825_38\\app.js"},"to":{"name":"a","loc":{"line":23,"column":8},"id":12206924,"file":"D:\\WORK\\2021\\MPDF\\white_paper\\json\\dataset2.3wxapkg\\动图宇宙\\_431774825_38\\app.js"}}]},{"leftVar":[{"declaredName":"e","declaredLoc":{"line":29,"column":12},"file":"D:\\WORK\\2021\\MPDF\\white_paper\\json\\dataset2.3wxapkg\\动图宇宙\\_431774825_38\\app.js"}],"readFlow":[{"type":"assign to","from":{"name":"this.globalData.currentMe","loc":{"line":29,"column":16},"id":12206990,"file":"D:\\WORK\\2021\\MPDF\\white_paper\\json\\dataset2.3wxapkg\\动图宇宙\\_431774825_38\\app.js"},"to":{"name":"e","loc":{"line":29,"column":12},"id":12206989,"file":"D:\\WORK\\2021\\MPDF\\white_paper\\json\\dataset2.3wxapkg\\动图宇宙\\_431774825_38\\app.js"}}]}]}],"writeShadows":[{"shadowVar":{"declaredName":"__object__12.currentMe","declaredLoc":{"line":15,"column":8},"file":"D:\\WORK\\2021\\MPDF\\white_paper\\json\\dataset2.3wxapkg\\动图宇宙\\_431774825_38\\app.js"},"writeAccess":[]}]},{"propName":".slidetIndex","readShadows":[{"shadowVar":{"declaredName":"__object__12.slidetIndex","declaredLoc":{"line":16,"column":8},"file":"D:\\WORK\\2021\\MPDF\\white_paper\\json\\dataset2.3wxapkg\\动图宇宙\\_431774825_38\\app.js"},"readAccess":[{"leftVar":[{"declaredName":"__object__11.globalData","declaredLoc":{"line":12,"column":4},"file":"D:\\WORK\\2021\\MPDF\\white_paper\\json\\dataset2.3wxapkg\\动图宇宙\\_431774825_38\\app.js"}],"readFlow":[{"type":"assign to","from":{"name":"slidetIndex","loc":{"line":16,"column":8},"id":12206884,"file":"D:\\WORK\\2021\\MPDF\\white_paper\\json\\dataset2.3wxapkg\\动图宇宙\\_431774825_38\\app.js"},"to":{"name":"globalData","loc":{"line":12,"column":4},"id":12206868,"file":"D:\\WORK\\2021\\MPDF\\white_paper\\json\\dataset2.3wxapkg\\动图宇宙\\_431774825_38\\app.js"}},{"type":"to callee","from":{"name":"globalData","loc":{"line":12,"column":4},"id":12206868,"file":"D:\\WORK\\2021\\MPDF\\white_paper\\json\\dataset2.3wxapkg\\动图宇宙\\_431774825_38\\app.js"},"to":{"name":"App","loc":{"line":11,"column":4},"id":12206865,"file":"D:\\WORK\\2021\\MPDF\\white_paper\\json\\dataset2.3wxapkg\\动图宇宙\\_431774825_38\\app.js"}},{"type":"read","from":{"name":"globalData","loc":{"line":12,"column":4},"id":12206868,"file":"D:\\WORK\\2021\\MPDF\\white_paper\\json\\dataset2.3wxapkg\\动图宇宙\\_431774825_38\\app.js"},"to":{"name":"this","loc":{"line":33,"column":16},"id":12207017,"file":"D:\\WORK\\2021\\MPDF\\white_paper\\json\\dataset2.3wxapkg\\动图宇宙\\_431774825_38\\app.js"}},{"type":"read","from":{"name":"globalData","loc":{"line":12,"column":4},"id":12206868,"file":"D:\\WORK\\2021\\MPDF\\white_paper\\json\\dataset2.3wxapkg\\动图宇宙\\_431774825_38\\app.js"},"to":{"name":"this","loc":{"line":61,"column":16},"id":12207123,"file":"D:\\WORK\\2021\\MPDF\\white_paper\\json\\dataset2.3wxapkg\\动图宇宙\\_431774825_38\\app.js"}},{"type":"assign to","from":{"name":"this","loc":{"line":61,"column":16},"id":12207123,"file":"D:\\WORK\\2021\\MPDF\\white_paper\\json\\dataset2.3wxapkg\\动图宇宙\\_431774825_38\\app.js"},"to":{"name":"n","loc":{"line":61,"column":12},"id":12207122,"file":"D:\\WORK\\2021\\MPDF\\white_paper\\json\\dataset2.3wxapkg\\动图宇宙\\_431774825_38\\app.js"}},{"type":"assign to","from":{"name":"this","loc":{"line":33,"column":16},"id":12207017,"file":"D:\\WORK\\2021\\MPDF\\white_paper\\json\\dataset2.3wxapkg\\动图宇宙\\_431774825_38\\app.js"},"to":{"name":"a","loc":{"line":33,"column":12},"id":12207016,"file":"D:\\WORK\\2021\\MPDF\\white_paper\\json\\dataset2.3wxapkg\\动图宇宙\\_431774825_38\\app.js"}}]}]}],"writeShadows":[{"shadowVar":{"declaredName":"__object__12.slidetIndex","declaredLoc":{"line":16,"column":8},"file":"D:\\WORK\\2021\\MPDF\\white_paper\\json\\dataset2.3wxapkg\\动图宇宙\\_431774825_38\\app.js"},"writeAccess":[]}]}]},{"shadowObjectVar":"__object__11","dynamicDefinedProps":[{"propName":".globalData","readShadows":[{"shadowVar":{"declaredName":"__object__11.globalData","declaredLoc":{"line":12,"column":4},"file":"D:\\WORK\\2021\\MPDF\\white_paper\\json\\dataset2.3wxapkg\\动图宇宙\\_431774825_38\\app.js"},"readAccess":[{"leftVar":[{"declaredName":"a","declaredLoc":{"line":33,"column":12},"file":"D:\\WORK\\2021\\MPDF\\white_paper\\json\\dataset2.3wxapkg\\动图宇宙\\_431774825_38\\app.js"}],"readFlow":[{"type":"assign to","from":{"name":"this","loc":{"line":33,"column":16},"id":12207017,"file":"D:\\WORK\\2021\\MPDF\\white_paper\\json\\dataset2.3wxapkg\\动图宇宙\\_431774825_38\\app.js"},"to":{"name":"a","loc":{"line":33,"column":12},"id":12207016,"file":"D:\\WORK\\2021\\MPDF\\white_paper\\json\\dataset2.3wxapkg\\动图宇宙\\_431774825_38\\app.js"}}]},{"leftVar":[{"declaredName":"n","declaredLoc":{"line":61,"column":12},"file":"D:\\WORK\\2021\\MPDF\\white_paper\\json\\dataset2.3wxapkg\\动图宇宙\\_431774825_38\\app.js"}],"readFlow":[{"type":"assign to","from":{"name":"this","loc":{"line":61,"column":16},"id":12207123,"file":"D:\\WORK\\2021\\MPDF\\white_paper\\json\\dataset2.3wxapkg\\动图宇宙\\_431774825_38\\app.js"},"to":{"name":"n","loc":{"line":61,"column":12},"id":12207122,"file":"D:\\WORK\\2021\\MPDF\\white_paper\\json\\dataset2.3wxapkg\\动图宇宙\\_431774825_38\\app.js"}}]}]}],"writeShadows":[{"shadowVar":{"declaredName":"__object__11.globalData","declaredLoc":{"line":12,"column":4},"file":"D:\\WORK\\2021\\MPDF\\white_paper\\json\\dataset2.3wxapkg\\动图宇宙\\_431774825_38\\app.js"},"writeAccess":[]}]},{"propName":".updateVedio","readShadows":[{"shadowVar":{"declaredName":"__object__11.updateVedio","declaredLoc":{"line":19,"column":4},"file":"D:\\WORK\\2021\\MPDF\\white_paper\\json\\dataset2.3wxapkg\\动图宇宙\\_431774825_38\\app.js"},"readAccess":[{"leftVar":[{"declaredName":"a","declaredLoc":{"line":33,"column":12},"file":"D:\\WORK\\2021\\MPDF\\white_paper\\json\\dataset2.3wxapkg\\动图宇宙\\_431774825_38\\app.js"}],"readFlow":[{"type":"assign to","from":{"name":"this","loc":{"line":33,"column":16},"id":12207017,"file":"D:\\WORK\\2021\\MPDF\\white_paper\\json\\dataset2.3wxapkg\\动图宇宙\\_431774825_38\\app.js"},"to":{"name":"a","loc":{"line":33,"column":12},"id":12207016,"file":"D:\\WORK\\2021\\MPDF\\white_paper\\json\\dataset2.3wxapkg\\动图宇宙\\_431774825_38\\app.js"}}]},{"leftVar":[{"declaredName":"n","declaredLoc":{"line":61,"column":12},"file":"D:\\WORK\\2021\\MPDF\\white_paper\\json\\dataset2.3wxapkg\\动图宇宙\\_431774825_38\\app.js"}],"readFlow":[{"type":"assign to","from":{"name":"this","loc":{"line":61,"column":16},"id":12207123,"file":"D:\\WORK\\2021\\MPDF\\white_paper\\json\\dataset2.3wxapkg\\动图宇宙\\_431774825_38\\app.js"},"to":{"name":"n","loc":{"line":61,"column":12},"id":12207122,"file":"D:\\WORK\\2021\\MPDF\\white_paper\\json\\dataset2.3wxapkg\\动图宇宙\\_431774825_38\\app.js"}}]}]}],"writeShadows":[{"shadowVar":{"declaredName":"__object__11.updateVedio","declaredLoc":{"line":19,"column":4},"file":"D:\\WORK\\2021\\MPDF\\white_paper\\json\\dataset2.3wxapkg\\动图宇宙\\_431774825_38\\app.js"},"writeAccess":[]}]},{"propName":".pauseVideo","readShadows":[{"shadowVar":{"declaredName":"__object__11.pauseVideo","declaredLoc":{"line":28,"column":4},"file":"D:\\WORK\\2021\\MPDF\\white_paper\\json\\dataset2.3wxapkg\\动图宇宙\\_431774825_38\\app.js"},"readAccess":[{"leftVar":[{"declaredName":"a","declaredLoc":{"line":33,"column":12},"file":"D:\\WORK\\2021\\MPDF\\white_paper\\json\\dataset2.3wxapkg\\动图宇宙\\_431774825_38\\app.js"}],"readFlow":[{"type":"assign to","from":{"name":"this","loc":{"line":33,"column":16},"id":12207017,"file":"D:\\WORK\\2021\\MPDF\\white_paper\\json\\dataset2.3wxapkg\\动图宇宙\\_431774825_38\\app.js"},"to":{"name":"a","loc":{"line":33,"column":12},"id":12207016,"file":"D:\\WORK\\2021\\MPDF\\white_paper\\json\\dataset2.3wxapkg\\动图宇宙\\_431774825_38\\app.js"}}]},{"leftVar":[{"declaredName":"n","declaredLoc":{"line":61,"column":12},"file":"D:\\WORK\\2021\\MPDF\\white_paper\\json\\dataset2.3wxapkg\\动图宇宙\\_431774825_38\\app.js"}],"readFlow":[{"type":"assign to","from":{"name":"this","loc":{"line":61,"column":16},"id":12207123,"file":"D:\\WORK\\2021\\MPDF\\white_paper\\json\\dataset2.3wxapkg\\动图宇宙\\_431774825_38\\app.js"},"to":{"name":"n","loc":{"line":61,"column":12},"id":12207122,"file":"D:\\WORK\\2021\\MPDF\\white_paper\\json\\dataset2.3wxapkg\\动图宇宙\\_431774825_38\\app.js"}}]}]}],"writeShadows":[{"shadowVar":{"declaredName":"__object__11.pauseVideo","declaredLoc":{"line":28,"column":4},"file":"D:\\WORK\\2021\\MPDF\\white_paper\\json\\dataset2.3wxapkg\\动图宇宙\\_431774825_38\\app.js"},"writeAccess":[]}]},{"propName":".getLogin","readShadows":[{"shadowVar":{"declaredName":"__object__11.getLogin","declaredLoc":{"line":32,"column":4},"file":"D:\\WORK\\2021\\MPDF\\white_paper\\json\\dataset2.3wxapkg\\动图宇宙\\_431774825_38\\app.js"},"readAccess":[{"leftVar":[{"declaredName":"a","declaredLoc":{"line":33,"column":12},"file":"D:\\WORK\\2021\\MPDF\\white_paper\\json\\dataset2.3wxapkg\\动图宇宙\\_431774825_38\\app.js"}],"readFlow":[{"type":"assign to","from":{"name":"this","loc":{"line":33,"column":16},"id":12207017,"file":"D:\\WORK\\2021\\MPDF\\white_paper\\json\\dataset2.3wxapkg\\动图宇宙\\_431774825_38\\app.js"},"to":{"name":"a","loc":{"line":33,"column":12},"id":12207016,"file":"D:\\WORK\\2021\\MPDF\\white_paper\\json\\dataset2.3wxapkg\\动图宇宙\\_431774825_38\\app.js"}}]},{"leftVar":[{"declaredName":"n","declaredLoc":{"line":61,"column":12},"file":"D:\\WORK\\2021\\MPDF\\white_paper\\json\\dataset2.3wxapkg\\动图宇宙\\_431774825_38\\app.js"}],"readFlow":[{"type":"assign to","from":{"name":"this","loc":{"line":61,"column":16},"id":12207123,"file":"D:\\WORK\\2021\\MPDF\\white_paper\\json\\dataset2.3wxapkg\\动图宇宙\\_431774825_38\\app.js"},"to":{"name":"n","loc":{"line":61,"column":12},"id":12207122,"file":"D:\\WORK\\2021\\MPDF\\white_paper\\json\\dataset2.3wxapkg\\动图宇宙\\_431774825_38\\app.js"}}]}]}],"writeShadows":[{"shadowVar":{"declaredName":"__object__11.getLogin","declaredLoc":{"line":32,"column":4},"file":"D:\\WORK\\2021\\MPDF\\white_paper\\json\\dataset2.3wxapkg\\动图宇宙\\_431774825_38\\app.js"},"writeAccess":[]}]},{"propName":"._getSetting","readShadows":[{"shadowVar":{"declaredName":"__object__11._getSetting","declaredLoc":{"line":60,"column":4},"file":"D:\\WORK\\2021\\MPDF\\white_paper\\json\\dataset2.3wxapkg\\动图宇宙\\_431774825_38\\app.js"},"readAccess":[{"leftVar":[{"declaredName":"a","declaredLoc":{"line":33,"column":12},"file":"D:\\WORK\\2021\\MPDF\\white_paper\\json\\dataset2.3wxapkg\\动图宇宙\\_431774825_38\\app.js"}],"readFlow":[{"type":"assign to","from":{"name":"this","loc":{"line":33,"column":16},"id":12207017,"file":"D:\\WORK\\2021\\MPDF\\white_paper\\json\\dataset2.3wxapkg\\动图宇宙\\_431774825_38\\app.js"},"to":{"name":"a","loc":{"line":33,"column":12},"id":12207016,"file":"D:\\WORK\\2021\\MPDF\\white_paper\\json\\dataset2.3wxapkg\\动图宇宙\\_431774825_38\\app.js"}}]},{"leftVar":[{"declaredName":"n","declaredLoc":{"line":61,"column":12},"file":"D:\\WORK\\2021\\MPDF\\white_paper\\json\\dataset2.3wxapkg\\动图宇宙\\_431774825_38\\app.js"}],"readFlow":[{"type":"assign to","from":{"name":"this","loc":{"line":61,"column":16},"id":12207123,"file":"D:\\WORK\\2021\\MPDF\\white_paper\\json\\dataset2.3wxapkg\\动图宇宙\\_431774825_38\\app.js"},"to":{"name":"n","loc":{"line":61,"column":12},"id":12207122,"file":"D:\\WORK\\2021\\MPDF\\white_paper\\json\\dataset2.3wxapkg\\动图宇宙\\_431774825_38\\app.js"}}]}]}],"writeShadows":[{"shadowVar":{"declaredName":"__object__11._getSetting","declaredLoc":{"line":60,"column":4},"file":"D:\\WORK\\2021\\MPDF\\white_paper\\json\\dataset2.3wxapkg\\动图宇宙\\_431774825_38\\app.js"},"writeAccess":[]}]},{"propName":"._getUserInfo","readShadows":[{"shadowVar":{"declaredName":"__object__11._getUserInfo","declaredLoc":{"line":79,"column":4},"file":"D:\\WORK\\2021\\MPDF\\white_paper\\json\\dataset2.3wxapkg\\动图宇宙\\_431774825_38\\app.js"},"readAccess":[{"leftVar":[{"declaredName":"a","declaredLoc":{"line":33,"column":12},"file":"D:\\WORK\\2021\\MPDF\\white_paper\\json\\dataset2.3wxapkg\\动图宇宙\\_431774825_38\\app.js"}],"readFlow":[{"type":"assign to","from":{"name":"this","loc":{"line":33,"column":16},"id":12207017,"file":"D:\\WORK\\2021\\MPDF\\white_paper\\json\\dataset2.3wxapkg\\动图宇宙\\_431774825_38\\app.js"},"to":{"name":"a","loc":{"line":33,"column":12},"id":12207016,"file":"D:\\WORK\\2021\\MPDF\\white_paper\\json\\dataset2.3wxapkg\\动图宇宙\\_431774825_38\\app.js"}}]},{"leftVar":[{"declaredName":"n","declaredLoc":{"line":61,"column":12},"file":"D:\\WORK\\2021\\MPDF\\white_paper\\json\\dataset2.3wxapkg\\动图宇宙\\_431774825_38\\app.js"}],"readFlow":[{"type":"assign to","from":{"name":"this","loc":{"line":61,"column":16},"id":12207123,"file":"D:\\WORK\\2021\\MPDF\\white_paper\\json\\dataset2.3wxapkg\\动图宇宙\\_431774825_38\\app.js"},"to":{"name":"n","loc":{"line":61,"column":12},"id":12207122,"file":"D:\\WORK\\2021\\MPDF\\white_paper\\json\\dataset2.3wxapkg\\动图宇宙\\_431774825_38\\app.js"}}]}]}],"writeShadows":[{"shadowVar":{"declaredName":"__object__11._getUserInfo","declaredLoc":{"line":79,"column":4},"file":"D:\\WORK\\2021\\MPDF\\white_paper\\json\\dataset2.3wxapkg\\动图宇宙\\_431774825_38\\app.js"},"writeAccess":[]}]},{"propName":".onLaunch","readShadows":[{"shadowVar":{"declaredName":"__object__11.onLaunch","declaredLoc":{"line":106,"column":4},"file":"D:\\WORK\\2021\\MPDF\\white_paper\\json\\dataset2.3wxapkg\\动图宇宙\\_431774825_38\\app.js"},"readAccess":[{"leftVar":[{"declaredName":"a","declaredLoc":{"line":33,"column":12},"file":"D:\\WORK\\2021\\MPDF\\white_paper\\json\\dataset2.3wxapkg\\动图宇宙\\_431774825_38\\app.js"}],"readFlow":[{"type":"assign to","from":{"name":"this","loc":{"line":33,"column":16},"id":12207017,"file":"D:\\WORK\\2021\\MPDF\\white_paper\\json\\dataset2.3wxapkg\\动图宇宙\\_431774825_38\\app.js"},"to":{"name":"a","loc":{"line":33,"column":12},"id":12207016,"file":"D:\\WORK\\2021\\MPDF\\white_paper\\json\\dataset2.3wxapkg\\动图宇宙\\_431774825_38\\app.js"}}]},{"leftVar":[{"declaredName":"n","declaredLoc":{"line":61,"column":12},"file":"D:\\WORK\\2021\\MPDF\\white_paper\\json\\dataset2.3wxapkg\\动图宇宙\\_431774825_38\\app.js"}],"readFlow":[{"type":"assign to","from":{"name":"this","loc":{"line":61,"column":16},"id":12207123,"file":"D:\\WORK\\2021\\MPDF\\white_paper\\json\\dataset2.3wxapkg\\动图宇宙\\_431774825_38\\app.js"},"to":{"name":"n","loc":{"line":61,"column":12},"id":12207122,"file":"D:\\WORK\\2021\\MPDF\\white_paper\\json\\dataset2.3wxapkg\\动图宇宙\\_431774825_38\\app.js"}}]}]}],"writeShadows":[{"shadowVar":{"declaredName":"__object__11.onLaunch","declaredLoc":{"line":106,"column":4},"file":"D:\\WORK\\2021\\MPDF\\white_paper\\json\\dataset2.3wxapkg\\动图宇宙\\_431774825_38\\app.js"},"writeAccess":[]}]}]}]}