[{"id": 0, "type": "[document]", "string": null, "attribute": {}, "referenceVariable": [], "referenceFunction": [], "style": [], "inheritClass": null, "wxss": [], "page": null, "path": "D:\\WORK\\2021\\MPDF\\baseline\\ui\\e家银\\printSalaryBillQuery.wxml", "child": [1], "parent": null, "matchString": [{"type": "relation", "string": "orderList"}, {"type": "relation", "string": "工资清单"}, {"type": "relation", "string": "交易明细"}, {"type": "relation", "string": "未处理"}, {"type": "relation", "string": "已处理"}, {"type": "relation", "string": "已取消"}, {"type": "relation", "string": "收件人：{{orderList.receiver}}"}, {"type": "relation", "string": "手机号码：{{orderList.recmobile}}"}, {"type": "relation", "string": "邮寄地址：{{orderList.recaddr}}"}, {"type": "relation", "string": "申请时间：{{orderList.tordertime}}"}, {"type": "relation", "string": "联系客服"}, {"type": "relation", "string": "取消"}]}, {"id": 1, "type": "view", "string": null, "attribute": {"class": ["pageicon"]}, "referenceVariable": [], "referenceFunction": [], "style": [], "inheritClass": null, "wxss": [], "page": null, "path": "D:\\WORK\\2021\\MPDF\\baseline\\ui\\e家银\\printSalaryBillQuery.wxml", "child": [2], "parent": 0, "matchString": [{"type": "relation", "string": "orderList"}, {"type": "relation", "string": "工资清单"}, {"type": "relation", "string": "交易明细"}, {"type": "relation", "string": "未处理"}, {"type": "relation", "string": "已处理"}, {"type": "relation", "string": "已取消"}, {"type": "relation", "string": "收件人：{{orderList.receiver}}"}, {"type": "relation", "string": "手机号码：{{orderList.recmobile}}"}, {"type": "relation", "string": "邮寄地址：{{orderList.recaddr}}"}, {"type": "relation", "string": "申请时间：{{orderList.tordertime}}"}, {"type": "relation", "string": "联系客服"}, {"type": "relation", "string": "取消"}]}, {"id": 2, "type": "view", "string": null, "attribute": {"class": ["listicon"], "wx:for": "{{orderList}}", "wx:for-item": "orderList", "wx:key": "{{orderList.flowid}}"}, "referenceVariable": ["orderList", "orderList.flowid"], "referenceFunction": [], "style": [], "inheritClass": null, "wxss": [], "page": null, "path": "D:\\WORK\\2021\\MPDF\\baseline\\ui\\e家银\\printSalaryBillQuery.wxml", "child": [3, 10, 11, 12, 13, 14], "parent": 1, "matchString": [{"type": "attr", "string": "orderList"}, {"type": "relation", "string": "工资清单"}, {"type": "relation", "string": "交易明细"}, {"type": "relation", "string": "未处理"}, {"type": "relation", "string": "已处理"}, {"type": "relation", "string": "已取消"}, {"type": "relation", "string": "收件人：{{orderList.receiver}}"}, {"type": "relation", "string": "手机号码：{{orderList.recmobile}}"}, {"type": "relation", "string": "邮寄地址：{{orderList.recaddr}}"}, {"type": "relation", "string": "申请时间：{{orderList.tordertime}}"}, {"type": "relation", "string": "联系客服"}, {"type": "relation", "string": "取消"}]}, {"id": 3, "type": "view", "string": null, "attribute": {"class": ["msg1"]}, "referenceVariable": [], "referenceFunction": [], "style": [], "inheritClass": null, "wxss": [], "page": null, "path": "D:\\WORK\\2021\\MPDF\\baseline\\ui\\e家银\\printSalaryBillQuery.wxml", "child": [4, 7, 8, 9], "parent": 2, "matchString": [{"type": "relation", "string": "工资清单"}, {"type": "relation", "string": "交易明细"}, {"type": "relation", "string": "未处理"}, {"type": "relation", "string": "已处理"}, {"type": "relation", "string": "已取消"}]}, {"id": 4, "type": "view", "string": null, "attribute": {"class": ["msg1_1"]}, "referenceVariable": [], "referenceFunction": [], "style": [], "inheritClass": null, "wxss": [], "page": null, "path": "D:\\WORK\\2021\\MPDF\\baseline\\ui\\e家银\\printSalaryBillQuery.wxml", "child": [5, 6], "parent": 3, "matchString": [{"type": "relation", "string": "工资清单"}, {"type": "relation", "string": "交易明细"}]}, {"id": 5, "type": "text", "string": "工资清单", "attribute": {"wx:if": "{{orderList.reserver4!='1'}}"}, "referenceVariable": ["orderList.reserver4!='1'"], "referenceFunction": [], "style": [], "inheritClass": null, "wxss": [], "page": null, "path": "D:\\WORK\\2021\\MPDF\\baseline\\ui\\e家银\\printSalaryBillQuery.wxml", "child": [], "parent": 4, "matchString": [{"type": "self", "string": "工资清单"}]}, {"id": 6, "type": "text", "string": "交易明细", "attribute": {"wx:if": "{{orderList.reserver4=='1'}}"}, "referenceVariable": ["orderList.reserver4=='1'"], "referenceFunction": [], "style": [], "inheritClass": null, "wxss": [], "page": null, "path": "D:\\WORK\\2021\\MPDF\\baseline\\ui\\e家银\\printSalaryBillQuery.wxml", "child": [], "parent": 4, "matchString": [{"type": "self", "string": "交易明细"}]}, {"id": 7, "type": "view", "string": "未处理", "attribute": {"class": ["msg1_2"], "wx:if": "{{orderList.stt==1}}"}, "referenceVariable": ["orderList.stt==1"], "referenceFunction": [], "style": [], "inheritClass": null, "wxss": [], "page": null, "path": "D:\\WORK\\2021\\MPDF\\baseline\\ui\\e家银\\printSalaryBillQuery.wxml", "child": [], "parent": 3, "matchString": [{"type": "self", "string": "未处理"}]}, {"id": 8, "type": "view", "string": "已处理", "attribute": {"class": ["msg1_3"], "wx:if": "{{orderList.stt==2}}"}, "referenceVariable": ["orderList.stt==2"], "referenceFunction": [], "style": [], "inheritClass": null, "wxss": [], "page": null, "path": "D:\\WORK\\2021\\MPDF\\baseline\\ui\\e家银\\printSalaryBillQuery.wxml", "child": [], "parent": 3, "matchString": [{"type": "self", "string": "已处理"}]}, {"id": 9, "type": "view", "string": "已取消", "attribute": {"class": ["msg1_3"], "wx:if": "{{orderList.stt==3}}"}, "referenceVariable": ["orderList.stt==3"], "referenceFunction": [], "style": [], "inheritClass": null, "wxss": [], "page": null, "path": "D:\\WORK\\2021\\MPDF\\baseline\\ui\\e家银\\printSalaryBillQuery.wxml", "child": [], "parent": 3, "matchString": [{"type": "self", "string": "已取消"}]}, {"id": 10, "type": "view", "string": "收件人：{{orderList.receiver}}", "attribute": {"class": ["msg2"]}, "referenceVariable": [], "referenceFunction": [], "style": [], "inheritClass": null, "wxss": [], "page": null, "path": "D:\\WORK\\2021\\MPDF\\baseline\\ui\\e家银\\printSalaryBillQuery.wxml", "child": [], "parent": 2, "matchString": [{"type": "self", "string": "收件人：{{orderList.receiver}}"}]}, {"id": 11, "type": "view", "string": "手机号码：{{orderList.recmobile}}", "attribute": {"class": ["msg2"]}, "referenceVariable": [], "referenceFunction": [], "style": [], "inheritClass": null, "wxss": [], "page": null, "path": "D:\\WORK\\2021\\MPDF\\baseline\\ui\\e家银\\printSalaryBillQuery.wxml", "child": [], "parent": 2, "matchString": [{"type": "self", "string": "手机号码：{{orderList.recmobile}}"}]}, {"id": 12, "type": "view", "string": "邮寄地址：{{orderList.recaddr}}", "attribute": {"class": ["msg2"]}, "referenceVariable": [], "referenceFunction": [], "style": [], "inheritClass": null, "wxss": [], "page": null, "path": "D:\\WORK\\2021\\MPDF\\baseline\\ui\\e家银\\printSalaryBillQuery.wxml", "child": [], "parent": 2, "matchString": [{"type": "self", "string": "邮寄地址：{{orderList.recaddr}}"}]}, {"id": 13, "type": "view", "string": "申请时间：{{orderList.tordertime}}", "attribute": {"class": ["msg2"]}, "referenceVariable": [], "referenceFunction": [], "style": [], "inheritClass": null, "wxss": [], "page": null, "path": "D:\\WORK\\2021\\MPDF\\baseline\\ui\\e家银\\printSalaryBillQuery.wxml", "child": [], "parent": 2, "matchString": [{"type": "self", "string": "申请时间：{{orderList.tordertime}}"}]}, {"id": 14, "type": "view", "string": null, "attribute": {"class": ["deleteIcon"], "wx:if": "{{orderList.stt==1}}"}, "referenceVariable": ["orderList.stt==1"], "referenceFunction": [], "style": [], "inheritClass": null, "wxss": [], "page": null, "path": "D:\\WORK\\2021\\MPDF\\baseline\\ui\\e家银\\printSalaryBillQuery.wxml", "child": [15, 16], "parent": 2, "matchString": [{"type": "relation", "string": "联系客服"}, {"type": "relation", "string": "取消"}]}, {"id": 15, "type": "view", "string": "联系客服", "attribute": {"bindtap": "calltap", "class": ["callBut"], "data-alphabeta": "{{index}}"}, "referenceVariable": ["index"], "referenceFunction": ["calltap"], "style": [], "inheritClass": null, "wxss": [], "page": null, "path": "D:\\WORK\\2021\\MPDF\\baseline\\ui\\e家银\\printSalaryBillQuery.wxml", "child": [], "parent": 14, "matchString": [{"type": "self", "string": "联系客服"}]}, {"id": 16, "type": "view", "string": "取消", "attribute": {"bindtap": "deletetap", "class": ["deleteBut"], "data-alphabeta": "{{index}}"}, "referenceVariable": ["index"], "referenceFunction": ["deletetap"], "style": [], "inheritClass": null, "wxss": [], "page": null, "path": "D:\\WORK\\2021\\MPDF\\baseline\\ui\\e家银\\printSalaryBillQuery.wxml", "child": [], "parent": 14, "matchString": [{"type": "self", "string": "取消"}]}]