[{"id": 0, "type": "[document]", "string": null, "attribute": {}, "referenceVariable": [], "referenceFunction": [], "style": [], "inheritClass": null, "wxss": [], "page": null, "path": "D:\\WORK\\2021\\MPDF\\baseline\\ui\\版纳天天水果+\\index.wxml", "child": [1], "parent": null, "matchString": [{"type": "relation", "string": "{{pageText.tips}}"}, {"type": "relation", "string": "中国 {{formData.countryCode}}"}, {"type": "relation", "string": "请输入手机号"}, {"type": "relation", "string": "custom-input-class"}, {"type": "relation", "string": "请输入6位验证码"}, {"type": "relation", "string": "{{captcha.text}}"}, {"type": "relation", "string": "{{loginBtn.text}}"}, {"type": "relation", "string": "getPhoneNumber"}, {"type": "relation", "string": "van-dialog"}, {"type": "relation", "string": "login-page-van-toast"}, {"type": "relation", "string": "{{formData.agreement}}《用户使用协议》"}]}, {"id": 1, "type": "view", "string": null, "attribute": {"class": ["captcha"]}, "referenceVariable": [], "referenceFunction": [], "style": [], "inheritClass": null, "wxss": [], "page": null, "path": "D:\\WORK\\2021\\MPDF\\baseline\\ui\\版纳天天水果+\\index.wxml", "child": [2, 15], "parent": 0, "matchString": [{"type": "relation", "string": "{{pageText.tips}}"}, {"type": "relation", "string": "中国 {{formData.countryCode}}"}, {"type": "relation", "string": "请输入手机号"}, {"type": "relation", "string": "custom-input-class"}, {"type": "relation", "string": "请输入6位验证码"}, {"type": "relation", "string": "{{captcha.text}}"}, {"type": "relation", "string": "{{loginBtn.text}}"}, {"type": "relation", "string": "getPhoneNumber"}, {"type": "relation", "string": "van-dialog"}, {"type": "relation", "string": "login-page-van-toast"}, {"type": "relation", "string": "{{formData.agreement}}《用户使用协议》"}]}, {"id": 2, "type": "view", "string": null, "attribute": {"class": ["container"]}, "referenceVariable": [], "referenceFunction": [], "style": [], "inheritClass": null, "wxss": [], "page": null, "path": "D:\\WORK\\2021\\MPDF\\baseline\\ui\\版纳天天水果+\\index.wxml", "child": [3, 4, 7, 10, 11, 13, 14], "parent": 1, "matchString": [{"type": "relation", "string": "{{pageText.tips}}"}, {"type": "relation", "string": "中国 {{formData.countryCode}}"}, {"type": "relation", "string": "请输入手机号"}, {"type": "relation", "string": "custom-input-class"}, {"type": "relation", "string": "请输入6位验证码"}, {"type": "relation", "string": "{{captcha.text}}"}, {"type": "relation", "string": "{{loginBtn.text}}"}, {"type": "relation", "string": "getPhoneNumber"}, {"type": "relation", "string": "van-dialog"}, {"type": "relation", "string": "login-page-van-toast"}]}, {"id": 3, "type": "view", "string": "{{pageText.tips}}", "attribute": {"class": ["tips"]}, "referenceVariable": [], "referenceFunction": [], "style": [], "inheritClass": null, "wxss": [], "page": null, "path": "D:\\WORK\\2021\\MPDF\\baseline\\ui\\版纳天天水果+\\index.wxml", "child": [], "parent": 2, "matchString": [{"type": "self", "string": "{{pageText.tips}}"}]}, {"id": 4, "type": "view", "string": null, "attribute": {"class": ["section"]}, "referenceVariable": [], "referenceFunction": [], "style": [], "inheritClass": null, "wxss": [], "page": null, "path": "D:\\WORK\\2021\\MPDF\\baseline\\ui\\版纳天天水果+\\index.wxml", "child": [5, 6], "parent": 2, "matchString": [{"type": "relation", "string": "中国 {{formData.countryCode}}"}, {"type": "relation", "string": "请输入手机号"}]}, {"id": 5, "type": "view", "string": "中国 {{formData.countryCode}}", "attribute": {"catchtap": "selectCountry", "class": ["country"]}, "referenceVariable": [], "referenceFunction": [], "style": [], "inheritClass": null, "wxss": [], "page": null, "path": "D:\\WORK\\2021\\MPDF\\baseline\\ui\\版纳天天水果+\\index.wxml", "child": [], "parent": 4, "matchString": [{"type": "self", "string": "中国 {{formData.countryCode}}"}]}, {"id": 6, "type": "van-field", "string": null, "attribute": {"bind:input": "bindMobileInput", "border": "{{false}}", "clearable": "{{true}}", "maxlength": "11", "placeholder": "请输入手机号", "type": "number", "value": "{{formData.mobile}}"}, "referenceVariable": ["false", "true", "formData.mobile"], "referenceFunction": ["bindMobileInput"], "style": [], "inheritClass": null, "wxss": [], "page": null, "path": "D:\\WORK\\2021\\MPDF\\baseline\\ui\\版纳天天水果+\\index.wxml", "child": [], "parent": 4, "matchString": [{"type": "attr", "string": "请输入手机号"}]}, {"id": 7, "type": "view", "string": null, "attribute": {"class": ["section"]}, "referenceVariable": [], "referenceFunction": [], "style": [], "inheritClass": null, "wxss": [], "page": null, "path": "D:\\WORK\\2021\\MPDF\\baseline\\ui\\版纳天天水果+\\index.wxml", "child": [8, 9], "parent": 2, "matchString": [{"type": "relation", "string": "custom-input-class"}, {"type": "relation", "string": "请输入6位验证码"}, {"type": "relation", "string": "{{captcha.text}}"}]}, {"id": 8, "type": "van-field", "string": null, "attribute": {"bind:input": "bindCaptchaInput", "border": "{{false}}", "clearable": "{{true}}", "inputclass": "custom-input-class", "maxlength": "6", "placeholder": "请输入6位验证码", "type": "number", "value": "{{formData.captcha}}"}, "referenceVariable": ["false", "true", "formData.captcha"], "referenceFunction": ["bindCaptchaInput"], "style": [], "inheritClass": null, "wxss": [], "page": null, "path": "D:\\WORK\\2021\\MPDF\\baseline\\ui\\版纳天天水果+\\index.wxml", "child": [], "parent": 7, "matchString": [{"type": "attr", "string": "custom-input-class"}, {"type": "attr", "string": "请输入6位验证码"}]}, {"id": 9, "type": "view", "string": "{{captcha.text}}", "attribute": {"catchtap": "fetchCaptcha", "class": ["fetch-captcha-btn", "{{captcha.btnStyle}}"]}, "referenceVariable": ["captcha.btnStyle"], "referenceFunction": [], "style": [], "inheritClass": null, "wxss": [], "page": null, "path": "D:\\WORK\\2021\\MPDF\\baseline\\ui\\版纳天天水果+\\index.wxml", "child": [], "parent": 7, "matchString": [{"type": "self", "string": "{{captcha.text}}"}]}, {"id": 10, "type": "van-button", "string": "{{loginBtn.text}}", "attribute": {"block": "{{true}}", "catchtap": "login", "class": ["button"], "customclass": "login-btn", "disabled": "{{loginBtn.disabled}}", "type": "primary"}, "referenceVariable": ["true", "loginBtn.disabled"], "referenceFunction": [], "style": [], "inheritClass": null, "wxss": [], "page": null, "path": "D:\\WORK\\2021\\MPDF\\baseline\\ui\\版纳天天水果+\\index.wxml", "child": [], "parent": 2, "matchString": [{"type": "self", "string": "{{loginBtn.text}}"}]}, {"id": 11, "type": "van-button", "string": null, "attribute": {"bind:error": "wxLoginError", "bindgetphonenumber": "wxLogin", "block": "{{true}}", "class": ["button"], "customclass": "wx-login-btn", "disabled": "{{loginBtn.wxDisabled}}", "opentype": "getPhoneNumber", "type": "default"}, "referenceVariable": ["true", "loginBtn.wxDisabled"], "referenceFunction": ["wxLoginError", "wxLogin"], "style": [], "inheritClass": null, "wxss": [], "page": null, "path": "D:\\WORK\\2021\\MPDF\\baseline\\ui\\版纳天天水果+\\index.wxml", "child": [12], "parent": 2, "matchString": [{"type": "attr", "string": "getPhoneNumber"}]}, {"id": 12, "type": "view", "string": null, "attribute": {"class": ["wx-icon"]}, "referenceVariable": [], "referenceFunction": [], "style": [], "inheritClass": null, "wxss": [], "page": null, "path": "D:\\WORK\\2021\\MPDF\\baseline\\ui\\版纳天天水果+\\index.wxml", "child": [], "parent": 11, "matchString": []}, {"id": 13, "type": "van-dialog", "string": null, "attribute": {"id": "van-dialog"}, "referenceVariable": [], "referenceFunction": [], "style": [], "inheritClass": null, "wxss": [], "page": null, "path": "D:\\WORK\\2021\\MPDF\\baseline\\ui\\版纳天天水果+\\index.wxml", "child": [], "parent": 2, "matchString": [{"type": "attr", "string": "van-dialog"}]}, {"id": 14, "type": "van-toast", "string": null, "attribute": {"id": "login-page-van-toast"}, "referenceVariable": [], "referenceFunction": [], "style": [], "inheritClass": null, "wxss": [], "page": null, "path": "D:\\WORK\\2021\\MPDF\\baseline\\ui\\版纳天天水果+\\index.wxml", "child": [], "parent": 2, "matchString": [{"type": "attr", "string": "login-page-van-toast"}]}, {"id": 15, "type": "view", "string": null, "attribute": {"class": ["agreement"]}, "referenceVariable": [], "referenceFunction": [], "style": [], "inheritClass": null, "wxss": [], "page": null, "path": "D:\\WORK\\2021\\MPDF\\baseline\\ui\\版纳天天水果+\\index.wxml", "child": [16], "parent": 1, "matchString": [{"type": "relation", "string": "{{formData.agreement}}《用户使用协议》"}]}, {"id": 16, "type": "view", "string": "{{formData.agreement}}《用户使用协议》", "attribute": {"catchtap": "readAgreement", "class": ["agreement-link"]}, "referenceVariable": [], "referenceFunction": [], "style": [], "inheritClass": null, "wxss": [], "page": null, "path": "D:\\WORK\\2021\\MPDF\\baseline\\ui\\版纳天天水果+\\index.wxml", "child": [], "parent": 15, "matchString": [{"type": "self", "string": "{{formData.agreement}}《用户使用协议》"}]}]