{"definedData":[],"dynamicDefinedData":[{"shadowObjectVar":"__object__3","dynamicDefinedProps":[{"propName":".setData","readShadows":[{"shadowVar":{"declaredName":"__object__3.setData","file":"D:\\WORK\\2022\\论文相关\\benchmark\\miniapp\\998二手挖机圈\\_-1965603458_27\\pages\\shops\\shops.js"},"readAccess":[{"leftVar":[{"declaredName":"t","declaredLoc":{"line":11,"column":12},"file":"D:\\WORK\\2022\\论文相关\\benchmark\\miniapp\\998二手挖机圈\\_-1965603458_27\\pages\\shops\\shops.js"}],"readFlow":[{"type":"assign to","from":{"name":"this","loc":{"line":11,"column":16},"id":29726,"file":"D:\\WORK\\2022\\论文相关\\benchmark\\miniapp\\998二手挖机圈\\_-1965603458_27\\pages\\shops\\shops.js"},"to":{"name":"t","loc":{"line":11,"column":12},"id":29725,"file":"D:\\WORK\\2022\\论文相关\\benchmark\\miniapp\\998二手挖机圈\\_-1965603458_27\\pages\\shops\\shops.js"}}]},{"leftVar":[{"declaredName":"t","declaredLoc":{"line":30,"column":12},"file":"D:\\WORK\\2022\\论文相关\\benchmark\\miniapp\\998二手挖机圈\\_-1965603458_27\\pages\\shops\\shops.js"}],"readFlow":[{"type":"assign to","from":{"name":"this","loc":{"line":30,"column":16},"id":29798,"file":"D:\\WORK\\2022\\论文相关\\benchmark\\miniapp\\998二手挖机圈\\_-1965603458_27\\pages\\shops\\shops.js"},"to":{"name":"t","loc":{"line":30,"column":12},"id":29797,"file":"D:\\WORK\\2022\\论文相关\\benchmark\\miniapp\\998二手挖机圈\\_-1965603458_27\\pages\\shops\\shops.js"}}]},{"leftVar":[{"declaredName":"a","declaredLoc":{"line":64,"column":12},"file":"D:\\WORK\\2022\\论文相关\\benchmark\\miniapp\\998二手挖机圈\\_-1965603458_27\\pages\\shops\\shops.js"}],"readFlow":[{"type":"assign to","from":{"name":"this","loc":{"line":64,"column":16},"id":29987,"file":"D:\\WORK\\2022\\论文相关\\benchmark\\miniapp\\998二手挖机圈\\_-1965603458_27\\pages\\shops\\shops.js"},"to":{"name":"a","loc":{"line":64,"column":12},"id":29986,"file":"D:\\WORK\\2022\\论文相关\\benchmark\\miniapp\\998二手挖机圈\\_-1965603458_27\\pages\\shops\\shops.js"}}]}]}],"writeShadows":[{"shadowVar":{"declaredName":"__object__3.setData","file":"D:\\WORK\\2022\\论文相关\\benchmark\\miniapp\\998二手挖机圈\\_-1965603458_27\\pages\\shops\\shops.js"},"writeAccess":[]}]},{"propName":".data","readShadows":[{"shadowVar":{"declaredName":"__object__3.data","declaredLoc":{"line":4,"column":4},"file":"D:\\WORK\\2022\\论文相关\\benchmark\\miniapp\\998二手挖机圈\\_-1965603458_27\\pages\\shops\\shops.js"},"readAccess":[{"leftVar":[{"declaredName":"t","declaredLoc":{"line":11,"column":12},"file":"D:\\WORK\\2022\\论文相关\\benchmark\\miniapp\\998二手挖机圈\\_-1965603458_27\\pages\\shops\\shops.js"}],"readFlow":[{"type":"assign to","from":{"name":"this","loc":{"line":11,"column":16},"id":29726,"file":"D:\\WORK\\2022\\论文相关\\benchmark\\miniapp\\998二手挖机圈\\_-1965603458_27\\pages\\shops\\shops.js"},"to":{"name":"t","loc":{"line":11,"column":12},"id":29725,"file":"D:\\WORK\\2022\\论文相关\\benchmark\\miniapp\\998二手挖机圈\\_-1965603458_27\\pages\\shops\\shops.js"}}]},{"leftVar":[{"declaredName":"t","declaredLoc":{"line":30,"column":12},"file":"D:\\WORK\\2022\\论文相关\\benchmark\\miniapp\\998二手挖机圈\\_-1965603458_27\\pages\\shops\\shops.js"}],"readFlow":[{"type":"assign to","from":{"name":"this","loc":{"line":30,"column":16},"id":29798,"file":"D:\\WORK\\2022\\论文相关\\benchmark\\miniapp\\998二手挖机圈\\_-1965603458_27\\pages\\shops\\shops.js"},"to":{"name":"t","loc":{"line":30,"column":12},"id":29797,"file":"D:\\WORK\\2022\\论文相关\\benchmark\\miniapp\\998二手挖机圈\\_-1965603458_27\\pages\\shops\\shops.js"}}]},{"leftVar":[{"declaredName":"a","declaredLoc":{"line":64,"column":12},"file":"D:\\WORK\\2022\\论文相关\\benchmark\\miniapp\\998二手挖机圈\\_-1965603458_27\\pages\\shops\\shops.js"}],"readFlow":[{"type":"assign to","from":{"name":"this","loc":{"line":64,"column":16},"id":29987,"file":"D:\\WORK\\2022\\论文相关\\benchmark\\miniapp\\998二手挖机圈\\_-1965603458_27\\pages\\shops\\shops.js"},"to":{"name":"a","loc":{"line":64,"column":12},"id":29986,"file":"D:\\WORK\\2022\\论文相关\\benchmark\\miniapp\\998二手挖机圈\\_-1965603458_27\\pages\\shops\\shops.js"}}]}]}],"writeShadows":[{"shadowVar":{"declaredName":"__object__3.data","declaredLoc":{"line":4,"column":4},"file":"D:\\WORK\\2022\\论文相关\\benchmark\\miniapp\\998二手挖机圈\\_-1965603458_27\\pages\\shops\\shops.js"},"writeAccess":[]}]},{"propName":".onLoad","readShadows":[{"shadowVar":{"declaredName":"__object__3.onLoad","declaredLoc":{"line":10,"column":4},"file":"D:\\WORK\\2022\\论文相关\\benchmark\\miniapp\\998二手挖机圈\\_-1965603458_27\\pages\\shops\\shops.js"},"readAccess":[{"leftVar":[{"declaredName":"t","declaredLoc":{"line":11,"column":12},"file":"D:\\WORK\\2022\\论文相关\\benchmark\\miniapp\\998二手挖机圈\\_-1965603458_27\\pages\\shops\\shops.js"}],"readFlow":[{"type":"assign to","from":{"name":"this","loc":{"line":11,"column":16},"id":29726,"file":"D:\\WORK\\2022\\论文相关\\benchmark\\miniapp\\998二手挖机圈\\_-1965603458_27\\pages\\shops\\shops.js"},"to":{"name":"t","loc":{"line":11,"column":12},"id":29725,"file":"D:\\WORK\\2022\\论文相关\\benchmark\\miniapp\\998二手挖机圈\\_-1965603458_27\\pages\\shops\\shops.js"}}]},{"leftVar":[{"declaredName":"t","declaredLoc":{"line":30,"column":12},"file":"D:\\WORK\\2022\\论文相关\\benchmark\\miniapp\\998二手挖机圈\\_-1965603458_27\\pages\\shops\\shops.js"}],"readFlow":[{"type":"assign to","from":{"name":"this","loc":{"line":30,"column":16},"id":29798,"file":"D:\\WORK\\2022\\论文相关\\benchmark\\miniapp\\998二手挖机圈\\_-1965603458_27\\pages\\shops\\shops.js"},"to":{"name":"t","loc":{"line":30,"column":12},"id":29797,"file":"D:\\WORK\\2022\\论文相关\\benchmark\\miniapp\\998二手挖机圈\\_-1965603458_27\\pages\\shops\\shops.js"}}]},{"leftVar":[{"declaredName":"a","declaredLoc":{"line":64,"column":12},"file":"D:\\WORK\\2022\\论文相关\\benchmark\\miniapp\\998二手挖机圈\\_-1965603458_27\\pages\\shops\\shops.js"}],"readFlow":[{"type":"assign to","from":{"name":"this","loc":{"line":64,"column":16},"id":29987,"file":"D:\\WORK\\2022\\论文相关\\benchmark\\miniapp\\998二手挖机圈\\_-1965603458_27\\pages\\shops\\shops.js"},"to":{"name":"a","loc":{"line":64,"column":12},"id":29986,"file":"D:\\WORK\\2022\\论文相关\\benchmark\\miniapp\\998二手挖机圈\\_-1965603458_27\\pages\\shops\\shops.js"}}]}]}],"writeShadows":[{"shadowVar":{"declaredName":"__object__3.onLoad","declaredLoc":{"line":10,"column":4},"file":"D:\\WORK\\2022\\论文相关\\benchmark\\miniapp\\998二手挖机圈\\_-1965603458_27\\pages\\shops\\shops.js"},"writeAccess":[]}]},{"propName":".formSubmit","readShadows":[{"shadowVar":{"declaredName":"__object__3.formSubmit","declaredLoc":{"line":29,"column":4},"file":"D:\\WORK\\2022\\论文相关\\benchmark\\miniapp\\998二手挖机圈\\_-1965603458_27\\pages\\shops\\shops.js"},"readAccess":[{"leftVar":[{"declaredName":"t","declaredLoc":{"line":11,"column":12},"file":"D:\\WORK\\2022\\论文相关\\benchmark\\miniapp\\998二手挖机圈\\_-1965603458_27\\pages\\shops\\shops.js"}],"readFlow":[{"type":"assign to","from":{"name":"this","loc":{"line":11,"column":16},"id":29726,"file":"D:\\WORK\\2022\\论文相关\\benchmark\\miniapp\\998二手挖机圈\\_-1965603458_27\\pages\\shops\\shops.js"},"to":{"name":"t","loc":{"line":11,"column":12},"id":29725,"file":"D:\\WORK\\2022\\论文相关\\benchmark\\miniapp\\998二手挖机圈\\_-1965603458_27\\pages\\shops\\shops.js"}}]},{"leftVar":[{"declaredName":"t","declaredLoc":{"line":30,"column":12},"file":"D:\\WORK\\2022\\论文相关\\benchmark\\miniapp\\998二手挖机圈\\_-1965603458_27\\pages\\shops\\shops.js"}],"readFlow":[{"type":"assign to","from":{"name":"this","loc":{"line":30,"column":16},"id":29798,"file":"D:\\WORK\\2022\\论文相关\\benchmark\\miniapp\\998二手挖机圈\\_-1965603458_27\\pages\\shops\\shops.js"},"to":{"name":"t","loc":{"line":30,"column":12},"id":29797,"file":"D:\\WORK\\2022\\论文相关\\benchmark\\miniapp\\998二手挖机圈\\_-1965603458_27\\pages\\shops\\shops.js"}}]},{"leftVar":[{"declaredName":"a","declaredLoc":{"line":64,"column":12},"file":"D:\\WORK\\2022\\论文相关\\benchmark\\miniapp\\998二手挖机圈\\_-1965603458_27\\pages\\shops\\shops.js"}],"readFlow":[{"type":"assign to","from":{"name":"this","loc":{"line":64,"column":16},"id":29987,"file":"D:\\WORK\\2022\\论文相关\\benchmark\\miniapp\\998二手挖机圈\\_-1965603458_27\\pages\\shops\\shops.js"},"to":{"name":"a","loc":{"line":64,"column":12},"id":29986,"file":"D:\\WORK\\2022\\论文相关\\benchmark\\miniapp\\998二手挖机圈\\_-1965603458_27\\pages\\shops\\shops.js"}}]}]}],"writeShadows":[{"shadowVar":{"declaredName":"__object__3.formSubmit","declaredLoc":{"line":29,"column":4},"file":"D:\\WORK\\2022\\论文相关\\benchmark\\miniapp\\998二手挖机圈\\_-1965603458_27\\pages\\shops\\shops.js"},"writeAccess":[]}]},{"propName":".hasval","readShadows":[{"shadowVar":{"declaredName":"__object__3.hasval","declaredLoc":{"line":63,"column":4},"file":"D:\\WORK\\2022\\论文相关\\benchmark\\miniapp\\998二手挖机圈\\_-1965603458_27\\pages\\shops\\shops.js"},"readAccess":[{"leftVar":[{"declaredName":"t","declaredLoc":{"line":11,"column":12},"file":"D:\\WORK\\2022\\论文相关\\benchmark\\miniapp\\998二手挖机圈\\_-1965603458_27\\pages\\shops\\shops.js"}],"readFlow":[{"type":"assign to","from":{"name":"this","loc":{"line":11,"column":16},"id":29726,"file":"D:\\WORK\\2022\\论文相关\\benchmark\\miniapp\\998二手挖机圈\\_-1965603458_27\\pages\\shops\\shops.js"},"to":{"name":"t","loc":{"line":11,"column":12},"id":29725,"file":"D:\\WORK\\2022\\论文相关\\benchmark\\miniapp\\998二手挖机圈\\_-1965603458_27\\pages\\shops\\shops.js"}}]},{"leftVar":[{"declaredName":"t","declaredLoc":{"line":30,"column":12},"file":"D:\\WORK\\2022\\论文相关\\benchmark\\miniapp\\998二手挖机圈\\_-1965603458_27\\pages\\shops\\shops.js"}],"readFlow":[{"type":"assign to","from":{"name":"this","loc":{"line":30,"column":16},"id":29798,"file":"D:\\WORK\\2022\\论文相关\\benchmark\\miniapp\\998二手挖机圈\\_-1965603458_27\\pages\\shops\\shops.js"},"to":{"name":"t","loc":{"line":30,"column":12},"id":29797,"file":"D:\\WORK\\2022\\论文相关\\benchmark\\miniapp\\998二手挖机圈\\_-1965603458_27\\pages\\shops\\shops.js"}}]},{"leftVar":[{"declaredName":"a","declaredLoc":{"line":64,"column":12},"file":"D:\\WORK\\2022\\论文相关\\benchmark\\miniapp\\998二手挖机圈\\_-1965603458_27\\pages\\shops\\shops.js"}],"readFlow":[{"type":"assign to","from":{"name":"this","loc":{"line":64,"column":16},"id":29987,"file":"D:\\WORK\\2022\\论文相关\\benchmark\\miniapp\\998二手挖机圈\\_-1965603458_27\\pages\\shops\\shops.js"},"to":{"name":"a","loc":{"line":64,"column":12},"id":29986,"file":"D:\\WORK\\2022\\论文相关\\benchmark\\miniapp\\998二手挖机圈\\_-1965603458_27\\pages\\shops\\shops.js"}}]}]}],"writeShadows":[{"shadowVar":{"declaredName":"__object__3.hasval","declaredLoc":{"line":63,"column":4},"file":"D:\\WORK\\2022\\论文相关\\benchmark\\miniapp\\998二手挖机圈\\_-1965603458_27\\pages\\shops\\shops.js"},"writeAccess":[]}]}]},{"shadowObjectVar":"__object__4","dynamicDefinedProps":[{"propName":".user_default","readShadows":[{"shadowVar":{"declaredName":"__object__4.user_default","declaredLoc":{"line":5,"column":8},"file":"D:\\WORK\\2022\\论文相关\\benchmark\\miniapp\\998二手挖机圈\\_-1965603458_27\\pages\\shops\\shops.js"},"readAccess":[{"leftVar":[{"declaredName":"__object__3.data","declaredLoc":{"line":4,"column":4},"file":"D:\\WORK\\2022\\论文相关\\benchmark\\miniapp\\998二手挖机圈\\_-1965603458_27\\pages\\shops\\shops.js"}],"readFlow":[{"type":"assign to","from":{"name":"user_default","loc":{"line":5,"column":8},"id":29704,"file":"D:\\WORK\\2022\\论文相关\\benchmark\\miniapp\\998二手挖机圈\\_-1965603458_27\\pages\\shops\\shops.js"},"to":{"name":"data","loc":{"line":4,"column":4},"id":29701,"file":"D:\\WORK\\2022\\论文相关\\benchmark\\miniapp\\998二手挖机圈\\_-1965603458_27\\pages\\shops\\shops.js"}},{"type":"to callee","from":{"name":"data","loc":{"line":4,"column":4},"id":29701,"file":"D:\\WORK\\2022\\论文相关\\benchmark\\miniapp\\998二手挖机圈\\_-1965603458_27\\pages\\shops\\shops.js"},"to":{"name":"Page","loc":{"line":3,"column":0},"id":29698,"file":"D:\\WORK\\2022\\论文相关\\benchmark\\miniapp\\998二手挖机圈\\_-1965603458_27\\pages\\shops\\shops.js"}},{"type":"read","from":{"name":"data","loc":{"line":4,"column":4},"id":29701,"file":"D:\\WORK\\2022\\论文相关\\benchmark\\miniapp\\998二手挖机圈\\_-1965603458_27\\pages\\shops\\shops.js"},"to":{"name":"this","loc":{"line":11,"column":16},"id":29726,"file":"D:\\WORK\\2022\\论文相关\\benchmark\\miniapp\\998二手挖机圈\\_-1965603458_27\\pages\\shops\\shops.js"}},{"type":"read","from":{"name":"data","loc":{"line":4,"column":4},"id":29701,"file":"D:\\WORK\\2022\\论文相关\\benchmark\\miniapp\\998二手挖机圈\\_-1965603458_27\\pages\\shops\\shops.js"},"to":{"name":"this","loc":{"line":30,"column":16},"id":29798,"file":"D:\\WORK\\2022\\论文相关\\benchmark\\miniapp\\998二手挖机圈\\_-1965603458_27\\pages\\shops\\shops.js"}},{"type":"read","from":{"name":"data","loc":{"line":4,"column":4},"id":29701,"file":"D:\\WORK\\2022\\论文相关\\benchmark\\miniapp\\998二手挖机圈\\_-1965603458_27\\pages\\shops\\shops.js"},"to":{"name":"this","loc":{"line":64,"column":16},"id":29987,"file":"D:\\WORK\\2022\\论文相关\\benchmark\\miniapp\\998二手挖机圈\\_-1965603458_27\\pages\\shops\\shops.js"}},{"type":"assign to","from":{"name":"this","loc":{"line":64,"column":16},"id":29987,"file":"D:\\WORK\\2022\\论文相关\\benchmark\\miniapp\\998二手挖机圈\\_-1965603458_27\\pages\\shops\\shops.js"},"to":{"name":"a","loc":{"line":64,"column":12},"id":29986,"file":"D:\\WORK\\2022\\论文相关\\benchmark\\miniapp\\998二手挖机圈\\_-1965603458_27\\pages\\shops\\shops.js"}},{"type":"assign to","from":{"name":"this","loc":{"line":30,"column":16},"id":29798,"file":"D:\\WORK\\2022\\论文相关\\benchmark\\miniapp\\998二手挖机圈\\_-1965603458_27\\pages\\shops\\shops.js"},"to":{"name":"t","loc":{"line":30,"column":12},"id":29797,"file":"D:\\WORK\\2022\\论文相关\\benchmark\\miniapp\\998二手挖机圈\\_-1965603458_27\\pages\\shops\\shops.js"}},{"type":"assign to","from":{"name":"this","loc":{"line":11,"column":16},"id":29726,"file":"D:\\WORK\\2022\\论文相关\\benchmark\\miniapp\\998二手挖机圈\\_-1965603458_27\\pages\\shops\\shops.js"},"to":{"name":"t","loc":{"line":11,"column":12},"id":29725,"file":"D:\\WORK\\2022\\论文相关\\benchmark\\miniapp\\998二手挖机圈\\_-1965603458_27\\pages\\shops\\shops.js"}}]}]}],"writeShadows":[{"shadowVar":{"declaredName":"__object__4.user_default","declaredLoc":{"line":5,"column":8},"file":"D:\\WORK\\2022\\论文相关\\benchmark\\miniapp\\998二手挖机圈\\_-1965603458_27\\pages\\shops\\shops.js"},"writeAccess":[]}]},{"propName":".ck_name","readShadows":[{"shadowVar":{"declaredName":"__object__4.ck_name","declaredLoc":{"line":6,"column":8},"file":"D:\\WORK\\2022\\论文相关\\benchmark\\miniapp\\998二手挖机圈\\_-1965603458_27\\pages\\shops\\shops.js"},"readAccess":[{"leftVar":[{"declaredName":"__object__3.data","declaredLoc":{"line":4,"column":4},"file":"D:\\WORK\\2022\\论文相关\\benchmark\\miniapp\\998二手挖机圈\\_-1965603458_27\\pages\\shops\\shops.js"}],"readFlow":[{"type":"assign to","from":{"name":"ck_name","loc":{"line":6,"column":8},"id":29707,"file":"D:\\WORK\\2022\\论文相关\\benchmark\\miniapp\\998二手挖机圈\\_-1965603458_27\\pages\\shops\\shops.js"},"to":{"name":"data","loc":{"line":4,"column":4},"id":29701,"file":"D:\\WORK\\2022\\论文相关\\benchmark\\miniapp\\998二手挖机圈\\_-1965603458_27\\pages\\shops\\shops.js"}},{"type":"to callee","from":{"name":"data","loc":{"line":4,"column":4},"id":29701,"file":"D:\\WORK\\2022\\论文相关\\benchmark\\miniapp\\998二手挖机圈\\_-1965603458_27\\pages\\shops\\shops.js"},"to":{"name":"Page","loc":{"line":3,"column":0},"id":29698,"file":"D:\\WORK\\2022\\论文相关\\benchmark\\miniapp\\998二手挖机圈\\_-1965603458_27\\pages\\shops\\shops.js"}},{"type":"read","from":{"name":"data","loc":{"line":4,"column":4},"id":29701,"file":"D:\\WORK\\2022\\论文相关\\benchmark\\miniapp\\998二手挖机圈\\_-1965603458_27\\pages\\shops\\shops.js"},"to":{"name":"this","loc":{"line":11,"column":16},"id":29726,"file":"D:\\WORK\\2022\\论文相关\\benchmark\\miniapp\\998二手挖机圈\\_-1965603458_27\\pages\\shops\\shops.js"}},{"type":"read","from":{"name":"data","loc":{"line":4,"column":4},"id":29701,"file":"D:\\WORK\\2022\\论文相关\\benchmark\\miniapp\\998二手挖机圈\\_-1965603458_27\\pages\\shops\\shops.js"},"to":{"name":"this","loc":{"line":30,"column":16},"id":29798,"file":"D:\\WORK\\2022\\论文相关\\benchmark\\miniapp\\998二手挖机圈\\_-1965603458_27\\pages\\shops\\shops.js"}},{"type":"read","from":{"name":"data","loc":{"line":4,"column":4},"id":29701,"file":"D:\\WORK\\2022\\论文相关\\benchmark\\miniapp\\998二手挖机圈\\_-1965603458_27\\pages\\shops\\shops.js"},"to":{"name":"this","loc":{"line":64,"column":16},"id":29987,"file":"D:\\WORK\\2022\\论文相关\\benchmark\\miniapp\\998二手挖机圈\\_-1965603458_27\\pages\\shops\\shops.js"}},{"type":"assign to","from":{"name":"this","loc":{"line":64,"column":16},"id":29987,"file":"D:\\WORK\\2022\\论文相关\\benchmark\\miniapp\\998二手挖机圈\\_-1965603458_27\\pages\\shops\\shops.js"},"to":{"name":"a","loc":{"line":64,"column":12},"id":29986,"file":"D:\\WORK\\2022\\论文相关\\benchmark\\miniapp\\998二手挖机圈\\_-1965603458_27\\pages\\shops\\shops.js"}},{"type":"assign to","from":{"name":"this","loc":{"line":30,"column":16},"id":29798,"file":"D:\\WORK\\2022\\论文相关\\benchmark\\miniapp\\998二手挖机圈\\_-1965603458_27\\pages\\shops\\shops.js"},"to":{"name":"t","loc":{"line":30,"column":12},"id":29797,"file":"D:\\WORK\\2022\\论文相关\\benchmark\\miniapp\\998二手挖机圈\\_-1965603458_27\\pages\\shops\\shops.js"}},{"type":"assign to","from":{"name":"this","loc":{"line":11,"column":16},"id":29726,"file":"D:\\WORK\\2022\\论文相关\\benchmark\\miniapp\\998二手挖机圈\\_-1965603458_27\\pages\\shops\\shops.js"},"to":{"name":"t","loc":{"line":11,"column":12},"id":29725,"file":"D:\\WORK\\2022\\论文相关\\benchmark\\miniapp\\998二手挖机圈\\_-1965603458_27\\pages\\shops\\shops.js"}}]}]}],"writeShadows":[{"shadowVar":{"declaredName":"__object__4.ck_name","declaredLoc":{"line":6,"column":8},"file":"D:\\WORK\\2022\\论文相关\\benchmark\\miniapp\\998二手挖机圈\\_-1965603458_27\\pages\\shops\\shops.js"},"writeAccess":[]}]},{"propName":".ck_mobile","readShadows":[{"shadowVar":{"declaredName":"__object__4.ck_mobile","declaredLoc":{"line":7,"column":8},"file":"D:\\WORK\\2022\\论文相关\\benchmark\\miniapp\\998二手挖机圈\\_-1965603458_27\\pages\\shops\\shops.js"},"readAccess":[{"leftVar":[{"declaredName":"__object__3.data","declaredLoc":{"line":4,"column":4},"file":"D:\\WORK\\2022\\论文相关\\benchmark\\miniapp\\998二手挖机圈\\_-1965603458_27\\pages\\shops\\shops.js"}],"readFlow":[{"type":"assign to","from":{"name":"ck_mobile","loc":{"line":7,"column":8},"id":29711,"file":"D:\\WORK\\2022\\论文相关\\benchmark\\miniapp\\998二手挖机圈\\_-1965603458_27\\pages\\shops\\shops.js"},"to":{"name":"data","loc":{"line":4,"column":4},"id":29701,"file":"D:\\WORK\\2022\\论文相关\\benchmark\\miniapp\\998二手挖机圈\\_-1965603458_27\\pages\\shops\\shops.js"}},{"type":"to callee","from":{"name":"data","loc":{"line":4,"column":4},"id":29701,"file":"D:\\WORK\\2022\\论文相关\\benchmark\\miniapp\\998二手挖机圈\\_-1965603458_27\\pages\\shops\\shops.js"},"to":{"name":"Page","loc":{"line":3,"column":0},"id":29698,"file":"D:\\WORK\\2022\\论文相关\\benchmark\\miniapp\\998二手挖机圈\\_-1965603458_27\\pages\\shops\\shops.js"}},{"type":"read","from":{"name":"data","loc":{"line":4,"column":4},"id":29701,"file":"D:\\WORK\\2022\\论文相关\\benchmark\\miniapp\\998二手挖机圈\\_-1965603458_27\\pages\\shops\\shops.js"},"to":{"name":"this","loc":{"line":11,"column":16},"id":29726,"file":"D:\\WORK\\2022\\论文相关\\benchmark\\miniapp\\998二手挖机圈\\_-1965603458_27\\pages\\shops\\shops.js"}},{"type":"read","from":{"name":"data","loc":{"line":4,"column":4},"id":29701,"file":"D:\\WORK\\2022\\论文相关\\benchmark\\miniapp\\998二手挖机圈\\_-1965603458_27\\pages\\shops\\shops.js"},"to":{"name":"this","loc":{"line":30,"column":16},"id":29798,"file":"D:\\WORK\\2022\\论文相关\\benchmark\\miniapp\\998二手挖机圈\\_-1965603458_27\\pages\\shops\\shops.js"}},{"type":"read","from":{"name":"data","loc":{"line":4,"column":4},"id":29701,"file":"D:\\WORK\\2022\\论文相关\\benchmark\\miniapp\\998二手挖机圈\\_-1965603458_27\\pages\\shops\\shops.js"},"to":{"name":"this","loc":{"line":64,"column":16},"id":29987,"file":"D:\\WORK\\2022\\论文相关\\benchmark\\miniapp\\998二手挖机圈\\_-1965603458_27\\pages\\shops\\shops.js"}},{"type":"assign to","from":{"name":"this","loc":{"line":64,"column":16},"id":29987,"file":"D:\\WORK\\2022\\论文相关\\benchmark\\miniapp\\998二手挖机圈\\_-1965603458_27\\pages\\shops\\shops.js"},"to":{"name":"a","loc":{"line":64,"column":12},"id":29986,"file":"D:\\WORK\\2022\\论文相关\\benchmark\\miniapp\\998二手挖机圈\\_-1965603458_27\\pages\\shops\\shops.js"}},{"type":"assign to","from":{"name":"this","loc":{"line":30,"column":16},"id":29798,"file":"D:\\WORK\\2022\\论文相关\\benchmark\\miniapp\\998二手挖机圈\\_-1965603458_27\\pages\\shops\\shops.js"},"to":{"name":"t","loc":{"line":30,"column":12},"id":29797,"file":"D:\\WORK\\2022\\论文相关\\benchmark\\miniapp\\998二手挖机圈\\_-1965603458_27\\pages\\shops\\shops.js"}},{"type":"assign to","from":{"name":"this","loc":{"line":11,"column":16},"id":29726,"file":"D:\\WORK\\2022\\论文相关\\benchmark\\miniapp\\998二手挖机圈\\_-1965603458_27\\pages\\shops\\shops.js"},"to":{"name":"t","loc":{"line":11,"column":12},"id":29725,"file":"D:\\WORK\\2022\\论文相关\\benchmark\\miniapp\\998二手挖机圈\\_-1965603458_27\\pages\\shops\\shops.js"}}]}]}],"writeShadows":[{"shadowVar":{"declaredName":"__object__4.ck_mobile","declaredLoc":{"line":7,"column":8},"file":"D:\\WORK\\2022\\论文相关\\benchmark\\miniapp\\998二手挖机圈\\_-1965603458_27\\pages\\shops\\shops.js"},"writeAccess":[]}]},{"propName":".ck_address","readShadows":[{"shadowVar":{"declaredName":"__object__4.ck_address","declaredLoc":{"line":8,"column":8},"file":"D:\\WORK\\2022\\论文相关\\benchmark\\miniapp\\998二手挖机圈\\_-1965603458_27\\pages\\shops\\shops.js"},"readAccess":[{"leftVar":[{"declaredName":"__object__3.data","declaredLoc":{"line":4,"column":4},"file":"D:\\WORK\\2022\\论文相关\\benchmark\\miniapp\\998二手挖机圈\\_-1965603458_27\\pages\\shops\\shops.js"}],"readFlow":[{"type":"assign to","from":{"name":"ck_address","loc":{"line":8,"column":8},"id":29715,"file":"D:\\WORK\\2022\\论文相关\\benchmark\\miniapp\\998二手挖机圈\\_-1965603458_27\\pages\\shops\\shops.js"},"to":{"name":"data","loc":{"line":4,"column":4},"id":29701,"file":"D:\\WORK\\2022\\论文相关\\benchmark\\miniapp\\998二手挖机圈\\_-1965603458_27\\pages\\shops\\shops.js"}},{"type":"to callee","from":{"name":"data","loc":{"line":4,"column":4},"id":29701,"file":"D:\\WORK\\2022\\论文相关\\benchmark\\miniapp\\998二手挖机圈\\_-1965603458_27\\pages\\shops\\shops.js"},"to":{"name":"Page","loc":{"line":3,"column":0},"id":29698,"file":"D:\\WORK\\2022\\论文相关\\benchmark\\miniapp\\998二手挖机圈\\_-1965603458_27\\pages\\shops\\shops.js"}},{"type":"read","from":{"name":"data","loc":{"line":4,"column":4},"id":29701,"file":"D:\\WORK\\2022\\论文相关\\benchmark\\miniapp\\998二手挖机圈\\_-1965603458_27\\pages\\shops\\shops.js"},"to":{"name":"this","loc":{"line":11,"column":16},"id":29726,"file":"D:\\WORK\\2022\\论文相关\\benchmark\\miniapp\\998二手挖机圈\\_-1965603458_27\\pages\\shops\\shops.js"}},{"type":"read","from":{"name":"data","loc":{"line":4,"column":4},"id":29701,"file":"D:\\WORK\\2022\\论文相关\\benchmark\\miniapp\\998二手挖机圈\\_-1965603458_27\\pages\\shops\\shops.js"},"to":{"name":"this","loc":{"line":30,"column":16},"id":29798,"file":"D:\\WORK\\2022\\论文相关\\benchmark\\miniapp\\998二手挖机圈\\_-1965603458_27\\pages\\shops\\shops.js"}},{"type":"read","from":{"name":"data","loc":{"line":4,"column":4},"id":29701,"file":"D:\\WORK\\2022\\论文相关\\benchmark\\miniapp\\998二手挖机圈\\_-1965603458_27\\pages\\shops\\shops.js"},"to":{"name":"this","loc":{"line":64,"column":16},"id":29987,"file":"D:\\WORK\\2022\\论文相关\\benchmark\\miniapp\\998二手挖机圈\\_-1965603458_27\\pages\\shops\\shops.js"}},{"type":"assign to","from":{"name":"this","loc":{"line":64,"column":16},"id":29987,"file":"D:\\WORK\\2022\\论文相关\\benchmark\\miniapp\\998二手挖机圈\\_-1965603458_27\\pages\\shops\\shops.js"},"to":{"name":"a","loc":{"line":64,"column":12},"id":29986,"file":"D:\\WORK\\2022\\论文相关\\benchmark\\miniapp\\998二手挖机圈\\_-1965603458_27\\pages\\shops\\shops.js"}},{"type":"assign to","from":{"name":"this","loc":{"line":30,"column":16},"id":29798,"file":"D:\\WORK\\2022\\论文相关\\benchmark\\miniapp\\998二手挖机圈\\_-1965603458_27\\pages\\shops\\shops.js"},"to":{"name":"t","loc":{"line":30,"column":12},"id":29797,"file":"D:\\WORK\\2022\\论文相关\\benchmark\\miniapp\\998二手挖机圈\\_-1965603458_27\\pages\\shops\\shops.js"}},{"type":"assign to","from":{"name":"this","loc":{"line":11,"column":16},"id":29726,"file":"D:\\WORK\\2022\\论文相关\\benchmark\\miniapp\\998二手挖机圈\\_-1965603458_27\\pages\\shops\\shops.js"},"to":{"name":"t","loc":{"line":11,"column":12},"id":29725,"file":"D:\\WORK\\2022\\论文相关\\benchmark\\miniapp\\998二手挖机圈\\_-1965603458_27\\pages\\shops\\shops.js"}}]}]}],"writeShadows":[{"shadowVar":{"declaredName":"__object__4.ck_address","declaredLoc":{"line":8,"column":8},"file":"D:\\WORK\\2022\\论文相关\\benchmark\\miniapp\\998二手挖机圈\\_-1965603458_27\\pages\\shops\\shops.js"},"writeAccess":[]}]},{"propName":".order_id","readShadows":[{"shadowVar":{"declaredName":"__object__4.order_id","file":"D:\\WORK\\2022\\论文相关\\benchmark\\miniapp\\998二手挖机圈\\_-1965603458_27\\pages\\shops\\shops.js"},"readAccess":[{"leftVar":[{"declaredName":"__object__42.order_id","declaredLoc":{"line":44,"column":16},"file":"D:\\WORK\\2022\\论文相关\\benchmark\\miniapp\\998二手挖机圈\\_-1965603458_27\\pages\\shops\\shops.js"}],"readFlow":[{"type":"assign to","from":{"name":"t.data.order_id","loc":{"line":44,"column":26},"id":29908,"file":"D:\\WORK\\2022\\论文相关\\benchmark\\miniapp\\998二手挖机圈\\_-1965603458_27\\pages\\shops\\shops.js"},"to":{"name":"order_id","loc":{"line":44,"column":16},"id":29907,"file":"D:\\WORK\\2022\\论文相关\\benchmark\\miniapp\\998二手挖机圈\\_-1965603458_27\\pages\\shops\\shops.js"}},{"type":"assign to","from":{"name":"order_id","loc":{"line":44,"column":16},"id":29907,"file":"D:\\WORK\\2022\\论文相关\\benchmark\\miniapp\\998二手挖机圈\\_-1965603458_27\\pages\\shops\\shops.js"},"to":{"name":"data","loc":{"line":42,"column":12},"id":29895,"file":"D:\\WORK\\2022\\论文相关\\benchmark\\miniapp\\998二手挖机圈\\_-1965603458_27\\pages\\shops\\shops.js"}},{"type":"to callee","from":{"name":"order_id","loc":{"line":44,"column":16},"id":29907,"file":"D:\\WORK\\2022\\论文相关\\benchmark\\miniapp\\998二手挖机圈\\_-1965603458_27\\pages\\shops\\shops.js"},"to":{"name":"wx.request","loc":{"line":36,"column":8},"id":29878,"file":"D:\\WORK\\2022\\论文相关\\benchmark\\miniapp\\998二手挖机圈\\_-1965603458_27\\pages\\shops\\shops.js","sink":true}},{"type":"to callee","from":{"name":"data","loc":{"line":42,"column":12},"id":29895,"file":"D:\\WORK\\2022\\论文相关\\benchmark\\miniapp\\998二手挖机圈\\_-1965603458_27\\pages\\shops\\shops.js"},"to":{"name":"wx.request","loc":{"line":36,"column":8},"id":29878,"file":"D:\\WORK\\2022\\论文相关\\benchmark\\miniapp\\998二手挖机圈\\_-1965603458_27\\pages\\shops\\shops.js","sink":true}}]}]}],"writeShadows":[{"shadowVar":{"declaredName":"__object__4.order_id","file":"D:\\WORK\\2022\\论文相关\\benchmark\\miniapp\\998二手挖机圈\\_-1965603458_27\\pages\\shops\\shops.js"},"writeAccess":[]}]}]}]}