[{"id": 0, "type": "[document]", "string": null, "attribute": {}, "referenceVariable": [], "referenceFunction": [], "style": [], "inheritClass": null, "wxss": [], "page": null, "path": "D:\\WORK\\2021\\MPDF\\baseline\\ui\\Hi维修手机上门维修回收平台\\addAddress.wxml", "child": [1, 16, 17, 18], "parent": null, "matchString": [{"type": "relation", "string": "请输入姓名"}, {"type": "relation", "string": "请填写收货人手机号码"}, {"type": "relation", "string": "{{province+'-'+city+'-'+district}}"}, {"type": "relation", "string": "请选择省市区"}, {"type": "relation", "string": "true"}, {"type": "relation", "string": "请输入详细地址"}, {"type": "relation", "string": "设置默认地址"}, {"type": "relation", "string": "保存地址"}, {"type": "relation", "string": "{{pcdAnimation}}"}, {"type": "relation", "string": "取消"}, {"type": "relation", "string": "确定"}, {"type": "relation", "string": "\n                {{item}}\n            "}]}, {"id": 1, "type": "view", "string": null, "attribute": {"class": ["tianxiedizhi"]}, "referenceVariable": [], "referenceFunction": [], "style": [], "inheritClass": null, "wxss": [], "page": null, "path": "D:\\WORK\\2021\\MPDF\\baseline\\ui\\Hi维修手机上门维修回收平台\\addAddress.wxml", "child": [2, 4, 7, 11, 13], "parent": 0, "matchString": [{"type": "relation", "string": "请输入姓名"}, {"type": "relation", "string": "请填写收货人手机号码"}, {"type": "relation", "string": "{{province+'-'+city+'-'+district}}"}, {"type": "relation", "string": "请选择省市区"}, {"type": "relation", "string": "true"}, {"type": "relation", "string": "请输入详细地址"}, {"type": "relation", "string": "设置默认地址"}]}, {"id": 2, "type": "view", "string": null, "attribute": {"class": ["row", "name"]}, "referenceVariable": [], "referenceFunction": [], "style": [], "inheritClass": null, "wxss": [], "page": null, "path": "D:\\WORK\\2021\\MPDF\\baseline\\ui\\Hi维修手机上门维修回收平台\\addAddress.wxml", "child": [3], "parent": 1, "matchString": [{"type": "relation", "string": "请输入姓名"}]}, {"id": 3, "type": "input", "string": null, "attribute": {"bindinput": "setName", "placeholder": "请输入姓名", "placeholderstyle": "color:#ababab;", "value": "{{name}}"}, "referenceVariable": ["name"], "referenceFunction": ["setName"], "style": [], "inheritClass": null, "wxss": [], "page": null, "path": "D:\\WORK\\2021\\MPDF\\baseline\\ui\\Hi维修手机上门维修回收平台\\addAddress.wxml", "child": [], "parent": 2, "matchString": [{"type": "attr", "string": "请输入姓名"}]}, {"id": 4, "type": "view", "string": null, "attribute": {"class": ["row", "phone"]}, "referenceVariable": [], "referenceFunction": [], "style": [], "inheritClass": null, "wxss": [], "page": null, "path": "D:\\WORK\\2021\\MPDF\\baseline\\ui\\Hi维修手机上门维修回收平台\\addAddress.wxml", "child": [5], "parent": 1, "matchString": [{"type": "relation", "string": "请填写收货人手机号码"}]}, {"id": 5, "type": "view", "string": null, "attribute": {}, "referenceVariable": [], "referenceFunction": [], "style": [], "inheritClass": null, "wxss": [], "page": null, "path": "D:\\WORK\\2021\\MPDF\\baseline\\ui\\Hi维修手机上门维修回收平台\\addAddress.wxml", "child": [6], "parent": 4, "matchString": [{"type": "relation", "string": "请填写收货人手机号码"}]}, {"id": 6, "type": "input", "string": null, "attribute": {"bindinput": "setPhone", "disabled": "true", "placeholder": "请填写收货人手机号码", "placeholderstyle": "color:#ababab;", "value": "{{phone}}"}, "referenceVariable": ["phone"], "referenceFunction": ["setPhone"], "style": [], "inheritClass": null, "wxss": [], "page": null, "path": "D:\\WORK\\2021\\MPDF\\baseline\\ui\\Hi维修手机上门维修回收平台\\addAddress.wxml", "child": [], "parent": 5, "matchString": [{"type": "attr", "string": "请填写收货人手机号码"}]}, {"id": 7, "type": "view", "string": null, "attribute": {"bindtap": "popUp", "class": ["row", "city"]}, "referenceVariable": [], "referenceFunction": ["popUp"], "style": [], "inheritClass": null, "wxss": [], "page": null, "path": "D:\\WORK\\2021\\MPDF\\baseline\\ui\\Hi维修手机上门维修回收平台\\addAddress.wxml", "child": [8, 10], "parent": 1, "matchString": [{"type": "relation", "string": "{{province+'-'+city+'-'+district}}"}, {"type": "relation", "string": "请选择省市区"}]}, {"id": 8, "type": "view", "string": null, "attribute": {"wx:if": "{{pcdShow}}"}, "referenceVariable": ["pcdShow"], "referenceFunction": [], "style": [], "inheritClass": null, "wxss": [], "page": null, "path": "D:\\WORK\\2021\\MPDF\\baseline\\ui\\Hi维修手机上门维修回收平台\\addAddress.wxml", "child": [9], "parent": 7, "matchString": [{"type": "relation", "string": "{{province+'-'+city+'-'+district}}"}]}, {"id": 9, "type": "text", "string": "{{province+'-'+city+'-'+district}}", "attribute": {}, "referenceVariable": [], "referenceFunction": [], "style": [], "inheritClass": null, "wxss": [], "page": null, "path": "D:\\WORK\\2021\\MPDF\\baseline\\ui\\Hi维修手机上门维修回收平台\\addAddress.wxml", "child": [], "parent": 8, "matchString": [{"type": "self", "string": "{{province+'-'+city+'-'+district}}"}]}, {"id": 10, "type": "view", "string": "请选择省市区", "attribute": {"style": "color:#ababab;", "wx:else": ""}, "referenceVariable": [], "referenceFunction": [], "style": [], "inheritClass": null, "wxss": [], "page": null, "path": "D:\\WORK\\2021\\MPDF\\baseline\\ui\\Hi维修手机上门维修回收平台\\addAddress.wxml", "child": [], "parent": 7, "matchString": [{"type": "self", "string": "请选择省市区"}]}, {"id": 11, "type": "view", "string": null, "attribute": {"class": ["row", "detailAddress"]}, "referenceVariable": [], "referenceFunction": [], "style": [], "inheritClass": null, "wxss": [], "page": null, "path": "D:\\WORK\\2021\\MPDF\\baseline\\ui\\Hi维修手机上门维修回收平台\\addAddress.wxml", "child": [12], "parent": 1, "matchString": [{"type": "relation", "string": "true"}, {"type": "relation", "string": "请输入详细地址"}]}, {"id": 12, "type": "textarea", "string": null, "attribute": {"autoheight": "true", "bindinput": "setDetailAddress", "maxlength": "200", "placeholder": "请输入详细地址", "placeholderstyle": "color:#ababab;", "value": "{{detailAddress}}"}, "referenceVariable": ["detailAddress"], "referenceFunction": ["setDetailAddress"], "style": [], "inheritClass": null, "wxss": [], "page": null, "path": "D:\\WORK\\2021\\MPDF\\baseline\\ui\\Hi维修手机上门维修回收平台\\addAddress.wxml", "child": [], "parent": 11, "matchString": [{"type": "attr", "string": "true"}, {"type": "attr", "string": "请输入详细地址"}]}, {"id": 13, "type": "view", "string": null, "attribute": {"class": ["row", "defaultSetting"]}, "referenceVariable": [], "referenceFunction": [], "style": [], "inheritClass": null, "wxss": [], "page": null, "path": "D:\\WORK\\2021\\MPDF\\baseline\\ui\\Hi维修手机上门维修回收平台\\addAddress.wxml", "child": [14, 15], "parent": 1, "matchString": [{"type": "relation", "string": "设置默认地址"}]}, {"id": 14, "type": "view", "string": "设置默认地址", "attribute": {}, "referenceVariable": [], "referenceFunction": [], "style": [], "inheritClass": null, "wxss": [], "page": null, "path": "D:\\WORK\\2021\\MPDF\\baseline\\ui\\Hi维修手机上门维修回收平台\\addAddress.wxml", "child": [], "parent": 13, "matchString": [{"type": "self", "string": "设置默认地址"}]}, {"id": 15, "type": "switch", "string": null, "attribute": {"bindchange": "changeSwitch", "checked": "{{is_default}}"}, "referenceVariable": ["is_default"], "referenceFunction": ["changeSwitch"], "style": [], "inheritClass": null, "wxss": [], "page": null, "path": "D:\\WORK\\2021\\MPDF\\baseline\\ui\\Hi维修手机上门维修回收平台\\addAddress.wxml", "child": [], "parent": 13, "matchString": []}, {"id": 16, "type": "view", "string": "保存地址", "attribute": {"bindtap": "saveAddress", "class": ["btnsure", "{{isFullSucreen?'addbottom':''}}"]}, "referenceVariable": ["isFullSucreen?'addbottom':''"], "referenceFunction": ["saveAddress"], "style": [], "inheritClass": null, "wxss": [], "page": null, "path": "D:\\WORK\\2021\\MPDF\\baseline\\ui\\Hi维修手机上门维修回收平台\\addAddress.wxml", "child": [], "parent": 0, "matchString": [{"type": "self", "string": "保存地址"}]}, {"id": 17, "type": "view", "string": null, "attribute": {"class": ["modal"], "wx:if": "{{condition}}"}, "referenceVariable": ["condition"], "referenceFunction": [], "style": [], "inheritClass": null, "wxss": [], "page": null, "path": "D:\\WORK\\2021\\MPDF\\baseline\\ui\\Hi维修手机上门维修回收平台\\addAddress.wxml", "child": [], "parent": 0, "matchString": []}, {"id": 18, "type": "view", "string": null, "attribute": {"animation": "{{pcdAnimation}}", "class": ["citypicker"]}, "referenceVariable": ["pcdAnimation"], "referenceFunction": [], "style": [], "inheritClass": null, "wxss": [], "page": null, "path": "D:\\WORK\\2021\\MPDF\\baseline\\ui\\Hi维修手机上门维修回收平台\\addAddress.wxml", "child": [19, 22], "parent": 0, "matchString": [{"type": "attr", "string": "{{pcdAnimation}}"}, {"type": "relation", "string": "取消"}, {"type": "relation", "string": "确定"}, {"type": "relation", "string": "\n                {{item}}\n            "}]}, {"id": 19, "type": "view", "string": null, "attribute": {"class": ["cityheader", "cl"]}, "referenceVariable": [], "referenceFunction": [], "style": [], "inheritClass": null, "wxss": [], "page": null, "path": "D:\\WORK\\2021\\MPDF\\baseline\\ui\\Hi维修手机上门维修回收平台\\addAddress.wxml", "child": [20, 21], "parent": 18, "matchString": [{"type": "relation", "string": "取消"}, {"type": "relation", "string": "确定"}]}, {"id": 20, "type": "view", "string": "取消", "attribute": {"bindtap": "popDown", "class": ["city-cancel"]}, "referenceVariable": [], "referenceFunction": ["popDown"], "style": [], "inheritClass": null, "wxss": [], "page": null, "path": "D:\\WORK\\2021\\MPDF\\baseline\\ui\\Hi维修手机上门维修回收平台\\addAddress.wxml", "child": [], "parent": 19, "matchString": [{"type": "self", "string": "取消"}]}, {"id": 21, "type": "view", "string": "确定", "attribute": {"bindtap": "popDown", "class": ["city-true"]}, "referenceVariable": [], "referenceFunction": ["popDown"], "style": [], "inheritClass": null, "wxss": [], "page": null, "path": "D:\\WORK\\2021\\MPDF\\baseline\\ui\\Hi维修手机上门维修回收平台\\addAddress.wxml", "child": [], "parent": 19, "matchString": [{"type": "self", "string": "确定"}]}, {"id": 22, "type": "picker-view", "string": null, "attribute": {"bindchange": "bindChange", "class": ["citybody"], "indicatorstyle": "height: 50px;", "style": "width: 100%; height: 250px;", "value": "{{value}}"}, "referenceVariable": ["value"], "referenceFunction": ["bindChange"], "style": [], "inheritClass": null, "wxss": [], "page": null, "path": "D:\\WORK\\2021\\MPDF\\baseline\\ui\\Hi维修手机上门维修回收平台\\addAddress.wxml", "child": [23, 25, 27], "parent": 18, "matchString": [{"type": "relation", "string": "\n                {{item}}\n            "}]}, {"id": 23, "type": "picker-view-column", "string": null, "attribute": {}, "referenceVariable": [], "referenceFunction": [], "style": [], "inheritClass": null, "wxss": [], "page": null, "path": "D:\\WORK\\2021\\MPDF\\baseline\\ui\\Hi维修手机上门维修回收平台\\addAddress.wxml", "child": [24], "parent": 22, "matchString": [{"type": "relation", "string": "\n                {{item}}\n            "}]}, {"id": 24, "type": "view", "string": "\n                {{item}}\n            ", "attribute": {"style": "line-height: 50px;padding-left:10px;", "wx:for": "{{provinces}}", "wx:key": "item"}, "referenceVariable": ["provinces"], "referenceFunction": [], "style": [], "inheritClass": null, "wxss": [], "page": null, "path": "D:\\WORK\\2021\\MPDF\\baseline\\ui\\Hi维修手机上门维修回收平台\\addAddress.wxml", "child": [], "parent": 23, "matchString": [{"type": "self", "string": "\n                {{item}}\n            "}]}, {"id": 25, "type": "picker-view-column", "string": null, "attribute": {}, "referenceVariable": [], "referenceFunction": [], "style": [], "inheritClass": null, "wxss": [], "page": null, "path": "D:\\WORK\\2021\\MPDF\\baseline\\ui\\Hi维修手机上门维修回收平台\\addAddress.wxml", "child": [26], "parent": 22, "matchString": [{"type": "relation", "string": "\n                {{item}}\n            "}]}, {"id": 26, "type": "view", "string": "\n                {{item}}\n            ", "attribute": {"style": "line-height: 50px;padding-left:10px;", "wx:for": "{{citys}}", "wx:key": "item"}, "referenceVariable": ["citys"], "referenceFunction": [], "style": [], "inheritClass": null, "wxss": [], "page": null, "path": "D:\\WORK\\2021\\MPDF\\baseline\\ui\\Hi维修手机上门维修回收平台\\addAddress.wxml", "child": [], "parent": 25, "matchString": [{"type": "self", "string": "\n                {{item}}\n            "}]}, {"id": 27, "type": "picker-view-column", "string": null, "attribute": {}, "referenceVariable": [], "referenceFunction": [], "style": [], "inheritClass": null, "wxss": [], "page": null, "path": "D:\\WORK\\2021\\MPDF\\baseline\\ui\\Hi维修手机上门维修回收平台\\addAddress.wxml", "child": [28], "parent": 22, "matchString": [{"type": "relation", "string": "\n                {{item}}\n            "}]}, {"id": 28, "type": "view", "string": "\n                {{item}}\n            ", "attribute": {"style": "line-height: 50px;padding-left:10px;", "wx:for": "{{districts}}", "wx:key": "item"}, "referenceVariable": ["districts"], "referenceFunction": [], "style": [], "inheritClass": null, "wxss": [], "page": null, "path": "D:\\WORK\\2021\\MPDF\\baseline\\ui\\Hi维修手机上门维修回收平台\\addAddress.wxml", "child": [], "parent": 27, "matchString": [{"type": "self", "string": "\n                {{item}}\n            "}]}]