{"definedData":[],"dynamicDefinedData":[{"shadowObjectVar":"setData","dynamicDefinedProps":[{"propName":"","readShadows":[{"shadowVar":{"declaredName":"setData","file":"D:\\WORK\\2022\\论文相关\\benchmark\\miniapp\\998二手挖机圈\\_-1965603458_27\\pages\\report\\report.js"},"readAccess":[{"leftVar":[{"declaredName":"a","declaredLoc":{"line":22,"column":12},"file":"D:\\WORK\\2022\\论文相关\\benchmark\\miniapp\\998二手挖机圈\\_-1965603458_27\\pages\\report\\report.js"}],"readFlow":[{"type":"assign to","from":{"name":"this","loc":{"line":22,"column":16},"id":29434,"file":"D:\\WORK\\2022\\论文相关\\benchmark\\miniapp\\998二手挖机圈\\_-1965603458_27\\pages\\report\\report.js"},"to":{"name":"a","loc":{"line":22,"column":12},"id":29433,"file":"D:\\WORK\\2022\\论文相关\\benchmark\\miniapp\\998二手挖机圈\\_-1965603458_27\\pages\\report\\report.js"}}]},{"leftVar":[{"declaredName":"a","declaredLoc":{"line":49,"column":12},"file":"D:\\WORK\\2022\\论文相关\\benchmark\\miniapp\\998二手挖机圈\\_-1965603458_27\\pages\\report\\report.js"}],"readFlow":[{"type":"assign to","from":{"name":"this","loc":{"line":49,"column":16},"id":29613,"file":"D:\\WORK\\2022\\论文相关\\benchmark\\miniapp\\998二手挖机圈\\_-1965603458_27\\pages\\report\\report.js"},"to":{"name":"a","loc":{"line":49,"column":12},"id":29612,"file":"D:\\WORK\\2022\\论文相关\\benchmark\\miniapp\\998二手挖机圈\\_-1965603458_27\\pages\\report\\report.js"}}]}]}],"writeShadows":[{"shadowVar":{"declaredName":"setData","file":"D:\\WORK\\2022\\论文相关\\benchmark\\miniapp\\998二手挖机圈\\_-1965603458_27\\pages\\report\\report.js"},"writeAccess":[]}]}]},{"shadowObjectVar":"__object__3","dynamicDefinedProps":[{"propName":".data","readShadows":[{"shadowVar":{"declaredName":"__object__3.data","declaredLoc":{"line":4,"column":4},"file":"D:\\WORK\\2022\\论文相关\\benchmark\\miniapp\\998二手挖机圈\\_-1965603458_27\\pages\\report\\report.js"},"readAccess":[{"leftVar":[{"declaredName":"a","declaredLoc":{"line":22,"column":12},"file":"D:\\WORK\\2022\\论文相关\\benchmark\\miniapp\\998二手挖机圈\\_-1965603458_27\\pages\\report\\report.js"}],"readFlow":[{"type":"assign to","from":{"name":"this","loc":{"line":22,"column":16},"id":29434,"file":"D:\\WORK\\2022\\论文相关\\benchmark\\miniapp\\998二手挖机圈\\_-1965603458_27\\pages\\report\\report.js"},"to":{"name":"a","loc":{"line":22,"column":12},"id":29433,"file":"D:\\WORK\\2022\\论文相关\\benchmark\\miniapp\\998二手挖机圈\\_-1965603458_27\\pages\\report\\report.js"}}]},{"leftVar":[{"declaredName":"a","declaredLoc":{"line":49,"column":12},"file":"D:\\WORK\\2022\\论文相关\\benchmark\\miniapp\\998二手挖机圈\\_-1965603458_27\\pages\\report\\report.js"}],"readFlow":[{"type":"assign to","from":{"name":"this","loc":{"line":49,"column":16},"id":29613,"file":"D:\\WORK\\2022\\论文相关\\benchmark\\miniapp\\998二手挖机圈\\_-1965603458_27\\pages\\report\\report.js"},"to":{"name":"a","loc":{"line":49,"column":12},"id":29612,"file":"D:\\WORK\\2022\\论文相关\\benchmark\\miniapp\\998二手挖机圈\\_-1965603458_27\\pages\\report\\report.js"}}]}]}],"writeShadows":[{"shadowVar":{"declaredName":"__object__3.data","declaredLoc":{"line":4,"column":4},"file":"D:\\WORK\\2022\\论文相关\\benchmark\\miniapp\\998二手挖机圈\\_-1965603458_27\\pages\\report\\report.js"},"writeAccess":[]}]},{"propName":".checkboxChange","readShadows":[{"shadowVar":{"declaredName":"__object__3.checkboxChange","declaredLoc":{"line":18,"column":4},"file":"D:\\WORK\\2022\\论文相关\\benchmark\\miniapp\\998二手挖机圈\\_-1965603458_27\\pages\\report\\report.js"},"readAccess":[{"leftVar":[{"declaredName":"a","declaredLoc":{"line":22,"column":12},"file":"D:\\WORK\\2022\\论文相关\\benchmark\\miniapp\\998二手挖机圈\\_-1965603458_27\\pages\\report\\report.js"}],"readFlow":[{"type":"assign to","from":{"name":"this","loc":{"line":22,"column":16},"id":29434,"file":"D:\\WORK\\2022\\论文相关\\benchmark\\miniapp\\998二手挖机圈\\_-1965603458_27\\pages\\report\\report.js"},"to":{"name":"a","loc":{"line":22,"column":12},"id":29433,"file":"D:\\WORK\\2022\\论文相关\\benchmark\\miniapp\\998二手挖机圈\\_-1965603458_27\\pages\\report\\report.js"}}]},{"leftVar":[{"declaredName":"a","declaredLoc":{"line":49,"column":12},"file":"D:\\WORK\\2022\\论文相关\\benchmark\\miniapp\\998二手挖机圈\\_-1965603458_27\\pages\\report\\report.js"}],"readFlow":[{"type":"assign to","from":{"name":"this","loc":{"line":49,"column":16},"id":29613,"file":"D:\\WORK\\2022\\论文相关\\benchmark\\miniapp\\998二手挖机圈\\_-1965603458_27\\pages\\report\\report.js"},"to":{"name":"a","loc":{"line":49,"column":12},"id":29612,"file":"D:\\WORK\\2022\\论文相关\\benchmark\\miniapp\\998二手挖机圈\\_-1965603458_27\\pages\\report\\report.js"}}]}]}],"writeShadows":[{"shadowVar":{"declaredName":"__object__3.checkboxChange","declaredLoc":{"line":18,"column":4},"file":"D:\\WORK\\2022\\论文相关\\benchmark\\miniapp\\998二手挖机圈\\_-1965603458_27\\pages\\report\\report.js"},"writeAccess":[]}]},{"propName":".bindFormSubmit","readShadows":[{"shadowVar":{"declaredName":"__object__3.bindFormSubmit","declaredLoc":{"line":21,"column":4},"file":"D:\\WORK\\2022\\论文相关\\benchmark\\miniapp\\998二手挖机圈\\_-1965603458_27\\pages\\report\\report.js"},"readAccess":[{"leftVar":[{"declaredName":"a","declaredLoc":{"line":22,"column":12},"file":"D:\\WORK\\2022\\论文相关\\benchmark\\miniapp\\998二手挖机圈\\_-1965603458_27\\pages\\report\\report.js"}],"readFlow":[{"type":"assign to","from":{"name":"this","loc":{"line":22,"column":16},"id":29434,"file":"D:\\WORK\\2022\\论文相关\\benchmark\\miniapp\\998二手挖机圈\\_-1965603458_27\\pages\\report\\report.js"},"to":{"name":"a","loc":{"line":22,"column":12},"id":29433,"file":"D:\\WORK\\2022\\论文相关\\benchmark\\miniapp\\998二手挖机圈\\_-1965603458_27\\pages\\report\\report.js"}}]},{"leftVar":[{"declaredName":"a","declaredLoc":{"line":49,"column":12},"file":"D:\\WORK\\2022\\论文相关\\benchmark\\miniapp\\998二手挖机圈\\_-1965603458_27\\pages\\report\\report.js"}],"readFlow":[{"type":"assign to","from":{"name":"this","loc":{"line":49,"column":16},"id":29613,"file":"D:\\WORK\\2022\\论文相关\\benchmark\\miniapp\\998二手挖机圈\\_-1965603458_27\\pages\\report\\report.js"},"to":{"name":"a","loc":{"line":49,"column":12},"id":29612,"file":"D:\\WORK\\2022\\论文相关\\benchmark\\miniapp\\998二手挖机圈\\_-1965603458_27\\pages\\report\\report.js"}}]}]}],"writeShadows":[{"shadowVar":{"declaredName":"__object__3.bindFormSubmit","declaredLoc":{"line":21,"column":4},"file":"D:\\WORK\\2022\\论文相关\\benchmark\\miniapp\\998二手挖机圈\\_-1965603458_27\\pages\\report\\report.js"},"writeAccess":[]}]},{"propName":".onLoad","readShadows":[{"shadowVar":{"declaredName":"__object__3.onLoad","declaredLoc":{"line":48,"column":4},"file":"D:\\WORK\\2022\\论文相关\\benchmark\\miniapp\\998二手挖机圈\\_-1965603458_27\\pages\\report\\report.js"},"readAccess":[{"leftVar":[{"declaredName":"a","declaredLoc":{"line":22,"column":12},"file":"D:\\WORK\\2022\\论文相关\\benchmark\\miniapp\\998二手挖机圈\\_-1965603458_27\\pages\\report\\report.js"}],"readFlow":[{"type":"assign to","from":{"name":"this","loc":{"line":22,"column":16},"id":29434,"file":"D:\\WORK\\2022\\论文相关\\benchmark\\miniapp\\998二手挖机圈\\_-1965603458_27\\pages\\report\\report.js"},"to":{"name":"a","loc":{"line":22,"column":12},"id":29433,"file":"D:\\WORK\\2022\\论文相关\\benchmark\\miniapp\\998二手挖机圈\\_-1965603458_27\\pages\\report\\report.js"}}]},{"leftVar":[{"declaredName":"a","declaredLoc":{"line":49,"column":12},"file":"D:\\WORK\\2022\\论文相关\\benchmark\\miniapp\\998二手挖机圈\\_-1965603458_27\\pages\\report\\report.js"}],"readFlow":[{"type":"assign to","from":{"name":"this","loc":{"line":49,"column":16},"id":29613,"file":"D:\\WORK\\2022\\论文相关\\benchmark\\miniapp\\998二手挖机圈\\_-1965603458_27\\pages\\report\\report.js"},"to":{"name":"a","loc":{"line":49,"column":12},"id":29612,"file":"D:\\WORK\\2022\\论文相关\\benchmark\\miniapp\\998二手挖机圈\\_-1965603458_27\\pages\\report\\report.js"}}]}]}],"writeShadows":[{"shadowVar":{"declaredName":"__object__3.onLoad","declaredLoc":{"line":48,"column":4},"file":"D:\\WORK\\2022\\论文相关\\benchmark\\miniapp\\998二手挖机圈\\_-1965603458_27\\pages\\report\\report.js"},"writeAccess":[]}]}]},{"shadowObjectVar":"__object__4","dynamicDefinedProps":[{"propName":".user_id","readShadows":[{"shadowVar":{"declaredName":"__object__4.user_id","declaredLoc":{"line":5,"column":8},"file":"D:\\WORK\\2022\\论文相关\\benchmark\\miniapp\\998二手挖机圈\\_-1965603458_27\\pages\\report\\report.js"},"readAccess":[{"leftVar":[{"declaredName":"__object__3.data","declaredLoc":{"line":4,"column":4},"file":"D:\\WORK\\2022\\论文相关\\benchmark\\miniapp\\998二手挖机圈\\_-1965603458_27\\pages\\report\\report.js"}],"readFlow":[{"type":"assign to","from":{"name":"user_id","loc":{"line":5,"column":8},"id":29382,"file":"D:\\WORK\\2022\\论文相关\\benchmark\\miniapp\\998二手挖机圈\\_-1965603458_27\\pages\\report\\report.js"},"to":{"name":"data","loc":{"line":4,"column":4},"id":29379,"file":"D:\\WORK\\2022\\论文相关\\benchmark\\miniapp\\998二手挖机圈\\_-1965603458_27\\pages\\report\\report.js"}},{"type":"to callee","from":{"name":"data","loc":{"line":4,"column":4},"id":29379,"file":"D:\\WORK\\2022\\论文相关\\benchmark\\miniapp\\998二手挖机圈\\_-1965603458_27\\pages\\report\\report.js"},"to":{"name":"Page","loc":{"line":3,"column":0},"id":29376,"file":"D:\\WORK\\2022\\论文相关\\benchmark\\miniapp\\998二手挖机圈\\_-1965603458_27\\pages\\report\\report.js"}},{"type":"read","from":{"name":"data","loc":{"line":4,"column":4},"id":29379,"file":"D:\\WORK\\2022\\论文相关\\benchmark\\miniapp\\998二手挖机圈\\_-1965603458_27\\pages\\report\\report.js"},"to":{"name":"this","loc":{"line":22,"column":16},"id":29434,"file":"D:\\WORK\\2022\\论文相关\\benchmark\\miniapp\\998二手挖机圈\\_-1965603458_27\\pages\\report\\report.js"}},{"type":"read","from":{"name":"data","loc":{"line":4,"column":4},"id":29379,"file":"D:\\WORK\\2022\\论文相关\\benchmark\\miniapp\\998二手挖机圈\\_-1965603458_27\\pages\\report\\report.js"},"to":{"name":"this","loc":{"line":49,"column":16},"id":29613,"file":"D:\\WORK\\2022\\论文相关\\benchmark\\miniapp\\998二手挖机圈\\_-1965603458_27\\pages\\report\\report.js"}},{"type":"assign to","from":{"name":"this","loc":{"line":49,"column":16},"id":29613,"file":"D:\\WORK\\2022\\论文相关\\benchmark\\miniapp\\998二手挖机圈\\_-1965603458_27\\pages\\report\\report.js"},"to":{"name":"a","loc":{"line":49,"column":12},"id":29612,"file":"D:\\WORK\\2022\\论文相关\\benchmark\\miniapp\\998二手挖机圈\\_-1965603458_27\\pages\\report\\report.js"}},{"type":"assign to","from":{"name":"this","loc":{"line":22,"column":16},"id":29434,"file":"D:\\WORK\\2022\\论文相关\\benchmark\\miniapp\\998二手挖机圈\\_-1965603458_27\\pages\\report\\report.js"},"to":{"name":"a","loc":{"line":22,"column":12},"id":29433,"file":"D:\\WORK\\2022\\论文相关\\benchmark\\miniapp\\998二手挖机圈\\_-1965603458_27\\pages\\report\\report.js"}}]},{"leftVar":[{"declaredName":"__object__29.user_id","declaredLoc":{"line":31,"column":16},"file":"D:\\WORK\\2022\\论文相关\\benchmark\\miniapp\\998二手挖机圈\\_-1965603458_27\\pages\\report\\report.js"}],"readFlow":[{"type":"assign to","from":{"name":"a.data.user_id","loc":{"line":31,"column":25},"id":29506,"file":"D:\\WORK\\2022\\论文相关\\benchmark\\miniapp\\998二手挖机圈\\_-1965603458_27\\pages\\report\\report.js"},"to":{"name":"user_id","loc":{"line":31,"column":16},"id":29505,"file":"D:\\WORK\\2022\\论文相关\\benchmark\\miniapp\\998二手挖机圈\\_-1965603458_27\\pages\\report\\report.js"}},{"type":"assign to","from":{"name":"user_id","loc":{"line":31,"column":16},"id":29505,"file":"D:\\WORK\\2022\\论文相关\\benchmark\\miniapp\\998二手挖机圈\\_-1965603458_27\\pages\\report\\report.js"},"to":{"name":"data","loc":{"line":29,"column":12},"id":29493,"file":"D:\\WORK\\2022\\论文相关\\benchmark\\miniapp\\998二手挖机圈\\_-1965603458_27\\pages\\report\\report.js"}},{"type":"to callee","from":{"name":"user_id","loc":{"line":31,"column":16},"id":29505,"file":"D:\\WORK\\2022\\论文相关\\benchmark\\miniapp\\998二手挖机圈\\_-1965603458_27\\pages\\report\\report.js"},"to":{"name":"wx.request","loc":{"line":23,"column":151},"id":29476,"file":"D:\\WORK\\2022\\论文相关\\benchmark\\miniapp\\998二手挖机圈\\_-1965603458_27\\pages\\report\\report.js","sink":true}},{"type":"to callee","from":{"name":"data","loc":{"line":29,"column":12},"id":29493,"file":"D:\\WORK\\2022\\论文相关\\benchmark\\miniapp\\998二手挖机圈\\_-1965603458_27\\pages\\report\\report.js"},"to":{"name":"wx.request","loc":{"line":23,"column":151},"id":29476,"file":"D:\\WORK\\2022\\论文相关\\benchmark\\miniapp\\998二手挖机圈\\_-1965603458_27\\pages\\report\\report.js","sink":true}}]}]}],"writeShadows":[{"shadowVar":{"declaredName":"__object__4.user_id","declaredLoc":{"line":5,"column":8},"file":"D:\\WORK\\2022\\论文相关\\benchmark\\miniapp\\998二手挖机圈\\_-1965603458_27\\pages\\report\\report.js"},"writeAccess":[]}]},{"propName":".device_id","readShadows":[{"shadowVar":{"declaredName":"__object__4.device_id","declaredLoc":{"line":6,"column":8},"file":"D:\\WORK\\2022\\论文相关\\benchmark\\miniapp\\998二手挖机圈\\_-1965603458_27\\pages\\report\\report.js"},"readAccess":[{"leftVar":[{"declaredName":"__object__3.data","declaredLoc":{"line":4,"column":4},"file":"D:\\WORK\\2022\\论文相关\\benchmark\\miniapp\\998二手挖机圈\\_-1965603458_27\\pages\\report\\report.js"}],"readFlow":[{"type":"assign to","from":{"name":"device_id","loc":{"line":6,"column":8},"id":29385,"file":"D:\\WORK\\2022\\论文相关\\benchmark\\miniapp\\998二手挖机圈\\_-1965603458_27\\pages\\report\\report.js"},"to":{"name":"data","loc":{"line":4,"column":4},"id":29379,"file":"D:\\WORK\\2022\\论文相关\\benchmark\\miniapp\\998二手挖机圈\\_-1965603458_27\\pages\\report\\report.js"}},{"type":"to callee","from":{"name":"data","loc":{"line":4,"column":4},"id":29379,"file":"D:\\WORK\\2022\\论文相关\\benchmark\\miniapp\\998二手挖机圈\\_-1965603458_27\\pages\\report\\report.js"},"to":{"name":"Page","loc":{"line":3,"column":0},"id":29376,"file":"D:\\WORK\\2022\\论文相关\\benchmark\\miniapp\\998二手挖机圈\\_-1965603458_27\\pages\\report\\report.js"}},{"type":"read","from":{"name":"data","loc":{"line":4,"column":4},"id":29379,"file":"D:\\WORK\\2022\\论文相关\\benchmark\\miniapp\\998二手挖机圈\\_-1965603458_27\\pages\\report\\report.js"},"to":{"name":"this","loc":{"line":22,"column":16},"id":29434,"file":"D:\\WORK\\2022\\论文相关\\benchmark\\miniapp\\998二手挖机圈\\_-1965603458_27\\pages\\report\\report.js"}},{"type":"read","from":{"name":"data","loc":{"line":4,"column":4},"id":29379,"file":"D:\\WORK\\2022\\论文相关\\benchmark\\miniapp\\998二手挖机圈\\_-1965603458_27\\pages\\report\\report.js"},"to":{"name":"this","loc":{"line":49,"column":16},"id":29613,"file":"D:\\WORK\\2022\\论文相关\\benchmark\\miniapp\\998二手挖机圈\\_-1965603458_27\\pages\\report\\report.js"}},{"type":"assign to","from":{"name":"this","loc":{"line":49,"column":16},"id":29613,"file":"D:\\WORK\\2022\\论文相关\\benchmark\\miniapp\\998二手挖机圈\\_-1965603458_27\\pages\\report\\report.js"},"to":{"name":"a","loc":{"line":49,"column":12},"id":29612,"file":"D:\\WORK\\2022\\论文相关\\benchmark\\miniapp\\998二手挖机圈\\_-1965603458_27\\pages\\report\\report.js"}},{"type":"assign to","from":{"name":"this","loc":{"line":22,"column":16},"id":29434,"file":"D:\\WORK\\2022\\论文相关\\benchmark\\miniapp\\998二手挖机圈\\_-1965603458_27\\pages\\report\\report.js"},"to":{"name":"a","loc":{"line":22,"column":12},"id":29433,"file":"D:\\WORK\\2022\\论文相关\\benchmark\\miniapp\\998二手挖机圈\\_-1965603458_27\\pages\\report\\report.js"}}]},{"leftVar":[{"declaredName":"__object__29.device_id","declaredLoc":{"line":32,"column":16},"file":"D:\\WORK\\2022\\论文相关\\benchmark\\miniapp\\998二手挖机圈\\_-1965603458_27\\pages\\report\\report.js"}],"readFlow":[{"type":"assign to","from":{"name":"a.data.device_id","loc":{"line":32,"column":27},"id":29513,"file":"D:\\WORK\\2022\\论文相关\\benchmark\\miniapp\\998二手挖机圈\\_-1965603458_27\\pages\\report\\report.js"},"to":{"name":"device_id","loc":{"line":32,"column":16},"id":29512,"file":"D:\\WORK\\2022\\论文相关\\benchmark\\miniapp\\998二手挖机圈\\_-1965603458_27\\pages\\report\\report.js"}},{"type":"assign to","from":{"name":"device_id","loc":{"line":32,"column":16},"id":29512,"file":"D:\\WORK\\2022\\论文相关\\benchmark\\miniapp\\998二手挖机圈\\_-1965603458_27\\pages\\report\\report.js"},"to":{"name":"data","loc":{"line":29,"column":12},"id":29493,"file":"D:\\WORK\\2022\\论文相关\\benchmark\\miniapp\\998二手挖机圈\\_-1965603458_27\\pages\\report\\report.js"}},{"type":"to callee","from":{"name":"device_id","loc":{"line":32,"column":16},"id":29512,"file":"D:\\WORK\\2022\\论文相关\\benchmark\\miniapp\\998二手挖机圈\\_-1965603458_27\\pages\\report\\report.js"},"to":{"name":"wx.request","loc":{"line":23,"column":151},"id":29476,"file":"D:\\WORK\\2022\\论文相关\\benchmark\\miniapp\\998二手挖机圈\\_-1965603458_27\\pages\\report\\report.js","sink":true}},{"type":"to callee","from":{"name":"data","loc":{"line":29,"column":12},"id":29493,"file":"D:\\WORK\\2022\\论文相关\\benchmark\\miniapp\\998二手挖机圈\\_-1965603458_27\\pages\\report\\report.js"},"to":{"name":"wx.request","loc":{"line":23,"column":151},"id":29476,"file":"D:\\WORK\\2022\\论文相关\\benchmark\\miniapp\\998二手挖机圈\\_-1965603458_27\\pages\\report\\report.js","sink":true}}]}]}],"writeShadows":[{"shadowVar":{"declaredName":"__object__4.device_id","declaredLoc":{"line":6,"column":8},"file":"D:\\WORK\\2022\\论文相关\\benchmark\\miniapp\\998二手挖机圈\\_-1965603458_27\\pages\\report\\report.js"},"writeAccess":[]}]},{"propName":".title","readShadows":[{"shadowVar":{"declaredName":"__object__4.title","declaredLoc":{"line":7,"column":8},"file":"D:\\WORK\\2022\\论文相关\\benchmark\\miniapp\\998二手挖机圈\\_-1965603458_27\\pages\\report\\report.js"},"readAccess":[{"leftVar":[{"declaredName":"__object__3.data","declaredLoc":{"line":4,"column":4},"file":"D:\\WORK\\2022\\论文相关\\benchmark\\miniapp\\998二手挖机圈\\_-1965603458_27\\pages\\report\\report.js"}],"readFlow":[{"type":"assign to","from":{"name":"title","loc":{"line":7,"column":8},"id":29388,"file":"D:\\WORK\\2022\\论文相关\\benchmark\\miniapp\\998二手挖机圈\\_-1965603458_27\\pages\\report\\report.js"},"to":{"name":"data","loc":{"line":4,"column":4},"id":29379,"file":"D:\\WORK\\2022\\论文相关\\benchmark\\miniapp\\998二手挖机圈\\_-1965603458_27\\pages\\report\\report.js"}},{"type":"to callee","from":{"name":"data","loc":{"line":4,"column":4},"id":29379,"file":"D:\\WORK\\2022\\论文相关\\benchmark\\miniapp\\998二手挖机圈\\_-1965603458_27\\pages\\report\\report.js"},"to":{"name":"Page","loc":{"line":3,"column":0},"id":29376,"file":"D:\\WORK\\2022\\论文相关\\benchmark\\miniapp\\998二手挖机圈\\_-1965603458_27\\pages\\report\\report.js"}},{"type":"read","from":{"name":"data","loc":{"line":4,"column":4},"id":29379,"file":"D:\\WORK\\2022\\论文相关\\benchmark\\miniapp\\998二手挖机圈\\_-1965603458_27\\pages\\report\\report.js"},"to":{"name":"this","loc":{"line":22,"column":16},"id":29434,"file":"D:\\WORK\\2022\\论文相关\\benchmark\\miniapp\\998二手挖机圈\\_-1965603458_27\\pages\\report\\report.js"}},{"type":"read","from":{"name":"data","loc":{"line":4,"column":4},"id":29379,"file":"D:\\WORK\\2022\\论文相关\\benchmark\\miniapp\\998二手挖机圈\\_-1965603458_27\\pages\\report\\report.js"},"to":{"name":"this","loc":{"line":49,"column":16},"id":29613,"file":"D:\\WORK\\2022\\论文相关\\benchmark\\miniapp\\998二手挖机圈\\_-1965603458_27\\pages\\report\\report.js"}},{"type":"assign to","from":{"name":"this","loc":{"line":49,"column":16},"id":29613,"file":"D:\\WORK\\2022\\论文相关\\benchmark\\miniapp\\998二手挖机圈\\_-1965603458_27\\pages\\report\\report.js"},"to":{"name":"a","loc":{"line":49,"column":12},"id":29612,"file":"D:\\WORK\\2022\\论文相关\\benchmark\\miniapp\\998二手挖机圈\\_-1965603458_27\\pages\\report\\report.js"}},{"type":"assign to","from":{"name":"this","loc":{"line":22,"column":16},"id":29434,"file":"D:\\WORK\\2022\\论文相关\\benchmark\\miniapp\\998二手挖机圈\\_-1965603458_27\\pages\\report\\report.js"},"to":{"name":"a","loc":{"line":22,"column":12},"id":29433,"file":"D:\\WORK\\2022\\论文相关\\benchmark\\miniapp\\998二手挖机圈\\_-1965603458_27\\pages\\report\\report.js"}}]},{"leftVar":[{"declaredName":"__object__29.title","declaredLoc":{"line":33,"column":16},"file":"D:\\WORK\\2022\\论文相关\\benchmark\\miniapp\\998二手挖机圈\\_-1965603458_27\\pages\\report\\report.js"}],"readFlow":[{"type":"assign to","from":{"name":"a.data.title","loc":{"line":33,"column":23},"id":29520,"file":"D:\\WORK\\2022\\论文相关\\benchmark\\miniapp\\998二手挖机圈\\_-1965603458_27\\pages\\report\\report.js"},"to":{"name":"title","loc":{"line":33,"column":16},"id":29519,"file":"D:\\WORK\\2022\\论文相关\\benchmark\\miniapp\\998二手挖机圈\\_-1965603458_27\\pages\\report\\report.js"}},{"type":"assign to","from":{"name":"title","loc":{"line":33,"column":16},"id":29519,"file":"D:\\WORK\\2022\\论文相关\\benchmark\\miniapp\\998二手挖机圈\\_-1965603458_27\\pages\\report\\report.js"},"to":{"name":"data","loc":{"line":29,"column":12},"id":29493,"file":"D:\\WORK\\2022\\论文相关\\benchmark\\miniapp\\998二手挖机圈\\_-1965603458_27\\pages\\report\\report.js"}},{"type":"to callee","from":{"name":"title","loc":{"line":33,"column":16},"id":29519,"file":"D:\\WORK\\2022\\论文相关\\benchmark\\miniapp\\998二手挖机圈\\_-1965603458_27\\pages\\report\\report.js"},"to":{"name":"wx.request","loc":{"line":23,"column":151},"id":29476,"file":"D:\\WORK\\2022\\论文相关\\benchmark\\miniapp\\998二手挖机圈\\_-1965603458_27\\pages\\report\\report.js","sink":true}},{"type":"to callee","from":{"name":"data","loc":{"line":29,"column":12},"id":29493,"file":"D:\\WORK\\2022\\论文相关\\benchmark\\miniapp\\998二手挖机圈\\_-1965603458_27\\pages\\report\\report.js"},"to":{"name":"wx.request","loc":{"line":23,"column":151},"id":29476,"file":"D:\\WORK\\2022\\论文相关\\benchmark\\miniapp\\998二手挖机圈\\_-1965603458_27\\pages\\report\\report.js","sink":true}}]}]}],"writeShadows":[{"shadowVar":{"declaredName":"__object__4.title","declaredLoc":{"line":7,"column":8},"file":"D:\\WORK\\2022\\论文相关\\benchmark\\miniapp\\998二手挖机圈\\_-1965603458_27\\pages\\report\\report.js"},"writeAccess":[]}]},{"propName":".items","readShadows":[{"shadowVar":{"declaredName":"__object__4.items","declaredLoc":{"line":8,"column":8},"file":"D:\\WORK\\2022\\论文相关\\benchmark\\miniapp\\998二手挖机圈\\_-1965603458_27\\pages\\report\\report.js"},"readAccess":[{"leftVar":[{"declaredName":"__object__3.data","declaredLoc":{"line":4,"column":4},"file":"D:\\WORK\\2022\\论文相关\\benchmark\\miniapp\\998二手挖机圈\\_-1965603458_27\\pages\\report\\report.js"}],"readFlow":[{"type":"assign to","from":{"name":"items","loc":{"line":8,"column":8},"id":29391,"file":"D:\\WORK\\2022\\论文相关\\benchmark\\miniapp\\998二手挖机圈\\_-1965603458_27\\pages\\report\\report.js"},"to":{"name":"data","loc":{"line":4,"column":4},"id":29379,"file":"D:\\WORK\\2022\\论文相关\\benchmark\\miniapp\\998二手挖机圈\\_-1965603458_27\\pages\\report\\report.js"}},{"type":"to callee","from":{"name":"data","loc":{"line":4,"column":4},"id":29379,"file":"D:\\WORK\\2022\\论文相关\\benchmark\\miniapp\\998二手挖机圈\\_-1965603458_27\\pages\\report\\report.js"},"to":{"name":"Page","loc":{"line":3,"column":0},"id":29376,"file":"D:\\WORK\\2022\\论文相关\\benchmark\\miniapp\\998二手挖机圈\\_-1965603458_27\\pages\\report\\report.js"}},{"type":"read","from":{"name":"data","loc":{"line":4,"column":4},"id":29379,"file":"D:\\WORK\\2022\\论文相关\\benchmark\\miniapp\\998二手挖机圈\\_-1965603458_27\\pages\\report\\report.js"},"to":{"name":"this","loc":{"line":22,"column":16},"id":29434,"file":"D:\\WORK\\2022\\论文相关\\benchmark\\miniapp\\998二手挖机圈\\_-1965603458_27\\pages\\report\\report.js"}},{"type":"read","from":{"name":"data","loc":{"line":4,"column":4},"id":29379,"file":"D:\\WORK\\2022\\论文相关\\benchmark\\miniapp\\998二手挖机圈\\_-1965603458_27\\pages\\report\\report.js"},"to":{"name":"this","loc":{"line":49,"column":16},"id":29613,"file":"D:\\WORK\\2022\\论文相关\\benchmark\\miniapp\\998二手挖机圈\\_-1965603458_27\\pages\\report\\report.js"}},{"type":"assign to","from":{"name":"this","loc":{"line":49,"column":16},"id":29613,"file":"D:\\WORK\\2022\\论文相关\\benchmark\\miniapp\\998二手挖机圈\\_-1965603458_27\\pages\\report\\report.js"},"to":{"name":"a","loc":{"line":49,"column":12},"id":29612,"file":"D:\\WORK\\2022\\论文相关\\benchmark\\miniapp\\998二手挖机圈\\_-1965603458_27\\pages\\report\\report.js"}},{"type":"assign to","from":{"name":"this","loc":{"line":22,"column":16},"id":29434,"file":"D:\\WORK\\2022\\论文相关\\benchmark\\miniapp\\998二手挖机圈\\_-1965603458_27\\pages\\report\\report.js"},"to":{"name":"a","loc":{"line":22,"column":12},"id":29433,"file":"D:\\WORK\\2022\\论文相关\\benchmark\\miniapp\\998二手挖机圈\\_-1965603458_27\\pages\\report\\report.js"}}]}]}],"writeShadows":[{"shadowVar":{"declaredName":"__object__4.items","declaredLoc":{"line":8,"column":8},"file":"D:\\WORK\\2022\\论文相关\\benchmark\\miniapp\\998二手挖机圈\\_-1965603458_27\\pages\\report\\report.js"},"writeAccess":[]}]}]},{"shadowObjectVar":"__object__8","dynamicDefinedProps":[{"propName":".value","readShadows":[{"shadowVar":{"declaredName":"__object__8.value","declaredLoc":{"line":9,"column":12},"file":"D:\\WORK\\2022\\论文相关\\benchmark\\miniapp\\998二手挖机圈\\_-1965603458_27\\pages\\report\\report.js"},"readAccess":[{"leftVar":[{"declaredName":"__object__4.items","declaredLoc":{"line":8,"column":8},"file":"D:\\WORK\\2022\\论文相关\\benchmark\\miniapp\\998二手挖机圈\\_-1965603458_27\\pages\\report\\report.js"},{"declaredName":"__object__3.data","declaredLoc":{"line":4,"column":4},"file":"D:\\WORK\\2022\\论文相关\\benchmark\\miniapp\\998二手挖机圈\\_-1965603458_27\\pages\\report\\report.js"}],"readFlow":[{"type":"assign to","from":{"name":"value","loc":{"line":9,"column":12},"id":29395,"file":"D:\\WORK\\2022\\论文相关\\benchmark\\miniapp\\998二手挖机圈\\_-1965603458_27\\pages\\report\\report.js"},"to":{"name":"items","loc":{"line":8,"column":8},"id":29391,"file":"D:\\WORK\\2022\\论文相关\\benchmark\\miniapp\\998二手挖机圈\\_-1965603458_27\\pages\\report\\report.js"}},{"type":"assign to","from":{"name":"items","loc":{"line":8,"column":8},"id":29391,"file":"D:\\WORK\\2022\\论文相关\\benchmark\\miniapp\\998二手挖机圈\\_-1965603458_27\\pages\\report\\report.js"},"to":{"name":"data","loc":{"line":4,"column":4},"id":29379,"file":"D:\\WORK\\2022\\论文相关\\benchmark\\miniapp\\998二手挖机圈\\_-1965603458_27\\pages\\report\\report.js"}},{"type":"to callee","from":{"name":"items","loc":{"line":8,"column":8},"id":29391,"file":"D:\\WORK\\2022\\论文相关\\benchmark\\miniapp\\998二手挖机圈\\_-1965603458_27\\pages\\report\\report.js"},"to":{"name":"Page","loc":{"line":3,"column":0},"id":29376,"file":"D:\\WORK\\2022\\论文相关\\benchmark\\miniapp\\998二手挖机圈\\_-1965603458_27\\pages\\report\\report.js"}},{"type":"to callee","from":{"name":"data","loc":{"line":4,"column":4},"id":29379,"file":"D:\\WORK\\2022\\论文相关\\benchmark\\miniapp\\998二手挖机圈\\_-1965603458_27\\pages\\report\\report.js"},"to":{"name":"Page","loc":{"line":3,"column":0},"id":29376,"file":"D:\\WORK\\2022\\论文相关\\benchmark\\miniapp\\998二手挖机圈\\_-1965603458_27\\pages\\report\\report.js"}},{"type":"read","from":{"name":"data","loc":{"line":4,"column":4},"id":29379,"file":"D:\\WORK\\2022\\论文相关\\benchmark\\miniapp\\998二手挖机圈\\_-1965603458_27\\pages\\report\\report.js"},"to":{"name":"this","loc":{"line":22,"column":16},"id":29434,"file":"D:\\WORK\\2022\\论文相关\\benchmark\\miniapp\\998二手挖机圈\\_-1965603458_27\\pages\\report\\report.js"}},{"type":"read","from":{"name":"data","loc":{"line":4,"column":4},"id":29379,"file":"D:\\WORK\\2022\\论文相关\\benchmark\\miniapp\\998二手挖机圈\\_-1965603458_27\\pages\\report\\report.js"},"to":{"name":"this","loc":{"line":49,"column":16},"id":29613,"file":"D:\\WORK\\2022\\论文相关\\benchmark\\miniapp\\998二手挖机圈\\_-1965603458_27\\pages\\report\\report.js"}},{"type":"assign to","from":{"name":"this","loc":{"line":49,"column":16},"id":29613,"file":"D:\\WORK\\2022\\论文相关\\benchmark\\miniapp\\998二手挖机圈\\_-1965603458_27\\pages\\report\\report.js"},"to":{"name":"a","loc":{"line":49,"column":12},"id":29612,"file":"D:\\WORK\\2022\\论文相关\\benchmark\\miniapp\\998二手挖机圈\\_-1965603458_27\\pages\\report\\report.js"}},{"type":"assign to","from":{"name":"this","loc":{"line":22,"column":16},"id":29434,"file":"D:\\WORK\\2022\\论文相关\\benchmark\\miniapp\\998二手挖机圈\\_-1965603458_27\\pages\\report\\report.js"},"to":{"name":"a","loc":{"line":22,"column":12},"id":29433,"file":"D:\\WORK\\2022\\论文相关\\benchmark\\miniapp\\998二手挖机圈\\_-1965603458_27\\pages\\report\\report.js"}}]},{"leftVar":[{"declaredName":"__object__4.items","declaredLoc":{"line":8,"column":8},"file":"D:\\WORK\\2022\\论文相关\\benchmark\\miniapp\\998二手挖机圈\\_-1965603458_27\\pages\\report\\report.js"},{"declaredName":"__object__3.data","declaredLoc":{"line":4,"column":4},"file":"D:\\WORK\\2022\\论文相关\\benchmark\\miniapp\\998二手挖机圈\\_-1965603458_27\\pages\\report\\report.js"}],"readFlow":[{"type":"assign to","from":{"name":"value","loc":{"line":9,"column":12},"id":29395,"file":"D:\\WORK\\2022\\论文相关\\benchmark\\miniapp\\998二手挖机圈\\_-1965603458_27\\pages\\report\\report.js"},"to":{"name":"data","loc":{"line":4,"column":4},"id":29379,"file":"D:\\WORK\\2022\\论文相关\\benchmark\\miniapp\\998二手挖机圈\\_-1965603458_27\\pages\\report\\report.js"}},{"type":"to callee","from":{"name":"data","loc":{"line":4,"column":4},"id":29379,"file":"D:\\WORK\\2022\\论文相关\\benchmark\\miniapp\\998二手挖机圈\\_-1965603458_27\\pages\\report\\report.js"},"to":{"name":"Page","loc":{"line":3,"column":0},"id":29376,"file":"D:\\WORK\\2022\\论文相关\\benchmark\\miniapp\\998二手挖机圈\\_-1965603458_27\\pages\\report\\report.js"}},{"type":"read","from":{"name":"data","loc":{"line":4,"column":4},"id":29379,"file":"D:\\WORK\\2022\\论文相关\\benchmark\\miniapp\\998二手挖机圈\\_-1965603458_27\\pages\\report\\report.js"},"to":{"name":"this","loc":{"line":22,"column":16},"id":29434,"file":"D:\\WORK\\2022\\论文相关\\benchmark\\miniapp\\998二手挖机圈\\_-1965603458_27\\pages\\report\\report.js"}},{"type":"read","from":{"name":"data","loc":{"line":4,"column":4},"id":29379,"file":"D:\\WORK\\2022\\论文相关\\benchmark\\miniapp\\998二手挖机圈\\_-1965603458_27\\pages\\report\\report.js"},"to":{"name":"this","loc":{"line":49,"column":16},"id":29613,"file":"D:\\WORK\\2022\\论文相关\\benchmark\\miniapp\\998二手挖机圈\\_-1965603458_27\\pages\\report\\report.js"}},{"type":"assign to","from":{"name":"this","loc":{"line":49,"column":16},"id":29613,"file":"D:\\WORK\\2022\\论文相关\\benchmark\\miniapp\\998二手挖机圈\\_-1965603458_27\\pages\\report\\report.js"},"to":{"name":"a","loc":{"line":49,"column":12},"id":29612,"file":"D:\\WORK\\2022\\论文相关\\benchmark\\miniapp\\998二手挖机圈\\_-1965603458_27\\pages\\report\\report.js"}},{"type":"assign to","from":{"name":"this","loc":{"line":22,"column":16},"id":29434,"file":"D:\\WORK\\2022\\论文相关\\benchmark\\miniapp\\998二手挖机圈\\_-1965603458_27\\pages\\report\\report.js"},"to":{"name":"a","loc":{"line":22,"column":12},"id":29433,"file":"D:\\WORK\\2022\\论文相关\\benchmark\\miniapp\\998二手挖机圈\\_-1965603458_27\\pages\\report\\report.js"}}]}]}],"writeShadows":[{"shadowVar":{"declaredName":"__object__8.value","declaredLoc":{"line":9,"column":12},"file":"D:\\WORK\\2022\\论文相关\\benchmark\\miniapp\\998二手挖机圈\\_-1965603458_27\\pages\\report\\report.js"},"writeAccess":[]}]}]},{"shadowObjectVar":"__object__10","dynamicDefinedProps":[{"propName":".value","readShadows":[{"shadowVar":{"declaredName":"__object__10.value","declaredLoc":{"line":11,"column":12},"file":"D:\\WORK\\2022\\论文相关\\benchmark\\miniapp\\998二手挖机圈\\_-1965603458_27\\pages\\report\\report.js"},"readAccess":[{"leftVar":[{"declaredName":"__object__4.items","declaredLoc":{"line":8,"column":8},"file":"D:\\WORK\\2022\\论文相关\\benchmark\\miniapp\\998二手挖机圈\\_-1965603458_27\\pages\\report\\report.js"},{"declaredName":"__object__3.data","declaredLoc":{"line":4,"column":4},"file":"D:\\WORK\\2022\\论文相关\\benchmark\\miniapp\\998二手挖机圈\\_-1965603458_27\\pages\\report\\report.js"}],"readFlow":[{"type":"assign to","from":{"name":"value","loc":{"line":11,"column":12},"id":29399,"file":"D:\\WORK\\2022\\论文相关\\benchmark\\miniapp\\998二手挖机圈\\_-1965603458_27\\pages\\report\\report.js"},"to":{"name":"items","loc":{"line":8,"column":8},"id":29391,"file":"D:\\WORK\\2022\\论文相关\\benchmark\\miniapp\\998二手挖机圈\\_-1965603458_27\\pages\\report\\report.js"}},{"type":"assign to","from":{"name":"items","loc":{"line":8,"column":8},"id":29391,"file":"D:\\WORK\\2022\\论文相关\\benchmark\\miniapp\\998二手挖机圈\\_-1965603458_27\\pages\\report\\report.js"},"to":{"name":"data","loc":{"line":4,"column":4},"id":29379,"file":"D:\\WORK\\2022\\论文相关\\benchmark\\miniapp\\998二手挖机圈\\_-1965603458_27\\pages\\report\\report.js"}},{"type":"to callee","from":{"name":"items","loc":{"line":8,"column":8},"id":29391,"file":"D:\\WORK\\2022\\论文相关\\benchmark\\miniapp\\998二手挖机圈\\_-1965603458_27\\pages\\report\\report.js"},"to":{"name":"Page","loc":{"line":3,"column":0},"id":29376,"file":"D:\\WORK\\2022\\论文相关\\benchmark\\miniapp\\998二手挖机圈\\_-1965603458_27\\pages\\report\\report.js"}},{"type":"to callee","from":{"name":"data","loc":{"line":4,"column":4},"id":29379,"file":"D:\\WORK\\2022\\论文相关\\benchmark\\miniapp\\998二手挖机圈\\_-1965603458_27\\pages\\report\\report.js"},"to":{"name":"Page","loc":{"line":3,"column":0},"id":29376,"file":"D:\\WORK\\2022\\论文相关\\benchmark\\miniapp\\998二手挖机圈\\_-1965603458_27\\pages\\report\\report.js"}},{"type":"read","from":{"name":"data","loc":{"line":4,"column":4},"id":29379,"file":"D:\\WORK\\2022\\论文相关\\benchmark\\miniapp\\998二手挖机圈\\_-1965603458_27\\pages\\report\\report.js"},"to":{"name":"this","loc":{"line":22,"column":16},"id":29434,"file":"D:\\WORK\\2022\\论文相关\\benchmark\\miniapp\\998二手挖机圈\\_-1965603458_27\\pages\\report\\report.js"}},{"type":"read","from":{"name":"data","loc":{"line":4,"column":4},"id":29379,"file":"D:\\WORK\\2022\\论文相关\\benchmark\\miniapp\\998二手挖机圈\\_-1965603458_27\\pages\\report\\report.js"},"to":{"name":"this","loc":{"line":49,"column":16},"id":29613,"file":"D:\\WORK\\2022\\论文相关\\benchmark\\miniapp\\998二手挖机圈\\_-1965603458_27\\pages\\report\\report.js"}},{"type":"assign to","from":{"name":"this","loc":{"line":49,"column":16},"id":29613,"file":"D:\\WORK\\2022\\论文相关\\benchmark\\miniapp\\998二手挖机圈\\_-1965603458_27\\pages\\report\\report.js"},"to":{"name":"a","loc":{"line":49,"column":12},"id":29612,"file":"D:\\WORK\\2022\\论文相关\\benchmark\\miniapp\\998二手挖机圈\\_-1965603458_27\\pages\\report\\report.js"}},{"type":"assign to","from":{"name":"this","loc":{"line":22,"column":16},"id":29434,"file":"D:\\WORK\\2022\\论文相关\\benchmark\\miniapp\\998二手挖机圈\\_-1965603458_27\\pages\\report\\report.js"},"to":{"name":"a","loc":{"line":22,"column":12},"id":29433,"file":"D:\\WORK\\2022\\论文相关\\benchmark\\miniapp\\998二手挖机圈\\_-1965603458_27\\pages\\report\\report.js"}}]},{"leftVar":[{"declaredName":"__object__4.items","declaredLoc":{"line":8,"column":8},"file":"D:\\WORK\\2022\\论文相关\\benchmark\\miniapp\\998二手挖机圈\\_-1965603458_27\\pages\\report\\report.js"},{"declaredName":"__object__3.data","declaredLoc":{"line":4,"column":4},"file":"D:\\WORK\\2022\\论文相关\\benchmark\\miniapp\\998二手挖机圈\\_-1965603458_27\\pages\\report\\report.js"}],"readFlow":[{"type":"assign to","from":{"name":"value","loc":{"line":11,"column":12},"id":29399,"file":"D:\\WORK\\2022\\论文相关\\benchmark\\miniapp\\998二手挖机圈\\_-1965603458_27\\pages\\report\\report.js"},"to":{"name":"data","loc":{"line":4,"column":4},"id":29379,"file":"D:\\WORK\\2022\\论文相关\\benchmark\\miniapp\\998二手挖机圈\\_-1965603458_27\\pages\\report\\report.js"}},{"type":"to callee","from":{"name":"data","loc":{"line":4,"column":4},"id":29379,"file":"D:\\WORK\\2022\\论文相关\\benchmark\\miniapp\\998二手挖机圈\\_-1965603458_27\\pages\\report\\report.js"},"to":{"name":"Page","loc":{"line":3,"column":0},"id":29376,"file":"D:\\WORK\\2022\\论文相关\\benchmark\\miniapp\\998二手挖机圈\\_-1965603458_27\\pages\\report\\report.js"}},{"type":"read","from":{"name":"data","loc":{"line":4,"column":4},"id":29379,"file":"D:\\WORK\\2022\\论文相关\\benchmark\\miniapp\\998二手挖机圈\\_-1965603458_27\\pages\\report\\report.js"},"to":{"name":"this","loc":{"line":22,"column":16},"id":29434,"file":"D:\\WORK\\2022\\论文相关\\benchmark\\miniapp\\998二手挖机圈\\_-1965603458_27\\pages\\report\\report.js"}},{"type":"read","from":{"name":"data","loc":{"line":4,"column":4},"id":29379,"file":"D:\\WORK\\2022\\论文相关\\benchmark\\miniapp\\998二手挖机圈\\_-1965603458_27\\pages\\report\\report.js"},"to":{"name":"this","loc":{"line":49,"column":16},"id":29613,"file":"D:\\WORK\\2022\\论文相关\\benchmark\\miniapp\\998二手挖机圈\\_-1965603458_27\\pages\\report\\report.js"}},{"type":"assign to","from":{"name":"this","loc":{"line":49,"column":16},"id":29613,"file":"D:\\WORK\\2022\\论文相关\\benchmark\\miniapp\\998二手挖机圈\\_-1965603458_27\\pages\\report\\report.js"},"to":{"name":"a","loc":{"line":49,"column":12},"id":29612,"file":"D:\\WORK\\2022\\论文相关\\benchmark\\miniapp\\998二手挖机圈\\_-1965603458_27\\pages\\report\\report.js"}},{"type":"assign to","from":{"name":"this","loc":{"line":22,"column":16},"id":29434,"file":"D:\\WORK\\2022\\论文相关\\benchmark\\miniapp\\998二手挖机圈\\_-1965603458_27\\pages\\report\\report.js"},"to":{"name":"a","loc":{"line":22,"column":12},"id":29433,"file":"D:\\WORK\\2022\\论文相关\\benchmark\\miniapp\\998二手挖机圈\\_-1965603458_27\\pages\\report\\report.js"}}]}]}],"writeShadows":[{"shadowVar":{"declaredName":"__object__10.value","declaredLoc":{"line":11,"column":12},"file":"D:\\WORK\\2022\\论文相关\\benchmark\\miniapp\\998二手挖机圈\\_-1965603458_27\\pages\\report\\report.js"},"writeAccess":[]}]}]},{"shadowObjectVar":"__object__12","dynamicDefinedProps":[{"propName":".value","readShadows":[{"shadowVar":{"declaredName":"__object__12.value","declaredLoc":{"line":13,"column":12},"file":"D:\\WORK\\2022\\论文相关\\benchmark\\miniapp\\998二手挖机圈\\_-1965603458_27\\pages\\report\\report.js"},"readAccess":[{"leftVar":[{"declaredName":"__object__4.items","declaredLoc":{"line":8,"column":8},"file":"D:\\WORK\\2022\\论文相关\\benchmark\\miniapp\\998二手挖机圈\\_-1965603458_27\\pages\\report\\report.js"},{"declaredName":"__object__3.data","declaredLoc":{"line":4,"column":4},"file":"D:\\WORK\\2022\\论文相关\\benchmark\\miniapp\\998二手挖机圈\\_-1965603458_27\\pages\\report\\report.js"}],"readFlow":[{"type":"assign to","from":{"name":"value","loc":{"line":13,"column":12},"id":29403,"file":"D:\\WORK\\2022\\论文相关\\benchmark\\miniapp\\998二手挖机圈\\_-1965603458_27\\pages\\report\\report.js"},"to":{"name":"items","loc":{"line":8,"column":8},"id":29391,"file":"D:\\WORK\\2022\\论文相关\\benchmark\\miniapp\\998二手挖机圈\\_-1965603458_27\\pages\\report\\report.js"}},{"type":"assign to","from":{"name":"items","loc":{"line":8,"column":8},"id":29391,"file":"D:\\WORK\\2022\\论文相关\\benchmark\\miniapp\\998二手挖机圈\\_-1965603458_27\\pages\\report\\report.js"},"to":{"name":"data","loc":{"line":4,"column":4},"id":29379,"file":"D:\\WORK\\2022\\论文相关\\benchmark\\miniapp\\998二手挖机圈\\_-1965603458_27\\pages\\report\\report.js"}},{"type":"to callee","from":{"name":"items","loc":{"line":8,"column":8},"id":29391,"file":"D:\\WORK\\2022\\论文相关\\benchmark\\miniapp\\998二手挖机圈\\_-1965603458_27\\pages\\report\\report.js"},"to":{"name":"Page","loc":{"line":3,"column":0},"id":29376,"file":"D:\\WORK\\2022\\论文相关\\benchmark\\miniapp\\998二手挖机圈\\_-1965603458_27\\pages\\report\\report.js"}},{"type":"to callee","from":{"name":"data","loc":{"line":4,"column":4},"id":29379,"file":"D:\\WORK\\2022\\论文相关\\benchmark\\miniapp\\998二手挖机圈\\_-1965603458_27\\pages\\report\\report.js"},"to":{"name":"Page","loc":{"line":3,"column":0},"id":29376,"file":"D:\\WORK\\2022\\论文相关\\benchmark\\miniapp\\998二手挖机圈\\_-1965603458_27\\pages\\report\\report.js"}},{"type":"read","from":{"name":"data","loc":{"line":4,"column":4},"id":29379,"file":"D:\\WORK\\2022\\论文相关\\benchmark\\miniapp\\998二手挖机圈\\_-1965603458_27\\pages\\report\\report.js"},"to":{"name":"this","loc":{"line":22,"column":16},"id":29434,"file":"D:\\WORK\\2022\\论文相关\\benchmark\\miniapp\\998二手挖机圈\\_-1965603458_27\\pages\\report\\report.js"}},{"type":"read","from":{"name":"data","loc":{"line":4,"column":4},"id":29379,"file":"D:\\WORK\\2022\\论文相关\\benchmark\\miniapp\\998二手挖机圈\\_-1965603458_27\\pages\\report\\report.js"},"to":{"name":"this","loc":{"line":49,"column":16},"id":29613,"file":"D:\\WORK\\2022\\论文相关\\benchmark\\miniapp\\998二手挖机圈\\_-1965603458_27\\pages\\report\\report.js"}},{"type":"assign to","from":{"name":"this","loc":{"line":49,"column":16},"id":29613,"file":"D:\\WORK\\2022\\论文相关\\benchmark\\miniapp\\998二手挖机圈\\_-1965603458_27\\pages\\report\\report.js"},"to":{"name":"a","loc":{"line":49,"column":12},"id":29612,"file":"D:\\WORK\\2022\\论文相关\\benchmark\\miniapp\\998二手挖机圈\\_-1965603458_27\\pages\\report\\report.js"}},{"type":"assign to","from":{"name":"this","loc":{"line":22,"column":16},"id":29434,"file":"D:\\WORK\\2022\\论文相关\\benchmark\\miniapp\\998二手挖机圈\\_-1965603458_27\\pages\\report\\report.js"},"to":{"name":"a","loc":{"line":22,"column":12},"id":29433,"file":"D:\\WORK\\2022\\论文相关\\benchmark\\miniapp\\998二手挖机圈\\_-1965603458_27\\pages\\report\\report.js"}}]},{"leftVar":[{"declaredName":"__object__4.items","declaredLoc":{"line":8,"column":8},"file":"D:\\WORK\\2022\\论文相关\\benchmark\\miniapp\\998二手挖机圈\\_-1965603458_27\\pages\\report\\report.js"},{"declaredName":"__object__3.data","declaredLoc":{"line":4,"column":4},"file":"D:\\WORK\\2022\\论文相关\\benchmark\\miniapp\\998二手挖机圈\\_-1965603458_27\\pages\\report\\report.js"}],"readFlow":[{"type":"assign to","from":{"name":"value","loc":{"line":13,"column":12},"id":29403,"file":"D:\\WORK\\2022\\论文相关\\benchmark\\miniapp\\998二手挖机圈\\_-1965603458_27\\pages\\report\\report.js"},"to":{"name":"data","loc":{"line":4,"column":4},"id":29379,"file":"D:\\WORK\\2022\\论文相关\\benchmark\\miniapp\\998二手挖机圈\\_-1965603458_27\\pages\\report\\report.js"}},{"type":"to callee","from":{"name":"data","loc":{"line":4,"column":4},"id":29379,"file":"D:\\WORK\\2022\\论文相关\\benchmark\\miniapp\\998二手挖机圈\\_-1965603458_27\\pages\\report\\report.js"},"to":{"name":"Page","loc":{"line":3,"column":0},"id":29376,"file":"D:\\WORK\\2022\\论文相关\\benchmark\\miniapp\\998二手挖机圈\\_-1965603458_27\\pages\\report\\report.js"}},{"type":"read","from":{"name":"data","loc":{"line":4,"column":4},"id":29379,"file":"D:\\WORK\\2022\\论文相关\\benchmark\\miniapp\\998二手挖机圈\\_-1965603458_27\\pages\\report\\report.js"},"to":{"name":"this","loc":{"line":22,"column":16},"id":29434,"file":"D:\\WORK\\2022\\论文相关\\benchmark\\miniapp\\998二手挖机圈\\_-1965603458_27\\pages\\report\\report.js"}},{"type":"read","from":{"name":"data","loc":{"line":4,"column":4},"id":29379,"file":"D:\\WORK\\2022\\论文相关\\benchmark\\miniapp\\998二手挖机圈\\_-1965603458_27\\pages\\report\\report.js"},"to":{"name":"this","loc":{"line":49,"column":16},"id":29613,"file":"D:\\WORK\\2022\\论文相关\\benchmark\\miniapp\\998二手挖机圈\\_-1965603458_27\\pages\\report\\report.js"}},{"type":"assign to","from":{"name":"this","loc":{"line":49,"column":16},"id":29613,"file":"D:\\WORK\\2022\\论文相关\\benchmark\\miniapp\\998二手挖机圈\\_-1965603458_27\\pages\\report\\report.js"},"to":{"name":"a","loc":{"line":49,"column":12},"id":29612,"file":"D:\\WORK\\2022\\论文相关\\benchmark\\miniapp\\998二手挖机圈\\_-1965603458_27\\pages\\report\\report.js"}},{"type":"assign to","from":{"name":"this","loc":{"line":22,"column":16},"id":29434,"file":"D:\\WORK\\2022\\论文相关\\benchmark\\miniapp\\998二手挖机圈\\_-1965603458_27\\pages\\report\\report.js"},"to":{"name":"a","loc":{"line":22,"column":12},"id":29433,"file":"D:\\WORK\\2022\\论文相关\\benchmark\\miniapp\\998二手挖机圈\\_-1965603458_27\\pages\\report\\report.js"}}]}]}],"writeShadows":[{"shadowVar":{"declaredName":"__object__12.value","declaredLoc":{"line":13,"column":12},"file":"D:\\WORK\\2022\\论文相关\\benchmark\\miniapp\\998二手挖机圈\\_-1965603458_27\\pages\\report\\report.js"},"writeAccess":[]}]}]},{"shadowObjectVar":"__object__14","dynamicDefinedProps":[{"propName":".value","readShadows":[{"shadowVar":{"declaredName":"__object__14.value","declaredLoc":{"line":15,"column":12},"file":"D:\\WORK\\2022\\论文相关\\benchmark\\miniapp\\998二手挖机圈\\_-1965603458_27\\pages\\report\\report.js"},"readAccess":[{"leftVar":[{"declaredName":"__object__4.items","declaredLoc":{"line":8,"column":8},"file":"D:\\WORK\\2022\\论文相关\\benchmark\\miniapp\\998二手挖机圈\\_-1965603458_27\\pages\\report\\report.js"},{"declaredName":"__object__3.data","declaredLoc":{"line":4,"column":4},"file":"D:\\WORK\\2022\\论文相关\\benchmark\\miniapp\\998二手挖机圈\\_-1965603458_27\\pages\\report\\report.js"}],"readFlow":[{"type":"assign to","from":{"name":"value","loc":{"line":15,"column":12},"id":29407,"file":"D:\\WORK\\2022\\论文相关\\benchmark\\miniapp\\998二手挖机圈\\_-1965603458_27\\pages\\report\\report.js"},"to":{"name":"items","loc":{"line":8,"column":8},"id":29391,"file":"D:\\WORK\\2022\\论文相关\\benchmark\\miniapp\\998二手挖机圈\\_-1965603458_27\\pages\\report\\report.js"}},{"type":"assign to","from":{"name":"items","loc":{"line":8,"column":8},"id":29391,"file":"D:\\WORK\\2022\\论文相关\\benchmark\\miniapp\\998二手挖机圈\\_-1965603458_27\\pages\\report\\report.js"},"to":{"name":"data","loc":{"line":4,"column":4},"id":29379,"file":"D:\\WORK\\2022\\论文相关\\benchmark\\miniapp\\998二手挖机圈\\_-1965603458_27\\pages\\report\\report.js"}},{"type":"to callee","from":{"name":"items","loc":{"line":8,"column":8},"id":29391,"file":"D:\\WORK\\2022\\论文相关\\benchmark\\miniapp\\998二手挖机圈\\_-1965603458_27\\pages\\report\\report.js"},"to":{"name":"Page","loc":{"line":3,"column":0},"id":29376,"file":"D:\\WORK\\2022\\论文相关\\benchmark\\miniapp\\998二手挖机圈\\_-1965603458_27\\pages\\report\\report.js"}},{"type":"to callee","from":{"name":"data","loc":{"line":4,"column":4},"id":29379,"file":"D:\\WORK\\2022\\论文相关\\benchmark\\miniapp\\998二手挖机圈\\_-1965603458_27\\pages\\report\\report.js"},"to":{"name":"Page","loc":{"line":3,"column":0},"id":29376,"file":"D:\\WORK\\2022\\论文相关\\benchmark\\miniapp\\998二手挖机圈\\_-1965603458_27\\pages\\report\\report.js"}},{"type":"read","from":{"name":"data","loc":{"line":4,"column":4},"id":29379,"file":"D:\\WORK\\2022\\论文相关\\benchmark\\miniapp\\998二手挖机圈\\_-1965603458_27\\pages\\report\\report.js"},"to":{"name":"this","loc":{"line":22,"column":16},"id":29434,"file":"D:\\WORK\\2022\\论文相关\\benchmark\\miniapp\\998二手挖机圈\\_-1965603458_27\\pages\\report\\report.js"}},{"type":"read","from":{"name":"data","loc":{"line":4,"column":4},"id":29379,"file":"D:\\WORK\\2022\\论文相关\\benchmark\\miniapp\\998二手挖机圈\\_-1965603458_27\\pages\\report\\report.js"},"to":{"name":"this","loc":{"line":49,"column":16},"id":29613,"file":"D:\\WORK\\2022\\论文相关\\benchmark\\miniapp\\998二手挖机圈\\_-1965603458_27\\pages\\report\\report.js"}},{"type":"assign to","from":{"name":"this","loc":{"line":49,"column":16},"id":29613,"file":"D:\\WORK\\2022\\论文相关\\benchmark\\miniapp\\998二手挖机圈\\_-1965603458_27\\pages\\report\\report.js"},"to":{"name":"a","loc":{"line":49,"column":12},"id":29612,"file":"D:\\WORK\\2022\\论文相关\\benchmark\\miniapp\\998二手挖机圈\\_-1965603458_27\\pages\\report\\report.js"}},{"type":"assign to","from":{"name":"this","loc":{"line":22,"column":16},"id":29434,"file":"D:\\WORK\\2022\\论文相关\\benchmark\\miniapp\\998二手挖机圈\\_-1965603458_27\\pages\\report\\report.js"},"to":{"name":"a","loc":{"line":22,"column":12},"id":29433,"file":"D:\\WORK\\2022\\论文相关\\benchmark\\miniapp\\998二手挖机圈\\_-1965603458_27\\pages\\report\\report.js"}}]},{"leftVar":[{"declaredName":"__object__4.items","declaredLoc":{"line":8,"column":8},"file":"D:\\WORK\\2022\\论文相关\\benchmark\\miniapp\\998二手挖机圈\\_-1965603458_27\\pages\\report\\report.js"},{"declaredName":"__object__3.data","declaredLoc":{"line":4,"column":4},"file":"D:\\WORK\\2022\\论文相关\\benchmark\\miniapp\\998二手挖机圈\\_-1965603458_27\\pages\\report\\report.js"}],"readFlow":[{"type":"assign to","from":{"name":"value","loc":{"line":15,"column":12},"id":29407,"file":"D:\\WORK\\2022\\论文相关\\benchmark\\miniapp\\998二手挖机圈\\_-1965603458_27\\pages\\report\\report.js"},"to":{"name":"data","loc":{"line":4,"column":4},"id":29379,"file":"D:\\WORK\\2022\\论文相关\\benchmark\\miniapp\\998二手挖机圈\\_-1965603458_27\\pages\\report\\report.js"}},{"type":"to callee","from":{"name":"data","loc":{"line":4,"column":4},"id":29379,"file":"D:\\WORK\\2022\\论文相关\\benchmark\\miniapp\\998二手挖机圈\\_-1965603458_27\\pages\\report\\report.js"},"to":{"name":"Page","loc":{"line":3,"column":0},"id":29376,"file":"D:\\WORK\\2022\\论文相关\\benchmark\\miniapp\\998二手挖机圈\\_-1965603458_27\\pages\\report\\report.js"}},{"type":"read","from":{"name":"data","loc":{"line":4,"column":4},"id":29379,"file":"D:\\WORK\\2022\\论文相关\\benchmark\\miniapp\\998二手挖机圈\\_-1965603458_27\\pages\\report\\report.js"},"to":{"name":"this","loc":{"line":22,"column":16},"id":29434,"file":"D:\\WORK\\2022\\论文相关\\benchmark\\miniapp\\998二手挖机圈\\_-1965603458_27\\pages\\report\\report.js"}},{"type":"read","from":{"name":"data","loc":{"line":4,"column":4},"id":29379,"file":"D:\\WORK\\2022\\论文相关\\benchmark\\miniapp\\998二手挖机圈\\_-1965603458_27\\pages\\report\\report.js"},"to":{"name":"this","loc":{"line":49,"column":16},"id":29613,"file":"D:\\WORK\\2022\\论文相关\\benchmark\\miniapp\\998二手挖机圈\\_-1965603458_27\\pages\\report\\report.js"}},{"type":"assign to","from":{"name":"this","loc":{"line":49,"column":16},"id":29613,"file":"D:\\WORK\\2022\\论文相关\\benchmark\\miniapp\\998二手挖机圈\\_-1965603458_27\\pages\\report\\report.js"},"to":{"name":"a","loc":{"line":49,"column":12},"id":29612,"file":"D:\\WORK\\2022\\论文相关\\benchmark\\miniapp\\998二手挖机圈\\_-1965603458_27\\pages\\report\\report.js"}},{"type":"assign to","from":{"name":"this","loc":{"line":22,"column":16},"id":29434,"file":"D:\\WORK\\2022\\论文相关\\benchmark\\miniapp\\998二手挖机圈\\_-1965603458_27\\pages\\report\\report.js"},"to":{"name":"a","loc":{"line":22,"column":12},"id":29433,"file":"D:\\WORK\\2022\\论文相关\\benchmark\\miniapp\\998二手挖机圈\\_-1965603458_27\\pages\\report\\report.js"}}]}]}],"writeShadows":[{"shadowVar":{"declaredName":"__object__14.value","declaredLoc":{"line":15,"column":12},"file":"D:\\WORK\\2022\\论文相关\\benchmark\\miniapp\\998二手挖机圈\\_-1965603458_27\\pages\\report\\report.js"},"writeAccess":[]}]}]}]}