[{"id": 0, "type": "[document]", "string": null, "attribute": {}, "referenceVariable": [], "referenceFunction": [], "style": [], "inheritClass": null, "wxss": [], "page": null, "path": "D:\\WORK\\2021\\MPDF\\baseline\\ui\\班小二\\createclass.wxml", "child": [1], "parent": null, "matchString": [{"type": "relation", "string": "班级名称:"}, {"type": "relation", "string": "className"}, {"type": "relation", "string": "请输入"}, {"type": "relation", "string": "学段选择:"}, {"type": "relation", "string": "periodName"}, {"type": "relation", "string": "{{periodName}}"}, {"type": "relation", "string": "请选择"}, {"type": "relation", "string": "{{periodName[index]}}"}, {"type": "relation", "string": "您的姓名:"}, {"type": "relation", "string": "userName"}, {"type": "relation", "string": "小孩姓名:"}, {"type": "relation", "string": "stuName"}, {"type": "relation", "string": "亲属关系:"}, {"type": "relation", "string": "relation"}, {"type": "relation", "string": "{{relations}}"}, {"type": "relation", "string": "{{relation}}"}, {"type": "relation", "string": "确定创建班级"}, {"type": "relation", "string": "submit"}]}, {"id": 1, "type": "view", "string": null, "attribute": {"class": ["createclass"]}, "referenceVariable": [], "referenceFunction": [], "style": [], "inheritClass": null, "wxss": [], "page": null, "path": "D:\\WORK\\2021\\MPDF\\baseline\\ui\\班小二\\createclass.wxml", "child": [2], "parent": 0, "matchString": [{"type": "relation", "string": "班级名称:"}, {"type": "relation", "string": "className"}, {"type": "relation", "string": "请输入"}, {"type": "relation", "string": "学段选择:"}, {"type": "relation", "string": "periodName"}, {"type": "relation", "string": "{{periodName}}"}, {"type": "relation", "string": "请选择"}, {"type": "relation", "string": "{{periodName[index]}}"}, {"type": "relation", "string": "您的姓名:"}, {"type": "relation", "string": "userName"}, {"type": "relation", "string": "小孩姓名:"}, {"type": "relation", "string": "stuName"}, {"type": "relation", "string": "亲属关系:"}, {"type": "relation", "string": "relation"}, {"type": "relation", "string": "{{relations}}"}, {"type": "relation", "string": "{{relation}}"}, {"type": "relation", "string": "确定创建班级"}, {"type": "relation", "string": "submit"}]}, {"id": 2, "type": "form", "string": null, "attribute": {"bindsubmit": "formSubmit"}, "referenceVariable": [], "referenceFunction": ["formSubmit"], "style": [], "inheritClass": null, "wxss": [], "page": null, "path": "D:\\WORK\\2021\\MPDF\\baseline\\ui\\班小二\\createclass.wxml", "child": [3, 27], "parent": 1, "matchString": [{"type": "relation", "string": "班级名称:"}, {"type": "relation", "string": "className"}, {"type": "relation", "string": "请输入"}, {"type": "relation", "string": "学段选择:"}, {"type": "relation", "string": "periodName"}, {"type": "relation", "string": "{{periodName}}"}, {"type": "relation", "string": "请选择"}, {"type": "relation", "string": "{{periodName[index]}}"}, {"type": "relation", "string": "您的姓名:"}, {"type": "relation", "string": "userName"}, {"type": "relation", "string": "小孩姓名:"}, {"type": "relation", "string": "stuName"}, {"type": "relation", "string": "亲属关系:"}, {"type": "relation", "string": "relation"}, {"type": "relation", "string": "{{relations}}"}, {"type": "relation", "string": "{{relation}}"}, {"type": "relation", "string": "确定创建班级"}, {"type": "relation", "string": "submit"}]}, {"id": 3, "type": "view", "string": null, "attribute": {"class": ["createclass-listWapper", "bjb-color2"]}, "referenceVariable": [], "referenceFunction": [], "style": [], "inheritClass": null, "wxss": [], "page": null, "path": "D:\\WORK\\2021\\MPDF\\baseline\\ui\\班小二\\createclass.wxml", "child": [4, 7, 14, 17, 20], "parent": 2, "matchString": [{"type": "relation", "string": "班级名称:"}, {"type": "relation", "string": "className"}, {"type": "relation", "string": "请输入"}, {"type": "relation", "string": "学段选择:"}, {"type": "relation", "string": "periodName"}, {"type": "relation", "string": "{{periodName}}"}, {"type": "relation", "string": "请选择"}, {"type": "relation", "string": "{{periodName[index]}}"}, {"type": "relation", "string": "您的姓名:"}, {"type": "relation", "string": "userName"}, {"type": "relation", "string": "小孩姓名:"}, {"type": "relation", "string": "stuName"}, {"type": "relation", "string": "亲属关系:"}, {"type": "relation", "string": "relation"}, {"type": "relation", "string": "{{relations}}"}, {"type": "relation", "string": "{{relation}}"}]}, {"id": 4, "type": "view", "string": null, "attribute": {"class": ["list"]}, "referenceVariable": [], "referenceFunction": [], "style": [], "inheritClass": null, "wxss": [], "page": null, "path": "D:\\WORK\\2021\\MPDF\\baseline\\ui\\班小二\\createclass.wxml", "child": [5, 6], "parent": 3, "matchString": [{"type": "relation", "string": "班级名称:"}, {"type": "relation", "string": "className"}, {"type": "relation", "string": "请输入"}]}, {"id": 5, "type": "text", "string": "班级名称:", "attribute": {"class": ["label"]}, "referenceVariable": [], "referenceFunction": [], "style": [], "inheritClass": null, "wxss": [], "page": null, "path": "D:\\WORK\\2021\\MPDF\\baseline\\ui\\班小二\\createclass.wxml", "child": [], "parent": 4, "matchString": [{"type": "self", "string": "班级名称:"}]}, {"id": 6, "type": "input", "string": null, "attribute": {"class": ["name"], "name": "className", "placeholder": "请输入", "placeholderstyle": "color:#bfbfbf;", "type": "text"}, "referenceVariable": [], "referenceFunction": [], "style": [], "inheritClass": null, "wxss": [], "page": null, "path": "D:\\WORK\\2021\\MPDF\\baseline\\ui\\班小二\\createclass.wxml", "child": [], "parent": 4, "matchString": [{"type": "attr", "string": "className"}, {"type": "attr", "string": "请输入"}]}, {"id": 7, "type": "view", "string": null, "attribute": {"class": ["list"]}, "referenceVariable": [], "referenceFunction": [], "style": [], "inheritClass": null, "wxss": [], "page": null, "path": "D:\\WORK\\2021\\MPDF\\baseline\\ui\\班小二\\createclass.wxml", "child": [8, 9], "parent": 3, "matchString": [{"type": "relation", "string": "学段选择:"}, {"type": "relation", "string": "periodName"}, {"type": "relation", "string": "{{periodName}}"}, {"type": "relation", "string": "请选择"}, {"type": "relation", "string": "{{periodName[index]}}"}]}, {"id": 8, "type": "text", "string": "学段选择:", "attribute": {"class": ["label"]}, "referenceVariable": [], "referenceFunction": [], "style": [], "inheritClass": null, "wxss": [], "page": null, "path": "D:\\WORK\\2021\\MPDF\\baseline\\ui\\班小二\\createclass.wxml", "child": [], "parent": 7, "matchString": [{"type": "self", "string": "学段选择:"}]}, {"id": 9, "type": "picker", "string": null, "attribute": {"bindchange": "bindPickerChange", "mode": "selector", "name": "periodName", "range": "{{periodName}}", "value": "{{index}}"}, "referenceVariable": ["periodName", "index"], "referenceFunction": ["bindPickerChange"], "style": [], "inheritClass": null, "wxss": [], "page": null, "path": "D:\\WORK\\2021\\MPDF\\baseline\\ui\\班小二\\createclass.wxml", "child": [10, 13], "parent": 7, "matchString": [{"type": "attr", "string": "periodName"}, {"type": "attr", "string": "{{periodName}}"}, {"type": "relation", "string": "请选择"}, {"type": "relation", "string": "{{periodName[index]}}"}]}, {"id": 10, "type": "view", "string": null, "attribute": {"class": ["select"]}, "referenceVariable": [], "referenceFunction": [], "style": [], "inheritClass": null, "wxss": [], "page": null, "path": "D:\\WORK\\2021\\MPDF\\baseline\\ui\\班小二\\createclass.wxml", "child": [11, 12], "parent": 9, "matchString": [{"type": "relation", "string": "请选择"}, {"type": "relation", "string": "{{periodName[index]}}"}]}, {"id": 11, "type": "text", "string": "请选择", "attribute": {"class": ["bjb-color4"], "wx:if": "{{!periodName[index]}}"}, "referenceVariable": ["!periodName[index]"], "referenceFunction": [], "style": [], "inheritClass": null, "wxss": [], "page": null, "path": "D:\\WORK\\2021\\MPDF\\baseline\\ui\\班小二\\createclass.wxml", "child": [], "parent": 10, "matchString": [{"type": "self", "string": "请选择"}]}, {"id": 12, "type": "text", "string": "{{periodName[index]}}", "attribute": {"class": ["black"]}, "referenceVariable": [], "referenceFunction": [], "style": [], "inheritClass": null, "wxss": [], "page": null, "path": "D:\\WORK\\2021\\MPDF\\baseline\\ui\\班小二\\createclass.wxml", "child": [], "parent": 10, "matchString": [{"type": "self", "string": "{{periodName[index]}}"}]}, {"id": 13, "type": "image", "string": null, "attribute": {"class": ["downIcon"], "src": "/images/join/down.png"}, "referenceVariable": [], "referenceFunction": [], "style": [], "inheritClass": null, "wxss": [], "page": null, "path": "D:\\WORK\\2021\\MPDF\\baseline\\ui\\班小二\\createclass.wxml", "child": [], "parent": 9, "matchString": []}, {"id": 14, "type": "view", "string": null, "attribute": {"class": ["list"], "wx:if": "{{1==userType}}"}, "referenceVariable": ["1==userType"], "referenceFunction": [], "style": [], "inheritClass": null, "wxss": [], "page": null, "path": "D:\\WORK\\2021\\MPDF\\baseline\\ui\\班小二\\createclass.wxml", "child": [15, 16], "parent": 3, "matchString": [{"type": "relation", "string": "您的姓名:"}, {"type": "relation", "string": "userName"}, {"type": "relation", "string": "请输入"}]}, {"id": 15, "type": "text", "string": "您的姓名:", "attribute": {"class": ["label"]}, "referenceVariable": [], "referenceFunction": [], "style": [], "inheritClass": null, "wxss": [], "page": null, "path": "D:\\WORK\\2021\\MPDF\\baseline\\ui\\班小二\\createclass.wxml", "child": [], "parent": 14, "matchString": [{"type": "self", "string": "您的姓名:"}]}, {"id": 16, "type": "input", "string": null, "attribute": {"class": ["name"], "name": "userName", "placeholder": "请输入", "placeholderstyle": "color: #bfbfbf;", "type": "text"}, "referenceVariable": [], "referenceFunction": [], "style": [], "inheritClass": null, "wxss": [], "page": null, "path": "D:\\WORK\\2021\\MPDF\\baseline\\ui\\班小二\\createclass.wxml", "child": [], "parent": 14, "matchString": [{"type": "attr", "string": "userName"}, {"type": "attr", "string": "请输入"}]}, {"id": 17, "type": "view", "string": null, "attribute": {"class": ["list"], "wx:if": "{{2==userType}}"}, "referenceVariable": ["2==userType"], "referenceFunction": [], "style": [], "inheritClass": null, "wxss": [], "page": null, "path": "D:\\WORK\\2021\\MPDF\\baseline\\ui\\班小二\\createclass.wxml", "child": [18, 19], "parent": 3, "matchString": [{"type": "relation", "string": "小孩姓名:"}, {"type": "relation", "string": "stuName"}, {"type": "relation", "string": "请输入"}]}, {"id": 18, "type": "text", "string": "小孩姓名:", "attribute": {"class": ["label"]}, "referenceVariable": [], "referenceFunction": [], "style": [], "inheritClass": null, "wxss": [], "page": null, "path": "D:\\WORK\\2021\\MPDF\\baseline\\ui\\班小二\\createclass.wxml", "child": [], "parent": 17, "matchString": [{"type": "self", "string": "小孩姓名:"}]}, {"id": 19, "type": "input", "string": null, "attribute": {"class": ["name"], "name": "stuName", "placeholder": "请输入", "placeholderstyle": "color: #bfbfbf;", "type": "text"}, "referenceVariable": [], "referenceFunction": [], "style": [], "inheritClass": null, "wxss": [], "page": null, "path": "D:\\WORK\\2021\\MPDF\\baseline\\ui\\班小二\\createclass.wxml", "child": [], "parent": 17, "matchString": [{"type": "attr", "string": "stuName"}, {"type": "attr", "string": "请输入"}]}, {"id": 20, "type": "view", "string": null, "attribute": {"class": ["list"], "wx:if": "{{2==userType}}"}, "referenceVariable": ["2==userType"], "referenceFunction": [], "style": [], "inheritClass": null, "wxss": [], "page": null, "path": "D:\\WORK\\2021\\MPDF\\baseline\\ui\\班小二\\createclass.wxml", "child": [21, 22], "parent": 3, "matchString": [{"type": "relation", "string": "亲属关系:"}, {"type": "relation", "string": "relation"}, {"type": "relation", "string": "{{relations}}"}, {"type": "relation", "string": "请选择"}, {"type": "relation", "string": "{{relation}}"}]}, {"id": 21, "type": "text", "string": "亲属关系:", "attribute": {"class": ["label"]}, "referenceVariable": [], "referenceFunction": [], "style": [], "inheritClass": null, "wxss": [], "page": null, "path": "D:\\WORK\\2021\\MPDF\\baseline\\ui\\班小二\\createclass.wxml", "child": [], "parent": 20, "matchString": [{"type": "self", "string": "亲属关系:"}]}, {"id": 22, "type": "picker", "string": null, "attribute": {"bindchange": "bindRelationChange", "mode": "selector", "name": "relation", "range": "{{relations}}", "value": "{{relationIndex}}"}, "referenceVariable": ["relations", "relationIndex"], "referenceFunction": ["bindRelationChange"], "style": [], "inheritClass": null, "wxss": [], "page": null, "path": "D:\\WORK\\2021\\MPDF\\baseline\\ui\\班小二\\createclass.wxml", "child": [23, 26], "parent": 20, "matchString": [{"type": "attr", "string": "relation"}, {"type": "attr", "string": "{{relations}}"}, {"type": "relation", "string": "请选择"}, {"type": "relation", "string": "{{relation}}"}]}, {"id": 23, "type": "view", "string": null, "attribute": {"class": ["select"]}, "referenceVariable": [], "referenceFunction": [], "style": [], "inheritClass": null, "wxss": [], "page": null, "path": "D:\\WORK\\2021\\MPDF\\baseline\\ui\\班小二\\createclass.wxml", "child": [24, 25], "parent": 22, "matchString": [{"type": "relation", "string": "请选择"}, {"type": "relation", "string": "{{relation}}"}]}, {"id": 24, "type": "text", "string": "请选择", "attribute": {"class": ["bjb-color4"], "wx:if": "{{!relation}}"}, "referenceVariable": ["!relation"], "referenceFunction": [], "style": [], "inheritClass": null, "wxss": [], "page": null, "path": "D:\\WORK\\2021\\MPDF\\baseline\\ui\\班小二\\createclass.wxml", "child": [], "parent": 23, "matchString": [{"type": "self", "string": "请选择"}]}, {"id": 25, "type": "text", "string": "{{relation}}", "attribute": {"class": ["black"], "wx:if": "{{relation}}"}, "referenceVariable": ["relation"], "referenceFunction": [], "style": [], "inheritClass": null, "wxss": [], "page": null, "path": "D:\\WORK\\2021\\MPDF\\baseline\\ui\\班小二\\createclass.wxml", "child": [], "parent": 23, "matchString": [{"type": "self", "string": "{{relation}}"}]}, {"id": 26, "type": "image", "string": null, "attribute": {"class": ["downIcon"], "src": "/images/join/down.png"}, "referenceVariable": [], "referenceFunction": [], "style": [], "inheritClass": null, "wxss": [], "page": null, "path": "D:\\WORK\\2021\\MPDF\\baseline\\ui\\班小二\\createclass.wxml", "child": [], "parent": 22, "matchString": []}, {"id": 27, "type": "button", "string": "确定创建班级", "attribute": {"class": ["createclass-submitjoin", "bjb-color-bg"], "formtype": "submit"}, "referenceVariable": [], "referenceFunction": [], "style": [], "inheritClass": null, "wxss": [], "page": null, "path": "D:\\WORK\\2021\\MPDF\\baseline\\ui\\班小二\\createclass.wxml", "child": [], "parent": 2, "matchString": [{"type": "self", "string": "确定创建班级"}, {"type": "attr", "string": "submit"}]}]