[{"id": 0, "type": "[document]", "string": null, "attribute": {}, "referenceVariable": [], "referenceFunction": [], "style": [], "inheritClass": null, "wxss": [], "page": null, "path": "D:\\WORK\\2021\\MPDF\\baseline\\ui\\钓鱼天气预报专业版\\index.wxml", "child": [1], "parent": null, "matchString": [{"type": "relation", "string": "个人信息"}, {"type": "relation", "string": "{{showBack}}"}, {"type": "relation", "string": "昵称"}, {"type": "relation", "string": "请填写昵称"}, {"type": "relation", "string": "头像"}, {"type": "relation", "string": "手机号"}, {"type": "relation", "string": "{{userTel}}"}, {"type": "relation", "string": "点击绑定"}, {"type": "relation", "string": "点击修改"}, {"type": "relation", "string": "保存"}, {"type": "relation", "string": "请输入手机号"}, {"type": "relation", "string": "验证码"}, {"type": "relation", "string": "请填写验证码"}, {"type": "relation", "string": "{{verify}}"}, {"type": "relation", "string": "绑定"}]}, {"id": 1, "type": "view", "string": null, "attribute": {}, "referenceVariable": [], "referenceFunction": [], "style": [], "inheritClass": null, "wxss": [], "page": null, "path": "D:\\WORK\\2021\\MPDF\\baseline\\ui\\钓鱼天气预报专业版\\index.wxml", "child": [2, 3, 19], "parent": 0, "matchString": [{"type": "relation", "string": "个人信息"}, {"type": "relation", "string": "{{showBack}}"}, {"type": "relation", "string": "昵称"}, {"type": "relation", "string": "请填写昵称"}, {"type": "relation", "string": "头像"}, {"type": "relation", "string": "手机号"}, {"type": "relation", "string": "{{userTel}}"}, {"type": "relation", "string": "点击绑定"}, {"type": "relation", "string": "点击修改"}, {"type": "relation", "string": "保存"}, {"type": "relation", "string": "请输入手机号"}, {"type": "relation", "string": "验证码"}, {"type": "relation", "string": "请填写验证码"}, {"type": "relation", "string": "{{verify}}"}, {"type": "relation", "string": "绑定"}]}, {"id": 2, "type": "topbar", "string": null, "attribute": {"pagetit": "个人信息", "showback": "{{showBack}}"}, "referenceVariable": ["showBack"], "referenceFunction": [], "style": [], "inheritClass": null, "wxss": [], "page": null, "path": "D:\\WORK\\2021\\MPDF\\baseline\\ui\\钓鱼天气预报专业版\\index.wxml", "child": [], "parent": 1, "matchString": [{"type": "attr", "string": "个人信息"}, {"type": "attr", "string": "{{showBack}}"}, {"type": "relation", "string": "{{showBack}}"}]}, {"id": 3, "type": "view", "string": null, "attribute": {"class": ["userInfo_"], "wx:if": "{{!showBindTel}}"}, "referenceVariable": ["!showBindTel"], "referenceFunction": [], "style": [], "inheritClass": null, "wxss": [], "page": null, "path": "D:\\WORK\\2021\\MPDF\\baseline\\ui\\钓鱼天气预报专业版\\index.wxml", "child": [4, 8, 12, 18], "parent": 1, "matchString": [{"type": "relation", "string": "昵称"}, {"type": "relation", "string": "请填写昵称"}, {"type": "relation", "string": "头像"}, {"type": "relation", "string": "手机号"}, {"type": "relation", "string": "{{userTel}}"}, {"type": "relation", "string": "点击绑定"}, {"type": "relation", "string": "点击修改"}, {"type": "relation", "string": "保存"}]}, {"id": 4, "type": "view", "string": null, "attribute": {"class": ["info_"]}, "referenceVariable": [], "referenceFunction": [], "style": [], "inheritClass": null, "wxss": [], "page": null, "path": "D:\\WORK\\2021\\MPDF\\baseline\\ui\\钓鱼天气预报专业版\\index.wxml", "child": [5, 6], "parent": 3, "matchString": [{"type": "relation", "string": "昵称"}, {"type": "relation", "string": "请填写昵称"}]}, {"id": 5, "type": "view", "string": "昵称", "attribute": {"class": ["left", "v1"]}, "referenceVariable": [], "referenceFunction": [], "style": [], "inheritClass": null, "wxss": [], "page": null, "path": "D:\\WORK\\2021\\MPDF\\baseline\\ui\\钓鱼天气预报专业版\\index.wxml", "child": [], "parent": 4, "matchString": [{"type": "self", "string": "昵称"}]}, {"id": 6, "type": "view", "string": null, "attribute": {"class": ["left", "v2"]}, "referenceVariable": [], "referenceFunction": [], "style": [], "inheritClass": null, "wxss": [], "page": null, "path": "D:\\WORK\\2021\\MPDF\\baseline\\ui\\钓鱼天气预报专业版\\index.wxml", "child": [7], "parent": 4, "matchString": [{"type": "relation", "string": "请填写昵称"}]}, {"id": 7, "type": "input", "string": null, "attribute": {"bindinput": "changeName", "maxlength": "20", "placeholder": "请填写昵称", "type": "text", "value": "{{userName}}"}, "referenceVariable": ["userName"], "referenceFunction": ["changeName"], "style": [], "inheritClass": null, "wxss": [], "page": null, "path": "D:\\WORK\\2021\\MPDF\\baseline\\ui\\钓鱼天气预报专业版\\index.wxml", "child": [], "parent": 6, "matchString": [{"type": "attr", "string": "请填写昵称"}]}, {"id": 8, "type": "view", "string": null, "attribute": {"class": ["info_"]}, "referenceVariable": [], "referenceFunction": [], "style": [], "inheritClass": null, "wxss": [], "page": null, "path": "D:\\WORK\\2021\\MPDF\\baseline\\ui\\钓鱼天气预报专业版\\index.wxml", "child": [9, 10], "parent": 3, "matchString": [{"type": "relation", "string": "头像"}]}, {"id": 9, "type": "view", "string": "头像", "attribute": {"class": ["left", "v1"]}, "referenceVariable": [], "referenceFunction": [], "style": [], "inheritClass": null, "wxss": [], "page": null, "path": "D:\\WORK\\2021\\MPDF\\baseline\\ui\\钓鱼天气预报专业版\\index.wxml", "child": [], "parent": 8, "matchString": [{"type": "self", "string": "头像"}]}, {"id": 10, "type": "view", "string": null, "attribute": {"class": ["left", "v2"]}, "referenceVariable": [], "referenceFunction": [], "style": [], "inheritClass": null, "wxss": [], "page": null, "path": "D:\\WORK\\2021\\MPDF\\baseline\\ui\\钓鱼天气预报专业版\\index.wxml", "child": [11], "parent": 8, "matchString": []}, {"id": 11, "type": "image", "string": null, "attribute": {"bindtap": "tapUpload", "class": ["userPic"], "mode": "", "src": "{{userPic}}"}, "referenceVariable": ["userPic"], "referenceFunction": ["tapUpload"], "style": [], "inheritClass": null, "wxss": [], "page": null, "path": "D:\\WORK\\2021\\MPDF\\baseline\\ui\\钓鱼天气预报专业版\\index.wxml", "child": [], "parent": 10, "matchString": []}, {"id": 12, "type": "view", "string": null, "attribute": {"class": ["info_"]}, "referenceVariable": [], "referenceFunction": [], "style": [], "inheritClass": null, "wxss": [], "page": null, "path": "D:\\WORK\\2021\\MPDF\\baseline\\ui\\钓鱼天气预报专业版\\index.wxml", "child": [13, 14], "parent": 3, "matchString": [{"type": "relation", "string": "手机号"}, {"type": "relation", "string": "{{userTel}}"}, {"type": "relation", "string": "点击绑定"}, {"type": "relation", "string": "点击修改"}]}, {"id": 13, "type": "view", "string": "手机号", "attribute": {"class": ["left", "v1"]}, "referenceVariable": [], "referenceFunction": [], "style": [], "inheritClass": null, "wxss": [], "page": null, "path": "D:\\WORK\\2021\\MPDF\\baseline\\ui\\钓鱼天气预报专业版\\index.wxml", "child": [], "parent": 12, "matchString": [{"type": "self", "string": "手机号"}]}, {"id": 14, "type": "view", "string": null, "attribute": {"class": ["left", "v2"]}, "referenceVariable": [], "referenceFunction": [], "style": [], "inheritClass": null, "wxss": [], "page": null, "path": "D:\\WORK\\2021\\MPDF\\baseline\\ui\\钓鱼天气预报专业版\\index.wxml", "child": [15, 16, 17], "parent": 12, "matchString": [{"type": "relation", "string": "{{userTel}}"}, {"type": "relation", "string": "点击绑定"}, {"type": "relation", "string": "点击修改"}]}, {"id": 15, "type": "text", "string": "{{userTel}}", "attribute": {}, "referenceVariable": [], "referenceFunction": [], "style": [], "inheritClass": null, "wxss": [], "page": null, "path": "D:\\WORK\\2021\\MPDF\\baseline\\ui\\钓鱼天气预报专业版\\index.wxml", "child": [], "parent": 14, "matchString": [{"type": "self", "string": "{{userTel}}"}]}, {"id": 16, "type": "text", "string": "点击绑定", "attribute": {"bindtap": "tapChangeTel", "class": ["btn"], "wx:if": "{{!isTel}}"}, "referenceVariable": ["!isTel"], "referenceFunction": ["tapChangeTel"], "style": [], "inheritClass": null, "wxss": [], "page": null, "path": "D:\\WORK\\2021\\MPDF\\baseline\\ui\\钓鱼天气预报专业版\\index.wxml", "child": [], "parent": 14, "matchString": [{"type": "self", "string": "点击绑定"}]}, {"id": 17, "type": "text", "string": "点击修改", "attribute": {"bindtap": "tapChangeTel", "class": ["btn"], "wx:if": "{{isTel}}"}, "referenceVariable": ["isTel"], "referenceFunction": ["tapChangeTel"], "style": [], "inheritClass": null, "wxss": [], "page": null, "path": "D:\\WORK\\2021\\MPDF\\baseline\\ui\\钓鱼天气预报专业版\\index.wxml", "child": [], "parent": 14, "matchString": [{"type": "self", "string": "点击修改"}]}, {"id": 18, "type": "view", "string": "保存", "attribute": {"bindtap": "tapSave", "class": ["saveInfo"]}, "referenceVariable": [], "referenceFunction": ["tapSave"], "style": [], "inheritClass": null, "wxss": [], "page": null, "path": "D:\\WORK\\2021\\MPDF\\baseline\\ui\\钓鱼天气预报专业版\\index.wxml", "child": [], "parent": 3, "matchString": [{"type": "self", "string": "保存"}]}, {"id": 19, "type": "view", "string": null, "attribute": {"class": ["changeTel"], "wx:if": "{{showBindTel}}"}, "referenceVariable": ["showBindTel"], "referenceFunction": [], "style": [], "inheritClass": null, "wxss": [], "page": null, "path": "D:\\WORK\\2021\\MPDF\\baseline\\ui\\钓鱼天气预报专业版\\index.wxml", "child": [20, 24, 29], "parent": 1, "matchString": [{"type": "relation", "string": "手机号"}, {"type": "relation", "string": "请输入手机号"}, {"type": "relation", "string": "验证码"}, {"type": "relation", "string": "请填写验证码"}, {"type": "relation", "string": "{{verify}}"}, {"type": "relation", "string": "绑定"}]}, {"id": 20, "type": "view", "string": null, "attribute": {"class": ["info_"]}, "referenceVariable": [], "referenceFunction": [], "style": [], "inheritClass": null, "wxss": [], "page": null, "path": "D:\\WORK\\2021\\MPDF\\baseline\\ui\\钓鱼天气预报专业版\\index.wxml", "child": [21, 22], "parent": 19, "matchString": [{"type": "relation", "string": "手机号"}, {"type": "relation", "string": "请输入手机号"}]}, {"id": 21, "type": "view", "string": "手机号", "attribute": {"class": ["left", "v1"]}, "referenceVariable": [], "referenceFunction": [], "style": [], "inheritClass": null, "wxss": [], "page": null, "path": "D:\\WORK\\2021\\MPDF\\baseline\\ui\\钓鱼天气预报专业版\\index.wxml", "child": [], "parent": 20, "matchString": [{"type": "self", "string": "手机号"}]}, {"id": 22, "type": "view", "string": null, "attribute": {"class": ["left", "v2"]}, "referenceVariable": [], "referenceFunction": [], "style": [], "inheritClass": null, "wxss": [], "page": null, "path": "D:\\WORK\\2021\\MPDF\\baseline\\ui\\钓鱼天气预报专业版\\index.wxml", "child": [23], "parent": 20, "matchString": [{"type": "relation", "string": "请输入手机号"}]}, {"id": 23, "type": "input", "string": null, "attribute": {"bindinput": "changeTel", "maxlength": "11", "placeholder": "请输入手机号", "type": "tel", "value": "{{userTel}}"}, "referenceVariable": ["userTel"], "referenceFunction": ["changeTel"], "style": [], "inheritClass": null, "wxss": [], "page": null, "path": "D:\\WORK\\2021\\MPDF\\baseline\\ui\\钓鱼天气预报专业版\\index.wxml", "child": [], "parent": 22, "matchString": [{"type": "attr", "string": "请输入手机号"}]}, {"id": 24, "type": "view", "string": null, "attribute": {"class": ["info_"]}, "referenceVariable": [], "referenceFunction": [], "style": [], "inheritClass": null, "wxss": [], "page": null, "path": "D:\\WORK\\2021\\MPDF\\baseline\\ui\\钓鱼天气预报专业版\\index.wxml", "child": [25, 26], "parent": 19, "matchString": [{"type": "relation", "string": "验证码"}, {"type": "relation", "string": "请填写验证码"}, {"type": "relation", "string": "{{verify}}"}]}, {"id": 25, "type": "view", "string": "验证码", "attribute": {"class": ["left", "v1"]}, "referenceVariable": [], "referenceFunction": [], "style": [], "inheritClass": null, "wxss": [], "page": null, "path": "D:\\WORK\\2021\\MPDF\\baseline\\ui\\钓鱼天气预报专业版\\index.wxml", "child": [], "parent": 24, "matchString": [{"type": "self", "string": "验证码"}]}, {"id": 26, "type": "view", "string": null, "attribute": {"class": ["left", "v2"]}, "referenceVariable": [], "referenceFunction": [], "style": [], "inheritClass": null, "wxss": [], "page": null, "path": "D:\\WORK\\2021\\MPDF\\baseline\\ui\\钓鱼天气预报专业版\\index.wxml", "child": [27, 28], "parent": 24, "matchString": [{"type": "relation", "string": "请填写验证码"}, {"type": "relation", "string": "{{verify}}"}]}, {"id": 27, "type": "input", "string": null, "attribute": {"bindinput": "changeVerifyCode", "maxlength": "6", "placeholder": "请填写验证码", "type": "number", "value": "{{verifyCode}}"}, "referenceVariable": ["verifyCode"], "referenceFunction": ["changeVerifyCode"], "style": [], "inheritClass": null, "wxss": [], "page": null, "path": "D:\\WORK\\2021\\MPDF\\baseline\\ui\\钓鱼天气预报专业版\\index.wxml", "child": [], "parent": 26, "matchString": [{"type": "attr", "string": "请填写验证码"}]}, {"id": 28, "type": "text", "string": "{{verify}}", "attribute": {"bindtap": "tapGetVerifyCode", "class": ["btn"]}, "referenceVariable": [], "referenceFunction": ["tapGetVerifyCode"], "style": [], "inheritClass": null, "wxss": [], "page": null, "path": "D:\\WORK\\2021\\MPDF\\baseline\\ui\\钓鱼天气预报专业版\\index.wxml", "child": [], "parent": 26, "matchString": [{"type": "self", "string": "{{verify}}"}]}, {"id": 29, "type": "view", "string": "绑定", "attribute": {"bindtap": "tapBindTel", "class": ["bind"]}, "referenceVariable": [], "referenceFunction": ["tapBindTel"], "style": [], "inheritClass": null, "wxss": [], "page": null, "path": "D:\\WORK\\2021\\MPDF\\baseline\\ui\\钓鱼天气预报专业版\\index.wxml", "child": [], "parent": 19, "matchString": [{"type": "self", "string": "绑定"}]}]