{"definedData":[],"dynamicDefinedData":[{"shadowObjectVar":"__object__4","dynamicDefinedProps":[{"propName":".total_page","readShadows":[{"shadowVar":{"declaredName":"__object__4.total_page","file":"D:\\WORK\\2022\\论文相关\\benchmark\\miniapp\\998二手挖机圈\\_-1965603458_27\\pages\\followme\\followme.js"},"readAccess":[]}],"writeShadows":[{"shadowVar":{"declaredName":"__object__4.total_page","file":"D:\\WORK\\2022\\论文相关\\benchmark\\miniapp\\998二手挖机圈\\_-1965603458_27\\pages\\followme\\followme.js"},"writeAccess":[{"rightVar":[{"declaredName":"a.data.total_page","file":"D:\\WORK\\2022\\论文相关\\benchmark\\miniapp\\998二手挖机圈\\_-1965603458_27\\pages\\followme\\followme.js"}],"writeFlow":[{"type":"assign to","from":{"name":"a.data.total_page","loc":{"line":29,"column":58},"id":19187,"file":"D:\\WORK\\2022\\论文相关\\benchmark\\miniapp\\998二手挖机圈\\_-1965603458_27\\pages\\followme\\followme.js"},"to":{"name":"t.data.total_page","loc":{"line":29,"column":38},"id":19182,"file":"D:\\WORK\\2022\\论文相关\\benchmark\\miniapp\\998二手挖机圈\\_-1965603458_27\\pages\\followme\\followme.js"}},{"type":"read","from":{"name":"a","loc":{"line":28,"column":34},"id":19173,"file":"D:\\WORK\\2022\\论文相关\\benchmark\\miniapp\\998二手挖机圈\\_-1965603458_27\\pages\\followme\\followme.js","fromSource":{"api":"wx.request","loc":{"line":18,"column":16},"type":"API:callback","file":"D:\\WORK\\2022\\论文相关\\benchmark\\miniapp\\998二手挖机圈\\_-1965603458_27\\pages\\followme\\followme.js"}},"to":{"name":"a.data.total_page","loc":{"line":29,"column":58},"id":19187,"file":"D:\\WORK\\2022\\论文相关\\benchmark\\miniapp\\998二手挖机圈\\_-1965603458_27\\pages\\followme\\followme.js"}}]}]}]},{"propName":".ldhide","readShadows":[{"shadowVar":{"declaredName":"__object__4.ldhide","declaredLoc":{"line":5,"column":8},"file":"D:\\WORK\\2022\\论文相关\\benchmark\\miniapp\\998二手挖机圈\\_-1965603458_27\\pages\\followme\\followme.js"},"readAccess":[{"leftVar":[{"declaredName":"__object__3.data","declaredLoc":{"line":4,"column":4},"file":"D:\\WORK\\2022\\论文相关\\benchmark\\miniapp\\998二手挖机圈\\_-1965603458_27\\pages\\followme\\followme.js"}],"readFlow":[{"type":"assign to","from":{"name":"ldhide","loc":{"line":5,"column":8},"id":19083,"file":"D:\\WORK\\2022\\论文相关\\benchmark\\miniapp\\998二手挖机圈\\_-1965603458_27\\pages\\followme\\followme.js"},"to":{"name":"data","loc":{"line":4,"column":4},"id":19080,"file":"D:\\WORK\\2022\\论文相关\\benchmark\\miniapp\\998二手挖机圈\\_-1965603458_27\\pages\\followme\\followme.js"}},{"type":"to callee","from":{"name":"data","loc":{"line":4,"column":4},"id":19080,"file":"D:\\WORK\\2022\\论文相关\\benchmark\\miniapp\\998二手挖机圈\\_-1965603458_27\\pages\\followme\\followme.js"},"to":{"name":"Page","loc":{"line":3,"column":0},"id":19077,"file":"D:\\WORK\\2022\\论文相关\\benchmark\\miniapp\\998二手挖机圈\\_-1965603458_27\\pages\\followme\\followme.js"}},{"type":"read","from":{"name":"data","loc":{"line":4,"column":4},"id":19080,"file":"D:\\WORK\\2022\\论文相关\\benchmark\\miniapp\\998二手挖机圈\\_-1965603458_27\\pages\\followme\\followme.js"},"to":{"name":"this","loc":{"line":13,"column":16},"id":19107,"file":"D:\\WORK\\2022\\论文相关\\benchmark\\miniapp\\998二手挖机圈\\_-1965603458_27\\pages\\followme\\followme.js"}},{"type":"read","from":{"name":"data","loc":{"line":4,"column":4},"id":19080,"file":"D:\\WORK\\2022\\论文相关\\benchmark\\miniapp\\998二手挖机圈\\_-1965603458_27\\pages\\followme\\followme.js"},"to":{"name":"this","loc":{"line":39,"column":16},"id":19244,"file":"D:\\WORK\\2022\\论文相关\\benchmark\\miniapp\\998二手挖机圈\\_-1965603458_27\\pages\\followme\\followme.js"}},{"type":"assign to","from":{"name":"this","loc":{"line":39,"column":16},"id":19244,"file":"D:\\WORK\\2022\\论文相关\\benchmark\\miniapp\\998二手挖机圈\\_-1965603458_27\\pages\\followme\\followme.js"},"to":{"name":"a","loc":{"line":39,"column":12},"id":19243,"file":"D:\\WORK\\2022\\论文相关\\benchmark\\miniapp\\998二手挖机圈\\_-1965603458_27\\pages\\followme\\followme.js"}},{"type":"assign to","from":{"name":"this","loc":{"line":13,"column":16},"id":19107,"file":"D:\\WORK\\2022\\论文相关\\benchmark\\miniapp\\998二手挖机圈\\_-1965603458_27\\pages\\followme\\followme.js"},"to":{"name":"t","loc":{"line":13,"column":12},"id":19106,"file":"D:\\WORK\\2022\\论文相关\\benchmark\\miniapp\\998二手挖机圈\\_-1965603458_27\\pages\\followme\\followme.js"}}]}]}],"writeShadows":[{"shadowVar":{"declaredName":"__object__4.ldhide","declaredLoc":{"line":5,"column":8},"file":"D:\\WORK\\2022\\论文相关\\benchmark\\miniapp\\998二手挖机圈\\_-1965603458_27\\pages\\followme\\followme.js"},"writeAccess":[]}]},{"propName":".dever_list","readShadows":[{"shadowVar":{"declaredName":"__object__4.dever_list","declaredLoc":{"line":6,"column":8},"file":"D:\\WORK\\2022\\论文相关\\benchmark\\miniapp\\998二手挖机圈\\_-1965603458_27\\pages\\followme\\followme.js"},"readAccess":[{"leftVar":[{"declaredName":"__object__3.data","declaredLoc":{"line":4,"column":4},"file":"D:\\WORK\\2022\\论文相关\\benchmark\\miniapp\\998二手挖机圈\\_-1965603458_27\\pages\\followme\\followme.js"}],"readFlow":[{"type":"assign to","from":{"name":"dever_list","loc":{"line":6,"column":8},"id":19086,"file":"D:\\WORK\\2022\\论文相关\\benchmark\\miniapp\\998二手挖机圈\\_-1965603458_27\\pages\\followme\\followme.js"},"to":{"name":"data","loc":{"line":4,"column":4},"id":19080,"file":"D:\\WORK\\2022\\论文相关\\benchmark\\miniapp\\998二手挖机圈\\_-1965603458_27\\pages\\followme\\followme.js"}},{"type":"to callee","from":{"name":"data","loc":{"line":4,"column":4},"id":19080,"file":"D:\\WORK\\2022\\论文相关\\benchmark\\miniapp\\998二手挖机圈\\_-1965603458_27\\pages\\followme\\followme.js"},"to":{"name":"Page","loc":{"line":3,"column":0},"id":19077,"file":"D:\\WORK\\2022\\论文相关\\benchmark\\miniapp\\998二手挖机圈\\_-1965603458_27\\pages\\followme\\followme.js"}},{"type":"read","from":{"name":"data","loc":{"line":4,"column":4},"id":19080,"file":"D:\\WORK\\2022\\论文相关\\benchmark\\miniapp\\998二手挖机圈\\_-1965603458_27\\pages\\followme\\followme.js"},"to":{"name":"this","loc":{"line":13,"column":16},"id":19107,"file":"D:\\WORK\\2022\\论文相关\\benchmark\\miniapp\\998二手挖机圈\\_-1965603458_27\\pages\\followme\\followme.js"}},{"type":"read","from":{"name":"data","loc":{"line":4,"column":4},"id":19080,"file":"D:\\WORK\\2022\\论文相关\\benchmark\\miniapp\\998二手挖机圈\\_-1965603458_27\\pages\\followme\\followme.js"},"to":{"name":"this","loc":{"line":39,"column":16},"id":19244,"file":"D:\\WORK\\2022\\论文相关\\benchmark\\miniapp\\998二手挖机圈\\_-1965603458_27\\pages\\followme\\followme.js"}},{"type":"assign to","from":{"name":"this","loc":{"line":39,"column":16},"id":19244,"file":"D:\\WORK\\2022\\论文相关\\benchmark\\miniapp\\998二手挖机圈\\_-1965603458_27\\pages\\followme\\followme.js"},"to":{"name":"a","loc":{"line":39,"column":12},"id":19243,"file":"D:\\WORK\\2022\\论文相关\\benchmark\\miniapp\\998二手挖机圈\\_-1965603458_27\\pages\\followme\\followme.js"}},{"type":"assign to","from":{"name":"this","loc":{"line":13,"column":16},"id":19107,"file":"D:\\WORK\\2022\\论文相关\\benchmark\\miniapp\\998二手挖机圈\\_-1965603458_27\\pages\\followme\\followme.js"},"to":{"name":"t","loc":{"line":13,"column":12},"id":19106,"file":"D:\\WORK\\2022\\论文相关\\benchmark\\miniapp\\998二手挖机圈\\_-1965603458_27\\pages\\followme\\followme.js"}}]},{"leftVar":[{"declaredName":"__object__31.dever_list","declaredLoc":{"line":32,"column":24},"file":"D:\\WORK\\2022\\论文相关\\benchmark\\miniapp\\998二手挖机圈\\_-1965603458_27\\pages\\followme\\followme.js"}],"readFlow":[{"type":"assign to","from":{"name":"t.data.dever_list","loc":{"line":32,"column":36},"id":19232,"file":"D:\\WORK\\2022\\论文相关\\benchmark\\miniapp\\998二手挖机圈\\_-1965603458_27\\pages\\followme\\followme.js"},"to":{"name":"dever_list","loc":{"line":32,"column":24},"id":19231,"file":"D:\\WORK\\2022\\论文相关\\benchmark\\miniapp\\998二手挖机圈\\_-1965603458_27\\pages\\followme\\followme.js"}},{"type":"to callee","from":{"name":"dever_list","loc":{"line":32,"column":24},"id":19231,"file":"D:\\WORK\\2022\\论文相关\\benchmark\\miniapp\\998二手挖机圈\\_-1965603458_27\\pages\\followme\\followme.js"},"to":{"name":"t.setData","loc":{"line":31,"column":20},"id":19226,"file":"D:\\WORK\\2022\\论文相关\\benchmark\\miniapp\\998二手挖机圈\\_-1965603458_27\\pages\\followme\\followme.js"}}]}]}],"writeShadows":[{"shadowVar":{"declaredName":"__object__4.dever_list","declaredLoc":{"line":6,"column":8},"file":"D:\\WORK\\2022\\论文相关\\benchmark\\miniapp\\998二手挖机圈\\_-1965603458_27\\pages\\followme\\followme.js"},"writeAccess":[]}]},{"propName":".page","readShadows":[{"shadowVar":{"declaredName":"__object__4.page","declaredLoc":{"line":7,"column":8},"file":"D:\\WORK\\2022\\论文相关\\benchmark\\miniapp\\998二手挖机圈\\_-1965603458_27\\pages\\followme\\followme.js"},"readAccess":[{"leftVar":[{"declaredName":"__object__3.data","declaredLoc":{"line":4,"column":4},"file":"D:\\WORK\\2022\\论文相关\\benchmark\\miniapp\\998二手挖机圈\\_-1965603458_27\\pages\\followme\\followme.js"}],"readFlow":[{"type":"assign to","from":{"name":"page","loc":{"line":7,"column":8},"id":19089,"file":"D:\\WORK\\2022\\论文相关\\benchmark\\miniapp\\998二手挖机圈\\_-1965603458_27\\pages\\followme\\followme.js"},"to":{"name":"data","loc":{"line":4,"column":4},"id":19080,"file":"D:\\WORK\\2022\\论文相关\\benchmark\\miniapp\\998二手挖机圈\\_-1965603458_27\\pages\\followme\\followme.js"}},{"type":"to callee","from":{"name":"data","loc":{"line":4,"column":4},"id":19080,"file":"D:\\WORK\\2022\\论文相关\\benchmark\\miniapp\\998二手挖机圈\\_-1965603458_27\\pages\\followme\\followme.js"},"to":{"name":"Page","loc":{"line":3,"column":0},"id":19077,"file":"D:\\WORK\\2022\\论文相关\\benchmark\\miniapp\\998二手挖机圈\\_-1965603458_27\\pages\\followme\\followme.js"}},{"type":"read","from":{"name":"data","loc":{"line":4,"column":4},"id":19080,"file":"D:\\WORK\\2022\\论文相关\\benchmark\\miniapp\\998二手挖机圈\\_-1965603458_27\\pages\\followme\\followme.js"},"to":{"name":"this","loc":{"line":13,"column":16},"id":19107,"file":"D:\\WORK\\2022\\论文相关\\benchmark\\miniapp\\998二手挖机圈\\_-1965603458_27\\pages\\followme\\followme.js"}},{"type":"read","from":{"name":"data","loc":{"line":4,"column":4},"id":19080,"file":"D:\\WORK\\2022\\论文相关\\benchmark\\miniapp\\998二手挖机圈\\_-1965603458_27\\pages\\followme\\followme.js"},"to":{"name":"this","loc":{"line":39,"column":16},"id":19244,"file":"D:\\WORK\\2022\\论文相关\\benchmark\\miniapp\\998二手挖机圈\\_-1965603458_27\\pages\\followme\\followme.js"}},{"type":"assign to","from":{"name":"this","loc":{"line":39,"column":16},"id":19244,"file":"D:\\WORK\\2022\\论文相关\\benchmark\\miniapp\\998二手挖机圈\\_-1965603458_27\\pages\\followme\\followme.js"},"to":{"name":"a","loc":{"line":39,"column":12},"id":19243,"file":"D:\\WORK\\2022\\论文相关\\benchmark\\miniapp\\998二手挖机圈\\_-1965603458_27\\pages\\followme\\followme.js"}},{"type":"assign to","from":{"name":"this","loc":{"line":13,"column":16},"id":19107,"file":"D:\\WORK\\2022\\论文相关\\benchmark\\miniapp\\998二手挖机圈\\_-1965603458_27\\pages\\followme\\followme.js"},"to":{"name":"t","loc":{"line":13,"column":12},"id":19106,"file":"D:\\WORK\\2022\\论文相关\\benchmark\\miniapp\\998二手挖机圈\\_-1965603458_27\\pages\\followme\\followme.js"}}]},{"leftVar":[{"declaredName":"__object__24.page","declaredLoc":{"line":25,"column":20},"file":"D:\\WORK\\2022\\论文相关\\benchmark\\miniapp\\998二手挖机圈\\_-1965603458_27\\pages\\followme\\followme.js"}],"readFlow":[{"type":"assign to","from":{"name":"t.data.page","loc":{"line":25,"column":26},"id":19156,"file":"D:\\WORK\\2022\\论文相关\\benchmark\\miniapp\\998二手挖机圈\\_-1965603458_27\\pages\\followme\\followme.js"},"to":{"name":"page","loc":{"line":25,"column":20},"id":19155,"file":"D:\\WORK\\2022\\论文相关\\benchmark\\miniapp\\998二手挖机圈\\_-1965603458_27\\pages\\followme\\followme.js"}},{"type":"assign to","from":{"name":"page","loc":{"line":25,"column":20},"id":19155,"file":"D:\\WORK\\2022\\论文相关\\benchmark\\miniapp\\998二手挖机圈\\_-1965603458_27\\pages\\followme\\followme.js"},"to":{"name":"data","loc":{"line":24,"column":16},"id":19152,"file":"D:\\WORK\\2022\\论文相关\\benchmark\\miniapp\\998二手挖机圈\\_-1965603458_27\\pages\\followme\\followme.js"}},{"type":"to callee","from":{"name":"page","loc":{"line":25,"column":20},"id":19155,"file":"D:\\WORK\\2022\\论文相关\\benchmark\\miniapp\\998二手挖机圈\\_-1965603458_27\\pages\\followme\\followme.js"},"to":{"name":"wx.request","loc":{"line":18,"column":16},"id":19135,"file":"D:\\WORK\\2022\\论文相关\\benchmark\\miniapp\\998二手挖机圈\\_-1965603458_27\\pages\\followme\\followme.js","sink":true}},{"type":"to callee","from":{"name":"data","loc":{"line":24,"column":16},"id":19152,"file":"D:\\WORK\\2022\\论文相关\\benchmark\\miniapp\\998二手挖机圈\\_-1965603458_27\\pages\\followme\\followme.js"},"to":{"name":"wx.request","loc":{"line":18,"column":16},"id":19135,"file":"D:\\WORK\\2022\\论文相关\\benchmark\\miniapp\\998二手挖机圈\\_-1965603458_27\\pages\\followme\\followme.js","sink":true}}]}]}],"writeShadows":[{"shadowVar":{"declaredName":"__object__4.page","declaredLoc":{"line":7,"column":8},"file":"D:\\WORK\\2022\\论文相关\\benchmark\\miniapp\\998二手挖机圈\\_-1965603458_27\\pages\\followme\\followme.js"},"writeAccess":[]}]},{"propName":".dever_list.push","readShadows":[{"shadowVar":{"declaredName":"__object__4.dever_list.push","file":"D:\\WORK\\2022\\论文相关\\benchmark\\miniapp\\998二手挖机圈\\_-1965603458_27\\pages\\followme\\followme.js"},"readAccess":[{"leftVar":[{"declaredName":"__object__31.dever_list","declaredLoc":{"line":32,"column":24},"file":"D:\\WORK\\2022\\论文相关\\benchmark\\miniapp\\998二手挖机圈\\_-1965603458_27\\pages\\followme\\followme.js"}],"readFlow":[{"type":"assign to","from":{"name":"t.data.dever_list","loc":{"line":32,"column":36},"id":19232,"file":"D:\\WORK\\2022\\论文相关\\benchmark\\miniapp\\998二手挖机圈\\_-1965603458_27\\pages\\followme\\followme.js"},"to":{"name":"dever_list","loc":{"line":32,"column":24},"id":19231,"file":"D:\\WORK\\2022\\论文相关\\benchmark\\miniapp\\998二手挖机圈\\_-1965603458_27\\pages\\followme\\followme.js"}},{"type":"to callee","from":{"name":"dever_list","loc":{"line":32,"column":24},"id":19231,"file":"D:\\WORK\\2022\\论文相关\\benchmark\\miniapp\\998二手挖机圈\\_-1965603458_27\\pages\\followme\\followme.js"},"to":{"name":"t.setData","loc":{"line":31,"column":20},"id":19226,"file":"D:\\WORK\\2022\\论文相关\\benchmark\\miniapp\\998二手挖机圈\\_-1965603458_27\\pages\\followme\\followme.js"}}]}]}],"writeShadows":[{"shadowVar":{"declaredName":"__object__4.dever_list.push","file":"D:\\WORK\\2022\\论文相关\\benchmark\\miniapp\\998二手挖机圈\\_-1965603458_27\\pages\\followme\\followme.js"},"writeAccess":[]}]}]},{"shadowObjectVar":"__object__3","dynamicDefinedProps":[{"propName":".setData","readShadows":[{"shadowVar":{"declaredName":"__object__3.setData","file":"D:\\WORK\\2022\\论文相关\\benchmark\\miniapp\\998二手挖机圈\\_-1965603458_27\\pages\\followme\\followme.js"},"readAccess":[{"leftVar":[{"declaredName":"t","declaredLoc":{"line":13,"column":12},"file":"D:\\WORK\\2022\\论文相关\\benchmark\\miniapp\\998二手挖机圈\\_-1965603458_27\\pages\\followme\\followme.js"}],"readFlow":[{"type":"assign to","from":{"name":"this","loc":{"line":13,"column":16},"id":19107,"file":"D:\\WORK\\2022\\论文相关\\benchmark\\miniapp\\998二手挖机圈\\_-1965603458_27\\pages\\followme\\followme.js"},"to":{"name":"t","loc":{"line":13,"column":12},"id":19106,"file":"D:\\WORK\\2022\\论文相关\\benchmark\\miniapp\\998二手挖机圈\\_-1965603458_27\\pages\\followme\\followme.js"}}]},{"leftVar":[{"declaredName":"a","declaredLoc":{"line":39,"column":12},"file":"D:\\WORK\\2022\\论文相关\\benchmark\\miniapp\\998二手挖机圈\\_-1965603458_27\\pages\\followme\\followme.js"}],"readFlow":[{"type":"assign to","from":{"name":"this","loc":{"line":39,"column":16},"id":19244,"file":"D:\\WORK\\2022\\论文相关\\benchmark\\miniapp\\998二手挖机圈\\_-1965603458_27\\pages\\followme\\followme.js"},"to":{"name":"a","loc":{"line":39,"column":12},"id":19243,"file":"D:\\WORK\\2022\\论文相关\\benchmark\\miniapp\\998二手挖机圈\\_-1965603458_27\\pages\\followme\\followme.js"}}]}]}],"writeShadows":[{"shadowVar":{"declaredName":"__object__3.setData","file":"D:\\WORK\\2022\\论文相关\\benchmark\\miniapp\\998二手挖机圈\\_-1965603458_27\\pages\\followme\\followme.js"},"writeAccess":[]}]},{"propName":".data","readShadows":[{"shadowVar":{"declaredName":"__object__3.data","declaredLoc":{"line":4,"column":4},"file":"D:\\WORK\\2022\\论文相关\\benchmark\\miniapp\\998二手挖机圈\\_-1965603458_27\\pages\\followme\\followme.js"},"readAccess":[{"leftVar":[{"declaredName":"t","declaredLoc":{"line":13,"column":12},"file":"D:\\WORK\\2022\\论文相关\\benchmark\\miniapp\\998二手挖机圈\\_-1965603458_27\\pages\\followme\\followme.js"}],"readFlow":[{"type":"assign to","from":{"name":"this","loc":{"line":13,"column":16},"id":19107,"file":"D:\\WORK\\2022\\论文相关\\benchmark\\miniapp\\998二手挖机圈\\_-1965603458_27\\pages\\followme\\followme.js"},"to":{"name":"t","loc":{"line":13,"column":12},"id":19106,"file":"D:\\WORK\\2022\\论文相关\\benchmark\\miniapp\\998二手挖机圈\\_-1965603458_27\\pages\\followme\\followme.js"}}]},{"leftVar":[{"declaredName":"a","declaredLoc":{"line":39,"column":12},"file":"D:\\WORK\\2022\\论文相关\\benchmark\\miniapp\\998二手挖机圈\\_-1965603458_27\\pages\\followme\\followme.js"}],"readFlow":[{"type":"assign to","from":{"name":"this","loc":{"line":39,"column":16},"id":19244,"file":"D:\\WORK\\2022\\论文相关\\benchmark\\miniapp\\998二手挖机圈\\_-1965603458_27\\pages\\followme\\followme.js"},"to":{"name":"a","loc":{"line":39,"column":12},"id":19243,"file":"D:\\WORK\\2022\\论文相关\\benchmark\\miniapp\\998二手挖机圈\\_-1965603458_27\\pages\\followme\\followme.js"}}]}]}],"writeShadows":[{"shadowVar":{"declaredName":"__object__3.data","declaredLoc":{"line":4,"column":4},"file":"D:\\WORK\\2022\\论文相关\\benchmark\\miniapp\\998二手挖机圈\\_-1965603458_27\\pages\\followme\\followme.js"},"writeAccess":[]}]},{"propName":".onLoad","readShadows":[{"shadowVar":{"declaredName":"__object__3.onLoad","declaredLoc":{"line":9,"column":4},"file":"D:\\WORK\\2022\\论文相关\\benchmark\\miniapp\\998二手挖机圈\\_-1965603458_27\\pages\\followme\\followme.js"},"readAccess":[{"leftVar":[{"declaredName":"t","declaredLoc":{"line":13,"column":12},"file":"D:\\WORK\\2022\\论文相关\\benchmark\\miniapp\\998二手挖机圈\\_-1965603458_27\\pages\\followme\\followme.js"}],"readFlow":[{"type":"assign to","from":{"name":"this","loc":{"line":13,"column":16},"id":19107,"file":"D:\\WORK\\2022\\论文相关\\benchmark\\miniapp\\998二手挖机圈\\_-1965603458_27\\pages\\followme\\followme.js"},"to":{"name":"t","loc":{"line":13,"column":12},"id":19106,"file":"D:\\WORK\\2022\\论文相关\\benchmark\\miniapp\\998二手挖机圈\\_-1965603458_27\\pages\\followme\\followme.js"}}]},{"leftVar":[{"declaredName":"a","declaredLoc":{"line":39,"column":12},"file":"D:\\WORK\\2022\\论文相关\\benchmark\\miniapp\\998二手挖机圈\\_-1965603458_27\\pages\\followme\\followme.js"}],"readFlow":[{"type":"assign to","from":{"name":"this","loc":{"line":39,"column":16},"id":19244,"file":"D:\\WORK\\2022\\论文相关\\benchmark\\miniapp\\998二手挖机圈\\_-1965603458_27\\pages\\followme\\followme.js"},"to":{"name":"a","loc":{"line":39,"column":12},"id":19243,"file":"D:\\WORK\\2022\\论文相关\\benchmark\\miniapp\\998二手挖机圈\\_-1965603458_27\\pages\\followme\\followme.js"}}]}]}],"writeShadows":[{"shadowVar":{"declaredName":"__object__3.onLoad","declaredLoc":{"line":9,"column":4},"file":"D:\\WORK\\2022\\论文相关\\benchmark\\miniapp\\998二手挖机圈\\_-1965603458_27\\pages\\followme\\followme.js"},"writeAccess":[]}]},{"propName":".loadData","readShadows":[{"shadowVar":{"declaredName":"__object__3.loadData","declaredLoc":{"line":12,"column":4},"file":"D:\\WORK\\2022\\论文相关\\benchmark\\miniapp\\998二手挖机圈\\_-1965603458_27\\pages\\followme\\followme.js"},"readAccess":[{"leftVar":[{"declaredName":"t","declaredLoc":{"line":13,"column":12},"file":"D:\\WORK\\2022\\论文相关\\benchmark\\miniapp\\998二手挖机圈\\_-1965603458_27\\pages\\followme\\followme.js"}],"readFlow":[{"type":"assign to","from":{"name":"this","loc":{"line":13,"column":16},"id":19107,"file":"D:\\WORK\\2022\\论文相关\\benchmark\\miniapp\\998二手挖机圈\\_-1965603458_27\\pages\\followme\\followme.js"},"to":{"name":"t","loc":{"line":13,"column":12},"id":19106,"file":"D:\\WORK\\2022\\论文相关\\benchmark\\miniapp\\998二手挖机圈\\_-1965603458_27\\pages\\followme\\followme.js"}}]},{"leftVar":[{"declaredName":"a","declaredLoc":{"line":39,"column":12},"file":"D:\\WORK\\2022\\论文相关\\benchmark\\miniapp\\998二手挖机圈\\_-1965603458_27\\pages\\followme\\followme.js"}],"readFlow":[{"type":"assign to","from":{"name":"this","loc":{"line":39,"column":16},"id":19244,"file":"D:\\WORK\\2022\\论文相关\\benchmark\\miniapp\\998二手挖机圈\\_-1965603458_27\\pages\\followme\\followme.js"},"to":{"name":"a","loc":{"line":39,"column":12},"id":19243,"file":"D:\\WORK\\2022\\论文相关\\benchmark\\miniapp\\998二手挖机圈\\_-1965603458_27\\pages\\followme\\followme.js"}}]}]}],"writeShadows":[{"shadowVar":{"declaredName":"__object__3.loadData","declaredLoc":{"line":12,"column":4},"file":"D:\\WORK\\2022\\论文相关\\benchmark\\miniapp\\998二手挖机圈\\_-1965603458_27\\pages\\followme\\followme.js"},"writeAccess":[]}]},{"propName":".onReachBottom","readShadows":[{"shadowVar":{"declaredName":"__object__3.onReachBottom","declaredLoc":{"line":38,"column":4},"file":"D:\\WORK\\2022\\论文相关\\benchmark\\miniapp\\998二手挖机圈\\_-1965603458_27\\pages\\followme\\followme.js"},"readAccess":[{"leftVar":[{"declaredName":"t","declaredLoc":{"line":13,"column":12},"file":"D:\\WORK\\2022\\论文相关\\benchmark\\miniapp\\998二手挖机圈\\_-1965603458_27\\pages\\followme\\followme.js"}],"readFlow":[{"type":"assign to","from":{"name":"this","loc":{"line":13,"column":16},"id":19107,"file":"D:\\WORK\\2022\\论文相关\\benchmark\\miniapp\\998二手挖机圈\\_-1965603458_27\\pages\\followme\\followme.js"},"to":{"name":"t","loc":{"line":13,"column":12},"id":19106,"file":"D:\\WORK\\2022\\论文相关\\benchmark\\miniapp\\998二手挖机圈\\_-1965603458_27\\pages\\followme\\followme.js"}}]},{"leftVar":[{"declaredName":"a","declaredLoc":{"line":39,"column":12},"file":"D:\\WORK\\2022\\论文相关\\benchmark\\miniapp\\998二手挖机圈\\_-1965603458_27\\pages\\followme\\followme.js"}],"readFlow":[{"type":"assign to","from":{"name":"this","loc":{"line":39,"column":16},"id":19244,"file":"D:\\WORK\\2022\\论文相关\\benchmark\\miniapp\\998二手挖机圈\\_-1965603458_27\\pages\\followme\\followme.js"},"to":{"name":"a","loc":{"line":39,"column":12},"id":19243,"file":"D:\\WORK\\2022\\论文相关\\benchmark\\miniapp\\998二手挖机圈\\_-1965603458_27\\pages\\followme\\followme.js"}}]}]}],"writeShadows":[{"shadowVar":{"declaredName":"__object__3.onReachBottom","declaredLoc":{"line":38,"column":4},"file":"D:\\WORK\\2022\\论文相关\\benchmark\\miniapp\\998二手挖机圈\\_-1965603458_27\\pages\\followme\\followme.js"},"writeAccess":[]}]}]}]}