[{"id": 0, "type": "[document]", "string": null, "attribute": {}, "referenceVariable": [], "referenceFunction": [], "style": [], "inheritClass": null, "wxss": [], "page": null, "path": "D:\\WORK\\2021\\MPDF\\baseline\\ui\\百蜜法律服务\\phone.wxml", "child": [1, 2, 20], "parent": null, "matchString": [{"type": "relation", "string": "手机号"}, {"type": "relation", "string": "更换手机后，下次登录可使用新的手机号登录。当前手机号：{{userConfig.user.mobile}}"}, {"type": "relation", "string": "绑定手机后可快速登录，律师与您联系将会更加便捷。"}, {"type": "relation", "string": "请输入手机号"}, {"type": "relation", "string": "{{timeDown>=0?timeDown+'S':'获取验证码'}}"}, {"type": "relation", "string": "验证码"}, {"type": "relation", "string": "请输入验证码"}, {"type": "relation", "string": "完成"}]}, {"id": 1, "type": "navigationbar", "string": null, "attribute": {"title": "手机号"}, "referenceVariable": [], "referenceFunction": [], "style": [], "inheritClass": null, "wxss": [], "page": null, "path": "D:\\WORK\\2021\\MPDF\\baseline\\ui\\百蜜法律服务\\phone.wxml", "child": [], "parent": 0, "matchString": [{"type": "attr", "string": "手机号"}]}, {"id": 2, "type": "block", "string": null, "attribute": {"wx:if": "{{userConfig}}"}, "referenceVariable": ["userConfig"], "referenceFunction": [], "style": [], "inheritClass": null, "wxss": [], "page": null, "path": "D:\\WORK\\2021\\MPDF\\baseline\\ui\\百蜜法律服务\\phone.wxml", "child": [3, 4, 5, 18], "parent": 0, "matchString": [{"type": "relation", "string": "更换手机后，下次登录可使用新的手机号登录。当前手机号：{{userConfig.user.mobile}}"}, {"type": "relation", "string": "绑定手机后可快速登录，律师与您联系将会更加便捷。"}, {"type": "relation", "string": "手机号"}, {"type": "relation", "string": "请输入手机号"}, {"type": "relation", "string": "{{timeDown>=0?timeDown+'S':'获取验证码'}}"}, {"type": "relation", "string": "验证码"}, {"type": "relation", "string": "请输入验证码"}, {"type": "relation", "string": "完成"}]}, {"id": 3, "type": "view", "string": "更换手机后，下次登录可使用新的手机号登录。当前手机号：{{userConfig.user.mobile}}", "attribute": {"class": ["cells_head"], "wx:if": "{{userConfig.user.mobile!==''}}"}, "referenceVariable": ["userConfig.user.mobile!==''"], "referenceFunction": [], "style": [], "inheritClass": null, "wxss": [], "page": null, "path": "D:\\WORK\\2021\\MPDF\\baseline\\ui\\百蜜法律服务\\phone.wxml", "child": [], "parent": 2, "matchString": [{"type": "self", "string": "更换手机后，下次登录可使用新的手机号登录。当前手机号：{{userConfig.user.mobile}}"}, {"type": "relation", "string": "更换手机后，下次登录可使用新的手机号登录。当前手机号：{{userConfig.user.mobile}}"}]}, {"id": 4, "type": "view", "string": "绑定手机后可快速登录，律师与您联系将会更加便捷。", "attribute": {"class": ["cells_head"], "wx:else": ""}, "referenceVariable": [], "referenceFunction": [], "style": [], "inheritClass": null, "wxss": [], "page": null, "path": "D:\\WORK\\2021\\MPDF\\baseline\\ui\\百蜜法律服务\\phone.wxml", "child": [], "parent": 2, "matchString": [{"type": "self", "string": "绑定手机后可快速登录，律师与您联系将会更加便捷。"}, {"type": "relation", "string": "绑定手机后可快速登录，律师与您联系将会更加便捷。"}]}, {"id": 5, "type": "view", "string": null, "attribute": {"class": ["cells"]}, "referenceVariable": [], "referenceFunction": [], "style": [], "inheritClass": null, "wxss": [], "page": null, "path": "D:\\WORK\\2021\\MPDF\\baseline\\ui\\百蜜法律服务\\phone.wxml", "child": [6, 13], "parent": 2, "matchString": [{"type": "relation", "string": "手机号"}, {"type": "relation", "string": "请输入手机号"}, {"type": "relation", "string": "{{timeDown>=0?timeDown+'S':'获取验证码'}}"}, {"type": "relation", "string": "验证码"}, {"type": "relation", "string": "请输入验证码"}]}, {"id": 6, "type": "view", "string": null, "attribute": {"class": ["cell"]}, "referenceVariable": [], "referenceFunction": [], "style": [], "inheritClass": null, "wxss": [], "page": null, "path": "D:\\WORK\\2021\\MPDF\\baseline\\ui\\百蜜法律服务\\phone.wxml", "child": [7, 9, 11], "parent": 5, "matchString": [{"type": "relation", "string": "手机号"}, {"type": "relation", "string": "请输入手机号"}, {"type": "relation", "string": "{{timeDown>=0?timeDown+'S':'获取验证码'}}"}]}, {"id": 7, "type": "view", "string": null, "attribute": {"class": ["cell_hd"]}, "referenceVariable": [], "referenceFunction": [], "style": [], "inheritClass": null, "wxss": [], "page": null, "path": "D:\\WORK\\2021\\MPDF\\baseline\\ui\\百蜜法律服务\\phone.wxml", "child": [8], "parent": 6, "matchString": [{"type": "relation", "string": "手机号"}]}, {"id": 8, "type": "label", "string": "手机号", "attribute": {}, "referenceVariable": [], "referenceFunction": [], "style": [], "inheritClass": null, "wxss": [], "page": null, "path": "D:\\WORK\\2021\\MPDF\\baseline\\ui\\百蜜法律服务\\phone.wxml", "child": [], "parent": 7, "matchString": [{"type": "self", "string": "手机号"}]}, {"id": 9, "type": "view", "string": null, "attribute": {"class": ["cell_bd"]}, "referenceVariable": [], "referenceFunction": [], "style": [], "inheritClass": null, "wxss": [], "page": null, "path": "D:\\WORK\\2021\\MPDF\\baseline\\ui\\百蜜法律服务\\phone.wxml", "child": [10], "parent": 6, "matchString": [{"type": "relation", "string": "请输入手机号"}]}, {"id": 10, "type": "input", "string": null, "attribute": {"bindinput": "phoneChange", "maxlength": "11", "placeholder": "请输入手机号", "type": "number", "value": "{{phone}}"}, "referenceVariable": ["phone"], "referenceFunction": ["phoneChange"], "style": [], "inheritClass": null, "wxss": [], "page": null, "path": "D:\\WORK\\2021\\MPDF\\baseline\\ui\\百蜜法律服务\\phone.wxml", "child": [], "parent": 9, "matchString": [{"type": "attr", "string": "请输入手机号"}]}, {"id": 11, "type": "view", "string": null, "attribute": {"class": ["cell_ft"]}, "referenceVariable": [], "referenceFunction": [], "style": [], "inheritClass": null, "wxss": [], "page": null, "path": "D:\\WORK\\2021\\MPDF\\baseline\\ui\\百蜜法律服务\\phone.wxml", "child": [12], "parent": 6, "matchString": [{"type": "relation", "string": "{{timeDown>=0?timeDown+'S':'获取验证码'}}"}]}, {"id": 12, "type": "text", "string": "{{timeDown>=0?timeDown+'S':'获取验证码'}}", "attribute": {"bindtap": "getSMSCode", "class": ["vc"]}, "referenceVariable": [], "referenceFunction": ["getSMSCode"], "style": [], "inheritClass": null, "wxss": [], "page": null, "path": "D:\\WORK\\2021\\MPDF\\baseline\\ui\\百蜜法律服务\\phone.wxml", "child": [], "parent": 11, "matchString": [{"type": "self", "string": "{{timeDown>=0?timeDown+'S':'获取验证码'}}"}]}, {"id": 13, "type": "view", "string": null, "attribute": {"class": ["cell"]}, "referenceVariable": [], "referenceFunction": [], "style": [], "inheritClass": null, "wxss": [], "page": null, "path": "D:\\WORK\\2021\\MPDF\\baseline\\ui\\百蜜法律服务\\phone.wxml", "child": [14, 16], "parent": 5, "matchString": [{"type": "relation", "string": "验证码"}, {"type": "relation", "string": "请输入验证码"}]}, {"id": 14, "type": "view", "string": null, "attribute": {"class": ["cell_hd"]}, "referenceVariable": [], "referenceFunction": [], "style": [], "inheritClass": null, "wxss": [], "page": null, "path": "D:\\WORK\\2021\\MPDF\\baseline\\ui\\百蜜法律服务\\phone.wxml", "child": [15], "parent": 13, "matchString": [{"type": "relation", "string": "验证码"}]}, {"id": 15, "type": "label", "string": "验证码", "attribute": {}, "referenceVariable": [], "referenceFunction": [], "style": [], "inheritClass": null, "wxss": [], "page": null, "path": "D:\\WORK\\2021\\MPDF\\baseline\\ui\\百蜜法律服务\\phone.wxml", "child": [], "parent": 14, "matchString": [{"type": "self", "string": "验证码"}]}, {"id": 16, "type": "view", "string": null, "attribute": {"class": ["cell_bd"]}, "referenceVariable": [], "referenceFunction": [], "style": [], "inheritClass": null, "wxss": [], "page": null, "path": "D:\\WORK\\2021\\MPDF\\baseline\\ui\\百蜜法律服务\\phone.wxml", "child": [17], "parent": 13, "matchString": [{"type": "relation", "string": "请输入验证码"}]}, {"id": 17, "type": "input", "string": null, "attribute": {"bindinput": "smscodeChange", "maxlength": "6", "placeholder": "请输入验证码", "type": "number", "value": "{{smscode}}"}, "referenceVariable": ["smscode"], "referenceFunction": ["smscodeChange"], "style": [], "inheritClass": null, "wxss": [], "page": null, "path": "D:\\WORK\\2021\\MPDF\\baseline\\ui\\百蜜法律服务\\phone.wxml", "child": [], "parent": 16, "matchString": [{"type": "attr", "string": "请输入验证码"}]}, {"id": 18, "type": "view", "string": null, "attribute": {"class": ["btnbox"]}, "referenceVariable": [], "referenceFunction": [], "style": [], "inheritClass": null, "wxss": [], "page": null, "path": "D:\\WORK\\2021\\MPDF\\baseline\\ui\\百蜜法律服务\\phone.wxml", "child": [19], "parent": 2, "matchString": [{"type": "relation", "string": "完成"}]}, {"id": 19, "type": "view", "string": "完成", "attribute": {"bindtap": "submit", "class": ["button", "primary"]}, "referenceVariable": [], "referenceFunction": ["submit"], "style": [], "inheritClass": null, "wxss": [], "page": null, "path": "D:\\WORK\\2021\\MPDF\\baseline\\ui\\百蜜法律服务\\phone.wxml", "child": [], "parent": 18, "matchString": [{"type": "self", "string": "完成"}]}, {"id": 20, "type": "loading", "string": null, "attribute": {"wx:else": ""}, "referenceVariable": [], "referenceFunction": [], "style": [], "inheritClass": null, "wxss": [], "page": null, "path": "D:\\WORK\\2021\\MPDF\\baseline\\ui\\百蜜法律服务\\phone.wxml", "child": [], "parent": 0, "matchString": []}]