[{"id": 0, "type": "[document]", "string": null, "attribute": {}, "referenceVariable": [], "referenceFunction": [], "style": [], "inheritClass": null, "wxss": [], "page": null, "path": "D:\\WORK\\2021\\MPDF\\baseline\\ui\\动图宇宙\\bindPhone.wxml", "child": [1], "parent": null, "matchString": [{"type": "relation", "string": "{{tipText}}"}, {"type": "relation", "string": "{{isHideTip}}"}, {"type": "relation", "string": "你的手机号码"}, {"type": "relation", "string": "点击输入手机号"}, {"type": "relation", "string": "bind-phone-holder"}, {"type": "relation", "string": "接收到的验证码"}, {"type": "relation", "string": "点击输入验证码"}, {"type": "relation", "string": "{{codeText}}"}, {"type": "relation", "string": "确认"}]}, {"id": 1, "type": "view", "string": null, "attribute": {"class": ["bind-phone"]}, "referenceVariable": [], "referenceFunction": [], "style": [], "inheritClass": null, "wxss": [], "page": null, "path": "D:\\WORK\\2021\\MPDF\\baseline\\ui\\动图宇宙\\bindPhone.wxml", "child": [2, 3, 4, 5, 6, 7, 8, 9, 10, 12], "parent": 0, "matchString": [{"type": "relation", "string": "{{tipText}}"}, {"type": "relation", "string": "{{isHideTip}}"}, {"type": "relation", "string": "你的手机号码"}, {"type": "relation", "string": "点击输入手机号"}, {"type": "relation", "string": "bind-phone-holder"}, {"type": "relation", "string": "接收到的验证码"}, {"type": "relation", "string": "点击输入验证码"}, {"type": "relation", "string": "{{codeText}}"}, {"type": "relation", "string": "确认"}]}, {"id": 2, "type": "view", "string": "{{tipText}}", "attribute": {"class": ["bind-phone-tip"], "hidden": "{{isHideTip}}"}, "referenceVariable": ["isHideTip"], "referenceFunction": [], "style": [], "inheritClass": null, "wxss": [], "page": null, "path": "D:\\WORK\\2021\\MPDF\\baseline\\ui\\动图宇宙\\bindPhone.wxml", "child": [], "parent": 1, "matchString": [{"type": "self", "string": "{{tipText}}"}, {"type": "attr", "string": "{{isHideTip}}"}, {"type": "relation", "string": "{{isHideTip}}"}]}, {"id": 3, "type": "image", "string": null, "attribute": {"class": ["bind-phone-banner"], "src": "/images/IP_activity_banner.png"}, "referenceVariable": [], "referenceFunction": [], "style": [], "inheritClass": null, "wxss": [], "page": null, "path": "D:\\WORK\\2021\\MPDF\\baseline\\ui\\动图宇宙\\bindPhone.wxml", "child": [], "parent": 1, "matchString": [{"type": "relation", "string": "{{isHideTip}}"}]}, {"id": 4, "type": "view", "string": "你的手机号码", "attribute": {"class": ["bind-phone-text"]}, "referenceVariable": [], "referenceFunction": [], "style": [], "inheritClass": null, "wxss": [], "page": null, "path": "D:\\WORK\\2021\\MPDF\\baseline\\ui\\动图宇宙\\bindPhone.wxml", "child": [], "parent": 1, "matchString": [{"type": "self", "string": "你的手机号码"}, {"type": "relation", "string": "你的手机号码"}]}, {"id": 5, "type": "input", "string": null, "attribute": {"bindinput": "inputPhone", "class": ["bind-phone-input"], "maxlength": "11", "placeholder": "点击输入手机号", "placeholderclass": "bind-phone-holder", "type": "number"}, "referenceVariable": [], "referenceFunction": ["inputPhone"], "style": [], "inheritClass": null, "wxss": [], "page": null, "path": "D:\\WORK\\2021\\MPDF\\baseline\\ui\\动图宇宙\\bindPhone.wxml", "child": [], "parent": 1, "matchString": [{"type": "attr", "string": "点击输入手机号"}, {"type": "attr", "string": "bind-phone-holder"}, {"type": "relation", "string": "bind-phone-holder"}]}, {"id": 6, "type": "view", "string": null, "attribute": {"class": ["bind-phone-line"]}, "referenceVariable": [], "referenceFunction": [], "style": [], "inheritClass": null, "wxss": [], "page": null, "path": "D:\\WORK\\2021\\MPDF\\baseline\\ui\\动图宇宙\\bindPhone.wxml", "child": [], "parent": 1, "matchString": [{"type": "relation", "string": "bind-phone-holder"}]}, {"id": 7, "type": "view", "string": "接收到的验证码", "attribute": {"class": ["bind-code-text"]}, "referenceVariable": [], "referenceFunction": [], "style": [], "inheritClass": null, "wxss": [], "page": null, "path": "D:\\WORK\\2021\\MPDF\\baseline\\ui\\动图宇宙\\bindPhone.wxml", "child": [], "parent": 1, "matchString": [{"type": "self", "string": "接收到的验证码"}, {"type": "relation", "string": "接收到的验证码"}]}, {"id": 8, "type": "input", "string": null, "attribute": {"bindinput": "inputCode", "class": ["bind-phone-input"], "placeholder": "点击输入验证码", "placeholderclass": "bind-phone-holder", "type": "number"}, "referenceVariable": [], "referenceFunction": ["inputCode"], "style": [], "inheritClass": null, "wxss": [], "page": null, "path": "D:\\WORK\\2021\\MPDF\\baseline\\ui\\动图宇宙\\bindPhone.wxml", "child": [], "parent": 1, "matchString": [{"type": "attr", "string": "点击输入验证码"}, {"type": "attr", "string": "bind-phone-holder"}, {"type": "relation", "string": "bind-phone-holder"}]}, {"id": 9, "type": "view", "string": null, "attribute": {"class": ["bind-phone-line"]}, "referenceVariable": [], "referenceFunction": [], "style": [], "inheritClass": null, "wxss": [], "page": null, "path": "D:\\WORK\\2021\\MPDF\\baseline\\ui\\动图宇宙\\bindPhone.wxml", "child": [], "parent": 1, "matchString": [{"type": "relation", "string": "bind-phone-holder"}]}, {"id": 10, "type": "view", "string": null, "attribute": {"class": ["bind-code-view"]}, "referenceVariable": [], "referenceFunction": [], "style": [], "inheritClass": null, "wxss": [], "page": null, "path": "D:\\WORK\\2021\\MPDF\\baseline\\ui\\动图宇宙\\bindPhone.wxml", "child": [11], "parent": 1, "matchString": [{"type": "relation", "string": "{{codeText}}"}]}, {"id": 11, "type": "button", "string": "{{codeText}}", "attribute": {"bindtap": "sendCode", "class": ["bind-code-btn", "{{codeActive?'bind-linear':''}}"]}, "referenceVariable": ["codeActive?'bind-linear':''"], "referenceFunction": ["sendCode"], "style": [], "inheritClass": null, "wxss": [], "page": null, "path": "D:\\WORK\\2021\\MPDF\\baseline\\ui\\动图宇宙\\bindPhone.wxml", "child": [], "parent": 10, "matchString": [{"type": "self", "string": "{{codeText}}"}]}, {"id": 12, "type": "button", "string": "确认", "attribute": {"bindtap": "confirm", "class": ["bind-phone-confirm", "{{comfirmActive?'bind-linear':''}}"]}, "referenceVariable": ["comfirmActive?'bind-linear':''"], "referenceFunction": ["confirm"], "style": [], "inheritClass": null, "wxss": [], "page": null, "path": "D:\\WORK\\2021\\MPDF\\baseline\\ui\\动图宇宙\\bindPhone.wxml", "child": [], "parent": 1, "matchString": [{"type": "self", "string": "确认"}, {"type": "relation", "string": "确认"}]}]