[{"id": 0, "type": "[document]", "string": null, "attribute": {}, "referenceVariable": [], "referenceFunction": [], "style": [], "inheritClass": null, "wxss": [], "page": null, "path": "D:\\WORK\\2021\\MPDF\\baseline\\ui\\246智选\\login.wxml", "child": [1], "parent": null, "matchString": [{"type": "relation", "string": "\n        手机号授权登录\n    "}, {"type": "relation", "string": "getPhoneNumber"}, {"type": "relation", "string": "\n            服务协议\n        "}]}, {"id": 1, "type": "view", "string": null, "attribute": {"class": ["data-v-7161a752"]}, "referenceVariable": [], "referenceFunction": [], "style": [], "inheritClass": null, "wxss": [], "page": null, "path": "D:\\WORK\\2021\\MPDF\\baseline\\ui\\246智选\\login.wxml", "child": [2, 3, 4], "parent": 0, "matchString": [{"type": "relation", "string": "\n        手机号授权登录\n    "}, {"type": "relation", "string": "getPhoneNumber"}, {"type": "relation", "string": "\n            服务协议\n        "}]}, {"id": 2, "type": "image", "string": null, "attribute": {"class": ["login", "data-v-7161a752"], "mode": "aspectFit", "src": "../../static/logo.jpg"}, "referenceVariable": [], "referenceFunction": [], "style": [], "inheritClass": null, "wxss": [], "page": null, "path": "D:\\WORK\\2021\\MPDF\\baseline\\ui\\246智选\\login.wxml", "child": [], "parent": 1, "matchString": [{"type": "relation", "string": "\n            服务协议\n        "}]}, {"id": 3, "type": "button", "string": "\n        手机号授权登录\n    ", "attribute": {"bindgetphonenumber": "__e", "class": ["phoneLogin", "data-v-7161a752"], "data-event-opts": "{{[ [ 'getphonenumber',[ [ 'getPhoneNumber',['$event'] ] ] ] ]}}", "opentype": "getPhoneNumber"}, "referenceVariable": ["[ [ 'getphonenumber',[ [ 'getPhoneNumber',['$event'] ] ] ] ]"], "referenceFunction": ["__e"], "style": [], "inheritClass": null, "wxss": [], "page": null, "path": "D:\\WORK\\2021\\MPDF\\baseline\\ui\\246智选\\login.wxml", "child": [], "parent": 1, "matchString": [{"type": "self", "string": "\n        手机号授权登录\n    "}, {"type": "attr", "string": "getPhoneNumber"}, {"type": "relation", "string": "getPhoneNumber"}]}, {"id": 4, "type": "view", "string": null, "attribute": {"bindtap": "__e", "class": ["agreement", "_p", "data-v-7161a752"], "data-event-opts": "{{[ [ 'tap',[ [ 'checkChange',['$event'] ] ] ] ]}}"}, "referenceVariable": ["[ [ 'tap',[ [ 'checkChange',['$event'] ] ] ] ]"], "referenceFunction": ["__e"], "style": [], "inheritClass": null, "wxss": [], "page": null, "path": "D:\\WORK\\2021\\MPDF\\baseline\\ui\\246智选\\login.wxml", "child": [5], "parent": 1, "matchString": [{"type": "relation", "string": "\n            服务协议\n        "}]}, {"id": 5, "type": "label", "string": "\n            服务协议\n        ", "attribute": {"bindtap": "__e", "class": ["_span", "data-v-7161a752"], "data-event-opts": "{{[ [ 'tap',[ ['server'] ] ] ]}}", "style": "color:red;"}, "referenceVariable": ["[ [ 'tap',[ ['server'] ] ] ]"], "referenceFunction": ["__e"], "style": [], "inheritClass": null, "wxss": [], "page": null, "path": "D:\\WORK\\2021\\MPDF\\baseline\\ui\\246智选\\login.wxml", "child": [], "parent": 4, "matchString": [{"type": "self", "string": "\n            服务协议\n        "}]}]