﻿Flow Id,Start Id,Start Type,Start Content,Start Text,Start Predict,End Id,End Type,End AST Type,End Content,Use Source Type
1,2,Source,"wx.request({url:a.GetVerifyCode,data:p.des,method:""POST"",header:{""Content-Type"":""application/json"",Token:o.Token,Remark:""Unchecked"",AppVersion:o.Version,AppPlatform:o.Source,Authorization:p.auth,AppIdentity:o.des_identity},success:function(s){...},fail:function(){...}})",,[],20,Pass,SequenceExpression,"o=t.decrypt(o),o=JSON.parse(o),console.log(o),o.IsSuccess?clearTimeout(r),i=59,e(n):clearTimeout(r),i=59,n.setData({message_tips:""messageTips"",message:o.Message,verityButton:""get"",codeStr:""获取验证码""}),setTimeout(function(){...}2e3)",CallBackParameter
2,2,Source,"wx.request({url:a.GetVerifyCode,data:p.des,method:""POST"",header:{""Content-Type"":""application/json"",Token:o.Token,Remark:""Unchecked"",AppVersion:o.Version,AppPlatform:o.Source,Authorization:p.auth,AppIdentity:o.des_identity},success:function(s){...},fail:function(){...}})",,[],34,Pass,SequenceExpression,"n.setData({message_tips:""messageTips"",message:""请输入正确手机号"",verityButton:""get"",codeStr:""获取验证码""}),setTimeout(function(){...}2e3)",CallBackParameter
3,36,Source,"wx.request({url:a.CheckAuthCode,data:g.des,method:""POST"",header:{""Content-Type"":""application/json"",Token:o.Token,Remark:""Unchecked"",AppVersion:o.Version,AppPlatform:o.Source,Authorization:g.auth,AppIdentity:o.des_identity},success:function(e){...},fail:function(){...},complete:function(){...}})",,[],37,Pass,SequenceExpression,"wx.showLoading({title:""加载中"",mask:!0}),wx.request({url:a.CheckAuthCode,data:g.des,method:""POST"",header:{""Content-Type"":""application/json"",Token:o.Token,Remark:""Unchecked"",AppVersion:o.Version,AppPlatform:o.Source,Authorization:g.auth,AppIdentity:o.des_identity},success:function(e){...},fail:function(){...},complete:function(){...}})",ReturnValue
4,36,Source,"wx.request({url:a.CheckAuthCode,data:g.des,method:""POST"",header:{""Content-Type"":""application/json"",Token:o.Token,Remark:""Unchecked"",AppVersion:o.Version,AppPlatform:o.Source,Authorization:g.auth,AppIdentity:o.des_identity},success:function(e){...},fail:function(){...},complete:function(){...}})",,[],68,Pass,SequenceExpression,"""""==n?i.setData({message_tips:""messageTips"",message:""手机号码不能为空""}):i.verityPhone(n)?""""==d?i.setData({message_tips:""messageTips"",message:""验证码不能为空""}):""""==p?i.setData({message_tips:""messageTips"",message:""密码不能为空""}):i.verityPassword(p)?(p!=u&&i.setData({message_tips:""messageTips"",message:""两次密码输入不一致，请重新输入""})):i.setData({message_tips:""messageTips"",message:""密码格式有误，请重新输入""}):i.setData({message_tips:""messageTips"",message:""请输入正确手机号""}),setTimeout(function(){...}2e3)",CallBackParameter
5,36,Source,"wx.request({url:a.CheckAuthCode,data:g.des,method:""POST"",header:{""Content-Type"":""application/json"",Token:o.Token,Remark:""Unchecked"",AppVersion:o.Version,AppPlatform:o.Source,Authorization:g.auth,AppIdentity:o.des_identity},success:function(e){...},fail:function(){...},complete:function(){...}})",,[],91,Pass,SequenceExpression,"i.setData({message_tips:""messageTips"",message:n.Message}),setTimeout(function(){...}2e3)",CallBackParameter
6,92,Source,"wx.request({url:a.Register,data:p.des,method:""POST"",header:{""Content-Type"":""application/json"",Token:o.Token,Remark:""Unchecked"",AppVersion:o.Version,AppPlatform:o.Source,Authorization:p.auth,AppIdentity:o.des_identity},success:function(e){...},fail:function(){...},complete:function(){...}})",,[],93,Pass,SequenceExpression,"wx.showLoading({title:""加载中"",mask:!0}),wx.request({url:a.Register,data:p.des,method:""POST"",header:{""Content-Type"":""application/json"",Token:o.Token,Remark:""Unchecked"",AppVersion:o.Version,AppPlatform:o.Source,Authorization:p.auth,AppIdentity:o.des_identity},success:function(e){...},fail:function(){...},complete:function(){...}})",ReturnValue
7,92,Source,"wx.request({url:a.Register,data:p.des,method:""POST"",header:{""Content-Type"":""application/json"",Token:o.Token,Remark:""Unchecked"",AppVersion:o.Version,AppPlatform:o.Source,Authorization:p.auth,AppIdentity:o.des_identity},success:function(e){...},fail:function(){...},complete:function(){...}})",,[],111,Pass,SequenceExpression,"a=t.decrypt(a),a=JSON.parse(a),console.log(a),a.IsSuccess?console.log(""注册成功""),wx.setStorage({key:""User"",data:a.Result,success:function(){...}}),o.User=a.Result,o.Token=a.Result.Token,clearTimeout(r),""stockPriceList""==i.data.fromType?wx.redirectTo({url:""../../booking/orderConfirm/orderConfirm""}):""receivePromotion""==i.data.fromType?wx.redirectTo({url:""../promotionReceive/promotionReceive""}):""inviteReward""==i.data.fromType?wx.redirectTo({url:""../../booking/invitePromotion/invitePromotion""}):""orderList""==i.data.fromType?wx.redirectTo({url:""../orderList/orderList""}):""illegallyList""==i.data.fromType?wx.redirectTo({url:""../illegally/illegally""}):""vipCenter""==i.data.fromType?wx.redirectTo({url:""../vipCenter/vipCenter""}):wx.switchTab({url:""../index/index""}),s.ehiSensors.track(""signUp""{cell_phone:a.Result.PhoneNumber,signupType:""注册"",vip_no:(o.User.UserId||"""")}):i.setData({message_tips:""messageTips"",message:a.Message}),setTimeout(function(){...}2e3)",CallBackParameter
8,92,Source,"wx.request({url:a.Register,data:p.des,method:""POST"",header:{""Content-Type"":""application/json"",Token:o.Token,Remark:""Unchecked"",AppVersion:o.Version,AppPlatform:o.Source,Authorization:p.auth,AppIdentity:o.des_identity},success:function(e){...},fail:function(){...},complete:function(){...}})",,[],124,Pass,Identifier,o,CallBackParameter
9,92,Source,"wx.request({url:a.Register,data:p.des,method:""POST"",header:{""Content-Type"":""application/json"",Token:o.Token,Remark:""Unchecked"",AppVersion:o.Version,AppPlatform:o.Source,Authorization:p.auth,AppIdentity:o.des_identity},success:function(e){...},fail:function(){...},complete:function(){...}})",,[],129,Pass,Identifier,o,CallBackParameter
10,92,Source,"wx.request({url:a.Register,data:p.des,method:""POST"",header:{""Content-Type"":""application/json"",Token:o.Token,Remark:""Unchecked"",AppVersion:o.Version,AppPlatform:o.Source,Authorization:p.auth,AppIdentity:o.des_identity},success:function(e){...},fail:function(){...},complete:function(){...}})",,[],68,Pass,SequenceExpression,"""""==n?i.setData({message_tips:""messageTips"",message:""手机号码不能为空""}):i.verityPhone(n)?""""==d?i.setData({message_tips:""messageTips"",message:""验证码不能为空""}):""""==p?i.setData({message_tips:""messageTips"",message:""密码不能为空""}):i.verityPassword(p)?(p!=u&&i.setData({message_tips:""messageTips"",message:""两次密码输入不一致，请重新输入""})):i.setData({message_tips:""messageTips"",message:""密码格式有误，请重新输入""}):i.setData({message_tips:""messageTips"",message:""请输入正确手机号""}),setTimeout(function(){...}2e3)",CallBackParameter
11,92,Source,"wx.request({url:a.Register,data:p.des,method:""POST"",header:{""Content-Type"":""application/json"",Token:o.Token,Remark:""Unchecked"",AppVersion:o.Version,AppPlatform:o.Source,Authorization:p.auth,AppIdentity:o.des_identity},success:function(e){...},fail:function(){...},complete:function(){...}})",,[],91,Pass,SequenceExpression,"i.setData({message_tips:""messageTips"",message:n.Message}),setTimeout(function(){...}2e3)",CallBackParameter
12,144,Bind,regPhoneInput:function(e){...},请输入手机号,"['电话/手机号码', '住址', '浏览记录']",154,Page,ObjectExpression,"{data:{pageName:""login"",fromType:"""",verityButton:""get"",codeStr:""获取验证码"",regPhone:"""",regCode:"""",regPassword:"""",confirmPassword:"""",regInviteCode:"""",message_tips:""messageTips hide""},onLoad:function(e){...},onShow:function(){...},regPhoneInput:function(e){...},regCodeInput:function(e){...},regPasswordInput:function(e){...},confirmPasswordInput:function(e){...},regInviteCodeInput:function(e){...},verityPhone:function(e){...},verityPassword:function(e){...},getVerityCode:function(s){...},registerButton:function(e){...}}",
13,155,Bind,regCodeInput:function(e){...},请输入6位手机验证码,"['电话/手机号码', '浏览记录', '定位信息']",154,Page,ObjectExpression,"{data:{pageName:""login"",fromType:"""",verityButton:""get"",codeStr:""获取验证码"",regPhone:"""",regCode:"""",regPassword:"""",confirmPassword:"""",regInviteCode:"""",message_tips:""messageTips hide""},onLoad:function(e){...},onShow:function(){...},regPhoneInput:function(e){...},regCodeInput:function(e){...},regPasswordInput:function(e){...},confirmPasswordInput:function(e){...},regInviteCodeInput:function(e){...},verityPhone:function(e){...},verityPassword:function(e){...},getVerityCode:function(s){...},registerButton:function(e){...}}",
14,165,Bind,getVerityCode:function(s){...},{{codeStr}},"['住址', '定位信息']",166,Pass,Identifier,s,
15,167,Bind,regPasswordInput:function(e){...},TRUE,[],154,Page,ObjectExpression,"{data:{pageName:""login"",fromType:"""",verityButton:""get"",codeStr:""获取验证码"",regPhone:"""",regCode:"""",regPassword:"""",confirmPassword:"""",regInviteCode:"""",message_tips:""messageTips hide""},onLoad:function(e){...},onShow:function(){...},regPhoneInput:function(e){...},regCodeInput:function(e){...},regPasswordInput:function(e){...},confirmPasswordInput:function(e){...},regInviteCodeInput:function(e){...},verityPhone:function(e){...},verityPassword:function(e){...},getVerityCode:function(s){...},registerButton:function(e){...}}",
16,177,Bind,confirmPasswordInput:function(e){...},TRUE,[],154,Page,ObjectExpression,"{data:{pageName:""login"",fromType:"""",verityButton:""get"",codeStr:""获取验证码"",regPhone:"""",regCode:"""",regPassword:"""",confirmPassword:"""",regInviteCode:"""",message_tips:""messageTips hide""},onLoad:function(e){...},onShow:function(){...},regPhoneInput:function(e){...},regCodeInput:function(e){...},regPasswordInput:function(e){...},confirmPasswordInput:function(e){...},regInviteCodeInput:function(e){...},verityPhone:function(e){...},verityPassword:function(e){...},getVerityCode:function(s){...},registerButton:function(e){...}}",
17,187,Bind,regInviteCodeInput:function(e){...},注册邀请码（选填）,"['住址', '电子邮箱']",154,Page,ObjectExpression,"{data:{pageName:""login"",fromType:"""",verityButton:""get"",codeStr:""获取验证码"",regPhone:"""",regCode:"""",regPassword:"""",confirmPassword:"""",regInviteCode:"""",message_tips:""messageTips hide""},onLoad:function(e){...},onShow:function(){...},regPhoneInput:function(e){...},regCodeInput:function(e){...},regPasswordInput:function(e){...},confirmPasswordInput:function(e){...},regInviteCodeInput:function(e){...},verityPhone:function(e){...},verityPassword:function(e){...},getVerityCode:function(s){...},registerButton:function(e){...}}",
18,197,Bind,registerButton:function(e){...},注册,"['住址', '电子邮箱']",198,Pass,Identifier,e,
