[{"id": 0, "type": "[document]", "string": null, "attribute": {}, "referenceVariable": [], "referenceFunction": [], "style": [], "inheritClass": null, "wxss": [], "page": null, "path": "D:\\WORK\\2021\\MPDF\\baseline\\ui\\拉钩校园\\register.wxml", "child": [], "parent": null, "matchString": []}, {"id": 1, "type": "view", "string": null, "attribute": {"class": ["page"]}, "referenceVariable": [], "referenceFunction": [], "style": [], "inheritClass": null, "wxss": [], "page": null, "path": "D:\\WORK\\2021\\MPDF\\baseline\\ui\\拉钩校园\\register.wxml", "child": [], "parent": null, "matchString": []}, {"id": 2, "type": "view", "string": null, "attribute": {"class": ["ui-tab"]}, "referenceVariable": [], "referenceFunction": [], "style": [], "inheritClass": null, "wxss": [], "page": null, "path": "D:\\WORK\\2021\\MPDF\\baseline\\ui\\拉钩校园\\register.wxml", "child": [], "parent": null, "matchString": []}, {"id": 3, "type": "view", "string": null, "attribute": {"class": ["bd"]}, "referenceVariable": [], "referenceFunction": [], "style": [], "inheritClass": null, "wxss": [], "page": null, "path": "D:\\WORK\\2021\\MPDF\\baseline\\ui\\拉钩校园\\register.wxml", "child": [], "parent": null, "matchString": []}, {"id": 4, "type": "view", "string": null, "attribute": {"class": ["phone", "ui-flex", "align-center"]}, "referenceVariable": [], "referenceFunction": [], "style": [], "inheritClass": null, "wxss": [{"selectorText": ".phone,.code", "style": {"background-color": "#fff", "border-bottom": "2rpx solid #eaeaea"}, "type": "CSSStyleRule"}], "page": null, "path": "D:\\WORK\\2021\\MPDF\\baseline\\ui\\拉钩校园\\register.wxml", "child": [], "parent": null, "matchString": []}, {"id": 5, "type": "view", "string": null, "attribute": {"class": ["icon"]}, "referenceVariable": [], "referenceFunction": [], "style": [], "inheritClass": null, "wxss": [{"selectorText": ".phone .icon,.code .icon", "style": {"margin-left": "20rpx", "margin-top": "8rpx"}, "type": "CSSStyleRule"}], "page": null, "path": "D:\\WORK\\2021\\MPDF\\baseline\\ui\\拉钩校园\\register.wxml", "child": [], "parent": null, "matchString": []}, {"id": 6, "type": "image", "string": null, "attribute": {"mode": "widthFix", "src": "../../../images/phone_grey.png"}, "referenceVariable": [], "referenceFunction": [], "style": [], "inheritClass": null, "wxss": [{"selectorText": ".phone .icon image,.code .icon image", "style": {"width": "36rpx"}, "type": "CSSStyleRule"}], "page": null, "path": "D:\\WORK\\2021\\MPDF\\baseline\\ui\\拉钩校园\\register.wxml", "child": [], "parent": null, "matchString": ["widthFix", "../../../images/phone_grey.png"]}, {"id": 7, "type": "getformid", "string": null, "attribute": {"class": ["formbox"]}, "referenceVariable": [], "referenceFunction": [], "style": [], "inheritClass": null, "wxss": [{"selectorText": ".formbox", "style": {"width": "100%"}, "type": "CSSStyleRule"}], "page": null, "path": "D:\\WORK\\2021\\MPDF\\baseline\\ui\\拉钩校园\\register.wxml", "child": [], "parent": null, "matchString": []}, {"id": 8, "type": "input", "string": null, "attribute": {"bindinput": "regPhoneInput", "class": ["cell"], "maxlength": "15", "placeholder": "请输入手机号", "type": "number", "value": "{{regPhone}}"}, "referenceVariable": ["regPhone"], "referenceFunction": ["regPhoneInput"], "style": [], "inheritClass": null, "wxss": [{"selectorText": ".phone input,.code input", "style": {"display": "block", "font-size": "32rpx", "padding": "26rpx 20rpx", "line-height": "1.5", "border": "none", "background-color": "#fff", "width": "auto", "text-align": "left"}, "type": "CSSStyleRule"}], "page": null, "path": "D:\\WORK\\2021\\MPDF\\baseline\\ui\\拉钩校园\\register.wxml", "child": [], "parent": null, "matchString": ["请输入手机号", "number", "{{regPhone}}"]}, {"id": 9, "type": "view", "string": null, "attribute": {"class": ["code", "ui-flex", "align-center"]}, "referenceVariable": [], "referenceFunction": [], "style": [], "inheritClass": null, "wxss": [{"selectorText": ".phone,.code", "style": {"background-color": "#fff", "border-bottom": "2rpx solid #eaeaea"}, "type": "CSSStyleRule"}], "page": null, "path": "D:\\WORK\\2021\\MPDF\\baseline\\ui\\拉钩校园\\register.wxml", "child": [], "parent": null, "matchString": []}, {"id": 10, "type": "view", "string": null, "attribute": {"class": ["icon"]}, "referenceVariable": [], "referenceFunction": [], "style": [], "inheritClass": null, "wxss": [{"selectorText": ".phone .icon,.code .icon", "style": {"margin-left": "20rpx", "margin-top": "8rpx"}, "type": "CSSStyleRule"}], "page": null, "path": "D:\\WORK\\2021\\MPDF\\baseline\\ui\\拉钩校园\\register.wxml", "child": [], "parent": null, "matchString": []}, {"id": 11, "type": "image", "string": null, "attribute": {"mode": "widthFix", "src": "../../../images/code_grey.png"}, "referenceVariable": [], "referenceFunction": [], "style": [], "inheritClass": null, "wxss": [{"selectorText": ".phone .icon image,.code .icon image", "style": {"width": "36rpx"}, "type": "CSSStyleRule"}], "page": null, "path": "D:\\WORK\\2021\\MPDF\\baseline\\ui\\拉钩校园\\register.wxml", "child": [], "parent": null, "matchString": ["widthFix", "../../../images/code_grey.png"]}, {"id": 12, "type": "getformid", "string": null, "attribute": {"class": ["formbox"]}, "referenceVariable": [], "referenceFunction": [], "style": [], "inheritClass": null, "wxss": [{"selectorText": ".formbox", "style": {"width": "100%"}, "type": "CSSStyleRule"}], "page": null, "path": "D:\\WORK\\2021\\MPDF\\baseline\\ui\\拉钩校园\\register.wxml", "child": [], "parent": null, "matchString": []}, {"id": 13, "type": "input", "string": null, "attribute": {"bindinput": "regCodeInput", "class": ["cell"], "maxlength": "6", "placeholder": "请输入6位手机验证码", "type": "number", "value": "{{regCode}}"}, "referenceVariable": ["regCode"], "referenceFunction": ["regCodeInput"], "style": [], "inheritClass": null, "wxss": [{"selectorText": ".phone input,.code input", "style": {"display": "block", "font-size": "32rpx", "padding": "26rpx 20rpx", "line-height": "1.5", "border": "none", "background-color": "#fff", "width": "auto", "text-align": "left"}, "type": "CSSStyleRule"}], "page": null, "path": "D:\\WORK\\2021\\MPDF\\baseline\\ui\\拉钩校园\\register.wxml", "child": [], "parent": null, "matchString": ["请输入6位手机验证码", "number", "{{regCode}}"]}, {"id": 14, "type": "view", "string": "{{codeStr}}", "attribute": {"bindtap": "getVerityCode", "class": ["ui-btn", "btn-xs", "btn-primary", "hide", "{{verityButton=='get'?'show':''}}"]}, "referenceVariable": ["verityButton=='get'?'show':''"], "referenceFunction": ["getVerityCode"], "style": [], "inheritClass": null, "wxss": [{"selectorText": ".code .ui-btn", "style": {"margin-right": "20rpx"}, "type": "CSSStyleRule"}], "page": null, "path": "D:\\WORK\\2021\\MPDF\\baseline\\ui\\拉钩校园\\register.wxml", "child": [], "parent": null, "matchString": ["{{codeStr}}", "getVerityCode"]}, {"id": 15, "type": "view", "string": "{{codeStr}}", "attribute": {"class": ["ui-btn", "btn-xs", "btn-default", "hide", "{{verityButton=='countDown'?'show':''}}"]}, "referenceVariable": ["verityButton=='countDown'?'show':''"], "referenceFunction": [], "style": [], "inheritClass": null, "wxss": [{"selectorText": ".code .ui-btn", "style": {"margin-right": "20rpx"}, "type": "CSSStyleRule"}], "page": null, "path": "D:\\WORK\\2021\\MPDF\\baseline\\ui\\拉钩校园\\register.wxml", "child": [], "parent": null, "matchString": ["{{codeStr}}"]}, {"id": 16, "type": "view", "string": null, "attribute": {"class": ["phone", "ui-flex", "align-center"]}, "referenceVariable": [], "referenceFunction": [], "style": [], "inheritClass": null, "wxss": [{"selectorText": ".phone,.code", "style": {"background-color": "#fff", "border-bottom": "2rpx solid #eaeaea"}, "type": "CSSStyleRule"}], "page": null, "path": "D:\\WORK\\2021\\MPDF\\baseline\\ui\\拉钩校园\\register.wxml", "child": [], "parent": null, "matchString": []}, {"id": 17, "type": "view", "string": null, "attribute": {"class": ["icon"]}, "referenceVariable": [], "referenceFunction": [], "style": [], "inheritClass": null, "wxss": [{"selectorText": ".phone .icon,.code .icon", "style": {"margin-left": "20rpx", "margin-top": "8rpx"}, "type": "CSSStyleRule"}, {"selectorText": ".phone .icon,.code .icon", "style": {"margin-left": "20rpx", "margin-top": "8rpx"}, "type": "CSSStyleRule"}], "page": null, "path": "D:\\WORK\\2021\\MPDF\\baseline\\ui\\拉钩校园\\register.wxml", "child": [], "parent": null, "matchString": []}, {"id": 18, "type": "image", "string": null, "attribute": {"mode": "widthFix", "src": "../../../images/pass_grey.png"}, "referenceVariable": [], "referenceFunction": [], "style": [], "inheritClass": null, "wxss": [{"selectorText": ".phone .icon image,.code .icon image", "style": {"width": "36rpx"}, "type": "CSSStyleRule"}, {"selectorText": ".phone .icon image,.code .icon image", "style": {"width": "36rpx"}, "type": "CSSStyleRule"}], "page": null, "path": "D:\\WORK\\2021\\MPDF\\baseline\\ui\\拉钩校园\\register.wxml", "child": [], "parent": null, "matchString": ["widthFix", "../../../images/pass_grey.png"]}, {"id": 19, "type": "getformid", "string": null, "attribute": {"class": ["formbox"]}, "referenceVariable": [], "referenceFunction": [], "style": [], "inheritClass": null, "wxss": [{"selectorText": ".formbox", "style": {"width": "100%"}, "type": "CSSStyleRule"}], "page": null, "path": "D:\\WORK\\2021\\MPDF\\baseline\\ui\\拉钩校园\\register.wxml", "child": [], "parent": null, "matchString": []}, {"id": 20, "type": "input", "string": null, "attribute": {"bindinput": "regPasswordInput", "class": ["cell"], "maxlength": "18", "password": "true", "placeholder": "密码为6-18位，数字、英文或组合", "value": "{{regPassword}}"}, "referenceVariable": ["regPassword"], "referenceFunction": ["regPasswordInput"], "style": [], "inheritClass": null, "wxss": [{"selectorText": ".phone input,.code input", "style": {"display": "block", "font-size": "32rpx", "padding": "26rpx 20rpx", "line-height": "1.5", "border": "none", "background-color": "#fff", "width": "auto", "text-align": "left"}, "type": "CSSStyleRule"}], "page": null, "path": "D:\\WORK\\2021\\MPDF\\baseline\\ui\\拉钩校园\\register.wxml", "child": [], "parent": null, "matchString": ["true", "密码为6-18位，数字、英文或组合", "{{regPassword}}"]}, {"id": 21, "type": "view", "string": null, "attribute": {"class": ["phone", "ui-flex", "align-center"]}, "referenceVariable": [], "referenceFunction": [], "style": [], "inheritClass": null, "wxss": [{"selectorText": ".phone,.code", "style": {"background-color": "#fff", "border-bottom": "2rpx solid #eaeaea"}, "type": "CSSStyleRule"}], "page": null, "path": "D:\\WORK\\2021\\MPDF\\baseline\\ui\\拉钩校园\\register.wxml", "child": [], "parent": null, "matchString": []}, {"id": 22, "type": "view", "string": null, "attribute": {"class": ["icon"]}, "referenceVariable": [], "referenceFunction": [], "style": [], "inheritClass": null, "wxss": [{"selectorText": ".phone .icon,.code .icon", "style": {"margin-left": "20rpx", "margin-top": "8rpx"}, "type": "CSSStyleRule"}, {"selectorText": ".phone .icon,.code .icon", "style": {"margin-left": "20rpx", "margin-top": "8rpx"}, "type": "CSSStyleRule"}], "page": null, "path": "D:\\WORK\\2021\\MPDF\\baseline\\ui\\拉钩校园\\register.wxml", "child": [], "parent": null, "matchString": []}, {"id": 23, "type": "image", "string": null, "attribute": {"mode": "widthFix", "src": "../../../images/pass_grey.png"}, "referenceVariable": [], "referenceFunction": [], "style": [], "inheritClass": null, "wxss": [{"selectorText": ".phone .icon image,.code .icon image", "style": {"width": "36rpx"}, "type": "CSSStyleRule"}, {"selectorText": ".phone .icon image,.code .icon image", "style": {"width": "36rpx"}, "type": "CSSStyleRule"}], "page": null, "path": "D:\\WORK\\2021\\MPDF\\baseline\\ui\\拉钩校园\\register.wxml", "child": [], "parent": null, "matchString": ["widthFix", "../../../images/pass_grey.png"]}, {"id": 24, "type": "getformid", "string": null, "attribute": {"class": ["formbox"]}, "referenceVariable": [], "referenceFunction": [], "style": [], "inheritClass": null, "wxss": [{"selectorText": ".formbox", "style": {"width": "100%"}, "type": "CSSStyleRule"}], "page": null, "path": "D:\\WORK\\2021\\MPDF\\baseline\\ui\\拉钩校园\\register.wxml", "child": [], "parent": null, "matchString": []}, {"id": 25, "type": "input", "string": null, "attribute": {"bindinput": "confirmPasswordInput", "class": ["cell"], "maxlength": "18", "password": "true", "placeholder": "请输入确认密码", "value": "{{confirmPassword}}"}, "referenceVariable": ["confirmPassword"], "referenceFunction": ["confirmPasswordInput"], "style": [], "inheritClass": null, "wxss": [{"selectorText": ".phone input,.code input", "style": {"display": "block", "font-size": "32rpx", "padding": "26rpx 20rpx", "line-height": "1.5", "border": "none", "background-color": "#fff", "width": "auto", "text-align": "left"}, "type": "CSSStyleRule"}], "page": null, "path": "D:\\WORK\\2021\\MPDF\\baseline\\ui\\拉钩校园\\register.wxml", "child": [], "parent": null, "matchString": ["true", "请输入确认密码", "{{confirmPassword}}"]}, {"id": 26, "type": "view", "string": null, "attribute": {"class": ["phone", "ui-flex", "align-center"]}, "referenceVariable": [], "referenceFunction": [], "style": [], "inheritClass": null, "wxss": [{"selectorText": ".phone,.code", "style": {"background-color": "#fff", "border-bottom": "2rpx solid #eaeaea"}, "type": "CSSStyleRule"}], "page": null, "path": "D:\\WORK\\2021\\MPDF\\baseline\\ui\\拉钩校园\\register.wxml", "child": [], "parent": null, "matchString": []}, {"id": 27, "type": "view", "string": null, "attribute": {"class": ["icon"]}, "referenceVariable": [], "referenceFunction": [], "style": [], "inheritClass": null, "wxss": [{"selectorText": ".phone .icon,.code .icon", "style": {"margin-left": "20rpx", "margin-top": "8rpx"}, "type": "CSSStyleRule"}], "page": null, "path": "D:\\WORK\\2021\\MPDF\\baseline\\ui\\拉钩校园\\register.wxml", "child": [], "parent": null, "matchString": []}, {"id": 28, "type": "image", "string": null, "attribute": {"mode": "widthFix", "src": "../../../images/invite_grey.png"}, "referenceVariable": [], "referenceFunction": [], "style": [], "inheritClass": null, "wxss": [{"selectorText": ".phone .icon image,.code .icon image", "style": {"width": "36rpx"}, "type": "CSSStyleRule"}], "page": null, "path": "D:\\WORK\\2021\\MPDF\\baseline\\ui\\拉钩校园\\register.wxml", "child": [], "parent": null, "matchString": ["widthFix", "../../../images/invite_grey.png"]}, {"id": 29, "type": "getformid", "string": null, "attribute": {"class": ["formbox"]}, "referenceVariable": [], "referenceFunction": [], "style": [], "inheritClass": null, "wxss": [{"selectorText": ".formbox", "style": {"width": "100%"}, "type": "CSSStyleRule"}], "page": null, "path": "D:\\WORK\\2021\\MPDF\\baseline\\ui\\拉钩校园\\register.wxml", "child": [], "parent": null, "matchString": []}, {"id": 30, "type": "input", "string": null, "attribute": {"bindinput": "regInviteCodeInput", "class": ["cell"], "maxlength": "10", "placeholder": "注册邀请码（选填）", "type": "number", "value": "{{regInviteCode}}"}, "referenceVariable": ["regInviteCode"], "referenceFunction": ["regInviteCodeInput"], "style": [], "inheritClass": null, "wxss": [{"selectorText": ".phone input,.code input", "style": {"display": "block", "font-size": "32rpx", "padding": "26rpx 20rpx", "line-height": "1.5", "border": "none", "background-color": "#fff", "width": "auto", "text-align": "left"}, "type": "CSSStyleRule"}], "page": null, "path": "D:\\WORK\\2021\\MPDF\\baseline\\ui\\拉钩校园\\register.wxml", "child": [], "parent": null, "matchString": ["注册邀请码（选填）", "number", "{{regInviteCode}}"]}, {"id": 31, "type": "view", "string": null, "attribute": {"class": ["btn-lg-wrap"]}, "referenceVariable": [], "referenceFunction": [], "style": [], "inheritClass": null, "wxss": [], "page": null, "path": "D:\\WORK\\2021\\MPDF\\baseline\\ui\\拉钩校园\\register.wxml", "child": [], "parent": null, "matchString": []}, {"id": 32, "type": "getformid", "string": null, "attribute": {}, "referenceVariable": [], "referenceFunction": [], "style": [], "inheritClass": null, "wxss": [], "page": null, "path": "D:\\WORK\\2021\\MPDF\\baseline\\ui\\拉钩校园\\register.wxml", "child": [], "parent": null, "matchString": []}, {"id": 33, "type": "view", "string": "注册", "attribute": {"bindtap": "registerButton", "class": ["ui-btn", "btn-block", "btn-lg", "btn-primary"]}, "referenceVariable": [], "referenceFunction": ["registerButton"], "style": [], "inheritClass": null, "wxss": [], "page": null, "path": "D:\\WORK\\2021\\MPDF\\baseline\\ui\\拉钩校园\\register.wxml", "child": [], "parent": null, "matchString": ["注册", "registerButton"]}, {"id": 34, "type": "view", "string": "\n    {{message}}\n  ", "attribute": {"class": ["{{message_tips}}"]}, "referenceVariable": ["message_tips"], "referenceFunction": [], "style": [], "inheritClass": null, "wxss": [], "page": null, "path": "D:\\WORK\\2021\\MPDF\\baseline\\ui\\拉钩校园\\register.wxml", "child": [], "parent": null, "matchString": ["\n    {{message}}\n  "]}]