[{"id": 0, "type": "[document]", "string": null, "attribute": {}, "referenceVariable": [], "referenceFunction": [], "style": [], "inheritClass": null, "wxss": [], "page": null, "path": "D:\\WORK\\2021\\MPDF\\baseline\\ui\\百姓网本地服务\\citypicker.wxml", "child": [1], "parent": null, "matchString": [{"type": "relation", "string": "请输入城市名称"}, {"type": "relation", "string": "search-bar-input-placeholder"}, {"type": "relation", "string": "{{tappedIndex}}Section"}, {"type": "relation", "string": "true"}, {"type": "relation", "string": "\n                    {{city.name}}\n                "}, {"type": "relation", "string": "{{city.englishName}}"}, {"type": "relation", "string": "{{city.id}}"}, {"type": "relation", "string": "{{city.name}}"}, {"type": "relation", "string": "city"}, {"type": "relation", "string": "定位城市"}, {"type": "relation", "string": "\n                    {{locateCity.name}}\n                "}, {"type": "relation", "string": "{{locateCity.englishName}}"}, {"type": "relation", "string": "{{locateCity.id}}"}, {"type": "relation", "string": "{{locateCity.name}}"}, {"type": "relation", "string": "热门城市"}, {"type": "relation", "string": "\n                            {{item.name}}\n                        "}, {"type": "relation", "string": "{{item.englishName}}"}, {"type": "relation", "string": "{{item.id}}"}, {"type": "relation", "string": "{{item.name}}"}, {"type": "relation", "string": "\n                        {{item}}\n                    "}, {"type": "relation", "string": "{{item}}Section"}, {"type": "relation", "string": "\n                            {{city.name}}\n                        "}, {"type": "relation", "string": "{{item}}\n            "}, {"type": "relation", "string": "{{index}}"}]}, {"id": 1, "type": "view", "string": null, "attribute": {"class": ["container", "city-picker", "_10dad61"]}, "referenceVariable": [], "referenceFunction": [], "style": [], "inheritClass": null, "wxss": [], "page": null, "path": "D:\\WORK\\2021\\MPDF\\baseline\\ui\\百姓网本地服务\\citypicker.wxml", "child": [2, 4, 17], "parent": 0, "matchString": [{"type": "relation", "string": "请输入城市名称"}, {"type": "relation", "string": "search-bar-input-placeholder"}, {"type": "relation", "string": "{{tappedIndex}}Section"}, {"type": "relation", "string": "true"}, {"type": "relation", "string": "\n                    {{city.name}}\n                "}, {"type": "relation", "string": "{{city.englishName}}"}, {"type": "relation", "string": "{{city.id}}"}, {"type": "relation", "string": "{{city.name}}"}, {"type": "relation", "string": "city"}, {"type": "relation", "string": "定位城市"}, {"type": "relation", "string": "\n                    {{locateCity.name}}\n                "}, {"type": "relation", "string": "{{locateCity.englishName}}"}, {"type": "relation", "string": "{{locateCity.id}}"}, {"type": "relation", "string": "{{locateCity.name}}"}, {"type": "relation", "string": "热门城市"}, {"type": "relation", "string": "\n                            {{item.name}}\n                        "}, {"type": "relation", "string": "{{item.englishName}}"}, {"type": "relation", "string": "{{item.id}}"}, {"type": "relation", "string": "{{item.name}}"}, {"type": "relation", "string": "\n                        {{item}}\n                    "}, {"type": "relation", "string": "{{item}}Section"}, {"type": "relation", "string": "\n                            {{city.name}}\n                        "}, {"type": "relation", "string": "{{item}}\n            "}, {"type": "relation", "string": "{{index}}"}]}, {"id": 2, "type": "view", "string": null, "attribute": {"class": ["search-bar-container", "_10dad61"]}, "referenceVariable": [], "referenceFunction": [], "style": [], "inheritClass": null, "wxss": [], "page": null, "path": "D:\\WORK\\2021\\MPDF\\baseline\\ui\\百姓网本地服务\\citypicker.wxml", "child": [3], "parent": 1, "matchString": [{"type": "relation", "string": "请输入城市名称"}, {"type": "relation", "string": "search-bar-input-placeholder"}]}, {"id": 3, "type": "input", "string": null, "attribute": {"bindinput": "onInput", "class": ["search-bar-input", "_10dad61"], "placeholder": "请输入城市名称", "placeholderclass": "search-bar-input-placeholder"}, "referenceVariable": [], "referenceFunction": ["onInput"], "style": [], "inheritClass": null, "wxss": [], "page": null, "path": "D:\\WORK\\2021\\MPDF\\baseline\\ui\\百姓网本地服务\\citypicker.wxml", "child": [], "parent": 2, "matchString": [{"type": "attr", "string": "请输入城市名称"}, {"type": "attr", "string": "search-bar-input-placeholder"}]}, {"id": 4, "type": "scroll-view", "string": null, "attribute": {"class": ["city-picker-container", "_10dad61"], "scrollintoview": "{{tappedIndex}}Section", "scrolly": "true", "style": "height: {{windowHeight-21}}px"}, "referenceVariable": ["tappedIndex", "windowHeight-21"], "referenceFunction": [], "style": [], "inheritClass": null, "wxss": [], "page": null, "path": "D:\\WORK\\2021\\MPDF\\baseline\\ui\\百姓网本地服务\\citypicker.wxml", "child": [5, 7], "parent": 1, "matchString": [{"type": "attr", "string": "{{tappedIndex}}Section"}, {"type": "attr", "string": "true"}, {"type": "relation", "string": "\n                    {{city.name}}\n                "}, {"type": "relation", "string": "{{city.englishName}}"}, {"type": "relation", "string": "{{city.id}}"}, {"type": "relation", "string": "{{city.name}}"}, {"type": "relation", "string": "city"}, {"type": "relation", "string": "定位城市"}, {"type": "relation", "string": "\n                    {{locateCity.name}}\n                "}, {"type": "relation", "string": "{{locateCity.englishName}}"}, {"type": "relation", "string": "{{locateCity.id}}"}, {"type": "relation", "string": "{{locateCity.name}}"}, {"type": "relation", "string": "热门城市"}, {"type": "relation", "string": "\n                            {{item.name}}\n                        "}, {"type": "relation", "string": "{{item.englishName}}"}, {"type": "relation", "string": "{{item.id}}"}, {"type": "relation", "string": "{{item.name}}"}, {"type": "relation", "string": "\n                        {{item}}\n                    "}, {"type": "relation", "string": "{{item}}Section"}, {"type": "relation", "string": "\n                            {{city.name}}\n                        "}]}, {"id": 5, "type": "block", "string": null, "attribute": {"wx:if": "{{searchingFlag}}"}, "referenceVariable": ["searchingFlag"], "referenceFunction": [], "style": [], "inheritClass": null, "wxss": [], "page": null, "path": "D:\\WORK\\2021\\MPDF\\baseline\\ui\\百姓网本地服务\\citypicker.wxml", "child": [6], "parent": 4, "matchString": [{"type": "relation", "string": "\n                    {{city.name}}\n                "}, {"type": "relation", "string": "{{city.englishName}}"}, {"type": "relation", "string": "{{city.id}}"}, {"type": "relation", "string": "{{city.name}}"}, {"type": "relation", "string": "city"}]}, {"id": 6, "type": "view", "string": "\n                    {{city.name}}\n                ", "attribute": {"bindtap": "pickCity", "class": ["city-picker-item", "_10dad61"], "data-city-english-name": "{{city.englishName}}", "data-city-id": "{{city.id}}", "data-city-name": "{{city.name}}", "id": "{{city.id}}", "wx:for": "{{searchResult}}", "wx:for-item": "city", "wx:key": "id"}, "referenceVariable": ["city.englishName", "city.id", "city.name", "city.id", "searchResult"], "referenceFunction": ["pickCity"], "style": [], "inheritClass": null, "wxss": [], "page": null, "path": "D:\\WORK\\2021\\MPDF\\baseline\\ui\\百姓网本地服务\\citypicker.wxml", "child": [], "parent": 5, "matchString": [{"type": "self", "string": "\n                    {{city.name}}\n                "}, {"type": "attr", "string": "{{city.englishName}}"}, {"type": "attr", "string": "{{city.id}}"}, {"type": "attr", "string": "{{city.name}}"}, {"type": "attr", "string": "city"}]}, {"id": 7, "type": "view", "string": null, "attribute": {"class": ["allcity-container", "_10dad61"], "wx:else": ""}, "referenceVariable": [], "referenceFunction": [], "style": [], "inheritClass": null, "wxss": [], "page": null, "path": "D:\\WORK\\2021\\MPDF\\baseline\\ui\\百姓网本地服务\\citypicker.wxml", "child": [8, 9, 10, 11, 12, 14], "parent": 4, "matchString": [{"type": "relation", "string": "定位城市"}, {"type": "relation", "string": "\n                    {{locateCity.name}}\n                "}, {"type": "relation", "string": "{{locateCity.englishName}}"}, {"type": "relation", "string": "{{locateCity.id}}"}, {"type": "relation", "string": "{{locateCity.name}}"}, {"type": "relation", "string": "热门城市"}, {"type": "relation", "string": "\n                            {{item.name}}\n                        "}, {"type": "relation", "string": "{{item.englishName}}"}, {"type": "relation", "string": "{{item.id}}"}, {"type": "relation", "string": "{{item.name}}"}, {"type": "relation", "string": "\n                        {{item}}\n                    "}, {"type": "relation", "string": "{{item}}Section"}, {"type": "relation", "string": "\n                            {{city.name}}\n                        "}, {"type": "relation", "string": "{{city.englishName}}"}, {"type": "relation", "string": "{{city.id}}"}, {"type": "relation", "string": "{{city.name}}"}, {"type": "relation", "string": "city"}]}, {"id": 8, "type": "view", "string": "定位城市", "attribute": {"class": ["section-title", "_10dad61"]}, "referenceVariable": [], "referenceFunction": [], "style": [], "inheritClass": null, "wxss": [], "page": null, "path": "D:\\WORK\\2021\\MPDF\\baseline\\ui\\百姓网本地服务\\citypicker.wxml", "child": [], "parent": 7, "matchString": [{"type": "self", "string": "定位城市"}]}, {"id": 9, "type": "view", "string": "\n                    {{locateCity.name}}\n                ", "attribute": {"class": ["city-label", "_10dad61"], "data-city-english-name": "{{locateCity.englishName}}", "data-city-id": "{{locateCity.id}}", "data-city-name": "{{locateCity.name}}", "wx:if": "{{locateCity.name==='定位中...'}}"}, "referenceVariable": ["locateCity.englishName", "locateCity.id", "locateCity.name", "locateCity.name==='定位中...'"], "referenceFunction": [], "style": [], "inheritClass": null, "wxss": [], "page": null, "path": "D:\\WORK\\2021\\MPDF\\baseline\\ui\\百姓网本地服务\\citypicker.wxml", "child": [], "parent": 7, "matchString": [{"type": "self", "string": "\n                    {{locateCity.name}}\n                "}, {"type": "attr", "string": "{{locateCity.englishName}}"}, {"type": "attr", "string": "{{locateCity.id}}"}, {"type": "attr", "string": "{{locateCity.name}}"}]}, {"id": 10, "type": "view", "string": "\n                    {{locateCity.name}}\n                ", "attribute": {"bindtap": "pickCity", "class": ["city-label", "_10dad61"], "data-city-english-name": "{{locateCity.englishName}}", "data-city-id": "{{locateCity.id}}", "data-city-name": "{{locateCity.name}}", "wx:else": ""}, "referenceVariable": ["locateCity.englishName", "locateCity.id", "locateCity.name"], "referenceFunction": ["pickCity"], "style": [], "inheritClass": null, "wxss": [], "page": null, "path": "D:\\WORK\\2021\\MPDF\\baseline\\ui\\百姓网本地服务\\citypicker.wxml", "child": [], "parent": 7, "matchString": [{"type": "self", "string": "\n                    {{locateCity.name}}\n                "}, {"type": "attr", "string": "{{locateCity.englishName}}"}, {"type": "attr", "string": "{{locateCity.id}}"}, {"type": "attr", "string": "{{locateCity.name}}"}]}, {"id": 11, "type": "view", "string": "热门城市", "attribute": {"class": ["section-title", "_10dad61"]}, "referenceVariable": [], "referenceFunction": [], "style": [], "inheritClass": null, "wxss": [], "page": null, "path": "D:\\WORK\\2021\\MPDF\\baseline\\ui\\百姓网本地服务\\citypicker.wxml", "child": [], "parent": 7, "matchString": [{"type": "self", "string": "热门城市"}]}, {"id": 12, "type": "view", "string": null, "attribute": {"class": ["hot-city-container", "_10dad61"]}, "referenceVariable": [], "referenceFunction": [], "style": [], "inheritClass": null, "wxss": [], "page": null, "path": "D:\\WORK\\2021\\MPDF\\baseline\\ui\\百姓网本地服务\\citypicker.wxml", "child": [13], "parent": 7, "matchString": [{"type": "relation", "string": "\n                            {{item.name}}\n                        "}, {"type": "relation", "string": "{{item.englishName}}"}, {"type": "relation", "string": "{{item.id}}"}, {"type": "relation", "string": "{{item.name}}"}]}, {"id": 13, "type": "view", "string": "\n                            {{item.name}}\n                        ", "attribute": {"bindtap": "pickCity", "class": ["city-label", "_10dad61"], "data-city-english-name": "{{item.englishName}}", "data-city-id": "{{item.id}}", "data-city-name": "{{item.name}}", "wx:for": "{{hotCity}}", "wx:key": "key"}, "referenceVariable": ["item.englishName", "item.id", "item.name", "hotCity"], "referenceFunction": ["pickCity"], "style": [], "inheritClass": null, "wxss": [], "page": null, "path": "D:\\WORK\\2021\\MPDF\\baseline\\ui\\百姓网本地服务\\citypicker.wxml", "child": [], "parent": 12, "matchString": [{"type": "self", "string": "\n                            {{item.name}}\n                        "}, {"type": "attr", "string": "{{item.englishName}}"}, {"type": "attr", "string": "{{item.id}}"}, {"type": "attr", "string": "{{item.name}}"}]}, {"id": 14, "type": "block", "string": null, "attribute": {"wx:for": "{{sectionTitle}}", "wx:key": "index"}, "referenceVariable": ["sectionTitle"], "referenceFunction": [], "style": [], "inheritClass": null, "wxss": [], "page": null, "path": "D:\\WORK\\2021\\MPDF\\baseline\\ui\\百姓网本地服务\\citypicker.wxml", "child": [15, 16], "parent": 7, "matchString": [{"type": "relation", "string": "\n                        {{item}}\n                    "}, {"type": "relation", "string": "{{item}}Section"}, {"type": "relation", "string": "\n                            {{city.name}}\n                        "}, {"type": "relation", "string": "{{city.englishName}}"}, {"type": "relation", "string": "{{city.id}}"}, {"type": "relation", "string": "{{city.name}}"}, {"type": "relation", "string": "city"}]}, {"id": 15, "type": "view", "string": "\n                        {{item}}\n                    ", "attribute": {"class": ["section-title", "_10dad61"], "id": "{{item}}Section"}, "referenceVariable": ["item"], "referenceFunction": [], "style": [], "inheritClass": null, "wxss": [], "page": null, "path": "D:\\WORK\\2021\\MPDF\\baseline\\ui\\百姓网本地服务\\citypicker.wxml", "child": [], "parent": 14, "matchString": [{"type": "self", "string": "\n                        {{item}}\n                    "}, {"type": "attr", "string": "{{item}}Section"}]}, {"id": 16, "type": "view", "string": "\n                            {{city.name}}\n                        ", "attribute": {"bindtap": "pickCity", "class": ["city-picker-item", "_10dad61"], "data-city-english-name": "{{city.englishName}}", "data-city-id": "{{city.id}}", "data-city-name": "{{city.name}}", "id": "{{city.id}}", "wx:for": "{{allCity[item]}}", "wx:for-item": "city", "wx:key": "id"}, "referenceVariable": ["city.englishName", "city.id", "city.name", "city.id", "allCity[item]"], "referenceFunction": ["pickCity"], "style": [], "inheritClass": null, "wxss": [], "page": null, "path": "D:\\WORK\\2021\\MPDF\\baseline\\ui\\百姓网本地服务\\citypicker.wxml", "child": [], "parent": 14, "matchString": [{"type": "self", "string": "\n                            {{city.name}}\n                        "}, {"type": "attr", "string": "{{city.englishName}}"}, {"type": "attr", "string": "{{city.id}}"}, {"type": "attr", "string": "{{city.name}}"}, {"type": "attr", "string": "city"}]}, {"id": 17, "type": "view", "string": null, "attribute": {"catchtouchend": "cityIndexEndTap", "catchtouchmove": "cityIndexTap", "catchtouchstart": "cityIndexTap", "class": ["city-picker-index", "_10dad61"]}, "referenceVariable": [], "referenceFunction": [], "style": [], "inheritClass": null, "wxss": [], "page": null, "path": "D:\\WORK\\2021\\MPDF\\baseline\\ui\\百姓网本地服务\\citypicker.wxml", "child": [18], "parent": 1, "matchString": [{"type": "relation", "string": "{{item}}\n            "}, {"type": "relation", "string": "{{index}}"}]}, {"id": 18, "type": "text", "string": "{{item}}\n            ", "attribute": {"class": ["_10dad61"], "data-index": "{{index}}", "style": "font-size:{{fontSize}}rpx;line-height:{{fontSize}}rpx;", "wx:for": "{{sectionTitle}}", "wx:key": "index"}, "referenceVariable": ["index", "fontSize", "fontSize", "sectionTitle"], "referenceFunction": [], "style": [], "inheritClass": null, "wxss": [], "page": null, "path": "D:\\WORK\\2021\\MPDF\\baseline\\ui\\百姓网本地服务\\citypicker.wxml", "child": [], "parent": 17, "matchString": [{"type": "self", "string": "{{item}}\n            "}, {"type": "attr", "string": "{{index}}"}]}]