[{"id": 0, "type": "[document]", "string": null, "attribute": {}, "referenceVariable": [], "referenceFunction": [], "style": [], "inheritClass": null, "wxss": [], "page": null, "path": "D:\\WORK\\2021\\MPDF\\baseline\\ui\\宠物码头\\bindPhone.wxml", "child": [1], "parent": null, "matchString": [{"type": "relation", "string": "true"}, {"type": "relation", "string": "{{!stateFlag}}"}, {"type": "relation", "string": "注册/绑定手机"}, {"type": "relation", "string": "cross"}, {"type": "relation", "string": "昵称"}, {"type": "relation", "string": "请输入您的昵称"}, {"type": "relation", "string": "手机号码"}, {"type": "relation", "string": "请输入您的手机号"}, {"type": "relation", "string": "验证码"}, {"type": "relation", "string": "请输入您的验证码"}, {"type": "relation", "string": "获取验证码"}, {"type": "relation", "string": "注册"}]}, {"id": 1, "type": "van-popup", "string": null, "attribute": {"bind:close": "toggleClose", "class": ["askShow"], "customclass": "popupModule", "overlay": "true", "show": "{{!stateFlag}}"}, "referenceVariable": ["!stateFlag"], "referenceFunction": ["toggleClose"], "style": [], "inheritClass": null, "wxss": [], "page": null, "path": "D:\\WORK\\2021\\MPDF\\baseline\\ui\\宠物码头\\bindPhone.wxml", "child": [2, 5, 17], "parent": 0, "matchString": [{"type": "attr", "string": "true"}, {"type": "attr", "string": "{{!stateFlag}}"}, {"type": "relation", "string": "注册/绑定手机"}, {"type": "relation", "string": "cross"}, {"type": "relation", "string": "昵称"}, {"type": "relation", "string": "请输入您的昵称"}, {"type": "relation", "string": "手机号码"}, {"type": "relation", "string": "请输入您的手机号"}, {"type": "relation", "string": "验证码"}, {"type": "relation", "string": "请输入您的验证码"}, {"type": "relation", "string": "获取验证码"}, {"type": "relation", "string": "注册"}]}, {"id": 2, "type": "view", "string": null, "attribute": {"class": ["bindPhone_title"]}, "referenceVariable": [], "referenceFunction": [], "style": [], "inheritClass": null, "wxss": [], "page": null, "path": "D:\\WORK\\2021\\MPDF\\baseline\\ui\\宠物码头\\bindPhone.wxml", "child": [3, 4], "parent": 1, "matchString": [{"type": "relation", "string": "注册/绑定手机"}, {"type": "relation", "string": "cross"}]}, {"id": 3, "type": "text", "string": "注册/绑定手机", "attribute": {"class": ["bindPhone_title_text"]}, "referenceVariable": [], "referenceFunction": [], "style": [], "inheritClass": null, "wxss": [], "page": null, "path": "D:\\WORK\\2021\\MPDF\\baseline\\ui\\宠物码头\\bindPhone.wxml", "child": [], "parent": 2, "matchString": [{"type": "self", "string": "注册/绑定手机"}]}, {"id": 4, "type": "van-icon", "string": null, "attribute": {"bindtap": "closeModule", "class": ["closeBtn"], "name": "cross", "size": "20px"}, "referenceVariable": [], "referenceFunction": ["closeModule"], "style": [], "inheritClass": null, "wxss": [], "page": null, "path": "D:\\WORK\\2021\\MPDF\\baseline\\ui\\宠物码头\\bindPhone.wxml", "child": [], "parent": 2, "matchString": [{"type": "attr", "string": "cross"}]}, {"id": 5, "type": "view", "string": null, "attribute": {"class": ["bindPhone_content"]}, "referenceVariable": [], "referenceFunction": [], "style": [], "inheritClass": null, "wxss": [], "page": null, "path": "D:\\WORK\\2021\\MPDF\\baseline\\ui\\宠物码头\\bindPhone.wxml", "child": [6, 9, 12], "parent": 1, "matchString": [{"type": "relation", "string": "昵称"}, {"type": "relation", "string": "请输入您的昵称"}, {"type": "relation", "string": "手机号码"}, {"type": "relation", "string": "请输入您的手机号"}, {"type": "relation", "string": "验证码"}, {"type": "relation", "string": "请输入您的验证码"}, {"type": "relation", "string": "获取验证码"}]}, {"id": 6, "type": "view", "string": null, "attribute": {"class": ["bindPhone_content_name"]}, "referenceVariable": [], "referenceFunction": [], "style": [], "inheritClass": null, "wxss": [], "page": null, "path": "D:\\WORK\\2021\\MPDF\\baseline\\ui\\宠物码头\\bindPhone.wxml", "child": [7, 8], "parent": 5, "matchString": [{"type": "relation", "string": "昵称"}, {"type": "relation", "string": "请输入您的昵称"}]}, {"id": 7, "type": "text", "string": "昵称", "attribute": {"class": ["bindPhone_content_name_text"]}, "referenceVariable": [], "referenceFunction": [], "style": [], "inheritClass": null, "wxss": [], "page": null, "path": "D:\\WORK\\2021\\MPDF\\baseline\\ui\\宠物码头\\bindPhone.wxml", "child": [], "parent": 6, "matchString": [{"type": "self", "string": "昵称"}]}, {"id": 8, "type": "input", "string": null, "attribute": {"bindinput": "changeNickName", "class": ["bindPhone_content_name_inp"], "maxlength": "8", "placeholder": "请输入您的昵称", "value": "{{nickName}}"}, "referenceVariable": ["nickName"], "referenceFunction": ["changeNickName"], "style": [], "inheritClass": null, "wxss": [], "page": null, "path": "D:\\WORK\\2021\\MPDF\\baseline\\ui\\宠物码头\\bindPhone.wxml", "child": [], "parent": 6, "matchString": [{"type": "attr", "string": "请输入您的昵称"}]}, {"id": 9, "type": "view", "string": null, "attribute": {"class": ["bindPhone_content_phone"]}, "referenceVariable": [], "referenceFunction": [], "style": [], "inheritClass": null, "wxss": [], "page": null, "path": "D:\\WORK\\2021\\MPDF\\baseline\\ui\\宠物码头\\bindPhone.wxml", "child": [10, 11], "parent": 5, "matchString": [{"type": "relation", "string": "手机号码"}, {"type": "relation", "string": "请输入您的手机号"}]}, {"id": 10, "type": "text", "string": "手机号码", "attribute": {"class": ["bindPhone_content_phone_text"]}, "referenceVariable": [], "referenceFunction": [], "style": [], "inheritClass": null, "wxss": [], "page": null, "path": "D:\\WORK\\2021\\MPDF\\baseline\\ui\\宠物码头\\bindPhone.wxml", "child": [], "parent": 9, "matchString": [{"type": "self", "string": "手机号码"}]}, {"id": 11, "type": "input", "string": null, "attribute": {"bindinput": "getPhone", "class": ["bindPhone_content_phone_inp"], "placeholder": "请输入您的手机号", "type": "number", "value": "{{phone}}"}, "referenceVariable": ["phone"], "referenceFunction": ["getPhone"], "style": [], "inheritClass": null, "wxss": [], "page": null, "path": "D:\\WORK\\2021\\MPDF\\baseline\\ui\\宠物码头\\bindPhone.wxml", "child": [], "parent": 9, "matchString": [{"type": "attr", "string": "请输入您的手机号"}]}, {"id": 12, "type": "view", "string": null, "attribute": {"class": ["bindPhone_content_yanzhengma"]}, "referenceVariable": [], "referenceFunction": [], "style": [], "inheritClass": null, "wxss": [], "page": null, "path": "D:\\WORK\\2021\\MPDF\\baseline\\ui\\宠物码头\\bindPhone.wxml", "child": [13, 14], "parent": 5, "matchString": [{"type": "relation", "string": "验证码"}, {"type": "relation", "string": "请输入您的验证码"}, {"type": "relation", "string": "获取验证码"}]}, {"id": 13, "type": "text", "string": "验证码", "attribute": {"class": ["bindPhone_content_yanzhengma_text"]}, "referenceVariable": [], "referenceFunction": [], "style": [], "inheritClass": null, "wxss": [], "page": null, "path": "D:\\WORK\\2021\\MPDF\\baseline\\ui\\宠物码头\\bindPhone.wxml", "child": [], "parent": 12, "matchString": [{"type": "self", "string": "验证码"}]}, {"id": 14, "type": "view", "string": null, "attribute": {"class": ["bindPhone_content_yanzhengma_box"]}, "referenceVariable": [], "referenceFunction": [], "style": [], "inheritClass": null, "wxss": [], "page": null, "path": "D:\\WORK\\2021\\MPDF\\baseline\\ui\\宠物码头\\bindPhone.wxml", "child": [15, 16], "parent": 12, "matchString": [{"type": "relation", "string": "请输入您的验证码"}, {"type": "relation", "string": "获取验证码"}]}, {"id": 15, "type": "input", "string": null, "attribute": {"bindinput": "inpCode", "class": ["bindPhone_content_yanzhengma_inp"], "placeholder": "请输入您的验证码", "type": "number", "value": "{{code}}"}, "referenceVariable": ["code"], "referenceFunction": ["inpCode"], "style": [], "inheritClass": null, "wxss": [], "page": null, "path": "D:\\WORK\\2021\\MPDF\\baseline\\ui\\宠物码头\\bindPhone.wxml", "child": [], "parent": 14, "matchString": [{"type": "attr", "string": "请输入您的验证码"}]}, {"id": 16, "type": "button", "string": "获取验证码", "attribute": {"bindtap": "getCode", "class": ["bindPhone_content_yanzhengma_box_btn"]}, "referenceVariable": [], "referenceFunction": ["getCode"], "style": [], "inheritClass": null, "wxss": [], "page": null, "path": "D:\\WORK\\2021\\MPDF\\baseline\\ui\\宠物码头\\bindPhone.wxml", "child": [], "parent": 14, "matchString": [{"type": "self", "string": "获取验证码"}]}, {"id": 17, "type": "view", "string": null, "attribute": {"class": ["bindPhone_bottom"]}, "referenceVariable": [], "referenceFunction": [], "style": [], "inheritClass": null, "wxss": [], "page": null, "path": "D:\\WORK\\2021\\MPDF\\baseline\\ui\\宠物码头\\bindPhone.wxml", "child": [18], "parent": 1, "matchString": [{"type": "relation", "string": "注册"}]}, {"id": 18, "type": "view", "string": "注册", "attribute": {"bindtap": "toRegister", "class": ["bindPhone_bottom_btn"]}, "referenceVariable": [], "referenceFunction": ["toRegister"], "style": [], "inheritClass": null, "wxss": [], "page": null, "path": "D:\\WORK\\2021\\MPDF\\baseline\\ui\\宠物码头\\bindPhone.wxml", "child": [], "parent": 17, "matchString": [{"type": "self", "string": "注册"}]}]