[{"id": 0, "type": "[document]", "string": null, "attribute": {}, "referenceVariable": [], "referenceFunction": [], "style": [], "inheritClass": null, "wxss": [], "page": null, "path": "D:\\WORK\\2021\\MPDF\\baseline\\ui\\KING音乐健身\\personal.wxml", "child": [1, 108], "parent": null, "matchString": [{"type": "relation", "string": "{{userInfo.nickName}}"}, {"type": "relation", "string": "{{phoneNumber}}"}, {"type": "relation", "string": "账户ID：{{idmyuser}}"}, {"type": "relation", "string": "{{lastType}}"}, {"type": "relation", "string": "{{personalInfo['@firstcount']}}"}, {"type": "relation", "string": "{{personalInfo['@firstnameunit']}}"}, {"type": "relation", "string": "{{personalInfo['@firstname']}} >"}, {"type": "relation", "string": "{{personalInfo['@secondcount']}}"}, {"type": "relation", "string": "{{personalInfo['@secondnameunit']}}"}, {"type": "relation", "string": "{{personalInfo['@secondname']}} >"}, {"type": "relation", "string": "{{personalInfo['@thirdcount']}}"}, {"type": "relation", "string": "{{personalInfo['@thirdnameunit']}}"}, {"type": "relation", "string": "{{personalInfo['@thirdname']}} >"}, {"type": "relation", "string": "{{personalInfo['@fourthcount']}}"}, {"type": "relation", "string": "{{personalInfo['@fourthnameunit']}}"}, {"type": "relation", "string": "{{personalInfo['@fourthname']}} >"}, {"type": "relation", "string": "{{phoneNumberFlag}}"}, {"type": "relation", "string": "授权手机号有惊喜"}, {"type": "relation", "string": "getPhoneNumber"}, {"type": "relation", "string": "true"}, {"type": "relation", "string": "兑换积分"}, {"type": "relation", "string": "兑换优惠券"}, {"type": "relation", "string": "成果记录及上下课扫码"}, {"type": "relation", "string": "积分"}, {"type": "relation", "string": "优惠券"}, {"type": "relation", "string": "成果记录"}, {"type": "relation", "string": "教练成果记录"}, {"type": "relation", "string": "用户使用指南"}, {"type": "relation", "string": "回到首页--切换门店"}, {"type": "relation", "string": "退出当前门店"}, {"type": "relation", "string": "选择角色"}, {"type": "relation", "string": "{{myRoleFlag}}"}, {"type": "relation", "string": "{{item.value}}"}, {"type": "relation", "string": "微信快捷授权"}]}, {"id": 1, "type": "view", "string": null, "attribute": {"class": ["page-section"], "style": "opacity:{{phoneNumberFlag?1:0.2}}"}, "referenceVariable": ["phoneNumberFlag?1:0.2"], "referenceFunction": [], "style": [], "inheritClass": null, "wxss": [], "page": null, "path": "D:\\WORK\\2021\\MPDF\\baseline\\ui\\KING音乐健身\\personal.wxml", "child": [2, 102], "parent": 0, "matchString": [{"type": "relation", "string": "{{userInfo.nickName}}"}, {"type": "relation", "string": "{{phoneNumber}}"}, {"type": "relation", "string": "账户ID：{{idmyuser}}"}, {"type": "relation", "string": "{{lastType}}"}, {"type": "relation", "string": "{{personalInfo['@firstcount']}}"}, {"type": "relation", "string": "{{personalInfo['@firstnameunit']}}"}, {"type": "relation", "string": "{{personalInfo['@firstname']}} >"}, {"type": "relation", "string": "{{personalInfo['@secondcount']}}"}, {"type": "relation", "string": "{{personalInfo['@secondnameunit']}}"}, {"type": "relation", "string": "{{personalInfo['@secondname']}} >"}, {"type": "relation", "string": "{{personalInfo['@thirdcount']}}"}, {"type": "relation", "string": "{{personalInfo['@thirdnameunit']}}"}, {"type": "relation", "string": "{{personalInfo['@thirdname']}} >"}, {"type": "relation", "string": "{{personalInfo['@fourthcount']}}"}, {"type": "relation", "string": "{{personalInfo['@fourthnameunit']}}"}, {"type": "relation", "string": "{{personalInfo['@fourthname']}} >"}, {"type": "relation", "string": "{{phoneNumberFlag}}"}, {"type": "relation", "string": "授权手机号有惊喜"}, {"type": "relation", "string": "getPhoneNumber"}, {"type": "relation", "string": "true"}, {"type": "relation", "string": "兑换积分"}, {"type": "relation", "string": "兑换优惠券"}, {"type": "relation", "string": "成果记录及上下课扫码"}, {"type": "relation", "string": "积分"}, {"type": "relation", "string": "优惠券"}, {"type": "relation", "string": "成果记录"}, {"type": "relation", "string": "教练成果记录"}, {"type": "relation", "string": "用户使用指南"}, {"type": "relation", "string": "回到首页--切换门店"}, {"type": "relation", "string": "退出当前门店"}, {"type": "relation", "string": "选择角色"}, {"type": "relation", "string": "{{myRoleFlag}}"}, {"type": "relation", "string": "{{item.value}}"}]}, {"id": 2, "type": "view", "string": null, "attribute": {"class": ["container"]}, "referenceVariable": [], "referenceFunction": [], "style": [], "inheritClass": null, "wxss": [], "page": null, "path": "D:\\WORK\\2021\\MPDF\\baseline\\ui\\KING音乐健身\\personal.wxml", "child": [3, 36, 37], "parent": 1, "matchString": [{"type": "relation", "string": "{{userInfo.nickName}}"}, {"type": "relation", "string": "{{phoneNumber}}"}, {"type": "relation", "string": "账户ID：{{idmyuser}}"}, {"type": "relation", "string": "{{lastType}}"}, {"type": "relation", "string": "{{personalInfo['@firstcount']}}"}, {"type": "relation", "string": "{{personalInfo['@firstnameunit']}}"}, {"type": "relation", "string": "{{personalInfo['@firstname']}} >"}, {"type": "relation", "string": "{{personalInfo['@secondcount']}}"}, {"type": "relation", "string": "{{personalInfo['@secondnameunit']}}"}, {"type": "relation", "string": "{{personalInfo['@secondname']}} >"}, {"type": "relation", "string": "{{personalInfo['@thirdcount']}}"}, {"type": "relation", "string": "{{personalInfo['@thirdnameunit']}}"}, {"type": "relation", "string": "{{personalInfo['@thirdname']}} >"}, {"type": "relation", "string": "{{personalInfo['@fourthcount']}}"}, {"type": "relation", "string": "{{personalInfo['@fourthnameunit']}}"}, {"type": "relation", "string": "{{personalInfo['@fourthname']}} >"}, {"type": "relation", "string": "{{phoneNumberFlag}}"}, {"type": "relation", "string": "授权手机号有惊喜"}, {"type": "relation", "string": "getPhoneNumber"}, {"type": "relation", "string": "true"}, {"type": "relation", "string": "兑换积分"}, {"type": "relation", "string": "兑换优惠券"}, {"type": "relation", "string": "成果记录及上下课扫码"}, {"type": "relation", "string": "积分"}, {"type": "relation", "string": "优惠券"}, {"type": "relation", "string": "成果记录"}, {"type": "relation", "string": "教练成果记录"}, {"type": "relation", "string": "用户使用指南"}, {"type": "relation", "string": "回到首页--切换门店"}, {"type": "relation", "string": "退出当前门店"}, {"type": "relation", "string": "选择角色"}]}, {"id": 3, "type": "view", "string": null, "attribute": {"class": ["personaluserInfo"]}, "referenceVariable": [], "referenceFunction": [], "style": [], "inheritClass": null, "wxss": [], "page": null, "path": "D:\\WORK\\2021\\MPDF\\baseline\\ui\\KING音乐健身\\personal.wxml", "child": [4, 5, 6, 7, 8, 11, 12, 23, 24, 35], "parent": 2, "matchString": [{"type": "relation", "string": "{{userInfo.nickName}}"}, {"type": "relation", "string": "{{phoneNumber}}"}, {"type": "relation", "string": "账户ID：{{idmyuser}}"}, {"type": "relation", "string": "{{lastType}}"}, {"type": "relation", "string": "{{personalInfo['@firstcount']}}"}, {"type": "relation", "string": "{{personalInfo['@firstnameunit']}}"}, {"type": "relation", "string": "{{personalInfo['@firstname']}} >"}, {"type": "relation", "string": "{{personalInfo['@secondcount']}}"}, {"type": "relation", "string": "{{personalInfo['@secondnameunit']}}"}, {"type": "relation", "string": "{{personalInfo['@secondname']}} >"}, {"type": "relation", "string": "{{personalInfo['@thirdcount']}}"}, {"type": "relation", "string": "{{personalInfo['@thirdnameunit']}}"}, {"type": "relation", "string": "{{personalInfo['@thirdname']}} >"}, {"type": "relation", "string": "{{personalInfo['@fourthcount']}}"}, {"type": "relation", "string": "{{personalInfo['@fourthnameunit']}}"}, {"type": "relation", "string": "{{personalInfo['@fourthname']}} >"}]}, {"id": 4, "type": "view", "string": null, "attribute": {"class": ["section-20blank"]}, "referenceVariable": [], "referenceFunction": [], "style": [], "inheritClass": null, "wxss": [], "page": null, "path": "D:\\WORK\\2021\\MPDF\\baseline\\ui\\KING音乐健身\\personal.wxml", "child": [], "parent": 3, "matchString": []}, {"id": 5, "type": "image", "string": null, "attribute": {"src": "{{userInfo.avatarUrl}}"}, "referenceVariable": ["userInfo.avatarUrl"], "referenceFunction": [], "style": [], "inheritClass": null, "wxss": [], "page": null, "path": "D:\\WORK\\2021\\MPDF\\baseline\\ui\\KING音乐健身\\personal.wxml", "child": [], "parent": 3, "matchString": []}, {"id": 6, "type": "text", "string": "{{userInfo.nickName}}", "attribute": {"style": "color:white;"}, "referenceVariable": [], "referenceFunction": [], "style": [], "inheritClass": null, "wxss": [], "page": null, "path": "D:\\WORK\\2021\\MPDF\\baseline\\ui\\KING音乐健身\\personal.wxml", "child": [], "parent": 3, "matchString": [{"type": "self", "string": "{{userInfo.nickName}}"}]}, {"id": 7, "type": "text", "string": "{{phoneNumber}}", "attribute": {"style": "color:white;"}, "referenceVariable": [], "referenceFunction": [], "style": [], "inheritClass": null, "wxss": [], "page": null, "path": "D:\\WORK\\2021\\MPDF\\baseline\\ui\\KING音乐健身\\personal.wxml", "child": [], "parent": 3, "matchString": [{"type": "self", "string": "{{phoneNumber}}"}]}, {"id": 8, "type": "view", "string": null, "attribute": {"class": ["personaluserInfoRow"], "style": "width:100%;"}, "referenceVariable": [], "referenceFunction": [], "style": [], "inheritClass": null, "wxss": [], "page": null, "path": "D:\\WORK\\2021\\MPDF\\baseline\\ui\\KING音乐健身\\personal.wxml", "child": [9, 10], "parent": 3, "matchString": [{"type": "relation", "string": "账户ID：{{idmyuser}}"}, {"type": "relation", "string": "{{lastType}}"}]}, {"id": 9, "type": "text", "string": "账户ID：{{idmyuser}}", "attribute": {"style": "color:yellow;"}, "referenceVariable": [], "referenceFunction": [], "style": [], "inheritClass": null, "wxss": [], "page": null, "path": "D:\\WORK\\2021\\MPDF\\baseline\\ui\\KING音乐健身\\personal.wxml", "child": [], "parent": 8, "matchString": [{"type": "self", "string": "账户ID：{{idmyuser}}"}]}, {"id": 10, "type": "text", "string": "{{lastType}}", "attribute": {"style": "color:yellow;"}, "referenceVariable": [], "referenceFunction": [], "style": [], "inheritClass": null, "wxss": [], "page": null, "path": "D:\\WORK\\2021\\MPDF\\baseline\\ui\\KING音乐健身\\personal.wxml", "child": [], "parent": 8, "matchString": [{"type": "self", "string": "{{lastType}}"}]}, {"id": 11, "type": "view", "string": null, "attribute": {"class": ["section-20blank"]}, "referenceVariable": [], "referenceFunction": [], "style": [], "inheritClass": null, "wxss": [], "page": null, "path": "D:\\WORK\\2021\\MPDF\\baseline\\ui\\KING音乐健身\\personal.wxml", "child": [], "parent": 3, "matchString": []}, {"id": 12, "type": "view", "string": null, "attribute": {"class": ["personaluserInfoRow"], "style": "width:100%;"}, "referenceVariable": [], "referenceFunction": [], "style": [], "inheritClass": null, "wxss": [], "page": null, "path": "D:\\WORK\\2021\\MPDF\\baseline\\ui\\KING音乐健身\\personal.wxml", "child": [13, 18], "parent": 3, "matchString": [{"type": "relation", "string": "{{personalInfo['@firstcount']}}"}, {"type": "relation", "string": "{{personalInfo['@firstnameunit']}}"}, {"type": "relation", "string": "{{personalInfo['@firstname']}} >"}, {"type": "relation", "string": "{{personalInfo['@secondcount']}}"}, {"type": "relation", "string": "{{personalInfo['@secondnameunit']}}"}, {"type": "relation", "string": "{{personalInfo['@secondname']}} >"}]}, {"id": 13, "type": "view", "string": null, "attribute": {"class": ["personaluserInfoColumn"], "style": "width:50vw;"}, "referenceVariable": [], "referenceFunction": [], "style": [], "inheritClass": null, "wxss": [], "page": null, "path": "D:\\WORK\\2021\\MPDF\\baseline\\ui\\KING音乐健身\\personal.wxml", "child": [14, 17], "parent": 12, "matchString": [{"type": "relation", "string": "{{personalInfo['@firstcount']}}"}, {"type": "relation", "string": "{{personalInfo['@firstnameunit']}}"}, {"type": "relation", "string": "{{personalInfo['@firstname']}} >"}]}, {"id": 14, "type": "view", "string": null, "attribute": {"class": ["personaluserInfoRow"]}, "referenceVariable": [], "referenceFunction": [], "style": [], "inheritClass": null, "wxss": [], "page": null, "path": "D:\\WORK\\2021\\MPDF\\baseline\\ui\\KING音乐健身\\personal.wxml", "child": [15, 16], "parent": 13, "matchString": [{"type": "relation", "string": "{{personalInfo['@firstcount']}}"}, {"type": "relation", "string": "{{personalInfo['@firstnameunit']}}"}]}, {"id": 15, "type": "text", "string": "{{personalInfo['@firstcount']}}", "attribute": {"style": "color:white;font-size:5vw;"}, "referenceVariable": [], "referenceFunction": [], "style": [], "inheritClass": null, "wxss": [], "page": null, "path": "D:\\WORK\\2021\\MPDF\\baseline\\ui\\KING音乐健身\\personal.wxml", "child": [], "parent": 14, "matchString": [{"type": "self", "string": "{{personalInfo['@firstcount']}}"}]}, {"id": 16, "type": "text", "string": "{{personalInfo['@firstnameunit']}}", "attribute": {"style": "color:white;font-size:4vw;"}, "referenceVariable": [], "referenceFunction": [], "style": [], "inheritClass": null, "wxss": [], "page": null, "path": "D:\\WORK\\2021\\MPDF\\baseline\\ui\\KING音乐健身\\personal.wxml", "child": [], "parent": 14, "matchString": [{"type": "self", "string": "{{personalInfo['@firstnameunit']}}"}]}, {"id": 17, "type": "text", "string": "{{personalInfo['@firstname']}} >", "attribute": {"style": "color:white;"}, "referenceVariable": [], "referenceFunction": [], "style": [], "inheritClass": null, "wxss": [], "page": null, "path": "D:\\WORK\\2021\\MPDF\\baseline\\ui\\KING音乐健身\\personal.wxml", "child": [], "parent": 13, "matchString": [{"type": "self", "string": "{{personalInfo['@firstname']}} >"}]}, {"id": 18, "type": "view", "string": null, "attribute": {"class": ["personaluserInfoColumn"], "style": "width:50vw;"}, "referenceVariable": [], "referenceFunction": [], "style": [], "inheritClass": null, "wxss": [], "page": null, "path": "D:\\WORK\\2021\\MPDF\\baseline\\ui\\KING音乐健身\\personal.wxml", "child": [19, 22], "parent": 12, "matchString": [{"type": "relation", "string": "{{personalInfo['@secondcount']}}"}, {"type": "relation", "string": "{{personalInfo['@secondnameunit']}}"}, {"type": "relation", "string": "{{personalInfo['@secondname']}} >"}]}, {"id": 19, "type": "view", "string": null, "attribute": {"class": ["personaluserInfoRow"]}, "referenceVariable": [], "referenceFunction": [], "style": [], "inheritClass": null, "wxss": [], "page": null, "path": "D:\\WORK\\2021\\MPDF\\baseline\\ui\\KING音乐健身\\personal.wxml", "child": [20, 21], "parent": 18, "matchString": [{"type": "relation", "string": "{{personalInfo['@secondcount']}}"}, {"type": "relation", "string": "{{personalInfo['@secondnameunit']}}"}]}, {"id": 20, "type": "text", "string": "{{personalInfo['@secondcount']}}", "attribute": {"style": "color:white;font-size:5vw;"}, "referenceVariable": [], "referenceFunction": [], "style": [], "inheritClass": null, "wxss": [], "page": null, "path": "D:\\WORK\\2021\\MPDF\\baseline\\ui\\KING音乐健身\\personal.wxml", "child": [], "parent": 19, "matchString": [{"type": "self", "string": "{{personalInfo['@secondcount']}}"}]}, {"id": 21, "type": "text", "string": "{{personalInfo['@secondnameunit']}}", "attribute": {"style": "color:white;font-size:4vw;"}, "referenceVariable": [], "referenceFunction": [], "style": [], "inheritClass": null, "wxss": [], "page": null, "path": "D:\\WORK\\2021\\MPDF\\baseline\\ui\\KING音乐健身\\personal.wxml", "child": [], "parent": 19, "matchString": [{"type": "self", "string": "{{personalInfo['@secondnameunit']}}"}]}, {"id": 22, "type": "text", "string": "{{personalInfo['@secondname']}} >", "attribute": {"style": "color:white;"}, "referenceVariable": [], "referenceFunction": [], "style": [], "inheritClass": null, "wxss": [], "page": null, "path": "D:\\WORK\\2021\\MPDF\\baseline\\ui\\KING音乐健身\\personal.wxml", "child": [], "parent": 18, "matchString": [{"type": "self", "string": "{{personalInfo['@secondname']}} >"}]}, {"id": 23, "type": "view", "string": null, "attribute": {"class": ["section-20blank"], "wx:if": "{{lastType=='VIP超级私教会员'||lastType=='VIP私教会员'||lastType=='VIP年卡会员'||lastType=='普通会员'}}"}, "referenceVariable": ["lastType=='VIP超级私教会员'||lastType=='VIP私教会员'||lastType=='VIP年卡会员'||lastType=='普通会员'"], "referenceFunction": [], "style": [], "inheritClass": null, "wxss": [], "page": null, "path": "D:\\WORK\\2021\\MPDF\\baseline\\ui\\KING音乐健身\\personal.wxml", "child": [], "parent": 3, "matchString": []}, {"id": 24, "type": "view", "string": null, "attribute": {"class": ["personaluserInfoRow"], "style": "width:100%;", "wx:if": "{{lastType=='VIP超级私教会员'||lastType=='VIP私教会员'||lastType=='VIP年卡会员'||lastType=='普通会员'}}"}, "referenceVariable": ["lastType=='VIP超级私教会员'||lastType=='VIP私教会员'||lastType=='VIP年卡会员'||lastType=='普通会员'"], "referenceFunction": [], "style": [], "inheritClass": null, "wxss": [], "page": null, "path": "D:\\WORK\\2021\\MPDF\\baseline\\ui\\KING音乐健身\\personal.wxml", "child": [25, 30], "parent": 3, "matchString": [{"type": "relation", "string": "{{personalInfo['@thirdcount']}}"}, {"type": "relation", "string": "{{personalInfo['@thirdnameunit']}}"}, {"type": "relation", "string": "{{personalInfo['@thirdname']}} >"}, {"type": "relation", "string": "{{personalInfo['@fourthcount']}}"}, {"type": "relation", "string": "{{personalInfo['@fourthnameunit']}}"}, {"type": "relation", "string": "{{personalInfo['@fourthname']}} >"}]}, {"id": 25, "type": "view", "string": null, "attribute": {"class": ["personaluserInfoColumn"], "style": "width:50vw;"}, "referenceVariable": [], "referenceFunction": [], "style": [], "inheritClass": null, "wxss": [], "page": null, "path": "D:\\WORK\\2021\\MPDF\\baseline\\ui\\KING音乐健身\\personal.wxml", "child": [26, 29], "parent": 24, "matchString": [{"type": "relation", "string": "{{personalInfo['@thirdcount']}}"}, {"type": "relation", "string": "{{personalInfo['@thirdnameunit']}}"}, {"type": "relation", "string": "{{personalInfo['@thirdname']}} >"}]}, {"id": 26, "type": "view", "string": null, "attribute": {"class": ["personaluserInfoRow"]}, "referenceVariable": [], "referenceFunction": [], "style": [], "inheritClass": null, "wxss": [], "page": null, "path": "D:\\WORK\\2021\\MPDF\\baseline\\ui\\KING音乐健身\\personal.wxml", "child": [27, 28], "parent": 25, "matchString": [{"type": "relation", "string": "{{personalInfo['@thirdcount']}}"}, {"type": "relation", "string": "{{personalInfo['@thirdnameunit']}}"}]}, {"id": 27, "type": "text", "string": "{{personalInfo['@thirdcount']}}", "attribute": {"style": "color:white;font-size:5vw;"}, "referenceVariable": [], "referenceFunction": [], "style": [], "inheritClass": null, "wxss": [], "page": null, "path": "D:\\WORK\\2021\\MPDF\\baseline\\ui\\KING音乐健身\\personal.wxml", "child": [], "parent": 26, "matchString": [{"type": "self", "string": "{{personalInfo['@thirdcount']}}"}]}, {"id": 28, "type": "text", "string": "{{personalInfo['@thirdnameunit']}}", "attribute": {"style": "color:white;font-size:4vw;"}, "referenceVariable": [], "referenceFunction": [], "style": [], "inheritClass": null, "wxss": [], "page": null, "path": "D:\\WORK\\2021\\MPDF\\baseline\\ui\\KING音乐健身\\personal.wxml", "child": [], "parent": 26, "matchString": [{"type": "self", "string": "{{personalInfo['@thirdnameunit']}}"}]}, {"id": 29, "type": "text", "string": "{{personalInfo['@thirdname']}} >", "attribute": {"style": "color:white;"}, "referenceVariable": [], "referenceFunction": [], "style": [], "inheritClass": null, "wxss": [], "page": null, "path": "D:\\WORK\\2021\\MPDF\\baseline\\ui\\KING音乐健身\\personal.wxml", "child": [], "parent": 25, "matchString": [{"type": "self", "string": "{{personalInfo['@thirdname']}} >"}]}, {"id": 30, "type": "view", "string": null, "attribute": {"class": ["personaluserInfoColumn"], "style": "width:50vw;"}, "referenceVariable": [], "referenceFunction": [], "style": [], "inheritClass": null, "wxss": [], "page": null, "path": "D:\\WORK\\2021\\MPDF\\baseline\\ui\\KING音乐健身\\personal.wxml", "child": [31, 34], "parent": 24, "matchString": [{"type": "relation", "string": "{{personalInfo['@fourthcount']}}"}, {"type": "relation", "string": "{{personalInfo['@fourthnameunit']}}"}, {"type": "relation", "string": "{{personalInfo['@fourthname']}} >"}]}, {"id": 31, "type": "view", "string": null, "attribute": {"class": ["personaluserInfoRow"]}, "referenceVariable": [], "referenceFunction": [], "style": [], "inheritClass": null, "wxss": [], "page": null, "path": "D:\\WORK\\2021\\MPDF\\baseline\\ui\\KING音乐健身\\personal.wxml", "child": [32, 33], "parent": 30, "matchString": [{"type": "relation", "string": "{{personalInfo['@fourthcount']}}"}, {"type": "relation", "string": "{{personalInfo['@fourthnameunit']}}"}]}, {"id": 32, "type": "text", "string": "{{personalInfo['@fourthcount']}}", "attribute": {"style": "color:white;font-size:5vw;"}, "referenceVariable": [], "referenceFunction": [], "style": [], "inheritClass": null, "wxss": [], "page": null, "path": "D:\\WORK\\2021\\MPDF\\baseline\\ui\\KING音乐健身\\personal.wxml", "child": [], "parent": 31, "matchString": [{"type": "self", "string": "{{personalInfo['@fourthcount']}}"}]}, {"id": 33, "type": "text", "string": "{{personalInfo['@fourthnameunit']}}", "attribute": {"style": "color:white;font-size:4vw;"}, "referenceVariable": [], "referenceFunction": [], "style": [], "inheritClass": null, "wxss": [], "page": null, "path": "D:\\WORK\\2021\\MPDF\\baseline\\ui\\KING音乐健身\\personal.wxml", "child": [], "parent": 31, "matchString": [{"type": "self", "string": "{{personalInfo['@fourthnameunit']}}"}]}, {"id": 34, "type": "text", "string": "{{personalInfo['@fourthname']}} >", "attribute": {"style": "color:white;"}, "referenceVariable": [], "referenceFunction": [], "style": [], "inheritClass": null, "wxss": [], "page": null, "path": "D:\\WORK\\2021\\MPDF\\baseline\\ui\\KING音乐健身\\personal.wxml", "child": [], "parent": 30, "matchString": [{"type": "self", "string": "{{personalInfo['@fourthname']}} >"}]}, {"id": 35, "type": "view", "string": null, "attribute": {"class": ["section-20blank"]}, "referenceVariable": [], "referenceFunction": [], "style": [], "inheritClass": null, "wxss": [], "page": null, "path": "D:\\WORK\\2021\\MPDF\\baseline\\ui\\KING音乐健身\\personal.wxml", "child": [], "parent": 3, "matchString": []}, {"id": 36, "type": "view", "string": null, "attribute": {"class": ["section-20blank"]}, "referenceVariable": [], "referenceFunction": [], "style": [], "inheritClass": null, "wxss": [], "page": null, "path": "D:\\WORK\\2021\\MPDF\\baseline\\ui\\KING音乐健身\\personal.wxml", "child": [], "parent": 2, "matchString": []}, {"id": 37, "type": "view", "string": null, "attribute": {"class": ["buttonGroup"]}, "referenceVariable": [], "referenceFunction": [], "style": [], "inheritClass": null, "wxss": [], "page": null, "path": "D:\\WORK\\2021\\MPDF\\baseline\\ui\\KING音乐健身\\personal.wxml", "child": [38, 44, 60, 76, 82, 87, 92, 97], "parent": 2, "matchString": [{"type": "relation", "string": "{{phoneNumberFlag}}"}, {"type": "relation", "string": "授权手机号有惊喜"}, {"type": "relation", "string": "getPhoneNumber"}, {"type": "relation", "string": "true"}, {"type": "relation", "string": "兑换积分"}, {"type": "relation", "string": "兑换优惠券"}, {"type": "relation", "string": "成果记录及上下课扫码"}, {"type": "relation", "string": "积分"}, {"type": "relation", "string": "优惠券"}, {"type": "relation", "string": "成果记录"}, {"type": "relation", "string": "教练成果记录"}, {"type": "relation", "string": "用户使用指南"}, {"type": "relation", "string": "回到首页--切换门店"}, {"type": "relation", "string": "退出当前门店"}, {"type": "relation", "string": "选择角色"}]}, {"id": 38, "type": "view", "string": null, "attribute": {"class": ["singleButton"], "hidden": "{{phoneNumberFlag}}"}, "referenceVariable": ["phoneNumberFlag"], "referenceFunction": [], "style": [], "inheritClass": null, "wxss": [], "page": null, "path": "D:\\WORK\\2021\\MPDF\\baseline\\ui\\KING音乐健身\\personal.wxml", "child": [39, 40, 41, 43], "parent": 37, "matchString": [{"type": "attr", "string": "{{phoneNumberFlag}}"}, {"type": "relation", "string": "授权手机号有惊喜"}, {"type": "relation", "string": "getPhoneNumber"}, {"type": "relation", "string": "true"}]}, {"id": 39, "type": "image", "string": null, "attribute": {"mode": "widthFix", "src": "../../images/getphone.png"}, "referenceVariable": [], "referenceFunction": [], "style": [], "inheritClass": null, "wxss": [], "page": null, "path": "D:\\WORK\\2021\\MPDF\\baseline\\ui\\KING音乐健身\\personal.wxml", "child": [], "parent": 38, "matchString": []}, {"id": 40, "type": "text", "string": null, "attribute": {"style": "width:6vw"}, "referenceVariable": [], "referenceFunction": [], "style": [], "inheritClass": null, "wxss": [], "page": null, "path": "D:\\WORK\\2021\\MPDF\\baseline\\ui\\KING音乐健身\\personal.wxml", "child": [], "parent": 38, "matchString": []}, {"id": 41, "type": "view", "string": null, "attribute": {"class": ["fenxiang"]}, "referenceVariable": [], "referenceFunction": [], "style": [], "inheritClass": null, "wxss": [], "page": null, "path": "D:\\WORK\\2021\\MPDF\\baseline\\ui\\KING音乐健身\\personal.wxml", "child": [42], "parent": 38, "matchString": [{"type": "relation", "string": "授权手机号有惊喜"}, {"type": "relation", "string": "getPhoneNumber"}, {"type": "relation", "string": "true"}]}, {"id": 42, "type": "button", "string": "授权手机号有惊喜", "attribute": {"bindgetphonenumber": "getPhoneNumber", "opentype": "getPhoneNumber", "plain": "true"}, "referenceVariable": [], "referenceFunction": ["getPhoneNumber"], "style": [], "inheritClass": null, "wxss": [], "page": null, "path": "D:\\WORK\\2021\\MPDF\\baseline\\ui\\KING音乐健身\\personal.wxml", "child": [], "parent": 41, "matchString": [{"type": "self", "string": "授权手机号有惊喜"}, {"type": "attr", "string": "getPhoneNumber"}, {"type": "attr", "string": "true"}]}, {"id": 43, "type": "image", "string": null, "attribute": {"mode": "widthFix", "src": "../../images/angle-right.png"}, "referenceVariable": [], "referenceFunction": [], "style": [], "inheritClass": null, "wxss": [], "page": null, "path": "D:\\WORK\\2021\\MPDF\\baseline\\ui\\KING音乐健身\\personal.wxml", "child": [], "parent": 38, "matchString": []}, {"id": 44, "type": "view", "string": null, "attribute": {"wx:if": "{{lastType=='管理员'||lastType=='前台'}}"}, "referenceVariable": ["lastType=='管理员'||lastType=='前台'"], "referenceFunction": [], "style": [], "inheritClass": null, "wxss": [], "page": null, "path": "D:\\WORK\\2021\\MPDF\\baseline\\ui\\KING音乐健身\\personal.wxml", "child": [45, 50, 55], "parent": 37, "matchString": [{"type": "relation", "string": "兑换积分"}, {"type": "relation", "string": "兑换优惠券"}, {"type": "relation", "string": "成果记录及上下课扫码"}]}, {"id": 45, "type": "view", "string": null, "attribute": {"bindtap": "creditsTap", "class": ["singleButton"]}, "referenceVariable": [], "referenceFunction": ["creditsTap"], "style": [], "inheritClass": null, "wxss": [], "page": null, "path": "D:\\WORK\\2021\\MPDF\\baseline\\ui\\KING音乐健身\\personal.wxml", "child": [46, 47, 48, 49], "parent": 44, "matchString": [{"type": "relation", "string": "兑换积分"}]}, {"id": 46, "type": "image", "string": null, "attribute": {"mode": "widthFix", "src": "../../images/credits.png"}, "referenceVariable": [], "referenceFunction": [], "style": [], "inheritClass": null, "wxss": [], "page": null, "path": "D:\\WORK\\2021\\MPDF\\baseline\\ui\\KING音乐健身\\personal.wxml", "child": [], "parent": 45, "matchString": []}, {"id": 47, "type": "text", "string": null, "attribute": {"style": "width:6vw"}, "referenceVariable": [], "referenceFunction": [], "style": [], "inheritClass": null, "wxss": [], "page": null, "path": "D:\\WORK\\2021\\MPDF\\baseline\\ui\\KING音乐健身\\personal.wxml", "child": [], "parent": 45, "matchString": []}, {"id": 48, "type": "text", "string": "兑换积分", "attribute": {"style": "width:74vw;font-size:4vw;"}, "referenceVariable": [], "referenceFunction": [], "style": [], "inheritClass": null, "wxss": [], "page": null, "path": "D:\\WORK\\2021\\MPDF\\baseline\\ui\\KING音乐健身\\personal.wxml", "child": [], "parent": 45, "matchString": [{"type": "self", "string": "兑换积分"}]}, {"id": 49, "type": "image", "string": null, "attribute": {"mode": "widthFix", "src": "../../images/angle-right.png"}, "referenceVariable": [], "referenceFunction": [], "style": [], "inheritClass": null, "wxss": [], "page": null, "path": "D:\\WORK\\2021\\MPDF\\baseline\\ui\\KING音乐健身\\personal.wxml", "child": [], "parent": 45, "matchString": []}, {"id": 50, "type": "view", "string": null, "attribute": {"bindtap": "couponTap", "class": ["singleButton"]}, "referenceVariable": [], "referenceFunction": ["couponTap"], "style": [], "inheritClass": null, "wxss": [], "page": null, "path": "D:\\WORK\\2021\\MPDF\\baseline\\ui\\KING音乐健身\\personal.wxml", "child": [51, 52, 53, 54], "parent": 44, "matchString": [{"type": "relation", "string": "兑换优惠券"}]}, {"id": 51, "type": "image", "string": null, "attribute": {"mode": "widthFix", "src": "../../images/coupon.png"}, "referenceVariable": [], "referenceFunction": [], "style": [], "inheritClass": null, "wxss": [], "page": null, "path": "D:\\WORK\\2021\\MPDF\\baseline\\ui\\KING音乐健身\\personal.wxml", "child": [], "parent": 50, "matchString": []}, {"id": 52, "type": "text", "string": null, "attribute": {"style": "width:6vw"}, "referenceVariable": [], "referenceFunction": [], "style": [], "inheritClass": null, "wxss": [], "page": null, "path": "D:\\WORK\\2021\\MPDF\\baseline\\ui\\KING音乐健身\\personal.wxml", "child": [], "parent": 50, "matchString": []}, {"id": 53, "type": "text", "string": "兑换优惠券", "attribute": {"style": "width:74vw;font-size:4vw;"}, "referenceVariable": [], "referenceFunction": [], "style": [], "inheritClass": null, "wxss": [], "page": null, "path": "D:\\WORK\\2021\\MPDF\\baseline\\ui\\KING音乐健身\\personal.wxml", "child": [], "parent": 50, "matchString": [{"type": "self", "string": "兑换优惠券"}]}, {"id": 54, "type": "image", "string": null, "attribute": {"mode": "widthFix", "src": "../../images/angle-right.png"}, "referenceVariable": [], "referenceFunction": [], "style": [], "inheritClass": null, "wxss": [], "page": null, "path": "D:\\WORK\\2021\\MPDF\\baseline\\ui\\KING音乐健身\\personal.wxml", "child": [], "parent": 50, "matchString": []}, {"id": 55, "type": "view", "string": null, "attribute": {"bindtap": "statisticTap", "class": ["singleButton"]}, "referenceVariable": [], "referenceFunction": ["statisticTap"], "style": [], "inheritClass": null, "wxss": [], "page": null, "path": "D:\\WORK\\2021\\MPDF\\baseline\\ui\\KING音乐健身\\personal.wxml", "child": [56, 57, 58, 59], "parent": 44, "matchString": [{"type": "relation", "string": "成果记录及上下课扫码"}]}, {"id": 56, "type": "image", "string": null, "attribute": {"mode": "widthFix", "src": "../../images/forms.png"}, "referenceVariable": [], "referenceFunction": [], "style": [], "inheritClass": null, "wxss": [], "page": null, "path": "D:\\WORK\\2021\\MPDF\\baseline\\ui\\KING音乐健身\\personal.wxml", "child": [], "parent": 55, "matchString": []}, {"id": 57, "type": "text", "string": null, "attribute": {"style": "width:6vw"}, "referenceVariable": [], "referenceFunction": [], "style": [], "inheritClass": null, "wxss": [], "page": null, "path": "D:\\WORK\\2021\\MPDF\\baseline\\ui\\KING音乐健身\\personal.wxml", "child": [], "parent": 55, "matchString": []}, {"id": 58, "type": "text", "string": "成果记录及上下课扫码", "attribute": {"style": "width:74vw;font-size:4vw;"}, "referenceVariable": [], "referenceFunction": [], "style": [], "inheritClass": null, "wxss": [], "page": null, "path": "D:\\WORK\\2021\\MPDF\\baseline\\ui\\KING音乐健身\\personal.wxml", "child": [], "parent": 55, "matchString": [{"type": "self", "string": "成果记录及上下课扫码"}]}, {"id": 59, "type": "image", "string": null, "attribute": {"mode": "widthFix", "src": "../../images/angle-right.png"}, "referenceVariable": [], "referenceFunction": [], "style": [], "inheritClass": null, "wxss": [], "page": null, "path": "D:\\WORK\\2021\\MPDF\\baseline\\ui\\KING音乐健身\\personal.wxml", "child": [], "parent": 55, "matchString": []}, {"id": 60, "type": "view", "string": null, "attribute": {"wx:if": "{{lastType=='VIP超级私教会员'||lastType=='VIP私教会员'||lastType=='VIP年卡会员'||lastType=='普通会员'}}"}, "referenceVariable": ["lastType=='VIP超级私教会员'||lastType=='VIP私教会员'||lastType=='VIP年卡会员'||lastType=='普通会员'"], "referenceFunction": [], "style": [], "inheritClass": null, "wxss": [], "page": null, "path": "D:\\WORK\\2021\\MPDF\\baseline\\ui\\KING音乐健身\\personal.wxml", "child": [61, 66, 71], "parent": 37, "matchString": [{"type": "relation", "string": "积分"}, {"type": "relation", "string": "优惠券"}, {"type": "relation", "string": "成果记录"}]}, {"id": 61, "type": "view", "string": null, "attribute": {"bindtap": "creditsTap", "class": ["singleButton"]}, "referenceVariable": [], "referenceFunction": ["creditsTap"], "style": [], "inheritClass": null, "wxss": [], "page": null, "path": "D:\\WORK\\2021\\MPDF\\baseline\\ui\\KING音乐健身\\personal.wxml", "child": [62, 63, 64, 65], "parent": 60, "matchString": [{"type": "relation", "string": "积分"}]}, {"id": 62, "type": "image", "string": null, "attribute": {"mode": "widthFix", "src": "../../images/credits.png"}, "referenceVariable": [], "referenceFunction": [], "style": [], "inheritClass": null, "wxss": [], "page": null, "path": "D:\\WORK\\2021\\MPDF\\baseline\\ui\\KING音乐健身\\personal.wxml", "child": [], "parent": 61, "matchString": []}, {"id": 63, "type": "text", "string": null, "attribute": {"style": "width:6vw"}, "referenceVariable": [], "referenceFunction": [], "style": [], "inheritClass": null, "wxss": [], "page": null, "path": "D:\\WORK\\2021\\MPDF\\baseline\\ui\\KING音乐健身\\personal.wxml", "child": [], "parent": 61, "matchString": []}, {"id": 64, "type": "text", "string": "积分", "attribute": {"style": "width:74vw;font-size:4vw;"}, "referenceVariable": [], "referenceFunction": [], "style": [], "inheritClass": null, "wxss": [], "page": null, "path": "D:\\WORK\\2021\\MPDF\\baseline\\ui\\KING音乐健身\\personal.wxml", "child": [], "parent": 61, "matchString": [{"type": "self", "string": "积分"}]}, {"id": 65, "type": "image", "string": null, "attribute": {"mode": "widthFix", "src": "../../images/angle-right.png"}, "referenceVariable": [], "referenceFunction": [], "style": [], "inheritClass": null, "wxss": [], "page": null, "path": "D:\\WORK\\2021\\MPDF\\baseline\\ui\\KING音乐健身\\personal.wxml", "child": [], "parent": 61, "matchString": []}, {"id": 66, "type": "view", "string": null, "attribute": {"bindtap": "couponTap", "class": ["singleButton"]}, "referenceVariable": [], "referenceFunction": ["couponTap"], "style": [], "inheritClass": null, "wxss": [], "page": null, "path": "D:\\WORK\\2021\\MPDF\\baseline\\ui\\KING音乐健身\\personal.wxml", "child": [67, 68, 69, 70], "parent": 60, "matchString": [{"type": "relation", "string": "优惠券"}]}, {"id": 67, "type": "image", "string": null, "attribute": {"mode": "widthFix", "src": "../../images/coupon.png"}, "referenceVariable": [], "referenceFunction": [], "style": [], "inheritClass": null, "wxss": [], "page": null, "path": "D:\\WORK\\2021\\MPDF\\baseline\\ui\\KING音乐健身\\personal.wxml", "child": [], "parent": 66, "matchString": []}, {"id": 68, "type": "text", "string": null, "attribute": {"style": "width:6vw"}, "referenceVariable": [], "referenceFunction": [], "style": [], "inheritClass": null, "wxss": [], "page": null, "path": "D:\\WORK\\2021\\MPDF\\baseline\\ui\\KING音乐健身\\personal.wxml", "child": [], "parent": 66, "matchString": []}, {"id": 69, "type": "text", "string": "优惠券", "attribute": {"style": "width:74vw;font-size:4vw;"}, "referenceVariable": [], "referenceFunction": [], "style": [], "inheritClass": null, "wxss": [], "page": null, "path": "D:\\WORK\\2021\\MPDF\\baseline\\ui\\KING音乐健身\\personal.wxml", "child": [], "parent": 66, "matchString": [{"type": "self", "string": "优惠券"}]}, {"id": 70, "type": "image", "string": null, "attribute": {"mode": "widthFix", "src": "../../images/angle-right.png"}, "referenceVariable": [], "referenceFunction": [], "style": [], "inheritClass": null, "wxss": [], "page": null, "path": "D:\\WORK\\2021\\MPDF\\baseline\\ui\\KING音乐健身\\personal.wxml", "child": [], "parent": 66, "matchString": []}, {"id": 71, "type": "view", "string": null, "attribute": {"bindtap": "statisticTap", "class": ["singleButton"]}, "referenceVariable": [], "referenceFunction": ["statisticTap"], "style": [], "inheritClass": null, "wxss": [], "page": null, "path": "D:\\WORK\\2021\\MPDF\\baseline\\ui\\KING音乐健身\\personal.wxml", "child": [72, 73, 74, 75], "parent": 60, "matchString": [{"type": "relation", "string": "成果记录"}]}, {"id": 72, "type": "image", "string": null, "attribute": {"mode": "widthFix", "src": "../../images/forms.png"}, "referenceVariable": [], "referenceFunction": [], "style": [], "inheritClass": null, "wxss": [], "page": null, "path": "D:\\WORK\\2021\\MPDF\\baseline\\ui\\KING音乐健身\\personal.wxml", "child": [], "parent": 71, "matchString": []}, {"id": 73, "type": "text", "string": null, "attribute": {"style": "width:6vw"}, "referenceVariable": [], "referenceFunction": [], "style": [], "inheritClass": null, "wxss": [], "page": null, "path": "D:\\WORK\\2021\\MPDF\\baseline\\ui\\KING音乐健身\\personal.wxml", "child": [], "parent": 71, "matchString": []}, {"id": 74, "type": "text", "string": "成果记录", "attribute": {"style": "width:74vw;font-size:4vw;"}, "referenceVariable": [], "referenceFunction": [], "style": [], "inheritClass": null, "wxss": [], "page": null, "path": "D:\\WORK\\2021\\MPDF\\baseline\\ui\\KING音乐健身\\personal.wxml", "child": [], "parent": 71, "matchString": [{"type": "self", "string": "成果记录"}]}, {"id": 75, "type": "image", "string": null, "attribute": {"mode": "widthFix", "src": "../../images/angle-right.png"}, "referenceVariable": [], "referenceFunction": [], "style": [], "inheritClass": null, "wxss": [], "page": null, "path": "D:\\WORK\\2021\\MPDF\\baseline\\ui\\KING音乐健身\\personal.wxml", "child": [], "parent": 71, "matchString": []}, {"id": 76, "type": "view", "string": null, "attribute": {"wx:if": "{{lastType=='教练'}}"}, "referenceVariable": ["lastType=='教练'"], "referenceFunction": [], "style": [], "inheritClass": null, "wxss": [], "page": null, "path": "D:\\WORK\\2021\\MPDF\\baseline\\ui\\KING音乐健身\\personal.wxml", "child": [77], "parent": 37, "matchString": [{"type": "relation", "string": "教练成果记录"}]}, {"id": 77, "type": "view", "string": null, "attribute": {"bindtap": "statisticTap", "class": ["singleButton"]}, "referenceVariable": [], "referenceFunction": ["statisticTap"], "style": [], "inheritClass": null, "wxss": [], "page": null, "path": "D:\\WORK\\2021\\MPDF\\baseline\\ui\\KING音乐健身\\personal.wxml", "child": [78, 79, 80, 81], "parent": 76, "matchString": [{"type": "relation", "string": "教练成果记录"}]}, {"id": 78, "type": "image", "string": null, "attribute": {"mode": "widthFix", "src": "../../images/forms.png"}, "referenceVariable": [], "referenceFunction": [], "style": [], "inheritClass": null, "wxss": [], "page": null, "path": "D:\\WORK\\2021\\MPDF\\baseline\\ui\\KING音乐健身\\personal.wxml", "child": [], "parent": 77, "matchString": []}, {"id": 79, "type": "text", "string": null, "attribute": {"style": "width:6vw"}, "referenceVariable": [], "referenceFunction": [], "style": [], "inheritClass": null, "wxss": [], "page": null, "path": "D:\\WORK\\2021\\MPDF\\baseline\\ui\\KING音乐健身\\personal.wxml", "child": [], "parent": 77, "matchString": []}, {"id": 80, "type": "text", "string": "教练成果记录", "attribute": {"style": "width:74vw;font-size:4vw;"}, "referenceVariable": [], "referenceFunction": [], "style": [], "inheritClass": null, "wxss": [], "page": null, "path": "D:\\WORK\\2021\\MPDF\\baseline\\ui\\KING音乐健身\\personal.wxml", "child": [], "parent": 77, "matchString": [{"type": "self", "string": "教练成果记录"}]}, {"id": 81, "type": "image", "string": null, "attribute": {"mode": "widthFix", "src": "../../images/angle-right.png"}, "referenceVariable": [], "referenceFunction": [], "style": [], "inheritClass": null, "wxss": [], "page": null, "path": "D:\\WORK\\2021\\MPDF\\baseline\\ui\\KING音乐健身\\personal.wxml", "child": [], "parent": 77, "matchString": []}, {"id": 82, "type": "view", "string": null, "attribute": {"bindtap": "instructionsTap", "class": ["singleButton"]}, "referenceVariable": [], "referenceFunction": ["instructionsTap"], "style": [], "inheritClass": null, "wxss": [], "page": null, "path": "D:\\WORK\\2021\\MPDF\\baseline\\ui\\KING音乐健身\\personal.wxml", "child": [83, 84, 85, 86], "parent": 37, "matchString": [{"type": "relation", "string": "用户使用指南"}]}, {"id": 83, "type": "image", "string": null, "attribute": {"mode": "widthFix", "src": "../../images/guide.png"}, "referenceVariable": [], "referenceFunction": [], "style": [], "inheritClass": null, "wxss": [], "page": null, "path": "D:\\WORK\\2021\\MPDF\\baseline\\ui\\KING音乐健身\\personal.wxml", "child": [], "parent": 82, "matchString": []}, {"id": 84, "type": "text", "string": null, "attribute": {"style": "width:6vw"}, "referenceVariable": [], "referenceFunction": [], "style": [], "inheritClass": null, "wxss": [], "page": null, "path": "D:\\WORK\\2021\\MPDF\\baseline\\ui\\KING音乐健身\\personal.wxml", "child": [], "parent": 82, "matchString": []}, {"id": 85, "type": "text", "string": "用户使用指南", "attribute": {"style": "width:74vw;font-size:4vw;"}, "referenceVariable": [], "referenceFunction": [], "style": [], "inheritClass": null, "wxss": [], "page": null, "path": "D:\\WORK\\2021\\MPDF\\baseline\\ui\\KING音乐健身\\personal.wxml", "child": [], "parent": 82, "matchString": [{"type": "self", "string": "用户使用指南"}]}, {"id": 86, "type": "image", "string": null, "attribute": {"mode": "widthFix", "src": "../../images/angle-right.png"}, "referenceVariable": [], "referenceFunction": [], "style": [], "inheritClass": null, "wxss": [], "page": null, "path": "D:\\WORK\\2021\\MPDF\\baseline\\ui\\KING音乐健身\\personal.wxml", "child": [], "parent": 82, "matchString": []}, {"id": 87, "type": "view", "string": null, "attribute": {"bindtap": "relaunchFirst", "class": ["singleButton"]}, "referenceVariable": [], "referenceFunction": ["relaunchFirst"], "style": [], "inheritClass": null, "wxss": [], "page": null, "path": "D:\\WORK\\2021\\MPDF\\baseline\\ui\\KING音乐健身\\personal.wxml", "child": [88, 89, 90, 91], "parent": 37, "matchString": [{"type": "relation", "string": "回到首页--切换门店"}]}, {"id": 88, "type": "image", "string": null, "attribute": {"mode": "widthFix", "src": "../../images/return.png"}, "referenceVariable": [], "referenceFunction": [], "style": [], "inheritClass": null, "wxss": [], "page": null, "path": "D:\\WORK\\2021\\MPDF\\baseline\\ui\\KING音乐健身\\personal.wxml", "child": [], "parent": 87, "matchString": []}, {"id": 89, "type": "text", "string": null, "attribute": {"style": "width:6vw"}, "referenceVariable": [], "referenceFunction": [], "style": [], "inheritClass": null, "wxss": [], "page": null, "path": "D:\\WORK\\2021\\MPDF\\baseline\\ui\\KING音乐健身\\personal.wxml", "child": [], "parent": 87, "matchString": []}, {"id": 90, "type": "text", "string": "回到首页--切换门店", "attribute": {"style": "width:74vw;font-size:4vw;"}, "referenceVariable": [], "referenceFunction": [], "style": [], "inheritClass": null, "wxss": [], "page": null, "path": "D:\\WORK\\2021\\MPDF\\baseline\\ui\\KING音乐健身\\personal.wxml", "child": [], "parent": 87, "matchString": [{"type": "self", "string": "回到首页--切换门店"}]}, {"id": 91, "type": "image", "string": null, "attribute": {"mode": "widthFix", "src": "../../images/angle-right.png"}, "referenceVariable": [], "referenceFunction": [], "style": [], "inheritClass": null, "wxss": [], "page": null, "path": "D:\\WORK\\2021\\MPDF\\baseline\\ui\\KING音乐健身\\personal.wxml", "child": [], "parent": 87, "matchString": []}, {"id": 92, "type": "view", "string": null, "attribute": {"bindtap": "deleteManagerInfo", "class": ["singleButton"]}, "referenceVariable": [], "referenceFunction": ["deleteManagerInfo"], "style": [], "inheritClass": null, "wxss": [], "page": null, "path": "D:\\WORK\\2021\\MPDF\\baseline\\ui\\KING音乐健身\\personal.wxml", "child": [93, 94, 95, 96], "parent": 37, "matchString": [{"type": "relation", "string": "退出当前门店"}]}, {"id": 93, "type": "image", "string": null, "attribute": {"mode": "widthFix", "src": "../../images/sign-out.png"}, "referenceVariable": [], "referenceFunction": [], "style": [], "inheritClass": null, "wxss": [], "page": null, "path": "D:\\WORK\\2021\\MPDF\\baseline\\ui\\KING音乐健身\\personal.wxml", "child": [], "parent": 92, "matchString": []}, {"id": 94, "type": "text", "string": null, "attribute": {"style": "width:6vw"}, "referenceVariable": [], "referenceFunction": [], "style": [], "inheritClass": null, "wxss": [], "page": null, "path": "D:\\WORK\\2021\\MPDF\\baseline\\ui\\KING音乐健身\\personal.wxml", "child": [], "parent": 92, "matchString": []}, {"id": 95, "type": "text", "string": "退出当前门店", "attribute": {"style": "width:74vw;font-size:4vw;"}, "referenceVariable": [], "referenceFunction": [], "style": [], "inheritClass": null, "wxss": [], "page": null, "path": "D:\\WORK\\2021\\MPDF\\baseline\\ui\\KING音乐健身\\personal.wxml", "child": [], "parent": 92, "matchString": [{"type": "self", "string": "退出当前门店"}]}, {"id": 96, "type": "image", "string": null, "attribute": {"mode": "widthFix", "src": "../../images/angle-right.png"}, "referenceVariable": [], "referenceFunction": [], "style": [], "inheritClass": null, "wxss": [], "page": null, "path": "D:\\WORK\\2021\\MPDF\\baseline\\ui\\KING音乐健身\\personal.wxml", "child": [], "parent": 92, "matchString": []}, {"id": 97, "type": "view", "string": null, "attribute": {"bindtap": "myRoleTap", "class": ["singleButton"], "wx:if": "{{userType=='超级管理员'||userType=='管理员'||userType=='前台'||userType=='教练'||userType=='会籍顾问'}}"}, "referenceVariable": ["userType=='超级管理员'||userType=='管理员'||userType=='前台'||userType=='教练'||userType=='会籍顾问'"], "referenceFunction": ["myRoleTap"], "style": [], "inheritClass": null, "wxss": [], "page": null, "path": "D:\\WORK\\2021\\MPDF\\baseline\\ui\\KING音乐健身\\personal.wxml", "child": [98, 99, 100, 101], "parent": 37, "matchString": [{"type": "relation", "string": "选择角色"}]}, {"id": 98, "type": "image", "string": null, "attribute": {"mode": "widthFix", "src": "../../images/character.png"}, "referenceVariable": [], "referenceFunction": [], "style": [], "inheritClass": null, "wxss": [], "page": null, "path": "D:\\WORK\\2021\\MPDF\\baseline\\ui\\KING音乐健身\\personal.wxml", "child": [], "parent": 97, "matchString": []}, {"id": 99, "type": "text", "string": null, "attribute": {"style": "width:6vw"}, "referenceVariable": [], "referenceFunction": [], "style": [], "inheritClass": null, "wxss": [], "page": null, "path": "D:\\WORK\\2021\\MPDF\\baseline\\ui\\KING音乐健身\\personal.wxml", "child": [], "parent": 97, "matchString": []}, {"id": 100, "type": "text", "string": "选择角色", "attribute": {"style": "width:74vw;font-size:4vw;"}, "referenceVariable": [], "referenceFunction": [], "style": [], "inheritClass": null, "wxss": [], "page": null, "path": "D:\\WORK\\2021\\MPDF\\baseline\\ui\\KING音乐健身\\personal.wxml", "child": [], "parent": 97, "matchString": [{"type": "self", "string": "选择角色"}]}, {"id": 101, "type": "image", "string": null, "attribute": {"mode": "widthFix", "src": "{{myRoleFlag?'../../images/angle-down.png':'../../images/angle-up.png'}}"}, "referenceVariable": ["myRoleFlag?'../../images/angle-down.png':'../../images/angle-up.png'"], "referenceFunction": [], "style": [], "inheritClass": null, "wxss": [], "page": null, "path": "D:\\WORK\\2021\\MPDF\\baseline\\ui\\KING音乐健身\\personal.wxml", "child": [], "parent": 97, "matchString": []}, {"id": 102, "type": "view", "string": null, "attribute": {"class": ["roleChoose"]}, "referenceVariable": [], "referenceFunction": [], "style": [], "inheritClass": null, "wxss": [], "page": null, "path": "D:\\WORK\\2021\\MPDF\\baseline\\ui\\KING音乐健身\\personal.wxml", "child": [103], "parent": 1, "matchString": [{"type": "relation", "string": "{{myRoleFlag}}"}, {"type": "relation", "string": "{{item.value}}"}]}, {"id": 103, "type": "view", "string": null, "attribute": {"class": ["page__bd"], "hidden": "{{myRoleFlag}}"}, "referenceVariable": ["myRoleFlag"], "referenceFunction": [], "style": [], "inheritClass": null, "wxss": [], "page": null, "path": "D:\\WORK\\2021\\MPDF\\baseline\\ui\\KING音乐健身\\personal.wxml", "child": [104], "parent": 102, "matchString": [{"type": "attr", "string": "{{myRoleFlag}}"}, {"type": "relation", "string": "{{item.value}}"}]}, {"id": 104, "type": "view", "string": null, "attribute": {"class": ["section", "section_gap"]}, "referenceVariable": [], "referenceFunction": [], "style": [], "inheritClass": null, "wxss": [], "page": null, "path": "D:\\WORK\\2021\\MPDF\\baseline\\ui\\KING音乐健身\\personal.wxml", "child": [105], "parent": 103, "matchString": [{"type": "relation", "string": "{{item.value}}"}]}, {"id": 105, "type": "radio-group", "string": null, "attribute": {"bindchange": "radioChange", "class": ["radio-group"]}, "referenceVariable": [], "referenceFunction": ["radioChange"], "style": [], "inheritClass": null, "wxss": [], "page": null, "path": "D:\\WORK\\2021\\MPDF\\baseline\\ui\\KING音乐健身\\personal.wxml", "child": [106], "parent": 104, "matchString": [{"type": "relation", "string": "{{item.value}}"}]}, {"id": 106, "type": "radio", "string": null, "attribute": {"checked": "{{item.checked}}", "class": ["radio"], "value": "{{item.name}}", "wx:for": "{{authority}}", "wx:key": "name"}, "referenceVariable": ["item.checked", "item.name", "authority"], "referenceFunction": [], "style": [], "inheritClass": null, "wxss": [], "page": null, "path": "D:\\WORK\\2021\\MPDF\\baseline\\ui\\KING音乐健身\\personal.wxml", "child": [107], "parent": 105, "matchString": [{"type": "relation", "string": "{{item.value}}"}]}, {"id": 107, "type": "text", "string": "{{item.value}}", "attribute": {}, "referenceVariable": [], "referenceFunction": [], "style": [], "inheritClass": null, "wxss": [], "page": null, "path": "D:\\WORK\\2021\\MPDF\\baseline\\ui\\KING音乐健身\\personal.wxml", "child": [], "parent": 106, "matchString": [{"type": "self", "string": "{{item.value}}"}]}, {"id": 108, "type": "view", "string": null, "attribute": {"class": ["applyphone"], "hidden": "{{phoneNumberFlag}}"}, "referenceVariable": ["phoneNumberFlag"], "referenceFunction": [], "style": [], "inheritClass": null, "wxss": [], "page": null, "path": "D:\\WORK\\2021\\MPDF\\baseline\\ui\\KING音乐健身\\personal.wxml", "child": [109], "parent": 0, "matchString": [{"type": "attr", "string": "{{phoneNumberFlag}}"}, {"type": "relation", "string": "微信快捷授权"}, {"type": "relation", "string": "getPhoneNumber"}, {"type": "relation", "string": "true"}]}, {"id": 109, "type": "view", "string": null, "attribute": {"class": ["outpack1"]}, "referenceVariable": [], "referenceFunction": [], "style": [], "inheritClass": null, "wxss": [], "page": null, "path": "D:\\WORK\\2021\\MPDF\\baseline\\ui\\KING音乐健身\\personal.wxml", "child": [110, 111], "parent": 108, "matchString": [{"type": "relation", "string": "微信快捷授权"}, {"type": "relation", "string": "getPhoneNumber"}, {"type": "relation", "string": "true"}]}, {"id": 110, "type": "image", "string": null, "attribute": {"mode": "widthFix", "src": "../../images/getphone.png"}, "referenceVariable": [], "referenceFunction": [], "style": [], "inheritClass": null, "wxss": [], "page": null, "path": "D:\\WORK\\2021\\MPDF\\baseline\\ui\\KING音乐健身\\personal.wxml", "child": [], "parent": 109, "matchString": []}, {"id": 111, "type": "view", "string": null, "attribute": {"class": ["fenxiang1"]}, "referenceVariable": [], "referenceFunction": [], "style": [], "inheritClass": null, "wxss": [], "page": null, "path": "D:\\WORK\\2021\\MPDF\\baseline\\ui\\KING音乐健身\\personal.wxml", "child": [112], "parent": 109, "matchString": [{"type": "relation", "string": "微信快捷授权"}, {"type": "relation", "string": "getPhoneNumber"}, {"type": "relation", "string": "true"}]}, {"id": 112, "type": "button", "string": "微信快捷授权", "attribute": {"bindgetphonenumber": "getPhoneNumber", "opentype": "getPhoneNumber", "plain": "true"}, "referenceVariable": [], "referenceFunction": ["getPhoneNumber"], "style": [], "inheritClass": null, "wxss": [], "page": null, "path": "D:\\WORK\\2021\\MPDF\\baseline\\ui\\KING音乐健身\\personal.wxml", "child": [], "parent": 111, "matchString": [{"type": "self", "string": "微信快捷授权"}, {"type": "attr", "string": "getPhoneNumber"}, {"type": "attr", "string": "true"}]}]