{
    "usingComponents": {
        "appoint-card": "/dist/appoint-card/index",
        "wux-cell-group": "/dist/wux/cell-group/index",
        "wux-cell": "/dist/wux/cell/index",
        "wux-picker": "/dist/wux/picker/index",
        "wux-tag": "/dist/wux/tag-cover/index",
        "wux-icon": "/dist/wux/icon/index",
        "wux-tag-switch": "/dist/wux/tag-switch/index",
        "wux-toast": "/dist/wux/toast/index",
        "wux-rater": "/dist/wux/rater/index",
        "wux-calendar": "/dist/wux/calendar/index",
        "i-icon": "/dist/icon/index"
    }
}