{
    "navigationBarTitleText": "疫苗类型",
    "usingComponents": {
        "wux-cell-group": "/dist/wux/cell-group/index",
        "wux-cell": "/dist/wux/cell/index",
        "wux-icon": "/dist/wux/icon/index",
        "wux-picker": "/dist/wux/picker/index",
        "wux-tag": "/dist/wux/tag/index",
        "wux-toast": "/dist/wux/toast/index",
        "wux-calendar": "/dist/wux/calendar/index",
        "wux-accordion-group": "/dist/wux/accordion-group/index",
        "wux-popover": "/dist/wux/popover/index",
        "wux-button": "/dist/wux/button/index",
        "wux-accordion": "/dist/wux/accordion/index",
        "wux-popup": "/dist/wux/popup/index",
        "i-button": "/dist/button/index",
        "wux-dialog": "/dist/wux/dialog/index"
    }
}