{"definedData":[],"dynamicDefinedData":[{"shadowObjectVar":"__object__1","dynamicDefinedProps":[{"propName":".setData","readShadows":[{"shadowVar":{"declaredName":"__object__1.setData","file":"D:\\WORK\\2022\\论文相关\\benchmark\\miniapp\\998二手挖机圈\\_-1965603458_27\\pages\\talents\\talents.js"},"readAccess":[{"leftVar":[{"declaredName":"o","declaredLoc":{"line":6,"column":12},"file":"D:\\WORK\\2022\\论文相关\\benchmark\\miniapp\\998二手挖机圈\\_-1965603458_27\\pages\\talents\\talents.js"}],"readFlow":[{"type":"assign to","from":{"name":"this","loc":{"line":6,"column":16},"id":30949,"file":"D:\\WORK\\2022\\论文相关\\benchmark\\miniapp\\998二手挖机圈\\_-1965603458_27\\pages\\talents\\talents.js"},"to":{"name":"o","loc":{"line":6,"column":12},"id":30948,"file":"D:\\WORK\\2022\\论文相关\\benchmark\\miniapp\\998二手挖机圈\\_-1965603458_27\\pages\\talents\\talents.js"}}]}]}],"writeShadows":[{"shadowVar":{"declaredName":"__object__1.setData","file":"D:\\WORK\\2022\\论文相关\\benchmark\\miniapp\\998二手挖机圈\\_-1965603458_27\\pages\\talents\\talents.js"},"writeAccess":[]}]},{"propName":".data","readShadows":[{"shadowVar":{"declaredName":"__object__1.data","declaredLoc":{"line":2,"column":4},"file":"D:\\WORK\\2022\\论文相关\\benchmark\\miniapp\\998二手挖机圈\\_-1965603458_27\\pages\\talents\\talents.js"},"readAccess":[{"leftVar":[{"declaredName":"o","declaredLoc":{"line":6,"column":12},"file":"D:\\WORK\\2022\\论文相关\\benchmark\\miniapp\\998二手挖机圈\\_-1965603458_27\\pages\\talents\\talents.js"}],"readFlow":[{"type":"assign to","from":{"name":"this","loc":{"line":6,"column":16},"id":30949,"file":"D:\\WORK\\2022\\论文相关\\benchmark\\miniapp\\998二手挖机圈\\_-1965603458_27\\pages\\talents\\talents.js"},"to":{"name":"o","loc":{"line":6,"column":12},"id":30948,"file":"D:\\WORK\\2022\\论文相关\\benchmark\\miniapp\\998二手挖机圈\\_-1965603458_27\\pages\\talents\\talents.js"}}]}]}],"writeShadows":[{"shadowVar":{"declaredName":"__object__1.data","declaredLoc":{"line":2,"column":4},"file":"D:\\WORK\\2022\\论文相关\\benchmark\\miniapp\\998二手挖机圈\\_-1965603458_27\\pages\\talents\\talents.js"},"writeAccess":[]}]},{"propName":".onLoad","readShadows":[{"shadowVar":{"declaredName":"__object__1.onLoad","declaredLoc":{"line":5,"column":4},"file":"D:\\WORK\\2022\\论文相关\\benchmark\\miniapp\\998二手挖机圈\\_-1965603458_27\\pages\\talents\\talents.js"},"readAccess":[{"leftVar":[{"declaredName":"o","declaredLoc":{"line":6,"column":12},"file":"D:\\WORK\\2022\\论文相关\\benchmark\\miniapp\\998二手挖机圈\\_-1965603458_27\\pages\\talents\\talents.js"}],"readFlow":[{"type":"assign to","from":{"name":"this","loc":{"line":6,"column":16},"id":30949,"file":"D:\\WORK\\2022\\论文相关\\benchmark\\miniapp\\998二手挖机圈\\_-1965603458_27\\pages\\talents\\talents.js"},"to":{"name":"o","loc":{"line":6,"column":12},"id":30948,"file":"D:\\WORK\\2022\\论文相关\\benchmark\\miniapp\\998二手挖机圈\\_-1965603458_27\\pages\\talents\\talents.js"}}]}]}],"writeShadows":[{"shadowVar":{"declaredName":"__object__1.onLoad","declaredLoc":{"line":5,"column":4},"file":"D:\\WORK\\2022\\论文相关\\benchmark\\miniapp\\998二手挖机圈\\_-1965603458_27\\pages\\talents\\talents.js"},"writeAccess":[]}]},{"propName":".onReady","readShadows":[{"shadowVar":{"declaredName":"__object__1.onReady","declaredLoc":{"line":11,"column":4},"file":"D:\\WORK\\2022\\论文相关\\benchmark\\miniapp\\998二手挖机圈\\_-1965603458_27\\pages\\talents\\talents.js"},"readAccess":[{"leftVar":[{"declaredName":"o","declaredLoc":{"line":6,"column":12},"file":"D:\\WORK\\2022\\论文相关\\benchmark\\miniapp\\998二手挖机圈\\_-1965603458_27\\pages\\talents\\talents.js"}],"readFlow":[{"type":"assign to","from":{"name":"this","loc":{"line":6,"column":16},"id":30949,"file":"D:\\WORK\\2022\\论文相关\\benchmark\\miniapp\\998二手挖机圈\\_-1965603458_27\\pages\\talents\\talents.js"},"to":{"name":"o","loc":{"line":6,"column":12},"id":30948,"file":"D:\\WORK\\2022\\论文相关\\benchmark\\miniapp\\998二手挖机圈\\_-1965603458_27\\pages\\talents\\talents.js"}}]}]}],"writeShadows":[{"shadowVar":{"declaredName":"__object__1.onReady","declaredLoc":{"line":11,"column":4},"file":"D:\\WORK\\2022\\论文相关\\benchmark\\miniapp\\998二手挖机圈\\_-1965603458_27\\pages\\talents\\talents.js"},"writeAccess":[]}]},{"propName":".onShow","readShadows":[{"shadowVar":{"declaredName":"__object__1.onShow","declaredLoc":{"line":12,"column":4},"file":"D:\\WORK\\2022\\论文相关\\benchmark\\miniapp\\998二手挖机圈\\_-1965603458_27\\pages\\talents\\talents.js"},"readAccess":[{"leftVar":[{"declaredName":"o","declaredLoc":{"line":6,"column":12},"file":"D:\\WORK\\2022\\论文相关\\benchmark\\miniapp\\998二手挖机圈\\_-1965603458_27\\pages\\talents\\talents.js"}],"readFlow":[{"type":"assign to","from":{"name":"this","loc":{"line":6,"column":16},"id":30949,"file":"D:\\WORK\\2022\\论文相关\\benchmark\\miniapp\\998二手挖机圈\\_-1965603458_27\\pages\\talents\\talents.js"},"to":{"name":"o","loc":{"line":6,"column":12},"id":30948,"file":"D:\\WORK\\2022\\论文相关\\benchmark\\miniapp\\998二手挖机圈\\_-1965603458_27\\pages\\talents\\talents.js"}}]}]}],"writeShadows":[{"shadowVar":{"declaredName":"__object__1.onShow","declaredLoc":{"line":12,"column":4},"file":"D:\\WORK\\2022\\论文相关\\benchmark\\miniapp\\998二手挖机圈\\_-1965603458_27\\pages\\talents\\talents.js"},"writeAccess":[]}]},{"propName":".onHide","readShadows":[{"shadowVar":{"declaredName":"__object__1.onHide","declaredLoc":{"line":13,"column":4},"file":"D:\\WORK\\2022\\论文相关\\benchmark\\miniapp\\998二手挖机圈\\_-1965603458_27\\pages\\talents\\talents.js"},"readAccess":[{"leftVar":[{"declaredName":"o","declaredLoc":{"line":6,"column":12},"file":"D:\\WORK\\2022\\论文相关\\benchmark\\miniapp\\998二手挖机圈\\_-1965603458_27\\pages\\talents\\talents.js"}],"readFlow":[{"type":"assign to","from":{"name":"this","loc":{"line":6,"column":16},"id":30949,"file":"D:\\WORK\\2022\\论文相关\\benchmark\\miniapp\\998二手挖机圈\\_-1965603458_27\\pages\\talents\\talents.js"},"to":{"name":"o","loc":{"line":6,"column":12},"id":30948,"file":"D:\\WORK\\2022\\论文相关\\benchmark\\miniapp\\998二手挖机圈\\_-1965603458_27\\pages\\talents\\talents.js"}}]}]}],"writeShadows":[{"shadowVar":{"declaredName":"__object__1.onHide","declaredLoc":{"line":13,"column":4},"file":"D:\\WORK\\2022\\论文相关\\benchmark\\miniapp\\998二手挖机圈\\_-1965603458_27\\pages\\talents\\talents.js"},"writeAccess":[]}]},{"propName":".onUnload","readShadows":[{"shadowVar":{"declaredName":"__object__1.onUnload","declaredLoc":{"line":14,"column":4},"file":"D:\\WORK\\2022\\论文相关\\benchmark\\miniapp\\998二手挖机圈\\_-1965603458_27\\pages\\talents\\talents.js"},"readAccess":[{"leftVar":[{"declaredName":"o","declaredLoc":{"line":6,"column":12},"file":"D:\\WORK\\2022\\论文相关\\benchmark\\miniapp\\998二手挖机圈\\_-1965603458_27\\pages\\talents\\talents.js"}],"readFlow":[{"type":"assign to","from":{"name":"this","loc":{"line":6,"column":16},"id":30949,"file":"D:\\WORK\\2022\\论文相关\\benchmark\\miniapp\\998二手挖机圈\\_-1965603458_27\\pages\\talents\\talents.js"},"to":{"name":"o","loc":{"line":6,"column":12},"id":30948,"file":"D:\\WORK\\2022\\论文相关\\benchmark\\miniapp\\998二手挖机圈\\_-1965603458_27\\pages\\talents\\talents.js"}}]}]}],"writeShadows":[{"shadowVar":{"declaredName":"__object__1.onUnload","declaredLoc":{"line":14,"column":4},"file":"D:\\WORK\\2022\\论文相关\\benchmark\\miniapp\\998二手挖机圈\\_-1965603458_27\\pages\\talents\\talents.js"},"writeAccess":[]}]},{"propName":".onPullDownRefresh","readShadows":[{"shadowVar":{"declaredName":"__object__1.onPullDownRefresh","declaredLoc":{"line":15,"column":4},"file":"D:\\WORK\\2022\\论文相关\\benchmark\\miniapp\\998二手挖机圈\\_-1965603458_27\\pages\\talents\\talents.js"},"readAccess":[{"leftVar":[{"declaredName":"o","declaredLoc":{"line":6,"column":12},"file":"D:\\WORK\\2022\\论文相关\\benchmark\\miniapp\\998二手挖机圈\\_-1965603458_27\\pages\\talents\\talents.js"}],"readFlow":[{"type":"assign to","from":{"name":"this","loc":{"line":6,"column":16},"id":30949,"file":"D:\\WORK\\2022\\论文相关\\benchmark\\miniapp\\998二手挖机圈\\_-1965603458_27\\pages\\talents\\talents.js"},"to":{"name":"o","loc":{"line":6,"column":12},"id":30948,"file":"D:\\WORK\\2022\\论文相关\\benchmark\\miniapp\\998二手挖机圈\\_-1965603458_27\\pages\\talents\\talents.js"}}]}]}],"writeShadows":[{"shadowVar":{"declaredName":"__object__1.onPullDownRefresh","declaredLoc":{"line":15,"column":4},"file":"D:\\WORK\\2022\\论文相关\\benchmark\\miniapp\\998二手挖机圈\\_-1965603458_27\\pages\\talents\\talents.js"},"writeAccess":[]}]},{"propName":".onReachBottom","readShadows":[{"shadowVar":{"declaredName":"__object__1.onReachBottom","declaredLoc":{"line":16,"column":4},"file":"D:\\WORK\\2022\\论文相关\\benchmark\\miniapp\\998二手挖机圈\\_-1965603458_27\\pages\\talents\\talents.js"},"readAccess":[{"leftVar":[{"declaredName":"o","declaredLoc":{"line":6,"column":12},"file":"D:\\WORK\\2022\\论文相关\\benchmark\\miniapp\\998二手挖机圈\\_-1965603458_27\\pages\\talents\\talents.js"}],"readFlow":[{"type":"assign to","from":{"name":"this","loc":{"line":6,"column":16},"id":30949,"file":"D:\\WORK\\2022\\论文相关\\benchmark\\miniapp\\998二手挖机圈\\_-1965603458_27\\pages\\talents\\talents.js"},"to":{"name":"o","loc":{"line":6,"column":12},"id":30948,"file":"D:\\WORK\\2022\\论文相关\\benchmark\\miniapp\\998二手挖机圈\\_-1965603458_27\\pages\\talents\\talents.js"}}]}]}],"writeShadows":[{"shadowVar":{"declaredName":"__object__1.onReachBottom","declaredLoc":{"line":16,"column":4},"file":"D:\\WORK\\2022\\论文相关\\benchmark\\miniapp\\998二手挖机圈\\_-1965603458_27\\pages\\talents\\talents.js"},"writeAccess":[]}]},{"propName":".onShareAppMessage","readShadows":[{"shadowVar":{"declaredName":"__object__1.onShareAppMessage","declaredLoc":{"line":17,"column":4},"file":"D:\\WORK\\2022\\论文相关\\benchmark\\miniapp\\998二手挖机圈\\_-1965603458_27\\pages\\talents\\talents.js"},"readAccess":[{"leftVar":[{"declaredName":"o","declaredLoc":{"line":6,"column":12},"file":"D:\\WORK\\2022\\论文相关\\benchmark\\miniapp\\998二手挖机圈\\_-1965603458_27\\pages\\talents\\talents.js"}],"readFlow":[{"type":"assign to","from":{"name":"this","loc":{"line":6,"column":16},"id":30949,"file":"D:\\WORK\\2022\\论文相关\\benchmark\\miniapp\\998二手挖机圈\\_-1965603458_27\\pages\\talents\\talents.js"},"to":{"name":"o","loc":{"line":6,"column":12},"id":30948,"file":"D:\\WORK\\2022\\论文相关\\benchmark\\miniapp\\998二手挖机圈\\_-1965603458_27\\pages\\talents\\talents.js"}}]}]}],"writeShadows":[{"shadowVar":{"declaredName":"__object__1.onShareAppMessage","declaredLoc":{"line":17,"column":4},"file":"D:\\WORK\\2022\\论文相关\\benchmark\\miniapp\\998二手挖机圈\\_-1965603458_27\\pages\\talents\\talents.js"},"writeAccess":[]}]}]},{"shadowObjectVar":"__object__2","dynamicDefinedProps":[{"propName":".zp","readShadows":[{"shadowVar":{"declaredName":"__object__2.zp","declaredLoc":{"line":3,"column":8},"file":"D:\\WORK\\2022\\论文相关\\benchmark\\miniapp\\998二手挖机圈\\_-1965603458_27\\pages\\talents\\talents.js"},"readAccess":[{"leftVar":[{"declaredName":"__object__1.data","declaredLoc":{"line":2,"column":4},"file":"D:\\WORK\\2022\\论文相关\\benchmark\\miniapp\\998二手挖机圈\\_-1965603458_27\\pages\\talents\\talents.js"}],"readFlow":[{"type":"assign to","from":{"name":"zp","loc":{"line":3,"column":8},"id":30939,"file":"D:\\WORK\\2022\\论文相关\\benchmark\\miniapp\\998二手挖机圈\\_-1965603458_27\\pages\\talents\\talents.js"},"to":{"name":"data","loc":{"line":2,"column":4},"id":30936,"file":"D:\\WORK\\2022\\论文相关\\benchmark\\miniapp\\998二手挖机圈\\_-1965603458_27\\pages\\talents\\talents.js"}},{"type":"to callee","from":{"name":"data","loc":{"line":2,"column":4},"id":30936,"file":"D:\\WORK\\2022\\论文相关\\benchmark\\miniapp\\998二手挖机圈\\_-1965603458_27\\pages\\talents\\talents.js"},"to":{"name":"Page","loc":{"line":1,"column":0},"id":30933,"file":"D:\\WORK\\2022\\论文相关\\benchmark\\miniapp\\998二手挖机圈\\_-1965603458_27\\pages\\talents\\talents.js"}},{"type":"read","from":{"name":"data","loc":{"line":2,"column":4},"id":30936,"file":"D:\\WORK\\2022\\论文相关\\benchmark\\miniapp\\998二手挖机圈\\_-1965603458_27\\pages\\talents\\talents.js"},"to":{"name":"this","loc":{"line":6,"column":16},"id":30949,"file":"D:\\WORK\\2022\\论文相关\\benchmark\\miniapp\\998二手挖机圈\\_-1965603458_27\\pages\\talents\\talents.js"}},{"type":"assign to","from":{"name":"this","loc":{"line":6,"column":16},"id":30949,"file":"D:\\WORK\\2022\\论文相关\\benchmark\\miniapp\\998二手挖机圈\\_-1965603458_27\\pages\\talents\\talents.js"},"to":{"name":"o","loc":{"line":6,"column":12},"id":30948,"file":"D:\\WORK\\2022\\论文相关\\benchmark\\miniapp\\998二手挖机圈\\_-1965603458_27\\pages\\talents\\talents.js"}}]}]}],"writeShadows":[{"shadowVar":{"declaredName":"__object__2.zp","declaredLoc":{"line":3,"column":8},"file":"D:\\WORK\\2022\\论文相关\\benchmark\\miniapp\\998二手挖机圈\\_-1965603458_27\\pages\\talents\\talents.js"},"writeAccess":[]}]}]}]}