[{"id": 0, "type": "[document]", "string": null, "attribute": {}, "referenceVariable": [], "referenceFunction": [], "style": [], "inheritClass": null, "wxss": [], "page": null, "path": "D:\\WORK\\2021\\MPDF\\baseline\\ui\\爆单服+\\cps-search-input.wxml", "child": [1], "parent": null, "matchString": [{"type": "relation", "string": "search"}, {"type": "relation", "string": "快速搜索车辆名称或品牌"}]}, {"id": 1, "type": "view", "string": null, "attribute": {"class": ["cps-searchs", "width-full", "pl-14", "pr-14", "flex-wrap", "relative"]}, "referenceVariable": [], "referenceFunction": [], "style": [], "inheritClass": null, "wxss": [], "page": null, "path": "D:\\WORK\\2021\\MPDF\\baseline\\ui\\爆单服+\\cps-search-input.wxml", "child": [2, 3], "parent": 0, "matchString": [{"type": "relation", "string": "search"}, {"type": "relation", "string": "快速搜索车辆名称或品牌"}]}, {"id": 2, "type": "input", "string": null, "attribute": {"bindconfirm": "bindSearchConfirm", "bindinput": "didInput", "class": ["cps-searchs-input", "font-14", "color-5e7"], "confirmtype": "search", "placeholder": "快速搜索车辆名称或品牌", "placeholderstyle": "color:#5E7EFF;", "type": "text"}, "referenceVariable": [], "referenceFunction": ["bindSearchConfirm", "didInput"], "style": [], "inheritClass": null, "wxss": [], "page": null, "path": "D:\\WORK\\2021\\MPDF\\baseline\\ui\\爆单服+\\cps-search-input.wxml", "child": [], "parent": 1, "matchString": [{"type": "attr", "string": "search"}, {"type": "attr", "string": "快速搜索车辆名称或品牌"}, {"type": "relation", "string": "快速搜索车辆名称或品牌"}]}, {"id": 3, "type": "image", "string": null, "attribute": {"bindtap": "bindSearchConfirm", "class": ["cps-searchs-image"], "src": "../../images/cloud-car/ic_model_search.png"}, "referenceVariable": [], "referenceFunction": ["bindSearchConfirm"], "style": [], "inheritClass": null, "wxss": [], "page": null, "path": "D:\\WORK\\2021\\MPDF\\baseline\\ui\\爆单服+\\cps-search-input.wxml", "child": [], "parent": 1, "matchString": [{"type": "relation", "string": "快速搜索车辆名称或品牌"}]}]