[{"id": 0, "type": "[document]", "string": null, "attribute": {}, "referenceVariable": [], "referenceFunction": [], "style": [], "inheritClass": null, "wxss": [], "page": null, "path": "D:\\WORK\\2021\\MPDF\\baseline\\ui\\单单记账\\target-set.wxml", "child": [1, 2, 3, 4, 27], "parent": null, "matchString": [{"type": "relation", "string": "{{['back']}}"}, {"type": "relation", "string": "\n    创建你的存钱目标\n  "}, {"type": "relation", "string": "目标名"}, {"type": "relation", "string": "name"}, {"type": "relation", "string": "目标要明确哦"}, {"type": "relation", "string": "结束日"}, {"type": "relation", "string": "{{minEndDate}}"}, {"type": "relation", "string": "\n            {{endDate?wxs.formatDate(endDate):'选择目标截止时间'}}\n          "}, {"type": "relation", "string": "初始金额"}, {"type": "relation", "string": "startmoney"}, {"type": "relation", "string": "你现有的钱数"}, {"type": "relation", "string": "目标金额"}, {"type": "relation", "string": "money"}, {"type": "relation", "string": "目标要存多少钱"}, {"type": "relation", "string": "当前版本暂不支持修改已创建的目标，先仔细定个目标～"}, {"type": "relation", "string": "冲鸭"}, {"type": "relation", "string": "\nvar formatDate = (function(date) {\n    var dateArr = date.split('-');\n    return (dateArr[(0)] + '年' + dateArr[(1)] + '月' + dateArr[(2)] + '日')\n});\nmodule.exports.formatDate = formatDate;\n"}, {"type": "relation", "string": "wxs"}]}, {"id": 1, "type": "nav", "string": null, "attribute": {"class": ["nav-instance"], "showicons": "{{['back']}}"}, "referenceVariable": ["['back']"], "referenceFunction": [], "style": [], "inheritClass": null, "wxss": [], "page": null, "path": "D:\\WORK\\2021\\MPDF\\baseline\\ui\\单单记账\\target-set.wxml", "child": [], "parent": 0, "matchString": [{"type": "attr", "string": "{{['back']}}"}]}, {"id": 2, "type": "view", "string": null, "attribute": {"class": ["circle", "circle-one"]}, "referenceVariable": [], "referenceFunction": [], "style": [], "inheritClass": null, "wxss": [], "page": null, "path": "D:\\WORK\\2021\\MPDF\\baseline\\ui\\单单记账\\target-set.wxml", "child": [], "parent": 0, "matchString": []}, {"id": 3, "type": "view", "string": null, "attribute": {"class": ["circle", "circle-two"]}, "referenceVariable": [], "referenceFunction": [], "style": [], "inheritClass": null, "wxss": [], "page": null, "path": "D:\\WORK\\2021\\MPDF\\baseline\\ui\\单单记账\\target-set.wxml", "child": [], "parent": 0, "matchString": []}, {"id": 4, "type": "view", "string": null, "attribute": {"class": ["target-set"]}, "referenceVariable": [], "referenceFunction": [], "style": [], "inheritClass": null, "wxss": [], "page": null, "path": "D:\\WORK\\2021\\MPDF\\baseline\\ui\\单单记账\\target-set.wxml", "child": [5, 6], "parent": 0, "matchString": [{"type": "relation", "string": "\n    创建你的存钱目标\n  "}, {"type": "relation", "string": "目标名"}, {"type": "relation", "string": "name"}, {"type": "relation", "string": "目标要明确哦"}, {"type": "relation", "string": "结束日"}, {"type": "relation", "string": "{{minEndDate}}"}, {"type": "relation", "string": "\n            {{endDate?wxs.formatDate(endDate):'选择目标截止时间'}}\n          "}, {"type": "relation", "string": "初始金额"}, {"type": "relation", "string": "startmoney"}, {"type": "relation", "string": "你现有的钱数"}, {"type": "relation", "string": "目标金额"}, {"type": "relation", "string": "money"}, {"type": "relation", "string": "目标要存多少钱"}, {"type": "relation", "string": "当前版本暂不支持修改已创建的目标，先仔细定个目标～"}, {"type": "relation", "string": "冲鸭"}]}, {"id": 5, "type": "view", "string": "\n    创建你的存钱目标\n  ", "attribute": {"class": ["title", "base-padding"]}, "referenceVariable": [], "referenceFunction": [], "style": [], "inheritClass": null, "wxss": [], "page": null, "path": "D:\\WORK\\2021\\MPDF\\baseline\\ui\\单单记账\\target-set.wxml", "child": [], "parent": 4, "matchString": [{"type": "self", "string": "\n    创建你的存钱目标\n  "}, {"type": "relation", "string": "\n    创建你的存钱目标\n  "}]}, {"id": 6, "type": "view", "string": null, "attribute": {"class": ["form"]}, "referenceVariable": [], "referenceFunction": [], "style": [], "inheritClass": null, "wxss": [], "page": null, "path": "D:\\WORK\\2021\\MPDF\\baseline\\ui\\单单记账\\target-set.wxml", "child": [7, 11, 16], "parent": 4, "matchString": [{"type": "relation", "string": "目标名"}, {"type": "relation", "string": "name"}, {"type": "relation", "string": "目标要明确哦"}, {"type": "relation", "string": "结束日"}, {"type": "relation", "string": "{{minEndDate}}"}, {"type": "relation", "string": "\n            {{endDate?wxs.formatDate(endDate):'选择目标截止时间'}}\n          "}, {"type": "relation", "string": "初始金额"}, {"type": "relation", "string": "startmoney"}, {"type": "relation", "string": "你现有的钱数"}, {"type": "relation", "string": "目标金额"}, {"type": "relation", "string": "money"}, {"type": "relation", "string": "目标要存多少钱"}, {"type": "relation", "string": "当前版本暂不支持修改已创建的目标，先仔细定个目标～"}, {"type": "relation", "string": "冲鸭"}]}, {"id": 7, "type": "view", "string": null, "attribute": {"class": ["form-item", "base-padding"]}, "referenceVariable": [], "referenceFunction": [], "style": [], "inheritClass": null, "wxss": [], "page": null, "path": "D:\\WORK\\2021\\MPDF\\baseline\\ui\\单单记账\\target-set.wxml", "child": [8, 9], "parent": 6, "matchString": [{"type": "relation", "string": "目标名"}, {"type": "relation", "string": "name"}, {"type": "relation", "string": "目标要明确哦"}]}, {"id": 8, "type": "view", "string": "目标名", "attribute": {"class": ["form-label"]}, "referenceVariable": [], "referenceFunction": [], "style": [], "inheritClass": null, "wxss": [], "page": null, "path": "D:\\WORK\\2021\\MPDF\\baseline\\ui\\单单记账\\target-set.wxml", "child": [], "parent": 7, "matchString": [{"type": "self", "string": "目标名"}]}, {"id": 9, "type": "view", "string": null, "attribute": {"class": ["form-input"]}, "referenceVariable": [], "referenceFunction": [], "style": [], "inheritClass": null, "wxss": [], "page": null, "path": "D:\\WORK\\2021\\MPDF\\baseline\\ui\\单单记账\\target-set.wxml", "child": [10], "parent": 7, "matchString": [{"type": "relation", "string": "name"}, {"type": "relation", "string": "目标要明确哦"}]}, {"id": 10, "type": "input", "string": null, "attribute": {"bindinput": "onInput", "data-target": "name", "placeholder": "目标要明确哦", "type": "text", "value": "{{name}}"}, "referenceVariable": ["name"], "referenceFunction": ["onInput"], "style": [], "inheritClass": null, "wxss": [], "page": null, "path": "D:\\WORK\\2021\\MPDF\\baseline\\ui\\单单记账\\target-set.wxml", "child": [], "parent": 9, "matchString": [{"type": "attr", "string": "name"}, {"type": "attr", "string": "目标要明确哦"}]}, {"id": 11, "type": "view", "string": null, "attribute": {"class": ["form-item", "base-padding"]}, "referenceVariable": [], "referenceFunction": [], "style": [], "inheritClass": null, "wxss": [], "page": null, "path": "D:\\WORK\\2021\\MPDF\\baseline\\ui\\单单记账\\target-set.wxml", "child": [12, 13], "parent": 6, "matchString": [{"type": "relation", "string": "结束日"}, {"type": "relation", "string": "{{minEndDate}}"}, {"type": "relation", "string": "\n            {{endDate?wxs.formatDate(endDate):'选择目标截止时间'}}\n          "}]}, {"id": 12, "type": "view", "string": "结束日", "attribute": {"class": ["form-label"]}, "referenceVariable": [], "referenceFunction": [], "style": [], "inheritClass": null, "wxss": [], "page": null, "path": "D:\\WORK\\2021\\MPDF\\baseline\\ui\\单单记账\\target-set.wxml", "child": [], "parent": 11, "matchString": [{"type": "self", "string": "结束日"}]}, {"id": 13, "type": "view", "string": null, "attribute": {"class": ["form-input"]}, "referenceVariable": [], "referenceFunction": [], "style": [], "inheritClass": null, "wxss": [], "page": null, "path": "D:\\WORK\\2021\\MPDF\\baseline\\ui\\单单记账\\target-set.wxml", "child": [14], "parent": 11, "matchString": [{"type": "relation", "string": "{{minEndDate}}"}, {"type": "relation", "string": "\n            {{endDate?wxs.formatDate(endDate):'选择目标截止时间'}}\n          "}]}, {"id": 14, "type": "picker", "string": null, "attribute": {"bindchange": "bindDateChange", "mode": "date", "start": "{{minEndDate}}", "value": "{{endDate}}"}, "referenceVariable": ["minEndDate", "endDate"], "referenceFunction": ["bindDateChange"], "style": [], "inheritClass": null, "wxss": [], "page": null, "path": "D:\\WORK\\2021\\MPDF\\baseline\\ui\\单单记账\\target-set.wxml", "child": [15], "parent": 13, "matchString": [{"type": "attr", "string": "{{minEndDate}}"}, {"type": "relation", "string": "\n            {{endDate?wxs.formatDate(endDate):'选择目标截止时间'}}\n          "}]}, {"id": 15, "type": "view", "string": "\n            {{endDate?wxs.formatDate(endDate):'选择目标截止时间'}}\n          ", "attribute": {"class": ["picker"]}, "referenceVariable": [], "referenceFunction": [], "style": [], "inheritClass": null, "wxss": [], "page": null, "path": "D:\\WORK\\2021\\MPDF\\baseline\\ui\\单单记账\\target-set.wxml", "child": [], "parent": 14, "matchString": [{"type": "self", "string": "\n            {{endDate?wxs.formatDate(endDate):'选择目标截止时间'}}\n          "}]}, {"id": 16, "type": "view", "string": null, "attribute": {"class": ["money", "base-padding"]}, "referenceVariable": [], "referenceFunction": [], "style": [], "inheritClass": null, "wxss": [], "page": null, "path": "D:\\WORK\\2021\\MPDF\\baseline\\ui\\单单记账\\target-set.wxml", "child": [17, 21, 25, 26], "parent": 6, "matchString": [{"type": "relation", "string": "初始金额"}, {"type": "relation", "string": "startmoney"}, {"type": "relation", "string": "你现有的钱数"}, {"type": "relation", "string": "目标金额"}, {"type": "relation", "string": "money"}, {"type": "relation", "string": "目标要存多少钱"}, {"type": "relation", "string": "当前版本暂不支持修改已创建的目标，先仔细定个目标～"}, {"type": "relation", "string": "冲鸭"}]}, {"id": 17, "type": "view", "string": null, "attribute": {"class": ["form-item"]}, "referenceVariable": [], "referenceFunction": [], "style": [], "inheritClass": null, "wxss": [], "page": null, "path": "D:\\WORK\\2021\\MPDF\\baseline\\ui\\单单记账\\target-set.wxml", "child": [18, 19], "parent": 16, "matchString": [{"type": "relation", "string": "初始金额"}, {"type": "relation", "string": "startmoney"}, {"type": "relation", "string": "你现有的钱数"}]}, {"id": 18, "type": "view", "string": "初始金额", "attribute": {"class": ["form-label"]}, "referenceVariable": [], "referenceFunction": [], "style": [], "inheritClass": null, "wxss": [], "page": null, "path": "D:\\WORK\\2021\\MPDF\\baseline\\ui\\单单记账\\target-set.wxml", "child": [], "parent": 17, "matchString": [{"type": "self", "string": "初始金额"}]}, {"id": 19, "type": "view", "string": null, "attribute": {"class": ["form-input"]}, "referenceVariable": [], "referenceFunction": [], "style": [], "inheritClass": null, "wxss": [], "page": null, "path": "D:\\WORK\\2021\\MPDF\\baseline\\ui\\单单记账\\target-set.wxml", "child": [20], "parent": 17, "matchString": [{"type": "relation", "string": "startmoney"}, {"type": "relation", "string": "你现有的钱数"}]}, {"id": 20, "type": "input", "string": null, "attribute": {"bindinput": "onInput", "data-target": "startmoney", "placeholder": "你现有的钱数", "type": "number", "value": "{{startmoney}}"}, "referenceVariable": ["startmoney"], "referenceFunction": ["onInput"], "style": [], "inheritClass": null, "wxss": [], "page": null, "path": "D:\\WORK\\2021\\MPDF\\baseline\\ui\\单单记账\\target-set.wxml", "child": [], "parent": 19, "matchString": [{"type": "attr", "string": "startmoney"}, {"type": "attr", "string": "你现有的钱数"}]}, {"id": 21, "type": "view", "string": null, "attribute": {"class": ["form-item"]}, "referenceVariable": [], "referenceFunction": [], "style": [], "inheritClass": null, "wxss": [], "page": null, "path": "D:\\WORK\\2021\\MPDF\\baseline\\ui\\单单记账\\target-set.wxml", "child": [22, 23], "parent": 16, "matchString": [{"type": "relation", "string": "目标金额"}, {"type": "relation", "string": "money"}, {"type": "relation", "string": "目标要存多少钱"}]}, {"id": 22, "type": "view", "string": "目标金额", "attribute": {"class": ["form-label"]}, "referenceVariable": [], "referenceFunction": [], "style": [], "inheritClass": null, "wxss": [], "page": null, "path": "D:\\WORK\\2021\\MPDF\\baseline\\ui\\单单记账\\target-set.wxml", "child": [], "parent": 21, "matchString": [{"type": "self", "string": "目标金额"}]}, {"id": 23, "type": "view", "string": null, "attribute": {"class": ["form-input"]}, "referenceVariable": [], "referenceFunction": [], "style": [], "inheritClass": null, "wxss": [], "page": null, "path": "D:\\WORK\\2021\\MPDF\\baseline\\ui\\单单记账\\target-set.wxml", "child": [24], "parent": 21, "matchString": [{"type": "relation", "string": "money"}, {"type": "relation", "string": "目标要存多少钱"}]}, {"id": 24, "type": "input", "string": null, "attribute": {"bindinput": "onInput", "data-target": "money", "placeholder": "目标要存多少钱", "type": "number", "value": "{{money}}"}, "referenceVariable": ["money"], "referenceFunction": ["onInput"], "style": [], "inheritClass": null, "wxss": [], "page": null, "path": "D:\\WORK\\2021\\MPDF\\baseline\\ui\\单单记账\\target-set.wxml", "child": [], "parent": 23, "matchString": [{"type": "attr", "string": "money"}, {"type": "attr", "string": "目标要存多少钱"}]}, {"id": 25, "type": "view", "string": "当前版本暂不支持修改已创建的目标，先仔细定个目标～", "attribute": {"class": ["tip"], "style": "font-size: 25rpx;color: #B4B4B6;"}, "referenceVariable": [], "referenceFunction": [], "style": [], "inheritClass": null, "wxss": [], "page": null, "path": "D:\\WORK\\2021\\MPDF\\baseline\\ui\\单单记账\\target-set.wxml", "child": [], "parent": 16, "matchString": [{"type": "self", "string": "当前版本暂不支持修改已创建的目标，先仔细定个目标～"}]}, {"id": 26, "type": "view", "string": "冲鸭", "attribute": {"bindtap": "confirm", "class": ["create"]}, "referenceVariable": [], "referenceFunction": ["confirm"], "style": [], "inheritClass": null, "wxss": [], "page": null, "path": "D:\\WORK\\2021\\MPDF\\baseline\\ui\\单单记账\\target-set.wxml", "child": [], "parent": 16, "matchString": [{"type": "self", "string": "冲鸭"}]}, {"id": 27, "type": "wxs", "string": "\nvar formatDate = (function(date) {\n    var dateArr = date.split('-');\n    return (dateArr[(0)] + '年' + dateArr[(1)] + '月' + dateArr[(2)] + '日')\n});\nmodule.exports.formatDate = formatDate;\n", "attribute": {"module": "wxs"}, "referenceVariable": [], "referenceFunction": [], "style": [], "inheritClass": null, "wxss": [], "page": null, "path": "D:\\WORK\\2021\\MPDF\\baseline\\ui\\单单记账\\target-set.wxml", "child": [], "parent": 0, "matchString": [{"type": "self", "string": "\nvar formatDate = (function(date) {\n    var dateArr = date.split('-');\n    return (dateArr[(0)] + '年' + dateArr[(1)] + '月' + dateArr[(2)] + '日')\n});\nmodule.exports.formatDate = formatDate;\n"}, {"type": "attr", "string": "wxs"}]}]