[{"id": 0, "type": "[document]", "string": null, "attribute": {}, "referenceVariable": [], "referenceFunction": [], "style": [], "inheritClass": null, "wxss": [], "page": null, "path": "D:\\WORK\\2021\\MPDF\\baseline\\ui\\伴伴陪玩\\bindPhone.wxml", "child": [1], "parent": null, "matchString": [{"type": "relation", "string": "手机号绑定"}, {"type": "relation", "string": "根据国家法规，使用此功能前需要先绑定手机号码～"}, {"type": "relation", "string": "去绑定"}, {"type": "relation", "string": "this"}, {"type": "relation", "string": "getPhoneNumber"}]}, {"id": 1, "type": "block", "string": null, "attribute": {"wx:if": "{{$taroCompReady}}"}, "referenceVariable": ["$taroCompReady"], "referenceFunction": [], "style": [], "inheritClass": null, "wxss": [], "page": null, "path": "D:\\WORK\\2021\\MPDF\\baseline\\ui\\伴伴陪玩\\bindPhone.wxml", "child": [2, 3], "parent": 0, "matchString": [{"type": "relation", "string": "手机号绑定"}, {"type": "relation", "string": "根据国家法规，使用此功能前需要先绑定手机号码～"}, {"type": "relation", "string": "去绑定"}, {"type": "relation", "string": "this"}, {"type": "relation", "string": "getPhoneNumber"}]}, {"id": 2, "type": "view", "string": null, "attribute": {"wx:if": "{{!show}}"}, "referenceVariable": ["!show"], "referenceFunction": [], "style": [], "inheritClass": null, "wxss": [], "page": null, "path": "D:\\WORK\\2021\\MPDF\\baseline\\ui\\伴伴陪玩\\bindPhone.wxml", "child": [], "parent": 1, "matchString": [{"type": "relation", "string": "getPhoneNumber"}]}, {"id": 3, "type": "view", "string": null, "attribute": {"catchtap": "anonymousFunc0", "class": ["bind-phone-mask"], "wx:else": ""}, "referenceVariable": [], "referenceFunction": [], "style": [], "inheritClass": null, "wxss": [], "page": null, "path": "D:\\WORK\\2021\\MPDF\\baseline\\ui\\伴伴陪玩\\bindPhone.wxml", "child": [4], "parent": 1, "matchString": [{"type": "relation", "string": "手机号绑定"}, {"type": "relation", "string": "根据国家法规，使用此功能前需要先绑定手机号码～"}, {"type": "relation", "string": "去绑定"}, {"type": "relation", "string": "this"}, {"type": "relation", "string": "getPhoneNumber"}]}, {"id": 4, "type": "view", "string": null, "attribute": {"class": ["bind-phone-main"]}, "referenceVariable": [], "referenceFunction": [], "style": [], "inheritClass": null, "wxss": [], "page": null, "path": "D:\\WORK\\2021\\MPDF\\baseline\\ui\\伴伴陪玩\\bindPhone.wxml", "child": [5, 7, 8, 9, 10], "parent": 3, "matchString": [{"type": "relation", "string": "手机号绑定"}, {"type": "relation", "string": "根据国家法规，使用此功能前需要先绑定手机号码～"}, {"type": "relation", "string": "去绑定"}, {"type": "relation", "string": "this"}, {"type": "relation", "string": "getPhoneNumber"}]}, {"id": 5, "type": "view", "string": null, "attribute": {"catchtap": "anonymousFunc1", "class": ["xbox"], "wx:if": "{{closeabled}}"}, "referenceVariable": ["closeabled"], "referenceFunction": [], "style": [], "inheritClass": null, "wxss": [], "page": null, "path": "D:\\WORK\\2021\\MPDF\\baseline\\ui\\伴伴陪玩\\bindPhone.wxml", "child": [6], "parent": 4, "matchString": []}, {"id": 6, "type": "image", "string": null, "attribute": {"class": ["x"], "src": "{{anonymousState__temp}}"}, "referenceVariable": ["anonymousState__temp"], "referenceFunction": [], "style": [], "inheritClass": null, "wxss": [], "page": null, "path": "D:\\WORK\\2021\\MPDF\\baseline\\ui\\伴伴陪玩\\bindPhone.wxml", "child": [], "parent": 5, "matchString": []}, {"id": 7, "type": "view", "string": "手机号绑定", "attribute": {"class": ["h3"]}, "referenceVariable": [], "referenceFunction": [], "style": [], "inheritClass": null, "wxss": [], "page": null, "path": "D:\\WORK\\2021\\MPDF\\baseline\\ui\\伴伴陪玩\\bindPhone.wxml", "child": [], "parent": 4, "matchString": [{"type": "self", "string": "手机号绑定"}]}, {"id": 8, "type": "view", "string": "根据国家法规，使用此功能前需要先绑定手机号码～", "attribute": {"class": ["p"]}, "referenceVariable": [], "referenceFunction": [], "style": [], "inheritClass": null, "wxss": [], "page": null, "path": "D:\\WORK\\2021\\MPDF\\baseline\\ui\\伴伴陪玩\\bindPhone.wxml", "child": [], "parent": 4, "matchString": [{"type": "self", "string": "根据国家法规，使用此功能前需要先绑定手机号码～"}]}, {"id": 9, "type": "button", "string": "去绑定", "attribute": {"bindgetphonenumber": "onBindgetphonenumber", "class": ["tobind"], "data-e-getphonenumber-so": "this", "opentype": "getPhoneNumber", "wx:if": "{{appPlatform!='qq'}}"}, "referenceVariable": ["appPlatform!='qq'"], "referenceFunction": ["onBindgetphonenumber"], "style": [], "inheritClass": null, "wxss": [], "page": null, "path": "D:\\WORK\\2021\\MPDF\\baseline\\ui\\伴伴陪玩\\bindPhone.wxml", "child": [], "parent": 4, "matchString": [{"type": "self", "string": "去绑定"}, {"type": "attr", "string": "this"}, {"type": "attr", "string": "getPhoneNumber"}]}, {"id": 10, "type": "button", "string": "去绑定", "attribute": {"bindtap": "toBind", "class": ["tobind"], "data-e-tap-so": "this", "wx:else": ""}, "referenceVariable": [], "referenceFunction": ["toBind"], "style": [], "inheritClass": null, "wxss": [], "page": null, "path": "D:\\WORK\\2021\\MPDF\\baseline\\ui\\伴伴陪玩\\bindPhone.wxml", "child": [], "parent": 4, "matchString": [{"type": "self", "string": "去绑定"}, {"type": "attr", "string": "this"}]}]