[{"id": 0, "type": "[document]", "string": null, "attribute": {}, "referenceVariable": [], "referenceFunction": [], "style": [], "inheritClass": null, "wxss": [], "page": null, "path": "D:\\WORK\\2021\\MPDF\\baseline\\ui\\GCU课表+\\step1.wxml", "child": [1], "parent": null, "matchString": [{"type": "relation", "string": "{{theme}}"}, {"type": "relation", "string": "http://www.w3.org/1999/xhtml"}, {"type": "relation", "string": "查询成绩"}, {"type": "relation", "string": "{{error}}"}, {"type": "relation", "string": "form"}, {"type": "relation", "string": "{{formData}}"}, {"type": "relation", "string": "{{rules}}"}, {"type": "relation", "string": "23点-7点无法查询成绩,若出现验证码错误,请重新点击查询,本程序后台会自动填写验证码"}, {"type": "relation", "string": ""}, {"type": "relation", "string": "username"}, {"type": "relation", "string": "学号"}, {"type": "relation", "string": "如201810098000"}, {"type": "relation", "string": "password"}, {"type": "relation", "string": "密码"}, {"type": "relation", "string": "请输入教务系统密码"}, {"type": "relation", "string": "years"}, {"type": "relation", "string": "学年"}, {"type": "relation", "string": "{{years}}"}, {"type": "relation", "string": "{{years[yearsIndex]}}"}, {"type": "relation", "string": "term"}, {"type": "relation", "string": "学期"}, {"type": "relation", "string": "{{term}}"}, {"type": "relation", "string": "{{term[termIndex]}}"}, {"type": "relation", "string": "查询"}]}, {"id": 1, "type": "view", "string": null, "attribute": {"class": ["page"], "data-weui-theme": "{{theme}}", "xmlns:wx": "http://www.w3.org/1999/xhtml"}, "referenceVariable": ["theme"], "referenceFunction": [], "style": [], "inheritClass": null, "wxss": [], "page": null, "path": "D:\\WORK\\2021\\MPDF\\baseline\\ui\\GCU课表+\\step1.wxml", "child": [2, 4, 5], "parent": 0, "matchString": [{"type": "attr", "string": "{{theme}}"}, {"type": "attr", "string": "http://www.w3.org/1999/xhtml"}, {"type": "relation", "string": "查询成绩"}, {"type": "relation", "string": "{{error}}"}, {"type": "relation", "string": "form"}, {"type": "relation", "string": "{{formData}}"}, {"type": "relation", "string": "{{rules}}"}, {"type": "relation", "string": "23点-7点无法查询成绩,若出现验证码错误,请重新点击查询,本程序后台会自动填写验证码"}, {"type": "relation", "string": ""}, {"type": "relation", "string": "username"}, {"type": "relation", "string": "学号"}, {"type": "relation", "string": "如201810098000"}, {"type": "relation", "string": "password"}, {"type": "relation", "string": "密码"}, {"type": "relation", "string": "请输入教务系统密码"}, {"type": "relation", "string": "years"}, {"type": "relation", "string": "学年"}, {"type": "relation", "string": "{{years}}"}, {"type": "relation", "string": "{{years[yearsIndex]}}"}, {"type": "relation", "string": "term"}, {"type": "relation", "string": "学期"}, {"type": "relation", "string": "{{term}}"}, {"type": "relation", "string": "{{term[termIndex]}}"}, {"type": "relation", "string": "查询"}]}, {"id": 2, "type": "view", "string": null, "attribute": {"style": "margin-bottom:15px;"}, "referenceVariable": [], "referenceFunction": [], "style": [], "inheritClass": null, "wxss": [], "page": null, "path": "D:\\WORK\\2021\\MPDF\\baseline\\ui\\GCU课表+\\step1.wxml", "child": [3], "parent": 1, "matchString": [{"type": "relation", "string": "查询成绩"}]}, {"id": 3, "type": "h1", "string": "查询成绩", "attribute": {"style": "margin-left:15px; font-size:45px;"}, "referenceVariable": [], "referenceFunction": [], "style": [], "inheritClass": null, "wxss": [], "page": null, "path": "D:\\WORK\\2021\\MPDF\\baseline\\ui\\GCU课表+\\step1.wxml", "child": [], "parent": 2, "matchString": [{"type": "self", "string": "查询成绩"}]}, {"id": 4, "type": "mp-toptips", "string": null, "attribute": {"msg": "{{error}}", "show": "{{error}}", "type": "error"}, "referenceVariable": ["error", "error"], "referenceFunction": [], "style": [], "inheritClass": null, "wxss": [], "page": null, "path": "D:\\WORK\\2021\\MPDF\\baseline\\ui\\GCU课表+\\step1.wxml", "child": [], "parent": 1, "matchString": [{"type": "attr", "string": "{{error}}"}, {"type": "relation", "string": "{{error}}"}]}, {"id": 5, "type": "view", "string": null, "attribute": {"class": ["page__bd"]}, "referenceVariable": [], "referenceFunction": [], "style": [], "inheritClass": null, "wxss": [], "page": null, "path": "D:\\WORK\\2021\\MPDF\\baseline\\ui\\GCU课表+\\step1.wxml", "child": [6], "parent": 1, "matchString": [{"type": "relation", "string": "form"}, {"type": "relation", "string": "{{formData}}"}, {"type": "relation", "string": "{{rules}}"}, {"type": "relation", "string": "23点-7点无法查询成绩,若出现验证码错误,请重新点击查询,本程序后台会自动填写验证码"}, {"type": "relation", "string": ""}, {"type": "relation", "string": "username"}, {"type": "relation", "string": "学号"}, {"type": "relation", "string": "如201810098000"}, {"type": "relation", "string": "password"}, {"type": "relation", "string": "密码"}, {"type": "relation", "string": "请输入教务系统密码"}, {"type": "relation", "string": "years"}, {"type": "relation", "string": "学年"}, {"type": "relation", "string": "{{years}}"}, {"type": "relation", "string": "{{years[yearsIndex]}}"}, {"type": "relation", "string": "term"}, {"type": "relation", "string": "学期"}, {"type": "relation", "string": "{{term}}"}, {"type": "relation", "string": "{{term[termIndex]}}"}, {"type": "relation", "string": "查询"}]}, {"id": 6, "type": "mp-form", "string": null, "attribute": {"id": "form", "models": "{{formData}}", "rules": "{{rules}}"}, "referenceVariable": ["formData", "rules"], "referenceFunction": [], "style": [], "inheritClass": null, "wxss": [], "page": null, "path": "D:\\WORK\\2021\\MPDF\\baseline\\ui\\GCU课表+\\step1.wxml", "child": [7, 18], "parent": 5, "matchString": [{"type": "attr", "string": "form"}, {"type": "attr", "string": "{{formData}}"}, {"type": "attr", "string": "{{rules}}"}, {"type": "relation", "string": "23点-7点无法查询成绩,若出现验证码错误,请重新点击查询,本程序后台会自动填写验证码"}, {"type": "relation", "string": ""}, {"type": "relation", "string": "username"}, {"type": "relation", "string": "学号"}, {"type": "relation", "string": "如201810098000"}, {"type": "relation", "string": "password"}, {"type": "relation", "string": "密码"}, {"type": "relation", "string": "请输入教务系统密码"}, {"type": "relation", "string": "years"}, {"type": "relation", "string": "学年"}, {"type": "relation", "string": "{{years}}"}, {"type": "relation", "string": "{{years[yearsIndex]}}"}, {"type": "relation", "string": "term"}, {"type": "relation", "string": "学期"}, {"type": "relation", "string": "{{term}}"}, {"type": "relation", "string": "{{term[termIndex]}}"}, {"type": "relation", "string": "查询"}]}, {"id": 7, "type": "mp-cells", "string": null, "attribute": {"footer": "23点-7点无法查询成绩,若出现验证码错误,请重新点击查询,本程序后台会自动填写验证码"}, "referenceVariable": [], "referenceFunction": [], "style": [], "inheritClass": null, "wxss": [], "page": null, "path": "D:\\WORK\\2021\\MPDF\\baseline\\ui\\GCU课表+\\step1.wxml", "child": [8, 10, 12, 15], "parent": 6, "matchString": [{"type": "attr", "string": "23点-7点无法查询成绩,若出现验证码错误,请重新点击查询,本程序后台会自动填写验证码"}, {"type": "relation", "string": ""}, {"type": "relation", "string": "username"}, {"type": "relation", "string": "学号"}, {"type": "relation", "string": "如201810098000"}, {"type": "relation", "string": "password"}, {"type": "relation", "string": "密码"}, {"type": "relation", "string": "请输入教务系统密码"}, {"type": "relation", "string": "years"}, {"type": "relation", "string": "学年"}, {"type": "relation", "string": "{{years}}"}, {"type": "relation", "string": "{{years[yearsIndex]}}"}, {"type": "relation", "string": "term"}, {"type": "relation", "string": "学期"}, {"type": "relation", "string": "{{term}}"}, {"type": "relation", "string": "{{term[termIndex]}}"}]}, {"id": 8, "type": "mp-cell", "string": null, "attribute": {"extclass": "", "prop": "username", "title": "学号"}, "referenceVariable": [], "referenceFunction": [], "style": [], "inheritClass": null, "wxss": [], "page": null, "path": "D:\\WORK\\2021\\MPDF\\baseline\\ui\\GCU课表+\\step1.wxml", "child": [9], "parent": 7, "matchString": [{"type": "attr", "string": ""}, {"type": "attr", "string": "username"}, {"type": "attr", "string": "学号"}, {"type": "relation", "string": "如201810098000"}]}, {"id": 9, "type": "input", "string": null, "attribute": {"bindinput": "formInputChange", "class": ["weui-input"], "data-field": "username", "placeholder": "如201810098000", "value": "{{username}}"}, "referenceVariable": ["username"], "referenceFunction": ["formInputChange"], "style": [], "inheritClass": null, "wxss": [], "page": null, "path": "D:\\WORK\\2021\\MPDF\\baseline\\ui\\GCU课表+\\step1.wxml", "child": [], "parent": 8, "matchString": [{"type": "attr", "string": "username"}, {"type": "attr", "string": "如201810098000"}]}, {"id": 10, "type": "mp-cell", "string": null, "attribute": {"extclass": "", "prop": "password", "title": "密码"}, "referenceVariable": [], "referenceFunction": [], "style": [], "inheritClass": null, "wxss": [], "page": null, "path": "D:\\WORK\\2021\\MPDF\\baseline\\ui\\GCU课表+\\step1.wxml", "child": [11], "parent": 7, "matchString": [{"type": "attr", "string": ""}, {"type": "attr", "string": "password"}, {"type": "attr", "string": "密码"}, {"type": "relation", "string": "请输入教务系统密码"}]}, {"id": 11, "type": "input", "string": null, "attribute": {"bindinput": "formInputChange", "class": ["weui-input"], "data-field": "password", "placeholder": "请输入教务系统密码", "value": "{{password}}"}, "referenceVariable": ["password"], "referenceFunction": ["formInputChange"], "style": [], "inheritClass": null, "wxss": [], "page": null, "path": "D:\\WORK\\2021\\MPDF\\baseline\\ui\\GCU课表+\\step1.wxml", "child": [], "parent": 10, "matchString": [{"type": "attr", "string": "password"}, {"type": "attr", "string": "请输入教务系统密码"}]}, {"id": 12, "type": "mp-cell", "string": null, "attribute": {"extclass": "", "prop": "years", "title": "学年"}, "referenceVariable": [], "referenceFunction": [], "style": [], "inheritClass": null, "wxss": [], "page": null, "path": "D:\\WORK\\2021\\MPDF\\baseline\\ui\\GCU课表+\\step1.wxml", "child": [13], "parent": 7, "matchString": [{"type": "attr", "string": ""}, {"type": "attr", "string": "years"}, {"type": "attr", "string": "学年"}, {"type": "relation", "string": "{{years}}"}, {"type": "relation", "string": "{{years[yearsIndex]}}"}]}, {"id": 13, "type": "picker", "string": null, "attribute": {"bindchange": "bindYearsChange", "range": "{{years}}", "value": "{{yearsIndex}}"}, "referenceVariable": ["years", "yearsIndex"], "referenceFunction": ["bindYearsChange"], "style": [], "inheritClass": null, "wxss": [], "page": null, "path": "D:\\WORK\\2021\\MPDF\\baseline\\ui\\GCU课表+\\step1.wxml", "child": [14], "parent": 12, "matchString": [{"type": "attr", "string": "{{years}}"}, {"type": "relation", "string": "{{years[yearsIndex]}}"}]}, {"id": 14, "type": "view", "string": "{{years[yearsIndex]}}", "attribute": {}, "referenceVariable": [], "referenceFunction": [], "style": [], "inheritClass": null, "wxss": [], "page": null, "path": "D:\\WORK\\2021\\MPDF\\baseline\\ui\\GCU课表+\\step1.wxml", "child": [], "parent": 13, "matchString": [{"type": "self", "string": "{{years[yearsIndex]}}"}]}, {"id": 15, "type": "mp-cell", "string": null, "attribute": {"extclass": "", "prop": "term", "title": "学期"}, "referenceVariable": [], "referenceFunction": [], "style": [], "inheritClass": null, "wxss": [], "page": null, "path": "D:\\WORK\\2021\\MPDF\\baseline\\ui\\GCU课表+\\step1.wxml", "child": [16], "parent": 7, "matchString": [{"type": "attr", "string": ""}, {"type": "attr", "string": "term"}, {"type": "attr", "string": "学期"}, {"type": "relation", "string": "{{term}}"}, {"type": "relation", "string": "{{term[termIndex]}}"}]}, {"id": 16, "type": "picker", "string": null, "attribute": {"bindchange": "bindTermChange", "range": "{{term}}", "value": "{{termIndex}}"}, "referenceVariable": ["term", "termIndex"], "referenceFunction": ["bindTermChange"], "style": [], "inheritClass": null, "wxss": [], "page": null, "path": "D:\\WORK\\2021\\MPDF\\baseline\\ui\\GCU课表+\\step1.wxml", "child": [17], "parent": 15, "matchString": [{"type": "attr", "string": "{{term}}"}, {"type": "relation", "string": "{{term[termIndex]}}"}]}, {"id": 17, "type": "view", "string": "{{term[termIndex]}}", "attribute": {}, "referenceVariable": [], "referenceFunction": [], "style": [], "inheritClass": null, "wxss": [], "page": null, "path": "D:\\WORK\\2021\\MPDF\\baseline\\ui\\GCU课表+\\step1.wxml", "child": [], "parent": 16, "matchString": [{"type": "self", "string": "{{term[termIndex]}}"}]}, {"id": 18, "type": "view", "string": null, "attribute": {"class": ["weui-btn-area"]}, "referenceVariable": [], "referenceFunction": [], "style": [], "inheritClass": null, "wxss": [], "page": null, "path": "D:\\WORK\\2021\\MPDF\\baseline\\ui\\GCU课表+\\step1.wxml", "child": [19], "parent": 6, "matchString": [{"type": "relation", "string": "查询"}]}, {"id": 19, "type": "button", "string": "查询", "attribute": {"bindtap": "submitForm", "class": ["weui-btn"], "disabled": "{{isDisabled}}", "type": "info"}, "referenceVariable": ["isDisabled"], "referenceFunction": ["submitForm"], "style": [], "inheritClass": null, "wxss": [], "page": null, "path": "D:\\WORK\\2021\\MPDF\\baseline\\ui\\GCU课表+\\step1.wxml", "child": [], "parent": 18, "matchString": [{"type": "self", "string": "查询"}]}]