{"definedData":[],"dynamicDefinedData":[{"shadowObjectVar":"__object__3","dynamicDefinedProps":[{"propName":".setData","readShadows":[{"shadowVar":{"declaredName":"__object__3.setData","file":"D:\\WORK\\2021\\MPDF\\white_paper\\json\\dataset2.3wxapkg\\动图宇宙\\_431774825_38\\pages\\ipEvent\\ipEvent.js"},"readAccess":[{"leftVar":[{"declaredName":"i","declaredLoc":{"line":9,"column":12},"file":"D:\\WORK\\2021\\MPDF\\white_paper\\json\\dataset2.3wxapkg\\动图宇宙\\_431774825_38\\pages\\ipEvent\\ipEvent.js"}],"readFlow":[{"type":"assign to","from":{"name":"this","loc":{"line":9,"column":16},"id":12235700,"file":"D:\\WORK\\2021\\MPDF\\white_paper\\json\\dataset2.3wxapkg\\动图宇宙\\_431774825_38\\pages\\ipEvent\\ipEvent.js"},"to":{"name":"i","loc":{"line":9,"column":12},"id":12235699,"file":"D:\\WORK\\2021\\MPDF\\white_paper\\json\\dataset2.3wxapkg\\动图宇宙\\_431774825_38\\pages\\ipEvent\\ipEvent.js"}}]}]}],"writeShadows":[{"shadowVar":{"declaredName":"__object__3.setData","file":"D:\\WORK\\2021\\MPDF\\white_paper\\json\\dataset2.3wxapkg\\动图宇宙\\_431774825_38\\pages\\ipEvent\\ipEvent.js"},"writeAccess":[]}]},{"propName":".data","readShadows":[{"shadowVar":{"declaredName":"__object__3.data","declaredLoc":{"line":4,"column":4},"file":"D:\\WORK\\2021\\MPDF\\white_paper\\json\\dataset2.3wxapkg\\动图宇宙\\_431774825_38\\pages\\ipEvent\\ipEvent.js"},"readAccess":[{"leftVar":[{"declaredName":"i","declaredLoc":{"line":9,"column":12},"file":"D:\\WORK\\2021\\MPDF\\white_paper\\json\\dataset2.3wxapkg\\动图宇宙\\_431774825_38\\pages\\ipEvent\\ipEvent.js"}],"readFlow":[{"type":"assign to","from":{"name":"this","loc":{"line":9,"column":16},"id":12235700,"file":"D:\\WORK\\2021\\MPDF\\white_paper\\json\\dataset2.3wxapkg\\动图宇宙\\_431774825_38\\pages\\ipEvent\\ipEvent.js"},"to":{"name":"i","loc":{"line":9,"column":12},"id":12235699,"file":"D:\\WORK\\2021\\MPDF\\white_paper\\json\\dataset2.3wxapkg\\动图宇宙\\_431774825_38\\pages\\ipEvent\\ipEvent.js"}}]}]}],"writeShadows":[{"shadowVar":{"declaredName":"__object__3.data","declaredLoc":{"line":4,"column":4},"file":"D:\\WORK\\2021\\MPDF\\white_paper\\json\\dataset2.3wxapkg\\动图宇宙\\_431774825_38\\pages\\ipEvent\\ipEvent.js"},"writeAccess":[]}]},{"propName":".onLoad","readShadows":[{"shadowVar":{"declaredName":"__object__3.onLoad","declaredLoc":{"line":8,"column":4},"file":"D:\\WORK\\2021\\MPDF\\white_paper\\json\\dataset2.3wxapkg\\动图宇宙\\_431774825_38\\pages\\ipEvent\\ipEvent.js"},"readAccess":[{"leftVar":[{"declaredName":"i","declaredLoc":{"line":9,"column":12},"file":"D:\\WORK\\2021\\MPDF\\white_paper\\json\\dataset2.3wxapkg\\动图宇宙\\_431774825_38\\pages\\ipEvent\\ipEvent.js"}],"readFlow":[{"type":"assign to","from":{"name":"this","loc":{"line":9,"column":16},"id":12235700,"file":"D:\\WORK\\2021\\MPDF\\white_paper\\json\\dataset2.3wxapkg\\动图宇宙\\_431774825_38\\pages\\ipEvent\\ipEvent.js"},"to":{"name":"i","loc":{"line":9,"column":12},"id":12235699,"file":"D:\\WORK\\2021\\MPDF\\white_paper\\json\\dataset2.3wxapkg\\动图宇宙\\_431774825_38\\pages\\ipEvent\\ipEvent.js"}}]}]}],"writeShadows":[{"shadowVar":{"declaredName":"__object__3.onLoad","declaredLoc":{"line":8,"column":4},"file":"D:\\WORK\\2021\\MPDF\\white_paper\\json\\dataset2.3wxapkg\\动图宇宙\\_431774825_38\\pages\\ipEvent\\ipEvent.js"},"writeAccess":[]}]},{"propName":".onShareAppMessage","readShadows":[{"shadowVar":{"declaredName":"__object__3.onShareAppMessage","declaredLoc":{"line":35,"column":4},"file":"D:\\WORK\\2021\\MPDF\\white_paper\\json\\dataset2.3wxapkg\\动图宇宙\\_431774825_38\\pages\\ipEvent\\ipEvent.js"},"readAccess":[{"leftVar":[{"declaredName":"i","declaredLoc":{"line":9,"column":12},"file":"D:\\WORK\\2021\\MPDF\\white_paper\\json\\dataset2.3wxapkg\\动图宇宙\\_431774825_38\\pages\\ipEvent\\ipEvent.js"}],"readFlow":[{"type":"assign to","from":{"name":"this","loc":{"line":9,"column":16},"id":12235700,"file":"D:\\WORK\\2021\\MPDF\\white_paper\\json\\dataset2.3wxapkg\\动图宇宙\\_431774825_38\\pages\\ipEvent\\ipEvent.js"},"to":{"name":"i","loc":{"line":9,"column":12},"id":12235699,"file":"D:\\WORK\\2021\\MPDF\\white_paper\\json\\dataset2.3wxapkg\\动图宇宙\\_431774825_38\\pages\\ipEvent\\ipEvent.js"}}]}]}],"writeShadows":[{"shadowVar":{"declaredName":"__object__3.onShareAppMessage","declaredLoc":{"line":35,"column":4},"file":"D:\\WORK\\2021\\MPDF\\white_paper\\json\\dataset2.3wxapkg\\动图宇宙\\_431774825_38\\pages\\ipEvent\\ipEvent.js"},"writeAccess":[]}]},{"propName":".toAgreement","readShadows":[{"shadowVar":{"declaredName":"__object__3.toAgreement","declaredLoc":{"line":46,"column":4},"file":"D:\\WORK\\2021\\MPDF\\white_paper\\json\\dataset2.3wxapkg\\动图宇宙\\_431774825_38\\pages\\ipEvent\\ipEvent.js"},"readAccess":[{"leftVar":[{"declaredName":"i","declaredLoc":{"line":9,"column":12},"file":"D:\\WORK\\2021\\MPDF\\white_paper\\json\\dataset2.3wxapkg\\动图宇宙\\_431774825_38\\pages\\ipEvent\\ipEvent.js"}],"readFlow":[{"type":"assign to","from":{"name":"this","loc":{"line":9,"column":16},"id":12235700,"file":"D:\\WORK\\2021\\MPDF\\white_paper\\json\\dataset2.3wxapkg\\动图宇宙\\_431774825_38\\pages\\ipEvent\\ipEvent.js"},"to":{"name":"i","loc":{"line":9,"column":12},"id":12235699,"file":"D:\\WORK\\2021\\MPDF\\white_paper\\json\\dataset2.3wxapkg\\动图宇宙\\_431774825_38\\pages\\ipEvent\\ipEvent.js"}}]}]}],"writeShadows":[{"shadowVar":{"declaredName":"__object__3.toAgreement","declaredLoc":{"line":46,"column":4},"file":"D:\\WORK\\2021\\MPDF\\white_paper\\json\\dataset2.3wxapkg\\动图宇宙\\_431774825_38\\pages\\ipEvent\\ipEvent.js"},"writeAccess":[]}]},{"propName":".formSubmit","readShadows":[{"shadowVar":{"declaredName":"__object__3.formSubmit","declaredLoc":{"line":51,"column":4},"file":"D:\\WORK\\2021\\MPDF\\white_paper\\json\\dataset2.3wxapkg\\动图宇宙\\_431774825_38\\pages\\ipEvent\\ipEvent.js"},"readAccess":[{"leftVar":[{"declaredName":"i","declaredLoc":{"line":9,"column":12},"file":"D:\\WORK\\2021\\MPDF\\white_paper\\json\\dataset2.3wxapkg\\动图宇宙\\_431774825_38\\pages\\ipEvent\\ipEvent.js"}],"readFlow":[{"type":"assign to","from":{"name":"this","loc":{"line":9,"column":16},"id":12235700,"file":"D:\\WORK\\2021\\MPDF\\white_paper\\json\\dataset2.3wxapkg\\动图宇宙\\_431774825_38\\pages\\ipEvent\\ipEvent.js"},"to":{"name":"i","loc":{"line":9,"column":12},"id":12235699,"file":"D:\\WORK\\2021\\MPDF\\white_paper\\json\\dataset2.3wxapkg\\动图宇宙\\_431774825_38\\pages\\ipEvent\\ipEvent.js"}}]}]}],"writeShadows":[{"shadowVar":{"declaredName":"__object__3.formSubmit","declaredLoc":{"line":51,"column":4},"file":"D:\\WORK\\2021\\MPDF\\white_paper\\json\\dataset2.3wxapkg\\动图宇宙\\_431774825_38\\pages\\ipEvent\\ipEvent.js"},"writeAccess":[]}]}]},{"shadowObjectVar":"__object__4","dynamicDefinedProps":[{"propName":".eventData","readShadows":[{"shadowVar":{"declaredName":"__object__4.eventData","declaredLoc":{"line":5,"column":8},"file":"D:\\WORK\\2021\\MPDF\\white_paper\\json\\dataset2.3wxapkg\\动图宇宙\\_431774825_38\\pages\\ipEvent\\ipEvent.js"},"readAccess":[{"leftVar":[{"declaredName":"__object__3.data","declaredLoc":{"line":4,"column":4},"file":"D:\\WORK\\2021\\MPDF\\white_paper\\json\\dataset2.3wxapkg\\动图宇宙\\_431774825_38\\pages\\ipEvent\\ipEvent.js"}],"readFlow":[{"type":"assign to","from":{"name":"eventData","loc":{"line":5,"column":8},"id":12235686,"file":"D:\\WORK\\2021\\MPDF\\white_paper\\json\\dataset2.3wxapkg\\动图宇宙\\_431774825_38\\pages\\ipEvent\\ipEvent.js"},"to":{"name":"data","loc":{"line":4,"column":4},"id":12235683,"file":"D:\\WORK\\2021\\MPDF\\white_paper\\json\\dataset2.3wxapkg\\动图宇宙\\_431774825_38\\pages\\ipEvent\\ipEvent.js"}},{"type":"to callee","from":{"name":"data","loc":{"line":4,"column":4},"id":12235683,"file":"D:\\WORK\\2021\\MPDF\\white_paper\\json\\dataset2.3wxapkg\\动图宇宙\\_431774825_38\\pages\\ipEvent\\ipEvent.js"},"to":{"name":"Page","loc":{"line":3,"column":0},"id":12235680,"file":"D:\\WORK\\2021\\MPDF\\white_paper\\json\\dataset2.3wxapkg\\动图宇宙\\_431774825_38\\pages\\ipEvent\\ipEvent.js"}},{"type":"read","from":{"name":"data","loc":{"line":4,"column":4},"id":12235683,"file":"D:\\WORK\\2021\\MPDF\\white_paper\\json\\dataset2.3wxapkg\\动图宇宙\\_431774825_38\\pages\\ipEvent\\ipEvent.js"},"to":{"name":"this","loc":{"line":9,"column":16},"id":12235700,"file":"D:\\WORK\\2021\\MPDF\\white_paper\\json\\dataset2.3wxapkg\\动图宇宙\\_431774825_38\\pages\\ipEvent\\ipEvent.js"}},{"type":"assign to","from":{"name":"this","loc":{"line":9,"column":16},"id":12235700,"file":"D:\\WORK\\2021\\MPDF\\white_paper\\json\\dataset2.3wxapkg\\动图宇宙\\_431774825_38\\pages\\ipEvent\\ipEvent.js"},"to":{"name":"i","loc":{"line":9,"column":12},"id":12235699,"file":"D:\\WORK\\2021\\MPDF\\white_paper\\json\\dataset2.3wxapkg\\动图宇宙\\_431774825_38\\pages\\ipEvent\\ipEvent.js"}}]}]}],"writeShadows":[{"shadowVar":{"declaredName":"__object__4.eventData","declaredLoc":{"line":5,"column":8},"file":"D:\\WORK\\2021\\MPDF\\white_paper\\json\\dataset2.3wxapkg\\动图宇宙\\_431774825_38\\pages\\ipEvent\\ipEvent.js"},"writeAccess":[]}]},{"propName":".bannerImageDisplay","readShadows":[{"shadowVar":{"declaredName":"__object__4.bannerImageDisplay","declaredLoc":{"line":6,"column":8},"file":"D:\\WORK\\2021\\MPDF\\white_paper\\json\\dataset2.3wxapkg\\动图宇宙\\_431774825_38\\pages\\ipEvent\\ipEvent.js"},"readAccess":[{"leftVar":[{"declaredName":"__object__3.data","declaredLoc":{"line":4,"column":4},"file":"D:\\WORK\\2021\\MPDF\\white_paper\\json\\dataset2.3wxapkg\\动图宇宙\\_431774825_38\\pages\\ipEvent\\ipEvent.js"}],"readFlow":[{"type":"assign to","from":{"name":"bannerImageDisplay","loc":{"line":6,"column":8},"id":12235689,"file":"D:\\WORK\\2021\\MPDF\\white_paper\\json\\dataset2.3wxapkg\\动图宇宙\\_431774825_38\\pages\\ipEvent\\ipEvent.js"},"to":{"name":"data","loc":{"line":4,"column":4},"id":12235683,"file":"D:\\WORK\\2021\\MPDF\\white_paper\\json\\dataset2.3wxapkg\\动图宇宙\\_431774825_38\\pages\\ipEvent\\ipEvent.js"}},{"type":"to callee","from":{"name":"data","loc":{"line":4,"column":4},"id":12235683,"file":"D:\\WORK\\2021\\MPDF\\white_paper\\json\\dataset2.3wxapkg\\动图宇宙\\_431774825_38\\pages\\ipEvent\\ipEvent.js"},"to":{"name":"Page","loc":{"line":3,"column":0},"id":12235680,"file":"D:\\WORK\\2021\\MPDF\\white_paper\\json\\dataset2.3wxapkg\\动图宇宙\\_431774825_38\\pages\\ipEvent\\ipEvent.js"}},{"type":"read","from":{"name":"data","loc":{"line":4,"column":4},"id":12235683,"file":"D:\\WORK\\2021\\MPDF\\white_paper\\json\\dataset2.3wxapkg\\动图宇宙\\_431774825_38\\pages\\ipEvent\\ipEvent.js"},"to":{"name":"this","loc":{"line":9,"column":16},"id":12235700,"file":"D:\\WORK\\2021\\MPDF\\white_paper\\json\\dataset2.3wxapkg\\动图宇宙\\_431774825_38\\pages\\ipEvent\\ipEvent.js"}},{"type":"assign to","from":{"name":"this","loc":{"line":9,"column":16},"id":12235700,"file":"D:\\WORK\\2021\\MPDF\\white_paper\\json\\dataset2.3wxapkg\\动图宇宙\\_431774825_38\\pages\\ipEvent\\ipEvent.js"},"to":{"name":"i","loc":{"line":9,"column":12},"id":12235699,"file":"D:\\WORK\\2021\\MPDF\\white_paper\\json\\dataset2.3wxapkg\\动图宇宙\\_431774825_38\\pages\\ipEvent\\ipEvent.js"}}]}]}],"writeShadows":[{"shadowVar":{"declaredName":"__object__4.bannerImageDisplay","declaredLoc":{"line":6,"column":8},"file":"D:\\WORK\\2021\\MPDF\\white_paper\\json\\dataset2.3wxapkg\\动图宇宙\\_431774825_38\\pages\\ipEvent\\ipEvent.js"},"writeAccess":[]}]}]}]}