[{"id": 0, "type": "[document]", "string": null, "attribute": {}, "referenceVariable": [], "referenceFunction": [], "style": [], "inheritClass": null, "wxss": [], "page": null, "path": "D:\\WORK\\2021\\MPDF\\baseline\\ui\\店店投餐饮知识\\item_detail.wxml", "child": [1], "parent": null, "matchString": [{"type": "relation", "string": "true"}, {"type": "relation", "string": "{{brandInfo.brandName}}"}, {"type": "relation", "string": "{{brandInfo.chName}}"}, {"type": "relation", "string": "{{brandInfo.industryTxt}}"}, {"type": "relation", "string": "加盟费用"}, {"type": "relation", "string": "查看详情"}, {"type": "relation", "string": "{{brandInfo.indexNum}}"}, {"type": "relation", "string": "意向加盟"}, {"type": "relation", "string": "{{brandInfo.msgNum}}"}, {"type": "relation", "string": "申请加盟"}, {"type": "relation", "string": "{{brandInfo.shopNum}}"}, {"type": "relation", "string": "门店数"}, {"type": "relation", "string": "{{brandInfo.suitCrowdTxt}}"}, {"type": "relation", "string": "{{brandInfo.joinCapitalTxt}}"}, {"type": "relation", "string": "{{brandInfo.joinArea}}"}, {"type": "relation", "string": "{{brandInfo.products}}"}, {"type": "relation", "string": "免费获取{{brandInfo.brandName}}加盟资料"}, {"type": "relation", "string": "phone"}, {"type": "relation", "string": "请输入你的手机号"}, {"type": "relation", "string": "免费索取"}, {"type": "relation", "string": "submit"}, {"type": "relation", "string": "*我们严格保护用户隐私，绝不泄露任何信息！"}, {"type": "relation", "string": "加盟详情"}, {"type": "relation", "string": "0"}, {"type": "relation", "string": "加盟优势"}, {"type": "relation", "string": "1"}, {"type": "relation", "string": "加盟流程"}, {"type": "relation", "string": "2"}, {"type": "relation", "string": "{{brandInfo.brandName}}加盟详情"}, {"type": "relation", "string": "{{brandInfo.brandIntroduce}}"}, {"type": "relation", "string": "{{brandInfo.brandName}}加盟优势"}, {"type": "relation", "string": "{{brandInfo.brandAdvantage}}"}, {"type": "relation", "string": "{{brandInfo.brandName}}加盟流程"}, {"type": "relation", "string": "{{brandInfo.brandFlow}}"}, {"type": "relation", "string": "我对此项目很感兴趣，立即留言："}, {"type": "relation", "string": "称呼："}, {"type": "relation", "string": "userName"}, {"type": "relation", "string": "请输入您的姓名"}, {"type": "relation", "string": "手机："}, {"type": "relation", "string": "我们严格保护用户隐私"}, {"type": "relation", "string": "留言："}, {"type": "relation", "string": "content"}, {"type": "relation", "string": "这个项目不错，请尽快联系我"}, {"type": "relation", "string": "提交留言"}, {"type": "relation", "string": "企业动态"}, {"type": "relation", "string": "{{item.newsTitle}}"}, {"type": "relation", "string": "../news_detail/news_detail?fileName={{item.fileName}}"}, {"type": "relation", "string": "猜你喜欢"}, {"type": "relation", "string": "../item_detail/item_detail?industryCode={{item.industryCode}}&loginName={{item.loginName}}"}, {"type": "relation", "string": "{{item.brandName}}"}, {"type": "relation", "string": "友情提示：本页面内容仅供参考，为降低投资风险，建议您在投资前多做考察咨询、多对比分析。"}, {"type": "relation", "string": "\n内容声明：以上所展示的信息均由第三方用户免费注册发布，内容的真实性、准确性和合法性均由发布用户负责。中国餐饮网对此不承担任何相关连带责任。中国餐饮网遵循相关法律法规严格审核相关内容，如您发现页面有任何违法或侵权信息，欢迎向网站举报并提供有效线索，我们将认真核查、及时处理。感谢您的参与和支持！"}, {"type": "relation", "string": "Copyright © 2003-2019 中国餐饮网"}, {"type": "relation", "string": "苏ICP备18015948号-6"}, {"type": "relation", "string": "加盟有风险,投资需谨慎"}, {"type": "relation", "string": "立即留言"}, {"type": "relation", "string": "免费索取加盟资料"}, {"type": "relation", "string": "我想加盟咨询，立即留言："}, {"type": "relation", "string": "×"}, {"type": "relation", "string": "你的称呼"}]}, {"id": 1, "type": "scroll-view", "string": null, "attribute": {"bindscroll": "layoutScroll", "scrolly": "true", "style": "height: {{windowHeight}}px;"}, "referenceVariable": ["windowHeight"], "referenceFunction": ["layoutScroll"], "style": [], "inheritClass": null, "wxss": [], "page": null, "path": "D:\\WORK\\2021\\MPDF\\baseline\\ui\\店店投餐饮知识\\item_detail.wxml", "child": [2, 28, 38, 46, 66, 81, 87, 95, 99, 103, 104, 107], "parent": 0, "matchString": [{"type": "attr", "string": "true"}, {"type": "relation", "string": "{{brandInfo.brandName}}"}, {"type": "relation", "string": "{{brandInfo.chName}}"}, {"type": "relation", "string": "{{brandInfo.industryTxt}}"}, {"type": "relation", "string": "加盟费用"}, {"type": "relation", "string": "查看详情"}, {"type": "relation", "string": "{{brandInfo.indexNum}}"}, {"type": "relation", "string": "意向加盟"}, {"type": "relation", "string": "{{brandInfo.msgNum}}"}, {"type": "relation", "string": "申请加盟"}, {"type": "relation", "string": "{{brandInfo.shopNum}}"}, {"type": "relation", "string": "门店数"}, {"type": "relation", "string": "{{brandInfo.suitCrowdTxt}}"}, {"type": "relation", "string": "{{brandInfo.joinCapitalTxt}}"}, {"type": "relation", "string": "{{brandInfo.joinArea}}"}, {"type": "relation", "string": "{{brandInfo.products}}"}, {"type": "relation", "string": "免费获取{{brandInfo.brandName}}加盟资料"}, {"type": "relation", "string": "phone"}, {"type": "relation", "string": "请输入你的手机号"}, {"type": "relation", "string": "免费索取"}, {"type": "relation", "string": "submit"}, {"type": "relation", "string": "*我们严格保护用户隐私，绝不泄露任何信息！"}, {"type": "relation", "string": "加盟详情"}, {"type": "relation", "string": "0"}, {"type": "relation", "string": "加盟优势"}, {"type": "relation", "string": "1"}, {"type": "relation", "string": "加盟流程"}, {"type": "relation", "string": "2"}, {"type": "relation", "string": "{{brandInfo.brandName}}加盟详情"}, {"type": "relation", "string": "{{brandInfo.brandIntroduce}}"}, {"type": "relation", "string": "{{brandInfo.brandName}}加盟优势"}, {"type": "relation", "string": "{{brandInfo.brandAdvantage}}"}, {"type": "relation", "string": "{{brandInfo.brandName}}加盟流程"}, {"type": "relation", "string": "{{brandInfo.brandFlow}}"}, {"type": "relation", "string": "我对此项目很感兴趣，立即留言："}, {"type": "relation", "string": "称呼："}, {"type": "relation", "string": "userName"}, {"type": "relation", "string": "请输入您的姓名"}, {"type": "relation", "string": "手机："}, {"type": "relation", "string": "我们严格保护用户隐私"}, {"type": "relation", "string": "留言："}, {"type": "relation", "string": "content"}, {"type": "relation", "string": "这个项目不错，请尽快联系我"}, {"type": "relation", "string": "提交留言"}, {"type": "relation", "string": "企业动态"}, {"type": "relation", "string": "{{item.newsTitle}}"}, {"type": "relation", "string": "../news_detail/news_detail?fileName={{item.fileName}}"}, {"type": "relation", "string": "猜你喜欢"}, {"type": "relation", "string": "../item_detail/item_detail?industryCode={{item.industryCode}}&loginName={{item.loginName}}"}, {"type": "relation", "string": "{{item.brandName}}"}, {"type": "relation", "string": "友情提示：本页面内容仅供参考，为降低投资风险，建议您在投资前多做考察咨询、多对比分析。"}, {"type": "relation", "string": "\n内容声明：以上所展示的信息均由第三方用户免费注册发布，内容的真实性、准确性和合法性均由发布用户负责。中国餐饮网对此不承担任何相关连带责任。中国餐饮网遵循相关法律法规严格审核相关内容，如您发现页面有任何违法或侵权信息，欢迎向网站举报并提供有效线索，我们将认真核查、及时处理。感谢您的参与和支持！"}, {"type": "relation", "string": "Copyright © 2003-2019 中国餐饮网"}, {"type": "relation", "string": "苏ICP备18015948号-6"}, {"type": "relation", "string": "加盟有风险,投资需谨慎"}, {"type": "relation", "string": "立即留言"}, {"type": "relation", "string": "免费索取加盟资料"}, {"type": "relation", "string": "我想加盟咨询，立即留言："}, {"type": "relation", "string": "×"}, {"type": "relation", "string": "你的称呼"}]}, {"id": 2, "type": "view", "string": null, "attribute": {"class": ["item-detail"]}, "referenceVariable": [], "referenceFunction": [], "style": [], "inheritClass": null, "wxss": [], "page": null, "path": "D:\\WORK\\2021\\MPDF\\baseline\\ui\\店店投餐饮知识\\item_detail.wxml", "child": [3], "parent": 1, "matchString": [{"type": "relation", "string": "{{brandInfo.brandName}}"}, {"type": "relation", "string": "{{brandInfo.chName}}"}, {"type": "relation", "string": "{{brandInfo.industryTxt}}"}, {"type": "relation", "string": "加盟费用"}, {"type": "relation", "string": "查看详情"}, {"type": "relation", "string": "{{brandInfo.indexNum}}"}, {"type": "relation", "string": "意向加盟"}, {"type": "relation", "string": "{{brandInfo.msgNum}}"}, {"type": "relation", "string": "申请加盟"}, {"type": "relation", "string": "{{brandInfo.shopNum}}"}, {"type": "relation", "string": "门店数"}]}, {"id": 3, "type": "view", "string": null, "attribute": {"class": ["layout"]}, "referenceVariable": [], "referenceFunction": [], "style": [], "inheritClass": null, "wxss": [], "page": null, "path": "D:\\WORK\\2021\\MPDF\\baseline\\ui\\店店投餐饮知识\\item_detail.wxml", "child": [4, 15], "parent": 2, "matchString": [{"type": "relation", "string": "{{brandInfo.brandName}}"}, {"type": "relation", "string": "{{brandInfo.chName}}"}, {"type": "relation", "string": "{{brandInfo.industryTxt}}"}, {"type": "relation", "string": "加盟费用"}, {"type": "relation", "string": "查看详情"}, {"type": "relation", "string": "{{brandInfo.indexNum}}"}, {"type": "relation", "string": "意向加盟"}, {"type": "relation", "string": "{{brandInfo.msgNum}}"}, {"type": "relation", "string": "申请加盟"}, {"type": "relation", "string": "{{brandInfo.shopNum}}"}, {"type": "relation", "string": "门店数"}]}, {"id": 4, "type": "view", "string": null, "attribute": {"class": ["item-top", "clearfix"]}, "referenceVariable": [], "referenceFunction": [], "style": [], "inheritClass": null, "wxss": [], "page": null, "path": "D:\\WORK\\2021\\MPDF\\baseline\\ui\\店店投餐饮知识\\item_detail.wxml", "child": [5, 7, 12], "parent": 3, "matchString": [{"type": "relation", "string": "{{brandInfo.brandName}}"}, {"type": "relation", "string": "{{brandInfo.chName}}"}, {"type": "relation", "string": "{{brandInfo.industryTxt}}"}, {"type": "relation", "string": "加盟费用"}, {"type": "relation", "string": "查看详情"}]}, {"id": 5, "type": "view", "string": null, "attribute": {"class": ["img", "fl"]}, "referenceVariable": [], "referenceFunction": [], "style": [], "inheritClass": null, "wxss": [], "page": null, "path": "D:\\WORK\\2021\\MPDF\\baseline\\ui\\店店投餐饮知识\\item_detail.wxml", "child": [6], "parent": 4, "matchString": []}, {"id": 6, "type": "image", "string": null, "attribute": {"src": "{{brandInfo.logo}}"}, "referenceVariable": ["brandInfo.logo"], "referenceFunction": [], "style": [], "inheritClass": null, "wxss": [], "page": null, "path": "D:\\WORK\\2021\\MPDF\\baseline\\ui\\店店投餐饮知识\\item_detail.wxml", "child": [], "parent": 5, "matchString": []}, {"id": 7, "type": "view", "string": null, "attribute": {"class": ["con", "fl"]}, "referenceVariable": [], "referenceFunction": [], "style": [], "inheritClass": null, "wxss": [], "page": null, "path": "D:\\WORK\\2021\\MPDF\\baseline\\ui\\店店投餐饮知识\\item_detail.wxml", "child": [8, 9, 10], "parent": 4, "matchString": [{"type": "relation", "string": "{{brandInfo.brandName}}"}, {"type": "relation", "string": "{{brandInfo.chName}}"}, {"type": "relation", "string": "{{brandInfo.industryTxt}}"}]}, {"id": 8, "type": "view", "string": "{{brandInfo.brandName}}", "attribute": {"class": ["title"]}, "referenceVariable": [], "referenceFunction": [], "style": [], "inheritClass": null, "wxss": [], "page": null, "path": "D:\\WORK\\2021\\MPDF\\baseline\\ui\\店店投餐饮知识\\item_detail.wxml", "child": [], "parent": 7, "matchString": [{"type": "self", "string": "{{brandInfo.brandName}}"}]}, {"id": 9, "type": "view", "string": "{{brandInfo.chName}}", "attribute": {"class": ["info"]}, "referenceVariable": [], "referenceFunction": [], "style": [], "inheritClass": null, "wxss": [], "page": null, "path": "D:\\WORK\\2021\\MPDF\\baseline\\ui\\店店投餐饮知识\\item_detail.wxml", "child": [], "parent": 7, "matchString": [{"type": "self", "string": "{{brandInfo.chName}}"}]}, {"id": 10, "type": "view", "string": null, "attribute": {"class": ["info"]}, "referenceVariable": [], "referenceFunction": [], "style": [], "inheritClass": null, "wxss": [], "page": null, "path": "D:\\WORK\\2021\\MPDF\\baseline\\ui\\店店投餐饮知识\\item_detail.wxml", "child": [11], "parent": 7, "matchString": [{"type": "relation", "string": "{{brandInfo.industryTxt}}"}]}, {"id": 11, "type": "view", "string": "{{brandInfo.industryTxt}}", "attribute": {"class": ["span"]}, "referenceVariable": [], "referenceFunction": [], "style": [], "inheritClass": null, "wxss": [], "page": null, "path": "D:\\WORK\\2021\\MPDF\\baseline\\ui\\店店投餐饮知识\\item_detail.wxml", "child": [], "parent": 10, "matchString": [{"type": "self", "string": "{{brandInfo.industryTxt}}"}]}, {"id": 12, "type": "view", "string": null, "attribute": {"class": ["tze", "fr"]}, "referenceVariable": [], "referenceFunction": [], "style": [], "inheritClass": null, "wxss": [], "page": null, "path": "D:\\WORK\\2021\\MPDF\\baseline\\ui\\店店投餐饮知识\\item_detail.wxml", "child": [13, 14], "parent": 4, "matchString": [{"type": "relation", "string": "加盟费用"}, {"type": "relation", "string": "查看详情"}]}, {"id": 13, "type": "view", "string": "加盟费用", "attribute": {"class": ["des"]}, "referenceVariable": [], "referenceFunction": [], "style": [], "inheritClass": null, "wxss": [], "page": null, "path": "D:\\WORK\\2021\\MPDF\\baseline\\ui\\店店投餐饮知识\\item_detail.wxml", "child": [], "parent": 12, "matchString": [{"type": "self", "string": "加盟费用"}]}, {"id": 14, "type": "view", "string": "查看详情", "attribute": {"bindtap": "showRule", "class": ["btn"]}, "referenceVariable": [], "referenceFunction": ["showRule"], "style": [], "inheritClass": null, "wxss": [], "page": null, "path": "D:\\WORK\\2021\\MPDF\\baseline\\ui\\店店投餐饮知识\\item_detail.wxml", "child": [], "parent": 12, "matchString": [{"type": "self", "string": "查看详情"}]}, {"id": 15, "type": "view", "string": null, "attribute": {"class": ["item-info", "mt10"]}, "referenceVariable": [], "referenceFunction": [], "style": [], "inheritClass": null, "wxss": [], "page": null, "path": "D:\\WORK\\2021\\MPDF\\baseline\\ui\\店店投餐饮知识\\item_detail.wxml", "child": [16, 20, 24], "parent": 3, "matchString": [{"type": "relation", "string": "{{brandInfo.indexNum}}"}, {"type": "relation", "string": "意向加盟"}, {"type": "relation", "string": "{{brandInfo.msgNum}}"}, {"type": "relation", "string": "申请加盟"}, {"type": "relation", "string": "{{brandInfo.shopNum}}"}, {"type": "relation", "string": "门店数"}]}, {"id": 16, "type": "view", "string": null, "attribute": {"class": ["li"]}, "referenceVariable": [], "referenceFunction": [], "style": [], "inheritClass": null, "wxss": [], "page": null, "path": "D:\\WORK\\2021\\MPDF\\baseline\\ui\\店店投餐饮知识\\item_detail.wxml", "child": [17, 19], "parent": 15, "matchString": [{"type": "relation", "string": "{{brandInfo.indexNum}}"}, {"type": "relation", "string": "意向加盟"}]}, {"id": 17, "type": "view", "string": null, "attribute": {"class": ["em"]}, "referenceVariable": [], "referenceFunction": [], "style": [], "inheritClass": null, "wxss": [], "page": null, "path": "D:\\WORK\\2021\\MPDF\\baseline\\ui\\店店投餐饮知识\\item_detail.wxml", "child": [18], "parent": 16, "matchString": [{"type": "relation", "string": "{{brandInfo.indexNum}}"}]}, {"id": 18, "type": "view", "string": "{{brandInfo.indexNum}}", "attribute": {}, "referenceVariable": [], "referenceFunction": [], "style": [], "inheritClass": null, "wxss": [], "page": null, "path": "D:\\WORK\\2021\\MPDF\\baseline\\ui\\店店投餐饮知识\\item_detail.wxml", "child": [], "parent": 17, "matchString": [{"type": "self", "string": "{{brandInfo.indexNum}}"}]}, {"id": 19, "type": "view", "string": "意向加盟", "attribute": {"class": ["span"]}, "referenceVariable": [], "referenceFunction": [], "style": [], "inheritClass": null, "wxss": [], "page": null, "path": "D:\\WORK\\2021\\MPDF\\baseline\\ui\\店店投餐饮知识\\item_detail.wxml", "child": [], "parent": 16, "matchString": [{"type": "self", "string": "意向加盟"}]}, {"id": 20, "type": "view", "string": null, "attribute": {"class": ["li"]}, "referenceVariable": [], "referenceFunction": [], "style": [], "inheritClass": null, "wxss": [], "page": null, "path": "D:\\WORK\\2021\\MPDF\\baseline\\ui\\店店投餐饮知识\\item_detail.wxml", "child": [21, 23], "parent": 15, "matchString": [{"type": "relation", "string": "{{brandInfo.msgNum}}"}, {"type": "relation", "string": "申请加盟"}]}, {"id": 21, "type": "view", "string": null, "attribute": {"class": ["em"]}, "referenceVariable": [], "referenceFunction": [], "style": [], "inheritClass": null, "wxss": [], "page": null, "path": "D:\\WORK\\2021\\MPDF\\baseline\\ui\\店店投餐饮知识\\item_detail.wxml", "child": [22], "parent": 20, "matchString": [{"type": "relation", "string": "{{brandInfo.msgNum}}"}]}, {"id": 22, "type": "view", "string": "{{brandInfo.msgNum}}", "attribute": {}, "referenceVariable": [], "referenceFunction": [], "style": [], "inheritClass": null, "wxss": [], "page": null, "path": "D:\\WORK\\2021\\MPDF\\baseline\\ui\\店店投餐饮知识\\item_detail.wxml", "child": [], "parent": 21, "matchString": [{"type": "self", "string": "{{brandInfo.msgNum}}"}]}, {"id": 23, "type": "view", "string": "申请加盟", "attribute": {"class": ["span"]}, "referenceVariable": [], "referenceFunction": [], "style": [], "inheritClass": null, "wxss": [], "page": null, "path": "D:\\WORK\\2021\\MPDF\\baseline\\ui\\店店投餐饮知识\\item_detail.wxml", "child": [], "parent": 20, "matchString": [{"type": "self", "string": "申请加盟"}]}, {"id": 24, "type": "view", "string": null, "attribute": {"class": ["li"]}, "referenceVariable": [], "referenceFunction": [], "style": [], "inheritClass": null, "wxss": [], "page": null, "path": "D:\\WORK\\2021\\MPDF\\baseline\\ui\\店店投餐饮知识\\item_detail.wxml", "child": [25, 27], "parent": 15, "matchString": [{"type": "relation", "string": "{{brandInfo.shopNum}}"}, {"type": "relation", "string": "门店数"}]}, {"id": 25, "type": "view", "string": null, "attribute": {"class": ["em"]}, "referenceVariable": [], "referenceFunction": [], "style": [], "inheritClass": null, "wxss": [], "page": null, "path": "D:\\WORK\\2021\\MPDF\\baseline\\ui\\店店投餐饮知识\\item_detail.wxml", "child": [26], "parent": 24, "matchString": [{"type": "relation", "string": "{{brandInfo.shopNum}}"}]}, {"id": 26, "type": "view", "string": "{{brandInfo.shopNum}}", "attribute": {}, "referenceVariable": [], "referenceFunction": [], "style": [], "inheritClass": null, "wxss": [], "page": null, "path": "D:\\WORK\\2021\\MPDF\\baseline\\ui\\店店投餐饮知识\\item_detail.wxml", "child": [], "parent": 25, "matchString": [{"type": "self", "string": "{{brandInfo.shopNum}}"}]}, {"id": 27, "type": "view", "string": "门店数", "attribute": {"class": ["span"]}, "referenceVariable": [], "referenceFunction": [], "style": [], "inheritClass": null, "wxss": [], "page": null, "path": "D:\\WORK\\2021\\MPDF\\baseline\\ui\\店店投餐饮知识\\item_detail.wxml", "child": [], "parent": 24, "matchString": [{"type": "self", "string": "门店数"}]}, {"id": 28, "type": "view", "string": null, "attribute": {"class": ["info-list", "mt10"]}, "referenceVariable": [], "referenceFunction": [], "style": [], "inheritClass": null, "wxss": [], "page": null, "path": "D:\\WORK\\2021\\MPDF\\baseline\\ui\\店店投餐饮知识\\item_detail.wxml", "child": [29], "parent": 1, "matchString": [{"type": "relation", "string": "{{brandInfo.suitCrowdTxt}}"}, {"type": "relation", "string": "{{brandInfo.joinCapitalTxt}}"}, {"type": "relation", "string": "{{brandInfo.joinArea}}"}, {"type": "relation", "string": "{{brandInfo.products}}"}]}, {"id": 29, "type": "view", "string": null, "attribute": {"class": ["layout", "clearfix"]}, "referenceVariable": [], "referenceFunction": [], "style": [], "inheritClass": null, "wxss": [], "page": null, "path": "D:\\WORK\\2021\\MPDF\\baseline\\ui\\店店投餐饮知识\\item_detail.wxml", "child": [30, 32, 34, 36], "parent": 28, "matchString": [{"type": "relation", "string": "{{brandInfo.suitCrowdTxt}}"}, {"type": "relation", "string": "{{brandInfo.joinCapitalTxt}}"}, {"type": "relation", "string": "{{brandInfo.joinArea}}"}, {"type": "relation", "string": "{{brandInfo.products}}"}]}, {"id": 30, "type": "view", "string": null, "attribute": {"class": ["li"]}, "referenceVariable": [], "referenceFunction": [], "style": [], "inheritClass": null, "wxss": [], "page": null, "path": "D:\\WORK\\2021\\MPDF\\baseline\\ui\\店店投餐饮知识\\item_detail.wxml", "child": [31], "parent": 29, "matchString": [{"type": "relation", "string": "{{brandInfo.suitCrowdTxt}}"}]}, {"id": 31, "type": "view", "string": "{{brandInfo.suitCrowdTxt}}", "attribute": {"class": ["span"]}, "referenceVariable": [], "referenceFunction": [], "style": [], "inheritClass": null, "wxss": [], "page": null, "path": "D:\\WORK\\2021\\MPDF\\baseline\\ui\\店店投餐饮知识\\item_detail.wxml", "child": [], "parent": 30, "matchString": [{"type": "self", "string": "{{brandInfo.suitCrowdTxt}}"}]}, {"id": 32, "type": "view", "string": null, "attribute": {"class": ["li"]}, "referenceVariable": [], "referenceFunction": [], "style": [], "inheritClass": null, "wxss": [], "page": null, "path": "D:\\WORK\\2021\\MPDF\\baseline\\ui\\店店投餐饮知识\\item_detail.wxml", "child": [33], "parent": 29, "matchString": [{"type": "relation", "string": "{{brandInfo.joinCapitalTxt}}"}]}, {"id": 33, "type": "view", "string": "{{brandInfo.joinCapitalTxt}}", "attribute": {"class": ["span"]}, "referenceVariable": [], "referenceFunction": [], "style": [], "inheritClass": null, "wxss": [], "page": null, "path": "D:\\WORK\\2021\\MPDF\\baseline\\ui\\店店投餐饮知识\\item_detail.wxml", "child": [], "parent": 32, "matchString": [{"type": "self", "string": "{{brandInfo.joinCapitalTxt}}"}]}, {"id": 34, "type": "view", "string": null, "attribute": {"class": ["li"]}, "referenceVariable": [], "referenceFunction": [], "style": [], "inheritClass": null, "wxss": [], "page": null, "path": "D:\\WORK\\2021\\MPDF\\baseline\\ui\\店店投餐饮知识\\item_detail.wxml", "child": [35], "parent": 29, "matchString": [{"type": "relation", "string": "{{brandInfo.joinArea}}"}]}, {"id": 35, "type": "view", "string": "{{brandInfo.joinArea}}", "attribute": {"class": ["span"]}, "referenceVariable": [], "referenceFunction": [], "style": [], "inheritClass": null, "wxss": [], "page": null, "path": "D:\\WORK\\2021\\MPDF\\baseline\\ui\\店店投餐饮知识\\item_detail.wxml", "child": [], "parent": 34, "matchString": [{"type": "self", "string": "{{brandInfo.joinArea}}"}]}, {"id": 36, "type": "view", "string": null, "attribute": {"class": ["li"]}, "referenceVariable": [], "referenceFunction": [], "style": [], "inheritClass": null, "wxss": [], "page": null, "path": "D:\\WORK\\2021\\MPDF\\baseline\\ui\\店店投餐饮知识\\item_detail.wxml", "child": [37], "parent": 29, "matchString": [{"type": "relation", "string": "{{brandInfo.products}}"}]}, {"id": 37, "type": "view", "string": "{{brandInfo.products}}", "attribute": {"class": ["span"]}, "referenceVariable": [], "referenceFunction": [], "style": [], "inheritClass": null, "wxss": [], "page": null, "path": "D:\\WORK\\2021\\MPDF\\baseline\\ui\\店店投餐饮知识\\item_detail.wxml", "child": [], "parent": 36, "matchString": [{"type": "self", "string": "{{brandInfo.products}}"}]}, {"id": 38, "type": "view", "string": null, "attribute": {"class": ["phone-entry", "mt10"]}, "referenceVariable": [], "referenceFunction": [], "style": [], "inheritClass": null, "wxss": [], "page": null, "path": "D:\\WORK\\2021\\MPDF\\baseline\\ui\\店店投餐饮知识\\item_detail.wxml", "child": [39], "parent": 1, "matchString": [{"type": "relation", "string": "免费获取{{brandInfo.brandName}}加盟资料"}, {"type": "relation", "string": "phone"}, {"type": "relation", "string": "请输入你的手机号"}, {"type": "relation", "string": "免费索取"}, {"type": "relation", "string": "submit"}, {"type": "relation", "string": "*我们严格保护用户隐私，绝不泄露任何信息！"}]}, {"id": 39, "type": "view", "string": null, "attribute": {"class": ["layout"]}, "referenceVariable": [], "referenceFunction": [], "style": [], "inheritClass": null, "wxss": [], "page": null, "path": "D:\\WORK\\2021\\MPDF\\baseline\\ui\\店店投餐饮知识\\item_detail.wxml", "child": [40, 41, 45], "parent": 38, "matchString": [{"type": "relation", "string": "免费获取{{brandInfo.brandName}}加盟资料"}, {"type": "relation", "string": "phone"}, {"type": "relation", "string": "请输入你的手机号"}, {"type": "relation", "string": "免费索取"}, {"type": "relation", "string": "submit"}, {"type": "relation", "string": "*我们严格保护用户隐私，绝不泄露任何信息！"}]}, {"id": 40, "type": "view", "string": "免费获取{{brandInfo.brandName}}加盟资料", "attribute": {"class": ["title"]}, "referenceVariable": [], "referenceFunction": [], "style": [], "inheritClass": null, "wxss": [], "page": null, "path": "D:\\WORK\\2021\\MPDF\\baseline\\ui\\店店投餐饮知识\\item_detail.wxml", "child": [], "parent": 39, "matchString": [{"type": "self", "string": "免费获取{{brandInfo.brandName}}加盟资料"}]}, {"id": 41, "type": "form", "string": null, "attribute": {"bind:submit": "msgSubmitHandle"}, "referenceVariable": [], "referenceFunction": ["msgSubmitHandle"], "style": [], "inheritClass": null, "wxss": [], "page": null, "path": "D:\\WORK\\2021\\MPDF\\baseline\\ui\\店店投餐饮知识\\item_detail.wxml", "child": [42], "parent": 39, "matchString": [{"type": "relation", "string": "phone"}, {"type": "relation", "string": "请输入你的手机号"}, {"type": "relation", "string": "免费索取"}, {"type": "relation", "string": "submit"}]}, {"id": 42, "type": "view", "string": null, "attribute": {"class": ["input-group"]}, "referenceVariable": [], "referenceFunction": [], "style": [], "inheritClass": null, "wxss": [], "page": null, "path": "D:\\WORK\\2021\\MPDF\\baseline\\ui\\店店投餐饮知识\\item_detail.wxml", "child": [43, 44], "parent": 41, "matchString": [{"type": "relation", "string": "phone"}, {"type": "relation", "string": "请输入你的手机号"}, {"type": "relation", "string": "免费索取"}, {"type": "relation", "string": "submit"}]}, {"id": 43, "type": "input", "string": null, "attribute": {"name": "phone", "placeholder": "请输入你的手机号", "type": "text"}, "referenceVariable": [], "referenceFunction": [], "style": [], "inheritClass": null, "wxss": [], "page": null, "path": "D:\\WORK\\2021\\MPDF\\baseline\\ui\\店店投餐饮知识\\item_detail.wxml", "child": [], "parent": 42, "matchString": [{"type": "attr", "string": "phone"}, {"type": "attr", "string": "请输入你的手机号"}]}, {"id": 44, "type": "button", "string": "免费索取", "attribute": {"formtype": "submit"}, "referenceVariable": [], "referenceFunction": [], "style": [], "inheritClass": null, "wxss": [], "page": null, "path": "D:\\WORK\\2021\\MPDF\\baseline\\ui\\店店投餐饮知识\\item_detail.wxml", "child": [], "parent": 42, "matchString": [{"type": "self", "string": "免费索取"}, {"type": "attr", "string": "submit"}]}, {"id": 45, "type": "view", "string": "*我们严格保护用户隐私，绝不泄露任何信息！", "attribute": {"class": ["tips"]}, "referenceVariable": [], "referenceFunction": [], "style": [], "inheritClass": null, "wxss": [], "page": null, "path": "D:\\WORK\\2021\\MPDF\\baseline\\ui\\店店投餐饮知识\\item_detail.wxml", "child": [], "parent": 39, "matchString": [{"type": "self", "string": "*我们严格保护用户隐私，绝不泄露任何信息！"}]}, {"id": 46, "type": "view", "string": null, "attribute": {"class": ["article", "mt15", "{{navFixed?'positionFixed':''}}"]}, "referenceVariable": ["navFixed?'positionFixed':''"], "referenceFunction": [], "style": [], "inheritClass": null, "wxss": [], "page": null, "path": "D:\\WORK\\2021\\MPDF\\baseline\\ui\\店店投餐饮知识\\item_detail.wxml", "child": [47, 51, 56, 61], "parent": 1, "matchString": [{"type": "relation", "string": "加盟详情"}, {"type": "relation", "string": "0"}, {"type": "relation", "string": "加盟优势"}, {"type": "relation", "string": "1"}, {"type": "relation", "string": "加盟流程"}, {"type": "relation", "string": "2"}, {"type": "relation", "string": "{{brandInfo.brandName}}加盟详情"}, {"type": "relation", "string": "{{brandInfo.brandIntroduce}}"}, {"type": "relation", "string": "{{brandInfo.brandName}}加盟优势"}, {"type": "relation", "string": "{{brandInfo.brandAdvantage}}"}, {"type": "relation", "string": "{{brandInfo.brandName}}加盟流程"}, {"type": "relation", "string": "{{brandInfo.brandFlow}}"}]}, {"id": 47, "type": "view", "string": null, "attribute": {"class": ["article-tab"]}, "referenceVariable": [], "referenceFunction": [], "style": [], "inheritClass": null, "wxss": [], "page": null, "path": "D:\\WORK\\2021\\MPDF\\baseline\\ui\\店店投餐饮知识\\item_detail.wxml", "child": [48, 49, 50], "parent": 46, "matchString": [{"type": "relation", "string": "加盟详情"}, {"type": "relation", "string": "0"}, {"type": "relation", "string": "加盟优势"}, {"type": "relation", "string": "1"}, {"type": "relation", "string": "加盟流程"}, {"type": "relation", "string": "2"}]}, {"id": 48, "type": "view", "string": "加盟详情", "attribute": {"bindtap": "clickTab", "class": ["li", "{{currentTab==0?'active':''}}"], "data-current": "0"}, "referenceVariable": ["currentTab==0?'active':''"], "referenceFunction": ["clickTab"], "style": [], "inheritClass": null, "wxss": [], "page": null, "path": "D:\\WORK\\2021\\MPDF\\baseline\\ui\\店店投餐饮知识\\item_detail.wxml", "child": [], "parent": 47, "matchString": [{"type": "self", "string": "加盟详情"}, {"type": "attr", "string": "0"}]}, {"id": 49, "type": "view", "string": "加盟优势", "attribute": {"bindtap": "clickTab", "class": ["li", "{{currentTab==1?'active':''}}"], "data-current": "1"}, "referenceVariable": ["currentTab==1?'active':''"], "referenceFunction": ["clickTab"], "style": [], "inheritClass": null, "wxss": [], "page": null, "path": "D:\\WORK\\2021\\MPDF\\baseline\\ui\\店店投餐饮知识\\item_detail.wxml", "child": [], "parent": 47, "matchString": [{"type": "self", "string": "加盟优势"}, {"type": "attr", "string": "1"}]}, {"id": 50, "type": "view", "string": "加盟流程", "attribute": {"bindtap": "clickTab", "class": ["li", "{{currentTab==2?'active':''}}"], "data-current": "2"}, "referenceVariable": ["currentTab==2?'active':''"], "referenceFunction": ["clickTab"], "style": [], "inheritClass": null, "wxss": [], "page": null, "path": "D:\\WORK\\2021\\MPDF\\baseline\\ui\\店店投餐饮知识\\item_detail.wxml", "child": [], "parent": 47, "matchString": [{"type": "self", "string": "加盟流程"}, {"type": "attr", "string": "2"}]}, {"id": 51, "type": "view", "string": null, "attribute": {"class": ["article-con", "{{currentTab==0?'show':'hidden'}}"]}, "referenceVariable": ["currentTab==0?'show':'hidden'"], "referenceFunction": [], "style": [], "inheritClass": null, "wxss": [], "page": null, "path": "D:\\WORK\\2021\\MPDF\\baseline\\ui\\店店投餐饮知识\\item_detail.wxml", "child": [52, 54], "parent": 46, "matchString": [{"type": "relation", "string": "{{brandInfo.brandName}}加盟详情"}, {"type": "relation", "string": "{{brandInfo.brandIntroduce}}"}]}, {"id": 52, "type": "view", "string": null, "attribute": {"class": ["title"]}, "referenceVariable": [], "referenceFunction": [], "style": [], "inheritClass": null, "wxss": [], "page": null, "path": "D:\\WORK\\2021\\MPDF\\baseline\\ui\\店店投餐饮知识\\item_detail.wxml", "child": [53], "parent": 51, "matchString": [{"type": "relation", "string": "{{brandInfo.brandName}}加盟详情"}]}, {"id": 53, "type": "view", "string": "{{brandInfo.brandName}}加盟详情", "attribute": {}, "referenceVariable": [], "referenceFunction": [], "style": [], "inheritClass": null, "wxss": [], "page": null, "path": "D:\\WORK\\2021\\MPDF\\baseline\\ui\\店店投餐饮知识\\item_detail.wxml", "child": [], "parent": 52, "matchString": [{"type": "self", "string": "{{brandInfo.brandName}}加盟详情"}]}, {"id": 54, "type": "view", "string": null, "attribute": {"class": ["layout"]}, "referenceVariable": [], "referenceFunction": [], "style": [], "inheritClass": null, "wxss": [], "page": null, "path": "D:\\WORK\\2021\\MPDF\\baseline\\ui\\店店投餐饮知识\\item_detail.wxml", "child": [55], "parent": 51, "matchString": [{"type": "relation", "string": "{{brandInfo.brandIntroduce}}"}]}, {"id": 55, "type": "rich-text", "string": null, "attribute": {"class": ["con"], "nodes": "{{brandInfo.brandIntroduce}}"}, "referenceVariable": ["brandInfo.brandIntroduce"], "referenceFunction": [], "style": [], "inheritClass": null, "wxss": [], "page": null, "path": "D:\\WORK\\2021\\MPDF\\baseline\\ui\\店店投餐饮知识\\item_detail.wxml", "child": [], "parent": 54, "matchString": [{"type": "attr", "string": "{{brandInfo.brandIntroduce}}"}]}, {"id": 56, "type": "view", "string": null, "attribute": {"class": ["article-con", "{{currentTab==1?'show':'hidden'}}"]}, "referenceVariable": ["currentTab==1?'show':'hidden'"], "referenceFunction": [], "style": [], "inheritClass": null, "wxss": [], "page": null, "path": "D:\\WORK\\2021\\MPDF\\baseline\\ui\\店店投餐饮知识\\item_detail.wxml", "child": [57, 59], "parent": 46, "matchString": [{"type": "relation", "string": "{{brandInfo.brandName}}加盟优势"}, {"type": "relation", "string": "{{brandInfo.brandAdvantage}}"}]}, {"id": 57, "type": "view", "string": null, "attribute": {"class": ["title"]}, "referenceVariable": [], "referenceFunction": [], "style": [], "inheritClass": null, "wxss": [], "page": null, "path": "D:\\WORK\\2021\\MPDF\\baseline\\ui\\店店投餐饮知识\\item_detail.wxml", "child": [58], "parent": 56, "matchString": [{"type": "relation", "string": "{{brandInfo.brandName}}加盟优势"}]}, {"id": 58, "type": "view", "string": "{{brandInfo.brandName}}加盟优势", "attribute": {}, "referenceVariable": [], "referenceFunction": [], "style": [], "inheritClass": null, "wxss": [], "page": null, "path": "D:\\WORK\\2021\\MPDF\\baseline\\ui\\店店投餐饮知识\\item_detail.wxml", "child": [], "parent": 57, "matchString": [{"type": "self", "string": "{{brandInfo.brandName}}加盟优势"}]}, {"id": 59, "type": "view", "string": null, "attribute": {"class": ["layout"]}, "referenceVariable": [], "referenceFunction": [], "style": [], "inheritClass": null, "wxss": [], "page": null, "path": "D:\\WORK\\2021\\MPDF\\baseline\\ui\\店店投餐饮知识\\item_detail.wxml", "child": [60], "parent": 56, "matchString": [{"type": "relation", "string": "{{brandInfo.brandAdvantage}}"}]}, {"id": 60, "type": "rich-text", "string": null, "attribute": {"class": ["con"], "nodes": "{{brandInfo.brandAdvantage}}"}, "referenceVariable": ["brandInfo.brandAdvantage"], "referenceFunction": [], "style": [], "inheritClass": null, "wxss": [], "page": null, "path": "D:\\WORK\\2021\\MPDF\\baseline\\ui\\店店投餐饮知识\\item_detail.wxml", "child": [], "parent": 59, "matchString": [{"type": "attr", "string": "{{brandInfo.brandAdvantage}}"}]}, {"id": 61, "type": "view", "string": null, "attribute": {"class": ["article-con", "{{currentTab==2?'show':'hidden'}}"]}, "referenceVariable": ["currentTab==2?'show':'hidden'"], "referenceFunction": [], "style": [], "inheritClass": null, "wxss": [], "page": null, "path": "D:\\WORK\\2021\\MPDF\\baseline\\ui\\店店投餐饮知识\\item_detail.wxml", "child": [62, 64], "parent": 46, "matchString": [{"type": "relation", "string": "{{brandInfo.brandName}}加盟流程"}, {"type": "relation", "string": "{{brandInfo.brandFlow}}"}]}, {"id": 62, "type": "view", "string": null, "attribute": {"class": ["title"]}, "referenceVariable": [], "referenceFunction": [], "style": [], "inheritClass": null, "wxss": [], "page": null, "path": "D:\\WORK\\2021\\MPDF\\baseline\\ui\\店店投餐饮知识\\item_detail.wxml", "child": [63], "parent": 61, "matchString": [{"type": "relation", "string": "{{brandInfo.brandName}}加盟流程"}]}, {"id": 63, "type": "view", "string": "{{brandInfo.brandName}}加盟流程", "attribute": {}, "referenceVariable": [], "referenceFunction": [], "style": [], "inheritClass": null, "wxss": [], "page": null, "path": "D:\\WORK\\2021\\MPDF\\baseline\\ui\\店店投餐饮知识\\item_detail.wxml", "child": [], "parent": 62, "matchString": [{"type": "self", "string": "{{brandInfo.brandName}}加盟流程"}]}, {"id": 64, "type": "view", "string": null, "attribute": {"class": ["layout"]}, "referenceVariable": [], "referenceFunction": [], "style": [], "inheritClass": null, "wxss": [], "page": null, "path": "D:\\WORK\\2021\\MPDF\\baseline\\ui\\店店投餐饮知识\\item_detail.wxml", "child": [65], "parent": 61, "matchString": [{"type": "relation", "string": "{{brandInfo.brandFlow}}"}]}, {"id": 65, "type": "rich-text", "string": null, "attribute": {"class": ["con"], "nodes": "{{brandInfo.brandFlow}}"}, "referenceVariable": ["brandInfo.brandFlow"], "referenceFunction": [], "style": [], "inheritClass": null, "wxss": [], "page": null, "path": "D:\\WORK\\2021\\MPDF\\baseline\\ui\\店店投餐饮知识\\item_detail.wxml", "child": [], "parent": 64, "matchString": [{"type": "attr", "string": "{{brandInfo.brandFlow}}"}]}, {"id": 66, "type": "view", "string": null, "attribute": {"class": ["ly", "mt10"]}, "referenceVariable": [], "referenceFunction": [], "style": [], "inheritClass": null, "wxss": [], "page": null, "path": "D:\\WORK\\2021\\MPDF\\baseline\\ui\\店店投餐饮知识\\item_detail.wxml", "child": [67], "parent": 1, "matchString": [{"type": "relation", "string": "我对此项目很感兴趣，立即留言："}, {"type": "relation", "string": "称呼："}, {"type": "relation", "string": "userName"}, {"type": "relation", "string": "请输入您的姓名"}, {"type": "relation", "string": "手机："}, {"type": "relation", "string": "phone"}, {"type": "relation", "string": "我们严格保护用户隐私"}, {"type": "relation", "string": "留言："}, {"type": "relation", "string": "content"}, {"type": "relation", "string": "这个项目不错，请尽快联系我"}, {"type": "relation", "string": "提交留言"}, {"type": "relation", "string": "submit"}, {"type": "relation", "string": "*我们严格保护用户隐私，绝不泄露任何信息！"}]}, {"id": 67, "type": "view", "string": null, "attribute": {"class": ["layout"]}, "referenceVariable": [], "referenceFunction": [], "style": [], "inheritClass": null, "wxss": [], "page": null, "path": "D:\\WORK\\2021\\MPDF\\baseline\\ui\\店店投餐饮知识\\item_detail.wxml", "child": [68, 69], "parent": 66, "matchString": [{"type": "relation", "string": "我对此项目很感兴趣，立即留言："}, {"type": "relation", "string": "称呼："}, {"type": "relation", "string": "userName"}, {"type": "relation", "string": "请输入您的姓名"}, {"type": "relation", "string": "手机："}, {"type": "relation", "string": "phone"}, {"type": "relation", "string": "我们严格保护用户隐私"}, {"type": "relation", "string": "留言："}, {"type": "relation", "string": "content"}, {"type": "relation", "string": "这个项目不错，请尽快联系我"}, {"type": "relation", "string": "提交留言"}, {"type": "relation", "string": "submit"}, {"type": "relation", "string": "*我们严格保护用户隐私，绝不泄露任何信息！"}]}, {"id": 68, "type": "view", "string": "我对此项目很感兴趣，立即留言：", "attribute": {"class": ["title"]}, "referenceVariable": [], "referenceFunction": [], "style": [], "inheritClass": null, "wxss": [], "page": null, "path": "D:\\WORK\\2021\\MPDF\\baseline\\ui\\店店投餐饮知识\\item_detail.wxml", "child": [], "parent": 67, "matchString": [{"type": "self", "string": "我对此项目很感兴趣，立即留言："}]}, {"id": 69, "type": "form", "string": null, "attribute": {"bind:submit": "msgSubmitHandle"}, "referenceVariable": [], "referenceFunction": ["msgSubmitHandle"], "style": [], "inheritClass": null, "wxss": [], "page": null, "path": "D:\\WORK\\2021\\MPDF\\baseline\\ui\\店店投餐饮知识\\item_detail.wxml", "child": [70, 73, 76, 79, 80], "parent": 67, "matchString": [{"type": "relation", "string": "称呼："}, {"type": "relation", "string": "userName"}, {"type": "relation", "string": "请输入您的姓名"}, {"type": "relation", "string": "手机："}, {"type": "relation", "string": "phone"}, {"type": "relation", "string": "我们严格保护用户隐私"}, {"type": "relation", "string": "留言："}, {"type": "relation", "string": "content"}, {"type": "relation", "string": "这个项目不错，请尽快联系我"}, {"type": "relation", "string": "提交留言"}, {"type": "relation", "string": "submit"}, {"type": "relation", "string": "*我们严格保护用户隐私，绝不泄露任何信息！"}]}, {"id": 70, "type": "view", "string": null, "attribute": {"class": ["input-group", "mt10"]}, "referenceVariable": [], "referenceFunction": [], "style": [], "inheritClass": null, "wxss": [], "page": null, "path": "D:\\WORK\\2021\\MPDF\\baseline\\ui\\店店投餐饮知识\\item_detail.wxml", "child": [71, 72], "parent": 69, "matchString": [{"type": "relation", "string": "称呼："}, {"type": "relation", "string": "userName"}, {"type": "relation", "string": "请输入您的姓名"}]}, {"id": 71, "type": "label", "string": "称呼：", "attribute": {}, "referenceVariable": [], "referenceFunction": [], "style": [], "inheritClass": null, "wxss": [], "page": null, "path": "D:\\WORK\\2021\\MPDF\\baseline\\ui\\店店投餐饮知识\\item_detail.wxml", "child": [], "parent": 70, "matchString": [{"type": "self", "string": "称呼："}]}, {"id": 72, "type": "input", "string": null, "attribute": {"name": "userName", "placeholder": "请输入您的姓名", "type": "text"}, "referenceVariable": [], "referenceFunction": [], "style": [], "inheritClass": null, "wxss": [], "page": null, "path": "D:\\WORK\\2021\\MPDF\\baseline\\ui\\店店投餐饮知识\\item_detail.wxml", "child": [], "parent": 70, "matchString": [{"type": "attr", "string": "userName"}, {"type": "attr", "string": "请输入您的姓名"}]}, {"id": 73, "type": "view", "string": null, "attribute": {"class": ["input-group", "mt10"]}, "referenceVariable": [], "referenceFunction": [], "style": [], "inheritClass": null, "wxss": [], "page": null, "path": "D:\\WORK\\2021\\MPDF\\baseline\\ui\\店店投餐饮知识\\item_detail.wxml", "child": [74, 75, 117, 118], "parent": 69, "matchString": [{"type": "relation", "string": "手机："}, {"type": "relation", "string": "phone"}, {"type": "relation", "string": "我们严格保护用户隐私"}]}, {"id": 74, "type": "label", "string": "手机：", "attribute": {}, "referenceVariable": [], "referenceFunction": [], "style": [], "inheritClass": null, "wxss": [], "page": null, "path": "D:\\WORK\\2021\\MPDF\\baseline\\ui\\店店投餐饮知识\\item_detail.wxml", "child": [], "parent": 73, "matchString": [{"type": "self", "string": "手机："}]}, {"id": 75, "type": "input", "string": null, "attribute": {"name": "phone", "placeholder": "我们严格保护用户隐私", "type": "text"}, "referenceVariable": [], "referenceFunction": [], "style": [], "inheritClass": null, "wxss": [], "page": null, "path": "D:\\WORK\\2021\\MPDF\\baseline\\ui\\店店投餐饮知识\\item_detail.wxml", "child": [], "parent": 73, "matchString": [{"type": "attr", "string": "phone"}, {"type": "attr", "string": "我们严格保护用户隐私"}]}, {"id": 76, "type": "view", "string": null, "attribute": {"class": ["input-group", "mt10"]}, "referenceVariable": [], "referenceFunction": [], "style": [], "inheritClass": null, "wxss": [], "page": null, "path": "D:\\WORK\\2021\\MPDF\\baseline\\ui\\店店投餐饮知识\\item_detail.wxml", "child": [77, 78, 120, 121], "parent": 69, "matchString": [{"type": "relation", "string": "留言："}, {"type": "relation", "string": "content"}, {"type": "relation", "string": "这个项目不错，请尽快联系我"}]}, {"id": 77, "type": "label", "string": "留言：", "attribute": {"class": ["no"]}, "referenceVariable": [], "referenceFunction": [], "style": [], "inheritClass": null, "wxss": [], "page": null, "path": "D:\\WORK\\2021\\MPDF\\baseline\\ui\\店店投餐饮知识\\item_detail.wxml", "child": [], "parent": 76, "matchString": [{"type": "self", "string": "留言："}]}, {"id": 78, "type": "input", "string": null, "attribute": {"name": "content", "placeholder": "这个项目不错，请尽快联系我", "type": "text"}, "referenceVariable": [], "referenceFunction": [], "style": [], "inheritClass": null, "wxss": [], "page": null, "path": "D:\\WORK\\2021\\MPDF\\baseline\\ui\\店店投餐饮知识\\item_detail.wxml", "child": [], "parent": 76, "matchString": [{"type": "attr", "string": "content"}, {"type": "attr", "string": "这个项目不错，请尽快联系我"}]}, {"id": 79, "type": "button", "string": "提交留言", "attribute": {"class": ["mt10"], "formtype": "submit"}, "referenceVariable": [], "referenceFunction": [], "style": [], "inheritClass": null, "wxss": [], "page": null, "path": "D:\\WORK\\2021\\MPDF\\baseline\\ui\\店店投餐饮知识\\item_detail.wxml", "child": [], "parent": 69, "matchString": [{"type": "self", "string": "提交留言"}, {"type": "attr", "string": "submit"}]}, {"id": 80, "type": "view", "string": "*我们严格保护用户隐私，绝不泄露任何信息！", "attribute": {"class": ["tips", "mt10"]}, "referenceVariable": [], "referenceFunction": [], "style": [], "inheritClass": null, "wxss": [], "page": null, "path": "D:\\WORK\\2021\\MPDF\\baseline\\ui\\店店投餐饮知识\\item_detail.wxml", "child": [], "parent": 69, "matchString": [{"type": "self", "string": "*我们严格保护用户隐私，绝不泄露任何信息！"}]}, {"id": 81, "type": "view", "string": null, "attribute": {"class": ["maybe", "mt10"], "wx:if": "{{newsList.length>0}}"}, "referenceVariable": ["newsList.length>0"], "referenceFunction": [], "style": [], "inheritClass": null, "wxss": [], "page": null, "path": "D:\\WORK\\2021\\MPDF\\baseline\\ui\\店店投餐饮知识\\item_detail.wxml", "child": [82], "parent": 1, "matchString": [{"type": "relation", "string": "企业动态"}, {"type": "relation", "string": "{{item.newsTitle}}"}, {"type": "relation", "string": "../news_detail/news_detail?fileName={{item.fileName}}"}]}, {"id": 82, "type": "view", "string": null, "attribute": {"class": ["layout"]}, "referenceVariable": [], "referenceFunction": [], "style": [], "inheritClass": null, "wxss": [], "page": null, "path": "D:\\WORK\\2021\\MPDF\\baseline\\ui\\店店投餐饮知识\\item_detail.wxml", "child": [83, 84], "parent": 81, "matchString": [{"type": "relation", "string": "企业动态"}, {"type": "relation", "string": "{{item.newsTitle}}"}, {"type": "relation", "string": "../news_detail/news_detail?fileName={{item.fileName}}"}]}, {"id": 83, "type": "view", "string": "企业动态", "attribute": {"class": ["title"]}, "referenceVariable": [], "referenceFunction": [], "style": [], "inheritClass": null, "wxss": [], "page": null, "path": "D:\\WORK\\2021\\MPDF\\baseline\\ui\\店店投餐饮知识\\item_detail.wxml", "child": [], "parent": 82, "matchString": [{"type": "self", "string": "企业动态"}]}, {"id": 84, "type": "view", "string": null, "attribute": {"class": ["con"]}, "referenceVariable": [], "referenceFunction": [], "style": [], "inheritClass": null, "wxss": [], "page": null, "path": "D:\\WORK\\2021\\MPDF\\baseline\\ui\\店店投餐饮知识\\item_detail.wxml", "child": [85], "parent": 82, "matchString": [{"type": "relation", "string": "{{item.newsTitle}}"}, {"type": "relation", "string": "../news_detail/news_detail?fileName={{item.fileName}}"}]}, {"id": 85, "type": "view", "string": null, "attribute": {"class": ["li"], "wx:for": "{{newsList}}", "wx:key": "item"}, "referenceVariable": ["newsList"], "referenceFunction": [], "style": [], "inheritClass": null, "wxss": [], "page": null, "path": "D:\\WORK\\2021\\MPDF\\baseline\\ui\\店店投餐饮知识\\item_detail.wxml", "child": [86], "parent": 84, "matchString": [{"type": "relation", "string": "{{item.newsTitle}}"}, {"type": "relation", "string": "../news_detail/news_detail?fileName={{item.fileName}}"}]}, {"id": 86, "type": "navigator", "string": "{{item.newsTitle}}", "attribute": {"url": "../news_detail/news_detail?fileName={{item.fileName}}"}, "referenceVariable": ["item.fileName"], "referenceFunction": [], "style": [], "inheritClass": null, "wxss": [], "page": null, "path": "D:\\WORK\\2021\\MPDF\\baseline\\ui\\店店投餐饮知识\\item_detail.wxml", "child": [], "parent": 85, "matchString": [{"type": "self", "string": "{{item.newsTitle}}"}, {"type": "attr", "string": "../news_detail/news_detail?fileName={{item.fileName}}"}]}, {"id": 87, "type": "view", "string": null, "attribute": {"class": ["guess", "mt10"]}, "referenceVariable": [], "referenceFunction": [], "style": [], "inheritClass": null, "wxss": [], "page": null, "path": "D:\\WORK\\2021\\MPDF\\baseline\\ui\\店店投餐饮知识\\item_detail.wxml", "child": [88], "parent": 1, "matchString": [{"type": "relation", "string": "猜你喜欢"}, {"type": "relation", "string": "../item_detail/item_detail?industryCode={{item.industryCode}}&loginName={{item.loginName}}"}, {"type": "relation", "string": "{{item.brandName}}"}]}, {"id": 88, "type": "view", "string": null, "attribute": {"class": ["layout"]}, "referenceVariable": [], "referenceFunction": [], "style": [], "inheritClass": null, "wxss": [], "page": null, "path": "D:\\WORK\\2021\\MPDF\\baseline\\ui\\店店投餐饮知识\\item_detail.wxml", "child": [89, 90], "parent": 87, "matchString": [{"type": "relation", "string": "猜你喜欢"}, {"type": "relation", "string": "../item_detail/item_detail?industryCode={{item.industryCode}}&loginName={{item.loginName}}"}, {"type": "relation", "string": "{{item.brandName}}"}]}, {"id": 89, "type": "view", "string": "猜你喜欢", "attribute": {"class": ["title"]}, "referenceVariable": [], "referenceFunction": [], "style": [], "inheritClass": null, "wxss": [], "page": null, "path": "D:\\WORK\\2021\\MPDF\\baseline\\ui\\店店投餐饮知识\\item_detail.wxml", "child": [], "parent": 88, "matchString": [{"type": "self", "string": "猜你喜欢"}]}, {"id": 90, "type": "view", "string": null, "attribute": {"class": ["con"]}, "referenceVariable": [], "referenceFunction": [], "style": [], "inheritClass": null, "wxss": [], "page": null, "path": "D:\\WORK\\2021\\MPDF\\baseline\\ui\\店店投餐饮知识\\item_detail.wxml", "child": [91], "parent": 88, "matchString": [{"type": "relation", "string": "../item_detail/item_detail?industryCode={{item.industryCode}}&loginName={{item.loginName}}"}, {"type": "relation", "string": "{{item.brandName}}"}]}, {"id": 91, "type": "view", "string": null, "attribute": {"class": ["li"], "wx:for": "{{brandList}}", "wx:key": "item"}, "referenceVariable": ["brandList"], "referenceFunction": [], "style": [], "inheritClass": null, "wxss": [], "page": null, "path": "D:\\WORK\\2021\\MPDF\\baseline\\ui\\店店投餐饮知识\\item_detail.wxml", "child": [92], "parent": 90, "matchString": [{"type": "relation", "string": "../item_detail/item_detail?industryCode={{item.industryCode}}&loginName={{item.loginName}}"}, {"type": "relation", "string": "{{item.brandName}}"}]}, {"id": 92, "type": "navigator", "string": null, "attribute": {"url": "../item_detail/item_detail?industryCode={{item.industryCode}}&loginName={{item.loginName}}"}, "referenceVariable": ["item.industryCode", "item.loginName"], "referenceFunction": [], "style": [], "inheritClass": null, "wxss": [], "page": null, "path": "D:\\WORK\\2021\\MPDF\\baseline\\ui\\店店投餐饮知识\\item_detail.wxml", "child": [93, 94], "parent": 91, "matchString": [{"type": "attr", "string": "../item_detail/item_detail?industryCode={{item.industryCode}}&loginName={{item.loginName}}"}, {"type": "relation", "string": "{{item.brandName}}"}]}, {"id": 93, "type": "image", "string": null, "attribute": {"src": "{{item.logo}}"}, "referenceVariable": ["item.logo"], "referenceFunction": [], "style": [], "inheritClass": null, "wxss": [], "page": null, "path": "D:\\WORK\\2021\\MPDF\\baseline\\ui\\店店投餐饮知识\\item_detail.wxml", "child": [], "parent": 92, "matchString": []}, {"id": 94, "type": "view", "string": "{{item.brandName}}", "attribute": {}, "referenceVariable": [], "referenceFunction": [], "style": [], "inheritClass": null, "wxss": [], "page": null, "path": "D:\\WORK\\2021\\MPDF\\baseline\\ui\\店店投餐饮知识\\item_detail.wxml", "child": [], "parent": 92, "matchString": [{"type": "self", "string": "{{item.brandName}}"}]}, {"id": 95, "type": "view", "string": null, "attribute": {"class": ["layout", "mt10"]}, "referenceVariable": [], "referenceFunction": [], "style": [], "inheritClass": null, "wxss": [], "page": null, "path": "D:\\WORK\\2021\\MPDF\\baseline\\ui\\店店投餐饮知识\\item_detail.wxml", "child": [96], "parent": 1, "matchString": [{"type": "relation", "string": "友情提示：本页面内容仅供参考，为降低投资风险，建议您在投资前多做考察咨询、多对比分析。"}, {"type": "relation", "string": "\n内容声明：以上所展示的信息均由第三方用户免费注册发布，内容的真实性、准确性和合法性均由发布用户负责。中国餐饮网对此不承担任何相关连带责任。中国餐饮网遵循相关法律法规严格审核相关内容，如您发现页面有任何违法或侵权信息，欢迎向网站举报并提供有效线索，我们将认真核查、及时处理。感谢您的参与和支持！"}]}, {"id": 96, "type": "view", "string": null, "attribute": {"class": ["shenming"]}, "referenceVariable": [], "referenceFunction": [], "style": [], "inheritClass": null, "wxss": [], "page": null, "path": "D:\\WORK\\2021\\MPDF\\baseline\\ui\\店店投餐饮知识\\item_detail.wxml", "child": [97, 98], "parent": 95, "matchString": [{"type": "relation", "string": "友情提示：本页面内容仅供参考，为降低投资风险，建议您在投资前多做考察咨询、多对比分析。"}, {"type": "relation", "string": "\n内容声明：以上所展示的信息均由第三方用户免费注册发布，内容的真实性、准确性和合法性均由发布用户负责。中国餐饮网对此不承担任何相关连带责任。中国餐饮网遵循相关法律法规严格审核相关内容，如您发现页面有任何违法或侵权信息，欢迎向网站举报并提供有效线索，我们将认真核查、及时处理。感谢您的参与和支持！"}]}, {"id": 97, "type": "text", "string": "友情提示：本页面内容仅供参考，为降低投资风险，建议您在投资前多做考察咨询、多对比分析。", "attribute": {}, "referenceVariable": [], "referenceFunction": [], "style": [], "inheritClass": null, "wxss": [], "page": null, "path": "D:\\WORK\\2021\\MPDF\\baseline\\ui\\店店投餐饮知识\\item_detail.wxml", "child": [], "parent": 96, "matchString": [{"type": "self", "string": "友情提示：本页面内容仅供参考，为降低投资风险，建议您在投资前多做考察咨询、多对比分析。"}]}, {"id": 98, "type": "text", "string": "\n内容声明：以上所展示的信息均由第三方用户免费注册发布，内容的真实性、准确性和合法性均由发布用户负责。中国餐饮网对此不承担任何相关连带责任。中国餐饮网遵循相关法律法规严格审核相关内容，如您发现页面有任何违法或侵权信息，欢迎向网站举报并提供有效线索，我们将认真核查、及时处理。感谢您的参与和支持！", "attribute": {"class": ["mt10"]}, "referenceVariable": [], "referenceFunction": [], "style": [], "inheritClass": null, "wxss": [], "page": null, "path": "D:\\WORK\\2021\\MPDF\\baseline\\ui\\店店投餐饮知识\\item_detail.wxml", "child": [], "parent": 96, "matchString": [{"type": "self", "string": "\n内容声明：以上所展示的信息均由第三方用户免费注册发布，内容的真实性、准确性和合法性均由发布用户负责。中国餐饮网对此不承担任何相关连带责任。中国餐饮网遵循相关法律法规严格审核相关内容，如您发现页面有任何违法或侵权信息，欢迎向网站举报并提供有效线索，我们将认真核查、及时处理。感谢您的参与和支持！"}]}, {"id": 99, "type": "view", "string": null, "attribute": {"class": ["copyright"]}, "referenceVariable": [], "referenceFunction": [], "style": [], "inheritClass": null, "wxss": [], "page": null, "path": "D:\\WORK\\2021\\MPDF\\baseline\\ui\\店店投餐饮知识\\item_detail.wxml", "child": [100, 101, 102], "parent": 1, "matchString": [{"type": "relation", "string": "Copyright © 2003-2019 中国餐饮网"}, {"type": "relation", "string": "苏ICP备18015948号-6"}, {"type": "relation", "string": "加盟有风险,投资需谨慎"}]}, {"id": 100, "type": "view", "string": "Copyright © 2003-2019 中国餐饮网", "attribute": {}, "referenceVariable": [], "referenceFunction": [], "style": [], "inheritClass": null, "wxss": [], "page": null, "path": "D:\\WORK\\2021\\MPDF\\baseline\\ui\\店店投餐饮知识\\item_detail.wxml", "child": [], "parent": 99, "matchString": [{"type": "self", "string": "Copyright © 2003-2019 中国餐饮网"}]}, {"id": 101, "type": "view", "string": "苏ICP备18015948号-6", "attribute": {}, "referenceVariable": [], "referenceFunction": [], "style": [], "inheritClass": null, "wxss": [], "page": null, "path": "D:\\WORK\\2021\\MPDF\\baseline\\ui\\店店投餐饮知识\\item_detail.wxml", "child": [], "parent": 99, "matchString": [{"type": "self", "string": "苏ICP备18015948号-6"}]}, {"id": 102, "type": "view", "string": "加盟有风险,投资需谨慎", "attribute": {"class": ["fx"]}, "referenceVariable": [], "referenceFunction": [], "style": [], "inheritClass": null, "wxss": [], "page": null, "path": "D:\\WORK\\2021\\MPDF\\baseline\\ui\\店店投餐饮知识\\item_detail.wxml", "child": [], "parent": 99, "matchString": [{"type": "self", "string": "加盟有风险,投资需谨慎"}]}, {"id": 103, "type": "view", "string": null, "attribute": {"class": ["pad-foot"]}, "referenceVariable": [], "referenceFunction": [], "style": [], "inheritClass": null, "wxss": [], "page": null, "path": "D:\\WORK\\2021\\MPDF\\baseline\\ui\\店店投餐饮知识\\item_detail.wxml", "child": [], "parent": 1, "matchString": [{"type": "relation", "string": "加盟有风险,投资需谨慎"}]}, {"id": 104, "type": "view", "string": null, "attribute": {"class": ["bottom"]}, "referenceVariable": [], "referenceFunction": [], "style": [], "inheritClass": null, "wxss": [], "page": null, "path": "D:\\WORK\\2021\\MPDF\\baseline\\ui\\店店投餐饮知识\\item_detail.wxml", "child": [105, 106], "parent": 1, "matchString": [{"type": "relation", "string": "立即留言"}, {"type": "relation", "string": "免费索取加盟资料"}]}, {"id": 105, "type": "view", "string": "立即留言", "attribute": {"bindtap": "showRule", "class": ["li", "bl"]}, "referenceVariable": [], "referenceFunction": ["showRule"], "style": [], "inheritClass": null, "wxss": [], "page": null, "path": "D:\\WORK\\2021\\MPDF\\baseline\\ui\\店店投餐饮知识\\item_detail.wxml", "child": [], "parent": 104, "matchString": [{"type": "self", "string": "立即留言"}]}, {"id": 106, "type": "view", "string": "免费索取加盟资料", "attribute": {"bindtap": "showRule", "class": ["li", "br"]}, "referenceVariable": [], "referenceFunction": ["showRule"], "style": [], "inheritClass": null, "wxss": [], "page": null, "path": "D:\\WORK\\2021\\MPDF\\baseline\\ui\\店店投餐饮知识\\item_detail.wxml", "child": [], "parent": 104, "matchString": [{"type": "self", "string": "免费索取加盟资料"}]}, {"id": 107, "type": "view", "string": null, "attribute": {"class": ["pop", "{{isRuleTrue?'isRuleShow':'isRuleHide'}}"]}, "referenceVariable": ["isRuleTrue?'isRuleShow':'isRuleHide'"], "referenceFunction": [], "style": [], "inheritClass": null, "wxss": [], "page": null, "path": "D:\\WORK\\2021\\MPDF\\baseline\\ui\\店店投餐饮知识\\item_detail.wxml", "child": [108], "parent": 1, "matchString": [{"type": "relation", "string": "我想加盟咨询，立即留言："}, {"type": "relation", "string": "×"}, {"type": "relation", "string": "称呼："}, {"type": "relation", "string": "userName"}, {"type": "relation", "string": "你的称呼"}, {"type": "relation", "string": "手机："}, {"type": "relation", "string": "phone"}, {"type": "relation", "string": "我们严格保护用户隐私"}, {"type": "relation", "string": "留言："}, {"type": "relation", "string": "content"}, {"type": "relation", "string": "这个项目不错，请尽快联系我"}, {"type": "relation", "string": "提交留言"}, {"type": "relation", "string": "submit"}, {"type": "relation", "string": "*我们严格保护用户隐私，绝不泄露任何信息！"}]}, {"id": 108, "type": "view", "string": null, "attribute": {"class": ["ly"]}, "referenceVariable": [], "referenceFunction": [], "style": [], "inheritClass": null, "wxss": [], "page": null, "path": "D:\\WORK\\2021\\MPDF\\baseline\\ui\\店店投餐饮知识\\item_detail.wxml", "child": [109], "parent": 107, "matchString": [{"type": "relation", "string": "我想加盟咨询，立即留言："}, {"type": "relation", "string": "×"}, {"type": "relation", "string": "称呼："}, {"type": "relation", "string": "userName"}, {"type": "relation", "string": "你的称呼"}, {"type": "relation", "string": "手机："}, {"type": "relation", "string": "phone"}, {"type": "relation", "string": "我们严格保护用户隐私"}, {"type": "relation", "string": "留言："}, {"type": "relation", "string": "content"}, {"type": "relation", "string": "这个项目不错，请尽快联系我"}, {"type": "relation", "string": "提交留言"}, {"type": "relation", "string": "submit"}, {"type": "relation", "string": "*我们严格保护用户隐私，绝不泄露任何信息！"}]}, {"id": 109, "type": "view", "string": null, "attribute": {"class": ["layout"]}, "referenceVariable": [], "referenceFunction": [], "style": [], "inheritClass": null, "wxss": [], "page": null, "path": "D:\\WORK\\2021\\MPDF\\baseline\\ui\\店店投餐饮知识\\item_detail.wxml", "child": [110, 111, 112], "parent": 108, "matchString": [{"type": "relation", "string": "我想加盟咨询，立即留言："}, {"type": "relation", "string": "×"}, {"type": "relation", "string": "称呼："}, {"type": "relation", "string": "userName"}, {"type": "relation", "string": "你的称呼"}, {"type": "relation", "string": "手机："}, {"type": "relation", "string": "phone"}, {"type": "relation", "string": "我们严格保护用户隐私"}, {"type": "relation", "string": "留言："}, {"type": "relation", "string": "content"}, {"type": "relation", "string": "这个项目不错，请尽快联系我"}, {"type": "relation", "string": "提交留言"}, {"type": "relation", "string": "submit"}, {"type": "relation", "string": "*我们严格保护用户隐私，绝不泄露任何信息！"}]}, {"id": 110, "type": "view", "string": "我想加盟咨询，立即留言：", "attribute": {"class": ["pop-title"]}, "referenceVariable": [], "referenceFunction": [], "style": [], "inheritClass": null, "wxss": [], "page": null, "path": "D:\\WORK\\2021\\MPDF\\baseline\\ui\\店店投餐饮知识\\item_detail.wxml", "child": [], "parent": 109, "matchString": [{"type": "self", "string": "我想加盟咨询，立即留言："}]}, {"id": 111, "type": "view", "string": "×", "attribute": {"bindtap": "hideRule", "class": ["close"]}, "referenceVariable": [], "referenceFunction": ["hideRule"], "style": [], "inheritClass": null, "wxss": [], "page": null, "path": "D:\\WORK\\2021\\MPDF\\baseline\\ui\\店店投餐饮知识\\item_detail.wxml", "child": [], "parent": 109, "matchString": [{"type": "self", "string": "×"}]}, {"id": 112, "type": "form", "string": null, "attribute": {"bind:submit": "msgSubmitHandle"}, "referenceVariable": [], "referenceFunction": ["msgSubmitHandle"], "style": [], "inheritClass": null, "wxss": [], "page": null, "path": "D:\\WORK\\2021\\MPDF\\baseline\\ui\\店店投餐饮知识\\item_detail.wxml", "child": [113, 116, 119, 122, 123], "parent": 109, "matchString": [{"type": "relation", "string": "称呼："}, {"type": "relation", "string": "userName"}, {"type": "relation", "string": "你的称呼"}, {"type": "relation", "string": "手机："}, {"type": "relation", "string": "phone"}, {"type": "relation", "string": "我们严格保护用户隐私"}, {"type": "relation", "string": "留言："}, {"type": "relation", "string": "content"}, {"type": "relation", "string": "这个项目不错，请尽快联系我"}, {"type": "relation", "string": "提交留言"}, {"type": "relation", "string": "submit"}, {"type": "relation", "string": "*我们严格保护用户隐私，绝不泄露任何信息！"}]}, {"id": 113, "type": "view", "string": null, "attribute": {"class": ["input-group", "mt10"]}, "referenceVariable": [], "referenceFunction": [], "style": [], "inheritClass": null, "wxss": [], "page": null, "path": "D:\\WORK\\2021\\MPDF\\baseline\\ui\\店店投餐饮知识\\item_detail.wxml", "child": [114, 115], "parent": 112, "matchString": [{"type": "relation", "string": "称呼："}, {"type": "relation", "string": "userName"}, {"type": "relation", "string": "你的称呼"}]}, {"id": 114, "type": "label", "string": "称呼：", "attribute": {}, "referenceVariable": [], "referenceFunction": [], "style": [], "inheritClass": null, "wxss": [], "page": null, "path": "D:\\WORK\\2021\\MPDF\\baseline\\ui\\店店投餐饮知识\\item_detail.wxml", "child": [], "parent": 113, "matchString": [{"type": "self", "string": "称呼："}]}, {"id": 115, "type": "input", "string": null, "attribute": {"name": "userName", "placeholder": "你的称呼", "type": "text"}, "referenceVariable": [], "referenceFunction": [], "style": [], "inheritClass": null, "wxss": [], "page": null, "path": "D:\\WORK\\2021\\MPDF\\baseline\\ui\\店店投餐饮知识\\item_detail.wxml", "child": [], "parent": 113, "matchString": [{"type": "attr", "string": "userName"}, {"type": "attr", "string": "你的称呼"}]}, {"id": 116, "type": "view", "string": null, "attribute": {"class": ["input-group", "mt10"]}, "referenceVariable": [], "referenceFunction": [], "style": [], "inheritClass": null, "wxss": [], "page": null, "path": "D:\\WORK\\2021\\MPDF\\baseline\\ui\\店店投餐饮知识\\item_detail.wxml", "child": [74, 75, 117, 118], "parent": 112, "matchString": [{"type": "relation", "string": "手机："}, {"type": "relation", "string": "phone"}, {"type": "relation", "string": "我们严格保护用户隐私"}]}, {"id": 117, "type": "label", "string": "手机：", "attribute": {}, "referenceVariable": [], "referenceFunction": [], "style": [], "inheritClass": null, "wxss": [], "page": null, "path": "D:\\WORK\\2021\\MPDF\\baseline\\ui\\店店投餐饮知识\\item_detail.wxml", "child": [], "parent": 73, "matchString": [{"type": "self", "string": "手机："}]}, {"id": 118, "type": "input", "string": null, "attribute": {"name": "phone", "placeholder": "我们严格保护用户隐私", "type": "text"}, "referenceVariable": [], "referenceFunction": [], "style": [], "inheritClass": null, "wxss": [], "page": null, "path": "D:\\WORK\\2021\\MPDF\\baseline\\ui\\店店投餐饮知识\\item_detail.wxml", "child": [], "parent": 73, "matchString": [{"type": "attr", "string": "phone"}, {"type": "attr", "string": "我们严格保护用户隐私"}]}, {"id": 119, "type": "view", "string": null, "attribute": {"class": ["input-group", "mt10"]}, "referenceVariable": [], "referenceFunction": [], "style": [], "inheritClass": null, "wxss": [], "page": null, "path": "D:\\WORK\\2021\\MPDF\\baseline\\ui\\店店投餐饮知识\\item_detail.wxml", "child": [77, 78, 120, 121], "parent": 112, "matchString": [{"type": "relation", "string": "留言："}, {"type": "relation", "string": "content"}, {"type": "relation", "string": "这个项目不错，请尽快联系我"}]}, {"id": 120, "type": "label", "string": "留言：", "attribute": {"class": ["no"]}, "referenceVariable": [], "referenceFunction": [], "style": [], "inheritClass": null, "wxss": [], "page": null, "path": "D:\\WORK\\2021\\MPDF\\baseline\\ui\\店店投餐饮知识\\item_detail.wxml", "child": [], "parent": 76, "matchString": [{"type": "self", "string": "留言："}]}, {"id": 121, "type": "input", "string": null, "attribute": {"name": "content", "placeholder": "这个项目不错，请尽快联系我", "type": "text"}, "referenceVariable": [], "referenceFunction": [], "style": [], "inheritClass": null, "wxss": [], "page": null, "path": "D:\\WORK\\2021\\MPDF\\baseline\\ui\\店店投餐饮知识\\item_detail.wxml", "child": [], "parent": 76, "matchString": [{"type": "attr", "string": "content"}, {"type": "attr", "string": "这个项目不错，请尽快联系我"}]}, {"id": 122, "type": "button", "string": "提交留言", "attribute": {"class": ["mt10"], "formtype": "submit"}, "referenceVariable": [], "referenceFunction": [], "style": [], "inheritClass": null, "wxss": [], "page": null, "path": "D:\\WORK\\2021\\MPDF\\baseline\\ui\\店店投餐饮知识\\item_detail.wxml", "child": [], "parent": 112, "matchString": [{"type": "self", "string": "提交留言"}, {"type": "attr", "string": "submit"}]}, {"id": 123, "type": "view", "string": "*我们严格保护用户隐私，绝不泄露任何信息！", "attribute": {"class": ["tips", "mt10"]}, "referenceVariable": [], "referenceFunction": [], "style": [], "inheritClass": null, "wxss": [], "page": null, "path": "D:\\WORK\\2021\\MPDF\\baseline\\ui\\店店投餐饮知识\\item_detail.wxml", "child": [], "parent": 112, "matchString": [{"type": "self", "string": "*我们严格保护用户隐私，绝不泄露任何信息！"}]}]