[{"id": 0, "type": "[document]", "string": null, "attribute": {}, "referenceVariable": [], "referenceFunction": [], "style": [], "inheritClass": null, "wxss": [], "page": null, "path": "D:\\WORK\\2021\\MPDF\\baseline\\ui\\典妆\\personalInfo.wxml", "child": [1], "parent": null, "matchString": [{"type": "relation", "string": "van-toast"}, {"type": "relation", "string": ""}, {"type": "relation", "string": "{{AreaList}}"}, {"type": "relation", "string": "所在城市"}, {"type": "relation", "string": "{{IsAreaListShow}}"}, {"type": "relation", "string": "*"}, {"type": "relation", "string": "艺 名"}, {"type": "relation", "string": "请输入艺名"}, {"type": "relation", "string": "性    别"}, {"type": "relation", "string": "男"}, {"type": "relation", "string": "1"}, {"type": "relation", "string": "女"}, {"type": "relation", "string": "2"}, {"type": "relation", "string": "生    日"}, {"type": "relation", "string": "{{EndDate}}"}, {"type": "relation", "string": "{{StartDate}}"}, {"type": "relation", "string": "arrow"}, {"type": "relation", "string": "微信号"}, {"type": "relation", "string": "请输入微信号"}, {"type": "relation", "string": "服务类目"}, {"type": "relation", "string": "{{CategoryColumns}}"}, {"type": "relation", "string": "name"}, {"type": "relation", "string": "毕业学校"}, {"type": "relation", "string": "请输入毕业学校"}, {"type": "relation", "string": "{{SchoolColumns}}"}, {"type": "relation", "string": "工作经验"}, {"type": "relation", "string": "{{WorkAgeColumns}}"}, {"type": "relation", "string": "选择城市"}, {"type": "relation", "string": "入驻定位"}, {"type": "relation", "string": "详细地址"}, {"type": "relation", "string": "请输入详细地址"}, {"type": "relation", "string": "作品上传"}, {"type": "relation", "string": "(建议文件尺寸375 * 220)"}, {"type": "relation", "string": "{{index}}"}, {"type": "relation", "string": "\n            {{ShowData.addImgText}}\n          "}, {"type": "relation", "string": "下一步"}]}, {"id": 1, "type": "view", "string": null, "attribute": {"class": ["box"]}, "referenceVariable": [], "referenceFunction": [], "style": [], "inheritClass": null, "wxss": [], "page": null, "path": "D:\\WORK\\2021\\MPDF\\baseline\\ui\\典妆\\personalInfo.wxml", "child": [2, 3, 4, 48], "parent": 0, "matchString": [{"type": "relation", "string": "van-toast"}, {"type": "relation", "string": ""}, {"type": "relation", "string": "{{AreaList}}"}, {"type": "relation", "string": "所在城市"}, {"type": "relation", "string": "{{IsAreaListShow}}"}, {"type": "relation", "string": "*"}, {"type": "relation", "string": "艺 名"}, {"type": "relation", "string": "请输入艺名"}, {"type": "relation", "string": "性    别"}, {"type": "relation", "string": "男"}, {"type": "relation", "string": "1"}, {"type": "relation", "string": "女"}, {"type": "relation", "string": "2"}, {"type": "relation", "string": "生    日"}, {"type": "relation", "string": "{{EndDate}}"}, {"type": "relation", "string": "{{StartDate}}"}, {"type": "relation", "string": "arrow"}, {"type": "relation", "string": "微信号"}, {"type": "relation", "string": "请输入微信号"}, {"type": "relation", "string": "服务类目"}, {"type": "relation", "string": "{{CategoryColumns}}"}, {"type": "relation", "string": "name"}, {"type": "relation", "string": "毕业学校"}, {"type": "relation", "string": "请输入毕业学校"}, {"type": "relation", "string": "{{SchoolColumns}}"}, {"type": "relation", "string": "工作经验"}, {"type": "relation", "string": "{{WorkAgeColumns}}"}, {"type": "relation", "string": "选择城市"}, {"type": "relation", "string": "入驻定位"}, {"type": "relation", "string": "详细地址"}, {"type": "relation", "string": "请输入详细地址"}, {"type": "relation", "string": "作品上传"}, {"type": "relation", "string": "(建议文件尺寸375 * 220)"}, {"type": "relation", "string": "{{index}}"}, {"type": "relation", "string": "\n            {{ShowData.addImgText}}\n          "}, {"type": "relation", "string": "下一步"}]}, {"id": 2, "type": "van-toast", "string": null, "attribute": {"id": "van-toast"}, "referenceVariable": [], "referenceFunction": [], "style": [], "inheritClass": null, "wxss": [], "page": null, "path": "D:\\WORK\\2021\\MPDF\\baseline\\ui\\典妆\\personalInfo.wxml", "child": [], "parent": 1, "matchString": [{"type": "attr", "string": "van-toast"}, {"type": "relation", "string": "van-toast"}]}, {"id": 3, "type": "wux-cascader", "string": null, "attribute": {"controlled": "", "bind:change": "onChangeAreaListPicker", "bind:close": "onCloseAreaListPicker", "bind:load": "onChangeAreaListLoad", "options": "{{AreaList}}", "title": "所在城市", "value": "{{ApplyInfo.areaData}}", "visible": "{{IsAreaListShow}}"}, "referenceVariable": ["AreaList", "ApplyInfo.areaData", "IsAreaListShow"], "referenceFunction": ["onChangeAreaListPicker", "onCloseAreaListPicker", "onChangeAreaListLoad"], "style": [], "inheritClass": null, "wxss": [], "page": null, "path": "D:\\WORK\\2021\\MPDF\\baseline\\ui\\典妆\\personalInfo.wxml", "child": [], "parent": 1, "matchString": [{"type": "attr", "string": ""}, {"type": "attr", "string": "{{AreaList}}"}, {"type": "attr", "string": "所在城市"}, {"type": "attr", "string": "{{IsAreaListShow}}"}, {"type": "relation", "string": "{{IsAreaListShow}}"}]}, {"id": 4, "type": "view", "string": null, "attribute": {"class": ["info"]}, "referenceVariable": [], "referenceFunction": [], "style": [], "inheritClass": null, "wxss": [], "page": null, "path": "D:\\WORK\\2021\\MPDF\\baseline\\ui\\典妆\\personalInfo.wxml", "child": [5, 7], "parent": 1, "matchString": [{"type": "relation", "string": "*"}, {"type": "relation", "string": ""}, {"type": "relation", "string": "艺 名"}, {"type": "relation", "string": "请输入艺名"}, {"type": "relation", "string": "性    别"}, {"type": "relation", "string": "男"}, {"type": "relation", "string": "1"}, {"type": "relation", "string": "女"}, {"type": "relation", "string": "2"}, {"type": "relation", "string": "生    日"}, {"type": "relation", "string": "{{EndDate}}"}, {"type": "relation", "string": "{{StartDate}}"}, {"type": "relation", "string": "arrow"}, {"type": "relation", "string": "微信号"}, {"type": "relation", "string": "请输入微信号"}, {"type": "relation", "string": "服务类目"}, {"type": "relation", "string": "{{CategoryColumns}}"}, {"type": "relation", "string": "name"}, {"type": "relation", "string": "毕业学校"}, {"type": "relation", "string": "请输入毕业学校"}, {"type": "relation", "string": "{{SchoolColumns}}"}, {"type": "relation", "string": "工作经验"}, {"type": "relation", "string": "{{WorkAgeColumns}}"}, {"type": "relation", "string": "选择城市"}, {"type": "relation", "string": "入驻定位"}, {"type": "relation", "string": "详细地址"}, {"type": "relation", "string": "请输入详细地址"}, {"type": "relation", "string": "作品上传"}, {"type": "relation", "string": "(建议文件尺寸375 * 220)"}, {"type": "relation", "string": "{{index}}"}, {"type": "relation", "string": "\n            {{ShowData.addImgText}}\n          "}]}, {"id": 5, "type": "view", "string": null, "attribute": {"class": ["title"]}, "referenceVariable": [], "referenceFunction": [], "style": [], "inheritClass": null, "wxss": [], "page": null, "path": "D:\\WORK\\2021\\MPDF\\baseline\\ui\\典妆\\personalInfo.wxml", "child": [6], "parent": 4, "matchString": [{"type": "relation", "string": "*"}]}, {"id": 6, "type": "span", "string": "*", "attribute": {"style": "color: red;"}, "referenceVariable": [], "referenceFunction": [], "style": [], "inheritClass": null, "wxss": [], "page": null, "path": "D:\\WORK\\2021\\MPDF\\baseline\\ui\\典妆\\personalInfo.wxml", "child": [], "parent": 5, "matchString": [{"type": "self", "string": "*"}]}, {"id": 7, "type": "view", "string": null, "attribute": {"class": ["from"]}, "referenceVariable": [], "referenceFunction": [], "style": [], "inheritClass": null, "wxss": [], "page": null, "path": "D:\\WORK\\2021\\MPDF\\baseline\\ui\\典妆\\personalInfo.wxml", "child": [8, 9, 14, 18, 19, 23, 28, 32, 36, 40, 41], "parent": 4, "matchString": [{"type": "relation", "string": ""}, {"type": "relation", "string": "艺 名"}, {"type": "relation", "string": "请输入艺名"}, {"type": "relation", "string": "性    别"}, {"type": "relation", "string": "男"}, {"type": "relation", "string": "1"}, {"type": "relation", "string": "女"}, {"type": "relation", "string": "2"}, {"type": "relation", "string": "生    日"}, {"type": "relation", "string": "{{EndDate}}"}, {"type": "relation", "string": "{{StartDate}}"}, {"type": "relation", "string": "arrow"}, {"type": "relation", "string": "微信号"}, {"type": "relation", "string": "请输入微信号"}, {"type": "relation", "string": "服务类目"}, {"type": "relation", "string": "{{CategoryColumns}}"}, {"type": "relation", "string": "name"}, {"type": "relation", "string": "毕业学校"}, {"type": "relation", "string": "请输入毕业学校"}, {"type": "relation", "string": "{{SchoolColumns}}"}, {"type": "relation", "string": "工作经验"}, {"type": "relation", "string": "{{WorkAgeColumns}}"}, {"type": "relation", "string": "选择城市"}, {"type": "relation", "string": "入驻定位"}, {"type": "relation", "string": "详细地址"}, {"type": "relation", "string": "请输入详细地址"}, {"type": "relation", "string": "作品上传"}, {"type": "relation", "string": "(建议文件尺寸375 * 220)"}, {"type": "relation", "string": "{{index}}"}, {"type": "relation", "string": "\n            {{ShowData.addImgText}}\n          "}]}, {"id": 8, "type": "van-field", "string": null, "attribute": {"focus": "", "required": "", "bind:blur": "onNameInputBlur", "border": "false", "label": "艺 名", "placeholder": "请输入艺名", "value": "{{ApplyInfo.name}}"}, "referenceVariable": ["ApplyInfo.name"], "referenceFunction": ["onNameInputBlur"], "style": [], "inheritClass": null, "wxss": [], "page": null, "path": "D:\\WORK\\2021\\MPDF\\baseline\\ui\\典妆\\personalInfo.wxml", "child": [], "parent": 7, "matchString": [{"type": "attr", "string": ""}, {"type": "attr", "string": "艺 名"}, {"type": "attr", "string": "请输入艺名"}]}, {"id": 9, "type": "view", "string": null, "attribute": {"class": ["required"]}, "referenceVariable": [], "referenceFunction": [], "style": [], "inheritClass": null, "wxss": [], "page": null, "path": "D:\\WORK\\2021\\MPDF\\baseline\\ui\\典妆\\personalInfo.wxml", "child": [10, 11], "parent": 7, "matchString": [{"type": "relation", "string": "性    别"}, {"type": "relation", "string": "男"}, {"type": "relation", "string": "1"}, {"type": "relation", "string": "女"}, {"type": "relation", "string": "2"}]}, {"id": 10, "type": "view", "string": "性    别", "attribute": {"class": ["from-title"]}, "referenceVariable": [], "referenceFunction": [], "style": [], "inheritClass": null, "wxss": [], "page": null, "path": "D:\\WORK\\2021\\MPDF\\baseline\\ui\\典妆\\personalInfo.wxml", "child": [], "parent": 9, "matchString": [{"type": "self", "string": "性    别"}]}, {"id": 11, "type": "van-radio-group", "string": null, "attribute": {"bind:change": "onSexChange", "value": "{{ApplyInfo.sex+''}}"}, "referenceVariable": ["ApplyInfo.sex+''"], "referenceFunction": ["onSexChange"], "style": [], "inheritClass": null, "wxss": [], "page": null, "path": "D:\\WORK\\2021\\MPDF\\baseline\\ui\\典妆\\personalInfo.wxml", "child": [12, 13], "parent": 9, "matchString": [{"type": "relation", "string": "男"}, {"type": "relation", "string": "1"}, {"type": "relation", "string": "女"}, {"type": "relation", "string": "2"}]}, {"id": 12, "type": "van-radio", "string": "男", "attribute": {"class": ["sex-btn"], "name": "1"}, "referenceVariable": [], "referenceFunction": [], "style": [], "inheritClass": null, "wxss": [], "page": null, "path": "D:\\WORK\\2021\\MPDF\\baseline\\ui\\典妆\\personalInfo.wxml", "child": [], "parent": 11, "matchString": [{"type": "self", "string": "男"}, {"type": "attr", "string": "1"}]}, {"id": 13, "type": "van-radio", "string": "女", "attribute": {"class": ["sex-btn"], "name": "2", "style": "margin-left: 30rpx;"}, "referenceVariable": [], "referenceFunction": [], "style": [], "inheritClass": null, "wxss": [], "page": null, "path": "D:\\WORK\\2021\\MPDF\\baseline\\ui\\典妆\\personalInfo.wxml", "child": [], "parent": 11, "matchString": [{"type": "self", "string": "女"}, {"type": "attr", "string": "2"}]}, {"id": 14, "type": "view", "string": null, "attribute": {"class": ["required"]}, "referenceVariable": [], "referenceFunction": [], "style": [], "inheritClass": null, "wxss": [], "page": null, "path": "D:\\WORK\\2021\\MPDF\\baseline\\ui\\典妆\\personalInfo.wxml", "child": [15, 16], "parent": 7, "matchString": [{"type": "relation", "string": "生    日"}, {"type": "relation", "string": "{{EndDate}}"}, {"type": "relation", "string": "{{StartDate}}"}, {"type": "relation", "string": "arrow"}]}, {"id": 15, "type": "view", "string": "生    日", "attribute": {"class": ["from-title"]}, "referenceVariable": [], "referenceFunction": [], "style": [], "inheritClass": null, "wxss": [], "page": null, "path": "D:\\WORK\\2021\\MPDF\\baseline\\ui\\典妆\\personalInfo.wxml", "child": [], "parent": 14, "matchString": [{"type": "self", "string": "生    日"}]}, {"id": 16, "type": "picker", "string": null, "attribute": {"bindchange": "onChangeBirthDay", "class": ["from-text"], "end": "{{EndDate}}", "mode": "date", "start": "{{StartDate}}", "value": "{{ApplyInfo.birth_day}}"}, "referenceVariable": ["EndDate", "StartDate", "ApplyInfo.birth_day"], "referenceFunction": ["onChangeBirthDay"], "style": [], "inheritClass": null, "wxss": [], "page": null, "path": "D:\\WORK\\2021\\MPDF\\baseline\\ui\\典妆\\personalInfo.wxml", "child": [17], "parent": 14, "matchString": [{"type": "attr", "string": "{{EndDate}}"}, {"type": "attr", "string": "{{StartDate}}"}, {"type": "relation", "string": "arrow"}]}, {"id": 17, "type": "van-icon", "string": null, "attribute": {"name": "arrow", "size": "14px"}, "referenceVariable": [], "referenceFunction": [], "style": [], "inheritClass": null, "wxss": [], "page": null, "path": "D:\\WORK\\2021\\MPDF\\baseline\\ui\\典妆\\personalInfo.wxml", "child": [], "parent": 16, "matchString": [{"type": "attr", "string": "arrow"}]}, {"id": 18, "type": "van-field", "string": null, "attribute": {"required": "", "bind:blur": "onWechatNumberBlur", "border": "false", "label": "微信号", "placeholder": "请输入微信号", "value": "{{ApplyInfo.wechat_number}}"}, "referenceVariable": ["ApplyInfo.wechat_number"], "referenceFunction": ["onWechatNumberBlur"], "style": [], "inheritClass": null, "wxss": [], "page": null, "path": "D:\\WORK\\2021\\MPDF\\baseline\\ui\\典妆\\personalInfo.wxml", "child": [], "parent": 7, "matchString": [{"type": "attr", "string": ""}, {"type": "attr", "string": "微信号"}, {"type": "attr", "string": "请输入微信号"}]}, {"id": 19, "type": "view", "string": null, "attribute": {"class": ["required"]}, "referenceVariable": [], "referenceFunction": [], "style": [], "inheritClass": null, "wxss": [], "page": null, "path": "D:\\WORK\\2021\\MPDF\\baseline\\ui\\典妆\\personalInfo.wxml", "child": [20, 21], "parent": 7, "matchString": [{"type": "relation", "string": "服务类目"}, {"type": "relation", "string": "{{CategoryColumns}}"}, {"type": "relation", "string": "name"}, {"type": "relation", "string": "arrow"}]}, {"id": 20, "type": "view", "string": "服务类目", "attribute": {"class": ["from-title"]}, "referenceVariable": [], "referenceFunction": [], "style": [], "inheritClass": null, "wxss": [], "page": null, "path": "D:\\WORK\\2021\\MPDF\\baseline\\ui\\典妆\\personalInfo.wxml", "child": [], "parent": 19, "matchString": [{"type": "self", "string": "服务类目"}]}, {"id": 21, "type": "picker", "string": null, "attribute": {"bindchange": "onCategoryColumnsChange", "class": ["from-text"], "mode": "selector", "range": "{{CategoryColumns}}", "rangekey": "name"}, "referenceVariable": ["CategoryColumns"], "referenceFunction": ["onCategoryColumnsChange"], "style": [], "inheritClass": null, "wxss": [], "page": null, "path": "D:\\WORK\\2021\\MPDF\\baseline\\ui\\典妆\\personalInfo.wxml", "child": [22], "parent": 19, "matchString": [{"type": "attr", "string": "{{CategoryColumns}}"}, {"type": "attr", "string": "name"}, {"type": "relation", "string": "arrow"}]}, {"id": 22, "type": "van-icon", "string": null, "attribute": {"name": "arrow", "size": "14px"}, "referenceVariable": [], "referenceFunction": [], "style": [], "inheritClass": null, "wxss": [], "page": null, "path": "D:\\WORK\\2021\\MPDF\\baseline\\ui\\典妆\\personalInfo.wxml", "child": [], "parent": 21, "matchString": [{"type": "attr", "string": "arrow"}]}, {"id": 23, "type": "view", "string": null, "attribute": {"class": ["required"]}, "referenceVariable": [], "referenceFunction": [], "style": [], "inheritClass": null, "wxss": [], "page": null, "path": "D:\\WORK\\2021\\MPDF\\baseline\\ui\\典妆\\personalInfo.wxml", "child": [24, 25, 26], "parent": 7, "matchString": [{"type": "relation", "string": "毕业学校"}, {"type": "relation", "string": "请输入毕业学校"}, {"type": "relation", "string": "{{SchoolColumns}}"}, {"type": "relation", "string": "name"}, {"type": "relation", "string": "arrow"}]}, {"id": 24, "type": "view", "string": "毕业学校", "attribute": {"class": ["from-title"]}, "referenceVariable": [], "referenceFunction": [], "style": [], "inheritClass": null, "wxss": [], "page": null, "path": "D:\\WORK\\2021\\MPDF\\baseline\\ui\\典妆\\personalInfo.wxml", "child": [], "parent": 23, "matchString": [{"type": "self", "string": "毕业学校"}]}, {"id": 25, "type": "input", "string": null, "attribute": {"bindblur": "onSchoolBlur", "placeholder": "请输入毕业学校", "value": "{{ApplyInfo.school}}"}, "referenceVariable": ["ApplyInfo.school"], "referenceFunction": ["onSchoolBlur"], "style": [], "inheritClass": null, "wxss": [], "page": null, "path": "D:\\WORK\\2021\\MPDF\\baseline\\ui\\典妆\\personalInfo.wxml", "child": [], "parent": 23, "matchString": [{"type": "attr", "string": "请输入毕业学校"}]}, {"id": 26, "type": "picker", "string": null, "attribute": {"bindchange": "onSchoolChange", "class": ["from-school"], "mode": "selector", "range": "{{SchoolColumns}}", "rangekey": "name"}, "referenceVariable": ["SchoolColumns"], "referenceFunction": ["onSchoolChange"], "style": [], "inheritClass": null, "wxss": [], "page": null, "path": "D:\\WORK\\2021\\MPDF\\baseline\\ui\\典妆\\personalInfo.wxml", "child": [27], "parent": 23, "matchString": [{"type": "attr", "string": "{{SchoolColumns}}"}, {"type": "attr", "string": "name"}, {"type": "relation", "string": "arrow"}]}, {"id": 27, "type": "van-icon", "string": null, "attribute": {"name": "arrow", "size": "14px"}, "referenceVariable": [], "referenceFunction": [], "style": [], "inheritClass": null, "wxss": [], "page": null, "path": "D:\\WORK\\2021\\MPDF\\baseline\\ui\\典妆\\personalInfo.wxml", "child": [], "parent": 26, "matchString": [{"type": "attr", "string": "arrow"}]}, {"id": 28, "type": "view", "string": null, "attribute": {"class": ["required"]}, "referenceVariable": [], "referenceFunction": [], "style": [], "inheritClass": null, "wxss": [], "page": null, "path": "D:\\WORK\\2021\\MPDF\\baseline\\ui\\典妆\\personalInfo.wxml", "child": [29, 30], "parent": 7, "matchString": [{"type": "relation", "string": "工作经验"}, {"type": "relation", "string": "{{WorkAgeColumns}}"}, {"type": "relation", "string": "name"}, {"type": "relation", "string": "arrow"}]}, {"id": 29, "type": "view", "string": "工作经验", "attribute": {"class": ["from-title"]}, "referenceVariable": [], "referenceFunction": [], "style": [], "inheritClass": null, "wxss": [], "page": null, "path": "D:\\WORK\\2021\\MPDF\\baseline\\ui\\典妆\\personalInfo.wxml", "child": [], "parent": 28, "matchString": [{"type": "self", "string": "工作经验"}]}, {"id": 30, "type": "picker", "string": null, "attribute": {"bindchange": "onWorkAgeChange", "class": ["from-text"], "mode": "selector", "range": "{{WorkAgeColumns}}", "rangekey": "name"}, "referenceVariable": ["WorkAgeColumns"], "referenceFunction": ["onWorkAgeChange"], "style": [], "inheritClass": null, "wxss": [], "page": null, "path": "D:\\WORK\\2021\\MPDF\\baseline\\ui\\典妆\\personalInfo.wxml", "child": [31], "parent": 28, "matchString": [{"type": "attr", "string": "{{WorkAgeColumns}}"}, {"type": "attr", "string": "name"}, {"type": "relation", "string": "arrow"}]}, {"id": 31, "type": "van-icon", "string": null, "attribute": {"name": "arrow", "size": "14px"}, "referenceVariable": [], "referenceFunction": [], "style": [], "inheritClass": null, "wxss": [], "page": null, "path": "D:\\WORK\\2021\\MPDF\\baseline\\ui\\典妆\\personalInfo.wxml", "child": [], "parent": 30, "matchString": [{"type": "attr", "string": "arrow"}]}, {"id": 32, "type": "view", "string": null, "attribute": {"class": ["required"]}, "referenceVariable": [], "referenceFunction": [], "style": [], "inheritClass": null, "wxss": [], "page": null, "path": "D:\\WORK\\2021\\MPDF\\baseline\\ui\\典妆\\personalInfo.wxml", "child": [33, 34], "parent": 7, "matchString": [{"type": "relation", "string": "选择城市"}, {"type": "relation", "string": "arrow"}]}, {"id": 33, "type": "view", "string": "选择城市", "attribute": {"class": ["from-title"]}, "referenceVariable": [], "referenceFunction": [], "style": [], "inheritClass": null, "wxss": [], "page": null, "path": "D:\\WORK\\2021\\MPDF\\baseline\\ui\\典妆\\personalInfo.wxml", "child": [], "parent": 32, "matchString": [{"type": "self", "string": "选择城市"}]}, {"id": 34, "type": "label", "string": null, "attribute": {"bindtap": "onClickShowAreaListPicker", "class": ["from-text"]}, "referenceVariable": [], "referenceFunction": ["onClickShowAreaListPicker"], "style": [], "inheritClass": null, "wxss": [], "page": null, "path": "D:\\WORK\\2021\\MPDF\\baseline\\ui\\典妆\\personalInfo.wxml", "child": [35], "parent": 32, "matchString": [{"type": "relation", "string": "arrow"}]}, {"id": 35, "type": "van-icon", "string": null, "attribute": {"name": "arrow", "size": "14px"}, "referenceVariable": [], "referenceFunction": [], "style": [], "inheritClass": null, "wxss": [], "page": null, "path": "D:\\WORK\\2021\\MPDF\\baseline\\ui\\典妆\\personalInfo.wxml", "child": [], "parent": 34, "matchString": [{"type": "attr", "string": "arrow"}]}, {"id": 36, "type": "view", "string": null, "attribute": {"class": ["required"]}, "referenceVariable": [], "referenceFunction": [], "style": [], "inheritClass": null, "wxss": [], "page": null, "path": "D:\\WORK\\2021\\MPDF\\baseline\\ui\\典妆\\personalInfo.wxml", "child": [37, 38], "parent": 7, "matchString": [{"type": "relation", "string": "入驻定位"}, {"type": "relation", "string": "arrow"}]}, {"id": 37, "type": "view", "string": "入驻定位", "attribute": {"class": ["from-title"]}, "referenceVariable": [], "referenceFunction": [], "style": [], "inheritClass": null, "wxss": [], "page": null, "path": "D:\\WORK\\2021\\MPDF\\baseline\\ui\\典妆\\personalInfo.wxml", "child": [], "parent": 36, "matchString": [{"type": "self", "string": "入驻定位"}]}, {"id": 38, "type": "label", "string": null, "attribute": {"bindtap": "onClickShowPositionPicker", "class": ["from-text"]}, "referenceVariable": [], "referenceFunction": ["onClickShowPositionPicker"], "style": [], "inheritClass": null, "wxss": [], "page": null, "path": "D:\\WORK\\2021\\MPDF\\baseline\\ui\\典妆\\personalInfo.wxml", "child": [39], "parent": 36, "matchString": [{"type": "relation", "string": "arrow"}]}, {"id": 39, "type": "van-icon", "string": null, "attribute": {"name": "arrow", "size": "14px"}, "referenceVariable": [], "referenceFunction": [], "style": [], "inheritClass": null, "wxss": [], "page": null, "path": "D:\\WORK\\2021\\MPDF\\baseline\\ui\\典妆\\personalInfo.wxml", "child": [], "parent": 38, "matchString": [{"type": "attr", "string": "arrow"}]}, {"id": 40, "type": "van-field", "string": null, "attribute": {"required": "", "bind:blur": "onAddressBlur", "border": "false", "label": "详细地址", "placeholder": "请输入详细地址", "value": "{{ApplyInfo.address}}"}, "referenceVariable": ["ApplyInfo.address"], "referenceFunction": ["onAddressBlur"], "style": [], "inheritClass": null, "wxss": [], "page": null, "path": "D:\\WORK\\2021\\MPDF\\baseline\\ui\\典妆\\personalInfo.wxml", "child": [], "parent": 7, "matchString": [{"type": "attr", "string": ""}, {"type": "attr", "string": "详细地址"}, {"type": "attr", "string": "请输入详细地址"}]}, {"id": 41, "type": "view", "string": null, "attribute": {"class": ["required"]}, "referenceVariable": [], "referenceFunction": [], "style": [], "inheritClass": null, "wxss": [], "page": null, "path": "D:\\WORK\\2021\\MPDF\\baseline\\ui\\典妆\\personalInfo.wxml", "child": [42, 43], "parent": 7, "matchString": [{"type": "relation", "string": "作品上传"}, {"type": "relation", "string": "(建议文件尺寸375 * 220)"}, {"type": "relation", "string": "{{index}}"}, {"type": "relation", "string": "\n            {{ShowData.addImgText}}\n          "}]}, {"id": 42, "type": "view", "string": "作品上传", "attribute": {"class": ["from-title"]}, "referenceVariable": [], "referenceFunction": [], "style": [], "inheritClass": null, "wxss": [], "page": null, "path": "D:\\WORK\\2021\\MPDF\\baseline\\ui\\典妆\\personalInfo.wxml", "child": [], "parent": 41, "matchString": [{"type": "self", "string": "作品上传"}]}, {"id": 43, "type": "view", "string": null, "attribute": {"class": ["from-content"]}, "referenceVariable": [], "referenceFunction": [], "style": [], "inheritClass": null, "wxss": [], "page": null, "path": "D:\\WORK\\2021\\MPDF\\baseline\\ui\\典妆\\personalInfo.wxml", "child": [44, 45, 46, 47], "parent": 41, "matchString": [{"type": "relation", "string": "(建议文件尺寸375 * 220)"}, {"type": "relation", "string": "{{index}}"}, {"type": "relation", "string": "\n            {{ShowData.addImgText}}\n          "}]}, {"id": 44, "type": "view", "string": "(建议文件尺寸375 * 220)", "attribute": {"class": ["from-content-message"]}, "referenceVariable": [], "referenceFunction": [], "style": [], "inheritClass": null, "wxss": [], "page": null, "path": "D:\\WORK\\2021\\MPDF\\baseline\\ui\\典妆\\personalInfo.wxml", "child": [], "parent": 43, "matchString": [{"type": "self", "string": "(建议文件尺寸375 * 220)"}]}, {"id": 45, "type": "image", "string": null, "attribute": {"bindtap": "onClickImgsPreview", "data-index": "{{index}}", "src": "{{item}}", "wx:for": "{{ShowData.worksImgsUrlList}}", "wx:key": "{{item}}"}, "referenceVariable": ["index", "item", "ShowData.worksImgsUrlList", "item"], "referenceFunction": ["onClickImgsPreview"], "style": [], "inheritClass": null, "wxss": [], "page": null, "path": "D:\\WORK\\2021\\MPDF\\baseline\\ui\\典妆\\personalInfo.wxml", "child": [], "parent": 43, "matchString": [{"type": "attr", "string": "{{index}}"}]}, {"id": 46, "type": "icon", "string": null, "attribute": {"catchtap": "onClickImgDel", "class": ["del"], "color": "red", "data-index": "{{index}}", "size": "20", "type": "cancel"}, "referenceVariable": ["index"], "referenceFunction": [], "style": [], "inheritClass": null, "wxss": [], "page": null, "path": "D:\\WORK\\2021\\MPDF\\baseline\\ui\\典妆\\personalInfo.wxml", "child": [], "parent": 43, "matchString": [{"type": "attr", "string": "{{index}}"}]}, {"id": 47, "type": "text", "string": "\n            {{ShowData.addImgText}}\n          ", "attribute": {"bindtap": "onClickAddImg", "class": ["add-img"], "wx:if": "{{IsUpLoadWorksBtnShow}}"}, "referenceVariable": ["IsUpLoadWorksBtnShow"], "referenceFunction": ["onClickAddImg"], "style": [], "inheritClass": null, "wxss": [], "page": null, "path": "D:\\WORK\\2021\\MPDF\\baseline\\ui\\典妆\\personalInfo.wxml", "child": [], "parent": 43, "matchString": [{"type": "self", "string": "\n            {{ShowData.addImgText}}\n          "}]}, {"id": 48, "type": "van-button", "string": "下一步", "attribute": {"round": "", "bind:click": "onClickGoToNext", "size": "large", "type": "primary"}, "referenceVariable": [], "referenceFunction": ["onClickGoToNext"], "style": [], "inheritClass": null, "wxss": [], "page": null, "path": "D:\\WORK\\2021\\MPDF\\baseline\\ui\\典妆\\personalInfo.wxml", "child": [], "parent": 1, "matchString": [{"type": "self", "string": "下一步"}, {"type": "attr", "string": ""}, {"type": "relation", "string": ""}]}]