[{"file":"/app.js","source2sink":{"source":["wx.login","wx.getSetting","wx.openSetting","wx.getLocation","wx.getUserInfo"],"sink":["wx.request","wx.showLoading","console.log","wx.setStorageSync"],"pairsOfSource2Sink":[{"source":"wx.login","sink":"wx.request","visitedContent":["i","i.code","i.code","code","data","data","o","o.httpMethod","o","o","t","t.url","t.url","t.url","t.url","t.url","t.url","t.url","t.url","t.url","t.url","t.url","t.url","t.TerminalType","t.url","t.url","t.url","t.url","t.url","t.url","t.url","t.url","t.url","t.data","t.data","s","t.showLoading","l","s","t.showLoading","l","url","t.loadingTitle","t.loadingTitle","t","t","o","o","title","t.loadingTitle","data","t.formData","t.formData","t.httpMethod","t.httpMethod","t.httpMethod","t.httpMethod","c","t","t","t","t","t","t.success","t.success","t.fail","t.fail","e","t.showLoading","t.showLoading","r","r","e","r","r","t","t","t","t","t","t.fail","t.fail","r","r","r","r","t","t","t","t.complete","t.autoHideLoading","t.complete","method"],"uiString":[]},{"source":"wx.login","sink":"wx.showLoading","visitedContent":["i","i.code","i.code","code","data","data","o","o.httpMethod","o","o","t","t.url","t.url","t.url","t.url","t.url","t.url","t.url","t.url","t.url","t.url","t.url","t.url","t.TerminalType","t.url","t.url","t.url","t.url","t.url","t.url","t.url","t.url","t.url","t.data","t.data","s","t.showLoading","l","s","t.showLoading","l","url","t.loadingTitle","t.loadingTitle","t","t","o","o","title","t.loadingTitle","data","t.formData","t.formData","t.httpMethod","t.httpMethod","t.httpMethod","t.httpMethod","c","t","t","t","t","t","t.success","t.success","t.fail","t.fail","e","t.showLoading","t.showLoading","r","r","e","r","r","t","t","t","t","t","t.fail","t.fail","r","r","r","r","t","t","t","t.complete","t.autoHideLoading","t.complete","method"],"uiString":[]},{"source":"wx.login","sink":"wx.request","visitedContent":["i","i.code","i.code","code","data","data","o","o.httpMethod","o","o","t","t.url","t.url","t.url","t.url","t.url","t.url","t.url","t.url","t.url","t.url","t.url","t.url","t.TerminalType","t.url","t.url","t.url","t.url","t.url","t.url","t.url","t.url","t.url","t.data","t.data","s","t.showLoading","l","s","t.showLoading","l","url","t.loadingTitle","t.loadingTitle","t","t","o","o","title","t.loadingTitle","data","t.formData","t.formData","t.httpMethod","t.httpMethod","t.httpMethod","t.httpMethod","c","t","t","t","t","t","t.success","t.success","t.fail","t.fail","e","t.showLoading","t.showLoading","r","r","e","r","r","t","t","t","t","t","t.fail","t.fail","r","r","r","r","t","t","t","t.complete","t.autoHideLoading","t.complete","method"],"uiString":[]},{"source":"wx.login","sink":"console.log","visitedContent":["i","i.code","i.code","code","data","data","o","o.httpMethod","o","o","t","t.url","t.url","t.url","t.url","t.url","t.url","t.url","t.url","t.url","t.url","t.url","t.url","t.TerminalType","t.url","t.url","t.url","t.url","t.url","t.url","t.url","t.url","t.url","t.data","t.data","s","t.showLoading","l","s","t.showLoading","l","url","t.loadingTitle","t.loadingTitle","t","t","o","o","title","t.loadingTitle","data","t.formData","t.formData","t.httpMethod","t.httpMethod","t.httpMethod","t.httpMethod","c","t","t","t","t","t","t.success","t.success","t.fail","t.fail","e","t.showLoading","t.showLoading","r","r","e","r","r","t","t","t","t","t","t.fail","t.fail","r","r","r","r","t","t","t","t.complete","t.autoHideLoading","t.complete","method"],"uiString":[]},{"source":"wx.login","sink":"console.log","visitedContent":["i","i.code","i.code","code","data","data","o","o.httpMethod","o","o","t","t.url","t.url","t.url","t.url","t.url","t.url","t.url","t.url","t.url","t.url","t.url","t.url","t.TerminalType","t.url","t.url","t.url","t.url","t.url","t.url","t.url","t.url","t.url","t.data","t.data","s","t.showLoading","l","s","t.showLoading","l","url","t.loadingTitle","t.loadingTitle","t","t","o","o","title","t.loadingTitle","data","t.formData","t.formData","t.httpMethod","t.httpMethod","t.httpMethod","t.httpMethod","c","t","t","t","t","t","t.success","t.success","t.fail","t.fail","e","t.showLoading","t.showLoading","r","r","e","r","r","t","t","t","t","t","t.fail","t.fail","r","r","r","r","t","t","t","t.complete","t.autoHideLoading","t.complete","method"],"uiString":[]},{"source":"wx.login","sink":"console.log","visitedContent":["i","i.code","i.code","code","data","data","o","o.httpMethod","o","o","t","t.url","t.url","t.url","t.url","t.url","t.url","t.url","t.url","t.url","t.url","t.url","t.url","t.TerminalType","t.url","t.url","t.url","t.url","t.url","t.url","t.url","t.url","t.url","t.data","t.data","s","t.showLoading","l","s","t.showLoading","l","url","t.loadingTitle","t.loadingTitle","t","t","o","o","title","t.loadingTitle","data","t.formData","t.formData","t.httpMethod","t.httpMethod","t.httpMethod","t.httpMethod","c","t","t","t","t","t","t.success","t.success","t.fail","t.fail","e","t.showLoading","t.showLoading","r","r","e","r","r","t","t","t","t","t","t.fail","t.fail","r","r","r","r","t","t","t","t.complete","t.autoHideLoading","t.complete","method"],"uiString":[]},{"source":"wx.login","sink":"wx.request","visitedContent":["i","i.code","i.code","code","data","data","o","o.httpMethod","o","o","t","t.url","t.url","t.url","t.url","t.url","t.url","t.url","t.url","t.url","t.url","t.url","t.url","t.TerminalType","t.url","t.url","t.url","t.url","t.url","t.url","t.url","t.url","t.url","t.data","t.data","s","t.showLoading","l","s","t.showLoading","l","url","t.loadingTitle","t.loadingTitle","t","t","o","o","title","t.loadingTitle","data","t.formData","t.formData","t.httpMethod","t.httpMethod","t.httpMethod","t.httpMethod","c","t","t","t","t","t","t.success","t.success","t.fail","t.fail","e","t.showLoading","t.showLoading","r","r","e","r","r","t","t","t","t","t","t.fail","t.fail","r","r","r","r","t","t","t","t.complete","t.autoHideLoading","t.complete","method"],"uiString":[]},{"source":"wx.getUserInfo","sink":"wx.setStorageSync","visitedContent":["t","t.userInfo","t.userInfo","o.openId","o","o.nickName","o.nickName","o","o","o.avatarUrl","o.avatarUrl","o","o","e","e","data","data","o","o.httpMethod","o","o","t","t.url","t.url","t.url","t.url","t.url","t.url","t.url","t.url","t.url","t.url","t.url","t.url","t.TerminalType","t.url","t.url","t.url","t.url","t.url","t.url","t.url","t.url","t.url","t.data","t.data","s","t.showLoading","l","s","t.showLoading","l","url","t.loadingTitle","t.loadingTitle","t","t","o","o","title","t.loadingTitle","data","t.formData","t.formData","t.httpMethod","t.httpMethod","t.httpMethod","t.httpMethod","c","t","t","t","t","t","t.success","t.success","t.fail","t.fail","e","t.showLoading","t.showLoading","r","r","e","r","r","t","t","t","t","t","t.fail","t.fail","r","r","r","r","t","t","t","t.complete","t.autoHideLoading","t.complete","method","o.country","o.country","o.province","o.province","o.city","o.city","t"],"uiString":[]},{"source":"wx.getUserInfo","sink":"wx.request","visitedContent":["t","t.userInfo","t.userInfo","o.openId","o","o.nickName","o.nickName","o","o","o.avatarUrl","o.avatarUrl","o","o","e","e","data","data","o","o.httpMethod","o","o","t","t.url","t.url","t.url","t.url","t.url","t.url","t.url","t.url","t.url","t.url","t.url","t.url","t.TerminalType","t.url","t.url","t.url","t.url","t.url","t.url","t.url","t.url","t.url","t.data","t.data","s","t.showLoading","l","s","t.showLoading","l","url","t.loadingTitle","t.loadingTitle","t","t","o","o","title","t.loadingTitle","data","t.formData","t.formData","t.httpMethod","t.httpMethod","t.httpMethod","t.httpMethod","c","t","t","t","t","t","t.success","t.success","t.fail","t.fail","e","t.showLoading","t.showLoading","r","r","e","r","r","t","t","t","t","t","t.fail","t.fail","r","r","r","r","t","t","t","t.complete","t.autoHideLoading","t.complete","method","o.country","o.country","o.province","o.province","o.city","o.city","t"],"uiString":[]},{"source":"wx.getUserInfo","sink":"wx.showLoading","visitedContent":["t","t.userInfo","t.userInfo","o.openId","o","o.nickName","o.nickName","o","o","o.avatarUrl","o.avatarUrl","o","o","e","e","data","data","o","o.httpMethod","o","o","t","t.url","t.url","t.url","t.url","t.url","t.url","t.url","t.url","t.url","t.url","t.url","t.url","t.TerminalType","t.url","t.url","t.url","t.url","t.url","t.url","t.url","t.url","t.url","t.data","t.data","s","t.showLoading","l","s","t.showLoading","l","url","t.loadingTitle","t.loadingTitle","t","t","o","o","title","t.loadingTitle","data","t.formData","t.formData","t.httpMethod","t.httpMethod","t.httpMethod","t.httpMethod","c","t","t","t","t","t","t.success","t.success","t.fail","t.fail","e","t.showLoading","t.showLoading","r","r","e","r","r","t","t","t","t","t","t.fail","t.fail","r","r","r","r","t","t","t","t.complete","t.autoHideLoading","t.complete","method","o.country","o.country","o.province","o.province","o.city","o.city","t"],"uiString":[]},{"source":"wx.getUserInfo","sink":"wx.request","visitedContent":["t","t.userInfo","t.userInfo","o.openId","o","o.nickName","o.nickName","o","o","o.avatarUrl","o.avatarUrl","o","o","e","e","data","data","o","o.httpMethod","o","o","t","t.url","t.url","t.url","t.url","t.url","t.url","t.url","t.url","t.url","t.url","t.url","t.url","t.TerminalType","t.url","t.url","t.url","t.url","t.url","t.url","t.url","t.url","t.url","t.data","t.data","s","t.showLoading","l","s","t.showLoading","l","url","t.loadingTitle","t.loadingTitle","t","t","o","o","title","t.loadingTitle","data","t.formData","t.formData","t.httpMethod","t.httpMethod","t.httpMethod","t.httpMethod","c","t","t","t","t","t","t.success","t.success","t.fail","t.fail","e","t.showLoading","t.showLoading","r","r","e","r","r","t","t","t","t","t","t.fail","t.fail","r","r","r","r","t","t","t","t.complete","t.autoHideLoading","t.complete","method","o.country","o.country","o.province","o.province","o.city","o.city","t"],"uiString":[]},{"source":"wx.getUserInfo","sink":"console.log","visitedContent":["t","t.userInfo","t.userInfo","o.openId","o","o.nickName","o.nickName","o","o","o.avatarUrl","o.avatarUrl","o","o","e","e","data","data","o","o.httpMethod","o","o","t","t.url","t.url","t.url","t.url","t.url","t.url","t.url","t.url","t.url","t.url","t.url","t.url","t.TerminalType","t.url","t.url","t.url","t.url","t.url","t.url","t.url","t.url","t.url","t.data","t.data","s","t.showLoading","l","s","t.showLoading","l","url","t.loadingTitle","t.loadingTitle","t","t","o","o","title","t.loadingTitle","data","t.formData","t.formData","t.httpMethod","t.httpMethod","t.httpMethod","t.httpMethod","c","t","t","t","t","t","t.success","t.success","t.fail","t.fail","e","t.showLoading","t.showLoading","r","r","e","r","r","t","t","t","t","t","t.fail","t.fail","r","r","r","r","t","t","t","t.complete","t.autoHideLoading","t.complete","method","o.country","o.country","o.province","o.province","o.city","o.city","t"],"uiString":[]},{"source":"wx.getUserInfo","sink":"console.log","visitedContent":["t","t.userInfo","t.userInfo","o.openId","o","o.nickName","o.nickName","o","o","o.avatarUrl","o.avatarUrl","o","o","e","e","data","data","o","o.httpMethod","o","o","t","t.url","t.url","t.url","t.url","t.url","t.url","t.url","t.url","t.url","t.url","t.url","t.url","t.TerminalType","t.url","t.url","t.url","t.url","t.url","t.url","t.url","t.url","t.url","t.data","t.data","s","t.showLoading","l","s","t.showLoading","l","url","t.loadingTitle","t.loadingTitle","t","t","o","o","title","t.loadingTitle","data","t.formData","t.formData","t.httpMethod","t.httpMethod","t.httpMethod","t.httpMethod","c","t","t","t","t","t","t.success","t.success","t.fail","t.fail","e","t.showLoading","t.showLoading","r","r","e","r","r","t","t","t","t","t","t.fail","t.fail","r","r","r","r","t","t","t","t.complete","t.autoHideLoading","t.complete","method","o.country","o.country","o.province","o.province","o.city","o.city","t"],"uiString":[]},{"source":"wx.getUserInfo","sink":"console.log","visitedContent":["t","t.userInfo","t.userInfo","o.openId","o","o.nickName","o.nickName","o","o","o.avatarUrl","o.avatarUrl","o","o","e","e","data","data","o","o.httpMethod","o","o","t","t.url","t.url","t.url","t.url","t.url","t.url","t.url","t.url","t.url","t.url","t.url","t.url","t.TerminalType","t.url","t.url","t.url","t.url","t.url","t.url","t.url","t.url","t.url","t.data","t.data","s","t.showLoading","l","s","t.showLoading","l","url","t.loadingTitle","t.loadingTitle","t","t","o","o","title","t.loadingTitle","data","t.formData","t.formData","t.httpMethod","t.httpMethod","t.httpMethod","t.httpMethod","c","t","t","t","t","t","t.success","t.success","t.fail","t.fail","e","t.showLoading","t.showLoading","r","r","e","r","r","t","t","t","t","t","t.fail","t.fail","r","r","r","r","t","t","t","t.complete","t.autoHideLoading","t.complete","method","o.country","o.country","o.province","o.province","o.city","o.city","t"],"uiString":[]},{"source":"wx.getUserInfo","sink":"wx.request","visitedContent":["t","t.userInfo","t.userInfo","o.openId","o","o.nickName","o.nickName","o","o","o.avatarUrl","o.avatarUrl","o","o","e","e","data","data","o","o.httpMethod","o","o","t","t.url","t.url","t.url","t.url","t.url","t.url","t.url","t.url","t.url","t.url","t.url","t.url","t.TerminalType","t.url","t.url","t.url","t.url","t.url","t.url","t.url","t.url","t.url","t.data","t.data","s","t.showLoading","l","s","t.showLoading","l","url","t.loadingTitle","t.loadingTitle","t","t","o","o","title","t.loadingTitle","data","t.formData","t.formData","t.httpMethod","t.httpMethod","t.httpMethod","t.httpMethod","c","t","t","t","t","t","t.success","t.success","t.fail","t.fail","e","t.showLoading","t.showLoading","r","r","e","r","r","t","t","t","t","t","t.fail","t.fail","r","r","r","r","t","t","t","t.complete","t.autoHideLoading","t.complete","method","o.country","o.country","o.province","o.province","o.city","o.city","t"],"uiString":[]}]}},{"file":"/utils/qqmap-wx-jssdk.min.js","source2sink":{"source":["wx.getLocation","wx.request"],"sink":[],"pairsOfSource2Sink":[]}},{"file":"/utils/util.js","source2sink":{"source":["wx.request"],"sink":["console.log","wx.showModal"],"pairsOfSource2Sink":[{"source":"wx.request","sink":"console.log","visitedContent":["o","o","o","o","o","o","o.errMsg","o.errMsg","o.statusCode","o.statusCode","a","a","a","o.data","o.data","s","a","a","a","l.status","l.status","s","l.errorCode","l.errorCode","u","s","l.errorMsg","l.errorMsg","c","l.data","f","c","c","g","f","f","f","f","c","c","g","f","f","f","t","t","content","f"],"uiString":[]},{"source":"wx.request","sink":"console.log","visitedContent":["o","o","o","o","o","o","o.errMsg","o.errMsg","o.statusCode","o.statusCode","a","a","a","o.data","o.data","s","a","a","a","l.status","l.status","s","l.errorCode","l.errorCode","u","s","l.errorMsg","l.errorMsg","c","l.data","f","c","c","g","f","f","f","f","c","c","g","f","f","f","t","t","content","f"],"uiString":[]},{"source":"wx.request","sink":"console.log","visitedContent":["o","o","o","o","o","o","o.errMsg","o.errMsg","o.statusCode","o.statusCode","a","a","a","o.data","o.data","s","a","a","a","l.status","l.status","s","l.errorCode","l.errorCode","u","s","l.errorMsg","l.errorMsg","c","l.data","f","c","c","g","f","f","f","f","c","c","g","f","f","f","t","t","content","f"],"uiString":[]},{"source":"wx.request","sink":"console.log","visitedContent":["o","o","o","o","o","o","o.errMsg","o.errMsg","o.statusCode","o.statusCode","a","a","a","o.data","o.data","s","a","a","a","l.status","l.status","s","l.errorCode","l.errorCode","u","s","l.errorMsg","l.errorMsg","c","l.data","f","c","c","g","f","f","f","f","c","c","g","f","f","f","t","t","content","f"],"uiString":[]},{"source":"wx.request","sink":"console.log","visitedContent":["o","o","o","o","o","o","o.errMsg","o.errMsg","o.statusCode","o.statusCode","a","a","a","o.data","o.data","s","a","a","a","l.status","l.status","s","l.errorCode","l.errorCode","u","s","l.errorMsg","l.errorMsg","c","l.data","f","c","c","g","f","f","f","f","c","c","g","f","f","f","t","t","content","f"],"uiString":[]},{"source":"wx.request","sink":"wx.showModal","visitedContent":["o","o","o","o","o","o","o.errMsg","o.errMsg","o.statusCode","o.statusCode","a","a","a","o.data","o.data","s","a","a","a","l.status","l.status","s","l.errorCode","l.errorCode","u","s","l.errorMsg","l.errorMsg","c","l.data","f","c","c","g","f","f","f","f","c","c","g","f","f","f","t","t","content","f"],"uiString":[]}]}},{"file":"/dist/calendar/index.js","source2sink":{"source":["wx.getSystemInfoSync"],"sink":[],"pairsOfSource2Sink":[]}},{"file":"/dist/suspension/index.js","source2sink":{"source":["wx.getSystemInfoSync"],"sink":[],"pairsOfSource2Sink":[]}},{"file":"/pages/home/index.js","source2sink":{"source":["wx.scanCode","wx.getStorageSync","submit","vaccinePickerChange","manufacturerPickerChange","submitGetUserInfo","inputChange"],"sink":["console.log","wx.setStorageSync"],"pairsOfSource2Sink":[{"source":"wx.getStorageSync","sink":"console.log","visitedContent":["wx.getStorageSync","a","a","a","a.epcCode","a.epcCode","a.epcCode","a.batch","url","a.batch"],"uiString":[]},{"source":"submit","sink":"wx.setStorageSync","visitedContent":["e","e.detail.value","a","a"],"uiString":["{{false}}","vaccinePickerChange","{{vaccines.values}}","name","manufacturerPickerChange","{{manufacturers.values}}","submitGetUserInfo","submit","getUserInfo","此功能将尽快开放，您可使用扫码查询。","clearInputText","疫苗查询","疫苗名称","*","疫苗批号","inputChange","搜索","batch","请输入","input-placeholder","{{!showClearIcon}}","生产企业","{{vaccines.selectedValue}}","{{manufacturers.selectedValue}}"]},{"source":"vaccinePickerChange","sink":"console.log","visitedContent":["e","e","e","e.detail.value","o","o","t.selectedIndex","t","a.vaccines"],"uiString":["{{vaccines.selectedValue}}","vaccinePickerChange"]},{"source":"manufacturerPickerChange","sink":"console.log","visitedContent":["e","e","e","e.detail.value","n","n","t.selectedIndex","t","a.manufacturers"],"uiString":["{{manufacturers.selectedValue}}","manufacturerPickerChange"]},{"source":"submitGetUserInfo","sink":"console.log","visitedContent":["e","e","e","e.detail.errMsg","e.detail.errMsg","e.detail","e.detail.errMsg"],"uiString":["疫苗查询","submitGetUserInfo"]},{"source":"submitGetUserInfo","sink":"console.log","visitedContent":["e","e","e","e.detail.errMsg","e.detail.errMsg","e.detail","e.detail.errMsg"],"uiString":["疫苗查询","submitGetUserInfo"]},{"source":"submitGetUserInfo","sink":"console.log","visitedContent":["e","e","e","e.detail.errMsg","e.detail.errMsg","e.detail","e.detail.errMsg"],"uiString":["疫苗查询","submitGetUserInfo"]},{"source":"inputChange","sink":"console.log","visitedContent":["e","e","e","e.detail.value","t","t","t","a.inputTxt"],"uiString":["inputChange","搜索","batch","请输入","input-placeholder"]}]}},{"file":"/pages/mine/my.js","source2sink":{"source":["goToLogin"],"sink":[],"pairsOfSource2Sink":[]}},{"file":"/pages/rate/createRate.js","source2sink":{"source":["submit"],"sink":[],"pairsOfSource2Sink":[]}},{"file":"/dist/parser.min/libs/MpHtmlParser.js","source2sink":{"source":["wx.getSystemInfoSync"],"sink":[],"pairsOfSource2Sink":[]}},{"file":"/dist/wux/helpers/baseComponent.js","source2sink":{"source":["wx.getSystemInfoSync"],"sink":[],"pairsOfSource2Sink":[]}},{"file":"/dist/wux/helpers/checkIPhoneX.js","source2sink":{"source":["wx.getSystemInfoSync"],"sink":[],"pairsOfSource2Sink":[]}},{"file":"/dist/wux/refresher/index.js","source2sink":{"source":["wx.getSystemInfo"],"sink":[],"pairsOfSource2Sink":[]}},{"file":"/pages/mine/account/login.js","source2sink":{"source":["formSubmit","bindinputMobile","sendVerifyCode"],"sink":["console.log","wx.request","wx.showLoading","wx.setStorageSync"],"pairsOfSource2Sink":[{"source":"formSubmit","sink":"console.log","visitedContent":["e","e.detail.value","e.detail.value","e.detail.value","e.detail.value","t.mobile","t.mobile","t.mobile","t.password","t.verifyCode","t.mobile","t.mobile","t.password","t.password","phone","t.verifyCode","t.verifyCode","password","data","data","o","o.httpMethod","o","o","t","t.url","t.url","t.url","t.url","t.url","t.url","t.url","t.url","t.url","t.url","t.url","t.url","t.TerminalType","t.url","t.url","t.url","t.url","t.url","t.url","t.url","t.url","t.url","t.data","t.data","s","t.showLoading","l","s","t.showLoading","l","url","t.loadingTitle","t.loadingTitle","t","t","o","o","title","t.loadingTitle","data","t.formData","t.formData","t.httpMethod","t.httpMethod","t.httpMethod","t.httpMethod","c","t","t","t","t","t","t.success","t.success","t.fail","t.fail","e","t.showLoading","t.showLoading","r","r","e","r","r","t","t","t","t","t","t.fail","t.fail","r","r","r","r","t","t","t","t.complete","t.autoHideLoading","t.complete","method","t.mobile","code","i.config.phone","i.config","i.config","i.config"],"uiString":["bindinputMobile","mobile","输入手机号","password","输入密码","submit","goToRegister","sendVerifyCode","{{!alreadySend}}","","{{alreadySend}}","登录","注册","openTerm1","openTerm2","openTerm3","verifyCode","输入验证码","{{sendBtnMsg}}","{{second+'s后重发'}}","登录表示同意","中国生物服务条款","隐私权政策","授权协议","formSubmit"]},{"source":"formSubmit","sink":"wx.request","visitedContent":["e","e.detail.value","e.detail.value","e.detail.value","e.detail.value","t.mobile","t.mobile","t.mobile","t.password","t.verifyCode","t.mobile","t.mobile","t.password","t.password","phone","t.verifyCode","t.verifyCode","password","data","data","o","o.httpMethod","o","o","t","t.url","t.url","t.url","t.url","t.url","t.url","t.url","t.url","t.url","t.url","t.url","t.url","t.TerminalType","t.url","t.url","t.url","t.url","t.url","t.url","t.url","t.url","t.url","t.data","t.data","s","t.showLoading","l","s","t.showLoading","l","url","t.loadingTitle","t.loadingTitle","t","t","o","o","title","t.loadingTitle","data","t.formData","t.formData","t.httpMethod","t.httpMethod","t.httpMethod","t.httpMethod","c","t","t","t","t","t","t.success","t.success","t.fail","t.fail","e","t.showLoading","t.showLoading","r","r","e","r","r","t","t","t","t","t","t.fail","t.fail","r","r","r","r","t","t","t","t.complete","t.autoHideLoading","t.complete","method","t.mobile","code","i.config.phone","i.config","i.config","i.config"],"uiString":["bindinputMobile","mobile","输入手机号","password","输入密码","submit","goToRegister","sendVerifyCode","{{!alreadySend}}","","{{alreadySend}}","登录","注册","openTerm1","openTerm2","openTerm3","verifyCode","输入验证码","{{sendBtnMsg}}","{{second+'s后重发'}}","登录表示同意","中国生物服务条款","隐私权政策","授权协议","formSubmit"]},{"source":"formSubmit","sink":"wx.showLoading","visitedContent":["e","e.detail.value","e.detail.value","e.detail.value","e.detail.value","t.mobile","t.mobile","t.mobile","t.password","t.verifyCode","t.mobile","t.mobile","t.password","t.password","phone","t.verifyCode","t.verifyCode","password","data","data","o","o.httpMethod","o","o","t","t.url","t.url","t.url","t.url","t.url","t.url","t.url","t.url","t.url","t.url","t.url","t.url","t.TerminalType","t.url","t.url","t.url","t.url","t.url","t.url","t.url","t.url","t.url","t.data","t.data","s","t.showLoading","l","s","t.showLoading","l","url","t.loadingTitle","t.loadingTitle","t","t","o","o","title","t.loadingTitle","data","t.formData","t.formData","t.httpMethod","t.httpMethod","t.httpMethod","t.httpMethod","c","t","t","t","t","t","t.success","t.success","t.fail","t.fail","e","t.showLoading","t.showLoading","r","r","e","r","r","t","t","t","t","t","t.fail","t.fail","r","r","r","r","t","t","t","t.complete","t.autoHideLoading","t.complete","method","t.mobile","code","i.config.phone","i.config","i.config","i.config"],"uiString":["bindinputMobile","mobile","输入手机号","password","输入密码","submit","goToRegister","sendVerifyCode","{{!alreadySend}}","","{{alreadySend}}","登录","注册","openTerm1","openTerm2","openTerm3","verifyCode","输入验证码","{{sendBtnMsg}}","{{second+'s后重发'}}","登录表示同意","中国生物服务条款","隐私权政策","授权协议","formSubmit"]},{"source":"formSubmit","sink":"wx.request","visitedContent":["e","e.detail.value","e.detail.value","e.detail.value","e.detail.value","t.mobile","t.mobile","t.mobile","t.password","t.verifyCode","t.mobile","t.mobile","t.password","t.password","phone","t.verifyCode","t.verifyCode","password","data","data","o","o.httpMethod","o","o","t","t.url","t.url","t.url","t.url","t.url","t.url","t.url","t.url","t.url","t.url","t.url","t.url","t.TerminalType","t.url","t.url","t.url","t.url","t.url","t.url","t.url","t.url","t.url","t.data","t.data","s","t.showLoading","l","s","t.showLoading","l","url","t.loadingTitle","t.loadingTitle","t","t","o","o","title","t.loadingTitle","data","t.formData","t.formData","t.httpMethod","t.httpMethod","t.httpMethod","t.httpMethod","c","t","t","t","t","t","t.success","t.success","t.fail","t.fail","e","t.showLoading","t.showLoading","r","r","e","r","r","t","t","t","t","t","t.fail","t.fail","r","r","r","r","t","t","t","t.complete","t.autoHideLoading","t.complete","method","t.mobile","code","i.config.phone","i.config","i.config","i.config"],"uiString":["bindinputMobile","mobile","输入手机号","password","输入密码","submit","goToRegister","sendVerifyCode","{{!alreadySend}}","","{{alreadySend}}","登录","注册","openTerm1","openTerm2","openTerm3","verifyCode","输入验证码","{{sendBtnMsg}}","{{second+'s后重发'}}","登录表示同意","中国生物服务条款","隐私权政策","授权协议","formSubmit"]},{"source":"formSubmit","sink":"console.log","visitedContent":["e","e.detail.value","e.detail.value","e.detail.value","e.detail.value","t.mobile","t.mobile","t.mobile","t.password","t.verifyCode","t.mobile","t.mobile","t.password","t.password","phone","t.verifyCode","t.verifyCode","password","data","data","o","o.httpMethod","o","o","t","t.url","t.url","t.url","t.url","t.url","t.url","t.url","t.url","t.url","t.url","t.url","t.url","t.TerminalType","t.url","t.url","t.url","t.url","t.url","t.url","t.url","t.url","t.url","t.data","t.data","s","t.showLoading","l","s","t.showLoading","l","url","t.loadingTitle","t.loadingTitle","t","t","o","o","title","t.loadingTitle","data","t.formData","t.formData","t.httpMethod","t.httpMethod","t.httpMethod","t.httpMethod","c","t","t","t","t","t","t.success","t.success","t.fail","t.fail","e","t.showLoading","t.showLoading","r","r","e","r","r","t","t","t","t","t","t.fail","t.fail","r","r","r","r","t","t","t","t.complete","t.autoHideLoading","t.complete","method","t.mobile","code","i.config.phone","i.config","i.config","i.config"],"uiString":["bindinputMobile","mobile","输入手机号","password","输入密码","submit","goToRegister","sendVerifyCode","{{!alreadySend}}","","{{alreadySend}}","登录","注册","openTerm1","openTerm2","openTerm3","verifyCode","输入验证码","{{sendBtnMsg}}","{{second+'s后重发'}}","登录表示同意","中国生物服务条款","隐私权政策","授权协议","formSubmit"]},{"source":"formSubmit","sink":"console.log","visitedContent":["e","e.detail.value","e.detail.value","e.detail.value","e.detail.value","t.mobile","t.mobile","t.mobile","t.password","t.verifyCode","t.mobile","t.mobile","t.password","t.password","phone","t.verifyCode","t.verifyCode","password","data","data","o","o.httpMethod","o","o","t","t.url","t.url","t.url","t.url","t.url","t.url","t.url","t.url","t.url","t.url","t.url","t.url","t.TerminalType","t.url","t.url","t.url","t.url","t.url","t.url","t.url","t.url","t.url","t.data","t.data","s","t.showLoading","l","s","t.showLoading","l","url","t.loadingTitle","t.loadingTitle","t","t","o","o","title","t.loadingTitle","data","t.formData","t.formData","t.httpMethod","t.httpMethod","t.httpMethod","t.httpMethod","c","t","t","t","t","t","t.success","t.success","t.fail","t.fail","e","t.showLoading","t.showLoading","r","r","e","r","r","t","t","t","t","t","t.fail","t.fail","r","r","r","r","t","t","t","t.complete","t.autoHideLoading","t.complete","method","t.mobile","code","i.config.phone","i.config","i.config","i.config"],"uiString":["bindinputMobile","mobile","输入手机号","password","输入密码","submit","goToRegister","sendVerifyCode","{{!alreadySend}}","","{{alreadySend}}","登录","注册","openTerm1","openTerm2","openTerm3","verifyCode","输入验证码","{{sendBtnMsg}}","{{second+'s后重发'}}","登录表示同意","中国生物服务条款","隐私权政策","授权协议","formSubmit"]},{"source":"formSubmit","sink":"console.log","visitedContent":["e","e.detail.value","e.detail.value","e.detail.value","e.detail.value","t.mobile","t.mobile","t.mobile","t.password","t.verifyCode","t.mobile","t.mobile","t.password","t.password","phone","t.verifyCode","t.verifyCode","password","data","data","o","o.httpMethod","o","o","t","t.url","t.url","t.url","t.url","t.url","t.url","t.url","t.url","t.url","t.url","t.url","t.url","t.TerminalType","t.url","t.url","t.url","t.url","t.url","t.url","t.url","t.url","t.url","t.data","t.data","s","t.showLoading","l","s","t.showLoading","l","url","t.loadingTitle","t.loadingTitle","t","t","o","o","title","t.loadingTitle","data","t.formData","t.formData","t.httpMethod","t.httpMethod","t.httpMethod","t.httpMethod","c","t","t","t","t","t","t.success","t.success","t.fail","t.fail","e","t.showLoading","t.showLoading","r","r","e","r","r","t","t","t","t","t","t.fail","t.fail","r","r","r","r","t","t","t","t.complete","t.autoHideLoading","t.complete","method","t.mobile","code","i.config.phone","i.config","i.config","i.config"],"uiString":["bindinputMobile","mobile","输入手机号","password","输入密码","submit","goToRegister","sendVerifyCode","{{!alreadySend}}","","{{alreadySend}}","登录","注册","openTerm1","openTerm2","openTerm3","verifyCode","输入验证码","{{sendBtnMsg}}","{{second+'s后重发'}}","登录表示同意","中国生物服务条款","隐私权政策","授权协议","formSubmit"]},{"source":"formSubmit","sink":"wx.request","visitedContent":["e","e.detail.value","e.detail.value","e.detail.value","e.detail.value","t.mobile","t.mobile","t.mobile","t.password","t.verifyCode","t.mobile","t.mobile","t.password","t.password","phone","t.verifyCode","t.verifyCode","password","data","data","o","o.httpMethod","o","o","t","t.url","t.url","t.url","t.url","t.url","t.url","t.url","t.url","t.url","t.url","t.url","t.url","t.TerminalType","t.url","t.url","t.url","t.url","t.url","t.url","t.url","t.url","t.url","t.data","t.data","s","t.showLoading","l","s","t.showLoading","l","url","t.loadingTitle","t.loadingTitle","t","t","o","o","title","t.loadingTitle","data","t.formData","t.formData","t.httpMethod","t.httpMethod","t.httpMethod","t.httpMethod","c","t","t","t","t","t","t.success","t.success","t.fail","t.fail","e","t.showLoading","t.showLoading","r","r","e","r","r","t","t","t","t","t","t.fail","t.fail","r","r","r","r","t","t","t","t.complete","t.autoHideLoading","t.complete","method","t.mobile","code","i.config.phone","i.config","i.config","i.config"],"uiString":["bindinputMobile","mobile","输入手机号","password","输入密码","submit","goToRegister","sendVerifyCode","{{!alreadySend}}","","{{alreadySend}}","登录","注册","openTerm1","openTerm2","openTerm3","verifyCode","输入验证码","{{sendBtnMsg}}","{{second+'s后重发'}}","登录表示同意","中国生物服务条款","隐私权政策","授权协议","formSubmit"]},{"source":"formSubmit","sink":"wx.setStorageSync","visitedContent":["e","e.detail.value","e.detail.value","e.detail.value","e.detail.value","t.mobile","t.mobile","t.mobile","t.password","t.verifyCode","t.mobile","t.mobile","t.password","t.password","phone","t.verifyCode","t.verifyCode","password","data","data","o","o.httpMethod","o","o","t","t.url","t.url","t.url","t.url","t.url","t.url","t.url","t.url","t.url","t.url","t.url","t.url","t.TerminalType","t.url","t.url","t.url","t.url","t.url","t.url","t.url","t.url","t.url","t.data","t.data","s","t.showLoading","l","s","t.showLoading","l","url","t.loadingTitle","t.loadingTitle","t","t","o","o","title","t.loadingTitle","data","t.formData","t.formData","t.httpMethod","t.httpMethod","t.httpMethod","t.httpMethod","c","t","t","t","t","t","t.success","t.success","t.fail","t.fail","e","t.showLoading","t.showLoading","r","r","e","r","r","t","t","t","t","t","t.fail","t.fail","r","r","r","r","t","t","t","t.complete","t.autoHideLoading","t.complete","method","t.mobile","code","i.config.phone","i.config","i.config","i.config"],"uiString":["bindinputMobile","mobile","输入手机号","password","输入密码","submit","goToRegister","sendVerifyCode","{{!alreadySend}}","","{{alreadySend}}","登录","注册","openTerm1","openTerm2","openTerm3","verifyCode","输入验证码","{{sendBtnMsg}}","{{second+'s后重发'}}","登录表示同意","中国生物服务条款","隐私权政策","授权协议","formSubmit"]},{"source":"formSubmit","sink":"console.log","visitedContent":["e","e.detail.value","e.detail.value","e.detail.value","e.detail.value","t.mobile","t.mobile","t.mobile","t.password","t.verifyCode","t.mobile","t.mobile","t.password","t.password","phone","t.verifyCode","t.verifyCode","password","data","data","o","o.httpMethod","o","o","t","t.url","t.url","t.url","t.url","t.url","t.url","t.url","t.url","t.url","t.url","t.url","t.url","t.TerminalType","t.url","t.url","t.url","t.url","t.url","t.url","t.url","t.url","t.url","t.data","t.data","s","t.showLoading","l","s","t.showLoading","l","url","t.loadingTitle","t.loadingTitle","t","t","o","o","title","t.loadingTitle","data","t.formData","t.formData","t.httpMethod","t.httpMethod","t.httpMethod","t.httpMethod","c","t","t","t","t","t","t.success","t.success","t.fail","t.fail","e","t.showLoading","t.showLoading","r","r","e","r","r","t","t","t","t","t","t.fail","t.fail","r","r","r","r","t","t","t","t.complete","t.autoHideLoading","t.complete","method","t.mobile","code","i.config.phone","i.config","i.config","i.config"],"uiString":["bindinputMobile","mobile","输入手机号","password","输入密码","submit","goToRegister","sendVerifyCode","{{!alreadySend}}","","{{alreadySend}}","登录","注册","openTerm1","openTerm2","openTerm3","verifyCode","输入验证码","{{sendBtnMsg}}","{{second+'s后重发'}}","登录表示同意","中国生物服务条款","隐私权政策","授权协议","formSubmit"]},{"source":"bindinputMobile","sink":"console.log","visitedContent":["e","e","e"],"uiString":["bindinputMobile","mobile","输入手机号","password","输入密码","submit","goToRegister","sendVerifyCode","{{!alreadySend}}","","{{alreadySend}}","登录","注册","openTerm1","openTerm2","openTerm3","verifyCode","输入验证码","{{sendBtnMsg}}","{{second+'s后重发'}}","登录表示同意","中国生物服务条款","隐私权政策","授权协议"]}]}},{"file":"/pages/mine/family/addfamily.js","source2sink":{"source":["wx.getStorageSync","formSubmit","selectRelation","verifyInput","selectCertify"],"sink":["console.log"],"pairsOfSource2Sink":[{"source":"wx.getStorageSync","sink":"console.log","visitedContent":["wx.getStorageSync","wx.getStorageSync","i","t","i","t","t","i.documentTypeList[0].name","t","i.documentTypeList.unshift","t","i.documentTypeList","i.documentTypeList","i.relationshipList","i.relationshipList","i.relationshipList","i.relationshipList.filter(function (t) {\n    return t.id == a.relationship;\n})[0].name","i.relationshipList[0].name","i.relationshipList[0].name","i.relationshipList[0].id"],"uiString":[]},{"source":"formSubmit","sink":"console.log","visitedContent":["t","t.detail.value","t.detail.value","e.userId","e","e.documentType","e","e","e","e.relationship","e.birthday","e.vaccinationPointId","e.vaccinationName","e.relationship","e.name","e.name.length","e.birthday","e.sex","e.documentType","e.identificationNumber","e.identificationNumber","e.documentType","e.identificationNumber","e.documentType","e.contacts.length","e.contactsPhone","e.contactsPhone","e.contactsPhone","e.vaccinationPointId","e.basicDisease","e.basicDisease.length","e.vaccinationCertificateCode"],"uiString":["submit","{{isEdit}}","","selectRelation","relationship","{{relationshipList}}","name","verifyInput","bindDate","{{selectedDate?selectedDate:'2010-01-01'}}","{{showCalender}}","sex","selectCertify","documentType","{{documentTypeList}}","identificationNumber","{{!documentType}}","vaccinationCertificateCode","goToSearchPoint","{{usualPoint.name}}","basicDisease","contacts","contactsPhone","确认修改","确认添加","与我的关系","{{relationshipLabel}}","姓名","出生日期","{{selectedDate?selectedDate:'请选择'}}","性别","{{sex==2}}","{{sex==1}}","证件类型","{{documentTypeLabel}}","证件号码","预防接种证编码","常用接种单位","请选择","基础病","联系人","联系手机号","*","男","女","formSubmit"]},{"source":"selectRelation","sink":"console.log","visitedContent":["t","t.detail.value"],"uiString":["{{relationshipLabel}}","selectRelation"]},{"source":"verifyInput","sink":"console.log","visitedContent":["t","t","t","t.currentTarget.dataset.type","t.currentTarget.dataset.type","t.detail.value.replace","i","a","i","a"],"uiString":["verifyInput","name","姓名","*"]},{"source":"verifyInput","sink":"console.log","visitedContent":["t","t","t","t.currentTarget.dataset.type","t.currentTarget.dataset.type","t.detail.value.replace","i","a","i","a"],"uiString":["verifyInput","name","姓名","*"]},{"source":"selectCertify","sink":"console.log","visitedContent":["t","t.detail","t.detail"],"uiString":["{{documentTypeLabel}}","selectCertify"]},{"source":"verifyInput","sink":"console.log","visitedContent":["t","t","t","t.currentTarget.dataset.type","t.currentTarget.dataset.type","t.detail.value.replace","i","a","i","a"],"uiString":["verifyInput","identificationNumber","{{!documentType}}","证件号码"]},{"source":"verifyInput","sink":"console.log","visitedContent":["t","t","t","t.currentTarget.dataset.type","t.currentTarget.dataset.type","t.detail.value.replace","i","a","i","a"],"uiString":["verifyInput"]}]}},{"file":"/pages/mine/family/list.js","source2sink":{"source":["wx.getStorageSync"],"sink":[],"pairsOfSource2Sink":[]}},{"file":"/pages/mine/family/searchPoint.js","source2sink":{"source":["wx.getStorageSync","searchCity","searchPoint"],"sink":["console.log"],"pairsOfSource2Sink":[{"source":"searchCity","sink":"console.log","visitedContent":["t","t","t","t.detail.value","i","i","i","i"],"uiString":["searchCity","城市名称","searchPoint","搜索接种单位","inputCancel","取消"]},{"source":"searchCity","sink":"console.log","visitedContent":["t","t","t","t.detail.value","i","i","i","i"],"uiString":["searchCity","城市名称","searchPoint","搜索接种单位","inputCancel","取消"]},{"source":"searchPoint","sink":"console.log","visitedContent":["t","t.detail.value","t.detail.value","t.detail.value","name","name","i","i"],"uiString":["searchCity","城市名称","searchPoint","搜索接种单位","inputCancel","取消"]}]}},{"file":"/pages/mine/reserve/detail.js","source2sink":{"source":["wx.getStorageSync","wx.scanCode"],"sink":["console.log","wx.request","wx.showLoading"],"pairsOfSource2Sink":[{"source":"wx.getStorageSync","sink":"console.log","visitedContent":["wx.getStorageSync","e","e","e","e.relationshipList.forEach"],"uiString":[]},{"source":"wx.scanCode","sink":"wx.request","visitedContent":["a","a.result","s","s","s","s","s","s","t","t.length","t.length","t.length","t.slice","e","s","i.epcCode","epcCode","epcCode","i","o","o","data","data","o","o.httpMethod","o","o","t","t.url","t.url","t.url","t.url","t.url","t.url","t.url","t.url","t.url","t.url","t.url","t.url","t.TerminalType","t.url","t.url","t.url","t.url","t.url","t.url","t.url","t.url","t.url","t.data","t.data","s","t.showLoading","l","s","t.showLoading","l","url","t.loadingTitle","t.loadingTitle","t","t","o","o","title","t.loadingTitle","data","t.formData","t.formData","t.httpMethod","t.httpMethod","t.httpMethod","t.httpMethod","c","t","t","t","t","t","t.success","t.success","t.fail","t.fail","e","t.showLoading","t.showLoading","r","r","e","r","r","t","t","t","t","t","t.fail","t.fail","r","r","r","r","t","t","t","t.complete","t.autoHideLoading","t.complete","method","data"],"uiString":[]},{"source":"wx.scanCode","sink":"wx.showLoading","visitedContent":["a","a.result","s","s","s","s","s","s","t","t.length","t.length","t.length","t.slice","e","s","i.epcCode","epcCode","epcCode","i","o","o","data","data","o","o.httpMethod","o","o","t","t.url","t.url","t.url","t.url","t.url","t.url","t.url","t.url","t.url","t.url","t.url","t.url","t.TerminalType","t.url","t.url","t.url","t.url","t.url","t.url","t.url","t.url","t.url","t.data","t.data","s","t.showLoading","l","s","t.showLoading","l","url","t.loadingTitle","t.loadingTitle","t","t","o","o","title","t.loadingTitle","data","t.formData","t.formData","t.httpMethod","t.httpMethod","t.httpMethod","t.httpMethod","c","t","t","t","t","t","t.success","t.success","t.fail","t.fail","e","t.showLoading","t.showLoading","r","r","e","r","r","t","t","t","t","t","t.fail","t.fail","r","r","r","r","t","t","t","t.complete","t.autoHideLoading","t.complete","method","data"],"uiString":[]},{"source":"wx.scanCode","sink":"wx.request","visitedContent":["a","a.result","s","s","s","s","s","s","t","t.length","t.length","t.length","t.slice","e","s","i.epcCode","epcCode","epcCode","i","o","o","data","data","o","o.httpMethod","o","o","t","t.url","t.url","t.url","t.url","t.url","t.url","t.url","t.url","t.url","t.url","t.url","t.url","t.TerminalType","t.url","t.url","t.url","t.url","t.url","t.url","t.url","t.url","t.url","t.data","t.data","s","t.showLoading","l","s","t.showLoading","l","url","t.loadingTitle","t.loadingTitle","t","t","o","o","title","t.loadingTitle","data","t.formData","t.formData","t.httpMethod","t.httpMethod","t.httpMethod","t.httpMethod","c","t","t","t","t","t","t.success","t.success","t.fail","t.fail","e","t.showLoading","t.showLoading","r","r","e","r","r","t","t","t","t","t","t.fail","t.fail","r","r","r","r","t","t","t","t.complete","t.autoHideLoading","t.complete","method","data"],"uiString":[]},{"source":"wx.scanCode","sink":"console.log","visitedContent":["a","a.result","s","s","s","s","s","s","t","t.length","t.length","t.length","t.slice","e","s","i.epcCode","epcCode","epcCode","i","o","o","data","data","o","o.httpMethod","o","o","t","t.url","t.url","t.url","t.url","t.url","t.url","t.url","t.url","t.url","t.url","t.url","t.url","t.TerminalType","t.url","t.url","t.url","t.url","t.url","t.url","t.url","t.url","t.url","t.data","t.data","s","t.showLoading","l","s","t.showLoading","l","url","t.loadingTitle","t.loadingTitle","t","t","o","o","title","t.loadingTitle","data","t.formData","t.formData","t.httpMethod","t.httpMethod","t.httpMethod","t.httpMethod","c","t","t","t","t","t","t.success","t.success","t.fail","t.fail","e","t.showLoading","t.showLoading","r","r","e","r","r","t","t","t","t","t","t.fail","t.fail","r","r","r","r","t","t","t","t.complete","t.autoHideLoading","t.complete","method","data"],"uiString":[]},{"source":"wx.scanCode","sink":"console.log","visitedContent":["a","a.result","s","s","s","s","s","s","t","t.length","t.length","t.length","t.slice","e","s","i.epcCode","epcCode","epcCode","i","o","o","data","data","o","o.httpMethod","o","o","t","t.url","t.url","t.url","t.url","t.url","t.url","t.url","t.url","t.url","t.url","t.url","t.url","t.TerminalType","t.url","t.url","t.url","t.url","t.url","t.url","t.url","t.url","t.url","t.data","t.data","s","t.showLoading","l","s","t.showLoading","l","url","t.loadingTitle","t.loadingTitle","t","t","o","o","title","t.loadingTitle","data","t.formData","t.formData","t.httpMethod","t.httpMethod","t.httpMethod","t.httpMethod","c","t","t","t","t","t","t.success","t.success","t.fail","t.fail","e","t.showLoading","t.showLoading","r","r","e","r","r","t","t","t","t","t","t.fail","t.fail","r","r","r","r","t","t","t","t.complete","t.autoHideLoading","t.complete","method","data"],"uiString":[]},{"source":"wx.scanCode","sink":"console.log","visitedContent":["a","a.result","s","s","s","s","s","s","t","t.length","t.length","t.length","t.slice","e","s","i.epcCode","epcCode","epcCode","i","o","o","data","data","o","o.httpMethod","o","o","t","t.url","t.url","t.url","t.url","t.url","t.url","t.url","t.url","t.url","t.url","t.url","t.url","t.TerminalType","t.url","t.url","t.url","t.url","t.url","t.url","t.url","t.url","t.url","t.data","t.data","s","t.showLoading","l","s","t.showLoading","l","url","t.loadingTitle","t.loadingTitle","t","t","o","o","title","t.loadingTitle","data","t.formData","t.formData","t.httpMethod","t.httpMethod","t.httpMethod","t.httpMethod","c","t","t","t","t","t","t.success","t.success","t.fail","t.fail","e","t.showLoading","t.showLoading","r","r","e","r","r","t","t","t","t","t","t.fail","t.fail","r","r","r","r","t","t","t","t.complete","t.autoHideLoading","t.complete","method","data"],"uiString":[]},{"source":"wx.scanCode","sink":"wx.request","visitedContent":["a","a.result","s","s","s","s","s","s","t","t.length","t.length","t.length","t.slice","e","s","i.epcCode","epcCode","epcCode","i","o","o","data","data","o","o.httpMethod","o","o","t","t.url","t.url","t.url","t.url","t.url","t.url","t.url","t.url","t.url","t.url","t.url","t.url","t.TerminalType","t.url","t.url","t.url","t.url","t.url","t.url","t.url","t.url","t.url","t.data","t.data","s","t.showLoading","l","s","t.showLoading","l","url","t.loadingTitle","t.loadingTitle","t","t","o","o","title","t.loadingTitle","data","t.formData","t.formData","t.httpMethod","t.httpMethod","t.httpMethod","t.httpMethod","c","t","t","t","t","t","t.success","t.success","t.fail","t.fail","e","t.showLoading","t.showLoading","r","r","e","r","r","t","t","t","t","t","t.fail","t.fail","r","r","r","r","t","t","t","t.complete","t.autoHideLoading","t.complete","method","data"],"uiString":[]}]}},{"file":"/pages/mine/reserve/list.js","source2sink":{"source":["selectRelation"],"sink":["console.log"],"pairsOfSource2Sink":[{"source":"selectRelation","sink":"console.log","visitedContent":["t","t.detail.value"],"uiString":["selectRelation","relationship","{{relationshipList}}","name","家庭成员预约记录"]}]}},{"file":"/pages/reserve/detail/detail.js","source2sink":{"source":["wx.getStorageSync","selectTime","formSubmit","openNotify","selectFamily","checkboxChange"],"sink":["console.log","wx.setStorageSync","wx.request","wx.showLoading"],"pairsOfSource2Sink":[{"source":"wx.getStorageSync","sink":"console.log","visitedContent":["wx.getStorageSync","wx.getStorageSync","wx.getStorageSync('currentMarker').id","a","name","name","n.vaccinationPointId","a.userId","e","e","n","n","a","a","n","n","n","n","n","data","data","o","o.httpMethod","o","o","t","t.url","t.url","t.url","t.url","t.url","t.url","t.url","t.url","t.url","t.url","t.url","t.url","t.TerminalType","t.url","t.url","t.url","t.url","t.url","t.url","t.url","t.url","t.url","t.data","t.data","s","t.showLoading","l","s","t.showLoading","l","url","t.loadingTitle","t.loadingTitle","t","t","o","o","title","t.loadingTitle","data","t.formData","t.formData","t.httpMethod","t.httpMethod","t.httpMethod","t.httpMethod","c","t","t","t","t","t","t.success","t.success","t.fail","t.fail","e","t.showLoading","t.showLoading","r","r","e","r","r","t","t","t","t","t","t.fail","t.fail","r","r","r","r","t","t","t","t.complete","t.autoHideLoading","t.complete","method","n","n","data","data"],"uiString":[]},{"source":"wx.getStorageSync","sink":"console.log","visitedContent":["wx.getStorageSync","wx.getStorageSync","wx.getStorageSync('currentMarker').id","a","name","name","n.vaccinationPointId","a.userId","e","e","n","n","a","a","n","n","n","n","n","data","data","o","o.httpMethod","o","o","t","t.url","t.url","t.url","t.url","t.url","t.url","t.url","t.url","t.url","t.url","t.url","t.url","t.TerminalType","t.url","t.url","t.url","t.url","t.url","t.url","t.url","t.url","t.url","t.data","t.data","s","t.showLoading","l","s","t.showLoading","l","url","t.loadingTitle","t.loadingTitle","t","t","o","o","title","t.loadingTitle","data","t.formData","t.formData","t.httpMethod","t.httpMethod","t.httpMethod","t.httpMethod","c","t","t","t","t","t","t.success","t.success","t.fail","t.fail","e","t.showLoading","t.showLoading","r","r","e","r","r","t","t","t","t","t","t.fail","t.fail","r","r","r","r","t","t","t","t.complete","t.autoHideLoading","t.complete","method","n","n","data","data"],"uiString":[]},{"source":"wx.getStorageSync","sink":"wx.setStorageSync","visitedContent":["wx.getStorageSync","wx.getStorageSync","wx.getStorageSync('currentMarker').id","a","name","name","n.vaccinationPointId","a.userId","e","e","n","n","a","a","n","n","n","n","n","data","data","o","o.httpMethod","o","o","t","t.url","t.url","t.url","t.url","t.url","t.url","t.url","t.url","t.url","t.url","t.url","t.url","t.TerminalType","t.url","t.url","t.url","t.url","t.url","t.url","t.url","t.url","t.url","t.data","t.data","s","t.showLoading","l","s","t.showLoading","l","url","t.loadingTitle","t.loadingTitle","t","t","o","o","title","t.loadingTitle","data","t.formData","t.formData","t.httpMethod","t.httpMethod","t.httpMethod","t.httpMethod","c","t","t","t","t","t","t.success","t.success","t.fail","t.fail","e","t.showLoading","t.showLoading","r","r","e","r","r","t","t","t","t","t","t.fail","t.fail","r","r","r","r","t","t","t","t.complete","t.autoHideLoading","t.complete","method","n","n","data","data"],"uiString":[]},{"source":"wx.getStorageSync","sink":"wx.request","visitedContent":["wx.getStorageSync","wx.getStorageSync","wx.getStorageSync('currentMarker').id","a","name","name","n.vaccinationPointId","a.userId","e","e","n","n","a","a","n","n","n","n","n","data","data","o","o.httpMethod","o","o","t","t.url","t.url","t.url","t.url","t.url","t.url","t.url","t.url","t.url","t.url","t.url","t.url","t.TerminalType","t.url","t.url","t.url","t.url","t.url","t.url","t.url","t.url","t.url","t.data","t.data","s","t.showLoading","l","s","t.showLoading","l","url","t.loadingTitle","t.loadingTitle","t","t","o","o","title","t.loadingTitle","data","t.formData","t.formData","t.httpMethod","t.httpMethod","t.httpMethod","t.httpMethod","c","t","t","t","t","t","t.success","t.success","t.fail","t.fail","e","t.showLoading","t.showLoading","r","r","e","r","r","t","t","t","t","t","t.fail","t.fail","r","r","r","r","t","t","t","t.complete","t.autoHideLoading","t.complete","method","n","n","data","data"],"uiString":[]},{"source":"wx.getStorageSync","sink":"wx.showLoading","visitedContent":["wx.getStorageSync","wx.getStorageSync","wx.getStorageSync('currentMarker').id","a","name","name","n.vaccinationPointId","a.userId","e","e","n","n","a","a","n","n","n","n","n","data","data","o","o.httpMethod","o","o","t","t.url","t.url","t.url","t.url","t.url","t.url","t.url","t.url","t.url","t.url","t.url","t.url","t.TerminalType","t.url","t.url","t.url","t.url","t.url","t.url","t.url","t.url","t.url","t.data","t.data","s","t.showLoading","l","s","t.showLoading","l","url","t.loadingTitle","t.loadingTitle","t","t","o","o","title","t.loadingTitle","data","t.formData","t.formData","t.httpMethod","t.httpMethod","t.httpMethod","t.httpMethod","c","t","t","t","t","t","t.success","t.success","t.fail","t.fail","e","t.showLoading","t.showLoading","r","r","e","r","r","t","t","t","t","t","t.fail","t.fail","r","r","r","r","t","t","t","t.complete","t.autoHideLoading","t.complete","method","n","n","data","data"],"uiString":[]},{"source":"wx.getStorageSync","sink":"wx.request","visitedContent":["wx.getStorageSync","wx.getStorageSync","wx.getStorageSync('currentMarker').id","a","name","name","n.vaccinationPointId","a.userId","e","e","n","n","a","a","n","n","n","n","n","data","data","o","o.httpMethod","o","o","t","t.url","t.url","t.url","t.url","t.url","t.url","t.url","t.url","t.url","t.url","t.url","t.url","t.TerminalType","t.url","t.url","t.url","t.url","t.url","t.url","t.url","t.url","t.url","t.data","t.data","s","t.showLoading","l","s","t.showLoading","l","url","t.loadingTitle","t.loadingTitle","t","t","o","o","title","t.loadingTitle","data","t.formData","t.formData","t.httpMethod","t.httpMethod","t.httpMethod","t.httpMethod","c","t","t","t","t","t","t.success","t.success","t.fail","t.fail","e","t.showLoading","t.showLoading","r","r","e","r","r","t","t","t","t","t","t.fail","t.fail","r","r","r","r","t","t","t","t.complete","t.autoHideLoading","t.complete","method","n","n","data","data"],"uiString":[]},{"source":"wx.getStorageSync","sink":"console.log","visitedContent":["wx.getStorageSync","wx.getStorageSync","wx.getStorageSync('currentMarker').id","a","name","name","n.vaccinationPointId","a.userId","e","e","n","n","a","a","n","n","n","n","n","data","data","o","o.httpMethod","o","o","t","t.url","t.url","t.url","t.url","t.url","t.url","t.url","t.url","t.url","t.url","t.url","t.url","t.TerminalType","t.url","t.url","t.url","t.url","t.url","t.url","t.url","t.url","t.url","t.data","t.data","s","t.showLoading","l","s","t.showLoading","l","url","t.loadingTitle","t.loadingTitle","t","t","o","o","title","t.loadingTitle","data","t.formData","t.formData","t.httpMethod","t.httpMethod","t.httpMethod","t.httpMethod","c","t","t","t","t","t","t.success","t.success","t.fail","t.fail","e","t.showLoading","t.showLoading","r","r","e","r","r","t","t","t","t","t","t.fail","t.fail","r","r","r","r","t","t","t","t.complete","t.autoHideLoading","t.complete","method","n","n","data","data"],"uiString":[]},{"source":"wx.getStorageSync","sink":"console.log","visitedContent":["wx.getStorageSync","wx.getStorageSync","wx.getStorageSync('currentMarker').id","a","name","name","n.vaccinationPointId","a.userId","e","e","n","n","a","a","n","n","n","n","n","data","data","o","o.httpMethod","o","o","t","t.url","t.url","t.url","t.url","t.url","t.url","t.url","t.url","t.url","t.url","t.url","t.url","t.TerminalType","t.url","t.url","t.url","t.url","t.url","t.url","t.url","t.url","t.url","t.data","t.data","s","t.showLoading","l","s","t.showLoading","l","url","t.loadingTitle","t.loadingTitle","t","t","o","o","title","t.loadingTitle","data","t.formData","t.formData","t.httpMethod","t.httpMethod","t.httpMethod","t.httpMethod","c","t","t","t","t","t","t.success","t.success","t.fail","t.fail","e","t.showLoading","t.showLoading","r","r","e","r","r","t","t","t","t","t","t.fail","t.fail","r","r","r","r","t","t","t","t.complete","t.autoHideLoading","t.complete","method","n","n","data","data"],"uiString":[]},{"source":"wx.getStorageSync","sink":"console.log","visitedContent":["wx.getStorageSync","wx.getStorageSync","wx.getStorageSync('currentMarker').id","a","name","name","n.vaccinationPointId","a.userId","e","e","n","n","a","a","n","n","n","n","n","data","data","o","o.httpMethod","o","o","t","t.url","t.url","t.url","t.url","t.url","t.url","t.url","t.url","t.url","t.url","t.url","t.url","t.TerminalType","t.url","t.url","t.url","t.url","t.url","t.url","t.url","t.url","t.url","t.data","t.data","s","t.showLoading","l","s","t.showLoading","l","url","t.loadingTitle","t.loadingTitle","t","t","o","o","title","t.loadingTitle","data","t.formData","t.formData","t.httpMethod","t.httpMethod","t.httpMethod","t.httpMethod","c","t","t","t","t","t","t.success","t.success","t.fail","t.fail","e","t.showLoading","t.showLoading","r","r","e","r","r","t","t","t","t","t","t.fail","t.fail","r","r","r","r","t","t","t","t.complete","t.autoHideLoading","t.complete","method","n","n","data","data"],"uiString":[]},{"source":"wx.getStorageSync","sink":"wx.request","visitedContent":["wx.getStorageSync","wx.getStorageSync","wx.getStorageSync('currentMarker').id","a","name","name","n.vaccinationPointId","a.userId","e","e","n","n","a","a","n","n","n","n","n","data","data","o","o.httpMethod","o","o","t","t.url","t.url","t.url","t.url","t.url","t.url","t.url","t.url","t.url","t.url","t.url","t.url","t.TerminalType","t.url","t.url","t.url","t.url","t.url","t.url","t.url","t.url","t.url","t.data","t.data","s","t.showLoading","l","s","t.showLoading","l","url","t.loadingTitle","t.loadingTitle","t","t","o","o","title","t.loadingTitle","data","t.formData","t.formData","t.httpMethod","t.httpMethod","t.httpMethod","t.httpMethod","c","t","t","t","t","t","t.success","t.success","t.fail","t.fail","e","t.showLoading","t.showLoading","r","r","e","r","r","t","t","t","t","t","t.fail","t.fail","r","r","r","r","t","t","t","t.complete","t.autoHideLoading","t.complete","method","n","n","data","data"],"uiString":[]},{"source":"selectTime","sink":"console.log","visitedContent":["t","t.detail.value","t.detail.value","t.detail.value"],"uiString":["{{vaccineData.am&&vaccineData.am.length>0}}","{{vaccineData.pm&&vaccineData.pm.length>0}}","{{vaccineData.am}}","aId","{{vaccineData.pm}}","上午","下午","{{item.description}}","selectTime"]},{"source":"formSubmit","sink":"console.log","visitedContent":["t","t.detail.value","t.detail.value","n.appointmentDate","n","n.settingAttId","n","n","n.documentType","n","n","n.relationship","n","n","n","n.name","data","data","o","o.httpMethod","o","o","t","t.url","t.url","t.url","t.url","t.url","t.url","t.url","t.url","t.url","t.url","t.url","t.url","t.TerminalType","t.url","t.url","t.url","t.url","t.url","t.url","t.url","t.url","t.url","t.data","t.data","s","t.showLoading","l","s","t.showLoading","l","url","t.loadingTitle","t.loadingTitle","t","t","o","o","title","t.loadingTitle","data","t.formData","t.formData","t.httpMethod","t.httpMethod","t.httpMethod","t.httpMethod","c","t","t","t","t","t","t.success","t.success","t.fail","t.fail","e","t.showLoading","t.showLoading","r","r","e","r","r","t","t","t","t","t","t.fail","t.fail","r","r","r","r","t","t","t","t.complete","t.autoHideLoading","t.complete","method","n","n","n.birthday","data","data","n.idCard","n.sex","n.vaccineId","n.vaccinationPointId","n.openId","n.userId","n.settingAttId","n.relationship","n.sex","n.signatureImage","n.signatureImage","n.signatureImage","n.settingAttId","n.settingId","n.startTime"],"uiString":["{{isDisable}}","submit","{{!showAck}}","openNotify","{{showAck}}","preventTouchMove","selectFamily","{{familyList}}","name","goToAddFamily","appointmentPhone","{{familyData.sex==2}}","{{familyData.sex==1}}","确认预约","选择受种人","+","与受种人关系","{{familyData.relationshipLabel}}","受种人姓名","{{familyData.name}}","证件类型","{{familyData.documentTypeLabel}}","证件号码","{{familyData.identificationNumber}}","性别","男","女","true","hideRule","clearCanvas","canvasEnd","canvasMove","canvasStart","canvas","checkboxChange","{{showNotify}}","hideRuleNotify","知情同意书","{{informedConsentText}}","{{notifyChecked}}","告知书","{{notificationText}}","接种人签字","我已阅读","openNotifyInner","formSubmit"]},{"source":"formSubmit","sink":"wx.setStorageSync","visitedContent":["t","t.detail.value","t.detail.value","n.appointmentDate","n","n.settingAttId","n","n","n.documentType","n","n","n.relationship","n","n","n","n.name","data","data","o","o.httpMethod","o","o","t","t.url","t.url","t.url","t.url","t.url","t.url","t.url","t.url","t.url","t.url","t.url","t.url","t.TerminalType","t.url","t.url","t.url","t.url","t.url","t.url","t.url","t.url","t.url","t.data","t.data","s","t.showLoading","l","s","t.showLoading","l","url","t.loadingTitle","t.loadingTitle","t","t","o","o","title","t.loadingTitle","data","t.formData","t.formData","t.httpMethod","t.httpMethod","t.httpMethod","t.httpMethod","c","t","t","t","t","t","t.success","t.success","t.fail","t.fail","e","t.showLoading","t.showLoading","r","r","e","r","r","t","t","t","t","t","t.fail","t.fail","r","r","r","r","t","t","t","t.complete","t.autoHideLoading","t.complete","method","n","n","n.birthday","data","data","n.idCard","n.sex","n.vaccineId","n.vaccinationPointId","n.openId","n.userId","n.settingAttId","n.relationship","n.sex","n.signatureImage","n.signatureImage","n.signatureImage","n.settingAttId","n.settingId","n.startTime"],"uiString":["{{isDisable}}","submit","{{!showAck}}","openNotify","{{showAck}}","preventTouchMove","selectFamily","{{familyList}}","name","goToAddFamily","appointmentPhone","{{familyData.sex==2}}","{{familyData.sex==1}}","确认预约","选择受种人","+","与受种人关系","{{familyData.relationshipLabel}}","受种人姓名","{{familyData.name}}","证件类型","{{familyData.documentTypeLabel}}","证件号码","{{familyData.identificationNumber}}","性别","男","女","true","hideRule","clearCanvas","canvasEnd","canvasMove","canvasStart","canvas","checkboxChange","{{showNotify}}","hideRuleNotify","知情同意书","{{informedConsentText}}","{{notifyChecked}}","告知书","{{notificationText}}","接种人签字","我已阅读","openNotifyInner","formSubmit"]},{"source":"formSubmit","sink":"wx.request","visitedContent":["t","t.detail.value","t.detail.value","n.appointmentDate","n","n.settingAttId","n","n","n.documentType","n","n","n.relationship","n","n","n","n.name","data","data","o","o.httpMethod","o","o","t","t.url","t.url","t.url","t.url","t.url","t.url","t.url","t.url","t.url","t.url","t.url","t.url","t.TerminalType","t.url","t.url","t.url","t.url","t.url","t.url","t.url","t.url","t.url","t.data","t.data","s","t.showLoading","l","s","t.showLoading","l","url","t.loadingTitle","t.loadingTitle","t","t","o","o","title","t.loadingTitle","data","t.formData","t.formData","t.httpMethod","t.httpMethod","t.httpMethod","t.httpMethod","c","t","t","t","t","t","t.success","t.success","t.fail","t.fail","e","t.showLoading","t.showLoading","r","r","e","r","r","t","t","t","t","t","t.fail","t.fail","r","r","r","r","t","t","t","t.complete","t.autoHideLoading","t.complete","method","n","n","n.birthday","data","data","n.idCard","n.sex","n.vaccineId","n.vaccinationPointId","n.openId","n.userId","n.settingAttId","n.relationship","n.sex","n.signatureImage","n.signatureImage","n.signatureImage","n.settingAttId","n.settingId","n.startTime"],"uiString":["{{isDisable}}","submit","{{!showAck}}","openNotify","{{showAck}}","preventTouchMove","selectFamily","{{familyList}}","name","goToAddFamily","appointmentPhone","{{familyData.sex==2}}","{{familyData.sex==1}}","确认预约","选择受种人","+","与受种人关系","{{familyData.relationshipLabel}}","受种人姓名","{{familyData.name}}","证件类型","{{familyData.documentTypeLabel}}","证件号码","{{familyData.identificationNumber}}","性别","男","女","true","hideRule","clearCanvas","canvasEnd","canvasMove","canvasStart","canvas","checkboxChange","{{showNotify}}","hideRuleNotify","知情同意书","{{informedConsentText}}","{{notifyChecked}}","告知书","{{notificationText}}","接种人签字","我已阅读","openNotifyInner","formSubmit"]},{"source":"formSubmit","sink":"wx.showLoading","visitedContent":["t","t.detail.value","t.detail.value","n.appointmentDate","n","n.settingAttId","n","n","n.documentType","n","n","n.relationship","n","n","n","n.name","data","data","o","o.httpMethod","o","o","t","t.url","t.url","t.url","t.url","t.url","t.url","t.url","t.url","t.url","t.url","t.url","t.url","t.TerminalType","t.url","t.url","t.url","t.url","t.url","t.url","t.url","t.url","t.url","t.data","t.data","s","t.showLoading","l","s","t.showLoading","l","url","t.loadingTitle","t.loadingTitle","t","t","o","o","title","t.loadingTitle","data","t.formData","t.formData","t.httpMethod","t.httpMethod","t.httpMethod","t.httpMethod","c","t","t","t","t","t","t.success","t.success","t.fail","t.fail","e","t.showLoading","t.showLoading","r","r","e","r","r","t","t","t","t","t","t.fail","t.fail","r","r","r","r","t","t","t","t.complete","t.autoHideLoading","t.complete","method","n","n","n.birthday","data","data","n.idCard","n.sex","n.vaccineId","n.vaccinationPointId","n.openId","n.userId","n.settingAttId","n.relationship","n.sex","n.signatureImage","n.signatureImage","n.signatureImage","n.settingAttId","n.settingId","n.startTime"],"uiString":["{{isDisable}}","submit","{{!showAck}}","openNotify","{{showAck}}","preventTouchMove","selectFamily","{{familyList}}","name","goToAddFamily","appointmentPhone","{{familyData.sex==2}}","{{familyData.sex==1}}","确认预约","选择受种人","+","与受种人关系","{{familyData.relationshipLabel}}","受种人姓名","{{familyData.name}}","证件类型","{{familyData.documentTypeLabel}}","证件号码","{{familyData.identificationNumber}}","性别","男","女","true","hideRule","clearCanvas","canvasEnd","canvasMove","canvasStart","canvas","checkboxChange","{{showNotify}}","hideRuleNotify","知情同意书","{{informedConsentText}}","{{notifyChecked}}","告知书","{{notificationText}}","接种人签字","我已阅读","openNotifyInner","formSubmit"]},{"source":"formSubmit","sink":"wx.request","visitedContent":["t","t.detail.value","t.detail.value","n.appointmentDate","n","n.settingAttId","n","n","n.documentType","n","n","n.relationship","n","n","n","n.name","data","data","o","o.httpMethod","o","o","t","t.url","t.url","t.url","t.url","t.url","t.url","t.url","t.url","t.url","t.url","t.url","t.url","t.TerminalType","t.url","t.url","t.url","t.url","t.url","t.url","t.url","t.url","t.url","t.data","t.data","s","t.showLoading","l","s","t.showLoading","l","url","t.loadingTitle","t.loadingTitle","t","t","o","o","title","t.loadingTitle","data","t.formData","t.formData","t.httpMethod","t.httpMethod","t.httpMethod","t.httpMethod","c","t","t","t","t","t","t.success","t.success","t.fail","t.fail","e","t.showLoading","t.showLoading","r","r","e","r","r","t","t","t","t","t","t.fail","t.fail","r","r","r","r","t","t","t","t.complete","t.autoHideLoading","t.complete","method","n","n","n.birthday","data","data","n.idCard","n.sex","n.vaccineId","n.vaccinationPointId","n.openId","n.userId","n.settingAttId","n.relationship","n.sex","n.signatureImage","n.signatureImage","n.signatureImage","n.settingAttId","n.settingId","n.startTime"],"uiString":["{{isDisable}}","submit","{{!showAck}}","openNotify","{{showAck}}","preventTouchMove","selectFamily","{{familyList}}","name","goToAddFamily","appointmentPhone","{{familyData.sex==2}}","{{familyData.sex==1}}","确认预约","选择受种人","+","与受种人关系","{{familyData.relationshipLabel}}","受种人姓名","{{familyData.name}}","证件类型","{{familyData.documentTypeLabel}}","证件号码","{{familyData.identificationNumber}}","性别","男","女","true","hideRule","clearCanvas","canvasEnd","canvasMove","canvasStart","canvas","checkboxChange","{{showNotify}}","hideRuleNotify","知情同意书","{{informedConsentText}}","{{notifyChecked}}","告知书","{{notificationText}}","接种人签字","我已阅读","openNotifyInner","formSubmit"]},{"source":"formSubmit","sink":"console.log","visitedContent":["t","t.detail.value","t.detail.value","n.appointmentDate","n","n.settingAttId","n","n","n.documentType","n","n","n.relationship","n","n","n","n.name","data","data","o","o.httpMethod","o","o","t","t.url","t.url","t.url","t.url","t.url","t.url","t.url","t.url","t.url","t.url","t.url","t.url","t.TerminalType","t.url","t.url","t.url","t.url","t.url","t.url","t.url","t.url","t.url","t.data","t.data","s","t.showLoading","l","s","t.showLoading","l","url","t.loadingTitle","t.loadingTitle","t","t","o","o","title","t.loadingTitle","data","t.formData","t.formData","t.httpMethod","t.httpMethod","t.httpMethod","t.httpMethod","c","t","t","t","t","t","t.success","t.success","t.fail","t.fail","e","t.showLoading","t.showLoading","r","r","e","r","r","t","t","t","t","t","t.fail","t.fail","r","r","r","r","t","t","t","t.complete","t.autoHideLoading","t.complete","method","n","n","n.birthday","data","data","n.idCard","n.sex","n.vaccineId","n.vaccinationPointId","n.openId","n.userId","n.settingAttId","n.relationship","n.sex","n.signatureImage","n.signatureImage","n.signatureImage","n.settingAttId","n.settingId","n.startTime"],"uiString":["{{isDisable}}","submit","{{!showAck}}","openNotify","{{showAck}}","preventTouchMove","selectFamily","{{familyList}}","name","goToAddFamily","appointmentPhone","{{familyData.sex==2}}","{{familyData.sex==1}}","确认预约","选择受种人","+","与受种人关系","{{familyData.relationshipLabel}}","受种人姓名","{{familyData.name}}","证件类型","{{familyData.documentTypeLabel}}","证件号码","{{familyData.identificationNumber}}","性别","男","女","true","hideRule","clearCanvas","canvasEnd","canvasMove","canvasStart","canvas","checkboxChange","{{showNotify}}","hideRuleNotify","知情同意书","{{informedConsentText}}","{{notifyChecked}}","告知书","{{notificationText}}","接种人签字","我已阅读","openNotifyInner","formSubmit"]},{"source":"formSubmit","sink":"console.log","visitedContent":["t","t.detail.value","t.detail.value","n.appointmentDate","n","n.settingAttId","n","n","n.documentType","n","n","n.relationship","n","n","n","n.name","data","data","o","o.httpMethod","o","o","t","t.url","t.url","t.url","t.url","t.url","t.url","t.url","t.url","t.url","t.url","t.url","t.url","t.TerminalType","t.url","t.url","t.url","t.url","t.url","t.url","t.url","t.url","t.url","t.data","t.data","s","t.showLoading","l","s","t.showLoading","l","url","t.loadingTitle","t.loadingTitle","t","t","o","o","title","t.loadingTitle","data","t.formData","t.formData","t.httpMethod","t.httpMethod","t.httpMethod","t.httpMethod","c","t","t","t","t","t","t.success","t.success","t.fail","t.fail","e","t.showLoading","t.showLoading","r","r","e","r","r","t","t","t","t","t","t.fail","t.fail","r","r","r","r","t","t","t","t.complete","t.autoHideLoading","t.complete","method","n","n","n.birthday","data","data","n.idCard","n.sex","n.vaccineId","n.vaccinationPointId","n.openId","n.userId","n.settingAttId","n.relationship","n.sex","n.signatureImage","n.signatureImage","n.signatureImage","n.settingAttId","n.settingId","n.startTime"],"uiString":["{{isDisable}}","submit","{{!showAck}}","openNotify","{{showAck}}","preventTouchMove","selectFamily","{{familyList}}","name","goToAddFamily","appointmentPhone","{{familyData.sex==2}}","{{familyData.sex==1}}","确认预约","选择受种人","+","与受种人关系","{{familyData.relationshipLabel}}","受种人姓名","{{familyData.name}}","证件类型","{{familyData.documentTypeLabel}}","证件号码","{{familyData.identificationNumber}}","性别","男","女","true","hideRule","clearCanvas","canvasEnd","canvasMove","canvasStart","canvas","checkboxChange","{{showNotify}}","hideRuleNotify","知情同意书","{{informedConsentText}}","{{notifyChecked}}","告知书","{{notificationText}}","接种人签字","我已阅读","openNotifyInner","formSubmit"]},{"source":"formSubmit","sink":"console.log","visitedContent":["t","t.detail.value","t.detail.value","n.appointmentDate","n","n.settingAttId","n","n","n.documentType","n","n","n.relationship","n","n","n","n.name","data","data","o","o.httpMethod","o","o","t","t.url","t.url","t.url","t.url","t.url","t.url","t.url","t.url","t.url","t.url","t.url","t.url","t.TerminalType","t.url","t.url","t.url","t.url","t.url","t.url","t.url","t.url","t.url","t.data","t.data","s","t.showLoading","l","s","t.showLoading","l","url","t.loadingTitle","t.loadingTitle","t","t","o","o","title","t.loadingTitle","data","t.formData","t.formData","t.httpMethod","t.httpMethod","t.httpMethod","t.httpMethod","c","t","t","t","t","t","t.success","t.success","t.fail","t.fail","e","t.showLoading","t.showLoading","r","r","e","r","r","t","t","t","t","t","t.fail","t.fail","r","r","r","r","t","t","t","t.complete","t.autoHideLoading","t.complete","method","n","n","n.birthday","data","data","n.idCard","n.sex","n.vaccineId","n.vaccinationPointId","n.openId","n.userId","n.settingAttId","n.relationship","n.sex","n.signatureImage","n.signatureImage","n.signatureImage","n.settingAttId","n.settingId","n.startTime"],"uiString":["{{isDisable}}","submit","{{!showAck}}","openNotify","{{showAck}}","preventTouchMove","selectFamily","{{familyList}}","name","goToAddFamily","appointmentPhone","{{familyData.sex==2}}","{{familyData.sex==1}}","确认预约","选择受种人","+","与受种人关系","{{familyData.relationshipLabel}}","受种人姓名","{{familyData.name}}","证件类型","{{familyData.documentTypeLabel}}","证件号码","{{familyData.identificationNumber}}","性别","男","女","true","hideRule","clearCanvas","canvasEnd","canvasMove","canvasStart","canvas","checkboxChange","{{showNotify}}","hideRuleNotify","知情同意书","{{informedConsentText}}","{{notifyChecked}}","告知书","{{notificationText}}","接种人签字","我已阅读","openNotifyInner","formSubmit"]},{"source":"formSubmit","sink":"wx.request","visitedContent":["t","t.detail.value","t.detail.value","n.appointmentDate","n","n.settingAttId","n","n","n.documentType","n","n","n.relationship","n","n","n","n.name","data","data","o","o.httpMethod","o","o","t","t.url","t.url","t.url","t.url","t.url","t.url","t.url","t.url","t.url","t.url","t.url","t.url","t.TerminalType","t.url","t.url","t.url","t.url","t.url","t.url","t.url","t.url","t.url","t.data","t.data","s","t.showLoading","l","s","t.showLoading","l","url","t.loadingTitle","t.loadingTitle","t","t","o","o","title","t.loadingTitle","data","t.formData","t.formData","t.httpMethod","t.httpMethod","t.httpMethod","t.httpMethod","c","t","t","t","t","t","t.success","t.success","t.fail","t.fail","e","t.showLoading","t.showLoading","r","r","e","r","r","t","t","t","t","t","t.fail","t.fail","r","r","r","r","t","t","t","t.complete","t.autoHideLoading","t.complete","method","n","n","n.birthday","data","data","n.idCard","n.sex","n.vaccineId","n.vaccinationPointId","n.openId","n.userId","n.settingAttId","n.relationship","n.sex","n.signatureImage","n.signatureImage","n.signatureImage","n.settingAttId","n.settingId","n.startTime"],"uiString":["{{isDisable}}","submit","{{!showAck}}","openNotify","{{showAck}}","preventTouchMove","selectFamily","{{familyList}}","name","goToAddFamily","appointmentPhone","{{familyData.sex==2}}","{{familyData.sex==1}}","确认预约","选择受种人","+","与受种人关系","{{familyData.relationshipLabel}}","受种人姓名","{{familyData.name}}","证件类型","{{familyData.documentTypeLabel}}","证件号码","{{familyData.identificationNumber}}","性别","男","女","true","hideRule","clearCanvas","canvasEnd","canvasMove","canvasStart","canvas","checkboxChange","{{showNotify}}","hideRuleNotify","知情同意书","{{informedConsentText}}","{{notifyChecked}}","告知书","{{notificationText}}","接种人签字","我已阅读","openNotifyInner","formSubmit"]},{"source":"selectFamily","sink":"console.log","visitedContent":["t","t.detail"],"uiString":["selectFamily","{{familyList}}","name","goToAddFamily","选择受种人","+"]},{"source":"checkboxChange","sink":"console.log","visitedContent":["t","t.detail.value","t.detail.value","t.detail.value.length"],"uiString":["{{notifyChecked}}","我已阅读","openNotifyInner","告知书","checkboxChange"]},{"source":"checkboxChange","sink":"console.log","visitedContent":["t","t.detail.value","t.detail.value","t.detail.value.length"],"uiString":["{{notifyChecked}}","我已阅读","openNotifyInner","告知书","checkboxChange"]}]}},{"file":"/pages/reserve/list/list.js","source2sink":{"source":["wx.getStorageSync","shwoReserveList","goToReserve"],"sink":["console.log","wx.setStorageSync"],"pairsOfSource2Sink":[{"source":"goToReserve","sink":"console.log","visitedContent":["t","t.currentTarget.dataset","t.currentTarget.dataset","t.currentTarget.dataset.name","t.currentTarget.dataset.name","t.currentTarget.dataset.id","a","a","a","a","url","url"],"uiString":["goToReserve"]},{"source":"goToReserve","sink":"wx.setStorageSync","visitedContent":["t","t.currentTarget.dataset","t.currentTarget.dataset","t.currentTarget.dataset.name","t.currentTarget.dataset.name","t.currentTarget.dataset.id","a","a","a","a","url","url"],"uiString":["goToReserve"]}]}},{"file":"/pages/reserve/map/city.js","source2sink":{"source":["wx.getStorageSync","searchCity","searchPoint"],"sink":["console.log"],"pairsOfSource2Sink":[{"source":"searchCity","sink":"console.log","visitedContent":["t","t","t","t.detail.value","i","i","i"],"uiString":["searchCity","城市名称","searchPoint","搜索接种单位","{{type=='point'}}","inputCancel","取消"]},{"source":"searchCity","sink":"console.log","visitedContent":["t","t","t","t.detail.value","i","i","i"],"uiString":["searchCity","城市名称","searchPoint","搜索接种单位","{{type=='point'}}","inputCancel","取消"]},{"source":"searchPoint","sink":"console.log","visitedContent":["t","t.detail.value","t.detail.value","t.detail.value","name","name","e","e"],"uiString":["searchCity","城市名称","searchPoint","搜索接种单位","{{type=='point'}}","inputCancel","取消"]}]}},{"file":"/pages/reserve/map/map.js","source2sink":{"source":["wx.getStorageSync","wxOpenSetting","searchCity","searchPoint","goToReserve","openLocation"],"sink":["console.log"],"pairsOfSource2Sink":[{"source":"wx.getStorageSync","sink":"console.log","visitedContent":["wx.getStorageSync","wx.getStorageSync","wx.getStorageSync","wx.getStorageSync","wx.getStorageSync","wx.getStorageSync","a","o","i","n","u","a","a","o","i","n","n","u.length","o","o","i","i","n","u","n"],"uiString":[]},{"source":"searchCity","sink":"console.log","visitedContent":["t","t","t","t.detail.value","e","e","e","e"],"uiString":["searchCity","城市名称","searchPoint","搜索接种单位","inputCancel","取消"]},{"source":"searchCity","sink":"console.log","visitedContent":["t","t","t","t.detail.value","e","e","e","e"],"uiString":["searchCity","城市名称","searchPoint","搜索接种单位","inputCancel","取消"]}]}},{"file":"/pages/reserve/success/success.js","source2sink":{"source":["wx.getStorageSync","goToMy"],"sink":[],"pairsOfSource2Sink":[]}},{"file":"/pages/home/articleList/typeList/typeList.js","source2sink":{"source":["wx.getStorageSync"],"sink":["console.log"],"pairsOfSource2Sink":[{"source":"wx.getStorageSync","sink":"console.log","visitedContent":["wx.getStorageSync","wx.getStorageSync","a","i","a","a","i","i","a","i"],"uiString":[]},{"source":"wx.getStorageSync","sink":"console.log","visitedContent":["wx.getStorageSync","wx.getStorageSync","a","i","a","a","i","i","a","i"],"uiString":[]}]}},{"file":"/pages/product/batchrelease/file/detail.js","source2sink":{"source":["wx.getSystemInfo"],"sink":[],"pairsOfSource2Sink":[]}}]