{"/app.js":[{"stained":"wx.login","nodes":[{"name":"247608","declaredName":"__function__73","declaredLoc":{"line":73,"column":13},"file":"/app.js","type":"ofAppInstance: wxLogin"},{"name":"247615","declaredName":"wx.login({success:function(i){i.c...","declaredLoc":{"line":75,"column":8},"file":"/app.js","type":"source"}],"edges":[{"source":"247608","target":"247615"}]},{"stained":"wx.getSetting","nodes":[{"name":"247867","declaredName":"__function__111","declaredLoc":{"line":111,"column":27},"file":"/app.js","type":"normal"},{"name":"247872","declaredName":"wx.getSetting({success:function(n...","declaredLoc":{"line":112,"column":12},"file":"/app.js","type":"source"}],"edges":[{"source":"247867","target":"247872"}]},{"stained":"wx.openSetting","nodes":[{"name":"247941","declaredName":"__function__136","declaredLoc":{"line":136,"column":27},"file":"/app.js","type":"normal"},{"name":"247946","declaredName":"wx.openSetting({success:function(...","declaredLoc":{"line":137,"column":12},"file":"/app.js","type":"source"}],"edges":[{"source":"247941","target":"247946"}]},{"stained":"wx.getLocation","nodes":[{"name":"247976","declaredName":"__function__148","declaredLoc":{"line":148,"column":27},"file":"/app.js","type":"normal"},{"name":"247981","declaredName":"wx.getLocation({type:'gcj02',succ...","declaredLoc":{"line":149,"column":12},"file":"/app.js","type":"source"}],"edges":[{"source":"247976","target":"247981"}]},{"stained":"wx.getUserInfo","nodes":[{"name":"248133","declaredName":"__function__198","declaredLoc":{"line":198,"column":27},"file":"/app.js","type":"normal"},{"name":"248138","declaredName":"wx.getUserInfo({lang:'zh_CN',succ...","declaredLoc":{"line":199,"column":12},"file":"/app.js","type":"source"}],"edges":[{"source":"248133","target":"248138"}]}],"/utils/qqmap-wx-jssdk.min.js":[{"stained":"wx.getLocation","nodes":[{"name":"252396","declaredName":"__function__346","declaredLoc":{"line":346,"column":15},"file":"/utils/qqmap-wx-jssdk.min.js","type":"normal"},{"name":"252677","declaredName":"__function__372","declaredLoc":{"line":372,"column":15},"file":"/utils/qqmap-wx-jssdk.min.js","type":"normal"},{"name":"252885","declaredName":"__function__402","declaredLoc":{"line":402,"column":15},"file":"/utils/qqmap-wx-jssdk.min.js","type":"normal"},{"name":"253248","declaredName":"__function__465","declaredLoc":{"line":465,"column":15},"file":"/utils/qqmap-wx-jssdk.min.js","type":"normal"},{"name":"253546","declaredName":"__function__515","declaredLoc":{"line":515,"column":15},"file":"/utils/qqmap-wx-jssdk.min.js","type":"normal"},{"name":"252252","declaredName":"__function__327","declaredLoc":{"line":327,"column":21},"file":"/utils/qqmap-wx-jssdk.min.js","type":"normal"},{"name":"250848","declaredName":"__function__141","declaredLoc":{"line":141,"column":19},"file":"/utils/qqmap-wx-jssdk.min.js","type":"normal"},{"name":"250854","declaredName":"wx.getLocation({type:'gcj02',succ...","declaredLoc":{"line":142,"column":8},"file":"/utils/qqmap-wx-jssdk.min.js","type":"source"}],"edges":[{"source":"250848","target":"250854"},{"source":"252252","target":"250848"},{"source":"252396","target":"252252"},{"source":"252677","target":"252252"},{"source":"252885","target":"252252"},{"source":"253248","target":"252252"},{"source":"253248","target":"252252"},{"source":"253546","target":"252252"}]},{"stained":"wx.request","nodes":[{"name":"252526","declaredName":"__function__359","declaredLoc":{"line":359,"column":37},"file":"/utils/qqmap-wx-jssdk.min.js","type":"normal"},{"name":"252654","declaredName":"wx.request(h.buildWxRequestConfig...","declaredLoc":{"line":363,"column":70},"file":"/utils/qqmap-wx-jssdk.min.js","type":"source,sink"},{"name":"252677","declaredName":"__function__372","declaredLoc":{"line":372,"column":15},"file":"/utils/qqmap-wx-jssdk.min.js","type":"normal"},{"name":"252862","declaredName":"wx.request(h.buildWxRequestConfig...","declaredLoc":{"line":394,"column":73},"file":"/utils/qqmap-wx-jssdk.min.js","type":"source,sink"},{"name":"252791","declaredName":"__function__387","declaredLoc":{"line":387,"column":41},"file":"/utils/qqmap-wx-jssdk.min.js","type":"normal"},{"name":"252826","declaredName":"wx.request(h.buildWxRequestConfig...","declaredLoc":{"line":389,"column":24},"file":"/utils/qqmap-wx-jssdk.min.js","type":"source,sink"},{"name":"252944","declaredName":"__function__411","declaredLoc":{"line":411,"column":33},"file":"/utils/qqmap-wx-jssdk.min.js","type":"normal"},{"name":"252979","declaredName":"wx.request(h.buildWxRequestConfig...","declaredLoc":{"line":413,"column":16},"file":"/utils/qqmap-wx-jssdk.min.js","type":"source,sink"},{"name":"253002","declaredName":"__function__421","declaredLoc":{"line":421,"column":15},"file":"/utils/qqmap-wx-jssdk.min.js","type":"normal"},{"name":"253072","declaredName":"wx.request(h.buildWxRequestConfig...","declaredLoc":{"line":429,"column":16},"file":"/utils/qqmap-wx-jssdk.min.js","type":"source,sink"},{"name":"253095","declaredName":"__function__437","declaredLoc":{"line":437,"column":15},"file":"/utils/qqmap-wx-jssdk.min.js","type":"normal"},{"name":"253141","declaredName":"wx.request(h.buildWxRequestConfig...","declaredLoc":{"line":443,"column":66},"file":"/utils/qqmap-wx-jssdk.min.js","type":"source,sink"},{"name":"253164","declaredName":"__function__450","declaredLoc":{"line":450,"column":15},"file":"/utils/qqmap-wx-jssdk.min.js","type":"normal"},{"name":"253225","declaredName":"wx.request(h.buildWxRequestConfig...","declaredLoc":{"line":457,"column":78},"file":"/utils/qqmap-wx-jssdk.min.js","type":"source,sink"},{"name":"253481","declaredName":"__function__502","declaredLoc":{"line":502,"column":24},"file":"/utils/qqmap-wx-jssdk.min.js","type":"normal"},{"name":"253516","declaredName":"wx.request(h.buildWxRequestConfig...","declaredLoc":{"line":504,"column":24},"file":"/utils/qqmap-wx-jssdk.min.js","type":"source,sink"},{"name":"253797","declaredName":"__function__529","declaredLoc":{"line":529,"column":37},"file":"/utils/qqmap-wx-jssdk.min.js","type":"normal"},{"name":"253835","declaredName":"wx.request(h.buildWxRequestConfig...","declaredLoc":{"line":531,"column":20},"file":"/utils/qqmap-wx-jssdk.min.js","type":"source,sink"}],"edges":[{"source":"252526","target":"252654"},{"source":"252677","target":"252862"},{"source":"252791","target":"252826"},{"source":"252944","target":"252979"},{"source":"253002","target":"253072"},{"source":"253095","target":"253141"},{"source":"253164","target":"253225"},{"source":"253481","target":"253516"},{"source":"253797","target":"253835"}]}],"/utils/util.js":[{"stained":"wx.request","nodes":[{"name":"254678","declaredName":"__function__96","declaredLoc":{"line":96,"column":9},"file":"/utils/util.js","type":"normal"},{"name":"247622","declaredName":"__function__76","declaredLoc":{"line":76,"column":21},"file":"/app.js","type":"normal"},{"name":"248244","declaredName":"__function__214","declaredLoc":{"line":214,"column":27},"file":"/app.js","type":"normal"},{"name":"300930","declaredName":"__function__31","declaredLoc":{"line":31,"column":20},"file":"/pages/home/index.js","type":"ofPageInstance: getVaccineList"},{"name":"302300","declaredName":"__function__97","declaredLoc":{"line":97,"column":19},"file":"/pages/mine/my.js","type":"ofPageInstance: loadMsgStatus"},{"name":"302655","declaredName":"__function__57","declaredLoc":{"line":57,"column":14},"file":"/pages/rate/createRate.js","type":"ofPageInstance: loadType"},{"name":"303840","declaredName":"__function__302","declaredLoc":{"line":302,"column":12},"file":"/pages/rate/createRate.js","type":"ofPageInstance: submit"},{"name":"304282","declaredName":"__function__56","declaredLoc":{"line":56,"column":14},"file":"/pages/rate/rateDetail.js","type":"ofPageInstance: loadRate"},{"name":"305183","declaredName":"__function__11","declaredLoc":{"line":11,"column":13},"file":"/pages/tip/vaccine-inventory.js","type":"ofPageInstance: request"},{"name":"392187","declaredName":"__function__46","declaredLoc":{"line":46,"column":14},"file":"/pages/home/home/custom.js","type":"ofPageInstance: loadType"},{"name":"392267","declaredName":"__function__68","declaredLoc":{"line":68,"column":16},"file":"/pages/home/home/custom.js","type":"ofPageInstance: loadBanner"},{"name":"392371","declaredName":"__function__88","declaredLoc":{"line":88,"column":12},"file":"/pages/home/home/custom.js","type":"ofPageInstance: loadQA"},{"name":"393498","declaredName":"__function__54","declaredLoc":{"line":54,"column":14},"file":"/pages/home/home/home.js","type":"ofPageInstance: loadType"},{"name":"394340","declaredName":"__function__212","declaredLoc":{"line":212,"column":37},"file":"/pages/home/home/home.js","type":"normal"},{"name":"393540","declaredName":"__function__67","declaredLoc":{"line":67,"column":16},"file":"/pages/home/home/home.js","type":"ofPageInstance: loadBanner"},{"name":"393644","declaredName":"__function__87","declaredLoc":{"line":87,"column":14},"file":"/pages/home/home/home.js","type":"ofPageInstance: loadInfo"},{"name":"394545","declaredName":"__function__29","declaredLoc":{"line":29,"column":14},"file":"/pages/home/home/qa.js","type":"ofPageInstance: loadType"},{"name":"394615","declaredName":"__function__50","declaredLoc":{"line":50,"column":12},"file":"/pages/home/home/qa.js","type":"ofPageInstance: loadQA"},{"name":"397290","declaredName":"__function__244","declaredLoc":{"line":244,"column":45},"file":"/pages/mine/account/accountInfo.js","type":"normal"},{"name":"396002","declaredName":"__function__40","declaredLoc":{"line":40,"column":14},"file":"/pages/mine/account/accountInfo.js","type":"ofPageInstance: loadInfo"},{"name":"396144","declaredName":"__function__72","declaredLoc":{"line":72,"column":20},"file":"/pages/mine/account/accountInfo.js","type":"ofPageInstance: sendVerifyCode"},{"name":"396524","declaredName":"__function__141","declaredLoc":{"line":141,"column":12},"file":"/pages/mine/account/accountInfo.js","type":"ofPageInstance: regist"},{"name":"396968","declaredName":"__function__197","declaredLoc":{"line":197,"column":16},"file":"/pages/mine/account/accountInfo.js","type":"ofPageInstance: changeInfo"},{"name":"397524","declaredName":"__function__39","declaredLoc":{"line":39,"column":20},"file":"/pages/mine/account/changepwd.js","type":"ofPageInstance: sendVerifyCode"},{"name":"397909","declaredName":"__function__111","declaredLoc":{"line":111,"column":14},"file":"/pages/mine/account/changepwd.js","type":"ofPageInstance: changpwd"},{"name":"398110","declaredName":"__function__138","declaredLoc":{"line":138,"column":12},"file":"/pages/mine/account/changepwd.js","type":"ofPageInstance: regist"},{"name":"398681","declaredName":"__function__35","declaredLoc":{"line":35,"column":20},"file":"/pages/mine/account/findpwd.js","type":"ofPageInstance: sendVerifyCode"},{"name":"399046","declaredName":"__function__102","declaredLoc":{"line":102,"column":12},"file":"/pages/mine/account/findpwd.js","type":"ofPageInstance: regist"},{"name":"399632","declaredName":"__function__45","declaredLoc":{"line":45,"column":16},"file":"/pages/mine/account/login.js","type":"ofPageInstance: formSubmit"},{"name":"399967","declaredName":"__function__78","declaredLoc":{"line":78,"column":20},"file":"/pages/mine/account/login.js","type":"ofPageInstance: sendVerifyCode"},{"name":"400463","declaredName":"__function__39","declaredLoc":{"line":39,"column":20},"file":"/pages/mine/account/register.js","type":"ofPageInstance: sendVerifyCode"},{"name":"400818","declaredName":"__function__103","declaredLoc":{"line":103,"column":12},"file":"/pages/mine/account/register.js","type":"ofPageInstance: regist"},{"name":"401460","declaredName":"__function__191","declaredLoc":{"line":191,"column":25},"file":"/pages/mine/account/register.js","type":"ofPageInstance: loadProvinceAndCity"},{"name":"402056","declaredName":"__function__87","declaredLoc":{"line":87,"column":19},"file":"/pages/mine/family/addfamily.js","type":"ofPageInstance: getPickerList"},{"name":"402807","declaredName":"__function__163","declaredLoc":{"line":163,"column":16},"file":"/pages/mine/family/addfamily.js","type":"ofPageInstance: submitEdit"},{"name":"402880","declaredName":"__function__178","declaredLoc":{"line":178,"column":15},"file":"/pages/mine/family/addfamily.js","type":"ofPageInstance: submitAdd"},{"name":"403183","declaredName":"__function__21","declaredLoc":{"line":21,"column":19},"file":"/pages/mine/family/list.js","type":"ofPageInstance: getPickerList"},{"name":"403551","declaredName":"__function__103","declaredLoc":{"line":103,"column":33},"file":"/pages/mine/family/list.js","type":"normal"},{"name":"403285","declaredName":"__function__44","declaredLoc":{"line":44,"column":19},"file":"/pages/mine/family/list.js","type":"ofPageInstance: getFamilyList"},{"name":"403504","declaredName":"__function__93","declaredLoc":{"line":93,"column":25},"file":"/pages/mine/family/list.js","type":"normal"},{"name":"403723","declaredName":"__function__21","declaredLoc":{"line":21,"column":17},"file":"/pages/mine/family/searchPoint.js","type":"ofPageInstance: getCityList"},{"name":"403990","declaredName":"__function__74","declaredLoc":{"line":74,"column":18},"file":"/pages/mine/family/searchPoint.js","type":"ofPageInstance: getPointList"},{"name":"404490","declaredName":"__function__43","declaredLoc":{"line":43,"column":13},"file":"/pages/mine/msg/msg.js","type":"ofPageInstance: loadMsg"},{"name":"404647","declaredName":"__function__75","declaredLoc":{"line":75,"column":19},"file":"/pages/mine/msg/msg.js","type":"ofPageInstance: gotoMsgDetail"},{"name":"405007","declaredName":"__function__41","declaredLoc":{"line":41,"column":20},"file":"/pages/mine/reserve/detail.js","type":"ofPageInstance: getVaccineList"},{"name":"405069","declaredName":"__function__58","declaredLoc":{"line":58,"column":19},"file":"/pages/mine/reserve/detail.js","type":"ofPageInstance: onConfirmVacc"},{"name":"405365","declaredName":"__function__114","declaredLoc":{"line":114,"column":19},"file":"/pages/mine/reserve/detail.js","type":"ofPageInstance: findPointInfo"},{"name":"405667","declaredName":"__function__157","declaredLoc":{"line":157,"column":18},"file":"/pages/mine/reserve/detail.js","type":"ofPageInstance: gotoComplete"},{"name":"405773","declaredName":"__function__176","declaredLoc":{"line":176,"column":18},"file":"/pages/mine/reserve/detail.js","type":"ofPageInstance: submitStatus"},{"name":"405967","declaredName":"__function__200","declaredLoc":{"line":200,"column":21},"file":"/pages/mine/reserve/detail.js","type":"normal"},{"name":"406061","declaredName":"__function__207","declaredLoc":{"line":207,"column":29},"file":"/pages/mine/reserve/detail.js","type":"normal"},{"name":"406402","declaredName":"__function__245","declaredLoc":{"line":245,"column":26},"file":"/pages/mine/reserve/detail.js","type":"normal"},{"name":"407032","declaredName":"__function__66","declaredLoc":{"line":66,"column":37},"file":"/pages/mine/reserve/list.js","type":"normal"},{"name":"407386","declaredName":"__function__135","declaredLoc":{"line":135,"column":21},"file":"/pages/mine/reserve/list.js","type":"normal"},{"name":"406785","declaredName":"__function__21","declaredLoc":{"line":21,"column":20},"file":"/pages/mine/reserve/list.js","type":"ofPageInstance: getReserveList"},{"name":"407198","declaredName":"__function__100","declaredLoc":{"line":100,"column":19},"file":"/pages/mine/reserve/list.js","type":"ofPageInstance: getPickerList"},{"name":"407332","declaredName":"__function__127","declaredLoc":{"line":127,"column":18},"file":"/pages/mine/reserve/list.js","type":"ofPageInstance: gotoComplete"},{"name":"406975","declaredName":"__function__52","declaredLoc":{"line":52,"column":25},"file":"/pages/mine/reserve/list.js","type":"normal"},{"name":"407510","declaredName":"__function__18","declaredLoc":{"line":18,"column":13},"file":"/pages/product/batchrelease/detail.js","type":"ofPageInstance: request"},{"name":"407867","declaredName":"__function__15","declaredLoc":{"line":15,"column":13},"file":"/pages/product/batchrelease/list.js","type":"ofPageInstance: request"},{"name":"408016","declaredName":"__function__27","declaredLoc":{"line":27,"column":18},"file":"/pages/product/batchrelease/list.js","type":"normal"},{"name":"408622","declaredName":"__function__14","declaredLoc":{"line":14,"column":13},"file":"/pages/product/scan/detail.js","type":"ofPageInstance: request"},{"name":"408862","declaredName":"__function__31","declaredLoc":{"line":31,"column":18},"file":"/pages/product/scan/detail.js","type":"normal"},{"name":"410374","declaredName":"__function__219","declaredLoc":{"line":219,"column":16},"file":"/pages/reserve/detail/detail.js","type":"ofPageInstance: formSubmit"},{"name":"411450","declaredName":"__function__373","declaredLoc":{"line":373,"column":16},"file":"/pages/reserve/detail/detail.js","type":"ofPageInstance: loadDayTag"},{"name":"409348","declaredName":"__function__75","declaredLoc":{"line":75,"column":85},"file":"/pages/reserve/detail/detail.js","type":"normal"},{"name":"411668","declaredName":"__function__409","declaredLoc":{"line":409,"column":14},"file":"/pages/reserve/detail/detail.js","type":"ofPageInstance: loadPlan"},{"name":"412264","declaredName":"__function__517","declaredLoc":{"line":517,"column":16},"file":"/pages/reserve/detail/detail.js","type":"ofPageInstance: openNotify"},{"name":"412464","declaredName":"__function__561","declaredLoc":{"line":561,"column":28},"file":"/pages/reserve/detail/detail.js","type":"ofPageInstance: loadAckAndNotifyStatus"},{"name":"409580","declaredName":"__function__103","declaredLoc":{"line":103,"column":27},"file":"/pages/reserve/detail/detail.js","type":"normal"},{"name":"409993","declaredName":"__function__164","declaredLoc":{"line":164,"column":27},"file":"/pages/reserve/detail/detail.js","type":"normal"},{"name":"410914","declaredName":"__function__287","declaredLoc":{"line":287,"column":21},"file":"/pages/reserve/detail/detail.js","type":"normal"},{"name":"410690","declaredName":"__function__243","declaredLoc":{"line":243,"column":25},"file":"/pages/reserve/detail/detail.js","type":"normal"},{"name":"413210","declaredName":"__function__107","declaredLoc":{"line":107,"column":22},"file":"/pages/reserve/list/list.js","type":"normal"},{"name":"412783","declaredName":"__function__27","declaredLoc":{"line":27,"column":28},"file":"/pages/reserve/list/list.js","type":"ofPageInstance: getVaccineCategoryList"},{"name":"412857","declaredName":"__function__46","declaredLoc":{"line":46,"column":20},"file":"/pages/reserve/list/list.js","type":"ofPageInstance: getVaccineList"},{"name":"413387","declaredName":"__function__29","declaredLoc":{"line":29,"column":17},"file":"/pages/reserve/map/city.js","type":"ofPageInstance: getCityList"},{"name":"413725","declaredName":"__function__92","declaredLoc":{"line":92,"column":18},"file":"/pages/reserve/map/city.js","type":"ofPageInstance: getPointList"},{"name":"417673","declaredName":"__function__657","declaredLoc":{"line":657,"column":37},"file":"/pages/reserve/map/map.js","type":"normal"},{"name":"418255","declaredName":"__function__754","declaredLoc":{"line":754,"column":39},"file":"/pages/reserve/map/map.js","type":"normal"},{"name":"418400","declaredName":"__function__787","declaredLoc":{"line":787,"column":38},"file":"/pages/reserve/map/map.js","type":"normal"},{"name":"414389","declaredName":"__function__86","declaredLoc":{"line":86,"column":17},"file":"/pages/reserve/map/map.js","type":"ofPageInstance: getCityList"},{"name":"414461","declaredName":"__function__103","declaredLoc":{"line":103,"column":21},"file":"/pages/reserve/map/map.js","type":"ofPageInstance: loadCommonPoint"},{"name":"414918","declaredName":"__function__190","declaredLoc":{"line":190,"column":16},"file":"/pages/reserve/map/map.js","type":"ofPageInstance: loadHotVac"},{"name":"415283","declaredName":"__function__257","declaredLoc":{"line":257,"column":31},"file":"/pages/reserve/map/map.js","type":"normal"},{"name":"416646","declaredName":"__function__485","declaredLoc":{"line":485,"column":21},"file":"/pages/reserve/map/map.js","type":"normal"},{"name":"415352","declaredName":"__function__266","declaredLoc":{"line":266,"column":16},"file":"/pages/reserve/map/map.js","type":"ofPageInstance: getMarkers"},{"name":"415932","declaredName":"__function__362","declaredLoc":{"line":362,"column":23},"file":"/pages/reserve/map/map.js","type":"ofPageInstance: searchByCityPoint"},{"name":"417181","declaredName":"__function__556","declaredLoc":{"line":556,"column":14},"file":"/pages/reserve/map/map.js","type":"ofPageInstance: loadInfo"},{"name":"417273","declaredName":"__function__582","declaredLoc":{"line":582,"column":18},"file":"/pages/reserve/map/map.js","type":"ofPageInstance: getPointList"},{"name":"418577","declaredName":"__function__16","declaredLoc":{"line":16,"column":15},"file":"/pages/reserve/map/vaccine.js","type":"ofPageInstance: loadClass"},{"name":"418829","declaredName":"__function__66","declaredLoc":{"line":66,"column":20},"file":"/pages/reserve/map/vaccine.js","type":"ofPageInstance: getVaccineList"},{"name":"419416","declaredName":"__function__10","declaredLoc":{"line":10,"column":12},"file":"/pages/home/articleList/cmsarticle/cmsarticle.js","type":"ofPageInstance: onLoad"},{"name":"419694","declaredName":"__function__10","declaredLoc":{"line":10,"column":12},"file":"/pages/home/articleList/qaarticle/qaarticle.js","type":"ofPageInstance: onLoad"},{"name":"420031","declaredName":"__function__34","declaredLoc":{"line":34,"column":11},"file":"/pages/home/articleList/typeList/typeList.js","type":"ofPageInstance: query"},{"name":"420479","declaredName":"__function__14","declaredLoc":{"line":14,"column":13},"file":"/pages/mine/vaccine/query/list.js","type":"ofPageInstance: request"},{"name":"254693","declaredName":"__function__99","declaredLoc":{"line":99,"column":10},"file":"/utils/util.js","type":"normal"},{"name":"253860","declaredName":"__function__1","declaredLoc":{"line":1,"column":0},"file":"/utils/util.js","type":"normal"},{"name":"254075","declaredName":"wx.request({url:s,data:l,method:t...","declaredLoc":{"line":12,"column":26},"file":"/utils/util.js","type":"source,sink"}],"edges":[{"source":"253860","target":"254075"},{"source":"254678","target":"253860"},{"source":"254693","target":"253860"},{"source":"247622","target":"254693"},{"source":"248244","target":"254693"},{"source":"300930","target":"254693"},{"source":"302300","target":"254693"},{"source":"302655","target":"254693"},{"source":"303840","target":"254693"},{"source":"304282","target":"254693"},{"source":"305183","target":"254693"},{"source":"392187","target":"254693"},{"source":"392267","target":"254693"},{"source":"392371","target":"254693"},{"source":"393498","target":"254693"},{"source":"393540","target":"254693"},{"source":"394340","target":"393540"},{"source":"393644","target":"254693"},{"source":"394340","target":"393644"},{"source":"394545","target":"254693"},{"source":"394615","target":"254693"},{"source":"397290","target":"254693"},{"source":"396002","target":"254693"},{"source":"396144","target":"254693"},{"source":"396524","target":"254693"},{"source":"396968","target":"254693"},{"source":"397524","target":"254693"},{"source":"397909","target":"254693"},{"source":"398110","target":"254693"},{"source":"398681","target":"254693"},{"source":"399046","target":"254693"},{"source":"399632","target":"254693"},{"source":"399967","target":"254693"},{"source":"400463","target":"254693"},{"source":"400818","target":"254693"},{"source":"401460","target":"254693"},{"source":"402056","target":"254693"},{"source":"402807","target":"254693"},{"source":"402880","target":"254693"},{"source":"403183","target":"254693"},{"source":"403285","target":"254693"},{"source":"403551","target":"403285"},{"source":"403504","target":"254693"},{"source":"403723","target":"254693"},{"source":"403990","target":"254693"},{"source":"404490","target":"254693"},{"source":"404647","target":"254693"},{"source":"404647","target":"254693"},{"source":"405007","target":"254693"},{"source":"405069","target":"254693"},{"source":"405069","target":"254693"},{"source":"405365","target":"254693"},{"source":"405667","target":"254693"},{"source":"405773","target":"254693"},{"source":"405967","target":"254693"},{"source":"406061","target":"254693"},{"source":"406402","target":"254693"},{"source":"406785","target":"254693"},{"source":"407032","target":"406785"},{"source":"407386","target":"406785"},{"source":"407198","target":"254693"},{"source":"407332","target":"254693"},{"source":"406975","target":"254693"},{"source":"407510","target":"254693"},{"source":"407867","target":"254693"},{"source":"408016","target":"254693"},{"source":"408622","target":"254693"},{"source":"408862","target":"254693"},{"source":"410374","target":"254693"},{"source":"411450","target":"254693"},{"source":"411450","target":"254693"},{"source":"411668","target":"254693"},{"source":"409348","target":"411668"},{"source":"412264","target":"254693"},{"source":"412464","target":"254693"},{"source":"409580","target":"254693"},{"source":"409993","target":"254693"},{"source":"410914","target":"254693"},{"source":"410690","target":"254693"},{"source":"412783","target":"254693"},{"source":"413210","target":"412783"},{"source":"412857","target":"254693"},{"source":"413387","target":"254693"},{"source":"413725","target":"254693"},{"source":"417673","target":"254693"},{"source":"418255","target":"254693"},{"source":"418400","target":"254693"},{"source":"414389","target":"254693"},{"source":"414461","target":"254693"},{"source":"414918","target":"254693"},{"source":"415352","target":"254693"},{"source":"415283","target":"415352"},{"source":"416646","target":"415352"},{"source":"415932","target":"254693"},{"source":"417181","target":"254693"},{"source":"417273","target":"254693"},{"source":"418577","target":"254693"},{"source":"418829","target":"254693"},{"source":"419416","target":"254693"},{"source":"419694","target":"254693"},{"source":"420031","target":"254693"},{"source":"420479","target":"254693"}]}],"/dist/calendar/index.js":[{"stained":"wx.getSystemInfoSync","nodes":[{"name":"260370","declaredName":"__function__267","declaredLoc":{"line":267,"column":19},"file":"/dist/calendar/index.js","type":"normal"},{"name":"260797","declaredName":"__function__345","declaredLoc":{"line":345,"column":4},"file":"/dist/calendar/index.js","type":"normal"},{"name":"259859","declaredName":"__function__207","declaredLoc":{"line":207,"column":4},"file":"/dist/calendar/index.js","type":"normal"},{"name":"259867","declaredName":"wx.getSystemInfoSync()","declaredLoc":{"line":208,"column":25},"file":"/dist/calendar/index.js","type":"source"}],"edges":[{"source":"259859","target":"259867"},{"source":"260797","target":"259859"},{"source":"260370","target":"260797"}]}],"/dist/suspension/index.js":[{"stained":"wx.getSystemInfoSync","nodes":[{"name":"298816","declaredName":"__function__14","declaredLoc":{"line":14,"column":18},"file":"/dist/suspension/index.js","type":"normal"},{"name":"298821","declaredName":"wx.getSystemInfoSync()","declaredLoc":{"line":15,"column":20},"file":"/dist/suspension/index.js","type":"source"}],"edges":[{"source":"298816","target":"298821"}]}],"/pages/home/index.js":[{"stained":"wx.scanCode","nodes":[{"name":"301489","declaredName":"__function__109","declaredLoc":{"line":109,"column":31},"file":"/pages/home/index.js","type":"normal"},{"name":"301516","declaredName":"__function__113","declaredLoc":{"line":113,"column":10},"file":"/pages/home/index.js","type":"ofPageInstance: scan"},{"name":"301519","declaredName":"wx.scanCode({scanType:['barCode']...","declaredLoc":{"line":114,"column":8},"file":"/pages/home/index.js","type":"source"}],"edges":[{"source":"301516","target":"301519"},{"source":"301489","target":"301516"}]},{"stained":"wx.getStorageSync","nodes":[{"name":"301632","declaredName":"__function__129","declaredLoc":{"line":129,"column":31},"file":"/pages/home/index.js","type":"normal"},{"name":"301671","declaredName":"__function__137","declaredLoc":{"line":137,"column":16},"file":"/pages/home/index.js","type":"ofPageInstance: submitForm"},{"name":"301685","declaredName":"wx.getStorageSync('form')","declaredLoc":{"line":138,"column":54},"file":"/pages/home/index.js","type":"source"}],"edges":[{"source":"301671","target":"301685"},{"source":"301632","target":"301671"}]}],"/dist/parser.min/libs/MpHtmlParser.js":[{"stained":"wx.getSystemInfoSync","nodes":[{"name":"307805","declaredName":"wx.getSystemInfoSync()","declaredLoc":{"line":14,"column":86},"file":"/dist/parser.min/libs/MpHtmlParser.js","type":"source"}],"edges":[{"source":"307692","target":"307805"}]}],"/dist/wux/helpers/baseComponent.js":[{"stained":"wx.getSystemInfoSync","nodes":[{"name":"349534","declaredName":"wx.getSystemInfoSync()","declaredLoc":{"line":58,"column":8},"file":"/dist/wux/helpers/baseComponent.js","type":"source"}],"edges":[{"source":"349176","target":"349534"}]}],"/dist/wux/helpers/checkIPhoneX.js":[{"stained":"wx.getSystemInfoSync","nodes":[{"name":"355253","declaredName":"__function__47","declaredLoc":{"line":47,"column":22},"file":"/dist/wux/helpers/safeAreaBehavior.js","type":"normal"},{"name":"386285","declaredName":"__function__109","declaredLoc":{"line":109,"column":21},"file":"/dist/wux/tabbar/index.js","type":"normal"},{"name":"349893","declaredName":"__function__21","declaredLoc":{"line":21,"column":23},"file":"/dist/wux/helpers/checkIPhoneX.js","type":"normal"},{"name":"358107","declaredName":"__function__199","declaredLoc":{"line":199,"column":13},"file":"/dist/wux/index/index.js","type":"normal"},{"name":"367593","declaredName":"__function__207","declaredLoc":{"line":207,"column":13},"file":"/dist/wux/picker-view/index.js","type":"normal"},{"name":"349842","declaredName":"__function__5","declaredLoc":{"line":5,"column":18},"file":"/dist/wux/helpers/checkIPhoneX.js","type":"normal"},{"name":"349855","declaredName":"wx.getSystemInfoSync()","declaredLoc":{"line":7,"column":12},"file":"/dist/wux/helpers/checkIPhoneX.js","type":"source"}],"edges":[{"source":"349842","target":"349855"},{"source":"349893","target":"349842"},{"source":"355253","target":"349893"},{"source":"386285","target":"349893"},{"source":"355253","target":"349842"},{"source":"358107","target":"349842"},{"source":"367593","target":"349842"}]}],"/dist/wux/refresher/index.js":[{"stained":"wx.getSystemInfo","nodes":[{"name":"377588","declaredName":"__function__250","declaredLoc":{"line":250,"column":14},"file":"/dist/wux/refresher/index.js","type":"normal"},{"name":"377595","declaredName":"wx.getSystemInfo({success:functio...","declaredLoc":{"line":252,"column":8},"file":"/dist/wux/refresher/index.js","type":"source"}],"edges":[{"source":"377588","target":"377595"}]}],"/pages/mine/family/addfamily.js":[{"stained":"wx.getStorageSync","nodes":[{"name":"401628","declaredName":"__function__32","declaredLoc":{"line":32,"column":12},"file":"/pages/mine/family/addfamily.js","type":"ofPageInstance: onLoad"},{"name":"401705","declaredName":"wx.getStorageSync('pickerList')","declaredLoc":{"line":46,"column":16},"file":"/pages/mine/family/addfamily.js","type":"source"},{"name":"401875","declaredName":"__function__63","declaredLoc":{"line":63,"column":12},"file":"/pages/mine/family/addfamily.js","type":"ofPageInstance: onShow"},{"name":"401880","declaredName":"wx.getStorageSync('usualPoint')","declaredLoc":{"line":64,"column":16},"file":"/pages/mine/family/addfamily.js","type":"source"}],"edges":[{"source":"401628","target":"401705"},{"source":"401875","target":"401880"}]}],"/pages/mine/family/list.js":[{"stained":"wx.getStorageSync","nodes":[{"name":"403125","declaredName":"__function__9","declaredLoc":{"line":9,"column":12},"file":"/pages/mine/family/list.js","type":"ofPageInstance: onLoad"},{"name":"403135","declaredName":"wx.getStorageSync('pickerList')","declaredLoc":{"line":11,"column":16},"file":"/pages/mine/family/list.js","type":"source"}],"edges":[{"source":"403125","target":"403135"}]}],"/pages/mine/family/searchPoint.js":[{"stained":"wx.getStorageSync","nodes":[{"name":"403691","declaredName":"__function__16","declaredLoc":{"line":16,"column":12},"file":"/pages/mine/family/searchPoint.js","type":"ofPageInstance: onLoad"},{"name":"403699","declaredName":"wx.getStorageSync('cityList')","declaredLoc":{"line":17,"column":13},"file":"/pages/mine/family/searchPoint.js","type":"source"}],"edges":[{"source":"403691","target":"403699"}]}],"/pages/mine/reserve/detail.js":[{"stained":"wx.getStorageSync","nodes":[{"name":"405269","declaredName":"__function__100","declaredLoc":{"line":100,"column":21},"file":"/pages/mine/reserve/detail.js","type":"ofPageInstance: handlePickerObj"},{"name":"405274","declaredName":"wx.getStorageSync('pickerList')","declaredLoc":{"line":101,"column":12},"file":"/pages/mine/reserve/detail.js","type":"source"}],"edges":[{"source":"405269","target":"405274"}]},{"stained":"wx.scanCode","nodes":[{"name":"405949","declaredName":"__function__196","declaredLoc":{"line":196,"column":14},"file":"/pages/mine/reserve/detail.js","type":"ofPageInstance: openScan"},{"name":"405956","declaredName":"wx.scanCode({scanType:['barCode']...","declaredLoc":{"line":198,"column":8},"file":"/pages/mine/reserve/detail.js","type":"source"}],"edges":[{"source":"405949","target":"405956"}]}],"/pages/reserve/detail/detail.js":[{"stained":"wx.getStorageSync","nodes":[{"name":"409312","declaredName":"__function__73","declaredLoc":{"line":73,"column":12},"file":"/pages/reserve/detail/detail.js","type":"ofPageInstance: onShow"},{"name":"409323","declaredName":"wx.getStorageSync('familyForm')","declaredLoc":{"line":74,"column":36},"file":"/pages/reserve/detail/detail.js","type":"source"},{"name":"409628","declaredName":"__function__112","declaredLoc":{"line":112,"column":25},"file":"/pages/reserve/detail/detail.js","type":"normal"},{"name":"409734","declaredName":"__function__129","declaredLoc":{"line":129,"column":23},"file":"/pages/reserve/detail/detail.js","type":"ofPageInstance: handleVaccineData"},{"name":"409750","declaredName":"wx.getStorageSync('currentVaccine...","declaredLoc":{"line":132,"column":18},"file":"/pages/reserve/detail/detail.js","type":"source"},{"name":"410374","declaredName":"__function__219","declaredLoc":{"line":219,"column":16},"file":"/pages/reserve/detail/detail.js","type":"ofPageInstance: formSubmit"},{"name":"410533","declaredName":"wx.getStorageSync('currentMarker'...","declaredLoc":{"line":227,"column":122},"file":"/pages/reserve/detail/detail.js","type":"source"}],"edges":[{"source":"409312","target":"409323"},{"source":"409734","target":"409750"},{"source":"409628","target":"409734"},{"source":"410374","target":"410533"}]}],"/pages/reserve/list/list.js":[{"stained":"wx.getStorageSync","nodes":[{"name":"412650","declaredName":"__function__13","declaredLoc":{"line":13,"column":12},"file":"/pages/reserve/list/list.js","type":"ofPageInstance: onShow"},{"name":"412666","declaredName":"wx.getStorageSync('currentMarker'...","declaredLoc":{"line":15,"column":27},"file":"/pages/reserve/list/list.js","type":"source"}],"edges":[{"source":"412650","target":"412666"}]}],"/pages/reserve/map/city.js":[{"stained":"wx.getStorageSync","nodes":[{"name":"413310","declaredName":"__function__18","declaredLoc":{"line":18,"column":12},"file":"/pages/reserve/map/city.js","type":"ofPageInstance: onLoad"},{"name":"413329","declaredName":"wx.getStorageSync('cityList')","declaredLoc":{"line":21,"column":17},"file":"/pages/reserve/map/city.js","type":"source"},{"name":"413355","declaredName":"wx.getStorageSync('currentCity')","declaredLoc":{"line":24,"column":16},"file":"/pages/reserve/map/city.js","type":"source"}],"edges":[{"source":"413310","target":"413329"},{"source":"413310","target":"413355"}]}],"/pages/reserve/map/map.js":[{"stained":"wx.getStorageSync","nodes":[{"name":"414573","declaredName":"__function__126","declaredLoc":{"line":126,"column":34},"file":"/pages/reserve/map/map.js","type":"normal"},{"name":"414593","declaredName":"wx.getStorageSync('homeHot')","declaredLoc":{"line":129,"column":32},"file":"/pages/reserve/map/map.js","type":"source"},{"name":"414696","declaredName":"wx.getStorageSync('currentVac')","declaredLoc":{"line":151,"column":28},"file":"/pages/reserve/map/map.js","type":"source"},{"name":"414714","declaredName":"wx.getStorageSync('currentCity')","declaredLoc":{"line":153,"column":29},"file":"/pages/reserve/map/map.js","type":"source"},{"name":"414741","declaredName":"wx.getStorageSync('currentPoint')","declaredLoc":{"line":158,"column":28},"file":"/pages/reserve/map/map.js","type":"source"},{"name":"414775","declaredName":"wx.getStorageSync('usualPoint')","declaredLoc":{"line":165,"column":28},"file":"/pages/reserve/map/map.js","type":"source"},{"name":"414873","declaredName":"wx.getStorageSync('cityList')","declaredLoc":{"line":176,"column":73},"file":"/pages/reserve/map/map.js","type":"source"}],"edges":[{"source":"414573","target":"414593"},{"source":"414573","target":"414696"},{"source":"414573","target":"414714"},{"source":"414573","target":"414741"},{"source":"414573","target":"414775"},{"source":"414573","target":"414873"}]}],"/pages/reserve/success/success.js":[{"stained":"wx.getStorageSync","nodes":[{"name":"418947","declaredName":"__function__7","declaredLoc":{"line":7,"column":12},"file":"/pages/reserve/success/success.js","type":"ofPageInstance: onLoad"},{"name":"418958","declaredName":"wx.getStorageSync('currentMarker'...","declaredLoc":{"line":9,"column":24},"file":"/pages/reserve/success/success.js","type":"source"},{"name":"418965","declaredName":"wx.getStorageSync('reserveForm')","declaredLoc":{"line":10,"column":25},"file":"/pages/reserve/success/success.js","type":"source"},{"name":"418972","declaredName":"wx.getStorageSync('currentVaccine...","declaredLoc":{"line":11,"column":28},"file":"/pages/reserve/success/success.js","type":"source"}],"edges":[{"source":"418947","target":"418958"},{"source":"418947","target":"418965"},{"source":"418947","target":"418972"}]}],"/pages/home/articleList/typeList/typeList.js":[{"stained":"wx.getStorageSync","nodes":[{"name":"419903","declaredName":"__function__15","declaredLoc":{"line":15,"column":12},"file":"/pages/home/articleList/typeList/typeList.js","type":"ofPageInstance: onLoad"},{"name":"419939","declaredName":"wx.getStorageSync('indexCity')","declaredLoc":{"line":21,"column":16},"file":"/pages/home/articleList/typeList/typeList.js","type":"source"},{"name":"419946","declaredName":"wx.getStorageSync('indexProvince'...","declaredLoc":{"line":21,"column":52},"file":"/pages/home/articleList/typeList/typeList.js","type":"source"}],"edges":[{"source":"419903","target":"419939"},{"source":"419903","target":"419946"}]}],"/pages/product/batchrelease/file/detail.js":[{"stained":"wx.getSystemInfo","nodes":[{"name":"420724","declaredName":"__function__5","declaredLoc":{"line":5,"column":12},"file":"/pages/product/batchrelease/file/detail.js","type":"ofPageInstance: onLoad"},{"name":"420732","declaredName":"wx.getSystemInfo({success:functio...","declaredLoc":{"line":7,"column":8},"file":"/pages/product/batchrelease/file/detail.js","type":"source"}],"edges":[{"source":"420724","target":"420732"}]}]}