{"definedData":[],"dynamicDefinedData":[{"shadowObjectVar":"__object__16","dynamicDefinedProps":[{"propName":".util","readShadows":[{"shadowVar":{"id":76032041,"declaredName":"__object__16.util","declaredLoc":{"line":17,"column":4},"file":"/data1/wy/miniapp_dataset_10w/mp_icse/中国生物疫苗服务/__APP__/app.js","type":"normal"},"readAccess":[{"leftVar":[{"id":76032259,"declaredName":"o","declaredLoc":{"line":74,"column":12},"file":"/data1/wy/miniapp_dataset_10w/mp_icse/中国生物疫苗服务/__APP__/app.js","type":"normal"}],"readFlow":[{"type":"assign to","from":{"name":"this","loc":{"line":74,"column":16},"id":76032260},"to":{"name":"o","loc":{"line":74,"column":12},"id":76032259}}]},{"leftVar":[{"id":76032775,"declaredName":"e","declaredLoc":{"line":197,"column":12},"file":"/data1/wy/miniapp_dataset_10w/mp_icse/中国生物疫苗服务/__APP__/app.js","type":"normal"}],"readFlow":[{"type":"assign to","from":{"name":"this","loc":{"line":197,"column":16},"id":76032776},"to":{"name":"e","loc":{"line":197,"column":12},"id":76032775}}]}]}],"writeShadows":[{"shadowVar":{"id":76032041,"declaredName":"__object__16.util","declaredLoc":{"line":17,"column":4},"file":"/data1/wy/miniapp_dataset_10w/mp_icse/中国生物疫苗服务/__APP__/app.js","type":"normal"},"writeAccess":[]}]}]}]}