﻿source_file,source,source_loc,sink_file,sink,sink_loc,type,cross_field,cross_file,correct
app.js,wx.login,75,utils\util.js,wx.request,12,API:callback,true,true,unlabel
app.js,wx.login,75,utils\util.js,wx.showLoading,71,API:callback,true,true,unlabel
app.js,wx.login,75,utils\util.js,wx.request,12,API:callback,true,true,unlabel
app.js,wx.login,75,utils\util.js,console.log,19,API:callback,true,true,unlabel
app.js,wx.login,75,utils\util.js,console.log,34,API:callback,true,true,unlabel
app.js,wx.login,75,utils\util.js,console.log,39,API:callback,true,true,unlabel
app.js,wx.login,75,utils\util.js,wx.request,12,API:callback,true,true,unlabel
app.js,wx.getUserInfo,199,app.js,wx.setStorageSync,205,API:callback,false,false,unlabel
app.js,wx.getUserInfo,199,utils\util.js,wx.request,12,API:callback,true,true,unlabel
app.js,wx.getUserInfo,199,utils\util.js,wx.showLoading,71,API:callback,true,true,unlabel
app.js,wx.getUserInfo,199,utils\util.js,wx.request,12,API:callback,true,true,unlabel
app.js,wx.getUserInfo,199,utils\util.js,console.log,19,API:callback,true,true,unlabel
app.js,wx.getUserInfo,199,utils\util.js,console.log,34,API:callback,true,true,unlabel
app.js,wx.getUserInfo,199,utils\util.js,console.log,39,API:callback,true,true,unlabel
app.js,wx.getUserInfo,199,utils\util.js,wx.request,12,API:callback,true,true,unlabel
utils\util.js,wx.request,12,utils\util.js,console.log,19,API:callback,true,false,unlabel
utils\util.js,wx.request,12,utils\util.js,console.log,28,API:callback,true,false,unlabel
utils\util.js,wx.request,12,utils\util.js,console.log,29,API:callback,true,false,unlabel
utils\util.js,wx.request,12,utils\util.js,console.log,28,API:callback,true,false,unlabel
utils\util.js,wx.request,12,utils\util.js,console.log,23,API:callback,true,false,unlabel
utils\util.js,wx.request,12,utils\util.js,wx.showModal,59,API:callback,true,false,unlabel
pages\home\index.js,wx.getStorageSync,138,pages\home\index.js,console.log,139,API:return-value,false,false,unlabel
pages\home\index.js,submit,133,pages\home\index.js,wx.setStorageSync,135,UI,false,false,unlabel
pages\home\index.js,vaccinePickerChange,61,pages\home\index.js,console.log,62,UI,false,false,unlabel
pages\home\index.js,manufacturerPickerChange,75,pages\home\index.js,console.log,76,UI,false,false,unlabel
pages\home\index.js,submitGetUserInfo,126,pages\home\index.js,console.log,128,UI,false,false,unlabel
pages\home\index.js,submitGetUserInfo,126,pages\home\index.js,console.log,128,UI,false,false,unlabel
pages\home\index.js,submitGetUserInfo,126,pages\home\index.js,console.log,131,UI,false,false,unlabel
pages\home\index.js,inputChange,80,pages\home\index.js,console.log,81,UI,false,false,unlabel
pages\mine\account\login.js,formSubmit,45,pages\mine\account\login.js,console.log,46,UI,false,false,unlabel
pages\mine\account\login.js,formSubmit,45,utils\util.js,wx.request,12,UI,true,true,unlabel
pages\mine\account\login.js,formSubmit,45,utils\util.js,wx.showLoading,71,UI,true,true,unlabel
pages\mine\account\login.js,formSubmit,45,utils\util.js,wx.request,12,UI,true,true,unlabel
pages\mine\account\login.js,formSubmit,45,utils\util.js,console.log,19,UI,true,true,unlabel
pages\mine\account\login.js,formSubmit,45,utils\util.js,console.log,34,UI,true,true,unlabel
pages\mine\account\login.js,formSubmit,45,utils\util.js,console.log,39,UI,true,true,unlabel
pages\mine\account\login.js,formSubmit,45,utils\util.js,wx.request,12,UI,true,true,unlabel
pages\mine\account\login.js,formSubmit,45,pages\mine\account\login.js,wx.setStorageSync,59,UI,true,false,unlabel
pages\mine\account\login.js,formSubmit,45,pages\mine\account\login.js,console.log,60,UI,true,false,unlabel
pages\mine\account\login.js,bindinputMobile,75,pages\mine\account\login.js,console.log,76,UI,false,false,unlabel
pages\mine\family\addfamily.js,wx.getStorageSync,46&64,pages\mine\family\addfamily.js,console.log,65,API:return-value,false,false,unlabel
pages\mine\family\addfamily.js,formSubmit,149,pages\mine\family\addfamily.js,console.log,154,UI,false,false,unlabel
pages\mine\family\addfamily.js,selectRelation,121,pages\mine\family\addfamily.js,console.log,122,UI,false,false,unlabel
pages\mine\family\addfamily.js,verifyInput,116,pages\mine\family\addfamily.js,console.log,117,UI,false,false,unlabel
pages\mine\family\addfamily.js,verifyInput,116,pages\mine\family\addfamily.js,console.log,117,UI,false,false,unlabel
pages\mine\family\addfamily.js,selectCertify,134,pages\mine\family\addfamily.js,console.log,135,UI,false,false,unlabel
pages\mine\family\addfamily.js,verifyInput,116,pages\mine\family\addfamily.js,console.log,117,UI,false,false,unlabel
pages\mine\family\addfamily.js,verifyInput,116,pages\mine\family\addfamily.js,console.log,117,UI,false,false,unlabel
pages\mine\family\searchPoint.js,searchCity,37,pages\mine\family\searchPoint.js,console.log,38,UI,false,false,unlabel
pages\mine\family\searchPoint.js,searchCity,37,pages\mine\family\searchPoint.js,console.log,38,UI,false,false,unlabel
pages\mine\family\searchPoint.js,searchPoint,105,pages\mine\family\searchPoint.js,console.log,106,UI,false,false,unlabel
pages\mine\reserve\detail.js,wx.getStorageSync,101,pages\mine\reserve\detail.js,console.log,106,API:return-value,false,false,unlabel
pages\mine\reserve\detail.js,wx.scanCode,198,utils\util.js,wx.request,12,API:callback,true,true,unlabel
pages\mine\reserve\detail.js,wx.scanCode,198,utils\util.js,wx.showLoading,71,API:callback,true,true,unlabel
pages\mine\reserve\detail.js,wx.scanCode,198,utils\util.js,wx.request,12,API:callback,true,true,unlabel
pages\mine\reserve\detail.js,wx.scanCode,198,utils\util.js,console.log,19,API:callback,true,true,unlabel
pages\mine\reserve\detail.js,wx.scanCode,198,utils\util.js,console.log,34,API:callback,true,true,unlabel
pages\mine\reserve\detail.js,wx.scanCode,198,utils\util.js,console.log,39,API:callback,true,true,unlabel
pages\mine\reserve\detail.js,wx.scanCode,198,utils\util.js,wx.request,12,API:callback,true,true,unlabel
pages\mine\reserve\list.js,selectRelation,92,pages\mine\reserve\list.js,console.log,93,UI,false,false,unlabel
pages\reserve\detail\detail.js,wx.getStorageSync,74&132&227,pages\reserve\detail\detail.js,console.log,228,API:return-value,false,false,unlabel
pages\reserve\detail\detail.js,wx.getStorageSync,74&132&227,pages\reserve\detail\detail.js,console.log,75,API:return-value,true,false,unlabel
pages\reserve\detail\detail.js,wx.getStorageSync,74&132&227,pages\reserve\detail\detail.js,wx.setStorageSync,234,API:return-value,true,false,unlabel
pages\reserve\detail\detail.js,wx.getStorageSync,74&132&227,utils\util.js,wx.request,12,API:return-value,true,true,unlabel
pages\reserve\detail\detail.js,wx.getStorageSync,74&132&227,utils\util.js,wx.showLoading,71,API:return-value,true,true,unlabel
pages\reserve\detail\detail.js,wx.getStorageSync,74&132&227,utils\util.js,wx.request,12,API:return-value,true,true,unlabel
pages\reserve\detail\detail.js,wx.getStorageSync,74&132&227,utils\util.js,console.log,19,API:return-value,true,true,unlabel
pages\reserve\detail\detail.js,wx.getStorageSync,74&132&227,utils\util.js,console.log,34,API:return-value,true,true,unlabel
pages\reserve\detail\detail.js,wx.getStorageSync,74&132&227,utils\util.js,console.log,39,API:return-value,true,true,unlabel
pages\reserve\detail\detail.js,wx.getStorageSync,74&132&227,utils\util.js,wx.request,12,API:return-value,true,true,unlabel
pages\reserve\detail\detail.js,selectTime,188,pages\reserve\detail\detail.js,console.log,189,UI,false,false,unlabel
pages\reserve\detail\detail.js,formSubmit,219,pages\reserve\detail\detail.js,console.log,228,UI,false,false,unlabel
pages\reserve\detail\detail.js,formSubmit,219,pages\reserve\detail\detail.js,wx.setStorageSync,234,UI,false,false,unlabel
pages\reserve\detail\detail.js,formSubmit,219,utils\util.js,wx.request,12,UI,true,true,unlabel
pages\reserve\detail\detail.js,formSubmit,219,utils\util.js,wx.showLoading,71,UI,true,true,unlabel
pages\reserve\detail\detail.js,formSubmit,219,utils\util.js,wx.request,12,UI,true,true,unlabel
pages\reserve\detail\detail.js,formSubmit,219,utils\util.js,console.log,19,UI,true,true,unlabel
pages\reserve\detail\detail.js,formSubmit,219,utils\util.js,console.log,34,UI,true,true,unlabel
pages\reserve\detail\detail.js,formSubmit,219,utils\util.js,console.log,39,UI,true,true,unlabel
pages\reserve\detail\detail.js,formSubmit,219,utils\util.js,wx.request,12,UI,true,true,unlabel
pages\reserve\detail\detail.js,selectFamily,198,pages\reserve\detail\detail.js,console.log,199,UI,false,false,unlabel
pages\reserve\detail\detail.js,checkboxChange,555,pages\reserve\detail\detail.js,console.log,556,UI,false,false,unlabel
pages\reserve\detail\detail.js,checkboxChange,555,pages\reserve\detail\detail.js,console.log,556,UI,false,false,unlabel
pages\reserve\list\list.js,goToReserve,80,pages\reserve\list\list.js,console.log,82,UI,false,false,unlabel
pages\reserve\list\list.js,goToReserve,80,pages\reserve\list\list.js,wx.setStorageSync,82,UI,false,false,unlabel
pages\reserve\map\city.js,searchCity,45,pages\reserve\map\city.js,console.log,46,UI,false,false,unlabel
pages\reserve\map\city.js,searchCity,45,pages\reserve\map\city.js,console.log,46,UI,false,false,unlabel
pages\reserve\map\city.js,searchPoint,123,pages\reserve\map\city.js,console.log,125,UI,false,false,unlabel
pages\reserve\map\map.js,wx.getStorageSync,129&151&153&158&165&176,pages\reserve\map\map.js,console.log,165,API:return-value,false,false,unlabel
pages\reserve\map\map.js,searchCity,612,pages\reserve\map\map.js,console.log,613,UI,false,false,unlabel
pages\reserve\map\map.js,searchCity,612,pages\reserve\map\map.js,console.log,613,UI,false,false,unlabel
pages\home\articleList\typeList\typeList.js,wx.getStorageSync,21&21,pages\home\articleList\typeList\typeList.js,console.log,22,API:return-value,false,false,unlabel
pages\home\articleList\typeList\typeList.js,wx.getStorageSync,21&21,pages\home\articleList\typeList\typeList.js,console.log,22,API:return-value,false,false,unlabel
