{"fromUI":[{"file":"/compontents/canlendar/canlendar.wxml","infoType":[]},{"file":"/dist/alert/index.wxml","infoType":[]},{"file":"/dist/appoint-card/index.wxml","infoType":[]},{"file":"/dist/ask-card/index.wxml","infoType":[]},{"file":"/dist/avatar/index.wxml","infoType":[]},{"file":"/dist/badge/index.wxml","infoType":[]},{"file":"/dist/button/index.wxml","infoType":[]},{"file":"/dist/calendar/index.wxml","infoType":[]},{"file":"/dist/card/index.wxml","infoType":[]},{"file":"/dist/cell/index.wxml","infoType":[]},{"file":"/dist/cell-group/index.wxml","infoType":[]},{"file":"/dist/col/index.wxml","infoType":[]},{"file":"/dist/collapse/index.wxml","infoType":[]},{"file":"/dist/collapse-item/index.wxml","infoType":[]},{"file":"/dist/count-down/index.wxml","infoType":[]},{"file":"/dist/datepicker-plus/index.wxml","infoType":[]},{"file":"/dist/divider/index.wxml","infoType":[]},{"file":"/dist/drawer/index.wxml","infoType":[]},{"file":"/dist/grid/index.wxml","infoType":[]},{"file":"/dist/grid-icon/index.wxml","infoType":[]},{"file":"/dist/grid-item/index.wxml","infoType":[]},{"file":"/dist/grid-label/index.wxml","infoType":[]},{"file":"/dist/icon/index.wxml","infoType":[]},{"file":"/dist/index/index.wxml","infoType":[]},{"file":"/dist/index-item/index.wxml","infoType":[]},{"file":"/dist/input/index.wxml","infoType":[]},{"file":"/dist/input-number/index.wxml","infoType":[]},{"file":"/dist/load-more/index.wxml","infoType":[]},{"file":"/dist/message/index.wxml","infoType":[]},{"file":"/dist/modal/index.wxml","infoType":[]},{"file":"/dist/msg-card/index.wxml","infoType":[]},{"file":"/dist/notice-bar/index.wxml","infoType":[]},{"file":"/dist/page/index.wxml","infoType":[]},{"file":"/dist/panel/index.wxml","infoType":[]},{"file":"/dist/parser.min/parser.wxml","infoType":[]},{"file":"/dist/progress/index.wxml","infoType":[]},{"file":"/dist/qa-card/index.wxml","infoType":[]},{"file":"/dist/radio/index.wxml","infoType":[]},{"file":"/dist/radio-group/index.wxml","infoType":[]},{"file":"/dist/rate/index.wxml","infoType":[]},{"file":"/dist/row/index.wxml","infoType":[]},{"file":"/dist/slide/index.wxml","infoType":[]},{"file":"/dist/spin/index.wxml","infoType":[]},{"file":"/dist/step/index.wxml","infoType":[]},{"file":"/dist/steps/index.wxml","infoType":[]},{"file":"/dist/sticky/index.wxml","infoType":[]},{"file":"/dist/sticky-item/index.wxml","infoType":[]},{"file":"/dist/suspension/index.wxml","infoType":[]},{"file":"/dist/swipeout/index.wxml","infoType":[]},{"file":"/dist/switch/index.wxml","infoType":[]},{"file":"/dist/tag/index.wxml","infoType":[]},{"file":"/dist/toast/index.wxml","infoType":[]},{"file":"/pages/home/index.wxml","infoType":[{"api":"PageInstance.submit","loc":{"line":133,"column":21},"text":["{{false}}","vaccinePickerChange","{{vaccines.values}}","name","manufacturerPickerChange","{{manufacturers.values}}","submitGetUserInfo","submit","getUserInfo","此功能将尽快开放，您可使用扫码查询。","clearInputText","疫苗查询","疫苗名称","*","疫苗批号","inputChange","搜索","batch","请输入","input-placeholder","{{!showClearIcon}}","生产企业","{{vaccines.selectedValue}}","{{manufacturers.selectedValue}}"]},{"api":"PageInstance.vaccinePickerChange","loc":{"line":61,"column":34},"text":["{{vaccines.selectedValue}}","vaccinePickerChange"]},{"api":"PageInstance.manufacturerPickerChange","loc":{"line":75,"column":39},"text":["{{manufacturers.selectedValue}}","manufacturerPickerChange"]},{"api":"PageInstance.submitGetUserInfo","loc":{"line":126,"column":32},"text":["疫苗查询","submitGetUserInfo"]},{"api":"PageInstance.inputChange","loc":{"line":80,"column":26},"text":["inputChange","搜索","batch","请输入","input-placeholder"]}]},{"file":"/pages/mine/my.wxml","infoType":[{"api":"PageInstance.goToLogin","text":["请登录","goToLogin"]}]},{"file":"/pages/rate/createRate.wxml","infoType":[{"api":"PageInstance.submit","text":["提交评价","submit"]}]},{"file":"/pages/rate/rateDetail.wxml","infoType":[]},{"file":"/pages/tip/vaccine-inventory.wxml","infoType":[]},{"file":"/dist/parser.min/trees/trees.wxml","infoType":[]},{"file":"/dist/wux/accordion/index.wxml","infoType":[]},{"file":"/dist/wux/accordion-group/index.wxml","infoType":[]},{"file":"/dist/wux/actionsheet/index.wxml","infoType":[]},{"file":"/dist/wux/alert/index.wxml","infoType":[]},{"file":"/dist/wux/animation-group/index.wxml","infoType":[]},{"file":"/dist/wux/avatar/index.wxml","infoType":[]},{"file":"/dist/wux/backdrop/index.wxml","infoType":[]},{"file":"/dist/wux/badge/index.wxml","infoType":[]},{"file":"/dist/wux/barcode/index.wxml","infoType":[]},{"file":"/dist/wux/button/index.wxml","infoType":[]},{"file":"/dist/wux/calendar/index.wxml","infoType":[]},{"file":"/dist/wux/card/index.wxml","infoType":[]},{"file":"/dist/wux/cascader/index.wxml","infoType":[]},{"file":"/dist/wux/cascader-picker-view/index.wxml","infoType":[]},{"file":"/dist/wux/cel-pop/index.wxml","infoType":[]},{"file":"/dist/wux/cell/index.wxml","infoType":[]},{"file":"/dist/wux/cell-group/index.wxml","infoType":[]},{"file":"/dist/wux/checkbox/index.wxml","infoType":[]},{"file":"/dist/wux/checkbox-group/index.wxml","infoType":[]},{"file":"/dist/wux/circle/index.wxml","infoType":[]},{"file":"/dist/wux/col/index.wxml","infoType":[]},{"file":"/dist/wux/date-picker/index.wxml","infoType":[]},{"file":"/dist/wux/date-picker-view/index.wxml","infoType":[]},{"file":"/dist/wux/dialog/index.wxml","infoType":[]},{"file":"/dist/wux/divider/index.wxml","infoType":[]},{"file":"/dist/wux/fab-button/index.wxml","infoType":[]},{"file":"/dist/wux/fab-button-apply/index.wxml","infoType":[]},{"file":"/dist/wux/fab-button-custom/index.wxml","infoType":[]},{"file":"/dist/wux/fab-button-vaccination/index.wxml","infoType":[]},{"file":"/dist/wux/field/index.wxml","infoType":[]},{"file":"/dist/wux/filterbar/index.wxml","infoType":[]},{"file":"/dist/wux/form/index.wxml","infoType":[]},{"file":"/dist/wux/gallery/index.wxml","infoType":[]},{"file":"/dist/wux/grid/index.wxml","infoType":[]},{"file":"/dist/wux/grids/index.wxml","infoType":[]},{"file":"/dist/wux/icon/index.wxml","infoType":[]},{"file":"/dist/wux/image/index.wxml","infoType":[]},{"file":"/dist/wux/index/index.wxml","infoType":[]},{"file":"/dist/wux/index-item/index.wxml","infoType":[]},{"file":"/dist/wux/input/index.wxml","infoType":[]},{"file":"/dist/wux/input-number/index.wxml","infoType":[]},{"file":"/dist/wux/keyboard/index.wxml","infoType":[]},{"file":"/dist/wux/landscape/index.wxml","infoType":[]},{"file":"/dist/wux/loading/index.wxml","infoType":[]},{"file":"/dist/wux/media/index.wxml","infoType":[]},{"file":"/dist/wux/multi-picker-view/index.wxml","infoType":[]},{"file":"/dist/wux/navbar/index.wxml","infoType":[]},{"file":"/dist/wux/notice-bar/index.wxml","infoType":[]},{"file":"/dist/wux/notification/index.wxml","infoType":[]},{"file":"/dist/wux/pagination/index.wxml","infoType":[]},{"file":"/dist/wux/picker/index.wxml","infoType":[]},{"file":"/dist/wux/picker-view/index.wxml","infoType":[]},{"file":"/dist/wux/popover/index.wxml","infoType":[]},{"file":"/dist/wux/popup/index.wxml","infoType":[]},{"file":"/dist/wux/popup-select/index.wxml","infoType":[]},{"file":"/dist/wux/progress/index.wxml","infoType":[]},{"file":"/dist/wux/prompt/index.wxml","infoType":[]},{"file":"/dist/wux/qrcode/index.wxml","infoType":[]},{"file":"/dist/wux/radio/index.wxml","infoType":[]},{"file":"/dist/wux/radio-group/index.wxml","infoType":[]},{"file":"/dist/wux/rater/index.wxml","infoType":[]},{"file":"/dist/wux/refresher/index.wxml","infoType":[]},{"file":"/dist/wux/result/index.wxml","infoType":[]},{"file":"/dist/wux/row/index.wxml","infoType":[]},{"file":"/dist/wux/search-bar/index.wxml","infoType":[]},{"file":"/dist/wux/segmented-control/index.wxml","infoType":[]},{"file":"/dist/wux/select/index.wxml","infoType":[]},{"file":"/dist/wux/selectable/index.wxml","infoType":[]},{"file":"/dist/wux/slider/index.wxml","infoType":[]},{"file":"/dist/wux/spin/index.wxml","infoType":[]},{"file":"/dist/wux/step/index.wxml","infoType":[]},{"file":"/dist/wux/steps/index.wxml","infoType":[]},{"file":"/dist/wux/sticky/index.wxml","infoType":[]},{"file":"/dist/wux/sticky-item/index.wxml","infoType":[]},{"file":"/dist/wux/swipe-action/index.wxml","infoType":[]},{"file":"/dist/wux/swipe-action-group/index.wxml","infoType":[]},{"file":"/dist/wux/switch/index.wxml","infoType":[]},{"file":"/dist/wux/tab/index.wxml","infoType":[]},{"file":"/dist/wux/tabbar/index.wxml","infoType":[]},{"file":"/dist/wux/tabbar-item/index.wxml","infoType":[]},{"file":"/dist/wux/tabs/index.wxml","infoType":[]},{"file":"/dist/wux/tag/index.wxml","infoType":[]},{"file":"/dist/wux/tag-cover/index.wxml","infoType":[]},{"file":"/dist/wux/tag-radius/index.wxml","infoType":[]},{"file":"/dist/wux/tag-switch/index.wxml","infoType":[]},{"file":"/dist/wux/textarea/index.wxml","infoType":[]},{"file":"/dist/wux/toast/index.wxml","infoType":[]},{"file":"/dist/wux/toptips/index.wxml","infoType":[]},{"file":"/dist/wux/vcode/index.wxml","infoType":[]},{"file":"/dist/wux/white-space/index.wxml","infoType":[]},{"file":"/pages/home/customerService/customerService.wxml","infoType":[]},{"file":"/pages/home/home/custom.wxml","infoType":[]},{"file":"/pages/home/home/home.wxml","infoType":[]},{"file":"/pages/home/home/qa.wxml","infoType":[]},{"file":"/pages/mine/account/accountInfo.wxml","infoType":[]},{"file":"/pages/mine/account/changepwd.wxml","infoType":[]},{"file":"/pages/mine/account/findpwd.wxml","infoType":[]},{"file":"/pages/mine/account/login.wxml","infoType":[{"api":"PageInstance.formSubmit","loc":{"line":45,"column":25},"text":["bindinputMobile","mobile","输入手机号","password","输入密码","submit","goToRegister","sendVerifyCode","{{!alreadySend}}","","{{alreadySend}}","登录","注册","openTerm1","openTerm2","openTerm3","verifyCode","输入验证码","{{sendBtnMsg}}","{{second+'s后重发'}}","登录表示同意","中国生物服务条款","隐私权政策","授权协议","formSubmit"]},{"api":"PageInstance.bindinputMobile","loc":{"line":75,"column":30},"text":["bindinputMobile","mobile","输入手机号","password","输入密码","submit","goToRegister","sendVerifyCode","{{!alreadySend}}","","{{alreadySend}}","登录","注册","openTerm1","openTerm2","openTerm3","verifyCode","输入验证码","{{sendBtnMsg}}","{{second+'s后重发'}}","登录表示同意","中国生物服务条款","隐私权政策","授权协议"]},{"api":"PageInstance.sendVerifyCode","text":["{{sendBtnMsg}}","sendVerifyCode"]},{"api":"PageInstance.sendVerifyCode","text":["{{second+'s后重发'}}","sendVerifyCode"]}]},{"file":"/pages/mine/account/register.wxml","infoType":[]},{"file":"/pages/mine/family/addfamily.wxml","infoType":[{"api":"PageInstance.formSubmit","loc":{"line":149,"column":25},"text":["submit","{{isEdit}}","","selectRelation","relationship","{{relationshipList}}","name","verifyInput","bindDate","{{selectedDate?selectedDate:'2010-01-01'}}","{{showCalender}}","sex","selectCertify","documentType","{{documentTypeList}}","identificationNumber","{{!documentType}}","vaccinationCertificateCode","goToSearchPoint","{{usualPoint.name}}","basicDisease","contacts","contactsPhone","确认修改","确认添加","与我的关系","{{relationshipLabel}}","姓名","出生日期","{{selectedDate?selectedDate:'请选择'}}","性别","{{sex==2}}","{{sex==1}}","证件类型","{{documentTypeLabel}}","证件号码","预防接种证编码","常用接种单位","请选择","基础病","联系人","联系手机号","*","男","女","formSubmit"]},{"api":"PageInstance.selectRelation","loc":{"line":121,"column":29},"text":["{{relationshipLabel}}","selectRelation"]},{"api":"PageInstance.verifyInput","loc":{"line":116,"column":26},"text":["verifyInput","name","姓名","*"]},{"api":"PageInstance.verifyInput","loc":{"line":116,"column":26},"text":["verifyInput","name","姓名","*"]},{"api":"PageInstance.selectCertify","loc":{"line":134,"column":28},"text":["{{documentTypeLabel}}","selectCertify"]},{"api":"PageInstance.verifyInput","loc":{"line":116,"column":26},"text":["verifyInput","identificationNumber","{{!documentType}}","证件号码"]},{"api":"PageInstance.verifyInput","loc":{"line":116,"column":26},"text":["verifyInput"]}]},{"file":"/pages/mine/family/list.wxml","infoType":[]},{"file":"/pages/mine/family/searchPoint.wxml","infoType":[{"api":"PageInstance.searchCity","loc":{"line":37,"column":25},"text":["searchCity","城市名称","searchPoint","搜索接种单位","inputCancel","取消"]},{"api":"PageInstance.searchCity","loc":{"line":37,"column":25},"text":["searchCity","城市名称","searchPoint","搜索接种单位","inputCancel","取消"]},{"api":"PageInstance.searchPoint","loc":{"line":105,"column":26},"text":["searchCity","城市名称","searchPoint","搜索接种单位","inputCancel","取消"]}]},{"file":"/pages/mine/msg/msg.wxml","infoType":[]},{"file":"/pages/mine/reserve/detail.wxml","infoType":[]},{"file":"/pages/mine/reserve/list.wxml","infoType":[{"api":"PageInstance.selectRelation","loc":{"line":92,"column":29},"text":["selectRelation","relationship","{{relationshipList}}","name","家庭成员预约记录"]}]},{"file":"/pages/mine/terms/terms1.wxml","infoType":[]},{"file":"/pages/mine/terms/terms2.wxml","infoType":[]},{"file":"/pages/mine/terms/terms3.wxml","infoType":[]},{"file":"/pages/product/batchrelease/detail.wxml","infoType":[]},{"file":"/pages/product/batchrelease/list.wxml","infoType":[]},{"file":"/pages/product/logistics/detail.wxml","infoType":[]},{"file":"/pages/product/scan/detail.wxml","infoType":[]},{"file":"/pages/reserve/detail/detail.wxml","infoType":[{"api":"PageInstance.selectTime","loc":{"line":188,"column":25},"text":["{{vaccineData.am&&vaccineData.am.length>0}}","{{vaccineData.pm&&vaccineData.pm.length>0}}","{{vaccineData.am}}","aId","{{vaccineData.pm}}","上午","下午","{{item.description}}","selectTime"]},{"api":"PageInstance.formSubmit","loc":{"line":219,"column":25},"text":["{{isDisable}}","submit","{{!showAck}}","openNotify","{{showAck}}","preventTouchMove","selectFamily","{{familyList}}","name","goToAddFamily","appointmentPhone","{{familyData.sex==2}}","{{familyData.sex==1}}","确认预约","选择受种人","+","与受种人关系","{{familyData.relationshipLabel}}","受种人姓名","{{familyData.name}}","证件类型","{{familyData.documentTypeLabel}}","证件号码","{{familyData.identificationNumber}}","性别","男","女","true","hideRule","clearCanvas","canvasEnd","canvasMove","canvasStart","canvas","checkboxChange","{{showNotify}}","hideRuleNotify","知情同意书","{{informedConsentText}}","{{notifyChecked}}","告知书","{{notificationText}}","接种人签字","我已阅读","openNotifyInner","formSubmit"]},{"api":"PageInstance.openNotify","text":["确认预约","openNotify"]},{"api":"PageInstance.selectFamily","loc":{"line":198,"column":27},"text":["selectFamily","{{familyList}}","name","goToAddFamily","选择受种人","+"]},{"api":"PageInstance.checkboxChange","loc":{"line":555,"column":29},"text":["{{notifyChecked}}","我已阅读","openNotifyInner","告知书","checkboxChange"]}]},{"file":"/pages/reserve/list/list.wxml","infoType":[{"api":"PageInstance.shwoReserveList","loc":{"line":69,"column":30},"text":["shwoReserveList","{{item.vaccineTypeId}}","{{item.vaccineTypeName}}","{{item.status==1}}","","{{true}}","{{item.status==-1}}","{{item.status==0}}"]},{"api":"PageInstance.goToReserve","loc":{"line":80,"column":26},"text":["goToReserve"]}]},{"file":"/pages/reserve/map/city.wxml","infoType":[{"api":"PageInstance.searchCity","loc":{"line":45,"column":25},"text":["searchCity","城市名称","searchPoint","搜索接种单位","{{type=='point'}}","inputCancel","取消"]},{"api":"PageInstance.searchCity","loc":{"line":45,"column":25},"text":["searchCity","城市名称","searchPoint","搜索接种单位","{{type=='point'}}","inputCancel","取消"]},{"api":"PageInstance.searchPoint","loc":{"line":123,"column":26},"text":["searchCity","城市名称","searchPoint","搜索接种单位","{{type=='point'}}","inputCancel","取消"]}]},{"file":"/pages/reserve/map/map.wxml","infoType":[{"api":"PageInstance.wxOpenSetting","text":["授权获取位置信息","wxOpenSetting"]},{"api":"PageInstance.searchCity","loc":{"line":612,"column":25},"text":["searchCity","城市名称","searchPoint","搜索接种单位","inputCancel","取消"]},{"api":"PageInstance.searchCity","loc":{"line":612,"column":25},"text":["searchCity","城市名称","searchPoint","搜索接种单位","inputCancel","取消"]},{"api":"PageInstance.searchPoint","text":["searchCity","城市名称","searchPoint","搜索接种单位","inputCancel","取消"]},{"api":"PageInstance.goToReserve","text":["goToReserve"]},{"api":"PageInstance.openLocation","text":["openLocation"]}]},{"file":"/pages/reserve/map/vaccine.wxml","infoType":[]},{"file":"/pages/reserve/success/success.wxml","infoType":[{"api":"PageInstance.goToMy","text":["完成","goToMy"]}]},{"file":"/pages/reserve/xgmap/xgmap.wxml","infoType":[]},{"file":"/pages/home/articleList/apply/apply.wxml","infoType":[]},{"file":"/pages/home/articleList/article1/article1.wxml","infoType":[]},{"file":"/pages/home/articleList/article2/article2.wxml","infoType":[]},{"file":"/pages/home/articleList/article3/article3.wxml","infoType":[]},{"file":"/pages/home/articleList/cmsarticle/cmsarticle.wxml","infoType":[]},{"file":"/pages/home/articleList/doctor/doctor.wxml","infoType":[]},{"file":"/pages/home/articleList/douyin1/douyin1.wxml","infoType":[]},{"file":"/pages/home/articleList/imdoctor/imdoctor.wxml","infoType":[]},{"file":"/pages/home/articleList/knowledge/knowledge.wxml","infoType":[]},{"file":"/pages/home/articleList/qaarticle/qaarticle.wxml","infoType":[]},{"file":"/pages/home/articleList/typeList/typeList.wxml","infoType":[]},{"file":"/pages/home/articleList/vaccination/vaccination.wxml","infoType":[]},{"file":"/pages/mine/vaccine/query/list.wxml","infoType":[]},{"file":"/pages/product/batchrelease/file/detail.wxml","infoType":[]}],"fromAPI":{"wx.login":{"ill":"登录凭证","ocr":[{"id":247616,"file":"/app.js","loc":{"line":75,"column":8}}]},"wx.getSetting":{"ill":"用户授权结果","ocr":[{"id":247873,"file":"/app.js","loc":{"line":112,"column":12}}]},"wx.openSetting":{"ill":"用户授权结果","ocr":[{"id":247947,"file":"/app.js","loc":{"line":137,"column":12}}]},"wx.getLocation":{"ill":"定位信息","ocr":[{"id":247982,"file":"/app.js","loc":{"line":149,"column":12}},{"id":250855,"file":"/utils/qqmap-wx-jssdk.min.js","loc":{"line":142,"column":8}}]},"wx.getUserInfo":{"ill":"用户基本信息","ocr":[{"id":248139,"file":"/app.js","loc":{"line":199,"column":12}}]},"wx.request":{"ill":"请求数据","ocr":[{"id":252655,"file":"/utils/qqmap-wx-jssdk.min.js","loc":{"line":363,"column":70}},{"id":252863,"file":"/utils/qqmap-wx-jssdk.min.js","loc":{"line":394,"column":73}},{"id":252827,"file":"/utils/qqmap-wx-jssdk.min.js","loc":{"line":389,"column":24}},{"id":252980,"file":"/utils/qqmap-wx-jssdk.min.js","loc":{"line":413,"column":16}},{"id":253073,"file":"/utils/qqmap-wx-jssdk.min.js","loc":{"line":429,"column":16}},{"id":253142,"file":"/utils/qqmap-wx-jssdk.min.js","loc":{"line":443,"column":66}},{"id":253226,"file":"/utils/qqmap-wx-jssdk.min.js","loc":{"line":457,"column":78}},{"id":253517,"file":"/utils/qqmap-wx-jssdk.min.js","loc":{"line":504,"column":24}},{"id":253836,"file":"/utils/qqmap-wx-jssdk.min.js","loc":{"line":531,"column":20}},{"id":254076,"file":"/utils/util.js","loc":{"line":12,"column":26}}]},"wx.getSystemInfoSync":{"ill":"系统信息，包括设备品牌、设备型号等","ocr":[{"id":259868,"file":"/dist/calendar/index.js","loc":{"line":208,"column":25}},{"id":298822,"file":"/dist/suspension/index.js","loc":{"line":15,"column":20}},{"id":307806,"file":"/dist/parser.min/libs/MpHtmlParser.js","loc":{"line":14,"column":86}},{"id":349535,"file":"/dist/wux/helpers/baseComponent.js","loc":{"line":58,"column":8}},{"id":349856,"file":"/dist/wux/helpers/checkIPhoneX.js","loc":{"line":7,"column":12}}]},"wx.scanCode":{"ill":"扫码","ocr":[{"id":301520,"file":"/pages/home/index.js","loc":{"line":114,"column":8}},{"id":405957,"file":"/pages/mine/reserve/detail.js","loc":{"line":198,"column":8}}]},"wx.getStorageSync":{"ill":"存储数据","ocr":[{"id":301686,"file":"/pages/home/index.js","loc":{"line":138,"column":54}},{"id":401706,"file":"/pages/mine/family/addfamily.js","loc":{"line":46,"column":16}},{"id":401881,"file":"/pages/mine/family/addfamily.js","loc":{"line":64,"column":16}},{"id":403136,"file":"/pages/mine/family/list.js","loc":{"line":11,"column":16}},{"id":403700,"file":"/pages/mine/family/searchPoint.js","loc":{"line":17,"column":13}},{"id":405275,"file":"/pages/mine/reserve/detail.js","loc":{"line":101,"column":12}},{"id":409324,"file":"/pages/reserve/detail/detail.js","loc":{"line":74,"column":36}},{"id":409751,"file":"/pages/reserve/detail/detail.js","loc":{"line":132,"column":18}},{"id":410534,"file":"/pages/reserve/detail/detail.js","loc":{"line":227,"column":122}},{"id":412667,"file":"/pages/reserve/list/list.js","loc":{"line":15,"column":27}},{"id":413330,"file":"/pages/reserve/map/city.js","loc":{"line":21,"column":17}},{"id":413356,"file":"/pages/reserve/map/city.js","loc":{"line":24,"column":16}},{"id":414594,"file":"/pages/reserve/map/map.js","loc":{"line":129,"column":32}},{"id":414697,"file":"/pages/reserve/map/map.js","loc":{"line":151,"column":28}},{"id":414715,"file":"/pages/reserve/map/map.js","loc":{"line":153,"column":29}},{"id":414742,"file":"/pages/reserve/map/map.js","loc":{"line":158,"column":28}},{"id":414776,"file":"/pages/reserve/map/map.js","loc":{"line":165,"column":28}},{"id":414874,"file":"/pages/reserve/map/map.js","loc":{"line":176,"column":73}},{"id":418959,"file":"/pages/reserve/success/success.js","loc":{"line":9,"column":24}},{"id":418966,"file":"/pages/reserve/success/success.js","loc":{"line":10,"column":25}},{"id":418973,"file":"/pages/reserve/success/success.js","loc":{"line":11,"column":28}},{"id":419940,"file":"/pages/home/articleList/typeList/typeList.js","loc":{"line":21,"column":16}},{"id":419947,"file":"/pages/home/articleList/typeList/typeList.js","loc":{"line":21,"column":52}}]},"wx.getSystemInfo":{"ill":"系统信息，包括设备品牌、设备型号等","ocr":[{"id":377596,"file":"/dist/wux/refresher/index.js","loc":{"line":252,"column":8}},{"id":420733,"file":"/pages/product/batchrelease/file/detail.js","loc":{"line":7,"column":8}}]}},"fromVar":{"wx.login":[{"id":247627,"file":"/app.js","loc":{"line":77,"column":16},"codeText":"i.code","ill":"用户登录凭证（有效期五分钟）。开发者需要在开发者服务器后台调用 auth.code2Session，使用 code 换取 openid 和 session_key 等信息"},{"id":247646,"file":"/app.js","loc":{"line":81,"column":30},"codeText":"i.code","ill":"用户登录凭证（有效期五分钟）。开发者需要在开发者服务器后台调用 auth.code2Session，使用 code 换取 openid 和 session_key 等信息"}],"wx.getUserInfo":[{"id":248154,"file":"/app.js","loc":{"line":202,"column":28},"codeText":"t.userInfo","ill":"用户信息对象，不包含 openid 等敏感信息"},{"id":248174,"file":"/app.js","loc":{"line":203,"column":66},"codeText":"o.nickName","ill":"用户昵称"},{"id":248183,"file":"/app.js","loc":{"line":203,"column":97},"codeText":"o.avatarUrl","ill":"用户头像图片的 URL。URL 最后一个数值代表正方形头像大小（有 0、46、64、96、132 数值可选，0 代表 640x640 的正方形头像，46 表示 46x46 的正方形头像，剩余数值以此类推。默认132），用户没有头像时该项为空。若用户更换头像，原有头像 URL 将失效"},{"id":248192,"file":"/app.js","loc":{"line":204,"column":37},"codeText":"o.country","ill":"用户所在国家"},{"id":248201,"file":"/app.js","loc":{"line":204,"column":66},"codeText":"o.province","ill":"用户所在省份"},{"id":248210,"file":"/app.js","loc":{"line":204,"column":92},"codeText":"o.city","ill":"用户所在城市"}],"wx.request":[{"id":252126,"file":"/utils/qqmap-wx-jssdk.min.js","loc":{"line":307,"column":20},"codeText":"e.data","ill":"开发者服务器返回的数据"},{"id":251100,"file":"/utils/qqmap-wx-jssdk.min.js","loc":{"line":188,"column":25},"codeText":"e.data","ill":"开发者服务器返回的数据"},{"id":251290,"file":"/utils/qqmap-wx-jssdk.min.js","loc":{"line":206,"column":20},"codeText":"e.data","ill":"开发者服务器返回的数据"},{"id":252183,"file":"/utils/qqmap-wx-jssdk.min.js","loc":{"line":312,"column":21},"codeText":"e.statusCode","ill":"开发者服务器返回的 HTTP 状态码"},{"id":252207,"file":"/utils/qqmap-wx-jssdk.min.js","loc":{"line":318,"column":24},"codeText":"e.data","ill":"开发者服务器返回的数据"},{"id":254141,"file":"/utils/util.js","loc":{"line":20,"column":65},"codeText":"o.statusCode","ill":"开发者服务器返回的 HTTP 状态码"},{"id":254153,"file":"/utils/util.js","loc":{"line":22,"column":28},"codeText":"o.data","ill":"开发者服务器返回的数据"},{"id":254173,"file":"/utils/util.js","loc":{"line":22,"column":87},"codeText":"l.data","ill":"开发者服务器返回的数据"}],"wx.scanCode":[{"id":301544,"file":"/pages/home/index.js","loc":{"line":118,"column":65},"codeText":"e.result","ill":"所扫码的内容"},{"id":405988,"file":"/pages/mine/reserve/detail.js","loc":{"line":201,"column":62},"codeText":"a.result","ill":"所扫码的内容"}],"wx.getSystemInfoSync":[{"id":307804,"file":"/dist/parser.min/libs/MpHtmlParser.js","loc":{"line":14,"column":86},"codeText":"wx.getSystemInfoSync().screenWidth","ill":"屏幕宽度，单位px"},{"id":349540,"file":"/dist/wux/helpers/baseComponent.js","loc":{"line":58,"column":36},"codeText":"f.platform","ill":"客户端平台"},{"id":349545,"file":"/dist/wux/helpers/baseComponent.js","loc":{"line":58,"column":52},"codeText":"f.SDKVersion","ill":"客户端基础库版本"}],"wx.getSystemInfo":[{"id":377613,"file":"/dist/wux/refresher/index.js","loc":{"line":255,"column":34},"codeText":"i.windowHeight","ill":"可使用窗口高度，单位px"},{"id":420761,"file":"/pages/product/batchrelease/file/detail.js","loc":{"line":14,"column":24},"codeText":"e.windowWidth","ill":"可使用窗口宽度，单位px"},{"id":420767,"file":"/pages/product/batchrelease/file/detail.js","loc":{"line":14,"column":43},"codeText":"e.windowHeight","ill":"可使用窗口高度，单位px"},{"id":420784,"file":"/pages/product/batchrelease/file/detail.js","loc":{"line":15,"column":24},"codeText":"i.width","ill":"安全区域的宽度，单位逻辑像素"},{"id":420791,"file":"/pages/product/batchrelease/file/detail.js","loc":{"line":15,"column":44},"codeText":"i.height","ill":"安全区域的高度，单位逻辑像素"}]},"timeCost":3170}