{"source":{"wx.login":{"count":1},"wx.getSetting":{"count":1},"wx.openSetting":{"count":1},"wx.getLocation":{"count":2},"wx.getUserInfo":{"count":1},"wx.request":{"count":10},"wx.getSystemInfoSync":{"count":5},"wx.scanCode":{"count":2},"wx.getStorageSync":{"count":23},"wx.getSystemInfo":{"count":2}},"sink":{"console.log":539,"wx.showModal":17,"wx.clearStorage":1,"wx.setStorageSync":39,"wx.request":10,"wx.showLoading":2,"wx.makePhoneCall":2,"wx.openLocation":2,"console.error":4,"console.warn":7,"wx.removeStorageSync":30,"wx.clearStorageSync":1,"wx.navigateToMiniProgram":1,"wx.setClipboardData":1,"wx.showToast":2,"console.info":1}}