{
    "usingComponents": {
        "van-button": "../../vant/button/index",
        "van-steps": "../../vant/steps/index",
        "van-transition": "../../vant/transition/index",
        "van-stepper": "../../vant/stepper/index",
        "van-action-sheet": "../../vant/action-sheet/index",
        "van-popup": "../../vant/popup/index",
        "van-switch": "../../vant/switch/index",
        "van-uploader": "../../vant/uploader/index",
        "van-area": "../../vant/area/index",
        "van-cell": "../../vant/cell/index",
        "van-cell-group": "../../vant/cell-group/index",
        "van-checkbox": "../../vant/checkbox/index",
        "van-checkbox-group": "../../vant/checkbox-group/index",
        "van-radio": "../../vant/radio/index",
        "van-radio-group": "../../vant/radio-group/index",
        "van-datetime-picker": "../../vant/datetime-picker/index",
        "canvasdrawer": "/components/canvasdrawer/canvasdrawer",
        "tips": "../../components/add_tips/index",
        "van-dialog": "../../vant/dialog/index"
    }
}