[{"id": 0, "type": "[document]", "string": null, "attribute": {}, "referenceVariable": [], "referenceFunction": [], "style": [], "inheritClass": null, "wxss": [], "page": null, "path": "D:\\WORK\\2021\\MPDF\\baseline\\ui\\We出行\\myinfo.wxml", "child": [1, 2], "parent": null, "matchString": [{"type": "relation", "string": "adunit-18b74263678f51de"}, {"type": "relation", "string": "注册信息"}, {"type": "relation", "string": "输入您的手机号码(必填)"}, {"type": "relation", "string": "pache"}, {"type": "relation", "string": "输入真实姓名(选填)"}, {"type": "relation", "string": "输入您的微信号(选填)"}, {"type": "relation", "string": "提交"}, {"type": "relation", "string": "1. 在未经您同意及确认之前，We出行承诺不会将您的注册信息用于任何其它商业目的。"}, {"type": "relation", "string": "2. 本程序将对您所提供的信息资料进行严格的管理及保护，防止您的信息资料丢失、被盗用或遭篡改。"}]}, {"id": 1, "type": "view", "string": null, "attribute": {"class": ["top-bg"]}, "referenceVariable": [], "referenceFunction": [], "style": [], "inheritClass": null, "wxss": [], "page": null, "path": "D:\\WORK\\2021\\MPDF\\baseline\\ui\\We出行\\myinfo.wxml", "child": [], "parent": 0, "matchString": []}, {"id": 2, "type": "view", "string": null, "attribute": {"class": ["contain"]}, "referenceVariable": [], "referenceFunction": [], "style": [], "inheritClass": null, "wxss": [], "page": null, "path": "D:\\WORK\\2021\\MPDF\\baseline\\ui\\We出行\\myinfo.wxml", "child": [3, 5, 13, 14, 16, 17], "parent": 0, "matchString": [{"type": "relation", "string": "adunit-18b74263678f51de"}, {"type": "relation", "string": "注册信息"}, {"type": "relation", "string": "输入您的手机号码(必填)"}, {"type": "relation", "string": "pache"}, {"type": "relation", "string": "输入真实姓名(选填)"}, {"type": "relation", "string": "输入您的微信号(选填)"}, {"type": "relation", "string": "提交"}, {"type": "relation", "string": "1. 在未经您同意及确认之前，We出行承诺不会将您的注册信息用于任何其它商业目的。"}, {"type": "relation", "string": "2. 本程序将对您所提供的信息资料进行严格的管理及保护，防止您的信息资料丢失、被盗用或遭篡改。"}]}, {"id": 3, "type": "view", "string": null, "attribute": {"class": ["ad-container"], "wx:if": "{{adonoff}}"}, "referenceVariable": ["adonoff"], "referenceFunction": [], "style": [], "inheritClass": null, "wxss": [], "page": null, "path": "D:\\WORK\\2021\\MPDF\\baseline\\ui\\We出行\\myinfo.wxml", "child": [4], "parent": 2, "matchString": [{"type": "relation", "string": "adunit-18b74263678f51de"}]}, {"id": 4, "type": "ad", "string": null, "attribute": {"unitid": "adunit-18b74263678f51de"}, "referenceVariable": [], "referenceFunction": [], "style": [], "inheritClass": null, "wxss": [], "page": null, "path": "D:\\WORK\\2021\\MPDF\\baseline\\ui\\We出行\\myinfo.wxml", "child": [], "parent": 3, "matchString": [{"type": "attr", "string": "adunit-18b74263678f51de"}]}, {"id": 5, "type": "view", "string": null, "attribute": {"class": ["card"]}, "referenceVariable": [], "referenceFunction": [], "style": [], "inheritClass": null, "wxss": [], "page": null, "path": "D:\\WORK\\2021\\MPDF\\baseline\\ui\\We出行\\myinfo.wxml", "child": [6, 7, 9, 11], "parent": 2, "matchString": [{"type": "relation", "string": "注册信息"}, {"type": "relation", "string": "输入您的手机号码(必填)"}, {"type": "relation", "string": "pache"}, {"type": "relation", "string": "输入真实姓名(选填)"}, {"type": "relation", "string": "输入您的微信号(选填)"}]}, {"id": 6, "type": "view", "string": "注册信息", "attribute": {"class": ["title"]}, "referenceVariable": [], "referenceFunction": [], "style": [], "inheritClass": null, "wxss": [], "page": null, "path": "D:\\WORK\\2021\\MPDF\\baseline\\ui\\We出行\\myinfo.wxml", "child": [], "parent": 5, "matchString": [{"type": "self", "string": "注册信息"}]}, {"id": 7, "type": "view", "string": null, "attribute": {"class": ["contact"]}, "referenceVariable": [], "referenceFunction": [], "style": [], "inheritClass": null, "wxss": [], "page": null, "path": "D:\\WORK\\2021\\MPDF\\baseline\\ui\\We出行\\myinfo.wxml", "child": [8], "parent": 5, "matchString": [{"type": "relation", "string": "输入您的手机号码(必填)"}, {"type": "relation", "string": "pache"}]}, {"id": 8, "type": "input", "string": null, "attribute": {"bindinput": "phoneInput", "maxlength": "11", "placeholder": "输入您的手机号码(必填)", "placeholderclass": "pache", "type": "number", "value": "{{phone}}"}, "referenceVariable": ["phone"], "referenceFunction": ["phoneInput"], "style": [], "inheritClass": null, "wxss": [], "page": null, "path": "D:\\WORK\\2021\\MPDF\\baseline\\ui\\We出行\\myinfo.wxml", "child": [], "parent": 7, "matchString": [{"type": "attr", "string": "输入您的手机号码(必填)"}, {"type": "attr", "string": "pache"}]}, {"id": 9, "type": "view", "string": null, "attribute": {"class": ["contact"]}, "referenceVariable": [], "referenceFunction": [], "style": [], "inheritClass": null, "wxss": [], "page": null, "path": "D:\\WORK\\2021\\MPDF\\baseline\\ui\\We出行\\myinfo.wxml", "child": [10], "parent": 5, "matchString": [{"type": "relation", "string": "输入真实姓名(选填)"}, {"type": "relation", "string": "pache"}]}, {"id": 10, "type": "input", "string": null, "attribute": {"bindinput": "nameInput", "maxlength": "30", "placeholder": "输入真实姓名(选填)", "placeholderclass": "pache", "value": "{{namenum}}"}, "referenceVariable": ["namenum"], "referenceFunction": ["nameInput"], "style": [], "inheritClass": null, "wxss": [], "page": null, "path": "D:\\WORK\\2021\\MPDF\\baseline\\ui\\We出行\\myinfo.wxml", "child": [], "parent": 9, "matchString": [{"type": "attr", "string": "输入真实姓名(选填)"}, {"type": "attr", "string": "pache"}]}, {"id": 11, "type": "view", "string": null, "attribute": {"class": ["contact"]}, "referenceVariable": [], "referenceFunction": [], "style": [], "inheritClass": null, "wxss": [], "page": null, "path": "D:\\WORK\\2021\\MPDF\\baseline\\ui\\We出行\\myinfo.wxml", "child": [12], "parent": 5, "matchString": [{"type": "relation", "string": "输入您的微信号(选填)"}, {"type": "relation", "string": "pache"}]}, {"id": 12, "type": "input", "string": null, "attribute": {"bindinput": "wxInput", "maxlength": "30", "placeholder": "输入您的微信号(选填)", "placeholderclass": "pache", "value": "{{wxnum}}"}, "referenceVariable": ["wxnum"], "referenceFunction": ["wxInput"], "style": [], "inheritClass": null, "wxss": [], "page": null, "path": "D:\\WORK\\2021\\MPDF\\baseline\\ui\\We出行\\myinfo.wxml", "child": [], "parent": 11, "matchString": [{"type": "attr", "string": "输入您的微信号(选填)"}, {"type": "attr", "string": "pache"}]}, {"id": 13, "type": "button", "string": "提交", "attribute": {"bindtap": "onSet", "class": ["confirm"]}, "referenceVariable": [], "referenceFunction": ["onSet"], "style": [], "inheritClass": null, "wxss": [], "page": null, "path": "D:\\WORK\\2021\\MPDF\\baseline\\ui\\We出行\\myinfo.wxml", "child": [], "parent": 2, "matchString": [{"type": "self", "string": "提交"}, {"type": "relation", "string": "提交"}]}, {"id": 14, "type": "view", "string": null, "attribute": {"class": ["shen_title"]}, "referenceVariable": [], "referenceFunction": [], "style": [], "inheritClass": null, "wxss": [], "page": null, "path": "D:\\WORK\\2021\\MPDF\\baseline\\ui\\We出行\\myinfo.wxml", "child": [15], "parent": 2, "matchString": [{"type": "relation", "string": "提交"}]}, {"id": 15, "type": "image", "string": null, "attribute": {"class": ["about"], "src": "/images/about.png"}, "referenceVariable": [], "referenceFunction": [], "style": [], "inheritClass": null, "wxss": [], "page": null, "path": "D:\\WORK\\2021\\MPDF\\baseline\\ui\\We出行\\myinfo.wxml", "child": [], "parent": 14, "matchString": []}, {"id": 16, "type": "view", "string": "1. 在未经您同意及确认之前，We出行承诺不会将您的注册信息用于任何其它商业目的。", "attribute": {"class": ["des"]}, "referenceVariable": [], "referenceFunction": [], "style": [], "inheritClass": null, "wxss": [], "page": null, "path": "D:\\WORK\\2021\\MPDF\\baseline\\ui\\We出行\\myinfo.wxml", "child": [], "parent": 2, "matchString": [{"type": "self", "string": "1. 在未经您同意及确认之前，We出行承诺不会将您的注册信息用于任何其它商业目的。"}, {"type": "relation", "string": "1. 在未经您同意及确认之前，We出行承诺不会将您的注册信息用于任何其它商业目的。"}]}, {"id": 17, "type": "view", "string": "2. 本程序将对您所提供的信息资料进行严格的管理及保护，防止您的信息资料丢失、被盗用或遭篡改。", "attribute": {"class": ["des"]}, "referenceVariable": [], "referenceFunction": [], "style": [], "inheritClass": null, "wxss": [], "page": null, "path": "D:\\WORK\\2021\\MPDF\\baseline\\ui\\We出行\\myinfo.wxml", "child": [], "parent": 2, "matchString": [{"type": "self", "string": "2. 本程序将对您所提供的信息资料进行严格的管理及保护，防止您的信息资料丢失、被盗用或遭篡改。"}, {"type": "relation", "string": "2. 本程序将对您所提供的信息资料进行严格的管理及保护，防止您的信息资料丢失、被盗用或遭篡改。"}]}]