[{"id": 0, "type": "[document]", "string": null, "attribute": {}, "referenceVariable": [], "referenceFunction": [], "style": [], "inheritClass": null, "wxss": [], "page": null, "path": "D:\\WORK\\2021\\MPDF\\baseline\\ui\\RockGuys\\bindCard.wxml", "child": [1, 2, 3, 4], "parent": null, "matchString": [{"type": "relation", "string": "zan-toast"}, {"type": "relation", "string": "{{zanToast:zanToast}}"}, {"type": "relation", "string": "账号信息"}, {"type": "relation", "string": "账户类型"}, {"type": "relation", "string": "\n          {{accountTypes[accountType]}}\n        "}, {"type": "relation", "string": "accountType"}, {"type": "relation", "string": "{{accountTypes}}"}, {"type": "relation", "string": "开户名称"}, {"type": "relation", "string": "accountName"}, {"type": "relation", "string": "银行账户"}, {"type": "relation", "string": "accountNo"}, {"type": "relation", "string": "开户银行"}, {"type": "relation", "string": "bank"}, {"type": "relation", "string": "开户网点"}, {"type": "relation", "string": "outlet"}, {"type": "relation", "string": "税号"}, {"type": "relation", "string": "tax"}, {"type": "relation", "string": "税号或社会统一代码"}, {"type": "relation", "string": "填写个人信息"}, {"type": "relation", "string": "持卡人姓名"}, {"type": "relation", "string": "name"}, {"type": "relation", "string": "身份证号"}, {"type": "relation", "string": "idcard"}, {"type": "relation", "string": "手机号码"}, {"type": "relation", "string": "mobile"}, {"type": "relation", "string": "保存"}, {"type": "relation", "string": "submit"}]}, {"id": 1, "type": "import", "string": null, "attribute": {"src": "/libs/zanui/field/index.wxml"}, "referenceVariable": [], "referenceFunction": [], "style": [], "inheritClass": null, "wxss": [], "page": null, "path": "D:\\WORK\\2021\\MPDF\\baseline\\ui\\RockGuys\\bindCard.wxml", "child": [], "parent": 0, "matchString": []}, {"id": 2, "type": "import", "string": null, "attribute": {"src": "/libs/zanui/toast/index.wxml"}, "referenceVariable": [], "referenceFunction": [], "style": [], "inheritClass": null, "wxss": [], "page": null, "path": "D:\\WORK\\2021\\MPDF\\baseline\\ui\\RockGuys\\bindCard.wxml", "child": [], "parent": 0, "matchString": []}, {"id": 3, "type": "template", "string": null, "attribute": {"is": "zan-toast", "data": "{{zanToast:zanToast}}"}, "referenceVariable": ["zanToast:zanToast"], "referenceFunction": [], "style": [], "inheritClass": null, "wxss": [], "page": null, "path": "D:\\WORK\\2021\\MPDF\\baseline\\ui\\RockGuys\\bindCard.wxml", "child": [], "parent": 0, "matchString": [{"type": "attr", "string": "zan-toast"}, {"type": "attr", "string": "{{zanToast:zanToast}}"}]}, {"id": 4, "type": "view", "string": null, "attribute": {"class": ["container"]}, "referenceVariable": [], "referenceFunction": [], "style": [], "inheritClass": null, "wxss": [], "page": null, "path": "D:\\WORK\\2021\\MPDF\\baseline\\ui\\RockGuys\\bindCard.wxml", "child": [5], "parent": 0, "matchString": [{"type": "relation", "string": "账号信息"}, {"type": "relation", "string": "账户类型"}, {"type": "relation", "string": "\n          {{accountTypes[accountType]}}\n        "}, {"type": "relation", "string": "accountType"}, {"type": "relation", "string": "{{accountTypes}}"}, {"type": "relation", "string": "开户名称"}, {"type": "relation", "string": "accountName"}, {"type": "relation", "string": "银行账户"}, {"type": "relation", "string": "accountNo"}, {"type": "relation", "string": "开户银行"}, {"type": "relation", "string": "bank"}, {"type": "relation", "string": "开户网点"}, {"type": "relation", "string": "outlet"}, {"type": "relation", "string": "税号"}, {"type": "relation", "string": "tax"}, {"type": "relation", "string": "税号或社会统一代码"}, {"type": "relation", "string": "填写个人信息"}, {"type": "relation", "string": "持卡人姓名"}, {"type": "relation", "string": "name"}, {"type": "relation", "string": "身份证号"}, {"type": "relation", "string": "idcard"}, {"type": "relation", "string": "手机号码"}, {"type": "relation", "string": "mobile"}, {"type": "relation", "string": "保存"}, {"type": "relation", "string": "submit"}]}, {"id": 5, "type": "form", "string": null, "attribute": {"bindsubmit": "submit"}, "referenceVariable": [], "referenceFunction": ["submit"], "style": [], "inheritClass": null, "wxss": [], "page": null, "path": "D:\\WORK\\2021\\MPDF\\baseline\\ui\\RockGuys\\bindCard.wxml", "child": [6, 7, 27, 28, 38], "parent": 4, "matchString": [{"type": "relation", "string": "账号信息"}, {"type": "relation", "string": "账户类型"}, {"type": "relation", "string": "\n          {{accountTypes[accountType]}}\n        "}, {"type": "relation", "string": "accountType"}, {"type": "relation", "string": "{{accountTypes}}"}, {"type": "relation", "string": "开户名称"}, {"type": "relation", "string": "accountName"}, {"type": "relation", "string": "银行账户"}, {"type": "relation", "string": "accountNo"}, {"type": "relation", "string": "开户银行"}, {"type": "relation", "string": "bank"}, {"type": "relation", "string": "开户网点"}, {"type": "relation", "string": "outlet"}, {"type": "relation", "string": "税号"}, {"type": "relation", "string": "tax"}, {"type": "relation", "string": "税号或社会统一代码"}, {"type": "relation", "string": "填写个人信息"}, {"type": "relation", "string": "持卡人姓名"}, {"type": "relation", "string": "name"}, {"type": "relation", "string": "身份证号"}, {"type": "relation", "string": "idcard"}, {"type": "relation", "string": "手机号码"}, {"type": "relation", "string": "mobile"}, {"type": "relation", "string": "保存"}, {"type": "relation", "string": "submit"}]}, {"id": 6, "type": "view", "string": "账号信息", "attribute": {"class": ["zan-panel-title"]}, "referenceVariable": [], "referenceFunction": [], "style": [], "inheritClass": null, "wxss": [], "page": null, "path": "D:\\WORK\\2021\\MPDF\\baseline\\ui\\RockGuys\\bindCard.wxml", "child": [], "parent": 5, "matchString": [{"type": "self", "string": "账号信息"}]}, {"id": 7, "type": "view", "string": null, "attribute": {"class": ["zan-panel"]}, "referenceVariable": [], "referenceFunction": [], "style": [], "inheritClass": null, "wxss": [], "page": null, "path": "D:\\WORK\\2021\\MPDF\\baseline\\ui\\RockGuys\\bindCard.wxml", "child": [8, 12, 15, 18, 21, 24], "parent": 5, "matchString": [{"type": "relation", "string": "账户类型"}, {"type": "relation", "string": "\n          {{accountTypes[accountType]}}\n        "}, {"type": "relation", "string": "accountType"}, {"type": "relation", "string": "{{accountTypes}}"}, {"type": "relation", "string": "开户名称"}, {"type": "relation", "string": "accountName"}, {"type": "relation", "string": "银行账户"}, {"type": "relation", "string": "accountNo"}, {"type": "relation", "string": "开户银行"}, {"type": "relation", "string": "bank"}, {"type": "relation", "string": "开户网点"}, {"type": "relation", "string": "outlet"}, {"type": "relation", "string": "税号"}, {"type": "relation", "string": "tax"}, {"type": "relation", "string": "税号或社会统一代码"}]}, {"id": 8, "type": "view", "string": null, "attribute": {"class": ["zan-cell", "zan-field", "zan-cell--access"]}, "referenceVariable": [], "referenceFunction": [], "style": [], "inheritClass": null, "wxss": [], "page": null, "path": "D:\\WORK\\2021\\MPDF\\baseline\\ui\\RockGuys\\bindCard.wxml", "child": [9, 10, 11], "parent": 7, "matchString": [{"type": "relation", "string": "账户类型"}, {"type": "relation", "string": "\n          {{accountTypes[accountType]}}\n        "}, {"type": "relation", "string": "accountType"}, {"type": "relation", "string": "{{accountTypes}}"}]}, {"id": 9, "type": "view", "string": "账户类型", "attribute": {"class": ["zan-cell__hd", "zan-field__title"]}, "referenceVariable": [], "referenceFunction": [], "style": [], "inheritClass": null, "wxss": [], "page": null, "path": "D:\\WORK\\2021\\MPDF\\baseline\\ui\\RockGuys\\bindCard.wxml", "child": [], "parent": 8, "matchString": [{"type": "self", "string": "账户类型"}]}, {"id": 10, "type": "picker", "string": "\n          {{accountTypes[accountType]}}\n        ", "attribute": {"bindchange": "accountTypeChange", "class": ["zan-field__input", "zan-cell__bd"], "mode": "selector", "name": "accountType", "range": "{{accountTypes}}", "value": "{{accountType}}"}, "referenceVariable": ["accountTypes", "accountType"], "referenceFunction": ["accountTypeChange"], "style": [], "inheritClass": null, "wxss": [], "page": null, "path": "D:\\WORK\\2021\\MPDF\\baseline\\ui\\RockGuys\\bindCard.wxml", "child": [], "parent": 8, "matchString": [{"type": "self", "string": "\n          {{accountTypes[accountType]}}\n        "}, {"type": "attr", "string": "accountType"}, {"type": "attr", "string": "{{accountTypes}}"}]}, {"id": 11, "type": "view", "string": null, "attribute": {"class": ["zan-cell__ft"]}, "referenceVariable": [], "referenceFunction": [], "style": [], "inheritClass": null, "wxss": [], "page": null, "path": "D:\\WORK\\2021\\MPDF\\baseline\\ui\\RockGuys\\bindCard.wxml", "child": [], "parent": 8, "matchString": []}, {"id": 12, "type": "view", "string": null, "attribute": {"class": ["zan-cell", "zan-field"], "wx:if": "{{accountType=='1'}}"}, "referenceVariable": ["accountType=='1'"], "referenceFunction": [], "style": [], "inheritClass": null, "wxss": [], "page": null, "path": "D:\\WORK\\2021\\MPDF\\baseline\\ui\\RockGuys\\bindCard.wxml", "child": [13, 14], "parent": 7, "matchString": [{"type": "relation", "string": "开户名称"}, {"type": "relation", "string": "accountName"}]}, {"id": 13, "type": "view", "string": "开户名称", "attribute": {"class": ["zan-cell__hd", "zan-field__title"]}, "referenceVariable": [], "referenceFunction": [], "style": [], "inheritClass": null, "wxss": [], "page": null, "path": "D:\\WORK\\2021\\MPDF\\baseline\\ui\\RockGuys\\bindCard.wxml", "child": [], "parent": 12, "matchString": [{"type": "self", "string": "开户名称"}]}, {"id": 14, "type": "input", "string": null, "attribute": {"class": ["zan-field__input", "zan-cell__bd"], "name": "accountName", "placeholder": "开户名称", "value": "{{accountName}}"}, "referenceVariable": ["accountName"], "referenceFunction": [], "style": [], "inheritClass": null, "wxss": [], "page": null, "path": "D:\\WORK\\2021\\MPDF\\baseline\\ui\\RockGuys\\bindCard.wxml", "child": [], "parent": 12, "matchString": [{"type": "attr", "string": "accountName"}, {"type": "attr", "string": "开户名称"}]}, {"id": 15, "type": "view", "string": null, "attribute": {"class": ["zan-cell", "zan-field"]}, "referenceVariable": [], "referenceFunction": [], "style": [], "inheritClass": null, "wxss": [], "page": null, "path": "D:\\WORK\\2021\\MPDF\\baseline\\ui\\RockGuys\\bindCard.wxml", "child": [16, 17], "parent": 7, "matchString": [{"type": "relation", "string": "银行账户"}, {"type": "relation", "string": "accountNo"}]}, {"id": 16, "type": "view", "string": "银行账户", "attribute": {"class": ["zan-cell__hd", "zan-field__title"]}, "referenceVariable": [], "referenceFunction": [], "style": [], "inheritClass": null, "wxss": [], "page": null, "path": "D:\\WORK\\2021\\MPDF\\baseline\\ui\\RockGuys\\bindCard.wxml", "child": [], "parent": 15, "matchString": [{"type": "self", "string": "银行账户"}]}, {"id": 17, "type": "input", "string": null, "attribute": {"class": ["zan-field__input", "zan-cell__bd"], "name": "accountNo", "placeholder": "银行账户", "value": "{{accountNo}}"}, "referenceVariable": ["accountNo"], "referenceFunction": [], "style": [], "inheritClass": null, "wxss": [], "page": null, "path": "D:\\WORK\\2021\\MPDF\\baseline\\ui\\RockGuys\\bindCard.wxml", "child": [], "parent": 15, "matchString": [{"type": "attr", "string": "accountNo"}, {"type": "attr", "string": "银行账户"}]}, {"id": 18, "type": "view", "string": null, "attribute": {"class": ["zan-cell", "zan-field"]}, "referenceVariable": [], "referenceFunction": [], "style": [], "inheritClass": null, "wxss": [], "page": null, "path": "D:\\WORK\\2021\\MPDF\\baseline\\ui\\RockGuys\\bindCard.wxml", "child": [19, 20], "parent": 7, "matchString": [{"type": "relation", "string": "开户银行"}, {"type": "relation", "string": "bank"}]}, {"id": 19, "type": "view", "string": "开户银行", "attribute": {"class": ["zan-cell__hd", "zan-field__title"]}, "referenceVariable": [], "referenceFunction": [], "style": [], "inheritClass": null, "wxss": [], "page": null, "path": "D:\\WORK\\2021\\MPDF\\baseline\\ui\\RockGuys\\bindCard.wxml", "child": [], "parent": 18, "matchString": [{"type": "self", "string": "开户银行"}]}, {"id": 20, "type": "input", "string": null, "attribute": {"class": ["zan-field__input", "zan-cell__bd"], "name": "bank", "placeholder": "开户银行", "value": "{{bank}}"}, "referenceVariable": ["bank"], "referenceFunction": [], "style": [], "inheritClass": null, "wxss": [], "page": null, "path": "D:\\WORK\\2021\\MPDF\\baseline\\ui\\RockGuys\\bindCard.wxml", "child": [], "parent": 18, "matchString": [{"type": "attr", "string": "bank"}, {"type": "attr", "string": "开户银行"}]}, {"id": 21, "type": "view", "string": null, "attribute": {"class": ["zan-cell", "zan-field"]}, "referenceVariable": [], "referenceFunction": [], "style": [], "inheritClass": null, "wxss": [], "page": null, "path": "D:\\WORK\\2021\\MPDF\\baseline\\ui\\RockGuys\\bindCard.wxml", "child": [22, 23], "parent": 7, "matchString": [{"type": "relation", "string": "开户网点"}, {"type": "relation", "string": "outlet"}]}, {"id": 22, "type": "view", "string": "开户网点", "attribute": {"class": ["zan-cell__hd", "zan-field__title"]}, "referenceVariable": [], "referenceFunction": [], "style": [], "inheritClass": null, "wxss": [], "page": null, "path": "D:\\WORK\\2021\\MPDF\\baseline\\ui\\RockGuys\\bindCard.wxml", "child": [], "parent": 21, "matchString": [{"type": "self", "string": "开户网点"}]}, {"id": 23, "type": "input", "string": null, "attribute": {"class": ["zan-field__input", "zan-cell__bd"], "name": "outlet", "placeholder": "开户网点", "value": "{{outlet}}"}, "referenceVariable": ["outlet"], "referenceFunction": [], "style": [], "inheritClass": null, "wxss": [], "page": null, "path": "D:\\WORK\\2021\\MPDF\\baseline\\ui\\RockGuys\\bindCard.wxml", "child": [], "parent": 21, "matchString": [{"type": "attr", "string": "outlet"}, {"type": "attr", "string": "开户网点"}]}, {"id": 24, "type": "view", "string": null, "attribute": {"class": ["zan-cell", "zan-field"], "wx:if": "{{accountType=='1'}}"}, "referenceVariable": ["accountType=='1'"], "referenceFunction": [], "style": [], "inheritClass": null, "wxss": [], "page": null, "path": "D:\\WORK\\2021\\MPDF\\baseline\\ui\\RockGuys\\bindCard.wxml", "child": [25, 26], "parent": 7, "matchString": [{"type": "relation", "string": "税号"}, {"type": "relation", "string": "tax"}, {"type": "relation", "string": "税号或社会统一代码"}]}, {"id": 25, "type": "view", "string": "税号", "attribute": {"class": ["zan-cell__hd", "zan-field__title"]}, "referenceVariable": [], "referenceFunction": [], "style": [], "inheritClass": null, "wxss": [], "page": null, "path": "D:\\WORK\\2021\\MPDF\\baseline\\ui\\RockGuys\\bindCard.wxml", "child": [], "parent": 24, "matchString": [{"type": "self", "string": "税号"}]}, {"id": 26, "type": "input", "string": null, "attribute": {"class": ["zan-field__input", "zan-cell__bd"], "name": "tax", "placeholder": "税号或社会统一代码", "value": "{{tax}}"}, "referenceVariable": ["tax"], "referenceFunction": [], "style": [], "inheritClass": null, "wxss": [], "page": null, "path": "D:\\WORK\\2021\\MPDF\\baseline\\ui\\RockGuys\\bindCard.wxml", "child": [], "parent": 24, "matchString": [{"type": "attr", "string": "tax"}, {"type": "attr", "string": "税号或社会统一代码"}]}, {"id": 27, "type": "view", "string": "填写个人信息", "attribute": {"class": ["zan-panel-title"]}, "referenceVariable": [], "referenceFunction": [], "style": [], "inheritClass": null, "wxss": [], "page": null, "path": "D:\\WORK\\2021\\MPDF\\baseline\\ui\\RockGuys\\bindCard.wxml", "child": [], "parent": 5, "matchString": [{"type": "self", "string": "填写个人信息"}]}, {"id": 28, "type": "view", "string": null, "attribute": {"class": ["zan-panel"]}, "referenceVariable": [], "referenceFunction": [], "style": [], "inheritClass": null, "wxss": [], "page": null, "path": "D:\\WORK\\2021\\MPDF\\baseline\\ui\\RockGuys\\bindCard.wxml", "child": [29, 32, 35], "parent": 5, "matchString": [{"type": "relation", "string": "持卡人姓名"}, {"type": "relation", "string": "name"}, {"type": "relation", "string": "身份证号"}, {"type": "relation", "string": "idcard"}, {"type": "relation", "string": "手机号码"}, {"type": "relation", "string": "mobile"}]}, {"id": 29, "type": "view", "string": null, "attribute": {"class": ["zan-cell", "zan-field"]}, "referenceVariable": [], "referenceFunction": [], "style": [], "inheritClass": null, "wxss": [], "page": null, "path": "D:\\WORK\\2021\\MPDF\\baseline\\ui\\RockGuys\\bindCard.wxml", "child": [30, 31], "parent": 28, "matchString": [{"type": "relation", "string": "持卡人姓名"}, {"type": "relation", "string": "name"}]}, {"id": 30, "type": "view", "string": "持卡人姓名", "attribute": {"class": ["zan-cell__hd", "zan-field__title"]}, "referenceVariable": [], "referenceFunction": [], "style": [], "inheritClass": null, "wxss": [], "page": null, "path": "D:\\WORK\\2021\\MPDF\\baseline\\ui\\RockGuys\\bindCard.wxml", "child": [], "parent": 29, "matchString": [{"type": "self", "string": "持卡人姓名"}]}, {"id": 31, "type": "input", "string": null, "attribute": {"class": ["zan-field__input", "zan-cell__bd"], "name": "name", "placeholder": "持卡人姓名", "value": "{{name}}"}, "referenceVariable": ["name"], "referenceFunction": [], "style": [], "inheritClass": null, "wxss": [], "page": null, "path": "D:\\WORK\\2021\\MPDF\\baseline\\ui\\RockGuys\\bindCard.wxml", "child": [], "parent": 29, "matchString": [{"type": "attr", "string": "name"}, {"type": "attr", "string": "持卡人姓名"}]}, {"id": 32, "type": "view", "string": null, "attribute": {"class": ["zan-cell", "zan-field"]}, "referenceVariable": [], "referenceFunction": [], "style": [], "inheritClass": null, "wxss": [], "page": null, "path": "D:\\WORK\\2021\\MPDF\\baseline\\ui\\RockGuys\\bindCard.wxml", "child": [33, 34], "parent": 28, "matchString": [{"type": "relation", "string": "身份证号"}, {"type": "relation", "string": "idcard"}]}, {"id": 33, "type": "view", "string": "身份证号", "attribute": {"class": ["zan-cell__hd", "zan-field__title"]}, "referenceVariable": [], "referenceFunction": [], "style": [], "inheritClass": null, "wxss": [], "page": null, "path": "D:\\WORK\\2021\\MPDF\\baseline\\ui\\RockGuys\\bindCard.wxml", "child": [], "parent": 32, "matchString": [{"type": "self", "string": "身份证号"}]}, {"id": 34, "type": "input", "string": null, "attribute": {"class": ["zan-field__input", "zan-cell__bd"], "name": "idcard", "placeholder": "身份证号", "value": "{{idcard}}"}, "referenceVariable": ["idcard"], "referenceFunction": [], "style": [], "inheritClass": null, "wxss": [], "page": null, "path": "D:\\WORK\\2021\\MPDF\\baseline\\ui\\RockGuys\\bindCard.wxml", "child": [], "parent": 32, "matchString": [{"type": "attr", "string": "idcard"}, {"type": "attr", "string": "身份证号"}]}, {"id": 35, "type": "view", "string": null, "attribute": {"class": ["zan-cell", "zan-field"]}, "referenceVariable": [], "referenceFunction": [], "style": [], "inheritClass": null, "wxss": [], "page": null, "path": "D:\\WORK\\2021\\MPDF\\baseline\\ui\\RockGuys\\bindCard.wxml", "child": [36, 37], "parent": 28, "matchString": [{"type": "relation", "string": "手机号码"}, {"type": "relation", "string": "mobile"}]}, {"id": 36, "type": "view", "string": "手机号码", "attribute": {"class": ["zan-cell__hd", "zan-field__title"]}, "referenceVariable": [], "referenceFunction": [], "style": [], "inheritClass": null, "wxss": [], "page": null, "path": "D:\\WORK\\2021\\MPDF\\baseline\\ui\\RockGuys\\bindCard.wxml", "child": [], "parent": 35, "matchString": [{"type": "self", "string": "手机号码"}]}, {"id": 37, "type": "input", "string": null, "attribute": {"class": ["zan-field__input", "zan-cell__bd"], "name": "mobile", "placeholder": "手机号码", "value": "{{mobile}}"}, "referenceVariable": ["mobile"], "referenceFunction": [], "style": [], "inheritClass": null, "wxss": [], "page": null, "path": "D:\\WORK\\2021\\MPDF\\baseline\\ui\\RockGuys\\bindCard.wxml", "child": [], "parent": 35, "matchString": [{"type": "attr", "string": "mobile"}, {"type": "attr", "string": "手机号码"}]}, {"id": 38, "type": "view", "string": null, "attribute": {"class": ["btn"]}, "referenceVariable": [], "referenceFunction": [], "style": [], "inheritClass": null, "wxss": [], "page": null, "path": "D:\\WORK\\2021\\MPDF\\baseline\\ui\\RockGuys\\bindCard.wxml", "child": [39], "parent": 5, "matchString": [{"type": "relation", "string": "保存"}, {"type": "relation", "string": "submit"}]}, {"id": 39, "type": "button", "string": "保存", "attribute": {"class": ["zan-btn", "{{inSubmit?'zan-btn--loading':''}}", "zan-btn--primary"], "formtype": "submit"}, "referenceVariable": ["inSubmit?'zan-btn--loading':''"], "referenceFunction": [], "style": [], "inheritClass": null, "wxss": [], "page": null, "path": "D:\\WORK\\2021\\MPDF\\baseline\\ui\\RockGuys\\bindCard.wxml", "child": [], "parent": 38, "matchString": [{"type": "self", "string": "保存"}, {"type": "attr", "string": "submit"}]}]