[{"file":"/app.js","source2sink":{"source":["wx.login","wx.request"],"sink":["wx.request","wx.showToast","wx.showModal","wx.makePhoneCall"],"pairsOfSource2Sink":[{"source":"wx.login","sink":"wx.request","visitedContent":["e","e.code","o","o","o","code","data"],"uiString":[]},{"source":"wx.request","sink":"wx.showToast","visitedContent":["e","e.data.ret","e.data.ret","e.data.msg","e.data.msg","a","a","a","a","title","title","e.data.ret","e.data.ret","e.data.userInfo","e.data.userInfo","e.data.token","e.data.userInfo","token","t.globalData.userInfo","t.globalData.userInfo"],"uiString":[]},{"source":"wx.request","sink":"wx.showToast","visitedContent":["e","e.data.ret","e.data.ret","e.data.msg","e.data.msg","a","a","a","a","title","title","e.data.ret","e.data.ret","e.data.userInfo","e.data.userInfo","e.data.token","e.data.userInfo","token","t.globalData.userInfo","t.globalData.userInfo"],"uiString":[]},{"source":"wx.request","sink":"wx.showModal","visitedContent":["a","a.data.ret","a.data.ret","a.data.ret","a.data.ret","a.data.ret","a.data.upgrade.msg","a.data.upgrade.msg","a.data.ret","a.data.ret","a.data.upgrade.details","a.data.upgrade.details","a.data.msg","a.data.msg","a.data.ret","a.data.upgrade.call_fee","a.data.upgrade.call_fee","a.data.details","title","a.data.phoneNumber","a.data.msg","a.data.msg","content","phoneNumber","a.data.details","modaltitle","modalcontent"],"uiString":[]},{"source":"wx.request","sink":"wx.showModal","visitedContent":["a","a.data.ret","a.data.ret","a.data.ret","a.data.ret","a.data.ret","a.data.upgrade.msg","a.data.upgrade.msg","a.data.ret","a.data.ret","a.data.upgrade.details","a.data.upgrade.details","a.data.msg","a.data.msg","a.data.ret","a.data.upgrade.call_fee","a.data.upgrade.call_fee","a.data.details","title","a.data.phoneNumber","a.data.msg","a.data.msg","content","phoneNumber","a.data.details","modaltitle","modalcontent"],"uiString":[]},{"source":"wx.request","sink":"wx.makePhoneCall","visitedContent":["a","a.data.ret","a.data.ret","a.data.ret","a.data.ret","a.data.ret","a.data.upgrade.msg","a.data.upgrade.msg","a.data.ret","a.data.ret","a.data.upgrade.details","a.data.upgrade.details","a.data.msg","a.data.msg","a.data.ret","a.data.upgrade.call_fee","a.data.upgrade.call_fee","a.data.details","title","a.data.phoneNumber","a.data.msg","a.data.msg","content","phoneNumber","a.data.details","modaltitle","modalcontent"],"uiString":[]}]}},{"file":"/pages/account/index.js","source2sink":{"source":["wx.request","wx.chooseImage","wx.getStorageSync","wx.openSetting","openchat","setting","updateinfo"],"sink":["wx.showToast","wx.showModal","console.log","wx.request"],"pairsOfSource2Sink":[{"source":"wx.request","sink":"wx.showToast","visitedContent":["t","t.data.ret","t.data.ret","t.data.msg","t.data.msg","a","a","a","a","title","title","t.data.msg","content"],"uiString":[]},{"source":"wx.request","sink":"wx.showToast","visitedContent":["t","t.data.ret","t.data.ret","t.data.msg","t.data.msg","a","a","a","a","title","title","t.data.msg","content"],"uiString":[]},{"source":"wx.request","sink":"wx.showModal","visitedContent":["t","t.data.ret","t.data.ret","t.data.msg","t.data.msg","a","a","a","a","title","title","t.data.msg","content"],"uiString":[]},{"source":"wx.request","sink":"console.log","visitedContent":["a","a"],"uiString":[]},{"source":"updateinfo","sink":"wx.request","visitedContent":["t","t.detail.errMsg","t.detail.userInfo.avatarUrl","t.detail.userInfo.avatarUrl","t.detail.userInfo.nickName","t.detail.userInfo.nickName","a.globalData.userInfo.avatars","t.detail.userInfo.nickName","t.detail.userInfo.nickName","a.globalData.userInfo.username","t.detail.userInfo.avatarUrl","t.detail.userInfo.avatarUrl","t.detail.userInfo.nickName","t.detail.userInfo.nickName","t.detail.userInfo.avatarUrl","username","avatars","data"],"uiString":["updateinfo","getUserInfo"]}]}},{"file":"/pages/accountpoint/index.js","source2sink":{"source":["wx.getSystemInfo","wx.request"],"sink":["wx.showToast"],"pairsOfSource2Sink":[{"source":"wx.request","sink":"wx.showToast","visitedContent":["e","e.data.ret","e.data.ret","e.data.order_id","e.data.msg","e.data.msg","a","a","a","a","title","title","url"],"uiString":[]},{"source":"wx.request","sink":"wx.showToast","visitedContent":["e","e.data.ret","e.data.ret","e.data.order_id","e.data.msg","e.data.msg","a","a","a","a","title","title","url"],"uiString":[]}]}},{"file":"/pages/activity/activity.js","source2sink":{"source":["wx.request"],"sink":[],"pairsOfSource2Sink":[]}},{"file":"/pages/answer/index.js","source2sink":{"source":["wx.getStorageSync","wx.request","register","formSubmit","restart","gotop","gonext"],"sink":["wx.showToast","wx.request"],"pairsOfSource2Sink":[{"source":"wx.request","sink":"wx.showToast","visitedContent":["e","e.data.ret","e.data.ret","e.data.msg","e.data.msg","a","a","a","a","title","title","e.data.userInfo"],"uiString":[]},{"source":"wx.request","sink":"wx.showToast","visitedContent":["e","e.data.ret","e.data.ret","e.data.msg","e.data.msg","a","a","a","a","title","title","e.data.userInfo"],"uiString":[]},{"source":"register","sink":"wx.request","visitedContent":["e","e.detail.encryptedData","e.detail.encryptedData","e.detail.encryptedData","e.detail.iv","encryptedData","encryptedData","iv","iv","a","a","data"],"uiString":["register","getUserInfo"]},{"source":"formSubmit","sink":"wx.request","visitedContent":["e","e.detail.formId","formId","data"],"uiString":["gonext","submit","btnLpk","share","继续闯关","发起挑战","formSubmit"]}]}},{"file":"/pages/answer/start.js","source2sink":{"source":["wx.request","register","startgame","paihang","tiaozhan"],"sink":["wx.showToast","wx.request"],"pairsOfSource2Sink":[{"source":"wx.request","sink":"wx.showToast","visitedContent":["t","t.data.ret","t.data.ret","t.data.msg","t.data.msg","a","a","a","a","title","title","t.data.userInfo"],"uiString":[]},{"source":"wx.request","sink":"wx.showToast","visitedContent":["t","t.data.ret","t.data.ret","t.data.msg","t.data.msg","a","a","a","a","title","title","t.data.userInfo"],"uiString":[]},{"source":"register","sink":"wx.request","visitedContent":["t","t.detail.encryptedData","t.detail.encryptedData","t.detail.encryptedData","t.detail.iv","encryptedData","encryptedData","iv","iv","e","e","data"],"uiString":["register","startgame","{{!userInfo.avatars?'getUserInfo':''}}","paihang","tiaozhan","{{!userInfo.avatars?'getUserInfo':'share'}}"]},{"source":"register","sink":"wx.request","visitedContent":["t","t.detail.encryptedData","t.detail.encryptedData","t.detail.encryptedData","t.detail.iv","encryptedData","encryptedData","iv","iv","e","e","data"],"uiString":["register","startgame","{{!userInfo.avatars?'getUserInfo':''}}","paihang","tiaozhan","{{!userInfo.avatars?'getUserInfo':'share'}}"]},{"source":"register","sink":"wx.request","visitedContent":["t","t.detail.encryptedData","t.detail.encryptedData","t.detail.encryptedData","t.detail.iv","encryptedData","encryptedData","iv","iv","e","e","data"],"uiString":["register","tiaozhan"]}]}},{"file":"/pages/answertop/index.js","source2sink":{"source":["wx.request","redo"],"sink":[],"pairsOfSource2Sink":[]}},{"file":"/pages/auth/info.js","source2sink":{"source":["wx.getSetting","wx.getLocation","auth"],"sink":[],"pairsOfSource2Sink":[]}},{"file":"/pages/colles/colles.js","source2sink":{"source":["wx.request","onCancel","onConfirm"],"sink":["wx.makePhoneCall","wx.showToast","wx.request","wx.requestPayment","wx.showModal"],"pairsOfSource2Sink":[{"source":"wx.request","sink":"wx.makePhoneCall","visitedContent":["o","o.data.ret","o.data.ret","o.data.phoneNumber","o.data.ret","o.data.ret","phoneNumber","o.data.msg","o.data.msg","a","a","a","a","title","title","o.data.ret","o.data.price","o.data.price","o.data.price","a","a","total_fee","data","o.data.phoneNumber"],"uiString":[]},{"source":"wx.request","sink":"wx.showToast","visitedContent":["o","o.data.ret","o.data.ret","o.data.phoneNumber","o.data.ret","o.data.ret","phoneNumber","o.data.msg","o.data.msg","a","a","a","a","title","title","o.data.ret","o.data.price","o.data.price","o.data.price","a","a","total_fee","data","o.data.phoneNumber"],"uiString":[]},{"source":"wx.request","sink":"wx.showToast","visitedContent":["o","o.data.ret","o.data.ret","o.data.phoneNumber","o.data.ret","o.data.ret","phoneNumber","o.data.msg","o.data.msg","a","a","a","a","title","title","o.data.ret","o.data.price","o.data.price","o.data.price","a","a","total_fee","data","o.data.phoneNumber"],"uiString":[]},{"source":"wx.request","sink":"wx.request","visitedContent":["o","o.data.ret","o.data.ret","o.data.phoneNumber","o.data.ret","o.data.ret","phoneNumber","o.data.msg","o.data.msg","a","a","a","a","title","title","o.data.ret","o.data.price","o.data.price","o.data.price","a","a","total_fee","data","o.data.phoneNumber"],"uiString":[]},{"source":"wx.request","sink":"wx.showToast","visitedContent":["a","a.data.ret","a.data.ret","a.data.data.timeStamp","a.data.data.timeStamp","a.data.msg","a.data.msg","a","a","a","a","title","title","a.data.data.nonceStr","a.data.data.nonceStr","timeStamp","a.data.data.package","a.data.data.package","nonceStr","a.data.data.signType","a.data.data.signType","package","a.data.data.paySign","signType","paySign"],"uiString":[]},{"source":"wx.request","sink":"wx.showToast","visitedContent":["a","a.data.ret","a.data.ret","a.data.data.timeStamp","a.data.data.timeStamp","a.data.msg","a.data.msg","a","a","a","a","title","title","a.data.data.nonceStr","a.data.data.nonceStr","timeStamp","a.data.data.package","a.data.data.package","nonceStr","a.data.data.signType","a.data.data.signType","package","a.data.data.paySign","signType","paySign"],"uiString":[]},{"source":"wx.request","sink":"wx.requestPayment","visitedContent":["a","a.data.ret","a.data.ret","a.data.data.timeStamp","a.data.data.timeStamp","a.data.msg","a.data.msg","a","a","a","a","title","title","a.data.data.nonceStr","a.data.data.nonceStr","timeStamp","a.data.data.package","a.data.data.package","nonceStr","a.data.data.signType","a.data.data.signType","package","a.data.data.paySign","signType","paySign"],"uiString":[]},{"source":"wx.request","sink":"wx.requestPayment","visitedContent":["a","a.data.ret","a.data.ret","a.data.data.timeStamp","a.data.data.timeStamp","a.data.msg","a.data.msg","a","a","a","a","title","title","a.data.data.nonceStr","a.data.data.nonceStr","timeStamp","a.data.data.package","a.data.data.package","nonceStr","a.data.data.signType","a.data.data.signType","package","a.data.data.paySign","signType","paySign"],"uiString":[]},{"source":"wx.request","sink":"wx.requestPayment","visitedContent":["a","a.data.ret","a.data.ret","a.data.data.timeStamp","a.data.data.timeStamp","a.data.msg","a.data.msg","a","a","a","a","title","title","a.data.data.nonceStr","a.data.data.nonceStr","timeStamp","a.data.data.package","a.data.data.package","nonceStr","a.data.data.signType","a.data.data.signType","package","a.data.data.paySign","signType","paySign"],"uiString":[]},{"source":"wx.request","sink":"wx.requestPayment","visitedContent":["a","a.data.ret","a.data.ret","a.data.data.timeStamp","a.data.data.timeStamp","a.data.msg","a.data.msg","a","a","a","a","title","title","a.data.data.nonceStr","a.data.data.nonceStr","timeStamp","a.data.data.package","a.data.data.package","nonceStr","a.data.data.signType","a.data.data.signType","package","a.data.data.paySign","signType","paySign"],"uiString":[]},{"source":"wx.request","sink":"wx.requestPayment","visitedContent":["a","a.data.ret","a.data.ret","a.data.data.timeStamp","a.data.data.timeStamp","a.data.msg","a.data.msg","a","a","a","a","title","title","a.data.data.nonceStr","a.data.data.nonceStr","timeStamp","a.data.data.package","a.data.data.package","nonceStr","a.data.data.signType","a.data.data.signType","package","a.data.data.paySign","signType","paySign"],"uiString":[]},{"source":"wx.request","sink":"wx.showToast","visitedContent":["e","e.data.ret","e.data.ret","e.data.ret","e.data.ret","e.data.ret","e.data.msg","e.data.msg","e.data.ret","e.data.msg","e.data.msg","a","a","a","a","title","title","e.data.details","title","e.data.msg","e.data.msg","content","e.data.details","e.data.details","modaltitle","e.data.ret","modalcontent","e.data.phoneNumber","phoneNumber"],"uiString":[]},{"source":"wx.request","sink":"wx.showToast","visitedContent":["e","e.data.ret","e.data.ret","e.data.ret","e.data.ret","e.data.ret","e.data.msg","e.data.msg","e.data.ret","e.data.msg","e.data.msg","a","a","a","a","title","title","e.data.details","title","e.data.msg","e.data.msg","content","e.data.details","e.data.details","modaltitle","e.data.ret","modalcontent","e.data.phoneNumber","phoneNumber"],"uiString":[]},{"source":"wx.request","sink":"wx.showModal","visitedContent":["e","e.data.ret","e.data.ret","e.data.ret","e.data.ret","e.data.ret","e.data.msg","e.data.msg","e.data.ret","e.data.msg","e.data.msg","a","a","a","a","title","title","e.data.details","title","e.data.msg","e.data.msg","content","e.data.details","e.data.details","modaltitle","e.data.ret","modalcontent","e.data.phoneNumber","phoneNumber"],"uiString":[]},{"source":"wx.request","sink":"wx.showModal","visitedContent":["e","e.data.ret","e.data.ret","e.data.ret","e.data.ret","e.data.ret","e.data.msg","e.data.msg","e.data.ret","e.data.msg","e.data.msg","a","a","a","a","title","title","e.data.details","title","e.data.msg","e.data.msg","content","e.data.details","e.data.details","modaltitle","e.data.ret","modalcontent","e.data.phoneNumber","phoneNumber"],"uiString":[]},{"source":"wx.request","sink":"wx.makePhoneCall","visitedContent":["e","e.data.ret","e.data.ret","e.data.ret","e.data.ret","e.data.ret","e.data.msg","e.data.msg","e.data.ret","e.data.msg","e.data.msg","a","a","a","a","title","title","e.data.details","title","e.data.msg","e.data.msg","content","e.data.details","e.data.details","modaltitle","e.data.ret","modalcontent","e.data.phoneNumber","phoneNumber"],"uiString":[]}]}},{"file":"/pages/dealt/dealt.js","source2sink":{"source":["wx.request"],"sink":[],"pairsOfSource2Sink":[]}},{"file":"/pages/deviceadd/index.js","source2sink":{"source":["wx.request","wx.getStorageSync","wx.getLocation","wx.chooseImage","wx.chooseLocation","formSubmit","changecattalog","change_options","change_options_input","changeyear","removeckprice","getPhoneNumber","openmap","removeckintroduce"],"sink":["wx.showModal","wx.setStorageSync","wx.request","wx.uploadFile","wx.showToast","wx.setStorage"],"pairsOfSource2Sink":[{"source":"wx.request","sink":"wx.showModal","visitedContent":["t","t.data.ret","t.data.ret","t.data.data.cert","t.data.data.cert","t.data.ret","t.data.ret","t.data.data","t.data.msg","t.data.ret","userinfo","content","t.data.msg","content"],"uiString":[]},{"source":"wx.request","sink":"wx.showModal","visitedContent":["t","t.data.ret","t.data.ret","t.data.data.cert","t.data.data.cert","t.data.ret","t.data.ret","t.data.data","t.data.msg","t.data.ret","userinfo","content","t.data.msg","content"],"uiString":[]},{"source":"wx.request","sink":"wx.setStorageSync","visitedContent":["e","e.data.data.catalog_list","e.data.data.catalog_list","e.data.data","cattalog_array","t","t"],"uiString":[]},{"source":"wx.getLocation","sink":"wx.request","visitedContent":["t","t.latitude","t.latitude","t.longitude","t.longitude","t.latitude","t.latitude","t.latitude","a","a","x","data","t.longitude"],"uiString":[]},{"source":"wx.chooseImage","sink":"wx.uploadFile","visitedContent":["t","t.tempFilePaths","t.tempFilePaths","t.tempFilePaths[0]","image_cert","filePath"],"uiString":[]},{"source":"wx.request","sink":"wx.request","visitedContent":["a","a.data.ret","a.data.ret","a.data.device_id","a.data.device_id","a","a","device_id","data","a.data.device_id","a.data.msg","a.data.msg","a","a","a","a","title","title","a.data.share_msg","a.data.share_msg","a.data.msg","share_msg","share_text","data"],"uiString":[]},{"source":"wx.request","sink":"wx.showToast","visitedContent":["a","a.data.ret","a.data.ret","a.data.device_id","a.data.device_id","a","a","device_id","data","a.data.device_id","a.data.msg","a.data.msg","a","a","a","a","title","title","a.data.share_msg","a.data.share_msg","a.data.msg","share_msg","share_text","data"],"uiString":[]},{"source":"wx.request","sink":"wx.showToast","visitedContent":["a","a.data.ret","a.data.ret","a.data.device_id","a.data.device_id","a","a","device_id","data","a.data.device_id","a.data.msg","a.data.msg","a","a","a","a","title","title","a.data.share_msg","a.data.share_msg","a.data.msg","share_msg","share_text","data"],"uiString":[]},{"source":"wx.request","sink":"wx.setStorage","visitedContent":["a","a.data.ret","a.data.ret","a.data.device_id","a.data.device_id","a","a","device_id","data","a.data.device_id","a.data.msg","a.data.msg","a","a","a","a","title","title","a.data.share_msg","a.data.share_msg","a.data.msg","share_msg","share_text","data"],"uiString":[]},{"source":"formSubmit","sink":"wx.request","visitedContent":["a","a.detail.formId","a.detail.value.catname","a.detail.value.catname","a.detail.value.ccyear","a.detail.value.ccyear","c","a.detail.value.introduce","a.detail.value.introduce","d","c","a.detail.value.address","a.detail.value.address","l","d","catname","catname","a.detail.value.ownerphone","a.detail.value.ownerphone","u","l","d","d","_","_","a.detail.value.contact_name","a.detail.value.contact_name","p","u","l","l","ck_ccyear","d","data","a.detail.value.price","a.detail.value.price","h","p","p","u","u","ck_introduce","l","l","ccyear","ccyear","h.length","m","h","ck_ownerphone","p","ck_address","u","l","introduce","introduce","h.length","contact_name","contact_name","ownerphone","ownerphone","address","address","introduce","ck_contact_name","data"],"uiString":["showmore","{{options_array}}","options","{{textshow}}","{{userinfo.cert==''}}","{{!userinfo.contact_name}}","{{!userinfo.mobile}}","{{userinfo.contact_name}}","{{userinfo.mobile}}","{{showmore_txt}}","{{submit?true:false}}","submit","{{submit}}","发布设备","changecattalog","true","catname","请选择分类","{{ck_cattalog}}","change_options","{{item.oid}}","op[{{item.oid}}]","{{item.placeholder}}","{{item.value_array.length}}","change_options_input","","{{item.ck_options}}","changeyear","ccyear","请选择年份","{{ck_ccyear}}","removeckprice","{{pricefocus}}","price","转让价","{{ck_price}}","contact_name","联系人姓名","{{ck_contact_name}}","ownerphone","{{ck_ownerphone}}","getPhoneNumber","/pages/phonenumber/phonenumber","openmap","address","{{ck_address}}","设备类型:","{{item.fieldname}}:","出厂年份:","转让价格:","联系人:","手机号:","点击输入","联系电话:","设备地址:","removeckintroduce","introduce","工作状况...","uploaderFiles","{{deviceimage_cnt<9}}","设备介绍:","{{ck_introduce}}"," 40个字以内","设备图片:","{{ck_image}}"," 3-9张","delimage","{{index}}","{{image}}","item","uploadimg","{{cert_label}}","{{ck_image_cert}}","(必须清晰无遮盖,不对外公开)","uploadcert","{{!image_cert}}","添加图片","(验证资料)","{{image_cert}}","formSubmit"]},{"source":"formSubmit","sink":"wx.setStorage","visitedContent":["a","a.detail.formId","a.detail.value.catname","a.detail.value.catname","a.detail.value.ccyear","a.detail.value.ccyear","c","a.detail.value.introduce","a.detail.value.introduce","d","c","a.detail.value.address","a.detail.value.address","l","d","catname","catname","a.detail.value.ownerphone","a.detail.value.ownerphone","u","l","d","d","_","_","a.detail.value.contact_name","a.detail.value.contact_name","p","u","l","l","ck_ccyear","d","data","a.detail.value.price","a.detail.value.price","h","p","p","u","u","ck_introduce","l","l","ccyear","ccyear","h.length","m","h","ck_ownerphone","p","ck_address","u","l","introduce","introduce","h.length","contact_name","contact_name","ownerphone","ownerphone","address","address","introduce","ck_contact_name","data"],"uiString":["showmore","{{options_array}}","options","{{textshow}}","{{userinfo.cert==''}}","{{!userinfo.contact_name}}","{{!userinfo.mobile}}","{{userinfo.contact_name}}","{{userinfo.mobile}}","{{showmore_txt}}","{{submit?true:false}}","submit","{{submit}}","发布设备","changecattalog","true","catname","请选择分类","{{ck_cattalog}}","change_options","{{item.oid}}","op[{{item.oid}}]","{{item.placeholder}}","{{item.value_array.length}}","change_options_input","","{{item.ck_options}}","changeyear","ccyear","请选择年份","{{ck_ccyear}}","removeckprice","{{pricefocus}}","price","转让价","{{ck_price}}","contact_name","联系人姓名","{{ck_contact_name}}","ownerphone","{{ck_ownerphone}}","getPhoneNumber","/pages/phonenumber/phonenumber","openmap","address","{{ck_address}}","设备类型:","{{item.fieldname}}:","出厂年份:","转让价格:","联系人:","手机号:","点击输入","联系电话:","设备地址:","removeckintroduce","introduce","工作状况...","uploaderFiles","{{deviceimage_cnt<9}}","设备介绍:","{{ck_introduce}}"," 40个字以内","设备图片:","{{ck_image}}"," 3-9张","delimage","{{index}}","{{image}}","item","uploadimg","{{cert_label}}","{{ck_image_cert}}","(必须清晰无遮盖,不对外公开)","uploadcert","{{!image_cert}}","添加图片","(验证资料)","{{image_cert}}","formSubmit"]},{"source":"getPhoneNumber","sink":"wx.request","visitedContent":["a","a.detail.errMsg","a.detail.encryptedData","a.detail.encryptedData","a.detail.iv","encryptedData","iv","data"],"uiString":["点击输入","getPhoneNumber"]}]}},{"file":"/pages/deviceaddq/index.js","source2sink":{"source":["wx.chooseLocation","wx.request","wx.downloadFile","wx.chooseImage","wx.getLocation","wx.getStorageSync","formSubmit","changecattalog","changebrand","changeyear","hasval","getPhoneNumber","openmap"],"sink":["console.log","wx.setStorage","wx.request","wx.showToast","wx.setStorageSync"],"pairsOfSource2Sink":[{"source":"wx.chooseImage","sink":"console.log","visitedContent":["t","t.tempFiles.length","t.tempFiles[r].path","t.tempFiles[r].path","t.tempFilePaths","t.tempFilePaths","o.push","previewImage","o","o","e.data.equipmentPic","o","o","e.data.equipmentPic","o","equipmentPic"],"uiString":[]},{"source":"wx.chooseImage","sink":"console.log","visitedContent":["t","t.tempFiles.length","t.tempFiles[r].path","t.tempFiles[r].path","t.tempFilePaths","t.tempFilePaths","o.push","previewImage","o","o","e.data.equipmentPic","o","o","e.data.equipmentPic","o","equipmentPic"],"uiString":[]},{"source":"wx.request","sink":"wx.setStorage","visitedContent":["e","e.data.share_msg","e.data.share_msg","e.data.msg","e.data.msg","share_msg","e.data.share_msg","e.data.share_msg","share_text","e.data.msg","e.data.msg","share_msg","e.data.ret","e.data.ret","share_text","data","e.data.device_id","e.data.device_id","e","e","device_id","data","e.data.msg","e.data.msg","a","a","a","a","title","title"],"uiString":[]},{"source":"wx.request","sink":"wx.request","visitedContent":["e","e.data.share_msg","e.data.share_msg","e.data.msg","e.data.msg","share_msg","e.data.share_msg","e.data.share_msg","share_text","e.data.msg","e.data.msg","share_msg","e.data.ret","e.data.ret","share_text","data","e.data.device_id","e.data.device_id","e","e","device_id","data","e.data.msg","e.data.msg","a","a","a","a","title","title"],"uiString":[]},{"source":"wx.request","sink":"wx.showToast","visitedContent":["e","e.data.share_msg","e.data.share_msg","e.data.msg","e.data.msg","share_msg","e.data.share_msg","e.data.share_msg","share_text","e.data.msg","e.data.msg","share_msg","e.data.ret","e.data.ret","share_text","data","e.data.device_id","e.data.device_id","e","e","device_id","data","e.data.msg","e.data.msg","a","a","a","a","title","title"],"uiString":[]},{"source":"wx.request","sink":"wx.showToast","visitedContent":["e","e.data.share_msg","e.data.share_msg","e.data.msg","e.data.msg","share_msg","e.data.share_msg","e.data.share_msg","share_text","e.data.msg","e.data.msg","share_msg","e.data.ret","e.data.ret","share_text","data","e.data.device_id","e.data.device_id","e","e","device_id","data","e.data.msg","e.data.msg","a","a","a","a","title","title"],"uiString":[]},{"source":"wx.getLocation","sink":"wx.request","visitedContent":["t","t.latitude","t.latitude","t.longitude","t.longitude","t.latitude","t.latitude","t.latitude","e","e","x","data","t.longitude"],"uiString":[]},{"source":"wx.request","sink":"wx.setStorageSync","visitedContent":["a","a.data.data","a.data.data","a.data.data.option_list[0].value","a.data.data.option_list[0].value","a.data.data.catalog_list","brand_array","cattalog_array"],"uiString":[]},{"source":"formSubmit","sink":"wx.request","visitedContent":["e","e.detail.formId","e.detail.formId","e.detail.value.catname","e.detail.value.catname","e.detail.value.brand","e.detail.value.brand","r","e.detail.value.ccyear","e.detail.value.ccyear","d","r","e.detail.value.introduce","e.detail.value.introduce","n","d","catname","e.detail.value.address","e.detail.value.address","i","n","d","d","data","e.detail.value.ownerphone","e.detail.value.ownerphone","c","i","i","n","n","ck_brand","d","e.detail.value.contact_name","e.detail.value.contact_name","s","c","t.data.introduce","i","ck_ccyear","n","brand","e.detail.value.price","e.detail.value.price","u","s","s","c","c","t.data.introduce","i","i","ccyear","e.detail.value.model","e.detail.value.model","m","u","ck_ownerphone","s","ck_address","c","introduce","ck_introduce","i","h.length","h","m","m","contact_name","ownerphone","address","data","introduce","u.length","h","t.data.price","m","u.length","u.length","model","t.data.price","m","h.length","ck_contact_name","price","m","ck_model","m","m","ck_price","m","price"],"uiString":["showmore","{{textshow}}","{{!userinfo.contact_name}}","{{!userinfo.mobile}}","{{userinfo.contact_name}}","{{userinfo.mobile}}","{{showmore_txt}}","{{notes?true:false}}","submit","{{submit}}","下一步","changecattalog","true","catname","请选择分类","{{ck_cattalog}}","changebrand","brand","请选择品牌","{{ck_brand}}","changeyear","ccyear","请选择年份","{{ck_ccyear}}","","hasval","model","请输入设备型号","{{pricefocus}}","{{ck_model}}","price","转让价格","{{ck_price}}","contact_name","联系人姓名","{{ck_contact_name}}","ownerphone","{{ck_ownerphone}}","getPhoneNumber","/pages/phonenumber/phonenumber","openmap","address","{{ck_address}}","设备类型","设备品牌","出厂年份","设备型号","联系人","手机号","点击输入","联系电话","设备地址","introduce","手续、分期、工作时长、工作状况等...","uploaderFiles","{{deviceimage_cnt<9}}","设备介绍","{{ck_introduce}}"," 80个字以内","设备图片","{{ck_image}}"," 3-9张","{{image}}","item","uploadimg","previewImage","{{index}}","delimage","添加图片","formSubmit"]},{"source":"formSubmit","sink":"wx.setStorage","visitedContent":["e","e.detail.formId","e.detail.formId","e.detail.value.catname","e.detail.value.catname","e.detail.value.brand","e.detail.value.brand","r","e.detail.value.ccyear","e.detail.value.ccyear","d","r","e.detail.value.introduce","e.detail.value.introduce","n","d","catname","e.detail.value.address","e.detail.value.address","i","n","d","d","data","e.detail.value.ownerphone","e.detail.value.ownerphone","c","i","i","n","n","ck_brand","d","e.detail.value.contact_name","e.detail.value.contact_name","s","c","t.data.introduce","i","ck_ccyear","n","brand","e.detail.value.price","e.detail.value.price","u","s","s","c","c","t.data.introduce","i","i","ccyear","e.detail.value.model","e.detail.value.model","m","u","ck_ownerphone","s","ck_address","c","introduce","ck_introduce","i","h.length","h","m","m","contact_name","ownerphone","address","data","introduce","u.length","h","t.data.price","m","u.length","u.length","model","t.data.price","m","h.length","ck_contact_name","price","m","ck_model","m","m","ck_price","m","price"],"uiString":["showmore","{{textshow}}","{{!userinfo.contact_name}}","{{!userinfo.mobile}}","{{userinfo.contact_name}}","{{userinfo.mobile}}","{{showmore_txt}}","{{notes?true:false}}","submit","{{submit}}","下一步","changecattalog","true","catname","请选择分类","{{ck_cattalog}}","changebrand","brand","请选择品牌","{{ck_brand}}","changeyear","ccyear","请选择年份","{{ck_ccyear}}","","hasval","model","请输入设备型号","{{pricefocus}}","{{ck_model}}","price","转让价格","{{ck_price}}","contact_name","联系人姓名","{{ck_contact_name}}","ownerphone","{{ck_ownerphone}}","getPhoneNumber","/pages/phonenumber/phonenumber","openmap","address","{{ck_address}}","设备类型","设备品牌","出厂年份","设备型号","联系人","手机号","点击输入","联系电话","设备地址","introduce","手续、分期、工作时长、工作状况等...","uploaderFiles","{{deviceimage_cnt<9}}","设备介绍","{{ck_introduce}}"," 80个字以内","设备图片","{{ck_image}}"," 3-9张","{{image}}","item","uploadimg","previewImage","{{index}}","delimage","添加图片","formSubmit"]},{"source":"getPhoneNumber","sink":"wx.request","visitedContent":["e","e.detail.errMsg","e.detail.encryptedData","e.detail.encryptedData","e.detail.iv","encryptedData","iv","data"],"uiString":["点击输入","getPhoneNumber"]}]}},{"file":"/pages/deviceedit/index.js","source2sink":{"source":["wx.request","wx.getStorageSync","wx.getLocation","wx.chooseImage","wx.chooseLocation","formSubmit","changecattalog","change_options","change_options_input","changeyear","openmap"],"sink":["wx.request","wx.setStorageSync","console.log","wx.uploadFile","wx.showToast"],"pairsOfSource2Sink":[{"source":"wx.request","sink":"wx.request","visitedContent":["t","t.data.data","t.data.data","e.catid","e.catid","e.catid","a","a","sub_catid","data","e.options","e.options","e.server_image","e.server_image","e.images_cert_server","e.images_cert_server","e.catid","e.catid","e.ownername","e.ownername","e.ownerphone","e.ownerphone","contact_name","e.address","e.address","mobile","a.data.userinfo","e.catid","address","a.data.userinfo","e.catid","userinfo","e.catname","e.catname","e.image.length","e.image.length","selectedcatname","e.image","e.image","deviceimage_cnt","e.images_cert","e.images_cert","image","e.cctime","e.cctime","image_cert","e.price","e.price","ccyear_text","e.introduce","price","introduce"],"uiString":[]},{"source":"wx.request","sink":"wx.setStorageSync","visitedContent":["t","t.data.data.catalog_list","t.data.data.catalog_list","t.data.data","cattalog_array","e","e"],"uiString":[]},{"source":"wx.request","sink":"console.log","visitedContent":["a","a.data"],"uiString":[]},{"source":"wx.getLocation","sink":"wx.request","visitedContent":["e","e.latitude","e.latitude","e.longitude","e.longitude","e.latitude","e.latitude","e.latitude","a","a","x","data","e.longitude"],"uiString":[]},{"source":"wx.chooseImage","sink":"wx.uploadFile","visitedContent":["e","e.tempFilePaths","e.tempFilePaths","e.tempFilePaths[0]","image_cert","filePath"],"uiString":[]},{"source":"wx.request","sink":"wx.showToast","visitedContent":["a","a.data.ret","a.data.ret","a.data.msg","a.data.msg","a","a","a","a","title","title","a.data.msg","a.data.msg","a.data.device_id","a.data.device_id","a","a","device_id","data"],"uiString":[]},{"source":"wx.request","sink":"wx.showToast","visitedContent":["a","a.data.ret","a.data.ret","a.data.msg","a.data.msg","a","a","a","a","title","title","a.data.msg","a.data.msg","a.data.device_id","a.data.device_id","a","a","device_id","data"],"uiString":[]},{"source":"wx.request","sink":"wx.request","visitedContent":["a","a.data.ret","a.data.ret","a.data.msg","a.data.msg","a","a","a","a","title","title","a.data.msg","a.data.msg","a.data.device_id","a.data.device_id","a","a","device_id","data"],"uiString":[]},{"source":"formSubmit","sink":"wx.request","visitedContent":["a","a.detail.formId","a.detail.value","a.detail.value.catname","a.detail.value.catname","a.detail.value.ccyear","a.detail.value.ccyear","c","a.detail.value.introduce","a.detail.value.introduce","d","c","a.detail.value.address","a.detail.value.address","l","d","catname","catname","a.detail.value.ownerphone","a.detail.value.ownerphone","u","l","d","d","f","f","a.detail.value.contact_name","a.detail.value.contact_name","p","u","l","l","ck_ccyear","d","data","a.detail.value.price","a.detail.value.price","g","p","p","u","u","ck_introduce","l","ccyear","ccyear","g.length","h","g","ck_ownerphone","p","ck_address","u","introduce","introduce","g.length","h","contact_name","contact_name","ownerphone","ownerphone","address","address","ck_contact_name","h","h","h","h","ck_price","h","price","price"],"uiString":["showmore","{{options_array}}","optionsitem","{{textshow}}","{{showmore_txt}}","{{submit?true:false}}","submit","{{submit}}","更新设备","changecattalog","true","catname","请选择分类","{{ck_cattalog}}","change_options","{{item.oid}}","op[{{item.oid}}]","{{item.placeholder}}","{{item.value_array.length}}","change_options_input","","{{item.ck_options}}","changeyear","ccyear","请选择年份","{{ck_ccyear}}","{{pricefocus}}","price","转让价","{{ck_price}}","contact_name","联系人姓名","{{ck_contact_name}}","/pages/phonenumber/phonenumber","{{ck_ownerphone}}","openmap","address","{{ck_address}}","设备类型:","{{item.fieldname}}:","出厂年份:","转让价格:","联系人:","联系电话:","ownerphone","设备地址:","introduce","工作状况...","uploaderFiles","{{deviceimage_cnt<9}}","设备介绍:","{{ck_introduce}}"," 40个字以内","设备图片:","{{ck_image}}"," 3-9张","delimage","{{index}}","{{image}}","item","uploadimg","{{cert_label}}","{{ck_image_cert}}"," 审核资料(保密)","uploadcert","添加图片","formSubmit"]}]}},{"file":"/pages/equipment/equipment.js","source2sink":{"source":["wx.request","addreviews","formSubmit","has_val","onCancel","onConfirm","getPhoneNumber","hidegetPhone"],"sink":["wx.showToast","wx.makePhoneCall","wx.request","wx.requestPayment","wx.showModal","console.log"],"pairsOfSource2Sink":[{"source":"wx.request","sink":"wx.showToast","visitedContent":["t","t.data.msg","t.data.msg","a","a","a","a","title","title","t.data.msg"],"uiString":[]},{"source":"wx.request","sink":"wx.showToast","visitedContent":["t","t.data.msg","t.data.msg","a","a","a","a","title","title","t.data.msg"],"uiString":[]},{"source":"wx.request","sink":"wx.makePhoneCall","visitedContent":["t","t.data.ret","t.data.ret","t.data.phoneNumber","t.data.ret","t.data.ret","phoneNumber","t.data.msg","t.data.msg","a","a","a","a","title","title","t.data.ret","t.data.price","t.data.price","t.data.price","t","t","total_fee","data","t.data.phoneNumber"],"uiString":[]},{"source":"wx.request","sink":"wx.showToast","visitedContent":["t","t.data.ret","t.data.ret","t.data.phoneNumber","t.data.ret","t.data.ret","phoneNumber","t.data.msg","t.data.msg","a","a","a","a","title","title","t.data.ret","t.data.price","t.data.price","t.data.price","t","t","total_fee","data","t.data.phoneNumber"],"uiString":[]},{"source":"wx.request","sink":"wx.showToast","visitedContent":["t","t.data.ret","t.data.ret","t.data.phoneNumber","t.data.ret","t.data.ret","phoneNumber","t.data.msg","t.data.msg","a","a","a","a","title","title","t.data.ret","t.data.price","t.data.price","t.data.price","t","t","total_fee","data","t.data.phoneNumber"],"uiString":[]},{"source":"wx.request","sink":"wx.request","visitedContent":["t","t.data.ret","t.data.ret","t.data.phoneNumber","t.data.ret","t.data.ret","phoneNumber","t.data.msg","t.data.msg","a","a","a","a","title","title","t.data.ret","t.data.price","t.data.price","t.data.price","t","t","total_fee","data","t.data.phoneNumber"],"uiString":[]},{"source":"wx.request","sink":"wx.showToast","visitedContent":["t","t.data.ret","t.data.ret","t.data.data.timeStamp","t.data.data.timeStamp","t.data.msg","t.data.msg","a","a","a","a","title","title","t.data.data.nonceStr","t.data.data.nonceStr","timeStamp","t.data.data.package","t.data.data.package","nonceStr","t.data.data.signType","t.data.data.signType","package","t.data.data.paySign","signType","paySign"],"uiString":[]},{"source":"wx.request","sink":"wx.showToast","visitedContent":["t","t.data.ret","t.data.ret","t.data.data.timeStamp","t.data.data.timeStamp","t.data.msg","t.data.msg","a","a","a","a","title","title","t.data.data.nonceStr","t.data.data.nonceStr","timeStamp","t.data.data.package","t.data.data.package","nonceStr","t.data.data.signType","t.data.data.signType","package","t.data.data.paySign","signType","paySign"],"uiString":[]},{"source":"wx.request","sink":"wx.requestPayment","visitedContent":["t","t.data.ret","t.data.ret","t.data.data.timeStamp","t.data.data.timeStamp","t.data.msg","t.data.msg","a","a","a","a","title","title","t.data.data.nonceStr","t.data.data.nonceStr","timeStamp","t.data.data.package","t.data.data.package","nonceStr","t.data.data.signType","t.data.data.signType","package","t.data.data.paySign","signType","paySign"],"uiString":[]},{"source":"wx.request","sink":"wx.requestPayment","visitedContent":["t","t.data.ret","t.data.ret","t.data.data.timeStamp","t.data.data.timeStamp","t.data.msg","t.data.msg","a","a","a","a","title","title","t.data.data.nonceStr","t.data.data.nonceStr","timeStamp","t.data.data.package","t.data.data.package","nonceStr","t.data.data.signType","t.data.data.signType","package","t.data.data.paySign","signType","paySign"],"uiString":[]},{"source":"wx.request","sink":"wx.requestPayment","visitedContent":["t","t.data.ret","t.data.ret","t.data.data.timeStamp","t.data.data.timeStamp","t.data.msg","t.data.msg","a","a","a","a","title","title","t.data.data.nonceStr","t.data.data.nonceStr","timeStamp","t.data.data.package","t.data.data.package","nonceStr","t.data.data.signType","t.data.data.signType","package","t.data.data.paySign","signType","paySign"],"uiString":[]},{"source":"wx.request","sink":"wx.requestPayment","visitedContent":["t","t.data.ret","t.data.ret","t.data.data.timeStamp","t.data.data.timeStamp","t.data.msg","t.data.msg","a","a","a","a","title","title","t.data.data.nonceStr","t.data.data.nonceStr","timeStamp","t.data.data.package","t.data.data.package","nonceStr","t.data.data.signType","t.data.data.signType","package","t.data.data.paySign","signType","paySign"],"uiString":[]},{"source":"wx.request","sink":"wx.requestPayment","visitedContent":["t","t.data.ret","t.data.ret","t.data.data.timeStamp","t.data.data.timeStamp","t.data.msg","t.data.msg","a","a","a","a","title","title","t.data.data.nonceStr","t.data.data.nonceStr","timeStamp","t.data.data.package","t.data.data.package","nonceStr","t.data.data.signType","t.data.data.signType","package","t.data.data.paySign","signType","paySign"],"uiString":[]},{"source":"wx.request","sink":"wx.showToast","visitedContent":["t","t.data.ret","t.data.ret","t.data.msg","t.data.msg","a","a","a","a","title","title","t.data.ret","t.data.ret","t.data.ret","t.data.msg","t.data.msg","t.data.ret","t.data.details","title","t.data.msg","t.data.msg","content","t.data.details","t.data.details","modaltitle","t.data.ret","modalcontent","t.data.phoneNumber","phoneNumber"],"uiString":[]},{"source":"wx.request","sink":"wx.showToast","visitedContent":["t","t.data.ret","t.data.ret","t.data.msg","t.data.msg","a","a","a","a","title","title","t.data.ret","t.data.ret","t.data.ret","t.data.msg","t.data.msg","t.data.ret","t.data.details","title","t.data.msg","t.data.msg","content","t.data.details","t.data.details","modaltitle","t.data.ret","modalcontent","t.data.phoneNumber","phoneNumber"],"uiString":[]},{"source":"wx.request","sink":"wx.showModal","visitedContent":["t","t.data.ret","t.data.ret","t.data.msg","t.data.msg","a","a","a","a","title","title","t.data.ret","t.data.ret","t.data.ret","t.data.msg","t.data.msg","t.data.ret","t.data.details","title","t.data.msg","t.data.msg","content","t.data.details","t.data.details","modaltitle","t.data.ret","modalcontent","t.data.phoneNumber","phoneNumber"],"uiString":[]},{"source":"wx.request","sink":"wx.showModal","visitedContent":["t","t.data.ret","t.data.ret","t.data.msg","t.data.msg","a","a","a","a","title","title","t.data.ret","t.data.ret","t.data.ret","t.data.msg","t.data.msg","t.data.ret","t.data.details","title","t.data.msg","t.data.msg","content","t.data.details","t.data.details","modaltitle","t.data.ret","modalcontent","t.data.phoneNumber","phoneNumber"],"uiString":[]},{"source":"wx.request","sink":"wx.makePhoneCall","visitedContent":["t","t.data.ret","t.data.ret","t.data.msg","t.data.msg","a","a","a","a","title","title","t.data.ret","t.data.ret","t.data.ret","t.data.msg","t.data.msg","t.data.ret","t.data.details","title","t.data.msg","t.data.msg","content","t.data.details","t.data.details","modaltitle","t.data.ret","modalcontent","t.data.phoneNumber","phoneNumber"],"uiString":[]},{"source":"wx.request","sink":"wx.showToast","visitedContent":["t","t.data.ret","t.data.ret","t.data.msg","t.data.msg","a","a","a","a","title","title","t.data.ret","t.data.ret","t.data.ret","t.data.msg","t.data.msg","t.data.ret","t.data.details","title","t.data.msg","t.data.msg","content","t.data.details","t.data.details","modaltitle","t.data.ret","modalcontent","t.data.phoneNumber","phoneNumber"],"uiString":[]},{"source":"wx.request","sink":"wx.showToast","visitedContent":["t","t.data.ret","t.data.ret","t.data.msg","t.data.msg","a","a","a","a","title","title","t.data.ret","t.data.ret","t.data.ret","t.data.msg","t.data.msg","t.data.ret","t.data.details","title","t.data.msg","t.data.msg","content","t.data.details","t.data.details","modaltitle","t.data.ret","modalcontent","t.data.phoneNumber","phoneNumber"],"uiString":[]},{"source":"wx.request","sink":"wx.showModal","visitedContent":["t","t.data.ret","t.data.ret","t.data.msg","t.data.msg","a","a","a","a","title","title","t.data.ret","t.data.ret","t.data.ret","t.data.msg","t.data.msg","t.data.ret","t.data.details","title","t.data.msg","t.data.msg","content","t.data.details","t.data.details","modaltitle","t.data.ret","modalcontent","t.data.phoneNumber","phoneNumber"],"uiString":[]},{"source":"wx.request","sink":"wx.showModal","visitedContent":["t","t.data.ret","t.data.ret","t.data.msg","t.data.msg","a","a","a","a","title","title","t.data.ret","t.data.ret","t.data.ret","t.data.msg","t.data.msg","t.data.ret","t.data.details","title","t.data.msg","t.data.msg","content","t.data.details","t.data.details","modaltitle","t.data.ret","modalcontent","t.data.phoneNumber","phoneNumber"],"uiString":[]},{"source":"wx.request","sink":"wx.makePhoneCall","visitedContent":["t","t.data.ret","t.data.ret","t.data.msg","t.data.msg","a","a","a","a","title","title","t.data.ret","t.data.ret","t.data.ret","t.data.msg","t.data.msg","t.data.ret","t.data.details","title","t.data.msg","t.data.msg","content","t.data.details","t.data.details","modaltitle","t.data.ret","modalcontent","t.data.phoneNumber","phoneNumber"],"uiString":[]},{"source":"wx.request","sink":"wx.showToast","visitedContent":["t","t.data.ret","t.data.ret","t.data.ret","t.data.msg","t.data.msg","a","a","a","a","title","title","t.data.msg"],"uiString":[]},{"source":"wx.request","sink":"wx.showToast","visitedContent":["t","t.data.ret","t.data.ret","t.data.ret","t.data.msg","t.data.msg","a","a","a","a","title","title","t.data.msg"],"uiString":[]},{"source":"addreviews","sink":"wx.request","visitedContent":["t","t.detail.formId","t.detail.formId","t.detail.value.reviews","o","o","o","content","data"],"uiString":["true","has_val","8","reviews","千头万绪，落笔汇成评论一句","submit","{{has_val?'发送':'取消'}}","addreviews"]},{"source":"formSubmit","sink":"console.log","visitedContent":["t","t.detail.formId","t.detail.formId","t.detail.value.price","t.detail.value.price","t.detail.value.price","price","data"],"uiString":["submit","我想要出：","price","请输入您意向的价格","font-size:28rpx;","联系人：","user_name","请输入您的姓名","联系电话：","user_mobile","请输入您的联系电话","确认提交","formSubmit"]},{"source":"formSubmit","sink":"wx.request","visitedContent":["t","t.detail.formId","t.detail.formId","t.detail.value.price","t.detail.value.price","t.detail.value.price","price","data"],"uiString":["submit","我想要出：","price","请输入您意向的价格","font-size:28rpx;","联系人：","user_name","请输入您的姓名","联系电话：","user_mobile","请输入您的联系电话","确认提交","formSubmit"]},{"source":"getPhoneNumber","sink":"wx.request","visitedContent":["t","t.detail.errMsg","t.detail.encryptedData","t.detail.encryptedData","t.detail.iv","encryptedData","iv","data"],"uiString":["确认","getPhoneNumber"]}]}},{"file":"/pages/followme/followme.js","source2sink":{"source":["wx.request"],"sink":[],"pairsOfSource2Sink":[]}},{"file":"/pages/followmewho/followmewho.js","source2sink":{"source":["wx.request"],"sink":[],"pairsOfSource2Sink":[]}},{"file":"/pages/index/index.js","source2sink":{"source":["wx.getSystemInfo","wx.request","wx.getLocation","wx.getStorageSync","addreviews","form_id","openchat","search"],"sink":["wx.showToast","wx.makePhoneCall","wx.request","wx.requestPayment","wx.showModal","wx.setStorageSync"],"pairsOfSource2Sink":[{"source":"wx.request","sink":"wx.showToast","visitedContent":["a","a.data.ret","a.data.ret","a.data.ret","a.data.msg","a.data.msg","a","a","a","a","title","title","a.data.msg"],"uiString":[]},{"source":"wx.request","sink":"wx.showToast","visitedContent":["a","a.data.ret","a.data.ret","a.data.ret","a.data.msg","a.data.msg","a","a","a","a","title","title","a.data.msg"],"uiString":[]},{"source":"wx.request","sink":"wx.showToast","visitedContent":["o","o.data.ret","o.data.ret","o.data.ret","o.data.ret","o.data.msg","o.data.msg","a","a","a","a","title","title","o.data.phoneNumber","o.data.ret","o.data.ret","phoneNumber","o.data.msg","o.data.ret","o.data.price","o.data.price","o.data.price","a","a","total_fee","data","o.data.phoneNumber"],"uiString":[]},{"source":"wx.request","sink":"wx.showToast","visitedContent":["o","o.data.ret","o.data.ret","o.data.ret","o.data.ret","o.data.msg","o.data.msg","a","a","a","a","title","title","o.data.phoneNumber","o.data.ret","o.data.ret","phoneNumber","o.data.msg","o.data.ret","o.data.price","o.data.price","o.data.price","a","a","total_fee","data","o.data.phoneNumber"],"uiString":[]},{"source":"wx.request","sink":"wx.makePhoneCall","visitedContent":["o","o.data.ret","o.data.ret","o.data.ret","o.data.ret","o.data.msg","o.data.msg","a","a","a","a","title","title","o.data.phoneNumber","o.data.ret","o.data.ret","phoneNumber","o.data.msg","o.data.ret","o.data.price","o.data.price","o.data.price","a","a","total_fee","data","o.data.phoneNumber"],"uiString":[]},{"source":"wx.request","sink":"wx.request","visitedContent":["o","o.data.ret","o.data.ret","o.data.ret","o.data.ret","o.data.msg","o.data.msg","a","a","a","a","title","title","o.data.phoneNumber","o.data.ret","o.data.ret","phoneNumber","o.data.msg","o.data.ret","o.data.price","o.data.price","o.data.price","a","a","total_fee","data","o.data.phoneNumber"],"uiString":[]},{"source":"wx.request","sink":"wx.showToast","visitedContent":["a","a.data.ret","a.data.ret","a.data.data.timeStamp","a.data.data.timeStamp","a.data.msg","a.data.msg","a","a","a","a","title","title","a.data.data.nonceStr","a.data.data.nonceStr","timeStamp","a.data.data.package","a.data.data.package","nonceStr","a.data.data.signType","a.data.data.signType","package","a.data.data.paySign","signType","paySign"],"uiString":[]},{"source":"wx.request","sink":"wx.showToast","visitedContent":["a","a.data.ret","a.data.ret","a.data.data.timeStamp","a.data.data.timeStamp","a.data.msg","a.data.msg","a","a","a","a","title","title","a.data.data.nonceStr","a.data.data.nonceStr","timeStamp","a.data.data.package","a.data.data.package","nonceStr","a.data.data.signType","a.data.data.signType","package","a.data.data.paySign","signType","paySign"],"uiString":[]},{"source":"wx.request","sink":"wx.requestPayment","visitedContent":["a","a.data.ret","a.data.ret","a.data.data.timeStamp","a.data.data.timeStamp","a.data.msg","a.data.msg","a","a","a","a","title","title","a.data.data.nonceStr","a.data.data.nonceStr","timeStamp","a.data.data.package","a.data.data.package","nonceStr","a.data.data.signType","a.data.data.signType","package","a.data.data.paySign","signType","paySign"],"uiString":[]},{"source":"wx.request","sink":"wx.requestPayment","visitedContent":["a","a.data.ret","a.data.ret","a.data.data.timeStamp","a.data.data.timeStamp","a.data.msg","a.data.msg","a","a","a","a","title","title","a.data.data.nonceStr","a.data.data.nonceStr","timeStamp","a.data.data.package","a.data.data.package","nonceStr","a.data.data.signType","a.data.data.signType","package","a.data.data.paySign","signType","paySign"],"uiString":[]},{"source":"wx.request","sink":"wx.requestPayment","visitedContent":["a","a.data.ret","a.data.ret","a.data.data.timeStamp","a.data.data.timeStamp","a.data.msg","a.data.msg","a","a","a","a","title","title","a.data.data.nonceStr","a.data.data.nonceStr","timeStamp","a.data.data.package","a.data.data.package","nonceStr","a.data.data.signType","a.data.data.signType","package","a.data.data.paySign","signType","paySign"],"uiString":[]},{"source":"wx.request","sink":"wx.requestPayment","visitedContent":["a","a.data.ret","a.data.ret","a.data.data.timeStamp","a.data.data.timeStamp","a.data.msg","a.data.msg","a","a","a","a","title","title","a.data.data.nonceStr","a.data.data.nonceStr","timeStamp","a.data.data.package","a.data.data.package","nonceStr","a.data.data.signType","a.data.data.signType","package","a.data.data.paySign","signType","paySign"],"uiString":[]},{"source":"wx.request","sink":"wx.requestPayment","visitedContent":["a","a.data.ret","a.data.ret","a.data.data.timeStamp","a.data.data.timeStamp","a.data.msg","a.data.msg","a","a","a","a","title","title","a.data.data.nonceStr","a.data.data.nonceStr","timeStamp","a.data.data.package","a.data.data.package","nonceStr","a.data.data.signType","a.data.data.signType","package","a.data.data.paySign","signType","paySign"],"uiString":[]},{"source":"wx.request","sink":"wx.showToast","visitedContent":["a","a.data.ret","a.data.ret","a.data.msg","a.data.msg","a","a","a","a","title","title","a.data.ret","a.data.ret","a.data.ret","a.data.msg","a.data.msg","a.data.ret","a.data.details","title","a.data.msg","a.data.msg","content","a.data.details","a.data.details","modaltitle","a.data.ret","modalcontent","a.data.phoneNumber","phoneNumber"],"uiString":[]},{"source":"wx.request","sink":"wx.showToast","visitedContent":["a","a.data.ret","a.data.ret","a.data.msg","a.data.msg","a","a","a","a","title","title","a.data.ret","a.data.ret","a.data.ret","a.data.msg","a.data.msg","a.data.ret","a.data.details","title","a.data.msg","a.data.msg","content","a.data.details","a.data.details","modaltitle","a.data.ret","modalcontent","a.data.phoneNumber","phoneNumber"],"uiString":[]},{"source":"wx.request","sink":"wx.showModal","visitedContent":["a","a.data.ret","a.data.ret","a.data.msg","a.data.msg","a","a","a","a","title","title","a.data.ret","a.data.ret","a.data.ret","a.data.msg","a.data.msg","a.data.ret","a.data.details","title","a.data.msg","a.data.msg","content","a.data.details","a.data.details","modaltitle","a.data.ret","modalcontent","a.data.phoneNumber","phoneNumber"],"uiString":[]},{"source":"wx.request","sink":"wx.showModal","visitedContent":["a","a.data.ret","a.data.ret","a.data.msg","a.data.msg","a","a","a","a","title","title","a.data.ret","a.data.ret","a.data.ret","a.data.msg","a.data.msg","a.data.ret","a.data.details","title","a.data.msg","a.data.msg","content","a.data.details","a.data.details","modaltitle","a.data.ret","modalcontent","a.data.phoneNumber","phoneNumber"],"uiString":[]},{"source":"wx.request","sink":"wx.makePhoneCall","visitedContent":["a","a.data.ret","a.data.ret","a.data.msg","a.data.msg","a","a","a","a","title","title","a.data.ret","a.data.ret","a.data.ret","a.data.msg","a.data.msg","a.data.ret","a.data.details","title","a.data.msg","a.data.msg","content","a.data.details","a.data.details","modaltitle","a.data.ret","modalcontent","a.data.phoneNumber","phoneNumber"],"uiString":[]},{"source":"wx.getLocation","sink":"wx.request","visitedContent":["e","e.latitude","e.latitude","e.longitude","a.data.latitude","a.data.longitude","a.data.latitude","a.data.longitude","x","y","data"],"uiString":[]},{"source":"wx.request","sink":"wx.setStorageSync","visitedContent":["t","t.data.data","e","e","e","menu","e"],"uiString":[]},{"source":"wx.request","sink":"wx.showToast","visitedContent":["e","e.data.ret","e.data.total_page","e.data.total_page","e.data.data","e.data.data","i.length","i[o].price","i[o].price","i[o].title","i[o].title","n","i[o].micro_id","i[o].micro_id","n","i[o].adder","i[o].ownername","i[o].ownername","news_title","user_name","e.data.cnt","e.data.cnt","e.data.ret","cnt","e.data.msg","e.data.msg","e.data.msg","e.data.msg","a","a","a","a","title","title","e.data.data.length","e.data.data.length","e.data.data[s]","e.data.data[s]","a.data.data_list.push","a.data.datalist.push","a.data.data_list","a.data.datalist","data_list","datalist"],"uiString":[]},{"source":"wx.request","sink":"wx.showToast","visitedContent":["e","e.data.ret","e.data.total_page","e.data.total_page","e.data.data","e.data.data","i.length","i[o].price","i[o].price","i[o].title","i[o].title","n","i[o].micro_id","i[o].micro_id","n","i[o].adder","i[o].ownername","i[o].ownername","news_title","user_name","e.data.cnt","e.data.cnt","e.data.ret","cnt","e.data.msg","e.data.msg","e.data.msg","e.data.msg","a","a","a","a","title","title","e.data.data.length","e.data.data.length","e.data.data[s]","e.data.data[s]","a.data.data_list.push","a.data.datalist.push","a.data.data_list","a.data.datalist","data_list","datalist"],"uiString":[]},{"source":"wx.request","sink":"wx.showToast","visitedContent":["a","a.data.msg","a.data.msg","a","a","a","a","title","title","a.data.msg"],"uiString":[]},{"source":"wx.request","sink":"wx.showToast","visitedContent":["a","a.data.msg","a.data.msg","a","a","a","a","title","title","a.data.msg"],"uiString":[]},{"source":"addreviews","sink":"wx.request","visitedContent":["a","a.detail.value.reviews","o","o","o","o","o","content","review_content","review_content","data","s"],"uiString":["true","8","reviews","评论","submit","发送","addreviews"]},{"source":"form_id","sink":"wx.request","visitedContent":["a","a.detail.formId","a.detail.formId","a.detail.target.dataset.itemid","formId","url","data"],"uiString":["{{item.itemid}}","submit","none","{{item.introduce}}","{{item.price}}","form_id"]}]}},{"file":"/pages/integral/integral.js","source2sink":{"source":["wx.getSystemInfo","wx.request"],"sink":["console.log","wx.showToast"],"pairsOfSource2Sink":[{"source":"wx.request","sink":"console.log","visitedContent":["e","e","e","e.data.ret","e.data.ret","e.data.msg","e.data.msg","a","a","a","a","title","title","e.data.msg"],"uiString":[]},{"source":"wx.request","sink":"wx.showToast","visitedContent":["e","e","e","e.data.ret","e.data.ret","e.data.msg","e.data.msg","a","a","a","a","title","title","e.data.msg"],"uiString":[]},{"source":"wx.request","sink":"wx.showToast","visitedContent":["e","e","e","e.data.ret","e.data.ret","e.data.msg","e.data.msg","a","a","a","a","title","title","e.data.msg"],"uiString":[]}]}},{"file":"/pages/kanjia/kanjia.js","source2sink":{"source":["wx.getSystemInfo","wx.request","onCancel","onConfirm"],"sink":["wx.showToast","wx.showModal","wx.makePhoneCall"],"pairsOfSource2Sink":[{"source":"wx.request","sink":"wx.showToast","visitedContent":["a","a.data.ret","a.data.ret","a.data.msg","a.data.msg","a","a","a","a","title","title","a.data.ret","a.data.ret","a.data.ret","a.data.msg","a.data.msg","a.data.ret","a.data.details","title","a.data.msg","a.data.msg","content","a.data.details","a.data.details","modaltitle","a.data.ret","modalcontent","a.data.phoneNumber","phoneNumber"],"uiString":[]},{"source":"wx.request","sink":"wx.showToast","visitedContent":["a","a.data.ret","a.data.ret","a.data.msg","a.data.msg","a","a","a","a","title","title","a.data.ret","a.data.ret","a.data.ret","a.data.msg","a.data.msg","a.data.ret","a.data.details","title","a.data.msg","a.data.msg","content","a.data.details","a.data.details","modaltitle","a.data.ret","modalcontent","a.data.phoneNumber","phoneNumber"],"uiString":[]},{"source":"wx.request","sink":"wx.showModal","visitedContent":["a","a.data.ret","a.data.ret","a.data.msg","a.data.msg","a","a","a","a","title","title","a.data.ret","a.data.ret","a.data.ret","a.data.msg","a.data.msg","a.data.ret","a.data.details","title","a.data.msg","a.data.msg","content","a.data.details","a.data.details","modaltitle","a.data.ret","modalcontent","a.data.phoneNumber","phoneNumber"],"uiString":[]},{"source":"wx.request","sink":"wx.showModal","visitedContent":["a","a.data.ret","a.data.ret","a.data.msg","a.data.msg","a","a","a","a","title","title","a.data.ret","a.data.ret","a.data.ret","a.data.msg","a.data.msg","a.data.ret","a.data.details","title","a.data.msg","a.data.msg","content","a.data.details","a.data.details","modaltitle","a.data.ret","modalcontent","a.data.phoneNumber","phoneNumber"],"uiString":[]},{"source":"wx.request","sink":"wx.makePhoneCall","visitedContent":["a","a.data.ret","a.data.ret","a.data.msg","a.data.msg","a","a","a","a","title","title","a.data.ret","a.data.ret","a.data.ret","a.data.msg","a.data.msg","a.data.ret","a.data.details","title","a.data.msg","a.data.msg","content","a.data.details","a.data.details","modaltitle","a.data.ret","modalcontent","a.data.phoneNumber","phoneNumber"],"uiString":[]}]}},{"file":"/pages/login/login.js","source2sink":{"source":["wx.request","formSubmit","register","getPhoneNumber"],"sink":["wx.showToast","wx.request"],"pairsOfSource2Sink":[{"source":"wx.request","sink":"wx.showToast","visitedContent":["a","a.data.ret","a.data.ret","a.data.data","a.data.msg","a.data.msg","a","a","a","a","title","title","mobile"],"uiString":[]},{"source":"wx.request","sink":"wx.showToast","visitedContent":["a","a.data.ret","a.data.ret","a.data.data","a.data.msg","a.data.msg","a","a","a","a","title","title","mobile"],"uiString":[]},{"source":"wx.request","sink":"wx.showToast","visitedContent":["a","a.data.ret","a.data.ret","a.data.msg","a.data.msg","a","a","a","a","title","title","a.data.userInfo"],"uiString":[]},{"source":"wx.request","sink":"wx.showToast","visitedContent":["a","a.data.ret","a.data.ret","a.data.msg","a.data.msg","a","a","a","a","title","title","a.data.userInfo"],"uiString":[]},{"source":"register","sink":"wx.request","visitedContent":["a","a.detail.encryptedData","a.detail.encryptedData","a.detail.encryptedData","a.detail.iv","encryptedData","encryptedData","iv","iv","c","c","data"],"uiString":["register","submit","getUserInfo","{{ckname}}","{{ckmobile}}","contact_name","请输入姓名","mobile","请输入手机号码","getPhoneNumber","联系人","手机号","自动获取"]},{"source":"getPhoneNumber","sink":"wx.request","visitedContent":["a","a.detail.errMsg","a.detail.encryptedData","a.detail.encryptedData","a.detail.iv","encryptedData","iv","data"],"uiString":["自动获取","getPhoneNumber"]}]}},{"file":"/pages/myissue/myissue.js","source2sink":{"source":["wx.request","wx.chooseImage","toPage"],"sink":["wx.showToast"],"pairsOfSource2Sink":[{"source":"wx.request","sink":"wx.showToast","visitedContent":["e","e.data.ret","e.data.msg","e.data.msg","a","a","a","a","title","title"],"uiString":[]},{"source":"wx.request","sink":"wx.showToast","visitedContent":["e","e.data.ret","e.data.msg","e.data.msg","a","a","a","a","title","title"],"uiString":[]}]}},{"file":"/pages/phonenumber/phonenumber.js","source2sink":{"source":["wx.request","formReset","formSubmit","getPhoneNumber","bindKeyInput"],"sink":["wx.showToast","wx.request"],"pairsOfSource2Sink":[{"source":"wx.request","sink":"wx.showToast","visitedContent":["t","t.data.ret","t.data.ret","t.data.code","t.data.msg","t.data.msg","a","a","a","a","title","title","t.data.msg","t.data.code","verifycode"],"uiString":[]},{"source":"wx.request","sink":"wx.showToast","visitedContent":["t","t.data.ret","t.data.ret","t.data.code","t.data.msg","t.data.msg","a","a","a","a","title","title","t.data.msg","t.data.code","verifycode"],"uiString":[]},{"source":"wx.request","sink":"wx.showToast","visitedContent":["t","t.data.ret","t.data.msg","t.data.msg","a","a","a","a","title","title"],"uiString":[]},{"source":"wx.request","sink":"wx.showToast","visitedContent":["t","t.data.ret","t.data.msg","t.data.msg","a","a","a","a","title","title"],"uiString":[]},{"source":"formSubmit","sink":"wx.request","visitedContent":["t","t.detail.value.contact_name","t.detail.value.contact_name","t.detail.value.mobile","t.detail.value.mobile","n","t.detail.value.verification","t.detail.value.verification","i","n","n.length","c","i","contact_name","i.match","mobile","data","c.length","i.match","n.length"],"uiString":["{{showTopTips}}","navigateBack","{{from_url=='account'}}","错误提示","submit","-- 暂不绑定 --","getPhoneNumber","contact_name","请输入姓名","bindKeyInput","mobile","请输入手机号码","verification","短信验证码","getsms","联系人","手机号","验证码","{{getcodetxt}}","formReset","formSubmit"]},{"source":"getPhoneNumber","sink":"wx.request","visitedContent":["t","t.detail.errMsg","t.detail.encryptedData","t.detail.encryptedData","t.detail.iv","encryptedData","iv","data"],"uiString":["getPhoneNumber"]}]}},{"file":"/pages/question/question.js","source2sink":{"source":["wx.request","openchat"],"sink":[],"pairsOfSource2Sink":[]}},{"file":"/pages/recharge/recharge.js","source2sink":{"source":["wx.request","paynow"],"sink":["wx.showToast","wx.requestPayment"],"pairsOfSource2Sink":[{"source":"wx.request","sink":"wx.showToast","visitedContent":["e","e.data.ret","e.data.ret","e.data.data.timeStamp","e.data.data.timeStamp","e.data.msg","e.data.msg","a","a","a","a","title","title","e.data.data.nonceStr","e.data.data.nonceStr","timeStamp","e.data.data.package","e.data.data.package","nonceStr","e.data.data.signType","e.data.data.signType","package","e.data.data.paySign","signType","paySign"],"uiString":[]},{"source":"wx.request","sink":"wx.showToast","visitedContent":["e","e.data.ret","e.data.ret","e.data.data.timeStamp","e.data.data.timeStamp","e.data.msg","e.data.msg","a","a","a","a","title","title","e.data.data.nonceStr","e.data.data.nonceStr","timeStamp","e.data.data.package","e.data.data.package","nonceStr","e.data.data.signType","e.data.data.signType","package","e.data.data.paySign","signType","paySign"],"uiString":[]},{"source":"wx.request","sink":"wx.requestPayment","visitedContent":["e","e.data.ret","e.data.ret","e.data.data.timeStamp","e.data.data.timeStamp","e.data.msg","e.data.msg","a","a","a","a","title","title","e.data.data.nonceStr","e.data.data.nonceStr","timeStamp","e.data.data.package","e.data.data.package","nonceStr","e.data.data.signType","e.data.data.signType","package","e.data.data.paySign","signType","paySign"],"uiString":[]},{"source":"wx.request","sink":"wx.requestPayment","visitedContent":["e","e.data.ret","e.data.ret","e.data.data.timeStamp","e.data.data.timeStamp","e.data.msg","e.data.msg","a","a","a","a","title","title","e.data.data.nonceStr","e.data.data.nonceStr","timeStamp","e.data.data.package","e.data.data.package","nonceStr","e.data.data.signType","e.data.data.signType","package","e.data.data.paySign","signType","paySign"],"uiString":[]},{"source":"wx.request","sink":"wx.requestPayment","visitedContent":["e","e.data.ret","e.data.ret","e.data.data.timeStamp","e.data.data.timeStamp","e.data.msg","e.data.msg","a","a","a","a","title","title","e.data.data.nonceStr","e.data.data.nonceStr","timeStamp","e.data.data.package","e.data.data.package","nonceStr","e.data.data.signType","e.data.data.signType","package","e.data.data.paySign","signType","paySign"],"uiString":[]},{"source":"wx.request","sink":"wx.requestPayment","visitedContent":["e","e.data.ret","e.data.ret","e.data.data.timeStamp","e.data.data.timeStamp","e.data.msg","e.data.msg","a","a","a","a","title","title","e.data.data.nonceStr","e.data.data.nonceStr","timeStamp","e.data.data.package","e.data.data.package","nonceStr","e.data.data.signType","e.data.data.signType","package","e.data.data.paySign","signType","paySign"],"uiString":[]},{"source":"wx.request","sink":"wx.requestPayment","visitedContent":["e","e.data.ret","e.data.ret","e.data.data.timeStamp","e.data.data.timeStamp","e.data.msg","e.data.msg","a","a","a","a","title","title","e.data.data.nonceStr","e.data.data.nonceStr","timeStamp","e.data.data.package","e.data.data.package","nonceStr","e.data.data.signType","e.data.data.signType","package","e.data.data.paySign","signType","paySign"],"uiString":[]}]}},{"file":"/pages/report/report.js","source2sink":{"source":["wx.request","bindFormSubmit","checkboxChange"],"sink":["wx.showToast","wx.request"],"pairsOfSource2Sink":[{"source":"wx.request","sink":"wx.showToast","visitedContent":["t","t.data.ret","t.data.msg","t.data.msg","a","a","a","a","title","title"],"uiString":[]},{"source":"wx.request","sink":"wx.showToast","visitedContent":["t","t.data.ret","t.data.msg","t.data.msg","a","a","a","a","title","title"],"uiString":[]},{"source":"bindFormSubmit","sink":"wx.request","visitedContent":["t","t.detail.value.content","t.detail.value.content.length","t.detail.value.content","content","data"],"uiString":["checkboxChange","举报","submit"," 提交 ","{{items}}","*this","title","举报说明(必填-至少10个字)","content","请输入您要举报的内容","bindFormSubmit"]}]}},{"file":"/pages/shops/shops.js","source2sink":{"source":["wx.request","formSubmit","hasval"],"sink":["console.log","wx.request"],"pairsOfSource2Sink":[{"source":"formSubmit","sink":"console.log","visitedContent":["a","a","a","a.detail.value.user_name","a.detail.value.user_mobile","a.detail.value.user_address","a.detail.value.user_name","a.detail.value.user_name","a.detail.value.user_mobile","a.detail.value.user_mobile","ck_name","a.detail.value.user_address","a.detail.value.user_address","ck_mobile","a.detail.value.user_name","a.detail.value.user_name","ck_address","a.detail.value.user_mobile","a.detail.value.user_mobile","name","a.detail.value.user_address","mobile","data","address"],"uiString":["submit","{{submit}}","确认并提交","hasval","name","user_name","{{ck_name}}","mobile","user_mobile","{{ck_mobile}}","收件人姓名","收件人电话","address","user_address","请输入收货详细地址","收件人地址","{{ck_address}}","formSubmit"]},{"source":"formSubmit","sink":"wx.request","visitedContent":["a","a","a","a.detail.value.user_name","a.detail.value.user_mobile","a.detail.value.user_address","a.detail.value.user_name","a.detail.value.user_name","a.detail.value.user_mobile","a.detail.value.user_mobile","ck_name","a.detail.value.user_address","a.detail.value.user_address","ck_mobile","a.detail.value.user_name","a.detail.value.user_name","ck_address","a.detail.value.user_mobile","a.detail.value.user_mobile","name","a.detail.value.user_address","mobile","data","address"],"uiString":["submit","{{submit}}","确认并提交","hasval","name","user_name","{{ck_name}}","mobile","user_mobile","{{ck_mobile}}","收件人姓名","收件人电话","address","user_address","请输入收货详细地址","收件人地址","{{ck_address}}","formSubmit"]}]}},{"file":"/pages/success/success.js","source2sink":{"source":["wx.getStorage","wx.request","wx.getSystemInfoSync","wx.downloadFile","save_Image","gome","saveCanvas","hide_shareBox"],"sink":["console.log"],"pairsOfSource2Sink":[{"source":"wx.getStorage","sink":"console.log","visitedContent":["e","e","e","e.data.equipmentPic","e.data.equipmentPic","e.data.share_msg","e.data.share_msg","equipmentPic","e.data.introduce","e.data.introduce","share_msg","e.data.price","introduce","price"],"uiString":[]},{"source":"wx.request","sink":"console.log","visitedContent":["e","e","e","e.data","touxiang"],"uiString":[]}]}},{"file":"/pages/turntable/turntable.js","source2sink":{"source":["wx.request","gostart","getPhoneNumber"],"sink":["wx.showToast","wx.request"],"pairsOfSource2Sink":[{"source":"wx.request","sink":"wx.showToast","visitedContent":["a","a.data.ret","a.data.msg","a.data.msg","a","a","a","a","title","title"],"uiString":[]},{"source":"wx.request","sink":"wx.showToast","visitedContent":["a","a.data.ret","a.data.msg","a.data.msg","a","a","a","a","title","title"],"uiString":[]},{"source":"getPhoneNumber","sink":"wx.request","visitedContent":["a","a.detail.errMsg","a.detail.encryptedData","a.detail.encryptedData","a.detail.iv","encryptedData","iv","data"],"uiString":["绑定手机号码","getPhoneNumber"]}]}},{"file":"/pages/upgrade/index.js","source2sink":{"source":["wx.request","checkboxChange","paynow"],"sink":["wx.showToast","wx.requestPayment","wx.request"],"pairsOfSource2Sink":[{"source":"wx.request","sink":"wx.showToast","visitedContent":["e","e.data.ret","e.data.ret","e.data.data.timeStamp","e.data.data.timeStamp","e.data.msg","e.data.msg","a","a","a","a","title","title","e.data.data.nonceStr","e.data.data.nonceStr","timeStamp","e.data.data.package","e.data.data.package","nonceStr","e.data.data.signType","e.data.data.signType","package","e.data.data.paySign","e.data.data.paySign","signType","e.data.data.package.substring","paySign","prepay_id","data"],"uiString":[]},{"source":"wx.request","sink":"wx.showToast","visitedContent":["e","e.data.ret","e.data.ret","e.data.data.timeStamp","e.data.data.timeStamp","e.data.msg","e.data.msg","a","a","a","a","title","title","e.data.data.nonceStr","e.data.data.nonceStr","timeStamp","e.data.data.package","e.data.data.package","nonceStr","e.data.data.signType","e.data.data.signType","package","e.data.data.paySign","e.data.data.paySign","signType","e.data.data.package.substring","paySign","prepay_id","data"],"uiString":[]},{"source":"wx.request","sink":"wx.requestPayment","visitedContent":["e","e.data.ret","e.data.ret","e.data.data.timeStamp","e.data.data.timeStamp","e.data.msg","e.data.msg","a","a","a","a","title","title","e.data.data.nonceStr","e.data.data.nonceStr","timeStamp","e.data.data.package","e.data.data.package","nonceStr","e.data.data.signType","e.data.data.signType","package","e.data.data.paySign","e.data.data.paySign","signType","e.data.data.package.substring","paySign","prepay_id","data"],"uiString":[]},{"source":"wx.request","sink":"wx.requestPayment","visitedContent":["e","e.data.ret","e.data.ret","e.data.data.timeStamp","e.data.data.timeStamp","e.data.msg","e.data.msg","a","a","a","a","title","title","e.data.data.nonceStr","e.data.data.nonceStr","timeStamp","e.data.data.package","e.data.data.package","nonceStr","e.data.data.signType","e.data.data.signType","package","e.data.data.paySign","e.data.data.paySign","signType","e.data.data.package.substring","paySign","prepay_id","data"],"uiString":[]},{"source":"wx.request","sink":"wx.requestPayment","visitedContent":["e","e.data.ret","e.data.ret","e.data.data.timeStamp","e.data.data.timeStamp","e.data.msg","e.data.msg","a","a","a","a","title","title","e.data.data.nonceStr","e.data.data.nonceStr","timeStamp","e.data.data.package","e.data.data.package","nonceStr","e.data.data.signType","e.data.data.signType","package","e.data.data.paySign","e.data.data.paySign","signType","e.data.data.package.substring","paySign","prepay_id","data"],"uiString":[]},{"source":"wx.request","sink":"wx.requestPayment","visitedContent":["e","e.data.ret","e.data.ret","e.data.data.timeStamp","e.data.data.timeStamp","e.data.msg","e.data.msg","a","a","a","a","title","title","e.data.data.nonceStr","e.data.data.nonceStr","timeStamp","e.data.data.package","e.data.data.package","nonceStr","e.data.data.signType","e.data.data.signType","package","e.data.data.paySign","e.data.data.paySign","signType","e.data.data.package.substring","paySign","prepay_id","data"],"uiString":[]},{"source":"wx.request","sink":"wx.requestPayment","visitedContent":["e","e.data.ret","e.data.ret","e.data.data.timeStamp","e.data.data.timeStamp","e.data.msg","e.data.msg","a","a","a","a","title","title","e.data.data.nonceStr","e.data.data.nonceStr","timeStamp","e.data.data.package","e.data.data.package","nonceStr","e.data.data.signType","e.data.data.signType","package","e.data.data.paySign","e.data.data.paySign","signType","e.data.data.package.substring","paySign","prepay_id","data"],"uiString":[]},{"source":"wx.request","sink":"wx.request","visitedContent":["e","e.data.ret","e.data.ret","e.data.data.timeStamp","e.data.data.timeStamp","e.data.msg","e.data.msg","a","a","a","a","title","title","e.data.data.nonceStr","e.data.data.nonceStr","timeStamp","e.data.data.package","e.data.data.package","nonceStr","e.data.data.signType","e.data.data.signType","package","e.data.data.paySign","e.data.data.paySign","signType","e.data.data.package.substring","paySign","prepay_id","data"],"uiString":[]},{"source":"wx.request","sink":"wx.showToast","visitedContent":["t","t.data.data","t.data.data","t.data.data","t.data.msg","t.data.msg","a","a","a","a","title","title","t.data.msg","a.globalData.userInfo.token","token","data"],"uiString":[]},{"source":"wx.request","sink":"wx.showToast","visitedContent":["t","t.data.data","t.data.data","t.data.data","t.data.msg","t.data.msg","a","a","a","a","title","title","t.data.msg","a.globalData.userInfo.token","token","data"],"uiString":[]},{"source":"wx.request","sink":"wx.request","visitedContent":["t","t.data.data","t.data.data","t.data.data","t.data.msg","t.data.msg","a","a","a","a","title","title","t.data.msg","a.globalData.userInfo.token","token","data"],"uiString":[]}]}},{"file":"/pages/userinfo/index.js","source2sink":{"source":["wx.request","onCancel","onConfirm"],"sink":["wx.showToast","wx.makePhoneCall","wx.request","wx.requestPayment","wx.showModal"],"pairsOfSource2Sink":[{"source":"wx.request","sink":"wx.showToast","visitedContent":["t","t.data.ret","t.data.ret","t.data.msg","t.data.msg","a","a","a","a","title","title","t.data.msg"],"uiString":[]},{"source":"wx.request","sink":"wx.showToast","visitedContent":["t","t.data.ret","t.data.ret","t.data.msg","t.data.msg","a","a","a","a","title","title","t.data.msg"],"uiString":[]},{"source":"wx.request","sink":"wx.makePhoneCall","visitedContent":["e","e.data.ret","e.data.ret","e.data.phoneNumber","e.data.ret","e.data.ret","phoneNumber","e.data.msg","e.data.msg","a","a","a","a","title","title","e.data.ret","e.data.price","e.data.price","e.data.price","t","t","total_fee","data","e.data.phoneNumber"],"uiString":[]},{"source":"wx.request","sink":"wx.showToast","visitedContent":["e","e.data.ret","e.data.ret","e.data.phoneNumber","e.data.ret","e.data.ret","phoneNumber","e.data.msg","e.data.msg","a","a","a","a","title","title","e.data.ret","e.data.price","e.data.price","e.data.price","t","t","total_fee","data","e.data.phoneNumber"],"uiString":[]},{"source":"wx.request","sink":"wx.showToast","visitedContent":["e","e.data.ret","e.data.ret","e.data.phoneNumber","e.data.ret","e.data.ret","phoneNumber","e.data.msg","e.data.msg","a","a","a","a","title","title","e.data.ret","e.data.price","e.data.price","e.data.price","t","t","total_fee","data","e.data.phoneNumber"],"uiString":[]},{"source":"wx.request","sink":"wx.request","visitedContent":["e","e.data.ret","e.data.ret","e.data.phoneNumber","e.data.ret","e.data.ret","phoneNumber","e.data.msg","e.data.msg","a","a","a","a","title","title","e.data.ret","e.data.price","e.data.price","e.data.price","t","t","total_fee","data","e.data.phoneNumber"],"uiString":[]},{"source":"wx.request","sink":"wx.showToast","visitedContent":["t","t.data.ret","t.data.ret","t.data.data.timeStamp","t.data.data.timeStamp","t.data.msg","t.data.msg","a","a","a","a","title","title","t.data.data.nonceStr","t.data.data.nonceStr","timeStamp","t.data.data.package","t.data.data.package","nonceStr","t.data.data.signType","t.data.data.signType","package","t.data.data.paySign","signType","paySign"],"uiString":[]},{"source":"wx.request","sink":"wx.showToast","visitedContent":["t","t.data.ret","t.data.ret","t.data.data.timeStamp","t.data.data.timeStamp","t.data.msg","t.data.msg","a","a","a","a","title","title","t.data.data.nonceStr","t.data.data.nonceStr","timeStamp","t.data.data.package","t.data.data.package","nonceStr","t.data.data.signType","t.data.data.signType","package","t.data.data.paySign","signType","paySign"],"uiString":[]},{"source":"wx.request","sink":"wx.requestPayment","visitedContent":["t","t.data.ret","t.data.ret","t.data.data.timeStamp","t.data.data.timeStamp","t.data.msg","t.data.msg","a","a","a","a","title","title","t.data.data.nonceStr","t.data.data.nonceStr","timeStamp","t.data.data.package","t.data.data.package","nonceStr","t.data.data.signType","t.data.data.signType","package","t.data.data.paySign","signType","paySign"],"uiString":[]},{"source":"wx.request","sink":"wx.requestPayment","visitedContent":["t","t.data.ret","t.data.ret","t.data.data.timeStamp","t.data.data.timeStamp","t.data.msg","t.data.msg","a","a","a","a","title","title","t.data.data.nonceStr","t.data.data.nonceStr","timeStamp","t.data.data.package","t.data.data.package","nonceStr","t.data.data.signType","t.data.data.signType","package","t.data.data.paySign","signType","paySign"],"uiString":[]},{"source":"wx.request","sink":"wx.requestPayment","visitedContent":["t","t.data.ret","t.data.ret","t.data.data.timeStamp","t.data.data.timeStamp","t.data.msg","t.data.msg","a","a","a","a","title","title","t.data.data.nonceStr","t.data.data.nonceStr","timeStamp","t.data.data.package","t.data.data.package","nonceStr","t.data.data.signType","t.data.data.signType","package","t.data.data.paySign","signType","paySign"],"uiString":[]},{"source":"wx.request","sink":"wx.requestPayment","visitedContent":["t","t.data.ret","t.data.ret","t.data.data.timeStamp","t.data.data.timeStamp","t.data.msg","t.data.msg","a","a","a","a","title","title","t.data.data.nonceStr","t.data.data.nonceStr","timeStamp","t.data.data.package","t.data.data.package","nonceStr","t.data.data.signType","t.data.data.signType","package","t.data.data.paySign","signType","paySign"],"uiString":[]},{"source":"wx.request","sink":"wx.requestPayment","visitedContent":["t","t.data.ret","t.data.ret","t.data.data.timeStamp","t.data.data.timeStamp","t.data.msg","t.data.msg","a","a","a","a","title","title","t.data.data.nonceStr","t.data.data.nonceStr","timeStamp","t.data.data.package","t.data.data.package","nonceStr","t.data.data.signType","t.data.data.signType","package","t.data.data.paySign","signType","paySign"],"uiString":[]},{"source":"wx.request","sink":"wx.showToast","visitedContent":["t","t.data.ret","t.data.ret","t.data.msg","t.data.msg","a","a","a","a","title","title","t.data.ret","t.data.ret","t.data.ret","t.data.msg","t.data.msg","t.data.ret","t.data.details","title","t.data.msg","t.data.msg","content","t.data.details","t.data.details","modaltitle","t.data.ret","modalcontent","t.data.phoneNumber","phoneNumber"],"uiString":[]},{"source":"wx.request","sink":"wx.showToast","visitedContent":["t","t.data.ret","t.data.ret","t.data.msg","t.data.msg","a","a","a","a","title","title","t.data.ret","t.data.ret","t.data.ret","t.data.msg","t.data.msg","t.data.ret","t.data.details","title","t.data.msg","t.data.msg","content","t.data.details","t.data.details","modaltitle","t.data.ret","modalcontent","t.data.phoneNumber","phoneNumber"],"uiString":[]},{"source":"wx.request","sink":"wx.showModal","visitedContent":["t","t.data.ret","t.data.ret","t.data.msg","t.data.msg","a","a","a","a","title","title","t.data.ret","t.data.ret","t.data.ret","t.data.msg","t.data.msg","t.data.ret","t.data.details","title","t.data.msg","t.data.msg","content","t.data.details","t.data.details","modaltitle","t.data.ret","modalcontent","t.data.phoneNumber","phoneNumber"],"uiString":[]},{"source":"wx.request","sink":"wx.showModal","visitedContent":["t","t.data.ret","t.data.ret","t.data.msg","t.data.msg","a","a","a","a","title","title","t.data.ret","t.data.ret","t.data.ret","t.data.msg","t.data.msg","t.data.ret","t.data.details","title","t.data.msg","t.data.msg","content","t.data.details","t.data.details","modaltitle","t.data.ret","modalcontent","t.data.phoneNumber","phoneNumber"],"uiString":[]},{"source":"wx.request","sink":"wx.makePhoneCall","visitedContent":["t","t.data.ret","t.data.ret","t.data.msg","t.data.msg","a","a","a","a","title","title","t.data.ret","t.data.ret","t.data.ret","t.data.msg","t.data.msg","t.data.ret","t.data.details","title","t.data.msg","t.data.msg","content","t.data.details","t.data.details","modaltitle","t.data.ret","modalcontent","t.data.phoneNumber","phoneNumber"],"uiString":[]}]}}]