{"/app.js":[{"stained":"wx.checkSession","nodes":[{"name":"55","declaredName":"__function__18","declaredLoc":{"line":18,"column":12},"file":"/app.js","type":"ofAppInstance: onShow"},{"name":"62","declaredName":"wx.checkSession({fail:function(){...","declaredLoc":{"line":20,"column":8},"file":"/app.js","type":"source"},{"name":"69","declaredName":"__function__21","declaredLoc":{"line":21,"column":18},"file":"/app.js","type":"normal"},{"name":"79","declaredName":"__function__26","declaredLoc":{"line":26,"column":14},"file":"/app.js","type":"ofAppInstance: onLaunch"},{"name":"125","declaredName":"wx.checkSession({fail:function(){...","declaredLoc":{"line":29,"column":42},"file":"/app.js","type":"source"}],"edges":[{"source":"55","target":"62"},{"source":"79","target":"125"},{"source":"69","target":"79"}]},{"stained":"wx.login","nodes":[{"name":"626","declaredName":"__function__103","declaredLoc":{"line":103,"column":13},"file":"/app.js","type":"ofAppInstance: refresh"},{"name":"563","declaredName":"__function__89","declaredLoc":{"line":89,"column":119},"file":"/app.js","type":"normal"},{"name":"616","declaredName":"__function__96","declaredLoc":{"line":96,"column":111},"file":"/app.js","type":"normal"},{"name":"2250","declaredName":"__function__240","declaredLoc":{"line":240,"column":12},"file":"/pages/account/index.js","type":"ofPageInstance: onLoad"},{"name":"2886","declaredName":"__function__18","declaredLoc":{"line":18,"column":12},"file":"/pages/accountpoint/index.js","type":"ofPageInstance: onLoad"},{"name":"3032","declaredName":"__function__46","declaredLoc":{"line":46,"column":29},"file":"/pages/accountpoint/index.js","type":"normal"},{"name":"3075","declaredName":"__function__55","declaredLoc":{"line":55,"column":19},"file":"/pages/accountpoint/index.js","type":"ofPageInstance: get_pointdata"},{"name":"3382","declaredName":"__function__13","declaredLoc":{"line":13,"column":12},"file":"/pages/activity/activity.js","type":"ofPageInstance: onLoad"},{"name":"4121","declaredName":"__function__25","declaredLoc":{"line":25,"column":12},"file":"/pages/answer/index.js","type":"ofPageInstance: onLoad"},{"name":"5733","declaredName":"__function__9","declaredLoc":{"line":9,"column":12},"file":"/pages/answer/start.js","type":"ofPageInstance: onLoad"},{"name":"6140","declaredName":"__function__11","declaredLoc":{"line":11,"column":12},"file":"/pages/answertop/index.js","type":"ofPageInstance: onLoad"},{"name":"7717","declaredName":"__function__192","declaredLoc":{"line":192,"column":19},"file":"/pages/colles/colles.js","type":"ofPageInstance: onReachBottom"},{"name":"6956","declaredName":"__function__48","declaredLoc":{"line":48,"column":13},"file":"/pages/colles/colles.js","type":"ofPageInstance: getlist"},{"name":"8788","declaredName":"__function__30","declaredLoc":{"line":30,"column":12},"file":"/pages/deviceadd/index.js","type":"ofPageInstance: onLoad"},{"name":"10284","declaredName":"__function__291","declaredLoc":{"line":291,"column":20},"file":"/pages/deviceadd/index.js","type":"ofPageInstance: getPhoneNumber"},{"name":"11608","declaredName":"__function__511","declaredLoc":{"line":511,"column":12},"file":"/pages/deviceadd/index.js","type":"ofPageInstance: onShow"},{"name":"13482","declaredName":"__function__331","declaredLoc":{"line":331,"column":20},"file":"/pages/deviceaddq/index.js","type":"ofPageInstance: getPhoneNumber"},{"name":"13622","declaredName":"__function__361","declaredLoc":{"line":361,"column":15},"file":"/pages/deviceaddq/index.js","type":"ofPageInstance: checkuser"},{"name":"14220","declaredName":"__function__29","declaredLoc":{"line":29,"column":12},"file":"/pages/deviceedit/index.js","type":"ofPageInstance: onLoad"},{"name":"15597","declaredName":"__function__250","declaredLoc":{"line":250,"column":20},"file":"/pages/deviceedit/index.js","type":"ofPageInstance: getPhoneNumber"},{"name":"16873","declaredName":"__function__26","declaredLoc":{"line":26,"column":12},"file":"/pages/equipment/equipment.js","type":"ofPageInstance: onLoad"},{"name":"16978","declaredName":"__function__40","declaredLoc":{"line":40,"column":13},"file":"/pages/equipment/equipment.js","type":"ofPageInstance: bargain"},{"name":"16908","declaredName":"__function__28","declaredLoc":{"line":28,"column":77},"file":"/pages/equipment/equipment.js","type":"normal"},{"name":"17118","declaredName":"__function__72","declaredLoc":{"line":72,"column":15},"file":"/pages/equipment/equipment.js","type":"ofPageInstance: checkuser"},{"name":"18638","declaredName":"__function__368","declaredLoc":{"line":368,"column":20},"file":"/pages/equipment/equipment.js","type":"ofPageInstance: getPhoneNumber"},{"name":"18810","declaredName":"__function__406","declaredLoc":{"line":406,"column":14},"file":"/pages/equipment/equipment.js","type":"ofPageInstance: show_val"},{"name":"19239","declaredName":"__function__38","declaredLoc":{"line":38,"column":19},"file":"/pages/followme/followme.js","type":"ofPageInstance: onReachBottom"},{"name":"19102","declaredName":"__function__12","declaredLoc":{"line":12,"column":14},"file":"/pages/followme/followme.js","type":"ofPageInstance: loadData"},{"name":"19318","declaredName":"__function__9","declaredLoc":{"line":9,"column":12},"file":"/pages/followmewho/followmewho.js","type":"ofPageInstance: onLoad"},{"name":"19757","declaredName":"__function__77","declaredLoc":{"line":77,"column":12},"file":"/pages/index/index.js","type":"ofPageInstance: onLoad"},{"name":"20575","declaredName":"__function__235","declaredLoc":{"line":235,"column":14},"file":"/pages/index/index.js","type":"ofPageInstance: show_val"},{"name":"21770","declaredName":"__function__445","declaredLoc":{"line":445,"column":18},"file":"/pages/index/index.js","type":"ofPageInstance: obtain_catid"},{"name":"21690","declaredName":"__function__425","declaredLoc":{"line":425,"column":21},"file":"/pages/index/index.js","type":"ofPageInstance: dynamic_options"},{"name":"21357","declaredName":"__function__382","declaredLoc":{"line":382,"column":13},"file":"/pages/index/index.js","type":"ofPageInstance: itemid1"},{"name":"21849","declaredName":"__function__456","declaredLoc":{"line":456,"column":17},"file":"/pages/index/index.js","type":"ofPageInstance: obtain_text"},{"name":"21914","declaredName":"__function__466","declaredLoc":{"line":466,"column":17},"file":"/pages/index/index.js","type":"ofPageInstance: obtain_year"},{"name":"21988","declaredName":"__function__476","declaredLoc":{"line":476,"column":18},"file":"/pages/index/index.js","type":"ofPageInstance: obtain_paixu"},{"name":"22071","declaredName":"__function__492","declaredLoc":{"line":492,"column":18},"file":"/pages/index/index.js","type":"ofPageInstance: resetcontent"},{"name":"22165","declaredName":"__function__514","declaredLoc":{"line":514,"column":15},"file":"/pages/index/index.js","type":"ofPageInstance: bolljudge"},{"name":"22230","declaredName":"__function__523","declaredLoc":{"line":523,"column":19},"file":"/pages/index/index.js","type":"ofPageInstance: bollification"},{"name":"22287","declaredName":"__function__532","declaredLoc":{"line":532,"column":15},"file":"/pages/index/index.js","type":"ofPageInstance: bollbrand"},{"name":"22344","declaredName":"__function__541","declaredLoc":{"line":541,"column":15},"file":"/pages/index/index.js","type":"ofPageInstance: boll_year"},{"name":"23939","declaredName":"__function__795","declaredLoc":{"line":795,"column":23},"file":"/pages/index/index.js","type":"ofPageInstance: onPullDownRefresh"},{"name":"24379","declaredName":"__function__865","declaredLoc":{"line":865,"column":15},"file":"/pages/index/index.js","type":"ofPageInstance: hideInput"},{"name":"24427","declaredName":"__function__874","declaredLoc":{"line":874,"column":12},"file":"/pages/index/index.js","type":"ofPageInstance: search"},{"name":"22623","declaredName":"__function__583","declaredLoc":{"line":583,"column":18},"file":"/pages/index/index.js","type":"normal"},{"name":"22570","declaredName":"__function__574","declaredLoc":{"line":574,"column":33},"file":"/pages/index/index.js","type":"normal"},{"name":"22043","declaredName":"__function__488","declaredLoc":{"line":488,"column":16},"file":"/pages/index/index.js","type":"ofPageInstance: list_reset"},{"name":"22401","declaredName":"__function__550","declaredLoc":{"line":550,"column":14},"file":"/pages/index/index.js","type":"ofPageInstance: tabClick"},{"name":"23369","declaredName":"__function__729","declaredLoc":{"line":729,"column":19},"file":"/pages/index/index.js","type":"ofPageInstance: onReachBottom"},{"name":"19836","declaredName":"__function__87","declaredLoc":{"line":87,"column":19},"file":"/pages/index/index.js","type":"normal"},{"name":"22924","declaredName":"__function__664","declaredLoc":{"line":664,"column":13},"file":"/pages/index/index.js","type":"ofPageInstance: getList"},{"name":"24488","declaredName":"__function__890","declaredLoc":{"line":890,"column":20},"file":"/pages/index/index.js","type":"ofPageInstance: getPhoneNumber"},{"name":"26073","declaredName":"__function__13","declaredLoc":{"line":13,"column":12},"file":"/pages/kanjia/kanjia.js","type":"ofPageInstance: onLoad"},{"name":"26240","declaredName":"__function__51","declaredLoc":{"line":51,"column":17},"file":"/pages/kanjia/kanjia.js","type":"ofPageInstance: call_number"},{"name":"26406","declaredName":"__function__78","declaredLoc":{"line":78,"column":41},"file":"/pages/kanjia/kanjia.js","type":"normal"},{"name":"26268","declaredName":"__function__55","declaredLoc":{"line":55,"column":13},"file":"/pages/kanjia/kanjia.js","type":"ofPageInstance: callout"},{"name":"26579","declaredName":"__function__8","declaredLoc":{"line":8,"column":12},"file":"/pages/login/login.js","type":"ofPageInstance: onLoad"},{"name":"26977","declaredName":"__function__17","declaredLoc":{"line":17,"column":12},"file":"/pages/myissue/myissue.js","type":"ofPageInstance: onLoad"},{"name":"28045","declaredName":"__function__14","declaredLoc":{"line":14,"column":12},"file":"/pages/phonenumber/phonenumber.js","type":"ofPageInstance: onLoad"},{"name":"28256","declaredName":"__function__57","declaredLoc":{"line":57,"column":12},"file":"/pages/phonenumber/phonenumber.js","type":"ofPageInstance: getsms"},{"name":"28453","declaredName":"__function__91","declaredLoc":{"line":91,"column":16},"file":"/pages/phonenumber/phonenumber.js","type":"ofPageInstance: formSubmit"},{"name":"28669","declaredName":"__function__122","declaredLoc":{"line":122,"column":20},"file":"/pages/phonenumber/phonenumber.js","type":"ofPageInstance: getPhoneNumber"},{"name":"29027","declaredName":"__function__23","declaredLoc":{"line":23,"column":12},"file":"/pages/recharge/recharge.js","type":"ofPageInstance: onLoad"},{"name":"31230","declaredName":"__function__69","declaredLoc":{"line":69,"column":12},"file":"/pages/turntable/turntable.js","type":"ofPageInstance: onLoad"},{"name":"31709","declaredName":"__function__161","declaredLoc":{"line":161,"column":18},"file":"/pages/turntable/turntable.js","type":"ofPageInstance: startRollTap"},{"name":"31890","declaredName":"__function__11","declaredLoc":{"line":11,"column":12},"file":"/pages/upgrade/index.js","type":"ofPageInstance: onLoad"},{"name":"32716","declaredName":"__function__86","declaredLoc":{"line":86,"column":12},"file":"/pages/userinfo/index.js","type":"ofPageInstance: onLoad"},{"name":"33215","declaredName":"__function__155","declaredLoc":{"line":155,"column":19},"file":"/pages/userinfo/index.js","type":"ofPageInstance: onReachBottom"},{"name":"32921","declaredName":"__function__113","declaredLoc":{"line":113,"column":18},"file":"/pages/userinfo/index.js","type":"ofPageInstance: load_account"},{"name":"33680","declaredName":"__function__239","declaredLoc":{"line":239,"column":41},"file":"/pages/userinfo/index.js","type":"normal"},{"name":"33542","declaredName":"__function__216","declaredLoc":{"line":216,"column":13},"file":"/pages/userinfo/index.js","type":"ofPageInstance: callout"},{"name":"306","declaredName":"__function__58","declaredLoc":{"line":58,"column":10},"file":"/app.js","type":"ofAppInstance: auth"},{"name":"367","declaredName":"wx.login({success:function(e){var...","declaredLoc":{"line":64,"column":12},"file":"/app.js","type":"source"}],"edges":[{"source":"306","target":"367"},{"source":"626","target":"306"},{"source":"563","target":"306"},{"source":"616","target":"306"},{"source":"2250","target":"306"},{"source":"3075","target":"306"},{"source":"2886","target":"3075"},{"source":"3032","target":"3075"},{"source":"3382","target":"306"},{"source":"4121","target":"306"},{"source":"5733","target":"306"},{"source":"6140","target":"306"},{"source":"6956","target":"306"},{"source":"7717","target":"6956"},{"source":"8788","target":"306"},{"source":"10284","target":"306"},{"source":"11608","target":"306"},{"source":"13482","target":"306"},{"source":"13622","target":"306"},{"source":"14220","target":"306"},{"source":"15597","target":"306"},{"source":"16873","target":"306"},{"source":"16978","target":"306"},{"source":"17118","target":"306"},{"source":"16908","target":"17118"},{"source":"18638","target":"306"},{"source":"18810","target":"306"},{"source":"19102","target":"306"},{"source":"19239","target":"19102"},{"source":"19318","target":"306"},{"source":"19757","target":"306"},{"source":"20575","target":"306"},{"source":"21690","target":"306"},{"source":"21770","target":"21690"},{"source":"22924","target":"306"},{"source":"22043","target":"22924"},{"source":"21357","target":"22043"},{"source":"21770","target":"22043"},{"source":"21849","target":"22043"},{"source":"21914","target":"22043"},{"source":"21988","target":"22043"},{"source":"22071","target":"22043"},{"source":"22165","target":"22043"},{"source":"22230","target":"22043"},{"source":"22287","target":"22043"},{"source":"22344","target":"22043"},{"source":"23939","target":"22043"},{"source":"24379","target":"22043"},{"source":"24427","target":"22043"},{"source":"22623","target":"22043"},{"source":"22570","target":"22043"},{"source":"22401","target":"22924"},{"source":"22401","target":"22924"},{"source":"23369","target":"22924"},{"source":"23369","target":"22924"},{"source":"19836","target":"22924"},{"source":"23939","target":"306"},{"source":"24488","target":"306"},{"source":"26073","target":"306"},{"source":"26268","target":"306"},{"source":"26240","target":"26268"},{"source":"26406","target":"26268"},{"source":"26579","target":"306"},{"source":"26977","target":"306"},{"source":"28045","target":"306"},{"source":"28256","target":"306"},{"source":"28453","target":"306"},{"source":"28669","target":"306"},{"source":"29027","target":"306"},{"source":"31230","target":"306"},{"source":"31709","target":"306"},{"source":"31890","target":"306"},{"source":"32921","target":"306"},{"source":"32716","target":"32921"},{"source":"33215","target":"32921"},{"source":"33542","target":"306"},{"source":"33680","target":"33542"}]},{"stained":"wx.request","nodes":[{"name":"731","declaredName":"__function__127","declaredLoc":{"line":127,"column":13},"file":"/app.js","type":"ofAppInstance: callout"},{"name":"780","declaredName":"wx.request({method:'POST',header:...","declaredLoc":{"line":130,"column":8},"file":"/app.js","type":"source,sink"},{"name":"374","declaredName":"__function__65","declaredLoc":{"line":65,"column":25},"file":"/app.js","type":"normal"},{"name":"386","declaredName":"wx.request({method:'POST',header:...","declaredLoc":{"line":67,"column":24},"file":"/app.js","type":"source,sink"}],"edges":[{"source":"731","target":"780"},{"source":"374","target":"386"}]}],"/pages/account/index.js":[{"stained":"wx.request","nodes":[{"name":"1152","declaredName":"__function__22","declaredLoc":{"line":22,"column":16},"file":"/pages/account/index.js","type":"ofPageInstance: updateinfo"},{"name":"1256","declaredName":"wx.request({method:'POST',header:...","declaredLoc":{"line":30,"column":12},"file":"/pages/account/index.js","type":"source,sink"},{"name":"1325","declaredName":"__function__46","declaredLoc":{"line":46,"column":14},"file":"/pages/account/index.js","type":"ofPageInstance: openchat"},{"name":"1328","declaredName":"wx.request({method:'POST',header:...","declaredLoc":{"line":47,"column":8},"file":"/pages/account/index.js","type":"source,sink"},{"name":"1461","declaredName":"__function__80","declaredLoc":{"line":80,"column":41},"file":"/pages/account/index.js","type":"normal"},{"name":"1519","declaredName":"__function__94","declaredLoc":{"line":94,"column":12},"file":"/pages/account/index.js","type":"ofPageInstance: savebg"},{"name":"1523","declaredName":"wx.request({method:'POST',header:...","declaredLoc":{"line":95,"column":8},"file":"/pages/account/index.js","type":"source,sink"},{"name":"1901","declaredName":"__function__175","declaredLoc":{"line":175,"column":13},"file":"/pages/account/index.js","type":"ofPageInstance: refresh"},{"name":"1927","declaredName":"wx.request({method:'POST',header:...","declaredLoc":{"line":179,"column":12},"file":"/pages/account/index.js","type":"source,sink"},{"name":"1562","declaredName":"__function__108","declaredLoc":{"line":108,"column":12},"file":"/pages/account/index.js","type":"ofPageInstance: onShow"},{"name":"2432","declaredName":"__function__279","declaredLoc":{"line":279,"column":19},"file":"/pages/account/index.js","type":"ofPageInstance: onReachBottom"},{"name":"1305","declaredName":"__function__41","declaredLoc":{"line":41,"column":21},"file":"/pages/account/index.js","type":"normal"},{"name":"1872","declaredName":"__function__168","declaredLoc":{"line":168,"column":29},"file":"/pages/account/index.js","type":"normal"},{"name":"1961","declaredName":"__function__189","declaredLoc":{"line":189,"column":21},"file":"/pages/account/index.js","type":"normal"},{"name":"2262","declaredName":"__function__242","declaredLoc":{"line":242,"column":15},"file":"/pages/account/index.js","type":"normal"},{"name":"2044","declaredName":"__function__204","declaredLoc":{"line":204,"column":18},"file":"/pages/account/index.js","type":"ofPageInstance: load_account"},{"name":"2060","declaredName":"wx.request({method:'POST',header:...","declaredLoc":{"line":208,"column":12},"file":"/pages/account/index.js","type":"source,sink"},{"name":"2334","declaredName":"__function__256","declaredLoc":{"line":256,"column":17},"file":"/pages/account/index.js","type":"ofPageInstance: buildercode"},{"name":"2341","declaredName":"wx.request({url:'https://api.998j...","declaredLoc":{"line":258,"column":8},"file":"/pages/account/index.js","type":"source,sink"},{"name":"2719","declaredName":"__function__337","declaredLoc":{"line":337,"column":21},"file":"/pages/account/index.js","type":"ofPageInstance: get_useravatars"},{"name":"2738","declaredName":"wx.request({url:'https://api.998j...","declaredLoc":{"line":340,"column":12},"file":"/pages/account/index.js","type":"source,sink"},{"name":"1714","declaredName":"__function__129","declaredLoc":{"line":129,"column":21},"file":"/pages/account/index.js","type":"normal"},{"name":"1722","declaredName":"wx.request({method:'POST',header:...","declaredLoc":{"line":130,"column":29},"file":"/pages/account/index.js","type":"source,sink"},{"name":"1810","declaredName":"__function__152","declaredLoc":{"line":152,"column":21},"file":"/pages/account/index.js","type":"normal"},{"name":"1835","declaredName":"wx.request({method:'POST',header:...","declaredLoc":{"line":157,"column":20},"file":"/pages/account/index.js","type":"source,sink"}],"edges":[{"source":"1152","target":"1256"},{"source":"1325","target":"1328"},{"source":"1519","target":"1523"},{"source":"1461","target":"1519"},{"source":"1901","target":"1927"},{"source":"2044","target":"2060"},{"source":"1562","target":"2044"},{"source":"2432","target":"2044"},{"source":"1305","target":"2044"},{"source":"1872","target":"2044"},{"source":"1961","target":"2044"},{"source":"2262","target":"2044"},{"source":"2334","target":"2341"},{"source":"2262","target":"2334"},{"source":"2719","target":"2738"},{"source":"1714","target":"1722"},{"source":"1810","target":"1835"}]},{"stained":"wx.chooseImage","nodes":[{"name":"1379","declaredName":"__function__63","declaredLoc":{"line":63,"column":21},"file":"/pages/account/index.js","type":"normal"},{"name":"1387","declaredName":"wx.chooseImage({count:1,sizeType:...","declaredLoc":{"line":64,"column":29},"file":"/pages/account/index.js","type":"source"}],"edges":[{"source":"1379","target":"1387"}]},{"stained":"wx.getStorageSync","nodes":[{"name":"2262","declaredName":"__function__242","declaredLoc":{"line":242,"column":15},"file":"/pages/account/index.js","type":"normal"},{"name":"2268","declaredName":"wx.getStorageSync('account_backgr...","declaredLoc":{"line":243,"column":20},"file":"/pages/account/index.js","type":"source"}],"edges":[{"source":"2262","target":"2268"}]},{"stained":"wx.openSetting","nodes":[{"name":"2608","declaredName":"__function__305","declaredLoc":{"line":305,"column":13},"file":"/pages/account/index.js","type":"ofPageInstance: setting"},{"name":"2611","declaredName":"wx.openSetting({success:function(...","declaredLoc":{"line":306,"column":8},"file":"/pages/account/index.js","type":"source"}],"edges":[{"source":"2608","target":"2611"}]}],"/pages/accountpoint/index.js":[{"stained":"wx.getSystemInfo","nodes":[{"name":"2886","declaredName":"__function__18","declaredLoc":{"line":18,"column":12},"file":"/pages/accountpoint/index.js","type":"ofPageInstance: onLoad"},{"name":"2895","declaredName":"wx.getSystemInfo({success:functio...","declaredLoc":{"line":20,"column":8},"file":"/pages/accountpoint/index.js","type":"source"}],"edges":[{"source":"2886","target":"2895"}]},{"stained":"wx.request","nodes":[{"name":"2886","declaredName":"__function__18","declaredLoc":{"line":18,"column":12},"file":"/pages/accountpoint/index.js","type":"ofPageInstance: onLoad"},{"name":"3153","declaredName":"__function__76","declaredLoc":{"line":76,"column":15},"file":"/pages/accountpoint/index.js","type":"ofPageInstance: get_shops"},{"name":"3160","declaredName":"wx.request({method:'POST',header:...","declaredLoc":{"line":78,"column":8},"file":"/pages/accountpoint/index.js","type":"source,sink"},{"name":"2984","declaredName":"__function__35","declaredLoc":{"line":35,"column":21},"file":"/pages/accountpoint/index.js","type":"normal"},{"name":"2992","declaredName":"wx.request({method:'POST',header:...","declaredLoc":{"line":36,"column":29},"file":"/pages/accountpoint/index.js","type":"source,sink"},{"name":"3086","declaredName":"__function__57","declaredLoc":{"line":57,"column":15},"file":"/pages/accountpoint/index.js","type":"normal"},{"name":"3090","declaredName":"wx.request({method:'POST',header:...","declaredLoc":{"line":58,"column":12},"file":"/pages/accountpoint/index.js","type":"source,sink"}],"edges":[{"source":"3153","target":"3160"},{"source":"2886","target":"3153"},{"source":"2984","target":"2992"},{"source":"3086","target":"3090"}]}],"/pages/activity/activity.js":[{"stained":"wx.request","nodes":[{"name":"3382","declaredName":"__function__13","declaredLoc":{"line":13,"column":12},"file":"/pages/activity/activity.js","type":"ofPageInstance: onLoad"},{"name":"3848","declaredName":"__function__58","declaredLoc":{"line":58,"column":18},"file":"/pages/activity/activity.js","type":"ofPageInstance: get_shareTop"},{"name":"3855","declaredName":"wx.request({method:'POST',header:...","declaredLoc":{"line":60,"column":8},"file":"/pages/activity/activity.js","type":"source,sink"},{"name":"3902","declaredName":"__function__76","declaredLoc":{"line":76,"column":18},"file":"/pages/activity/activity.js","type":"ofPageInstance: get_lastweek"},{"name":"3909","declaredName":"wx.request({method:'POST',header:...","declaredLoc":{"line":78,"column":8},"file":"/pages/activity/activity.js","type":"source,sink"}],"edges":[{"source":"3848","target":"3855"},{"source":"3382","target":"3848"},{"source":"3902","target":"3909"},{"source":"3382","target":"3902"}]}],"/pages/answer/index.js":[{"stained":"wx.getStorageSync","nodes":[{"name":"4147","declaredName":"__function__27","declaredLoc":{"line":27,"column":50},"file":"/pages/answer/index.js","type":"normal"},{"name":"4162","declaredName":"wx.getStorageSync('lastgamestatus...","declaredLoc":{"line":31,"column":20},"file":"/pages/answer/index.js","type":"source"}],"edges":[{"source":"4147","target":"4162"}]},{"stained":"wx.request","nodes":[{"name":"4351","declaredName":"__function__63","declaredLoc":{"line":63,"column":16},"file":"/pages/answer/index.js","type":"ofPageInstance: formSubmit"},{"name":"4359","declaredName":"wx.request({url:'https://api.998j...","declaredLoc":{"line":65,"column":8},"file":"/pages/answer/index.js","type":"source,sink"},{"name":"5106","declaredName":"__function__175","declaredLoc":{"line":175,"column":14},"file":"/pages/answer/index.js","type":"ofPageInstance: jumpnext"},{"name":"4199","declaredName":"__function__41","declaredLoc":{"line":41,"column":25},"file":"/pages/answer/index.js","type":"normal"},{"name":"4864","declaredName":"__function__140","declaredLoc":{"line":140,"column":21},"file":"/pages/answer/index.js","type":"normal"},{"name":"5241","declaredName":"__function__198","declaredLoc":{"line":198,"column":27},"file":"/pages/answer/index.js","type":"normal"},{"name":"4406","declaredName":"__function__78","declaredLoc":{"line":78,"column":19},"file":"/pages/answer/index.js","type":"ofPageInstance: load_question"},{"name":"4421","declaredName":"wx.request({method:'POST',header:...","declaredLoc":{"line":80,"column":36},"file":"/pages/answer/index.js","type":"source,sink"},{"name":"4818","declaredName":"__function__129","declaredLoc":{"line":129,"column":13},"file":"/pages/answer/index.js","type":"ofPageInstance: restart"},{"name":"4833","declaredName":"wx.request({method:'POST',header:...","declaredLoc":{"line":131,"column":39},"file":"/pages/answer/index.js","type":"source,sink"},{"name":"4681","declaredName":"__function__108","declaredLoc":{"line":108,"column":12},"file":"/pages/answer/index.js","type":"ofPageInstance: gonext"},{"name":"4459","declaredName":"__function__90","declaredLoc":{"line":90,"column":21},"file":"/pages/answer/index.js","type":"normal"},{"name":"4807","declaredName":"__function__124","declaredLoc":{"line":124,"column":47},"file":"/pages/answer/index.js","type":"normal"},{"name":"5589","declaredName":"__function__280","declaredLoc":{"line":280,"column":37},"file":"/pages/answer/index.js","type":"normal"},{"name":"4709","declaredName":"__function__114","declaredLoc":{"line":114,"column":15},"file":"/pages/answer/index.js","type":"ofPageInstance: counttime"},{"name":"5140","declaredName":"__function__181","declaredLoc":{"line":181,"column":14},"file":"/pages/answer/index.js","type":"ofPageInstance: doanswer"},{"name":"4983","declaredName":"__function__157","declaredLoc":{"line":157,"column":12},"file":"/pages/answer/index.js","type":"ofPageInstance: goerro"},{"name":"5009","declaredName":"wx.request({method:'POST',header:...","declaredLoc":{"line":159,"column":79},"file":"/pages/answer/index.js","type":"source,sink"},{"name":"5188","declaredName":"wx.request({method:'POST',header:...","declaredLoc":{"line":186,"column":60},"file":"/pages/answer/index.js","type":"source,sink"},{"name":"5294","declaredName":"__function__215","declaredLoc":{"line":215,"column":14},"file":"/pages/answer/index.js","type":"ofPageInstance: register"},{"name":"5332","declaredName":"wx.request({url:'https://api.998j...","declaredLoc":{"line":222,"column":12},"file":"/pages/answer/index.js","type":"source,sink"},{"name":"5398","declaredName":"__function__238","declaredLoc":{"line":238,"column":15},"file":"/pages/answer/index.js","type":"ofPageInstance: moneysend"},{"name":"5420","declaredName":"wx.request({method:'POST',header:...","declaredLoc":{"line":242,"column":12},"file":"/pages/answer/index.js","type":"source,sink"},{"name":"4147","declaredName":"__function__27","declaredLoc":{"line":27,"column":50},"file":"/pages/answer/index.js","type":"normal"},{"name":"4168","declaredName":"wx.request({method:'POST',header:...","declaredLoc":{"line":32,"column":12},"file":"/pages/answer/index.js","type":"source,sink"},{"name":"5511","declaredName":"__function__264","declaredLoc":{"line":264,"column":21},"file":"/pages/answer/index.js","type":"normal"},{"name":"5527","declaredName":"wx.request({method:'POST',header:...","declaredLoc":{"line":265,"column":61},"file":"/pages/answer/index.js","type":"source,sink"}],"edges":[{"source":"4351","target":"4359"},{"source":"4406","target":"4421"},{"source":"5106","target":"4406"},{"source":"4199","target":"4406"},{"source":"4864","target":"4406"},{"source":"5241","target":"4406"},{"source":"4818","target":"4833"},{"source":"4983","target":"5009"},{"source":"4709","target":"4983"},{"source":"4681","target":"4709"},{"source":"4459","target":"4709"},{"source":"4807","target":"4709"},{"source":"5589","target":"4709"},{"source":"5140","target":"4983"},{"source":"5140","target":"5188"},{"source":"5294","target":"5332"},{"source":"5398","target":"5420"},{"source":"4147","target":"4168"},{"source":"5511","target":"5527"}]}],"/pages/answer/start.js":[{"stained":"wx.request","nodes":[{"name":"5841","declaredName":"__function__37","declaredLoc":{"line":37,"column":14},"file":"/pages/answer/start.js","type":"ofPageInstance: register"},{"name":"5879","declaredName":"wx.request({url:'https://api.998j...","declaredLoc":{"line":44,"column":12},"file":"/pages/answer/start.js","type":"source,sink"},{"name":"5759","declaredName":"__function__11","declaredLoc":{"line":11,"column":50},"file":"/pages/answer/start.js","type":"normal"},{"name":"5772","declaredName":"wx.request({url:'https://api.998j...","declaredLoc":{"line":14,"column":16},"file":"/pages/answer/start.js","type":"source,sink"}],"edges":[{"source":"5841","target":"5879"},{"source":"5759","target":"5772"}]}],"/pages/answertop/index.js":[{"stained":"wx.request","nodes":[{"name":"6196","declaredName":"__function__22","declaredLoc":{"line":22,"column":12},"file":"/pages/answertop/index.js","type":"ofPageInstance: gameer"},{"name":"6199","declaredName":"wx.request({method:'POST',header:...","declaredLoc":{"line":23,"column":8},"file":"/pages/answertop/index.js","type":"source,sink"},{"name":"6166","declaredName":"__function__13","declaredLoc":{"line":13,"column":50},"file":"/pages/answertop/index.js","type":"normal"},{"name":"6403","declaredName":"__function__63","declaredLoc":{"line":63,"column":14},"file":"/pages/answertop/index.js","type":"ofPageInstance: load_top"},{"name":"6420","declaredName":"wx.request({method:'POST',header:...","declaredLoc":{"line":67,"column":12},"file":"/pages/answertop/index.js","type":"source,sink"}],"edges":[{"source":"6196","target":"6199"},{"source":"6403","target":"6420"},{"source":"6166","target":"6403"}]}],"/pages/auth/info.js":[{"stained":"wx.openSetting","nodes":[{"name":"6607","declaredName":"__function__8","declaredLoc":{"line":8,"column":21},"file":"/pages/auth/info.js","type":"normal"},{"name":"6576","declaredName":"__function__2","declaredLoc":{"line":2,"column":10},"file":"/pages/auth/info.js","type":"ofPageInstance: auth"},{"name":"6579","declaredName":"wx.openSetting()","declaredLoc":{"line":3,"column":8},"file":"/pages/auth/info.js","type":"source"}],"edges":[{"source":"6576","target":"6579"},{"source":"6607","target":"6576"}]},{"stained":"wx.getSetting","nodes":[{"name":"6585","declaredName":"__function__5","declaredLoc":{"line":5,"column":12},"file":"/pages/auth/info.js","type":"ofPageInstance: onShow"},{"name":"6600","declaredName":"wx.getSetting({success:function(e...","declaredLoc":{"line":7,"column":42},"file":"/pages/auth/info.js","type":"source"}],"edges":[{"source":"6585","target":"6600"}]},{"stained":"wx.getLocation","nodes":[{"name":"6607","declaredName":"__function__8","declaredLoc":{"line":8,"column":21},"file":"/pages/auth/info.js","type":"normal"},{"name":"6617","declaredName":"wx.getLocation({type:'gcj02',succ...","declaredLoc":{"line":9,"column":54},"file":"/pages/auth/info.js","type":"source"}],"edges":[{"source":"6607","target":"6617"}]}],"/pages/colles/colles.js":[{"stained":"wx.request","nodes":[{"name":"6815","declaredName":"__function__23","declaredLoc":{"line":23,"column":17},"file":"/pages/colles/colles.js","type":"ofPageInstance: colle_detel"},{"name":"6832","declaredName":"wx.request({method:'POST',header:...","declaredLoc":{"line":25,"column":8},"file":"/pages/colles/colles.js","type":"source,sink"},{"name":"7374","declaredName":"__function__124","declaredLoc":{"line":124,"column":29},"file":"/pages/colles/colles.js","type":"normal"},{"name":"7137","declaredName":"__function__81","declaredLoc":{"line":81,"column":14},"file":"/pages/colles/colles.js","type":"ofPageInstance: makecall"},{"name":"7145","declaredName":"wx.request({method:'POST',header:...","declaredLoc":{"line":83,"column":8},"file":"/pages/colles/colles.js","type":"source,sink"},{"name":"7179","declaredName":"__function__93","declaredLoc":{"line":93,"column":21},"file":"/pages/colles/colles.js","type":"normal"},{"name":"7258","declaredName":"__function__103","declaredLoc":{"line":103,"column":13},"file":"/pages/colles/colles.js","type":"ofPageInstance: paycall"},{"name":"7268","declaredName":"wx.request({method:'POST',header:...","declaredLoc":{"line":105,"column":8},"file":"/pages/colles/colles.js","type":"source,sink"},{"name":"7407","declaredName":"__function__134","declaredLoc":{"line":134,"column":19},"file":"/pages/colles/colles.js","type":"ofPageInstance: choose_number"},{"name":"7556","declaredName":"__function__157","declaredLoc":{"line":157,"column":29},"file":"/pages/colles/colles.js","type":"normal"},{"name":"7448","declaredName":"__function__139","declaredLoc":{"line":139,"column":13},"file":"/pages/colles/colles.js","type":"ofPageInstance: callout"},{"name":"7455","declaredName":"wx.request({method:'POST',header:...","declaredLoc":{"line":141,"column":8},"file":"/pages/colles/colles.js","type":"source,sink"},{"name":"6967","declaredName":"__function__50","declaredLoc":{"line":50,"column":15},"file":"/pages/colles/colles.js","type":"normal"},{"name":"6988","declaredName":"wx.request({method:'POST',header:...","declaredLoc":{"line":54,"column":16},"file":"/pages/colles/colles.js","type":"source,sink"}],"edges":[{"source":"6815","target":"6832"},{"source":"7137","target":"7145"},{"source":"7374","target":"7137"},{"source":"7258","target":"7268"},{"source":"7179","target":"7258"},{"source":"7448","target":"7455"},{"source":"7407","target":"7448"},{"source":"7556","target":"7448"},{"source":"6967","target":"6988"}]}],"/pages/dealt/dealt.js":[{"stained":"wx.request","nodes":[{"name":"8477","declaredName":"__function__10","declaredLoc":{"line":10,"column":12},"file":"/pages/dealt/dealt.js","type":"ofPageInstance: onLoad"},{"name":"8622","declaredName":"__function__40","declaredLoc":{"line":40,"column":19},"file":"/pages/dealt/dealt.js","type":"ofPageInstance: onReachBottom"},{"name":"8496","declaredName":"__function__14","declaredLoc":{"line":14,"column":16},"file":"/pages/dealt/dealt.js","type":"ofPageInstance: get_selled"},{"name":"8503","declaredName":"wx.request({method:'POST',header:...","declaredLoc":{"line":16,"column":8},"file":"/pages/dealt/dealt.js","type":"source,sink"}],"edges":[{"source":"8496","target":"8503"},{"source":"8477","target":"8496"},{"source":"8622","target":"8496"}]}],"/pages/deviceadd/index.js":[{"stained":"wx.request","nodes":[{"name":"8799","declaredName":"__function__32","declaredLoc":{"line":32,"column":15},"file":"/pages/deviceadd/index.js","type":"normal"},{"name":"11620","declaredName":"__function__513","declaredLoc":{"line":513,"column":15},"file":"/pages/deviceadd/index.js","type":"normal"},{"name":"8867","declaredName":"__function__47","declaredLoc":{"line":47,"column":15},"file":"/pages/deviceadd/index.js","type":"ofPageInstance: checkuser"},{"name":"8883","declaredName":"wx.request({url:'https://api.998j...","declaredLoc":{"line":51,"column":12},"file":"/pages/deviceadd/index.js","type":"source,sink"},{"name":"9133","declaredName":"__function__98","declaredLoc":{"line":98,"column":16},"file":"/pages/deviceadd/index.js","type":"ofPageInstance: setcatalog"},{"name":"9772","declaredName":"__function__197","declaredLoc":{"line":197,"column":79},"file":"/pages/deviceadd/index.js","type":"normal"},{"name":"9553","declaredName":"__function__162","declaredLoc":{"line":162,"column":16},"file":"/pages/deviceadd/index.js","type":"ofPageInstance: getoptions"},{"name":"9584","declaredName":"wx.request({method:'POST',header:...","declaredLoc":{"line":166,"column":12},"file":"/pages/deviceadd/index.js","type":"source,sink"},{"name":"9886","declaredName":"__function__210","declaredLoc":{"line":210,"column":16},"file":"/pages/deviceadd/index.js","type":"ofPageInstance: getcatalog"},{"name":"9919","declaredName":"wx.request({method:'POST',header:...","declaredLoc":{"line":215,"column":13},"file":"/pages/deviceadd/index.js","type":"source,sink"},{"name":"10034","declaredName":"__function__235","declaredLoc":{"line":235,"column":17},"file":"/pages/deviceadd/index.js","type":"ofPageInstance: buildercode"},{"name":"10041","declaredName":"wx.request({url:'https://api.998j...","declaredLoc":{"line":237,"column":8},"file":"/pages/deviceadd/index.js","type":"source,sink"},{"name":"10112","declaredName":"__function__255","declaredLoc":{"line":255,"column":21},"file":"/pages/deviceadd/index.js","type":"normal"},{"name":"10191","declaredName":"__function__271","declaredLoc":{"line":271,"column":12},"file":"/pages/deviceadd/index.js","type":"ofPageInstance: savexy"},{"name":"10206","declaredName":"wx.request({method:'POST',header:...","declaredLoc":{"line":273,"column":35},"file":"/pages/deviceadd/index.js","type":"source,sink"},{"name":"11510","declaredName":"__function__489","declaredLoc":{"line":489,"column":21},"file":"/pages/deviceadd/index.js","type":"normal"},{"name":"10424","declaredName":"__function__321","declaredLoc":{"line":321,"column":13},"file":"/pages/deviceadd/index.js","type":"ofPageInstance: sendmsg"},{"name":"10428","declaredName":"wx.request({url:'https://api.998j...","declaredLoc":{"line":322,"column":8},"file":"/pages/deviceadd/index.js","type":"source,sink"},{"name":"10975","declaredName":"__function__437","declaredLoc":{"line":437,"column":16},"file":"/pages/deviceadd/index.js","type":"ofPageInstance: formSubmit"},{"name":"11488","declaredName":"wx.request({url:'https://api.998j...","declaredLoc":{"line":482,"column":8},"file":"/pages/deviceadd/index.js","type":"source,sink"},{"name":"10304","declaredName":"__function__293","declaredLoc":{"line":293,"column":56},"file":"/pages/deviceadd/index.js","type":"normal"},{"name":"10316","declaredName":"wx.request({url:'https://api.998j...","declaredLoc":{"line":295,"column":12},"file":"/pages/deviceadd/index.js","type":"source,sink"}],"edges":[{"source":"8867","target":"8883"},{"source":"8799","target":"8867"},{"source":"11620","target":"8867"},{"source":"9553","target":"9584"},{"source":"9133","target":"9553"},{"source":"9772","target":"9553"},{"source":"9886","target":"9919"},{"source":"8799","target":"9886"},{"source":"10034","target":"10041"},{"source":"8799","target":"10034"},{"source":"10191","target":"10206"},{"source":"10112","target":"10191"},{"source":"10424","target":"10428"},{"source":"11510","target":"10424"},{"source":"10975","target":"11488"},{"source":"10304","target":"10316"}]},{"stained":"wx.getStorageSync","nodes":[{"name":"8799","declaredName":"__function__32","declaredLoc":{"line":32,"column":15},"file":"/pages/deviceadd/index.js","type":"normal"},{"name":"9886","declaredName":"__function__210","declaredLoc":{"line":210,"column":16},"file":"/pages/deviceadd/index.js","type":"ofPageInstance: getcatalog"},{"name":"9894","declaredName":"wx.getStorageSync('options')","declaredLoc":{"line":211,"column":26},"file":"/pages/deviceadd/index.js","type":"source"}],"edges":[{"source":"9886","target":"9894"},{"source":"8799","target":"9886"}]},{"stained":"wx.getLocation","nodes":[{"name":"11620","declaredName":"__function__513","declaredLoc":{"line":513,"column":15},"file":"/pages/deviceadd/index.js","type":"normal"},{"name":"10089","declaredName":"__function__251","declaredLoc":{"line":251,"column":17},"file":"/pages/deviceadd/index.js","type":"ofPageInstance: getlocation"},{"name":"10102","declaredName":"wx.getLocation({type:'gcj02',succ...","declaredLoc":{"line":253,"column":33},"file":"/pages/deviceadd/index.js","type":"source"}],"edges":[{"source":"10089","target":"10102"},{"source":"11620","target":"10089"}]},{"stained":"wx.chooseImage","nodes":[{"name":"10501","declaredName":"__function__342","declaredLoc":{"line":342,"column":15},"file":"/pages/deviceadd/index.js","type":"ofPageInstance: uploadimg"},{"name":"10508","declaredName":"wx.chooseImage({count:9-a.data.de...","declaredLoc":{"line":344,"column":8},"file":"/pages/deviceadd/index.js","type":"source"},{"name":"10757","declaredName":"__function__382","declaredLoc":{"line":382,"column":16},"file":"/pages/deviceadd/index.js","type":"ofPageInstance: uploadcert"},{"name":"10764","declaredName":"wx.chooseImage({count:1,sizeType:...","declaredLoc":{"line":384,"column":8},"file":"/pages/deviceadd/index.js","type":"source"}],"edges":[{"source":"10501","target":"10508"},{"source":"10757","target":"10764"}]},{"stained":"wx.chooseLocation","nodes":[{"name":"10876","declaredName":"__function__410","declaredLoc":{"line":410,"column":13},"file":"/pages/deviceadd/index.js","type":"ofPageInstance: openmap"},{"name":"10884","declaredName":"wx.chooseLocation({success:functi...","declaredLoc":{"line":412,"column":8},"file":"/pages/deviceadd/index.js","type":"source"}],"edges":[{"source":"10876","target":"10884"}]}],"/pages/deviceaddq/index.js":[{"stained":"wx.chooseLocation","nodes":[{"name":"11816","declaredName":"__function__40","declaredLoc":{"line":40,"column":13},"file":"/pages/deviceaddq/index.js","type":"ofPageInstance: openmap"},{"name":"11824","declaredName":"wx.chooseLocation({success:functi...","declaredLoc":{"line":42,"column":8},"file":"/pages/deviceaddq/index.js","type":"source"}],"edges":[{"source":"11816","target":"11824"}]},{"stained":"wx.request","nodes":[{"name":"11872","declaredName":"__function__56","declaredLoc":{"line":56,"column":17},"file":"/pages/deviceaddq/index.js","type":"ofPageInstance: buildercode"},{"name":"11879","declaredName":"wx.request({url:'https://api.998j...","declaredLoc":{"line":58,"column":8},"file":"/pages/deviceaddq/index.js","type":"source,sink"},{"name":"12026","declaredName":"__function__89","declaredLoc":{"line":89,"column":16},"file":"/pages/deviceaddq/index.js","type":"ofPageInstance: setcatalog"},{"name":"12201","declaredName":"__function__115","declaredLoc":{"line":115,"column":21},"file":"/pages/deviceaddq/index.js","type":"ofPageInstance: dynamic_options"},{"name":"12209","declaredName":"wx.request({method:'POST',header:...","declaredLoc":{"line":117,"column":8},"file":"/pages/deviceaddq/index.js","type":"source,sink"},{"name":"12893","declaredName":"__function__230","declaredLoc":{"line":230,"column":16},"file":"/pages/deviceaddq/index.js","type":"ofPageInstance: formSubmit"},{"name":"13159","declaredName":"wx.request({url:'https://api.998j...","declaredLoc":{"line":254,"column":16},"file":"/pages/deviceaddq/index.js","type":"source,sink"},{"name":"13245","declaredName":"__function__276","declaredLoc":{"line":276,"column":25},"file":"/pages/deviceaddq/index.js","type":"normal"},{"name":"13428","declaredName":"__function__315","declaredLoc":{"line":315,"column":13},"file":"/pages/deviceaddq/index.js","type":"ofPageInstance: sendmsg"},{"name":"13436","declaredName":"wx.request({url:'https://api.998j...","declaredLoc":{"line":317,"column":8},"file":"/pages/deviceaddq/index.js","type":"source,sink"},{"name":"13863","declaredName":"__function__410","declaredLoc":{"line":410,"column":21},"file":"/pages/deviceaddq/index.js","type":"normal"},{"name":"13747","declaredName":"__function__386","declaredLoc":{"line":386,"column":12},"file":"/pages/deviceaddq/index.js","type":"ofPageInstance: savexy"},{"name":"13762","declaredName":"wx.request({method:'POST',header:...","declaredLoc":{"line":388,"column":35},"file":"/pages/deviceaddq/index.js","type":"source,sink"},{"name":"13947","declaredName":"__function__429","declaredLoc":{"line":429,"column":16},"file":"/pages/deviceaddq/index.js","type":"ofPageInstance: get_option"},{"name":"13989","declaredName":"wx.request({method:'POST',header:...","declaredLoc":{"line":435,"column":13},"file":"/pages/deviceaddq/index.js","type":"source,sink"},{"name":"13502","declaredName":"__function__333","declaredLoc":{"line":333,"column":56},"file":"/pages/deviceaddq/index.js","type":"normal"},{"name":"13514","declaredName":"wx.request({url:'https://api.998j...","declaredLoc":{"line":335,"column":12},"file":"/pages/deviceaddq/index.js","type":"source,sink"},{"name":"13633","declaredName":"__function__363","declaredLoc":{"line":363,"column":15},"file":"/pages/deviceaddq/index.js","type":"normal"},{"name":"13637","declaredName":"wx.request({url:'https://api.998j...","declaredLoc":{"line":364,"column":12},"file":"/pages/deviceaddq/index.js","type":"source,sink"}],"edges":[{"source":"11872","target":"11879"},{"source":"12201","target":"12209"},{"source":"12026","target":"12201"},{"source":"12893","target":"13159"},{"source":"13428","target":"13436"},{"source":"13245","target":"13428"},{"source":"13747","target":"13762"},{"source":"13863","target":"13747"},{"source":"13947","target":"13989"},{"source":"13502","target":"13514"},{"source":"13633","target":"13637"}]},{"stained":"wx.downloadFile","nodes":[{"name":"11910","declaredName":"__function__67","declaredLoc":{"line":67,"column":21},"file":"/pages/deviceaddq/index.js","type":"normal"},{"name":"11927","declaredName":"wx.downloadFile({url:t,success:fu...","declaredLoc":{"line":69,"column":16},"file":"/pages/deviceaddq/index.js","type":"source"}],"edges":[{"source":"11910","target":"11927"}]},{"stained":"wx.chooseImage","nodes":[{"name":"12535","declaredName":"__function__179","declaredLoc":{"line":179,"column":15},"file":"/pages/deviceaddq/index.js","type":"ofPageInstance: uploadimg"},{"name":"12542","declaredName":"wx.chooseImage({count:9-e.data.de...","declaredLoc":{"line":181,"column":8},"file":"/pages/deviceaddq/index.js","type":"source"}],"edges":[{"source":"12535","target":"12542"}]},{"stained":"wx.getLocation","nodes":[{"name":"13840","declaredName":"__function__406","declaredLoc":{"line":406,"column":17},"file":"/pages/deviceaddq/index.js","type":"ofPageInstance: getlocation"},{"name":"13853","declaredName":"wx.getLocation({type:'gcj02',succ...","declaredLoc":{"line":408,"column":33},"file":"/pages/deviceaddq/index.js","type":"source"}],"edges":[{"source":"13840","target":"13853"}]},{"stained":"wx.getStorageSync","nodes":[{"name":"13947","declaredName":"__function__429","declaredLoc":{"line":429,"column":16},"file":"/pages/deviceaddq/index.js","type":"ofPageInstance: get_option"},{"name":"13955","declaredName":"wx.getStorageSync('homemenu2')","declaredLoc":{"line":430,"column":26},"file":"/pages/deviceaddq/index.js","type":"source"}],"edges":[{"source":"13947","target":"13955"}]}],"/pages/deviceedit/index.js":[{"stained":"wx.request","nodes":[{"name":"14242","declaredName":"__function__31","declaredLoc":{"line":31,"column":37},"file":"/pages/deviceedit/index.js","type":"normal"},{"name":"14273","declaredName":"__function__36","declaredLoc":{"line":36,"column":17},"file":"/pages/deviceedit/index.js","type":"ofPageInstance: get_default"},{"name":"14280","declaredName":"wx.request({url:'https://api.998j...","declaredLoc":{"line":38,"column":8},"file":"/pages/deviceedit/index.js","type":"source,sink"},{"name":"14538","declaredName":"__function__80","declaredLoc":{"line":80,"column":16},"file":"/pages/deviceedit/index.js","type":"ofPageInstance: setcatalog"},{"name":"14318","declaredName":"__function__48","declaredLoc":{"line":48,"column":21},"file":"/pages/deviceedit/index.js","type":"normal"},{"name":"14938","declaredName":"__function__135","declaredLoc":{"line":135,"column":16},"file":"/pages/deviceedit/index.js","type":"ofPageInstance: getoptions"},{"name":"14962","declaredName":"wx.request({method:'POST',header:...","declaredLoc":{"line":137,"column":63},"file":"/pages/deviceedit/index.js","type":"source,sink"},{"name":"15231","declaredName":"__function__176","declaredLoc":{"line":176,"column":16},"file":"/pages/deviceedit/index.js","type":"ofPageInstance: getcatalog"},{"name":"15264","declaredName":"wx.request({method:'POST',header:...","declaredLoc":{"line":181,"column":13},"file":"/pages/deviceedit/index.js","type":"source,sink"},{"name":"15379","declaredName":"__function__201","declaredLoc":{"line":201,"column":17},"file":"/pages/deviceedit/index.js","type":"ofPageInstance: buildercode"},{"name":"15382","declaredName":"wx.request({url:'https://api.998j...","declaredLoc":{"line":202,"column":8},"file":"/pages/deviceedit/index.js","type":"source,sink"},{"name":"15449","declaredName":"__function__220","declaredLoc":{"line":220,"column":21},"file":"/pages/deviceedit/index.js","type":"normal"},{"name":"15504","declaredName":"__function__230","declaredLoc":{"line":230,"column":12},"file":"/pages/deviceedit/index.js","type":"ofPageInstance: savexy"},{"name":"15519","declaredName":"wx.request({method:'POST',header:...","declaredLoc":{"line":232,"column":35},"file":"/pages/deviceedit/index.js","type":"source,sink"},{"name":"16735","declaredName":"__function__435","declaredLoc":{"line":435,"column":21},"file":"/pages/deviceedit/index.js","type":"normal"},{"name":"15737","declaredName":"__function__280","declaredLoc":{"line":280,"column":13},"file":"/pages/deviceedit/index.js","type":"ofPageInstance: sendmsg"},{"name":"15741","declaredName":"wx.request({url:'https://api.998j...","declaredLoc":{"line":281,"column":8},"file":"/pages/deviceedit/index.js","type":"source,sink"},{"name":"16245","declaredName":"__function__385","declaredLoc":{"line":385,"column":16},"file":"/pages/deviceedit/index.js","type":"ofPageInstance: formSubmit"},{"name":"16713","declaredName":"wx.request({url:'https://api.998j...","declaredLoc":{"line":428,"column":8},"file":"/pages/deviceedit/index.js","type":"source,sink"},{"name":"15617","declaredName":"__function__252","declaredLoc":{"line":252,"column":56},"file":"/pages/deviceedit/index.js","type":"normal"},{"name":"15629","declaredName":"wx.request({url:'https://api.998j...","declaredLoc":{"line":254,"column":12},"file":"/pages/deviceedit/index.js","type":"source,sink"}],"edges":[{"source":"14273","target":"14280"},{"source":"14242","target":"14273"},{"source":"14938","target":"14962"},{"source":"14538","target":"14938"},{"source":"14318","target":"14938"},{"source":"15231","target":"15264"},{"source":"14242","target":"15231"},{"source":"15379","target":"15382"},{"source":"15504","target":"15519"},{"source":"15449","target":"15504"},{"source":"15737","target":"15741"},{"source":"16735","target":"15737"},{"source":"16245","target":"16713"},{"source":"15617","target":"15629"}]},{"stained":"wx.getStorageSync","nodes":[{"name":"14242","declaredName":"__function__31","declaredLoc":{"line":31,"column":37},"file":"/pages/deviceedit/index.js","type":"normal"},{"name":"15231","declaredName":"__function__176","declaredLoc":{"line":176,"column":16},"file":"/pages/deviceedit/index.js","type":"ofPageInstance: getcatalog"},{"name":"15239","declaredName":"wx.getStorageSync('options')","declaredLoc":{"line":177,"column":26},"file":"/pages/deviceedit/index.js","type":"source"}],"edges":[{"source":"15231","target":"15239"},{"source":"14242","target":"15231"}]},{"stained":"wx.getLocation","nodes":[{"name":"14242","declaredName":"__function__31","declaredLoc":{"line":31,"column":37},"file":"/pages/deviceedit/index.js","type":"normal"},{"name":"15426","declaredName":"__function__216","declaredLoc":{"line":216,"column":17},"file":"/pages/deviceedit/index.js","type":"ofPageInstance: getlocation"},{"name":"15439","declaredName":"wx.getLocation({type:'gcj02',succ...","declaredLoc":{"line":218,"column":33},"file":"/pages/deviceedit/index.js","type":"source"}],"edges":[{"source":"15426","target":"15439"},{"source":"14242","target":"15426"}]},{"stained":"wx.chooseImage","nodes":[{"name":"15814","declaredName":"__function__301","declaredLoc":{"line":301,"column":15},"file":"/pages/deviceedit/index.js","type":"ofPageInstance: uploadimg"},{"name":"15821","declaredName":"wx.chooseImage({count:9-a.data.de...","declaredLoc":{"line":303,"column":8},"file":"/pages/deviceedit/index.js","type":"source"},{"name":"16070","declaredName":"__function__341","declaredLoc":{"line":341,"column":16},"file":"/pages/deviceedit/index.js","type":"ofPageInstance: uploadcert"},{"name":"16077","declaredName":"wx.chooseImage({count:1,sizeType:...","declaredLoc":{"line":343,"column":8},"file":"/pages/deviceedit/index.js","type":"source"}],"edges":[{"source":"15814","target":"15821"},{"source":"16070","target":"16077"}]},{"stained":"wx.chooseLocation","nodes":[{"name":"16189","declaredName":"__function__369","declaredLoc":{"line":369,"column":13},"file":"/pages/deviceedit/index.js","type":"ofPageInstance: openmap"},{"name":"16197","declaredName":"wx.chooseLocation({success:functi...","declaredLoc":{"line":371,"column":8},"file":"/pages/deviceedit/index.js","type":"source"}],"edges":[{"source":"16189","target":"16197"}]}],"/pages/equipment/equipment.js":[{"stained":"wx.request","nodes":[{"name":"17009","declaredName":"__function__48","declaredLoc":{"line":48,"column":16},"file":"/pages/equipment/equipment.js","type":"ofPageInstance: formSubmit"},{"name":"17040","declaredName":"wx.request({url:'https://api.998j...","declaredLoc":{"line":50,"column":76},"file":"/pages/equipment/equipment.js","type":"source,sink"},{"name":"16908","declaredName":"__function__28","declaredLoc":{"line":28,"column":77},"file":"/pages/equipment/equipment.js","type":"normal"},{"name":"18945","declaredName":"__function__434","declaredLoc":{"line":434,"column":21},"file":"/pages/equipment/equipment.js","type":"normal"},{"name":"17192","declaredName":"__function__92","declaredLoc":{"line":92,"column":14},"file":"/pages/equipment/equipment.js","type":"ofPageInstance: get_info"},{"name":"17199","declaredName":"wx.request({method:'POST',header:...","declaredLoc":{"line":94,"column":8},"file":"/pages/equipment/equipment.js","type":"source,sink"},{"name":"17390","declaredName":"__function__136","declaredLoc":{"line":136,"column":17},"file":"/pages/equipment/equipment.js","type":"ofPageInstance: collections"},{"name":"17443","declaredName":"wx.request({method:'POST',header:...","declaredLoc":{"line":143,"column":16},"file":"/pages/equipment/equipment.js","type":"source,sink"},{"name":"17978","declaredName":"__function__235","declaredLoc":{"line":235,"column":33},"file":"/pages/equipment/equipment.js","type":"normal"},{"name":"17711","declaredName":"__function__187","declaredLoc":{"line":187,"column":14},"file":"/pages/equipment/equipment.js","type":"ofPageInstance: makecall"},{"name":"17725","declaredName":"wx.request({method:'POST',header:...","declaredLoc":{"line":190,"column":12},"file":"/pages/equipment/equipment.js","type":"source,sink"},{"name":"17773","declaredName":"__function__202","declaredLoc":{"line":202,"column":25},"file":"/pages/equipment/equipment.js","type":"normal"},{"name":"17856","declaredName":"__function__213","declaredLoc":{"line":213,"column":13},"file":"/pages/equipment/equipment.js","type":"ofPageInstance: paycall"},{"name":"17872","declaredName":"wx.request({method:'POST',header:...","declaredLoc":{"line":216,"column":12},"file":"/pages/equipment/equipment.js","type":"source,sink"},{"name":"18194","declaredName":"__function__275","declaredLoc":{"line":275,"column":33},"file":"/pages/equipment/equipment.js","type":"normal"},{"name":"18037","declaredName":"__function__252","declaredLoc":{"line":252,"column":13},"file":"/pages/equipment/equipment.js","type":"ofPageInstance: call_to"},{"name":"18070","declaredName":"wx.request({method:'POST',header:...","declaredLoc":{"line":255,"column":63},"file":"/pages/equipment/equipment.js","type":"source,sink"},{"name":"18432","declaredName":"__function__318","declaredLoc":{"line":318,"column":33},"file":"/pages/equipment/equipment.js","type":"normal"},{"name":"18288","declaredName":"__function__295","declaredLoc":{"line":295,"column":13},"file":"/pages/equipment/equipment.js","type":"ofPageInstance: callout"},{"name":"18312","declaredName":"wx.request({method:'POST',header:...","declaredLoc":{"line":298,"column":8},"file":"/pages/equipment/equipment.js","type":"source,sink"},{"name":"18845","declaredName":"__function__415","declaredLoc":{"line":415,"column":16},"file":"/pages/equipment/equipment.js","type":"ofPageInstance: addreviews"},{"name":"18908","declaredName":"wx.request({method:'POST',header:...","declaredLoc":{"line":423,"column":12},"file":"/pages/equipment/equipment.js","type":"source,sink"},{"name":"17129","declaredName":"__function__74","declaredLoc":{"line":74,"column":15},"file":"/pages/equipment/equipment.js","type":"normal"},{"name":"17133","declaredName":"wx.request({url:'https://api.998j...","declaredLoc":{"line":75,"column":12},"file":"/pages/equipment/equipment.js","type":"source,sink"},{"name":"18668","declaredName":"__function__372","declaredLoc":{"line":372,"column":60},"file":"/pages/equipment/equipment.js","type":"normal"},{"name":"18680","declaredName":"wx.request({url:'https://api.998j...","declaredLoc":{"line":374,"column":12},"file":"/pages/equipment/equipment.js","type":"source,sink"}],"edges":[{"source":"17009","target":"17040"},{"source":"17192","target":"17199"},{"source":"16908","target":"17192"},{"source":"18945","target":"17192"},{"source":"17390","target":"17443"},{"source":"17711","target":"17725"},{"source":"17978","target":"17711"},{"source":"17856","target":"17872"},{"source":"17773","target":"17856"},{"source":"18037","target":"18070"},{"source":"18194","target":"18037"},{"source":"18288","target":"18312"},{"source":"18432","target":"18288"},{"source":"18845","target":"18908"},{"source":"17129","target":"17133"},{"source":"18668","target":"18680"}]}],"/pages/followme/followme.js":[{"stained":"wx.request","nodes":[{"name":"19113","declaredName":"__function__14","declaredLoc":{"line":14,"column":15},"file":"/pages/followme/followme.js","type":"normal"},{"name":"19134","declaredName":"wx.request({method:'POST',header:...","declaredLoc":{"line":18,"column":16},"file":"/pages/followme/followme.js","type":"source,sink"}],"edges":[{"source":"19113","target":"19134"}]}],"/pages/followmewho/followmewho.js":[{"stained":"wx.request","nodes":[{"name":"19329","declaredName":"__function__11","declaredLoc":{"line":11,"column":15},"file":"/pages/followmewho/followmewho.js","type":"normal"},{"name":"19350","declaredName":"wx.request({method:'POST',header:...","declaredLoc":{"line":15,"column":16},"file":"/pages/followmewho/followmewho.js","type":"source,sink"}],"edges":[{"source":"19329","target":"19350"}]}],"/pages/index/index.js":[{"stained":"wx.getSystemInfo","nodes":[{"name":"19757","declaredName":"__function__77","declaredLoc":{"line":77,"column":12},"file":"/pages/index/index.js","type":"ofPageInstance: onLoad"},{"name":"19780","declaredName":"wx.getSystemInfo({success:functio...","declaredLoc":{"line":80,"column":8},"file":"/pages/index/index.js","type":"source"}],"edges":[{"source":"19757","target":"19780"}]},{"stained":"wx.request","nodes":[{"name":"23939","declaredName":"__function__795","declaredLoc":{"line":795,"column":23},"file":"/pages/index/index.js","type":"ofPageInstance: onPullDownRefresh"},{"name":"19836","declaredName":"__function__87","declaredLoc":{"line":87,"column":19},"file":"/pages/index/index.js","type":"normal"},{"name":"19918","declaredName":"__function__102","declaredLoc":{"line":102,"column":14},"file":"/pages/index/index.js","type":"ofPageInstance: more_app"},{"name":"19931","declaredName":"wx.request({method:'POST',header:...","declaredLoc":{"line":104,"column":27},"file":"/pages/index/index.js","type":"source,sink"},{"name":"20250","declaredName":"__function__183","declaredLoc":{"line":183,"column":16},"file":"/pages/index/index.js","type":"ofPageInstance: addreviews"},{"name":"20301","declaredName":"wx.request({method:'POST',header:...","declaredLoc":{"line":188,"column":12},"file":"/pages/index/index.js","type":"source,sink"},{"name":"21010","declaredName":"__function__304","declaredLoc":{"line":304,"column":29},"file":"/pages/index/index.js","type":"normal"},{"name":"20749","declaredName":"__function__260","declaredLoc":{"line":260,"column":14},"file":"/pages/index/index.js","type":"ofPageInstance: makecall"},{"name":"20758","declaredName":"wx.request({method:'POST',header:...","declaredLoc":{"line":262,"column":8},"file":"/pages/index/index.js","type":"source,sink"},{"name":"20795","declaredName":"__function__273","declaredLoc":{"line":273,"column":21},"file":"/pages/index/index.js","type":"normal"},{"name":"20893","declaredName":"__function__283","declaredLoc":{"line":283,"column":13},"file":"/pages/index/index.js","type":"ofPageInstance: paycall"},{"name":"20904","declaredName":"wx.request({method:'POST',header:...","declaredLoc":{"line":285,"column":8},"file":"/pages/index/index.js","type":"source,sink"},{"name":"21189","declaredName":"__function__338","declaredLoc":{"line":338,"column":37},"file":"/pages/index/index.js","type":"normal"},{"name":"21044","declaredName":"__function__314","declaredLoc":{"line":314,"column":13},"file":"/pages/index/index.js","type":"ofPageInstance: callout"},{"name":"21058","declaredName":"wx.request({method:'POST',header:...","declaredLoc":{"line":317,"column":12},"file":"/pages/index/index.js","type":"source,sink"},{"name":"22401","declaredName":"__function__550","declaredLoc":{"line":550,"column":14},"file":"/pages/index/index.js","type":"ofPageInstance: tabClick"},{"name":"23369","declaredName":"__function__729","declaredLoc":{"line":729,"column":19},"file":"/pages/index/index.js","type":"ofPageInstance: onReachBottom"},{"name":"22641","declaredName":"__function__590","declaredLoc":{"line":590,"column":15},"file":"/pages/index/index.js","type":"ofPageInstance: guestlist"},{"name":"22648","declaredName":"wx.request({method:'POST',header:...","declaredLoc":{"line":592,"column":8},"file":"/pages/index/index.js","type":"source,sink"},{"name":"22758","declaredName":"__function__628","declaredLoc":{"line":628,"column":13},"file":"/pages/index/index.js","type":"ofPageInstance: setMenu"},{"name":"22828","declaredName":"wx.request({method:'POST',header:...","declaredLoc":{"line":642,"column":15},"file":"/pages/index/index.js","type":"source,sink"},{"name":"21357","declaredName":"__function__382","declaredLoc":{"line":382,"column":13},"file":"/pages/index/index.js","type":"ofPageInstance: itemid1"},{"name":"21770","declaredName":"__function__445","declaredLoc":{"line":445,"column":18},"file":"/pages/index/index.js","type":"ofPageInstance: obtain_catid"},{"name":"21849","declaredName":"__function__456","declaredLoc":{"line":456,"column":17},"file":"/pages/index/index.js","type":"ofPageInstance: obtain_text"},{"name":"21914","declaredName":"__function__466","declaredLoc":{"line":466,"column":17},"file":"/pages/index/index.js","type":"ofPageInstance: obtain_year"},{"name":"21988","declaredName":"__function__476","declaredLoc":{"line":476,"column":18},"file":"/pages/index/index.js","type":"ofPageInstance: obtain_paixu"},{"name":"22071","declaredName":"__function__492","declaredLoc":{"line":492,"column":18},"file":"/pages/index/index.js","type":"ofPageInstance: resetcontent"},{"name":"22165","declaredName":"__function__514","declaredLoc":{"line":514,"column":15},"file":"/pages/index/index.js","type":"ofPageInstance: bolljudge"},{"name":"22230","declaredName":"__function__523","declaredLoc":{"line":523,"column":19},"file":"/pages/index/index.js","type":"ofPageInstance: bollification"},{"name":"22287","declaredName":"__function__532","declaredLoc":{"line":532,"column":15},"file":"/pages/index/index.js","type":"ofPageInstance: bollbrand"},{"name":"22344","declaredName":"__function__541","declaredLoc":{"line":541,"column":15},"file":"/pages/index/index.js","type":"ofPageInstance: boll_year"},{"name":"24379","declaredName":"__function__865","declaredLoc":{"line":865,"column":15},"file":"/pages/index/index.js","type":"ofPageInstance: hideInput"},{"name":"24427","declaredName":"__function__874","declaredLoc":{"line":874,"column":12},"file":"/pages/index/index.js","type":"ofPageInstance: search"},{"name":"22623","declaredName":"__function__583","declaredLoc":{"line":583,"column":18},"file":"/pages/index/index.js","type":"normal"},{"name":"22570","declaredName":"__function__574","declaredLoc":{"line":574,"column":33},"file":"/pages/index/index.js","type":"normal"},{"name":"22043","declaredName":"__function__488","declaredLoc":{"line":488,"column":16},"file":"/pages/index/index.js","type":"ofPageInstance: list_reset"},{"name":"22924","declaredName":"__function__664","declaredLoc":{"line":664,"column":13},"file":"/pages/index/index.js","type":"ofPageInstance: getList"},{"name":"22947","declaredName":"wx.request({method:'POST',header:...","declaredLoc":{"line":668,"column":12},"file":"/pages/index/index.js","type":"source,sink"},{"name":"24053","declaredName":"__function__816","declaredLoc":{"line":816,"column":17},"file":"/pages/index/index.js","type":"ofPageInstance: collections"},{"name":"24108","declaredName":"wx.request({method:'POST',header:...","declaredLoc":{"line":825,"column":12},"file":"/pages/index/index.js","type":"source,sink"},{"name":"24676","declaredName":"__function__935","declaredLoc":{"line":935,"column":16},"file":"/pages/index/index.js","type":"ofPageInstance: get_selled"},{"name":"24683","declaredName":"wx.request({method:'POST',header:...","declaredLoc":{"line":937,"column":8},"file":"/pages/index/index.js","type":"source,sink"},{"name":"24835","declaredName":"__function__965","declaredLoc":{"line":965,"column":13},"file":"/pages/index/index.js","type":"ofPageInstance: form_id"},{"name":"24839","declaredName":"wx.request({url:'https://api.998j...","declaredLoc":{"line":966,"column":8},"file":"/pages/index/index.js","type":"source,sink"},{"name":"21701","declaredName":"__function__427","declaredLoc":{"line":427,"column":15},"file":"/pages/index/index.js","type":"normal"},{"name":"21713","declaredName":"wx.request({method:'POST',header:...","declaredLoc":{"line":429,"column":12},"file":"/pages/index/index.js","type":"source,sink"},{"name":"22522","declaredName":"__function__562","declaredLoc":{"line":562,"column":89},"file":"/pages/index/index.js","type":"normal"},{"name":"22525","declaredName":"wx.request({method:'POST',header:...","declaredLoc":{"line":563,"column":20},"file":"/pages/index/index.js","type":"source,sink"},{"name":"24518","declaredName":"__function__894","declaredLoc":{"line":894,"column":60},"file":"/pages/index/index.js","type":"normal"},{"name":"24530","declaredName":"wx.request({url:'https://api.998j...","declaredLoc":{"line":896,"column":12},"file":"/pages/index/index.js","type":"source,sink"}],"edges":[{"source":"19918","target":"19931"},{"source":"23939","target":"19918"},{"source":"19836","target":"19918"},{"source":"20250","target":"20301"},{"source":"20749","target":"20758"},{"source":"21010","target":"20749"},{"source":"20893","target":"20904"},{"source":"20795","target":"20893"},{"source":"21044","target":"21058"},{"source":"21189","target":"21044"},{"source":"22641","target":"22648"},{"source":"22401","target":"22641"},{"source":"23369","target":"22641"},{"source":"22758","target":"22828"},{"source":"19836","target":"22758"},{"source":"22924","target":"22947"},{"source":"22043","target":"22924"},{"source":"21357","target":"22043"},{"source":"21770","target":"22043"},{"source":"21849","target":"22043"},{"source":"21914","target":"22043"},{"source":"21988","target":"22043"},{"source":"22071","target":"22043"},{"source":"22165","target":"22043"},{"source":"22230","target":"22043"},{"source":"22287","target":"22043"},{"source":"22344","target":"22043"},{"source":"23939","target":"22043"},{"source":"24379","target":"22043"},{"source":"24427","target":"22043"},{"source":"22623","target":"22043"},{"source":"22570","target":"22043"},{"source":"22401","target":"22924"},{"source":"22401","target":"22924"},{"source":"23369","target":"22924"},{"source":"23369","target":"22924"},{"source":"19836","target":"22924"},{"source":"24053","target":"24108"},{"source":"24676","target":"24683"},{"source":"23939","target":"24676"},{"source":"19836","target":"24676"},{"source":"24835","target":"24839"},{"source":"21701","target":"21713"},{"source":"22522","target":"22525"},{"source":"24518","target":"24530"}]},{"stained":"wx.getLocation","nodes":[{"name":"22483","declaredName":"__function__558","declaredLoc":{"line":558,"column":14},"file":"/pages/index/index.js","type":"ofPageInstance: accredit"},{"name":"22490","declaredName":"wx.getLocation({success:function(...","declaredLoc":{"line":560,"column":8},"file":"/pages/index/index.js","type":"source"}],"edges":[{"source":"22483","target":"22490"}]},{"stained":"wx.getStorageSync","nodes":[{"name":"19836","declaredName":"__function__87","declaredLoc":{"line":87,"column":19},"file":"/pages/index/index.js","type":"normal"},{"name":"22758","declaredName":"__function__628","declaredLoc":{"line":628,"column":13},"file":"/pages/index/index.js","type":"ofPageInstance: setMenu"},{"name":"22766","declaredName":"wx.getStorageSync('option')","declaredLoc":{"line":629,"column":26},"file":"/pages/index/index.js","type":"source"}],"edges":[{"source":"22758","target":"22766"},{"source":"19836","target":"22758"}]}],"/pages/integral/integral.js":[{"stained":"wx.getSystemInfo","nodes":[{"name":"24989","declaredName":"__function__23","declaredLoc":{"line":23,"column":12},"file":"/pages/integral/integral.js","type":"ofPageInstance: onLoad"},{"name":"25019","declaredName":"wx.getSystemInfo({success:functio...","declaredLoc":{"line":26,"column":8},"file":"/pages/integral/integral.js","type":"source"}],"edges":[{"source":"24989","target":"25019"}]},{"stained":"wx.request","nodes":[{"name":"24989","declaredName":"__function__23","declaredLoc":{"line":23,"column":12},"file":"/pages/integral/integral.js","type":"ofPageInstance: onLoad"},{"name":"25516","declaredName":"__function__79","declaredLoc":{"line":79,"column":18},"file":"/pages/integral/integral.js","type":"ofPageInstance: get_shareTop"},{"name":"25523","declaredName":"wx.request({method:'POST',header:...","declaredLoc":{"line":81,"column":8},"file":"/pages/integral/integral.js","type":"source,sink"},{"name":"25628","declaredName":"__function__102","declaredLoc":{"line":102,"column":19},"file":"/pages/integral/integral.js","type":"ofPageInstance: get_mysharein"},{"name":"25635","declaredName":"wx.request({method:'POST',header:...","declaredLoc":{"line":104,"column":8},"file":"/pages/integral/integral.js","type":"source,sink"},{"name":"25727","declaredName":"__function__124","declaredLoc":{"line":124,"column":12},"file":"/pages/integral/integral.js","type":"ofPageInstance: follow"},{"name":"25862","declaredName":"__function__134","declaredLoc":{"line":134,"column":9},"file":"/pages/integral/integral.js","type":"ofPageInstance: req"},{"name":"25866","declaredName":"wx.request({method:'POST',header:...","declaredLoc":{"line":135,"column":8},"file":"/pages/integral/integral.js","type":"source,sink"}],"edges":[{"source":"25516","target":"25523"},{"source":"24989","target":"25516"},{"source":"25628","target":"25635"},{"source":"24989","target":"25628"},{"source":"25862","target":"25866"},{"source":"25727","target":"25862"}]}],"/pages/kanjia/kanjia.js":[{"stained":"wx.getSystemInfo","nodes":[{"name":"26073","declaredName":"__function__13","declaredLoc":{"line":13,"column":12},"file":"/pages/kanjia/kanjia.js","type":"ofPageInstance: onLoad"},{"name":"26094","declaredName":"wx.getSystemInfo({success:functio...","declaredLoc":{"line":17,"column":12},"file":"/pages/kanjia/kanjia.js","type":"source"}],"edges":[{"source":"26073","target":"26094"}]},{"stained":"wx.request","nodes":[{"name":"26086","declaredName":"__function__15","declaredLoc":{"line":15,"column":15},"file":"/pages/kanjia/kanjia.js","type":"normal"},{"name":"26173","declaredName":"__function__32","declaredLoc":{"line":32,"column":16},"file":"/pages/kanjia/kanjia.js","type":"ofPageInstance: get_kanjia"},{"name":"26180","declaredName":"wx.request({method:'POST',header:...","declaredLoc":{"line":34,"column":8},"file":"/pages/kanjia/kanjia.js","type":"source,sink"},{"name":"26286","declaredName":"__function__58","declaredLoc":{"line":58,"column":19},"file":"/pages/kanjia/kanjia.js","type":"normal"},{"name":"26290","declaredName":"wx.request({method:'POST',header:...","declaredLoc":{"line":59,"column":16},"file":"/pages/kanjia/kanjia.js","type":"source,sink"}],"edges":[{"source":"26173","target":"26180"},{"source":"26086","target":"26173"},{"source":"26286","target":"26290"}]}],"/pages/login/login.js":[{"stained":"wx.request","nodes":[{"name":"26592","declaredName":"__function__11","declaredLoc":{"line":11,"column":20},"file":"/pages/login/login.js","type":"ofPageInstance: getPhoneNumber"},{"name":"26608","declaredName":"wx.request({url:'https://api.998j...","declaredLoc":{"line":13,"column":50},"file":"/pages/login/login.js","type":"source,sink"},{"name":"26726","declaredName":"__function__35","declaredLoc":{"line":35,"column":14},"file":"/pages/login/login.js","type":"ofPageInstance: register"},{"name":"26854","declaredName":"wx.request({url:'https://api.998j...","declaredLoc":{"line":49,"column":12},"file":"/pages/login/login.js","type":"source,sink"}],"edges":[{"source":"26592","target":"26608"},{"source":"26726","target":"26854"}]}],"/pages/myissue/myissue.js":[{"stained":"wx.request","nodes":[{"name":"27136","declaredName":"__function__50","declaredLoc":{"line":50,"column":14},"file":"/pages/myissue/myissue.js","type":"ofPageInstance: openchat"},{"name":"27139","declaredName":"wx.request({method:'POST',header:...","declaredLoc":{"line":51,"column":8},"file":"/pages/myissue/myissue.js","type":"source,sink"},{"name":"27467","declaredName":"__function__125","declaredLoc":{"line":125,"column":12},"file":"/pages/myissue/myissue.js","type":"ofPageInstance: onShow"},{"name":"27919","declaredName":"__function__218","declaredLoc":{"line":218,"column":19},"file":"/pages/myissue/myissue.js","type":"ofPageInstance: onReachBottom"},{"name":"26988","declaredName":"__function__19","declaredLoc":{"line":19,"column":15},"file":"/pages/myissue/myissue.js","type":"normal"},{"name":"27107","declaredName":"__function__43","declaredLoc":{"line":43,"column":29},"file":"/pages/myissue/myissue.js","type":"normal"},{"name":"27438","declaredName":"__function__118","declaredLoc":{"line":118,"column":29},"file":"/pages/myissue/myissue.js","type":"normal"},{"name":"27706","declaredName":"__function__176","declaredLoc":{"line":176,"column":29},"file":"/pages/myissue/myissue.js","type":"normal"},{"name":"27785","declaredName":"__function__193","declaredLoc":{"line":193,"column":18},"file":"/pages/myissue/myissue.js","type":"ofPageInstance: load_account"},{"name":"27792","declaredName":"wx.request({method:'POST',header:...","declaredLoc":{"line":195,"column":8},"file":"/pages/myissue/myissue.js","type":"source,sink"},{"name":"27053","declaredName":"__function__29","declaredLoc":{"line":29,"column":21},"file":"/pages/myissue/myissue.js","type":"normal"},{"name":"27070","declaredName":"wx.request({method:'POST',header:...","declaredLoc":{"line":32,"column":20},"file":"/pages/myissue/myissue.js","type":"source,sink"},{"name":"27383","declaredName":"__function__105","declaredLoc":{"line":105,"column":21},"file":"/pages/myissue/myissue.js","type":"normal"},{"name":"27400","declaredName":"wx.request({method:'POST',header:...","declaredLoc":{"line":108,"column":20},"file":"/pages/myissue/myissue.js","type":"source,sink"},{"name":"27581","declaredName":"__function__142","declaredLoc":{"line":142,"column":21},"file":"/pages/myissue/myissue.js","type":"normal"},{"name":"27589","declaredName":"wx.request({method:'POST',header:...","declaredLoc":{"line":143,"column":29},"file":"/pages/myissue/myissue.js","type":"source,sink"},{"name":"27664","declaredName":"__function__165","declaredLoc":{"line":165,"column":21},"file":"/pages/myissue/myissue.js","type":"normal"},{"name":"27672","declaredName":"wx.request({method:'POST',header:...","declaredLoc":{"line":166,"column":29},"file":"/pages/myissue/myissue.js","type":"source,sink"}],"edges":[{"source":"27136","target":"27139"},{"source":"27785","target":"27792"},{"source":"27467","target":"27785"},{"source":"27919","target":"27785"},{"source":"26988","target":"27785"},{"source":"27107","target":"27785"},{"source":"27438","target":"27785"},{"source":"27706","target":"27785"},{"source":"27053","target":"27070"},{"source":"27383","target":"27400"},{"source":"27581","target":"27589"},{"source":"27664","target":"27672"}]},{"stained":"wx.chooseImage","nodes":[{"name":"27190","declaredName":"__function__67","declaredLoc":{"line":67,"column":21},"file":"/pages/myissue/myissue.js","type":"normal"},{"name":"27198","declaredName":"wx.chooseImage({count:1,sizeType:...","declaredLoc":{"line":68,"column":29},"file":"/pages/myissue/myissue.js","type":"source"}],"edges":[{"source":"27190","target":"27198"}]}],"/pages/phonenumber/phonenumber.js":[{"stained":"wx.request","nodes":[{"name":"28090","declaredName":"__function__20","declaredLoc":{"line":20,"column":19},"file":"/pages/phonenumber/phonenumber.js","type":"normal"},{"name":"28096","declaredName":"wx.request({url:'https://zu.998jx...","declaredLoc":{"line":21,"column":16},"file":"/pages/phonenumber/phonenumber.js","type":"source,sink"},{"name":"28315","declaredName":"__function__61","declaredLoc":{"line":61,"column":40},"file":"/pages/phonenumber/phonenumber.js","type":"normal"},{"name":"28319","declaredName":"wx.request({url:'https://api.998j...","declaredLoc":{"line":62,"column":12},"file":"/pages/phonenumber/phonenumber.js","type":"source,sink"},{"name":"28586","declaredName":"__function__100","declaredLoc":{"line":100,"column":15},"file":"/pages/phonenumber/phonenumber.js","type":"normal"},{"name":"28590","declaredName":"wx.request({url:'https://api.998j...","declaredLoc":{"line":101,"column":12},"file":"/pages/phonenumber/phonenumber.js","type":"source,sink"},{"name":"28689","declaredName":"__function__124","declaredLoc":{"line":124,"column":57},"file":"/pages/phonenumber/phonenumber.js","type":"normal"},{"name":"28701","declaredName":"wx.request({url:'https://api.998j...","declaredLoc":{"line":126,"column":12},"file":"/pages/phonenumber/phonenumber.js","type":"source,sink"}],"edges":[{"source":"28090","target":"28096"},{"source":"28315","target":"28319"},{"source":"28586","target":"28590"},{"source":"28689","target":"28701"}]}],"/pages/question/question.js":[{"stained":"wx.request","nodes":[{"name":"28934","declaredName":"__function__35","declaredLoc":{"line":35,"column":14},"file":"/pages/question/question.js","type":"ofPageInstance: openchat"},{"name":"28937","declaredName":"wx.request({method:'POST',header:...","declaredLoc":{"line":36,"column":8},"file":"/pages/question/question.js","type":"source,sink"}],"edges":[{"source":"28934","target":"28937"}]}],"/pages/recharge/recharge.js":[{"stained":"wx.request","nodes":[{"name":"29168","declaredName":"__function__42","declaredLoc":{"line":42,"column":12},"file":"/pages/recharge/recharge.js","type":"ofPageInstance: paynow"},{"name":"29199","declaredName":"wx.request({method:'POST',header:...","declaredLoc":{"line":46,"column":12},"file":"/pages/recharge/recharge.js","type":"source,sink"}],"edges":[{"source":"29168","target":"29199"}]}],"/pages/report/report.js":[{"stained":"wx.request","nodes":[{"name":"29428","declaredName":"__function__21","declaredLoc":{"line":21,"column":20},"file":"/pages/report/report.js","type":"ofPageInstance: bindFormSubmit"},{"name":"29475","declaredName":"wx.request({url:'https://api.998j...","declaredLoc":{"line":23,"column":151},"file":"/pages/report/report.js","type":"source,sink"},{"name":"29607","declaredName":"__function__48","declaredLoc":{"line":48,"column":12},"file":"/pages/report/report.js","type":"ofPageInstance: onLoad"},{"name":"29639","declaredName":"wx.request({url:'https://zu.998jx...","declaredLoc":{"line":50,"column":76},"file":"/pages/report/report.js","type":"source,sink"}],"edges":[{"source":"29428","target":"29475"},{"source":"29607","target":"29639"}]}],"/pages/shops/shops.js":[{"stained":"wx.request","nodes":[{"name":"29720","declaredName":"__function__10","declaredLoc":{"line":10,"column":12},"file":"/pages/shops/shops.js","type":"ofPageInstance: onLoad"},{"name":"29738","declaredName":"wx.request({method:'POST',header:...","declaredLoc":{"line":12,"column":38},"file":"/pages/shops/shops.js","type":"source,sink"},{"name":"29792","declaredName":"__function__29","declaredLoc":{"line":29,"column":16},"file":"/pages/shops/shops.js","type":"ofPageInstance: formSubmit"},{"name":"29877","declaredName":"wx.request({method:'POST',header:...","declaredLoc":{"line":36,"column":8},"file":"/pages/shops/shops.js","type":"source,sink"}],"edges":[{"source":"29720","target":"29738"},{"source":"29792","target":"29877"}]}],"/pages/success/success.js":[{"stained":"wx.getStorage","nodes":[{"name":"30152","declaredName":"__function__18","declaredLoc":{"line":18,"column":12},"file":"/pages/success/success.js","type":"ofPageInstance: onLoad"},{"name":"30161","declaredName":"wx.getStorage({key:'share',succes...","declaredLoc":{"line":20,"column":8},"file":"/pages/success/success.js","type":"source"}],"edges":[{"source":"30152","target":"30161"}]},{"stained":"wx.request","nodes":[{"name":"30254","declaredName":"__function__42","declaredLoc":{"line":42,"column":18},"file":"/pages/success/success.js","type":"ofPageInstance: get_touxiang"},{"name":"30261","declaredName":"wx.request({method:'POST',header:...","declaredLoc":{"line":44,"column":8},"file":"/pages/success/success.js","type":"source,sink"}],"edges":[{"source":"30254","target":"30261"}]},{"stained":"wx.getSystemInfoSync","nodes":[{"name":"30718","declaredName":"__function__130","declaredLoc":{"line":130,"column":21},"file":"/pages/success/success.js","type":"normal"},{"name":"30601","declaredName":"__function__120","declaredLoc":{"line":120,"column":16},"file":"/pages/success/success.js","type":"ofPageInstance: settextDes"},{"name":"30415","declaredName":"__function__94","declaredLoc":{"line":94,"column":16},"file":"/pages/success/success.js","type":"ofPageInstance: saveCanvas"},{"name":"30659","declaredName":"__function__125","declaredLoc":{"line":125,"column":18},"file":"/pages/success/success.js","type":"ofPageInstance: createNewImg"},{"name":"30446","declaredName":"__function__102","declaredLoc":{"line":102,"column":19},"file":"/pages/success/success.js","type":"ofPageInstance: setCanvasSize"},{"name":"30457","declaredName":"wx.getSystemInfoSync()","declaredLoc":{"line":105,"column":20},"file":"/pages/success/success.js","type":"source"}],"edges":[{"source":"30446","target":"30457"},{"source":"30601","target":"30446"},{"source":"30718","target":"30601"},{"source":"30659","target":"30446"},{"source":"30415","target":"30659"}]},{"stained":"wx.downloadFile","nodes":[{"name":"30415","declaredName":"__function__94","declaredLoc":{"line":94,"column":16},"file":"/pages/success/success.js","type":"ofPageInstance: saveCanvas"},{"name":"30659","declaredName":"__function__125","declaredLoc":{"line":125,"column":18},"file":"/pages/success/success.js","type":"ofPageInstance: createNewImg"},{"name":"30702","declaredName":"wx.downloadFile({url:e.globalData...","declaredLoc":{"line":128,"column":8},"file":"/pages/success/success.js","type":"source"}],"edges":[{"source":"30659","target":"30702"},{"source":"30415","target":"30659"}]}],"/pages/turntable/turntable.js":[{"stained":"wx.request","nodes":[{"name":"31075","declaredName":"__function__24","declaredLoc":{"line":24,"column":14},"file":"/pages/turntable/turntable.js","type":"ofPageInstance: showlist"},{"name":"31100","declaredName":"wx.request({method:'POST',header:...","declaredLoc":{"line":30,"column":12},"file":"/pages/turntable/turntable.js","type":"source,sink"},{"name":"31339","declaredName":"__function__97","declaredLoc":{"line":97,"column":21},"file":"/pages/turntable/turntable.js","type":"normal"},{"name":"31149","declaredName":"__function__46","declaredLoc":{"line":46,"column":12},"file":"/pages/turntable/turntable.js","type":"ofPageInstance: showjp"},{"name":"31174","declaredName":"wx.request({method:'POST',header:...","declaredLoc":{"line":52,"column":12},"file":"/pages/turntable/turntable.js","type":"source,sink"},{"name":"31278","declaredName":"__function__84","declaredLoc":{"line":84,"column":20},"file":"/pages/turntable/turntable.js","type":"ofPageInstance: getPhoneNumber"},{"name":"31294","declaredName":"wx.request({url:'https://api.998j...","declaredLoc":{"line":86,"column":50},"file":"/pages/turntable/turntable.js","type":"source,sink"},{"name":"31367","declaredName":"__function__102","declaredLoc":{"line":102,"column":16},"file":"/pages/turntable/turntable.js","type":"ofPageInstance: formSubmit"},{"name":"31427","declaredName":"wx.request({method:'POST',header:...","declaredLoc":{"line":106,"column":17},"file":"/pages/turntable/turntable.js","type":"source,sink"},{"name":"31720","declaredName":"__function__163","declaredLoc":{"line":163,"column":15},"file":"/pages/turntable/turntable.js","type":"normal"},{"name":"31724","declaredName":"wx.request({method:'POST',header:...","declaredLoc":{"line":164,"column":12},"file":"/pages/turntable/turntable.js","type":"source,sink"}],"edges":[{"source":"31075","target":"31100"},{"source":"31149","target":"31174"},{"source":"31339","target":"31149"},{"source":"31278","target":"31294"},{"source":"31367","target":"31427"},{"source":"31720","target":"31724"}]}],"/pages/upgrade/index.js":[{"stained":"wx.request","nodes":[{"name":"32034","declaredName":"__function__46","declaredLoc":{"line":46,"column":12},"file":"/pages/upgrade/index.js","type":"ofPageInstance: paynow"},{"name":"32095","declaredName":"wx.request({method:'POST',header:...","declaredLoc":{"line":50,"column":12},"file":"/pages/upgrade/index.js","type":"source,sink"},{"name":"31901","declaredName":"__function__13","declaredLoc":{"line":13,"column":15},"file":"/pages/upgrade/index.js","type":"normal"},{"name":"31905","declaredName":"wx.request({method:'POST',header:...","declaredLoc":{"line":14,"column":12},"file":"/pages/upgrade/index.js","type":"source,sink"},{"name":"32205","declaredName":"__function__69","declaredLoc":{"line":69,"column":33},"file":"/pages/upgrade/index.js","type":"normal"},{"name":"32209","declaredName":"wx.request({method:'POST',header:...","declaredLoc":{"line":70,"column":28},"file":"/pages/upgrade/index.js","type":"source,sink"},{"name":"32240","declaredName":"__function__79","declaredLoc":{"line":79,"column":41},"file":"/pages/upgrade/index.js","type":"normal"},{"name":"32271","declaredName":"wx.request({method:'POST',header:...","declaredLoc":{"line":80,"column":115},"file":"/pages/upgrade/index.js","type":"source,sink"}],"edges":[{"source":"32034","target":"32095"},{"source":"31901","target":"31905"},{"source":"32205","target":"32209"},{"source":"32240","target":"32271"}]}],"/pages/userinfo/index.js":[{"stained":"wx.request","nodes":[{"name":"32427","declaredName":"__function__21","declaredLoc":{"line":21,"column":12},"file":"/pages/userinfo/index.js","type":"ofPageInstance: follow"},{"name":"32507","declaredName":"__function__36","declaredLoc":{"line":36,"column":25},"file":"/pages/userinfo/index.js","type":"normal"},{"name":"32571","declaredName":"__function__58","declaredLoc":{"line":58,"column":9},"file":"/pages/userinfo/index.js","type":"ofPageInstance: req"},{"name":"32578","declaredName":"wx.request({method:'POST',header:...","declaredLoc":{"line":60,"column":8},"file":"/pages/userinfo/index.js","type":"source,sink"},{"name":"33510","declaredName":"__function__206","declaredLoc":{"line":206,"column":29},"file":"/pages/userinfo/index.js","type":"normal"},{"name":"33272","declaredName":"__function__163","declaredLoc":{"line":163,"column":14},"file":"/pages/userinfo/index.js","type":"ofPageInstance: makecall"},{"name":"33279","declaredName":"wx.request({method:'POST',header:...","declaredLoc":{"line":165,"column":8},"file":"/pages/userinfo/index.js","type":"source,sink"},{"name":"33317","declaredName":"__function__175","declaredLoc":{"line":175,"column":21},"file":"/pages/userinfo/index.js","type":"normal"},{"name":"33395","declaredName":"__function__185","declaredLoc":{"line":185,"column":13},"file":"/pages/userinfo/index.js","type":"ofPageInstance: paycall"},{"name":"33404","declaredName":"wx.request({method:'POST',header:...","declaredLoc":{"line":187,"column":8},"file":"/pages/userinfo/index.js","type":"source,sink"},{"name":"32932","declaredName":"__function__115","declaredLoc":{"line":115,"column":15},"file":"/pages/userinfo/index.js","type":"normal"},{"name":"32945","declaredName":"wx.request({method:'POST',header:...","declaredLoc":{"line":118,"column":16},"file":"/pages/userinfo/index.js","type":"source,sink"},{"name":"33560","declaredName":"__function__219","declaredLoc":{"line":219,"column":19},"file":"/pages/userinfo/index.js","type":"normal"},{"name":"33564","declaredName":"wx.request({method:'POST',header:...","declaredLoc":{"line":220,"column":16},"file":"/pages/userinfo/index.js","type":"source,sink"}],"edges":[{"source":"32571","target":"32578"},{"source":"32427","target":"32571"},{"source":"32507","target":"32571"},{"source":"33272","target":"33279"},{"source":"33510","target":"33272"},{"source":"33395","target":"33404"},{"source":"33317","target":"33395"},{"source":"32932","target":"32945"},{"source":"33560","target":"33564"}]}]}