[{"api":"wx.request","file":"/pages/account/index.js","loc":47},{"api":"wx.request","file":"/pages/answer/index.js","loc":65},{"api":"wx.request","file":"/pages/answer/index.js","loc":159},{"api":"wx.request","file":"/pages/answer/index.js","loc":242},{"api":"wx.openSetting","file":"/pages/auth/info.js","loc":3},{"api":"wx.request","file":"/pages/myissue/myissue.js","loc":51},{"api":"wx.request","file":"/pages/question/question.js","loc":36},{"api":"wx.request","file":"/pages/upgrade/index.js","loc":80}]