[{"this":{"name":"__object__getApp","file":"D://WORK//2022//论文相关//TOSEM//MiniApp-review//flow-baseline//finalDataset//998 Excavator//__APP__/pages/account/index.js"},"that":{"name":"__object__1","file":"D://WORK//2022//论文相关//TOSEM//MiniApp-review//flow-baseline//finalDataset//998 Excavator//__APP__/app.js"}},{"this":{"name":"globalData","file":"D://WORK//2022//论文相关//TOSEM//MiniApp-review//flow-baseline//finalDataset//998 Excavator//__APP__/pages/account/index.js"},"that":{"name":"globalData","file":"D://WORK//2022//论文相关//TOSEM//MiniApp-review//flow-baseline//finalDataset//998 Excavator//__APP__/app.js"}},{"this":{"name":"userInfo","file":"D://WORK//2022//论文相关//TOSEM//MiniApp-review//flow-baseline//finalDataset//998 Excavator//__APP__/pages/account/index.js"},"that":{"name":"userInfo","file":"D://WORK//2022//论文相关//TOSEM//MiniApp-review//flow-baseline//finalDataset//998 Excavator//__APP__/app.js"}},{"this":{"name":"show_erro","file":"D://WORK//2022//论文相关//TOSEM//MiniApp-review//flow-baseline//finalDataset//998 Excavator//__APP__/pages/account/index.js"},"that":{"name":"show_erro","file":"D://WORK//2022//论文相关//TOSEM//MiniApp-review//flow-baseline//finalDataset//998 Excavator//__APP__/app.js"}},{"this":{"name":"checklogin","file":"D://WORK//2022//论文相关//TOSEM//MiniApp-review//flow-baseline//finalDataset//998 Excavator//__APP__/pages/account/index.js"},"that":{"name":"checklogin","file":"D://WORK//2022//论文相关//TOSEM//MiniApp-review//flow-baseline//finalDataset//998 Excavator//__APP__/app.js"}},{"this":{"name":"auth","file":"D://WORK//2022//论文相关//TOSEM//MiniApp-review//flow-baseline//finalDataset//998 Excavator//__APP__/pages/account/index.js"},"that":{"name":"auth","file":"D://WORK//2022//论文相关//TOSEM//MiniApp-review//flow-baseline//finalDataset//998 Excavator//__APP__/app.js"}},{"this":{"name":"getcsid","file":"D://WORK//2022//论文相关//TOSEM//MiniApp-review//flow-baseline//finalDataset//998 Excavator//__APP__/pages/account/index.js"},"that":{"name":"getcsid","file":"D://WORK//2022//论文相关//TOSEM//MiniApp-review//flow-baseline//finalDataset//998 Excavator//__APP__/app.js"}},{"this":{"name":"__object__getApp","file":"D://WORK//2022//论文相关//TOSEM//MiniApp-review//flow-baseline//finalDataset//998 Excavator//__APP__/pages/accountpoint/index.js"},"that":{"name":"__object__1","file":"D://WORK//2022//论文相关//TOSEM//MiniApp-review//flow-baseline//finalDataset//998 Excavator//__APP__/app.js"}},{"this":{"name":"globalData","file":"D://WORK//2022//论文相关//TOSEM//MiniApp-review//flow-baseline//finalDataset//998 Excavator//__APP__/pages/accountpoint/index.js"},"that":{"name":"globalData","file":"D://WORK//2022//论文相关//TOSEM//MiniApp-review//flow-baseline//finalDataset//998 Excavator//__APP__/app.js"}},{"this":{"name":"userInfo","file":"D://WORK//2022//论文相关//TOSEM//MiniApp-review//flow-baseline//finalDataset//998 Excavator//__APP__/pages/accountpoint/index.js"},"that":{"name":"userInfo","file":"D://WORK//2022//论文相关//TOSEM//MiniApp-review//flow-baseline//finalDataset//998 Excavator//__APP__/app.js"}},{"this":{"name":"transmit_title","file":"D://WORK//2022//论文相关//TOSEM//MiniApp-review//flow-baseline//finalDataset//998 Excavator//__APP__/pages/accountpoint/index.js"},"that":{"name":"transmit_title","file":"D://WORK//2022//论文相关//TOSEM//MiniApp-review//flow-baseline//finalDataset//998 Excavator//__APP__/app.js"}},{"this":{"name":"transmit_image","file":"D://WORK//2022//论文相关//TOSEM//MiniApp-review//flow-baseline//finalDataset//998 Excavator//__APP__/pages/accountpoint/index.js"},"that":{"name":"transmit_image","file":"D://WORK//2022//论文相关//TOSEM//MiniApp-review//flow-baseline//finalDataset//998 Excavator//__APP__/app.js"}},{"this":{"name":"show_erro","file":"D://WORK//2022//论文相关//TOSEM//MiniApp-review//flow-baseline//finalDataset//998 Excavator//__APP__/pages/accountpoint/index.js"},"that":{"name":"show_erro","file":"D://WORK//2022//论文相关//TOSEM//MiniApp-review//flow-baseline//finalDataset//998 Excavator//__APP__/app.js"}},{"this":{"name":"auth","file":"D://WORK//2022//论文相关//TOSEM//MiniApp-review//flow-baseline//finalDataset//998 Excavator//__APP__/pages/accountpoint/index.js"},"that":{"name":"auth","file":"D://WORK//2022//论文相关//TOSEM//MiniApp-review//flow-baseline//finalDataset//998 Excavator//__APP__/app.js"}},{"this":{"name":"getcsid","file":"D://WORK//2022//论文相关//TOSEM//MiniApp-review//flow-baseline//finalDataset//998 Excavator//__APP__/pages/accountpoint/index.js"},"that":{"name":"getcsid","file":"D://WORK//2022//论文相关//TOSEM//MiniApp-review//flow-baseline//finalDataset//998 Excavator//__APP__/app.js"}},{"this":{"name":"__object__getApp","file":"D://WORK//2022//论文相关//TOSEM//MiniApp-review//flow-baseline//finalDataset//998 Excavator//__APP__/pages/activity/activity.js"},"that":{"name":"__object__1","file":"D://WORK//2022//论文相关//TOSEM//MiniApp-review//flow-baseline//finalDataset//998 Excavator//__APP__/app.js"}},{"this":{"name":"auth","file":"D://WORK//2022//论文相关//TOSEM//MiniApp-review//flow-baseline//finalDataset//998 Excavator//__APP__/pages/activity/activity.js"},"that":{"name":"auth","file":"D://WORK//2022//论文相关//TOSEM//MiniApp-review//flow-baseline//finalDataset//998 Excavator//__APP__/app.js"}},{"this":{"name":"checklogin","file":"D://WORK//2022//论文相关//TOSEM//MiniApp-review//flow-baseline//finalDataset//998 Excavator//__APP__/pages/activity/activity.js"},"that":{"name":"checklogin","file":"D://WORK//2022//论文相关//TOSEM//MiniApp-review//flow-baseline//finalDataset//998 Excavator//__APP__/app.js"}},{"this":{"name":"globalData","file":"D://WORK//2022//论文相关//TOSEM//MiniApp-review//flow-baseline//finalDataset//998 Excavator//__APP__/pages/activity/activity.js"},"that":{"name":"globalData","file":"D://WORK//2022//论文相关//TOSEM//MiniApp-review//flow-baseline//finalDataset//998 Excavator//__APP__/app.js"}},{"this":{"name":"userInfo","file":"D://WORK//2022//论文相关//TOSEM//MiniApp-review//flow-baseline//finalDataset//998 Excavator//__APP__/pages/activity/activity.js"},"that":{"name":"userInfo","file":"D://WORK//2022//论文相关//TOSEM//MiniApp-review//flow-baseline//finalDataset//998 Excavator//__APP__/app.js"}},{"this":{"name":"getcsid","file":"D://WORK//2022//论文相关//TOSEM//MiniApp-review//flow-baseline//finalDataset//998 Excavator//__APP__/pages/activity/activity.js"},"that":{"name":"getcsid","file":"D://WORK//2022//论文相关//TOSEM//MiniApp-review//flow-baseline//finalDataset//998 Excavator//__APP__/app.js"}},{"this":{"name":"__object__getApp","file":"D://WORK//2022//论文相关//TOSEM//MiniApp-review//flow-baseline//finalDataset//998 Excavator//__APP__/pages/answer/index.js"},"that":{"name":"__object__1","file":"D://WORK//2022//论文相关//TOSEM//MiniApp-review//flow-baseline//finalDataset//998 Excavator//__APP__/app.js"}},{"this":{"name":"globalData","file":"D://WORK//2022//论文相关//TOSEM//MiniApp-review//flow-baseline//finalDataset//998 Excavator//__APP__/pages/answer/index.js"},"that":{"name":"globalData","file":"D://WORK//2022//论文相关//TOSEM//MiniApp-review//flow-baseline//finalDataset//998 Excavator//__APP__/app.js"}},{"this":{"name":"refer","file":"D://WORK//2022//论文相关//TOSEM//MiniApp-review//flow-baseline//finalDataset//998 Excavator//__APP__/pages/answer/index.js"},"that":{"name":"refer","file":"D://WORK//2022//论文相关//TOSEM//MiniApp-review//flow-baseline//finalDataset//998 Excavator//__APP__/app.js"}},{"this":{"name":"userInfo","file":"D://WORK//2022//论文相关//TOSEM//MiniApp-review//flow-baseline//finalDataset//998 Excavator//__APP__/pages/answer/index.js"},"that":{"name":"userInfo","file":"D://WORK//2022//论文相关//TOSEM//MiniApp-review//flow-baseline//finalDataset//998 Excavator//__APP__/app.js"}},{"this":{"name":"auth","file":"D://WORK//2022//论文相关//TOSEM//MiniApp-review//flow-baseline//finalDataset//998 Excavator//__APP__/pages/answer/index.js"},"that":{"name":"auth","file":"D://WORK//2022//论文相关//TOSEM//MiniApp-review//flow-baseline//finalDataset//998 Excavator//__APP__/app.js"}},{"this":{"name":"show_erro","file":"D://WORK//2022//论文相关//TOSEM//MiniApp-review//flow-baseline//finalDataset//998 Excavator//__APP__/pages/answer/index.js"},"that":{"name":"show_erro","file":"D://WORK//2022//论文相关//TOSEM//MiniApp-review//flow-baseline//finalDataset//998 Excavator//__APP__/app.js"}},{"this":{"name":"getcsid","file":"D://WORK//2022//论文相关//TOSEM//MiniApp-review//flow-baseline//finalDataset//998 Excavator//__APP__/pages/answer/index.js"},"that":{"name":"getcsid","file":"D://WORK//2022//论文相关//TOSEM//MiniApp-review//flow-baseline//finalDataset//998 Excavator//__APP__/app.js"}},{"this":{"name":"__object__getApp","file":"D://WORK//2022//论文相关//TOSEM//MiniApp-review//flow-baseline//finalDataset//998 Excavator//__APP__/pages/answer/start.js"},"that":{"name":"__object__1","file":"D://WORK//2022//论文相关//TOSEM//MiniApp-review//flow-baseline//finalDataset//998 Excavator//__APP__/app.js"}},{"this":{"name":"globalData","file":"D://WORK//2022//论文相关//TOSEM//MiniApp-review//flow-baseline//finalDataset//998 Excavator//__APP__/pages/answer/start.js"},"that":{"name":"globalData","file":"D://WORK//2022//论文相关//TOSEM//MiniApp-review//flow-baseline//finalDataset//998 Excavator//__APP__/app.js"}},{"this":{"name":"refer","file":"D://WORK//2022//论文相关//TOSEM//MiniApp-review//flow-baseline//finalDataset//998 Excavator//__APP__/pages/answer/start.js"},"that":{"name":"refer","file":"D://WORK//2022//论文相关//TOSEM//MiniApp-review//flow-baseline//finalDataset//998 Excavator//__APP__/app.js"}},{"this":{"name":"userInfo","file":"D://WORK//2022//论文相关//TOSEM//MiniApp-review//flow-baseline//finalDataset//998 Excavator//__APP__/pages/answer/start.js"},"that":{"name":"userInfo","file":"D://WORK//2022//论文相关//TOSEM//MiniApp-review//flow-baseline//finalDataset//998 Excavator//__APP__/app.js"}},{"this":{"name":"auth","file":"D://WORK//2022//论文相关//TOSEM//MiniApp-review//flow-baseline//finalDataset//998 Excavator//__APP__/pages/answer/start.js"},"that":{"name":"auth","file":"D://WORK//2022//论文相关//TOSEM//MiniApp-review//flow-baseline//finalDataset//998 Excavator//__APP__/app.js"}},{"this":{"name":"show_erro","file":"D://WORK//2022//论文相关//TOSEM//MiniApp-review//flow-baseline//finalDataset//998 Excavator//__APP__/pages/answer/start.js"},"that":{"name":"show_erro","file":"D://WORK//2022//论文相关//TOSEM//MiniApp-review//flow-baseline//finalDataset//998 Excavator//__APP__/app.js"}},{"this":{"name":"getcsid","file":"D://WORK//2022//论文相关//TOSEM//MiniApp-review//flow-baseline//finalDataset//998 Excavator//__APP__/pages/answer/start.js"},"that":{"name":"getcsid","file":"D://WORK//2022//论文相关//TOSEM//MiniApp-review//flow-baseline//finalDataset//998 Excavator//__APP__/app.js"}},{"this":{"name":"__object__getApp","file":"D://WORK//2022//论文相关//TOSEM//MiniApp-review//flow-baseline//finalDataset//998 Excavator//__APP__/pages/answertop/index.js"},"that":{"name":"__object__1","file":"D://WORK//2022//论文相关//TOSEM//MiniApp-review//flow-baseline//finalDataset//998 Excavator//__APP__/app.js"}},{"this":{"name":"globalData","file":"D://WORK//2022//论文相关//TOSEM//MiniApp-review//flow-baseline//finalDataset//998 Excavator//__APP__/pages/answertop/index.js"},"that":{"name":"globalData","file":"D://WORK//2022//论文相关//TOSEM//MiniApp-review//flow-baseline//finalDataset//998 Excavator//__APP__/app.js"}},{"this":{"name":"refer","file":"D://WORK//2022//论文相关//TOSEM//MiniApp-review//flow-baseline//finalDataset//998 Excavator//__APP__/pages/answertop/index.js"},"that":{"name":"refer","file":"D://WORK//2022//论文相关//TOSEM//MiniApp-review//flow-baseline//finalDataset//998 Excavator//__APP__/app.js"}},{"this":{"name":"userInfo","file":"D://WORK//2022//论文相关//TOSEM//MiniApp-review//flow-baseline//finalDataset//998 Excavator//__APP__/pages/answertop/index.js"},"that":{"name":"userInfo","file":"D://WORK//2022//论文相关//TOSEM//MiniApp-review//flow-baseline//finalDataset//998 Excavator//__APP__/app.js"}},{"this":{"name":"auth","file":"D://WORK//2022//论文相关//TOSEM//MiniApp-review//flow-baseline//finalDataset//998 Excavator//__APP__/pages/answertop/index.js"},"that":{"name":"auth","file":"D://WORK//2022//论文相关//TOSEM//MiniApp-review//flow-baseline//finalDataset//998 Excavator//__APP__/app.js"}},{"this":{"name":"getcsid","file":"D://WORK//2022//论文相关//TOSEM//MiniApp-review//flow-baseline//finalDataset//998 Excavator//__APP__/pages/answertop/index.js"},"that":{"name":"getcsid","file":"D://WORK//2022//论文相关//TOSEM//MiniApp-review//flow-baseline//finalDataset//998 Excavator//__APP__/app.js"}},{"this":{"name":"__object__getApp","file":"D://WORK//2022//论文相关//TOSEM//MiniApp-review//flow-baseline//finalDataset//998 Excavator//__APP__/pages/colles/colles.js"},"that":{"name":"__object__1","file":"D://WORK//2022//论文相关//TOSEM//MiniApp-review//flow-baseline//finalDataset//998 Excavator//__APP__/app.js"}},{"this":{"name":"globalData","file":"D://WORK//2022//论文相关//TOSEM//MiniApp-review//flow-baseline//finalDataset//998 Excavator//__APP__/pages/colles/colles.js"},"that":{"name":"globalData","file":"D://WORK//2022//论文相关//TOSEM//MiniApp-review//flow-baseline//finalDataset//998 Excavator//__APP__/app.js"}},{"this":{"name":"userInfo","file":"D://WORK//2022//论文相关//TOSEM//MiniApp-review//flow-baseline//finalDataset//998 Excavator//__APP__/pages/colles/colles.js"},"that":{"name":"userInfo","file":"D://WORK//2022//论文相关//TOSEM//MiniApp-review//flow-baseline//finalDataset//998 Excavator//__APP__/app.js"}},{"this":{"name":"transmit_title","file":"D://WORK//2022//论文相关//TOSEM//MiniApp-review//flow-baseline//finalDataset//998 Excavator//__APP__/pages/colles/colles.js"},"that":{"name":"transmit_title","file":"D://WORK//2022//论文相关//TOSEM//MiniApp-review//flow-baseline//finalDataset//998 Excavator//__APP__/app.js"}},{"this":{"name":"show_erro","file":"D://WORK//2022//论文相关//TOSEM//MiniApp-review//flow-baseline//finalDataset//998 Excavator//__APP__/pages/colles/colles.js"},"that":{"name":"show_erro","file":"D://WORK//2022//论文相关//TOSEM//MiniApp-review//flow-baseline//finalDataset//998 Excavator//__APP__/app.js"}},{"this":{"name":"auth","file":"D://WORK//2022//论文相关//TOSEM//MiniApp-review//flow-baseline//finalDataset//998 Excavator//__APP__/pages/colles/colles.js"},"that":{"name":"auth","file":"D://WORK//2022//论文相关//TOSEM//MiniApp-review//flow-baseline//finalDataset//998 Excavator//__APP__/app.js"}},{"this":{"name":"getcsid","file":"D://WORK//2022//论文相关//TOSEM//MiniApp-review//flow-baseline//finalDataset//998 Excavator//__APP__/pages/colles/colles.js"},"that":{"name":"getcsid","file":"D://WORK//2022//论文相关//TOSEM//MiniApp-review//flow-baseline//finalDataset//998 Excavator//__APP__/app.js"}},{"this":{"name":"__object__getApp","file":"D://WORK//2022//论文相关//TOSEM//MiniApp-review//flow-baseline//finalDataset//998 Excavator//__APP__/pages/correlation/correlation.js"},"that":{"name":"__object__1","file":"D://WORK//2022//论文相关//TOSEM//MiniApp-review//flow-baseline//finalDataset//998 Excavator//__APP__/app.js"}},{"this":{"name":"show_erro","file":"D://WORK//2022//论文相关//TOSEM//MiniApp-review//flow-baseline//finalDataset//998 Excavator//__APP__/pages/correlation/correlation.js"},"that":{"name":"show_erro","file":"D://WORK//2022//论文相关//TOSEM//MiniApp-review//flow-baseline//finalDataset//998 Excavator//__APP__/app.js"}},{"this":{"name":"__object__getApp","file":"D://WORK//2022//论文相关//TOSEM//MiniApp-review//flow-baseline//finalDataset//998 Excavator//__APP__/pages/dealt/dealt.js"},"that":{"name":"__object__1","file":"D://WORK//2022//论文相关//TOSEM//MiniApp-review//flow-baseline//finalDataset//998 Excavator//__APP__/app.js"}},{"this":{"name":"checklogin","file":"D://WORK//2022//论文相关//TOSEM//MiniApp-review//flow-baseline//finalDataset//998 Excavator//__APP__/pages/dealt/dealt.js"},"that":{"name":"checklogin","file":"D://WORK//2022//论文相关//TOSEM//MiniApp-review//flow-baseline//finalDataset//998 Excavator//__APP__/app.js"}},{"this":{"name":"globalData","file":"D://WORK//2022//论文相关//TOSEM//MiniApp-review//flow-baseline//finalDataset//998 Excavator//__APP__/pages/dealt/dealt.js"},"that":{"name":"globalData","file":"D://WORK//2022//论文相关//TOSEM//MiniApp-review//flow-baseline//finalDataset//998 Excavator//__APP__/app.js"}},{"this":{"name":"userInfo","file":"D://WORK//2022//论文相关//TOSEM//MiniApp-review//flow-baseline//finalDataset//998 Excavator//__APP__/pages/dealt/dealt.js"},"that":{"name":"userInfo","file":"D://WORK//2022//论文相关//TOSEM//MiniApp-review//flow-baseline//finalDataset//998 Excavator//__APP__/app.js"}},{"this":{"name":"__object__getApp","file":"D://WORK//2022//论文相关//TOSEM//MiniApp-review//flow-baseline//finalDataset//998 Excavator//__APP__/pages/deviceadd/index.js"},"that":{"name":"__object__1","file":"D://WORK//2022//论文相关//TOSEM//MiniApp-review//flow-baseline//finalDataset//998 Excavator//__APP__/app.js"}},{"this":{"name":"auth","file":"D://WORK//2022//论文相关//TOSEM//MiniApp-review//flow-baseline//finalDataset//998 Excavator//__APP__/pages/deviceadd/index.js"},"that":{"name":"auth","file":"D://WORK//2022//论文相关//TOSEM//MiniApp-review//flow-baseline//finalDataset//998 Excavator//__APP__/app.js"}},{"this":{"name":"globalData","file":"D://WORK//2022//论文相关//TOSEM//MiniApp-review//flow-baseline//finalDataset//998 Excavator//__APP__/pages/deviceadd/index.js"},"that":{"name":"globalData","file":"D://WORK//2022//论文相关//TOSEM//MiniApp-review//flow-baseline//finalDataset//998 Excavator//__APP__/app.js"}},{"this":{"name":"userInfo","file":"D://WORK//2022//论文相关//TOSEM//MiniApp-review//flow-baseline//finalDataset//998 Excavator//__APP__/pages/deviceadd/index.js"},"that":{"name":"userInfo","file":"D://WORK//2022//论文相关//TOSEM//MiniApp-review//flow-baseline//finalDataset//998 Excavator//__APP__/app.js"}},{"this":{"name":"latitude","file":"D://WORK//2022//论文相关//TOSEM//MiniApp-review//flow-baseline//finalDataset//998 Excavator//__APP__/pages/deviceadd/index.js"},"that":{"name":"latitude","file":"D://WORK//2022//论文相关//TOSEM//MiniApp-review//flow-baseline//finalDataset//998 Excavator//__APP__/app.js"}},{"this":{"name":"longitude","file":"D://WORK//2022//论文相关//TOSEM//MiniApp-review//flow-baseline//finalDataset//998 Excavator//__APP__/pages/deviceadd/index.js"},"that":{"name":"longitude","file":"D://WORK//2022//论文相关//TOSEM//MiniApp-review//flow-baseline//finalDataset//998 Excavator//__APP__/app.js"}},{"this":{"name":"addr_saved","file":"D://WORK//2022//论文相关//TOSEM//MiniApp-review//flow-baseline//finalDataset//998 Excavator//__APP__/pages/deviceadd/index.js"},"that":{"name":"addr_saved","file":"D://WORK//2022//论文相关//TOSEM//MiniApp-review//flow-baseline//finalDataset//998 Excavator//__APP__/app.js"}},{"this":{"name":"checklogin","file":"D://WORK//2022//论文相关//TOSEM//MiniApp-review//flow-baseline//finalDataset//998 Excavator//__APP__/pages/deviceadd/index.js"},"that":{"name":"checklogin","file":"D://WORK//2022//论文相关//TOSEM//MiniApp-review//flow-baseline//finalDataset//998 Excavator//__APP__/app.js"}},{"this":{"name":"show_erro","file":"D://WORK//2022//论文相关//TOSEM//MiniApp-review//flow-baseline//finalDataset//998 Excavator//__APP__/pages/deviceadd/index.js"},"that":{"name":"show_erro","file":"D://WORK//2022//论文相关//TOSEM//MiniApp-review//flow-baseline//finalDataset//998 Excavator//__APP__/app.js"}},{"this":{"name":"getcsid","file":"D://WORK//2022//论文相关//TOSEM//MiniApp-review//flow-baseline//finalDataset//998 Excavator//__APP__/pages/deviceadd/index.js"},"that":{"name":"getcsid","file":"D://WORK//2022//论文相关//TOSEM//MiniApp-review//flow-baseline//finalDataset//998 Excavator//__APP__/app.js"}},{"this":{"name":"__object__getApp","file":"D://WORK//2022//论文相关//TOSEM//MiniApp-review//flow-baseline//finalDataset//998 Excavator//__APP__/pages/deviceaddq/index.js"},"that":{"name":"__object__1","file":"D://WORK//2022//论文相关//TOSEM//MiniApp-review//flow-baseline//finalDataset//998 Excavator//__APP__/app.js"}},{"this":{"name":"globalData","file":"D://WORK//2022//论文相关//TOSEM//MiniApp-review//flow-baseline//finalDataset//998 Excavator//__APP__/pages/deviceaddq/index.js"},"that":{"name":"globalData","file":"D://WORK//2022//论文相关//TOSEM//MiniApp-review//flow-baseline//finalDataset//998 Excavator//__APP__/app.js"}},{"this":{"name":"news","file":"D://WORK//2022//论文相关//TOSEM//MiniApp-review//flow-baseline//finalDataset//998 Excavator//__APP__/pages/deviceaddq/index.js"},"that":{"name":"news","file":"D://WORK//2022//论文相关//TOSEM//MiniApp-review//flow-baseline//finalDataset//998 Excavator//__APP__/app.js"}},{"this":{"name":"userInfo","file":"D://WORK//2022//论文相关//TOSEM//MiniApp-review//flow-baseline//finalDataset//998 Excavator//__APP__/pages/deviceaddq/index.js"},"that":{"name":"userInfo","file":"D://WORK//2022//论文相关//TOSEM//MiniApp-review//flow-baseline//finalDataset//998 Excavator//__APP__/app.js"}},{"this":{"name":"addr_saved","file":"D://WORK//2022//论文相关//TOSEM//MiniApp-review//flow-baseline//finalDataset//998 Excavator//__APP__/pages/deviceaddq/index.js"},"that":{"name":"addr_saved","file":"D://WORK//2022//论文相关//TOSEM//MiniApp-review//flow-baseline//finalDataset//998 Excavator//__APP__/app.js"}},{"this":{"name":"latitude","file":"D://WORK//2022//论文相关//TOSEM//MiniApp-review//flow-baseline//finalDataset//998 Excavator//__APP__/pages/deviceaddq/index.js"},"that":{"name":"latitude","file":"D://WORK//2022//论文相关//TOSEM//MiniApp-review//flow-baseline//finalDataset//998 Excavator//__APP__/app.js"}},{"this":{"name":"longitude","file":"D://WORK//2022//论文相关//TOSEM//MiniApp-review//flow-baseline//finalDataset//998 Excavator//__APP__/pages/deviceaddq/index.js"},"that":{"name":"longitude","file":"D://WORK//2022//论文相关//TOSEM//MiniApp-review//flow-baseline//finalDataset//998 Excavator//__APP__/app.js"}},{"this":{"name":"show_erro","file":"D://WORK//2022//论文相关//TOSEM//MiniApp-review//flow-baseline//finalDataset//998 Excavator//__APP__/pages/deviceaddq/index.js"},"that":{"name":"show_erro","file":"D://WORK//2022//论文相关//TOSEM//MiniApp-review//flow-baseline//finalDataset//998 Excavator//__APP__/app.js"}},{"this":{"name":"checklogin","file":"D://WORK//2022//论文相关//TOSEM//MiniApp-review//flow-baseline//finalDataset//998 Excavator//__APP__/pages/deviceaddq/index.js"},"that":{"name":"checklogin","file":"D://WORK//2022//论文相关//TOSEM//MiniApp-review//flow-baseline//finalDataset//998 Excavator//__APP__/app.js"}},{"this":{"name":"auth","file":"D://WORK//2022//论文相关//TOSEM//MiniApp-review//flow-baseline//finalDataset//998 Excavator//__APP__/pages/deviceaddq/index.js"},"that":{"name":"auth","file":"D://WORK//2022//论文相关//TOSEM//MiniApp-review//flow-baseline//finalDataset//998 Excavator//__APP__/app.js"}},{"this":{"name":"__object__getApp","file":"D://WORK//2022//论文相关//TOSEM//MiniApp-review//flow-baseline//finalDataset//998 Excavator//__APP__/pages/deviceedit/index.js"},"that":{"name":"__object__1","file":"D://WORK//2022//论文相关//TOSEM//MiniApp-review//flow-baseline//finalDataset//998 Excavator//__APP__/app.js"}},{"this":{"name":"auth","file":"D://WORK//2022//论文相关//TOSEM//MiniApp-review//flow-baseline//finalDataset//998 Excavator//__APP__/pages/deviceedit/index.js"},"that":{"name":"auth","file":"D://WORK//2022//论文相关//TOSEM//MiniApp-review//flow-baseline//finalDataset//998 Excavator//__APP__/app.js"}},{"this":{"name":"globalData","file":"D://WORK//2022//论文相关//TOSEM//MiniApp-review//flow-baseline//finalDataset//998 Excavator//__APP__/pages/deviceedit/index.js"},"that":{"name":"globalData","file":"D://WORK//2022//论文相关//TOSEM//MiniApp-review//flow-baseline//finalDataset//998 Excavator//__APP__/app.js"}},{"this":{"name":"userInfo","file":"D://WORK//2022//论文相关//TOSEM//MiniApp-review//flow-baseline//finalDataset//998 Excavator//__APP__/pages/deviceedit/index.js"},"that":{"name":"userInfo","file":"D://WORK//2022//论文相关//TOSEM//MiniApp-review//flow-baseline//finalDataset//998 Excavator//__APP__/app.js"}},{"this":{"name":"latitude","file":"D://WORK//2022//论文相关//TOSEM//MiniApp-review//flow-baseline//finalDataset//998 Excavator//__APP__/pages/deviceedit/index.js"},"that":{"name":"latitude","file":"D://WORK//2022//论文相关//TOSEM//MiniApp-review//flow-baseline//finalDataset//998 Excavator//__APP__/app.js"}},{"this":{"name":"longitude","file":"D://WORK//2022//论文相关//TOSEM//MiniApp-review//flow-baseline//finalDataset//998 Excavator//__APP__/pages/deviceedit/index.js"},"that":{"name":"longitude","file":"D://WORK//2022//论文相关//TOSEM//MiniApp-review//flow-baseline//finalDataset//998 Excavator//__APP__/app.js"}},{"this":{"name":"addr_saved","file":"D://WORK//2022//论文相关//TOSEM//MiniApp-review//flow-baseline//finalDataset//998 Excavator//__APP__/pages/deviceedit/index.js"},"that":{"name":"addr_saved","file":"D://WORK//2022//论文相关//TOSEM//MiniApp-review//flow-baseline//finalDataset//998 Excavator//__APP__/app.js"}},{"this":{"name":"show_erro","file":"D://WORK//2022//论文相关//TOSEM//MiniApp-review//flow-baseline//finalDataset//998 Excavator//__APP__/pages/deviceedit/index.js"},"that":{"name":"show_erro","file":"D://WORK//2022//论文相关//TOSEM//MiniApp-review//flow-baseline//finalDataset//998 Excavator//__APP__/app.js"}},{"this":{"name":"__object__getApp","file":"D://WORK//2022//论文相关//TOSEM//MiniApp-review//flow-baseline//finalDataset//998 Excavator//__APP__/pages/equipment/equipment.js"},"that":{"name":"__object__1","file":"D://WORK//2022//论文相关//TOSEM//MiniApp-review//flow-baseline//finalDataset//998 Excavator//__APP__/app.js"}},{"this":{"name":"globalData","file":"D://WORK//2022//论文相关//TOSEM//MiniApp-review//flow-baseline//finalDataset//998 Excavator//__APP__/pages/equipment/equipment.js"},"that":{"name":"globalData","file":"D://WORK//2022//论文相关//TOSEM//MiniApp-review//flow-baseline//finalDataset//998 Excavator//__APP__/app.js"}},{"this":{"name":"refer","file":"D://WORK//2022//论文相关//TOSEM//MiniApp-review//flow-baseline//finalDataset//998 Excavator//__APP__/pages/equipment/equipment.js"},"that":{"name":"refer","file":"D://WORK//2022//论文相关//TOSEM//MiniApp-review//flow-baseline//finalDataset//998 Excavator//__APP__/app.js"}},{"this":{"name":"userInfo","file":"D://WORK//2022//论文相关//TOSEM//MiniApp-review//flow-baseline//finalDataset//998 Excavator//__APP__/pages/equipment/equipment.js"},"that":{"name":"userInfo","file":"D://WORK//2022//论文相关//TOSEM//MiniApp-review//flow-baseline//finalDataset//998 Excavator//__APP__/app.js"}},{"this":{"name":"transmit_title","file":"D://WORK//2022//论文相关//TOSEM//MiniApp-review//flow-baseline//finalDataset//998 Excavator//__APP__/pages/equipment/equipment.js"},"that":{"name":"transmit_title","file":"D://WORK//2022//论文相关//TOSEM//MiniApp-review//flow-baseline//finalDataset//998 Excavator//__APP__/app.js"}},{"this":{"name":"transmit_image","file":"D://WORK//2022//论文相关//TOSEM//MiniApp-review//flow-baseline//finalDataset//998 Excavator//__APP__/pages/equipment/equipment.js"},"that":{"name":"transmit_image","file":"D://WORK//2022//论文相关//TOSEM//MiniApp-review//flow-baseline//finalDataset//998 Excavator//__APP__/app.js"}},{"this":{"name":"shared","file":"D://WORK//2022//论文相关//TOSEM//MiniApp-review//flow-baseline//finalDataset//998 Excavator//__APP__/pages/equipment/equipment.js"},"that":{"name":"shared","file":"D://WORK//2022//论文相关//TOSEM//MiniApp-review//flow-baseline//finalDataset//998 Excavator//__APP__/app.js"}},{"this":{"name":"auth","file":"D://WORK//2022//论文相关//TOSEM//MiniApp-review//flow-baseline//finalDataset//998 Excavator//__APP__/pages/equipment/equipment.js"},"that":{"name":"auth","file":"D://WORK//2022//论文相关//TOSEM//MiniApp-review//flow-baseline//finalDataset//998 Excavator//__APP__/app.js"}},{"this":{"name":"checklogin","file":"D://WORK//2022//论文相关//TOSEM//MiniApp-review//flow-baseline//finalDataset//998 Excavator//__APP__/pages/equipment/equipment.js"},"that":{"name":"checklogin","file":"D://WORK//2022//论文相关//TOSEM//MiniApp-review//flow-baseline//finalDataset//998 Excavator//__APP__/app.js"}},{"this":{"name":"show_erro","file":"D://WORK//2022//论文相关//TOSEM//MiniApp-review//flow-baseline//finalDataset//998 Excavator//__APP__/pages/equipment/equipment.js"},"that":{"name":"show_erro","file":"D://WORK//2022//论文相关//TOSEM//MiniApp-review//flow-baseline//finalDataset//998 Excavator//__APP__/app.js"}},{"this":{"name":"getcsid","file":"D://WORK//2022//论文相关//TOSEM//MiniApp-review//flow-baseline//finalDataset//998 Excavator//__APP__/pages/equipment/equipment.js"},"that":{"name":"getcsid","file":"D://WORK//2022//论文相关//TOSEM//MiniApp-review//flow-baseline//finalDataset//998 Excavator//__APP__/app.js"}},{"this":{"name":"__object__getApp","file":"D://WORK//2022//论文相关//TOSEM//MiniApp-review//flow-baseline//finalDataset//998 Excavator//__APP__/pages/followme/followme.js"},"that":{"name":"__object__1","file":"D://WORK//2022//论文相关//TOSEM//MiniApp-review//flow-baseline//finalDataset//998 Excavator//__APP__/app.js"}},{"this":{"name":"auth","file":"D://WORK//2022//论文相关//TOSEM//MiniApp-review//flow-baseline//finalDataset//998 Excavator//__APP__/pages/followme/followme.js"},"that":{"name":"auth","file":"D://WORK//2022//论文相关//TOSEM//MiniApp-review//flow-baseline//finalDataset//998 Excavator//__APP__/app.js"}},{"this":{"name":"globalData","file":"D://WORK//2022//论文相关//TOSEM//MiniApp-review//flow-baseline//finalDataset//998 Excavator//__APP__/pages/followme/followme.js"},"that":{"name":"globalData","file":"D://WORK//2022//论文相关//TOSEM//MiniApp-review//flow-baseline//finalDataset//998 Excavator//__APP__/app.js"}},{"this":{"name":"userInfo","file":"D://WORK//2022//论文相关//TOSEM//MiniApp-review//flow-baseline//finalDataset//998 Excavator//__APP__/pages/followme/followme.js"},"that":{"name":"userInfo","file":"D://WORK//2022//论文相关//TOSEM//MiniApp-review//flow-baseline//finalDataset//998 Excavator//__APP__/app.js"}},{"this":{"name":"__object__getApp","file":"D://WORK//2022//论文相关//TOSEM//MiniApp-review//flow-baseline//finalDataset//998 Excavator//__APP__/pages/followmewho/followmewho.js"},"that":{"name":"__object__1","file":"D://WORK//2022//论文相关//TOSEM//MiniApp-review//flow-baseline//finalDataset//998 Excavator//__APP__/app.js"}},{"this":{"name":"auth","file":"D://WORK//2022//论文相关//TOSEM//MiniApp-review//flow-baseline//finalDataset//998 Excavator//__APP__/pages/followmewho/followmewho.js"},"that":{"name":"auth","file":"D://WORK//2022//论文相关//TOSEM//MiniApp-review//flow-baseline//finalDataset//998 Excavator//__APP__/app.js"}},{"this":{"name":"globalData","file":"D://WORK//2022//论文相关//TOSEM//MiniApp-review//flow-baseline//finalDataset//998 Excavator//__APP__/pages/followmewho/followmewho.js"},"that":{"name":"globalData","file":"D://WORK//2022//论文相关//TOSEM//MiniApp-review//flow-baseline//finalDataset//998 Excavator//__APP__/app.js"}},{"this":{"name":"userInfo","file":"D://WORK//2022//论文相关//TOSEM//MiniApp-review//flow-baseline//finalDataset//998 Excavator//__APP__/pages/followmewho/followmewho.js"},"that":{"name":"userInfo","file":"D://WORK//2022//论文相关//TOSEM//MiniApp-review//flow-baseline//finalDataset//998 Excavator//__APP__/app.js"}},{"this":{"name":"__object__getApp","file":"D://WORK//2022//论文相关//TOSEM//MiniApp-review//flow-baseline//finalDataset//998 Excavator//__APP__/pages/index/index.js"},"that":{"name":"__object__1","file":"D://WORK//2022//论文相关//TOSEM//MiniApp-review//flow-baseline//finalDataset//998 Excavator//__APP__/app.js"}},{"this":{"name":"globalData","file":"D://WORK//2022//论文相关//TOSEM//MiniApp-review//flow-baseline//finalDataset//998 Excavator//__APP__/pages/index/index.js"},"that":{"name":"globalData","file":"D://WORK//2022//论文相关//TOSEM//MiniApp-review//flow-baseline//finalDataset//998 Excavator//__APP__/app.js"}},{"this":{"name":"refer","file":"D://WORK//2022//论文相关//TOSEM//MiniApp-review//flow-baseline//finalDataset//998 Excavator//__APP__/pages/index/index.js"},"that":{"name":"refer","file":"D://WORK//2022//论文相关//TOSEM//MiniApp-review//flow-baseline//finalDataset//998 Excavator//__APP__/app.js"}},{"this":{"name":"userInfo","file":"D://WORK//2022//论文相关//TOSEM//MiniApp-review//flow-baseline//finalDataset//998 Excavator//__APP__/pages/index/index.js"},"that":{"name":"userInfo","file":"D://WORK//2022//论文相关//TOSEM//MiniApp-review//flow-baseline//finalDataset//998 Excavator//__APP__/app.js"}},{"this":{"name":"transmit_title","file":"D://WORK//2022//论文相关//TOSEM//MiniApp-review//flow-baseline//finalDataset//998 Excavator//__APP__/pages/index/index.js"},"that":{"name":"transmit_title","file":"D://WORK//2022//论文相关//TOSEM//MiniApp-review//flow-baseline//finalDataset//998 Excavator//__APP__/app.js"}},{"this":{"name":"transmit_image","file":"D://WORK//2022//论文相关//TOSEM//MiniApp-review//flow-baseline//finalDataset//998 Excavator//__APP__/pages/index/index.js"},"that":{"name":"transmit_image","file":"D://WORK//2022//论文相关//TOSEM//MiniApp-review//flow-baseline//finalDataset//998 Excavator//__APP__/app.js"}},{"this":{"name":"shared","file":"D://WORK//2022//论文相关//TOSEM//MiniApp-review//flow-baseline//finalDataset//998 Excavator//__APP__/pages/index/index.js"},"that":{"name":"shared","file":"D://WORK//2022//论文相关//TOSEM//MiniApp-review//flow-baseline//finalDataset//998 Excavator//__APP__/app.js"}},{"this":{"name":"news","file":"D://WORK//2022//论文相关//TOSEM//MiniApp-review//flow-baseline//finalDataset//998 Excavator//__APP__/pages/index/index.js"},"that":{"name":"news","file":"D://WORK//2022//论文相关//TOSEM//MiniApp-review//flow-baseline//finalDataset//998 Excavator//__APP__/app.js"}},{"this":{"name":"auth","file":"D://WORK//2022//论文相关//TOSEM//MiniApp-review//flow-baseline//finalDataset//998 Excavator//__APP__/pages/index/index.js"},"that":{"name":"auth","file":"D://WORK//2022//论文相关//TOSEM//MiniApp-review//flow-baseline//finalDataset//998 Excavator//__APP__/app.js"}},{"this":{"name":"show_erro","file":"D://WORK//2022//论文相关//TOSEM//MiniApp-review//flow-baseline//finalDataset//998 Excavator//__APP__/pages/index/index.js"},"that":{"name":"show_erro","file":"D://WORK//2022//论文相关//TOSEM//MiniApp-review//flow-baseline//finalDataset//998 Excavator//__APP__/app.js"}},{"this":{"name":"checklogin","file":"D://WORK//2022//论文相关//TOSEM//MiniApp-review//flow-baseline//finalDataset//998 Excavator//__APP__/pages/index/index.js"},"that":{"name":"checklogin","file":"D://WORK//2022//论文相关//TOSEM//MiniApp-review//flow-baseline//finalDataset//998 Excavator//__APP__/app.js"}},{"this":{"name":"getcsid","file":"D://WORK//2022//论文相关//TOSEM//MiniApp-review//flow-baseline//finalDataset//998 Excavator//__APP__/pages/index/index.js"},"that":{"name":"getcsid","file":"D://WORK//2022//论文相关//TOSEM//MiniApp-review//flow-baseline//finalDataset//998 Excavator//__APP__/app.js"}},{"this":{"name":"__object__getApp","file":"D://WORK//2022//论文相关//TOSEM//MiniApp-review//flow-baseline//finalDataset//998 Excavator//__APP__/pages/integral/integral.js"},"that":{"name":"__object__1","file":"D://WORK//2022//论文相关//TOSEM//MiniApp-review//flow-baseline//finalDataset//998 Excavator//__APP__/app.js"}},{"this":{"name":"checklogin","file":"D://WORK//2022//论文相关//TOSEM//MiniApp-review//flow-baseline//finalDataset//998 Excavator//__APP__/pages/integral/integral.js"},"that":{"name":"checklogin","file":"D://WORK//2022//论文相关//TOSEM//MiniApp-review//flow-baseline//finalDataset//998 Excavator//__APP__/app.js"}},{"this":{"name":"globalData","file":"D://WORK//2022//论文相关//TOSEM//MiniApp-review//flow-baseline//finalDataset//998 Excavator//__APP__/pages/integral/integral.js"},"that":{"name":"globalData","file":"D://WORK//2022//论文相关//TOSEM//MiniApp-review//flow-baseline//finalDataset//998 Excavator//__APP__/app.js"}},{"this":{"name":"userInfo","file":"D://WORK//2022//论文相关//TOSEM//MiniApp-review//flow-baseline//finalDataset//998 Excavator//__APP__/pages/integral/integral.js"},"that":{"name":"userInfo","file":"D://WORK//2022//论文相关//TOSEM//MiniApp-review//flow-baseline//finalDataset//998 Excavator//__APP__/app.js"}},{"this":{"name":"shared","file":"D://WORK//2022//论文相关//TOSEM//MiniApp-review//flow-baseline//finalDataset//998 Excavator//__APP__/pages/integral/integral.js"},"that":{"name":"shared","file":"D://WORK//2022//论文相关//TOSEM//MiniApp-review//flow-baseline//finalDataset//998 Excavator//__APP__/app.js"}},{"this":{"name":"show_erro","file":"D://WORK//2022//论文相关//TOSEM//MiniApp-review//flow-baseline//finalDataset//998 Excavator//__APP__/pages/integral/integral.js"},"that":{"name":"show_erro","file":"D://WORK//2022//论文相关//TOSEM//MiniApp-review//flow-baseline//finalDataset//998 Excavator//__APP__/app.js"}},{"this":{"name":"getcsid","file":"D://WORK//2022//论文相关//TOSEM//MiniApp-review//flow-baseline//finalDataset//998 Excavator//__APP__/pages/integral/integral.js"},"that":{"name":"getcsid","file":"D://WORK//2022//论文相关//TOSEM//MiniApp-review//flow-baseline//finalDataset//998 Excavator//__APP__/app.js"}},{"this":{"name":"__object__getApp","file":"D://WORK//2022//论文相关//TOSEM//MiniApp-review//flow-baseline//finalDataset//998 Excavator//__APP__/pages/kanjia/kanjia.js"},"that":{"name":"__object__1","file":"D://WORK//2022//论文相关//TOSEM//MiniApp-review//flow-baseline//finalDataset//998 Excavator//__APP__/app.js"}},{"this":{"name":"auth","file":"D://WORK//2022//论文相关//TOSEM//MiniApp-review//flow-baseline//finalDataset//998 Excavator//__APP__/pages/kanjia/kanjia.js"},"that":{"name":"auth","file":"D://WORK//2022//论文相关//TOSEM//MiniApp-review//flow-baseline//finalDataset//998 Excavator//__APP__/app.js"}},{"this":{"name":"globalData","file":"D://WORK//2022//论文相关//TOSEM//MiniApp-review//flow-baseline//finalDataset//998 Excavator//__APP__/pages/kanjia/kanjia.js"},"that":{"name":"globalData","file":"D://WORK//2022//论文相关//TOSEM//MiniApp-review//flow-baseline//finalDataset//998 Excavator//__APP__/app.js"}},{"this":{"name":"userInfo","file":"D://WORK//2022//论文相关//TOSEM//MiniApp-review//flow-baseline//finalDataset//998 Excavator//__APP__/pages/kanjia/kanjia.js"},"that":{"name":"userInfo","file":"D://WORK//2022//论文相关//TOSEM//MiniApp-review//flow-baseline//finalDataset//998 Excavator//__APP__/app.js"}},{"this":{"name":"checklogin","file":"D://WORK//2022//论文相关//TOSEM//MiniApp-review//flow-baseline//finalDataset//998 Excavator//__APP__/pages/kanjia/kanjia.js"},"that":{"name":"checklogin","file":"D://WORK//2022//论文相关//TOSEM//MiniApp-review//flow-baseline//finalDataset//998 Excavator//__APP__/app.js"}},{"this":{"name":"show_erro","file":"D://WORK//2022//论文相关//TOSEM//MiniApp-review//flow-baseline//finalDataset//998 Excavator//__APP__/pages/kanjia/kanjia.js"},"that":{"name":"show_erro","file":"D://WORK//2022//论文相关//TOSEM//MiniApp-review//flow-baseline//finalDataset//998 Excavator//__APP__/app.js"}},{"this":{"name":"__object__getApp","file":"D://WORK//2022//论文相关//TOSEM//MiniApp-review//flow-baseline//finalDataset//998 Excavator//__APP__/pages/login/login.js"},"that":{"name":"__object__1","file":"D://WORK//2022//论文相关//TOSEM//MiniApp-review//flow-baseline//finalDataset//998 Excavator//__APP__/app.js"}},{"this":{"name":"auth","file":"D://WORK//2022//论文相关//TOSEM//MiniApp-review//flow-baseline//finalDataset//998 Excavator//__APP__/pages/login/login.js"},"that":{"name":"auth","file":"D://WORK//2022//论文相关//TOSEM//MiniApp-review//flow-baseline//finalDataset//998 Excavator//__APP__/app.js"}},{"this":{"name":"globalData","file":"D://WORK//2022//论文相关//TOSEM//MiniApp-review//flow-baseline//finalDataset//998 Excavator//__APP__/pages/login/login.js"},"that":{"name":"globalData","file":"D://WORK//2022//论文相关//TOSEM//MiniApp-review//flow-baseline//finalDataset//998 Excavator//__APP__/app.js"}},{"this":{"name":"userInfo","file":"D://WORK//2022//论文相关//TOSEM//MiniApp-review//flow-baseline//finalDataset//998 Excavator//__APP__/pages/login/login.js"},"that":{"name":"userInfo","file":"D://WORK//2022//论文相关//TOSEM//MiniApp-review//flow-baseline//finalDataset//998 Excavator//__APP__/app.js"}},{"this":{"name":"show_erro","file":"D://WORK//2022//论文相关//TOSEM//MiniApp-review//flow-baseline//finalDataset//998 Excavator//__APP__/pages/login/login.js"},"that":{"name":"show_erro","file":"D://WORK//2022//论文相关//TOSEM//MiniApp-review//flow-baseline//finalDataset//998 Excavator//__APP__/app.js"}},{"this":{"name":"__object__getApp","file":"D://WORK//2022//论文相关//TOSEM//MiniApp-review//flow-baseline//finalDataset//998 Excavator//__APP__/pages/myissue/myissue.js"},"that":{"name":"__object__1","file":"D://WORK//2022//论文相关//TOSEM//MiniApp-review//flow-baseline//finalDataset//998 Excavator//__APP__/app.js"}},{"this":{"name":"globalData","file":"D://WORK//2022//论文相关//TOSEM//MiniApp-review//flow-baseline//finalDataset//998 Excavator//__APP__/pages/myissue/myissue.js"},"that":{"name":"globalData","file":"D://WORK//2022//论文相关//TOSEM//MiniApp-review//flow-baseline//finalDataset//998 Excavator//__APP__/app.js"}},{"this":{"name":"userInfo","file":"D://WORK//2022//论文相关//TOSEM//MiniApp-review//flow-baseline//finalDataset//998 Excavator//__APP__/pages/myissue/myissue.js"},"that":{"name":"userInfo","file":"D://WORK//2022//论文相关//TOSEM//MiniApp-review//flow-baseline//finalDataset//998 Excavator//__APP__/app.js"}},{"this":{"name":"auth","file":"D://WORK//2022//论文相关//TOSEM//MiniApp-review//flow-baseline//finalDataset//998 Excavator//__APP__/pages/myissue/myissue.js"},"that":{"name":"auth","file":"D://WORK//2022//论文相关//TOSEM//MiniApp-review//flow-baseline//finalDataset//998 Excavator//__APP__/app.js"}},{"this":{"name":"show_erro","file":"D://WORK//2022//论文相关//TOSEM//MiniApp-review//flow-baseline//finalDataset//998 Excavator//__APP__/pages/myissue/myissue.js"},"that":{"name":"show_erro","file":"D://WORK//2022//论文相关//TOSEM//MiniApp-review//flow-baseline//finalDataset//998 Excavator//__APP__/app.js"}},{"this":{"name":"__object__getApp","file":"D://WORK//2022//论文相关//TOSEM//MiniApp-review//flow-baseline//finalDataset//998 Excavator//__APP__/pages/phonenumber/phonenumber.js"},"that":{"name":"__object__1","file":"D://WORK//2022//论文相关//TOSEM//MiniApp-review//flow-baseline//finalDataset//998 Excavator//__APP__/app.js"}},{"this":{"name":"auth","file":"D://WORK//2022//论文相关//TOSEM//MiniApp-review//flow-baseline//finalDataset//998 Excavator//__APP__/pages/phonenumber/phonenumber.js"},"that":{"name":"auth","file":"D://WORK//2022//论文相关//TOSEM//MiniApp-review//flow-baseline//finalDataset//998 Excavator//__APP__/app.js"}},{"this":{"name":"globalData","file":"D://WORK//2022//论文相关//TOSEM//MiniApp-review//flow-baseline//finalDataset//998 Excavator//__APP__/pages/phonenumber/phonenumber.js"},"that":{"name":"globalData","file":"D://WORK//2022//论文相关//TOSEM//MiniApp-review//flow-baseline//finalDataset//998 Excavator//__APP__/app.js"}},{"this":{"name":"userInfo","file":"D://WORK//2022//论文相关//TOSEM//MiniApp-review//flow-baseline//finalDataset//998 Excavator//__APP__/pages/phonenumber/phonenumber.js"},"that":{"name":"userInfo","file":"D://WORK//2022//论文相关//TOSEM//MiniApp-review//flow-baseline//finalDataset//998 Excavator//__APP__/app.js"}},{"this":{"name":"show_erro","file":"D://WORK//2022//论文相关//TOSEM//MiniApp-review//flow-baseline//finalDataset//998 Excavator//__APP__/pages/phonenumber/phonenumber.js"},"that":{"name":"show_erro","file":"D://WORK//2022//论文相关//TOSEM//MiniApp-review//flow-baseline//finalDataset//998 Excavator//__APP__/app.js"}},{"this":{"name":"__object__getApp","file":"D://WORK//2022//论文相关//TOSEM//MiniApp-review//flow-baseline//finalDataset//998 Excavator//__APP__/pages/question/question.js"},"that":{"name":"__object__1","file":"D://WORK//2022//论文相关//TOSEM//MiniApp-review//flow-baseline//finalDataset//998 Excavator//__APP__/app.js"}},{"this":{"name":"globalData","file":"D://WORK//2022//论文相关//TOSEM//MiniApp-review//flow-baseline//finalDataset//998 Excavator//__APP__/pages/question/question.js"},"that":{"name":"globalData","file":"D://WORK//2022//论文相关//TOSEM//MiniApp-review//flow-baseline//finalDataset//998 Excavator//__APP__/app.js"}},{"this":{"name":"userInfo","file":"D://WORK//2022//论文相关//TOSEM//MiniApp-review//flow-baseline//finalDataset//998 Excavator//__APP__/pages/question/question.js"},"that":{"name":"userInfo","file":"D://WORK//2022//论文相关//TOSEM//MiniApp-review//flow-baseline//finalDataset//998 Excavator//__APP__/app.js"}},{"this":{"name":"__object__getApp","file":"D://WORK//2022//论文相关//TOSEM//MiniApp-review//flow-baseline//finalDataset//998 Excavator//__APP__/pages/recharge/recharge.js"},"that":{"name":"__object__1","file":"D://WORK//2022//论文相关//TOSEM//MiniApp-review//flow-baseline//finalDataset//998 Excavator//__APP__/app.js"}},{"this":{"name":"auth","file":"D://WORK//2022//论文相关//TOSEM//MiniApp-review//flow-baseline//finalDataset//998 Excavator//__APP__/pages/recharge/recharge.js"},"that":{"name":"auth","file":"D://WORK//2022//论文相关//TOSEM//MiniApp-review//flow-baseline//finalDataset//998 Excavator//__APP__/app.js"}},{"this":{"name":"globalData","file":"D://WORK//2022//论文相关//TOSEM//MiniApp-review//flow-baseline//finalDataset//998 Excavator//__APP__/pages/recharge/recharge.js"},"that":{"name":"globalData","file":"D://WORK//2022//论文相关//TOSEM//MiniApp-review//flow-baseline//finalDataset//998 Excavator//__APP__/app.js"}},{"this":{"name":"userInfo","file":"D://WORK//2022//论文相关//TOSEM//MiniApp-review//flow-baseline//finalDataset//998 Excavator//__APP__/pages/recharge/recharge.js"},"that":{"name":"userInfo","file":"D://WORK//2022//论文相关//TOSEM//MiniApp-review//flow-baseline//finalDataset//998 Excavator//__APP__/app.js"}},{"this":{"name":"show_erro","file":"D://WORK//2022//论文相关//TOSEM//MiniApp-review//flow-baseline//finalDataset//998 Excavator//__APP__/pages/recharge/recharge.js"},"that":{"name":"show_erro","file":"D://WORK//2022//论文相关//TOSEM//MiniApp-review//flow-baseline//finalDataset//998 Excavator//__APP__/app.js"}},{"this":{"name":"__object__getApp","file":"D://WORK//2022//论文相关//TOSEM//MiniApp-review//flow-baseline//finalDataset//998 Excavator//__APP__/pages/report/report.js"},"that":{"name":"__object__1","file":"D://WORK//2022//论文相关//TOSEM//MiniApp-review//flow-baseline//finalDataset//998 Excavator//__APP__/app.js"}},{"this":{"name":"show_erro","file":"D://WORK//2022//论文相关//TOSEM//MiniApp-review//flow-baseline//finalDataset//998 Excavator//__APP__/pages/report/report.js"},"that":{"name":"show_erro","file":"D://WORK//2022//论文相关//TOSEM//MiniApp-review//flow-baseline//finalDataset//998 Excavator//__APP__/app.js"}},{"this":{"name":"globalData","file":"D://WORK//2022//论文相关//TOSEM//MiniApp-review//flow-baseline//finalDataset//998 Excavator//__APP__/pages/report/report.js"},"that":{"name":"globalData","file":"D://WORK//2022//论文相关//TOSEM//MiniApp-review//flow-baseline//finalDataset//998 Excavator//__APP__/app.js"}},{"this":{"name":"userInfo","file":"D://WORK//2022//论文相关//TOSEM//MiniApp-review//flow-baseline//finalDataset//998 Excavator//__APP__/pages/report/report.js"},"that":{"name":"userInfo","file":"D://WORK//2022//论文相关//TOSEM//MiniApp-review//flow-baseline//finalDataset//998 Excavator//__APP__/app.js"}},{"this":{"name":"__object__getApp","file":"D://WORK//2022//论文相关//TOSEM//MiniApp-review//flow-baseline//finalDataset//998 Excavator//__APP__/pages/shops/shops.js"},"that":{"name":"__object__1","file":"D://WORK//2022//论文相关//TOSEM//MiniApp-review//flow-baseline//finalDataset//998 Excavator//__APP__/app.js"}},{"this":{"name":"globalData","file":"D://WORK//2022//论文相关//TOSEM//MiniApp-review//flow-baseline//finalDataset//998 Excavator//__APP__/pages/shops/shops.js"},"that":{"name":"globalData","file":"D://WORK//2022//论文相关//TOSEM//MiniApp-review//flow-baseline//finalDataset//998 Excavator//__APP__/app.js"}},{"this":{"name":"userInfo","file":"D://WORK//2022//论文相关//TOSEM//MiniApp-review//flow-baseline//finalDataset//998 Excavator//__APP__/pages/shops/shops.js"},"that":{"name":"userInfo","file":"D://WORK//2022//论文相关//TOSEM//MiniApp-review//flow-baseline//finalDataset//998 Excavator//__APP__/app.js"}},{"this":{"name":"show_erro","file":"D://WORK//2022//论文相关//TOSEM//MiniApp-review//flow-baseline//finalDataset//998 Excavator//__APP__/pages/shops/shops.js"},"that":{"name":"show_erro","file":"D://WORK//2022//论文相关//TOSEM//MiniApp-review//flow-baseline//finalDataset//998 Excavator//__APP__/app.js"}},{"this":{"name":"__object__getApp","file":"D://WORK//2022//论文相关//TOSEM//MiniApp-review//flow-baseline//finalDataset//998 Excavator//__APP__/pages/success/success.js"},"that":{"name":"__object__1","file":"D://WORK//2022//论文相关//TOSEM//MiniApp-review//flow-baseline//finalDataset//998 Excavator//__APP__/app.js"}},{"this":{"name":"globalData","file":"D://WORK//2022//论文相关//TOSEM//MiniApp-review//flow-baseline//finalDataset//998 Excavator//__APP__/pages/success/success.js"},"that":{"name":"globalData","file":"D://WORK//2022//论文相关//TOSEM//MiniApp-review//flow-baseline//finalDataset//998 Excavator//__APP__/app.js"}},{"this":{"name":"userInfo","file":"D://WORK//2022//论文相关//TOSEM//MiniApp-review//flow-baseline//finalDataset//998 Excavator//__APP__/pages/success/success.js"},"that":{"name":"userInfo","file":"D://WORK//2022//论文相关//TOSEM//MiniApp-review//flow-baseline//finalDataset//998 Excavator//__APP__/app.js"}},{"this":{"name":"getcsid","file":"D://WORK//2022//论文相关//TOSEM//MiniApp-review//flow-baseline//finalDataset//998 Excavator//__APP__/pages/success/success.js"},"that":{"name":"getcsid","file":"D://WORK//2022//论文相关//TOSEM//MiniApp-review//flow-baseline//finalDataset//998 Excavator//__APP__/app.js"}},{"this":{"name":"__object__getApp","file":"D://WORK//2022//论文相关//TOSEM//MiniApp-review//flow-baseline//finalDataset//998 Excavator//__APP__/pages/turntable/turntable.js"},"that":{"name":"__object__1","file":"D://WORK//2022//论文相关//TOSEM//MiniApp-review//flow-baseline//finalDataset//998 Excavator//__APP__/app.js"}},{"this":{"name":"globalData","file":"D://WORK//2022//论文相关//TOSEM//MiniApp-review//flow-baseline//finalDataset//998 Excavator//__APP__/pages/turntable/turntable.js"},"that":{"name":"globalData","file":"D://WORK//2022//论文相关//TOSEM//MiniApp-review//flow-baseline//finalDataset//998 Excavator//__APP__/app.js"}},{"this":{"name":"userInfo","file":"D://WORK//2022//论文相关//TOSEM//MiniApp-review//flow-baseline//finalDataset//998 Excavator//__APP__/pages/turntable/turntable.js"},"that":{"name":"userInfo","file":"D://WORK//2022//论文相关//TOSEM//MiniApp-review//flow-baseline//finalDataset//998 Excavator//__APP__/app.js"}},{"this":{"name":"auth","file":"D://WORK//2022//论文相关//TOSEM//MiniApp-review//flow-baseline//finalDataset//998 Excavator//__APP__/pages/turntable/turntable.js"},"that":{"name":"auth","file":"D://WORK//2022//论文相关//TOSEM//MiniApp-review//flow-baseline//finalDataset//998 Excavator//__APP__/app.js"}},{"this":{"name":"show_erro","file":"D://WORK//2022//论文相关//TOSEM//MiniApp-review//flow-baseline//finalDataset//998 Excavator//__APP__/pages/turntable/turntable.js"},"that":{"name":"show_erro","file":"D://WORK//2022//论文相关//TOSEM//MiniApp-review//flow-baseline//finalDataset//998 Excavator//__APP__/app.js"}},{"this":{"name":"getcsid","file":"D://WORK//2022//论文相关//TOSEM//MiniApp-review//flow-baseline//finalDataset//998 Excavator//__APP__/pages/turntable/turntable.js"},"that":{"name":"getcsid","file":"D://WORK//2022//论文相关//TOSEM//MiniApp-review//flow-baseline//finalDataset//998 Excavator//__APP__/app.js"}},{"this":{"name":"__object__getApp","file":"D://WORK//2022//论文相关//TOSEM//MiniApp-review//flow-baseline//finalDataset//998 Excavator//__APP__/pages/upgrade/index.js"},"that":{"name":"__object__1","file":"D://WORK//2022//论文相关//TOSEM//MiniApp-review//flow-baseline//finalDataset//998 Excavator//__APP__/app.js"}},{"this":{"name":"auth","file":"D://WORK//2022//论文相关//TOSEM//MiniApp-review//flow-baseline//finalDataset//998 Excavator//__APP__/pages/upgrade/index.js"},"that":{"name":"auth","file":"D://WORK//2022//论文相关//TOSEM//MiniApp-review//flow-baseline//finalDataset//998 Excavator//__APP__/app.js"}},{"this":{"name":"globalData","file":"D://WORK//2022//论文相关//TOSEM//MiniApp-review//flow-baseline//finalDataset//998 Excavator//__APP__/pages/upgrade/index.js"},"that":{"name":"globalData","file":"D://WORK//2022//论文相关//TOSEM//MiniApp-review//flow-baseline//finalDataset//998 Excavator//__APP__/app.js"}},{"this":{"name":"userInfo","file":"D://WORK//2022//论文相关//TOSEM//MiniApp-review//flow-baseline//finalDataset//998 Excavator//__APP__/pages/upgrade/index.js"},"that":{"name":"userInfo","file":"D://WORK//2022//论文相关//TOSEM//MiniApp-review//flow-baseline//finalDataset//998 Excavator//__APP__/app.js"}},{"this":{"name":"show_erro","file":"D://WORK//2022//论文相关//TOSEM//MiniApp-review//flow-baseline//finalDataset//998 Excavator//__APP__/pages/upgrade/index.js"},"that":{"name":"show_erro","file":"D://WORK//2022//论文相关//TOSEM//MiniApp-review//flow-baseline//finalDataset//998 Excavator//__APP__/app.js"}},{"this":{"name":"__object__getApp","file":"D://WORK//2022//论文相关//TOSEM//MiniApp-review//flow-baseline//finalDataset//998 Excavator//__APP__/pages/userinfo/index.js"},"that":{"name":"__object__1","file":"D://WORK//2022//论文相关//TOSEM//MiniApp-review//flow-baseline//finalDataset//998 Excavator//__APP__/app.js"}},{"this":{"name":"checklogin","file":"D://WORK//2022//论文相关//TOSEM//MiniApp-review//flow-baseline//finalDataset//998 Excavator//__APP__/pages/userinfo/index.js"},"that":{"name":"checklogin","file":"D://WORK//2022//论文相关//TOSEM//MiniApp-review//flow-baseline//finalDataset//998 Excavator//__APP__/app.js"}},{"this":{"name":"globalData","file":"D://WORK//2022//论文相关//TOSEM//MiniApp-review//flow-baseline//finalDataset//998 Excavator//__APP__/pages/userinfo/index.js"},"that":{"name":"globalData","file":"D://WORK//2022//论文相关//TOSEM//MiniApp-review//flow-baseline//finalDataset//998 Excavator//__APP__/app.js"}},{"this":{"name":"userInfo","file":"D://WORK//2022//论文相关//TOSEM//MiniApp-review//flow-baseline//finalDataset//998 Excavator//__APP__/pages/userinfo/index.js"},"that":{"name":"userInfo","file":"D://WORK//2022//论文相关//TOSEM//MiniApp-review//flow-baseline//finalDataset//998 Excavator//__APP__/app.js"}},{"this":{"name":"refer","file":"D://WORK//2022//论文相关//TOSEM//MiniApp-review//flow-baseline//finalDataset//998 Excavator//__APP__/pages/userinfo/index.js"},"that":{"name":"refer","file":"D://WORK//2022//论文相关//TOSEM//MiniApp-review//flow-baseline//finalDataset//998 Excavator//__APP__/app.js"}},{"this":{"name":"transmit_title","file":"D://WORK//2022//论文相关//TOSEM//MiniApp-review//flow-baseline//finalDataset//998 Excavator//__APP__/pages/userinfo/index.js"},"that":{"name":"transmit_title","file":"D://WORK//2022//论文相关//TOSEM//MiniApp-review//flow-baseline//finalDataset//998 Excavator//__APP__/app.js"}},{"this":{"name":"transmit_image","file":"D://WORK//2022//论文相关//TOSEM//MiniApp-review//flow-baseline//finalDataset//998 Excavator//__APP__/pages/userinfo/index.js"},"that":{"name":"transmit_image","file":"D://WORK//2022//论文相关//TOSEM//MiniApp-review//flow-baseline//finalDataset//998 Excavator//__APP__/app.js"}},{"this":{"name":"show_erro","file":"D://WORK//2022//论文相关//TOSEM//MiniApp-review//flow-baseline//finalDataset//998 Excavator//__APP__/pages/userinfo/index.js"},"that":{"name":"show_erro","file":"D://WORK//2022//论文相关//TOSEM//MiniApp-review//flow-baseline//finalDataset//998 Excavator//__APP__/app.js"}},{"this":{"name":"getcsid","file":"D://WORK//2022//论文相关//TOSEM//MiniApp-review//flow-baseline//finalDataset//998 Excavator//__APP__/pages/userinfo/index.js"},"that":{"name":"getcsid","file":"D://WORK//2022//论文相关//TOSEM//MiniApp-review//flow-baseline//finalDataset//998 Excavator//__APP__/app.js"}},{"this":{"name":"auth","file":"D://WORK//2022//论文相关//TOSEM//MiniApp-review//flow-baseline//finalDataset//998 Excavator//__APP__/pages/userinfo/index.js"},"that":{"name":"auth","file":"D://WORK//2022//论文相关//TOSEM//MiniApp-review//flow-baseline//finalDataset//998 Excavator//__APP__/app.js"}}]