{"source":{"wx.checkSession":{"count":2},"wx.login":{"count":1},"wx.request":{"count":123},"wx.chooseImage":{"count":7},"wx.getStorageSync":{"count":6},"wx.openSetting":{"count":2},"wx.getSystemInfo":{"count":4},"wx.getSetting":{"count":1},"wx.getLocation":{"count":5},"wx.chooseLocation":{"count":3},"wx.downloadFile":{"count":2},"wx.getStorage":{"count":1},"wx.getSystemInfoSync":{"count":1}},"sink":{"wx.showModal":38,"wx.request":123,"console.log":48,"wx.clearStorage":1,"wx.clearStorageSync":1,"wx.showToast":10,"wx.makePhoneCall":11,"wx.showActionSheet":1,"wx.showLoading":32,"wx.uploadFile":7,"wx.setStorageSync":8,"wx.requestPayment":6,"wx.navigateToMiniProgram":14,"wx.setStorage":2,"wx.openLocation":1,"wx.saveImageToPhotosAlbum":1}}