{"fromUI":[{"file":"/pages/account/index.wxml","infoType":[{"api":"PageInstance.openchat","text":["openchat","none","contact"]},{"api":"PageInstance.openchat","text":["true","实时动态","openchat"]},{"api":"PageInstance.setting","text":["true","setting"]},{"api":"PageInstance.updateinfo","loc":{"line":22,"column":25},"text":["updateinfo","getUserInfo"]}]},{"file":"/pages/accountpoint/index.wxml","infoType":[]},{"file":"/pages/activity/activity.wxml","infoType":[]},{"file":"/pages/answer/index.wxml","infoType":[{"api":"PageInstance.register","loc":{"line":215,"column":23},"text":["register","getUserInfo"]},{"api":"PageInstance.formSubmit","loc":{"line":63,"column":25},"text":["gonext","submit","btnLpk","share","继续闯关","发起挑战","formSubmit"]},{"api":"PageInstance.restart","text":["再来一局","restart"]},{"api":"PageInstance.gotop","text":["排行榜","gotop"]},{"api":"PageInstance.gonext","text":["继续闯关","gonext"]}]},{"file":"/pages/answer/start.wxml","infoType":[{"api":"PageInstance.register","loc":{"line":37,"column":23},"text":["register","startgame","{{!userInfo.avatars?'getUserInfo':''}}","paihang","tiaozhan","{{!userInfo.avatars?'getUserInfo':'share'}}"]},{"api":"PageInstance.startgame","loc":{"line":60,"column":24},"text":["register","startgame","{{!userInfo.avatars?'getUserInfo':''}}","paihang","tiaozhan","{{!userInfo.avatars?'getUserInfo':'share'}}"]},{"api":"PageInstance.register","loc":{"line":37,"column":23},"text":["register","startgame","{{!userInfo.avatars?'getUserInfo':''}}","paihang","tiaozhan","{{!userInfo.avatars?'getUserInfo':'share'}}"]},{"api":"PageInstance.paihang","loc":{"line":65,"column":22},"text":["register","startgame","{{!userInfo.avatars?'getUserInfo':''}}","paihang","tiaozhan","{{!userInfo.avatars?'getUserInfo':'share'}}"]},{"api":"PageInstance.register","loc":{"line":37,"column":23},"text":["register","tiaozhan"]},{"api":"PageInstance.tiaozhan","loc":{"line":70,"column":23},"text":["register","tiaozhan"]}]},{"file":"/pages/answertop/index.wxml","infoType":[{"api":"PageInstance.redo","text":["继续闯关","redo"]}]},{"file":"/pages/auth/info.wxml","infoType":[{"api":"PageInstance.auth","text":["立即授权","auth"]}]},{"file":"/pages/catalog/index.wxml","infoType":[]},{"file":"/pages/colles/colles.wxml","infoType":[{"api":"PageInstance.onCancel","text":["升级会员","onCancel"]},{"api":"PageInstance.onConfirm","text":["积分充值","onConfirm"]}]},{"file":"/pages/correlation/correlation.wxml","infoType":[]},{"file":"/pages/dealt/dealt.wxml","infoType":[]},{"file":"/pages/deviceadd/index.wxml","infoType":[{"api":"PageInstance.formSubmit","loc":{"line":437,"column":25},"text":["showmore","{{options_array}}","options","{{textshow}}","{{userinfo.cert==''}}","{{!userinfo.contact_name}}","{{!userinfo.mobile}}","{{userinfo.contact_name}}","{{userinfo.mobile}}","{{showmore_txt}}","{{submit?true:false}}","submit","{{submit}}","发布设备","changecattalog","true","catname","请选择分类","{{ck_cattalog}}","change_options","{{item.oid}}","op[{{item.oid}}]","{{item.placeholder}}","{{item.value_array.length}}","change_options_input","","{{item.ck_options}}","changeyear","ccyear","请选择年份","{{ck_ccyear}}","removeckprice","{{pricefocus}}","price","转让价","{{ck_price}}","contact_name","联系人姓名","{{ck_contact_name}}","ownerphone","{{ck_ownerphone}}","getPhoneNumber","/pages/phonenumber/phonenumber","openmap","address","{{ck_address}}","设备类型:","{{item.fieldname}}:","出厂年份:","转让价格:","联系人:","手机号:","点击输入","联系电话:","设备地址:","removeckintroduce","introduce","工作状况...","uploaderFiles","{{deviceimage_cnt<9}}","设备介绍:","{{ck_introduce}}"," 40个字以内","设备图片:","{{ck_image}}"," 3-9张","delimage","{{index}}","{{image}}","item","uploadimg","{{cert_label}}","{{ck_image_cert}}","(必须清晰无遮盖,不对外公开)","uploadcert","{{!image_cert}}","添加图片","(验证资料)","{{image_cert}}","formSubmit"]},{"api":"PageInstance.changecattalog","text":["changecattalog","true","catname","请选择分类"]},{"api":"PageInstance.change_options","loc":{"line":108,"column":29},"text":["change_options","true","{{item.oid}}","op[{{item.oid}}]","{{item.placeholder}}","{{item.value_array.length}}","change_options_input",""]},{"api":"PageInstance.change_options_input","loc":{"line":203,"column":35},"text":["change_options_input"]},{"api":"PageInstance.changeyear","text":["changeyear"]},{"api":"PageInstance.removeckprice","text":["removeckprice"]},{"api":"PageInstance.getPhoneNumber","loc":{"line":291,"column":29},"text":["点击输入","getPhoneNumber"]},{"api":"PageInstance.openmap","loc":{"line":410,"column":22},"text":["openmap"]},{"api":"PageInstance.removeckintroduce","text":["removeckintroduce"]}]},{"file":"/pages/deviceaddq/index.wxml","infoType":[{"api":"PageInstance.formSubmit","loc":{"line":230,"column":25},"text":["showmore","{{textshow}}","{{!userinfo.contact_name}}","{{!userinfo.mobile}}","{{userinfo.contact_name}}","{{userinfo.mobile}}","{{showmore_txt}}","{{notes?true:false}}","submit","{{submit}}","下一步","changecattalog","true","catname","请选择分类","{{ck_cattalog}}","changebrand","brand","请选择品牌","{{ck_brand}}","changeyear","ccyear","请选择年份","{{ck_ccyear}}","","hasval","model","请输入设备型号","{{pricefocus}}","{{ck_model}}","price","转让价格","{{ck_price}}","contact_name","联系人姓名","{{ck_contact_name}}","ownerphone","{{ck_ownerphone}}","getPhoneNumber","/pages/phonenumber/phonenumber","openmap","address","{{ck_address}}","设备类型","设备品牌","出厂年份","设备型号","联系人","手机号","点击输入","联系电话","设备地址","introduce","手续、分期、工作时长、工作状况等...","uploaderFiles","{{deviceimage_cnt<9}}","设备介绍","{{ck_introduce}}"," 80个字以内","设备图片","{{ck_image}}"," 3-9张","{{image}}","item","uploadimg","previewImage","{{index}}","delimage","添加图片","formSubmit"]},{"api":"PageInstance.changecattalog","text":["changecattalog","true","catname","请选择分类"]},{"api":"PageInstance.changebrand","text":["changebrand","true","brand","请选择品牌"]},{"api":"PageInstance.changeyear","text":["changeyear"]},{"api":"PageInstance.hasval","loc":{"line":99,"column":21},"text":["hasval"]},{"api":"PageInstance.hasval","loc":{"line":99,"column":21},"text":["hasval"]},{"api":"PageInstance.hasval","loc":{"line":99,"column":21},"text":["hasval"]},{"api":"PageInstance.getPhoneNumber","loc":{"line":331,"column":29},"text":["点击输入","getPhoneNumber"]},{"api":"PageInstance.openmap","loc":{"line":40,"column":22},"text":["openmap"]},{"api":"PageInstance.hasval","loc":{"line":99,"column":21},"text":["hasval"]}]},{"file":"/pages/deviceedit/index.wxml","infoType":[{"api":"PageInstance.formSubmit","loc":{"line":385,"column":25},"text":["showmore","{{options_array}}","optionsitem","{{textshow}}","{{showmore_txt}}","{{submit?true:false}}","submit","{{submit}}","更新设备","changecattalog","true","catname","请选择分类","{{ck_cattalog}}","change_options","{{item.oid}}","op[{{item.oid}}]","{{item.placeholder}}","{{item.value_array.length}}","change_options_input","","{{item.ck_options}}","changeyear","ccyear","请选择年份","{{ck_ccyear}}","{{pricefocus}}","price","转让价","{{ck_price}}","contact_name","联系人姓名","{{ck_contact_name}}","/pages/phonenumber/phonenumber","{{ck_ownerphone}}","openmap","address","{{ck_address}}","设备类型:","{{item.fieldname}}:","出厂年份:","转让价格:","联系人:","联系电话:","ownerphone","设备地址:","introduce","工作状况...","uploaderFiles","{{deviceimage_cnt<9}}","设备介绍:","{{ck_introduce}}"," 40个字以内","设备图片:","{{ck_image}}"," 3-9张","delimage","{{index}}","{{image}}","item","uploadimg","{{cert_label}}","{{ck_image_cert}}"," 审核资料(保密)","uploadcert","添加图片","formSubmit"]},{"api":"PageInstance.changecattalog","text":["changecattalog","true","catname","请选择分类"]},{"api":"PageInstance.change_options","loc":{"line":92,"column":29},"text":["change_options","true","{{item.oid}}","op[{{item.oid}}]","{{item.placeholder}}","{{item.value_array.length}}","change_options_input",""]},{"api":"PageInstance.change_options_input","loc":{"line":172,"column":35},"text":["change_options_input"]},{"api":"PageInstance.changeyear","text":["changeyear"]},{"api":"PageInstance.openmap","loc":{"line":369,"column":22},"text":["openmap"]}]},{"file":"/pages/equipment/equipment.wxml","infoType":[{"api":"PageInstance.addreviews","loc":{"line":415,"column":25},"text":["true","has_val","8","reviews","千头万绪，落笔汇成评论一句","submit","{{has_val?'发送':'取消'}}","addreviews"]},{"api":"PageInstance.formSubmit","loc":{"line":48,"column":25},"text":["submit","我想要出：","price","请输入您意向的价格","font-size:28rpx;","联系人：","user_name","请输入您的姓名","联系电话：","user_mobile","请输入您的联系电话","确认提交","formSubmit"]},{"api":"PageInstance.has_val","loc":{"line":443,"column":22},"text":["true","has_val","8","reviews","千头万绪，落笔汇成评论一句","submit","{{has_val?'发送':'取消'}}"]},{"api":"PageInstance.onCancel","text":["升级会员","onCancel"]},{"api":"PageInstance.onConfirm","text":["积分充值","onConfirm"]},{"api":"PageInstance.getPhoneNumber","loc":{"line":368,"column":29},"text":["确认","getPhoneNumber"]},{"api":"PageInstance.hidegetPhone","text":["取消","hidegetPhone"]}]},{"file":"/pages/followme/followme.wxml","infoType":[]},{"file":"/pages/followmewho/followmewho.wxml","infoType":[]},{"file":"/pages/index/index.wxml","infoType":[{"api":"PageInstance.addreviews","loc":{"line":183,"column":25},"text":["true","8","reviews","评论","submit","发送","addreviews"]},{"api":"PageInstance.form_id","loc":{"line":965,"column":22},"text":["{{item.itemid}}","submit","none","{{item.introduce}}","{{item.price}}","form_id"]},{"api":"PageInstance.openchat","text":["openchat","none","contact"]},{"api":"PageInstance.search","loc":{"line":874,"column":21},"text":["search"]}]},{"file":"/pages/integral/integral.wxml","infoType":[]},{"file":"/pages/kanjia/kanjia.wxml","infoType":[{"api":"PageInstance.onCancel","text":["升级会员","onCancel"]},{"api":"PageInstance.onConfirm","text":["积分充值","onConfirm"]}]},{"file":"/pages/login/login.wxml","infoType":[{"api":"PageInstance.formSubmit","loc":{"line":31,"column":25},"text":["register","submit","getUserInfo","{{ckname}}","{{ckmobile}}","contact_name","请输入姓名","mobile","请输入手机号码","getPhoneNumber","联系人","手机号","自动获取","formSubmit"]},{"api":"PageInstance.register","loc":{"line":35,"column":23},"text":["register","submit","getUserInfo","{{ckname}}","{{ckmobile}}","contact_name","请输入姓名","mobile","请输入手机号码","getPhoneNumber","联系人","手机号","自动获取"]},{"api":"PageInstance.getPhoneNumber","loc":{"line":11,"column":29},"text":["自动获取","getPhoneNumber"]}]},{"file":"/pages/myissue/myissue.wxml","infoType":[{"api":"PageInstance.toPage","text":["再发一台","toPage"]}]},{"file":"/pages/phonenumber/phonenumber.wxml","infoType":[{"api":"PageInstance.formReset","text":["{{showTopTips}}","navigateBack","{{from_url=='account'}}","错误提示","submit","-- 暂不绑定 --","getPhoneNumber","contact_name","请输入姓名","bindKeyInput","mobile","请输入手机号码","verification","短信验证码","getsms","联系人","手机号","验证码","{{getcodetxt}}","formReset","formSubmit"]},{"api":"PageInstance.formSubmit","loc":{"line":91,"column":25},"text":["{{showTopTips}}","navigateBack","{{from_url=='account'}}","错误提示","submit","-- 暂不绑定 --","getPhoneNumber","contact_name","请输入姓名","bindKeyInput","mobile","请输入手机号码","verification","短信验证码","getsms","联系人","手机号","验证码","{{getcodetxt}}","formReset","formSubmit"]},{"api":"PageInstance.getPhoneNumber","loc":{"line":122,"column":29},"text":["getPhoneNumber"]},{"api":"PageInstance.bindKeyInput","loc":{"line":88,"column":27},"text":["bindKeyInput"]}]},{"file":"/pages/privacy/index.wxml","infoType":[]},{"file":"/pages/question/question.wxml","infoType":[{"api":"PageInstance.openchat","text":["若还不能解决您的问题，可以直接联系客服。","openchat"]}]},{"file":"/pages/recharge/recharge.wxml","infoType":[{"api":"PageInstance.paynow","text":["微信支付","paynow"]}]},{"file":"/pages/report/report.wxml","infoType":[{"api":"PageInstance.bindFormSubmit","loc":{"line":21,"column":29},"text":["checkboxChange","举报","submit"," 提交 ","{{items}}","*this","title","举报说明(必填-至少10个字)","content","请输入您要举报的内容","bindFormSubmit"]},{"api":"PageInstance.checkboxChange","loc":{"line":18,"column":29},"text":["{{items}}","*this","title","举报说明(必填-至少10个字)","content","请输入您要举报的内容","checkboxChange"]}]},{"file":"/pages/shops/shops.wxml","infoType":[{"api":"PageInstance.formSubmit","loc":{"line":29,"column":25},"text":["submit","{{submit}}","确认并提交","hasval","name","user_name","{{ck_name}}","mobile","user_mobile","{{ck_mobile}}","收件人姓名","收件人电话","address","user_address","请输入收货详细地址","收件人地址","{{ck_address}}","formSubmit"]},{"api":"PageInstance.hasval","loc":{"line":63,"column":21},"text":["hasval","name","user_name"]},{"api":"PageInstance.hasval","loc":{"line":63,"column":21},"text":["hasval","mobile","user_mobile"]},{"api":"PageInstance.hasval","loc":{"line":63,"column":21},"text":["hasval"]}]},{"file":"/pages/success/success.wxml","infoType":[{"api":"PageInstance.save_Image","text":["保存图片，分享到朋友圈","save_Image"]},{"api":"PageInstance.gome","text":["查看我的设备","gome"]},{"api":"PageInstance.saveCanvas","text":["分享到朋友圈","saveCanvas"]},{"api":"PageInstance.hide_shareBox","text":["取消","hide_shareBox"]}]},{"file":"/pages/talents/talents.wxml","infoType":[]},{"file":"/pages/turntable/turntable.wxml","infoType":[{"api":"PageInstance.gostart","text":["继续闯关","gostart"]},{"api":"PageInstance.getPhoneNumber","loc":{"line":84,"column":29},"text":["绑定手机号码","getPhoneNumber"]}]},{"file":"/pages/upgrade/index.wxml","infoType":[{"api":"PageInstance.checkboxChange","loc":{"line":34,"column":29},"text":["{{group_level[active_level].month>0}}","accept","我已阅读并同意相关服务条款","checkboxChange"]},{"api":"PageInstance.paynow","text":["微信支付","paynow"]}]},{"file":"/pages/userinfo/index.wxml","infoType":[{"api":"PageInstance.onCancel","text":["升级会员","onCancel"]},{"api":"PageInstance.onConfirm","text":["积分充值","onConfirm"]}]}],"fromAPI":{"wx.checkSession":{"ill":"登录态","ocr":[{"id":63,"file":"/app.js","loc":{"line":20,"column":8}},{"id":126,"file":"/app.js","loc":{"line":29,"column":42}}]},"wx.login":{"ill":"登录凭证","ocr":[{"id":368,"file":"/app.js","loc":{"line":64,"column":12}}]},"wx.request":{"ill":"请求数据","ocr":[{"id":387,"file":"/app.js","loc":{"line":67,"column":24},"targetUrls":["https://api.998jx.com/micro/account/login"]},{"id":781,"file":"/app.js","loc":{"line":130,"column":8},"targetUrls":["https://api.998jx.com/micro/trade/call_out"]},{"id":1257,"file":"/pages/account/index.js","loc":{"line":30,"column":12},"targetUrls":["https://api.998jx.com/micro/account/update"]},{"id":1329,"file":"/pages/account/index.js","loc":{"line":47,"column":8}},{"id":1524,"file":"/pages/account/index.js","loc":{"line":95,"column":8},"targetUrls":["https://api.998jx.com/micro/account/savebg"]},{"id":1723,"file":"/pages/account/index.js","loc":{"line":130,"column":29},"targetUrls":["https://api.998jx.com/micro/account/reject"]},{"id":1836,"file":"/pages/account/index.js","loc":{"line":157,"column":20},"targetUrls":["https://api.998jx.com/micro/device/changestatus"]},{"id":1928,"file":"/pages/account/index.js","loc":{"line":179,"column":12},"targetUrls":["https://api.998jx.com/micro/device/refresh"]},{"id":2061,"file":"/pages/account/index.js","loc":{"line":208,"column":12},"targetUrls":["https://api.998jx.com/micro/account/index"]},{"id":2342,"file":"/pages/account/index.js","loc":{"line":258,"column":8},"targetUrls":["https://api.998jx.com/micro/account/buildercode"]},{"id":2739,"file":"/pages/account/index.js","loc":{"line":340,"column":12},"targetUrls":["https://api.998jx.com/micro/account/user_register"]},{"id":2993,"file":"/pages/accountpoint/index.js","loc":{"line":36,"column":29},"targetUrls":["https://api.998jx.com/micro/trade/order"]},{"id":3091,"file":"/pages/accountpoint/index.js","loc":{"line":58,"column":12},"targetUrls":["https://api.998jx.com/micro/account/point_details"]},{"id":3161,"file":"/pages/accountpoint/index.js","loc":{"line":78,"column":8},"targetUrls":["https://api.998jx.com/micro/product"]},{"id":3856,"file":"/pages/activity/activity.js","loc":{"line":60,"column":8},"targetUrls":["https://api.998jx.com/micro/account/mysharein"]},{"id":3910,"file":"/pages/activity/activity.js","loc":{"line":78,"column":8},"targetUrls":["https://api.998jx.com/micro/account/mysharein_last"]},{"id":4169,"file":"/pages/answer/index.js","loc":{"line":32,"column":12},"targetUrls":["https://api.998jx.com/micro/answer/last_level"]},{"id":4360,"file":"/pages/answer/index.js","loc":{"line":65,"column":8}},{"id":4422,"file":"/pages/answer/index.js","loc":{"line":80,"column":36},"targetUrls":["https://api.998jx.com/micro/answer/question"]},{"id":4834,"file":"/pages/answer/index.js","loc":{"line":131,"column":39},"targetUrls":["https://api.998jx.com/micro/answer/restart"]},{"id":5010,"file":"/pages/answer/index.js","loc":{"line":159,"column":79}},{"id":5189,"file":"/pages/answer/index.js","loc":{"line":186,"column":60},"targetUrls":["https://api.998jx.com/micro/answer/save"]},{"id":5333,"file":"/pages/answer/index.js","loc":{"line":222,"column":12},"targetUrls":["https://api.998jx.com/micro/account/user_register"]},{"id":5421,"file":"/pages/answer/index.js","loc":{"line":242,"column":12}},{"id":5528,"file":"/pages/answer/index.js","loc":{"line":265,"column":61},"targetUrls":["https://api.998jx.com/micro/answer/save_share"]},{"id":5773,"file":"/pages/answer/start.js","loc":{"line":14,"column":16},"targetUrls":["https://api.998jx.com/micro/answer/start"]},{"id":5880,"file":"/pages/answer/start.js","loc":{"line":44,"column":12},"targetUrls":["https://api.998jx.com/micro/account/user_register"]},{"id":6200,"file":"/pages/answertop/index.js","loc":{"line":23,"column":8},"targetUrls":["https://api.998jx.com/micro/account/gamecode"]},{"id":6421,"file":"/pages/answertop/index.js","loc":{"line":67,"column":12},"targetUrls":["https://api.998jx.com/micro/answer/ranking"]},{"id":6833,"file":"/pages/colles/colles.js","loc":{"line":25,"column":8},"targetUrls":["https://api.998jx.com/micro/device/cancel_favorite"]},{"id":6989,"file":"/pages/colles/colles.js","loc":{"line":54,"column":16},"targetUrls":["https://api.998jx.com/micro/device/favorite_list"]},{"id":7146,"file":"/pages/colles/colles.js","loc":{"line":83,"column":8},"targetUrls":["https://api.998jx.com/micro/trade/checkcall"]},{"id":7269,"file":"/pages/colles/colles.js","loc":{"line":105,"column":8},"targetUrls":["https://api.998jx.com/micro/payment/create_payment"]},{"id":7456,"file":"/pages/colles/colles.js","loc":{"line":141,"column":8},"targetUrls":["https://api.998jx.com/micro/trade/call_out"]},{"id":8504,"file":"/pages/dealt/dealt.js","loc":{"line":16,"column":8},"targetUrls":["https://api.998jx.com/micro/data/get_selled"]},{"id":8884,"file":"/pages/deviceadd/index.js","loc":{"line":51,"column":12},"targetUrls":["https://api.998jx.com/micro/device/add_newdevice"]},{"id":9585,"file":"/pages/deviceadd/index.js","loc":{"line":166,"column":12},"targetUrls":["https://api.998jx.com/micro/device/dynamic_options"]},{"id":9920,"file":"/pages/deviceadd/index.js","loc":{"line":215,"column":13},"targetUrls":["https://api.998jx.com/micro/data/get_option"]},{"id":10042,"file":"/pages/deviceadd/index.js","loc":{"line":237,"column":8},"targetUrls":["https://api.998jx.com/micro/account/buildercode"]},{"id":10207,"file":"/pages/deviceadd/index.js","loc":{"line":273,"column":35},"targetUrls":["https://api.998jx.com/micro/account/savexy"]},{"id":10317,"file":"/pages/deviceadd/index.js","loc":{"line":295,"column":12},"targetUrls":["https://api.998jx.com/micro/account/decode_phone"]},{"id":10429,"file":"/pages/deviceadd/index.js","loc":{"line":322,"column":8},"targetUrls":["https://api.998jx.com/micro/device/notify"]},{"id":11489,"file":"/pages/deviceadd/index.js","loc":{"line":482,"column":8},"targetUrls":["https://api.998jx.com/micro/device/add_newdevice"]},{"id":11880,"file":"/pages/deviceaddq/index.js","loc":{"line":58,"column":8},"targetUrls":["https://api.998jx.com/micro/account/buildercode"]},{"id":12210,"file":"/pages/deviceaddq/index.js","loc":{"line":117,"column":8},"targetUrls":["https://api.998jx.com/micro/device/dynamic_options"]},{"id":13160,"file":"/pages/deviceaddq/index.js","loc":{"line":254,"column":16},"targetUrls":["https://api.998jx.com/micro/device/add_device"]},{"id":13437,"file":"/pages/deviceaddq/index.js","loc":{"line":317,"column":8},"targetUrls":["https://api.998jx.com/micro/device/notify"]},{"id":13515,"file":"/pages/deviceaddq/index.js","loc":{"line":335,"column":12},"targetUrls":["https://api.998jx.com/micro/account/decode_phone"]},{"id":13638,"file":"/pages/deviceaddq/index.js","loc":{"line":364,"column":12},"targetUrls":["https://api.998jx.com/micro/device/add_device"]},{"id":13763,"file":"/pages/deviceaddq/index.js","loc":{"line":388,"column":35},"targetUrls":["https://api.998jx.com/micro/account/savexy"]},{"id":13990,"file":"/pages/deviceaddq/index.js","loc":{"line":435,"column":13},"targetUrls":["https://api.998jx.com/micro/data/get_option"]},{"id":14281,"file":"/pages/deviceedit/index.js","loc":{"line":38,"column":8},"targetUrls":["https://api.998jx.com/micro/device/edit_newdevice"]},{"id":14963,"file":"/pages/deviceedit/index.js","loc":{"line":137,"column":63},"targetUrls":["https://api.998jx.com/micro/device/dynamic_options"]},{"id":15265,"file":"/pages/deviceedit/index.js","loc":{"line":181,"column":13},"targetUrls":["https://api.998jx.com/micro/data/get_option"]},{"id":15383,"file":"/pages/deviceedit/index.js","loc":{"line":202,"column":8},"targetUrls":["https://api.998jx.com/micro/account/buildercode"]},{"id":15520,"file":"/pages/deviceedit/index.js","loc":{"line":232,"column":35},"targetUrls":["https://api.998jx.com/micro/account/savexy"]},{"id":15630,"file":"/pages/deviceedit/index.js","loc":{"line":254,"column":12},"targetUrls":["https://api.998jx.com/micro/account/decode_phone"]},{"id":15742,"file":"/pages/deviceedit/index.js","loc":{"line":281,"column":8},"targetUrls":["https://api.998jx.com/micro/device/notify"]},{"id":16714,"file":"/pages/deviceedit/index.js","loc":{"line":428,"column":8},"targetUrls":["https://api.998jx.com/micro/device/edit_newdevice"]},{"id":17041,"file":"/pages/equipment/equipment.js","loc":{"line":50,"column":76},"targetUrls":["https://api.998jx.com/micro/device/kanjia"]},{"id":17134,"file":"/pages/equipment/equipment.js","loc":{"line":75,"column":12},"targetUrls":["https://api.998jx.com/micro/account/index"]},{"id":17200,"file":"/pages/equipment/equipment.js","loc":{"line":94,"column":8},"targetUrls":["https://api.998jx.com/micro/data/info"]},{"id":17444,"file":"/pages/equipment/equipment.js","loc":{"line":143,"column":16},"targetUrls":["cancel_favorite"]},{"id":17726,"file":"/pages/equipment/equipment.js","loc":{"line":190,"column":12},"targetUrls":["https://api.998jx.com/micro/trade/call_out"]},{"id":17873,"file":"/pages/equipment/equipment.js","loc":{"line":216,"column":12},"targetUrls":["https://api.998jx.com/micro/payment/create_payment"]},{"id":18071,"file":"/pages/equipment/equipment.js","loc":{"line":255,"column":63},"targetUrls":["https://api.998jx.com/micro/trade/call_out"]},{"id":18313,"file":"/pages/equipment/equipment.js","loc":{"line":298,"column":8},"targetUrls":["https://api.998jx.com/micro/trade/call_out"]},{"id":18681,"file":"/pages/equipment/equipment.js","loc":{"line":374,"column":12},"targetUrls":["https://api.998jx.com/micro/account/decode_phone"]},{"id":18909,"file":"/pages/equipment/equipment.js","loc":{"line":423,"column":12},"targetUrls":["https://api.998jx.com/micro/device/add_review"]},{"id":19135,"file":"/pages/followme/followme.js","loc":{"line":18,"column":16},"targetUrls":["https://api.998jx.com/micro/account/attention_fromme"]},{"id":19351,"file":"/pages/followmewho/followmewho.js","loc":{"line":15,"column":16},"targetUrls":["https://api.998jx.com/micro/account/attention_tome"]},{"id":19932,"file":"/pages/index/index.js","loc":{"line":104,"column":27},"targetUrls":["https://api.998jx.com/micro/account/open"]},{"id":20302,"file":"/pages/index/index.js","loc":{"line":188,"column":12},"targetUrls":["https://api.998jx.com/micro/device/add_review"]},{"id":20759,"file":"/pages/index/index.js","loc":{"line":262,"column":8},"targetUrls":["https://api.998jx.com/micro/trade/checkcall"]},{"id":20905,"file":"/pages/index/index.js","loc":{"line":285,"column":8},"targetUrls":["https://api.998jx.com/micro/payment/create_payment"]},{"id":21059,"file":"/pages/index/index.js","loc":{"line":317,"column":12},"targetUrls":["https://api.998jx.com/micro/trade/call_out"]},{"id":21714,"file":"/pages/index/index.js","loc":{"line":429,"column":12},"targetUrls":["https://api.998jx.com/micro/device/dynamic_options"]},{"id":22526,"file":"/pages/index/index.js","loc":{"line":563,"column":20},"targetUrls":["https://api.998jx.com/micro/account/savexy"]},{"id":22649,"file":"/pages/index/index.js","loc":{"line":592,"column":8},"targetUrls":["https://api.998jx.com/micro/data/guestlist"]},{"id":22829,"file":"/pages/index/index.js","loc":{"line":642,"column":15},"targetUrls":["https://api.998jx.com/micro/data/get_option"]},{"id":22948,"file":"/pages/index/index.js","loc":{"line":668,"column":12},"targetUrls":["https://api.998jx.com/micro/data/get_sell"]},{"id":24109,"file":"/pages/index/index.js","loc":{"line":825,"column":12},"targetUrls":["cancel_favorite"]},{"id":24531,"file":"/pages/index/index.js","loc":{"line":896,"column":12},"targetUrls":["https://api.998jx.com/micro/account/decode_phone"]},{"id":24684,"file":"/pages/index/index.js","loc":{"line":937,"column":8},"targetUrls":["https://api.998jx.com/micro/data/get_selled"]},{"id":24840,"file":"/pages/index/index.js","loc":{"line":966,"column":8},"targetUrls":["https://api.998jx.com/micro/account/saveform"]},{"id":25524,"file":"/pages/integral/integral.js","loc":{"line":81,"column":8},"targetUrls":["https://api.998jx.com/micro/account/sharetop"]},{"id":25636,"file":"/pages/integral/integral.js","loc":{"line":104,"column":8},"targetUrls":["https://api.998jx.com/micro/account/sharetop_last"]},{"id":25867,"file":"/pages/integral/integral.js","loc":{"line":135,"column":8},"targetUrls":["https://api.998jx.com/micro/account/attention"]},{"id":26181,"file":"/pages/kanjia/kanjia.js","loc":{"line":34,"column":8},"targetUrls":["https://api.998jx.com/micro/account/myprice"]},{"id":26291,"file":"/pages/kanjia/kanjia.js","loc":{"line":59,"column":16},"targetUrls":["https://api.998jx.com/micro/trade/call_out"]},{"id":26609,"file":"/pages/login/login.js","loc":{"line":13,"column":50},"targetUrls":["https://api.998jx.com/micro/account/decode_phone"]},{"id":26855,"file":"/pages/login/login.js","loc":{"line":49,"column":12},"targetUrls":["https://api.998jx.com/micro/account/user_register"]},{"id":27071,"file":"/pages/myissue/myissue.js","loc":{"line":32,"column":20},"targetUrls":["https://api.998jx.com/micro/device/changestatus"]},{"id":27140,"file":"/pages/myissue/myissue.js","loc":{"line":51,"column":8}},{"id":27401,"file":"/pages/myissue/myissue.js","loc":{"line":108,"column":20},"targetUrls":["https://api.998jx.com/micro/device/delete_device"]},{"id":27590,"file":"/pages/myissue/myissue.js","loc":{"line":143,"column":29},"targetUrls":["https://api.998jx.com/micro/account/reject"]},{"id":27673,"file":"/pages/myissue/myissue.js","loc":{"line":166,"column":29},"targetUrls":["https://api.998jx.com/micro/device/refresh"]},{"id":27793,"file":"/pages/myissue/myissue.js","loc":{"line":195,"column":8},"targetUrls":["https://api.998jx.com/micro/account/mydevice"]},{"id":28097,"file":"/pages/phonenumber/phonenumber.js","loc":{"line":21,"column":16},"targetUrls":["https://zu.998jx.com/micro/account/getinfo"]},{"id":28320,"file":"/pages/phonenumber/phonenumber.js","loc":{"line":62,"column":12},"targetUrls":["https://api.998jx.com/micro/sms/send"]},{"id":28591,"file":"/pages/phonenumber/phonenumber.js","loc":{"line":101,"column":12},"targetUrls":["https://api.998jx.com/micro/account/bindmobile"]},{"id":28702,"file":"/pages/phonenumber/phonenumber.js","loc":{"line":126,"column":12},"targetUrls":["https://api.998jx.com/micro/account/decode_phone"]},{"id":28938,"file":"/pages/question/question.js","loc":{"line":36,"column":8}},{"id":29200,"file":"/pages/recharge/recharge.js","loc":{"line":46,"column":12},"targetUrls":["https://api.998jx.com/micro/payment/create_payment"]},{"id":29476,"file":"/pages/report/report.js","loc":{"line":23,"column":151},"targetUrls":["https://api.998jx.com/micro/account/complaint"]},{"id":29640,"file":"/pages/report/report.js","loc":{"line":50,"column":76},"targetUrls":["https://zu.998jx.com/micro/account/getinfo"]},{"id":29739,"file":"/pages/shops/shops.js","loc":{"line":12,"column":38},"targetUrls":["https://api.998jx.com/micro/trade/confirm_order"]},{"id":29878,"file":"/pages/shops/shops.js","loc":{"line":36,"column":8},"targetUrls":["https://api.998jx.com/micro/trade/confirm_order"]},{"id":30262,"file":"/pages/success/success.js","loc":{"line":44,"column":8},"targetUrls":["https://api.998jx.com/micro/data/tempimage"]},{"id":31101,"file":"/pages/turntable/turntable.js","loc":{"line":30,"column":12},"targetUrls":["https://api.998jx.com/micro/answer/jplist"]},{"id":31175,"file":"/pages/turntable/turntable.js","loc":{"line":52,"column":12},"targetUrls":["https://api.998jx.com/micro/answer/myjp"]},{"id":31295,"file":"/pages/turntable/turntable.js","loc":{"line":86,"column":50},"targetUrls":["https://api.998jx.com/micro/answer/bind_phone"]},{"id":31428,"file":"/pages/turntable/turntable.js","loc":{"line":106,"column":17},"targetUrls":["https://api.998jx.com/micro/answer/savejp"]},{"id":31725,"file":"/pages/turntable/turntable.js","loc":{"line":164,"column":12},"targetUrls":["https://api.998jx.com/micro/answer/roundjp"]},{"id":31906,"file":"/pages/upgrade/index.js","loc":{"line":14,"column":12},"targetUrls":["https://api.998jx.com/micro/upgrade/index"]},{"id":32096,"file":"/pages/upgrade/index.js","loc":{"line":50,"column":12},"targetUrls":["https://api.998jx.com/micro/payment/create_payment"]},{"id":32210,"file":"/pages/upgrade/index.js","loc":{"line":70,"column":28},"targetUrls":["https://api.998jx.com/micro/account/flashuser"]},{"id":32272,"file":"/pages/upgrade/index.js","loc":{"line":80,"column":115}},{"id":32579,"file":"/pages/userinfo/index.js","loc":{"line":60,"column":8},"targetUrls":["https://api.998jx.com/micro/account/attention"]},{"id":32946,"file":"/pages/userinfo/index.js","loc":{"line":118,"column":16},"targetUrls":["https://api.998jx.com/micro/account/userinfo"]},{"id":33280,"file":"/pages/userinfo/index.js","loc":{"line":165,"column":8},"targetUrls":["https://api.998jx.com/micro/trade/checkcall"]},{"id":33405,"file":"/pages/userinfo/index.js","loc":{"line":187,"column":8},"targetUrls":["https://api.998jx.com/micro/payment/create_payment"]},{"id":33565,"file":"/pages/userinfo/index.js","loc":{"line":220,"column":16},"targetUrls":["https://api.998jx.com/micro/trade/call_out"]}]},"wx.chooseImage":{"ill":"本地相册图片或相机拍照","ocr":[{"id":1388,"file":"/pages/account/index.js","loc":{"line":64,"column":29}},{"id":10509,"file":"/pages/deviceadd/index.js","loc":{"line":344,"column":8}},{"id":10765,"file":"/pages/deviceadd/index.js","loc":{"line":384,"column":8}},{"id":12543,"file":"/pages/deviceaddq/index.js","loc":{"line":181,"column":8}},{"id":15822,"file":"/pages/deviceedit/index.js","loc":{"line":303,"column":8}},{"id":16078,"file":"/pages/deviceedit/index.js","loc":{"line":343,"column":8}},{"id":27199,"file":"/pages/myissue/myissue.js","loc":{"line":68,"column":29}}]},"wx.getStorageSync":{"ill":"存储数据","ocr":[{"id":2269,"file":"/pages/account/index.js","loc":{"line":243,"column":20}},{"id":4163,"file":"/pages/answer/index.js","loc":{"line":31,"column":20}},{"id":9895,"file":"/pages/deviceadd/index.js","loc":{"line":211,"column":26}},{"id":13956,"file":"/pages/deviceaddq/index.js","loc":{"line":430,"column":26}},{"id":15240,"file":"/pages/deviceedit/index.js","loc":{"line":177,"column":26}},{"id":22767,"file":"/pages/index/index.js","loc":{"line":629,"column":26}}]},"wx.openSetting":{"ill":"用户授权结果","ocr":[{"id":2612,"file":"/pages/account/index.js","loc":{"line":306,"column":8}},{"id":6580,"file":"/pages/auth/info.js","loc":{"line":3,"column":8}}]},"wx.getSystemInfo":{"ill":"系统信息，包括设备品牌、设备型号等","ocr":[{"id":2896,"file":"/pages/accountpoint/index.js","loc":{"line":20,"column":8}},{"id":19781,"file":"/pages/index/index.js","loc":{"line":80,"column":8}},{"id":25020,"file":"/pages/integral/integral.js","loc":{"line":26,"column":8}},{"id":26095,"file":"/pages/kanjia/kanjia.js","loc":{"line":17,"column":12}}]},"wx.getSetting":{"ill":"用户授权结果","ocr":[{"id":6601,"file":"/pages/auth/info.js","loc":{"line":7,"column":42}}]},"wx.getLocation":{"ill":"定位信息","ocr":[{"id":6618,"file":"/pages/auth/info.js","loc":{"line":9,"column":54}},{"id":10103,"file":"/pages/deviceadd/index.js","loc":{"line":253,"column":33}},{"id":13854,"file":"/pages/deviceaddq/index.js","loc":{"line":408,"column":33}},{"id":15440,"file":"/pages/deviceedit/index.js","loc":{"line":218,"column":33}},{"id":22491,"file":"/pages/index/index.js","loc":{"line":560,"column":8}}]},"wx.chooseLocation":{"ill":"定位信息","ocr":[{"id":10885,"file":"/pages/deviceadd/index.js","loc":{"line":412,"column":8}},{"id":11825,"file":"/pages/deviceaddq/index.js","loc":{"line":42,"column":8}},{"id":16198,"file":"/pages/deviceedit/index.js","loc":{"line":371,"column":8}}]},"wx.downloadFile":{"ill":"请求数据","ocr":[{"id":11928,"file":"/pages/deviceaddq/index.js","loc":{"line":69,"column":16}},{"id":30703,"file":"/pages/success/success.js","loc":{"line":128,"column":8}}]},"wx.getStorage":{"ill":"存储数据","ocr":[{"id":30162,"file":"/pages/success/success.js","loc":{"line":20,"column":8}}]},"wx.getSystemInfoSync":{"ill":"系统信息，包括设备品牌、设备型号等","ocr":[{"id":30458,"file":"/pages/success/success.js","loc":{"line":105,"column":20}}]}},"fromVar":{"wx.login":[{"id":380,"file":"/app.js","loc":{"line":66,"column":28},"codeText":"e.code","ill":"用户登录凭证（有效期五分钟）。开发者需要在开发者服务器后台调用 auth.code2Session，使用 code 换取 openid 和 session_key 等信息"}],"wx.getSystemInfo":[{"id":2914,"file":"/pages/accountpoint/index.js","loc":{"line":23,"column":32},"codeText":"t.windowWidth","ill":"可使用窗口宽度，单位px"},{"id":2922,"file":"/pages/accountpoint/index.js","loc":{"line":24,"column":34},"codeText":"t.windowWidth","ill":"可使用窗口宽度，单位px"},{"id":19801,"file":"/pages/index/index.js","loc":{"line":83,"column":33},"codeText":"t.windowWidth","ill":"可使用窗口宽度，单位px"},{"id":19817,"file":"/pages/index/index.js","loc":{"line":84,"column":34},"codeText":"t.windowWidth","ill":"可使用窗口宽度，单位px"},{"id":25040,"file":"/pages/integral/integral.js","loc":{"line":29,"column":33},"codeText":"t.windowWidth","ill":"可使用窗口宽度，单位px"},{"id":25056,"file":"/pages/integral/integral.js","loc":{"line":30,"column":34},"codeText":"t.windowWidth","ill":"可使用窗口宽度，单位px"},{"id":26115,"file":"/pages/kanjia/kanjia.js","loc":{"line":20,"column":33},"codeText":"t.windowWidth","ill":"可使用窗口宽度，单位px"},{"id":26131,"file":"/pages/kanjia/kanjia.js","loc":{"line":21,"column":34},"codeText":"t.windowWidth","ill":"可使用窗口宽度，单位px"}],"wx.request":[{"id":3141,"file":"/pages/accountpoint/index.js","loc":{"line":69,"column":35},"codeText":"t.data","ill":"开发者服务器返回的数据"},{"id":3202,"file":"/pages/accountpoint/index.js","loc":{"line":89,"column":34},"codeText":"t.data.data","ill":"开发者服务器返回的数据"},{"id":3897,"file":"/pages/activity/activity.js","loc":{"line":71,"column":26},"codeText":"t.data","ill":"开发者服务器返回的数据"},{"id":3951,"file":"/pages/activity/activity.js","loc":{"line":89,"column":31},"codeText":"t.data","ill":"开发者服务器返回的数据"},{"id":4296,"file":"/pages/answer/index.js","loc":{"line":48,"column":34},"codeText":"t.data.data","ill":"开发者服务器返回的数据"},{"id":4573,"file":"/pages/answer/index.js","loc":{"line":94,"column":30},"codeText":"t.data.data","ill":"开发者服务器返回的数据"},{"id":6245,"file":"/pages/answertop/index.js","loc":{"line":35,"column":28},"codeText":"a.data","ill":"开发者服务器返回的数据"},{"id":6476,"file":"/pages/answertop/index.js","loc":{"line":78,"column":69},"codeText":"a.data.data","ill":"开发者服务器返回的数据"},{"id":8952,"file":"/pages/deviceadd/index.js","loc":{"line":62,"column":30},"codeText":"t.data.data","ill":"开发者服务器返回的数据"},{"id":9630,"file":"/pages/deviceadd/index.js","loc":{"line":178,"column":29},"codeText":"a.data.data","ill":"开发者服务器返回的数据"},{"id":9971,"file":"/pages/deviceadd/index.js","loc":{"line":227,"column":24},"codeText":"e.data.data","ill":"开发者服务器返回的数据"},{"id":10388,"file":"/pages/deviceadd/index.js","loc":{"line":309,"column":36},"codeText":"a.data.data","ill":"开发者服务器返回的数据"},{"id":13586,"file":"/pages/deviceaddq/index.js","loc":{"line":349,"column":36},"codeText":"e.data.data","ill":"开发者服务器返回的数据"},{"id":13725,"file":"/pages/deviceaddq/index.js","loc":{"line":378,"column":34},"codeText":"a.data.data","ill":"开发者服务器返回的数据"},{"id":14030,"file":"/pages/deviceaddq/index.js","loc":{"line":445,"column":47},"codeText":"a.data.data","ill":"开发者服务器返回的数据"},{"id":14324,"file":"/pages/deviceedit/index.js","loc":{"line":49,"column":24},"codeText":"t.data.data","ill":"开发者服务器返回的数据"},{"id":15003,"file":"/pages/deviceedit/index.js","loc":{"line":148,"column":29},"codeText":"a.data.data","ill":"开发者服务器返回的数据"},{"id":15316,"file":"/pages/deviceedit/index.js","loc":{"line":193,"column":24},"codeText":"t.data.data","ill":"开发者服务器返回的数据"},{"id":15421,"file":"/pages/deviceedit/index.js","loc":{"line":212,"column":28},"codeText":"a.data","ill":"开发者服务器返回的数据"},{"id":15701,"file":"/pages/deviceedit/index.js","loc":{"line":268,"column":36},"codeText":"a.data.data","ill":"开发者服务器返回的数据"},{"id":17274,"file":"/pages/equipment/equipment.js","loc":{"line":106,"column":30},"codeText":"a.data.data","ill":"开发者服务器返回的数据"},{"id":17282,"file":"/pages/equipment/equipment.js","loc":{"line":107,"column":24},"codeText":"a.data","ill":"开发者服务器返回的数据"},{"id":18752,"file":"/pages/equipment/equipment.js","loc":{"line":388,"column":36},"codeText":"t.data.data","ill":"开发者服务器返回的数据"},{"id":19966,"file":"/pages/index/index.js","loc":{"line":114,"column":20},"codeText":"t.data","ill":"开发者服务器返回的数据"},{"id":19993,"file":"/pages/index/index.js","loc":{"line":118,"column":34},"codeText":"t.data","ill":"开发者服务器返回的数据"},{"id":21763,"file":"/pages/index/index.js","loc":{"line":440,"column":46},"codeText":"t.data.data","ill":"开发者服务器返回的数据"},{"id":22690,"file":"/pages/index/index.js","loc":{"line":603,"column":31},"codeText":"t.data.data","ill":"开发者服务器返回的数据"},{"id":22889,"file":"/pages/index/index.js","loc":{"line":658,"column":21},"codeText":"t.data.data","ill":"开发者服务器返回的数据"},{"id":23062,"file":"/pages/index/index.js","loc":{"line":688,"column":33},"codeText":"e.data.data","ill":"开发者服务器返回的数据"},{"id":24602,"file":"/pages/index/index.js","loc":{"line":910,"column":36},"codeText":"a.data.data","ill":"开发者服务器返回的数据"},{"id":25561,"file":"/pages/integral/integral.js","loc":{"line":91,"column":29},"codeText":"a.data.data","ill":"开发者服务器返回的数据"},{"id":25673,"file":"/pages/integral/integral.js","loc":{"line":114,"column":29},"codeText":"a.data.data","ill":"开发者服务器返回的数据"},{"id":26672,"file":"/pages/login/login.js","loc":{"line":26,"column":28},"codeText":"a.data.data","ill":"开发者服务器返回的数据"},{"id":27836,"file":"/pages/myissue/myissue.js","loc":{"line":206,"column":24},"codeText":"t.data.data","ill":"开发者服务器返回的数据"},{"id":28773,"file":"/pages/phonenumber/phonenumber.js","loc":{"line":140,"column":36},"codeText":"t.data.data","ill":"开发者服务器返回的数据"},{"id":29785,"file":"/pages/shops/shops.js","loc":{"line":24,"column":34},"codeText":"e.data.data","ill":"开发者服务器返回的数据"},{"id":30309,"file":"/pages/success/success.js","loc":{"line":55,"column":30},"codeText":"e.data","ill":"开发者服务器返回的数据"},{"id":31142,"file":"/pages/turntable/turntable.js","loc":{"line":41,"column":28},"codeText":"t.data.data","ill":"开发者服务器返回的数据"},{"id":31223,"file":"/pages/turntable/turntable.js","loc":{"line":64,"column":29},"codeText":"t.data.data","ill":"开发者服务器返回的数据"},{"id":32246,"file":"/pages/upgrade/index.js","loc":{"line":80,"column":36},"codeText":"t.data.data","ill":"开发者服务器返回的数据"},{"id":32257,"file":"/pages/upgrade/index.js","loc":{"line":80,"column":76},"codeText":"t.data.data","ill":"开发者服务器返回的数据"}],"wx.getLocation":[{"id":10123,"file":"/pages/deviceadd/index.js","loc":{"line":256,"column":40},"codeText":"t.latitude","ill":"纬度，范围为-90~90，负数表示南纬"},{"id":10132,"file":"/pages/deviceadd/index.js","loc":{"line":256,"column":77},"codeText":"t.longitude","ill":"经度，范围为-180~180，负数表示西经"},{"id":10139,"file":"/pages/deviceadd/index.js","loc":{"line":256,"column":99},"codeText":"t.latitude","ill":"纬度，范围为-90~90，负数表示南纬"},{"id":10142,"file":"/pages/deviceadd/index.js","loc":{"line":256,"column":111},"codeText":"t.longitude","ill":"经度，范围为-180~180，负数表示西经"},{"id":13874,"file":"/pages/deviceaddq/index.js","loc":{"line":411,"column":40},"codeText":"t.latitude","ill":"纬度，范围为-90~90，负数表示南纬"},{"id":13883,"file":"/pages/deviceaddq/index.js","loc":{"line":411,"column":77},"codeText":"t.longitude","ill":"经度，范围为-180~180，负数表示西经"},{"id":13890,"file":"/pages/deviceaddq/index.js","loc":{"line":411,"column":99},"codeText":"t.latitude","ill":"纬度，范围为-90~90，负数表示南纬"},{"id":13893,"file":"/pages/deviceaddq/index.js","loc":{"line":411,"column":111},"codeText":"t.longitude","ill":"经度，范围为-180~180，负数表示西经"},{"id":15460,"file":"/pages/deviceedit/index.js","loc":{"line":221,"column":40},"codeText":"e.latitude","ill":"纬度，范围为-90~90，负数表示南纬"},{"id":15469,"file":"/pages/deviceedit/index.js","loc":{"line":221,"column":77},"codeText":"e.longitude","ill":"经度，范围为-180~180，负数表示西经"},{"id":15476,"file":"/pages/deviceedit/index.js","loc":{"line":221,"column":99},"codeText":"e.latitude","ill":"纬度，范围为-90~90，负数表示南纬"},{"id":15479,"file":"/pages/deviceedit/index.js","loc":{"line":221,"column":111},"codeText":"e.longitude","ill":"经度，范围为-180~180，负数表示西经"},{"id":22508,"file":"/pages/index/index.js","loc":{"line":562,"column":34},"codeText":"e.latitude","ill":"纬度，范围为-90~90，负数表示南纬"},{"id":22517,"file":"/pages/index/index.js","loc":{"line":562,"column":65},"codeText":"e.longitude","ill":"经度，范围为-180~180，负数表示西经"},{"id":22503,"file":"/pages/index/index.js","loc":{"line":562,"column":16},"codeText":"a.data.latitude","ill":"纬度，范围为-90~90，负数表示南纬"},{"id":22512,"file":"/pages/index/index.js","loc":{"line":562,"column":46},"codeText":"a.data.longitude","ill":"经度，范围为-180~180，负数表示西经"},{"id":22556,"file":"/pages/index/index.js","loc":{"line":571,"column":31},"codeText":"a.data.latitude","ill":"纬度，范围为-90~90，负数表示南纬"},{"id":22563,"file":"/pages/index/index.js","loc":{"line":572,"column":31},"codeText":"a.data.longitude","ill":"经度，范围为-180~180，负数表示西经"}],"wx.chooseImage":[{"id":10795,"file":"/pages/deviceadd/index.js","loc":{"line":390,"column":32},"codeText":"t.tempFilePaths","ill":"图片的本地临时文件路径列表 (本地路径)"},{"id":12592,"file":"/pages/deviceaddq/index.js","loc":{"line":186,"column":76},"codeText":"t.tempFiles[r].path","ill":"本地临时文件路径 (本地路径)"},{"id":12629,"file":"/pages/deviceaddq/index.js","loc":{"line":188,"column":34},"codeText":"t.tempFilePaths","ill":"图片的本地临时文件路径列表 (本地路径)"},{"id":16108,"file":"/pages/deviceedit/index.js","loc":{"line":349,"column":32},"codeText":"e.tempFilePaths","ill":"图片的本地临时文件路径列表 (本地路径)"}],"wx.chooseLocation":[{"id":10902,"file":"/pages/deviceadd/index.js","loc":{"line":415,"column":29},"codeText":"a.address","ill":"详细地址"},{"id":11842,"file":"/pages/deviceaddq/index.js","loc":{"line":45,"column":29},"codeText":"a.address","ill":"详细地址"},{"id":16215,"file":"/pages/deviceedit/index.js","loc":{"line":374,"column":29},"codeText":"a.address","ill":"详细地址"}],"wx.downloadFile":[{"id":11948,"file":"/pages/deviceaddq/index.js","loc":{"line":73,"column":36},"codeText":"a.tempFilePath","ill":"临时文件路径 (本地路径)。没传入 filePath 指定文件存储路径时会返回，下载后的文件会存储到一个临时文件"},{"id":30740,"file":"/pages/success/success.js","loc":{"line":131,"column":82},"codeText":"e.tempFilePath","ill":"临时文件路径 (本地路径)。没传入 filePath 指定文件存储路径时会返回，下载后的文件会存储到一个临时文件"}],"wx.getSystemInfoSync":[{"id":30465,"file":"/pages/success/success.js","loc":{"line":105,"column":54},"codeText":"t.windowWidth","ill":"可使用窗口宽度，单位px"},{"id":30471,"file":"/pages/success/success.js","loc":{"line":105,"column":73},"codeText":"t.windowWidth","ill":"可使用窗口宽度，单位px"}]},"timeCost":1845}