﻿Flow Id,Start Id,Start Type,Start Content,Start Text,Start Predict,End Id,End Type,End AST Type,End Content,Use Source Type
1,0,Source,"wx.request({url:""https://api.998jx.com/micro/account/decode_phone"",method:""POST"",header:{""Content-Type"":""application/x-www-form-urlencoded""},data:{token:e.globalData.userInfo.token,encryptedData:a.detail.encryptedData,iv:a.detail.iv},success:function(a){...}})", https://api.998jx.com/micro/account/decode_phone,['电话/手机号码'],1,Pass,LogicalExpression,"(""getPhoneNumber:ok""==a.detail.errMsg&&wx.request({url:""https://api.998jx.com/micro/account/decode_phone"",method:""POST"",header:{""Content-Type"":""application/x-www-form-urlencoded""},data:{token:e.globalData.userInfo.token,encryptedData:a.detail.encryptedData,iv:a.detail.iv},success:function(a){...}}))",ReturnValue
2,0,Source,"wx.request({url:""https://api.998jx.com/micro/account/decode_phone"",method:""POST"",header:{""Content-Type"":""application/x-www-form-urlencoded""},data:{token:e.globalData.userInfo.token,encryptedData:a.detail.encryptedData,iv:a.detail.iv},success:function(a){...}})", https://api.998jx.com/micro/account/decode_phone,['电话/手机号码'],7,Pass,ConditionalExpression,"1==a.data.ret?t.setData({mobile:a.data.data}):e.show_erro(a.data.msg""error"")",CallBackParameter
3,0,Source,"wx.request({url:""https://api.998jx.com/micro/account/decode_phone"",method:""POST"",header:{""Content-Type"":""application/x-www-form-urlencoded""},data:{token:e.globalData.userInfo.token,encryptedData:a.detail.encryptedData,iv:a.detail.iv},success:function(a){...}})", https://api.998jx.com/micro/account/decode_phone,['电话/手机号码'],14,Pass,MemberExpression,t.setData,CallBackParameter
4,20,Source,"wx.request({url:""https://api.998jx.com/micro/account/user_register"",method:""POST"",header:{""Content-Type"":""application/x-www-form-urlencoded""},data:c,success:function(a){...}})", https://api.998jx.com/micro/account/user_register,['用户个人信息标识'],26,Pass,ConditionalExpression,"0==a.data.ret?e.show_erro(a.data.msg""error""):e.globalData.userInfo=a.data.userInfo,wx.reLaunch({url:""/pages/index/index""})",CallBackParameter
5,20,Source,"wx.request({url:""https://api.998jx.com/micro/account/user_register"",method:""POST"",header:{""Content-Type"":""application/x-www-form-urlencoded""},data:c,success:function(a){...}})", https://api.998jx.com/micro/account/user_register,['用户个人信息标识'],35,Pass,MemberExpression,e.globalData,CallBackParameter
6,36,Bind,formSubmit:function(e){...},,[''],43,Pass,MemberExpression,a.data,
7,36,Bind,formSubmit:function(e){...},,[''],49,Pass,MemberExpression,a.data,
8,50,Bind,getPhoneNumber:function(a){...},自动获取,['定位信息'],1,Pass,LogicalExpression,"(""getPhoneNumber:ok""==a.detail.errMsg&&wx.request({url:""https://api.998jx.com/micro/account/decode_phone"",method:""POST"",header:{""Content-Type"":""application/x-www-form-urlencoded""},data:{token:e.globalData.userInfo.token,encryptedData:a.detail.encryptedData,iv:a.detail.iv},success:function(a){...}}))",ReturnValue
9,50,Bind,getPhoneNumber:function(a){...},自动获取,['定位信息'],7,Pass,ConditionalExpression,"1==a.data.ret?t.setData({mobile:a.data.data}):e.show_erro(a.data.msg""error"")",CallBackParameter
10,50,Bind,getPhoneNumber:function(a){...},自动获取,['定位信息'],14,Pass,MemberExpression,t.setData,CallBackParameter
11,67,Bind,register:function(a){...},"
   注册
","['住址', '电子邮箱']",73,Pass,SequenceExpression,"t.data.contact_name.length<2?o=!0,r=!1:o=!1,t.data.mobile.length<11?n=!0,r=!1:n=!1,t.setData({ckname:o,ckmobile:n}),(a.detail.encryptedData&&r)",
12,67,Bind,register:function(a){...},"
   注册
","['住址', '电子邮箱']",26,Pass,ConditionalExpression,"0==a.data.ret?e.show_erro(a.data.msg""error""):e.globalData.userInfo=a.data.userInfo,wx.reLaunch({url:""/pages/index/index""})",CallBackParameter
13,67,Bind,register:function(a){...},"
   注册
","['住址', '电子邮箱']",35,Pass,MemberExpression,e.globalData,CallBackParameter
