[{"node_id": 0, "node_type": "Source", "node_content": {"type": "CallExpression", "callee": {"type": "MemberExpression", "computed": false, "object": {"type": "Identifier", "name": "wx", "loc": {"start": {"line": 13, "column": 50}, "end": {"line": 13, "column": 52}}}, "property": {"type": "Identifier", "name": "request", "loc": {"start": {"line": 13, "column": 53}, "end": {"line": 13, "column": 60}}}, "loc": {"start": {"line": 13, "column": 50}, "end": {"line": 13, "column": 60}}}, "arguments": [{"type": "ObjectExpression", "properties": [{"type": "Property", "key": {"type": "Identifier", "name": "url", "loc": {"start": {"line": 14, "column": 12}, "end": {"line": 14, "column": 15}}}, "computed": false, "value": {"type": "Literal", "value": "https://api.998jx.com/micro/account/decode_phone", "raw": "\"https://api.998jx.com/micro/account/decode_phone\"", "loc": {"start": {"line": 14, "column": 17}, "end": {"line": 14, "column": 67}}}, "kind": "init", "method": false, "shorthand": false, "loc": {"start": {"line": 14, "column": 12}, "end": {"line": 14, "column": 67}}}, {"type": "Property", "key": {"type": "Identifier", "name": "method", "loc": {"start": {"line": 15, "column": 12}, "end": {"line": 15, "column": 18}}}, "computed": false, "value": {"type": "Literal", "value": "POST", "raw": "\"POST\"", "loc": {"start": {"line": 15, "column": 20}, "end": {"line": 15, "column": 26}}}, "kind": "init", "method": false, "shorthand": false, "loc": {"start": {"line": 15, "column": 12}, "end": {"line": 15, "column": 26}}}, {"type": "Property", "key": {"type": "Identifier", "name": "header", "loc": {"start": {"line": 16, "column": 12}, "end": {"line": 16, "column": 18}}}, "computed": false, "value": {"type": "ObjectExpression", "properties": [{"type": "Property", "key": {"type": "Literal", "value": "Content-Type", "raw": "\"Content-Type\"", "loc": {"start": {"line": 17, "column": 16}, "end": {"line": 17, "column": 30}}}, "computed": false, "value": {"type": "Literal", "value": "application/x-www-form-urlencoded", "raw": "\"application/x-www-form-urlencoded\"", "loc": {"start": {"line": 17, "column": 32}, "end": {"line": 17, "column": 67}}}, "kind": "init", "method": false, "shorthand": false, "loc": {"start": {"line": 17, "column": 16}, "end": {"line": 17, "column": 67}}}], "loc": {"start": {"line": 16, "column": 20}, "end": {"line": 18, "column": 13}}}, "kind": "init", "method": false, "shorthand": false, "loc": {"start": {"line": 16, "column": 12}, "end": {"line": 18, "column": 13}}}, {"type": "Property", "key": {"type": "Identifier", "name": "data", "loc": {"start": {"line": 19, "column": 12}, "end": {"line": 19, "column": 16}}}, "computed": false, "value": {"type": "ObjectExpression", "properties": [{"type": "Property", "key": {"type": "Identifier", "name": "token", "loc": {"start": {"line": 20, "column": 16}, "end": {"line": 20, "column": 21}}}, "computed": false, "value": {"type": "MemberExpression", "computed": false, "object": {"type": "MemberExpression", "computed": false, "object": {"type": "MemberExpression", "computed": false, "object": {"type": "Identifier", "name": "e", "loc": {"start": {"line": 20, "column": 23}, "end": {"line": 20, "column": 24}}}, "property": {"type": "Identifier", "name": "globalData", "loc": {"start": {"line": 20, "column": 25}, "end": {"line": 20, "column": 35}}}, "loc": {"start": {"line": 20, "column": 23}, "end": {"line": 20, "column": 35}}}, "property": {"type": "Identifier", "name": "userInfo", "loc": {"start": {"line": 20, "column": 36}, "end": {"line": 20, "column": 44}}}, "loc": {"start": {"line": 20, "column": 23}, "end": {"line": 20, "column": 44}}}, "property": {"type": "Identifier", "name": "token", "loc": {"start": {"line": 20, "column": 45}, "end": {"line": 20, "column": 50}}}, "loc": {"start": {"line": 20, "column": 23}, "end": {"line": 20, "column": 50}}}, "kind": "init", "method": false, "shorthand": false, "loc": {"start": {"line": 20, "column": 16}, "end": {"line": 20, "column": 50}}}, {"type": "Property", "key": {"type": "Identifier", "name": "encryptedData", "loc": {"start": {"line": 21, "column": 16}, "end": {"line": 21, "column": 29}}}, "computed": false, "value": {"type": "MemberExpression", "computed": false, "object": {"type": "MemberExpression", "computed": false, "object": {"type": "Identifier", "name": "a", "loc": {"start": {"line": 21, "column": 31}, "end": {"line": 21, "column": 32}}}, "property": {"type": "Identifier", "name": "detail", "loc": {"start": {"line": 21, "column": 33}, "end": {"line": 21, "column": 39}}}, "loc": {"start": {"line": 21, "column": 31}, "end": {"line": 21, "column": 39}}}, "property": {"type": "Identifier", "name": "encryptedData", "loc": {"start": {"line": 21, "column": 40}, "end": {"line": 21, "column": 53}}}, "loc": {"start": {"line": 21, "column": 31}, "end": {"line": 21, "column": 53}}}, "kind": "init", "method": false, "shorthand": false, "loc": {"start": {"line": 21, "column": 16}, "end": {"line": 21, "column": 53}}}, {"type": "Property", "key": {"type": "Identifier", "name": "iv", "loc": {"start": {"line": 22, "column": 16}, "end": {"line": 22, "column": 18}}}, "computed": false, "value": {"type": "MemberExpression", "computed": false, "object": {"type": "MemberExpression", "computed": false, "object": {"type": "Identifier", "name": "a", "loc": {"start": {"line": 22, "column": 20}, "end": {"line": 22, "column": 21}}}, "property": {"type": "Identifier", "name": "detail", "loc": {"start": {"line": 22, "column": 22}, "end": {"line": 22, "column": 28}}}, "loc": {"start": {"line": 22, "column": 20}, "end": {"line": 22, "column": 28}}}, "property": {"type": "Identifier", "name": "iv", "loc": {"start": {"line": 22, "column": 29}, "end": {"line": 22, "column": 31}}}, "loc": {"start": {"line": 22, "column": 20}, "end": {"line": 22, "column": 31}}}, "kind": "init", "method": false, "shorthand": false, "loc": {"start": {"line": 22, "column": 16}, "end": {"line": 22, "column": 31}}}], "loc": {"start": {"line": 19, "column": 18}, "end": {"line": 23, "column": 13}}}, "kind": "init", "method": false, "shorthand": false, "loc": {"start": {"line": 19, "column": 12}, "end": {"line": 23, "column": 13}}}, {"type": "Property", "key": {"type": "Identifier", "name": "success", "loc": {"start": {"line": 24, "column": 12}, "end": {"line": 24, "column": 19}}}, "computed": false, "value": {"type": "FunctionExpression", "id": null, "params": [{"type": "Identifier", "name": "a", "loc": {"start": {"line": 24, "column": 30}, "end": {"line": 24, "column": 31}}}], "body": {"type": "BlockStatement", "body": [{"type": "ExpressionStatement", "expression": {"type": "ConditionalExpression", "test": {"type": "BinaryExpression", "operator": "==", "left": {"type": "Literal", "value": 1, "raw": "1", "loc": {"start": {"line": 25, "column": 16}, "end": {"line": 25, "column": 17}}}, "right": {"type": "MemberExpression", "computed": false, "object": {"type": "MemberExpression", "computed": false, "object": {"type": "Identifier", "name": "a", "loc": {"start": {"line": 25, "column": 21}, "end": {"line": 25, "column": 22}}}, "property": {"type": "Identifier", "name": "data", "loc": {"start": {"line": 25, "column": 23}, "end": {"line": 25, "column": 27}}}, "loc": {"start": {"line": 25, "column": 21}, "end": {"line": 25, "column": 27}}}, "property": {"type": "Identifier", "name": "ret", "loc": {"start": {"line": 25, "column": 28}, "end": {"line": 25, "column": 31}}}, "loc": {"start": {"line": 25, "column": 21}, "end": {"line": 25, "column": 31}}}, "loc": {"start": {"line": 25, "column": 16}, "end": {"line": 25, "column": 31}}}, "consequent": {"type": "CallExpression", "callee": {"type": "MemberExpression", "computed": false, "object": {"type": "Identifier", "name": "t", "loc": {"start": {"line": 25, "column": 34}, "end": {"line": 25, "column": 35}}}, "property": {"type": "Identifier", "name": "setData", "loc": {"start": {"line": 25, "column": 36}, "end": {"line": 25, "column": 43}}}, "loc": {"start": {"line": 25, "column": 34}, "end": {"line": 25, "column": 43}}}, "arguments": [{"type": "ObjectExpression", "properties": [{"type": "Property", "key": {"type": "Identifier", "name": "mobile", "loc": {"start": {"line": 26, "column": 20}, "end": {"line": 26, "column": 26}}}, "computed": false, "value": {"type": "MemberExpression", "computed": false, "object": {"type": "MemberExpression", "computed": false, "object": {"type": "Identifier", "name": "a", "loc": {"start": {"line": 26, "column": 28}, "end": {"line": 26, "column": 29}}}, "property": {"type": "Identifier", "name": "data", "loc": {"start": {"line": 26, "column": 30}, "end": {"line": 26, "column": 34}}}, "loc": {"start": {"line": 26, "column": 28}, "end": {"line": 26, "column": 34}}}, "property": {"type": "Identifier", "name": "data", "loc": {"start": {"line": 26, "column": 35}, "end": {"line": 26, "column": 39}}}, "loc": {"start": {"line": 26, "column": 28}, "end": {"line": 26, "column": 39}}}, "kind": "init", "method": false, "shorthand": false, "loc": {"start": {"line": 26, "column": 20}, "end": {"line": 26, "column": 39}}}], "loc": {"start": {"line": 25, "column": 44}, "end": {"line": 27, "column": 17}}}], "loc": {"start": {"line": 25, "column": 34}, "end": {"line": 27, "column": 18}}}, "alternate": {"type": "CallExpression", "callee": {"type": "MemberExpression", "computed": false, "object": {"type": "Identifier", "name": "e", "loc": {"start": {"line": 27, "column": 21}, "end": {"line": 27, "column": 22}}}, "property": {"type": "Identifier", "name": "show_erro", "loc": {"start": {"line": 27, "column": 23}, "end": {"line": 27, "column": 32}}}, "loc": {"start": {"line": 27, "column": 21}, "end": {"line": 27, "column": 32}}}, "arguments": [{"type": "MemberExpression", "computed": false, "object": {"type": "MemberExpression", "computed": false, "object": {"type": "Identifier", "name": "a", "loc": {"start": {"line": 27, "column": 33}, "end": {"line": 27, "column": 34}}}, "property": {"type": "Identifier", "name": "data", "loc": {"start": {"line": 27, "column": 35}, "end": {"line": 27, "column": 39}}}, "loc": {"start": {"line": 27, "column": 33}, "end": {"line": 27, "column": 39}}}, "property": {"type": "Identifier", "name": "msg", "loc": {"start": {"line": 27, "column": 40}, "end": {"line": 27, "column": 43}}}, "loc": {"start": {"line": 27, "column": 33}, "end": {"line": 27, "column": 43}}}, {"type": "Literal", "value": "error", "raw": "\"error\"", "loc": {"start": {"line": 27, "column": 45}, "end": {"line": 27, "column": 52}}}], "loc": {"start": {"line": 27, "column": 21}, "end": {"line": 27, "column": 53}}}, "loc": {"start": {"line": 25, "column": 16}, "end": {"line": 27, "column": 53}}}, "loc": {"start": {"line": 25, "column": 16}, "end": {"line": 27, "column": 54}}}], "loc": {"start": {"line": 24, "column": 33}, "end": {"line": 28, "column": 13}}}, "generator": false, "expression": false, "async": false, "loc": {"start": {"line": 24, "column": 21}, "end": {"line": 28, "column": 13}}}, "kind": "init", "method": false, "shorthand": false, "loc": {"start": {"line": 24, "column": 12}, "end": {"line": 28, "column": 13}}}], "loc": {"start": {"line": 13, "column": 61}, "end": {"line": 29, "column": 9}}}], "loc": {"start": {"line": 13, "column": 50}, "end": {"line": 29, "column": 10}}}, "code": "wx.request({url:\"https://api.998jx.com/micro/account/decode_phone\",method:\"POST\",header:{\"Content-Type\":\"application/x-www-form-urlencoded\"},data:{token:e.globalData.userInfo.token,encryptedData:a.detail.encryptedData,iv:a.detail.iv},success:function(a){...}})", "node_api": "wx.request", "node_scope": {}, "child_node": [1, 3, 8, 16], "parent_node": [], "node_path": "D:\\WORK\\2021\\MPDF\\baseline\\ui\\998二手挖机圈\\login.js", "source_string": " https://api.998jx.com/micro/account/decode_phone", "predict_personal_information": ["电话/手机号码"]}, {"node_id": 1, "node_type": "Pass", "node_content": {"type": "LogicalExpression", "operator": "&&", "left": {"type": "BinaryExpression", "operator": "==", "left": {"type": "Literal", "value": "getPhoneNumber:ok", "raw": "\"getPhoneNumber:ok\"", "loc": {"start": {"line": 13, "column": 8}, "end": {"line": 13, "column": 27}}}, "right": {"type": "MemberExpression", "computed": false, "object": {"type": "MemberExpression", "computed": false, "object": {"type": "Identifier", "name": "a", "loc": {"start": {"line": 13, "column": 31}, "end": {"line": 13, "column": 32}}}, "property": {"type": "Identifier", "name": "detail", "loc": {"start": {"line": 13, "column": 33}, "end": {"line": 13, "column": 39}}}, "loc": {"start": {"line": 13, "column": 31}, "end": {"line": 13, "column": 39}}}, "property": {"type": "Identifier", "name": "errMsg", "loc": {"start": {"line": 13, "column": 40}, "end": {"line": 13, "column": 46}}}, "loc": {"start": {"line": 13, "column": 31}, "end": {"line": 13, "column": 46}}}, "loc": {"start": {"line": 13, "column": 8}, "end": {"line": 13, "column": 46}}}, "right": {"type": "CallExpression", "callee": {"type": "MemberExpression", "computed": false, "object": {"type": "Identifier", "name": "wx", "loc": {"start": {"line": 13, "column": 50}, "end": {"line": 13, "column": 52}}}, "property": {"type": "Identifier", "name": "request", "loc": {"start": {"line": 13, "column": 53}, "end": {"line": 13, "column": 60}}}, "loc": {"start": {"line": 13, "column": 50}, "end": {"line": 13, "column": 60}}}, "arguments": [{"type": "ObjectExpression", "properties": [{"type": "Property", "key": {"type": "Identifier", "name": "url", "loc": {"start": {"line": 14, "column": 12}, "end": {"line": 14, "column": 15}}}, "computed": false, "value": {"type": "Literal", "value": "https://api.998jx.com/micro/account/decode_phone", "raw": "\"https://api.998jx.com/micro/account/decode_phone\"", "loc": {"start": {"line": 14, "column": 17}, "end": {"line": 14, "column": 67}}}, "kind": "init", "method": false, "shorthand": false, "loc": {"start": {"line": 14, "column": 12}, "end": {"line": 14, "column": 67}}}, {"type": "Property", "key": {"type": "Identifier", "name": "method", "loc": {"start": {"line": 15, "column": 12}, "end": {"line": 15, "column": 18}}}, "computed": false, "value": {"type": "Literal", "value": "POST", "raw": "\"POST\"", "loc": {"start": {"line": 15, "column": 20}, "end": {"line": 15, "column": 26}}}, "kind": "init", "method": false, "shorthand": false, "loc": {"start": {"line": 15, "column": 12}, "end": {"line": 15, "column": 26}}}, {"type": "Property", "key": {"type": "Identifier", "name": "header", "loc": {"start": {"line": 16, "column": 12}, "end": {"line": 16, "column": 18}}}, "computed": false, "value": {"type": "ObjectExpression", "properties": [{"type": "Property", "key": {"type": "Literal", "value": "Content-Type", "raw": "\"Content-Type\"", "loc": {"start": {"line": 17, "column": 16}, "end": {"line": 17, "column": 30}}}, "computed": false, "value": {"type": "Literal", "value": "application/x-www-form-urlencoded", "raw": "\"application/x-www-form-urlencoded\"", "loc": {"start": {"line": 17, "column": 32}, "end": {"line": 17, "column": 67}}}, "kind": "init", "method": false, "shorthand": false, "loc": {"start": {"line": 17, "column": 16}, "end": {"line": 17, "column": 67}}}], "loc": {"start": {"line": 16, "column": 20}, "end": {"line": 18, "column": 13}}}, "kind": "init", "method": false, "shorthand": false, "loc": {"start": {"line": 16, "column": 12}, "end": {"line": 18, "column": 13}}}, {"type": "Property", "key": {"type": "Identifier", "name": "data", "loc": {"start": {"line": 19, "column": 12}, "end": {"line": 19, "column": 16}}}, "computed": false, "value": {"type": "ObjectExpression", "properties": [{"type": "Property", "key": {"type": "Identifier", "name": "token", "loc": {"start": {"line": 20, "column": 16}, "end": {"line": 20, "column": 21}}}, "computed": false, "value": {"type": "MemberExpression", "computed": false, "object": {"type": "MemberExpression", "computed": false, "object": {"type": "MemberExpression", "computed": false, "object": {"type": "Identifier", "name": "e", "loc": {"start": {"line": 20, "column": 23}, "end": {"line": 20, "column": 24}}}, "property": {"type": "Identifier", "name": "globalData", "loc": {"start": {"line": 20, "column": 25}, "end": {"line": 20, "column": 35}}}, "loc": {"start": {"line": 20, "column": 23}, "end": {"line": 20, "column": 35}}}, "property": {"type": "Identifier", "name": "userInfo", "loc": {"start": {"line": 20, "column": 36}, "end": {"line": 20, "column": 44}}}, "loc": {"start": {"line": 20, "column": 23}, "end": {"line": 20, "column": 44}}}, "property": {"type": "Identifier", "name": "token", "loc": {"start": {"line": 20, "column": 45}, "end": {"line": 20, "column": 50}}}, "loc": {"start": {"line": 20, "column": 23}, "end": {"line": 20, "column": 50}}}, "kind": "init", "method": false, "shorthand": false, "loc": {"start": {"line": 20, "column": 16}, "end": {"line": 20, "column": 50}}}, {"type": "Property", "key": {"type": "Identifier", "name": "encryptedData", "loc": {"start": {"line": 21, "column": 16}, "end": {"line": 21, "column": 29}}}, "computed": false, "value": {"type": "MemberExpression", "computed": false, "object": {"type": "MemberExpression", "computed": false, "object": {"type": "Identifier", "name": "a", "loc": {"start": {"line": 21, "column": 31}, "end": {"line": 21, "column": 32}}}, "property": {"type": "Identifier", "name": "detail", "loc": {"start": {"line": 21, "column": 33}, "end": {"line": 21, "column": 39}}}, "loc": {"start": {"line": 21, "column": 31}, "end": {"line": 21, "column": 39}}}, "property": {"type": "Identifier", "name": "encryptedData", "loc": {"start": {"line": 21, "column": 40}, "end": {"line": 21, "column": 53}}}, "loc": {"start": {"line": 21, "column": 31}, "end": {"line": 21, "column": 53}}}, "kind": "init", "method": false, "shorthand": false, "loc": {"start": {"line": 21, "column": 16}, "end": {"line": 21, "column": 53}}}, {"type": "Property", "key": {"type": "Identifier", "name": "iv", "loc": {"start": {"line": 22, "column": 16}, "end": {"line": 22, "column": 18}}}, "computed": false, "value": {"type": "MemberExpression", "computed": false, "object": {"type": "MemberExpression", "computed": false, "object": {"type": "Identifier", "name": "a", "loc": {"start": {"line": 22, "column": 20}, "end": {"line": 22, "column": 21}}}, "property": {"type": "Identifier", "name": "detail", "loc": {"start": {"line": 22, "column": 22}, "end": {"line": 22, "column": 28}}}, "loc": {"start": {"line": 22, "column": 20}, "end": {"line": 22, "column": 28}}}, "property": {"type": "Identifier", "name": "iv", "loc": {"start": {"line": 22, "column": 29}, "end": {"line": 22, "column": 31}}}, "loc": {"start": {"line": 22, "column": 20}, "end": {"line": 22, "column": 31}}}, "kind": "init", "method": false, "shorthand": false, "loc": {"start": {"line": 22, "column": 16}, "end": {"line": 22, "column": 31}}}], "loc": {"start": {"line": 19, "column": 18}, "end": {"line": 23, "column": 13}}}, "kind": "init", "method": false, "shorthand": false, "loc": {"start": {"line": 19, "column": 12}, "end": {"line": 23, "column": 13}}}, {"type": "Property", "key": {"type": "Identifier", "name": "success", "loc": {"start": {"line": 24, "column": 12}, "end": {"line": 24, "column": 19}}}, "computed": false, "value": {"type": "FunctionExpression", "id": null, "params": [{"type": "Identifier", "name": "a", "loc": {"start": {"line": 24, "column": 30}, "end": {"line": 24, "column": 31}}}], "body": {"type": "BlockStatement", "body": [{"type": "ExpressionStatement", "expression": {"type": "ConditionalExpression", "test": {"type": "BinaryExpression", "operator": "==", "left": {"type": "Literal", "value": 1, "raw": "1", "loc": {"start": {"line": 25, "column": 16}, "end": {"line": 25, "column": 17}}}, "right": {"type": "MemberExpression", "computed": false, "object": {"type": "MemberExpression", "computed": false, "object": {"type": "Identifier", "name": "a", "loc": {"start": {"line": 25, "column": 21}, "end": {"line": 25, "column": 22}}}, "property": {"type": "Identifier", "name": "data", "loc": {"start": {"line": 25, "column": 23}, "end": {"line": 25, "column": 27}}}, "loc": {"start": {"line": 25, "column": 21}, "end": {"line": 25, "column": 27}}}, "property": {"type": "Identifier", "name": "ret", "loc": {"start": {"line": 25, "column": 28}, "end": {"line": 25, "column": 31}}}, "loc": {"start": {"line": 25, "column": 21}, "end": {"line": 25, "column": 31}}}, "loc": {"start": {"line": 25, "column": 16}, "end": {"line": 25, "column": 31}}}, "consequent": {"type": "CallExpression", "callee": {"type": "MemberExpression", "computed": false, "object": {"type": "Identifier", "name": "t", "loc": {"start": {"line": 25, "column": 34}, "end": {"line": 25, "column": 35}}}, "property": {"type": "Identifier", "name": "setData", "loc": {"start": {"line": 25, "column": 36}, "end": {"line": 25, "column": 43}}}, "loc": {"start": {"line": 25, "column": 34}, "end": {"line": 25, "column": 43}}}, "arguments": [{"type": "ObjectExpression", "properties": [{"type": "Property", "key": {"type": "Identifier", "name": "mobile", "loc": {"start": {"line": 26, "column": 20}, "end": {"line": 26, "column": 26}}}, "computed": false, "value": {"type": "MemberExpression", "computed": false, "object": {"type": "MemberExpression", "computed": false, "object": {"type": "Identifier", "name": "a", "loc": {"start": {"line": 26, "column": 28}, "end": {"line": 26, "column": 29}}}, "property": {"type": "Identifier", "name": "data", "loc": {"start": {"line": 26, "column": 30}, "end": {"line": 26, "column": 34}}}, "loc": {"start": {"line": 26, "column": 28}, "end": {"line": 26, "column": 34}}}, "property": {"type": "Identifier", "name": "data", "loc": {"start": {"line": 26, "column": 35}, "end": {"line": 26, "column": 39}}}, "loc": {"start": {"line": 26, "column": 28}, "end": {"line": 26, "column": 39}}}, "kind": "init", "method": false, "shorthand": false, "loc": {"start": {"line": 26, "column": 20}, "end": {"line": 26, "column": 39}}}], "loc": {"start": {"line": 25, "column": 44}, "end": {"line": 27, "column": 17}}}], "loc": {"start": {"line": 25, "column": 34}, "end": {"line": 27, "column": 18}}}, "alternate": {"type": "CallExpression", "callee": {"type": "MemberExpression", "computed": false, "object": {"type": "Identifier", "name": "e", "loc": {"start": {"line": 27, "column": 21}, "end": {"line": 27, "column": 22}}}, "property": {"type": "Identifier", "name": "show_erro", "loc": {"start": {"line": 27, "column": 23}, "end": {"line": 27, "column": 32}}}, "loc": {"start": {"line": 27, "column": 21}, "end": {"line": 27, "column": 32}}}, "arguments": [{"type": "MemberExpression", "computed": false, "object": {"type": "MemberExpression", "computed": false, "object": {"type": "Identifier", "name": "a", "loc": {"start": {"line": 27, "column": 33}, "end": {"line": 27, "column": 34}}}, "property": {"type": "Identifier", "name": "data", "loc": {"start": {"line": 27, "column": 35}, "end": {"line": 27, "column": 39}}}, "loc": {"start": {"line": 27, "column": 33}, "end": {"line": 27, "column": 39}}}, "property": {"type": "Identifier", "name": "msg", "loc": {"start": {"line": 27, "column": 40}, "end": {"line": 27, "column": 43}}}, "loc": {"start": {"line": 27, "column": 33}, "end": {"line": 27, "column": 43}}}, {"type": "Literal", "value": "error", "raw": "\"error\"", "loc": {"start": {"line": 27, "column": 45}, "end": {"line": 27, "column": 52}}}], "loc": {"start": {"line": 27, "column": 21}, "end": {"line": 27, "column": 53}}}, "loc": {"start": {"line": 25, "column": 16}, "end": {"line": 27, "column": 53}}}, "loc": {"start": {"line": 25, "column": 16}, "end": {"line": 27, "column": 54}}}], "loc": {"start": {"line": 24, "column": 33}, "end": {"line": 28, "column": 13}}}, "generator": false, "expression": false, "async": false, "loc": {"start": {"line": 24, "column": 21}, "end": {"line": 28, "column": 13}}}, "kind": "init", "method": false, "shorthand": false, "loc": {"start": {"line": 24, "column": 12}, "end": {"line": 28, "column": 13}}}], "loc": {"start": {"line": 13, "column": 61}, "end": {"line": 29, "column": 9}}}], "loc": {"start": {"line": 13, "column": 50}, "end": {"line": 29, "column": 10}}}, "loc": {"start": {"line": 13, "column": 8}, "end": {"line": 29, "column": 10}}}, "code": "(\"getPhoneNumber:ok\"==a.detail.errMsg&&wx.request({url:\"https://api.998jx.com/micro/account/decode_phone\",method:\"POST\",header:{\"Content-Type\":\"application/x-www-form-urlencoded\"},data:{token:e.globalData.userInfo.token,encryptedData:a.detail.encryptedData,iv:a.detail.iv},success:function(a){...}}))", "node_api": "", "node_scope": {}, "child_node": [], "parent_node": [0], "node_path": "D:\\WORK\\2021\\MPDF\\baseline\\ui\\998二手挖机圈\\login.js"}, {"node_id": 2, "node_type": "Pass", "node_content": {"type": "Identifier", "name": "a", "loc": {"start": {"line": 24, "column": 30}, "end": {"line": 24, "column": 31}}}, "code": "a", "node_api": "", "node_scope": {}, "child_node": [], "parent_node": [], "node_path": "D:\\WORK\\2021\\MPDF\\baseline\\ui\\998二手挖机圈\\login.js"}, {"node_id": 3, "node_type": "Pass", "node_content": {"type": "Identifier", "name": "a", "loc": {"start": {"line": 25, "column": 21}, "end": {"line": 25, "column": 22}}}, "code": "a", "node_api": "", "node_scope": {}, "child_node": [4], "parent_node": [0], "node_path": "D:\\WORK\\2021\\MPDF\\baseline\\ui\\998二手挖机圈\\login.js"}, {"node_id": 4, "node_type": "Pass", "node_content": {"type": "MemberExpression", "computed": false, "object": {"type": "Identifier", "name": "a", "loc": {"start": {"line": 25, "column": 21}, "end": {"line": 25, "column": 22}}}, "property": {"type": "Identifier", "name": "data", "loc": {"start": {"line": 25, "column": 23}, "end": {"line": 25, "column": 27}}}, "loc": {"start": {"line": 25, "column": 21}, "end": {"line": 25, "column": 27}}}, "code": "a.data", "node_api": "", "node_scope": {}, "child_node": [5], "parent_node": [3], "node_path": "D:\\WORK\\2021\\MPDF\\baseline\\ui\\998二手挖机圈\\login.js"}, {"node_id": 5, "node_type": "Pass", "node_content": {"type": "MemberExpression", "computed": false, "object": {"type": "MemberExpression", "computed": false, "object": {"type": "Identifier", "name": "a", "loc": {"start": {"line": 25, "column": 21}, "end": {"line": 25, "column": 22}}}, "property": {"type": "Identifier", "name": "data", "loc": {"start": {"line": 25, "column": 23}, "end": {"line": 25, "column": 27}}}, "loc": {"start": {"line": 25, "column": 21}, "end": {"line": 25, "column": 27}}}, "property": {"type": "Identifier", "name": "ret", "loc": {"start": {"line": 25, "column": 28}, "end": {"line": 25, "column": 31}}}, "loc": {"start": {"line": 25, "column": 21}, "end": {"line": 25, "column": 31}}}, "code": "a.data.ret", "node_api": "", "node_scope": {}, "child_node": [6], "parent_node": [4], "node_path": "D:\\WORK\\2021\\MPDF\\baseline\\ui\\998二手挖机圈\\login.js"}, {"node_id": 6, "node_type": "Pass", "node_content": {"type": "BinaryExpression", "operator": "==", "left": {"type": "Literal", "value": 1, "raw": "1", "loc": {"start": {"line": 25, "column": 16}, "end": {"line": 25, "column": 17}}}, "right": {"type": "MemberExpression", "computed": false, "object": {"type": "MemberExpression", "computed": false, "object": {"type": "Identifier", "name": "a", "loc": {"start": {"line": 25, "column": 21}, "end": {"line": 25, "column": 22}}}, "property": {"type": "Identifier", "name": "data", "loc": {"start": {"line": 25, "column": 23}, "end": {"line": 25, "column": 27}}}, "loc": {"start": {"line": 25, "column": 21}, "end": {"line": 25, "column": 27}}}, "property": {"type": "Identifier", "name": "ret", "loc": {"start": {"line": 25, "column": 28}, "end": {"line": 25, "column": 31}}}, "loc": {"start": {"line": 25, "column": 21}, "end": {"line": 25, "column": 31}}}, "loc": {"start": {"line": 25, "column": 16}, "end": {"line": 25, "column": 31}}}, "code": "1==a.data.ret", "node_api": "", "node_scope": {}, "child_node": [7], "parent_node": [5], "node_path": "D:\\WORK\\2021\\MPDF\\baseline\\ui\\998二手挖机圈\\login.js"}, {"node_id": 7, "node_type": "Pass", "node_content": {"type": "ConditionalExpression", "test": {"type": "BinaryExpression", "operator": "==", "left": {"type": "Literal", "value": 1, "raw": "1", "loc": {"start": {"line": 25, "column": 16}, "end": {"line": 25, "column": 17}}}, "right": {"type": "MemberExpression", "computed": false, "object": {"type": "MemberExpression", "computed": false, "object": {"type": "Identifier", "name": "a", "loc": {"start": {"line": 25, "column": 21}, "end": {"line": 25, "column": 22}}}, "property": {"type": "Identifier", "name": "data", "loc": {"start": {"line": 25, "column": 23}, "end": {"line": 25, "column": 27}}}, "loc": {"start": {"line": 25, "column": 21}, "end": {"line": 25, "column": 27}}}, "property": {"type": "Identifier", "name": "ret", "loc": {"start": {"line": 25, "column": 28}, "end": {"line": 25, "column": 31}}}, "loc": {"start": {"line": 25, "column": 21}, "end": {"line": 25, "column": 31}}}, "loc": {"start": {"line": 25, "column": 16}, "end": {"line": 25, "column": 31}}}, "consequent": {"type": "CallExpression", "callee": {"type": "MemberExpression", "computed": false, "object": {"type": "Identifier", "name": "t", "loc": {"start": {"line": 25, "column": 34}, "end": {"line": 25, "column": 35}}}, "property": {"type": "Identifier", "name": "setData", "loc": {"start": {"line": 25, "column": 36}, "end": {"line": 25, "column": 43}}}, "loc": {"start": {"line": 25, "column": 34}, "end": {"line": 25, "column": 43}}}, "arguments": [{"type": "ObjectExpression", "properties": [{"type": "Property", "key": {"type": "Identifier", "name": "mobile", "loc": {"start": {"line": 26, "column": 20}, "end": {"line": 26, "column": 26}}}, "computed": false, "value": {"type": "MemberExpression", "computed": false, "object": {"type": "MemberExpression", "computed": false, "object": {"type": "Identifier", "name": "a", "loc": {"start": {"line": 26, "column": 28}, "end": {"line": 26, "column": 29}}}, "property": {"type": "Identifier", "name": "data", "loc": {"start": {"line": 26, "column": 30}, "end": {"line": 26, "column": 34}}}, "loc": {"start": {"line": 26, "column": 28}, "end": {"line": 26, "column": 34}}}, "property": {"type": "Identifier", "name": "data", "loc": {"start": {"line": 26, "column": 35}, "end": {"line": 26, "column": 39}}}, "loc": {"start": {"line": 26, "column": 28}, "end": {"line": 26, "column": 39}}}, "kind": "init", "method": false, "shorthand": false, "loc": {"start": {"line": 26, "column": 20}, "end": {"line": 26, "column": 39}}}], "loc": {"start": {"line": 25, "column": 44}, "end": {"line": 27, "column": 17}}}], "loc": {"start": {"line": 25, "column": 34}, "end": {"line": 27, "column": 18}}}, "alternate": {"type": "CallExpression", "callee": {"type": "MemberExpression", "computed": false, "object": {"type": "Identifier", "name": "e", "loc": {"start": {"line": 27, "column": 21}, "end": {"line": 27, "column": 22}}}, "property": {"type": "Identifier", "name": "show_erro", "loc": {"start": {"line": 27, "column": 23}, "end": {"line": 27, "column": 32}}}, "loc": {"start": {"line": 27, "column": 21}, "end": {"line": 27, "column": 32}}}, "arguments": [{"type": "MemberExpression", "computed": false, "object": {"type": "MemberExpression", "computed": false, "object": {"type": "Identifier", "name": "a", "loc": {"start": {"line": 27, "column": 33}, "end": {"line": 27, "column": 34}}}, "property": {"type": "Identifier", "name": "data", "loc": {"start": {"line": 27, "column": 35}, "end": {"line": 27, "column": 39}}}, "loc": {"start": {"line": 27, "column": 33}, "end": {"line": 27, "column": 39}}}, "property": {"type": "Identifier", "name": "msg", "loc": {"start": {"line": 27, "column": 40}, "end": {"line": 27, "column": 43}}}, "loc": {"start": {"line": 27, "column": 33}, "end": {"line": 27, "column": 43}}}, {"type": "Literal", "value": "error", "raw": "\"error\"", "loc": {"start": {"line": 27, "column": 45}, "end": {"line": 27, "column": 52}}}], "loc": {"start": {"line": 27, "column": 21}, "end": {"line": 27, "column": 53}}}, "loc": {"start": {"line": 25, "column": 16}, "end": {"line": 27, "column": 53}}}, "code": "1==a.data.ret?t.setData({mobile:a.data.data}):e.show_erro(a.data.msg\"error\")", "node_api": "", "node_scope": {}, "child_node": [], "parent_node": [6, 13, 19], "node_path": "D:\\WORK\\2021\\MPDF\\baseline\\ui\\998二手挖机圈\\login.js"}, {"node_id": 8, "node_type": "Pass", "node_content": {"type": "Identifier", "name": "a", "loc": {"start": {"line": 26, "column": 28}, "end": {"line": 26, "column": 29}}}, "code": "a", "node_api": "", "node_scope": {}, "child_node": [9], "parent_node": [0], "node_path": "D:\\WORK\\2021\\MPDF\\baseline\\ui\\998二手挖机圈\\login.js"}, {"node_id": 9, "node_type": "Pass", "node_content": {"type": "MemberExpression", "computed": false, "object": {"type": "Identifier", "name": "a", "loc": {"start": {"line": 26, "column": 28}, "end": {"line": 26, "column": 29}}}, "property": {"type": "Identifier", "name": "data", "loc": {"start": {"line": 26, "column": 30}, "end": {"line": 26, "column": 34}}}, "loc": {"start": {"line": 26, "column": 28}, "end": {"line": 26, "column": 34}}}, "code": "a.data", "node_api": "", "node_scope": {}, "child_node": [10], "parent_node": [8], "node_path": "D:\\WORK\\2021\\MPDF\\baseline\\ui\\998二手挖机圈\\login.js"}, {"node_id": 10, "node_type": "Pass", "node_content": {"type": "MemberExpression", "computed": false, "object": {"type": "MemberExpression", "computed": false, "object": {"type": "Identifier", "name": "a", "loc": {"start": {"line": 26, "column": 28}, "end": {"line": 26, "column": 29}}}, "property": {"type": "Identifier", "name": "data", "loc": {"start": {"line": 26, "column": 30}, "end": {"line": 26, "column": 34}}}, "loc": {"start": {"line": 26, "column": 28}, "end": {"line": 26, "column": 34}}}, "property": {"type": "Identifier", "name": "data", "loc": {"start": {"line": 26, "column": 35}, "end": {"line": 26, "column": 39}}}, "loc": {"start": {"line": 26, "column": 28}, "end": {"line": 26, "column": 39}}}, "code": "a.data.data", "node_api": "", "node_scope": {}, "child_node": [11], "parent_node": [9], "node_path": "D:\\WORK\\2021\\MPDF\\baseline\\ui\\998二手挖机圈\\login.js"}, {"node_id": 11, "node_type": "Pass", "node_content": {"type": "Property", "key": {"type": "Identifier", "name": "mobile", "loc": {"start": {"line": 26, "column": 20}, "end": {"line": 26, "column": 26}}}, "computed": false, "value": {"type": "MemberExpression", "computed": false, "object": {"type": "MemberExpression", "computed": false, "object": {"type": "Identifier", "name": "a", "loc": {"start": {"line": 26, "column": 28}, "end": {"line": 26, "column": 29}}}, "property": {"type": "Identifier", "name": "data", "loc": {"start": {"line": 26, "column": 30}, "end": {"line": 26, "column": 34}}}, "loc": {"start": {"line": 26, "column": 28}, "end": {"line": 26, "column": 34}}}, "property": {"type": "Identifier", "name": "data", "loc": {"start": {"line": 26, "column": 35}, "end": {"line": 26, "column": 39}}}, "loc": {"start": {"line": 26, "column": 28}, "end": {"line": 26, "column": 39}}}, "kind": "init", "method": false, "shorthand": false, "loc": {"start": {"line": 26, "column": 20}, "end": {"line": 26, "column": 39}}}, "code": "mobile:a.data.data", "node_api": "", "node_scope": {}, "child_node": [12], "parent_node": [10], "node_path": "D:\\WORK\\2021\\MPDF\\baseline\\ui\\998二手挖机圈\\login.js"}, {"node_id": 12, "node_type": "Pass", "node_content": {"type": "ObjectExpression", "properties": [{"type": "Property", "key": {"type": "Identifier", "name": "mobile", "loc": {"start": {"line": 26, "column": 20}, "end": {"line": 26, "column": 26}}}, "computed": false, "value": {"type": "MemberExpression", "computed": false, "object": {"type": "MemberExpression", "computed": false, "object": {"type": "Identifier", "name": "a", "loc": {"start": {"line": 26, "column": 28}, "end": {"line": 26, "column": 29}}}, "property": {"type": "Identifier", "name": "data", "loc": {"start": {"line": 26, "column": 30}, "end": {"line": 26, "column": 34}}}, "loc": {"start": {"line": 26, "column": 28}, "end": {"line": 26, "column": 34}}}, "property": {"type": "Identifier", "name": "data", "loc": {"start": {"line": 26, "column": 35}, "end": {"line": 26, "column": 39}}}, "loc": {"start": {"line": 26, "column": 28}, "end": {"line": 26, "column": 39}}}, "kind": "init", "method": false, "shorthand": false, "loc": {"start": {"line": 26, "column": 20}, "end": {"line": 26, "column": 39}}}], "loc": {"start": {"line": 25, "column": 44}, "end": {"line": 27, "column": 17}}}, "code": "{mobile:a.data.data}", "node_api": "", "node_scope": {}, "child_node": [13], "parent_node": [11], "node_path": "D:\\WORK\\2021\\MPDF\\baseline\\ui\\998二手挖机圈\\login.js"}, {"node_id": 13, "node_type": "Pass", "node_content": {"type": "CallExpression", "callee": {"type": "MemberExpression", "computed": false, "object": {"type": "Identifier", "name": "t", "loc": {"start": {"line": 25, "column": 34}, "end": {"line": 25, "column": 35}}}, "property": {"type": "Identifier", "name": "setData", "loc": {"start": {"line": 25, "column": 36}, "end": {"line": 25, "column": 43}}}, "loc": {"start": {"line": 25, "column": 34}, "end": {"line": 25, "column": 43}}}, "arguments": [{"type": "ObjectExpression", "properties": [{"type": "Property", "key": {"type": "Identifier", "name": "mobile", "loc": {"start": {"line": 26, "column": 20}, "end": {"line": 26, "column": 26}}}, "computed": false, "value": {"type": "MemberExpression", "computed": false, "object": {"type": "MemberExpression", "computed": false, "object": {"type": "Identifier", "name": "a", "loc": {"start": {"line": 26, "column": 28}, "end": {"line": 26, "column": 29}}}, "property": {"type": "Identifier", "name": "data", "loc": {"start": {"line": 26, "column": 30}, "end": {"line": 26, "column": 34}}}, "loc": {"start": {"line": 26, "column": 28}, "end": {"line": 26, "column": 34}}}, "property": {"type": "Identifier", "name": "data", "loc": {"start": {"line": 26, "column": 35}, "end": {"line": 26, "column": 39}}}, "loc": {"start": {"line": 26, "column": 28}, "end": {"line": 26, "column": 39}}}, "kind": "init", "method": false, "shorthand": false, "loc": {"start": {"line": 26, "column": 20}, "end": {"line": 26, "column": 39}}}], "loc": {"start": {"line": 25, "column": 44}, "end": {"line": 27, "column": 17}}}], "loc": {"start": {"line": 25, "column": 34}, "end": {"line": 27, "column": 18}}}, "code": "t.setData({mobile:a.data.data})", "node_api": "", "node_scope": {}, "child_node": [14, 7], "parent_node": [12], "node_path": "D:\\WORK\\2021\\MPDF\\baseline\\ui\\998二手挖机圈\\login.js"}, {"node_id": 14, "node_type": "Pass", "node_content": {"type": "MemberExpression", "computed": false, "object": {"type": "Identifier", "name": "t", "loc": {"start": {"line": 25, "column": 34}, "end": {"line": 25, "column": 35}}}, "property": {"type": "Identifier", "name": "setData", "loc": {"start": {"line": 25, "column": 36}, "end": {"line": 25, "column": 43}}}, "loc": {"start": {"line": 25, "column": 34}, "end": {"line": 25, "column": 43}}}, "code": "t.setData", "node_api": "", "node_scope": {}, "child_node": [], "parent_node": [13], "node_path": "D:\\WORK\\2021\\MPDF\\baseline\\ui\\998二手挖机圈\\login.js"}, {"node_id": 15, "node_type": "Pass", "node_content": {"type": "Identifier", "name": "t", "loc": {"start": {"line": 25, "column": 34}, "end": {"line": 25, "column": 35}}}, "code": "t", "node_api": "", "node_scope": {}, "child_node": [], "parent_node": [], "node_path": "D:\\WORK\\2021\\MPDF\\baseline\\ui\\998二手挖机圈\\login.js"}, {"node_id": 16, "node_type": "Pass", "node_content": {"type": "Identifier", "name": "a", "loc": {"start": {"line": 27, "column": 33}, "end": {"line": 27, "column": 34}}}, "code": "a", "node_api": "", "node_scope": {}, "child_node": [17], "parent_node": [0], "node_path": "D:\\WORK\\2021\\MPDF\\baseline\\ui\\998二手挖机圈\\login.js"}, {"node_id": 17, "node_type": "Pass", "node_content": {"type": "MemberExpression", "computed": false, "object": {"type": "Identifier", "name": "a", "loc": {"start": {"line": 27, "column": 33}, "end": {"line": 27, "column": 34}}}, "property": {"type": "Identifier", "name": "data", "loc": {"start": {"line": 27, "column": 35}, "end": {"line": 27, "column": 39}}}, "loc": {"start": {"line": 27, "column": 33}, "end": {"line": 27, "column": 39}}}, "code": "a.data", "node_api": "", "node_scope": {}, "child_node": [18], "parent_node": [16], "node_path": "D:\\WORK\\2021\\MPDF\\baseline\\ui\\998二手挖机圈\\login.js"}, {"node_id": 18, "node_type": "Pass", "node_content": {"type": "MemberExpression", "computed": false, "object": {"type": "MemberExpression", "computed": false, "object": {"type": "Identifier", "name": "a", "loc": {"start": {"line": 27, "column": 33}, "end": {"line": 27, "column": 34}}}, "property": {"type": "Identifier", "name": "data", "loc": {"start": {"line": 27, "column": 35}, "end": {"line": 27, "column": 39}}}, "loc": {"start": {"line": 27, "column": 33}, "end": {"line": 27, "column": 39}}}, "property": {"type": "Identifier", "name": "msg", "loc": {"start": {"line": 27, "column": 40}, "end": {"line": 27, "column": 43}}}, "loc": {"start": {"line": 27, "column": 33}, "end": {"line": 27, "column": 43}}}, "code": "a.data.msg", "node_api": "", "node_scope": {}, "child_node": [19], "parent_node": [17], "node_path": "D:\\WORK\\2021\\MPDF\\baseline\\ui\\998二手挖机圈\\login.js"}, {"node_id": 19, "node_type": "Pass", "node_content": {"type": "CallExpression", "callee": {"type": "MemberExpression", "computed": false, "object": {"type": "Identifier", "name": "e", "loc": {"start": {"line": 27, "column": 21}, "end": {"line": 27, "column": 22}}}, "property": {"type": "Identifier", "name": "show_erro", "loc": {"start": {"line": 27, "column": 23}, "end": {"line": 27, "column": 32}}}, "loc": {"start": {"line": 27, "column": 21}, "end": {"line": 27, "column": 32}}}, "arguments": [{"type": "MemberExpression", "computed": false, "object": {"type": "MemberExpression", "computed": false, "object": {"type": "Identifier", "name": "a", "loc": {"start": {"line": 27, "column": 33}, "end": {"line": 27, "column": 34}}}, "property": {"type": "Identifier", "name": "data", "loc": {"start": {"line": 27, "column": 35}, "end": {"line": 27, "column": 39}}}, "loc": {"start": {"line": 27, "column": 33}, "end": {"line": 27, "column": 39}}}, "property": {"type": "Identifier", "name": "msg", "loc": {"start": {"line": 27, "column": 40}, "end": {"line": 27, "column": 43}}}, "loc": {"start": {"line": 27, "column": 33}, "end": {"line": 27, "column": 43}}}, {"type": "Literal", "value": "error", "raw": "\"error\"", "loc": {"start": {"line": 27, "column": 45}, "end": {"line": 27, "column": 52}}}], "loc": {"start": {"line": 27, "column": 21}, "end": {"line": 27, "column": 53}}}, "code": "e.show_erro(a.data.msg\"error\")", "node_api": "", "node_scope": {}, "child_node": [7], "parent_node": [18], "node_path": "D:\\WORK\\2021\\MPDF\\baseline\\ui\\998二手挖机圈\\login.js"}, {"node_id": 20, "node_type": "Source", "node_content": {"type": "CallExpression", "callee": {"type": "MemberExpression", "computed": false, "object": {"type": "Identifier", "name": "wx", "loc": {"start": {"line": 49, "column": 12}, "end": {"line": 49, "column": 14}}}, "property": {"type": "Identifier", "name": "request", "loc": {"start": {"line": 49, "column": 15}, "end": {"line": 49, "column": 22}}}, "loc": {"start": {"line": 49, "column": 12}, "end": {"line": 49, "column": 22}}}, "arguments": [{"type": "ObjectExpression", "properties": [{"type": "Property", "key": {"type": "Identifier", "name": "url", "loc": {"start": {"line": 50, "column": 16}, "end": {"line": 50, "column": 19}}}, "computed": false, "value": {"type": "Literal", "value": "https://api.998jx.com/micro/account/user_register", "raw": "\"https://api.998jx.com/micro/account/user_register\"", "loc": {"start": {"line": 50, "column": 21}, "end": {"line": 50, "column": 72}}}, "kind": "init", "method": false, "shorthand": false, "loc": {"start": {"line": 50, "column": 16}, "end": {"line": 50, "column": 72}}}, {"type": "Property", "key": {"type": "Identifier", "name": "method", "loc": {"start": {"line": 51, "column": 16}, "end": {"line": 51, "column": 22}}}, "computed": false, "value": {"type": "Literal", "value": "POST", "raw": "\"POST\"", "loc": {"start": {"line": 51, "column": 24}, "end": {"line": 51, "column": 30}}}, "kind": "init", "method": false, "shorthand": false, "loc": {"start": {"line": 51, "column": 16}, "end": {"line": 51, "column": 30}}}, {"type": "Property", "key": {"type": "Identifier", "name": "header", "loc": {"start": {"line": 52, "column": 16}, "end": {"line": 52, "column": 22}}}, "computed": false, "value": {"type": "ObjectExpression", "properties": [{"type": "Property", "key": {"type": "Literal", "value": "Content-Type", "raw": "\"Content-Type\"", "loc": {"start": {"line": 53, "column": 20}, "end": {"line": 53, "column": 34}}}, "computed": false, "value": {"type": "Literal", "value": "application/x-www-form-urlencoded", "raw": "\"application/x-www-form-urlencoded\"", "loc": {"start": {"line": 53, "column": 36}, "end": {"line": 53, "column": 71}}}, "kind": "init", "method": false, "shorthand": false, "loc": {"start": {"line": 53, "column": 20}, "end": {"line": 53, "column": 71}}}], "loc": {"start": {"line": 52, "column": 24}, "end": {"line": 54, "column": 17}}}, "kind": "init", "method": false, "shorthand": false, "loc": {"start": {"line": 52, "column": 16}, "end": {"line": 54, "column": 17}}}, {"type": "Property", "key": {"type": "Identifier", "name": "data", "loc": {"start": {"line": 55, "column": 16}, "end": {"line": 55, "column": 20}}}, "computed": false, "value": {"type": "Identifier", "name": "c", "loc": {"start": {"line": 55, "column": 22}, "end": {"line": 55, "column": 23}}}, "kind": "init", "method": false, "shorthand": false, "loc": {"start": {"line": 55, "column": 16}, "end": {"line": 55, "column": 23}}}, {"type": "Property", "key": {"type": "Identifier", "name": "success", "loc": {"start": {"line": 56, "column": 16}, "end": {"line": 56, "column": 23}}}, "computed": false, "value": {"type": "FunctionExpression", "id": null, "params": [{"type": "Identifier", "name": "a", "loc": {"start": {"line": 56, "column": 34}, "end": {"line": 56, "column": 35}}}], "body": {"type": "BlockStatement", "body": [{"type": "ExpressionStatement", "expression": {"type": "ConditionalExpression", "test": {"type": "BinaryExpression", "operator": "==", "left": {"type": "Literal", "value": 0, "raw": "0", "loc": {"start": {"line": 57, "column": 20}, "end": {"line": 57, "column": 21}}}, "right": {"type": "MemberExpression", "computed": false, "object": {"type": "MemberExpression", "computed": false, "object": {"type": "Identifier", "name": "a", "loc": {"start": {"line": 57, "column": 25}, "end": {"line": 57, "column": 26}}}, "property": {"type": "Identifier", "name": "data", "loc": {"start": {"line": 57, "column": 27}, "end": {"line": 57, "column": 31}}}, "loc": {"start": {"line": 57, "column": 25}, "end": {"line": 57, "column": 31}}}, "property": {"type": "Identifier", "name": "ret", "loc": {"start": {"line": 57, "column": 32}, "end": {"line": 57, "column": 35}}}, "loc": {"start": {"line": 57, "column": 25}, "end": {"line": 57, "column": 35}}}, "loc": {"start": {"line": 57, "column": 20}, "end": {"line": 57, "column": 35}}}, "consequent": {"type": "CallExpression", "callee": {"type": "MemberExpression", "computed": false, "object": {"type": "Identifier", "name": "e", "loc": {"start": {"line": 57, "column": 38}, "end": {"line": 57, "column": 39}}}, "property": {"type": "Identifier", "name": "show_erro", "loc": {"start": {"line": 57, "column": 40}, "end": {"line": 57, "column": 49}}}, "loc": {"start": {"line": 57, "column": 38}, "end": {"line": 57, "column": 49}}}, "arguments": [{"type": "MemberExpression", "computed": false, "object": {"type": "MemberExpression", "computed": false, "object": {"type": "Identifier", "name": "a", "loc": {"start": {"line": 57, "column": 50}, "end": {"line": 57, "column": 51}}}, "property": {"type": "Identifier", "name": "data", "loc": {"start": {"line": 57, "column": 52}, "end": {"line": 57, "column": 56}}}, "loc": {"start": {"line": 57, "column": 50}, "end": {"line": 57, "column": 56}}}, "property": {"type": "Identifier", "name": "msg", "loc": {"start": {"line": 57, "column": 57}, "end": {"line": 57, "column": 60}}}, "loc": {"start": {"line": 57, "column": 50}, "end": {"line": 57, "column": 60}}}, {"type": "Literal", "value": "error", "raw": "\"error\"", "loc": {"start": {"line": 57, "column": 62}, "end": {"line": 57, "column": 69}}}], "loc": {"start": {"line": 57, "column": 38}, "end": {"line": 57, "column": 70}}}, "alternate": {"type": "SequenceExpression", "expressions": [{"type": "AssignmentExpression", "operator": "=", "left": {"type": "MemberExpression", "computed": false, "object": {"type": "MemberExpression", "computed": false, "object": {"type": "Identifier", "name": "e", "loc": {"start": {"line": 57, "column": 74}, "end": {"line": 57, "column": 75}}}, "property": {"type": "Identifier", "name": "globalData", "loc": {"start": {"line": 57, "column": 76}, "end": {"line": 57, "column": 86}}}, "loc": {"start": {"line": 57, "column": 74}, "end": {"line": 57, "column": 86}}}, "property": {"type": "Identifier", "name": "userInfo", "loc": {"start": {"line": 57, "column": 87}, "end": {"line": 57, "column": 95}}}, "loc": {"start": {"line": 57, "column": 74}, "end": {"line": 57, "column": 95}}}, "right": {"type": "MemberExpression", "computed": false, "object": {"type": "MemberExpression", "computed": false, "object": {"type": "Identifier", "name": "a", "loc": {"start": {"line": 57, "column": 98}, "end": {"line": 57, "column": 99}}}, "property": {"type": "Identifier", "name": "data", "loc": {"start": {"line": 57, "column": 100}, "end": {"line": 57, "column": 104}}}, "loc": {"start": {"line": 57, "column": 98}, "end": {"line": 57, "column": 104}}}, "property": {"type": "Identifier", "name": "userInfo", "loc": {"start": {"line": 57, "column": 105}, "end": {"line": 57, "column": 113}}}, "loc": {"start": {"line": 57, "column": 98}, "end": {"line": 57, "column": 113}}}, "loc": {"start": {"line": 57, "column": 74}, "end": {"line": 57, "column": 113}}}, {"type": "CallExpression", "callee": {"type": "MemberExpression", "computed": false, "object": {"type": "Identifier", "name": "wx", "loc": {"start": {"line": 58, "column": 20}, "end": {"line": 58, "column": 22}}}, "property": {"type": "Identifier", "name": "reLaunch", "loc": {"start": {"line": 58, "column": 23}, "end": {"line": 58, "column": 31}}}, "loc": {"start": {"line": 58, "column": 20}, "end": {"line": 58, "column": 31}}}, "arguments": [{"type": "ObjectExpression", "properties": [{"type": "Property", "key": {"type": "Identifier", "name": "url", "loc": {"start": {"line": 59, "column": 24}, "end": {"line": 59, "column": 27}}}, "computed": false, "value": {"type": "Literal", "value": "/pages/index/index", "raw": "\"/pages/index/index\"", "loc": {"start": {"line": 59, "column": 29}, "end": {"line": 59, "column": 49}}}, "kind": "init", "method": false, "shorthand": false, "loc": {"start": {"line": 59, "column": 24}, "end": {"line": 59, "column": 49}}}], "loc": {"start": {"line": 58, "column": 32}, "end": {"line": 60, "column": 21}}}], "loc": {"start": {"line": 58, "column": 20}, "end": {"line": 60, "column": 22}}}], "loc": {"start": {"line": 57, "column": 74}, "end": {"line": 60, "column": 22}}}, "loc": {"start": {"line": 57, "column": 20}, "end": {"line": 60, "column": 23}}}, "loc": {"start": {"line": 57, "column": 20}, "end": {"line": 60, "column": 24}}}], "loc": {"start": {"line": 56, "column": 37}, "end": {"line": 61, "column": 17}}}, "generator": false, "expression": false, "async": false, "loc": {"start": {"line": 56, "column": 25}, "end": {"line": 61, "column": 17}}}, "kind": "init", "method": false, "shorthand": false, "loc": {"start": {"line": 56, "column": 16}, "end": {"line": 61, "column": 17}}}], "loc": {"start": {"line": 49, "column": 23}, "end": {"line": 62, "column": 13}}}], "loc": {"start": {"line": 49, "column": 12}, "end": {"line": 62, "column": 14}}}, "code": "wx.request({url:\"https://api.998jx.com/micro/account/user_register\",method:\"POST\",header:{\"Content-Type\":\"application/x-www-form-urlencoded\"},data:c,success:function(a){...}})", "node_api": "wx.request", "node_scope": {}, "child_node": [22, 27, 31], "parent_node": [], "node_path": "D:\\WORK\\2021\\MPDF\\baseline\\ui\\998二手挖机圈\\login.js", "source_string": " https://api.998jx.com/micro/account/user_register", "predict_personal_information": ["用户个人信息标识"]}, {"node_id": 21, "node_type": "Pass", "node_content": {"type": "Identifier", "name": "a", "loc": {"start": {"line": 56, "column": 34}, "end": {"line": 56, "column": 35}}}, "code": "a", "node_api": "", "node_scope": {}, "child_node": [], "parent_node": [], "node_path": "D:\\WORK\\2021\\MPDF\\baseline\\ui\\998二手挖机圈\\login.js"}, {"node_id": 22, "node_type": "Pass", "node_content": {"type": "Identifier", "name": "a", "loc": {"start": {"line": 57, "column": 25}, "end": {"line": 57, "column": 26}}}, "code": "a", "node_api": "", "node_scope": {}, "child_node": [23], "parent_node": [20], "node_path": "D:\\WORK\\2021\\MPDF\\baseline\\ui\\998二手挖机圈\\login.js"}, {"node_id": 23, "node_type": "Pass", "node_content": {"type": "MemberExpression", "computed": false, "object": {"type": "Identifier", "name": "a", "loc": {"start": {"line": 57, "column": 25}, "end": {"line": 57, "column": 26}}}, "property": {"type": "Identifier", "name": "data", "loc": {"start": {"line": 57, "column": 27}, "end": {"line": 57, "column": 31}}}, "loc": {"start": {"line": 57, "column": 25}, "end": {"line": 57, "column": 31}}}, "code": "a.data", "node_api": "", "node_scope": {}, "child_node": [24], "parent_node": [22], "node_path": "D:\\WORK\\2021\\MPDF\\baseline\\ui\\998二手挖机圈\\login.js"}, {"node_id": 24, "node_type": "Pass", "node_content": {"type": "MemberExpression", "computed": false, "object": {"type": "MemberExpression", "computed": false, "object": {"type": "Identifier", "name": "a", "loc": {"start": {"line": 57, "column": 25}, "end": {"line": 57, "column": 26}}}, "property": {"type": "Identifier", "name": "data", "loc": {"start": {"line": 57, "column": 27}, "end": {"line": 57, "column": 31}}}, "loc": {"start": {"line": 57, "column": 25}, "end": {"line": 57, "column": 31}}}, "property": {"type": "Identifier", "name": "ret", "loc": {"start": {"line": 57, "column": 32}, "end": {"line": 57, "column": 35}}}, "loc": {"start": {"line": 57, "column": 25}, "end": {"line": 57, "column": 35}}}, "code": "a.data.ret", "node_api": "", "node_scope": {}, "child_node": [25], "parent_node": [23], "node_path": "D:\\WORK\\2021\\MPDF\\baseline\\ui\\998二手挖机圈\\login.js"}, {"node_id": 25, "node_type": "Pass", "node_content": {"type": "BinaryExpression", "operator": "==", "left": {"type": "Literal", "value": 0, "raw": "0", "loc": {"start": {"line": 57, "column": 20}, "end": {"line": 57, "column": 21}}}, "right": {"type": "MemberExpression", "computed": false, "object": {"type": "MemberExpression", "computed": false, "object": {"type": "Identifier", "name": "a", "loc": {"start": {"line": 57, "column": 25}, "end": {"line": 57, "column": 26}}}, "property": {"type": "Identifier", "name": "data", "loc": {"start": {"line": 57, "column": 27}, "end": {"line": 57, "column": 31}}}, "loc": {"start": {"line": 57, "column": 25}, "end": {"line": 57, "column": 31}}}, "property": {"type": "Identifier", "name": "ret", "loc": {"start": {"line": 57, "column": 32}, "end": {"line": 57, "column": 35}}}, "loc": {"start": {"line": 57, "column": 25}, "end": {"line": 57, "column": 35}}}, "loc": {"start": {"line": 57, "column": 20}, "end": {"line": 57, "column": 35}}}, "code": "0==a.data.ret", "node_api": "", "node_scope": {}, "child_node": [26], "parent_node": [24], "node_path": "D:\\WORK\\2021\\MPDF\\baseline\\ui\\998二手挖机圈\\login.js"}, {"node_id": 26, "node_type": "Pass", "node_content": {"type": "ConditionalExpression", "test": {"type": "BinaryExpression", "operator": "==", "left": {"type": "Literal", "value": 0, "raw": "0", "loc": {"start": {"line": 57, "column": 20}, "end": {"line": 57, "column": 21}}}, "right": {"type": "MemberExpression", "computed": false, "object": {"type": "MemberExpression", "computed": false, "object": {"type": "Identifier", "name": "a", "loc": {"start": {"line": 57, "column": 25}, "end": {"line": 57, "column": 26}}}, "property": {"type": "Identifier", "name": "data", "loc": {"start": {"line": 57, "column": 27}, "end": {"line": 57, "column": 31}}}, "loc": {"start": {"line": 57, "column": 25}, "end": {"line": 57, "column": 31}}}, "property": {"type": "Identifier", "name": "ret", "loc": {"start": {"line": 57, "column": 32}, "end": {"line": 57, "column": 35}}}, "loc": {"start": {"line": 57, "column": 25}, "end": {"line": 57, "column": 35}}}, "loc": {"start": {"line": 57, "column": 20}, "end": {"line": 57, "column": 35}}}, "consequent": {"type": "CallExpression", "callee": {"type": "MemberExpression", "computed": false, "object": {"type": "Identifier", "name": "e", "loc": {"start": {"line": 57, "column": 38}, "end": {"line": 57, "column": 39}}}, "property": {"type": "Identifier", "name": "show_erro", "loc": {"start": {"line": 57, "column": 40}, "end": {"line": 57, "column": 49}}}, "loc": {"start": {"line": 57, "column": 38}, "end": {"line": 57, "column": 49}}}, "arguments": [{"type": "MemberExpression", "computed": false, "object": {"type": "MemberExpression", "computed": false, "object": {"type": "Identifier", "name": "a", "loc": {"start": {"line": 57, "column": 50}, "end": {"line": 57, "column": 51}}}, "property": {"type": "Identifier", "name": "data", "loc": {"start": {"line": 57, "column": 52}, "end": {"line": 57, "column": 56}}}, "loc": {"start": {"line": 57, "column": 50}, "end": {"line": 57, "column": 56}}}, "property": {"type": "Identifier", "name": "msg", "loc": {"start": {"line": 57, "column": 57}, "end": {"line": 57, "column": 60}}}, "loc": {"start": {"line": 57, "column": 50}, "end": {"line": 57, "column": 60}}}, {"type": "Literal", "value": "error", "raw": "\"error\"", "loc": {"start": {"line": 57, "column": 62}, "end": {"line": 57, "column": 69}}}], "loc": {"start": {"line": 57, "column": 38}, "end": {"line": 57, "column": 70}}}, "alternate": {"type": "SequenceExpression", "expressions": [{"type": "AssignmentExpression", "operator": "=", "left": {"type": "MemberExpression", "computed": false, "object": {"type": "MemberExpression", "computed": false, "object": {"type": "Identifier", "name": "e", "loc": {"start": {"line": 57, "column": 74}, "end": {"line": 57, "column": 75}}}, "property": {"type": "Identifier", "name": "globalData", "loc": {"start": {"line": 57, "column": 76}, "end": {"line": 57, "column": 86}}}, "loc": {"start": {"line": 57, "column": 74}, "end": {"line": 57, "column": 86}}}, "property": {"type": "Identifier", "name": "userInfo", "loc": {"start": {"line": 57, "column": 87}, "end": {"line": 57, "column": 95}}}, "loc": {"start": {"line": 57, "column": 74}, "end": {"line": 57, "column": 95}}}, "right": {"type": "MemberExpression", "computed": false, "object": {"type": "MemberExpression", "computed": false, "object": {"type": "Identifier", "name": "a", "loc": {"start": {"line": 57, "column": 98}, "end": {"line": 57, "column": 99}}}, "property": {"type": "Identifier", "name": "data", "loc": {"start": {"line": 57, "column": 100}, "end": {"line": 57, "column": 104}}}, "loc": {"start": {"line": 57, "column": 98}, "end": {"line": 57, "column": 104}}}, "property": {"type": "Identifier", "name": "userInfo", "loc": {"start": {"line": 57, "column": 105}, "end": {"line": 57, "column": 113}}}, "loc": {"start": {"line": 57, "column": 98}, "end": {"line": 57, "column": 113}}}, "loc": {"start": {"line": 57, "column": 74}, "end": {"line": 57, "column": 113}}}, {"type": "CallExpression", "callee": {"type": "MemberExpression", "computed": false, "object": {"type": "Identifier", "name": "wx", "loc": {"start": {"line": 58, "column": 20}, "end": {"line": 58, "column": 22}}}, "property": {"type": "Identifier", "name": "reLaunch", "loc": {"start": {"line": 58, "column": 23}, "end": {"line": 58, "column": 31}}}, "loc": {"start": {"line": 58, "column": 20}, "end": {"line": 58, "column": 31}}}, "arguments": [{"type": "ObjectExpression", "properties": [{"type": "Property", "key": {"type": "Identifier", "name": "url", "loc": {"start": {"line": 59, "column": 24}, "end": {"line": 59, "column": 27}}}, "computed": false, "value": {"type": "Literal", "value": "/pages/index/index", "raw": "\"/pages/index/index\"", "loc": {"start": {"line": 59, "column": 29}, "end": {"line": 59, "column": 49}}}, "kind": "init", "method": false, "shorthand": false, "loc": {"start": {"line": 59, "column": 24}, "end": {"line": 59, "column": 49}}}], "loc": {"start": {"line": 58, "column": 32}, "end": {"line": 60, "column": 21}}}], "loc": {"start": {"line": 58, "column": 20}, "end": {"line": 60, "column": 22}}}], "loc": {"start": {"line": 57, "column": 74}, "end": {"line": 60, "column": 22}}}, "loc": {"start": {"line": 57, "column": 20}, "end": {"line": 60, "column": 23}}}, "code": "0==a.data.ret?e.show_erro(a.data.msg\"error\"):e.globalData.userInfo=a.data.userInfo,wx.reLaunch({url:\"/pages/index/index\"})", "node_api": "", "node_scope": {}, "child_node": [], "parent_node": [25, 30], "node_path": "D:\\WORK\\2021\\MPDF\\baseline\\ui\\998二手挖机圈\\login.js"}, {"node_id": 27, "node_type": "Pass", "node_content": {"type": "Identifier", "name": "a", "loc": {"start": {"line": 57, "column": 50}, "end": {"line": 57, "column": 51}}}, "code": "a", "node_api": "", "node_scope": {}, "child_node": [28], "parent_node": [20], "node_path": "D:\\WORK\\2021\\MPDF\\baseline\\ui\\998二手挖机圈\\login.js"}, {"node_id": 28, "node_type": "Pass", "node_content": {"type": "MemberExpression", "computed": false, "object": {"type": "Identifier", "name": "a", "loc": {"start": {"line": 57, "column": 50}, "end": {"line": 57, "column": 51}}}, "property": {"type": "Identifier", "name": "data", "loc": {"start": {"line": 57, "column": 52}, "end": {"line": 57, "column": 56}}}, "loc": {"start": {"line": 57, "column": 50}, "end": {"line": 57, "column": 56}}}, "code": "a.data", "node_api": "", "node_scope": {}, "child_node": [29], "parent_node": [27], "node_path": "D:\\WORK\\2021\\MPDF\\baseline\\ui\\998二手挖机圈\\login.js"}, {"node_id": 29, "node_type": "Pass", "node_content": {"type": "MemberExpression", "computed": false, "object": {"type": "MemberExpression", "computed": false, "object": {"type": "Identifier", "name": "a", "loc": {"start": {"line": 57, "column": 50}, "end": {"line": 57, "column": 51}}}, "property": {"type": "Identifier", "name": "data", "loc": {"start": {"line": 57, "column": 52}, "end": {"line": 57, "column": 56}}}, "loc": {"start": {"line": 57, "column": 50}, "end": {"line": 57, "column": 56}}}, "property": {"type": "Identifier", "name": "msg", "loc": {"start": {"line": 57, "column": 57}, "end": {"line": 57, "column": 60}}}, "loc": {"start": {"line": 57, "column": 50}, "end": {"line": 57, "column": 60}}}, "code": "a.data.msg", "node_api": "", "node_scope": {}, "child_node": [30], "parent_node": [28], "node_path": "D:\\WORK\\2021\\MPDF\\baseline\\ui\\998二手挖机圈\\login.js"}, {"node_id": 30, "node_type": "Pass", "node_content": {"type": "CallExpression", "callee": {"type": "MemberExpression", "computed": false, "object": {"type": "Identifier", "name": "e", "loc": {"start": {"line": 57, "column": 38}, "end": {"line": 57, "column": 39}}}, "property": {"type": "Identifier", "name": "show_erro", "loc": {"start": {"line": 57, "column": 40}, "end": {"line": 57, "column": 49}}}, "loc": {"start": {"line": 57, "column": 38}, "end": {"line": 57, "column": 49}}}, "arguments": [{"type": "MemberExpression", "computed": false, "object": {"type": "MemberExpression", "computed": false, "object": {"type": "Identifier", "name": "a", "loc": {"start": {"line": 57, "column": 50}, "end": {"line": 57, "column": 51}}}, "property": {"type": "Identifier", "name": "data", "loc": {"start": {"line": 57, "column": 52}, "end": {"line": 57, "column": 56}}}, "loc": {"start": {"line": 57, "column": 50}, "end": {"line": 57, "column": 56}}}, "property": {"type": "Identifier", "name": "msg", "loc": {"start": {"line": 57, "column": 57}, "end": {"line": 57, "column": 60}}}, "loc": {"start": {"line": 57, "column": 50}, "end": {"line": 57, "column": 60}}}, {"type": "Literal", "value": "error", "raw": "\"error\"", "loc": {"start": {"line": 57, "column": 62}, "end": {"line": 57, "column": 69}}}], "loc": {"start": {"line": 57, "column": 38}, "end": {"line": 57, "column": 70}}}, "code": "e.show_erro(a.data.msg\"error\")", "node_api": "", "node_scope": {}, "child_node": [26], "parent_node": [29], "node_path": "D:\\WORK\\2021\\MPDF\\baseline\\ui\\998二手挖机圈\\login.js"}, {"node_id": 31, "node_type": "Pass", "node_content": {"type": "Identifier", "name": "a", "loc": {"start": {"line": 57, "column": 98}, "end": {"line": 57, "column": 99}}}, "code": "a", "node_api": "", "node_scope": {}, "child_node": [32], "parent_node": [20], "node_path": "D:\\WORK\\2021\\MPDF\\baseline\\ui\\998二手挖机圈\\login.js"}, {"node_id": 32, "node_type": "Pass", "node_content": {"type": "MemberExpression", "computed": false, "object": {"type": "Identifier", "name": "a", "loc": {"start": {"line": 57, "column": 98}, "end": {"line": 57, "column": 99}}}, "property": {"type": "Identifier", "name": "data", "loc": {"start": {"line": 57, "column": 100}, "end": {"line": 57, "column": 104}}}, "loc": {"start": {"line": 57, "column": 98}, "end": {"line": 57, "column": 104}}}, "code": "a.data", "node_api": "", "node_scope": {}, "child_node": [33], "parent_node": [31], "node_path": "D:\\WORK\\2021\\MPDF\\baseline\\ui\\998二手挖机圈\\login.js"}, {"node_id": 33, "node_type": "Pass", "node_content": {"type": "MemberExpression", "computed": false, "object": {"type": "MemberExpression", "computed": false, "object": {"type": "Identifier", "name": "a", "loc": {"start": {"line": 57, "column": 98}, "end": {"line": 57, "column": 99}}}, "property": {"type": "Identifier", "name": "data", "loc": {"start": {"line": 57, "column": 100}, "end": {"line": 57, "column": 104}}}, "loc": {"start": {"line": 57, "column": 98}, "end": {"line": 57, "column": 104}}}, "property": {"type": "Identifier", "name": "userInfo", "loc": {"start": {"line": 57, "column": 105}, "end": {"line": 57, "column": 113}}}, "loc": {"start": {"line": 57, "column": 98}, "end": {"line": 57, "column": 113}}}, "code": "a.data.userInfo", "node_api": "", "node_scope": {}, "child_node": [34], "parent_node": [32], "node_path": "D:\\WORK\\2021\\MPDF\\baseline\\ui\\998二手挖机圈\\login.js"}, {"node_id": 34, "node_type": "Pass", "node_content": {"type": "AssignmentExpression", "operator": "=", "left": {"type": "MemberExpression", "computed": false, "object": {"type": "MemberExpression", "computed": false, "object": {"type": "Identifier", "name": "e", "loc": {"start": {"line": 57, "column": 74}, "end": {"line": 57, "column": 75}}}, "property": {"type": "Identifier", "name": "globalData", "loc": {"start": {"line": 57, "column": 76}, "end": {"line": 57, "column": 86}}}, "loc": {"start": {"line": 57, "column": 74}, "end": {"line": 57, "column": 86}}}, "property": {"type": "Identifier", "name": "userInfo", "loc": {"start": {"line": 57, "column": 87}, "end": {"line": 57, "column": 95}}}, "loc": {"start": {"line": 57, "column": 74}, "end": {"line": 57, "column": 95}}}, "right": {"type": "MemberExpression", "computed": false, "object": {"type": "MemberExpression", "computed": false, "object": {"type": "Identifier", "name": "a", "loc": {"start": {"line": 57, "column": 98}, "end": {"line": 57, "column": 99}}}, "property": {"type": "Identifier", "name": "data", "loc": {"start": {"line": 57, "column": 100}, "end": {"line": 57, "column": 104}}}, "loc": {"start": {"line": 57, "column": 98}, "end": {"line": 57, "column": 104}}}, "property": {"type": "Identifier", "name": "userInfo", "loc": {"start": {"line": 57, "column": 105}, "end": {"line": 57, "column": 113}}}, "loc": {"start": {"line": 57, "column": 98}, "end": {"line": 57, "column": 113}}}, "loc": {"start": {"line": 57, "column": 74}, "end": {"line": 57, "column": 113}}}, "code": "e.globalData.userInfo=a.data.userInfo", "node_api": "", "node_scope": {}, "child_node": [35], "parent_node": [33], "node_path": "D:\\WORK\\2021\\MPDF\\baseline\\ui\\998二手挖机圈\\login.js"}, {"node_id": 35, "node_type": "Pass", "node_content": {"type": "MemberExpression", "computed": false, "object": {"type": "Identifier", "name": "e", "loc": {"start": {"line": 57, "column": 74}, "end": {"line": 57, "column": 75}}}, "property": {"type": "Identifier", "name": "globalData", "loc": {"start": {"line": 57, "column": 76}, "end": {"line": 57, "column": 86}}}, "loc": {"start": {"line": 57, "column": 74}, "end": {"line": 57, "column": 86}}}, "code": "e.globalData", "node_api": "", "node_scope": {}, "child_node": [], "parent_node": [34], "node_path": "D:\\WORK\\2021\\MPDF\\baseline\\ui\\998二手挖机圈\\login.js"}]