[{"id": 0, "type": "[document]", "string": null, "attribute": {}, "referenceVariable": [], "referenceFunction": [], "style": [], "inheritClass": null, "wxss": [], "page": null, "path": "D:\\WORK\\2021\\MPDF\\baseline\\ui\\998二手挖机圈\\login.wxml", "child": [1, 3], "parent": null, "matchString": []}, {"id": 1, "type": "view", "string": null, "attribute": {"style": "background:#EBFDF5;  font-size:12px; padding:8px 10px; color:#666"}, "referenceVariable": [], "referenceFunction": [], "style": [], "inheritClass": null, "wxss": [], "page": null, "path": "D:\\WORK\\2021\\MPDF\\baseline\\ui\\998二手挖机圈\\login.wxml", "child": [2], "parent": 0, "matchString": []}, {"id": 2, "type": "icon", "string": null, "attribute": {"color": "green", "size": "16", "style": "vertical-align:middle", "type": "waiting"}, "referenceVariable": [], "referenceFunction": [], "style": [], "inheritClass": null, "wxss": [], "page": null, "path": "D:\\WORK\\2021\\MPDF\\baseline\\ui\\998二手挖机圈\\login.wxml", "child": [], "parent": 1, "matchString": []}, {"id": 3, "type": "form", "string": null, "attribute": {"bindsubmit": "formSubmit"}, "referenceVariable": [], "referenceFunction": ["formSubmit"], "style": [], "inheritClass": null, "wxss": [], "page": null, "path": "D:\\WORK\\2021\\MPDF\\baseline\\ui\\998二手挖机圈\\login.wxml", "child": [4, 21], "parent": 0, "matchString": []}, {"id": 4, "type": "view", "string": null, "attribute": {"class": ["weui-cells", "weui-cells_after-title"]}, "referenceVariable": [], "referenceFunction": [], "style": [], "inheritClass": null, "wxss": [], "page": null, "path": "D:\\WORK\\2021\\MPDF\\baseline\\ui\\998二手挖机圈\\login.wxml", "child": [5, 12], "parent": 3, "matchString": ["\n   注册\n", "submit", "getUserInfo"]}, {"id": 5, "type": "view", "string": null, "attribute": {"class": ["weui-cell", "weui-cell_input"]}, "referenceVariable": [], "referenceFunction": [], "style": [], "inheritClass": null, "wxss": [], "page": null, "path": "D:\\WORK\\2021\\MPDF\\baseline\\ui\\998二手挖机圈\\login.wxml", "child": [6, 8, 10], "parent": 4, "matchString": []}, {"id": 6, "type": "view", "string": null, "attribute": {"class": ["weui-cell__hd"]}, "referenceVariable": [], "referenceFunction": [], "style": [], "inheritClass": null, "wxss": [], "page": null, "path": "D:\\WORK\\2021\\MPDF\\baseline\\ui\\998二手挖机圈\\login.wxml", "child": [7], "parent": 5, "matchString": ["{{ckname}}"]}, {"id": 7, "type": "view", "string": "联系人", "attribute": {"class": ["weui-label"]}, "referenceVariable": [], "referenceFunction": [], "style": [], "inheritClass": null, "wxss": [], "page": null, "path": "D:\\WORK\\2021\\MPDF\\baseline\\ui\\998二手挖机圈\\login.wxml", "child": [], "parent": 6, "matchString": ["联系人"]}, {"id": 8, "type": "view", "string": null, "attribute": {"class": ["weui-cell__bd"]}, "referenceVariable": [], "referenceFunction": [], "style": [], "inheritClass": null, "wxss": [], "page": null, "path": "D:\\WORK\\2021\\MPDF\\baseline\\ui\\998二手挖机圈\\login.wxml", "child": [9], "parent": 5, "matchString": ["{{ckname}}"]}, {"id": 9, "type": "input", "string": null, "attribute": {"class": ["weui-input"], "name": "contact_name", "placeholder": "请输入姓名"}, "referenceVariable": [], "referenceFunction": [], "style": [], "inheritClass": null, "wxss": [], "page": null, "path": "D:\\WORK\\2021\\MPDF\\baseline\\ui\\998二手挖机圈\\login.wxml", "child": [], "parent": 8, "matchString": ["contact_name", "请输入姓名"]}, {"id": 10, "type": "view", "string": null, "attribute": {"class": ["weui-cell__ft"], "wx:if": "{{ckname}}"}, "referenceVariable": ["ckname"], "referenceFunction": [], "style": [], "inheritClass": null, "wxss": [], "page": null, "path": "D:\\WORK\\2021\\MPDF\\baseline\\ui\\998二手挖机圈\\login.wxml", "child": [11], "parent": 5, "matchString": ["{{ckname}}"]}, {"id": 11, "type": "icon", "string": null, "attribute": {"color": "#E64340", "size": "18", "type": "warn"}, "referenceVariable": [], "referenceFunction": [], "style": [], "inheritClass": null, "wxss": [], "page": null, "path": "D:\\WORK\\2021\\MPDF\\baseline\\ui\\998二手挖机圈\\login.wxml", "child": [], "parent": 10, "matchString": []}, {"id": 12, "type": "view", "string": null, "attribute": {"class": ["weui-cell", "weui-cell_input", "weui-cell_vcode"]}, "referenceVariable": [], "referenceFunction": [], "style": [], "inheritClass": null, "wxss": [], "page": null, "path": "D:\\WORK\\2021\\MPDF\\baseline\\ui\\998二手挖机圈\\login.wxml", "child": [13, 15, 17, 19], "parent": 4, "matchString": []}, {"id": 13, "type": "view", "string": null, "attribute": {"class": ["weui-cell__hd"]}, "referenceVariable": [], "referenceFunction": [], "style": [], "inheritClass": null, "wxss": [], "page": null, "path": "D:\\WORK\\2021\\MPDF\\baseline\\ui\\998二手挖机圈\\login.wxml", "child": [14], "parent": 12, "matchString": ["{{ckmobile}}"]}, {"id": 14, "type": "view", "string": "手机号", "attribute": {"class": ["weui-label"]}, "referenceVariable": [], "referenceFunction": [], "style": [], "inheritClass": null, "wxss": [], "page": null, "path": "D:\\WORK\\2021\\MPDF\\baseline\\ui\\998二手挖机圈\\login.wxml", "child": [], "parent": 13, "matchString": ["手机号"]}, {"id": 15, "type": "view", "string": null, "attribute": {"class": ["weui-cell__bd"]}, "referenceVariable": [], "referenceFunction": [], "style": [], "inheritClass": null, "wxss": [], "page": null, "path": "D:\\WORK\\2021\\MPDF\\baseline\\ui\\998二手挖机圈\\login.wxml", "child": [16], "parent": 12, "matchString": ["{{ckmobile}}"]}, {"id": 16, "type": "input", "string": null, "attribute": {"class": ["weui-input"], "maxlength": "11", "name": "mobile", "placeholder": "请输入手机号码", "type": "number", "value": "{{mobile}}"}, "referenceVariable": ["mobile"], "referenceFunction": [], "style": [], "inheritClass": null, "wxss": [], "page": null, "path": "D:\\WORK\\2021\\MPDF\\baseline\\ui\\998二手挖机圈\\login.wxml", "child": [], "parent": 15, "matchString": ["mobile", "请输入手机号码"]}, {"id": 17, "type": "view", "string": null, "attribute": {"class": ["weui-cell__ft"], "wx:if": "{{ckmobile}}"}, "referenceVariable": ["ckmobile"], "referenceFunction": [], "style": [], "inheritClass": null, "wxss": [], "page": null, "path": "D:\\WORK\\2021\\MPDF\\baseline\\ui\\998二手挖机圈\\login.wxml", "child": [18], "parent": 12, "matchString": ["{{ckmobile}}"]}, {"id": 18, "type": "icon", "string": null, "attribute": {"color": "#E64340", "size": "18", "type": "warn"}, "referenceVariable": [], "referenceFunction": [], "style": [], "inheritClass": null, "wxss": [], "page": null, "path": "D:\\WORK\\2021\\MPDF\\baseline\\ui\\998二手挖机圈\\login.wxml", "child": [], "parent": 17, "matchString": []}, {"id": 19, "type": "view", "string": null, "attribute": {"class": ["weui-cell__ft"]}, "referenceVariable": [], "referenceFunction": [], "style": [], "inheritClass": null, "wxss": [], "page": null, "path": "D:\\WORK\\2021\\MPDF\\baseline\\ui\\998二手挖机圈\\login.wxml", "child": [20], "parent": 12, "matchString": ["{{ckmobile}}"]}, {"id": 20, "type": "button", "string": "自动获取", "attribute": {"bindgetphonenumber": "getPhoneNumber", "class": ["weui-vcode-btn"], "opentype": "getPhoneNumber"}, "referenceVariable": [], "referenceFunction": ["getPhoneNumber"], "style": [], "inheritClass": null, "wxss": [{"selectorText": ".weui-vcode-btn", "style": {"background": "none", "border": "none", "border-left": "1px solid #ddd", "border-radius": "0"}, "type": "CSSStyleRule"}], "page": null, "path": "D:\\WORK\\2021\\MPDF\\baseline\\ui\\998二手挖机圈\\login.wxml", "child": [], "parent": 19, "matchString": ["自动获取", "getPhoneNumber"]}, {"id": 21, "type": "button", "string": "\n   注册\n", "attribute": {"bindgetuserinfo": "register", "class": ["weui-btn-area"], "formtype": "submit", "lang": "zh_CN", "opentype": "getUserInfo", "type": "primary"}, "referenceVariable": [], "referenceFunction": ["register"], "style": [], "inheritClass": null, "wxss": [], "page": null, "path": "D:\\WORK\\2021\\MPDF\\baseline\\ui\\998二手挖机圈\\login.wxml", "child": [], "parent": 3, "matchString": ["\n   注册\n", "submit", "getUserInfo"]}]