{"definedData":[],"dynamicDefinedData":[{"shadowObjectVar":"__object__33","dynamicDefinedProps":[{"propName":".setData","readShadows":[{"shadowVar":{"id":-670,"declaredName":"__object__33.setData","file":"/pages/addText/addText.js","type":"normal"},"readAccess":[{"leftVar":[{"id":20425,"declaredName":"e","declaredLoc":{"line":209,"column":12},"file":"/pages/addText/addText.js","type":"normal"}],"readFlow":[{"type":"assign to","from":{"name":"this","loc":{"line":209,"column":16},"id":20426,"file":"D://WORK//2022//论文相关//TOSEM//MiniApp-review//flow-baseline//finalDataset//Animated Universe//__APP__/pages/addText/addText.js"},"to":{"name":"e","loc":{"line":209,"column":12},"id":20425,"file":"D://WORK//2022//论文相关//TOSEM//MiniApp-review//flow-baseline//finalDataset//Animated Universe//__APP__/pages/addText/addText.js"}}]},{"leftVar":[{"id":20482,"declaredName":"a","declaredLoc":{"line":219,"column":12},"file":"/pages/addText/addText.js","type":"normal"}],"readFlow":[{"type":"assign to","from":{"name":"this","loc":{"line":219,"column":16},"id":20483,"file":"D://WORK//2022//论文相关//TOSEM//MiniApp-review//flow-baseline//finalDataset//Animated Universe//__APP__/pages/addText/addText.js"},"to":{"name":"a","loc":{"line":219,"column":12},"id":20482,"file":"D://WORK//2022//论文相关//TOSEM//MiniApp-review//flow-baseline//finalDataset//Animated Universe//__APP__/pages/addText/addText.js"}}]},{"leftVar":[{"id":20812,"declaredName":"t","declaredLoc":{"line":267,"column":12},"file":"/pages/addText/addText.js","type":"normal"}],"readFlow":[{"type":"assign to","from":{"name":"this","loc":{"line":267,"column":16},"id":20813,"file":"D://WORK//2022//论文相关//TOSEM//MiniApp-review//flow-baseline//finalDataset//Animated Universe//__APP__/pages/addText/addText.js"},"to":{"name":"t","loc":{"line":267,"column":12},"id":20812,"file":"D://WORK//2022//论文相关//TOSEM//MiniApp-review//flow-baseline//finalDataset//Animated Universe//__APP__/pages/addText/addText.js"}}]},{"leftVar":[{"id":20954,"declaredName":"e","declaredLoc":{"line":297,"column":12},"file":"/pages/addText/addText.js","type":"normal"}],"readFlow":[{"type":"assign to","from":{"name":"this","loc":{"line":297,"column":16},"id":20955,"file":"D://WORK//2022//论文相关//TOSEM//MiniApp-review//flow-baseline//finalDataset//Animated Universe//__APP__/pages/addText/addText.js"},"to":{"name":"e","loc":{"line":297,"column":12},"id":20954,"file":"D://WORK//2022//论文相关//TOSEM//MiniApp-review//flow-baseline//finalDataset//Animated Universe//__APP__/pages/addText/addText.js"}}]},{"leftVar":[{"id":21038,"declaredName":"t","declaredLoc":{"line":311,"column":12},"file":"/pages/addText/addText.js","type":"normal"}],"readFlow":[{"type":"assign to","from":{"name":"this","loc":{"line":311,"column":16},"id":21039,"file":"D://WORK//2022//论文相关//TOSEM//MiniApp-review//flow-baseline//finalDataset//Animated Universe//__APP__/pages/addText/addText.js"},"to":{"name":"t","loc":{"line":311,"column":12},"id":21038,"file":"D://WORK//2022//论文相关//TOSEM//MiniApp-review//flow-baseline//finalDataset//Animated Universe//__APP__/pages/addText/addText.js"}}]},{"leftVar":[{"id":21141,"declaredName":"t","declaredLoc":{"line":326,"column":12},"file":"/pages/addText/addText.js","type":"normal"}],"readFlow":[{"type":"assign to","from":{"name":"this","loc":{"line":326,"column":16},"id":21142,"file":"D://WORK//2022//论文相关//TOSEM//MiniApp-review//flow-baseline//finalDataset//Animated Universe//__APP__/pages/addText/addText.js"},"to":{"name":"t","loc":{"line":326,"column":12},"id":21141,"file":"D://WORK//2022//论文相关//TOSEM//MiniApp-review//flow-baseline//finalDataset//Animated Universe//__APP__/pages/addText/addText.js"}}]},{"leftVar":[{"id":21282,"declaredName":"e","declaredLoc":{"line":350,"column":17},"file":"/pages/addText/addText.js","type":"normal"}],"readFlow":[{"type":"assign to","from":{"name":"this","loc":{"line":350,"column":21},"id":21283,"file":"D://WORK//2022//论文相关//TOSEM//MiniApp-review//flow-baseline//finalDataset//Animated Universe//__APP__/pages/addText/addText.js"},"to":{"name":"e","loc":{"line":350,"column":17},"id":21282,"file":"D://WORK//2022//论文相关//TOSEM//MiniApp-review//flow-baseline//finalDataset//Animated Universe//__APP__/pages/addText/addText.js"}}]},{"leftVar":[{"id":21720,"declaredName":"a","declaredLoc":{"line":397,"column":12},"file":"/pages/addText/addText.js","type":"normal"}],"readFlow":[{"type":"assign to","from":{"name":"this","loc":{"line":397,"column":16},"id":21721,"file":"D://WORK//2022//论文相关//TOSEM//MiniApp-review//flow-baseline//finalDataset//Animated Universe//__APP__/pages/addText/addText.js"},"to":{"name":"a","loc":{"line":397,"column":12},"id":21720,"file":"D://WORK//2022//论文相关//TOSEM//MiniApp-review//flow-baseline//finalDataset//Animated Universe//__APP__/pages/addText/addText.js"}}]},{"leftVar":[{"id":21782,"declaredName":"r","declaredLoc":{"line":412,"column":15},"file":"/pages/addText/addText.js","type":"normal"}],"readFlow":[{"type":"assign to","from":{"name":"this","loc":{"line":412,"column":19},"id":21783,"file":"D://WORK//2022//论文相关//TOSEM//MiniApp-review//flow-baseline//finalDataset//Animated Universe//__APP__/pages/addText/addText.js"},"to":{"name":"r","loc":{"line":412,"column":15},"id":21782,"file":"D://WORK//2022//论文相关//TOSEM//MiniApp-review//flow-baseline//finalDataset//Animated Universe//__APP__/pages/addText/addText.js"}}]},{"leftVar":[{"id":23146,"declaredName":"t","declaredLoc":{"line":559,"column":12},"file":"/pages/addText/addText.js","type":"normal"}],"readFlow":[{"type":"assign to","from":{"name":"this","loc":{"line":559,"column":16},"id":23147,"file":"D://WORK//2022//论文相关//TOSEM//MiniApp-review//flow-baseline//finalDataset//Animated Universe//__APP__/pages/addText/addText.js"},"to":{"name":"t","loc":{"line":559,"column":12},"id":23146,"file":"D://WORK//2022//论文相关//TOSEM//MiniApp-review//flow-baseline//finalDataset//Animated Universe//__APP__/pages/addText/addText.js"}}]},{"leftVar":[{"id":23566,"declaredName":"t","declaredLoc":{"line":623,"column":16},"file":"/pages/addText/addText.js","type":"normal"}],"readFlow":[{"type":"assign to","from":{"name":"this","loc":{"line":623,"column":20},"id":23567,"file":"D://WORK//2022//论文相关//TOSEM//MiniApp-review//flow-baseline//finalDataset//Animated Universe//__APP__/pages/addText/addText.js"},"to":{"name":"t","loc":{"line":623,"column":16},"id":23566,"file":"D://WORK//2022//论文相关//TOSEM//MiniApp-review//flow-baseline//finalDataset//Animated Universe//__APP__/pages/addText/addText.js"}}]}]}],"writeShadows":[{"shadowVar":{"id":-670,"declaredName":"__object__33.setData","file":"/pages/addText/addText.js","type":"normal"},"writeAccess":[]}]},{"propName":".generateSuccess","readShadows":[{"shadowVar":{"id":21714,"declaredName":"__object__33.generateSuccess","declaredLoc":{"line":396,"column":4},"file":"/pages/addText/addText.js","type":"normal"},"readAccess":[{"leftVar":[{"id":23104,"declaredName":"__object__542.success","declaredLoc":{"line":544,"column":28},"file":"/pages/addText/addText.js","type":"normal"}],"readFlow":[{"type":"assign to","from":{"name":"r.generateSuccess","loc":{"line":544,"column":37},"id":23105,"file":"D://WORK//2022//论文相关//TOSEM//MiniApp-review//flow-baseline//finalDataset//Animated Universe//__APP__/pages/addText/addText.js"},"to":{"name":"success","loc":{"line":544,"column":28},"id":23104,"file":"D://WORK//2022//论文相关//TOSEM//MiniApp-review//flow-baseline//finalDataset//Animated Universe//__APP__/pages/addText/addText.js"}},{"type":"to callee","from":{"name":"success","loc":{"line":544,"column":28},"id":23104,"file":"D://WORK//2022//论文相关//TOSEM//MiniApp-review//flow-baseline//finalDataset//Animated Universe//__APP__/pages/addText/addText.js"},"to":{"name":"e.pageAjax.downloadFile","loc":{"line":542,"column":28},"id":23092,"file":"D://WORK//2022//论文相关//TOSEM//MiniApp-review//flow-baseline//finalDataset//Animated Universe//__APP__/pages/addText/addText.js"}}]}]}],"writeShadows":[{"shadowVar":{"id":21714,"declaredName":"__object__33.generateSuccess","declaredLoc":{"line":396,"column":4},"file":"/pages/addText/addText.js","type":"normal"},"writeAccess":[]}]}]}]}