{"definedData":[],"dynamicDefinedData":[{"shadowObjectVar":"__object__3","dynamicDefinedProps":[{"propName":".setData","readShadows":[{"shadowVar":{"id":-761,"declaredName":"__object__3.setData","file":"/pages/bindPhone/bindPhone.js","type":"normal"},"readAccess":[{"leftVar":[{"id":24231,"declaredName":"a","declaredLoc":{"line":21,"column":12},"file":"/pages/bindPhone/bindPhone.js","type":"normal"}],"readFlow":[{"type":"assign to","from":{"name":"this","loc":{"line":21,"column":16},"id":24232,"file":"D://WORK//2022//论文相关//TOSEM//MiniApp-review//flow-baseline//finalDataset//Animated Universe//__APP__/pages/bindPhone/bindPhone.js"},"to":{"name":"a","loc":{"line":21,"column":12},"id":24231,"file":"D://WORK//2022//论文相关//TOSEM//MiniApp-review//flow-baseline//finalDataset//Animated Universe//__APP__/pages/bindPhone/bindPhone.js"}}]},{"leftVar":[{"id":24414,"declaredName":"e","declaredLoc":{"line":44,"column":12},"file":"/pages/bindPhone/bindPhone.js","type":"normal"}],"readFlow":[{"type":"assign to","from":{"name":"this","loc":{"line":44,"column":16},"id":24415,"file":"D://WORK//2022//论文相关//TOSEM//MiniApp-review//flow-baseline//finalDataset//Animated Universe//__APP__/pages/bindPhone/bindPhone.js"},"to":{"name":"e","loc":{"line":44,"column":12},"id":24414,"file":"D://WORK//2022//论文相关//TOSEM//MiniApp-review//flow-baseline//finalDataset//Animated Universe//__APP__/pages/bindPhone/bindPhone.js"}}]},{"leftVar":[{"id":24604,"declaredName":"a","declaredLoc":{"line":78,"column":27},"file":"/pages/bindPhone/bindPhone.js","type":"normal"}],"readFlow":[{"type":"assign to","from":{"name":"this","loc":{"line":78,"column":31},"id":24605,"file":"D://WORK//2022//论文相关//TOSEM//MiniApp-review//flow-baseline//finalDataset//Animated Universe//__APP__/pages/bindPhone/bindPhone.js"},"to":{"name":"a","loc":{"line":78,"column":27},"id":24604,"file":"D://WORK//2022//论文相关//TOSEM//MiniApp-review//flow-baseline//finalDataset//Animated Universe//__APP__/pages/bindPhone/bindPhone.js"}}]}]}],"writeShadows":[{"shadowVar":{"id":-761,"declaredName":"__object__3.setData","file":"/pages/bindPhone/bindPhone.js","type":"normal"},"writeAccess":[]}]}]}]}