{"definedData":[],"dynamicDefinedData":[{"shadowObjectVar":"__object__3","dynamicDefinedProps":[{"propName":".setData","readShadows":[{"shadowVar":{"id":-784,"declaredName":"__object__3.setData","file":"/pages/dtyz/dtyz.js","type":"normal"},"readAccess":[{"leftVar":[{"id":24947,"declaredName":"e","declaredLoc":{"line":41,"column":12},"file":"/pages/dtyz/dtyz.js","type":"normal"}],"readFlow":[{"type":"assign to","from":{"name":"this","loc":{"line":41,"column":16},"id":24948,"file":"D://WORK//2022//论文相关//TOSEM//MiniApp-review//flow-baseline//finalDataset//Animated Universe//__APP__/pages/dtyz/dtyz.js"},"to":{"name":"e","loc":{"line":41,"column":12},"id":24947,"file":"D://WORK//2022//论文相关//TOSEM//MiniApp-review//flow-baseline//finalDataset//Animated Universe//__APP__/pages/dtyz/dtyz.js"}}]}]}],"writeShadows":[{"shadowVar":{"id":-784,"declaredName":"__object__3.setData","file":"/pages/dtyz/dtyz.js","type":"normal"},"writeAccess":[]}]}]}]}