{"definedData":[],"dynamicDefinedData":[{"shadowObjectVar":"__object__3","dynamicDefinedProps":[{"propName":".setData","readShadows":[{"shadowVar":{"id":-803,"declaredName":"__object__3.setData","file":"/pages/dtyzAll/dtyzAll.js","type":"normal"},"readAccess":[{"leftVar":[{"id":25219,"declaredName":"s","declaredLoc":{"line":15,"column":12},"file":"/pages/dtyzAll/dtyzAll.js","type":"normal"}],"readFlow":[{"type":"assign to","from":{"name":"this","loc":{"line":15,"column":16},"id":25220,"file":"D://WORK//2022//论文相关//TOSEM//MiniApp-review//flow-baseline//finalDataset//Animated Universe//__APP__/pages/dtyzAll/dtyzAll.js"},"to":{"name":"s","loc":{"line":15,"column":12},"id":25219,"file":"D://WORK//2022//论文相关//TOSEM//MiniApp-review//flow-baseline//finalDataset//Animated Universe//__APP__/pages/dtyzAll/dtyzAll.js"}}]}]}],"writeShadows":[{"shadowVar":{"id":-803,"declaredName":"__object__3.setData","file":"/pages/dtyzAll/dtyzAll.js","type":"normal"},"writeAccess":[]}]}]}]}