{"definedData":[],"dynamicDefinedData":[{"shadowObjectVar":"__object__3","dynamicDefinedProps":[{"propName":".setData","readShadows":[{"shadowVar":{"id":-815,"declaredName":"__object__3.setData","file":"/pages/dynamicWiki/dynamicWiki.js","type":"normal"},"readAccess":[{"leftVar":[{"id":25403,"declaredName":"e","declaredLoc":{"line":16,"column":12},"file":"/pages/dynamicWiki/dynamicWiki.js","type":"normal"}],"readFlow":[{"type":"assign to","from":{"name":"this","loc":{"line":16,"column":16},"id":25404,"file":"D://WORK//2022//论文相关//TOSEM//MiniApp-review//flow-baseline//finalDataset//Animated Universe//__APP__/pages/dynamicWiki/dynamicWiki.js"},"to":{"name":"e","loc":{"line":16,"column":12},"id":25403,"file":"D://WORK//2022//论文相关//TOSEM//MiniApp-review//flow-baseline//finalDataset//Animated Universe//__APP__/pages/dynamicWiki/dynamicWiki.js"}}]},{"leftVar":[{"id":25581,"declaredName":"t","declaredLoc":{"line":45,"column":12},"file":"/pages/dynamicWiki/dynamicWiki.js","type":"normal"}],"readFlow":[{"type":"assign to","from":{"name":"this","loc":{"line":45,"column":16},"id":25582,"file":"D://WORK//2022//论文相关//TOSEM//MiniApp-review//flow-baseline//finalDataset//Animated Universe//__APP__/pages/dynamicWiki/dynamicWiki.js"},"to":{"name":"t","loc":{"line":45,"column":12},"id":25581,"file":"D://WORK//2022//论文相关//TOSEM//MiniApp-review//flow-baseline//finalDataset//Animated Universe//__APP__/pages/dynamicWiki/dynamicWiki.js"}}]}]}],"writeShadows":[{"shadowVar":{"id":-815,"declaredName":"__object__3.setData","file":"/pages/dynamicWiki/dynamicWiki.js","type":"normal"},"writeAccess":[]}]}]}]}