{"definedData":[],"dynamicDefinedData":[{"shadowObjectVar":"__object__3","dynamicDefinedProps":[{"propName":".setData","readShadows":[{"shadowVar":{"id":-834,"declaredName":"__object__3.setData","file":"/pages/gifnewsList/gifnewsList.js","type":"normal"},"readAccess":[{"leftVar":[{"id":25927,"declaredName":"e","declaredLoc":{"line":45,"column":16},"file":"/pages/gifnewsList/gifnewsList.js","type":"normal"}],"readFlow":[{"type":"assign to","from":{"name":"this","loc":{"line":45,"column":20},"id":25928,"file":"D://WORK//2022//论文相关//TOSEM//MiniApp-review//flow-baseline//finalDataset//Animated Universe//__APP__/pages/gifnewsList/gifnewsList.js"},"to":{"name":"e","loc":{"line":45,"column":16},"id":25927,"file":"D://WORK//2022//论文相关//TOSEM//MiniApp-review//flow-baseline//finalDataset//Animated Universe//__APP__/pages/gifnewsList/gifnewsList.js"}}]}]}],"writeShadows":[{"shadowVar":{"id":-834,"declaredName":"__object__3.setData","file":"/pages/gifnewsList/gifnewsList.js","type":"normal"},"writeAccess":[]}]}]}]}