{"definedData":[],"dynamicDefinedData":[{"shadowObjectVar":"__object__3","dynamicDefinedProps":[{"propName":".setData","readShadows":[{"shadowVar":{"id":-868,"declaredName":"__object__3.setData","file":"/pages/imageDetail/imageDetail.js","type":"normal"},"readAccess":[{"leftVar":[{"id":26476,"declaredName":"s","declaredLoc":{"line":44,"column":12},"file":"/pages/imageDetail/imageDetail.js","type":"normal"}],"readFlow":[{"type":"assign to","from":{"name":"this","loc":{"line":44,"column":16},"id":26477,"file":"D://WORK//2022//论文相关//TOSEM//MiniApp-review//flow-baseline//finalDataset//Animated Universe//__APP__/pages/imageDetail/imageDetail.js"},"to":{"name":"s","loc":{"line":44,"column":12},"id":26476,"file":"D://WORK//2022//论文相关//TOSEM//MiniApp-review//flow-baseline//finalDataset//Animated Universe//__APP__/pages/imageDetail/imageDetail.js"}}]}]}],"writeShadows":[{"shadowVar":{"id":-868,"declaredName":"__object__3.setData","file":"/pages/imageDetail/imageDetail.js","type":"normal"},"writeAccess":[]}]}]}]}