{"definedData":[],"dynamicDefinedData":[{"shadowObjectVar":"__object__3","dynamicDefinedProps":[{"propName":".setData","readShadows":[{"shadowVar":{"id":-896,"declaredName":"__object__3.setData","file":"/pages/index/index.js","type":"normal"},"readAccess":[{"leftVar":[{"id":28299,"declaredName":"a","declaredLoc":{"line":122,"column":12},"file":"/pages/index/index.js","type":"normal"}],"readFlow":[{"type":"assign to","from":{"name":"this","loc":{"line":122,"column":16},"id":28300,"file":"D://WORK//2022//论文相关//TOSEM//MiniApp-review//flow-baseline//finalDataset//Animated Universe//__APP__/pages/index/index.js"},"to":{"name":"a","loc":{"line":122,"column":12},"id":28299,"file":"D://WORK//2022//论文相关//TOSEM//MiniApp-review//flow-baseline//finalDataset//Animated Universe//__APP__/pages/index/index.js"}}]}]}],"writeShadows":[{"shadowVar":{"id":-896,"declaredName":"__object__3.setData","file":"/pages/index/index.js","type":"normal"},"writeAccess":[]}]}]}]}