{"definedData":[],"dynamicDefinedData":[{"shadowObjectVar":"__object__3","dynamicDefinedProps":[{"propName":".setData","readShadows":[{"shadowVar":{"id":-926,"declaredName":"__object__3.setData","file":"/pages/ipEvent/ipEvent.js","type":"normal"},"readAccess":[{"leftVar":[{"id":28888,"declaredName":"i","declaredLoc":{"line":9,"column":12},"file":"/pages/ipEvent/ipEvent.js","type":"normal"}],"readFlow":[{"type":"assign to","from":{"name":"this","loc":{"line":9,"column":16},"id":28889,"file":"D://WORK//2022//论文相关//TOSEM//MiniApp-review//flow-baseline//finalDataset//Animated Universe//__APP__/pages/ipEvent/ipEvent.js"},"to":{"name":"i","loc":{"line":9,"column":12},"id":28888,"file":"D://WORK//2022//论文相关//TOSEM//MiniApp-review//flow-baseline//finalDataset//Animated Universe//__APP__/pages/ipEvent/ipEvent.js"}}]}]}],"writeShadows":[{"shadowVar":{"id":-926,"declaredName":"__object__3.setData","file":"/pages/ipEvent/ipEvent.js","type":"normal"},"writeAccess":[]}]}]}]}