{"definedData":[],"dynamicDefinedData":[{"shadowObjectVar":"__object__3","dynamicDefinedProps":[{"propName":".setData","readShadows":[{"shadowVar":{"id":-952,"declaredName":"__object__3.setData","file":"/pages/my/my.js","type":"normal"},"readAccess":[{"leftVar":[{"id":29389,"declaredName":"a","declaredLoc":{"line":42,"column":12},"file":"/pages/my/my.js","type":"normal"}],"readFlow":[{"type":"assign to","from":{"name":"this","loc":{"line":42,"column":16},"id":29390,"file":"D://WORK//2022//论文相关//TOSEM//MiniApp-review//flow-baseline//finalDataset//Animated Universe//__APP__/pages/my/my.js"},"to":{"name":"a","loc":{"line":42,"column":12},"id":29389,"file":"D://WORK//2022//论文相关//TOSEM//MiniApp-review//flow-baseline//finalDataset//Animated Universe//__APP__/pages/my/my.js"}}]},{"leftVar":[{"id":29514,"declaredName":"s","declaredLoc":{"line":63,"column":12},"file":"/pages/my/my.js","type":"normal"}],"readFlow":[{"type":"assign to","from":{"name":"this","loc":{"line":63,"column":16},"id":29515,"file":"D://WORK//2022//论文相关//TOSEM//MiniApp-review//flow-baseline//finalDataset//Animated Universe//__APP__/pages/my/my.js"},"to":{"name":"s","loc":{"line":63,"column":12},"id":29514,"file":"D://WORK//2022//论文相关//TOSEM//MiniApp-review//flow-baseline//finalDataset//Animated Universe//__APP__/pages/my/my.js"}}]},{"leftVar":[{"id":29723,"declaredName":"t","declaredLoc":{"line":96,"column":16},"file":"/pages/my/my.js","type":"normal"}],"readFlow":[{"type":"assign to","from":{"name":"this","loc":{"line":96,"column":20},"id":29724,"file":"D://WORK//2022//论文相关//TOSEM//MiniApp-review//flow-baseline//finalDataset//Animated Universe//__APP__/pages/my/my.js"},"to":{"name":"t","loc":{"line":96,"column":16},"id":29723,"file":"D://WORK//2022//论文相关//TOSEM//MiniApp-review//flow-baseline//finalDataset//Animated Universe//__APP__/pages/my/my.js"}}]}]}],"writeShadows":[{"shadowVar":{"id":-952,"declaredName":"__object__3.setData","file":"/pages/my/my.js","type":"normal"},"writeAccess":[]}]}]}]}