{"definedData":[],"dynamicDefinedData":[{"shadowObjectVar":"__object__3","dynamicDefinedProps":[{"propName":".setData","readShadows":[{"shadowVar":{"id":-984,"declaredName":"__object__3.setData","file":"/pages/searchPage/searchPage.js","type":"normal"},"readAccess":[{"leftVar":[{"id":30070,"declaredName":"t","declaredLoc":{"line":13,"column":12},"file":"/pages/searchPage/searchPage.js","type":"normal"}],"readFlow":[{"type":"assign to","from":{"name":"this","loc":{"line":13,"column":16},"id":30071,"file":"D://WORK//2022//论文相关//TOSEM//MiniApp-review//flow-baseline//finalDataset//Animated Universe//__APP__/pages/searchPage/searchPage.js"},"to":{"name":"t","loc":{"line":13,"column":12},"id":30070,"file":"D://WORK//2022//论文相关//TOSEM//MiniApp-review//flow-baseline//finalDataset//Animated Universe//__APP__/pages/searchPage/searchPage.js"}}]},{"leftVar":[{"id":30303,"declaredName":"e","declaredLoc":{"line":52,"column":12},"file":"/pages/searchPage/searchPage.js","type":"normal"}],"readFlow":[{"type":"assign to","from":{"name":"this","loc":{"line":52,"column":16},"id":30304,"file":"D://WORK//2022//论文相关//TOSEM//MiniApp-review//flow-baseline//finalDataset//Animated Universe//__APP__/pages/searchPage/searchPage.js"},"to":{"name":"e","loc":{"line":52,"column":12},"id":30303,"file":"D://WORK//2022//论文相关//TOSEM//MiniApp-review//flow-baseline//finalDataset//Animated Universe//__APP__/pages/searchPage/searchPage.js"}}]},{"leftVar":[{"id":30411,"declaredName":"t","declaredLoc":{"line":75,"column":12},"file":"/pages/searchPage/searchPage.js","type":"normal"}],"readFlow":[{"type":"assign to","from":{"name":"this","loc":{"line":75,"column":16},"id":30412,"file":"D://WORK//2022//论文相关//TOSEM//MiniApp-review//flow-baseline//finalDataset//Animated Universe//__APP__/pages/searchPage/searchPage.js"},"to":{"name":"t","loc":{"line":75,"column":12},"id":30411,"file":"D://WORK//2022//论文相关//TOSEM//MiniApp-review//flow-baseline//finalDataset//Animated Universe//__APP__/pages/searchPage/searchPage.js"}}]}]}],"writeShadows":[{"shadowVar":{"id":-984,"declaredName":"__object__3.setData","file":"/pages/searchPage/searchPage.js","type":"normal"},"writeAccess":[]}]}]}]}