{"definedData":[],"dynamicDefinedData":[{"shadowObjectVar":"__object__12","dynamicDefinedProps":[{"propName":".setData","readShadows":[{"shadowVar":{"id":-1014,"declaredName":"__object__12.setData","file":"/pages/streamImages/streamImages.js","type":"normal"},"readAccess":[{"leftVar":[{"id":31520,"declaredName":"t","declaredLoc":{"line":101,"column":34},"file":"/pages/streamImages/streamImages.js","type":"normal"}],"readFlow":[{"type":"assign to","from":{"name":"this","loc":{"line":101,"column":38},"id":31521,"file":"D://WORK//2022//论文相关//TOSEM//MiniApp-review//flow-baseline//finalDataset//Animated Universe//__APP__/pages/streamImages/streamImages.js"},"to":{"name":"t","loc":{"line":101,"column":34},"id":31520,"file":"D://WORK//2022//论文相关//TOSEM//MiniApp-review//flow-baseline//finalDataset//Animated Universe//__APP__/pages/streamImages/streamImages.js"}},{"type":"read","from":{"name":"t","loc":{"line":101,"column":34},"id":31520,"file":"D://WORK//2022//论文相关//TOSEM//MiniApp-review//flow-baseline//finalDataset//Animated Universe//__APP__/pages/streamImages/streamImages.js"},"to":{"name":"t","loc":{"line":109,"column":45},"id":31584,"file":"D://WORK//2022//论文相关//TOSEM//MiniApp-review//flow-baseline//finalDataset//Animated Universe//__APP__/pages/streamImages/streamImages.js"}},{"type":"to callee","from":{"name":"t","loc":{"line":109,"column":45},"id":31584,"file":"D://WORK//2022//论文相关//TOSEM//MiniApp-review//flow-baseline//finalDataset//Animated Universe//__APP__/pages/streamImages/streamImages.js"},"to":{"name":"wx.createVideoContext","loc":{"line":109,"column":12},"id":31580,"file":"D://WORK//2022//论文相关//TOSEM//MiniApp-review//flow-baseline//finalDataset//Animated Universe//__APP__/pages/streamImages/streamImages.js"}}]},{"leftVar":[{"id":32244,"declaredName":"s","declaredLoc":{"line":205,"column":16},"file":"/pages/streamImages/streamImages.js","type":"normal"}],"readFlow":[{"type":"assign to","from":{"name":"this","loc":{"line":205,"column":20},"id":32245,"file":"D://WORK//2022//论文相关//TOSEM//MiniApp-review//flow-baseline//finalDataset//Animated Universe//__APP__/pages/streamImages/streamImages.js"},"to":{"name":"s","loc":{"line":205,"column":16},"id":32244,"file":"D://WORK//2022//论文相关//TOSEM//MiniApp-review//flow-baseline//finalDataset//Animated Universe//__APP__/pages/streamImages/streamImages.js"}}]}]}],"writeShadows":[{"shadowVar":{"id":-1014,"declaredName":"__object__12.setData","file":"/pages/streamImages/streamImages.js","type":"normal"},"writeAccess":[]}]}]}]}