{"definedData":[],"dynamicDefinedData":[{"shadowObjectVar":"__object__3","dynamicDefinedProps":[{"propName":".setData","readShadows":[{"shadowVar":{"id":-1050,"declaredName":"__object__3.setData","file":"/pages/subjectDetail/subjectDetail.js","type":"normal"},"readAccess":[{"leftVar":[{"id":33462,"declaredName":"t","declaredLoc":{"line":49,"column":12},"file":"/pages/subjectDetail/subjectDetail.js","type":"normal"}],"readFlow":[{"type":"assign to","from":{"name":"this","loc":{"line":49,"column":16},"id":33463,"file":"D://WORK//2022//论文相关//TOSEM//MiniApp-review//flow-baseline//finalDataset//Animated Universe//__APP__/pages/subjectDetail/subjectDetail.js"},"to":{"name":"t","loc":{"line":49,"column":12},"id":33462,"file":"D://WORK//2022//论文相关//TOSEM//MiniApp-review//flow-baseline//finalDataset//Animated Universe//__APP__/pages/subjectDetail/subjectDetail.js"}}]}]}],"writeShadows":[{"shadowVar":{"id":-1050,"declaredName":"__object__3.setData","file":"/pages/subjectDetail/subjectDetail.js","type":"normal"},"writeAccess":[]}]},{"propName":".data","readShadows":[{"shadowVar":{"id":33169,"declaredName":"__object__3.data","declaredLoc":{"line":4,"column":4},"file":"/pages/subjectDetail/subjectDetail.js","type":"normal"},"readAccess":[{"leftVar":[{"id":33465,"declaredName":"e","declaredLoc":{"line":49,"column":22},"file":"/pages/subjectDetail/subjectDetail.js","type":"normal"}],"readFlow":[{"type":"assign to","from":{"name":"t.data","loc":{"line":49,"column":26},"id":33466,"file":"D://WORK//2022//论文相关//TOSEM//MiniApp-review//flow-baseline//finalDataset//Animated Universe//__APP__/pages/subjectDetail/subjectDetail.js"},"to":{"name":"e","loc":{"line":49,"column":22},"id":33465,"file":"D://WORK//2022//论文相关//TOSEM//MiniApp-review//flow-baseline//finalDataset//Animated Universe//__APP__/pages/subjectDetail/subjectDetail.js"}}]}]}],"writeShadows":[{"shadowVar":{"id":33169,"declaredName":"__object__3.data","declaredLoc":{"line":4,"column":4},"file":"/pages/subjectDetail/subjectDetail.js","type":"normal"},"writeAccess":[]}]}]}]}