[{"id": 0, "type": "[document]", "string": null, "attribute": {}, "referenceVariable": [], "referenceFunction": [], "style": [], "inheritClass": null, "wxss": [], "page": null, "path": "D:\\WORK\\2021\\MPDF\\baseline\\ui\\飞腾代叫\\login.wxml", "child": [1, 2, 10], "parent": null, "matchString": [{"type": "relation", "string": "登录"}, {"type": "relation", "string": "请输入电话号码"}, {"type": "relation", "string": "请输入验证码"}, {"type": "relation", "string": "{{code_text}}"}, {"type": "relation", "string": "login_btn"}]}, {"id": 1, "type": "view", "string": "登录", "attribute": {"class": ["login_til"]}, "referenceVariable": [], "referenceFunction": [], "style": [], "inheritClass": null, "wxss": [], "page": null, "path": "D:\\WORK\\2021\\MPDF\\baseline\\ui\\飞腾代叫\\login.wxml", "child": [], "parent": 0, "matchString": [{"type": "self", "string": "登录"}]}, {"id": 2, "type": "view", "string": null, "attribute": {"class": ["login_con"]}, "referenceVariable": [], "referenceFunction": [], "style": [], "inheritClass": null, "wxss": [], "page": null, "path": "D:\\WORK\\2021\\MPDF\\baseline\\ui\\飞腾代叫\\login.wxml", "child": [3, 7], "parent": 0, "matchString": [{"type": "relation", "string": "请输入电话号码"}, {"type": "relation", "string": "请输入验证码"}, {"type": "relation", "string": "{{code_text}}"}]}, {"id": 3, "type": "view", "string": null, "attribute": {"class": ["login_user_phone"]}, "referenceVariable": [], "referenceFunction": [], "style": [], "inheritClass": null, "wxss": [], "page": null, "path": "D:\\WORK\\2021\\MPDF\\baseline\\ui\\飞腾代叫\\login.wxml", "child": [4, 5], "parent": 2, "matchString": [{"type": "relation", "string": "请输入电话号码"}]}, {"id": 4, "type": "input", "string": null, "attribute": {"bindinput": "user_phone", "placeholder": "请输入电话号码", "placeholderstyle": "color:#b2b2b2", "type": "number", "value": "{{user_phone}}"}, "referenceVariable": ["user_phone"], "referenceFunction": ["user_phone"], "style": [], "inheritClass": null, "wxss": [], "page": null, "path": "D:\\WORK\\2021\\MPDF\\baseline\\ui\\飞腾代叫\\login.wxml", "child": [], "parent": 3, "matchString": [{"type": "attr", "string": "请输入电话号码"}]}, {"id": 5, "type": "view", "string": null, "attribute": {"bindtap": "clearPhone", "class": ["clear"]}, "referenceVariable": [], "referenceFunction": ["clearPhone"], "style": [], "inheritClass": null, "wxss": [], "page": null, "path": "D:\\WORK\\2021\\MPDF\\baseline\\ui\\飞腾代叫\\login.wxml", "child": [6], "parent": 3, "matchString": []}, {"id": 6, "type": "image", "string": null, "attribute": {"bindtap": "clearPhone", "src": "../img/x@2x.png"}, "referenceVariable": [], "referenceFunction": ["clearPhone"], "style": [], "inheritClass": null, "wxss": [], "page": null, "path": "D:\\WORK\\2021\\MPDF\\baseline\\ui\\飞腾代叫\\login.wxml", "child": [], "parent": 5, "matchString": []}, {"id": 7, "type": "view", "string": null, "attribute": {"class": ["login_user_code"]}, "referenceVariable": [], "referenceFunction": [], "style": [], "inheritClass": null, "wxss": [], "page": null, "path": "D:\\WORK\\2021\\MPDF\\baseline\\ui\\飞腾代叫\\login.wxml", "child": [8, 9], "parent": 2, "matchString": [{"type": "relation", "string": "请输入验证码"}, {"type": "relation", "string": "{{code_text}}"}]}, {"id": 8, "type": "input", "string": null, "attribute": {"bindblur": "loginBtnUse", "placeholder": "请输入验证码", "placeholderstyle": "color:#b2b2b2", "type": "number"}, "referenceVariable": [], "referenceFunction": ["loginBtnUse"], "style": [], "inheritClass": null, "wxss": [], "page": null, "path": "D:\\WORK\\2021\\MPDF\\baseline\\ui\\飞腾代叫\\login.wxml", "child": [], "parent": 7, "matchString": [{"type": "attr", "string": "请输入验证码"}]}, {"id": 9, "type": "button", "string": "{{code_text}}", "attribute": {"bindtap": "getCode", "class": ["click_get"], "disabled": "{{code_disabled}}"}, "referenceVariable": ["code_disabled"], "referenceFunction": ["getCode"], "style": [], "inheritClass": null, "wxss": [], "page": null, "path": "D:\\WORK\\2021\\MPDF\\baseline\\ui\\飞腾代叫\\login.wxml", "child": [], "parent": 7, "matchString": [{"type": "self", "string": "{{code_text}}"}]}, {"id": 10, "type": "view", "string": null, "attribute": {"class": ["login_btn"]}, "referenceVariable": [], "referenceFunction": [], "style": [], "inheritClass": null, "wxss": [], "page": null, "path": "D:\\WORK\\2021\\MPDF\\baseline\\ui\\飞腾代叫\\login.wxml", "child": [11], "parent": 0, "matchString": [{"type": "relation", "string": "登录"}, {"type": "relation", "string": "login_btn"}]}, {"id": 11, "type": "button", "string": "登录", "attribute": {"bindtap": "login", "disabled": "{{disabled}}", "id": "login_btn"}, "referenceVariable": ["disabled"], "referenceFunction": ["login"], "style": [], "inheritClass": null, "wxss": [], "page": null, "path": "D:\\WORK\\2021\\MPDF\\baseline\\ui\\飞腾代叫\\login.wxml", "child": [], "parent": 10, "matchString": [{"type": "self", "string": "登录"}, {"type": "attr", "string": "login_btn"}, {"type": "relation", "string": "login_btn"}]}]