{"definedData":[{"trueData":{"declaredName":"__object__11.globalData","declaredLoc":{"line":12,"column":4},"file":"D:\\WORK\\2021\\MPDF\\white_paper\\json\\dataset2.3wxapkg\\动图宇宙\\_431774825_38\\app.js"},"readShadows":[{"shadowVar":{"declaredName":"__object__getApp.globalData","file":"D:\\WORK\\2021\\MPDF\\white_paper\\json\\dataset2.3wxapkg\\动图宇宙\\_431774825_38\\pages\\addText\\addText.js"},"readAccess":[{"leftVar":[{"declaredName":"c","declaredLoc":{"line":31,"column":4},"file":"D:\\WORK\\2021\\MPDF\\white_paper\\json\\dataset2.3wxapkg\\动图宇宙\\_431774825_38\\pages\\addText\\addText.js"}],"readFlow":[{"type":"assign to","from":{"name":"getApp().globalData","loc":{"line":31,"column":8},"id":12226624,"file":"D:\\WORK\\2021\\MPDF\\white_paper\\json\\dataset2.3wxapkg\\动图宇宙\\_431774825_38\\pages\\addText\\addText.js"},"to":{"name":"c","loc":{"line":31,"column":4},"id":12226623,"file":"D:\\WORK\\2021\\MPDF\\white_paper\\json\\dataset2.3wxapkg\\动图宇宙\\_431774825_38\\pages\\addText\\addText.js"}}]}]}],"writeShadows":[{"shadowVar":{"declaredName":"__object__getApp.globalData","file":"D:\\WORK\\2021\\MPDF\\white_paper\\json\\dataset2.3wxapkg\\动图宇宙\\_431774825_38\\pages\\addText\\addText.js"},"writeAccess":[]}]},{"trueData":{"declaredName":"__object__12.userInfo","declaredLoc":{"line":13,"column":8},"file":"D:\\WORK\\2021\\MPDF\\white_paper\\json\\dataset2.3wxapkg\\动图宇宙\\_431774825_38\\app.js"},"readShadows":[{"shadowVar":{"declaredName":"__object__getApp.globalData.userInfo","file":"D:\\WORK\\2021\\MPDF\\white_paper\\json\\dataset2.3wxapkg\\动图宇宙\\_431774825_38\\pages\\addText\\addText.js"},"readAccess":[{"leftVar":[{"declaredName":"o","declaredLoc":{"line":194,"column":16},"file":"D:\\WORK\\2021\\MPDF\\white_paper\\json\\dataset2.3wxapkg\\动图宇宙\\_431774825_38\\pages\\addText\\addText.js"}],"readFlow":[{"type":"assign to","from":{"name":"c.userInfo","loc":{"line":194,"column":20},"id":12227154,"file":"D:\\WORK\\2021\\MPDF\\white_paper\\json\\dataset2.3wxapkg\\动图宇宙\\_431774825_38\\pages\\addText\\addText.js"},"to":{"name":"o","loc":{"line":194,"column":16},"id":12227153,"file":"D:\\WORK\\2021\\MPDF\\white_paper\\json\\dataset2.3wxapkg\\动图宇宙\\_431774825_38\\pages\\addText\\addText.js"}},{"type":"read","from":{"name":"o","loc":{"line":194,"column":16},"id":12227153,"file":"D:\\WORK\\2021\\MPDF\\white_paper\\json\\dataset2.3wxapkg\\动图宇宙\\_431774825_38\\pages\\addText\\addText.js"},"to":{"name":"o","loc":{"line":195,"column":34},"id":12227165,"file":"D:\\WORK\\2021\\MPDF\\white_paper\\json\\dataset2.3wxapkg\\动图宇宙\\_431774825_38\\pages\\addText\\addText.js"}},{"type":"to callee","from":{"name":"o","loc":{"line":195,"column":34},"id":12227165,"file":"D:\\WORK\\2021\\MPDF\\white_paper\\json\\dataset2.3wxapkg\\动图宇宙\\_431774825_38\\pages\\addText\\addText.js"},"to":{"name":"e.verify.isFullObject","loc":{"line":195,"column":12},"id":12227160,"file":"D:\\WORK\\2021\\MPDF\\white_paper\\json\\dataset2.3wxapkg\\动图宇宙\\_431774825_38\\pages\\addText\\addText.js"}}]}]},{"shadowVar":{"declaredName":"__object__getApp.globalData.userInfo","file":"D:\\WORK\\2021\\MPDF\\white_paper\\json\\dataset2.3wxapkg\\动图宇宙\\_431774825_38\\pages\\my\\my.js"},"readAccess":[{"leftVar":[{"declaredName":"__object__48.userInfo","declaredLoc":{"line":50,"column":12},"file":"D:\\WORK\\2021\\MPDF\\white_paper\\json\\dataset2.3wxapkg\\动图宇宙\\_431774825_38\\pages\\my\\my.js"}],"readFlow":[{"type":"assign to","from":{"name":"e.globalData.userInfo","loc":{"line":50,"column":22},"id":12236237,"file":"D:\\WORK\\2021\\MPDF\\white_paper\\json\\dataset2.3wxapkg\\动图宇宙\\_431774825_38\\pages\\my\\my.js"},"to":{"name":"userInfo","loc":{"line":50,"column":12},"id":12236236,"file":"D:\\WORK\\2021\\MPDF\\white_paper\\json\\dataset2.3wxapkg\\动图宇宙\\_431774825_38\\pages\\my\\my.js"}},{"type":"to callee","from":{"name":"userInfo","loc":{"line":50,"column":12},"id":12236236,"file":"D:\\WORK\\2021\\MPDF\\white_paper\\json\\dataset2.3wxapkg\\动图宇宙\\_431774825_38\\pages\\my\\my.js"},"to":{"name":"this.setData","loc":{"line":48,"column":30},"id":12236227,"file":"D:\\WORK\\2021\\MPDF\\white_paper\\json\\dataset2.3wxapkg\\动图宇宙\\_431774825_38\\pages\\my\\my.js"}}]}]}],"writeShadows":[{"shadowVar":{"declaredName":"__object__getApp.globalData.userInfo","file":"D:\\WORK\\2021\\MPDF\\white_paper\\json\\dataset2.3wxapkg\\动图宇宙\\_431774825_38\\pages\\addText\\addText.js"},"writeAccess":[]},{"shadowVar":{"declaredName":"__object__getApp.globalData.userInfo","file":"D:\\WORK\\2021\\MPDF\\white_paper\\json\\dataset2.3wxapkg\\动图宇宙\\_431774825_38\\pages\\my\\my.js"},"writeAccess":[]}]}],"dynamicDefinedData":[{"shadowObjectVar":"__object__12","dynamicDefinedProps":[{"propName":".currentVedio.pause","readShadows":[{"shadowVar":{"declaredName":"__object__12.currentVedio.pause","file":"D:\\WORK\\2021\\MPDF\\white_paper\\json\\dataset2.3wxapkg\\动图宇宙\\_431774825_38\\app.js"},"readAccess":[{"leftVar":[{"declaredName":"__object__getApp.globalData.globalData.currentVedio","file":"D:\\WORK\\2021\\MPDF\\white_paper\\json\\dataset2.3wxapkg\\动图宇宙\\_431774825_38\\app.js"}],"readFlow":[{"type":"assign to","from":{"name":"t","loc":{"line":26,"column":43},"id":12206974,"file":"D:\\WORK\\2021\\MPDF\\white_paper\\json\\dataset2.3wxapkg\\动图宇宙\\_431774825_38\\app.js"},"to":{"name":"getApp().globalData.currentVedio","loc":{"line":26,"column":8},"id":12206968,"file":"D:\\WORK\\2021\\MPDF\\white_paper\\json\\dataset2.3wxapkg\\动图宇宙\\_431774825_38\\app.js"}}]}]}],"writeShadows":[{"shadowVar":{"declaredName":"__object__12.currentVedio.pause","file":"D:\\WORK\\2021\\MPDF\\white_paper\\json\\dataset2.3wxapkg\\动图宇宙\\_431774825_38\\app.js"},"writeAccess":[]}]}]},{"shadowObjectVar":"__object__getApp","dynamicDefinedProps":[{"propName":".globalData.globalData.userInfo.globalData.userInfo.nickName","readShadows":[{"shadowVar":{"declaredName":"__object__getApp.globalData.globalData.userInfo.globalData.userInfo.nickName","file":"D:\\WORK\\2021\\MPDF\\white_paper\\json\\dataset2.3wxapkg\\动图宇宙\\_431774825_38\\utils\\util.js"},"readAccess":[{"leftVar":[{"declaredName":"__object__554.name","declaredLoc":{"line":556,"column":20},"file":"D:\\WORK\\2021\\MPDF\\white_paper\\json\\dataset2.3wxapkg\\动图宇宙\\_431774825_38\\utils\\util.js"}],"readFlow":[{"type":"assign to","from":{"name":"getApp().globalData.userInfo.nickName","loc":{"line":556,"column":26},"id":12217810,"file":"D:\\WORK\\2021\\MPDF\\white_paper\\json\\dataset2.3wxapkg\\动图宇宙\\_431774825_38\\utils\\util.js"},"to":{"name":"name","loc":{"line":556,"column":20},"id":12217809,"file":"D:\\WORK\\2021\\MPDF\\white_paper\\json\\dataset2.3wxapkg\\动图宇宙\\_431774825_38\\utils\\util.js"}},{"type":"assign to","from":{"name":"name","loc":{"line":556,"column":20},"id":12217809,"file":"D:\\WORK\\2021\\MPDF\\white_paper\\json\\dataset2.3wxapkg\\动图宇宙\\_431774825_38\\utils\\util.js"},"to":{"name":"e","loc":{"line":554,"column":20},"id":12217799,"file":"D:\\WORK\\2021\\MPDF\\white_paper\\json\\dataset2.3wxapkg\\动图宇宙\\_431774825_38\\utils\\util.js"}},{"type":"read","from":{"name":"name","loc":{"line":556,"column":20},"id":12217809,"file":"D:\\WORK\\2021\\MPDF\\white_paper\\json\\dataset2.3wxapkg\\动图宇宙\\_431774825_38\\utils\\util.js"},"to":{"name":"e","loc":{"line":562,"column":24},"id":12217841,"file":"D:\\WORK\\2021\\MPDF\\white_paper\\json\\dataset2.3wxapkg\\动图宇宙\\_431774825_38\\utils\\util.js"}},{"type":"assign to","from":{"name":"e","loc":{"line":562,"column":24},"id":12217841,"file":"D:\\WORK\\2021\\MPDF\\white_paper\\json\\dataset2.3wxapkg\\动图宇宙\\_431774825_38\\utils\\util.js"},"to":{"name":"params","loc":{"line":562,"column":16},"id":12217840,"file":"D:\\WORK\\2021\\MPDF\\white_paper\\json\\dataset2.3wxapkg\\动图宇宙\\_431774825_38\\utils\\util.js"}},{"type":"to callee","from":{"name":"e","loc":{"line":562,"column":24},"id":12217841,"file":"D:\\WORK\\2021\\MPDF\\white_paper\\json\\dataset2.3wxapkg\\动图宇宙\\_431774825_38\\utils\\util.js"},"to":{"name":"b","loc":{"line":560,"column":12},"id":12217834,"file":"D:\\WORK\\2021\\MPDF\\white_paper\\json\\dataset2.3wxapkg\\动图宇宙\\_431774825_38\\utils\\util.js"}},{"type":"to callee","from":{"name":"params","loc":{"line":562,"column":16},"id":12217840,"file":"D:\\WORK\\2021\\MPDF\\white_paper\\json\\dataset2.3wxapkg\\动图宇宙\\_431774825_38\\utils\\util.js"},"to":{"name":"b","loc":{"line":560,"column":12},"id":12217834,"file":"D:\\WORK\\2021\\MPDF\\white_paper\\json\\dataset2.3wxapkg\\动图宇宙\\_431774825_38\\utils\\util.js"}},{"type":"read","from":{"name":"e","loc":{"line":554,"column":20},"id":12217799,"file":"D:\\WORK\\2021\\MPDF\\white_paper\\json\\dataset2.3wxapkg\\动图宇宙\\_431774825_38\\utils\\util.js"},"to":{"name":"e","loc":{"line":562,"column":24},"id":12217841,"file":"D:\\WORK\\2021\\MPDF\\white_paper\\json\\dataset2.3wxapkg\\动图宇宙\\_431774825_38\\utils\\util.js"}},{"type":"assign to","from":{"name":"e","loc":{"line":562,"column":24},"id":12217841,"file":"D:\\WORK\\2021\\MPDF\\white_paper\\json\\dataset2.3wxapkg\\动图宇宙\\_431774825_38\\utils\\util.js"},"to":{"name":"params","loc":{"line":562,"column":16},"id":12217840,"file":"D:\\WORK\\2021\\MPDF\\white_paper\\json\\dataset2.3wxapkg\\动图宇宙\\_431774825_38\\utils\\util.js"}},{"type":"to callee","from":{"name":"e","loc":{"line":562,"column":24},"id":12217841,"file":"D:\\WORK\\2021\\MPDF\\white_paper\\json\\dataset2.3wxapkg\\动图宇宙\\_431774825_38\\utils\\util.js"},"to":{"name":"b","loc":{"line":560,"column":12},"id":12217834,"file":"D:\\WORK\\2021\\MPDF\\white_paper\\json\\dataset2.3wxapkg\\动图宇宙\\_431774825_38\\utils\\util.js"}},{"type":"to callee","from":{"name":"params","loc":{"line":562,"column":16},"id":12217840,"file":"D:\\WORK\\2021\\MPDF\\white_paper\\json\\dataset2.3wxapkg\\动图宇宙\\_431774825_38\\utils\\util.js"},"to":{"name":"b","loc":{"line":560,"column":12},"id":12217834,"file":"D:\\WORK\\2021\\MPDF\\white_paper\\json\\dataset2.3wxapkg\\动图宇宙\\_431774825_38\\utils\\util.js"}}]}]}],"writeShadows":[{"shadowVar":{"declaredName":"__object__getApp.globalData.globalData.userInfo.globalData.userInfo.nickName","file":"D:\\WORK\\2021\\MPDF\\white_paper\\json\\dataset2.3wxapkg\\动图宇宙\\_431774825_38\\utils\\util.js"},"writeAccess":[]}]},{"propName":".globalData.userInfo.nickName","readShadows":[{"shadowVar":{"declaredName":"__object__getApp.globalData.userInfo.nickName","file":"D:\\WORK\\2021\\MPDF\\white_paper\\json\\dataset2.3wxapkg\\动图宇宙\\_431774825_38\\pages\\my\\my.js"},"readAccess":[{"leftVar":[{"declaredName":"t","declaredLoc":{"line":84,"column":16},"file":"D:\\WORK\\2021\\MPDF\\white_paper\\json\\dataset2.3wxapkg\\动图宇宙\\_431774825_38\\pages\\my\\my.js"}],"readFlow":[{"type":"assign to","from":{"name":"e.globalData.userInfo.nickName","loc":{"line":85,"column":37},"id":12236488,"file":"D:\\WORK\\2021\\MPDF\\white_paper\\json\\dataset2.3wxapkg\\动图宇宙\\_431774825_38\\pages\\my\\my.js"},"to":{"name":"t","loc":{"line":85,"column":33},"id":12236487,"file":"D:\\WORK\\2021\\MPDF\\white_paper\\json\\dataset2.3wxapkg\\动图宇宙\\_431774825_38\\pages\\my\\my.js"}},{"type":"read","from":{"name":"t","loc":{"line":85,"column":33},"id":12236487,"file":"D:\\WORK\\2021\\MPDF\\white_paper\\json\\dataset2.3wxapkg\\动图宇宙\\_431774825_38\\pages\\my\\my.js"},"to":{"name":"t","loc":{"line":86,"column":23},"id":12236502,"file":"D:\\WORK\\2021\\MPDF\\white_paper\\json\\dataset2.3wxapkg\\动图宇宙\\_431774825_38\\pages\\my\\my.js"}},{"type":"assign to","from":{"name":"t","loc":{"line":86,"column":23},"id":12236502,"file":"D:\\WORK\\2021\\MPDF\\white_paper\\json\\dataset2.3wxapkg\\动图宇宙\\_431774825_38\\pages\\my\\my.js"},"to":{"name":"title","loc":{"line":86,"column":16},"id":12236501,"file":"D:\\WORK\\2021\\MPDF\\white_paper\\json\\dataset2.3wxapkg\\动图宇宙\\_431774825_38\\pages\\my\\my.js"}},{"type":"to callee","from":{"name":"title","loc":{"line":86,"column":16},"id":12236501,"file":"D:\\WORK\\2021\\MPDF\\white_paper\\json\\dataset2.3wxapkg\\动图宇宙\\_431774825_38\\pages\\my\\my.js"},"to":{"name":"wx.setNavigationBarTitle","loc":{"line":85,"column":70},"id":12236496,"file":"D:\\WORK\\2021\\MPDF\\white_paper\\json\\dataset2.3wxapkg\\动图宇宙\\_431774825_38\\pages\\my\\my.js"}}]}]}],"writeShadows":[{"shadowVar":{"declaredName":"__object__getApp.globalData.userInfo.nickName","file":"D:\\WORK\\2021\\MPDF\\white_paper\\json\\dataset2.3wxapkg\\动图宇宙\\_431774825_38\\pages\\my\\my.js"},"writeAccess":[]}]}]}]}