[{"this":{"name":"App","file":"D:\\WORK\\2021\\MPDF\\white_paper\\json\\dataset2.3wxapkg\\动图宇宙\\_431774825_38\\app.js"},"that":{"name":"App","file":"D:\\WORK\\2021\\MPDF\\white_paper\\json\\dataset2.3wxapkg\\动图宇宙\\_431774825_38\\utils\\mta_analysis.js"}},{"this":{"name":"init","file":"D:\\WORK\\2021\\MPDF\\white_paper\\json\\dataset2.3wxapkg\\动图宇宙\\_431774825_38\\app.js"},"that":{"name":"init","file":"D:\\WORK\\2021\\MPDF\\white_paper\\json\\dataset2.3wxapkg\\动图宇宙\\_431774825_38\\utils\\mta_analysis.js"}},{"this":{"name":"pageAjax","file":"D:\\WORK\\2021\\MPDF\\white_paper\\json\\dataset2.3wxapkg\\动图宇宙\\_431774825_38\\app.js"},"that":{"name":"pageAjax","file":"D:\\WORK\\2021\\MPDF\\white_paper\\json\\dataset2.3wxapkg\\动图宇宙\\_431774825_38\\utils\\util.js"}},{"this":{"name":"callAjax","file":"D:\\WORK\\2021\\MPDF\\white_paper\\json\\dataset2.3wxapkg\\动图宇宙\\_431774825_38\\app.js"},"that":{"name":"callAjax","file":"D:\\WORK\\2021\\MPDF\\white_paper\\json\\dataset2.3wxapkg\\动图宇宙\\_431774825_38\\utils\\util.js"}},{"this":{"name":"apiFailUserInfo","file":"D:\\WORK\\2021\\MPDF\\white_paper\\json\\dataset2.3wxapkg\\动图宇宙\\_431774825_38\\app.js"},"that":{"name":"apiFailUserInfo","file":"D:\\WORK\\2021\\MPDF\\white_paper\\json\\dataset2.3wxapkg\\动图宇宙\\_431774825_38\\utils\\util.js"}},{"this":{"name":"globalData","file":"D:\\WORK\\2021\\MPDF\\white_paper\\json\\dataset2.3wxapkg\\动图宇宙\\_431774825_38\\app.js"},"that":{"name":"globalData","file":"D:\\WORK\\2021\\MPDF\\white_paper\\json\\dataset2.3wxapkg\\动图宇宙\\_431774825_38\\app.js"}},{"this":{"name":"Event","file":"D:\\WORK\\2021\\MPDF\\white_paper\\json\\dataset2.3wxapkg\\动图宇宙\\_431774825_38\\utils\\event.js"},"that":{"name":"Event","file":"D:\\WORK\\2021\\MPDF\\white_paper\\json\\dataset2.3wxapkg\\动图宇宙\\_431774825_38\\utils\\mta_analysis.js"}},{"this":{"name":"stat","file":"D:\\WORK\\2021\\MPDF\\white_paper\\json\\dataset2.3wxapkg\\动图宇宙\\_431774825_38\\utils\\event.js"},"that":{"name":"stat","file":"D:\\WORK\\2021\\MPDF\\white_paper\\json\\dataset2.3wxapkg\\动图宇宙\\_431774825_38\\utils\\mta_analysis.js"}},{"this":{"name":"mtaEvent","file":"D:\\WORK\\2021\\MPDF\\white_paper\\json\\dataset2.3wxapkg\\动图宇宙\\_431774825_38\\utils\\util.js"},"that":{"name":"mtaEvent","file":"D:\\WORK\\2021\\MPDF\\white_paper\\json\\dataset2.3wxapkg\\动图宇宙\\_431774825_38\\utils\\event.js"}},{"this":{"name":"globalData","file":"D:\\WORK\\2021\\MPDF\\white_paper\\json\\dataset2.3wxapkg\\动图宇宙\\_431774825_38\\utils\\util.js"},"that":{"name":"globalData","file":"D:\\WORK\\2021\\MPDF\\white_paper\\json\\dataset2.3wxapkg\\动图宇宙\\_431774825_38\\app.js"}},{"this":{"name":"getLogin","file":"D:\\WORK\\2021\\MPDF\\white_paper\\json\\dataset2.3wxapkg\\动图宇宙\\_431774825_38\\utils\\util.js"},"that":{"name":"getLogin","file":"D:\\WORK\\2021\\MPDF\\white_paper\\json\\dataset2.3wxapkg\\动图宇宙\\_431774825_38\\app.js"}},{"this":{"name":"_getUserInfo","file":"D:\\WORK\\2021\\MPDF\\white_paper\\json\\dataset2.3wxapkg\\动图宇宙\\_431774825_38\\utils\\util.js"},"that":{"name":"_getUserInfo","file":"D:\\WORK\\2021\\MPDF\\white_paper\\json\\dataset2.3wxapkg\\动图宇宙\\_431774825_38\\app.js"}},{"this":{"name":"pageFun","file":"D:\\WORK\\2021\\MPDF\\white_paper\\json\\dataset2.3wxapkg\\动图宇宙\\_431774825_38\\components\\activity-win\\activity-win.js"},"that":{"name":"pageFun","file":"D:\\WORK\\2021\\MPDF\\white_paper\\json\\dataset2.3wxapkg\\动图宇宙\\_431774825_38\\utils\\util.js"}},{"this":{"name":"stream","file":"D:\\WORK\\2021\\MPDF\\white_paper\\json\\dataset2.3wxapkg\\动图宇宙\\_431774825_38\\components\\activity-win\\activity-win.js"},"that":{"name":"stream","file":"D:\\WORK\\2021\\MPDF\\white_paper\\json\\dataset2.3wxapkg\\动图宇宙\\_431774825_38\\utils\\util.js"}},{"this":{"name":"streamIpHome","file":"D:\\WORK\\2021\\MPDF\\white_paper\\json\\dataset2.3wxapkg\\动图宇宙\\_431774825_38\\components\\activity-win\\activity-win.js"},"that":{"name":"streamIpHome","file":"D:\\WORK\\2021\\MPDF\\white_paper\\json\\dataset2.3wxapkg\\动图宇宙\\_431774825_38\\utils\\util.js"}},{"this":{"name":"pageAjax","file":"D:\\WORK\\2021\\MPDF\\white_paper\\json\\dataset2.3wxapkg\\动图宇宙\\_431774825_38\\components\\activity-win\\activity-win.js"},"that":{"name":"pageAjax","file":"D:\\WORK\\2021\\MPDF\\white_paper\\json\\dataset2.3wxapkg\\动图宇宙\\_431774825_38\\utils\\util.js"}},{"this":{"name":"callAjax","file":"D:\\WORK\\2021\\MPDF\\white_paper\\json\\dataset2.3wxapkg\\动图宇宙\\_431774825_38\\components\\activity-win\\activity-win.js"},"that":{"name":"callAjax","file":"D:\\WORK\\2021\\MPDF\\white_paper\\json\\dataset2.3wxapkg\\动图宇宙\\_431774825_38\\utils\\util.js"}},{"this":{"name":"mtaEvent","file":"D:\\WORK\\2021\\MPDF\\white_paper\\json\\dataset2.3wxapkg\\动图宇宙\\_431774825_38\\components\\activity-win\\activity-win.js"},"that":{"name":"mtaEvent","file":"D:\\WORK\\2021\\MPDF\\white_paper\\json\\dataset2.3wxapkg\\动图宇宙\\_431774825_38\\utils\\event.js"}},{"this":{"name":"mtaEvent","file":"D:\\WORK\\2021\\MPDF\\white_paper\\json\\dataset2.3wxapkg\\动图宇宙\\_431774825_38\\components\\authorise\\authorise.js"},"that":{"name":"mtaEvent","file":"D:\\WORK\\2021\\MPDF\\white_paper\\json\\dataset2.3wxapkg\\动图宇宙\\_431774825_38\\utils\\event.js"}},{"this":{"name":"getLogin","file":"D:\\WORK\\2021\\MPDF\\white_paper\\json\\dataset2.3wxapkg\\动图宇宙\\_431774825_38\\components\\authorise\\authorise.js"},"that":{"name":"getLogin","file":"D:\\WORK\\2021\\MPDF\\white_paper\\json\\dataset2.3wxapkg\\动图宇宙\\_431774825_38\\app.js"}},{"this":{"name":"pageFun","file":"D:\\WORK\\2021\\MPDF\\white_paper\\json\\dataset2.3wxapkg\\动图宇宙\\_431774825_38\\components\\banner\\banner.js"},"that":{"name":"pageFun","file":"D:\\WORK\\2021\\MPDF\\white_paper\\json\\dataset2.3wxapkg\\动图宇宙\\_431774825_38\\utils\\util.js"}},{"this":{"name":"calPageName","file":"D:\\WORK\\2021\\MPDF\\white_paper\\json\\dataset2.3wxapkg\\动图宇宙\\_431774825_38\\components\\banner\\banner.js"},"that":{"name":"calPageName","file":"D:\\WORK\\2021\\MPDF\\white_paper\\json\\dataset2.3wxapkg\\动图宇宙\\_431774825_38\\utils\\util.js"}},{"this":{"name":"mtaEvent","file":"D:\\WORK\\2021\\MPDF\\white_paper\\json\\dataset2.3wxapkg\\动图宇宙\\_431774825_38\\components\\banner\\banner.js"},"that":{"name":"mtaEvent","file":"D:\\WORK\\2021\\MPDF\\white_paper\\json\\dataset2.3wxapkg\\动图宇宙\\_431774825_38\\utils\\event.js"}},{"this":{"name":"mtaEvent","file":"D:\\WORK\\2021\\MPDF\\white_paper\\json\\dataset2.3wxapkg\\动图宇宙\\_431774825_38\\components\\common-buttons\\common-buttons.js"},"that":{"name":"mtaEvent","file":"D:\\WORK\\2021\\MPDF\\white_paper\\json\\dataset2.3wxapkg\\动图宇宙\\_431774825_38\\utils\\event.js"}},{"this":{"name":"submitFormId","file":"D:\\WORK\\2021\\MPDF\\white_paper\\json\\dataset2.3wxapkg\\动图宇宙\\_431774825_38\\components\\go-wiki-button\\go-wiki-button.js"},"that":{"name":"submitFormId","file":"D:\\WORK\\2021\\MPDF\\white_paper\\json\\dataset2.3wxapkg\\动图宇宙\\_431774825_38\\utils\\util.js"}},{"this":{"name":"pageFun","file":"D:\\WORK\\2021\\MPDF\\white_paper\\json\\dataset2.3wxapkg\\动图宇宙\\_431774825_38\\components\\go-wiki-button\\go-wiki-button.js"},"that":{"name":"pageFun","file":"D:\\WORK\\2021\\MPDF\\white_paper\\json\\dataset2.3wxapkg\\动图宇宙\\_431774825_38\\utils\\util.js"}},{"this":{"name":"drawImage","file":"D:\\WORK\\2021\\MPDF\\white_paper\\json\\dataset2.3wxapkg\\动图宇宙\\_431774825_38\\components\\go-wiki-button\\go-wiki-button.js"},"that":{"name":"drawImage","file":"D:\\WORK\\2021\\MPDF\\white_paper\\json\\dataset2.3wxapkg\\动图宇宙\\_431774825_38\\utils\\util.js"}},{"this":{"name":"drawEWM","file":"D:\\WORK\\2021\\MPDF\\white_paper\\json\\dataset2.3wxapkg\\动图宇宙\\_431774825_38\\components\\go-wiki-button\\go-wiki-button.js"},"that":{"name":"drawEWM","file":"D:\\WORK\\2021\\MPDF\\white_paper\\json\\dataset2.3wxapkg\\动图宇宙\\_431774825_38\\utils\\util.js"}},{"this":{"name":"format","file":"D:\\WORK\\2021\\MPDF\\white_paper\\json\\dataset2.3wxapkg\\动图宇宙\\_431774825_38\\components\\go-wiki-button\\go-wiki-button.js"},"that":{"name":"format","file":"D:\\WORK\\2021\\MPDF\\white_paper\\json\\dataset2.3wxapkg\\动图宇宙\\_431774825_38\\utils\\util.js"}},{"this":{"name":"toObject","file":"D:\\WORK\\2021\\MPDF\\white_paper\\json\\dataset2.3wxapkg\\动图宇宙\\_431774825_38\\components\\go-wiki-button\\go-wiki-button.js"},"that":{"name":"toObject","file":"D:\\WORK\\2021\\MPDF\\white_paper\\json\\dataset2.3wxapkg\\动图宇宙\\_431774825_38\\utils\\util.js"}},{"this":{"name":"shortStr","file":"D:\\WORK\\2021\\MPDF\\white_paper\\json\\dataset2.3wxapkg\\动图宇宙\\_431774825_38\\components\\go-wiki-button\\go-wiki-button.js"},"that":{"name":"shortStr","file":"D:\\WORK\\2021\\MPDF\\white_paper\\json\\dataset2.3wxapkg\\动图宇宙\\_431774825_38\\utils\\util.js"}},{"this":{"name":"mtaEvent","file":"D:\\WORK\\2021\\MPDF\\white_paper\\json\\dataset2.3wxapkg\\动图宇宙\\_431774825_38\\components\\go-wiki-button\\go-wiki-button.js"},"that":{"name":"mtaEvent","file":"D:\\WORK\\2021\\MPDF\\white_paper\\json\\dataset2.3wxapkg\\动图宇宙\\_431774825_38\\utils\\event.js"}},{"this":{"name":"pageFun","file":"D:\\WORK\\2021\\MPDF\\white_paper\\json\\dataset2.3wxapkg\\动图宇宙\\_431774825_38\\components\\relate-recommend\\relate-recommend.js"},"that":{"name":"pageFun","file":"D:\\WORK\\2021\\MPDF\\white_paper\\json\\dataset2.3wxapkg\\动图宇宙\\_431774825_38\\utils\\util.js"}},{"this":{"name":"imageDetail","file":"D:\\WORK\\2021\\MPDF\\white_paper\\json\\dataset2.3wxapkg\\动图宇宙\\_431774825_38\\components\\relate-recommend\\relate-recommend.js"},"that":{"name":"imageDetail","file":"D:\\WORK\\2021\\MPDF\\white_paper\\json\\dataset2.3wxapkg\\动图宇宙\\_431774825_38\\utils\\util.js"}},{"this":{"name":"imageDetailWiki","file":"D:\\WORK\\2021\\MPDF\\white_paper\\json\\dataset2.3wxapkg\\动图宇宙\\_431774825_38\\components\\relate-recommend\\relate-recommend.js"},"that":{"name":"imageDetailWiki","file":"D:\\WORK\\2021\\MPDF\\white_paper\\json\\dataset2.3wxapkg\\动图宇宙\\_431774825_38\\utils\\util.js"}},{"this":{"name":"imageDetailManySubject","file":"D:\\WORK\\2021\\MPDF\\white_paper\\json\\dataset2.3wxapkg\\动图宇宙\\_431774825_38\\components\\relate-recommend\\relate-recommend.js"},"that":{"name":"imageDetailManySubject","file":"D:\\WORK\\2021\\MPDF\\white_paper\\json\\dataset2.3wxapkg\\动图宇宙\\_431774825_38\\utils\\util.js"}},{"this":{"name":"imageDetailOneSubject","file":"D:\\WORK\\2021\\MPDF\\white_paper\\json\\dataset2.3wxapkg\\动图宇宙\\_431774825_38\\components\\relate-recommend\\relate-recommend.js"},"that":{"name":"imageDetailOneSubject","file":"D:\\WORK\\2021\\MPDF\\white_paper\\json\\dataset2.3wxapkg\\动图宇宙\\_431774825_38\\utils\\util.js"}},{"this":{"name":"randomColor","file":"D:\\WORK\\2021\\MPDF\\white_paper\\json\\dataset2.3wxapkg\\动图宇宙\\_431774825_38\\components\\relate-recommend\\relate-recommend.js"},"that":{"name":"randomColor","file":"D:\\WORK\\2021\\MPDF\\white_paper\\json\\dataset2.3wxapkg\\动图宇宙\\_431774825_38\\utils\\util.js"}},{"this":{"name":"pageAjax","file":"D:\\WORK\\2021\\MPDF\\white_paper\\json\\dataset2.3wxapkg\\动图宇宙\\_431774825_38\\components\\relate-recommend\\relate-recommend.js"},"that":{"name":"pageAjax","file":"D:\\WORK\\2021\\MPDF\\white_paper\\json\\dataset2.3wxapkg\\动图宇宙\\_431774825_38\\utils\\util.js"}},{"this":{"name":"callAjax","file":"D:\\WORK\\2021\\MPDF\\white_paper\\json\\dataset2.3wxapkg\\动图宇宙\\_431774825_38\\components\\relate-recommend\\relate-recommend.js"},"that":{"name":"callAjax","file":"D:\\WORK\\2021\\MPDF\\white_paper\\json\\dataset2.3wxapkg\\动图宇宙\\_431774825_38\\utils\\util.js"}},{"this":{"name":"indexSubjectGoPage","file":"D:\\WORK\\2021\\MPDF\\white_paper\\json\\dataset2.3wxapkg\\动图宇宙\\_431774825_38\\components\\relate-recommend\\relate-recommend.js"},"that":{"name":"indexSubjectGoPage","file":"D:\\WORK\\2021\\MPDF\\white_paper\\json\\dataset2.3wxapkg\\动图宇宙\\_431774825_38\\utils\\util.js"}},{"this":{"name":"submitFormId","file":"D:\\WORK\\2021\\MPDF\\white_paper\\json\\dataset2.3wxapkg\\动图宇宙\\_431774825_38\\components\\relate-recommend\\relate-recommend.js"},"that":{"name":"submitFormId","file":"D:\\WORK\\2021\\MPDF\\white_paper\\json\\dataset2.3wxapkg\\动图宇宙\\_431774825_38\\utils\\util.js"}},{"this":{"name":"mtaEvent","file":"D:\\WORK\\2021\\MPDF\\white_paper\\json\\dataset2.3wxapkg\\动图宇宙\\_431774825_38\\components\\relate-recommend\\relate-recommend.js"},"that":{"name":"mtaEvent","file":"D:\\WORK\\2021\\MPDF\\white_paper\\json\\dataset2.3wxapkg\\动图宇宙\\_431774825_38\\utils\\event.js"}},{"this":{"name":"pageFun","file":"D:\\WORK\\2021\\MPDF\\white_paper\\json\\dataset2.3wxapkg\\动图宇宙\\_431774825_38\\components\\search\\search.js"},"that":{"name":"pageFun","file":"D:\\WORK\\2021\\MPDF\\white_paper\\json\\dataset2.3wxapkg\\动图宇宙\\_431774825_38\\utils\\util.js"}},{"this":{"name":"stream","file":"D:\\WORK\\2021\\MPDF\\white_paper\\json\\dataset2.3wxapkg\\动图宇宙\\_431774825_38\\components\\search\\search.js"},"that":{"name":"stream","file":"D:\\WORK\\2021\\MPDF\\white_paper\\json\\dataset2.3wxapkg\\动图宇宙\\_431774825_38\\utils\\util.js"}},{"this":{"name":"streamManyImg","file":"D:\\WORK\\2021\\MPDF\\white_paper\\json\\dataset2.3wxapkg\\动图宇宙\\_431774825_38\\components\\search\\search.js"},"that":{"name":"streamManyImg","file":"D:\\WORK\\2021\\MPDF\\white_paper\\json\\dataset2.3wxapkg\\动图宇宙\\_431774825_38\\utils\\util.js"}},{"this":{"name":"streamWiki","file":"D:\\WORK\\2021\\MPDF\\white_paper\\json\\dataset2.3wxapkg\\动图宇宙\\_431774825_38\\components\\search\\search.js"},"that":{"name":"streamWiki","file":"D:\\WORK\\2021\\MPDF\\white_paper\\json\\dataset2.3wxapkg\\动图宇宙\\_431774825_38\\utils\\util.js"}},{"this":{"name":"streamOneImg","file":"D:\\WORK\\2021\\MPDF\\white_paper\\json\\dataset2.3wxapkg\\动图宇宙\\_431774825_38\\components\\search\\search.js"},"that":{"name":"streamOneImg","file":"D:\\WORK\\2021\\MPDF\\white_paper\\json\\dataset2.3wxapkg\\动图宇宙\\_431774825_38\\utils\\util.js"}},{"this":{"name":"calPageName","file":"D:\\WORK\\2021\\MPDF\\white_paper\\json\\dataset2.3wxapkg\\动图宇宙\\_431774825_38\\components\\search\\search.js"},"that":{"name":"calPageName","file":"D:\\WORK\\2021\\MPDF\\white_paper\\json\\dataset2.3wxapkg\\动图宇宙\\_431774825_38\\utils\\util.js"}},{"this":{"name":"mtaEvent","file":"D:\\WORK\\2021\\MPDF\\white_paper\\json\\dataset2.3wxapkg\\动图宇宙\\_431774825_38\\components\\search\\search.js"},"that":{"name":"mtaEvent","file":"D:\\WORK\\2021\\MPDF\\white_paper\\json\\dataset2.3wxapkg\\动图宇宙\\_431774825_38\\utils\\event.js"}},{"this":{"name":"pageFun","file":"D:\\WORK\\2021\\MPDF\\white_paper\\json\\dataset2.3wxapkg\\动图宇宙\\_431774825_38\\components\\stream-layout\\stream-layout.js"},"that":{"name":"pageFun","file":"D:\\WORK\\2021\\MPDF\\white_paper\\json\\dataset2.3wxapkg\\动图宇宙\\_431774825_38\\utils\\util.js"}},{"this":{"name":"randomColor","file":"D:\\WORK\\2021\\MPDF\\white_paper\\json\\dataset2.3wxapkg\\动图宇宙\\_431774825_38\\components\\stream-layout\\stream-layout.js"},"that":{"name":"randomColor","file":"D:\\WORK\\2021\\MPDF\\white_paper\\json\\dataset2.3wxapkg\\动图宇宙\\_431774825_38\\utils\\util.js"}},{"this":{"name":"goImageDetail","file":"D:\\WORK\\2021\\MPDF\\white_paper\\json\\dataset2.3wxapkg\\动图宇宙\\_431774825_38\\components\\stream-layout\\stream-layout.js"},"that":{"name":"goImageDetail","file":"D:\\WORK\\2021\\MPDF\\white_paper\\json\\dataset2.3wxapkg\\动图宇宙\\_431774825_38\\utils\\util.js"}},{"this":{"name":"subscribe","file":"D:\\WORK\\2021\\MPDF\\white_paper\\json\\dataset2.3wxapkg\\动图宇宙\\_431774825_38\\components\\subscribe-button\\subscribe-button.js"},"that":{"name":"subscribe","file":"D:\\WORK\\2021\\MPDF\\white_paper\\json\\dataset2.3wxapkg\\动图宇宙\\_431774825_38\\utils\\util.js"}},{"this":{"name":"submitFormId","file":"D:\\WORK\\2021\\MPDF\\white_paper\\json\\dataset2.3wxapkg\\动图宇宙\\_431774825_38\\components\\subscribe-button\\subscribe-button.js"},"that":{"name":"submitFormId","file":"D:\\WORK\\2021\\MPDF\\white_paper\\json\\dataset2.3wxapkg\\动图宇宙\\_431774825_38\\utils\\util.js"}},{"this":{"name":"mtaEvent","file":"D:\\WORK\\2021\\MPDF\\white_paper\\json\\dataset2.3wxapkg\\动图宇宙\\_431774825_38\\components\\subscribe-button\\subscribe-button.js"},"that":{"name":"mtaEvent","file":"D:\\WORK\\2021\\MPDF\\white_paper\\json\\dataset2.3wxapkg\\动图宇宙\\_431774825_38\\utils\\event.js"}},{"this":{"name":"submitFormId","file":"D:\\WORK\\2021\\MPDF\\white_paper\\json\\dataset2.3wxapkg\\动图宇宙\\_431774825_38\\components\\tag\\tag.js"},"that":{"name":"submitFormId","file":"D:\\WORK\\2021\\MPDF\\white_paper\\json\\dataset2.3wxapkg\\动图宇宙\\_431774825_38\\utils\\util.js"}},{"this":{"name":"indexSubjectGoPage","file":"D:\\WORK\\2021\\MPDF\\white_paper\\json\\dataset2.3wxapkg\\动图宇宙\\_431774825_38\\components\\tag\\tag.js"},"that":{"name":"indexSubjectGoPage","file":"D:\\WORK\\2021\\MPDF\\white_paper\\json\\dataset2.3wxapkg\\动图宇宙\\_431774825_38\\utils\\util.js"}},{"this":{"name":"mtaEvent","file":"D:\\WORK\\2021\\MPDF\\white_paper\\json\\dataset2.3wxapkg\\动图宇宙\\_431774825_38\\components\\tag\\tag.js"},"that":{"name":"mtaEvent","file":"D:\\WORK\\2021\\MPDF\\white_paper\\json\\dataset2.3wxapkg\\动图宇宙\\_431774825_38\\utils\\event.js"}},{"this":{"name":"pageFun","file":"D:\\WORK\\2021\\MPDF\\white_paper\\json\\dataset2.3wxapkg\\动图宇宙\\_431774825_38\\components\\three-images\\three-images.js"},"that":{"name":"pageFun","file":"D:\\WORK\\2021\\MPDF\\white_paper\\json\\dataset2.3wxapkg\\动图宇宙\\_431774825_38\\utils\\util.js"}},{"this":{"name":"randomColor","file":"D:\\WORK\\2021\\MPDF\\white_paper\\json\\dataset2.3wxapkg\\动图宇宙\\_431774825_38\\components\\three-images\\three-images.js"},"that":{"name":"randomColor","file":"D:\\WORK\\2021\\MPDF\\white_paper\\json\\dataset2.3wxapkg\\动图宇宙\\_431774825_38\\utils\\util.js"}},{"this":{"name":"mtaEvent","file":"D:\\WORK\\2021\\MPDF\\white_paper\\json\\dataset2.3wxapkg\\动图宇宙\\_431774825_38\\components\\three-images\\three-images.js"},"that":{"name":"mtaEvent","file":"D:\\WORK\\2021\\MPDF\\white_paper\\json\\dataset2.3wxapkg\\动图宇宙\\_431774825_38\\utils\\event.js"}},{"this":{"name":"submitFormId","file":"D:\\WORK\\2021\\MPDF\\white_paper\\json\\dataset2.3wxapkg\\动图宇宙\\_431774825_38\\components\\title\\title.js"},"that":{"name":"submitFormId","file":"D:\\WORK\\2021\\MPDF\\white_paper\\json\\dataset2.3wxapkg\\动图宇宙\\_431774825_38\\utils\\util.js"}},{"this":{"name":"LZWEncoder","file":"D:\\WORK\\2021\\MPDF\\white_paper\\json\\dataset2.3wxapkg\\动图宇宙\\_431774825_38\\gif\\gifEncode\\GIFEncoder.js"},"that":{"name":"LZWEncoder","file":"D:\\WORK\\2021\\MPDF\\white_paper\\json\\dataset2.3wxapkg\\动图宇宙\\_431774825_38\\gif\\gifEncode\\LZWEncoder.js"}},{"this":{"name":"mtaEvent","file":"D:\\WORK\\2021\\MPDF\\white_paper\\json\\dataset2.3wxapkg\\动图宇宙\\_431774825_38\\pages\\activityList\\activityList.js"},"that":{"name":"mtaEvent","file":"D:\\WORK\\2021\\MPDF\\white_paper\\json\\dataset2.3wxapkg\\动图宇宙\\_431774825_38\\utils\\event.js"}},{"this":{"name":"pageFun","file":"D:\\WORK\\2021\\MPDF\\white_paper\\json\\dataset2.3wxapkg\\动图宇宙\\_431774825_38\\pages\\addText\\addText.js"},"that":{"name":"pageFun","file":"D:\\WORK\\2021\\MPDF\\white_paper\\json\\dataset2.3wxapkg\\动图宇宙\\_431774825_38\\utils\\util.js"}},{"this":{"name":"isReverseCanvas","file":"D:\\WORK\\2021\\MPDF\\white_paper\\json\\dataset2.3wxapkg\\动图宇宙\\_431774825_38\\pages\\addText\\addText.js"},"that":{"name":"isReverseCanvas","file":"D:\\WORK\\2021\\MPDF\\white_paper\\json\\dataset2.3wxapkg\\动图宇宙\\_431774825_38\\utils\\util.js"}},{"this":{"name":"statsEventDuration","file":"D:\\WORK\\2021\\MPDF\\white_paper\\json\\dataset2.3wxapkg\\动图宇宙\\_431774825_38\\pages\\addText\\addText.js"},"that":{"name":"statsEventDuration","file":"D:\\WORK\\2021\\MPDF\\white_paper\\json\\dataset2.3wxapkg\\动图宇宙\\_431774825_38\\utils\\util.js"}},{"this":{"name":"reverseCanvasData","file":"D:\\WORK\\2021\\MPDF\\white_paper\\json\\dataset2.3wxapkg\\动图宇宙\\_431774825_38\\pages\\addText\\addText.js"},"that":{"name":"reverseCanvasData","file":"D:\\WORK\\2021\\MPDF\\white_paper\\json\\dataset2.3wxapkg\\动图宇宙\\_431774825_38\\utils\\util.js"}},{"this":{"name":"toolFuns","file":"D:\\WORK\\2021\\MPDF\\white_paper\\json\\dataset2.3wxapkg\\动图宇宙\\_431774825_38\\pages\\addText\\addText.js"},"that":{"name":"toolFuns","file":"D:\\WORK\\2021\\MPDF\\white_paper\\json\\dataset2.3wxapkg\\动图宇宙\\_431774825_38\\utils\\util.js"}},{"this":{"name":"imgToshort","file":"D:\\WORK\\2021\\MPDF\\white_paper\\json\\dataset2.3wxapkg\\动图宇宙\\_431774825_38\\pages\\addText\\addText.js"},"that":{"name":"imgToshort","file":"D:\\WORK\\2021\\MPDF\\white_paper\\json\\dataset2.3wxapkg\\动图宇宙\\_431774825_38\\utils\\util.js"}},{"this":{"name":"downloadImg","file":"D:\\WORK\\2021\\MPDF\\white_paper\\json\\dataset2.3wxapkg\\动图宇宙\\_431774825_38\\pages\\addText\\addText.js"},"that":{"name":"downloadImg","file":"D:\\WORK\\2021\\MPDF\\white_paper\\json\\dataset2.3wxapkg\\动图宇宙\\_431774825_38\\utils\\util.js"}},{"this":{"name":"colorHextoRGB","file":"D:\\WORK\\2021\\MPDF\\white_paper\\json\\dataset2.3wxapkg\\动图宇宙\\_431774825_38\\pages\\addText\\addText.js"},"that":{"name":"colorHextoRGB","file":"D:\\WORK\\2021\\MPDF\\white_paper\\json\\dataset2.3wxapkg\\动图宇宙\\_431774825_38\\utils\\util.js"}},{"this":{"name":"isSubArray","file":"D:\\WORK\\2021\\MPDF\\white_paper\\json\\dataset2.3wxapkg\\动图宇宙\\_431774825_38\\pages\\addText\\addText.js"},"that":{"name":"isSubArray","file":"D:\\WORK\\2021\\MPDF\\white_paper\\json\\dataset2.3wxapkg\\动图宇宙\\_431774825_38\\utils\\util.js"}},{"this":{"name":"calAppearLeastNum","file":"D:\\WORK\\2021\\MPDF\\white_paper\\json\\dataset2.3wxapkg\\动图宇宙\\_431774825_38\\pages\\addText\\addText.js"},"that":{"name":"calAppearLeastNum","file":"D:\\WORK\\2021\\MPDF\\white_paper\\json\\dataset2.3wxapkg\\动图宇宙\\_431774825_38\\utils\\util.js"}},{"this":{"name":"findSameColorIndex","file":"D:\\WORK\\2021\\MPDF\\white_paper\\json\\dataset2.3wxapkg\\动图宇宙\\_431774825_38\\pages\\addText\\addText.js"},"that":{"name":"findSameColorIndex","file":"D:\\WORK\\2021\\MPDF\\white_paper\\json\\dataset2.3wxapkg\\动图宇宙\\_431774825_38\\utils\\util.js"}},{"this":{"name":"encode64","file":"D:\\WORK\\2021\\MPDF\\white_paper\\json\\dataset2.3wxapkg\\动图宇宙\\_431774825_38\\pages\\addText\\addText.js"},"that":{"name":"encode64","file":"D:\\WORK\\2021\\MPDF\\white_paper\\json\\dataset2.3wxapkg\\动图宇宙\\_431774825_38\\utils\\util.js"}},{"this":{"name":"verify","file":"D:\\WORK\\2021\\MPDF\\white_paper\\json\\dataset2.3wxapkg\\动图宇宙\\_431774825_38\\pages\\addText\\addText.js"},"that":{"name":"verify","file":"D:\\WORK\\2021\\MPDF\\white_paper\\json\\dataset2.3wxapkg\\动图宇宙\\_431774825_38\\utils\\util.js"}},{"this":{"name":"isFullObject","file":"D:\\WORK\\2021\\MPDF\\white_paper\\json\\dataset2.3wxapkg\\动图宇宙\\_431774825_38\\pages\\addText\\addText.js"},"that":{"name":"isFullObject","file":"D:\\WORK\\2021\\MPDF\\white_paper\\json\\dataset2.3wxapkg\\动图宇宙\\_431774825_38\\utils\\util.js"}},{"this":{"name":"pageAjax","file":"D:\\WORK\\2021\\MPDF\\white_paper\\json\\dataset2.3wxapkg\\动图宇宙\\_431774825_38\\pages\\addText\\addText.js"},"that":{"name":"pageAjax","file":"D:\\WORK\\2021\\MPDF\\white_paper\\json\\dataset2.3wxapkg\\动图宇宙\\_431774825_38\\utils\\util.js"}},{"this":{"name":"callAjax","file":"D:\\WORK\\2021\\MPDF\\white_paper\\json\\dataset2.3wxapkg\\动图宇宙\\_431774825_38\\pages\\addText\\addText.js"},"that":{"name":"callAjax","file":"D:\\WORK\\2021\\MPDF\\white_paper\\json\\dataset2.3wxapkg\\动图宇宙\\_431774825_38\\utils\\util.js"}},{"this":{"name":"downloadFile","file":"D:\\WORK\\2021\\MPDF\\white_paper\\json\\dataset2.3wxapkg\\动图宇宙\\_431774825_38\\pages\\addText\\addText.js"},"that":{"name":"downloadFile","file":"D:\\WORK\\2021\\MPDF\\white_paper\\json\\dataset2.3wxapkg\\动图宇宙\\_431774825_38\\utils\\util.js"}},{"this":{"name":"host","file":"D:\\WORK\\2021\\MPDF\\white_paper\\json\\dataset2.3wxapkg\\动图宇宙\\_431774825_38\\pages\\addText\\addText.js"},"that":{"name":"host","file":"D:\\WORK\\2021\\MPDF\\white_paper\\json\\dataset2.3wxapkg\\动图宇宙\\_431774825_38\\utils\\util.js"}},{"this":{"name":"mtaEvent","file":"D:\\WORK\\2021\\MPDF\\white_paper\\json\\dataset2.3wxapkg\\动图宇宙\\_431774825_38\\pages\\addText\\addText.js"},"that":{"name":"mtaEvent","file":"D:\\WORK\\2021\\MPDF\\white_paper\\json\\dataset2.3wxapkg\\动图宇宙\\_431774825_38\\utils\\event.js"}},{"this":{"name":"Stream","file":"D:\\WORK\\2021\\MPDF\\white_paper\\json\\dataset2.3wxapkg\\动图宇宙\\_431774825_38\\pages\\addText\\addText.js"},"that":{"name":"Stream","file":"D:\\WORK\\2021\\MPDF\\white_paper\\json\\dataset2.3wxapkg\\动图宇宙\\_431774825_38\\gif\\gifDecode\\gif.js"}},{"this":{"name":"parseGIF","file":"D:\\WORK\\2021\\MPDF\\white_paper\\json\\dataset2.3wxapkg\\动图宇宙\\_431774825_38\\pages\\addText\\addText.js"},"that":{"name":"parseGIF","file":"D:\\WORK\\2021\\MPDF\\white_paper\\json\\dataset2.3wxapkg\\动图宇宙\\_431774825_38\\gif\\gifDecode\\gif.js"}},{"this":{"name":"GIFEncoder","file":"D:\\WORK\\2021\\MPDF\\white_paper\\json\\dataset2.3wxapkg\\动图宇宙\\_431774825_38\\pages\\addText\\addText.js"},"that":{"name":"GIFEncoder","file":"D:\\WORK\\2021\\MPDF\\white_paper\\json\\dataset2.3wxapkg\\动图宇宙\\_431774825_38\\gif\\gifEncode\\GIFEncoder.js"}},{"this":{"name":"globalData","file":"D:\\WORK\\2021\\MPDF\\white_paper\\json\\dataset2.3wxapkg\\动图宇宙\\_431774825_38\\pages\\addText\\addText.js"},"that":{"name":"globalData","file":"D:\\WORK\\2021\\MPDF\\white_paper\\json\\dataset2.3wxapkg\\动图宇宙\\_431774825_38\\app.js"}},{"this":{"name":"userInfo","file":"D:\\WORK\\2021\\MPDF\\white_paper\\json\\dataset2.3wxapkg\\动图宇宙\\_431774825_38\\pages\\addText\\addText.js"},"that":{"name":"userInfo","file":"D:\\WORK\\2021\\MPDF\\white_paper\\json\\dataset2.3wxapkg\\动图宇宙\\_431774825_38\\app.js"}},{"this":{"name":"getLogin","file":"D:\\WORK\\2021\\MPDF\\white_paper\\json\\dataset2.3wxapkg\\动图宇宙\\_431774825_38\\pages\\addText\\addText.js"},"that":{"name":"getLogin","file":"D:\\WORK\\2021\\MPDF\\white_paper\\json\\dataset2.3wxapkg\\动图宇宙\\_431774825_38\\app.js"}},{"this":{"name":"pageFun","file":"D:\\WORK\\2021\\MPDF\\white_paper\\json\\dataset2.3wxapkg\\动图宇宙\\_431774825_38\\pages\\bindPhone\\bindPhone.js"},"that":{"name":"pageFun","file":"D:\\WORK\\2021\\MPDF\\white_paper\\json\\dataset2.3wxapkg\\动图宇宙\\_431774825_38\\utils\\util.js"}},{"this":{"name":"loadding","file":"D:\\WORK\\2021\\MPDF\\white_paper\\json\\dataset2.3wxapkg\\动图宇宙\\_431774825_38\\pages\\bindPhone\\bindPhone.js"},"that":{"name":"loadding","file":"D:\\WORK\\2021\\MPDF\\white_paper\\json\\dataset2.3wxapkg\\动图宇宙\\_431774825_38\\utils\\util.js"}},{"this":{"name":"closeLoadding","file":"D:\\WORK\\2021\\MPDF\\white_paper\\json\\dataset2.3wxapkg\\动图宇宙\\_431774825_38\\pages\\bindPhone\\bindPhone.js"},"that":{"name":"closeLoadding","file":"D:\\WORK\\2021\\MPDF\\white_paper\\json\\dataset2.3wxapkg\\动图宇宙\\_431774825_38\\utils\\util.js"}},{"this":{"name":"pageAjax","file":"D:\\WORK\\2021\\MPDF\\white_paper\\json\\dataset2.3wxapkg\\动图宇宙\\_431774825_38\\pages\\bindPhone\\bindPhone.js"},"that":{"name":"pageAjax","file":"D:\\WORK\\2021\\MPDF\\white_paper\\json\\dataset2.3wxapkg\\动图宇宙\\_431774825_38\\utils\\util.js"}},{"this":{"name":"callAjax","file":"D:\\WORK\\2021\\MPDF\\white_paper\\json\\dataset2.3wxapkg\\动图宇宙\\_431774825_38\\pages\\bindPhone\\bindPhone.js"},"that":{"name":"callAjax","file":"D:\\WORK\\2021\\MPDF\\white_paper\\json\\dataset2.3wxapkg\\动图宇宙\\_431774825_38\\utils\\util.js"}},{"this":{"name":"mtaEvent","file":"D:\\WORK\\2021\\MPDF\\white_paper\\json\\dataset2.3wxapkg\\动图宇宙\\_431774825_38\\pages\\bindPhone\\bindPhone.js"},"that":{"name":"mtaEvent","file":"D:\\WORK\\2021\\MPDF\\white_paper\\json\\dataset2.3wxapkg\\动图宇宙\\_431774825_38\\utils\\event.js"}},{"this":{"name":"pageFun","file":"D:\\WORK\\2021\\MPDF\\white_paper\\json\\dataset2.3wxapkg\\动图宇宙\\_431774825_38\\pages\\dtyz\\dtyz.js"},"that":{"name":"pageFun","file":"D:\\WORK\\2021\\MPDF\\white_paper\\json\\dataset2.3wxapkg\\动图宇宙\\_431774825_38\\utils\\util.js"}},{"this":{"name":"loadding","file":"D:\\WORK\\2021\\MPDF\\white_paper\\json\\dataset2.3wxapkg\\动图宇宙\\_431774825_38\\pages\\dtyz\\dtyz.js"},"that":{"name":"loadding","file":"D:\\WORK\\2021\\MPDF\\white_paper\\json\\dataset2.3wxapkg\\动图宇宙\\_431774825_38\\utils\\util.js"}},{"this":{"name":"switchTitle","file":"D:\\WORK\\2021\\MPDF\\white_paper\\json\\dataset2.3wxapkg\\动图宇宙\\_431774825_38\\pages\\dtyz\\dtyz.js"},"that":{"name":"switchTitle","file":"D:\\WORK\\2021\\MPDF\\white_paper\\json\\dataset2.3wxapkg\\动图宇宙\\_431774825_38\\utils\\util.js"}},{"this":{"name":"closeLoadding","file":"D:\\WORK\\2021\\MPDF\\white_paper\\json\\dataset2.3wxapkg\\动图宇宙\\_431774825_38\\pages\\dtyz\\dtyz.js"},"that":{"name":"closeLoadding","file":"D:\\WORK\\2021\\MPDF\\white_paper\\json\\dataset2.3wxapkg\\动图宇宙\\_431774825_38\\utils\\util.js"}},{"this":{"name":"pageAjax","file":"D:\\WORK\\2021\\MPDF\\white_paper\\json\\dataset2.3wxapkg\\动图宇宙\\_431774825_38\\pages\\dtyz\\dtyz.js"},"that":{"name":"pageAjax","file":"D:\\WORK\\2021\\MPDF\\white_paper\\json\\dataset2.3wxapkg\\动图宇宙\\_431774825_38\\utils\\util.js"}},{"this":{"name":"callAjax","file":"D:\\WORK\\2021\\MPDF\\white_paper\\json\\dataset2.3wxapkg\\动图宇宙\\_431774825_38\\pages\\dtyz\\dtyz.js"},"that":{"name":"callAjax","file":"D:\\WORK\\2021\\MPDF\\white_paper\\json\\dataset2.3wxapkg\\动图宇宙\\_431774825_38\\utils\\util.js"}},{"this":{"name":"mtaEvent","file":"D:\\WORK\\2021\\MPDF\\white_paper\\json\\dataset2.3wxapkg\\动图宇宙\\_431774825_38\\pages\\dtyz\\dtyz.js"},"that":{"name":"mtaEvent","file":"D:\\WORK\\2021\\MPDF\\white_paper\\json\\dataset2.3wxapkg\\动图宇宙\\_431774825_38\\utils\\event.js"}},{"this":{"name":"pageAjax","file":"D:\\WORK\\2021\\MPDF\\white_paper\\json\\dataset2.3wxapkg\\动图宇宙\\_431774825_38\\pages\\dtyzAll\\dtyzAll.js"},"that":{"name":"pageAjax","file":"D:\\WORK\\2021\\MPDF\\white_paper\\json\\dataset2.3wxapkg\\动图宇宙\\_431774825_38\\utils\\util.js"}},{"this":{"name":"callAjax","file":"D:\\WORK\\2021\\MPDF\\white_paper\\json\\dataset2.3wxapkg\\动图宇宙\\_431774825_38\\pages\\dtyzAll\\dtyzAll.js"},"that":{"name":"callAjax","file":"D:\\WORK\\2021\\MPDF\\white_paper\\json\\dataset2.3wxapkg\\动图宇宙\\_431774825_38\\utils\\util.js"}},{"this":{"name":"pageFun","file":"D:\\WORK\\2021\\MPDF\\white_paper\\json\\dataset2.3wxapkg\\动图宇宙\\_431774825_38\\pages\\dynamicWiki\\dynamicWiki.js"},"that":{"name":"pageFun","file":"D:\\WORK\\2021\\MPDF\\white_paper\\json\\dataset2.3wxapkg\\动图宇宙\\_431774825_38\\utils\\util.js"}},{"this":{"name":"loadding","file":"D:\\WORK\\2021\\MPDF\\white_paper\\json\\dataset2.3wxapkg\\动图宇宙\\_431774825_38\\pages\\dynamicWiki\\dynamicWiki.js"},"that":{"name":"loadding","file":"D:\\WORK\\2021\\MPDF\\white_paper\\json\\dataset2.3wxapkg\\动图宇宙\\_431774825_38\\utils\\util.js"}},{"this":{"name":"isGoAuthorise","file":"D:\\WORK\\2021\\MPDF\\white_paper\\json\\dataset2.3wxapkg\\动图宇宙\\_431774825_38\\pages\\dynamicWiki\\dynamicWiki.js"},"that":{"name":"isGoAuthorise","file":"D:\\WORK\\2021\\MPDF\\white_paper\\json\\dataset2.3wxapkg\\动图宇宙\\_431774825_38\\utils\\util.js"}},{"this":{"name":"cacheData","file":"D:\\WORK\\2021\\MPDF\\white_paper\\json\\dataset2.3wxapkg\\动图宇宙\\_431774825_38\\pages\\dynamicWiki\\dynamicWiki.js"},"that":{"name":"cacheData","file":"D:\\WORK\\2021\\MPDF\\white_paper\\json\\dataset2.3wxapkg\\动图宇宙\\_431774825_38\\utils\\util.js"}},{"this":{"name":"drawImage","file":"D:\\WORK\\2021\\MPDF\\white_paper\\json\\dataset2.3wxapkg\\动图宇宙\\_431774825_38\\pages\\dynamicWiki\\dynamicWiki.js"},"that":{"name":"drawImage","file":"D:\\WORK\\2021\\MPDF\\white_paper\\json\\dataset2.3wxapkg\\动图宇宙\\_431774825_38\\utils\\util.js"}},{"this":{"name":"cacheTesterData","file":"D:\\WORK\\2021\\MPDF\\white_paper\\json\\dataset2.3wxapkg\\动图宇宙\\_431774825_38\\pages\\dynamicWiki\\dynamicWiki.js"},"that":{"name":"cacheTesterData","file":"D:\\WORK\\2021\\MPDF\\white_paper\\json\\dataset2.3wxapkg\\动图宇宙\\_431774825_38\\utils\\util.js"}},{"this":{"name":"closeLoadding","file":"D:\\WORK\\2021\\MPDF\\white_paper\\json\\dataset2.3wxapkg\\动图宇宙\\_431774825_38\\pages\\dynamicWiki\\dynamicWiki.js"},"that":{"name":"closeLoadding","file":"D:\\WORK\\2021\\MPDF\\white_paper\\json\\dataset2.3wxapkg\\动图宇宙\\_431774825_38\\utils\\util.js"}},{"this":{"name":"pageAjax","file":"D:\\WORK\\2021\\MPDF\\white_paper\\json\\dataset2.3wxapkg\\动图宇宙\\_431774825_38\\pages\\dynamicWiki\\dynamicWiki.js"},"that":{"name":"pageAjax","file":"D:\\WORK\\2021\\MPDF\\white_paper\\json\\dataset2.3wxapkg\\动图宇宙\\_431774825_38\\utils\\util.js"}},{"this":{"name":"callAjax","file":"D:\\WORK\\2021\\MPDF\\white_paper\\json\\dataset2.3wxapkg\\动图宇宙\\_431774825_38\\pages\\dynamicWiki\\dynamicWiki.js"},"that":{"name":"callAjax","file":"D:\\WORK\\2021\\MPDF\\white_paper\\json\\dataset2.3wxapkg\\动图宇宙\\_431774825_38\\utils\\util.js"}},{"this":{"name":"format","file":"D:\\WORK\\2021\\MPDF\\white_paper\\json\\dataset2.3wxapkg\\动图宇宙\\_431774825_38\\pages\\dynamicWiki\\dynamicWiki.js"},"that":{"name":"format","file":"D:\\WORK\\2021\\MPDF\\white_paper\\json\\dataset2.3wxapkg\\动图宇宙\\_431774825_38\\utils\\util.js"}},{"this":{"name":"toObject","file":"D:\\WORK\\2021\\MPDF\\white_paper\\json\\dataset2.3wxapkg\\动图宇宙\\_431774825_38\\pages\\dynamicWiki\\dynamicWiki.js"},"that":{"name":"toObject","file":"D:\\WORK\\2021\\MPDF\\white_paper\\json\\dataset2.3wxapkg\\动图宇宙\\_431774825_38\\utils\\util.js"}},{"this":{"name":"mtaEvent","file":"D:\\WORK\\2021\\MPDF\\white_paper\\json\\dataset2.3wxapkg\\动图宇宙\\_431774825_38\\pages\\dynamicWiki\\dynamicWiki.js"},"that":{"name":"mtaEvent","file":"D:\\WORK\\2021\\MPDF\\white_paper\\json\\dataset2.3wxapkg\\动图宇宙\\_431774825_38\\utils\\event.js"}},{"this":{"name":"pageFun","file":"D:\\WORK\\2021\\MPDF\\white_paper\\json\\dataset2.3wxapkg\\动图宇宙\\_431774825_38\\pages\\gifnewsList\\gifnewsList.js"},"that":{"name":"pageFun","file":"D:\\WORK\\2021\\MPDF\\white_paper\\json\\dataset2.3wxapkg\\动图宇宙\\_431774825_38\\utils\\util.js"}},{"this":{"name":"isGoAuthorise","file":"D:\\WORK\\2021\\MPDF\\white_paper\\json\\dataset2.3wxapkg\\动图宇宙\\_431774825_38\\pages\\gifnewsList\\gifnewsList.js"},"that":{"name":"isGoAuthorise","file":"D:\\WORK\\2021\\MPDF\\white_paper\\json\\dataset2.3wxapkg\\动图宇宙\\_431774825_38\\utils\\util.js"}},{"this":{"name":"cacheData","file":"D:\\WORK\\2021\\MPDF\\white_paper\\json\\dataset2.3wxapkg\\动图宇宙\\_431774825_38\\pages\\gifnewsList\\gifnewsList.js"},"that":{"name":"cacheData","file":"D:\\WORK\\2021\\MPDF\\white_paper\\json\\dataset2.3wxapkg\\动图宇宙\\_431774825_38\\utils\\util.js"}},{"this":{"name":"performanceOptimize","file":"D:\\WORK\\2021\\MPDF\\white_paper\\json\\dataset2.3wxapkg\\动图宇宙\\_431774825_38\\pages\\gifnewsList\\gifnewsList.js"},"that":{"name":"performanceOptimize","file":"D:\\WORK\\2021\\MPDF\\white_paper\\json\\dataset2.3wxapkg\\动图宇宙\\_431774825_38\\utils\\util.js"}},{"this":{"name":"shareArticle","file":"D:\\WORK\\2021\\MPDF\\white_paper\\json\\dataset2.3wxapkg\\动图宇宙\\_431774825_38\\pages\\gifnewsList\\gifnewsList.js"},"that":{"name":"shareArticle","file":"D:\\WORK\\2021\\MPDF\\white_paper\\json\\dataset2.3wxapkg\\动图宇宙\\_431774825_38\\utils\\util.js"}},{"this":{"name":"pageAjax","file":"D:\\WORK\\2021\\MPDF\\white_paper\\json\\dataset2.3wxapkg\\动图宇宙\\_431774825_38\\pages\\gifnewsList\\gifnewsList.js"},"that":{"name":"pageAjax","file":"D:\\WORK\\2021\\MPDF\\white_paper\\json\\dataset2.3wxapkg\\动图宇宙\\_431774825_38\\utils\\util.js"}},{"this":{"name":"callAjax","file":"D:\\WORK\\2021\\MPDF\\white_paper\\json\\dataset2.3wxapkg\\动图宇宙\\_431774825_38\\pages\\gifnewsList\\gifnewsList.js"},"that":{"name":"callAjax","file":"D:\\WORK\\2021\\MPDF\\white_paper\\json\\dataset2.3wxapkg\\动图宇宙\\_431774825_38\\utils\\util.js"}},{"this":{"name":"updateVedio","file":"D:\\WORK\\2021\\MPDF\\white_paper\\json\\dataset2.3wxapkg\\动图宇宙\\_431774825_38\\pages\\gifnewsList\\gifnewsList.js"},"that":{"name":"updateVedio","file":"D:\\WORK\\2021\\MPDF\\white_paper\\json\\dataset2.3wxapkg\\动图宇宙\\_431774825_38\\app.js"}},{"this":{"name":"mtaEvent","file":"D:\\WORK\\2021\\MPDF\\white_paper\\json\\dataset2.3wxapkg\\动图宇宙\\_431774825_38\\pages\\guide\\guide.js"},"that":{"name":"mtaEvent","file":"D:\\WORK\\2021\\MPDF\\white_paper\\json\\dataset2.3wxapkg\\动图宇宙\\_431774825_38\\utils\\event.js"}},{"this":{"name":"getLogin","file":"D:\\WORK\\2021\\MPDF\\white_paper\\json\\dataset2.3wxapkg\\动图宇宙\\_431774825_38\\pages\\guide\\guide.js"},"that":{"name":"getLogin","file":"D:\\WORK\\2021\\MPDF\\white_paper\\json\\dataset2.3wxapkg\\动图宇宙\\_431774825_38\\app.js"}},{"this":{"name":"pageFun","file":"D:\\WORK\\2021\\MPDF\\white_paper\\json\\dataset2.3wxapkg\\动图宇宙\\_431774825_38\\pages\\imageDetail\\imageDetail.js"},"that":{"name":"pageFun","file":"D:\\WORK\\2021\\MPDF\\white_paper\\json\\dataset2.3wxapkg\\动图宇宙\\_431774825_38\\utils\\util.js"}},{"this":{"name":"imageDetail","file":"D:\\WORK\\2021\\MPDF\\white_paper\\json\\dataset2.3wxapkg\\动图宇宙\\_431774825_38\\pages\\imageDetail\\imageDetail.js"},"that":{"name":"imageDetail","file":"D:\\WORK\\2021\\MPDF\\white_paper\\json\\dataset2.3wxapkg\\动图宇宙\\_431774825_38\\utils\\util.js"}},{"this":{"name":"imageDetailWiki","file":"D:\\WORK\\2021\\MPDF\\white_paper\\json\\dataset2.3wxapkg\\动图宇宙\\_431774825_38\\pages\\imageDetail\\imageDetail.js"},"that":{"name":"imageDetailWiki","file":"D:\\WORK\\2021\\MPDF\\white_paper\\json\\dataset2.3wxapkg\\动图宇宙\\_431774825_38\\utils\\util.js"}},{"this":{"name":"imageDetailStory","file":"D:\\WORK\\2021\\MPDF\\white_paper\\json\\dataset2.3wxapkg\\动图宇宙\\_431774825_38\\pages\\imageDetail\\imageDetail.js"},"that":{"name":"imageDetailStory","file":"D:\\WORK\\2021\\MPDF\\white_paper\\json\\dataset2.3wxapkg\\动图宇宙\\_431774825_38\\utils\\util.js"}},{"this":{"name":"imageDetailManySubject","file":"D:\\WORK\\2021\\MPDF\\white_paper\\json\\dataset2.3wxapkg\\动图宇宙\\_431774825_38\\pages\\imageDetail\\imageDetail.js"},"that":{"name":"imageDetailManySubject","file":"D:\\WORK\\2021\\MPDF\\white_paper\\json\\dataset2.3wxapkg\\动图宇宙\\_431774825_38\\utils\\util.js"}},{"this":{"name":"imageDetailOneSubject","file":"D:\\WORK\\2021\\MPDF\\white_paper\\json\\dataset2.3wxapkg\\动图宇宙\\_431774825_38\\pages\\imageDetail\\imageDetail.js"},"that":{"name":"imageDetailOneSubject","file":"D:\\WORK\\2021\\MPDF\\white_paper\\json\\dataset2.3wxapkg\\动图宇宙\\_431774825_38\\utils\\util.js"}},{"this":{"name":"imageDetailIpHome","file":"D:\\WORK\\2021\\MPDF\\white_paper\\json\\dataset2.3wxapkg\\动图宇宙\\_431774825_38\\pages\\imageDetail\\imageDetail.js"},"that":{"name":"imageDetailIpHome","file":"D:\\WORK\\2021\\MPDF\\white_paper\\json\\dataset2.3wxapkg\\动图宇宙\\_431774825_38\\utils\\util.js"}},{"this":{"name":"imageDetailSearchPage","file":"D:\\WORK\\2021\\MPDF\\white_paper\\json\\dataset2.3wxapkg\\动图宇宙\\_431774825_38\\pages\\imageDetail\\imageDetail.js"},"that":{"name":"imageDetailSearchPage","file":"D:\\WORK\\2021\\MPDF\\white_paper\\json\\dataset2.3wxapkg\\动图宇宙\\_431774825_38\\utils\\util.js"}},{"this":{"name":"loadding","file":"D:\\WORK\\2021\\MPDF\\white_paper\\json\\dataset2.3wxapkg\\动图宇宙\\_431774825_38\\pages\\imageDetail\\imageDetail.js"},"that":{"name":"loadding","file":"D:\\WORK\\2021\\MPDF\\white_paper\\json\\dataset2.3wxapkg\\动图宇宙\\_431774825_38\\utils\\util.js"}},{"this":{"name":"isGoAuthorise","file":"D:\\WORK\\2021\\MPDF\\white_paper\\json\\dataset2.3wxapkg\\动图宇宙\\_431774825_38\\pages\\imageDetail\\imageDetail.js"},"that":{"name":"isGoAuthorise","file":"D:\\WORK\\2021\\MPDF\\white_paper\\json\\dataset2.3wxapkg\\动图宇宙\\_431774825_38\\utils\\util.js"}},{"this":{"name":"cacheData","file":"D:\\WORK\\2021\\MPDF\\white_paper\\json\\dataset2.3wxapkg\\动图宇宙\\_431774825_38\\pages\\imageDetail\\imageDetail.js"},"that":{"name":"cacheData","file":"D:\\WORK\\2021\\MPDF\\white_paper\\json\\dataset2.3wxapkg\\动图宇宙\\_431774825_38\\utils\\util.js"}},{"this":{"name":"closeLoadding","file":"D:\\WORK\\2021\\MPDF\\white_paper\\json\\dataset2.3wxapkg\\动图宇宙\\_431774825_38\\pages\\imageDetail\\imageDetail.js"},"that":{"name":"closeLoadding","file":"D:\\WORK\\2021\\MPDF\\white_paper\\json\\dataset2.3wxapkg\\动图宇宙\\_431774825_38\\utils\\util.js"}},{"this":{"name":"cacheTesterData","file":"D:\\WORK\\2021\\MPDF\\white_paper\\json\\dataset2.3wxapkg\\动图宇宙\\_431774825_38\\pages\\imageDetail\\imageDetail.js"},"that":{"name":"cacheTesterData","file":"D:\\WORK\\2021\\MPDF\\white_paper\\json\\dataset2.3wxapkg\\动图宇宙\\_431774825_38\\utils\\util.js"}},{"this":{"name":"pageAjax","file":"D:\\WORK\\2021\\MPDF\\white_paper\\json\\dataset2.3wxapkg\\动图宇宙\\_431774825_38\\pages\\imageDetail\\imageDetail.js"},"that":{"name":"pageAjax","file":"D:\\WORK\\2021\\MPDF\\white_paper\\json\\dataset2.3wxapkg\\动图宇宙\\_431774825_38\\utils\\util.js"}},{"this":{"name":"imageDetailLoadData","file":"D:\\WORK\\2021\\MPDF\\white_paper\\json\\dataset2.3wxapkg\\动图宇宙\\_431774825_38\\pages\\imageDetail\\imageDetail.js"},"that":{"name":"imageDetailLoadData","file":"D:\\WORK\\2021\\MPDF\\white_paper\\json\\dataset2.3wxapkg\\动图宇宙\\_431774825_38\\utils\\util.js"}},{"this":{"name":"toolFuns","file":"D:\\WORK\\2021\\MPDF\\white_paper\\json\\dataset2.3wxapkg\\动图宇宙\\_431774825_38\\pages\\imageDetail\\imageDetail.js"},"that":{"name":"toolFuns","file":"D:\\WORK\\2021\\MPDF\\white_paper\\json\\dataset2.3wxapkg\\动图宇宙\\_431774825_38\\utils\\util.js"}},{"this":{"name":"isGIFIphone","file":"D:\\WORK\\2021\\MPDF\\white_paper\\json\\dataset2.3wxapkg\\动图宇宙\\_431774825_38\\pages\\imageDetail\\imageDetail.js"},"that":{"name":"isGIFIphone","file":"D:\\WORK\\2021\\MPDF\\white_paper\\json\\dataset2.3wxapkg\\动图宇宙\\_431774825_38\\utils\\util.js"}},{"this":{"name":"downloadImg","file":"D:\\WORK\\2021\\MPDF\\white_paper\\json\\dataset2.3wxapkg\\动图宇宙\\_431774825_38\\pages\\imageDetail\\imageDetail.js"},"that":{"name":"downloadImg","file":"D:\\WORK\\2021\\MPDF\\white_paper\\json\\dataset2.3wxapkg\\动图宇宙\\_431774825_38\\utils\\util.js"}},{"this":{"name":"submitFormId","file":"D:\\WORK\\2021\\MPDF\\white_paper\\json\\dataset2.3wxapkg\\动图宇宙\\_431774825_38\\pages\\imageDetail\\imageDetail.js"},"that":{"name":"submitFormId","file":"D:\\WORK\\2021\\MPDF\\white_paper\\json\\dataset2.3wxapkg\\动图宇宙\\_431774825_38\\utils\\util.js"}},{"this":{"name":"mtaEvent","file":"D:\\WORK\\2021\\MPDF\\white_paper\\json\\dataset2.3wxapkg\\动图宇宙\\_431774825_38\\pages\\imageDetail\\imageDetail.js"},"that":{"name":"mtaEvent","file":"D:\\WORK\\2021\\MPDF\\white_paper\\json\\dataset2.3wxapkg\\动图宇宙\\_431774825_38\\utils\\event.js"}},{"this":{"name":"Page","file":"D:\\WORK\\2021\\MPDF\\white_paper\\json\\dataset2.3wxapkg\\动图宇宙\\_431774825_38\\pages\\index\\index.js"},"that":{"name":"Page","file":"D:\\WORK\\2021\\MPDF\\white_paper\\json\\dataset2.3wxapkg\\动图宇宙\\_431774825_38\\utils\\mta_analysis.js"}},{"this":{"name":"init","file":"D:\\WORK\\2021\\MPDF\\white_paper\\json\\dataset2.3wxapkg\\动图宇宙\\_431774825_38\\pages\\index\\index.js"},"that":{"name":"init","file":"D:\\WORK\\2021\\MPDF\\white_paper\\json\\dataset2.3wxapkg\\动图宇宙\\_431774825_38\\utils\\mta_analysis.js"}},{"this":{"name":"indexSubjectGoPage","file":"D:\\WORK\\2021\\MPDF\\white_paper\\json\\dataset2.3wxapkg\\动图宇宙\\_431774825_38\\pages\\index\\index.js"},"that":{"name":"indexSubjectGoPage","file":"D:\\WORK\\2021\\MPDF\\white_paper\\json\\dataset2.3wxapkg\\动图宇宙\\_431774825_38\\utils\\util.js"}},{"this":{"name":"shareArticle","file":"D:\\WORK\\2021\\MPDF\\white_paper\\json\\dataset2.3wxapkg\\动图宇宙\\_431774825_38\\pages\\index\\index.js"},"that":{"name":"shareArticle","file":"D:\\WORK\\2021\\MPDF\\white_paper\\json\\dataset2.3wxapkg\\动图宇宙\\_431774825_38\\utils\\util.js"}},{"this":{"name":"pageFun","file":"D:\\WORK\\2021\\MPDF\\white_paper\\json\\dataset2.3wxapkg\\动图宇宙\\_431774825_38\\pages\\index\\index.js"},"that":{"name":"pageFun","file":"D:\\WORK\\2021\\MPDF\\white_paper\\json\\dataset2.3wxapkg\\动图宇宙\\_431774825_38\\utils\\util.js"}},{"this":{"name":"isGoAuthorise","file":"D:\\WORK\\2021\\MPDF\\white_paper\\json\\dataset2.3wxapkg\\动图宇宙\\_431774825_38\\pages\\index\\index.js"},"that":{"name":"isGoAuthorise","file":"D:\\WORK\\2021\\MPDF\\white_paper\\json\\dataset2.3wxapkg\\动图宇宙\\_431774825_38\\utils\\util.js"}},{"this":{"name":"performanceOptimize","file":"D:\\WORK\\2021\\MPDF\\white_paper\\json\\dataset2.3wxapkg\\动图宇宙\\_431774825_38\\pages\\index\\index.js"},"that":{"name":"performanceOptimize","file":"D:\\WORK\\2021\\MPDF\\white_paper\\json\\dataset2.3wxapkg\\动图宇宙\\_431774825_38\\utils\\util.js"}},{"this":{"name":"switchTitle","file":"D:\\WORK\\2021\\MPDF\\white_paper\\json\\dataset2.3wxapkg\\动图宇宙\\_431774825_38\\pages\\index\\index.js"},"that":{"name":"switchTitle","file":"D:\\WORK\\2021\\MPDF\\white_paper\\json\\dataset2.3wxapkg\\动图宇宙\\_431774825_38\\utils\\util.js"}},{"this":{"name":"pageAjax","file":"D:\\WORK\\2021\\MPDF\\white_paper\\json\\dataset2.3wxapkg\\动图宇宙\\_431774825_38\\pages\\index\\index.js"},"that":{"name":"pageAjax","file":"D:\\WORK\\2021\\MPDF\\white_paper\\json\\dataset2.3wxapkg\\动图宇宙\\_431774825_38\\utils\\util.js"}},{"this":{"name":"callAjax","file":"D:\\WORK\\2021\\MPDF\\white_paper\\json\\dataset2.3wxapkg\\动图宇宙\\_431774825_38\\pages\\index\\index.js"},"that":{"name":"callAjax","file":"D:\\WORK\\2021\\MPDF\\white_paper\\json\\dataset2.3wxapkg\\动图宇宙\\_431774825_38\\utils\\util.js"}},{"this":{"name":"verify","file":"D:\\WORK\\2021\\MPDF\\white_paper\\json\\dataset2.3wxapkg\\动图宇宙\\_431774825_38\\pages\\index\\index.js"},"that":{"name":"verify","file":"D:\\WORK\\2021\\MPDF\\white_paper\\json\\dataset2.3wxapkg\\动图宇宙\\_431774825_38\\utils\\util.js"}},{"this":{"name":"isFullObject","file":"D:\\WORK\\2021\\MPDF\\white_paper\\json\\dataset2.3wxapkg\\动图宇宙\\_431774825_38\\pages\\index\\index.js"},"that":{"name":"isFullObject","file":"D:\\WORK\\2021\\MPDF\\white_paper\\json\\dataset2.3wxapkg\\动图宇宙\\_431774825_38\\utils\\util.js"}},{"this":{"name":"format","file":"D:\\WORK\\2021\\MPDF\\white_paper\\json\\dataset2.3wxapkg\\动图宇宙\\_431774825_38\\pages\\index\\index.js"},"that":{"name":"format","file":"D:\\WORK\\2021\\MPDF\\white_paper\\json\\dataset2.3wxapkg\\动图宇宙\\_431774825_38\\utils\\util.js"}},{"this":{"name":"toObject","file":"D:\\WORK\\2021\\MPDF\\white_paper\\json\\dataset2.3wxapkg\\动图宇宙\\_431774825_38\\pages\\index\\index.js"},"that":{"name":"toObject","file":"D:\\WORK\\2021\\MPDF\\white_paper\\json\\dataset2.3wxapkg\\动图宇宙\\_431774825_38\\utils\\util.js"}},{"this":{"name":"urlFormat","file":"D:\\WORK\\2021\\MPDF\\white_paper\\json\\dataset2.3wxapkg\\动图宇宙\\_431774825_38\\pages\\index\\index.js"},"that":{"name":"urlFormat","file":"D:\\WORK\\2021\\MPDF\\white_paper\\json\\dataset2.3wxapkg\\动图宇宙\\_431774825_38\\utils\\util.js"}},{"this":{"name":"mtaEvent","file":"D:\\WORK\\2021\\MPDF\\white_paper\\json\\dataset2.3wxapkg\\动图宇宙\\_431774825_38\\pages\\index\\index.js"},"that":{"name":"mtaEvent","file":"D:\\WORK\\2021\\MPDF\\white_paper\\json\\dataset2.3wxapkg\\动图宇宙\\_431774825_38\\utils\\event.js"}},{"this":{"name":"updateVedio","file":"D:\\WORK\\2021\\MPDF\\white_paper\\json\\dataset2.3wxapkg\\动图宇宙\\_431774825_38\\pages\\index\\index.js"},"that":{"name":"updateVedio","file":"D:\\WORK\\2021\\MPDF\\white_paper\\json\\dataset2.3wxapkg\\动图宇宙\\_431774825_38\\app.js"}},{"this":{"name":"pageAjax","file":"D:\\WORK\\2021\\MPDF\\white_paper\\json\\dataset2.3wxapkg\\动图宇宙\\_431774825_38\\pages\\ipEvent\\ipEvent.js"},"that":{"name":"pageAjax","file":"D:\\WORK\\2021\\MPDF\\white_paper\\json\\dataset2.3wxapkg\\动图宇宙\\_431774825_38\\utils\\util.js"}},{"this":{"name":"callAjax","file":"D:\\WORK\\2021\\MPDF\\white_paper\\json\\dataset2.3wxapkg\\动图宇宙\\_431774825_38\\pages\\ipEvent\\ipEvent.js"},"that":{"name":"callAjax","file":"D:\\WORK\\2021\\MPDF\\white_paper\\json\\dataset2.3wxapkg\\动图宇宙\\_431774825_38\\utils\\util.js"}},{"this":{"name":"submitFormId","file":"D:\\WORK\\2021\\MPDF\\white_paper\\json\\dataset2.3wxapkg\\动图宇宙\\_431774825_38\\pages\\ipEvent\\ipEvent.js"},"that":{"name":"submitFormId","file":"D:\\WORK\\2021\\MPDF\\white_paper\\json\\dataset2.3wxapkg\\动图宇宙\\_431774825_38\\utils\\util.js"}},{"this":{"name":"mtaEvent","file":"D:\\WORK\\2021\\MPDF\\white_paper\\json\\dataset2.3wxapkg\\动图宇宙\\_431774825_38\\pages\\ipEvent\\ipEvent.js"},"that":{"name":"mtaEvent","file":"D:\\WORK\\2021\\MPDF\\white_paper\\json\\dataset2.3wxapkg\\动图宇宙\\_431774825_38\\utils\\event.js"}},{"this":{"name":"mtaEvent","file":"D:\\WORK\\2021\\MPDF\\white_paper\\json\\dataset2.3wxapkg\\动图宇宙\\_431774825_38\\pages\\ipEventDisclaimer\\ipEventDisclaimer.js"},"that":{"name":"mtaEvent","file":"D:\\WORK\\2021\\MPDF\\white_paper\\json\\dataset2.3wxapkg\\动图宇宙\\_431774825_38\\utils\\event.js"}},{"this":{"name":"verify","file":"D:\\WORK\\2021\\MPDF\\white_paper\\json\\dataset2.3wxapkg\\动图宇宙\\_431774825_38\\pages\\my\\my.js"},"that":{"name":"verify","file":"D:\\WORK\\2021\\MPDF\\white_paper\\json\\dataset2.3wxapkg\\动图宇宙\\_431774825_38\\utils\\util.js"}},{"this":{"name":"isFullObject","file":"D:\\WORK\\2021\\MPDF\\white_paper\\json\\dataset2.3wxapkg\\动图宇宙\\_431774825_38\\pages\\my\\my.js"},"that":{"name":"isFullObject","file":"D:\\WORK\\2021\\MPDF\\white_paper\\json\\dataset2.3wxapkg\\动图宇宙\\_431774825_38\\utils\\util.js"}},{"this":{"name":"pageAjax","file":"D:\\WORK\\2021\\MPDF\\white_paper\\json\\dataset2.3wxapkg\\动图宇宙\\_431774825_38\\pages\\my\\my.js"},"that":{"name":"pageAjax","file":"D:\\WORK\\2021\\MPDF\\white_paper\\json\\dataset2.3wxapkg\\动图宇宙\\_431774825_38\\utils\\util.js"}},{"this":{"name":"testDataSend","file":"D:\\WORK\\2021\\MPDF\\white_paper\\json\\dataset2.3wxapkg\\动图宇宙\\_431774825_38\\pages\\my\\my.js"},"that":{"name":"testDataSend","file":"D:\\WORK\\2021\\MPDF\\white_paper\\json\\dataset2.3wxapkg\\动图宇宙\\_431774825_38\\utils\\util.js"}},{"this":{"name":"callAjax","file":"D:\\WORK\\2021\\MPDF\\white_paper\\json\\dataset2.3wxapkg\\动图宇宙\\_431774825_38\\pages\\my\\my.js"},"that":{"name":"callAjax","file":"D:\\WORK\\2021\\MPDF\\white_paper\\json\\dataset2.3wxapkg\\动图宇宙\\_431774825_38\\utils\\util.js"}},{"this":{"name":"pageFun","file":"D:\\WORK\\2021\\MPDF\\white_paper\\json\\dataset2.3wxapkg\\动图宇宙\\_431774825_38\\pages\\my\\my.js"},"that":{"name":"pageFun","file":"D:\\WORK\\2021\\MPDF\\white_paper\\json\\dataset2.3wxapkg\\动图宇宙\\_431774825_38\\utils\\util.js"}},{"this":{"name":"loadding","file":"D:\\WORK\\2021\\MPDF\\white_paper\\json\\dataset2.3wxapkg\\动图宇宙\\_431774825_38\\pages\\my\\my.js"},"that":{"name":"loadding","file":"D:\\WORK\\2021\\MPDF\\white_paper\\json\\dataset2.3wxapkg\\动图宇宙\\_431774825_38\\utils\\util.js"}},{"this":{"name":"refreshUserInfo","file":"D:\\WORK\\2021\\MPDF\\white_paper\\json\\dataset2.3wxapkg\\动图宇宙\\_431774825_38\\pages\\my\\my.js"},"that":{"name":"refreshUserInfo","file":"D:\\WORK\\2021\\MPDF\\white_paper\\json\\dataset2.3wxapkg\\动图宇宙\\_431774825_38\\utils\\util.js"}},{"this":{"name":"randomColor","file":"D:\\WORK\\2021\\MPDF\\white_paper\\json\\dataset2.3wxapkg\\动图宇宙\\_431774825_38\\pages\\my\\my.js"},"that":{"name":"randomColor","file":"D:\\WORK\\2021\\MPDF\\white_paper\\json\\dataset2.3wxapkg\\动图宇宙\\_431774825_38\\utils\\util.js"}},{"this":{"name":"closeLoadding","file":"D:\\WORK\\2021\\MPDF\\white_paper\\json\\dataset2.3wxapkg\\动图宇宙\\_431774825_38\\pages\\my\\my.js"},"that":{"name":"closeLoadding","file":"D:\\WORK\\2021\\MPDF\\white_paper\\json\\dataset2.3wxapkg\\动图宇宙\\_431774825_38\\utils\\util.js"}},{"this":{"name":"mtaEvent","file":"D:\\WORK\\2021\\MPDF\\white_paper\\json\\dataset2.3wxapkg\\动图宇宙\\_431774825_38\\pages\\my\\my.js"},"that":{"name":"mtaEvent","file":"D:\\WORK\\2021\\MPDF\\white_paper\\json\\dataset2.3wxapkg\\动图宇宙\\_431774825_38\\utils\\event.js"}},{"this":{"name":"globalData","file":"D:\\WORK\\2021\\MPDF\\white_paper\\json\\dataset2.3wxapkg\\动图宇宙\\_431774825_38\\pages\\my\\my.js"},"that":{"name":"globalData","file":"D:\\WORK\\2021\\MPDF\\white_paper\\json\\dataset2.3wxapkg\\动图宇宙\\_431774825_38\\app.js"}},{"this":{"name":"userInfo","file":"D:\\WORK\\2021\\MPDF\\white_paper\\json\\dataset2.3wxapkg\\动图宇宙\\_431774825_38\\pages\\my\\my.js"},"that":{"name":"userInfo","file":"D:\\WORK\\2021\\MPDF\\white_paper\\json\\dataset2.3wxapkg\\动图宇宙\\_431774825_38\\app.js"}},{"this":{"name":"openCount","file":"D:\\WORK\\2021\\MPDF\\white_paper\\json\\dataset2.3wxapkg\\动图宇宙\\_431774825_38\\pages\\my\\my.js"},"that":{"name":"openCount","file":"D:\\WORK\\2021\\MPDF\\white_paper\\json\\dataset2.3wxapkg\\动图宇宙\\_431774825_38\\app.js"}},{"this":{"name":"getLogin","file":"D:\\WORK\\2021\\MPDF\\white_paper\\json\\dataset2.3wxapkg\\动图宇宙\\_431774825_38\\pages\\my\\my.js"},"that":{"name":"getLogin","file":"D:\\WORK\\2021\\MPDF\\white_paper\\json\\dataset2.3wxapkg\\动图宇宙\\_431774825_38\\app.js"}},{"this":{"name":"pageFun","file":"D:\\WORK\\2021\\MPDF\\white_paper\\json\\dataset2.3wxapkg\\动图宇宙\\_431774825_38\\pages\\searchPage\\searchPage.js"},"that":{"name":"pageFun","file":"D:\\WORK\\2021\\MPDF\\white_paper\\json\\dataset2.3wxapkg\\动图宇宙\\_431774825_38\\utils\\util.js"}},{"this":{"name":"stream","file":"D:\\WORK\\2021\\MPDF\\white_paper\\json\\dataset2.3wxapkg\\动图宇宙\\_431774825_38\\pages\\searchPage\\searchPage.js"},"that":{"name":"stream","file":"D:\\WORK\\2021\\MPDF\\white_paper\\json\\dataset2.3wxapkg\\动图宇宙\\_431774825_38\\utils\\util.js"}},{"this":{"name":"streamIpHome","file":"D:\\WORK\\2021\\MPDF\\white_paper\\json\\dataset2.3wxapkg\\动图宇宙\\_431774825_38\\pages\\searchPage\\searchPage.js"},"that":{"name":"streamIpHome","file":"D:\\WORK\\2021\\MPDF\\white_paper\\json\\dataset2.3wxapkg\\动图宇宙\\_431774825_38\\utils\\util.js"}},{"this":{"name":"statsEventDuration","file":"D:\\WORK\\2021\\MPDF\\white_paper\\json\\dataset2.3wxapkg\\动图宇宙\\_431774825_38\\pages\\searchPage\\searchPage.js"},"that":{"name":"statsEventDuration","file":"D:\\WORK\\2021\\MPDF\\white_paper\\json\\dataset2.3wxapkg\\动图宇宙\\_431774825_38\\utils\\util.js"}},{"this":{"name":"localStorage","file":"D:\\WORK\\2021\\MPDF\\white_paper\\json\\dataset2.3wxapkg\\动图宇宙\\_431774825_38\\pages\\searchPage\\searchPage.js"},"that":{"name":"localStorage","file":"D:\\WORK\\2021\\MPDF\\white_paper\\json\\dataset2.3wxapkg\\动图宇宙\\_431774825_38\\utils\\util.js"}},{"this":{"name":"pageAjax","file":"D:\\WORK\\2021\\MPDF\\white_paper\\json\\dataset2.3wxapkg\\动图宇宙\\_431774825_38\\pages\\searchPage\\searchPage.js"},"that":{"name":"pageAjax","file":"D:\\WORK\\2021\\MPDF\\white_paper\\json\\dataset2.3wxapkg\\动图宇宙\\_431774825_38\\utils\\util.js"}},{"this":{"name":"callAjax","file":"D:\\WORK\\2021\\MPDF\\white_paper\\json\\dataset2.3wxapkg\\动图宇宙\\_431774825_38\\pages\\searchPage\\searchPage.js"},"that":{"name":"callAjax","file":"D:\\WORK\\2021\\MPDF\\white_paper\\json\\dataset2.3wxapkg\\动图宇宙\\_431774825_38\\utils\\util.js"}},{"this":{"name":"apiFailUserInfo","file":"D:\\WORK\\2021\\MPDF\\white_paper\\json\\dataset2.3wxapkg\\动图宇宙\\_431774825_38\\pages\\searchPage\\searchPage.js"},"that":{"name":"apiFailUserInfo","file":"D:\\WORK\\2021\\MPDF\\white_paper\\json\\dataset2.3wxapkg\\动图宇宙\\_431774825_38\\utils\\util.js"}},{"this":{"name":"mtaEvent","file":"D:\\WORK\\2021\\MPDF\\white_paper\\json\\dataset2.3wxapkg\\动图宇宙\\_431774825_38\\pages\\searchPage\\searchPage.js"},"that":{"name":"mtaEvent","file":"D:\\WORK\\2021\\MPDF\\white_paper\\json\\dataset2.3wxapkg\\动图宇宙\\_431774825_38\\utils\\event.js"}},{"this":{"name":"pageFun","file":"D:\\WORK\\2021\\MPDF\\white_paper\\json\\dataset2.3wxapkg\\动图宇宙\\_431774825_38\\pages\\streamImages\\streamImages.js"},"that":{"name":"pageFun","file":"D:\\WORK\\2021\\MPDF\\white_paper\\json\\dataset2.3wxapkg\\动图宇宙\\_431774825_38\\utils\\util.js"}},{"this":{"name":"stream","file":"D:\\WORK\\2021\\MPDF\\white_paper\\json\\dataset2.3wxapkg\\动图宇宙\\_431774825_38\\pages\\streamImages\\streamImages.js"},"that":{"name":"stream","file":"D:\\WORK\\2021\\MPDF\\white_paper\\json\\dataset2.3wxapkg\\动图宇宙\\_431774825_38\\utils\\util.js"}},{"this":{"name":"streamManyImg","file":"D:\\WORK\\2021\\MPDF\\white_paper\\json\\dataset2.3wxapkg\\动图宇宙\\_431774825_38\\pages\\streamImages\\streamImages.js"},"that":{"name":"streamManyImg","file":"D:\\WORK\\2021\\MPDF\\white_paper\\json\\dataset2.3wxapkg\\动图宇宙\\_431774825_38\\utils\\util.js"}},{"this":{"name":"streamWiki","file":"D:\\WORK\\2021\\MPDF\\white_paper\\json\\dataset2.3wxapkg\\动图宇宙\\_431774825_38\\pages\\streamImages\\streamImages.js"},"that":{"name":"streamWiki","file":"D:\\WORK\\2021\\MPDF\\white_paper\\json\\dataset2.3wxapkg\\动图宇宙\\_431774825_38\\utils\\util.js"}},{"this":{"name":"streamOneImg","file":"D:\\WORK\\2021\\MPDF\\white_paper\\json\\dataset2.3wxapkg\\动图宇宙\\_431774825_38\\pages\\streamImages\\streamImages.js"},"that":{"name":"streamOneImg","file":"D:\\WORK\\2021\\MPDF\\white_paper\\json\\dataset2.3wxapkg\\动图宇宙\\_431774825_38\\utils\\util.js"}},{"this":{"name":"streamIpHome","file":"D:\\WORK\\2021\\MPDF\\white_paper\\json\\dataset2.3wxapkg\\动图宇宙\\_431774825_38\\pages\\streamImages\\streamImages.js"},"that":{"name":"streamIpHome","file":"D:\\WORK\\2021\\MPDF\\white_paper\\json\\dataset2.3wxapkg\\动图宇宙\\_431774825_38\\utils\\util.js"}},{"this":{"name":"imageDetail","file":"D:\\WORK\\2021\\MPDF\\white_paper\\json\\dataset2.3wxapkg\\动图宇宙\\_431774825_38\\pages\\streamImages\\streamImages.js"},"that":{"name":"imageDetail","file":"D:\\WORK\\2021\\MPDF\\white_paper\\json\\dataset2.3wxapkg\\动图宇宙\\_431774825_38\\utils\\util.js"}},{"this":{"name":"imageDetailWiki","file":"D:\\WORK\\2021\\MPDF\\white_paper\\json\\dataset2.3wxapkg\\动图宇宙\\_431774825_38\\pages\\streamImages\\streamImages.js"},"that":{"name":"imageDetailWiki","file":"D:\\WORK\\2021\\MPDF\\white_paper\\json\\dataset2.3wxapkg\\动图宇宙\\_431774825_38\\utils\\util.js"}},{"this":{"name":"imageDetailManySubject","file":"D:\\WORK\\2021\\MPDF\\white_paper\\json\\dataset2.3wxapkg\\动图宇宙\\_431774825_38\\pages\\streamImages\\streamImages.js"},"that":{"name":"imageDetailManySubject","file":"D:\\WORK\\2021\\MPDF\\white_paper\\json\\dataset2.3wxapkg\\动图宇宙\\_431774825_38\\utils\\util.js"}},{"this":{"name":"imageDetailOneSubject","file":"D:\\WORK\\2021\\MPDF\\white_paper\\json\\dataset2.3wxapkg\\动图宇宙\\_431774825_38\\pages\\streamImages\\streamImages.js"},"that":{"name":"imageDetailOneSubject","file":"D:\\WORK\\2021\\MPDF\\white_paper\\json\\dataset2.3wxapkg\\动图宇宙\\_431774825_38\\utils\\util.js"}},{"this":{"name":"imageDetailIpHome","file":"D:\\WORK\\2021\\MPDF\\white_paper\\json\\dataset2.3wxapkg\\动图宇宙\\_431774825_38\\pages\\streamImages\\streamImages.js"},"that":{"name":"imageDetailIpHome","file":"D:\\WORK\\2021\\MPDF\\white_paper\\json\\dataset2.3wxapkg\\动图宇宙\\_431774825_38\\utils\\util.js"}},{"this":{"name":"isGoAuthorise","file":"D:\\WORK\\2021\\MPDF\\white_paper\\json\\dataset2.3wxapkg\\动图宇宙\\_431774825_38\\pages\\streamImages\\streamImages.js"},"that":{"name":"isGoAuthorise","file":"D:\\WORK\\2021\\MPDF\\white_paper\\json\\dataset2.3wxapkg\\动图宇宙\\_431774825_38\\utils\\util.js"}},{"this":{"name":"cacheData","file":"D:\\WORK\\2021\\MPDF\\white_paper\\json\\dataset2.3wxapkg\\动图宇宙\\_431774825_38\\pages\\streamImages\\streamImages.js"},"that":{"name":"cacheData","file":"D:\\WORK\\2021\\MPDF\\white_paper\\json\\dataset2.3wxapkg\\动图宇宙\\_431774825_38\\utils\\util.js"}},{"this":{"name":"performanceOptimize","file":"D:\\WORK\\2021\\MPDF\\white_paper\\json\\dataset2.3wxapkg\\动图宇宙\\_431774825_38\\pages\\streamImages\\streamImages.js"},"that":{"name":"performanceOptimize","file":"D:\\WORK\\2021\\MPDF\\white_paper\\json\\dataset2.3wxapkg\\动图宇宙\\_431774825_38\\utils\\util.js"}},{"this":{"name":"statsEventDuration","file":"D:\\WORK\\2021\\MPDF\\white_paper\\json\\dataset2.3wxapkg\\动图宇宙\\_431774825_38\\pages\\streamImages\\streamImages.js"},"that":{"name":"statsEventDuration","file":"D:\\WORK\\2021\\MPDF\\white_paper\\json\\dataset2.3wxapkg\\动图宇宙\\_431774825_38\\utils\\util.js"}},{"this":{"name":"isHavePhone","file":"D:\\WORK\\2021\\MPDF\\white_paper\\json\\dataset2.3wxapkg\\动图宇宙\\_431774825_38\\pages\\streamImages\\streamImages.js"},"that":{"name":"isHavePhone","file":"D:\\WORK\\2021\\MPDF\\white_paper\\json\\dataset2.3wxapkg\\动图宇宙\\_431774825_38\\utils\\util.js"}},{"this":{"name":"goImageDetail","file":"D:\\WORK\\2021\\MPDF\\white_paper\\json\\dataset2.3wxapkg\\动图宇宙\\_431774825_38\\pages\\streamImages\\streamImages.js"},"that":{"name":"goImageDetail","file":"D:\\WORK\\2021\\MPDF\\white_paper\\json\\dataset2.3wxapkg\\动图宇宙\\_431774825_38\\utils\\util.js"}},{"this":{"name":"drawEWM","file":"D:\\WORK\\2021\\MPDF\\white_paper\\json\\dataset2.3wxapkg\\动图宇宙\\_431774825_38\\pages\\streamImages\\streamImages.js"},"that":{"name":"drawEWM","file":"D:\\WORK\\2021\\MPDF\\white_paper\\json\\dataset2.3wxapkg\\动图宇宙\\_431774825_38\\utils\\util.js"}},{"this":{"name":"drawImage","file":"D:\\WORK\\2021\\MPDF\\white_paper\\json\\dataset2.3wxapkg\\动图宇宙\\_431774825_38\\pages\\streamImages\\streamImages.js"},"that":{"name":"drawImage","file":"D:\\WORK\\2021\\MPDF\\white_paper\\json\\dataset2.3wxapkg\\动图宇宙\\_431774825_38\\utils\\util.js"}},{"this":{"name":"cacheTesterData","file":"D:\\WORK\\2021\\MPDF\\white_paper\\json\\dataset2.3wxapkg\\动图宇宙\\_431774825_38\\pages\\streamImages\\streamImages.js"},"that":{"name":"cacheTesterData","file":"D:\\WORK\\2021\\MPDF\\white_paper\\json\\dataset2.3wxapkg\\动图宇宙\\_431774825_38\\utils\\util.js"}},{"this":{"name":"randomColor","file":"D:\\WORK\\2021\\MPDF\\white_paper\\json\\dataset2.3wxapkg\\动图宇宙\\_431774825_38\\pages\\streamImages\\streamImages.js"},"that":{"name":"randomColor","file":"D:\\WORK\\2021\\MPDF\\white_paper\\json\\dataset2.3wxapkg\\动图宇宙\\_431774825_38\\utils\\util.js"}},{"this":{"name":"pageAjax","file":"D:\\WORK\\2021\\MPDF\\white_paper\\json\\dataset2.3wxapkg\\动图宇宙\\_431774825_38\\pages\\streamImages\\streamImages.js"},"that":{"name":"pageAjax","file":"D:\\WORK\\2021\\MPDF\\white_paper\\json\\dataset2.3wxapkg\\动图宇宙\\_431774825_38\\utils\\util.js"}},{"this":{"name":"callAjax","file":"D:\\WORK\\2021\\MPDF\\white_paper\\json\\dataset2.3wxapkg\\动图宇宙\\_431774825_38\\pages\\streamImages\\streamImages.js"},"that":{"name":"callAjax","file":"D:\\WORK\\2021\\MPDF\\white_paper\\json\\dataset2.3wxapkg\\动图宇宙\\_431774825_38\\utils\\util.js"}},{"this":{"name":"format","file":"D:\\WORK\\2021\\MPDF\\white_paper\\json\\dataset2.3wxapkg\\动图宇宙\\_431774825_38\\pages\\streamImages\\streamImages.js"},"that":{"name":"format","file":"D:\\WORK\\2021\\MPDF\\white_paper\\json\\dataset2.3wxapkg\\动图宇宙\\_431774825_38\\utils\\util.js"}},{"this":{"name":"toObject","file":"D:\\WORK\\2021\\MPDF\\white_paper\\json\\dataset2.3wxapkg\\动图宇宙\\_431774825_38\\pages\\streamImages\\streamImages.js"},"that":{"name":"toObject","file":"D:\\WORK\\2021\\MPDF\\white_paper\\json\\dataset2.3wxapkg\\动图宇宙\\_431774825_38\\utils\\util.js"}},{"this":{"name":"shortStr","file":"D:\\WORK\\2021\\MPDF\\white_paper\\json\\dataset2.3wxapkg\\动图宇宙\\_431774825_38\\pages\\streamImages\\streamImages.js"},"that":{"name":"shortStr","file":"D:\\WORK\\2021\\MPDF\\white_paper\\json\\dataset2.3wxapkg\\动图宇宙\\_431774825_38\\utils\\util.js"}},{"this":{"name":"toolFuns","file":"D:\\WORK\\2021\\MPDF\\white_paper\\json\\dataset2.3wxapkg\\动图宇宙\\_431774825_38\\pages\\streamImages\\streamImages.js"},"that":{"name":"toolFuns","file":"D:\\WORK\\2021\\MPDF\\white_paper\\json\\dataset2.3wxapkg\\动图宇宙\\_431774825_38\\utils\\util.js"}},{"this":{"name":"imgToshort","file":"D:\\WORK\\2021\\MPDF\\white_paper\\json\\dataset2.3wxapkg\\动图宇宙\\_431774825_38\\pages\\streamImages\\streamImages.js"},"that":{"name":"imgToshort","file":"D:\\WORK\\2021\\MPDF\\white_paper\\json\\dataset2.3wxapkg\\动图宇宙\\_431774825_38\\utils\\util.js"}},{"this":{"name":"mtaEvent","file":"D:\\WORK\\2021\\MPDF\\white_paper\\json\\dataset2.3wxapkg\\动图宇宙\\_431774825_38\\pages\\streamImages\\streamImages.js"},"that":{"name":"mtaEvent","file":"D:\\WORK\\2021\\MPDF\\white_paper\\json\\dataset2.3wxapkg\\动图宇宙\\_431774825_38\\utils\\event.js"}},{"this":{"name":"pageFun","file":"D:\\WORK\\2021\\MPDF\\white_paper\\json\\dataset2.3wxapkg\\动图宇宙\\_431774825_38\\pages\\subjectDetail\\subjectDetail.js"},"that":{"name":"pageFun","file":"D:\\WORK\\2021\\MPDF\\white_paper\\json\\dataset2.3wxapkg\\动图宇宙\\_431774825_38\\utils\\util.js"}},{"this":{"name":"isGoAuthorise","file":"D:\\WORK\\2021\\MPDF\\white_paper\\json\\dataset2.3wxapkg\\动图宇宙\\_431774825_38\\pages\\subjectDetail\\subjectDetail.js"},"that":{"name":"isGoAuthorise","file":"D:\\WORK\\2021\\MPDF\\white_paper\\json\\dataset2.3wxapkg\\动图宇宙\\_431774825_38\\utils\\util.js"}},{"this":{"name":"cacheData","file":"D:\\WORK\\2021\\MPDF\\white_paper\\json\\dataset2.3wxapkg\\动图宇宙\\_431774825_38\\pages\\subjectDetail\\subjectDetail.js"},"that":{"name":"cacheData","file":"D:\\WORK\\2021\\MPDF\\white_paper\\json\\dataset2.3wxapkg\\动图宇宙\\_431774825_38\\utils\\util.js"}},{"this":{"name":"cacheTesterData","file":"D:\\WORK\\2021\\MPDF\\white_paper\\json\\dataset2.3wxapkg\\动图宇宙\\_431774825_38\\pages\\subjectDetail\\subjectDetail.js"},"that":{"name":"cacheTesterData","file":"D:\\WORK\\2021\\MPDF\\white_paper\\json\\dataset2.3wxapkg\\动图宇宙\\_431774825_38\\utils\\util.js"}},{"this":{"name":"toolFuns","file":"D:\\WORK\\2021\\MPDF\\white_paper\\json\\dataset2.3wxapkg\\动图宇宙\\_431774825_38\\pages\\subjectDetail\\subjectDetail.js"},"that":{"name":"toolFuns","file":"D:\\WORK\\2021\\MPDF\\white_paper\\json\\dataset2.3wxapkg\\动图宇宙\\_431774825_38\\utils\\util.js"}},{"this":{"name":"isGIFIphone","file":"D:\\WORK\\2021\\MPDF\\white_paper\\json\\dataset2.3wxapkg\\动图宇宙\\_431774825_38\\pages\\subjectDetail\\subjectDetail.js"},"that":{"name":"isGIFIphone","file":"D:\\WORK\\2021\\MPDF\\white_paper\\json\\dataset2.3wxapkg\\动图宇宙\\_431774825_38\\utils\\util.js"}},{"this":{"name":"pageAjax","file":"D:\\WORK\\2021\\MPDF\\white_paper\\json\\dataset2.3wxapkg\\动图宇宙\\_431774825_38\\pages\\subjectDetail\\subjectDetail.js"},"that":{"name":"pageAjax","file":"D:\\WORK\\2021\\MPDF\\white_paper\\json\\dataset2.3wxapkg\\动图宇宙\\_431774825_38\\utils\\util.js"}},{"this":{"name":"callAjax","file":"D:\\WORK\\2021\\MPDF\\white_paper\\json\\dataset2.3wxapkg\\动图宇宙\\_431774825_38\\pages\\subjectDetail\\subjectDetail.js"},"that":{"name":"callAjax","file":"D:\\WORK\\2021\\MPDF\\white_paper\\json\\dataset2.3wxapkg\\动图宇宙\\_431774825_38\\utils\\util.js"}},{"this":{"name":"mtaEvent","file":"D:\\WORK\\2021\\MPDF\\white_paper\\json\\dataset2.3wxapkg\\动图宇宙\\_431774825_38\\pages\\subjectDetail\\subjectDetail.js"},"that":{"name":"mtaEvent","file":"D:\\WORK\\2021\\MPDF\\white_paper\\json\\dataset2.3wxapkg\\动图宇宙\\_431774825_38\\utils\\event.js"}},{"this":{"name":"mtaEvent","file":"D:\\WORK\\2021\\MPDF\\white_paper\\json\\dataset2.3wxapkg\\动图宇宙\\_431774825_38\\pages\\webview\\webview.js"},"that":{"name":"mtaEvent","file":"D:\\WORK\\2021\\MPDF\\white_paper\\json\\dataset2.3wxapkg\\动图宇宙\\_431774825_38\\utils\\event.js"}},{"this":{"name":"pageFun","file":"D:\\WORK\\2021\\MPDF\\white_paper\\json\\dataset2.3wxapkg\\动图宇宙\\_431774825_38\\pages\\webview\\webview.js"},"that":{"name":"pageFun","file":"D:\\WORK\\2021\\MPDF\\white_paper\\json\\dataset2.3wxapkg\\动图宇宙\\_431774825_38\\utils\\util.js"}},{"this":{"name":"getPageParams","file":"D:\\WORK\\2021\\MPDF\\white_paper\\json\\dataset2.3wxapkg\\动图宇宙\\_431774825_38\\pages\\webview\\webview.js"},"that":{"name":"getPageParams","file":"D:\\WORK\\2021\\MPDF\\white_paper\\json\\dataset2.3wxapkg\\动图宇宙\\_431774825_38\\utils\\util.js"}},{"this":{"name":"indexSubjectGoPage","file":"D:\\WORK\\2021\\MPDF\\white_paper\\json\\dataset2.3wxapkg\\动图宇宙\\_431774825_38\\components\\article-list\\story-big-image\\story-big-image.js"},"that":{"name":"indexSubjectGoPage","file":"D:\\WORK\\2021\\MPDF\\white_paper\\json\\dataset2.3wxapkg\\动图宇宙\\_431774825_38\\utils\\util.js"}},{"this":{"name":"pageFun","file":"D:\\WORK\\2021\\MPDF\\white_paper\\json\\dataset2.3wxapkg\\动图宇宙\\_431774825_38\\components\\article-list\\story-many-image\\story-many-image.js"},"that":{"name":"pageFun","file":"D:\\WORK\\2021\\MPDF\\white_paper\\json\\dataset2.3wxapkg\\动图宇宙\\_431774825_38\\utils\\util.js"}},{"this":{"name":"randomColor","file":"D:\\WORK\\2021\\MPDF\\white_paper\\json\\dataset2.3wxapkg\\动图宇宙\\_431774825_38\\components\\article-list\\story-many-image\\story-many-image.js"},"that":{"name":"randomColor","file":"D:\\WORK\\2021\\MPDF\\white_paper\\json\\dataset2.3wxapkg\\动图宇宙\\_431774825_38\\utils\\util.js"}},{"this":{"name":"clickStory","file":"D:\\WORK\\2021\\MPDF\\white_paper\\json\\dataset2.3wxapkg\\动图宇宙\\_431774825_38\\components\\article-list\\story-many-image\\story-many-image.js"},"that":{"name":"clickStory","file":"D:\\WORK\\2021\\MPDF\\white_paper\\json\\dataset2.3wxapkg\\动图宇宙\\_431774825_38\\utils\\util.js"}},{"this":{"name":"pageFun","file":"D:\\WORK\\2021\\MPDF\\white_paper\\json\\dataset2.3wxapkg\\动图宇宙\\_431774825_38\\components\\article-list\\story-one-image\\story-one-image.js"},"that":{"name":"pageFun","file":"D:\\WORK\\2021\\MPDF\\white_paper\\json\\dataset2.3wxapkg\\动图宇宙\\_431774825_38\\utils\\util.js"}},{"this":{"name":"randomColor","file":"D:\\WORK\\2021\\MPDF\\white_paper\\json\\dataset2.3wxapkg\\动图宇宙\\_431774825_38\\components\\article-list\\story-one-image\\story-one-image.js"},"that":{"name":"randomColor","file":"D:\\WORK\\2021\\MPDF\\white_paper\\json\\dataset2.3wxapkg\\动图宇宙\\_431774825_38\\utils\\util.js"}},{"this":{"name":"clickStory","file":"D:\\WORK\\2021\\MPDF\\white_paper\\json\\dataset2.3wxapkg\\动图宇宙\\_431774825_38\\components\\article-list\\story-one-image\\story-one-image.js"},"that":{"name":"clickStory","file":"D:\\WORK\\2021\\MPDF\\white_paper\\json\\dataset2.3wxapkg\\动图宇宙\\_431774825_38\\utils\\util.js"}},{"this":{"name":"indexSubjectGoPage","file":"D:\\WORK\\2021\\MPDF\\white_paper\\json\\dataset2.3wxapkg\\动图宇宙\\_431774825_38\\components\\article-list\\story-slideshow\\story-slideshow.js"},"that":{"name":"indexSubjectGoPage","file":"D:\\WORK\\2021\\MPDF\\white_paper\\json\\dataset2.3wxapkg\\动图宇宙\\_431774825_38\\utils\\util.js"}},{"this":{"name":"pageFun","file":"D:\\WORK\\2021\\MPDF\\white_paper\\json\\dataset2.3wxapkg\\动图宇宙\\_431774825_38\\components\\article-list\\story-video\\story-video.js"},"that":{"name":"pageFun","file":"D:\\WORK\\2021\\MPDF\\white_paper\\json\\dataset2.3wxapkg\\动图宇宙\\_431774825_38\\utils\\util.js"}},{"this":{"name":"randomColor","file":"D:\\WORK\\2021\\MPDF\\white_paper\\json\\dataset2.3wxapkg\\动图宇宙\\_431774825_38\\components\\article-list\\story-video\\story-video.js"},"that":{"name":"randomColor","file":"D:\\WORK\\2021\\MPDF\\white_paper\\json\\dataset2.3wxapkg\\动图宇宙\\_431774825_38\\utils\\util.js"}},{"this":{"name":"clickStory","file":"D:\\WORK\\2021\\MPDF\\white_paper\\json\\dataset2.3wxapkg\\动图宇宙\\_431774825_38\\components\\article-list\\story-video\\story-video.js"},"that":{"name":"clickStory","file":"D:\\WORK\\2021\\MPDF\\white_paper\\json\\dataset2.3wxapkg\\动图宇宙\\_431774825_38\\utils\\util.js"}},{"this":{"name":"mtaEvent","file":"D:\\WORK\\2021\\MPDF\\white_paper\\json\\dataset2.3wxapkg\\动图宇宙\\_431774825_38\\components\\article-list\\story-video\\story-video.js"},"that":{"name":"mtaEvent","file":"D:\\WORK\\2021\\MPDF\\white_paper\\json\\dataset2.3wxapkg\\动图宇宙\\_431774825_38\\utils\\event.js"}},{"this":{"name":"updateVedio","file":"D:\\WORK\\2021\\MPDF\\white_paper\\json\\dataset2.3wxapkg\\动图宇宙\\_431774825_38\\components\\article-list\\story-video\\story-video.js"},"that":{"name":"updateVedio","file":"D:\\WORK\\2021\\MPDF\\white_paper\\json\\dataset2.3wxapkg\\动图宇宙\\_431774825_38\\app.js"}},{"this":{"name":"pageFun","file":"D:\\WORK\\2021\\MPDF\\white_paper\\json\\dataset2.3wxapkg\\动图宇宙\\_431774825_38\\components\\article-list\\subject-images\\subject-images.js"},"that":{"name":"pageFun","file":"D:\\WORK\\2021\\MPDF\\white_paper\\json\\dataset2.3wxapkg\\动图宇宙\\_431774825_38\\utils\\util.js"}},{"this":{"name":"randomColor","file":"D:\\WORK\\2021\\MPDF\\white_paper\\json\\dataset2.3wxapkg\\动图宇宙\\_431774825_38\\components\\article-list\\subject-images\\subject-images.js"},"that":{"name":"randomColor","file":"D:\\WORK\\2021\\MPDF\\white_paper\\json\\dataset2.3wxapkg\\动图宇宙\\_431774825_38\\utils\\util.js"}},{"this":{"name":"indexSubjectGoPage","file":"D:\\WORK\\2021\\MPDF\\white_paper\\json\\dataset2.3wxapkg\\动图宇宙\\_431774825_38\\components\\article-list\\subject-images\\subject-images.js"},"that":{"name":"indexSubjectGoPage","file":"D:\\WORK\\2021\\MPDF\\white_paper\\json\\dataset2.3wxapkg\\动图宇宙\\_431774825_38\\utils\\util.js"}},{"this":{"name":"submitFormId","file":"D:\\WORK\\2021\\MPDF\\white_paper\\json\\dataset2.3wxapkg\\动图宇宙\\_431774825_38\\components\\article-list\\subject-images\\subject-images.js"},"that":{"name":"submitFormId","file":"D:\\WORK\\2021\\MPDF\\white_paper\\json\\dataset2.3wxapkg\\动图宇宙\\_431774825_38\\utils\\util.js"}},{"this":{"name":"pageFun","file":"D:\\WORK\\2021\\MPDF\\white_paper\\json\\dataset2.3wxapkg\\动图宇宙\\_431774825_38\\components\\article-list\\wiki-module\\wiki-module.js"},"that":{"name":"pageFun","file":"D:\\WORK\\2021\\MPDF\\white_paper\\json\\dataset2.3wxapkg\\动图宇宙\\_431774825_38\\utils\\util.js"}},{"this":{"name":"randomColor","file":"D:\\WORK\\2021\\MPDF\\white_paper\\json\\dataset2.3wxapkg\\动图宇宙\\_431774825_38\\components\\article-list\\wiki-module\\wiki-module.js"},"that":{"name":"randomColor","file":"D:\\WORK\\2021\\MPDF\\white_paper\\json\\dataset2.3wxapkg\\动图宇宙\\_431774825_38\\utils\\util.js"}},{"this":{"name":"goImageDetail","file":"D:\\WORK\\2021\\MPDF\\white_paper\\json\\dataset2.3wxapkg\\动图宇宙\\_431774825_38\\components\\article-list\\wiki-module\\wiki-module.js"},"that":{"name":"goImageDetail","file":"D:\\WORK\\2021\\MPDF\\white_paper\\json\\dataset2.3wxapkg\\动图宇宙\\_431774825_38\\utils\\util.js"}},{"this":{"name":"submitFormId","file":"D:\\WORK\\2021\\MPDF\\white_paper\\json\\dataset2.3wxapkg\\动图宇宙\\_431774825_38\\components\\article-list\\wiki-module\\wiki-module.js"},"that":{"name":"submitFormId","file":"D:\\WORK\\2021\\MPDF\\white_paper\\json\\dataset2.3wxapkg\\动图宇宙\\_431774825_38\\utils\\util.js"}},{"this":{"name":"mtaEvent","file":"D:\\WORK\\2021\\MPDF\\white_paper\\json\\dataset2.3wxapkg\\动图宇宙\\_431774825_38\\components\\article-list\\wiki-module\\wiki-module.js"},"that":{"name":"mtaEvent","file":"D:\\WORK\\2021\\MPDF\\white_paper\\json\\dataset2.3wxapkg\\动图宇宙\\_431774825_38\\utils\\event.js"}},{"this":{"name":"indexSubjectGoPage","file":"D:\\WORK\\2021\\MPDF\\white_paper\\json\\dataset2.3wxapkg\\动图宇宙\\_431774825_38\\pages\\dtyz\\components\\subscribe-core\\subscribe-core.js"},"that":{"name":"indexSubjectGoPage","file":"D:\\WORK\\2021\\MPDF\\white_paper\\json\\dataset2.3wxapkg\\动图宇宙\\_431774825_38\\utils\\util.js"}},{"this":{"name":"submitFormId","file":"D:\\WORK\\2021\\MPDF\\white_paper\\json\\dataset2.3wxapkg\\动图宇宙\\_431774825_38\\pages\\dtyz\\components\\subscribe-core\\subscribe-core.js"},"that":{"name":"submitFormId","file":"D:\\WORK\\2021\\MPDF\\white_paper\\json\\dataset2.3wxapkg\\动图宇宙\\_431774825_38\\utils\\util.js"}},{"this":{"name":"mtaEvent","file":"D:\\WORK\\2021\\MPDF\\white_paper\\json\\dataset2.3wxapkg\\动图宇宙\\_431774825_38\\pages\\dtyz\\components\\subscribe-core\\subscribe-core.js"},"that":{"name":"mtaEvent","file":"D:\\WORK\\2021\\MPDF\\white_paper\\json\\dataset2.3wxapkg\\动图宇宙\\_431774825_38\\utils\\event.js"}},{"this":{"name":"pageFun","file":"D:\\WORK\\2021\\MPDF\\white_paper\\json\\dataset2.3wxapkg\\动图宇宙\\_431774825_38\\pages\\dynamicWiki\\components\\many-images\\many-images.js"},"that":{"name":"pageFun","file":"D:\\WORK\\2021\\MPDF\\white_paper\\json\\dataset2.3wxapkg\\动图宇宙\\_431774825_38\\utils\\util.js"}},{"this":{"name":"goImageDetail","file":"D:\\WORK\\2021\\MPDF\\white_paper\\json\\dataset2.3wxapkg\\动图宇宙\\_431774825_38\\pages\\dynamicWiki\\components\\many-images\\many-images.js"},"that":{"name":"goImageDetail","file":"D:\\WORK\\2021\\MPDF\\white_paper\\json\\dataset2.3wxapkg\\动图宇宙\\_431774825_38\\utils\\util.js"}},{"this":{"name":"randomColor","file":"D:\\WORK\\2021\\MPDF\\white_paper\\json\\dataset2.3wxapkg\\动图宇宙\\_431774825_38\\pages\\dynamicWiki\\components\\many-images\\many-images.js"},"that":{"name":"randomColor","file":"D:\\WORK\\2021\\MPDF\\white_paper\\json\\dataset2.3wxapkg\\动图宇宙\\_431774825_38\\utils\\util.js"}},{"this":{"name":"format","file":"D:\\WORK\\2021\\MPDF\\white_paper\\json\\dataset2.3wxapkg\\动图宇宙\\_431774825_38\\pages\\dynamicWiki\\components\\many-images\\many-images.js"},"that":{"name":"format","file":"D:\\WORK\\2021\\MPDF\\white_paper\\json\\dataset2.3wxapkg\\动图宇宙\\_431774825_38\\utils\\util.js"}},{"this":{"name":"toObject","file":"D:\\WORK\\2021\\MPDF\\white_paper\\json\\dataset2.3wxapkg\\动图宇宙\\_431774825_38\\pages\\dynamicWiki\\components\\many-images\\many-images.js"},"that":{"name":"toObject","file":"D:\\WORK\\2021\\MPDF\\white_paper\\json\\dataset2.3wxapkg\\动图宇宙\\_431774825_38\\utils\\util.js"}},{"this":{"name":"mtaEvent","file":"D:\\WORK\\2021\\MPDF\\white_paper\\json\\dataset2.3wxapkg\\动图宇宙\\_431774825_38\\pages\\dynamicWiki\\components\\many-images\\many-images.js"},"that":{"name":"mtaEvent","file":"D:\\WORK\\2021\\MPDF\\white_paper\\json\\dataset2.3wxapkg\\动图宇宙\\_431774825_38\\utils\\event.js"}},{"this":{"name":"pageFun","file":"D:\\WORK\\2021\\MPDF\\white_paper\\json\\dataset2.3wxapkg\\动图宇宙\\_431774825_38\\pages\\dynamicWiki\\components\\wiki-top\\wiki-top.js"},"that":{"name":"pageFun","file":"D:\\WORK\\2021\\MPDF\\white_paper\\json\\dataset2.3wxapkg\\动图宇宙\\_431774825_38\\utils\\util.js"}},{"this":{"name":"clickStory","file":"D:\\WORK\\2021\\MPDF\\white_paper\\json\\dataset2.3wxapkg\\动图宇宙\\_431774825_38\\pages\\dynamicWiki\\components\\wiki-top\\wiki-top.js"},"that":{"name":"clickStory","file":"D:\\WORK\\2021\\MPDF\\white_paper\\json\\dataset2.3wxapkg\\动图宇宙\\_431774825_38\\utils\\util.js"}},{"this":{"name":"pageFun","file":"D:\\WORK\\2021\\MPDF\\white_paper\\json\\dataset2.3wxapkg\\动图宇宙\\_431774825_38\\pages\\my\\components\\my-products\\my-products.js"},"that":{"name":"pageFun","file":"D:\\WORK\\2021\\MPDF\\white_paper\\json\\dataset2.3wxapkg\\动图宇宙\\_431774825_38\\utils\\util.js"}},{"this":{"name":"loadding","file":"D:\\WORK\\2021\\MPDF\\white_paper\\json\\dataset2.3wxapkg\\动图宇宙\\_431774825_38\\pages\\my\\components\\my-products\\my-products.js"},"that":{"name":"loadding","file":"D:\\WORK\\2021\\MPDF\\white_paper\\json\\dataset2.3wxapkg\\动图宇宙\\_431774825_38\\utils\\util.js"}},{"this":{"name":"closeLoadding","file":"D:\\WORK\\2021\\MPDF\\white_paper\\json\\dataset2.3wxapkg\\动图宇宙\\_431774825_38\\pages\\my\\components\\my-products\\my-products.js"},"that":{"name":"closeLoadding","file":"D:\\WORK\\2021\\MPDF\\white_paper\\json\\dataset2.3wxapkg\\动图宇宙\\_431774825_38\\utils\\util.js"}},{"this":{"name":"pageAjax","file":"D:\\WORK\\2021\\MPDF\\white_paper\\json\\dataset2.3wxapkg\\动图宇宙\\_431774825_38\\pages\\my\\components\\my-products\\my-products.js"},"that":{"name":"pageAjax","file":"D:\\WORK\\2021\\MPDF\\white_paper\\json\\dataset2.3wxapkg\\动图宇宙\\_431774825_38\\utils\\util.js"}},{"this":{"name":"callAjax","file":"D:\\WORK\\2021\\MPDF\\white_paper\\json\\dataset2.3wxapkg\\动图宇宙\\_431774825_38\\pages\\my\\components\\my-products\\my-products.js"},"that":{"name":"callAjax","file":"D:\\WORK\\2021\\MPDF\\white_paper\\json\\dataset2.3wxapkg\\动图宇宙\\_431774825_38\\utils\\util.js"}},{"this":{"name":"verify","file":"D:\\WORK\\2021\\MPDF\\white_paper\\json\\dataset2.3wxapkg\\动图宇宙\\_431774825_38\\pages\\my\\components\\my-products\\my-products.js"},"that":{"name":"verify","file":"D:\\WORK\\2021\\MPDF\\white_paper\\json\\dataset2.3wxapkg\\动图宇宙\\_431774825_38\\utils\\util.js"}},{"this":{"name":"isFullObject","file":"D:\\WORK\\2021\\MPDF\\white_paper\\json\\dataset2.3wxapkg\\动图宇宙\\_431774825_38\\pages\\my\\components\\my-products\\my-products.js"},"that":{"name":"isFullObject","file":"D:\\WORK\\2021\\MPDF\\white_paper\\json\\dataset2.3wxapkg\\动图宇宙\\_431774825_38\\utils\\util.js"}},{"this":{"name":"mtaEvent","file":"D:\\WORK\\2021\\MPDF\\white_paper\\json\\dataset2.3wxapkg\\动图宇宙\\_431774825_38\\pages\\my\\components\\my-products\\my-products.js"},"that":{"name":"mtaEvent","file":"D:\\WORK\\2021\\MPDF\\white_paper\\json\\dataset2.3wxapkg\\动图宇宙\\_431774825_38\\utils\\event.js"}},{"this":{"name":"pageFun","file":"D:\\WORK\\2021\\MPDF\\white_paper\\json\\dataset2.3wxapkg\\动图宇宙\\_431774825_38\\pages\\searchPage\\components\\search-default\\search-default.js"},"that":{"name":"pageFun","file":"D:\\WORK\\2021\\MPDF\\white_paper\\json\\dataset2.3wxapkg\\动图宇宙\\_431774825_38\\utils\\util.js"}},{"this":{"name":"localStorage","file":"D:\\WORK\\2021\\MPDF\\white_paper\\json\\dataset2.3wxapkg\\动图宇宙\\_431774825_38\\pages\\searchPage\\components\\search-default\\search-default.js"},"that":{"name":"localStorage","file":"D:\\WORK\\2021\\MPDF\\white_paper\\json\\dataset2.3wxapkg\\动图宇宙\\_431774825_38\\utils\\util.js"}},{"this":{"name":"pageAjax","file":"D:\\WORK\\2021\\MPDF\\white_paper\\json\\dataset2.3wxapkg\\动图宇宙\\_431774825_38\\pages\\searchPage\\components\\search-default\\search-default.js"},"that":{"name":"pageAjax","file":"D:\\WORK\\2021\\MPDF\\white_paper\\json\\dataset2.3wxapkg\\动图宇宙\\_431774825_38\\utils\\util.js"}},{"this":{"name":"callAjax","file":"D:\\WORK\\2021\\MPDF\\white_paper\\json\\dataset2.3wxapkg\\动图宇宙\\_431774825_38\\pages\\searchPage\\components\\search-default\\search-default.js"},"that":{"name":"callAjax","file":"D:\\WORK\\2021\\MPDF\\white_paper\\json\\dataset2.3wxapkg\\动图宇宙\\_431774825_38\\utils\\util.js"}},{"this":{"name":"apiFailUserInfo","file":"D:\\WORK\\2021\\MPDF\\white_paper\\json\\dataset2.3wxapkg\\动图宇宙\\_431774825_38\\pages\\searchPage\\components\\search-default\\search-default.js"},"that":{"name":"apiFailUserInfo","file":"D:\\WORK\\2021\\MPDF\\white_paper\\json\\dataset2.3wxapkg\\动图宇宙\\_431774825_38\\utils\\util.js"}},{"this":{"name":"mtaEvent","file":"D:\\WORK\\2021\\MPDF\\white_paper\\json\\dataset2.3wxapkg\\动图宇宙\\_431774825_38\\pages\\searchPage\\components\\search-default\\search-default.js"},"that":{"name":"mtaEvent","file":"D:\\WORK\\2021\\MPDF\\white_paper\\json\\dataset2.3wxapkg\\动图宇宙\\_431774825_38\\utils\\event.js"}},{"this":{"name":"mtaEvent","file":"D:\\WORK\\2021\\MPDF\\white_paper\\json\\dataset2.3wxapkg\\动图宇宙\\_431774825_38\\pages\\searchPage\\components\\search-top\\search-top.js"},"that":{"name":"mtaEvent","file":"D:\\WORK\\2021\\MPDF\\white_paper\\json\\dataset2.3wxapkg\\动图宇宙\\_431774825_38\\utils\\event.js"}},{"this":{"name":"globalData","file":"D:\\WORK\\2021\\MPDF\\white_paper\\json\\dataset2.3wxapkg\\动图宇宙\\_431774825_38\\pages\\subjectDetail\\components\\slideshow\\slideshow.js"},"that":{"name":"globalData","file":"D:\\WORK\\2021\\MPDF\\white_paper\\json\\dataset2.3wxapkg\\动图宇宙\\_431774825_38\\app.js"}},{"this":{"name":"slidetIndex","file":"D:\\WORK\\2021\\MPDF\\white_paper\\json\\dataset2.3wxapkg\\动图宇宙\\_431774825_38\\pages\\subjectDetail\\components\\slideshow\\slideshow.js"},"that":{"name":"slidetIndex","file":"D:\\WORK\\2021\\MPDF\\white_paper\\json\\dataset2.3wxapkg\\动图宇宙\\_431774825_38\\app.js"}}]